{
	"start":	{
		"connected":	[{
				"socket":	6,
				"local_host":	"192.168.101.210",
				"local_port":	36816,
				"remote_host":	"192.168.100.168",
				"remote_port":	5202
			}],
		"version":	"iperf 3.11",
		"system_info":	"Linux f1 6.0.10-300.fc37.x86_64 #1 SMP PREEMPT_DYNAMIC Sat Nov 26 16:55:13 UTC 2022 x86_64",
		"timestamp":	{
			"time":	"Sat, 10 Dec 2022 20:15:17 GMT",
			"timesecs":	1670703317
		},
		"connecting_to":	{
			"host":	"192.168.100.168",
			"port":	5202
		},
		"cookie":	"c5taa2wyoidsslgolox2svv4gsdz6vczko36",
		"tcp_mss_default":	1448,
		"target_bitrate":	0,
		"sock_bufsize":	0,
		"sndbuf_actual":	16384,
		"rcvbuf_actual":	131072,
		"test_start":	{
			"protocol":	"TCP",
			"num_streams":	1,
			"blksize":	131072,
			"omit":	0,
			"duration":	60,
			"bytes":	0,
			"blocks":	0,
			"reverse":	0,
			"tos":	0,
			"target_bitrate":	0
		}
	},
	"intervals":	[{
			"streams":	[{
					"socket":	6,
					"start":	0,
					"end":	1.000353,
					"seconds":	1.00035297870636,
					"bytes":	1448000,
					"bits_per_second":	11579912.53745277,
					"retransmits":	0,
					"snd_cwnd":	95568,
					"snd_wnd":	618880,
					"rtt":	159033,
					"rttvar":	5604,
					"pmtu":	1500,
					"omitted":	false,
					"sender":	true
				}],
			"sum":	{
				"start":	0,
				"end":	1.000353,
				"seconds":	1.00035297870636,
				"bytes":	1448000,
				"bits_per_second":	11579912.53745277,
				"retransmits":	0,
				"omitted":	false,
				"sender":	true
			}
		}, {
			"streams":	[{
					"socket":	6,
					"start":	1.000353,
					"end":	2.000446,
					"seconds":	1.0000929832458496,
					"bytes":	390960,
					"bits_per_second":	3127389.2052006656,
					"retransmits":	0,
					"snd_cwnd":	98464,
					"snd_wnd":	619136,
					"rtt":	219858,
					"rttvar":	1924,
					"pmtu":	1500,
					"omitted":	false,
					"sender":	true
				}],
			"sum":	{
				"start":	1.000353,
				"end":	2.000446,
				"seconds":	1.0000929832458496,
				"bytes":	390960,
				"bits_per_second":	3127389.2052006656,
				"retransmits":	0,
				"omitted":	false,
				"sender":	true
			}
		}, {
			"streams":	[{
					"socket":	6,
					"start":	2.000446,
					"end":	3.000525,
					"seconds":	1.0000790357589722,
					"bytes":	390960,
					"bits_per_second":	3127432.82097336,
					"retransmits":	0,
					"snd_cwnd":	66608,
					"snd_wnd":	619136,
					"rtt":	234234,
					"rttvar":	2211,
					"pmtu":	1500,
					"omitted":	false,
					"sender":	true
				}],
			"sum":	{
				"start":	2.000446,
				"end":	3.000525,
				"seconds":	1.0000790357589722,
				"bytes":	390960,
				"bits_per_second":	3127432.82097336,
				"retransmits":	0,
				"omitted":	false,
				"sender":	true
			}
		}, {
			"streams":	[{
					"socket":	6,
					"start":	3.000525,
					"end":	4.000398,
					"seconds":	0.99987298250198364,
					"bytes":	390960,
					"bits_per_second":	3128077.3205548585,
					"retransmits":	0,
					"snd_cwnd":	63712,
					"snd_wnd":	619136,
					"rtt":	263592,
					"rttvar":	2732,
					"pmtu":	1500,
					"omitted":	false,
					"sender":	true
				}],
			"sum":	{
				"start":	3.000525,
				"end":	4.000398,
				"seconds":	0.99987298250198364,
				"bytes":	390960,
				"bits_per_second":	3128077.3205548585,
				"retransmits":	0,
				"omitted":	false,
				"sender":	true
			}
		}, {
			"streams":	[{
					"socket":	6,
					"start":	4.000398,
					"end":	5.001267,
					"seconds":	1.0008690357208252,
					"bytes":	0,
					"bits_per_second":	0,
					"retransmits":	0,
					"snd_cwnd":	60816,
					"snd_wnd":	619136,
					"rtt":	297413,
					"rttvar":	5401,
					"pmtu":	1500,
					"omitted":	false,
					"sender":	true
				}],
			"sum":	{
				"start":	4.000398,
				"end":	5.001267,
				"seconds":	1.0008690357208252,
				"bytes":	0,
				"bits_per_second":	0,
				"retransmits":	0,
				"omitted":	false,
				"sender":	true
			}
		}, {
			"streams":	[{
					"socket":	6,
					"start":	5.001267,
					"end":	6.00029,
					"seconds":	0.99902302026748657,
					"bytes":	390960,
					"bits_per_second":	3130738.6682266537,
					"retransmits":	0,
					"snd_cwnd":	49232,
					"snd_wnd":	619136,
					"rtt":	326349,
					"rttvar":	6713,
					"pmtu":	1500,
					"omitted":	false,
					"sender":	true
				}],
			"sum":	{
				"start":	5.001267,
				"end":	6.00029,
				"seconds":	0.99902302026748657,
				"bytes":	390960,
				"bits_per_second":	3130738.6682266537,
				"retransmits":	0,
				"omitted":	false,
				"sender":	true
			}
		}, {
			"streams":	[{
					"socket":	6,
					"start":	6.00029,
					"end":	7.001048,
					"seconds":	1.0007580518722534,
					"bytes":	0,
					"bits_per_second":	0,
					"retransmits":	0,
					"snd_cwnd":	43440,
					"snd_wnd":	619136,
					"rtt":	359461,
					"rttvar":	4077,
					"pmtu":	1500,
					"omitted":	false,
					"sender":	true
				}],
			"sum":	{
				"start":	6.00029,
				"end":	7.001048,
				"seconds":	1.0007580518722534,
				"bytes":	0,
				"bits_per_second":	0,
				"retransmits":	0,
				"omitted":	false,
				"sender":	true
			}
		}, {
			"streams":	[{
					"socket":	6,
					"start":	7.001048,
					"end":	8.001041,
					"seconds":	0.99999302625656128,
					"bytes":	0,
					"bits_per_second":	0,
					"retransmits":	0,
					"snd_cwnd":	37648,
					"snd_wnd":	619136,
					"rtt":	402694,
					"rttvar":	9031,
					"pmtu":	1500,
					"omitted":	false,
					"sender":	true
				}],
			"sum":	{
				"start":	7.001048,
				"end":	8.001041,
				"seconds":	0.99999302625656128,
				"bytes":	0,
				"bits_per_second":	0,
				"retransmits":	0,
				"omitted":	false,
				"sender":	true
			}
		}, {
			"streams":	[{
					"socket":	6,
					"start":	8.001041,
					"end":	9.001078,
					"seconds":	1.0000369548797607,
					"bytes":	0,
					"bits_per_second":	0,
					"retransmits":	0,
					"snd_cwnd":	40544,
					"snd_wnd":	619136,
					"rtt":	443168,
					"rttvar":	9817,
					"pmtu":	1500,
					"omitted":	false,
					"sender":	true
				}],
			"sum":	{
				"start":	8.001041,
				"end":	9.001078,
				"seconds":	1.0000369548797607,
				"bytes":	0,
				"bits_per_second":	0,
				"retransmits":	0,
				"omitted":	false,
				"sender":	true
			}
		}, {
			"streams":	[{
					"socket":	6,
					"start":	9.001078,
					"end":	10.000387,
					"seconds":	0.999309003353119,
					"bytes":	390960,
					"bits_per_second":	3129842.71081844,
					"retransmits":	0,
					"snd_cwnd":	28960,
					"snd_wnd":	619136,
					"rtt":	487186,
					"rttvar":	11086,
					"pmtu":	1500,
					"omitted":	false,
					"sender":	true
				}],
			"sum":	{
				"start":	9.001078,
				"end":	10.000387,
				"seconds":	0.999309003353119,
				"bytes":	390960,
				"bits_per_second":	3129842.71081844,
				"retransmits":	0,
				"omitted":	false,
				"sender":	true
			}
		}, {
			"streams":	[{
					"socket":	6,
					"start":	10.000387,
					"end":	11.001041,
					"seconds":	1.0006539821624756,
					"bytes":	0,
					"bits_per_second":	0,
					"retransmits":	0,
					"snd_cwnd":	5792,
					"snd_wnd":	619136,
					"rtt":	519766,
					"rttvar":	25563,
					"pmtu":	1500,
					"omitted":	false,
					"sender":	true
				}],
			"sum":	{
				"start":	10.000387,
				"end":	11.001041,
				"seconds":	1.0006539821624756,
				"bytes":	0,
				"bits_per_second":	0,
				"retransmits":	0,
				"omitted":	false,
				"sender":	true
			}
		}, {
			"streams":	[{
					"socket":	6,
					"start":	11.001041,
					"end":	12.001082,
					"seconds":	1.0000410079956055,
					"bytes":	0,
					"bits_per_second":	0,
					"retransmits":	0,
					"snd_cwnd":	69504,
					"snd_wnd":	619136,
					"rtt":	661239,
					"rttvar":	39229,
					"pmtu":	1500,
					"omitted":	false,
					"sender":	true
				}],
			"sum":	{
				"start":	11.001041,
				"end":	12.001082,
				"seconds":	1.0000410079956055,
				"bytes":	0,
				"bits_per_second":	0,
				"retransmits":	0,
				"omitted":	false,
				"sender":	true
			}
		}, {
			"streams":	[{
					"socket":	6,
					"start":	12.001082,
					"end":	13.001066,
					"seconds":	0.9999840259552002,
					"bytes":	0,
					"bits_per_second":	0,
					"retransmits":	0,
					"snd_cwnd":	127424,
					"snd_wnd":	619264,
					"rtt":	821641,
					"rttvar":	38328,
					"pmtu":	1500,
					"omitted":	false,
					"sender":	true
				}],
			"sum":	{
				"start":	12.001082,
				"end":	13.001066,
				"seconds":	0.9999840259552002,
				"bytes":	0,
				"bits_per_second":	0,
				"retransmits":	0,
				"omitted":	false,
				"sender":	true
			}
		}, {
			"streams":	[{
					"socket":	6,
					"start":	13.001066,
					"end":	14.001066,
					"seconds":	1,
					"bytes":	0,
					"bits_per_second":	0,
					"retransmits":	0,
					"snd_cwnd":	127424,
					"snd_wnd":	619264,
					"rtt":	974609,
					"rttvar":	38093,
					"pmtu":	1500,
					"omitted":	false,
					"sender":	true
				}],
			"sum":	{
				"start":	13.001066,
				"end":	14.001066,
				"seconds":	1,
				"bytes":	0,
				"bits_per_second":	0,
				"retransmits":	0,
				"omitted":	false,
				"sender":	true
			}
		}, {
			"streams":	[{
					"socket":	6,
					"start":	14.001066,
					"end":	15.001067,
					"seconds":	1.0000009536743164,
					"bytes":	0,
					"bits_per_second":	0,
					"retransmits":	0,
					"snd_cwnd":	112944,
					"snd_wnd":	619264,
					"rtt":	1173403,
					"rttvar":	38976,
					"pmtu":	1500,
					"omitted":	false,
					"sender":	true
				}],
			"sum":	{
				"start":	14.001066,
				"end":	15.001067,
				"seconds":	1.0000009536743164,
				"bytes":	0,
				"bits_per_second":	0,
				"retransmits":	0,
				"omitted":	false,
				"sender":	true
			}
		}, {
			"streams":	[{
					"socket":	6,
					"start":	15.001067,
					"end":	16.001047,
					"seconds":	0.99997997283935547,
					"bytes":	0,
					"bits_per_second":	0,
					"retransmits":	0,
					"snd_cwnd":	115840,
					"snd_wnd":	619264,
					"rtt":	1319974,
					"rttvar":	71442,
					"pmtu":	1500,
					"omitted":	false,
					"sender":	true
				}],
			"sum":	{
				"start":	15.001067,
				"end":	16.001047,
				"seconds":	0.99997997283935547,
				"bytes":	0,
				"bits_per_second":	0,
				"retransmits":	0,
				"omitted":	false,
				"sender":	true
			}
		}, {
			"streams":	[{
					"socket":	6,
					"start":	16.001047,
					"end":	17.000528,
					"seconds":	0.99948102235794067,
					"bytes":	390960,
					"bits_per_second":	3129304.0388313592,
					"retransmits":	0,
					"snd_cwnd":	115840,
					"snd_wnd":	619264,
					"rtt":	1517141,
					"rttvar":	55550,
					"pmtu":	1500,
					"omitted":	false,
					"sender":	true
				}],
			"sum":	{
				"start":	16.001047,
				"end":	17.000528,
				"seconds":	0.99948102235794067,
				"bytes":	390960,
				"bits_per_second":	3129304.0388313592,
				"retransmits":	0,
				"omitted":	false,
				"sender":	true
			}
		}, {
			"streams":	[{
					"socket":	6,
					"start":	17.000528,
					"end":	18.001047,
					"seconds":	1.0005190372467041,
					"bytes":	0,
					"bits_per_second":	0,
					"retransmits":	0,
					"snd_cwnd":	118736,
					"snd_wnd":	619264,
					"rtt":	1692305,
					"rttvar":	90069,
					"pmtu":	1500,
					"omitted":	false,
					"sender":	true
				}],
			"sum":	{
				"start":	17.000528,
				"end":	18.001047,
				"seconds":	1.0005190372467041,
				"bytes":	0,
				"bits_per_second":	0,
				"retransmits":	0,
				"omitted":	false,
				"sender":	true
			}
		}, {
			"streams":	[{
					"socket":	6,
					"start":	18.001047,
					"end":	19.001026,
					"seconds":	0.999979019165039,
					"bytes":	0,
					"bits_per_second":	0,
					"retransmits":	0,
					"snd_cwnd":	115840,
					"snd_wnd":	618240,
					"rtt":	1922686,
					"rttvar":	122458,
					"pmtu":	1500,
					"omitted":	false,
					"sender":	true
				}],
			"sum":	{
				"start":	18.001047,
				"end":	19.001026,
				"seconds":	0.999979019165039,
				"bytes":	0,
				"bits_per_second":	0,
				"retransmits":	0,
				"omitted":	false,
				"sender":	true
			}
		}, {
			"streams":	[{
					"socket":	6,
					"start":	19.001026,
					"end":	20.001068,
					"seconds":	1.0000419616699219,
					"bytes":	0,
					"bits_per_second":	0,
					"retransmits":	0,
					"snd_cwnd":	115840,
					"snd_wnd":	619264,
					"rtt":	1953238,
					"rttvar":	89126,
					"pmtu":	1500,
					"omitted":	false,
					"sender":	true
				}],
			"sum":	{
				"start":	19.001026,
				"end":	20.001068,
				"seconds":	1.0000419616699219,
				"bytes":	0,
				"bits_per_second":	0,
				"retransmits":	0,
				"omitted":	false,
				"sender":	true
			}
		}, {
			"streams":	[{
					"socket":	6,
					"start":	20.001068,
					"end":	21.001215,
					"seconds":	1.0001469850540161,
					"bytes":	0,
					"bits_per_second":	0,
					"retransmits":	0,
					"snd_cwnd":	115840,
					"snd_wnd":	619264,
					"rtt":	2007285,
					"rttvar":	109302,
					"pmtu":	1500,
					"omitted":	false,
					"sender":	true
				}],
			"sum":	{
				"start":	20.001068,
				"end":	21.001215,
				"seconds":	1.0001469850540161,
				"bytes":	0,
				"bits_per_second":	0,
				"retransmits":	0,
				"omitted":	false,
				"sender":	true
			}
		}, {
			"streams":	[{
					"socket":	6,
					"start":	21.001215,
					"end":	22.001064,
					"seconds":	0.999849021434784,
					"bytes":	0,
					"bits_per_second":	0,
					"retransmits":	0,
					"snd_cwnd":	5792,
					"snd_wnd":	619264,
					"rtt":	2305132,
					"rttvar":	93184,
					"pmtu":	1500,
					"omitted":	false,
					"sender":	true
				}],
			"sum":	{
				"start":	21.001215,
				"end":	22.001064,
				"seconds":	0.999849021434784,
				"bytes":	0,
				"bits_per_second":	0,
				"retransmits":	0,
				"omitted":	false,
				"sender":	true
			}
		}, {
			"streams":	[{
					"socket":	6,
					"start":	22.001064,
					"end":	23.000121,
					"seconds":	0.99905699491500854,
					"bytes":	390960,
					"bits_per_second":	3130632.2020858051,
					"retransmits":	0,
					"snd_cwnd":	5792,
					"snd_wnd":	619264,
					"rtt":	2109369,
					"rttvar":	123742,
					"pmtu":	1500,
					"omitted":	false,
					"sender":	true
				}],
			"sum":	{
				"start":	22.001064,
				"end":	23.000121,
				"seconds":	0.99905699491500854,
				"bytes":	390960,
				"bits_per_second":	3130632.2020858051,
				"retransmits":	0,
				"omitted":	false,
				"sender":	true
			}
		}, {
			"streams":	[{
					"socket":	6,
					"start":	23.000121,
					"end":	24.001045,
					"seconds":	1.0009239912033081,
					"bytes":	0,
					"bits_per_second":	0,
					"retransmits":	0,
					"snd_cwnd":	5792,
					"snd_wnd":	619264,
					"rtt":	2109369,
					"rttvar":	123742,
					"pmtu":	1500,
					"omitted":	false,
					"sender":	true
				}],
			"sum":	{
				"start":	23.000121,
				"end":	24.001045,
				"seconds":	1.0009239912033081,
				"bytes":	0,
				"bits_per_second":	0,
				"retransmits":	0,
				"omitted":	false,
				"sender":	true
			}
		}, {
			"streams":	[{
					"socket":	6,
					"start":	24.001045,
					"end":	25.001049,
					"seconds":	1.0000040531158447,
					"bytes":	0,
					"bits_per_second":	0,
					"retransmits":	0,
					"snd_cwnd":	5792,
					"snd_wnd":	619264,
					"rtt":	2109369,
					"rttvar":	123742,
					"pmtu":	1500,
					"omitted":	false,
					"sender":	true
				}],
			"sum":	{
				"start":	24.001045,
				"end":	25.001049,
				"seconds":	1.0000040531158447,
				"bytes":	0,
				"bits_per_second":	0,
				"retransmits":	0,
				"omitted":	false,
				"sender":	true
			}
		}, {
			"streams":	[{
					"socket":	6,
					"start":	25.001049,
					"end":	26.001047,
					"seconds":	0.99999797344207764,
					"bytes":	0,
					"bits_per_second":	0,
					"retransmits":	0,
					"snd_cwnd":	121632,
					"snd_wnd":	619136,
					"rtt":	2138263,
					"rttvar":	73301,
					"pmtu":	1500,
					"omitted":	false,
					"sender":	true
				}],
			"sum":	{
				"start":	25.001049,
				"end":	26.001047,
				"seconds":	0.99999797344207764,
				"bytes":	0,
				"bits_per_second":	0,
				"retransmits":	0,
				"omitted":	false,
				"sender":	true
			}
		}, {
			"streams":	[{
					"socket":	6,
					"start":	26.001047,
					"end":	27.001041,
					"seconds":	0.99999397993087769,
					"bytes":	0,
					"bits_per_second":	0,
					"retransmits":	0,
					"snd_cwnd":	121632,
					"snd_wnd":	619136,
					"rtt":	2138263,
					"rttvar":	73301,
					"pmtu":	1500,
					"omitted":	false,
					"sender":	true
				}],
			"sum":	{
				"start":	26.001047,
				"end":	27.001041,
				"seconds":	0.99999397993087769,
				"bytes":	0,
				"bits_per_second":	0,
				"retransmits":	0,
				"omitted":	false,
				"sender":	true
			}
		}, {
			"streams":	[{
					"socket":	6,
					"start":	27.001041,
					"end":	28.001041,
					"seconds":	1,
					"bytes":	0,
					"bits_per_second":	0,
					"retransmits":	0,
					"snd_cwnd":	181000,
					"snd_wnd":	619264,
					"rtt":	1840676,
					"rttvar":	75701,
					"pmtu":	1500,
					"omitted":	false,
					"sender":	true
				}],
			"sum":	{
				"start":	27.001041,
				"end":	28.001041,
				"seconds":	1,
				"bytes":	0,
				"bits_per_second":	0,
				"retransmits":	0,
				"omitted":	false,
				"sender":	true
			}
		}, {
			"streams":	[{
					"socket":	6,
					"start":	28.001041,
					"end":	29.000565,
					"seconds":	0.99952399730682373,
					"bytes":	586440,
					"bits_per_second":	4693754.2396591855,
					"retransmits":	0,
					"snd_cwnd":	243264,
					"snd_wnd":	619264,
					"rtt":	2348240,
					"rttvar":	81734,
					"pmtu":	1500,
					"omitted":	false,
					"sender":	true
				}],
			"sum":	{
				"start":	28.001041,
				"end":	29.000565,
				"seconds":	0.99952399730682373,
				"bytes":	586440,
				"bits_per_second":	4693754.2396591855,
				"retransmits":	0,
				"omitted":	false,
				"sender":	true
			}
		}, {
			"streams":	[{
					"socket":	6,
					"start":	29.000565,
					"end":	30.000364,
					"seconds":	0.99979901313781738,
					"bytes":	912240,
					"bits_per_second":	7299387.0809052475,
					"retransmits":	0,
					"snd_cwnd":	306976,
					"snd_wnd":	619264,
					"rtt":	1910647,
					"rttvar":	105238,
					"pmtu":	1500,
					"omitted":	false,
					"sender":	true
				}],
			"sum":	{
				"start":	29.000565,
				"end":	30.000364,
				"seconds":	0.99979901313781738,
				"bytes":	912240,
				"bits_per_second":	7299387.0809052475,
				"retransmits":	0,
				"omitted":	false,
				"sender":	true
			}
		}, {
			"streams":	[{
					"socket":	6,
					"start":	30.000364,
					"end":	31.00104,
					"seconds":	1.0006760358810425,
					"bytes":	0,
					"bits_per_second":	0,
					"retransmits":	0,
					"snd_cwnd":	350416,
					"snd_wnd":	619264,
					"rtt":	1955677,
					"rttvar":	133150,
					"pmtu":	1500,
					"omitted":	false,
					"sender":	true
				}],
			"sum":	{
				"start":	30.000364,
				"end":	31.00104,
				"seconds":	1.0006760358810425,
				"bytes":	0,
				"bits_per_second":	0,
				"retransmits":	0,
				"omitted":	false,
				"sender":	true
			}
		}, {
			"streams":	[{
					"socket":	6,
					"start":	31.00104,
					"end":	32.001039,
					"seconds":	0.99999898672103882,
					"bytes":	0,
					"bits_per_second":	0,
					"retransmits":	0,
					"snd_cwnd":	353312,
					"snd_wnd":	619136,
					"rtt":	2608333,
					"rttvar":	176886,
					"pmtu":	1500,
					"omitted":	false,
					"sender":	true
				}],
			"sum":	{
				"start":	31.00104,
				"end":	32.001039,
				"seconds":	0.99999898672103882,
				"bytes":	0,
				"bits_per_second":	0,
				"retransmits":	0,
				"omitted":	false,
				"sender":	true
			}
		}, {
			"streams":	[{
					"socket":	6,
					"start":	32.001039,
					"end":	33.001025,
					"seconds":	0.99998599290847778,
					"bytes":	0,
					"bits_per_second":	0,
					"retransmits":	0,
					"snd_cwnd":	353312,
					"snd_wnd":	619264,
					"rtt":	1994997,
					"rttvar":	133131,
					"pmtu":	1500,
					"omitted":	false,
					"sender":	true
				}],
			"sum":	{
				"start":	32.001039,
				"end":	33.001025,
				"seconds":	0.99998599290847778,
				"bytes":	0,
				"bits_per_second":	0,
				"retransmits":	0,
				"omitted":	false,
				"sender":	true
			}
		}, {
			"streams":	[{
					"socket":	6,
					"start":	33.001025,
					"end":	34.001035,
					"seconds":	1.0000100135803223,
					"bytes":	0,
					"bits_per_second":	0,
					"retransmits":	0,
					"snd_cwnd":	353312,
					"snd_wnd":	853888,
					"rtt":	1925531,
					"rttvar":	101165,
					"pmtu":	1500,
					"omitted":	false,
					"sender":	true
				}],
			"sum":	{
				"start":	33.001025,
				"end":	34.001035,
				"seconds":	1.0000100135803223,
				"bytes":	0,
				"bits_per_second":	0,
				"retransmits":	0,
				"omitted":	false,
				"sender":	true
			}
		}, {
			"streams":	[{
					"socket":	6,
					"start":	34.001035,
					"end":	35.000579,
					"seconds":	0.99954402446746826,
					"bytes":	1107720,
					"bits_per_second":	8865802.5890568662,
					"retransmits":	0,
					"snd_cwnd":	370688,
					"snd_wnd":	1126144,
					"rtt":	1899298,
					"rttvar":	79457,
					"pmtu":	1500,
					"omitted":	false,
					"sender":	true
				}],
			"sum":	{
				"start":	34.001035,
				"end":	35.000579,
				"seconds":	0.99954402446746826,
				"bytes":	1107720,
				"bits_per_second":	8865802.5890568662,
				"retransmits":	0,
				"omitted":	false,
				"sender":	true
			}
		}, {
			"streams":	[{
					"socket":	6,
					"start":	35.000579,
					"end":	36.001035,
					"seconds":	1.0004559755325317,
					"bytes":	0,
					"bits_per_second":	0,
					"retransmits":	0,
					"snd_cwnd":	419920,
					"snd_wnd":	1262208,
					"rtt":	2006367,
					"rttvar":	98652,
					"pmtu":	1500,
					"omitted":	false,
					"sender":	true
				}],
			"sum":	{
				"start":	35.000579,
				"end":	36.001035,
				"seconds":	1.0004559755325317,
				"bytes":	0,
				"bits_per_second":	0,
				"retransmits":	0,
				"omitted":	false,
				"sender":	true
			}
		}, {
			"streams":	[{
					"socket":	6,
					"start":	36.001035,
					"end":	37.00104,
					"seconds":	1.0000050067901611,
					"bytes":	0,
					"bits_per_second":	0,
					"retransmits":	0,
					"snd_cwnd":	425712,
					"snd_wnd":	1262208,
					"rtt":	2088966,
					"rttvar":	141983,
					"pmtu":	1500,
					"omitted":	false,
					"sender":	true
				}],
			"sum":	{
				"start":	36.001035,
				"end":	37.00104,
				"seconds":	1.0000050067901611,
				"bytes":	0,
				"bits_per_second":	0,
				"retransmits":	0,
				"omitted":	false,
				"sender":	true
			}
		}, {
			"streams":	[{
					"socket":	6,
					"start":	37.00104,
					"end":	38.001039,
					"seconds":	0.99999898672103882,
					"bytes":	0,
					"bits_per_second":	0,
					"retransmits":	0,
					"snd_cwnd":	5792,
					"snd_wnd":	1262208,
					"rtt":	2405003,
					"rttvar":	457252,
					"pmtu":	1500,
					"omitted":	false,
					"sender":	true
				}],
			"sum":	{
				"start":	37.00104,
				"end":	38.001039,
				"seconds":	0.99999898672103882,
				"bytes":	0,
				"bits_per_second":	0,
				"retransmits":	0,
				"omitted":	false,
				"sender":	true
			}
		}, {
			"streams":	[{
					"socket":	6,
					"start":	38.001039,
					"end":	39.001046,
					"seconds":	1.0000070333480835,
					"bytes":	0,
					"bits_per_second":	0,
					"retransmits":	0,
					"snd_cwnd":	5792,
					"snd_wnd":	1262208,
					"rtt":	1974958,
					"rttvar":	132710,
					"pmtu":	1500,
					"omitted":	false,
					"sender":	true
				}],
			"sum":	{
				"start":	38.001039,
				"end":	39.001046,
				"seconds":	1.0000070333480835,
				"bytes":	0,
				"bits_per_second":	0,
				"retransmits":	0,
				"omitted":	false,
				"sender":	true
			}
		}, {
			"streams":	[{
					"socket":	6,
					"start":	39.001046,
					"end":	40.001043,
					"seconds":	0.99999701976776123,
					"bytes":	0,
					"bits_per_second":	0,
					"retransmits":	0,
					"snd_cwnd":	5792,
					"snd_wnd":	1262208,
					"rtt":	1999775,
					"rttvar":	126317,
					"pmtu":	1500,
					"omitted":	false,
					"sender":	true
				}],
			"sum":	{
				"start":	39.001046,
				"end":	40.001043,
				"seconds":	0.99999701976776123,
				"bytes":	0,
				"bits_per_second":	0,
				"retransmits":	0,
				"omitted":	false,
				"sender":	true
			}
		}, {
			"streams":	[{
					"socket":	6,
					"start":	40.001043,
					"end":	41.000627,
					"seconds":	0.99958401918411255,
					"bytes":	1204272,
					"bits_per_second":	9638185.3001848459,
					"retransmits":	0,
					"snd_cwnd":	5792,
					"snd_wnd":	1262208,
					"rtt":	2638472,
					"rttvar":	63132,
					"pmtu":	1500,
					"omitted":	false,
					"sender":	true
				}],
			"sum":	{
				"start":	40.001043,
				"end":	41.000627,
				"seconds":	0.99958401918411255,
				"bytes":	1204272,
				"bits_per_second":	9638185.3001848459,
				"retransmits":	0,
				"omitted":	false,
				"sender":	true
			}
		}, {
			"streams":	[{
					"socket":	6,
					"start":	41.000627,
					"end":	42.001047,
					"seconds":	1.0004199743270874,
					"bytes":	0,
					"bits_per_second":	0,
					"retransmits":	0,
					"snd_cwnd":	5792,
					"snd_wnd":	1262208,
					"rtt":	2638472,
					"rttvar":	63132,
					"pmtu":	1500,
					"omitted":	false,
					"sender":	true
				}],
			"sum":	{
				"start":	41.000627,
				"end":	42.001047,
				"seconds":	1.0004199743270874,
				"bytes":	0,
				"bits_per_second":	0,
				"retransmits":	0,
				"omitted":	false,
				"sender":	true
			}
		}, {
			"streams":	[{
					"socket":	6,
					"start":	42.001047,
					"end":	43.001396,
					"seconds":	1.0003490447998047,
					"bytes":	0,
					"bits_per_second":	0,
					"retransmits":	0,
					"snd_cwnd":	431504,
					"snd_wnd":	1262208,
					"rtt":	2448928,
					"rttvar":	100644,
					"pmtu":	1500,
					"omitted":	false,
					"sender":	true
				}],
			"sum":	{
				"start":	42.001047,
				"end":	43.001396,
				"seconds":	1.0003490447998047,
				"bytes":	0,
				"bits_per_second":	0,
				"retransmits":	0,
				"omitted":	false,
				"sender":	true
			}
		}, {
			"streams":	[{
					"socket":	6,
					"start":	43.001396,
					"end":	44.001048,
					"seconds":	0.99965202808380127,
					"bytes":	0,
					"bits_per_second":	0,
					"retransmits":	0,
					"snd_cwnd":	431504,
					"snd_wnd":	1262208,
					"rtt":	2448928,
					"rttvar":	100644,
					"pmtu":	1500,
					"omitted":	false,
					"sender":	true
				}],
			"sum":	{
				"start":	43.001396,
				"end":	44.001048,
				"seconds":	0.99965202808380127,
				"bytes":	0,
				"bits_per_second":	0,
				"retransmits":	0,
				"omitted":	false,
				"sender":	true
			}
		}, {
			"streams":	[{
					"socket":	6,
					"start":	44.001048,
					"end":	45.001041,
					"seconds":	0.99999302625656128,
					"bytes":	0,
					"bits_per_second":	0,
					"retransmits":	0,
					"snd_cwnd":	422816,
					"snd_wnd":	1262208,
					"rtt":	1828257,
					"rttvar":	127083,
					"pmtu":	1500,
					"omitted":	false,
					"sender":	true
				}],
			"sum":	{
				"start":	44.001048,
				"end":	45.001041,
				"seconds":	0.99999302625656128,
				"bytes":	0,
				"bits_per_second":	0,
				"retransmits":	0,
				"omitted":	false,
				"sender":	true
			}
		}, {
			"streams":	[{
					"socket":	6,
					"start":	45.001041,
					"end":	46.001051,
					"seconds":	1.0000100135803223,
					"bytes":	0,
					"bits_per_second":	0,
					"retransmits":	0,
					"snd_cwnd":	422816,
					"snd_wnd":	1262208,
					"rtt":	2304670,
					"rttvar":	491367,
					"pmtu":	1500,
					"omitted":	false,
					"sender":	true
				}],
			"sum":	{
				"start":	45.001041,
				"end":	46.001051,
				"seconds":	1.0000100135803223,
				"bytes":	0,
				"bits_per_second":	0,
				"retransmits":	0,
				"omitted":	false,
				"sender":	true
			}
		}, {
			"streams":	[{
					"socket":	6,
					"start":	46.001051,
					"end":	47.001044,
					"seconds":	0.99999302625656128,
					"bytes":	0,
					"bits_per_second":	0,
					"retransmits":	0,
					"snd_cwnd":	422816,
					"snd_wnd":	1262464,
					"rtt":	1983861,
					"rttvar":	153428,
					"pmtu":	1500,
					"omitted":	false,
					"sender":	true
				}],
			"sum":	{
				"start":	46.001051,
				"end":	47.001044,
				"seconds":	0.99999302625656128,
				"bytes":	0,
				"bits_per_second":	0,
				"retransmits":	0,
				"omitted":	false,
				"sender":	true
			}
		}, {
			"streams":	[{
					"socket":	6,
					"start":	47.001044,
					"end":	48.001055,
					"seconds":	1.0000109672546387,
					"bytes":	0,
					"bits_per_second":	0,
					"retransmits":	0,
					"snd_cwnd":	422816,
					"snd_wnd":	1262464,
					"rtt":	1998565,
					"rttvar":	122759,
					"pmtu":	1500,
					"omitted":	false,
					"sender":	true
				}],
			"sum":	{
				"start":	47.001044,
				"end":	48.001055,
				"seconds":	1.0000109672546387,
				"bytes":	0,
				"bits_per_second":	0,
				"retransmits":	0,
				"omitted":	false,
				"sender":	true
			}
		}, {
			"streams":	[{
					"socket":	6,
					"start":	48.001055,
					"end":	49.00108,
					"seconds":	1.0000250339508057,
					"bytes":	0,
					"bits_per_second":	0,
					"retransmits":	0,
					"snd_cwnd":	422816,
					"snd_wnd":	1262464,
					"rtt":	2013862,
					"rttvar":	127001,
					"pmtu":	1500,
					"omitted":	false,
					"sender":	true
				}],
			"sum":	{
				"start":	48.001055,
				"end":	49.00108,
				"seconds":	1.0000250339508057,
				"bytes":	0,
				"bits_per_second":	0,
				"retransmits":	0,
				"omitted":	false,
				"sender":	true
			}
		}, {
			"streams":	[{
					"socket":	6,
					"start":	49.00108,
					"end":	50.001057,
					"seconds":	0.9999769926071167,
					"bytes":	0,
					"bits_per_second":	0,
					"retransmits":	0,
					"snd_cwnd":	422816,
					"snd_wnd":	1262464,
					"rtt":	2022496,
					"rttvar":	127060,
					"pmtu":	1500,
					"omitted":	false,
					"sender":	true
				}],
			"sum":	{
				"start":	49.00108,
				"end":	50.001057,
				"seconds":	0.9999769926071167,
				"bytes":	0,
				"bits_per_second":	0,
				"retransmits":	0,
				"omitted":	false,
				"sender":	true
			}
		}, {
			"streams":	[{
					"socket":	6,
					"start":	50.001057,
					"end":	51.001073,
					"seconds":	1.0000159740448,
					"bytes":	0,
					"bits_per_second":	0,
					"retransmits":	0,
					"snd_cwnd":	422816,
					"snd_wnd":	1262464,
					"rtt":	2031696,
					"rttvar":	126993,
					"pmtu":	1500,
					"omitted":	false,
					"sender":	true
				}],
			"sum":	{
				"start":	50.001057,
				"end":	51.001073,
				"seconds":	1.0000159740448,
				"bytes":	0,
				"bits_per_second":	0,
				"retransmits":	0,
				"omitted":	false,
				"sender":	true
			}
		}, {
			"streams":	[{
					"socket":	6,
					"start":	51.001073,
					"end":	52.001045,
					"seconds":	0.99997198581695557,
					"bytes":	0,
					"bits_per_second":	0,
					"retransmits":	0,
					"snd_cwnd":	422816,
					"snd_wnd":	1262464,
					"rtt":	2014918,
					"rttvar":	127219,
					"pmtu":	1500,
					"omitted":	false,
					"sender":	true
				}],
			"sum":	{
				"start":	51.001073,
				"end":	52.001045,
				"seconds":	0.99997198581695557,
				"bytes":	0,
				"bits_per_second":	0,
				"retransmits":	0,
				"omitted":	false,
				"sender":	true
			}
		}, {
			"streams":	[{
					"socket":	6,
					"start":	52.001045,
					"end":	53.001048,
					"seconds":	1.0000029802322388,
					"bytes":	0,
					"bits_per_second":	0,
					"retransmits":	0,
					"snd_cwnd":	422816,
					"snd_wnd":	1262464,
					"rtt":	2012772,
					"rttvar":	127282,
					"pmtu":	1500,
					"omitted":	false,
					"sender":	true
				}],
			"sum":	{
				"start":	52.001045,
				"end":	53.001048,
				"seconds":	1.0000029802322388,
				"bytes":	0,
				"bits_per_second":	0,
				"retransmits":	0,
				"omitted":	false,
				"sender":	true
			}
		}, {
			"streams":	[{
					"socket":	6,
					"start":	53.001048,
					"end":	54.001072,
					"seconds":	1.0000239610672,
					"bytes":	0,
					"bits_per_second":	0,
					"retransmits":	0,
					"snd_cwnd":	425712,
					"snd_wnd":	1262464,
					"rtt":	2014130,
					"rttvar":	122509,
					"pmtu":	1500,
					"omitted":	false,
					"sender":	true
				}],
			"sum":	{
				"start":	53.001048,
				"end":	54.001072,
				"seconds":	1.0000239610672,
				"bytes":	0,
				"bits_per_second":	0,
				"retransmits":	0,
				"omitted":	false,
				"sender":	true
			}
		}, {
			"streams":	[{
					"socket":	6,
					"start":	54.001072,
					"end":	55.000436,
					"seconds":	0.99936401844024658,
					"bytes":	1310720,
					"bits_per_second":	10492432.99390107,
					"retransmits":	0,
					"snd_cwnd":	425712,
					"snd_wnd":	1262464,
					"rtt":	2025540,
					"rttvar":	127078,
					"pmtu":	1500,
					"omitted":	false,
					"sender":	true
				}],
			"sum":	{
				"start":	54.001072,
				"end":	55.000436,
				"seconds":	0.99936401844024658,
				"bytes":	1310720,
				"bits_per_second":	10492432.99390107,
				"retransmits":	0,
				"omitted":	false,
				"sender":	true
			}
		}, {
			"streams":	[{
					"socket":	6,
					"start":	55.000436,
					"end":	56.001049,
					"seconds":	1.00061297416687,
					"bytes":	0,
					"bits_per_second":	0,
					"retransmits":	0,
					"snd_cwnd":	5792,
					"snd_wnd":	1262464,
					"rtt":	2005189,
					"rttvar":	113119,
					"pmtu":	1500,
					"omitted":	false,
					"sender":	true
				}],
			"sum":	{
				"start":	55.000436,
				"end":	56.001049,
				"seconds":	1.00061297416687,
				"bytes":	0,
				"bits_per_second":	0,
				"retransmits":	0,
				"omitted":	false,
				"sender":	true
			}
		}, {
			"streams":	[{
					"socket":	6,
					"start":	56.001049,
					"end":	57.001042,
					"seconds":	0.99999302625656128,
					"bytes":	0,
					"bits_per_second":	0,
					"retransmits":	0,
					"snd_cwnd":	5792,
					"snd_wnd":	1262464,
					"rtt":	2780302,
					"rttvar":	55991,
					"pmtu":	1500,
					"omitted":	false,
					"sender":	true
				}],
			"sum":	{
				"start":	56.001049,
				"end":	57.001042,
				"seconds":	0.99999302625656128,
				"bytes":	0,
				"bits_per_second":	0,
				"retransmits":	0,
				"omitted":	false,
				"sender":	true
			}
		}, {
			"streams":	[{
					"socket":	6,
					"start":	57.001042,
					"end":	58.001055,
					"seconds":	1.000012993812561,
					"bytes":	0,
					"bits_per_second":	0,
					"retransmits":	0,
					"snd_cwnd":	5792,
					"snd_wnd":	1262464,
					"rtt":	2035683,
					"rttvar":	111043,
					"pmtu":	1500,
					"omitted":	false,
					"sender":	true
				}],
			"sum":	{
				"start":	57.001042,
				"end":	58.001055,
				"seconds":	1.000012993812561,
				"bytes":	0,
				"bits_per_second":	0,
				"retransmits":	0,
				"omitted":	false,
				"sender":	true
			}
		}, {
			"streams":	[{
					"socket":	6,
					"start":	58.001055,
					"end":	59.001057,
					"seconds":	1.0000020265579224,
					"bytes":	0,
					"bits_per_second":	0,
					"retransmits":	0,
					"snd_cwnd":	5792,
					"snd_wnd":	1261696,
					"rtt":	2776839,
					"rttvar":	226482,
					"pmtu":	1500,
					"omitted":	false,
					"sender":	true
				}],
			"sum":	{
				"start":	58.001055,
				"end":	59.001057,
				"seconds":	1.0000020265579224,
				"bytes":	0,
				"bits_per_second":	0,
				"retransmits":	0,
				"omitted":	false,
				"sender":	true
			}
		}, {
			"streams":	[{
					"socket":	6,
					"start":	59.001057,
					"end":	60.001054,
					"seconds":	0.99999701976776123,
					"bytes":	0,
					"bits_per_second":	0,
					"retransmits":	0,
					"snd_cwnd":	5792,
					"snd_wnd":	1261696,
					"rtt":	2776839,
					"rttvar":	226482,
					"pmtu":	1500,
					"omitted":	false,
					"sender":	true
				}],
			"sum":	{
				"start":	59.001057,
				"end":	60.001054,
				"seconds":	0.99999701976776123,
				"bytes":	0,
				"bits_per_second":	0,
				"retransmits":	0,
				"omitted":	false,
				"sender":	true
			}
		}],
	"end":	{
		"streams":	[{
				"sender":	{
					"socket":	6,
					"start":	0,
					"end":	60.001054,
					"seconds":	60.001054,
					"bytes":	9306112,
					"bits_per_second":	1240793.136733898,
					"retransmits":	0,
					"max_snd_cwnd":	431504,
					"max_snd_wnd":	1262464,
					"max_rtt":	2780302,
					"min_rtt":	159033,
					"mean_rtt":	1707082,
					"sender":	true
				},
				"receiver":	{
					"socket":	6,
					"start":	0,
					"end":	62.624253,
					"seconds":	60.001054,
					"bytes":	5964312,
					"bits_per_second":	761917.2080184333,
					"sender":	true
				}
			}],
		"sum_sent":	{
			"start":	0,
			"end":	60.001054,
			"seconds":	60.001054,
			"bytes":	9306112,
			"bits_per_second":	1240793.136733898,
			"retransmits":	0,
			"sender":	true
		},
		"sum_received":	{
			"start":	0,
			"end":	62.624253,
			"seconds":	62.624253,
			"bytes":	5964312,
			"bits_per_second":	761917.2080184333,
			"sender":	true
		},
		"cpu_utilization_percent":	{
			"host_total":	0.0925792689642867,
			"host_user":	0.019694854171622426,
			"host_system":	0.072884414792664276,
			"remote_total":	0.113982970850581,
			"remote_user":	0.013221711640952219,
			"remote_system":	0.10075806555947395
		},
		"sender_tcp_congestion":	"bbr",
		"receiver_tcp_congestion":	"bbr"
	}
}
