{
	"start":	{
		"connected":	[{
				"socket":	6,
				"local_host":	"192.168.101.210",
				"local_port":	60908,
				"remote_host":	"192.168.100.168",
				"remote_port":	5202
			}],
		"version":	"iperf 3.11",
		"system_info":	"Linux f1 6.0.10-300.fc37.x86_64 #1 SMP PREEMPT_DYNAMIC Sat Nov 26 16:55:13 UTC 2022 x86_64",
		"timestamp":	{
			"time":	"Sat, 10 Dec 2022 20:18:33 GMT",
			"timesecs":	1670703513
		},
		"connecting_to":	{
			"host":	"192.168.100.168",
			"port":	5202
		},
		"cookie":	"w7fhe2pgixozws6ag53g5xkigyvnfzlfa2lw",
		"tcp_mss_default":	1448,
		"target_bitrate":	0,
		"sock_bufsize":	0,
		"sndbuf_actual":	16384,
		"rcvbuf_actual":	131072,
		"test_start":	{
			"protocol":	"TCP",
			"num_streams":	1,
			"blksize":	131072,
			"omit":	0,
			"duration":	60,
			"bytes":	0,
			"blocks":	0,
			"reverse":	0,
			"tos":	0,
			"target_bitrate":	0
		}
	},
	"intervals":	[{
			"streams":	[{
					"socket":	6,
					"start":	0,
					"end":	1.000156,
					"seconds":	1.000156044960022,
					"bytes":	1578320,
					"bits_per_second":	12624589.996358724,
					"retransmits":	0,
					"snd_cwnd":	183896,
					"snd_wnd":	313216,
					"rtt":	204511,
					"rttvar":	7430,
					"pmtu":	1500,
					"omitted":	false,
					"sender":	true
				}],
			"sum":	{
				"start":	0,
				"end":	1.000156,
				"seconds":	1.000156044960022,
				"bytes":	1578320,
				"bits_per_second":	12624589.996358724,
				"retransmits":	0,
				"omitted":	false,
				"sender":	true
			}
		}, {
			"streams":	[{
					"socket":	6,
					"start":	1.000156,
					"end":	2.000627,
					"seconds":	1.0004709959030151,
					"bytes":	1824480,
					"bits_per_second":	14588968.655534027,
					"retransmits":	0,
					"snd_cwnd":	432952,
					"snd_wnd":	1281024,
					"rtt":	479867,
					"rttvar":	7816,
					"pmtu":	1500,
					"omitted":	false,
					"sender":	true
				}],
			"sum":	{
				"start":	1.000156,
				"end":	2.000627,
				"seconds":	1.0004709959030151,
				"bytes":	1824480,
				"bits_per_second":	14588968.655534027,
				"retransmits":	0,
				"omitted":	false,
				"sender":	true
			}
		}, {
			"streams":	[{
					"socket":	6,
					"start":	2.000627,
					"end":	3.000822,
					"seconds":	1.0001950263977051,
					"bytes":	1184720,
					"bits_per_second":	9475911.947028,
					"retransmits":	0,
					"snd_cwnd":	461912,
					"snd_wnd":	1547136,
					"rtt":	586042,
					"rttvar":	2521,
					"pmtu":	1500,
					"omitted":	false,
					"sender":	true
				}],
			"sum":	{
				"start":	2.000627,
				"end":	3.000822,
				"seconds":	1.0001950263977051,
				"bytes":	1184720,
				"bits_per_second":	9475911.947028,
				"retransmits":	0,
				"omitted":	false,
				"sender":	true
			}
		}, {
			"streams":	[{
					"socket":	6,
					"start":	3.000822,
					"end":	4.000653,
					"seconds":	0.99983102083206177,
					"bytes":	1310720,
					"bits_per_second":	10487532.174460566,
					"retransmits":	0,
					"snd_cwnd":	461912,
					"snd_wnd":	1547136,
					"rtt":	609195,
					"rttvar":	364,
					"pmtu":	1500,
					"omitted":	false,
					"sender":	true
				}],
			"sum":	{
				"start":	3.000822,
				"end":	4.000653,
				"seconds":	0.99983102083206177,
				"bytes":	1310720,
				"bits_per_second":	10487532.174460566,
				"retransmits":	0,
				"omitted":	false,
				"sender":	true
			}
		}, {
			"streams":	[{
					"socket":	6,
					"start":	4.000653,
					"end":	5.001031,
					"seconds":	1.0003780126571655,
					"bytes":	0,
					"bits_per_second":	0,
					"retransmits":	0,
					"snd_cwnd":	535760,
					"snd_wnd":	1547264,
					"rtt":	626788,
					"rttvar":	1980,
					"pmtu":	1500,
					"omitted":	false,
					"sender":	true
				}],
			"sum":	{
				"start":	4.000653,
				"end":	5.001031,
				"seconds":	1.0003780126571655,
				"bytes":	0,
				"bits_per_second":	0,
				"retransmits":	0,
				"omitted":	false,
				"sender":	true
			}
		}, {
			"streams":	[{
					"socket":	6,
					"start":	5.001031,
					"end":	6.000517,
					"seconds":	0.99948602914810181,
					"bytes":	1310720,
					"bits_per_second":	10491152.146406082,
					"retransmits":	0,
					"snd_cwnd":	396752,
					"snd_wnd":	1547264,
					"rtt":	524210,
					"rttvar":	6240,
					"pmtu":	1500,
					"omitted":	false,
					"sender":	true
				}],
			"sum":	{
				"start":	5.001031,
				"end":	6.000517,
				"seconds":	0.99948602914810181,
				"bytes":	1310720,
				"bits_per_second":	10491152.146406082,
				"retransmits":	0,
				"omitted":	false,
				"sender":	true
			}
		}, {
			"streams":	[{
					"socket":	6,
					"start":	6.000517,
					"end":	7.001061,
					"seconds":	1.00054395198822,
					"bytes":	0,
					"bits_per_second":	0,
					"retransmits":	0,
					"snd_cwnd":	393856,
					"snd_wnd":	1547264,
					"rtt":	619412,
					"rttvar":	1069,
					"pmtu":	1500,
					"omitted":	false,
					"sender":	true
				}],
			"sum":	{
				"start":	6.000517,
				"end":	7.001061,
				"seconds":	1.00054395198822,
				"bytes":	0,
				"bits_per_second":	0,
				"retransmits":	0,
				"omitted":	false,
				"sender":	true
			}
		}, {
			"streams":	[{
					"socket":	6,
					"start":	7.001061,
					"end":	8.000604,
					"seconds":	0.999543011188507,
					"bytes":	1310720,
					"bits_per_second":	10490554.065834448,
					"retransmits":	0,
					"snd_cwnd":	393856,
					"snd_wnd":	1547264,
					"rtt":	642015,
					"rttvar":	1206,
					"pmtu":	1500,
					"omitted":	false,
					"sender":	true
				}],
			"sum":	{
				"start":	7.001061,
				"end":	8.000604,
				"seconds":	0.999543011188507,
				"bytes":	1310720,
				"bits_per_second":	10490554.065834448,
				"retransmits":	0,
				"omitted":	false,
				"sender":	true
			}
		}, {
			"streams":	[{
					"socket":	6,
					"start":	8.000604,
					"end":	9.00106,
					"seconds":	1.0004559755325317,
					"bytes":	0,
					"bits_per_second":	0,
					"retransmits":	0,
					"snd_cwnd":	393856,
					"snd_wnd":	1547264,
					"rtt":	679322,
					"rttvar":	4958,
					"pmtu":	1500,
					"omitted":	false,
					"sender":	true
				}],
			"sum":	{
				"start":	8.000604,
				"end":	9.00106,
				"seconds":	1.0004559755325317,
				"bytes":	0,
				"bits_per_second":	0,
				"retransmits":	0,
				"omitted":	false,
				"sender":	true
			}
		}, {
			"streams":	[{
					"socket":	6,
					"start":	9.00106,
					"end":	10.000129,
					"seconds":	0.9990689754486084,
					"bytes":	1310720,
					"bits_per_second":	10495531.597597269,
					"retransmits":	0,
					"snd_cwnd":	318560,
					"snd_wnd":	1547264,
					"rtt":	743382,
					"rttvar":	3369,
					"pmtu":	1500,
					"omitted":	false,
					"sender":	true
				}],
			"sum":	{
				"start":	9.00106,
				"end":	10.000129,
				"seconds":	0.9990689754486084,
				"bytes":	1310720,
				"bits_per_second":	10495531.597597269,
				"retransmits":	0,
				"omitted":	false,
				"sender":	true
			}
		}, {
			"streams":	[{
					"socket":	6,
					"start":	10.000129,
					"end":	11.001026,
					"seconds":	1.0008970499038696,
					"bytes":	0,
					"bits_per_second":	0,
					"retransmits":	0,
					"snd_cwnd":	5792,
					"snd_wnd":	1547264,
					"rtt":	770933,
					"rttvar":	4368,
					"pmtu":	1500,
					"omitted":	false,
					"sender":	true
				}],
			"sum":	{
				"start":	10.000129,
				"end":	11.001026,
				"seconds":	1.0008970499038696,
				"bytes":	0,
				"bits_per_second":	0,
				"retransmits":	0,
				"omitted":	false,
				"sender":	true
			}
		}, {
			"streams":	[{
					"socket":	6,
					"start":	11.001026,
					"end":	12.00103,
					"seconds":	1.0000040531158447,
					"bytes":	0,
					"bits_per_second":	0,
					"retransmits":	0,
					"snd_cwnd":	5792,
					"snd_wnd":	1547264,
					"rtt":	854468,
					"rttvar":	11654,
					"pmtu":	1500,
					"omitted":	false,
					"sender":	true
				}],
			"sum":	{
				"start":	11.001026,
				"end":	12.00103,
				"seconds":	1.0000040531158447,
				"bytes":	0,
				"bits_per_second":	0,
				"retransmits":	0,
				"omitted":	false,
				"sender":	true
			}
		}, {
			"streams":	[{
					"socket":	6,
					"start":	12.00103,
					"end":	13.001034,
					"seconds":	1.0000040531158447,
					"bytes":	0,
					"bits_per_second":	0,
					"retransmits":	0,
					"snd_cwnd":	321456,
					"snd_wnd":	1545472,
					"rtt":	823684,
					"rttvar":	18504,
					"pmtu":	1500,
					"omitted":	false,
					"sender":	true
				}],
			"sum":	{
				"start":	12.00103,
				"end":	13.001034,
				"seconds":	1.0000040531158447,
				"bytes":	0,
				"bits_per_second":	0,
				"retransmits":	0,
				"omitted":	false,
				"sender":	true
			}
		}, {
			"streams":	[{
					"socket":	6,
					"start":	13.001034,
					"end":	14.001059,
					"seconds":	1.0000250339508057,
					"bytes":	0,
					"bits_per_second":	0,
					"retransmits":	0,
					"snd_cwnd":	556032,
					"snd_wnd":	1547264,
					"rtt":	1077614,
					"rttvar":	26923,
					"pmtu":	1500,
					"omitted":	false,
					"sender":	true
				}],
			"sum":	{
				"start":	13.001034,
				"end":	14.001059,
				"seconds":	1.0000250339508057,
				"bytes":	0,
				"bits_per_second":	0,
				"retransmits":	0,
				"omitted":	false,
				"sender":	true
			}
		}, {
			"streams":	[{
					"socket":	6,
					"start":	14.001059,
					"end":	15.001069,
					"seconds":	1.0000100135803223,
					"bytes":	0,
					"bits_per_second":	0,
					"retransmits":	0,
					"snd_cwnd":	825360,
					"snd_wnd":	1547264,
					"rtt":	1364548,
					"rttvar":	14683,
					"pmtu":	1500,
					"omitted":	false,
					"sender":	true
				}],
			"sum":	{
				"start":	14.001059,
				"end":	15.001069,
				"seconds":	1.0000100135803223,
				"bytes":	0,
				"bits_per_second":	0,
				"retransmits":	0,
				"omitted":	false,
				"sender":	true
			}
		}, {
			"streams":	[{
					"socket":	6,
					"start":	15.001069,
					"end":	16.000854,
					"seconds":	0.999785006046295,
					"bytes":	1310720,
					"bits_per_second":	10488014.859781219,
					"retransmits":	0,
					"snd_cwnd":	825360,
					"snd_wnd":	1625472,
					"rtt":	1657503,
					"rttvar":	24166,
					"pmtu":	1500,
					"omitted":	false,
					"sender":	true
				}],
			"sum":	{
				"start":	15.001069,
				"end":	16.000854,
				"seconds":	0.999785006046295,
				"bytes":	1310720,
				"bits_per_second":	10488014.859781219,
				"retransmits":	0,
				"omitted":	false,
				"sender":	true
			}
		}, {
			"streams":	[{
					"socket":	6,
					"start":	16.000854,
					"end":	17.001064,
					"seconds":	1.0002100467681885,
					"bytes":	0,
					"bits_per_second":	0,
					"retransmits":	0,
					"snd_cwnd":	825360,
					"snd_wnd":	2034816,
					"rtt":	1830207,
					"rttvar":	8677,
					"pmtu":	1500,
					"omitted":	false,
					"sender":	true
				}],
			"sum":	{
				"start":	16.000854,
				"end":	17.001064,
				"seconds":	1.0002100467681885,
				"bytes":	0,
				"bits_per_second":	0,
				"retransmits":	0,
				"omitted":	false,
				"sender":	true
			}
		}, {
			"streams":	[{
					"socket":	6,
					"start":	17.001064,
					"end":	18.001061,
					"seconds":	0.99999701976776123,
					"bytes":	0,
					"bits_per_second":	0,
					"retransmits":	0,
					"snd_cwnd":	825360,
					"snd_wnd":	2034816,
					"rtt":	2038948,
					"rttvar":	19899,
					"pmtu":	1500,
					"omitted":	false,
					"sender":	true
				}],
			"sum":	{
				"start":	17.001064,
				"end":	18.001061,
				"seconds":	0.99999701976776123,
				"bytes":	0,
				"bits_per_second":	0,
				"retransmits":	0,
				"omitted":	false,
				"sender":	true
			}
		}, {
			"streams":	[{
					"socket":	6,
					"start":	18.001061,
					"end":	19.001058,
					"seconds":	0.99999701976776123,
					"bytes":	0,
					"bits_per_second":	0,
					"retransmits":	0,
					"snd_cwnd":	825360,
					"snd_wnd":	2034816,
					"rtt":	2352155,
					"rttvar":	16091,
					"pmtu":	1500,
					"omitted":	false,
					"sender":	true
				}],
			"sum":	{
				"start":	18.001061,
				"end":	19.001058,
				"seconds":	0.99999701976776123,
				"bytes":	0,
				"bits_per_second":	0,
				"retransmits":	0,
				"omitted":	false,
				"sender":	true
			}
		}, {
			"streams":	[{
					"socket":	6,
					"start":	19.001058,
					"end":	20.00067,
					"seconds":	0.99961197376251221,
					"bytes":	1310720,
					"bits_per_second":	10489830.3293946,
					"retransmits":	0,
					"snd_cwnd":	868800,
					"snd_wnd":	2034816,
					"rtt":	2524718,
					"rttvar":	12824,
					"pmtu":	1500,
					"omitted":	false,
					"sender":	true
				}],
			"sum":	{
				"start":	19.001058,
				"end":	20.00067,
				"seconds":	0.99961197376251221,
				"bytes":	1310720,
				"bits_per_second":	10489830.3293946,
				"retransmits":	0,
				"omitted":	false,
				"sender":	true
			}
		}, {
			"streams":	[{
					"socket":	6,
					"start":	20.00067,
					"end":	21.001036,
					"seconds":	1.0003659725189209,
					"bytes":	0,
					"bits_per_second":	0,
					"retransmits":	0,
					"snd_cwnd":	874592,
					"snd_wnd":	2336000,
					"rtt":	2535644,
					"rttvar":	35084,
					"pmtu":	1500,
					"omitted":	false,
					"sender":	true
				}],
			"sum":	{
				"start":	20.00067,
				"end":	21.001036,
				"seconds":	1.0003659725189209,
				"bytes":	0,
				"bits_per_second":	0,
				"retransmits":	0,
				"omitted":	false,
				"sender":	true
			}
		}, {
			"streams":	[{
					"socket":	6,
					"start":	21.001036,
					"end":	22.001032,
					"seconds":	0.9999960064888,
					"bytes":	0,
					"bits_per_second":	0,
					"retransmits":	0,
					"snd_cwnd":	874592,
					"snd_wnd":	2376576,
					"rtt":	3001870,
					"rttvar":	49566,
					"pmtu":	1500,
					"omitted":	false,
					"sender":	true
				}],
			"sum":	{
				"start":	21.001036,
				"end":	22.001032,
				"seconds":	0.9999960064888,
				"bytes":	0,
				"bits_per_second":	0,
				"retransmits":	0,
				"omitted":	false,
				"sender":	true
			}
		}, {
			"streams":	[{
					"socket":	6,
					"start":	22.001032,
					"end":	23.001169,
					"seconds":	1.0001369714736938,
					"bytes":	0,
					"bits_per_second":	0,
					"retransmits":	0,
					"snd_cwnd":	874592,
					"snd_wnd":	2449280,
					"rtt":	2387155,
					"rttvar":	42329,
					"pmtu":	1500,
					"omitted":	false,
					"sender":	true
				}],
			"sum":	{
				"start":	22.001032,
				"end":	23.001169,
				"seconds":	1.0001369714736938,
				"bytes":	0,
				"bits_per_second":	0,
				"retransmits":	0,
				"omitted":	false,
				"sender":	true
			}
		}, {
			"streams":	[{
					"socket":	6,
					"start":	23.001169,
					"end":	24.00031,
					"seconds":	0.999140977859497,
					"bytes":	1310720,
					"bits_per_second":	10494775.244294452,
					"retransmits":	0,
					"snd_cwnd":	5792,
					"snd_wnd":	2449280,
					"rtt":	2775640,
					"rttvar":	37151,
					"pmtu":	1500,
					"omitted":	false,
					"sender":	true
				}],
			"sum":	{
				"start":	23.001169,
				"end":	24.00031,
				"seconds":	0.999140977859497,
				"bytes":	1310720,
				"bits_per_second":	10494775.244294452,
				"retransmits":	0,
				"omitted":	false,
				"sender":	true
			}
		}, {
			"streams":	[{
					"socket":	6,
					"start":	24.00031,
					"end":	25.001034,
					"seconds":	1.0007239580154419,
					"bytes":	0,
					"bits_per_second":	0,
					"retransmits":	0,
					"snd_cwnd":	5792,
					"snd_wnd":	2449280,
					"rtt":	3018506,
					"rttvar":	37811,
					"pmtu":	1500,
					"omitted":	false,
					"sender":	true
				}],
			"sum":	{
				"start":	24.00031,
				"end":	25.001034,
				"seconds":	1.0007239580154419,
				"bytes":	0,
				"bits_per_second":	0,
				"retransmits":	0,
				"omitted":	false,
				"sender":	true
			}
		}, {
			"streams":	[{
					"socket":	6,
					"start":	25.001034,
					"end":	26.00103,
					"seconds":	0.9999960064888,
					"bytes":	0,
					"bits_per_second":	0,
					"retransmits":	0,
					"snd_cwnd":	5792,
					"snd_wnd":	2449280,
					"rtt":	2504061,
					"rttvar":	22629,
					"pmtu":	1500,
					"omitted":	false,
					"sender":	true
				}],
			"sum":	{
				"start":	25.001034,
				"end":	26.00103,
				"seconds":	0.9999960064888,
				"bytes":	0,
				"bits_per_second":	0,
				"retransmits":	0,
				"omitted":	false,
				"sender":	true
			}
		}, {
			"streams":	[{
					"socket":	6,
					"start":	26.00103,
					"end":	27.001023,
					"seconds":	0.99999302625656128,
					"bytes":	0,
					"bits_per_second":	0,
					"retransmits":	0,
					"snd_cwnd":	5792,
					"snd_wnd":	2449280,
					"rtt":	2504061,
					"rttvar":	22629,
					"pmtu":	1500,
					"omitted":	false,
					"sender":	true
				}],
			"sum":	{
				"start":	26.00103,
				"end":	27.001023,
				"seconds":	0.99999302625656128,
				"bytes":	0,
				"bits_per_second":	0,
				"retransmits":	0,
				"omitted":	false,
				"sender":	true
			}
		}, {
			"streams":	[{
					"socket":	6,
					"start":	27.001023,
					"end":	28.001027,
					"seconds":	1.0000040531158447,
					"bytes":	0,
					"bits_per_second":	0,
					"retransmits":	0,
					"snd_cwnd":	880384,
					"snd_wnd":	2448128,
					"rtt":	2432282,
					"rttvar":	38882,
					"pmtu":	1500,
					"omitted":	false,
					"sender":	true
				}],
			"sum":	{
				"start":	27.001023,
				"end":	28.001027,
				"seconds":	1.0000040531158447,
				"bytes":	0,
				"bits_per_second":	0,
				"retransmits":	0,
				"omitted":	false,
				"sender":	true
			}
		}, {
			"streams":	[{
					"socket":	6,
					"start":	28.001027,
					"end":	29.001037,
					"seconds":	1.0000100135803223,
					"bytes":	0,
					"bits_per_second":	0,
					"retransmits":	0,
					"snd_cwnd":	880384,
					"snd_wnd":	2448128,
					"rtt":	2432282,
					"rttvar":	38882,
					"pmtu":	1500,
					"omitted":	false,
					"sender":	true
				}],
			"sum":	{
				"start":	28.001027,
				"end":	29.001037,
				"seconds":	1.0000100135803223,
				"bytes":	0,
				"bits_per_second":	0,
				"retransmits":	0,
				"omitted":	false,
				"sender":	true
			}
		}, {
			"streams":	[{
					"socket":	6,
					"start":	29.001037,
					"end":	30.00103,
					"seconds":	0.99999302625656128,
					"bytes":	0,
					"bits_per_second":	0,
					"retransmits":	0,
					"snd_cwnd":	1141024,
					"snd_wnd":	2449280,
					"rtt":	1970364,
					"rttvar":	22652,
					"pmtu":	1500,
					"omitted":	false,
					"sender":	true
				}],
			"sum":	{
				"start":	29.001037,
				"end":	30.00103,
				"seconds":	0.99999302625656128,
				"bytes":	0,
				"bits_per_second":	0,
				"retransmits":	0,
				"omitted":	false,
				"sender":	true
			}
		}, {
			"streams":	[{
					"socket":	6,
					"start":	30.00103,
					"end":	31.001061,
					"seconds":	1.0000309944152832,
					"bytes":	0,
					"bits_per_second":	0,
					"retransmits":	0,
					"snd_cwnd":	1209080,
					"snd_wnd":	2449280,
					"rtt":	1904314,
					"rttvar":	22642,
					"pmtu":	1500,
					"omitted":	false,
					"sender":	true
				}],
			"sum":	{
				"start":	30.00103,
				"end":	31.001061,
				"seconds":	1.0000309944152832,
				"bytes":	0,
				"bits_per_second":	0,
				"retransmits":	0,
				"omitted":	false,
				"sender":	true
			}
		}, {
			"streams":	[{
					"socket":	6,
					"start":	31.001061,
					"end":	32.00052,
					"seconds":	0.99945902824401855,
					"bytes":	1310720,
					"bits_per_second":	10491435.570323244,
					"retransmits":	0,
					"snd_cwnd":	1760768,
					"snd_wnd":	2449280,
					"rtt":	2465910,
					"rttvar":	22512,
					"pmtu":	1500,
					"omitted":	false,
					"sender":	true
				}],
			"sum":	{
				"start":	31.001061,
				"end":	32.00052,
				"seconds":	0.99945902824401855,
				"bytes":	1310720,
				"bits_per_second":	10491435.570323244,
				"retransmits":	0,
				"omitted":	false,
				"sender":	true
			}
		}, {
			"streams":	[{
					"socket":	6,
					"start":	32.00052,
					"end":	33.001033,
					"seconds":	1.000512957572937,
					"bytes":	0,
					"bits_per_second":	0,
					"retransmits":	0,
					"snd_cwnd":	1448000,
					"snd_wnd":	2449280,
					"rtt":	2619158,
					"rttvar":	22006,
					"pmtu":	1500,
					"omitted":	false,
					"sender":	true
				}],
			"sum":	{
				"start":	32.00052,
				"end":	33.001033,
				"seconds":	1.000512957572937,
				"bytes":	0,
				"bits_per_second":	0,
				"retransmits":	0,
				"omitted":	false,
				"sender":	true
			}
		}, {
			"streams":	[{
					"socket":	6,
					"start":	33.001033,
					"end":	34.001036,
					"seconds":	1.0000029802322388,
					"bytes":	0,
					"bits_per_second":	0,
					"retransmits":	0,
					"snd_cwnd":	1448000,
					"snd_wnd":	2449280,
					"rtt":	2540293,
					"rttvar":	112053,
					"pmtu":	1500,
					"omitted":	false,
					"sender":	true
				}],
			"sum":	{
				"start":	33.001033,
				"end":	34.001036,
				"seconds":	1.0000029802322388,
				"bytes":	0,
				"bits_per_second":	0,
				"retransmits":	0,
				"omitted":	false,
				"sender":	true
			}
		}, {
			"streams":	[{
					"socket":	6,
					"start":	34.001036,
					"end":	35.000461,
					"seconds":	0.99942499399185181,
					"bytes":	1310720,
					"bits_per_second":	10491792.8439215,
					"retransmits":	0,
					"snd_cwnd":	1526192,
					"snd_wnd":	2922624,
					"rtt":	2698607,
					"rttvar":	22620,
					"pmtu":	1500,
					"omitted":	false,
					"sender":	true
				}],
			"sum":	{
				"start":	34.001036,
				"end":	35.000461,
				"seconds":	0.99942499399185181,
				"bytes":	1310720,
				"bits_per_second":	10491792.8439215,
				"retransmits":	0,
				"omitted":	false,
				"sender":	true
			}
		}, {
			"streams":	[{
					"socket":	6,
					"start":	35.000461,
					"end":	36.001032,
					"seconds":	1.0005710124969482,
					"bytes":	0,
					"bits_per_second":	0,
					"retransmits":	0,
					"snd_cwnd":	1526192,
					"snd_wnd":	2921088,
					"rtt":	3562051,
					"rttvar":	286889,
					"pmtu":	1500,
					"omitted":	false,
					"sender":	true
				}],
			"sum":	{
				"start":	35.000461,
				"end":	36.001032,
				"seconds":	1.0005710124969482,
				"bytes":	0,
				"bits_per_second":	0,
				"retransmits":	0,
				"omitted":	false,
				"sender":	true
			}
		}, {
			"streams":	[{
					"socket":	6,
					"start":	36.001032,
					"end":	37.001035,
					"seconds":	1.0000029802322388,
					"bytes":	0,
					"bits_per_second":	0,
					"retransmits":	0,
					"snd_cwnd":	1724568,
					"snd_wnd":	2922624,
					"rtt":	2875089,
					"rttvar":	113167,
					"pmtu":	1500,
					"omitted":	false,
					"sender":	true
				}],
			"sum":	{
				"start":	36.001032,
				"end":	37.001035,
				"seconds":	1.0000029802322388,
				"bytes":	0,
				"bits_per_second":	0,
				"retransmits":	0,
				"omitted":	false,
				"sender":	true
			}
		}, {
			"streams":	[{
					"socket":	6,
					"start":	37.001035,
					"end":	38.001061,
					"seconds":	1.0000259876251221,
					"bytes":	0,
					"bits_per_second":	0,
					"retransmits":	0,
					"snd_cwnd":	1812896,
					"snd_wnd":	3143680,
					"rtt":	2685983,
					"rttvar":	40621,
					"pmtu":	1500,
					"omitted":	false,
					"sender":	true
				}],
			"sum":	{
				"start":	37.001035,
				"end":	38.001061,
				"seconds":	1.0000259876251221,
				"bytes":	0,
				"bits_per_second":	0,
				"retransmits":	0,
				"omitted":	false,
				"sender":	true
			}
		}, {
			"streams":	[{
					"socket":	6,
					"start":	38.001061,
					"end":	39.001039,
					"seconds":	0.999978005886078,
					"bytes":	0,
					"bits_per_second":	0,
					"retransmits":	0,
					"snd_cwnd":	1812896,
					"snd_wnd":	3142528,
					"rtt":	2726024,
					"rttvar":	256244,
					"pmtu":	1500,
					"omitted":	false,
					"sender":	true
				}],
			"sum":	{
				"start":	38.001061,
				"end":	39.001039,
				"seconds":	0.999978005886078,
				"bytes":	0,
				"bits_per_second":	0,
				"retransmits":	0,
				"omitted":	false,
				"sender":	true
			}
		}, {
			"streams":	[{
					"socket":	6,
					"start":	39.001039,
					"end":	40.000684,
					"seconds":	0.99964499473571777,
					"bytes":	1310720,
					"bits_per_second":	10489483.821976405,
					"retransmits":	0,
					"snd_cwnd":	1812896,
					"snd_wnd":	3143680,
					"rtt":	2659530,
					"rttvar":	30692,
					"pmtu":	1500,
					"omitted":	false,
					"sender":	true
				}],
			"sum":	{
				"start":	39.001039,
				"end":	40.000684,
				"seconds":	0.99964499473571777,
				"bytes":	1310720,
				"bits_per_second":	10489483.821976405,
				"retransmits":	0,
				"omitted":	false,
				"sender":	true
			}
		}, {
			"streams":	[{
					"socket":	6,
					"start":	40.000684,
					"end":	41.001035,
					"seconds":	1.0003509521484375,
					"bytes":	0,
					"bits_per_second":	0,
					"retransmits":	0,
					"snd_cwnd":	5792,
					"snd_wnd":	3143680,
					"rtt":	3428256,
					"rttvar":	26869,
					"pmtu":	1500,
					"omitted":	false,
					"sender":	true
				}],
			"sum":	{
				"start":	40.000684,
				"end":	41.001035,
				"seconds":	1.0003509521484375,
				"bytes":	0,
				"bits_per_second":	0,
				"retransmits":	0,
				"omitted":	false,
				"sender":	true
			}
		}, {
			"streams":	[{
					"socket":	6,
					"start":	41.001035,
					"end":	42.000683,
					"seconds":	0.99964797496795654,
					"bytes":	1310720,
					"bits_per_second":	10489452.549869986,
					"retransmits":	0,
					"snd_cwnd":	5792,
					"snd_wnd":	3143680,
					"rtt":	2815248,
					"rttvar":	41337,
					"pmtu":	1500,
					"omitted":	false,
					"sender":	true
				}],
			"sum":	{
				"start":	41.001035,
				"end":	42.000683,
				"seconds":	0.99964797496795654,
				"bytes":	1310720,
				"bits_per_second":	10489452.549869986,
				"retransmits":	0,
				"omitted":	false,
				"sender":	true
			}
		}, {
			"streams":	[{
					"socket":	6,
					"start":	42.000683,
					"end":	43.001062,
					"seconds":	1.0003789663314819,
					"bytes":	0,
					"bits_per_second":	0,
					"retransmits":	0,
					"snd_cwnd":	5792,
					"snd_wnd":	3143936,
					"rtt":	3091100,
					"rttvar":	31017,
					"pmtu":	1500,
					"omitted":	false,
					"sender":	true
				}],
			"sum":	{
				"start":	42.000683,
				"end":	43.001062,
				"seconds":	1.0003789663314819,
				"bytes":	0,
				"bits_per_second":	0,
				"retransmits":	0,
				"omitted":	false,
				"sender":	true
			}
		}, {
			"streams":	[{
					"socket":	6,
					"start":	43.001062,
					"end":	44.001028,
					"seconds":	0.999966025352478,
					"bytes":	0,
					"bits_per_second":	0,
					"retransmits":	0,
					"snd_cwnd":	5792,
					"snd_wnd":	3143936,
					"rtt":	2878681,
					"rttvar":	31093,
					"pmtu":	1500,
					"omitted":	false,
					"sender":	true
				}],
			"sum":	{
				"start":	43.001062,
				"end":	44.001028,
				"seconds":	0.999966025352478,
				"bytes":	0,
				"bits_per_second":	0,
				"retransmits":	0,
				"omitted":	false,
				"sender":	true
			}
		}, {
			"streams":	[{
					"socket":	6,
					"start":	44.001028,
					"end":	45.000717,
					"seconds":	0.999688982963562,
					"bytes":	1310720,
					"bits_per_second":	10489022.264619874,
					"retransmits":	0,
					"snd_cwnd":	5792,
					"snd_wnd":	3143936,
					"rtt":	3703097,
					"rttvar":	24796,
					"pmtu":	1500,
					"omitted":	false,
					"sender":	true
				}],
			"sum":	{
				"start":	44.001028,
				"end":	45.000717,
				"seconds":	0.999688982963562,
				"bytes":	1310720,
				"bits_per_second":	10489022.264619874,
				"retransmits":	0,
				"omitted":	false,
				"sender":	true
			}
		}, {
			"streams":	[{
					"socket":	6,
					"start":	45.000717,
					"end":	46.00106,
					"seconds":	1.0003429651260376,
					"bytes":	0,
					"bits_per_second":	0,
					"retransmits":	0,
					"snd_cwnd":	5792,
					"snd_wnd":	3143936,
					"rtt":	3703097,
					"rttvar":	24796,
					"pmtu":	1500,
					"omitted":	false,
					"sender":	true
				}],
			"sum":	{
				"start":	45.000717,
				"end":	46.00106,
				"seconds":	1.0003429651260376,
				"bytes":	0,
				"bits_per_second":	0,
				"retransmits":	0,
				"omitted":	false,
				"sender":	true
			}
		}, {
			"streams":	[{
					"socket":	6,
					"start":	46.00106,
					"end":	47.001026,
					"seconds":	0.999966025352478,
					"bytes":	0,
					"bits_per_second":	0,
					"retransmits":	0,
					"snd_cwnd":	1818688,
					"snd_wnd":	3143936,
					"rtt":	3205636,
					"rttvar":	142727,
					"pmtu":	1500,
					"omitted":	false,
					"sender":	true
				}],
			"sum":	{
				"start":	46.00106,
				"end":	47.001026,
				"seconds":	0.999966025352478,
				"bytes":	0,
				"bits_per_second":	0,
				"retransmits":	0,
				"omitted":	false,
				"sender":	true
			}
		}, {
			"streams":	[{
					"socket":	6,
					"start":	47.001026,
					"end":	48.001027,
					"seconds":	1.0000009536743164,
					"bytes":	0,
					"bits_per_second":	0,
					"retransmits":	0,
					"snd_cwnd":	1818688,
					"snd_wnd":	3143936,
					"rtt":	3205636,
					"rttvar":	142727,
					"pmtu":	1500,
					"omitted":	false,
					"sender":	true
				}],
			"sum":	{
				"start":	47.001026,
				"end":	48.001027,
				"seconds":	1.0000009536743164,
				"bytes":	0,
				"bits_per_second":	0,
				"retransmits":	0,
				"omitted":	false,
				"sender":	true
			}
		}, {
			"streams":	[{
					"socket":	6,
					"start":	48.001027,
					"end":	49.001028,
					"seconds":	1.0000009536743164,
					"bytes":	0,
					"bits_per_second":	0,
					"retransmits":	0,
					"snd_cwnd":	1804208,
					"snd_wnd":	3143936,
					"rtt":	1900895,
					"rttvar":	31148,
					"pmtu":	1500,
					"omitted":	false,
					"sender":	true
				}],
			"sum":	{
				"start":	48.001027,
				"end":	49.001028,
				"seconds":	1.0000009536743164,
				"bytes":	0,
				"bits_per_second":	0,
				"retransmits":	0,
				"omitted":	false,
				"sender":	true
			}
		}, {
			"streams":	[{
					"socket":	6,
					"start":	49.001028,
					"end":	50.001026,
					"seconds":	0.99999797344207764,
					"bytes":	0,
					"bits_per_second":	0,
					"retransmits":	0,
					"snd_cwnd":	1772352,
					"snd_wnd":	3143680,
					"rtt":	1977871,
					"rttvar":	240471,
					"pmtu":	1500,
					"omitted":	false,
					"sender":	true
				}],
			"sum":	{
				"start":	49.001028,
				"end":	50.001026,
				"seconds":	0.99999797344207764,
				"bytes":	0,
				"bits_per_second":	0,
				"retransmits":	0,
				"omitted":	false,
				"sender":	true
			}
		}, {
			"streams":	[{
					"socket":	6,
					"start":	50.001026,
					"end":	51.00103,
					"seconds":	1.0000040531158447,
					"bytes":	0,
					"bits_per_second":	0,
					"retransmits":	0,
					"snd_cwnd":	1772352,
					"snd_wnd":	3143936,
					"rtt":	2336990,
					"rttvar":	111829,
					"pmtu":	1500,
					"omitted":	false,
					"sender":	true
				}],
			"sum":	{
				"start":	50.001026,
				"end":	51.00103,
				"seconds":	1.0000040531158447,
				"bytes":	0,
				"bits_per_second":	0,
				"retransmits":	0,
				"omitted":	false,
				"sender":	true
			}
		}, {
			"streams":	[{
					"socket":	6,
					"start":	51.00103,
					"end":	52.001032,
					"seconds":	1.0000020265579224,
					"bytes":	0,
					"bits_per_second":	0,
					"retransmits":	0,
					"snd_cwnd":	1772352,
					"snd_wnd":	3143936,
					"rtt":	2809446,
					"rttvar":	30825,
					"pmtu":	1500,
					"omitted":	false,
					"sender":	true
				}],
			"sum":	{
				"start":	51.00103,
				"end":	52.001032,
				"seconds":	1.0000020265579224,
				"bytes":	0,
				"bits_per_second":	0,
				"retransmits":	0,
				"omitted":	false,
				"sender":	true
			}
		}, {
			"streams":	[{
					"socket":	6,
					"start":	52.001032,
					"end":	53.00104,
					"seconds":	1.0000079870224,
					"bytes":	0,
					"bits_per_second":	0,
					"retransmits":	0,
					"snd_cwnd":	1772352,
					"snd_wnd":	3143936,
					"rtt":	2573623,
					"rttvar":	29978,
					"pmtu":	1500,
					"omitted":	false,
					"sender":	true
				}],
			"sum":	{
				"start":	52.001032,
				"end":	53.00104,
				"seconds":	1.0000079870224,
				"bytes":	0,
				"bits_per_second":	0,
				"retransmits":	0,
				"omitted":	false,
				"sender":	true
			}
		}, {
			"streams":	[{
					"socket":	6,
					"start":	53.00104,
					"end":	54.00044,
					"seconds":	0.999400019645691,
					"bytes":	1310720,
					"bits_per_second":	10492055.026892465,
					"retransmits":	0,
					"snd_cwnd":	1772352,
					"snd_wnd":	3143936,
					"rtt":	2740568,
					"rttvar":	30831,
					"pmtu":	1500,
					"omitted":	false,
					"sender":	true
				}],
			"sum":	{
				"start":	53.00104,
				"end":	54.00044,
				"seconds":	0.999400019645691,
				"bytes":	1310720,
				"bits_per_second":	10492055.026892465,
				"retransmits":	0,
				"omitted":	false,
				"sender":	true
			}
		}, {
			"streams":	[{
					"socket":	6,
					"start":	54.00044,
					"end":	55.001067,
					"seconds":	1.0006270408630371,
					"bytes":	0,
					"bits_per_second":	0,
					"retransmits":	0,
					"snd_cwnd":	1772352,
					"snd_wnd":	3143936,
					"rtt":	3694235,
					"rttvar":	22981,
					"pmtu":	1500,
					"omitted":	false,
					"sender":	true
				}],
			"sum":	{
				"start":	54.00044,
				"end":	55.001067,
				"seconds":	1.0006270408630371,
				"bytes":	0,
				"bits_per_second":	0,
				"retransmits":	0,
				"omitted":	false,
				"sender":	true
			}
		}, {
			"streams":	[{
					"socket":	6,
					"start":	55.001067,
					"end":	56.001063,
					"seconds":	0.9999960064888,
					"bytes":	0,
					"bits_per_second":	0,
					"retransmits":	0,
					"snd_cwnd":	1775248,
					"snd_wnd":	3143936,
					"rtt":	2896615,
					"rttvar":	121153,
					"pmtu":	1500,
					"omitted":	false,
					"sender":	true
				}],
			"sum":	{
				"start":	55.001067,
				"end":	56.001063,
				"seconds":	0.9999960064888,
				"bytes":	0,
				"bits_per_second":	0,
				"retransmits":	0,
				"omitted":	false,
				"sender":	true
			}
		}, {
			"streams":	[{
					"socket":	6,
					"start":	56.001063,
					"end":	57.000117,
					"seconds":	0.99905401468276978,
					"bytes":	1310720,
					"bits_per_second":	10495688.767468244,
					"retransmits":	0,
					"snd_cwnd":	1772352,
					"snd_wnd":	3143936,
					"rtt":	3385539,
					"rttvar":	30593,
					"pmtu":	1500,
					"omitted":	false,
					"sender":	true
				}],
			"sum":	{
				"start":	56.001063,
				"end":	57.000117,
				"seconds":	0.99905401468276978,
				"bytes":	1310720,
				"bits_per_second":	10495688.767468244,
				"retransmits":	0,
				"omitted":	false,
				"sender":	true
			}
		}, {
			"streams":	[{
					"socket":	6,
					"start":	57.000117,
					"end":	58.001062,
					"seconds":	1.000944972038269,
					"bytes":	0,
					"bits_per_second":	0,
					"retransmits":	0,
					"snd_cwnd":	1772352,
					"snd_wnd":	3143936,
					"rtt":	2908513,
					"rttvar":	31074,
					"pmtu":	1500,
					"omitted":	false,
					"sender":	true
				}],
			"sum":	{
				"start":	57.000117,
				"end":	58.001062,
				"seconds":	1.000944972038269,
				"bytes":	0,
				"bits_per_second":	0,
				"retransmits":	0,
				"omitted":	false,
				"sender":	true
			}
		}, {
			"streams":	[{
					"socket":	6,
					"start":	58.001062,
					"end":	59.000312,
					"seconds":	0.99924999475479126,
					"bytes":	1310720,
					"bits_per_second":	10493630.277749594,
					"retransmits":	0,
					"snd_cwnd":	1772352,
					"snd_wnd":	3143936,
					"rtt":	3227326,
					"rttvar":	20891,
					"pmtu":	1500,
					"omitted":	false,
					"sender":	true
				}],
			"sum":	{
				"start":	58.001062,
				"end":	59.000312,
				"seconds":	0.99924999475479126,
				"bytes":	1310720,
				"bits_per_second":	10493630.277749594,
				"retransmits":	0,
				"omitted":	false,
				"sender":	true
			}
		}, {
			"streams":	[{
					"socket":	6,
					"start":	59.000312,
					"end":	60.001265,
					"seconds":	1.0009529590606689,
					"bytes":	0,
					"bits_per_second":	0,
					"retransmits":	0,
					"snd_cwnd":	5792,
					"snd_wnd":	3142528,
					"rtt":	3145993,
					"rttvar":	208333,
					"pmtu":	1500,
					"omitted":	false,
					"sender":	true
				}],
			"sum":	{
				"start":	59.000312,
				"end":	60.001265,
				"seconds":	1.0009529590606689,
				"bytes":	0,
				"bits_per_second":	0,
				"retransmits":	0,
				"omitted":	false,
				"sender":	true
			}
		}],
	"end":	{
		"streams":	[{
				"sender":	{
					"socket":	6,
					"start":	0,
					"end":	60.001265,
					"seconds":	60.001265,
					"bytes":	24248320,
					"bits_per_second":	3233041.1700486648,
					"retransmits":	0,
					"max_snd_cwnd":	1818688,
					"max_snd_wnd":	3143936,
					"max_rtt":	3703097,
					"min_rtt":	204511,
					"mean_rtt":	2215611,
					"sender":	true
				},
				"receiver":	{
					"socket":	6,
					"start":	0,
					"end":	63.294064,
					"seconds":	60.001265,
					"bytes":	21911136,
					"bits_per_second":	2769439.6112722354,
					"sender":	true
				}
			}],
		"sum_sent":	{
			"start":	0,
			"end":	60.001265,
			"seconds":	60.001265,
			"bytes":	24248320,
			"bits_per_second":	3233041.1700486648,
			"retransmits":	0,
			"sender":	true
		},
		"sum_received":	{
			"start":	0,
			"end":	63.294064,
			"seconds":	63.294064,
			"bytes":	21911136,
			"bits_per_second":	2769439.6112722354,
			"sender":	true
		},
		"cpu_utilization_percent":	{
			"host_total":	0.34476688747174233,
			"host_user":	0.044370871807947986,
			"host_system":	0.30039437101900363,
			"remote_total":	0.33411972074038709,
			"remote_user":	0.041597887852985425,
			"remote_system":	0.29252183288740169
		},
		"sender_tcp_congestion":	"bbr",
		"receiver_tcp_congestion":	"bbr"
	}
}
