{
	"start":	{
		"connected":	[{
				"socket":	6,
				"local_host":	"192.168.101.210",
				"local_port":	56504,
				"remote_host":	"192.168.100.168",
				"remote_port":	5202
			}],
		"version":	"iperf 3.11",
		"system_info":	"Linux f1 6.0.10-300.fc37.x86_64 #1 SMP PREEMPT_DYNAMIC Sat Nov 26 16:55:13 UTC 2022 x86_64",
		"timestamp":	{
			"time":	"Sat, 10 Dec 2022 20:20:39 GMT",
			"timesecs":	1670703639
		},
		"connecting_to":	{
			"host":	"192.168.100.168",
			"port":	5202
		},
		"cookie":	"pc2khvh4kqvezu44eapb4nvmu4yjj5z7rhvo",
		"tcp_mss_default":	1448,
		"target_bitrate":	0,
		"sock_bufsize":	0,
		"sndbuf_actual":	16384,
		"rcvbuf_actual":	131072,
		"test_start":	{
			"protocol":	"TCP",
			"num_streams":	1,
			"blksize":	131072,
			"omit":	0,
			"duration":	60,
			"bytes":	0,
			"blocks":	0,
			"reverse":	0,
			"tos":	0,
			"target_bitrate":	0
		}
	},
	"intervals":	[{
			"streams":	[{
					"socket":	6,
					"start":	0,
					"end":	1.000329,
					"seconds":	1.00032901763916,
					"bytes":	3123336,
					"bits_per_second":	24978469.642888263,
					"retransmits":	0,
					"snd_cwnd":	60816,
					"snd_wnd":	924416,
					"rtt":	93144,
					"rttvar":	943,
					"pmtu":	1500,
					"omitted":	false,
					"sender":	true
				}],
			"sum":	{
				"start":	0,
				"end":	1.000329,
				"seconds":	1.00032901763916,
				"bytes":	3123336,
				"bits_per_second":	24978469.642888263,
				"retransmits":	0,
				"omitted":	false,
				"sender":	true
			}
		}, {
			"streams":	[{
					"socket":	6,
					"start":	1.000329,
					"end":	2.000691,
					"seconds":	1.0003620386123657,
					"bytes":	586440,
					"bits_per_second":	4689822.103313474,
					"retransmits":	0,
					"snd_cwnd":	40544,
					"snd_wnd":	924416,
					"rtt":	136321,
					"rttvar":	3820,
					"pmtu":	1500,
					"omitted":	false,
					"sender":	true
				}],
			"sum":	{
				"start":	1.000329,
				"end":	2.000691,
				"seconds":	1.0003620386123657,
				"bytes":	586440,
				"bits_per_second":	4689822.103313474,
				"retransmits":	0,
				"omitted":	false,
				"sender":	true
			}
		}, {
			"streams":	[{
					"socket":	6,
					"start":	2.000691,
					"end":	3.001064,
					"seconds":	1.0003730058670044,
					"bytes":	0,
					"bits_per_second":	0,
					"retransmits":	0,
					"snd_cwnd":	20272,
					"snd_wnd":	924416,
					"rtt":	174109,
					"rttvar":	7345,
					"pmtu":	1500,
					"omitted":	false,
					"sender":	true
				}],
			"sum":	{
				"start":	2.000691,
				"end":	3.001064,
				"seconds":	1.0003730058670044,
				"bytes":	0,
				"bits_per_second":	0,
				"retransmits":	0,
				"omitted":	false,
				"sender":	true
			}
		}, {
			"streams":	[{
					"socket":	6,
					"start":	3.001064,
					"end":	4.001036,
					"seconds":	0.99997198581695557,
					"bytes":	0,
					"bits_per_second":	0,
					"retransmits":	0,
					"snd_cwnd":	23168,
					"snd_wnd":	924416,
					"rtt":	222373,
					"rttvar":	10240,
					"pmtu":	1500,
					"omitted":	false,
					"sender":	true
				}],
			"sum":	{
				"start":	3.001064,
				"end":	4.001036,
				"seconds":	0.99997198581695557,
				"bytes":	0,
				"bits_per_second":	0,
				"retransmits":	0,
				"omitted":	false,
				"sender":	true
			}
		}, {
			"streams":	[{
					"socket":	6,
					"start":	4.001036,
					"end":	5.001068,
					"seconds":	1.0000319480895996,
					"bytes":	0,
					"bits_per_second":	0,
					"retransmits":	0,
					"snd_cwnd":	20272,
					"snd_wnd":	924416,
					"rtt":	246580,
					"rttvar":	17216,
					"pmtu":	1500,
					"omitted":	false,
					"sender":	true
				}],
			"sum":	{
				"start":	4.001036,
				"end":	5.001068,
				"seconds":	1.0000319480895996,
				"bytes":	0,
				"bits_per_second":	0,
				"retransmits":	0,
				"omitted":	false,
				"sender":	true
			}
		}, {
			"streams":	[{
					"socket":	6,
					"start":	5.001068,
					"end":	6.000541,
					"seconds":	0.999472975730896,
					"bytes":	586440,
					"bits_per_second":	4693993.8486772776,
					"retransmits":	0,
					"snd_cwnd":	14480,
					"snd_wnd":	924416,
					"rtt":	252350,
					"rttvar":	18543,
					"pmtu":	1500,
					"omitted":	false,
					"sender":	true
				}],
			"sum":	{
				"start":	5.001068,
				"end":	6.000541,
				"seconds":	0.999472975730896,
				"bytes":	586440,
				"bits_per_second":	4693993.8486772776,
				"retransmits":	0,
				"omitted":	false,
				"sender":	true
			}
		}, {
			"streams":	[{
					"socket":	6,
					"start":	6.000541,
					"end":	7.001036,
					"seconds":	1.0004949569702148,
					"bytes":	0,
					"bits_per_second":	0,
					"retransmits":	0,
					"snd_cwnd":	14480,
					"snd_wnd":	924416,
					"rtt":	264870,
					"rttvar":	20907,
					"pmtu":	1500,
					"omitted":	false,
					"sender":	true
				}],
			"sum":	{
				"start":	6.000541,
				"end":	7.001036,
				"seconds":	1.0004949569702148,
				"bytes":	0,
				"bits_per_second":	0,
				"retransmits":	0,
				"omitted":	false,
				"sender":	true
			}
		}, {
			"streams":	[{
					"socket":	6,
					"start":	7.001036,
					"end":	8.001035,
					"seconds":	0.99999898672103882,
					"bytes":	0,
					"bits_per_second":	0,
					"retransmits":	0,
					"snd_cwnd":	11584,
					"snd_wnd":	924416,
					"rtt":	268734,
					"rttvar":	17259,
					"pmtu":	1500,
					"omitted":	false,
					"sender":	true
				}],
			"sum":	{
				"start":	7.001036,
				"end":	8.001035,
				"seconds":	0.99999898672103882,
				"bytes":	0,
				"bits_per_second":	0,
				"retransmits":	0,
				"omitted":	false,
				"sender":	true
			}
		}, {
			"streams":	[{
					"socket":	6,
					"start":	8.001035,
					"end":	9.001046,
					"seconds":	1.0000109672546387,
					"bytes":	0,
					"bits_per_second":	0,
					"retransmits":	0,
					"snd_cwnd":	11584,
					"snd_wnd":	924416,
					"rtt":	277484,
					"rttvar":	19357,
					"pmtu":	1500,
					"omitted":	false,
					"sender":	true
				}],
			"sum":	{
				"start":	8.001035,
				"end":	9.001046,
				"seconds":	1.0000109672546387,
				"bytes":	0,
				"bits_per_second":	0,
				"retransmits":	0,
				"omitted":	false,
				"sender":	true
			}
		}, {
			"streams":	[{
					"socket":	6,
					"start":	9.001046,
					"end":	10.001036,
					"seconds":	0.99998998641967773,
					"bytes":	0,
					"bits_per_second":	0,
					"retransmits":	0,
					"snd_cwnd":	11584,
					"snd_wnd":	924416,
					"rtt":	277934,
					"rttvar":	13458,
					"pmtu":	1500,
					"omitted":	false,
					"sender":	true
				}],
			"sum":	{
				"start":	9.001046,
				"end":	10.001036,
				"seconds":	0.99998998641967773,
				"bytes":	0,
				"bits_per_second":	0,
				"retransmits":	0,
				"omitted":	false,
				"sender":	true
			}
		}, {
			"streams":	[{
					"socket":	6,
					"start":	10.001036,
					"end":	11.001065,
					"seconds":	1.0000289678573608,
					"bytes":	0,
					"bits_per_second":	0,
					"retransmits":	0,
					"snd_cwnd":	28960,
					"snd_wnd":	924416,
					"rtt":	275987,
					"rttvar":	16915,
					"pmtu":	1500,
					"omitted":	false,
					"sender":	true
				}],
			"sum":	{
				"start":	10.001036,
				"end":	11.001065,
				"seconds":	1.0000289678573608,
				"bytes":	0,
				"bits_per_second":	0,
				"retransmits":	0,
				"omitted":	false,
				"sender":	true
			}
		}, {
			"streams":	[{
					"socket":	6,
					"start":	11.001065,
					"end":	12.001064,
					"seconds":	0.99999898672103882,
					"bytes":	0,
					"bits_per_second":	0,
					"retransmits":	0,
					"snd_cwnd":	37648,
					"snd_wnd":	924416,
					"rtt":	271216,
					"rttvar":	14196,
					"pmtu":	1500,
					"omitted":	false,
					"sender":	true
				}],
			"sum":	{
				"start":	11.001065,
				"end":	12.001064,
				"seconds":	0.99999898672103882,
				"bytes":	0,
				"bits_per_second":	0,
				"retransmits":	0,
				"omitted":	false,
				"sender":	true
			}
		}, {
			"streams":	[{
					"socket":	6,
					"start":	12.001064,
					"end":	13.001035,
					"seconds":	0.99997097253799438,
					"bytes":	0,
					"bits_per_second":	0,
					"retransmits":	0,
					"snd_cwnd":	55024,
					"snd_wnd":	924416,
					"rtt":	265903,
					"rttvar":	10876,
					"pmtu":	1500,
					"omitted":	false,
					"sender":	true
				}],
			"sum":	{
				"start":	12.001064,
				"end":	13.001035,
				"seconds":	0.99997097253799438,
				"bytes":	0,
				"bits_per_second":	0,
				"retransmits":	0,
				"omitted":	false,
				"sender":	true
			}
		}, {
			"streams":	[{
					"socket":	6,
					"start":	13.001035,
					"end":	14.001065,
					"seconds":	1.0000300407409668,
					"bytes":	0,
					"bits_per_second":	0,
					"retransmits":	0,
					"snd_cwnd":	63712,
					"snd_wnd":	924416,
					"rtt":	265087,
					"rttvar":	9657,
					"pmtu":	1500,
					"omitted":	false,
					"sender":	true
				}],
			"sum":	{
				"start":	13.001035,
				"end":	14.001065,
				"seconds":	1.0000300407409668,
				"bytes":	0,
				"bits_per_second":	0,
				"retransmits":	0,
				"omitted":	false,
				"sender":	true
			}
		}, {
			"streams":	[{
					"socket":	6,
					"start":	14.001065,
					"end":	15.000271,
					"seconds":	0.999206006526947,
					"bytes":	586440,
					"bits_per_second":	4695247.9962633979,
					"retransmits":	0,
					"snd_cwnd":	75296,
					"snd_wnd":	924416,
					"rtt":	265274,
					"rttvar":	9491,
					"pmtu":	1500,
					"omitted":	false,
					"sender":	true
				}],
			"sum":	{
				"start":	14.001065,
				"end":	15.000271,
				"seconds":	0.999206006526947,
				"bytes":	586440,
				"bits_per_second":	4695247.9962633979,
				"retransmits":	0,
				"omitted":	false,
				"sender":	true
			}
		}, {
			"streams":	[{
					"socket":	6,
					"start":	15.000271,
					"end":	16.001034,
					"seconds":	1.0007630586624146,
					"bytes":	0,
					"bits_per_second":	0,
					"retransmits":	0,
					"snd_cwnd":	75296,
					"snd_wnd":	924416,
					"rtt":	264392,
					"rttvar":	10825,
					"pmtu":	1500,
					"omitted":	false,
					"sender":	true
				}],
			"sum":	{
				"start":	15.000271,
				"end":	16.001034,
				"seconds":	1.0007630586624146,
				"bytes":	0,
				"bits_per_second":	0,
				"retransmits":	0,
				"omitted":	false,
				"sender":	true
			}
		}, {
			"streams":	[{
					"socket":	6,
					"start":	16.001034,
					"end":	17.001065,
					"seconds":	1.0000309944152832,
					"bytes":	0,
					"bits_per_second":	0,
					"retransmits":	0,
					"snd_cwnd":	98464,
					"snd_wnd":	924416,
					"rtt":	258405,
					"rttvar":	10251,
					"pmtu":	1500,
					"omitted":	false,
					"sender":	true
				}],
			"sum":	{
				"start":	16.001034,
				"end":	17.001065,
				"seconds":	1.0000309944152832,
				"bytes":	0,
				"bits_per_second":	0,
				"retransmits":	0,
				"omitted":	false,
				"sender":	true
			}
		}, {
			"streams":	[{
					"socket":	6,
					"start":	17.001065,
					"end":	18.001064,
					"seconds":	0.99999898672103882,
					"bytes":	0,
					"bits_per_second":	0,
					"retransmits":	0,
					"snd_cwnd":	115840,
					"snd_wnd":	924416,
					"rtt":	255855,
					"rttvar":	11996,
					"pmtu":	1500,
					"omitted":	false,
					"sender":	true
				}],
			"sum":	{
				"start":	17.001065,
				"end":	18.001064,
				"seconds":	0.99999898672103882,
				"bytes":	0,
				"bits_per_second":	0,
				"retransmits":	0,
				"omitted":	false,
				"sender":	true
			}
		}, {
			"streams":	[{
					"socket":	6,
					"start":	18.001064,
					"end":	19.000796,
					"seconds":	0.99973201751709,
					"bytes":	586440,
					"bits_per_second":	4692777.58218822,
					"retransmits":	0,
					"snd_cwnd":	130320,
					"snd_wnd":	924416,
					"rtt":	257591,
					"rttvar":	10810,
					"pmtu":	1500,
					"omitted":	false,
					"sender":	true
				}],
			"sum":	{
				"start":	18.001064,
				"end":	19.000796,
				"seconds":	0.99973201751709,
				"bytes":	586440,
				"bits_per_second":	4692777.58218822,
				"retransmits":	0,
				"omitted":	false,
				"sender":	true
			}
		}, {
			"streams":	[{
					"socket":	6,
					"start":	19.000796,
					"end":	20.001033,
					"seconds":	1.000236988067627,
					"bytes":	0,
					"bits_per_second":	0,
					"retransmits":	0,
					"snd_cwnd":	136112,
					"snd_wnd":	924416,
					"rtt":	253595,
					"rttvar":	12591,
					"pmtu":	1500,
					"omitted":	false,
					"sender":	true
				}],
			"sum":	{
				"start":	19.000796,
				"end":	20.001033,
				"seconds":	1.000236988067627,
				"bytes":	0,
				"bits_per_second":	0,
				"retransmits":	0,
				"omitted":	false,
				"sender":	true
			}
		}, {
			"streams":	[{
					"socket":	6,
					"start":	20.001033,
					"end":	21.000348,
					"seconds":	0.99931502342224121,
					"bytes":	586440,
					"bits_per_second":	4694735.78405084,
					"retransmits":	0,
					"snd_cwnd":	156384,
					"snd_wnd":	924416,
					"rtt":	256277,
					"rttvar":	11338,
					"pmtu":	1500,
					"omitted":	false,
					"sender":	true
				}],
			"sum":	{
				"start":	20.001033,
				"end":	21.000348,
				"seconds":	0.99931502342224121,
				"bytes":	586440,
				"bits_per_second":	4694735.78405084,
				"retransmits":	0,
				"omitted":	false,
				"sender":	true
			}
		}, {
			"streams":	[{
					"socket":	6,
					"start":	21.000348,
					"end":	22.001037,
					"seconds":	1.0006890296936035,
					"bytes":	0,
					"bits_per_second":	0,
					"retransmits":	0,
					"snd_cwnd":	156384,
					"snd_wnd":	924416,
					"rtt":	244414,
					"rttvar":	11467,
					"pmtu":	1500,
					"omitted":	false,
					"sender":	true
				}],
			"sum":	{
				"start":	21.000348,
				"end":	22.001037,
				"seconds":	1.0006890296936035,
				"bytes":	0,
				"bits_per_second":	0,
				"retransmits":	0,
				"omitted":	false,
				"sender":	true
			}
		}, {
			"streams":	[{
					"socket":	6,
					"start":	22.001037,
					"end":	23.001034,
					"seconds":	0.99999701976776123,
					"bytes":	0,
					"bits_per_second":	0,
					"retransmits":	0,
					"snd_cwnd":	156384,
					"snd_wnd":	924416,
					"rtt":	252388,
					"rttvar":	11911,
					"pmtu":	1500,
					"omitted":	false,
					"sender":	true
				}],
			"sum":	{
				"start":	22.001037,
				"end":	23.001034,
				"seconds":	0.99999701976776123,
				"bytes":	0,
				"bits_per_second":	0,
				"retransmits":	0,
				"omitted":	false,
				"sender":	true
			}
		}, {
			"streams":	[{
					"socket":	6,
					"start":	23.001034,
					"end":	24.000973,
					"seconds":	0.99993902444839478,
					"bytes":	586440,
					"bits_per_second":	4691806.0854640864,
					"retransmits":	0,
					"snd_cwnd":	182448,
					"snd_wnd":	924416,
					"rtt":	252004,
					"rttvar":	10074,
					"pmtu":	1500,
					"omitted":	false,
					"sender":	true
				}],
			"sum":	{
				"start":	23.001034,
				"end":	24.000973,
				"seconds":	0.99993902444839478,
				"bytes":	586440,
				"bits_per_second":	4691806.0854640864,
				"retransmits":	0,
				"omitted":	false,
				"sender":	true
			}
		}, {
			"streams":	[{
					"socket":	6,
					"start":	24.000973,
					"end":	25.000393,
					"seconds":	0.99941998720169067,
					"bytes":	586440,
					"bits_per_second":	4694242.7208564673,
					"retransmits":	0,
					"snd_cwnd":	217200,
					"snd_wnd":	924416,
					"rtt":	252285,
					"rttvar":	8794,
					"pmtu":	1500,
					"omitted":	false,
					"sender":	true
				}],
			"sum":	{
				"start":	24.000973,
				"end":	25.000393,
				"seconds":	0.99941998720169067,
				"bytes":	586440,
				"bits_per_second":	4694242.7208564673,
				"retransmits":	0,
				"omitted":	false,
				"sender":	true
			}
		}, {
			"streams":	[{
					"socket":	6,
					"start":	25.000393,
					"end":	26.000288,
					"seconds":	0.99989497661590576,
					"bytes":	651600,
					"bits_per_second":	5213347.523399367,
					"retransmits":	0,
					"snd_cwnd":	214304,
					"snd_wnd":	924416,
					"rtt":	248970,
					"rttvar":	10236,
					"pmtu":	1500,
					"omitted":	false,
					"sender":	true
				}],
			"sum":	{
				"start":	25.000393,
				"end":	26.000288,
				"seconds":	0.99989497661590576,
				"bytes":	651600,
				"bits_per_second":	5213347.523399367,
				"retransmits":	0,
				"omitted":	false,
				"sender":	true
			}
		}, {
			"streams":	[{
					"socket":	6,
					"start":	26.000288,
					"end":	27.000242,
					"seconds":	0.9999539852142334,
					"bytes":	781920,
					"bits_per_second":	6255647.8522957545,
					"retransmits":	0,
					"snd_cwnd":	249056,
					"snd_wnd":	924416,
					"rtt":	263466,
					"rttvar":	13242,
					"pmtu":	1500,
					"omitted":	false,
					"sender":	true
				}],
			"sum":	{
				"start":	26.000288,
				"end":	27.000242,
				"seconds":	0.9999539852142334,
				"bytes":	781920,
				"bits_per_second":	6255647.8522957545,
				"retransmits":	0,
				"omitted":	false,
				"sender":	true
			}
		}, {
			"streams":	[{
					"socket":	6,
					"start":	27.000242,
					"end":	28.001062,
					"seconds":	1.00082004070282,
					"bytes":	0,
					"bits_per_second":	0,
					"retransmits":	0,
					"snd_cwnd":	266432,
					"snd_wnd":	924416,
					"rtt":	254253,
					"rttvar":	14787,
					"pmtu":	1500,
					"omitted":	false,
					"sender":	true
				}],
			"sum":	{
				"start":	27.000242,
				"end":	28.001062,
				"seconds":	1.00082004070282,
				"bytes":	0,
				"bits_per_second":	0,
				"retransmits":	0,
				"omitted":	false,
				"sender":	true
			}
		}, {
			"streams":	[{
					"socket":	6,
					"start":	28.001062,
					"end":	29.001012,
					"seconds":	0.99994999170303345,
					"bytes":	912240,
					"bits_per_second":	7298284.9748023665,
					"retransmits":	0,
					"snd_cwnd":	295392,
					"snd_wnd":	924416,
					"rtt":	249325,
					"rttvar":	9593,
					"pmtu":	1500,
					"omitted":	false,
					"sender":	true
				}],
			"sum":	{
				"start":	28.001062,
				"end":	29.001012,
				"seconds":	0.99994999170303345,
				"bytes":	912240,
				"bits_per_second":	7298284.9748023665,
				"retransmits":	0,
				"omitted":	false,
				"sender":	true
			}
		}, {
			"streams":	[{
					"socket":	6,
					"start":	29.001012,
					"end":	30.000546,
					"seconds":	0.999534010887146,
					"bytes":	912240,
					"bits_per_second":	7301322.33671835,
					"retransmits":	0,
					"snd_cwnd":	341728,
					"snd_wnd":	924416,
					"rtt":	269066,
					"rttvar":	9466,
					"pmtu":	1500,
					"omitted":	false,
					"sender":	true
				}],
			"sum":	{
				"start":	29.001012,
				"end":	30.000546,
				"seconds":	0.999534010887146,
				"bytes":	912240,
				"bits_per_second":	7301322.33671835,
				"retransmits":	0,
				"omitted":	false,
				"sender":	true
			}
		}, {
			"streams":	[{
					"socket":	6,
					"start":	30.000546,
					"end":	31.000589,
					"seconds":	1.0000430345535278,
					"bytes":	1042560,
					"bits_per_second":	8340121.08661267,
					"retransmits":	0,
					"snd_cwnd":	344624,
					"snd_wnd":	924416,
					"rtt":	256386,
					"rttvar":	15227,
					"pmtu":	1500,
					"omitted":	false,
					"sender":	true
				}],
			"sum":	{
				"start":	30.000546,
				"end":	31.000589,
				"seconds":	1.0000430345535278,
				"bytes":	1042560,
				"bits_per_second":	8340121.08661267,
				"retransmits":	0,
				"omitted":	false,
				"sender":	true
			}
		}, {
			"streams":	[{
					"socket":	6,
					"start":	31.000589,
					"end":	32.000533,
					"seconds":	0.999943971633911,
					"bytes":	1185008,
					"bits_per_second":	9480595.18225761,
					"retransmits":	0,
					"snd_cwnd":	405440,
					"snd_wnd":	924416,
					"rtt":	249972,
					"rttvar":	8852,
					"pmtu":	1500,
					"omitted":	false,
					"sender":	true
				}],
			"sum":	{
				"start":	31.000589,
				"end":	32.000533,
				"seconds":	0.999943971633911,
				"bytes":	1185008,
				"bits_per_second":	9480595.18225761,
				"retransmits":	0,
				"omitted":	false,
				"sender":	true
			}
		}, {
			"streams":	[{
					"socket":	6,
					"start":	32.000533,
					"end":	33.001063,
					"seconds":	1.0005300045013428,
					"bytes":	0,
					"bits_per_second":	0,
					"retransmits":	0,
					"snd_cwnd":	405440,
					"snd_wnd":	924416,
					"rtt":	267668,
					"rttvar":	9605,
					"pmtu":	1500,
					"omitted":	false,
					"sender":	true
				}],
			"sum":	{
				"start":	32.000533,
				"end":	33.001063,
				"seconds":	1.0005300045013428,
				"bytes":	0,
				"bits_per_second":	0,
				"retransmits":	0,
				"omitted":	false,
				"sender":	true
			}
		}, {
			"streams":	[{
					"socket":	6,
					"start":	33.001063,
					"end":	34.00055,
					"seconds":	0.99948698282241821,
					"bytes":	1225912,
					"bits_per_second":	9812329.8937876131,
					"retransmits":	0,
					"snd_cwnd":	399648,
					"snd_wnd":	924416,
					"rtt":	250943,
					"rttvar":	8777,
					"pmtu":	1500,
					"omitted":	false,
					"sender":	true
				}],
			"sum":	{
				"start":	33.001063,
				"end":	34.00055,
				"seconds":	0.99948698282241821,
				"bytes":	1225912,
				"bits_per_second":	9812329.8937876131,
				"retransmits":	0,
				"omitted":	false,
				"sender":	true
			}
		}, {
			"streams":	[{
					"socket":	6,
					"start":	34.00055,
					"end":	35.000396,
					"seconds":	0.99984598159790039,
					"bytes":	1264456,
					"bits_per_second":	10117206.235938171,
					"retransmits":	0,
					"snd_cwnd":	466256,
					"snd_wnd":	924416,
					"rtt":	278480,
					"rttvar":	8995,
					"pmtu":	1500,
					"omitted":	false,
					"sender":	true
				}],
			"sum":	{
				"start":	34.00055,
				"end":	35.000396,
				"seconds":	0.99984598159790039,
				"bytes":	1264456,
				"bits_per_second":	10117206.235938171,
				"retransmits":	0,
				"omitted":	false,
				"sender":	true
			}
		}, {
			"streams":	[{
					"socket":	6,
					"start":	35.000396,
					"end":	36.000088,
					"seconds":	0.99969202280044556,
					"bytes":	1310720,
					"bits_per_second":	10488990.369880268,
					"retransmits":	0,
					"snd_cwnd":	498112,
					"snd_wnd":	924416,
					"rtt":	248735,
					"rttvar":	8064,
					"pmtu":	1500,
					"omitted":	false,
					"sender":	true
				}],
			"sum":	{
				"start":	35.000396,
				"end":	36.000088,
				"seconds":	0.99969202280044556,
				"bytes":	1310720,
				"bits_per_second":	10488990.369880268,
				"retransmits":	0,
				"omitted":	false,
				"sender":	true
			}
		}, {
			"streams":	[{
					"socket":	6,
					"start":	36.000088,
					"end":	37.001053,
					"seconds":	1.0009649991989136,
					"bytes":	0,
					"bits_per_second":	0,
					"retransmits":	0,
					"snd_cwnd":	556032,
					"snd_wnd":	924416,
					"rtt":	273819,
					"rttvar":	18320,
					"pmtu":	1500,
					"omitted":	false,
					"sender":	true
				}],
			"sum":	{
				"start":	36.000088,
				"end":	37.001053,
				"seconds":	1.0009649991989136,
				"bytes":	0,
				"bits_per_second":	0,
				"retransmits":	0,
				"omitted":	false,
				"sender":	true
			}
		}, {
			"streams":	[{
					"socket":	6,
					"start":	37.001053,
					"end":	38.000747,
					"seconds":	0.999693989753723,
					"bytes":	1310720,
					"bits_per_second":	10488969.732210943,
					"retransmits":	0,
					"snd_cwnd":	648704,
					"snd_wnd":	1012480,
					"rtt":	290373,
					"rttvar":	5360,
					"pmtu":	1500,
					"omitted":	false,
					"sender":	true
				}],
			"sum":	{
				"start":	37.001053,
				"end":	38.000747,
				"seconds":	0.999693989753723,
				"bytes":	1310720,
				"bits_per_second":	10488969.732210943,
				"retransmits":	0,
				"omitted":	false,
				"sender":	true
			}
		}, {
			"streams":	[{
					"socket":	6,
					"start":	38.000747,
					"end":	39.000654,
					"seconds":	0.99990701675415039,
					"bytes":	1310720,
					"bits_per_second":	10486735.090667095,
					"retransmits":	0,
					"snd_cwnd":	648704,
					"snd_wnd":	1012480,
					"rtt":	253277,
					"rttvar":	8108,
					"pmtu":	1500,
					"omitted":	false,
					"sender":	true
				}],
			"sum":	{
				"start":	38.000747,
				"end":	39.000654,
				"seconds":	0.99990701675415039,
				"bytes":	1310720,
				"bits_per_second":	10486735.090667095,
				"retransmits":	0,
				"omitted":	false,
				"sender":	true
			}
		}, {
			"streams":	[{
					"socket":	6,
					"start":	39.000654,
					"end":	40.00055,
					"seconds":	0.999895989894867,
					"bytes":	1310720,
					"bits_per_second":	10486850.738447821,
					"retransmits":	0,
					"snd_cwnd":	761648,
					"snd_wnd":	1012480,
					"rtt":	250564,
					"rttvar":	9430,
					"pmtu":	1500,
					"omitted":	false,
					"sender":	true
				}],
			"sum":	{
				"start":	39.000654,
				"end":	40.00055,
				"seconds":	0.999895989894867,
				"bytes":	1310720,
				"bits_per_second":	10486850.738447821,
				"retransmits":	0,
				"omitted":	false,
				"sender":	true
			}
		}, {
			"streams":	[{
					"socket":	6,
					"start":	40.00055,
					"end":	41.00071,
					"seconds":	1.0001599788665771,
					"bytes":	1310720,
					"bits_per_second":	10484082.768321622,
					"retransmits":	0,
					"snd_cwnd":	761648,
					"snd_wnd":	1343616,
					"rtt":	257017,
					"rttvar":	7595,
					"pmtu":	1500,
					"omitted":	false,
					"sender":	true
				}],
			"sum":	{
				"start":	40.00055,
				"end":	41.00071,
				"seconds":	1.0001599788665771,
				"bytes":	1310720,
				"bits_per_second":	10484082.768321622,
				"retransmits":	0,
				"omitted":	false,
				"sender":	true
			}
		}, {
			"streams":	[{
					"socket":	6,
					"start":	41.00071,
					"end":	42.000811,
					"seconds":	1.0001009702682495,
					"bytes":	1310720,
					"bits_per_second":	10484701.356891479,
					"retransmits":	0,
					"snd_cwnd":	891968,
					"snd_wnd":	1343616,
					"rtt":	254819,
					"rttvar":	6924,
					"pmtu":	1500,
					"omitted":	false,
					"sender":	true
				}],
			"sum":	{
				"start":	41.00071,
				"end":	42.000811,
				"seconds":	1.0001009702682495,
				"bytes":	1310720,
				"bits_per_second":	10484701.356891479,
				"retransmits":	0,
				"omitted":	false,
				"sender":	true
			}
		}, {
			"streams":	[{
					"socket":	6,
					"start":	42.000811,
					"end":	43.000332,
					"seconds":	0.999521017074585,
					"bytes":	2621440,
					"bits_per_second":	20981569.813689161,
					"retransmits":	0,
					"snd_cwnd":	5792,
					"snd_wnd":	1542144,
					"rtt":	305612,
					"rttvar":	3797,
					"pmtu":	1500,
					"omitted":	false,
					"sender":	true
				}],
			"sum":	{
				"start":	42.000811,
				"end":	43.000332,
				"seconds":	0.999521017074585,
				"bytes":	2621440,
				"bits_per_second":	20981569.813689161,
				"retransmits":	0,
				"omitted":	false,
				"sender":	true
			}
		}, {
			"streams":	[{
					"socket":	6,
					"start":	43.000332,
					"end":	44.001063,
					"seconds":	1.0007309913635254,
					"bytes":	0,
					"bits_per_second":	0,
					"retransmits":	0,
					"snd_cwnd":	894864,
					"snd_wnd":	1542144,
					"rtt":	258396,
					"rttvar":	7096,
					"pmtu":	1500,
					"omitted":	false,
					"sender":	true
				}],
			"sum":	{
				"start":	43.000332,
				"end":	44.001063,
				"seconds":	1.0007309913635254,
				"bytes":	0,
				"bits_per_second":	0,
				"retransmits":	0,
				"omitted":	false,
				"sender":	true
			}
		}, {
			"streams":	[{
					"socket":	6,
					"start":	44.001063,
					"end":	45.000285,
					"seconds":	0.99922198057174683,
					"bytes":	2621440,
					"bits_per_second":	20987848.954243645,
					"retransmits":	0,
					"snd_cwnd":	1045456,
					"snd_wnd":	1542144,
					"rtt":	254190,
					"rttvar":	7420,
					"pmtu":	1500,
					"omitted":	false,
					"sender":	true
				}],
			"sum":	{
				"start":	44.001063,
				"end":	45.000285,
				"seconds":	0.99922198057174683,
				"bytes":	2621440,
				"bits_per_second":	20987848.954243645,
				"retransmits":	0,
				"omitted":	false,
				"sender":	true
			}
		}, {
			"streams":	[{
					"socket":	6,
					"start":	45.000285,
					"end":	46.000507,
					"seconds":	1.0002219676971436,
					"bytes":	1310720,
					"bits_per_second":	10483433.016515166,
					"retransmits":	0,
					"snd_cwnd":	1051248,
					"snd_wnd":	1555584,
					"rtt":	303866,
					"rttvar":	14491,
					"pmtu":	1500,
					"omitted":	false,
					"sender":	true
				}],
			"sum":	{
				"start":	45.000285,
				"end":	46.000507,
				"seconds":	1.0002219676971436,
				"bytes":	1310720,
				"bits_per_second":	10483433.016515166,
				"retransmits":	0,
				"omitted":	false,
				"sender":	true
			}
		}, {
			"streams":	[{
					"socket":	6,
					"start":	46.000507,
					"end":	47.000305,
					"seconds":	0.9997979998588562,
					"bytes":	2621440,
					"bits_per_second":	20975757.105895989,
					"retransmits":	0,
					"snd_cwnd":	1207632,
					"snd_wnd":	1636608,
					"rtt":	280924,
					"rttvar":	5659,
					"pmtu":	1500,
					"omitted":	false,
					"sender":	true
				}],
			"sum":	{
				"start":	46.000507,
				"end":	47.000305,
				"seconds":	0.9997979998588562,
				"bytes":	2621440,
				"bits_per_second":	20975757.105895989,
				"retransmits":	0,
				"omitted":	false,
				"sender":	true
			}
		}, {
			"streams":	[{
					"socket":	6,
					"start":	47.000305,
					"end":	48.000196,
					"seconds":	0.99989098310470581,
					"bytes":	2621440,
					"bits_per_second":	20973806.499267053,
					"retransmits":	0,
					"snd_cwnd":	1210528,
					"snd_wnd":	2064256,
					"rtt":	274616,
					"rttvar":	6430,
					"pmtu":	1500,
					"omitted":	false,
					"sender":	true
				}],
			"sum":	{
				"start":	47.000305,
				"end":	48.000196,
				"seconds":	0.99989098310470581,
				"bytes":	2621440,
				"bits_per_second":	20973806.499267053,
				"retransmits":	0,
				"omitted":	false,
				"sender":	true
			}
		}, {
			"streams":	[{
					"socket":	6,
					"start":	48.000196,
					"end":	49.0001,
					"seconds":	0.999903976917267,
					"bytes":	2621440,
					"bits_per_second":	20973533.943385053,
					"retransmits":	0,
					"snd_cwnd":	1369808,
					"snd_wnd":	2064256,
					"rtt":	310011,
					"rttvar":	23656,
					"pmtu":	1500,
					"omitted":	false,
					"sender":	true
				}],
			"sum":	{
				"start":	48.000196,
				"end":	49.0001,
				"seconds":	0.999903976917267,
				"bytes":	2621440,
				"bits_per_second":	20973533.943385053,
				"retransmits":	0,
				"omitted":	false,
				"sender":	true
			}
		}, {
			"streams":	[{
					"socket":	6,
					"start":	49.0001,
					"end":	50.000115,
					"seconds":	1.0000150203704834,
					"bytes":	2621440,
					"bits_per_second":	20971205.004731346,
					"retransmits":	0,
					"snd_cwnd":	1479856,
					"snd_wnd":	2382848,
					"rtt":	321278,
					"rttvar":	20932,
					"pmtu":	1500,
					"omitted":	false,
					"sender":	true
				}],
			"sum":	{
				"start":	49.0001,
				"end":	50.000115,
				"seconds":	1.0000150203704834,
				"bytes":	2621440,
				"bits_per_second":	20971205.004731346,
				"retransmits":	0,
				"omitted":	false,
				"sender":	true
			}
		}, {
			"streams":	[{
					"socket":	6,
					"start":	50.000115,
					"end":	51.000237,
					"seconds":	1.0001219511032104,
					"bytes":	2621440,
					"bits_per_second":	20968962.811851915,
					"retransmits":	0,
					"snd_cwnd":	1604384,
					"snd_wnd":	2931200,
					"rtt":	294126,
					"rttvar":	4965,
					"pmtu":	1500,
					"omitted":	false,
					"sender":	true
				}],
			"sum":	{
				"start":	50.000115,
				"end":	51.000237,
				"seconds":	1.0001219511032104,
				"bytes":	2621440,
				"bits_per_second":	20968962.811851915,
				"retransmits":	0,
				"omitted":	false,
				"sender":	true
			}
		}, {
			"streams":	[{
					"socket":	6,
					"start":	51.000237,
					"end":	52.000169,
					"seconds":	0.99993199110031128,
					"bytes":	2621440,
					"bits_per_second":	20972946.347004291,
					"retransmits":	0,
					"snd_cwnd":	1847648,
					"snd_wnd":	2931456,
					"rtt":	322933,
					"rttvar":	5672,
					"pmtu":	1500,
					"omitted":	false,
					"sender":	true
				}],
			"sum":	{
				"start":	51.000237,
				"end":	52.000169,
				"seconds":	0.99993199110031128,
				"bytes":	2621440,
				"bits_per_second":	20972946.347004291,
				"retransmits":	0,
				"omitted":	false,
				"sender":	true
			}
		}, {
			"streams":	[{
					"socket":	6,
					"start":	52.000169,
					"end":	53.000252,
					"seconds":	1.0000829696655273,
					"bytes":	3932160,
					"bits_per_second":	31454670.21653286,
					"retransmits":	0,
					"snd_cwnd":	1847648,
					"snd_wnd":	2931456,
					"rtt":	336470,
					"rttvar":	28101,
					"pmtu":	1500,
					"omitted":	false,
					"sender":	true
				}],
			"sum":	{
				"start":	52.000169,
				"end":	53.000252,
				"seconds":	1.0000829696655273,
				"bytes":	3932160,
				"bits_per_second":	31454670.21653286,
				"retransmits":	0,
				"omitted":	false,
				"sender":	true
			}
		}, {
			"streams":	[{
					"socket":	6,
					"start":	53.000252,
					"end":	54.000254,
					"seconds":	1.0000020265579224,
					"bytes":	3932160,
					"bits_per_second":	31457216.250129193,
					"retransmits":	0,
					"snd_cwnd":	5792,
					"snd_wnd":	3143808,
					"rtt":	364423,
					"rttvar":	2075,
					"pmtu":	1500,
					"omitted":	false,
					"sender":	true
				}],
			"sum":	{
				"start":	53.000252,
				"end":	54.000254,
				"seconds":	1.0000020265579224,
				"bytes":	3932160,
				"bits_per_second":	31457216.250129193,
				"retransmits":	0,
				"omitted":	false,
				"sender":	true
			}
		}, {
			"streams":	[{
					"socket":	6,
					"start":	54.000254,
					"end":	55.00028,
					"seconds":	1.0000259876251221,
					"bytes":	1310720,
					"bits_per_second":	10485487.507081443,
					"retransmits":	0,
					"snd_cwnd":	2067744,
					"snd_wnd":	3143936,
					"rtt":	359010,
					"rttvar":	2600,
					"pmtu":	1500,
					"omitted":	false,
					"sender":	true
				}],
			"sum":	{
				"start":	54.000254,
				"end":	55.00028,
				"seconds":	1.0000259876251221,
				"bytes":	1310720,
				"bits_per_second":	10485487.507081443,
				"retransmits":	0,
				"omitted":	false,
				"sender":	true
			}
		}, {
			"streams":	[{
					"socket":	6,
					"start":	55.00028,
					"end":	56.000314,
					"seconds":	1.000033974647522,
					"bytes":	3932160,
					"bits_per_second":	31456211.286309171,
					"retransmits":	0,
					"snd_cwnd":	2334176,
					"snd_wnd":	3143936,
					"rtt":	388636,
					"rttvar":	8652,
					"pmtu":	1500,
					"omitted":	false,
					"sender":	true
				}],
			"sum":	{
				"start":	55.00028,
				"end":	56.000314,
				"seconds":	1.000033974647522,
				"bytes":	3932160,
				"bits_per_second":	31456211.286309171,
				"retransmits":	0,
				"omitted":	false,
				"sender":	true
			}
		}, {
			"streams":	[{
					"socket":	6,
					"start":	56.000314,
					"end":	57.000075,
					"seconds":	0.99976098537445068,
					"bytes":	5242880,
					"bits_per_second":	41953067.396694466,
					"retransmits":	0,
					"snd_cwnd":	2565856,
					"snd_wnd":	3143936,
					"rtt":	363622,
					"rttvar":	3088,
					"pmtu":	1500,
					"omitted":	false,
					"sender":	true
				}],
			"sum":	{
				"start":	56.000314,
				"end":	57.000075,
				"seconds":	0.99976098537445068,
				"bytes":	5242880,
				"bits_per_second":	41953067.396694466,
				"retransmits":	0,
				"omitted":	false,
				"sender":	true
			}
		}, {
			"streams":	[{
					"socket":	6,
					"start":	57.000075,
					"end":	58.000317,
					"seconds":	1.0002419948577881,
					"bytes":	3932160,
					"bits_per_second":	31449669.341740165,
					"retransmits":	0,
					"snd_cwnd":	2591920,
					"snd_wnd":	3143936,
					"rtt":	424710,
					"rttvar":	4085,
					"pmtu":	1500,
					"omitted":	false,
					"sender":	true
				}],
			"sum":	{
				"start":	57.000075,
				"end":	58.000317,
				"seconds":	1.0002419948577881,
				"bytes":	3932160,
				"bits_per_second":	31449669.341740165,
				"retransmits":	0,
				"omitted":	false,
				"sender":	true
			}
		}, {
			"streams":	[{
					"socket":	6,
					"start":	58.000317,
					"end":	59.000214,
					"seconds":	0.999897003173828,
					"bytes":	5242880,
					"bits_per_second":	41947360.444992125,
					"retransmits":	0,
					"snd_cwnd":	2887312,
					"snd_wnd":	3143936,
					"rtt":	417486,
					"rttvar":	4499,
					"pmtu":	1500,
					"omitted":	false,
					"sender":	true
				}],
			"sum":	{
				"start":	58.000317,
				"end":	59.000214,
				"seconds":	0.999897003173828,
				"bytes":	5242880,
				"bits_per_second":	41947360.444992125,
				"retransmits":	0,
				"omitted":	false,
				"sender":	true
			}
		}, {
			"streams":	[{
					"socket":	6,
					"start":	59.000214,
					"end":	60.000186,
					"seconds":	0.99997198581695557,
					"bytes":	5242880,
					"bits_per_second":	41944215.0329176,
					"retransmits":	0,
					"snd_cwnd":	2890208,
					"snd_wnd":	3143936,
					"rtt":	371661,
					"rttvar":	2714,
					"pmtu":	1500,
					"omitted":	false,
					"sender":	true
				}],
			"sum":	{
				"start":	59.000214,
				"end":	60.000186,
				"seconds":	0.99997198581695557,
				"bytes":	5242880,
				"bits_per_second":	41944215.0329176,
				"retransmits":	0,
				"omitted":	false,
				"sender":	true
			}
		}],
	"end":	{
		"streams":	[{
				"sender":	{
					"socket":	6,
					"start":	0,
					"end":	60.000186,
					"seconds":	60.000186,
					"bytes":	78118912,
					"bits_per_second":	10415822.644283136,
					"retransmits":	0,
					"max_snd_cwnd":	2890208,
					"max_snd_wnd":	3143936,
					"max_rtt":	424710,
					"min_rtt":	93144,
					"mean_rtt":	274561,
					"sender":	true
				},
				"receiver":	{
					"socket":	6,
					"start":	0,
					"end":	60.37134,
					"seconds":	60.000186,
					"bytes":	77572736,
					"bits_per_second":	10279412.184655832,
					"sender":	true
				}
			}],
		"sum_sent":	{
			"start":	0,
			"end":	60.000186,
			"seconds":	60.000186,
			"bytes":	78118912,
			"bits_per_second":	10415822.644283136,
			"retransmits":	0,
			"sender":	true
		},
		"sum_received":	{
			"start":	0,
			"end":	60.37134,
			"seconds":	60.37134,
			"bytes":	77572736,
			"bits_per_second":	10279412.184655832,
			"sender":	true
		},
		"cpu_utilization_percent":	{
			"host_total":	0.046401824337597757,
			"host_user":	0.0097848520460562145,
			"host_system":	0.036616972291541539,
			"remote_total":	0.89206546535298847,
			"remote_user":	0.077482111797591943,
			"remote_system":	0.81458335355539657
		},
		"sender_tcp_congestion":	"bbr",
		"receiver_tcp_congestion":	"bbr"
	}
}
