{
	"start":	{
		"connected":	[{
				"socket":	6,
				"local_host":	"192.168.101.210",
				"local_port":	33986,
				"remote_host":	"192.168.100.168",
				"remote_port":	5201
			}],
		"version":	"iperf 3.11",
		"system_info":	"Linux f1 6.0.10-300.fc37.x86_64 #1 SMP PREEMPT_DYNAMIC Sat Nov 26 16:55:13 UTC 2022 x86_64",
		"timestamp":	{
			"time":	"Sat, 10 Dec 2022 20:19:38 GMT",
			"timesecs":	1670703578
		},
		"connecting_to":	{
			"host":	"192.168.100.168",
			"port":	5201
		},
		"cookie":	"j2avtcyzinsjperxoxqvob5iqeuuyragrucv",
		"tcp_mss_default":	1448,
		"target_bitrate":	0,
		"sock_bufsize":	0,
		"sndbuf_actual":	16384,
		"rcvbuf_actual":	131072,
		"test_start":	{
			"protocol":	"TCP",
			"num_streams":	1,
			"blksize":	131072,
			"omit":	0,
			"duration":	60,
			"bytes":	0,
			"blocks":	0,
			"reverse":	0,
			"tos":	0,
			"target_bitrate":	0
		}
	},
	"intervals":	[{
			"streams":	[{
					"socket":	6,
					"start":	0,
					"end":	1.000122,
					"seconds":	1.0001219511032104,
					"bytes":	1584112,
					"bits_per_second":	12671350.714801164,
					"retransmits":	76,
					"snd_cwnd":	27512,
					"snd_wnd":	487296,
					"rtt":	11967,
					"rttvar":	195,
					"pmtu":	1500,
					"omitted":	false,
					"sender":	true
				}],
			"sum":	{
				"start":	0,
				"end":	1.000122,
				"seconds":	1.0001219511032104,
				"bytes":	1584112,
				"bits_per_second":	12671350.714801164,
				"retransmits":	76,
				"omitted":	false,
				"sender":	true
			}
		}, {
			"streams":	[{
					"socket":	6,
					"start":	1.000122,
					"end":	2.000081,
					"seconds":	0.99995899200439453,
					"bytes":	1824480,
					"bits_per_second":	14596438.570688762,
					"retransmits":	16,
					"snd_cwnd":	15928,
					"snd_wnd":	487296,
					"rtt":	11018,
					"rttvar":	292,
					"pmtu":	1500,
					"omitted":	false,
					"sender":	true
				}],
			"sum":	{
				"start":	1.000122,
				"end":	2.000081,
				"seconds":	0.99995899200439453,
				"bytes":	1824480,
				"bits_per_second":	14596438.570688762,
				"retransmits":	16,
				"omitted":	false,
				"sender":	true
			}
		}, {
			"streams":	[{
					"socket":	6,
					"start":	2.000081,
					"end":	3.000086,
					"seconds":	1.0000050067901611,
					"bytes":	1563840,
					"bits_per_second":	12510657.361763813,
					"retransmits":	18,
					"snd_cwnd":	15928,
					"snd_wnd":	487296,
					"rtt":	11050,
					"rttvar":	474,
					"pmtu":	1500,
					"omitted":	false,
					"sender":	true
				}],
			"sum":	{
				"start":	2.000081,
				"end":	3.000086,
				"seconds":	1.0000050067901611,
				"bytes":	1563840,
				"bits_per_second":	12510657.361763813,
				"retransmits":	18,
				"omitted":	false,
				"sender":	true
			}
		}, {
			"streams":	[{
					"socket":	6,
					"start":	3.000086,
					"end":	4.000076,
					"seconds":	0.99998998641967773,
					"bytes":	1889640,
					"bits_per_second":	15117271.378011197,
					"retransmits":	13,
					"snd_cwnd":	21720,
					"snd_wnd":	487296,
					"rtt":	11870,
					"rttvar":	195,
					"pmtu":	1500,
					"omitted":	false,
					"sender":	true
				}],
			"sum":	{
				"start":	3.000086,
				"end":	4.000076,
				"seconds":	0.99998998641967773,
				"bytes":	1889640,
				"bits_per_second":	15117271.378011197,
				"retransmits":	13,
				"omitted":	false,
				"sender":	true
			}
		}, {
			"streams":	[{
					"socket":	6,
					"start":	4.000076,
					"end":	5.000075,
					"seconds":	0.99999898672103882,
					"bytes":	1759320,
					"bits_per_second":	14074574.261469986,
					"retransmits":	13,
					"snd_cwnd":	30408,
					"snd_wnd":	489472,
					"rtt":	11812,
					"rttvar":	292,
					"pmtu":	1500,
					"omitted":	false,
					"sender":	true
				}],
			"sum":	{
				"start":	4.000076,
				"end":	5.000075,
				"seconds":	0.99999898672103882,
				"bytes":	1759320,
				"bits_per_second":	14074574.261469986,
				"retransmits":	13,
				"omitted":	false,
				"sender":	true
			}
		}, {
			"streams":	[{
					"socket":	6,
					"start":	5.000075,
					"end":	6.000115,
					"seconds":	1.0000400543212891,
					"bytes":	1954800,
					"bits_per_second":	15637773.639590394,
					"retransmits":	16,
					"snd_cwnd":	14480,
					"snd_wnd":	487296,
					"rtt":	11659,
					"rttvar":	353,
					"pmtu":	1500,
					"omitted":	false,
					"sender":	true
				}],
			"sum":	{
				"start":	5.000075,
				"end":	6.000115,
				"seconds":	1.0000400543212891,
				"bytes":	1954800,
				"bits_per_second":	15637773.639590394,
				"retransmits":	16,
				"omitted":	false,
				"sender":	true
			}
		}, {
			"streams":	[{
					"socket":	6,
					"start":	6.000115,
					"end":	7.000078,
					"seconds":	0.99996298551559448,
					"bytes":	1694160,
					"bits_per_second":	13553781.686240861,
					"retransmits":	14,
					"snd_cwnd":	18824,
					"snd_wnd":	487296,
					"rtt":	11155,
					"rttvar":	507,
					"pmtu":	1500,
					"omitted":	false,
					"sender":	true
				}],
			"sum":	{
				"start":	6.000115,
				"end":	7.000078,
				"seconds":	0.99996298551559448,
				"bytes":	1694160,
				"bits_per_second":	13553781.686240861,
				"retransmits":	14,
				"omitted":	false,
				"sender":	true
			}
		}, {
			"streams":	[{
					"socket":	6,
					"start":	7.000078,
					"end":	8.000069,
					"seconds":	0.999990999698639,
					"bytes":	1954800,
					"bits_per_second":	15638540.751579612,
					"retransmits":	10,
					"snd_cwnd":	31856,
					"snd_wnd":	487296,
					"rtt":	12002,
					"rttvar":	311,
					"pmtu":	1500,
					"omitted":	false,
					"sender":	true
				}],
			"sum":	{
				"start":	7.000078,
				"end":	8.000069,
				"seconds":	0.999990999698639,
				"bytes":	1954800,
				"bits_per_second":	15638540.751579612,
				"retransmits":	10,
				"omitted":	false,
				"sender":	true
			}
		}, {
			"streams":	[{
					"socket":	6,
					"start":	8.000069,
					"end":	9.000081,
					"seconds":	1.0000120401382446,
					"bytes":	1824480,
					"bits_per_second":	14595664.266184462,
					"retransmits":	14,
					"snd_cwnd":	28960,
					"snd_wnd":	487296,
					"rtt":	12037,
					"rttvar":	555,
					"pmtu":	1500,
					"omitted":	false,
					"sender":	true
				}],
			"sum":	{
				"start":	8.000069,
				"end":	9.000081,
				"seconds":	1.0000120401382446,
				"bytes":	1824480,
				"bits_per_second":	14595664.266184462,
				"retransmits":	14,
				"omitted":	false,
				"sender":	true
			}
		}, {
			"streams":	[{
					"socket":	6,
					"start":	9.000081,
					"end":	10.000071,
					"seconds":	0.99998998641967773,
					"bytes":	2215440,
					"bits_per_second":	17723697.4776683,
					"retransmits":	20,
					"snd_cwnd":	20272,
					"snd_wnd":	487296,
					"rtt":	11090,
					"rttvar":	320,
					"pmtu":	1500,
					"omitted":	false,
					"sender":	true
				}],
			"sum":	{
				"start":	9.000081,
				"end":	10.000071,
				"seconds":	0.99998998641967773,
				"bytes":	2215440,
				"bits_per_second":	17723697.4776683,
				"retransmits":	20,
				"omitted":	false,
				"sender":	true
			}
		}, {
			"streams":	[{
					"socket":	6,
					"start":	10.000071,
					"end":	11.000105,
					"seconds":	1.000033974647522,
					"bytes":	2867040,
					"bits_per_second":	22935540.773086507,
					"retransmits":	27,
					"snd_cwnd":	17376,
					"snd_wnd":	487296,
					"rtt":	11464,
					"rttvar":	277,
					"pmtu":	1500,
					"omitted":	false,
					"sender":	true
				}],
			"sum":	{
				"start":	10.000071,
				"end":	11.000105,
				"seconds":	1.000033974647522,
				"bytes":	2867040,
				"bits_per_second":	22935540.773086507,
				"retransmits":	27,
				"omitted":	false,
				"sender":	true
			}
		}, {
			"streams":	[{
					"socket":	6,
					"start":	11.000105,
					"end":	12.000113,
					"seconds":	1.0000079870224,
					"bytes":	1563840,
					"bits_per_second":	12510620.077397205,
					"retransmits":	17,
					"snd_cwnd":	17376,
					"snd_wnd":	487296,
					"rtt":	10723,
					"rttvar":	170,
					"pmtu":	1500,
					"omitted":	false,
					"sender":	true
				}],
			"sum":	{
				"start":	11.000105,
				"end":	12.000113,
				"seconds":	1.0000079870224,
				"bytes":	1563840,
				"bits_per_second":	12510620.077397205,
				"retransmits":	17,
				"omitted":	false,
				"sender":	true
			}
		}, {
			"streams":	[{
					"socket":	6,
					"start":	12.000113,
					"end":	13.000112,
					"seconds":	0.99999898672103882,
					"bytes":	1954800,
					"bits_per_second":	15638415.846077763,
					"retransmits":	14,
					"snd_cwnd":	21720,
					"snd_wnd":	487296,
					"rtt":	11628,
					"rttvar":	259,
					"pmtu":	1500,
					"omitted":	false,
					"sender":	true
				}],
			"sum":	{
				"start":	12.000113,
				"end":	13.000112,
				"seconds":	0.99999898672103882,
				"bytes":	1954800,
				"bits_per_second":	15638415.846077763,
				"retransmits":	14,
				"omitted":	false,
				"sender":	true
			}
		}, {
			"streams":	[{
					"socket":	6,
					"start":	13.000112,
					"end":	14.000129,
					"seconds":	1.0000170469284058,
					"bytes":	1954800,
					"bits_per_second":	15638133.417859226,
					"retransmits":	10,
					"snd_cwnd":	21720,
					"snd_wnd":	487296,
					"rtt":	11887,
					"rttvar":	398,
					"pmtu":	1500,
					"omitted":	false,
					"sender":	true
				}],
			"sum":	{
				"start":	13.000112,
				"end":	14.000129,
				"seconds":	1.0000170469284058,
				"bytes":	1954800,
				"bits_per_second":	15638133.417859226,
				"retransmits":	10,
				"omitted":	false,
				"sender":	true
			}
		}, {
			"streams":	[{
					"socket":	6,
					"start":	14.000129,
					"end":	15.000121,
					"seconds":	0.9999920129776,
					"bytes":	1954800,
					"bits_per_second":	15638524.90524872,
					"retransmits":	12,
					"snd_cwnd":	27512,
					"snd_wnd":	487296,
					"rtt":	11964,
					"rttvar":	492,
					"pmtu":	1500,
					"omitted":	false,
					"sender":	true
				}],
			"sum":	{
				"start":	14.000129,
				"end":	15.000121,
				"seconds":	0.9999920129776,
				"bytes":	1954800,
				"bits_per_second":	15638524.90524872,
				"retransmits":	12,
				"omitted":	false,
				"sender":	true
			}
		}, {
			"streams":	[{
					"socket":	6,
					"start":	15.000121,
					"end":	16.000126,
					"seconds":	1.0000050067901611,
					"bytes":	1694160,
					"bits_per_second":	13553212.141910797,
					"retransmits":	16,
					"snd_cwnd":	18824,
					"snd_wnd":	487296,
					"rtt":	10938,
					"rttvar":	454,
					"pmtu":	1500,
					"omitted":	false,
					"sender":	true
				}],
			"sum":	{
				"start":	15.000121,
				"end":	16.000126,
				"seconds":	1.0000050067901611,
				"bytes":	1694160,
				"bits_per_second":	13553212.141910797,
				"retransmits":	16,
				"omitted":	false,
				"sender":	true
			}
		}, {
			"streams":	[{
					"socket":	6,
					"start":	16.000126,
					"end":	17.000113,
					"seconds":	0.999987006187439,
					"bytes":	1694160,
					"bits_per_second":	13553456.111068262,
					"retransmits":	12,
					"snd_cwnd":	23168,
					"snd_wnd":	487296,
					"rtt":	11559,
					"rttvar":	251,
					"pmtu":	1500,
					"omitted":	false,
					"sender":	true
				}],
			"sum":	{
				"start":	16.000126,
				"end":	17.000113,
				"seconds":	0.999987006187439,
				"bytes":	1694160,
				"bits_per_second":	13553456.111068262,
				"retransmits":	12,
				"omitted":	false,
				"sender":	true
			}
		}, {
			"streams":	[{
					"socket":	6,
					"start":	17.000113,
					"end":	18.000076,
					"seconds":	0.99996298551559448,
					"bytes":	1824480,
					"bits_per_second":	14596380.277490158,
					"retransmits":	12,
					"snd_cwnd":	20272,
					"snd_wnd":	487296,
					"rtt":	11529,
					"rttvar":	316,
					"pmtu":	1500,
					"omitted":	false,
					"sender":	true
				}],
			"sum":	{
				"start":	17.000113,
				"end":	18.000076,
				"seconds":	0.99996298551559448,
				"bytes":	1824480,
				"bits_per_second":	14596380.277490158,
				"retransmits":	12,
				"omitted":	false,
				"sender":	true
			}
		}, {
			"streams":	[{
					"socket":	6,
					"start":	18.000076,
					"end":	19.000105,
					"seconds":	1.0000289678573608,
					"bytes":	1433520,
					"bits_per_second":	11467827.801600005,
					"retransmits":	14,
					"snd_cwnd":	17376,
					"snd_wnd":	487296,
					"rtt":	11152,
					"rttvar":	448,
					"pmtu":	1500,
					"omitted":	false,
					"sender":	true
				}],
			"sum":	{
				"start":	18.000076,
				"end":	19.000105,
				"seconds":	1.0000289678573608,
				"bytes":	1433520,
				"bits_per_second":	11467827.801600005,
				"retransmits":	14,
				"omitted":	false,
				"sender":	true
			}
		}, {
			"streams":	[{
					"socket":	6,
					"start":	19.000105,
					"end":	20.000134,
					"seconds":	1.0000289678573608,
					"bytes":	1433520,
					"bits_per_second":	11467827.801600005,
					"retransmits":	11,
					"snd_cwnd":	21720,
					"snd_wnd":	487296,
					"rtt":	10966,
					"rttvar":	420,
					"pmtu":	1500,
					"omitted":	false,
					"sender":	true
				}],
			"sum":	{
				"start":	19.000105,
				"end":	20.000134,
				"seconds":	1.0000289678573608,
				"bytes":	1433520,
				"bits_per_second":	11467827.801600005,
				"retransmits":	11,
				"omitted":	false,
				"sender":	true
			}
		}, {
			"streams":	[{
					"socket":	6,
					"start":	20.000134,
					"end":	21.000127,
					"seconds":	0.99999302625656128,
					"bytes":	2541240,
					"bits_per_second":	20330061.776634924,
					"retransmits":	29,
					"snd_cwnd":	14480,
					"snd_wnd":	487296,
					"rtt":	12009,
					"rttvar":	494,
					"pmtu":	1500,
					"omitted":	false,
					"sender":	true
				}],
			"sum":	{
				"start":	20.000134,
				"end":	21.000127,
				"seconds":	0.99999302625656128,
				"bytes":	2541240,
				"bits_per_second":	20330061.776634924,
				"retransmits":	29,
				"omitted":	false,
				"sender":	true
			}
		}, {
			"streams":	[{
					"socket":	6,
					"start":	21.000127,
					"end":	22.000109,
					"seconds":	0.99998199939727783,
					"bytes":	1303200,
					"bits_per_second":	10425787.670461921,
					"retransmits":	18,
					"snd_cwnd":	15928,
					"snd_wnd":	487296,
					"rtt":	11565,
					"rttvar":	535,
					"pmtu":	1500,
					"omitted":	false,
					"sender":	true
				}],
			"sum":	{
				"start":	21.000127,
				"end":	22.000109,
				"seconds":	0.99998199939727783,
				"bytes":	1303200,
				"bits_per_second":	10425787.670461921,
				"retransmits":	18,
				"omitted":	false,
				"sender":	true
			}
		}, {
			"streams":	[{
					"socket":	6,
					"start":	22.000109,
					"end":	23.000098,
					"seconds":	0.99998897314071655,
					"bytes":	1824480,
					"bits_per_second":	14596000.948048554,
					"retransmits":	14,
					"snd_cwnd":	24616,
					"snd_wnd":	487296,
					"rtt":	11009,
					"rttvar":	760,
					"pmtu":	1500,
					"omitted":	false,
					"sender":	true
				}],
			"sum":	{
				"start":	22.000109,
				"end":	23.000098,
				"seconds":	0.99998897314071655,
				"bytes":	1824480,
				"bits_per_second":	14596000.948048554,
				"retransmits":	14,
				"omitted":	false,
				"sender":	true
			}
		}, {
			"streams":	[{
					"socket":	6,
					"start":	23.000098,
					"end":	24.000102,
					"seconds":	1.0000040531158447,
					"bytes":	1824480,
					"bits_per_second":	14595780.841609405,
					"retransmits":	14,
					"snd_cwnd":	20272,
					"snd_wnd":	487296,
					"rtt":	11823,
					"rttvar":	286,
					"pmtu":	1500,
					"omitted":	false,
					"sender":	true
				}],
			"sum":	{
				"start":	23.000098,
				"end":	24.000102,
				"seconds":	1.0000040531158447,
				"bytes":	1824480,
				"bits_per_second":	14595780.841609405,
				"retransmits":	14,
				"omitted":	false,
				"sender":	true
			}
		}, {
			"streams":	[{
					"socket":	6,
					"start":	24.000102,
					"end":	25.000157,
					"seconds":	1.0000549554824829,
					"bytes":	1694160,
					"bits_per_second":	13552535.213888453,
					"retransmits":	14,
					"snd_cwnd":	17376,
					"snd_wnd":	487296,
					"rtt":	11429,
					"rttvar":	655,
					"pmtu":	1500,
					"omitted":	false,
					"sender":	true
				}],
			"sum":	{
				"start":	24.000102,
				"end":	25.000157,
				"seconds":	1.0000549554824829,
				"bytes":	1694160,
				"bits_per_second":	13552535.213888453,
				"retransmits":	14,
				"omitted":	false,
				"sender":	true
			}
		}, {
			"streams":	[{
					"socket":	6,
					"start":	25.000157,
					"end":	26.000115,
					"seconds":	0.99995797872543335,
					"bytes":	1563840,
					"bits_per_second":	12511245.738492347,
					"retransmits":	16,
					"snd_cwnd":	13032,
					"snd_wnd":	487296,
					"rtt":	11982,
					"rttvar":	975,
					"pmtu":	1500,
					"omitted":	false,
					"sender":	true
				}],
			"sum":	{
				"start":	25.000157,
				"end":	26.000115,
				"seconds":	0.99995797872543335,
				"bytes":	1563840,
				"bits_per_second":	12511245.738492347,
				"retransmits":	16,
				"omitted":	false,
				"sender":	true
			}
		}, {
			"streams":	[{
					"socket":	6,
					"start":	26.000115,
					"end":	27.00011,
					"seconds":	0.999994993209839,
					"bytes":	1824480,
					"bits_per_second":	14595913.078673994,
					"retransmits":	12,
					"snd_cwnd":	30408,
					"snd_wnd":	487296,
					"rtt":	11768,
					"rttvar":	143,
					"pmtu":	1500,
					"omitted":	false,
					"sender":	true
				}],
			"sum":	{
				"start":	26.000115,
				"end":	27.00011,
				"seconds":	0.999994993209839,
				"bytes":	1824480,
				"bits_per_second":	14595913.078673994,
				"retransmits":	12,
				"omitted":	false,
				"sender":	true
			}
		}, {
			"streams":	[{
					"socket":	6,
					"start":	27.00011,
					"end":	28.000112,
					"seconds":	1.0000020265579224,
					"bytes":	1694160,
					"bits_per_second":	13553252.533548703,
					"retransmits":	18,
					"snd_cwnd":	23168,
					"snd_wnd":	487296,
					"rtt":	11650,
					"rttvar":	256,
					"pmtu":	1500,
					"omitted":	false,
					"sender":	true
				}],
			"sum":	{
				"start":	27.00011,
				"end":	28.000112,
				"seconds":	1.0000020265579224,
				"bytes":	1694160,
				"bits_per_second":	13553252.533548703,
				"retransmits":	18,
				"omitted":	false,
				"sender":	true
			}
		}, {
			"streams":	[{
					"socket":	6,
					"start":	28.000112,
					"end":	29.000115,
					"seconds":	1.0000029802322388,
					"bytes":	1694160,
					"bits_per_second":	13553239.60819838,
					"retransmits":	14,
					"snd_cwnd":	23168,
					"snd_wnd":	487296,
					"rtt":	11647,
					"rttvar":	357,
					"pmtu":	1500,
					"omitted":	false,
					"sender":	true
				}],
			"sum":	{
				"start":	28.000112,
				"end":	29.000115,
				"seconds":	1.0000029802322388,
				"bytes":	1694160,
				"bits_per_second":	13553239.60819838,
				"retransmits":	14,
				"omitted":	false,
				"sender":	true
			}
		}, {
			"streams":	[{
					"socket":	6,
					"start":	29.000115,
					"end":	30.000111,
					"seconds":	0.9999960064888,
					"bytes":	2085120,
					"bits_per_second":	16681026.615866616,
					"retransmits":	12,
					"snd_cwnd":	24616,
					"snd_wnd":	487296,
					"rtt":	11443,
					"rttvar":	312,
					"pmtu":	1500,
					"omitted":	false,
					"sender":	true
				}],
			"sum":	{
				"start":	29.000115,
				"end":	30.000111,
				"seconds":	0.9999960064888,
				"bytes":	2085120,
				"bits_per_second":	16681026.615866616,
				"retransmits":	12,
				"omitted":	false,
				"sender":	true
			}
		}, {
			"streams":	[{
					"socket":	6,
					"start":	30.000111,
					"end":	31.00011,
					"seconds":	0.99999898672103882,
					"bytes":	2671560,
					"bits_per_second":	21372501.656306278,
					"retransmits":	42,
					"snd_cwnd":	13032,
					"snd_wnd":	487296,
					"rtt":	11135,
					"rttvar":	645,
					"pmtu":	1500,
					"omitted":	false,
					"sender":	true
				}],
			"sum":	{
				"start":	30.000111,
				"end":	31.00011,
				"seconds":	0.99999898672103882,
				"bytes":	2671560,
				"bits_per_second":	21372501.656306278,
				"retransmits":	42,
				"omitted":	false,
				"sender":	true
			}
		}, {
			"streams":	[{
					"socket":	6,
					"start":	31.00011,
					"end":	32.000089,
					"seconds":	0.999979019165039,
					"bytes":	1433520,
					"bits_per_second":	11468400.616620604,
					"retransmits":	11,
					"snd_cwnd":	20272,
					"snd_wnd":	487296,
					"rtt":	11866,
					"rttvar":	330,
					"pmtu":	1500,
					"omitted":	false,
					"sender":	true
				}],
			"sum":	{
				"start":	31.00011,
				"end":	32.000089,
				"seconds":	0.999979019165039,
				"bytes":	1433520,
				"bits_per_second":	11468400.616620604,
				"retransmits":	11,
				"omitted":	false,
				"sender":	true
			}
		}, {
			"streams":	[{
					"socket":	6,
					"start":	32.000089,
					"end":	33.00011,
					"seconds":	1.0000209808349609,
					"bytes":	2215440,
					"bits_per_second":	17723148.1535536,
					"retransmits":	12,
					"snd_cwnd":	31856,
					"snd_wnd":	487296,
					"rtt":	11899,
					"rttvar":	69,
					"pmtu":	1500,
					"omitted":	false,
					"sender":	true
				}],
			"sum":	{
				"start":	32.000089,
				"end":	33.00011,
				"seconds":	1.0000209808349609,
				"bytes":	2215440,
				"bits_per_second":	17723148.1535536,
				"retransmits":	12,
				"omitted":	false,
				"sender":	true
			}
		}, {
			"streams":	[{
					"socket":	6,
					"start":	33.00011,
					"end":	34.000109,
					"seconds":	0.99999898672103882,
					"bytes":	2085120,
					"bits_per_second":	16680976.902482947,
					"retransmits":	14,
					"snd_cwnd":	20272,
					"snd_wnd":	487296,
					"rtt":	11514,
					"rttvar":	597,
					"pmtu":	1500,
					"omitted":	false,
					"sender":	true
				}],
			"sum":	{
				"start":	33.00011,
				"end":	34.000109,
				"seconds":	0.99999898672103882,
				"bytes":	2085120,
				"bits_per_second":	16680976.902482947,
				"retransmits":	14,
				"omitted":	false,
				"sender":	true
			}
		}, {
			"streams":	[{
					"socket":	6,
					"start":	34.000109,
					"end":	35.000108,
					"seconds":	0.99999898672103882,
					"bytes":	1824480,
					"bits_per_second":	14595854.78967258,
					"retransmits":	12,
					"snd_cwnd":	18824,
					"snd_wnd":	487296,
					"rtt":	10370,
					"rttvar":	212,
					"pmtu":	1500,
					"omitted":	false,
					"sender":	true
				}],
			"sum":	{
				"start":	34.000109,
				"end":	35.000108,
				"seconds":	0.99999898672103882,
				"bytes":	1824480,
				"bits_per_second":	14595854.78967258,
				"retransmits":	12,
				"omitted":	false,
				"sender":	true
			}
		}, {
			"streams":	[{
					"socket":	6,
					"start":	35.000108,
					"end":	36.000089,
					"seconds":	0.99998098611831665,
					"bytes":	2215440,
					"bits_per_second":	17723856.999319959,
					"retransmits":	10,
					"snd_cwnd":	28960,
					"snd_wnd":	487296,
					"rtt":	11390,
					"rttvar":	434,
					"pmtu":	1500,
					"omitted":	false,
					"sender":	true
				}],
			"sum":	{
				"start":	35.000108,
				"end":	36.000089,
				"seconds":	0.99998098611831665,
				"bytes":	2215440,
				"bits_per_second":	17723856.999319959,
				"retransmits":	10,
				"omitted":	false,
				"sender":	true
			}
		}, {
			"streams":	[{
					"socket":	6,
					"start":	36.000089,
					"end":	37.000084,
					"seconds":	0.999994993209839,
					"bytes":	1563840,
					"bits_per_second":	12510782.638863424,
					"retransmits":	18,
					"snd_cwnd":	13032,
					"snd_wnd":	487296,
					"rtt":	11922,
					"rttvar":	566,
					"pmtu":	1500,
					"omitted":	false,
					"sender":	true
				}],
			"sum":	{
				"start":	36.000089,
				"end":	37.000084,
				"seconds":	0.999994993209839,
				"bytes":	1563840,
				"bits_per_second":	12510782.638863424,
				"retransmits":	18,
				"omitted":	false,
				"sender":	true
			}
		}, {
			"streams":	[{
					"socket":	6,
					"start":	37.000084,
					"end":	38.000081,
					"seconds":	0.99999701976776123,
					"bytes":	1954800,
					"bits_per_second":	15638446.60620274,
					"retransmits":	14,
					"snd_cwnd":	23168,
					"snd_wnd":	489472,
					"rtt":	11733,
					"rttvar":	450,
					"pmtu":	1500,
					"omitted":	false,
					"sender":	true
				}],
			"sum":	{
				"start":	37.000084,
				"end":	38.000081,
				"seconds":	0.99999701976776123,
				"bytes":	1954800,
				"bits_per_second":	15638446.60620274,
				"retransmits":	14,
				"omitted":	false,
				"sender":	true
			}
		}, {
			"streams":	[{
					"socket":	6,
					"start":	38.000081,
					"end":	39.000076,
					"seconds":	0.999994993209839,
					"bytes":	1694160,
					"bits_per_second":	13553347.858768709,
					"retransmits":	15,
					"snd_cwnd":	18824,
					"snd_wnd":	487296,
					"rtt":	10859,
					"rttvar":	766,
					"pmtu":	1500,
					"omitted":	false,
					"sender":	true
				}],
			"sum":	{
				"start":	38.000081,
				"end":	39.000076,
				"seconds":	0.999994993209839,
				"bytes":	1694160,
				"bits_per_second":	13553347.858768709,
				"retransmits":	15,
				"omitted":	false,
				"sender":	true
			}
		}, {
			"streams":	[{
					"socket":	6,
					"start":	39.000076,
					"end":	40.000101,
					"seconds":	1.0000250339508057,
					"bytes":	1563840,
					"bits_per_second":	12510406.815091232,
					"retransmits":	18,
					"snd_cwnd":	13032,
					"snd_wnd":	487296,
					"rtt":	11980,
					"rttvar":	262,
					"pmtu":	1500,
					"omitted":	false,
					"sender":	true
				}],
			"sum":	{
				"start":	39.000076,
				"end":	40.000101,
				"seconds":	1.0000250339508057,
				"bytes":	1563840,
				"bits_per_second":	12510406.815091232,
				"retransmits":	18,
				"omitted":	false,
				"sender":	true
			}
		}, {
			"streams":	[{
					"socket":	6,
					"start":	40.000101,
					"end":	41.000084,
					"seconds":	0.999983012676239,
					"bytes":	2801880,
					"bits_per_second":	22415420.77801,
					"retransmits":	26,
					"snd_cwnd":	15928,
					"snd_wnd":	470912,
					"rtt":	12096,
					"rttvar":	233,
					"pmtu":	1500,
					"omitted":	false,
					"sender":	true
				}],
			"sum":	{
				"start":	40.000101,
				"end":	41.000084,
				"seconds":	0.999983012676239,
				"bytes":	2801880,
				"bits_per_second":	22415420.77801,
				"retransmits":	26,
				"omitted":	false,
				"sender":	true
			}
		}, {
			"streams":	[{
					"socket":	6,
					"start":	41.000084,
					"end":	42.000079,
					"seconds":	0.999994993209839,
					"bytes":	1824480,
					"bits_per_second":	14595913.078673994,
					"retransmits":	11,
					"snd_cwnd":	20272,
					"snd_wnd":	487296,
					"rtt":	11717,
					"rttvar":	302,
					"pmtu":	1500,
					"omitted":	false,
					"sender":	true
				}],
			"sum":	{
				"start":	41.000084,
				"end":	42.000079,
				"seconds":	0.999994993209839,
				"bytes":	1824480,
				"bits_per_second":	14595913.078673994,
				"retransmits":	11,
				"omitted":	false,
				"sender":	true
			}
		}, {
			"streams":	[{
					"socket":	6,
					"start":	42.000079,
					"end":	43.000083,
					"seconds":	1.0000040531158447,
					"bytes":	1824480,
					"bits_per_second":	14595780.841609405,
					"retransmits":	17,
					"snd_cwnd":	15928,
					"snd_wnd":	487296,
					"rtt":	10492,
					"rttvar":	485,
					"pmtu":	1500,
					"omitted":	false,
					"sender":	true
				}],
			"sum":	{
				"start":	42.000079,
				"end":	43.000083,
				"seconds":	1.0000040531158447,
				"bytes":	1824480,
				"bits_per_second":	14595780.841609405,
				"retransmits":	17,
				"omitted":	false,
				"sender":	true
			}
		}, {
			"streams":	[{
					"socket":	6,
					"start":	43.000083,
					"end":	44.00011,
					"seconds":	1.0000269412994385,
					"bytes":	1824480,
					"bits_per_second":	14595446.779697869,
					"retransmits":	14,
					"snd_cwnd":	17376,
					"snd_wnd":	487296,
					"rtt":	11368,
					"rttvar":	617,
					"pmtu":	1500,
					"omitted":	false,
					"sender":	true
				}],
			"sum":	{
				"start":	43.000083,
				"end":	44.00011,
				"seconds":	1.0000269412994385,
				"bytes":	1824480,
				"bits_per_second":	14595446.779697869,
				"retransmits":	14,
				"omitted":	false,
				"sender":	true
			}
		}, {
			"streams":	[{
					"socket":	6,
					"start":	44.00011,
					"end":	45.000082,
					"seconds":	0.99997198581695557,
					"bytes":	1694160,
					"bits_per_second":	13553659.694703609,
					"retransmits":	20,
					"snd_cwnd":	11584,
					"snd_wnd":	487296,
					"rtt":	11368,
					"rttvar":	366,
					"pmtu":	1500,
					"omitted":	false,
					"sender":	true
				}],
			"sum":	{
				"start":	44.00011,
				"end":	45.000082,
				"seconds":	0.99997198581695557,
				"bytes":	1694160,
				"bits_per_second":	13553659.694703609,
				"retransmits":	20,
				"omitted":	false,
				"sender":	true
			}
		}, {
			"streams":	[{
					"socket":	6,
					"start":	45.000082,
					"end":	46.000091,
					"seconds":	1.0000089406967163,
					"bytes":	1563840,
					"bits_per_second":	12510608.146446826,
					"retransmits":	12,
					"snd_cwnd":	18824,
					"snd_wnd":	487296,
					"rtt":	11125,
					"rttvar":	262,
					"pmtu":	1500,
					"omitted":	false,
					"sender":	true
				}],
			"sum":	{
				"start":	45.000082,
				"end":	46.000091,
				"seconds":	1.0000089406967163,
				"bytes":	1563840,
				"bits_per_second":	12510608.146446826,
				"retransmits":	12,
				"omitted":	false,
				"sender":	true
			}
		}, {
			"streams":	[{
					"socket":	6,
					"start":	46.000091,
					"end":	47.000098,
					"seconds":	1.0000070333480835,
					"bytes":	1433520,
					"bits_per_second":	11468079.341006145,
					"retransmits":	20,
					"snd_cwnd":	15928,
					"snd_wnd":	487296,
					"rtt":	11544,
					"rttvar":	755,
					"pmtu":	1500,
					"omitted":	false,
					"sender":	true
				}],
			"sum":	{
				"start":	46.000091,
				"end":	47.000098,
				"seconds":	1.0000070333480835,
				"bytes":	1433520,
				"bits_per_second":	11468079.341006145,
				"retransmits":	20,
				"omitted":	false,
				"sender":	true
			}
		}, {
			"streams":	[{
					"socket":	6,
					"start":	47.000098,
					"end":	48.000081,
					"seconds":	0.999983012676239,
					"bytes":	1563840,
					"bits_per_second":	12510932.527261393,
					"retransmits":	11,
					"snd_cwnd":	18824,
					"snd_wnd":	487296,
					"rtt":	11061,
					"rttvar":	158,
					"pmtu":	1500,
					"omitted":	false,
					"sender":	true
				}],
			"sum":	{
				"start":	47.000098,
				"end":	48.000081,
				"seconds":	0.999983012676239,
				"bytes":	1563840,
				"bits_per_second":	12510932.527261393,
				"retransmits":	11,
				"omitted":	false,
				"sender":	true
			}
		}, {
			"streams":	[{
					"socket":	6,
					"start":	48.000081,
					"end":	49.000079,
					"seconds":	0.99999797344207764,
					"bytes":	1954800,
					"bits_per_second":	15638431.692187639,
					"retransmits":	15,
					"snd_cwnd":	23168,
					"snd_wnd":	489472,
					"rtt":	10526,
					"rttvar":	231,
					"pmtu":	1500,
					"omitted":	false,
					"sender":	true
				}],
			"sum":	{
				"start":	48.000081,
				"end":	49.000079,
				"seconds":	0.99999797344207764,
				"bytes":	1954800,
				"bits_per_second":	15638431.692187639,
				"retransmits":	15,
				"omitted":	false,
				"sender":	true
			}
		}, {
			"streams":	[{
					"socket":	6,
					"start":	49.000079,
					"end":	50.000078,
					"seconds":	0.99999898672103882,
					"bytes":	2085120,
					"bits_per_second":	16680976.902482947,
					"retransmits":	14,
					"snd_cwnd":	23168,
					"snd_wnd":	487296,
					"rtt":	11685,
					"rttvar":	592,
					"pmtu":	1500,
					"omitted":	false,
					"sender":	true
				}],
			"sum":	{
				"start":	49.000079,
				"end":	50.000078,
				"seconds":	0.99999898672103882,
				"bytes":	2085120,
				"bits_per_second":	16680976.902482947,
				"retransmits":	14,
				"omitted":	false,
				"sender":	true
			}
		}, {
			"streams":	[{
					"socket":	6,
					"start":	50.000078,
					"end":	51.000107,
					"seconds":	1.0000289678573608,
					"bytes":	1824480,
					"bits_per_second":	14595417.20203637,
					"retransmits":	20,
					"snd_cwnd":	24616,
					"snd_wnd":	489472,
					"rtt":	5188,
					"rttvar":	167,
					"pmtu":	1500,
					"omitted":	false,
					"sender":	true
				}],
			"sum":	{
				"start":	50.000078,
				"end":	51.000107,
				"seconds":	1.0000289678573608,
				"bytes":	1824480,
				"bits_per_second":	14595417.20203637,
				"retransmits":	20,
				"omitted":	false,
				"sender":	true
			}
		}, {
			"streams":	[{
					"socket":	6,
					"start":	51.000107,
					"end":	52.000082,
					"seconds":	0.999975025653839,
					"bytes":	2019960,
					"bits_per_second":	16160083.5875215,
					"retransmits":	28,
					"snd_cwnd":	23168,
					"snd_wnd":	487296,
					"rtt":	11497,
					"rttvar":	417,
					"pmtu":	1500,
					"omitted":	false,
					"sender":	true
				}],
			"sum":	{
				"start":	51.000107,
				"end":	52.000082,
				"seconds":	0.999975025653839,
				"bytes":	2019960,
				"bits_per_second":	16160083.5875215,
				"retransmits":	28,
				"omitted":	false,
				"sender":	true
			}
		}, {
			"streams":	[{
					"socket":	6,
					"start":	52.000082,
					"end":	53.00012,
					"seconds":	1.0000380277633667,
					"bytes":	1824480,
					"bits_per_second":	14595284.973956741,
					"retransmits":	13,
					"snd_cwnd":	18824,
					"snd_wnd":	487296,
					"rtt":	11237,
					"rttvar":	389,
					"pmtu":	1500,
					"omitted":	false,
					"sender":	true
				}],
			"sum":	{
				"start":	52.000082,
				"end":	53.00012,
				"seconds":	1.0000380277633667,
				"bytes":	1824480,
				"bits_per_second":	14595284.973956741,
				"retransmits":	13,
				"omitted":	false,
				"sender":	true
			}
		}, {
			"streams":	[{
					"socket":	6,
					"start":	53.00012,
					"end":	54.000076,
					"seconds":	0.99995601177215576,
					"bytes":	1954800,
					"bits_per_second":	15639087.935763394,
					"retransmits":	10,
					"snd_cwnd":	27512,
					"snd_wnd":	489472,
					"rtt":	11663,
					"rttvar":	112,
					"pmtu":	1500,
					"omitted":	false,
					"sender":	true
				}],
			"sum":	{
				"start":	53.00012,
				"end":	54.000076,
				"seconds":	0.99995601177215576,
				"bytes":	1954800,
				"bits_per_second":	15639087.935763394,
				"retransmits":	10,
				"omitted":	false,
				"sender":	true
			}
		}, {
			"streams":	[{
					"socket":	6,
					"start":	54.000076,
					"end":	55.000081,
					"seconds":	1.0000050067901611,
					"bytes":	1824480,
					"bits_per_second":	14595766.922057781,
					"retransmits":	14,
					"snd_cwnd":	21720,
					"snd_wnd":	487296,
					"rtt":	12196,
					"rttvar":	491,
					"pmtu":	1500,
					"omitted":	false,
					"sender":	true
				}],
			"sum":	{
				"start":	54.000076,
				"end":	55.000081,
				"seconds":	1.0000050067901611,
				"bytes":	1824480,
				"bits_per_second":	14595766.922057781,
				"retransmits":	14,
				"omitted":	false,
				"sender":	true
			}
		}, {
			"streams":	[{
					"socket":	6,
					"start":	55.000081,
					"end":	56.000077,
					"seconds":	0.9999960064888,
					"bytes":	2085120,
					"bits_per_second":	16681026.615866616,
					"retransmits":	15,
					"snd_cwnd":	26064,
					"snd_wnd":	487296,
					"rtt":	11341,
					"rttvar":	284,
					"pmtu":	1500,
					"omitted":	false,
					"sender":	true
				}],
			"sum":	{
				"start":	55.000081,
				"end":	56.000077,
				"seconds":	0.9999960064888,
				"bytes":	2085120,
				"bits_per_second":	16681026.615866616,
				"retransmits":	15,
				"omitted":	false,
				"sender":	true
			}
		}, {
			"streams":	[{
					"socket":	6,
					"start":	56.000077,
					"end":	57.000102,
					"seconds":	1.0000250339508057,
					"bytes":	2019960,
					"bits_per_second":	16159275.469492842,
					"retransmits":	19,
					"snd_cwnd":	28960,
					"snd_wnd":	487296,
					"rtt":	11770,
					"rttvar":	514,
					"pmtu":	1500,
					"omitted":	false,
					"sender":	true
				}],
			"sum":	{
				"start":	56.000077,
				"end":	57.000102,
				"seconds":	1.0000250339508057,
				"bytes":	2019960,
				"bits_per_second":	16159275.469492842,
				"retransmits":	19,
				"omitted":	false,
				"sender":	true
			}
		}, {
			"streams":	[{
					"socket":	6,
					"start":	57.000102,
					"end":	58.000104,
					"seconds":	1.0000020265579224,
					"bytes":	1954800,
					"bits_per_second":	15638368.307940813,
					"retransmits":	19,
					"snd_cwnd":	14480,
					"snd_wnd":	487296,
					"rtt":	11233,
					"rttvar":	619,
					"pmtu":	1500,
					"omitted":	false,
					"sender":	true
				}],
			"sum":	{
				"start":	57.000102,
				"end":	58.000104,
				"seconds":	1.0000020265579224,
				"bytes":	1954800,
				"bits_per_second":	15638368.307940813,
				"retransmits":	19,
				"omitted":	false,
				"sender":	true
			}
		}, {
			"streams":	[{
					"socket":	6,
					"start":	58.000104,
					"end":	59.000081,
					"seconds":	0.9999769926071167,
					"bytes":	1433520,
					"bits_per_second":	11468423.858533466,
					"retransmits":	21,
					"snd_cwnd":	13032,
					"snd_wnd":	487296,
					"rtt":	11082,
					"rttvar":	248,
					"pmtu":	1500,
					"omitted":	false,
					"sender":	true
				}],
			"sum":	{
				"start":	58.000104,
				"end":	59.000081,
				"seconds":	0.9999769926071167,
				"bytes":	1433520,
				"bits_per_second":	11468423.858533466,
				"retransmits":	21,
				"omitted":	false,
				"sender":	true
			}
		}, {
			"streams":	[{
					"socket":	6,
					"start":	59.000081,
					"end":	60.000091,
					"seconds":	1.0000100135803223,
					"bytes":	1629000,
					"bits_per_second":	13031869.50432797,
					"retransmits":	13,
					"snd_cwnd":	21720,
					"snd_wnd":	487296,
					"rtt":	11688,
					"rttvar":	727,
					"pmtu":	1500,
					"omitted":	false,
					"sender":	true
				}],
			"sum":	{
				"start":	59.000081,
				"end":	60.000091,
				"seconds":	1.0000100135803223,
				"bytes":	1629000,
				"bits_per_second":	13031869.50432797,
				"retransmits":	13,
				"omitted":	false,
				"sender":	true
			}
		}],
	"end":	{
		"streams":	[{
				"sender":	{
					"socket":	6,
					"start":	0,
					"end":	60.000091,
					"seconds":	60.000091,
					"bytes":	111052912,
					"bits_per_second":	14807032.476000745,
					"retransmits":	1014,
					"max_snd_cwnd":	31856,
					"max_snd_wnd":	489472,
					"max_rtt":	12196,
					"min_rtt":	5188,
					"mean_rtt":	11372,
					"sender":	true
				},
				"receiver":	{
					"socket":	6,
					"start":	0,
					"end":	60.009551,
					"seconds":	60.000091,
					"bytes":	110829920,
					"bits_per_second":	14774970.737574756,
					"sender":	true
				}
			}],
		"sum_sent":	{
			"start":	0,
			"end":	60.000091,
			"seconds":	60.000091,
			"bytes":	111052912,
			"bits_per_second":	14807032.476000745,
			"retransmits":	1014,
			"sender":	true
		},
		"sum_received":	{
			"start":	0,
			"end":	60.009551,
			"seconds":	60.009551,
			"bytes":	110829920,
			"bits_per_second":	14774970.737574756,
			"sender":	true
		},
		"cpu_utilization_percent":	{
			"host_total":	0.10875342714912392,
			"host_user":	0.015362931470579421,
			"host_system":	0.093392161759389372,
			"remote_total":	1.2987347349322342,
			"remote_user":	0.1513725479740228,
			"remote_system":	1.1473638533593649
		},
		"sender_tcp_congestion":	"cubic",
		"receiver_tcp_congestion":	"cubic"
	}
}
