{
	"start":	{
		"connected":	[{
				"socket":	6,
				"local_host":	"192.168.101.210",
				"local_port":	35308,
				"remote_host":	"192.168.100.168",
				"remote_port":	5201
			}],
		"version":	"iperf 3.11",
		"system_info":	"Linux f1 6.0.10-300.fc37.x86_64 #1 SMP PREEMPT_DYNAMIC Sat Nov 26 16:55:13 UTC 2022 x86_64",
		"timestamp":	{
			"time":	"Sat, 10 Dec 2022 20:22:41 GMT",
			"timesecs":	1670703761
		},
		"connecting_to":	{
			"host":	"192.168.100.168",
			"port":	5201
		},
		"cookie":	"pgh76wy4dydqiu26jl4vk6y7wj557bswlcn5",
		"tcp_mss_default":	1448,
		"target_bitrate":	0,
		"sock_bufsize":	0,
		"sndbuf_actual":	16384,
		"rcvbuf_actual":	131072,
		"test_start":	{
			"protocol":	"TCP",
			"num_streams":	1,
			"blksize":	131072,
			"omit":	0,
			"duration":	60,
			"bytes":	0,
			"blocks":	0,
			"reverse":	0,
			"tos":	0,
			"target_bitrate":	0
		}
	},
	"intervals":	[{
			"streams":	[{
					"socket":	6,
					"start":	0,
					"end":	1.000251,
					"seconds":	1.0002510547637939,
					"bytes":	4459840,
					"bits_per_second":	35669764.9355895,
					"retransmits":	136,
					"snd_cwnd":	99912,
					"snd_wnd":	3145728,
					"rtt":	50094,
					"rttvar":	14,
					"pmtu":	1500,
					"omitted":	false,
					"sender":	true
				}],
			"sum":	{
				"start":	0,
				"end":	1.000251,
				"seconds":	1.0002510547637939,
				"bytes":	4459840,
				"bits_per_second":	35669764.9355895,
				"retransmits":	136,
				"omitted":	false,
				"sender":	true
			}
		}, {
			"streams":	[{
					"socket":	6,
					"start":	1.000251,
					"end":	2.00014,
					"seconds":	0.99988901615142822,
					"bytes":	2345760,
					"bits_per_second":	18768162.96295625,
					"retransmits":	0,
					"snd_cwnd":	112944,
					"snd_wnd":	3145728,
					"rtt":	50108,
					"rttvar":	12,
					"pmtu":	1500,
					"omitted":	false,
					"sender":	true
				}],
			"sum":	{
				"start":	1.000251,
				"end":	2.00014,
				"seconds":	0.99988901615142822,
				"bytes":	2345760,
				"bits_per_second":	18768162.96295625,
				"retransmits":	0,
				"omitted":	false,
				"sender":	true
			}
		}, {
			"streams":	[{
					"socket":	6,
					"start":	2.00014,
					"end":	3.000126,
					"seconds":	0.99998599290847778,
					"bytes":	2410920,
					"bits_per_second":	19287630.163600948,
					"retransmits":	0,
					"snd_cwnd":	128872,
					"snd_wnd":	3145728,
					"rtt":	50083,
					"rttvar":	6,
					"pmtu":	1500,
					"omitted":	false,
					"sender":	true
				}],
			"sum":	{
				"start":	2.00014,
				"end":	3.000126,
				"seconds":	0.99998599290847778,
				"bytes":	2410920,
				"bits_per_second":	19287630.163600948,
				"retransmits":	0,
				"omitted":	false,
				"sender":	true
			}
		}, {
			"streams":	[{
					"socket":	6,
					"start":	3.000126,
					"end":	4.000101,
					"seconds":	0.999975025653839,
					"bytes":	2410920,
					"bits_per_second":	19287841.701235343,
					"retransmits":	27,
					"snd_cwnd":	94120,
					"snd_wnd":	3145728,
					"rtt":	57426,
					"rttvar":	159,
					"pmtu":	1500,
					"omitted":	false,
					"sender":	true
				}],
			"sum":	{
				"start":	3.000126,
				"end":	4.000101,
				"seconds":	0.999975025653839,
				"bytes":	2410920,
				"bits_per_second":	19287841.701235343,
				"retransmits":	27,
				"omitted":	false,
				"sender":	true
			}
		}, {
			"streams":	[{
					"socket":	6,
					"start":	4.000101,
					"end":	5.000176,
					"seconds":	1.0000749826431274,
					"bytes":	781920,
					"bits_per_second":	6254890.9917409653,
					"retransmits":	10,
					"snd_cwnd":	30408,
					"snd_wnd":	3143552,
					"rtt":	52669,
					"rttvar":	1254,
					"pmtu":	1500,
					"omitted":	false,
					"sender":	true
				}],
			"sum":	{
				"start":	4.000101,
				"end":	5.000176,
				"seconds":	1.0000749826431274,
				"bytes":	781920,
				"bits_per_second":	6254890.9917409653,
				"retransmits":	10,
				"omitted":	false,
				"sender":	true
			}
		}, {
			"streams":	[{
					"socket":	6,
					"start":	5.000176,
					"end":	6.00105,
					"seconds":	1.0008740425109863,
					"bytes":	0,
					"bits_per_second":	0,
					"retransmits":	4,
					"snd_cwnd":	21720,
					"snd_wnd":	3145728,
					"rtt":	53942,
					"rttvar":	2003,
					"pmtu":	1500,
					"omitted":	false,
					"sender":	true
				}],
			"sum":	{
				"start":	5.000176,
				"end":	6.00105,
				"seconds":	1.0008740425109863,
				"bytes":	0,
				"bits_per_second":	0,
				"retransmits":	4,
				"omitted":	false,
				"sender":	true
			}
		}, {
			"streams":	[{
					"socket":	6,
					"start":	6.00105,
					"end":	7.000144,
					"seconds":	0.999094009399414,
					"bytes":	781920,
					"bits_per_second":	6261032.4365374669,
					"retransmits":	6,
					"snd_cwnd":	24616,
					"snd_wnd":	3145728,
					"rtt":	56427,
					"rttvar":	647,
					"pmtu":	1500,
					"omitted":	false,
					"sender":	true
				}],
			"sum":	{
				"start":	6.00105,
				"end":	7.000144,
				"seconds":	0.999094009399414,
				"bytes":	781920,
				"bits_per_second":	6261032.4365374669,
				"retransmits":	6,
				"omitted":	false,
				"sender":	true
			}
		}, {
			"streams":	[{
					"socket":	6,
					"start":	7.000144,
					"end":	8.001036,
					"seconds":	1.0008920431137085,
					"bytes":	0,
					"bits_per_second":	0,
					"retransmits":	3,
					"snd_cwnd":	18824,
					"snd_wnd":	3145728,
					"rtt":	50419,
					"rttvar":	655,
					"pmtu":	1500,
					"omitted":	false,
					"sender":	true
				}],
			"sum":	{
				"start":	7.000144,
				"end":	8.001036,
				"seconds":	1.0008920431137085,
				"bytes":	0,
				"bits_per_second":	0,
				"retransmits":	3,
				"omitted":	false,
				"sender":	true
			}
		}, {
			"streams":	[{
					"socket":	6,
					"start":	8.001036,
					"end":	9.00079,
					"seconds":	0.999754011631012,
					"bytes":	781920,
					"bits_per_second":	6256899.1244105361,
					"retransmits":	2,
					"snd_cwnd":	23168,
					"snd_wnd":	3145728,
					"rtt":	52881,
					"rttvar":	2691,
					"pmtu":	1500,
					"omitted":	false,
					"sender":	true
				}],
			"sum":	{
				"start":	8.001036,
				"end":	9.00079,
				"seconds":	0.999754011631012,
				"bytes":	781920,
				"bits_per_second":	6256899.1244105361,
				"retransmits":	2,
				"omitted":	false,
				"sender":	true
			}
		}, {
			"streams":	[{
					"socket":	6,
					"start":	9.00079,
					"end":	10.001038,
					"seconds":	1.0002479553222656,
					"bytes":	0,
					"bits_per_second":	0,
					"retransmits":	2,
					"snd_cwnd":	27512,
					"snd_wnd":	3143552,
					"rtt":	55681,
					"rttvar":	988,
					"pmtu":	1500,
					"omitted":	false,
					"sender":	true
				}],
			"sum":	{
				"start":	9.00079,
				"end":	10.001038,
				"seconds":	1.0002479553222656,
				"bytes":	0,
				"bits_per_second":	0,
				"retransmits":	2,
				"omitted":	false,
				"sender":	true
			}
		}, {
			"streams":	[{
					"socket":	6,
					"start":	10.001038,
					"end":	11.000571,
					"seconds":	0.99953299760818481,
					"bytes":	781920,
					"bits_per_second":	6258282.6329582473,
					"retransmits":	4,
					"snd_cwnd":	30408,
					"snd_wnd":	3145728,
					"rtt":	50093,
					"rttvar":	26,
					"pmtu":	1500,
					"omitted":	false,
					"sender":	true
				}],
			"sum":	{
				"start":	10.001038,
				"end":	11.000571,
				"seconds":	0.99953299760818481,
				"bytes":	781920,
				"bits_per_second":	6258282.6329582473,
				"retransmits":	4,
				"omitted":	false,
				"sender":	true
			}
		}, {
			"streams":	[{
					"socket":	6,
					"start":	11.000571,
					"end":	12.000311,
					"seconds":	0.99974000453948975,
					"bytes":	781920,
					"bits_per_second":	6256986.7881613942,
					"retransmits":	3,
					"snd_cwnd":	20272,
					"snd_wnd":	3143552,
					"rtt":	57261,
					"rttvar":	731,
					"pmtu":	1500,
					"omitted":	false,
					"sender":	true
				}],
			"sum":	{
				"start":	11.000571,
				"end":	12.000311,
				"seconds":	0.99974000453948975,
				"bytes":	781920,
				"bits_per_second":	6256986.7881613942,
				"retransmits":	3,
				"omitted":	false,
				"sender":	true
			}
		}, {
			"streams":	[{
					"socket":	6,
					"start":	12.000311,
					"end":	13.000524,
					"seconds":	1.0002130270004272,
					"bytes":	0,
					"bits_per_second":	0,
					"retransmits":	4,
					"snd_cwnd":	21720,
					"snd_wnd":	3145728,
					"rtt":	52424,
					"rttvar":	1891,
					"pmtu":	1500,
					"omitted":	false,
					"sender":	true
				}],
			"sum":	{
				"start":	12.000311,
				"end":	13.000524,
				"seconds":	1.0002130270004272,
				"bytes":	0,
				"bits_per_second":	0,
				"retransmits":	4,
				"omitted":	false,
				"sender":	true
			}
		}, {
			"streams":	[{
					"socket":	6,
					"start":	13.000524,
					"end":	14.000539,
					"seconds":	1.0000150203704834,
					"bytes":	781920,
					"bits_per_second":	6255266.0435865531,
					"retransmits":	0,
					"snd_cwnd":	36200,
					"snd_wnd":	3145728,
					"rtt":	56665,
					"rttvar":	649,
					"pmtu":	1500,
					"omitted":	false,
					"sender":	true
				}],
			"sum":	{
				"start":	13.000524,
				"end":	14.000539,
				"seconds":	1.0000150203704834,
				"bytes":	781920,
				"bits_per_second":	6255266.0435865531,
				"retransmits":	0,
				"omitted":	false,
				"sender":	true
			}
		}, {
			"streams":	[{
					"socket":	6,
					"start":	14.000539,
					"end":	15.000102,
					"seconds":	0.999562978744507,
					"bytes":	781920,
					"bits_per_second":	6258094.9204991516,
					"retransmits":	6,
					"snd_cwnd":	17376,
					"snd_wnd":	3145728,
					"rtt":	51601,
					"rttvar":	1503,
					"pmtu":	1500,
					"omitted":	false,
					"sender":	true
				}],
			"sum":	{
				"start":	14.000539,
				"end":	15.000102,
				"seconds":	0.999562978744507,
				"bytes":	781920,
				"bits_per_second":	6258094.9204991516,
				"retransmits":	6,
				"omitted":	false,
				"sender":	true
			}
		}, {
			"streams":	[{
					"socket":	6,
					"start":	15.000102,
					"end":	16.001043,
					"seconds":	1.0009410381317139,
					"bytes":	0,
					"bits_per_second":	0,
					"retransmits":	4,
					"snd_cwnd":	14480,
					"snd_wnd":	3145728,
					"rtt":	53385,
					"rttvar":	6072,
					"pmtu":	1500,
					"omitted":	false,
					"sender":	true
				}],
			"sum":	{
				"start":	15.000102,
				"end":	16.001043,
				"seconds":	1.0009410381317139,
				"bytes":	0,
				"bits_per_second":	0,
				"retransmits":	4,
				"omitted":	false,
				"sender":	true
			}
		}, {
			"streams":	[{
					"socket":	6,
					"start":	16.001043,
					"end":	17.000285,
					"seconds":	0.99924200773239136,
					"bytes":	0,
					"bits_per_second":	0,
					"retransmits":	2,
					"snd_cwnd":	20272,
					"snd_wnd":	3143552,
					"rtt":	54791,
					"rttvar":	6507,
					"pmtu":	1500,
					"omitted":	false,
					"sender":	true
				}],
			"sum":	{
				"start":	16.001043,
				"end":	17.000285,
				"seconds":	0.99924200773239136,
				"bytes":	0,
				"bits_per_second":	0,
				"retransmits":	2,
				"omitted":	false,
				"sender":	true
			}
		}, {
			"streams":	[{
					"socket":	6,
					"start":	17.000285,
					"end":	18.000501,
					"seconds":	1.000216007232666,
					"bytes":	781920,
					"bits_per_second":	6254009.08880366,
					"retransmits":	2,
					"snd_cwnd":	23168,
					"snd_wnd":	3143552,
					"rtt":	54958,
					"rttvar":	1849,
					"pmtu":	1500,
					"omitted":	false,
					"sender":	true
				}],
			"sum":	{
				"start":	17.000285,
				"end":	18.000501,
				"seconds":	1.000216007232666,
				"bytes":	781920,
				"bits_per_second":	6254009.08880366,
				"retransmits":	2,
				"omitted":	false,
				"sender":	true
			}
		}, {
			"streams":	[{
					"socket":	6,
					"start":	18.000501,
					"end":	19.001031,
					"seconds":	1.0005300045013428,
					"bytes":	0,
					"bits_per_second":	0,
					"retransmits":	2,
					"snd_cwnd":	27512,
					"snd_wnd":	3145728,
					"rtt":	50572,
					"rttvar":	893,
					"pmtu":	1500,
					"omitted":	false,
					"sender":	true
				}],
			"sum":	{
				"start":	18.000501,
				"end":	19.001031,
				"seconds":	1.0005300045013428,
				"bytes":	0,
				"bits_per_second":	0,
				"retransmits":	2,
				"omitted":	false,
				"sender":	true
			}
		}, {
			"streams":	[{
					"socket":	6,
					"start":	19.001031,
					"end":	20.000699,
					"seconds":	0.999668002128601,
					"bytes":	781920,
					"bits_per_second":	6257437.4559157761,
					"retransmits":	10,
					"snd_cwnd":	20272,
					"snd_wnd":	3145728,
					"rtt":	50261,
					"rttvar":	179,
					"pmtu":	1500,
					"omitted":	false,
					"sender":	true
				}],
			"sum":	{
				"start":	19.001031,
				"end":	20.000699,
				"seconds":	0.999668002128601,
				"bytes":	781920,
				"bits_per_second":	6257437.4559157761,
				"retransmits":	10,
				"omitted":	false,
				"sender":	true
			}
		}, {
			"streams":	[{
					"socket":	6,
					"start":	20.000699,
					"end":	21.001053,
					"seconds":	1.0003540515899658,
					"bytes":	0,
					"bits_per_second":	0,
					"retransmits":	6,
					"snd_cwnd":	17376,
					"snd_wnd":	3143552,
					"rtt":	52174,
					"rttvar":	2756,
					"pmtu":	1500,
					"omitted":	false,
					"sender":	true
				}],
			"sum":	{
				"start":	20.000699,
				"end":	21.001053,
				"seconds":	1.0003540515899658,
				"bytes":	0,
				"bits_per_second":	0,
				"retransmits":	6,
				"omitted":	false,
				"sender":	true
			}
		}, {
			"streams":	[{
					"socket":	6,
					"start":	21.001053,
					"end":	22.000464,
					"seconds":	0.99941098690032959,
					"bytes":	781920,
					"bits_per_second":	6259046.660474468,
					"retransmits":	2,
					"snd_cwnd":	20272,
					"snd_wnd":	3143552,
					"rtt":	56585,
					"rttvar":	598,
					"pmtu":	1500,
					"omitted":	false,
					"sender":	true
				}],
			"sum":	{
				"start":	21.001053,
				"end":	22.000464,
				"seconds":	0.99941098690032959,
				"bytes":	781920,
				"bits_per_second":	6259046.660474468,
				"retransmits":	2,
				"omitted":	false,
				"sender":	true
			}
		}, {
			"streams":	[{
					"socket":	6,
					"start":	22.000464,
					"end":	23.001029,
					"seconds":	1.0005650520324707,
					"bytes":	0,
					"bits_per_second":	0,
					"retransmits":	6,
					"snd_cwnd":	17376,
					"snd_wnd":	3143552,
					"rtt":	56938,
					"rttvar":	4595,
					"pmtu":	1500,
					"omitted":	false,
					"sender":	true
				}],
			"sum":	{
				"start":	22.000464,
				"end":	23.001029,
				"seconds":	1.0005650520324707,
				"bytes":	0,
				"bits_per_second":	0,
				"retransmits":	6,
				"omitted":	false,
				"sender":	true
			}
		}, {
			"streams":	[{
					"socket":	6,
					"start":	23.001029,
					"end":	24.000517,
					"seconds":	0.99948799610137939,
					"bytes":	0,
					"bits_per_second":	0,
					"retransmits":	2,
					"snd_cwnd":	23168,
					"snd_wnd":	3145728,
					"rtt":	58223,
					"rttvar":	3984,
					"pmtu":	1500,
					"omitted":	false,
					"sender":	true
				}],
			"sum":	{
				"start":	23.001029,
				"end":	24.000517,
				"seconds":	0.99948799610137939,
				"bytes":	0,
				"bits_per_second":	0,
				"retransmits":	2,
				"omitted":	false,
				"sender":	true
			}
		}, {
			"streams":	[{
					"socket":	6,
					"start":	24.000517,
					"end":	25.000797,
					"seconds":	1.0002800226211548,
					"bytes":	781920,
					"bits_per_second":	6253608.84805869,
					"retransmits":	2,
					"snd_cwnd":	26064,
					"snd_wnd":	3143552,
					"rtt":	57529,
					"rttvar":	4924,
					"pmtu":	1500,
					"omitted":	false,
					"sender":	true
				}],
			"sum":	{
				"start":	24.000517,
				"end":	25.000797,
				"seconds":	1.0002800226211548,
				"bytes":	781920,
				"bits_per_second":	6253608.84805869,
				"retransmits":	2,
				"omitted":	false,
				"sender":	true
			}
		}, {
			"streams":	[{
					"socket":	6,
					"start":	25.000797,
					"end":	26.000097,
					"seconds":	0.99930000305175781,
					"bytes":	781920,
					"bits_per_second":	6259741.8001568941,
					"retransmits":	6,
					"snd_cwnd":	27512,
					"snd_wnd":	3145728,
					"rtt":	56473,
					"rttvar":	484,
					"pmtu":	1500,
					"omitted":	false,
					"sender":	true
				}],
			"sum":	{
				"start":	25.000797,
				"end":	26.000097,
				"seconds":	0.99930000305175781,
				"bytes":	781920,
				"bits_per_second":	6259741.8001568941,
				"retransmits":	6,
				"omitted":	false,
				"sender":	true
			}
		}, {
			"streams":	[{
					"socket":	6,
					"start":	26.000097,
					"end":	27.00064,
					"seconds":	1.0005429983139038,
					"bytes":	0,
					"bits_per_second":	0,
					"retransmits":	4,
					"snd_cwnd":	20272,
					"snd_wnd":	3143552,
					"rtt":	56997,
					"rttvar":	3557,
					"pmtu":	1500,
					"omitted":	false,
					"sender":	true
				}],
			"sum":	{
				"start":	26.000097,
				"end":	27.00064,
				"seconds":	1.0005429983139038,
				"bytes":	0,
				"bits_per_second":	0,
				"retransmits":	4,
				"omitted":	false,
				"sender":	true
			}
		}, {
			"streams":	[{
					"socket":	6,
					"start":	27.00064,
					"end":	28.000081,
					"seconds":	0.99944102764129639,
					"bytes":	781920,
					"bits_per_second":	6258858.5289147,
					"retransmits":	4,
					"snd_cwnd":	15928,
					"snd_wnd":	3145728,
					"rtt":	51444,
					"rttvar":	2558,
					"pmtu":	1500,
					"omitted":	false,
					"sender":	true
				}],
			"sum":	{
				"start":	27.00064,
				"end":	28.000081,
				"seconds":	0.99944102764129639,
				"bytes":	781920,
				"bits_per_second":	6258858.5289147,
				"retransmits":	4,
				"omitted":	false,
				"sender":	true
			}
		}, {
			"streams":	[{
					"socket":	6,
					"start":	28.000081,
					"end":	29.000268,
					"seconds":	1.0001870393753052,
					"bytes":	0,
					"bits_per_second":	0,
					"retransmits":	3,
					"snd_cwnd":	14480,
					"snd_wnd":	3143552,
					"rtt":	56377,
					"rttvar":	670,
					"pmtu":	1500,
					"omitted":	false,
					"sender":	true
				}],
			"sum":	{
				"start":	28.000081,
				"end":	29.000268,
				"seconds":	1.0001870393753052,
				"bytes":	0,
				"bits_per_second":	0,
				"retransmits":	3,
				"omitted":	false,
				"sender":	true
			}
		}, {
			"streams":	[{
					"socket":	6,
					"start":	29.000268,
					"end":	30.001035,
					"seconds":	1.00076699256897,
					"bytes":	0,
					"bits_per_second":	0,
					"retransmits":	2,
					"snd_cwnd":	20272,
					"snd_wnd":	3143552,
					"rtt":	55080,
					"rttvar":	2733,
					"pmtu":	1500,
					"omitted":	false,
					"sender":	true
				}],
			"sum":	{
				"start":	29.000268,
				"end":	30.001035,
				"seconds":	1.00076699256897,
				"bytes":	0,
				"bits_per_second":	0,
				"retransmits":	2,
				"omitted":	false,
				"sender":	true
			}
		}, {
			"streams":	[{
					"socket":	6,
					"start":	30.001035,
					"end":	31.000075,
					"seconds":	0.99904000759124756,
					"bytes":	781920,
					"bits_per_second":	6261370.8685021456,
					"retransmits":	2,
					"snd_cwnd":	24616,
					"snd_wnd":	3143552,
					"rtt":	55134,
					"rttvar":	1026,
					"pmtu":	1500,
					"omitted":	false,
					"sender":	true
				}],
			"sum":	{
				"start":	30.001035,
				"end":	31.000075,
				"seconds":	0.99904000759124756,
				"bytes":	781920,
				"bits_per_second":	6261370.8685021456,
				"retransmits":	2,
				"omitted":	false,
				"sender":	true
			}
		}, {
			"streams":	[{
					"socket":	6,
					"start":	31.000075,
					"end":	32.001034,
					"seconds":	1.000959038734436,
					"bytes":	0,
					"bits_per_second":	0,
					"retransmits":	8,
					"snd_cwnd":	27512,
					"snd_wnd":	3145728,
					"rtt":	50294,
					"rttvar":	416,
					"pmtu":	1500,
					"omitted":	false,
					"sender":	true
				}],
			"sum":	{
				"start":	31.000075,
				"end":	32.001034,
				"seconds":	1.000959038734436,
				"bytes":	0,
				"bits_per_second":	0,
				"retransmits":	8,
				"omitted":	false,
				"sender":	true
			}
		}, {
			"streams":	[{
					"socket":	6,
					"start":	32.001034,
					"end":	33.00091,
					"seconds":	0.99987602233886719,
					"bytes":	781920,
					"bits_per_second":	6256135.62106203,
					"retransmits":	6,
					"snd_cwnd":	30408,
					"snd_wnd":	3143552,
					"rtt":	55396,
					"rttvar":	953,
					"pmtu":	1500,
					"omitted":	false,
					"sender":	true
				}],
			"sum":	{
				"start":	32.001034,
				"end":	33.00091,
				"seconds":	0.99987602233886719,
				"bytes":	781920,
				"bits_per_second":	6256135.62106203,
				"retransmits":	6,
				"omitted":	false,
				"sender":	true
			}
		}, {
			"streams":	[{
					"socket":	6,
					"start":	33.00091,
					"end":	34.000097,
					"seconds":	0.99918699264526367,
					"bytes":	781920,
					"bits_per_second":	6260449.79172463,
					"retransmits":	7,
					"snd_cwnd":	20272,
					"snd_wnd":	3145728,
					"rtt":	50744,
					"rttvar":	652,
					"pmtu":	1500,
					"omitted":	false,
					"sender":	true
				}],
			"sum":	{
				"start":	33.00091,
				"end":	34.000097,
				"seconds":	0.99918699264526367,
				"bytes":	781920,
				"bits_per_second":	6260449.79172463,
				"retransmits":	7,
				"omitted":	false,
				"sender":	true
			}
		}, {
			"streams":	[{
					"socket":	6,
					"start":	34.000097,
					"end":	35.000364,
					"seconds":	1.0002670288085938,
					"bytes":	0,
					"bits_per_second":	0,
					"retransmits":	7,
					"snd_cwnd":	17376,
					"snd_wnd":	3145728,
					"rtt":	55212,
					"rttvar":	1916,
					"pmtu":	1500,
					"omitted":	false,
					"sender":	true
				}],
			"sum":	{
				"start":	34.000097,
				"end":	35.000364,
				"seconds":	1.0002670288085938,
				"bytes":	0,
				"bits_per_second":	0,
				"retransmits":	7,
				"omitted":	false,
				"sender":	true
			}
		}, {
			"streams":	[{
					"socket":	6,
					"start":	35.000364,
					"end":	36.000189,
					"seconds":	0.99982500076293945,
					"bytes":	847080,
					"bits_per_second":	6777826.11439895,
					"retransmits":	8,
					"snd_cwnd":	20272,
					"snd_wnd":	3145728,
					"rtt":	50374,
					"rttvar":	567,
					"pmtu":	1500,
					"omitted":	false,
					"sender":	true
				}],
			"sum":	{
				"start":	35.000364,
				"end":	36.000189,
				"seconds":	0.99982500076293945,
				"bytes":	847080,
				"bits_per_second":	6777826.11439895,
				"retransmits":	8,
				"omitted":	false,
				"sender":	true
			}
		}, {
			"streams":	[{
					"socket":	6,
					"start":	36.000189,
					"end":	37.001041,
					"seconds":	1.0008519887924194,
					"bytes":	0,
					"bits_per_second":	0,
					"retransmits":	8,
					"snd_cwnd":	17376,
					"snd_wnd":	3145728,
					"rtt":	54418,
					"rttvar":	3325,
					"pmtu":	1500,
					"omitted":	false,
					"sender":	true
				}],
			"sum":	{
				"start":	36.000189,
				"end":	37.001041,
				"seconds":	1.0008519887924194,
				"bytes":	0,
				"bits_per_second":	0,
				"retransmits":	8,
				"omitted":	false,
				"sender":	true
			}
		}, {
			"streams":	[{
					"socket":	6,
					"start":	37.001041,
					"end":	38.001037,
					"seconds":	0.9999960064888,
					"bytes":	0,
					"bits_per_second":	0,
					"retransmits":	2,
					"snd_cwnd":	20272,
					"snd_wnd":	3145728,
					"rtt":	50899,
					"rttvar":	1067,
					"pmtu":	1500,
					"omitted":	false,
					"sender":	true
				}],
			"sum":	{
				"start":	37.001041,
				"end":	38.001037,
				"seconds":	0.9999960064888,
				"bytes":	0,
				"bits_per_second":	0,
				"retransmits":	2,
				"omitted":	false,
				"sender":	true
			}
		}, {
			"streams":	[{
					"socket":	6,
					"start":	38.001037,
					"end":	39.000781,
					"seconds":	0.9997439980506897,
					"bytes":	781920,
					"bits_per_second":	6256961.79441613,
					"retransmits":	8,
					"snd_cwnd":	14480,
					"snd_wnd":	3143552,
					"rtt":	57339,
					"rttvar":	7013,
					"pmtu":	1500,
					"omitted":	false,
					"sender":	true
				}],
			"sum":	{
				"start":	38.001037,
				"end":	39.000781,
				"seconds":	0.9997439980506897,
				"bytes":	781920,
				"bits_per_second":	6256961.79441613,
				"retransmits":	8,
				"omitted":	false,
				"sender":	true
			}
		}, {
			"streams":	[{
					"socket":	6,
					"start":	39.000781,
					"end":	40.00078,
					"seconds":	0.99999898672103882,
					"bytes":	0,
					"bits_per_second":	0,
					"retransmits":	0,
					"snd_cwnd":	27512,
					"snd_wnd":	3143552,
					"rtt":	56480,
					"rttvar":	2050,
					"pmtu":	1500,
					"omitted":	false,
					"sender":	true
				}],
			"sum":	{
				"start":	39.000781,
				"end":	40.00078,
				"seconds":	0.99999898672103882,
				"bytes":	0,
				"bits_per_second":	0,
				"retransmits":	0,
				"omitted":	false,
				"sender":	true
			}
		}, {
			"streams":	[{
					"socket":	6,
					"start":	40.00078,
					"end":	41.000676,
					"seconds":	0.999895989894867,
					"bytes":	781920,
					"bits_per_second":	6256010.688329407,
					"retransmits":	4,
					"snd_cwnd":	21720,
					"snd_wnd":	3145728,
					"rtt":	54888,
					"rttvar":	897,
					"pmtu":	1500,
					"omitted":	false,
					"sender":	true
				}],
			"sum":	{
				"start":	40.00078,
				"end":	41.000676,
				"seconds":	0.999895989894867,
				"bytes":	781920,
				"bits_per_second":	6256010.688329407,
				"retransmits":	4,
				"omitted":	false,
				"sender":	true
			}
		}, {
			"streams":	[{
					"socket":	6,
					"start":	41.000676,
					"end":	42.001058,
					"seconds":	1.0003819465637207,
					"bytes":	0,
					"bits_per_second":	0,
					"retransmits":	2,
					"snd_cwnd":	24616,
					"snd_wnd":	3145728,
					"rtt":	50878,
					"rttvar":	1392,
					"pmtu":	1500,
					"omitted":	false,
					"sender":	true
				}],
			"sum":	{
				"start":	41.000676,
				"end":	42.001058,
				"seconds":	1.0003819465637207,
				"bytes":	0,
				"bits_per_second":	0,
				"retransmits":	2,
				"omitted":	false,
				"sender":	true
			}
		}, {
			"streams":	[{
					"socket":	6,
					"start":	42.001058,
					"end":	43.000451,
					"seconds":	0.99939298629760742,
					"bytes":	781920,
					"bits_per_second":	6259159.3955185385,
					"retransmits":	6,
					"snd_cwnd":	17376,
					"snd_wnd":	3143552,
					"rtt":	57397,
					"rttvar":	1469,
					"pmtu":	1500,
					"omitted":	false,
					"sender":	true
				}],
			"sum":	{
				"start":	42.001058,
				"end":	43.000451,
				"seconds":	0.99939298629760742,
				"bytes":	781920,
				"bits_per_second":	6259159.3955185385,
				"retransmits":	6,
				"omitted":	false,
				"sender":	true
			}
		}, {
			"streams":	[{
					"socket":	6,
					"start":	43.000451,
					"end":	44.000104,
					"seconds":	0.99965298175811768,
					"bytes":	0,
					"bits_per_second":	0,
					"retransmits":	0,
					"snd_cwnd":	30408,
					"snd_wnd":	3145728,
					"rtt":	55461,
					"rttvar":	2865,
					"pmtu":	1500,
					"omitted":	false,
					"sender":	true
				}],
			"sum":	{
				"start":	43.000451,
				"end":	44.000104,
				"seconds":	0.99965298175811768,
				"bytes":	0,
				"bits_per_second":	0,
				"retransmits":	0,
				"omitted":	false,
				"sender":	true
			}
		}, {
			"streams":	[{
					"socket":	6,
					"start":	44.000104,
					"end":	45.000865,
					"seconds":	1.0007610321044922,
					"bytes":	781920,
					"bits_per_second":	6250603.0903757857,
					"retransmits":	15,
					"snd_cwnd":	21720,
					"snd_wnd":	3145728,
					"rtt":	52529,
					"rttvar":	942,
					"pmtu":	1500,
					"omitted":	false,
					"sender":	true
				}],
			"sum":	{
				"start":	44.000104,
				"end":	45.000865,
				"seconds":	1.0007610321044922,
				"bytes":	781920,
				"bits_per_second":	6250603.0903757857,
				"retransmits":	15,
				"omitted":	false,
				"sender":	true
			}
		}, {
			"streams":	[{
					"socket":	6,
					"start":	45.000865,
					"end":	46.000172,
					"seconds":	0.99930697679519653,
					"bytes":	781920,
					"bits_per_second":	6259698.1160494871,
					"retransmits":	2,
					"snd_cwnd":	24616,
					"snd_wnd":	3145728,
					"rtt":	51735,
					"rttvar":	2442,
					"pmtu":	1500,
					"omitted":	false,
					"sender":	true
				}],
			"sum":	{
				"start":	45.000865,
				"end":	46.000172,
				"seconds":	0.99930697679519653,
				"bytes":	781920,
				"bits_per_second":	6259698.1160494871,
				"retransmits":	2,
				"omitted":	false,
				"sender":	true
			}
		}, {
			"streams":	[{
					"socket":	6,
					"start":	46.000172,
					"end":	47.000126,
					"seconds":	0.9999539852142334,
					"bytes":	0,
					"bits_per_second":	0,
					"retransmits":	6,
					"snd_cwnd":	17376,
					"snd_wnd":	3145728,
					"rtt":	51111,
					"rttvar":	885,
					"pmtu":	1500,
					"omitted":	false,
					"sender":	true
				}],
			"sum":	{
				"start":	46.000172,
				"end":	47.000126,
				"seconds":	0.9999539852142334,
				"bytes":	0,
				"bits_per_second":	0,
				"retransmits":	6,
				"omitted":	false,
				"sender":	true
			}
		}, {
			"streams":	[{
					"socket":	6,
					"start":	47.000126,
					"end":	48.001037,
					"seconds":	1.0009109973907471,
					"bytes":	0,
					"bits_per_second":	0,
					"retransmits":	5,
					"snd_cwnd":	13032,
					"snd_wnd":	3145728,
					"rtt":	54619,
					"rttvar":	2671,
					"pmtu":	1500,
					"omitted":	false,
					"sender":	true
				}],
			"sum":	{
				"start":	47.000126,
				"end":	48.001037,
				"seconds":	1.0009109973907471,
				"bytes":	0,
				"bits_per_second":	0,
				"retransmits":	5,
				"omitted":	false,
				"sender":	true
			}
		}, {
			"streams":	[{
					"socket":	6,
					"start":	48.001037,
					"end":	49.000224,
					"seconds":	0.99918699264526367,
					"bytes":	781920,
					"bits_per_second":	6260449.79172463,
					"retransmits":	0,
					"snd_cwnd":	27512,
					"snd_wnd":	3143552,
					"rtt":	53971,
					"rttvar":	1350,
					"pmtu":	1500,
					"omitted":	false,
					"sender":	true
				}],
			"sum":	{
				"start":	48.001037,
				"end":	49.000224,
				"seconds":	0.99918699264526367,
				"bytes":	781920,
				"bits_per_second":	6260449.79172463,
				"retransmits":	0,
				"omitted":	false,
				"sender":	true
			}
		}, {
			"streams":	[{
					"socket":	6,
					"start":	49.000224,
					"end":	50.000291,
					"seconds":	1.0000669956207275,
					"bytes":	0,
					"bits_per_second":	0,
					"retransmits":	2,
					"snd_cwnd":	30408,
					"snd_wnd":	3143552,
					"rtt":	56508,
					"rttvar":	332,
					"pmtu":	1500,
					"omitted":	false,
					"sender":	true
				}],
			"sum":	{
				"start":	49.000224,
				"end":	50.000291,
				"seconds":	1.0000669956207275,
				"bytes":	0,
				"bits_per_second":	0,
				"retransmits":	2,
				"omitted":	false,
				"sender":	true
			}
		}, {
			"streams":	[{
					"socket":	6,
					"start":	50.000291,
					"end":	51.000436,
					"seconds":	1.0001449584960938,
					"bytes":	781920,
					"bits_per_second":	6254453.3638464883,
					"retransmits":	6,
					"snd_cwnd":	21720,
					"snd_wnd":	3145728,
					"rtt":	51559,
					"rttvar":	2766,
					"pmtu":	1500,
					"omitted":	false,
					"sender":	true
				}],
			"sum":	{
				"start":	50.000291,
				"end":	51.000436,
				"seconds":	1.0001449584960938,
				"bytes":	781920,
				"bits_per_second":	6254453.3638464883,
				"retransmits":	6,
				"omitted":	false,
				"sender":	true
			}
		}, {
			"streams":	[{
					"socket":	6,
					"start":	51.000436,
					"end":	52.000382,
					"seconds":	0.9999459981918335,
					"bytes":	781920,
					"bits_per_second":	6255697.81899357,
					"retransmits":	0,
					"snd_cwnd":	34752,
					"snd_wnd":	3143552,
					"rtt":	57707,
					"rttvar":	3025,
					"pmtu":	1500,
					"omitted":	false,
					"sender":	true
				}],
			"sum":	{
				"start":	51.000436,
				"end":	52.000382,
				"seconds":	0.9999459981918335,
				"bytes":	781920,
				"bits_per_second":	6255697.81899357,
				"retransmits":	0,
				"omitted":	false,
				"sender":	true
			}
		}, {
			"streams":	[{
					"socket":	6,
					"start":	52.000382,
					"end":	53.000208,
					"seconds":	0.99982601404190063,
					"bytes":	781920,
					"bits_per_second":	6256448.53419252,
					"retransmits":	14,
					"snd_cwnd":	34752,
					"snd_wnd":	3145728,
					"rtt":	53093,
					"rttvar":	1433,
					"pmtu":	1500,
					"omitted":	false,
					"sender":	true
				}],
			"sum":	{
				"start":	52.000382,
				"end":	53.000208,
				"seconds":	0.99982601404190063,
				"bytes":	781920,
				"bits_per_second":	6256448.53419252,
				"retransmits":	14,
				"omitted":	false,
				"sender":	true
			}
		}, {
			"streams":	[{
					"socket":	6,
					"start":	53.000208,
					"end":	54.000313,
					"seconds":	1.0001050233840942,
					"bytes":	0,
					"bits_per_second":	0,
					"retransmits":	8,
					"snd_cwnd":	20272,
					"snd_wnd":	3143552,
					"rtt":	52541,
					"rttvar":	1462,
					"pmtu":	1500,
					"omitted":	false,
					"sender":	true
				}],
			"sum":	{
				"start":	53.000208,
				"end":	54.000313,
				"seconds":	1.0001050233840942,
				"bytes":	0,
				"bits_per_second":	0,
				"retransmits":	8,
				"omitted":	false,
				"sender":	true
			}
		}, {
			"streams":	[{
					"socket":	6,
					"start":	54.000313,
					"end":	55.000425,
					"seconds":	1.0001120567321777,
					"bytes":	781920,
					"bits_per_second":	6254659.1233377531,
					"retransmits":	4,
					"snd_cwnd":	15928,
					"snd_wnd":	3145728,
					"rtt":	50750,
					"rttvar":	1234,
					"pmtu":	1500,
					"omitted":	false,
					"sender":	true
				}],
			"sum":	{
				"start":	54.000313,
				"end":	55.000425,
				"seconds":	1.0001120567321777,
				"bytes":	781920,
				"bits_per_second":	6254659.1233377531,
				"retransmits":	4,
				"omitted":	false,
				"sender":	true
			}
		}, {
			"streams":	[{
					"socket":	6,
					"start":	55.000425,
					"end":	56.000192,
					"seconds":	0.999767005443573,
					"bytes":	0,
					"bits_per_second":	0,
					"retransmits":	2,
					"snd_cwnd":	20272,
					"snd_wnd":	3145728,
					"rtt":	53285,
					"rttvar":	1642,
					"pmtu":	1500,
					"omitted":	false,
					"sender":	true
				}],
			"sum":	{
				"start":	55.000425,
				"end":	56.000192,
				"seconds":	0.999767005443573,
				"bytes":	0,
				"bits_per_second":	0,
				"retransmits":	2,
				"omitted":	false,
				"sender":	true
			}
		}, {
			"streams":	[{
					"socket":	6,
					"start":	56.000192,
					"end":	57.00062,
					"seconds":	1.0004279613494873,
					"bytes":	781920,
					"bits_per_second":	6252684.0928776944,
					"retransmits":	2,
					"snd_cwnd":	24616,
					"snd_wnd":	3145728,
					"rtt":	52130,
					"rttvar":	948,
					"pmtu":	1500,
					"omitted":	false,
					"sender":	true
				}],
			"sum":	{
				"start":	56.000192,
				"end":	57.00062,
				"seconds":	1.0004279613494873,
				"bytes":	781920,
				"bits_per_second":	6252684.0928776944,
				"retransmits":	2,
				"omitted":	false,
				"sender":	true
			}
		}, {
			"streams":	[{
					"socket":	6,
					"start":	57.00062,
					"end":	58.000208,
					"seconds":	0.9995880126953125,
					"bytes":	0,
					"bits_per_second":	0,
					"retransmits":	2,
					"snd_cwnd":	27512,
					"snd_wnd":	3145728,
					"rtt":	51916,
					"rttvar":	1486,
					"pmtu":	1500,
					"omitted":	false,
					"sender":	true
				}],
			"sum":	{
				"start":	57.00062,
				"end":	58.000208,
				"seconds":	0.9995880126953125,
				"bytes":	0,
				"bits_per_second":	0,
				"retransmits":	2,
				"omitted":	false,
				"sender":	true
			}
		}, {
			"streams":	[{
					"socket":	6,
					"start":	58.000208,
					"end":	59.00017,
					"seconds":	0.9999619722366333,
					"bytes":	781920,
					"bits_per_second":	6255597.88639614,
					"retransmits":	10,
					"snd_cwnd":	20272,
					"snd_wnd":	3145728,
					"rtt":	52660,
					"rttvar":	1441,
					"pmtu":	1500,
					"omitted":	false,
					"sender":	true
				}],
			"sum":	{
				"start":	58.000208,
				"end":	59.00017,
				"seconds":	0.9999619722366333,
				"bytes":	781920,
				"bits_per_second":	6255597.88639614,
				"retransmits":	10,
				"omitted":	false,
				"sender":	true
			}
		}, {
			"streams":	[{
					"socket":	6,
					"start":	59.00017,
					"end":	60.000193,
					"seconds":	1.0000230073928833,
					"bytes":	0,
					"bits_per_second":	0,
					"retransmits":	8,
					"snd_cwnd":	14480,
					"snd_wnd":	3143552,
					"rtt":	54126,
					"rttvar":	2467,
					"pmtu":	1500,
					"omitted":	false,
					"sender":	true
				}],
			"sum":	{
				"start":	59.00017,
				"end":	60.000193,
				"seconds":	1.0000230073928833,
				"bytes":	0,
				"bits_per_second":	0,
				"retransmits":	8,
				"omitted":	false,
				"sender":	true
			}
		}],
	"end":	{
		"streams":	[{
				"sender":	{
					"socket":	6,
					"start":	0,
					"end":	60.000193,
					"seconds":	60.000193,
					"bytes":	34368280,
					"bits_per_second":	4582422.5932073249,
					"retransmits":	418,
					"max_snd_cwnd":	128872,
					"max_snd_wnd":	3145728,
					"max_rtt":	58223,
					"min_rtt":	50083,
					"mean_rtt":	53745,
					"sender":	true
				},
				"receiver":	{
					"socket":	6,
					"start":	0,
					"end":	60.05031,
					"seconds":	60.000193,
					"bytes":	32717560,
					"bits_per_second":	4358686.5746404966,
					"sender":	true
				}
			}],
		"sum_sent":	{
			"start":	0,
			"end":	60.000193,
			"seconds":	60.000193,
			"bytes":	34368280,
			"bits_per_second":	4582422.5932073249,
			"retransmits":	418,
			"sender":	true
		},
		"sum_received":	{
			"start":	0,
			"end":	60.05031,
			"seconds":	60.05031,
			"bytes":	32717560,
			"bits_per_second":	4358686.5746404966,
			"sender":	true
		},
		"cpu_utilization_percent":	{
			"host_total":	0.09807067486995806,
			"host_user":	0.017157094235053554,
			"host_system":	0.0809152416954365,
			"remote_total":	0.339670016855858,
			"remote_user":	0.038655901032367178,
			"remote_system":	0.30101245055398518
		},
		"sender_tcp_congestion":	"cubic",
		"receiver_tcp_congestion":	"cubic"
	}
}
