{
	"start":	{
		"connected":	[{
				"socket":	6,
				"local_host":	"192.168.101.210",
				"local_port":	53908,
				"remote_host":	"192.168.100.168",
				"remote_port":	5201
			}],
		"version":	"iperf 3.11",
		"system_info":	"Linux f1 6.0.10-300.fc37.x86_64 #1 SMP PREEMPT_DYNAMIC Sat Nov 26 16:55:13 UTC 2022 x86_64",
		"timestamp":	{
			"time":	"Sat, 10 Dec 2022 20:34:00 GMT",
			"timesecs":	1670704440
		},
		"connecting_to":	{
			"host":	"192.168.100.168",
			"port":	5201
		},
		"cookie":	"zkm4vw3mxhu54sax64odcx7h5xnruhktnatq",
		"tcp_mss_default":	1448,
		"target_bitrate":	0,
		"sock_bufsize":	0,
		"sndbuf_actual":	16384,
		"rcvbuf_actual":	131072,
		"test_start":	{
			"protocol":	"TCP",
			"num_streams":	1,
			"blksize":	131072,
			"omit":	0,
			"duration":	60,
			"bytes":	0,
			"blocks":	0,
			"reverse":	0,
			"tos":	0,
			"target_bitrate":	0
		}
	},
	"intervals":	[{
			"streams":	[{
					"socket":	6,
					"start":	0,
					"end":	1.000076,
					"seconds":	1.0000760555267334,
					"bytes":	40632320,
					"bits_per_second":	325033839.38013977,
					"retransmits":	0,
					"snd_cwnd":	6337896,
					"snd_wnd":	3141248,
					"rtt":	51662,
					"rttvar":	604,
					"pmtu":	1500,
					"omitted":	false,
					"sender":	true
				}],
			"sum":	{
				"start":	0,
				"end":	1.000076,
				"seconds":	1.0000760555267334,
				"bytes":	40632320,
				"bits_per_second":	325033839.38013977,
				"retransmits":	0,
				"omitted":	false,
				"sender":	true
			}
		}, {
			"streams":	[{
					"socket":	6,
					"start":	1.000076,
					"end":	2.000073,
					"seconds":	0.99999701976776123,
					"bytes":	60293120,
					"bits_per_second":	482346397.504284,
					"retransmits":	0,
					"snd_cwnd":	6337896,
					"snd_wnd":	3143552,
					"rtt":	51171,
					"rttvar":	580,
					"pmtu":	1500,
					"omitted":	false,
					"sender":	true
				}],
			"sum":	{
				"start":	1.000076,
				"end":	2.000073,
				"seconds":	0.99999701976776123,
				"bytes":	60293120,
				"bits_per_second":	482346397.504284,
				"retransmits":	0,
				"omitted":	false,
				"sender":	true
			}
		}, {
			"streams":	[{
					"socket":	6,
					"start":	2.000073,
					"end":	3.00007,
					"seconds":	0.99999701976776123,
					"bytes":	58982400,
					"bits_per_second":	471860606.254191,
					"retransmits":	0,
					"snd_cwnd":	6337896,
					"snd_wnd":	3143552,
					"rtt":	51672,
					"rttvar":	598,
					"pmtu":	1500,
					"omitted":	false,
					"sender":	true
				}],
			"sum":	{
				"start":	2.000073,
				"end":	3.00007,
				"seconds":	0.99999701976776123,
				"bytes":	58982400,
				"bits_per_second":	471860606.254191,
				"retransmits":	0,
				"omitted":	false,
				"sender":	true
			}
		}, {
			"streams":	[{
					"socket":	6,
					"start":	3.00007,
					"end":	4.000076,
					"seconds":	1.0000059604644775,
					"bytes":	61603840,
					"bits_per_second":	492827782.51750875,
					"retransmits":	0,
					"snd_cwnd":	6337896,
					"snd_wnd":	3143552,
					"rtt":	51881,
					"rttvar":	775,
					"pmtu":	1500,
					"omitted":	false,
					"sender":	true
				}],
			"sum":	{
				"start":	3.00007,
				"end":	4.000076,
				"seconds":	1.0000059604644775,
				"bytes":	61603840,
				"bits_per_second":	492827782.51750875,
				"retransmits":	0,
				"omitted":	false,
				"sender":	true
			}
		}, {
			"streams":	[{
					"socket":	6,
					"start":	4.000076,
					"end":	5.000069,
					"seconds":	0.99999302625656128,
					"bytes":	57671680,
					"bits_per_second":	461376657.52243817,
					"retransmits":	0,
					"snd_cwnd":	6337896,
					"snd_wnd":	3143552,
					"rtt":	51116,
					"rttvar":	657,
					"pmtu":	1500,
					"omitted":	false,
					"sender":	true
				}],
			"sum":	{
				"start":	4.000076,
				"end":	5.000069,
				"seconds":	0.99999302625656128,
				"bytes":	57671680,
				"bits_per_second":	461376657.52243817,
				"retransmits":	0,
				"omitted":	false,
				"sender":	true
			}
		}, {
			"streams":	[{
					"socket":	6,
					"start":	5.000069,
					"end":	6.000076,
					"seconds":	1.0000070333480835,
					"bytes":	61603840,
					"bits_per_second":	492827253.77437919,
					"retransmits":	0,
					"snd_cwnd":	6337896,
					"snd_wnd":	3141248,
					"rtt":	51609,
					"rttvar":	426,
					"pmtu":	1500,
					"omitted":	false,
					"sender":	true
				}],
			"sum":	{
				"start":	5.000069,
				"end":	6.000076,
				"seconds":	1.0000070333480835,
				"bytes":	61603840,
				"bits_per_second":	492827253.77437919,
				"retransmits":	0,
				"omitted":	false,
				"sender":	true
			}
		}, {
			"streams":	[{
					"socket":	6,
					"start":	6.000076,
					"end":	7.000067,
					"seconds":	0.999990999698639,
					"bytes":	58982400,
					"bits_per_second":	471863446.91322351,
					"retransmits":	0,
					"snd_cwnd":	6337896,
					"snd_wnd":	3143552,
					"rtt":	50563,
					"rttvar":	608,
					"pmtu":	1500,
					"omitted":	false,
					"sender":	true
				}],
			"sum":	{
				"start":	6.000076,
				"end":	7.000067,
				"seconds":	0.999990999698639,
				"bytes":	58982400,
				"bits_per_second":	471863446.91322351,
				"retransmits":	0,
				"omitted":	false,
				"sender":	true
			}
		}, {
			"streams":	[{
					"socket":	6,
					"start":	7.000067,
					"end":	8.000079,
					"seconds":	1.0000120401382446,
					"bytes":	60293120,
					"bits_per_second":	482339152.56992227,
					"retransmits":	0,
					"snd_cwnd":	6337896,
					"snd_wnd":	3143552,
					"rtt":	51686,
					"rttvar":	396,
					"pmtu":	1500,
					"omitted":	false,
					"sender":	true
				}],
			"sum":	{
				"start":	7.000067,
				"end":	8.000079,
				"seconds":	1.0000120401382446,
				"bytes":	60293120,
				"bits_per_second":	482339152.56992227,
				"retransmits":	0,
				"omitted":	false,
				"sender":	true
			}
		}, {
			"streams":	[{
					"socket":	6,
					"start":	8.000079,
					"end":	9.000068,
					"seconds":	0.99998897314071655,
					"bytes":	58982400,
					"bits_per_second":	471864403.18237478,
					"retransmits":	0,
					"snd_cwnd":	6337896,
					"snd_wnd":	3112576,
					"rtt":	50453,
					"rttvar":	332,
					"pmtu":	1500,
					"omitted":	false,
					"sender":	true
				}],
			"sum":	{
				"start":	8.000079,
				"end":	9.000068,
				"seconds":	0.99998897314071655,
				"bytes":	58982400,
				"bits_per_second":	471864403.18237478,
				"retransmits":	0,
				"omitted":	false,
				"sender":	true
			}
		}, {
			"streams":	[{
					"socket":	6,
					"start":	9.000068,
					"end":	10.000064,
					"seconds":	0.9999960064888,
					"bytes":	60293120,
					"bits_per_second":	482346886.25769252,
					"retransmits":	0,
					"snd_cwnd":	6337896,
					"snd_wnd":	3143552,
					"rtt":	51742,
					"rttvar":	602,
					"pmtu":	1500,
					"omitted":	false,
					"sender":	true
				}],
			"sum":	{
				"start":	9.000068,
				"end":	10.000064,
				"seconds":	0.9999960064888,
				"bytes":	60293120,
				"bits_per_second":	482346886.25769252,
				"retransmits":	0,
				"omitted":	false,
				"sender":	true
			}
		}, {
			"streams":	[{
					"socket":	6,
					"start":	10.000064,
					"end":	11.000069,
					"seconds":	1.0000050067901611,
					"bytes":	58982400,
					"bits_per_second":	471856837.51182848,
					"retransmits":	0,
					"snd_cwnd":	6337896,
					"snd_wnd":	3143552,
					"rtt":	51457,
					"rttvar":	859,
					"pmtu":	1500,
					"omitted":	false,
					"sender":	true
				}],
			"sum":	{
				"start":	10.000064,
				"end":	11.000069,
				"seconds":	1.0000050067901611,
				"bytes":	58982400,
				"bits_per_second":	471856837.51182848,
				"retransmits":	0,
				"omitted":	false,
				"sender":	true
			}
		}, {
			"streams":	[{
					"socket":	6,
					"start":	11.000069,
					"end":	12.000072,
					"seconds":	1.0000029802322388,
					"bytes":	60293120,
					"bits_per_second":	482343522.504284,
					"retransmits":	0,
					"snd_cwnd":	6337896,
					"snd_wnd":	3143552,
					"rtt":	50444,
					"rttvar":	194,
					"pmtu":	1500,
					"omitted":	false,
					"sender":	true
				}],
			"sum":	{
				"start":	11.000069,
				"end":	12.000072,
				"seconds":	1.0000029802322388,
				"bytes":	60293120,
				"bits_per_second":	482343522.504284,
				"retransmits":	0,
				"omitted":	false,
				"sender":	true
			}
		}, {
			"streams":	[{
					"socket":	6,
					"start":	12.000072,
					"end":	13.000071,
					"seconds":	0.99999898672103882,
					"bytes":	58982400,
					"bits_per_second":	471859678.12548447,
					"retransmits":	0,
					"snd_cwnd":	6337896,
					"snd_wnd":	3143552,
					"rtt":	50968,
					"rttvar":	676,
					"pmtu":	1500,
					"omitted":	false,
					"sender":	true
				}],
			"sum":	{
				"start":	12.000072,
				"end":	13.000071,
				"seconds":	0.99999898672103882,
				"bytes":	58982400,
				"bits_per_second":	471859678.12548447,
				"retransmits":	0,
				"omitted":	false,
				"sender":	true
			}
		}, {
			"streams":	[{
					"socket":	6,
					"start":	13.000071,
					"end":	14.000066,
					"seconds":	0.999994993209839,
					"bytes":	60293120,
					"bits_per_second":	482347375.01209146,
					"retransmits":	0,
					"snd_cwnd":	6337896,
					"snd_wnd":	3112576,
					"rtt":	51002,
					"rttvar":	933,
					"pmtu":	1500,
					"omitted":	false,
					"sender":	true
				}],
			"sum":	{
				"start":	13.000071,
				"end":	14.000066,
				"seconds":	0.999994993209839,
				"bytes":	60293120,
				"bits_per_second":	482347375.01209146,
				"retransmits":	0,
				"omitted":	false,
				"sender":	true
			}
		}, {
			"streams":	[{
					"socket":	6,
					"start":	14.000066,
					"end":	15.000067,
					"seconds":	1.0000009536743164,
					"bytes":	58982400,
					"bits_per_second":	471858750.00042915,
					"retransmits":	0,
					"snd_cwnd":	6337896,
					"snd_wnd":	3143552,
					"rtt":	50879,
					"rttvar":	578,
					"pmtu":	1500,
					"omitted":	false,
					"sender":	true
				}],
			"sum":	{
				"start":	14.000066,
				"end":	15.000067,
				"seconds":	1.0000009536743164,
				"bytes":	58982400,
				"bits_per_second":	471858750.00042915,
				"retransmits":	0,
				"omitted":	false,
				"sender":	true
			}
		}, {
			"streams":	[{
					"socket":	6,
					"start":	15.000067,
					"end":	16.000067,
					"seconds":	1,
					"bytes":	60293120,
					"bits_per_second":	482344960,
					"retransmits":	0,
					"snd_cwnd":	6337896,
					"snd_wnd":	3143552,
					"rtt":	50957,
					"rttvar":	839,
					"pmtu":	1500,
					"omitted":	false,
					"sender":	true
				}],
			"sum":	{
				"start":	15.000067,
				"end":	16.000067,
				"seconds":	1,
				"bytes":	60293120,
				"bits_per_second":	482344960,
				"retransmits":	0,
				"omitted":	false,
				"sender":	true
			}
		}, {
			"streams":	[{
					"socket":	6,
					"start":	16.000067,
					"end":	17.000078,
					"seconds":	1.0000109672546387,
					"bytes":	58982400,
					"bits_per_second":	471854025.056755,
					"retransmits":	0,
					"snd_cwnd":	6337896,
					"snd_wnd":	3143552,
					"rtt":	51071,
					"rttvar":	459,
					"pmtu":	1500,
					"omitted":	false,
					"sender":	true
				}],
			"sum":	{
				"start":	16.000067,
				"end":	17.000078,
				"seconds":	1.0000109672546387,
				"bytes":	58982400,
				"bits_per_second":	471854025.056755,
				"retransmits":	0,
				"omitted":	false,
				"sender":	true
			}
		}, {
			"streams":	[{
					"socket":	6,
					"start":	17.000078,
					"end":	18.000067,
					"seconds":	0.99998897314071655,
					"bytes":	60293120,
					"bits_per_second":	482350278.80864978,
					"retransmits":	0,
					"snd_cwnd":	6337896,
					"snd_wnd":	3143552,
					"rtt":	50690,
					"rttvar":	485,
					"pmtu":	1500,
					"omitted":	false,
					"sender":	true
				}],
			"sum":	{
				"start":	17.000078,
				"end":	18.000067,
				"seconds":	0.99998897314071655,
				"bytes":	60293120,
				"bits_per_second":	482350278.80864978,
				"retransmits":	0,
				"omitted":	false,
				"sender":	true
			}
		}, {
			"streams":	[{
					"socket":	6,
					"start":	18.000067,
					"end":	19.000074,
					"seconds":	1.0000070333480835,
					"bytes":	60293120,
					"bits_per_second":	482341567.52386045,
					"retransmits":	0,
					"snd_cwnd":	6337896,
					"snd_wnd":	3143552,
					"rtt":	51098,
					"rttvar":	563,
					"pmtu":	1500,
					"omitted":	false,
					"sender":	true
				}],
			"sum":	{
				"start":	18.000067,
				"end":	19.000074,
				"seconds":	1.0000070333480835,
				"bytes":	60293120,
				"bits_per_second":	482341567.52386045,
				"retransmits":	0,
				"omitted":	false,
				"sender":	true
			}
		}, {
			"streams":	[{
					"socket":	6,
					"start":	19.000074,
					"end":	20.000069,
					"seconds":	0.999994993209839,
					"bytes":	58982400,
					"bits_per_second":	471861562.5118286,
					"retransmits":	0,
					"snd_cwnd":	6337896,
					"snd_wnd":	3143552,
					"rtt":	50468,
					"rttvar":	512,
					"pmtu":	1500,
					"omitted":	false,
					"sender":	true
				}],
			"sum":	{
				"start":	19.000074,
				"end":	20.000069,
				"seconds":	0.999994993209839,
				"bytes":	58982400,
				"bits_per_second":	471861562.5118286,
				"retransmits":	0,
				"omitted":	false,
				"sender":	true
			}
		}, {
			"streams":	[{
					"socket":	6,
					"start":	20.000069,
					"end":	21.000075,
					"seconds":	1.0000059604644775,
					"bytes":	60293120,
					"bits_per_second":	482342085.01713622,
					"retransmits":	0,
					"snd_cwnd":	6337896,
					"snd_wnd":	3143552,
					"rtt":	51932,
					"rttvar":	624,
					"pmtu":	1500,
					"omitted":	false,
					"sender":	true
				}],
			"sum":	{
				"start":	20.000069,
				"end":	21.000075,
				"seconds":	1.0000059604644775,
				"bytes":	60293120,
				"bits_per_second":	482342085.01713622,
				"retransmits":	0,
				"omitted":	false,
				"sender":	true
			}
		}, {
			"streams":	[{
					"socket":	6,
					"start":	21.000075,
					"end":	22.000072,
					"seconds":	0.99999701976776123,
					"bytes":	60293120,
					"bits_per_second":	482346397.504284,
					"retransmits":	0,
					"snd_cwnd":	6337896,
					"snd_wnd":	3143552,
					"rtt":	51009,
					"rttvar":	874,
					"pmtu":	1500,
					"omitted":	false,
					"sender":	true
				}],
			"sum":	{
				"start":	21.000075,
				"end":	22.000072,
				"seconds":	0.99999701976776123,
				"bytes":	60293120,
				"bits_per_second":	482346397.504284,
				"retransmits":	0,
				"omitted":	false,
				"sender":	true
			}
		}, {
			"streams":	[{
					"socket":	6,
					"start":	22.000072,
					"end":	23.000068,
					"seconds":	0.9999960064888,
					"bytes":	58982400,
					"bits_per_second":	471861084.38252532,
					"retransmits":	0,
					"snd_cwnd":	6337896,
					"snd_wnd":	3143552,
					"rtt":	52003,
					"rttvar":	639,
					"pmtu":	1500,
					"omitted":	false,
					"sender":	true
				}],
			"sum":	{
				"start":	22.000072,
				"end":	23.000068,
				"seconds":	0.9999960064888,
				"bytes":	58982400,
				"bits_per_second":	471861084.38252532,
				"retransmits":	0,
				"omitted":	false,
				"sender":	true
			}
		}, {
			"streams":	[{
					"socket":	6,
					"start":	23.000068,
					"end":	24.000066,
					"seconds":	0.99999797344207764,
					"bytes":	60293120,
					"bits_per_second":	482345937.501981,
					"retransmits":	0,
					"snd_cwnd":	6337896,
					"snd_wnd":	3143552,
					"rtt":	51237,
					"rttvar":	665,
					"pmtu":	1500,
					"omitted":	false,
					"sender":	true
				}],
			"sum":	{
				"start":	23.000068,
				"end":	24.000066,
				"seconds":	0.99999797344207764,
				"bytes":	60293120,
				"bits_per_second":	482345937.501981,
				"retransmits":	0,
				"omitted":	false,
				"sender":	true
			}
		}, {
			"streams":	[{
					"socket":	6,
					"start":	24.000066,
					"end":	25.000066,
					"seconds":	1,
					"bytes":	60293120,
					"bits_per_second":	482344960,
					"retransmits":	0,
					"snd_cwnd":	6337896,
					"snd_wnd":	3143552,
					"rtt":	51441,
					"rttvar":	652,
					"pmtu":	1500,
					"omitted":	false,
					"sender":	true
				}],
			"sum":	{
				"start":	24.000066,
				"end":	25.000066,
				"seconds":	1,
				"bytes":	60293120,
				"bits_per_second":	482344960,
				"retransmits":	0,
				"omitted":	false,
				"sender":	true
			}
		}, {
			"streams":	[{
					"socket":	6,
					"start":	25.000066,
					"end":	26.000074,
					"seconds":	1.0000079870224,
					"bytes":	58982400,
					"bits_per_second":	471855431.28010082,
					"retransmits":	0,
					"snd_cwnd":	6337896,
					"snd_wnd":	3112576,
					"rtt":	50645,
					"rttvar":	463,
					"pmtu":	1500,
					"omitted":	false,
					"sender":	true
				}],
			"sum":	{
				"start":	25.000066,
				"end":	26.000074,
				"seconds":	1.0000079870224,
				"bytes":	58982400,
				"bits_per_second":	471855431.28010082,
				"retransmits":	0,
				"omitted":	false,
				"sender":	true
			}
		}, {
			"streams":	[{
					"socket":	6,
					"start":	26.000074,
					"end":	27.000067,
					"seconds":	0.99999302625656128,
					"bytes":	60293120,
					"bits_per_second":	482348323.773458,
					"retransmits":	0,
					"snd_cwnd":	6337896,
					"snd_wnd":	3143552,
					"rtt":	51506,
					"rttvar":	654,
					"pmtu":	1500,
					"omitted":	false,
					"sender":	true
				}],
			"sum":	{
				"start":	26.000074,
				"end":	27.000067,
				"seconds":	0.99999302625656128,
				"bytes":	60293120,
				"bits_per_second":	482348323.773458,
				"retransmits":	0,
				"omitted":	false,
				"sender":	true
			}
		}, {
			"streams":	[{
					"socket":	6,
					"start":	27.000067,
					"end":	28.000065,
					"seconds":	0.99999797344207764,
					"bytes":	60293120,
					"bits_per_second":	482345937.501981,
					"retransmits":	0,
					"snd_cwnd":	6337896,
					"snd_wnd":	3143552,
					"rtt":	50241,
					"rttvar":	290,
					"pmtu":	1500,
					"omitted":	false,
					"sender":	true
				}],
			"sum":	{
				"start":	27.000067,
				"end":	28.000065,
				"seconds":	0.99999797344207764,
				"bytes":	60293120,
				"bits_per_second":	482345937.501981,
				"retransmits":	0,
				"omitted":	false,
				"sender":	true
			}
		}, {
			"streams":	[{
					"socket":	6,
					"start":	28.000065,
					"end":	29.000071,
					"seconds":	1.0000059604644775,
					"bytes":	58982400,
					"bits_per_second":	471856387.51676369,
					"retransmits":	0,
					"snd_cwnd":	6337896,
					"snd_wnd":	3143552,
					"rtt":	51472,
					"rttvar":	525,
					"pmtu":	1500,
					"omitted":	false,
					"sender":	true
				}],
			"sum":	{
				"start":	28.000065,
				"end":	29.000071,
				"seconds":	1.0000059604644775,
				"bytes":	58982400,
				"bits_per_second":	471856387.51676369,
				"retransmits":	0,
				"omitted":	false,
				"sender":	true
			}
		}, {
			"streams":	[{
					"socket":	6,
					"start":	29.000071,
					"end":	30.000069,
					"seconds":	0.99999797344207764,
					"bytes":	60293120,
					"bits_per_second":	482345937.501981,
					"retransmits":	0,
					"snd_cwnd":	6337896,
					"snd_wnd":	3112576,
					"rtt":	50319,
					"rttvar":	160,
					"pmtu":	1500,
					"omitted":	false,
					"sender":	true
				}],
			"sum":	{
				"start":	29.000071,
				"end":	30.000069,
				"seconds":	0.99999797344207764,
				"bytes":	60293120,
				"bits_per_second":	482345937.501981,
				"retransmits":	0,
				"omitted":	false,
				"sender":	true
			}
		}, {
			"streams":	[{
					"socket":	6,
					"start":	30.000069,
					"end":	31.000074,
					"seconds":	1.0000050067901611,
					"bytes":	58982400,
					"bits_per_second":	471856837.51182848,
					"retransmits":	0,
					"snd_cwnd":	6337896,
					"snd_wnd":	3143552,
					"rtt":	50778,
					"rttvar":	494,
					"pmtu":	1500,
					"omitted":	false,
					"sender":	true
				}],
			"sum":	{
				"start":	30.000069,
				"end":	31.000074,
				"seconds":	1.0000050067901611,
				"bytes":	58982400,
				"bits_per_second":	471856837.51182848,
				"retransmits":	0,
				"omitted":	false,
				"sender":	true
			}
		}, {
			"streams":	[{
					"socket":	6,
					"start":	31.000074,
					"end":	32.00007,
					"seconds":	0.9999960064888,
					"bytes":	60293120,
					"bits_per_second":	482346886.25769252,
					"retransmits":	0,
					"snd_cwnd":	6337896,
					"snd_wnd":	3143552,
					"rtt":	50316,
					"rttvar":	177,
					"pmtu":	1500,
					"omitted":	false,
					"sender":	true
				}],
			"sum":	{
				"start":	31.000074,
				"end":	32.00007,
				"seconds":	0.9999960064888,
				"bytes":	60293120,
				"bits_per_second":	482346886.25769252,
				"retransmits":	0,
				"omitted":	false,
				"sender":	true
			}
		}, {
			"streams":	[{
					"socket":	6,
					"start":	32.00007,
					"end":	33.000067,
					"seconds":	0.99999701976776123,
					"bytes":	58982400,
					"bits_per_second":	471860606.254191,
					"retransmits":	0,
					"snd_cwnd":	6337896,
					"snd_wnd":	3143552,
					"rtt":	50871,
					"rttvar":	595,
					"pmtu":	1500,
					"omitted":	false,
					"sender":	true
				}],
			"sum":	{
				"start":	32.00007,
				"end":	33.000067,
				"seconds":	0.99999701976776123,
				"bytes":	58982400,
				"bits_per_second":	471860606.254191,
				"retransmits":	0,
				"omitted":	false,
				"sender":	true
			}
		}, {
			"streams":	[{
					"socket":	6,
					"start":	33.000067,
					"end":	34.000075,
					"seconds":	1.0000079870224,
					"bytes":	60293120,
					"bits_per_second":	482341107.53076977,
					"retransmits":	0,
					"snd_cwnd":	6337896,
					"snd_wnd":	3143552,
					"rtt":	50362,
					"rttvar":	123,
					"pmtu":	1500,
					"omitted":	false,
					"sender":	true
				}],
			"sum":	{
				"start":	33.000067,
				"end":	34.000075,
				"seconds":	1.0000079870224,
				"bytes":	60293120,
				"bits_per_second":	482341107.53076977,
				"retransmits":	0,
				"omitted":	false,
				"sender":	true
			}
		}, {
			"streams":	[{
					"socket":	6,
					"start":	34.000075,
					"end":	35.000082,
					"seconds":	1.0000070333480835,
					"bytes":	58982400,
					"bits_per_second":	471855881.27334177,
					"retransmits":	0,
					"snd_cwnd":	6337896,
					"snd_wnd":	3143552,
					"rtt":	51084,
					"rttvar":	498,
					"pmtu":	1500,
					"omitted":	false,
					"sender":	true
				}],
			"sum":	{
				"start":	34.000075,
				"end":	35.000082,
				"seconds":	1.0000070333480835,
				"bytes":	58982400,
				"bits_per_second":	471855881.27334177,
				"retransmits":	0,
				"omitted":	false,
				"sender":	true
			}
		}, {
			"streams":	[{
					"socket":	6,
					"start":	35.000082,
					"end":	36.000071,
					"seconds":	0.99998897314071655,
					"bytes":	60293120,
					"bits_per_second":	482350278.80864978,
					"retransmits":	0,
					"snd_cwnd":	6337896,
					"snd_wnd":	3112576,
					"rtt":	50397,
					"rttvar":	103,
					"pmtu":	1500,
					"omitted":	false,
					"sender":	true
				}],
			"sum":	{
				"start":	35.000082,
				"end":	36.000071,
				"seconds":	0.99998897314071655,
				"bytes":	60293120,
				"bits_per_second":	482350278.80864978,
				"retransmits":	0,
				"omitted":	false,
				"sender":	true
			}
		}, {
			"streams":	[{
					"socket":	6,
					"start":	36.000071,
					"end":	37.000071,
					"seconds":	1,
					"bytes":	60293120,
					"bits_per_second":	482344960,
					"retransmits":	0,
					"snd_cwnd":	6337896,
					"snd_wnd":	3143552,
					"rtt":	51053,
					"rttvar":	611,
					"pmtu":	1500,
					"omitted":	false,
					"sender":	true
				}],
			"sum":	{
				"start":	36.000071,
				"end":	37.000071,
				"seconds":	1,
				"bytes":	60293120,
				"bits_per_second":	482344960,
				"retransmits":	0,
				"omitted":	false,
				"sender":	true
			}
		}, {
			"streams":	[{
					"socket":	6,
					"start":	37.000071,
					"end":	38.00009,
					"seconds":	1.0000189542770386,
					"bytes":	58982400,
					"bits_per_second":	471850256.41951913,
					"retransmits":	0,
					"snd_cwnd":	6337896,
					"snd_wnd":	3112576,
					"rtt":	50521,
					"rttvar":	322,
					"pmtu":	1500,
					"omitted":	false,
					"sender":	true
				}],
			"sum":	{
				"start":	37.000071,
				"end":	38.00009,
				"seconds":	1.0000189542770386,
				"bytes":	58982400,
				"bits_per_second":	471850256.41951913,
				"retransmits":	0,
				"omitted":	false,
				"sender":	true
			}
		}, {
			"streams":	[{
					"socket":	6,
					"start":	38.00009,
					"end":	39.00007,
					"seconds":	0.99997997283935547,
					"bytes":	60293120,
					"bits_per_second":	482354620.19346625,
					"retransmits":	0,
					"snd_cwnd":	6337896,
					"snd_wnd":	3143552,
					"rtt":	51951,
					"rttvar":	767,
					"pmtu":	1500,
					"omitted":	false,
					"sender":	true
				}],
			"sum":	{
				"start":	38.00009,
				"end":	39.00007,
				"seconds":	0.99997997283935547,
				"bytes":	60293120,
				"bits_per_second":	482354620.19346625,
				"retransmits":	0,
				"omitted":	false,
				"sender":	true
			}
		}, {
			"streams":	[{
					"socket":	6,
					"start":	39.00007,
					"end":	40.000078,
					"seconds":	1.0000079870224,
					"bytes":	60293120,
					"bits_per_second":	482341107.53076977,
					"retransmits":	0,
					"snd_cwnd":	6337896,
					"snd_wnd":	3141248,
					"rtt":	51079,
					"rttvar":	969,
					"pmtu":	1500,
					"omitted":	false,
					"sender":	true
				}],
			"sum":	{
				"start":	39.00007,
				"end":	40.000078,
				"seconds":	1.0000079870224,
				"bytes":	60293120,
				"bits_per_second":	482341107.53076977,
				"retransmits":	0,
				"omitted":	false,
				"sender":	true
			}
		}, {
			"streams":	[{
					"socket":	6,
					"start":	40.000078,
					"end":	41.000065,
					"seconds":	0.999987006187439,
					"bytes":	60293120,
					"bits_per_second":	482351227.58143979,
					"retransmits":	0,
					"snd_cwnd":	6337896,
					"snd_wnd":	3143552,
					"rtt":	52191,
					"rttvar":	395,
					"pmtu":	1500,
					"omitted":	false,
					"sender":	true
				}],
			"sum":	{
				"start":	40.000078,
				"end":	41.000065,
				"seconds":	0.999987006187439,
				"bytes":	60293120,
				"bits_per_second":	482351227.58143979,
				"retransmits":	0,
				"omitted":	false,
				"sender":	true
			}
		}, {
			"streams":	[{
					"socket":	6,
					"start":	41.000065,
					"end":	42.000078,
					"seconds":	1.000012993812561,
					"bytes":	58982400,
					"bits_per_second":	471853068.82966727,
					"retransmits":	0,
					"snd_cwnd":	6337896,
					"snd_wnd":	3143552,
					"rtt":	50957,
					"rttvar":	660,
					"pmtu":	1500,
					"omitted":	false,
					"sender":	true
				}],
			"sum":	{
				"start":	41.000065,
				"end":	42.000078,
				"seconds":	1.000012993812561,
				"bytes":	58982400,
				"bits_per_second":	471853068.82966727,
				"retransmits":	0,
				"omitted":	false,
				"sender":	true
			}
		}, {
			"streams":	[{
					"socket":	6,
					"start":	42.000078,
					"end":	43.000075,
					"seconds":	0.99999701976776123,
					"bytes":	58982400,
					"bits_per_second":	471860606.254191,
					"retransmits":	0,
					"snd_cwnd":	6337896,
					"snd_wnd":	3143552,
					"rtt":	51639,
					"rttvar":	814,
					"pmtu":	1500,
					"omitted":	false,
					"sender":	true
				}],
			"sum":	{
				"start":	42.000078,
				"end":	43.000075,
				"seconds":	0.99999701976776123,
				"bytes":	58982400,
				"bits_per_second":	471860606.254191,
				"retransmits":	0,
				"omitted":	false,
				"sender":	true
			}
		}, {
			"streams":	[{
					"socket":	6,
					"start":	43.000075,
					"end":	44.000066,
					"seconds":	0.999990999698639,
					"bytes":	60293120,
					"bits_per_second":	482349301.289073,
					"retransmits":	0,
					"snd_cwnd":	6337896,
					"snd_wnd":	3112576,
					"rtt":	50333,
					"rttvar":	125,
					"pmtu":	1500,
					"omitted":	false,
					"sender":	true
				}],
			"sum":	{
				"start":	43.000075,
				"end":	44.000066,
				"seconds":	0.999990999698639,
				"bytes":	60293120,
				"bits_per_second":	482349301.289073,
				"retransmits":	0,
				"omitted":	false,
				"sender":	true
			}
		}, {
			"streams":	[{
					"socket":	6,
					"start":	44.000066,
					"end":	45.000069,
					"seconds":	1.0000029802322388,
					"bytes":	60293120,
					"bits_per_second":	482343522.504284,
					"retransmits":	0,
					"snd_cwnd":	6337896,
					"snd_wnd":	3143552,
					"rtt":	52179,
					"rttvar":	390,
					"pmtu":	1500,
					"omitted":	false,
					"sender":	true
				}],
			"sum":	{
				"start":	44.000066,
				"end":	45.000069,
				"seconds":	1.0000029802322388,
				"bytes":	60293120,
				"bits_per_second":	482343522.504284,
				"retransmits":	0,
				"omitted":	false,
				"sender":	true
			}
		}, {
			"streams":	[{
					"socket":	6,
					"start":	45.000069,
					"end":	46.000075,
					"seconds":	1.0000059604644775,
					"bytes":	58982400,
					"bits_per_second":	471856387.51676369,
					"retransmits":	0,
					"snd_cwnd":	6337896,
					"snd_wnd":	3112576,
					"rtt":	50446,
					"rttvar":	59,
					"pmtu":	1500,
					"omitted":	false,
					"sender":	true
				}],
			"sum":	{
				"start":	45.000069,
				"end":	46.000075,
				"seconds":	1.0000059604644775,
				"bytes":	58982400,
				"bits_per_second":	471856387.51676369,
				"retransmits":	0,
				"omitted":	false,
				"sender":	true
			}
		}, {
			"streams":	[{
					"socket":	6,
					"start":	46.000075,
					"end":	47.000068,
					"seconds":	0.99999302625656128,
					"bytes":	60293120,
					"bits_per_second":	482348323.773458,
					"retransmits":	0,
					"snd_cwnd":	6337896,
					"snd_wnd":	3143552,
					"rtt":	51852,
					"rttvar":	493,
					"pmtu":	1500,
					"omitted":	false,
					"sender":	true
				}],
			"sum":	{
				"start":	46.000075,
				"end":	47.000068,
				"seconds":	0.99999302625656128,
				"bytes":	60293120,
				"bits_per_second":	482348323.773458,
				"retransmits":	0,
				"omitted":	false,
				"sender":	true
			}
		}, {
			"streams":	[{
					"socket":	6,
					"start":	47.000068,
					"end":	48.000065,
					"seconds":	0.99999701976776123,
					"bytes":	60293120,
					"bits_per_second":	482346397.504284,
					"retransmits":	0,
					"snd_cwnd":	6337896,
					"snd_wnd":	3141248,
					"rtt":	51096,
					"rttvar":	960,
					"pmtu":	1500,
					"omitted":	false,
					"sender":	true
				}],
			"sum":	{
				"start":	47.000068,
				"end":	48.000065,
				"seconds":	0.99999701976776123,
				"bytes":	60293120,
				"bits_per_second":	482346397.504284,
				"retransmits":	0,
				"omitted":	false,
				"sender":	true
			}
		}, {
			"streams":	[{
					"socket":	6,
					"start":	48.000065,
					"end":	49.000067,
					"seconds":	1.0000020265579224,
					"bytes":	58982400,
					"bits_per_second":	471858243.75193787,
					"retransmits":	0,
					"snd_cwnd":	6337896,
					"snd_wnd":	3143552,
					"rtt":	51866,
					"rttvar":	497,
					"pmtu":	1500,
					"omitted":	false,
					"sender":	true
				}],
			"sum":	{
				"start":	48.000065,
				"end":	49.000067,
				"seconds":	1.0000020265579224,
				"bytes":	58982400,
				"bits_per_second":	471858243.75193787,
				"retransmits":	0,
				"omitted":	false,
				"sender":	true
			}
		}, {
			"streams":	[{
					"socket":	6,
					"start":	49.000067,
					"end":	50.000069,
					"seconds":	1.0000020265579224,
					"bytes":	60293120,
					"bits_per_second":	482343982.501981,
					"retransmits":	0,
					"snd_cwnd":	6337896,
					"snd_wnd":	3141248,
					"rtt":	51105,
					"rttvar":	927,
					"pmtu":	1500,
					"omitted":	false,
					"sender":	true
				}],
			"sum":	{
				"start":	49.000067,
				"end":	50.000069,
				"seconds":	1.0000020265579224,
				"bytes":	60293120,
				"bits_per_second":	482343982.501981,
				"retransmits":	0,
				"omitted":	false,
				"sender":	true
			}
		}, {
			"streams":	[{
					"socket":	6,
					"start":	50.000069,
					"end":	51.000069,
					"seconds":	1,
					"bytes":	58982400,
					"bits_per_second":	471859200,
					"retransmits":	0,
					"snd_cwnd":	6337896,
					"snd_wnd":	3143552,
					"rtt":	51549,
					"rttvar":	449,
					"pmtu":	1500,
					"omitted":	false,
					"sender":	true
				}],
			"sum":	{
				"start":	50.000069,
				"end":	51.000069,
				"seconds":	1,
				"bytes":	58982400,
				"bits_per_second":	471859200,
				"retransmits":	0,
				"omitted":	false,
				"sender":	true
			}
		}, {
			"streams":	[{
					"socket":	6,
					"start":	51.000069,
					"end":	52.000045,
					"seconds":	0.99997597932815552,
					"bytes":	60293120,
					"bits_per_second":	482356546.5283162,
					"retransmits":	0,
					"snd_cwnd":	6337896,
					"snd_wnd":	3141248,
					"rtt":	51088,
					"rttvar":	990,
					"pmtu":	1500,
					"omitted":	false,
					"sender":	true
				}],
			"sum":	{
				"start":	51.000069,
				"end":	52.000045,
				"seconds":	0.99997597932815552,
				"bytes":	60293120,
				"bits_per_second":	482356546.5283162,
				"retransmits":	0,
				"omitted":	false,
				"sender":	true
			}
		}, {
			"streams":	[{
					"socket":	6,
					"start":	52.000045,
					"end":	53.00007,
					"seconds":	1.0000250339508057,
					"bytes":	58982400,
					"bits_per_second":	471847387.79570615,
					"retransmits":	0,
					"snd_cwnd":	6337896,
					"snd_wnd":	3143552,
					"rtt":	52138,
					"rttvar":	537,
					"pmtu":	1500,
					"omitted":	false,
					"sender":	true
				}],
			"sum":	{
				"start":	52.000045,
				"end":	53.00007,
				"seconds":	1.0000250339508057,
				"bytes":	58982400,
				"bits_per_second":	471847387.79570615,
				"retransmits":	0,
				"omitted":	false,
				"sender":	true
			}
		}, {
			"streams":	[{
					"socket":	6,
					"start":	53.00007,
					"end":	54.000073,
					"seconds":	1.0000029802322388,
					"bytes":	60293120,
					"bits_per_second":	482343522.504284,
					"retransmits":	0,
					"snd_cwnd":	6337896,
					"snd_wnd":	3143552,
					"rtt":	51252,
					"rttvar":	819,
					"pmtu":	1500,
					"omitted":	false,
					"sender":	true
				}],
			"sum":	{
				"start":	53.00007,
				"end":	54.000073,
				"seconds":	1.0000029802322388,
				"bytes":	60293120,
				"bits_per_second":	482343522.504284,
				"retransmits":	0,
				"omitted":	false,
				"sender":	true
			}
		}, {
			"streams":	[{
					"socket":	6,
					"start":	54.000073,
					"end":	55.000072,
					"seconds":	0.99999898672103882,
					"bytes":	60293120,
					"bits_per_second":	482345448.75049525,
					"retransmits":	0,
					"snd_cwnd":	6337896,
					"snd_wnd":	3143552,
					"rtt":	51592,
					"rttvar":	514,
					"pmtu":	1500,
					"omitted":	false,
					"sender":	true
				}],
			"sum":	{
				"start":	54.000073,
				"end":	55.000072,
				"seconds":	0.99999898672103882,
				"bytes":	60293120,
				"bits_per_second":	482345448.75049525,
				"retransmits":	0,
				"omitted":	false,
				"sender":	true
			}
		}, {
			"streams":	[{
					"socket":	6,
					"start":	55.000072,
					"end":	56.00007,
					"seconds":	0.99999797344207764,
					"bytes":	58982400,
					"bits_per_second":	471860156.251938,
					"retransmits":	0,
					"snd_cwnd":	6337896,
					"snd_wnd":	3143552,
					"rtt":	51419,
					"rttvar":	890,
					"pmtu":	1500,
					"omitted":	false,
					"sender":	true
				}],
			"sum":	{
				"start":	55.000072,
				"end":	56.00007,
				"seconds":	0.99999797344207764,
				"bytes":	58982400,
				"bits_per_second":	471860156.251938,
				"retransmits":	0,
				"omitted":	false,
				"sender":	true
			}
		}, {
			"streams":	[{
					"socket":	6,
					"start":	56.00007,
					"end":	57.000078,
					"seconds":	1.0000079870224,
					"bytes":	60293120,
					"bits_per_second":	482341107.53076977,
					"retransmits":	0,
					"snd_cwnd":	6337896,
					"snd_wnd":	3143552,
					"rtt":	51710,
					"rttvar":	575,
					"pmtu":	1500,
					"omitted":	false,
					"sender":	true
				}],
			"sum":	{
				"start":	56.00007,
				"end":	57.000078,
				"seconds":	1.0000079870224,
				"bytes":	60293120,
				"bits_per_second":	482341107.53076977,
				"retransmits":	0,
				"omitted":	false,
				"sender":	true
			}
		}, {
			"streams":	[{
					"socket":	6,
					"start":	57.000078,
					"end":	58.000071,
					"seconds":	0.99999302625656128,
					"bytes":	60293120,
					"bits_per_second":	482348323.773458,
					"retransmits":	0,
					"snd_cwnd":	6337896,
					"snd_wnd":	3143552,
					"rtt":	51626,
					"rttvar":	465,
					"pmtu":	1500,
					"omitted":	false,
					"sender":	true
				}],
			"sum":	{
				"start":	57.000078,
				"end":	58.000071,
				"seconds":	0.99999302625656128,
				"bytes":	60293120,
				"bits_per_second":	482348323.773458,
				"retransmits":	0,
				"omitted":	false,
				"sender":	true
			}
		}, {
			"streams":	[{
					"socket":	6,
					"start":	58.000071,
					"end":	59.000076,
					"seconds":	1.0000050067901611,
					"bytes":	58982400,
					"bits_per_second":	471856837.51182848,
					"retransmits":	0,
					"snd_cwnd":	6337896,
					"snd_wnd":	3143552,
					"rtt":	50894,
					"rttvar":	444,
					"pmtu":	1500,
					"omitted":	false,
					"sender":	true
				}],
			"sum":	{
				"start":	58.000071,
				"end":	59.000076,
				"seconds":	1.0000050067901611,
				"bytes":	58982400,
				"bits_per_second":	471856837.51182848,
				"retransmits":	0,
				"omitted":	false,
				"sender":	true
			}
		}, {
			"streams":	[{
					"socket":	6,
					"start":	59.000076,
					"end":	60.000078,
					"seconds":	1.0000020265579224,
					"bytes":	60293120,
					"bits_per_second":	482343982.501981,
					"retransmits":	0,
					"snd_cwnd":	6337896,
					"snd_wnd":	3143552,
					"rtt":	51616,
					"rttvar":	454,
					"pmtu":	1500,
					"omitted":	false,
					"sender":	true
				}],
			"sum":	{
				"start":	59.000076,
				"end":	60.000078,
				"seconds":	1.0000020265579224,
				"bytes":	60293120,
				"bits_per_second":	482343982.501981,
				"retransmits":	0,
				"omitted":	false,
				"sender":	true
			}
		}],
	"end":	{
		"streams":	[{
				"sender":	{
					"socket":	6,
					"start":	0,
					"end":	60.000078,
					"seconds":	60.000078,
					"bytes":	3567779840,
					"bits_per_second":	475703360.2522983,
					"retransmits":	0,
					"max_snd_cwnd":	6337896,
					"max_snd_wnd":	3143552,
					"max_rtt":	52191,
					"min_rtt":	50241,
					"mean_rtt":	51189,
					"sender":	true
				},
				"receiver":	{
					"socket":	6,
					"start":	0,
					"end":	60.0502,
					"seconds":	60.000078,
					"bytes":	3566990120,
					"bits_per_second":	475201097.74821734,
					"sender":	true
				}
			}],
		"sum_sent":	{
			"start":	0,
			"end":	60.000078,
			"seconds":	60.000078,
			"bytes":	3567779840,
			"bits_per_second":	475703360.2522983,
			"retransmits":	0,
			"sender":	true
		},
		"sum_received":	{
			"start":	0,
			"end":	60.0502,
			"seconds":	60.0502,
			"bytes":	3566990120,
			"bits_per_second":	475201097.74821734,
			"sender":	true
		},
		"cpu_utilization_percent":	{
			"host_total":	0.67125715941857966,
			"host_user":	0.028500801371174583,
			"host_system":	0.642758019126865,
			"remote_total":	2.0912482025667418,
			"remote_user":	0.099523377211001726,
			"remote_system":	1.9917264906287677
		},
		"sender_tcp_congestion":	"cubic",
		"receiver_tcp_congestion":	"cubic"
	}
}
