{
	"start":	{
		"connected":	[{
				"socket":	6,
				"local_host":	"192.168.101.210",
				"local_port":	35668,
				"remote_host":	"192.168.100.168",
				"remote_port":	5202
			}],
		"version":	"iperf 3.11",
		"system_info":	"Linux f1 6.0.10-300.fc37.x86_64 #1 SMP PREEMPT_DYNAMIC Sat Nov 26 16:55:13 UTC 2022 x86_64",
		"timestamp":	{
			"time":	"Sat, 10 Dec 2022 20:19:38 GMT",
			"timesecs":	1670703578
		},
		"connecting_to":	{
			"host":	"192.168.100.168",
			"port":	5202
		},
		"cookie":	"huqlxlod365bxefa4ruzpswqpr6g2tsjxtmj",
		"tcp_mss_default":	1448,
		"target_bitrate":	0,
		"sock_bufsize":	0,
		"sndbuf_actual":	16384,
		"rcvbuf_actual":	131072,
		"test_start":	{
			"protocol":	"TCP",
			"num_streams":	1,
			"blksize":	131072,
			"omit":	0,
			"duration":	60,
			"bytes":	0,
			"blocks":	0,
			"reverse":	0,
			"tos":	0,
			"target_bitrate":	0
		}
	},
	"intervals":	[{
			"streams":	[{
					"socket":	6,
					"start":	0,
					"end":	1.000084,
					"seconds":	1.0000840425491333,
					"bytes":	13751656,
					"bits_per_second":	110004002.98317443,
					"retransmits":	869,
					"snd_cwnd":	136112,
					"snd_wnd":	1430912,
					"rtt":	12385,
					"rttvar":	459,
					"pmtu":	1500,
					"omitted":	false,
					"sender":	true
				}],
			"sum":	{
				"start":	0,
				"end":	1.000084,
				"seconds":	1.0000840425491333,
				"bytes":	13751656,
				"bits_per_second":	110004002.98317443,
				"retransmits":	869,
				"omitted":	false,
				"sender":	true
			}
		}, {
			"streams":	[{
					"socket":	6,
					"start":	1.000084,
					"end":	2.000138,
					"seconds":	1.0000540018081665,
					"bytes":	9383040,
					"bits_per_second":	75060266.6098816,
					"retransmits":	199,
					"snd_cwnd":	170864,
					"snd_wnd":	1430912,
					"rtt":	11071,
					"rttvar":	198,
					"pmtu":	1500,
					"omitted":	false,
					"sender":	true
				}],
			"sum":	{
				"start":	1.000084,
				"end":	2.000138,
				"seconds":	1.0000540018081665,
				"bytes":	9383040,
				"bits_per_second":	75060266.6098816,
				"retransmits":	199,
				"omitted":	false,
				"sender":	true
			}
		}, {
			"streams":	[{
					"socket":	6,
					"start":	2.000138,
					"end":	3.000118,
					"seconds":	0.99997997283935547,
					"bytes":	10555920,
					"bits_per_second":	84449051.274716154,
					"retransmits":	216,
					"snd_cwnd":	162176,
					"snd_wnd":	1430912,
					"rtt":	11081,
					"rttvar":	142,
					"pmtu":	1500,
					"omitted":	false,
					"sender":	true
				}],
			"sum":	{
				"start":	2.000138,
				"end":	3.000118,
				"seconds":	0.99997997283935547,
				"bytes":	10555920,
				"bits_per_second":	84449051.274716154,
				"retransmits":	216,
				"omitted":	false,
				"sender":	true
			}
		}, {
			"streams":	[{
					"socket":	6,
					"start":	3.000118,
					"end":	4.000083,
					"seconds":	0.999965012073517,
					"bytes":	10686240,
					"bits_per_second":	85492911.2196926,
					"retransmits":	185,
					"snd_cwnd":	144800,
					"snd_wnd":	1430912,
					"rtt":	12388,
					"rttvar":	300,
					"pmtu":	1500,
					"omitted":	false,
					"sender":	true
				}],
			"sum":	{
				"start":	3.000118,
				"end":	4.000083,
				"seconds":	0.999965012073517,
				"bytes":	10686240,
				"bits_per_second":	85492911.2196926,
				"retransmits":	185,
				"omitted":	false,
				"sender":	true
			}
		}, {
			"streams":	[{
					"socket":	6,
					"start":	4.000083,
					"end":	5.000139,
					"seconds":	1.0000560283660889,
					"bytes":	9448200,
					"bits_per_second":	75581365.2995955,
					"retransmits":	230,
					"snd_cwnd":	144800,
					"snd_wnd":	1430912,
					"rtt":	12292,
					"rttvar":	685,
					"pmtu":	1500,
					"omitted":	false,
					"sender":	true
				}],
			"sum":	{
				"start":	4.000083,
				"end":	5.000139,
				"seconds":	1.0000560283660889,
				"bytes":	9448200,
				"bits_per_second":	75581365.2995955,
				"retransmits":	230,
				"omitted":	false,
				"sender":	true
			}
		}, {
			"streams":	[{
					"socket":	6,
					"start":	5.000139,
					"end":	6.0001,
					"seconds":	0.999961018562317,
					"bytes":	10621080,
					"bits_per_second":	84971952.3288645,
					"retransmits":	184,
					"snd_cwnd":	153488,
					"snd_wnd":	1430912,
					"rtt":	11317,
					"rttvar":	124,
					"pmtu":	1500,
					"omitted":	false,
					"sender":	true
				}],
			"sum":	{
				"start":	5.000139,
				"end":	6.0001,
				"seconds":	0.999961018562317,
				"bytes":	10621080,
				"bits_per_second":	84971952.3288645,
				"retransmits":	184,
				"omitted":	false,
				"sender":	true
			}
		}, {
			"streams":	[{
					"socket":	6,
					"start":	6.0001,
					"end":	7.000084,
					"seconds":	0.9999840259552002,
					"bytes":	10555920,
					"bits_per_second":	84448708.987460658,
					"retransmits":	222,
					"snd_cwnd":	150592,
					"snd_wnd":	1430912,
					"rtt":	11305,
					"rttvar":	254,
					"pmtu":	1500,
					"omitted":	false,
					"sender":	true
				}],
			"sum":	{
				"start":	6.0001,
				"end":	7.000084,
				"seconds":	0.9999840259552002,
				"bytes":	10555920,
				"bits_per_second":	84448708.987460658,
				"retransmits":	222,
				"omitted":	false,
				"sender":	true
			}
		}, {
			"streams":	[{
					"socket":	6,
					"start":	7.000084,
					"end":	8.000082,
					"seconds":	0.99999797344207764,
					"bytes":	9513360,
					"bits_per_second":	76107034.235313177,
					"retransmits":	194,
					"snd_cwnd":	150592,
					"snd_wnd":	1430912,
					"rtt":	12302,
					"rttvar":	512,
					"pmtu":	1500,
					"omitted":	false,
					"sender":	true
				}],
			"sum":	{
				"start":	7.000084,
				"end":	8.000082,
				"seconds":	0.99999797344207764,
				"bytes":	9513360,
				"bits_per_second":	76107034.235313177,
				"retransmits":	194,
				"omitted":	false,
				"sender":	true
			}
		}, {
			"streams":	[{
					"socket":	6,
					"start":	8.000082,
					"end":	9.00007,
					"seconds":	0.9999880194664,
					"bytes":	10555920,
					"bits_per_second":	84448371.73655504,
					"retransmits":	200,
					"snd_cwnd":	147696,
					"snd_wnd":	1430912,
					"rtt":	11564,
					"rttvar":	335,
					"pmtu":	1500,
					"omitted":	false,
					"sender":	true
				}],
			"sum":	{
				"start":	8.000082,
				"end":	9.00007,
				"seconds":	0.9999880194664,
				"bytes":	10555920,
				"bits_per_second":	84448371.73655504,
				"retransmits":	200,
				"omitted":	false,
				"sender":	true
			}
		}, {
			"streams":	[{
					"socket":	6,
					"start":	9.00007,
					"end":	10.000066,
					"seconds":	0.9999960064888,
					"bytes":	9513360,
					"bits_per_second":	76107183.934891447,
					"retransmits":	171,
					"snd_cwnd":	156384,
					"snd_wnd":	1430912,
					"rtt":	11414,
					"rttvar":	335,
					"pmtu":	1500,
					"omitted":	false,
					"sender":	true
				}],
			"sum":	{
				"start":	9.00007,
				"end":	10.000066,
				"seconds":	0.9999960064888,
				"bytes":	9513360,
				"bits_per_second":	76107183.934891447,
				"retransmits":	171,
				"omitted":	false,
				"sender":	true
			}
		}, {
			"streams":	[{
					"socket":	6,
					"start":	10.000066,
					"end":	11.000102,
					"seconds":	1.0000360012054443,
					"bytes":	8210160,
					"bits_per_second":	65678915.479870446,
					"retransmits":	197,
					"snd_cwnd":	159280,
					"snd_wnd":	1430912,
					"rtt":	11601,
					"rttvar":	232,
					"pmtu":	1500,
					"omitted":	false,
					"sender":	true
				}],
			"sum":	{
				"start":	10.000066,
				"end":	11.000102,
				"seconds":	1.0000360012054443,
				"bytes":	8210160,
				"bits_per_second":	65678915.479870446,
				"retransmits":	197,
				"omitted":	false,
				"sender":	true
			}
		}, {
			"streams":	[{
					"socket":	6,
					"start":	11.000102,
					"end":	12.000082,
					"seconds":	0.99997997283935547,
					"bytes":	10621080,
					"bits_per_second":	84970341.714683548,
					"retransmits":	255,
					"snd_cwnd":	162176,
					"snd_wnd":	1430912,
					"rtt":	10951,
					"rttvar":	222,
					"pmtu":	1500,
					"omitted":	false,
					"sender":	true
				}],
			"sum":	{
				"start":	11.000102,
				"end":	12.000082,
				"seconds":	0.99997997283935547,
				"bytes":	10621080,
				"bits_per_second":	84970341.714683548,
				"retransmits":	255,
				"omitted":	false,
				"sender":	true
			}
		}, {
			"streams":	[{
					"socket":	6,
					"start":	12.000082,
					"end":	13.000141,
					"seconds":	1.0000590085983276,
					"bytes":	9383040,
					"bits_per_second":	75059890.82105203,
					"retransmits":	219,
					"snd_cwnd":	127424,
					"snd_wnd":	1430912,
					"rtt":	12005,
					"rttvar":	213,
					"pmtu":	1500,
					"omitted":	false,
					"sender":	true
				}],
			"sum":	{
				"start":	12.000082,
				"end":	13.000141,
				"seconds":	1.0000590085983276,
				"bytes":	9383040,
				"bits_per_second":	75059890.82105203,
				"retransmits":	219,
				"omitted":	false,
				"sender":	true
			}
		}, {
			"streams":	[{
					"socket":	6,
					"start":	13.000141,
					"end":	14.000174,
					"seconds":	1.0000330209732056,
					"bytes":	9643680,
					"bits_per_second":	77146892.5345287,
					"retransmits":	268,
					"snd_cwnd":	150592,
					"snd_wnd":	1430912,
					"rtt":	12021,
					"rttvar":	359,
					"pmtu":	1500,
					"omitted":	false,
					"sender":	true
				}],
			"sum":	{
				"start":	13.000141,
				"end":	14.000174,
				"seconds":	1.0000330209732056,
				"bytes":	9643680,
				"bits_per_second":	77146892.5345287,
				"retransmits":	268,
				"omitted":	false,
				"sender":	true
			}
		}, {
			"streams":	[{
					"socket":	6,
					"start":	14.000174,
					"end":	15.000114,
					"seconds":	0.99993997812271118,
					"bytes":	10621080,
					"bits_per_second":	84973740.283412069,
					"retransmits":	210,
					"snd_cwnd":	156384,
					"snd_wnd":	1430912,
					"rtt":	11806,
					"rttvar":	247,
					"pmtu":	1500,
					"omitted":	false,
					"sender":	true
				}],
			"sum":	{
				"start":	14.000174,
				"end":	15.000114,
				"seconds":	0.99993997812271118,
				"bytes":	10621080,
				"bits_per_second":	84973740.283412069,
				"retransmits":	210,
				"omitted":	false,
				"sender":	true
			}
		}, {
			"streams":	[{
					"socket":	6,
					"start":	15.000114,
					"end":	16.000113,
					"seconds":	0.99999898672103882,
					"bytes":	10621080,
					"bits_per_second":	84968726.0970225,
					"retransmits":	204,
					"snd_cwnd":	107152,
					"snd_wnd":	1430912,
					"rtt":	11801,
					"rttvar":	447,
					"pmtu":	1500,
					"omitted":	false,
					"sender":	true
				}],
			"sum":	{
				"start":	15.000114,
				"end":	16.000113,
				"seconds":	0.99999898672103882,
				"bytes":	10621080,
				"bits_per_second":	84968726.0970225,
				"retransmits":	204,
				"omitted":	false,
				"sender":	true
			}
		}, {
			"streams":	[{
					"socket":	6,
					"start":	16.000113,
					"end":	17.000163,
					"seconds":	1.0000499486923218,
					"bytes":	9448200,
					"bits_per_second":	75581824.7866886,
					"retransmits":	190,
					"snd_cwnd":	144800,
					"snd_wnd":	1430912,
					"rtt":	12168,
					"rttvar":	481,
					"pmtu":	1500,
					"omitted":	false,
					"sender":	true
				}],
			"sum":	{
				"start":	16.000113,
				"end":	17.000163,
				"seconds":	1.0000499486923218,
				"bytes":	9448200,
				"bits_per_second":	75581824.7866886,
				"retransmits":	190,
				"omitted":	false,
				"sender":	true
			}
		}, {
			"streams":	[{
					"socket":	6,
					"start":	17.000163,
					"end":	18.000111,
					"seconds":	0.999948024749756,
					"bytes":	10686240,
					"bits_per_second":	85494363.5909421,
					"retransmits":	239,
					"snd_cwnd":	159280,
					"snd_wnd":	1430912,
					"rtt":	11553,
					"rttvar":	169,
					"pmtu":	1500,
					"omitted":	false,
					"sender":	true
				}],
			"sum":	{
				"start":	17.000163,
				"end":	18.000111,
				"seconds":	0.999948024749756,
				"bytes":	10686240,
				"bits_per_second":	85494363.5909421,
				"retransmits":	239,
				"omitted":	false,
				"sender":	true
			}
		}, {
			"streams":	[{
					"socket":	6,
					"start":	18.000111,
					"end":	19.000088,
					"seconds":	0.9999769926071167,
					"bytes":	10686240,
					"bits_per_second":	85491886.9454313,
					"retransmits":	178,
					"snd_cwnd":	159280,
					"snd_wnd":	1430912,
					"rtt":	10893,
					"rttvar":	161,
					"pmtu":	1500,
					"omitted":	false,
					"sender":	true
				}],
			"sum":	{
				"start":	18.000111,
				"end":	19.000088,
				"seconds":	0.9999769926071167,
				"bytes":	10686240,
				"bits_per_second":	85491886.9454313,
				"retransmits":	178,
				"omitted":	false,
				"sender":	true
			}
		}, {
			"streams":	[{
					"socket":	6,
					"start":	19.000088,
					"end":	20.000113,
					"seconds":	1.0000250339508057,
					"bytes":	10621080,
					"bits_per_second":	84966512.9524946,
					"retransmits":	224,
					"snd_cwnd":	121632,
					"snd_wnd":	1423744,
					"rtt":	11141,
					"rttvar":	192,
					"pmtu":	1500,
					"omitted":	false,
					"sender":	true
				}],
			"sum":	{
				"start":	19.000088,
				"end":	20.000113,
				"seconds":	1.0000250339508057,
				"bytes":	10621080,
				"bits_per_second":	84966512.9524946,
				"retransmits":	224,
				"omitted":	false,
				"sender":	true
			}
		}, {
			"streams":	[{
					"socket":	6,
					"start":	20.000113,
					"end":	21.000073,
					"seconds":	0.99996000528335571,
					"bytes":	8210160,
					"bits_per_second":	65683907.009248927,
					"retransmits":	194,
					"snd_cwnd":	162176,
					"snd_wnd":	1430912,
					"rtt":	11668,
					"rttvar":	182,
					"pmtu":	1500,
					"omitted":	false,
					"sender":	true
				}],
			"sum":	{
				"start":	20.000113,
				"end":	21.000073,
				"seconds":	0.99996000528335571,
				"bytes":	8210160,
				"bits_per_second":	65683907.009248927,
				"retransmits":	194,
				"omitted":	false,
				"sender":	true
			}
		}, {
			"streams":	[{
					"socket":	6,
					"start":	21.000073,
					"end":	22.000083,
					"seconds":	1.0000100135803223,
					"bytes":	10621080,
					"bits_per_second":	84967789.168218359,
					"retransmits":	215,
					"snd_cwnd":	162176,
					"snd_wnd":	1430912,
					"rtt":	11718,
					"rttvar":	209,
					"pmtu":	1500,
					"omitted":	false,
					"sender":	true
				}],
			"sum":	{
				"start":	21.000073,
				"end":	22.000083,
				"seconds":	1.0000100135803223,
				"bytes":	10621080,
				"bits_per_second":	84967789.168218359,
				"retransmits":	215,
				"omitted":	false,
				"sender":	true
			}
		}, {
			"streams":	[{
					"socket":	6,
					"start":	22.000083,
					"end":	23.000133,
					"seconds":	1.0000499486923218,
					"bytes":	9513360,
					"bits_per_second":	76103078.750734746,
					"retransmits":	284,
					"snd_cwnd":	147696,
					"snd_wnd":	1430912,
					"rtt":	11283,
					"rttvar":	136,
					"pmtu":	1500,
					"omitted":	false,
					"sender":	true
				}],
			"sum":	{
				"start":	22.000083,
				"end":	23.000133,
				"seconds":	1.0000499486923218,
				"bytes":	9513360,
				"bits_per_second":	76103078.750734746,
				"retransmits":	284,
				"omitted":	false,
				"sender":	true
			}
		}, {
			"streams":	[{
					"socket":	6,
					"start":	23.000133,
					"end":	24.000101,
					"seconds":	0.99996799230575562,
					"bytes":	10686240,
					"bits_per_second":	85492656.4228069,
					"retransmits":	200,
					"snd_cwnd":	150592,
					"snd_wnd":	1430912,
					"rtt":	11706,
					"rttvar":	284,
					"pmtu":	1500,
					"omitted":	false,
					"sender":	true
				}],
			"sum":	{
				"start":	23.000133,
				"end":	24.000101,
				"seconds":	0.99996799230575562,
				"bytes":	10686240,
				"bits_per_second":	85492656.4228069,
				"retransmits":	200,
				"omitted":	false,
				"sender":	true
			}
		}, {
			"streams":	[{
					"socket":	6,
					"start":	24.000101,
					"end":	25.000101,
					"seconds":	1,
					"bytes":	10555920,
					"bits_per_second":	84447360,
					"retransmits":	203,
					"snd_cwnd":	165072,
					"snd_wnd":	1430912,
					"rtt":	11042,
					"rttvar":	357,
					"pmtu":	1500,
					"omitted":	false,
					"sender":	true
				}],
			"sum":	{
				"start":	24.000101,
				"end":	25.000101,
				"seconds":	1,
				"bytes":	10555920,
				"bits_per_second":	84447360,
				"retransmits":	203,
				"omitted":	false,
				"sender":	true
			}
		}, {
			"streams":	[{
					"socket":	6,
					"start":	25.000101,
					"end":	26.00015,
					"seconds":	1.0000489950180054,
					"bytes":	9448200,
					"bits_per_second":	75581896.8636023,
					"retransmits":	282,
					"snd_cwnd":	156384,
					"snd_wnd":	1430912,
					"rtt":	12114,
					"rttvar":	339,
					"pmtu":	1500,
					"omitted":	false,
					"sender":	true
				}],
			"sum":	{
				"start":	25.000101,
				"end":	26.00015,
				"seconds":	1.0000489950180054,
				"bytes":	9448200,
				"bits_per_second":	75581896.8636023,
				"retransmits":	282,
				"omitted":	false,
				"sender":	true
			}
		}, {
			"streams":	[{
					"socket":	6,
					"start":	26.00015,
					"end":	27.000129,
					"seconds":	0.999979019165039,
					"bytes":	10555920,
					"bits_per_second":	84449131.813297167,
					"retransmits":	235,
					"snd_cwnd":	130320,
					"snd_wnd":	1430912,
					"rtt":	12164,
					"rttvar":	309,
					"pmtu":	1500,
					"omitted":	false,
					"sender":	true
				}],
			"sum":	{
				"start":	26.00015,
				"end":	27.000129,
				"seconds":	0.999979019165039,
				"bytes":	10555920,
				"bits_per_second":	84449131.813297167,
				"retransmits":	235,
				"omitted":	false,
				"sender":	true
			}
		}, {
			"streams":	[{
					"socket":	6,
					"start":	27.000129,
					"end":	28.000089,
					"seconds":	0.99996000528335571,
					"bytes":	10621080,
					"bits_per_second":	84972038.4325998,
					"retransmits":	176,
					"snd_cwnd":	159280,
					"snd_wnd":	1430912,
					"rtt":	11748,
					"rttvar":	287,
					"pmtu":	1500,
					"omitted":	false,
					"sender":	true
				}],
			"sum":	{
				"start":	27.000129,
				"end":	28.000089,
				"seconds":	0.99996000528335571,
				"bytes":	10621080,
				"bits_per_second":	84972038.4325998,
				"retransmits":	176,
				"omitted":	false,
				"sender":	true
			}
		}, {
			"streams":	[{
					"socket":	6,
					"start":	28.000089,
					"end":	29.000125,
					"seconds":	1.0000360012054443,
					"bytes":	9573464,
					"bits_per_second":	76584954.849306524,
					"retransmits":	275,
					"snd_cwnd":	150592,
					"snd_wnd":	1430912,
					"rtt":	11876,
					"rttvar":	226,
					"pmtu":	1500,
					"omitted":	false,
					"sender":	true
				}],
			"sum":	{
				"start":	28.000089,
				"end":	29.000125,
				"seconds":	1.0000360012054443,
				"bytes":	9573464,
				"bits_per_second":	76584954.849306524,
				"retransmits":	275,
				"omitted":	false,
				"sender":	true
			}
		}, {
			"streams":	[{
					"socket":	6,
					"start":	29.000125,
					"end":	30.000078,
					"seconds":	0.99995297193527222,
					"bytes":	10560976,
					"bits_per_second":	84491781.484968647,
					"retransmits":	172,
					"snd_cwnd":	118736,
					"snd_wnd":	1430912,
					"rtt":	11943,
					"rttvar":	201,
					"pmtu":	1500,
					"omitted":	false,
					"sender":	true
				}],
			"sum":	{
				"start":	29.000125,
				"end":	30.000078,
				"seconds":	0.99995297193527222,
				"bytes":	10560976,
				"bits_per_second":	84491781.484968647,
				"retransmits":	172,
				"omitted":	false,
				"sender":	true
			}
		}, {
			"streams":	[{
					"socket":	6,
					"start":	30.000078,
					"end":	31.000111,
					"seconds":	1.0000330209732056,
					"bytes":	8275320,
					"bits_per_second":	66200373.99922397,
					"retransmits":	312,
					"snd_cwnd":	167968,
					"snd_wnd":	1430912,
					"rtt":	11724,
					"rttvar":	275,
					"pmtu":	1500,
					"omitted":	false,
					"sender":	true
				}],
			"sum":	{
				"start":	30.000078,
				"end":	31.000111,
				"seconds":	1.0000330209732056,
				"bytes":	8275320,
				"bits_per_second":	66200373.99922397,
				"retransmits":	312,
				"omitted":	false,
				"sender":	true
			}
		}, {
			"streams":	[{
					"socket":	6,
					"start":	31.000111,
					"end":	32.000084,
					"seconds":	0.99997299909591675,
					"bytes":	10751400,
					"bits_per_second":	86013522.442869335,
					"retransmits":	292,
					"snd_cwnd":	167968,
					"snd_wnd":	1430912,
					"rtt":	12069,
					"rttvar":	308,
					"pmtu":	1500,
					"omitted":	false,
					"sender":	true
				}],
			"sum":	{
				"start":	31.000111,
				"end":	32.000084,
				"seconds":	0.99997299909591675,
				"bytes":	10751400,
				"bits_per_second":	86013522.442869335,
				"retransmits":	292,
				"omitted":	false,
				"sender":	true
			}
		}, {
			"streams":	[{
					"socket":	6,
					"start":	32.000084,
					"end":	33.00011,
					"seconds":	1.0000259876251221,
					"bytes":	9448200,
					"bits_per_second":	75583635.7608085,
					"retransmits":	231,
					"snd_cwnd":	121632,
					"snd_wnd":	1430912,
					"rtt":	12452,
					"rttvar":	194,
					"pmtu":	1500,
					"omitted":	false,
					"sender":	true
				}],
			"sum":	{
				"start":	32.000084,
				"end":	33.00011,
				"seconds":	1.0000259876251221,
				"bytes":	9448200,
				"bits_per_second":	75583635.7608085,
				"retransmits":	231,
				"omitted":	false,
				"sender":	true
			}
		}, {
			"streams":	[{
					"socket":	6,
					"start":	33.00011,
					"end":	34.000102,
					"seconds":	0.9999920129776,
					"bytes":	9448200,
					"bits_per_second":	75586203.708702147,
					"retransmits":	161,
					"snd_cwnd":	153488,
					"snd_wnd":	1430912,
					"rtt":	11423,
					"rttvar":	217,
					"pmtu":	1500,
					"omitted":	false,
					"sender":	true
				}],
			"sum":	{
				"start":	33.00011,
				"end":	34.000102,
				"seconds":	0.9999920129776,
				"bytes":	9448200,
				"bits_per_second":	75586203.708702147,
				"retransmits":	161,
				"omitted":	false,
				"sender":	true
			}
		}, {
			"streams":	[{
					"socket":	6,
					"start":	34.000102,
					"end":	35.000081,
					"seconds":	0.999979019165039,
					"bytes":	10621080,
					"bits_per_second":	84970422.7504163,
					"retransmits":	223,
					"snd_cwnd":	156384,
					"snd_wnd":	1430912,
					"rtt":	10402,
					"rttvar":	127,
					"pmtu":	1500,
					"omitted":	false,
					"sender":	true
				}],
			"sum":	{
				"start":	34.000102,
				"end":	35.000081,
				"seconds":	0.999979019165039,
				"bytes":	10621080,
				"bits_per_second":	84970422.7504163,
				"retransmits":	223,
				"omitted":	false,
				"sender":	true
			}
		}, {
			"streams":	[{
					"socket":	6,
					"start":	35.000081,
					"end":	36.00009,
					"seconds":	1.0000089406967163,
					"bytes":	9448200,
					"bits_per_second":	75584924.218116239,
					"retransmits":	191,
					"snd_cwnd":	131768,
					"snd_wnd":	1430912,
					"rtt":	12449,
					"rttvar":	308,
					"pmtu":	1500,
					"omitted":	false,
					"sender":	true
				}],
			"sum":	{
				"start":	35.000081,
				"end":	36.00009,
				"seconds":	1.0000089406967163,
				"bytes":	9448200,
				"bits_per_second":	75584924.218116239,
				"retransmits":	191,
				"omitted":	false,
				"sender":	true
			}
		}, {
			"streams":	[{
					"socket":	6,
					"start":	36.00009,
					"end":	37.000085,
					"seconds":	0.999994993209839,
					"bytes":	10614112,
					"bits_per_second":	84913321.143180847,
					"retransmits":	209,
					"snd_cwnd":	150592,
					"snd_wnd":	1430912,
					"rtt":	11908,
					"rttvar":	293,
					"pmtu":	1500,
					"omitted":	false,
					"sender":	true
				}],
			"sum":	{
				"start":	36.00009,
				"end":	37.000085,
				"seconds":	0.999994993209839,
				"bytes":	10614112,
				"bits_per_second":	84913321.143180847,
				"retransmits":	209,
				"omitted":	false,
				"sender":	true
			}
		}, {
			"streams":	[{
					"socket":	6,
					"start":	37.000085,
					"end":	38.00012,
					"seconds":	1.0000350475311279,
					"bytes":	9390008,
					"bits_per_second":	75117431.3194876,
					"retransmits":	298,
					"snd_cwnd":	156384,
					"snd_wnd":	1430912,
					"rtt":	11406,
					"rttvar":	133,
					"pmtu":	1500,
					"omitted":	false,
					"sender":	true
				}],
			"sum":	{
				"start":	37.000085,
				"end":	38.00012,
				"seconds":	1.0000350475311279,
				"bytes":	9390008,
				"bits_per_second":	75117431.3194876,
				"retransmits":	298,
				"omitted":	false,
				"sender":	true
			}
		}, {
			"streams":	[{
					"socket":	6,
					"start":	38.00012,
					"end":	39.000079,
					"seconds":	0.99995899200439453,
					"bytes":	10621080,
					"bits_per_second":	84972124.536509573,
					"retransmits":	230,
					"snd_cwnd":	114392,
					"snd_wnd":	1430912,
					"rtt":	11353,
					"rttvar":	414,
					"pmtu":	1500,
					"omitted":	false,
					"sender":	true
				}],
			"sum":	{
				"start":	38.00012,
				"end":	39.000079,
				"seconds":	0.99995899200439453,
				"bytes":	10621080,
				"bits_per_second":	84972124.536509573,
				"retransmits":	230,
				"omitted":	false,
				"sender":	true
			}
		}, {
			"streams":	[{
					"socket":	6,
					"start":	39.000079,
					"end":	40.000073,
					"seconds":	0.99999397993087769,
					"bytes":	10621080,
					"bits_per_second":	84969151.5201654,
					"retransmits":	246,
					"snd_cwnd":	150592,
					"snd_wnd":	1430912,
					"rtt":	12304,
					"rttvar":	183,
					"pmtu":	1500,
					"omitted":	false,
					"sender":	true
				}],
			"sum":	{
				"start":	39.000079,
				"end":	40.000073,
				"seconds":	0.99999397993087769,
				"bytes":	10621080,
				"bits_per_second":	84969151.5201654,
				"retransmits":	246,
				"omitted":	false,
				"sender":	true
			}
		}, {
			"streams":	[{
					"socket":	6,
					"start":	40.000073,
					"end":	41.000085,
					"seconds":	1.0000120401382446,
					"bytes":	8275320,
					"bits_per_second":	66201762.921622388,
					"retransmits":	228,
					"snd_cwnd":	162176,
					"snd_wnd":	1407616,
					"rtt":	12602,
					"rttvar":	325,
					"pmtu":	1500,
					"omitted":	false,
					"sender":	true
				}],
			"sum":	{
				"start":	40.000073,
				"end":	41.000085,
				"seconds":	1.0000120401382446,
				"bytes":	8275320,
				"bits_per_second":	66201762.921622388,
				"retransmits":	228,
				"omitted":	false,
				"sender":	true
			}
		}, {
			"streams":	[{
					"socket":	6,
					"start":	41.000085,
					"end":	42.000119,
					"seconds":	1.000033974647522,
					"bytes":	9578520,
					"bits_per_second":	76625556.673720837,
					"retransmits":	240,
					"snd_cwnd":	147696,
					"snd_wnd":	1430912,
					"rtt":	11956,
					"rttvar":	233,
					"pmtu":	1500,
					"omitted":	false,
					"sender":	true
				}],
			"sum":	{
				"start":	41.000085,
				"end":	42.000119,
				"seconds":	1.000033974647522,
				"bytes":	9578520,
				"bits_per_second":	76625556.673720837,
				"retransmits":	240,
				"omitted":	false,
				"sender":	true
			}
		}, {
			"streams":	[{
					"socket":	6,
					"start":	42.000119,
					"end":	43.000101,
					"seconds":	0.99998199939727783,
					"bytes":	10751400,
					"bits_per_second":	86012748.281310856,
					"retransmits":	240,
					"snd_cwnd":	150592,
					"snd_wnd":	1430912,
					"rtt":	10528,
					"rttvar":	328,
					"pmtu":	1500,
					"omitted":	false,
					"sender":	true
				}],
			"sum":	{
				"start":	42.000119,
				"end":	43.000101,
				"seconds":	0.99998199939727783,
				"bytes":	10751400,
				"bits_per_second":	86012748.281310856,
				"retransmits":	240,
				"omitted":	false,
				"sender":	true
			}
		}, {
			"streams":	[{
					"socket":	6,
					"start":	43.000101,
					"end":	44.000137,
					"seconds":	1.0000360012054443,
					"bytes":	9444320,
					"bits_per_second":	75551840.042684928,
					"retransmits":	207,
					"snd_cwnd":	159280,
					"snd_wnd":	1424384,
					"rtt":	11618,
					"rttvar":	282,
					"pmtu":	1500,
					"omitted":	false,
					"sender":	true
				}],
			"sum":	{
				"start":	43.000101,
				"end":	44.000137,
				"seconds":	1.0000360012054443,
				"bytes":	9444320,
				"bits_per_second":	75551840.042684928,
				"retransmits":	207,
				"omitted":	false,
				"sender":	true
			}
		}, {
			"streams":	[{
					"socket":	6,
					"start":	44.000137,
					"end":	45.000083,
					"seconds":	0.9999459981918335,
					"bytes":	10690120,
					"bits_per_second":	85525578.535885423,
					"retransmits":	250,
					"snd_cwnd":	162176,
					"snd_wnd":	1430912,
					"rtt":	11740,
					"rttvar":	416,
					"pmtu":	1500,
					"omitted":	false,
					"sender":	true
				}],
			"sum":	{
				"start":	44.000137,
				"end":	45.000083,
				"seconds":	0.9999459981918335,
				"bytes":	10690120,
				"bits_per_second":	85525578.535885423,
				"retransmits":	250,
				"omitted":	false,
				"sender":	true
			}
		}, {
			"streams":	[{
					"socket":	6,
					"start":	45.000083,
					"end":	46.000078,
					"seconds":	0.999994993209839,
					"bytes":	10555920,
					"bits_per_second":	84447782.8123281,
					"retransmits":	229,
					"snd_cwnd":	125976,
					"snd_wnd":	1430912,
					"rtt":	11682,
					"rttvar":	421,
					"pmtu":	1500,
					"omitted":	false,
					"sender":	true
				}],
			"sum":	{
				"start":	45.000083,
				"end":	46.000078,
				"seconds":	0.999994993209839,
				"bytes":	10555920,
				"bits_per_second":	84447782.8123281,
				"retransmits":	229,
				"omitted":	false,
				"sender":	true
			}
		}, {
			"streams":	[{
					"socket":	6,
					"start":	46.000078,
					"end":	47.000099,
					"seconds":	1.0000209808349609,
					"bytes":	10555920,
					"bits_per_second":	84445588.2610495,
					"retransmits":	155,
					"snd_cwnd":	159280,
					"snd_wnd":	1430912,
					"rtt":	11666,
					"rttvar":	153,
					"pmtu":	1500,
					"omitted":	false,
					"sender":	true
				}],
			"sum":	{
				"start":	46.000078,
				"end":	47.000099,
				"seconds":	1.0000209808349609,
				"bytes":	10555920,
				"bits_per_second":	84445588.2610495,
				"retransmits":	155,
				"omitted":	false,
				"sender":	true
			}
		}, {
			"streams":	[{
					"socket":	6,
					"start":	47.000099,
					"end":	48.00008,
					"seconds":	0.99998098611831665,
					"bytes":	10621080,
					"bits_per_second":	84970255.614386857,
					"retransmits":	202,
					"snd_cwnd":	156384,
					"snd_wnd":	1430912,
					"rtt":	10775,
					"rttvar":	165,
					"pmtu":	1500,
					"omitted":	false,
					"sender":	true
				}],
			"sum":	{
				"start":	47.000099,
				"end":	48.00008,
				"seconds":	0.99998098611831665,
				"bytes":	10621080,
				"bits_per_second":	84970255.614386857,
				"retransmits":	202,
				"omitted":	false,
				"sender":	true
			}
		}, {
			"streams":	[{
					"socket":	6,
					"start":	48.00008,
					"end":	49.000119,
					"seconds":	1.0000389814376831,
					"bytes":	9513360,
					"bits_per_second":	76103913.3600439,
					"retransmits":	251,
					"snd_cwnd":	150592,
					"snd_wnd":	1430912,
					"rtt":	10579,
					"rttvar":	212,
					"pmtu":	1500,
					"omitted":	false,
					"sender":	true
				}],
			"sum":	{
				"start":	48.00008,
				"end":	49.000119,
				"seconds":	1.0000389814376831,
				"bytes":	9513360,
				"bits_per_second":	76103913.3600439,
				"retransmits":	251,
				"omitted":	false,
				"sender":	true
			}
		}, {
			"streams":	[{
					"socket":	6,
					"start":	49.000119,
					"end":	50.000157,
					"seconds":	1.0000380277633667,
					"bytes":	9513360,
					"bits_per_second":	76103985.935631573,
					"retransmits":	220,
					"snd_cwnd":	117288,
					"snd_wnd":	1430912,
					"rtt":	12118,
					"rttvar":	299,
					"pmtu":	1500,
					"omitted":	false,
					"sender":	true
				}],
			"sum":	{
				"start":	49.000119,
				"end":	50.000157,
				"seconds":	1.0000380277633667,
				"bytes":	9513360,
				"bits_per_second":	76103985.935631573,
				"retransmits":	220,
				"omitted":	false,
				"sender":	true
			}
		}, {
			"streams":	[{
					"socket":	6,
					"start":	50.000157,
					"end":	51.000219,
					"seconds":	1.0000619888305664,
					"bytes":	9383040,
					"bits_per_second":	75059667.139011353,
					"retransmits":	179,
					"snd_cwnd":	5792,
					"snd_wnd":	1430912,
					"rtt":	5124,
					"rttvar":	49,
					"pmtu":	1500,
					"omitted":	false,
					"sender":	true
				}],
			"sum":	{
				"start":	50.000157,
				"end":	51.000219,
				"seconds":	1.0000619888305664,
				"bytes":	9383040,
				"bits_per_second":	75059667.139011353,
				"retransmits":	179,
				"omitted":	false,
				"sender":	true
			}
		}, {
			"streams":	[{
					"socket":	6,
					"start":	51.000219,
					"end":	52.000162,
					"seconds":	0.99994301795959473,
					"bytes":	9448200,
					"bits_per_second":	75589907.267150134,
					"retransmits":	530,
					"snd_cwnd":	144800,
					"snd_wnd":	1430912,
					"rtt":	11447,
					"rttvar":	297,
					"pmtu":	1500,
					"omitted":	false,
					"sender":	true
				}],
			"sum":	{
				"start":	51.000219,
				"end":	52.000162,
				"seconds":	0.99994301795959473,
				"bytes":	9448200,
				"bits_per_second":	75589907.267150134,
				"retransmits":	530,
				"omitted":	false,
				"sender":	true
			}
		}, {
			"streams":	[{
					"socket":	6,
					"start":	52.000162,
					"end":	53.000071,
					"seconds":	0.999908983707428,
					"bytes":	10621080,
					"bits_per_second":	84976374.234539047,
					"retransmits":	175,
					"snd_cwnd":	167968,
					"snd_wnd":	1430912,
					"rtt":	11291,
					"rttvar":	172,
					"pmtu":	1500,
					"omitted":	false,
					"sender":	true
				}],
			"sum":	{
				"start":	52.000162,
				"end":	53.000071,
				"seconds":	0.999908983707428,
				"bytes":	10621080,
				"bits_per_second":	84976374.234539047,
				"retransmits":	175,
				"omitted":	false,
				"sender":	true
			}
		}, {
			"streams":	[{
					"socket":	6,
					"start":	53.000071,
					"end":	54.000184,
					"seconds":	1.0001130104064941,
					"bytes":	9383040,
					"bits_per_second":	75055837.9092481,
					"retransmits":	191,
					"snd_cwnd":	147696,
					"snd_wnd":	1430912,
					"rtt":	11826,
					"rttvar":	82,
					"pmtu":	1500,
					"omitted":	false,
					"sender":	true
				}],
			"sum":	{
				"start":	53.000071,
				"end":	54.000184,
				"seconds":	1.0001130104064941,
				"bytes":	9383040,
				"bits_per_second":	75055837.9092481,
				"retransmits":	191,
				"omitted":	false,
				"sender":	true
			}
		}, {
			"streams":	[{
					"socket":	6,
					"start":	54.000184,
					"end":	55.000094,
					"seconds":	0.999909996986389,
					"bytes":	10555920,
					"bits_per_second":	84454961.201022476,
					"retransmits":	224,
					"snd_cwnd":	150592,
					"snd_wnd":	1356032,
					"rtt":	12153,
					"rttvar":	217,
					"pmtu":	1500,
					"omitted":	false,
					"sender":	true
				}],
			"sum":	{
				"start":	54.000184,
				"end":	55.000094,
				"seconds":	0.999909996986389,
				"bytes":	10555920,
				"bits_per_second":	84454961.201022476,
				"retransmits":	224,
				"omitted":	false,
				"sender":	true
			}
		}, {
			"streams":	[{
					"socket":	6,
					"start":	55.000094,
					"end":	56.000178,
					"seconds":	1.0000840425491333,
					"bytes":	9448200,
					"bits_per_second":	75579248.1273258,
					"retransmits":	228,
					"snd_cwnd":	127424,
					"snd_wnd":	1430912,
					"rtt":	12229,
					"rttvar":	244,
					"pmtu":	1500,
					"omitted":	false,
					"sender":	true
				}],
			"sum":	{
				"start":	55.000094,
				"end":	56.000178,
				"seconds":	1.0000840425491333,
				"bytes":	9448200,
				"bits_per_second":	75579248.1273258,
				"retransmits":	228,
				"omitted":	false,
				"sender":	true
			}
		}, {
			"streams":	[{
					"socket":	6,
					"start":	56.000178,
					"end":	57.000081,
					"seconds":	0.99990302324295044,
					"bytes":	10621080,
					"bits_per_second":	84976880.782322451,
					"retransmits":	210,
					"snd_cwnd":	147696,
					"snd_wnd":	1430912,
					"rtt":	11277,
					"rttvar":	196,
					"pmtu":	1500,
					"omitted":	false,
					"sender":	true
				}],
			"sum":	{
				"start":	56.000178,
				"end":	57.000081,
				"seconds":	0.99990302324295044,
				"bytes":	10621080,
				"bits_per_second":	84976880.782322451,
				"retransmits":	210,
				"omitted":	false,
				"sender":	true
			}
		}, {
			"streams":	[{
					"socket":	6,
					"start":	57.000081,
					"end":	58.000121,
					"seconds":	1.0000400543212891,
					"bytes":	9448200,
					"bits_per_second":	75582572.591353565,
					"retransmits":	158,
					"snd_cwnd":	159280,
					"snd_wnd":	1430912,
					"rtt":	11085,
					"rttvar":	217,
					"pmtu":	1500,
					"omitted":	false,
					"sender":	true
				}],
			"sum":	{
				"start":	57.000081,
				"end":	58.000121,
				"seconds":	1.0000400543212891,
				"bytes":	9448200,
				"bits_per_second":	75582572.591353565,
				"retransmits":	158,
				"omitted":	false,
				"sender":	true
			}
		}, {
			"streams":	[{
					"socket":	6,
					"start":	58.000121,
					"end":	59.000109,
					"seconds":	0.9999880194664,
					"bytes":	10686240,
					"bits_per_second":	85490944.2271298,
					"retransmits":	219,
					"snd_cwnd":	162176,
					"snd_wnd":	1430912,
					"rtt":	11565,
					"rttvar":	497,
					"pmtu":	1500,
					"omitted":	false,
					"sender":	true
				}],
			"sum":	{
				"start":	58.000121,
				"end":	59.000109,
				"seconds":	0.9999880194664,
				"bytes":	10686240,
				"bits_per_second":	85490944.2271298,
				"retransmits":	219,
				"omitted":	false,
				"sender":	true
			}
		}, {
			"streams":	[{
					"socket":	6,
					"start":	59.000109,
					"end":	60.000092,
					"seconds":	0.999983012676239,
					"bytes":	10698088,
					"bits_per_second":	85586157.879773363,
					"retransmits":	245,
					"snd_cwnd":	162176,
					"snd_wnd":	1430912,
					"rtt":	11295,
					"rttvar":	185,
					"pmtu":	1500,
					"omitted":	false,
					"sender":	true
				}],
			"sum":	{
				"start":	59.000109,
				"end":	60.000092,
				"seconds":	0.999983012676239,
				"bytes":	10698088,
				"bits_per_second":	85586157.879773363,
				"retransmits":	245,
				"omitted":	false,
				"sender":	true
			}
		}],
	"end":	{
		"streams":	[{
				"sender":	{
					"socket":	6,
					"start":	0,
					"end":	60.000092,
					"seconds":	60.000092,
					"bytes":	604504064,
					"bits_per_second":	80600418.27935864,
					"retransmits":	14064,
					"max_snd_cwnd":	170864,
					"max_snd_wnd":	1430912,
					"max_rtt":	12602,
					"min_rtt":	5124,
					"mean_rtt":	11539,
					"sender":	true
				},
				"receiver":	{
					"socket":	6,
					"start":	0,
					"end":	60.011824,
					"seconds":	60.000092,
					"bytes":	601615040,
					"bits_per_second":	80199534.011830732,
					"sender":	true
				}
			}],
		"sum_sent":	{
			"start":	0,
			"end":	60.000092,
			"seconds":	60.000092,
			"bytes":	604504064,
			"bits_per_second":	80600418.27935864,
			"retransmits":	14064,
			"sender":	true
		},
		"sum_received":	{
			"start":	0,
			"end":	60.011824,
			"seconds":	60.011824,
			"bytes":	601615040,
			"bits_per_second":	80199534.011830732,
			"sender":	true
		},
		"cpu_utilization_percent":	{
			"host_total":	0.19219572848583844,
			"host_user":	0.0075773346725289386,
			"host_system":	0.18461839381330949,
			"remote_total":	2.072667867474272,
			"remote_user":	0.1540512826186915,
			"remote_system":	1.9186182511935896
		},
		"sender_tcp_congestion":	"bbr",
		"receiver_tcp_congestion":	"bbr"
	}
}
