{
	"start":	{
		"connected":	[{
				"socket":	6,
				"local_host":	"192.168.101.210",
				"local_port":	48430,
				"remote_host":	"192.168.100.168",
				"remote_port":	5202
			}],
		"version":	"iperf 3.11",
		"system_info":	"Linux f1 6.0.10-300.fc37.x86_64 #1 SMP PREEMPT_DYNAMIC Sat Nov 26 16:55:13 UTC 2022 x86_64",
		"timestamp":	{
			"time":	"Sat, 10 Dec 2022 20:16:22 GMT",
			"timesecs":	1670703382
		},
		"connecting_to":	{
			"host":	"192.168.100.168",
			"port":	5202
		},
		"cookie":	"r5fimy2g2tugs4xlsm2bornopjjli52ak64f",
		"tcp_mss_default":	1448,
		"target_bitrate":	0,
		"sock_bufsize":	0,
		"sndbuf_actual":	16384,
		"rcvbuf_actual":	131072,
		"test_start":	{
			"protocol":	"TCP",
			"num_streams":	1,
			"blksize":	131072,
			"omit":	0,
			"duration":	60,
			"bytes":	0,
			"blocks":	0,
			"reverse":	0,
			"tos":	0,
			"target_bitrate":	0
		}
	},
	"intervals":	[{
			"streams":	[{
					"socket":	6,
					"start":	0,
					"end":	1.000089,
					"seconds":	1.0000890493392944,
					"bytes":	1560944,
					"bits_per_second":	12486440.090759778,
					"retransmits":	0,
					"snd_cwnd":	209960,
					"snd_wnd":	315904,
					"rtt":	206402,
					"rttvar":	9501,
					"pmtu":	1500,
					"omitted":	false,
					"sender":	true
				}],
			"sum":	{
				"start":	0,
				"end":	1.000089,
				"seconds":	1.0000890493392944,
				"bytes":	1560944,
				"bits_per_second":	12486440.090759778,
				"retransmits":	0,
				"omitted":	false,
				"sender":	true
			}
		}, {
			"streams":	[{
					"socket":	6,
					"start":	1.000089,
					"end":	2.000712,
					"seconds":	1.0006229877471924,
					"bytes":	1889640,
					"bits_per_second":	15107708.082976146,
					"retransmits":	121,
					"snd_cwnd":	165072,
					"snd_wnd":	810368,
					"rtt":	279978,
					"rttvar":	182,
					"pmtu":	1500,
					"omitted":	false,
					"sender":	true
				}],
			"sum":	{
				"start":	1.000089,
				"end":	2.000712,
				"seconds":	1.0006229877471924,
				"bytes":	1889640,
				"bits_per_second":	15107708.082976146,
				"retransmits":	121,
				"omitted":	false,
				"sender":	true
			}
		}, {
			"streams":	[{
					"socket":	6,
					"start":	2.000712,
					"end":	3.000852,
					"seconds":	1.0001399517059326,
					"bytes":	1268008,
					"bits_per_second":	10142644.519596815,
					"retransmits":	183,
					"snd_cwnd":	422816,
					"snd_wnd":	1935872,
					"rtt":	276447,
					"rttvar":	2174,
					"pmtu":	1500,
					"omitted":	false,
					"sender":	true
				}],
			"sum":	{
				"start":	2.000712,
				"end":	3.000852,
				"seconds":	1.0001399517059326,
				"bytes":	1268008,
				"bits_per_second":	10142644.519596815,
				"retransmits":	183,
				"omitted":	false,
				"sender":	true
			}
		}, {
			"streams":	[{
					"socket":	6,
					"start":	3.000852,
					"end":	4.000416,
					"seconds":	0.999563992023468,
					"bytes":	1310720,
					"bits_per_second":	10490333.869243475,
					"retransmits":	180,
					"snd_cwnd":	422816,
					"snd_wnd":	3144320,
					"rtt":	210146,
					"rttvar":	1694,
					"pmtu":	1500,
					"omitted":	false,
					"sender":	true
				}],
			"sum":	{
				"start":	3.000852,
				"end":	4.000416,
				"seconds":	0.999563992023468,
				"bytes":	1310720,
				"bits_per_second":	10490333.869243475,
				"retransmits":	180,
				"omitted":	false,
				"sender":	true
			}
		}, {
			"streams":	[{
					"socket":	6,
					"start":	4.000416,
					"end":	5.000153,
					"seconds":	0.999737024307251,
					"bytes":	1310720,
					"bits_per_second":	10488518.225346221,
					"retransmits":	0,
					"snd_cwnd":	411232,
					"snd_wnd":	3144320,
					"rtt":	236289,
					"rttvar":	2223,
					"pmtu":	1500,
					"omitted":	false,
					"sender":	true
				}],
			"sum":	{
				"start":	4.000416,
				"end":	5.000153,
				"seconds":	0.999737024307251,
				"bytes":	1310720,
				"bits_per_second":	10488518.225346221,
				"retransmits":	0,
				"omitted":	false,
				"sender":	true
			}
		}, {
			"streams":	[{
					"socket":	6,
					"start":	5.000153,
					"end":	6.000617,
					"seconds":	1.0004639625549316,
					"bytes":	0,
					"bits_per_second":	0,
					"retransmits":	10,
					"snd_cwnd":	225888,
					"snd_wnd":	3129856,
					"rtt":	236751,
					"rttvar":	2916,
					"pmtu":	1500,
					"omitted":	false,
					"sender":	true
				}],
			"sum":	{
				"start":	5.000153,
				"end":	6.000617,
				"seconds":	1.0004639625549316,
				"bytes":	0,
				"bits_per_second":	0,
				"retransmits":	10,
				"omitted":	false,
				"sender":	true
			}
		}, {
			"streams":	[{
					"socket":	6,
					"start":	6.000617,
					"end":	7.000771,
					"seconds":	1.0001540184020996,
					"bytes":	1310720,
					"bits_per_second":	10484145.248701414,
					"retransmits":	0,
					"snd_cwnd":	414128,
					"snd_wnd":	3144320,
					"rtt":	224428,
					"rttvar":	1173,
					"pmtu":	1500,
					"omitted":	false,
					"sender":	true
				}],
			"sum":	{
				"start":	6.000617,
				"end":	7.000771,
				"seconds":	1.0001540184020996,
				"bytes":	1310720,
				"bits_per_second":	10484145.248701414,
				"retransmits":	0,
				"omitted":	false,
				"sender":	true
			}
		}, {
			"streams":	[{
					"socket":	6,
					"start":	7.000771,
					"end":	8.000392,
					"seconds":	0.99962097406387329,
					"bytes":	1310720,
					"bits_per_second":	10489735.881962383,
					"retransmits":	0,
					"snd_cwnd":	417024,
					"snd_wnd":	3144320,
					"rtt":	246939,
					"rttvar":	1110,
					"pmtu":	1500,
					"omitted":	false,
					"sender":	true
				}],
			"sum":	{
				"start":	7.000771,
				"end":	8.000392,
				"seconds":	0.99962097406387329,
				"bytes":	1310720,
				"bits_per_second":	10489735.881962383,
				"retransmits":	0,
				"omitted":	false,
				"sender":	true
			}
		}, {
			"streams":	[{
					"socket":	6,
					"start":	8.000392,
					"end":	9.000441,
					"seconds":	1.0000489950180054,
					"bytes":	0,
					"bits_per_second":	0,
					"retransmits":	10,
					"snd_cwnd":	260640,
					"snd_wnd":	3144320,
					"rtt":	280145,
					"rttvar":	566,
					"pmtu":	1500,
					"omitted":	false,
					"sender":	true
				}],
			"sum":	{
				"start":	8.000392,
				"end":	9.000441,
				"seconds":	1.0000489950180054,
				"bytes":	0,
				"bits_per_second":	0,
				"retransmits":	10,
				"omitted":	false,
				"sender":	true
			}
		}, {
			"streams":	[{
					"socket":	6,
					"start":	9.000441,
					"end":	10.000801,
					"seconds":	1.0003600120544434,
					"bytes":	1310720,
					"bits_per_second":	10481986.358556408,
					"retransmits":	2,
					"snd_cwnd":	443088,
					"snd_wnd":	3144320,
					"rtt":	248741,
					"rttvar":	2278,
					"pmtu":	1500,
					"omitted":	false,
					"sender":	true
				}],
			"sum":	{
				"start":	9.000441,
				"end":	10.000801,
				"seconds":	1.0003600120544434,
				"bytes":	1310720,
				"bits_per_second":	10481986.358556408,
				"retransmits":	2,
				"omitted":	false,
				"sender":	true
			}
		}, {
			"streams":	[{
					"socket":	6,
					"start":	10.000801,
					"end":	11.000663,
					"seconds":	0.999862015247345,
					"bytes":	1310720,
					"bits_per_second":	10487207.074674241,
					"retransmits":	36,
					"snd_cwnd":	443088,
					"snd_wnd":	3144320,
					"rtt":	242555,
					"rttvar":	1669,
					"pmtu":	1500,
					"omitted":	false,
					"sender":	true
				}],
			"sum":	{
				"start":	10.000801,
				"end":	11.000663,
				"seconds":	0.999862015247345,
				"bytes":	1310720,
				"bits_per_second":	10487207.074674241,
				"retransmits":	36,
				"omitted":	false,
				"sender":	true
			}
		}, {
			"streams":	[{
					"socket":	6,
					"start":	11.000663,
					"end":	12.000381,
					"seconds":	0.99971801042556763,
					"bytes":	1310720,
					"bits_per_second":	10488717.709043114,
					"retransmits":	0,
					"snd_cwnd":	431504,
					"snd_wnd":	3144320,
					"rtt":	261751,
					"rttvar":	1324,
					"pmtu":	1500,
					"omitted":	false,
					"sender":	true
				}],
			"sum":	{
				"start":	11.000663,
				"end":	12.000381,
				"seconds":	0.99971801042556763,
				"bytes":	1310720,
				"bits_per_second":	10488717.709043114,
				"retransmits":	0,
				"omitted":	false,
				"sender":	true
			}
		}, {
			"streams":	[{
					"socket":	6,
					"start":	12.000381,
					"end":	13.000098,
					"seconds":	0.99971699714660645,
					"bytes":	1310720,
					"bits_per_second":	10488728.340048704,
					"retransmits":	25,
					"snd_cwnd":	434400,
					"snd_wnd":	3144320,
					"rtt":	228467,
					"rttvar":	540,
					"pmtu":	1500,
					"omitted":	false,
					"sender":	true
				}],
			"sum":	{
				"start":	12.000381,
				"end":	13.000098,
				"seconds":	0.99971699714660645,
				"bytes":	1310720,
				"bits_per_second":	10488728.340048704,
				"retransmits":	25,
				"omitted":	false,
				"sender":	true
			}
		}, {
			"streams":	[{
					"socket":	6,
					"start":	13.000098,
					"end":	14.00107,
					"seconds":	1.0009720325469971,
					"bytes":	0,
					"bits_per_second":	0,
					"retransmits":	0,
					"snd_cwnd":	434400,
					"snd_wnd":	3144320,
					"rtt":	234596,
					"rttvar":	6152,
					"pmtu":	1500,
					"omitted":	false,
					"sender":	true
				}],
			"sum":	{
				"start":	13.000098,
				"end":	14.00107,
				"seconds":	1.0009720325469971,
				"bytes":	0,
				"bits_per_second":	0,
				"retransmits":	0,
				"omitted":	false,
				"sender":	true
			}
		}, {
			"streams":	[{
					"socket":	6,
					"start":	14.00107,
					"end":	15.000079,
					"seconds":	0.99900901317596436,
					"bytes":	1310720,
					"bits_per_second":	10496161.557806736,
					"retransmits":	0,
					"snd_cwnd":	434400,
					"snd_wnd":	3144320,
					"rtt":	237910,
					"rttvar":	1170,
					"pmtu":	1500,
					"omitted":	false,
					"sender":	true
				}],
			"sum":	{
				"start":	14.00107,
				"end":	15.000079,
				"seconds":	0.99900901317596436,
				"bytes":	1310720,
				"bits_per_second":	10496161.557806736,
				"retransmits":	0,
				"omitted":	false,
				"sender":	true
			}
		}, {
			"streams":	[{
					"socket":	6,
					"start":	15.000079,
					"end":	16.000079,
					"seconds":	1,
					"bytes":	1310720,
					"bits_per_second":	10485760,
					"retransmits":	6,
					"snd_cwnd":	445984,
					"snd_wnd":	3144320,
					"rtt":	228924,
					"rttvar":	219,
					"pmtu":	1500,
					"omitted":	false,
					"sender":	true
				}],
			"sum":	{
				"start":	15.000079,
				"end":	16.000079,
				"seconds":	1,
				"bytes":	1310720,
				"bits_per_second":	10485760,
				"retransmits":	6,
				"omitted":	false,
				"sender":	true
			}
		}, {
			"streams":	[{
					"socket":	6,
					"start":	16.000079,
					"end":	17.001025,
					"seconds":	1.000946044921875,
					"bytes":	0,
					"bits_per_second":	0,
					"retransmits":	0,
					"snd_cwnd":	445984,
					"snd_wnd":	3144320,
					"rtt":	248013,
					"rttvar":	651,
					"pmtu":	1500,
					"omitted":	false,
					"sender":	true
				}],
			"sum":	{
				"start":	16.000079,
				"end":	17.001025,
				"seconds":	1.000946044921875,
				"bytes":	0,
				"bits_per_second":	0,
				"retransmits":	0,
				"omitted":	false,
				"sender":	true
			}
		}, {
			"streams":	[{
					"socket":	6,
					"start":	17.001025,
					"end":	18.00059,
					"seconds":	0.9995650053024292,
					"bytes":	1310720,
					"bits_per_second":	10490323.234983021,
					"retransmits":	16,
					"snd_cwnd":	443088,
					"snd_wnd":	3144320,
					"rtt":	223569,
					"rttvar":	673,
					"pmtu":	1500,
					"omitted":	false,
					"sender":	true
				}],
			"sum":	{
				"start":	17.001025,
				"end":	18.00059,
				"seconds":	0.9995650053024292,
				"bytes":	1310720,
				"bits_per_second":	10490323.234983021,
				"retransmits":	16,
				"omitted":	false,
				"sender":	true
			}
		}, {
			"streams":	[{
					"socket":	6,
					"start":	18.00059,
					"end":	19.00052,
					"seconds":	0.99993002414703369,
					"bytes":	1310720,
					"bits_per_second":	10486493.801348375,
					"retransmits":	0,
					"snd_cwnd":	443088,
					"snd_wnd":	3144320,
					"rtt":	232903,
					"rttvar":	4000,
					"pmtu":	1500,
					"omitted":	false,
					"sender":	true
				}],
			"sum":	{
				"start":	18.00059,
				"end":	19.00052,
				"seconds":	0.99993002414703369,
				"bytes":	1310720,
				"bits_per_second":	10486493.801348375,
				"retransmits":	0,
				"omitted":	false,
				"sender":	true
			}
		}, {
			"streams":	[{
					"socket":	6,
					"start":	19.00052,
					"end":	20.000262,
					"seconds":	0.99974197149276733,
					"bytes":	1310720,
					"bits_per_second":	10488466.323308563,
					"retransmits":	0,
					"snd_cwnd":	445984,
					"snd_wnd":	3144320,
					"rtt":	241506,
					"rttvar":	781,
					"pmtu":	1500,
					"omitted":	false,
					"sender":	true
				}],
			"sum":	{
				"start":	19.00052,
				"end":	20.000262,
				"seconds":	0.99974197149276733,
				"bytes":	1310720,
				"bits_per_second":	10488466.323308563,
				"retransmits":	0,
				"omitted":	false,
				"sender":	true
			}
		}, {
			"streams":	[{
					"socket":	6,
					"start":	20.000262,
					"end":	21.001024,
					"seconds":	1.0007619857788086,
					"bytes":	0,
					"bits_per_second":	0,
					"retransmits":	4,
					"snd_cwnd":	448880,
					"snd_wnd":	3144320,
					"rtt":	226079,
					"rttvar":	894,
					"pmtu":	1500,
					"omitted":	false,
					"sender":	true
				}],
			"sum":	{
				"start":	20.000262,
				"end":	21.001024,
				"seconds":	1.0007619857788086,
				"bytes":	0,
				"bits_per_second":	0,
				"retransmits":	4,
				"omitted":	false,
				"sender":	true
			}
		}, {
			"streams":	[{
					"socket":	6,
					"start":	21.001024,
					"end":	22.001015,
					"seconds":	0.999990999698639,
					"bytes":	1310720,
					"bits_per_second":	10485854.375849411,
					"retransmits":	0,
					"snd_cwnd":	448880,
					"snd_wnd":	3144320,
					"rtt":	265285,
					"rttvar":	3480,
					"pmtu":	1500,
					"omitted":	false,
					"sender":	true
				}],
			"sum":	{
				"start":	21.001024,
				"end":	22.001015,
				"seconds":	0.999990999698639,
				"bytes":	1310720,
				"bits_per_second":	10485854.375849411,
				"retransmits":	0,
				"omitted":	false,
				"sender":	true
			}
		}, {
			"streams":	[{
					"socket":	6,
					"start":	22.001015,
					"end":	23.000311,
					"seconds":	0.999296009540558,
					"bytes":	1310720,
					"bits_per_second":	10493147.075430626,
					"retransmits":	4,
					"snd_cwnd":	448880,
					"snd_wnd":	3144320,
					"rtt":	248256,
					"rttvar":	518,
					"pmtu":	1500,
					"omitted":	false,
					"sender":	true
				}],
			"sum":	{
				"start":	22.001015,
				"end":	23.000311,
				"seconds":	0.999296009540558,
				"bytes":	1310720,
				"bits_per_second":	10493147.075430626,
				"retransmits":	4,
				"omitted":	false,
				"sender":	true
			}
		}, {
			"streams":	[{
					"socket":	6,
					"start":	23.000311,
					"end":	24.00047,
					"seconds":	1.0001590251922607,
					"bytes":	1310720,
					"bits_per_second":	10484092.765132345,
					"retransmits":	18,
					"snd_cwnd":	451776,
					"snd_wnd":	3144320,
					"rtt":	226384,
					"rttvar":	611,
					"pmtu":	1500,
					"omitted":	false,
					"sender":	true
				}],
			"sum":	{
				"start":	23.000311,
				"end":	24.00047,
				"seconds":	1.0001590251922607,
				"bytes":	1310720,
				"bits_per_second":	10484092.765132345,
				"retransmits":	18,
				"omitted":	false,
				"sender":	true
			}
		}, {
			"streams":	[{
					"socket":	6,
					"start":	24.00047,
					"end":	25.000234,
					"seconds":	0.99976402521133423,
					"bytes":	0,
					"bits_per_second":	0,
					"retransmits":	0,
					"snd_cwnd":	457568,
					"snd_wnd":	3144320,
					"rtt":	244610,
					"rttvar":	5189,
					"pmtu":	1500,
					"omitted":	false,
					"sender":	true
				}],
			"sum":	{
				"start":	24.00047,
				"end":	25.000234,
				"seconds":	0.99976402521133423,
				"bytes":	0,
				"bits_per_second":	0,
				"retransmits":	0,
				"omitted":	false,
				"sender":	true
			}
		}, {
			"streams":	[{
					"socket":	6,
					"start":	25.000234,
					"end":	26.000864,
					"seconds":	1.0006300210952759,
					"bytes":	1310720,
					"bits_per_second":	10479157.909456315,
					"retransmits":	0,
					"snd_cwnd":	457568,
					"snd_wnd":	3144320,
					"rtt":	251428,
					"rttvar":	1128,
					"pmtu":	1500,
					"omitted":	false,
					"sender":	true
				}],
			"sum":	{
				"start":	25.000234,
				"end":	26.000864,
				"seconds":	1.0006300210952759,
				"bytes":	1310720,
				"bits_per_second":	10479157.909456315,
				"retransmits":	0,
				"omitted":	false,
				"sender":	true
			}
		}, {
			"streams":	[{
					"socket":	6,
					"start":	26.000864,
					"end":	27.000556,
					"seconds":	0.99969202280044556,
					"bytes":	1310720,
					"bits_per_second":	10488990.369880268,
					"retransmits":	26,
					"snd_cwnd":	451776,
					"snd_wnd":	3144320,
					"rtt":	237950,
					"rttvar":	394,
					"pmtu":	1500,
					"omitted":	false,
					"sender":	true
				}],
			"sum":	{
				"start":	26.000864,
				"end":	27.000556,
				"seconds":	0.99969202280044556,
				"bytes":	1310720,
				"bits_per_second":	10488990.369880268,
				"retransmits":	26,
				"omitted":	false,
				"sender":	true
			}
		}, {
			"streams":	[{
					"socket":	6,
					"start":	27.000556,
					"end":	28.000337,
					"seconds":	0.99978101253509521,
					"bytes":	1310720,
					"bits_per_second":	10488056.752960108,
					"retransmits":	0,
					"snd_cwnd":	451776,
					"snd_wnd":	3144320,
					"rtt":	247514,
					"rttvar":	726,
					"pmtu":	1500,
					"omitted":	false,
					"sender":	true
				}],
			"sum":	{
				"start":	27.000556,
				"end":	28.000337,
				"seconds":	0.99978101253509521,
				"bytes":	1310720,
				"bits_per_second":	10488056.752960108,
				"retransmits":	0,
				"omitted":	false,
				"sender":	true
			}
		}, {
			"streams":	[{
					"socket":	6,
					"start":	28.000337,
					"end":	29.000106,
					"seconds":	0.99976897239685059,
					"bytes":	1310720,
					"bits_per_second":	10488183.059793696,
					"retransmits":	14,
					"snd_cwnd":	448880,
					"snd_wnd":	3145728,
					"rtt":	225730,
					"rttvar":	755,
					"pmtu":	1500,
					"omitted":	false,
					"sender":	true
				}],
			"sum":	{
				"start":	28.000337,
				"end":	29.000106,
				"seconds":	0.99976897239685059,
				"bytes":	1310720,
				"bits_per_second":	10488183.059793696,
				"retransmits":	14,
				"omitted":	false,
				"sender":	true
			}
		}, {
			"streams":	[{
					"socket":	6,
					"start":	29.000106,
					"end":	30.001025,
					"seconds":	1.000918984413147,
					"bytes":	0,
					"bits_per_second":	0,
					"retransmits":	0,
					"snd_cwnd":	451776,
					"snd_wnd":	3145728,
					"rtt":	254013,
					"rttvar":	3722,
					"pmtu":	1500,
					"omitted":	false,
					"sender":	true
				}],
			"sum":	{
				"start":	29.000106,
				"end":	30.001025,
				"seconds":	1.000918984413147,
				"bytes":	0,
				"bits_per_second":	0,
				"retransmits":	0,
				"omitted":	false,
				"sender":	true
			}
		}, {
			"streams":	[{
					"socket":	6,
					"start":	30.001025,
					"end":	31.000056,
					"seconds":	0.99903100728988647,
					"bytes":	1310720,
					"bits_per_second":	10495930.480121097,
					"retransmits":	0,
					"snd_cwnd":	451776,
					"snd_wnd":	3145728,
					"rtt":	235100,
					"rttvar":	615,
					"pmtu":	1500,
					"omitted":	false,
					"sender":	true
				}],
			"sum":	{
				"start":	30.001025,
				"end":	31.000056,
				"seconds":	0.99903100728988647,
				"bytes":	1310720,
				"bits_per_second":	10495930.480121097,
				"retransmits":	0,
				"omitted":	false,
				"sender":	true
			}
		}, {
			"streams":	[{
					"socket":	6,
					"start":	31.000056,
					"end":	32.000616,
					"seconds":	1.0005600452423096,
					"bytes":	1310720,
					"bits_per_second":	10479890.787024803,
					"retransmits":	4,
					"snd_cwnd":	451776,
					"snd_wnd":	3145728,
					"rtt":	227018,
					"rttvar":	493,
					"pmtu":	1500,
					"omitted":	false,
					"sender":	true
				}],
			"sum":	{
				"start":	31.000056,
				"end":	32.000616,
				"seconds":	1.0005600452423096,
				"bytes":	1310720,
				"bits_per_second":	10479890.787024803,
				"retransmits":	4,
				"omitted":	false,
				"sender":	true
			}
		}, {
			"streams":	[{
					"socket":	6,
					"start":	32.000616,
					"end":	33.000409,
					"seconds":	0.999792993068695,
					"bytes":	1310720,
					"bits_per_second":	10487931.074427456,
					"retransmits":	0,
					"snd_cwnd":	451776,
					"snd_wnd":	3145728,
					"rtt":	241654,
					"rttvar":	2626,
					"pmtu":	1500,
					"omitted":	false,
					"sender":	true
				}],
			"sum":	{
				"start":	32.000616,
				"end":	33.000409,
				"seconds":	0.999792993068695,
				"bytes":	1310720,
				"bits_per_second":	10487931.074427456,
				"retransmits":	0,
				"omitted":	false,
				"sender":	true
			}
		}, {
			"streams":	[{
					"socket":	6,
					"start":	33.000409,
					"end":	34.000154,
					"seconds":	0.999745011329651,
					"bytes":	1310720,
					"bits_per_second":	10488434.431949846,
					"retransmits":	0,
					"snd_cwnd":	454672,
					"snd_wnd":	3145728,
					"rtt":	241777,
					"rttvar":	579,
					"pmtu":	1500,
					"omitted":	false,
					"sender":	true
				}],
			"sum":	{
				"start":	33.000409,
				"end":	34.000154,
				"seconds":	0.999745011329651,
				"bytes":	1310720,
				"bits_per_second":	10488434.431949846,
				"retransmits":	0,
				"omitted":	false,
				"sender":	true
			}
		}, {
			"streams":	[{
					"socket":	6,
					"start":	34.000154,
					"end":	35.001029,
					"seconds":	1.0008749961853027,
					"bytes":	0,
					"bits_per_second":	0,
					"retransmits":	10,
					"snd_cwnd":	5792,
					"snd_wnd":	3060480,
					"rtt":	231982,
					"rttvar":	1358,
					"pmtu":	1500,
					"omitted":	false,
					"sender":	true
				}],
			"sum":	{
				"start":	34.000154,
				"end":	35.001029,
				"seconds":	1.0008749961853027,
				"bytes":	0,
				"bits_per_second":	0,
				"retransmits":	10,
				"omitted":	false,
				"sender":	true
			}
		}, {
			"streams":	[{
					"socket":	6,
					"start":	35.001029,
					"end":	36.000551,
					"seconds":	0.99952197074890137,
					"bytes":	1310720,
					"bits_per_second":	10490774.897267586,
					"retransmits":	0,
					"snd_cwnd":	457568,
					"snd_wnd":	3145728,
					"rtt":	211581,
					"rttvar":	410,
					"pmtu":	1500,
					"omitted":	false,
					"sender":	true
				}],
			"sum":	{
				"start":	35.001029,
				"end":	36.000551,
				"seconds":	0.99952197074890137,
				"bytes":	1310720,
				"bits_per_second":	10490774.897267586,
				"retransmits":	0,
				"omitted":	false,
				"sender":	true
			}
		}, {
			"streams":	[{
					"socket":	6,
					"start":	36.000551,
					"end":	37.000281,
					"seconds":	0.99972999095916748,
					"bytes":	1310720,
					"bits_per_second":	10488592.014669565,
					"retransmits":	0,
					"snd_cwnd":	457568,
					"snd_wnd":	3145728,
					"rtt":	239794,
					"rttvar":	3760,
					"pmtu":	1500,
					"omitted":	false,
					"sender":	true
				}],
			"sum":	{
				"start":	36.000551,
				"end":	37.000281,
				"seconds":	0.99972999095916748,
				"bytes":	1310720,
				"bits_per_second":	10488592.014669565,
				"retransmits":	0,
				"omitted":	false,
				"sender":	true
			}
		}, {
			"streams":	[{
					"socket":	6,
					"start":	37.000281,
					"end":	38.001029,
					"seconds":	1.0007480382919312,
					"bytes":	0,
					"bits_per_second":	0,
					"retransmits":	16,
					"snd_cwnd":	254848,
					"snd_wnd":	3145728,
					"rtt":	252824,
					"rttvar":	4220,
					"pmtu":	1500,
					"omitted":	false,
					"sender":	true
				}],
			"sum":	{
				"start":	37.000281,
				"end":	38.001029,
				"seconds":	1.0007480382919312,
				"bytes":	0,
				"bits_per_second":	0,
				"retransmits":	16,
				"omitted":	false,
				"sender":	true
			}
		}, {
			"streams":	[{
					"socket":	6,
					"start":	38.001029,
					"end":	39.000438,
					"seconds":	0.999409019947052,
					"bytes":	1310720,
					"bits_per_second":	10491960.5393951,
					"retransmits":	0,
					"snd_cwnd":	457568,
					"snd_wnd":	3145728,
					"rtt":	224397,
					"rttvar":	617,
					"pmtu":	1500,
					"omitted":	false,
					"sender":	true
				}],
			"sum":	{
				"start":	38.001029,
				"end":	39.000438,
				"seconds":	0.999409019947052,
				"bytes":	1310720,
				"bits_per_second":	10491960.5393951,
				"retransmits":	0,
				"omitted":	false,
				"sender":	true
			}
		}, {
			"streams":	[{
					"socket":	6,
					"start":	39.000438,
					"end":	40.000803,
					"seconds":	1.0003650188446045,
					"bytes":	1310720,
					"bits_per_second":	10481933.896599842,
					"retransmits":	0,
					"snd_cwnd":	457568,
					"snd_wnd":	3145728,
					"rtt":	231228,
					"rttvar":	422,
					"pmtu":	1500,
					"omitted":	false,
					"sender":	true
				}],
			"sum":	{
				"start":	39.000438,
				"end":	40.000803,
				"seconds":	1.0003650188446045,
				"bytes":	1310720,
				"bits_per_second":	10481933.896599842,
				"retransmits":	0,
				"omitted":	false,
				"sender":	true
			}
		}, {
			"streams":	[{
					"socket":	6,
					"start":	40.000803,
					"end":	41.000562,
					"seconds":	0.999759018421173,
					"bytes":	1310720,
					"bits_per_second":	10488287.484077103,
					"retransmits":	0,
					"snd_cwnd":	451776,
					"snd_wnd":	3145728,
					"rtt":	260968,
					"rttvar":	3934,
					"pmtu":	1500,
					"omitted":	false,
					"sender":	true
				}],
			"sum":	{
				"start":	40.000803,
				"end":	41.000562,
				"seconds":	0.999759018421173,
				"bytes":	1310720,
				"bits_per_second":	10488287.484077103,
				"retransmits":	0,
				"omitted":	false,
				"sender":	true
			}
		}, {
			"streams":	[{
					"socket":	6,
					"start":	41.000562,
					"end":	42.000325,
					"seconds":	0.999763011932373,
					"bytes":	1310720,
					"bits_per_second":	10488245.589054948,
					"retransmits":	12,
					"snd_cwnd":	448880,
					"snd_wnd":	3145728,
					"rtt":	238696,
					"rttvar":	1494,
					"pmtu":	1500,
					"omitted":	false,
					"sender":	true
				}],
			"sum":	{
				"start":	41.000562,
				"end":	42.000325,
				"seconds":	0.999763011932373,
				"bytes":	1310720,
				"bits_per_second":	10488245.589054948,
				"retransmits":	12,
				"omitted":	false,
				"sender":	true
			}
		}, {
			"streams":	[{
					"socket":	6,
					"start":	42.000325,
					"end":	43.000096,
					"seconds":	0.999770998954773,
					"bytes":	1310720,
					"bits_per_second":	10488161.800014714,
					"retransmits":	12,
					"snd_cwnd":	448880,
					"snd_wnd":	3145728,
					"rtt":	232379,
					"rttvar":	482,
					"pmtu":	1500,
					"omitted":	false,
					"sender":	true
				}],
			"sum":	{
				"start":	42.000325,
				"end":	43.000096,
				"seconds":	0.999770998954773,
				"bytes":	1310720,
				"bits_per_second":	10488161.800014714,
				"retransmits":	12,
				"omitted":	false,
				"sender":	true
			}
		}, {
			"streams":	[{
					"socket":	6,
					"start":	43.000096,
					"end":	44.001025,
					"seconds":	1.0009289979934692,
					"bytes":	0,
					"bits_per_second":	0,
					"retransmits":	0,
					"snd_cwnd":	451776,
					"snd_wnd":	3145728,
					"rtt":	234168,
					"rttvar":	671,
					"pmtu":	1500,
					"omitted":	false,
					"sender":	true
				}],
			"sum":	{
				"start":	43.000096,
				"end":	44.001025,
				"seconds":	1.0009289979934692,
				"bytes":	0,
				"bits_per_second":	0,
				"retransmits":	0,
				"omitted":	false,
				"sender":	true
			}
		}, {
			"streams":	[{
					"socket":	6,
					"start":	44.001025,
					"end":	45.000821,
					"seconds":	0.999795973300934,
					"bytes":	1310720,
					"bits_per_second":	10487899.811578693,
					"retransmits":	0,
					"snd_cwnd":	451776,
					"snd_wnd":	3145728,
					"rtt":	250486,
					"rttvar":	814,
					"pmtu":	1500,
					"omitted":	false,
					"sender":	true
				}],
			"sum":	{
				"start":	44.001025,
				"end":	45.000821,
				"seconds":	0.999795973300934,
				"bytes":	1310720,
				"bits_per_second":	10487899.811578693,
				"retransmits":	0,
				"omitted":	false,
				"sender":	true
			}
		}, {
			"streams":	[{
					"socket":	6,
					"start":	45.000821,
					"end":	46.000655,
					"seconds":	0.99983400106430054,
					"bytes":	1310720,
					"bits_per_second":	10487500.91398987,
					"retransmits":	0,
					"snd_cwnd":	451776,
					"snd_wnd":	3145728,
					"rtt":	225097,
					"rttvar":	4170,
					"pmtu":	1500,
					"omitted":	false,
					"sender":	true
				}],
			"sum":	{
				"start":	45.000821,
				"end":	46.000655,
				"seconds":	0.99983400106430054,
				"bytes":	1310720,
				"bits_per_second":	10487500.91398987,
				"retransmits":	0,
				"omitted":	false,
				"sender":	true
			}
		}, {
			"streams":	[{
					"socket":	6,
					"start":	46.000655,
					"end":	47.001037,
					"seconds":	1.0003819465637207,
					"bytes":	0,
					"bits_per_second":	0,
					"retransmits":	0,
					"snd_cwnd":	445984,
					"snd_wnd":	3145728,
					"rtt":	238940,
					"rttvar":	573,
					"pmtu":	1500,
					"omitted":	false,
					"sender":	true
				}],
			"sum":	{
				"start":	46.000655,
				"end":	47.001037,
				"seconds":	1.0003819465637207,
				"bytes":	0,
				"bits_per_second":	0,
				"retransmits":	0,
				"omitted":	false,
				"sender":	true
			}
		}, {
			"streams":	[{
					"socket":	6,
					"start":	47.001037,
					"end":	48.000909,
					"seconds":	0.99987202882766724,
					"bytes":	1310720,
					"bits_per_second":	10487102.046743294,
					"retransmits":	16,
					"snd_cwnd":	291048,
					"snd_wnd":	3049088,
					"rtt":	237939,
					"rttvar":	907,
					"pmtu":	1500,
					"omitted":	false,
					"sender":	true
				}],
			"sum":	{
				"start":	47.001037,
				"end":	48.000909,
				"seconds":	0.99987202882766724,
				"bytes":	1310720,
				"bits_per_second":	10487102.046743294,
				"retransmits":	16,
				"omitted":	false,
				"sender":	true
			}
		}, {
			"streams":	[{
					"socket":	6,
					"start":	48.000909,
					"end":	49.000652,
					"seconds":	0.99974298477172852,
					"bytes":	1310720,
					"bits_per_second":	10488455.692834109,
					"retransmits":	0,
					"snd_cwnd":	448880,
					"snd_wnd":	3145728,
					"rtt":	231972,
					"rttvar":	1080,
					"pmtu":	1500,
					"omitted":	false,
					"sender":	true
				}],
			"sum":	{
				"start":	48.000909,
				"end":	49.000652,
				"seconds":	0.99974298477172852,
				"bytes":	1310720,
				"bits_per_second":	10488455.692834109,
				"retransmits":	0,
				"omitted":	false,
				"sender":	true
			}
		}, {
			"streams":	[{
					"socket":	6,
					"start":	49.000652,
					"end":	50.000378,
					"seconds":	0.99972599744796753,
					"bytes":	1310720,
					"bits_per_second":	10488633.912459347,
					"retransmits":	6,
					"snd_cwnd":	445984,
					"snd_wnd":	3145728,
					"rtt":	239682,
					"rttvar":	2022,
					"pmtu":	1500,
					"omitted":	false,
					"sender":	true
				}],
			"sum":	{
				"start":	49.000652,
				"end":	50.000378,
				"seconds":	0.99972599744796753,
				"bytes":	1310720,
				"bits_per_second":	10488633.912459347,
				"retransmits":	6,
				"omitted":	false,
				"sender":	true
			}
		}, {
			"streams":	[{
					"socket":	6,
					"start":	50.000378,
					"end":	51.001027,
					"seconds":	1.0006489753723145,
					"bytes":	0,
					"bits_per_second":	0,
					"retransmits":	18,
					"snd_cwnd":	256296,
					"snd_wnd":	3145728,
					"rtt":	280615,
					"rttvar":	596,
					"pmtu":	1500,
					"omitted":	false,
					"sender":	true
				}],
			"sum":	{
				"start":	50.000378,
				"end":	51.001027,
				"seconds":	1.0006489753723145,
				"bytes":	0,
				"bits_per_second":	0,
				"retransmits":	18,
				"omitted":	false,
				"sender":	true
			}
		}, {
			"streams":	[{
					"socket":	6,
					"start":	51.001027,
					"end":	52.000858,
					"seconds":	0.99983102083206177,
					"bytes":	1310720,
					"bits_per_second":	10487532.174460566,
					"retransmits":	2,
					"snd_cwnd":	445984,
					"snd_wnd":	3145728,
					"rtt":	228801,
					"rttvar":	500,
					"pmtu":	1500,
					"omitted":	false,
					"sender":	true
				}],
			"sum":	{
				"start":	51.001027,
				"end":	52.000858,
				"seconds":	0.99983102083206177,
				"bytes":	1310720,
				"bits_per_second":	10487532.174460566,
				"retransmits":	2,
				"omitted":	false,
				"sender":	true
			}
		}, {
			"streams":	[{
					"socket":	6,
					"start":	52.000858,
					"end":	53.000781,
					"seconds":	0.9999229907989502,
					"bytes":	1310720,
					"bits_per_second":	10486567.562189719,
					"retransmits":	4,
					"snd_cwnd":	445984,
					"snd_wnd":	3145728,
					"rtt":	235583,
					"rttvar":	413,
					"pmtu":	1500,
					"omitted":	false,
					"sender":	true
				}],
			"sum":	{
				"start":	52.000858,
				"end":	53.000781,
				"seconds":	0.9999229907989502,
				"bytes":	1310720,
				"bits_per_second":	10486567.562189719,
				"retransmits":	4,
				"omitted":	false,
				"sender":	true
			}
		}, {
			"streams":	[{
					"socket":	6,
					"start":	53.000781,
					"end":	54.000329,
					"seconds":	0.99954801797866821,
					"bytes":	1310720,
					"bits_per_second":	10490501.518080926,
					"retransmits":	0,
					"snd_cwnd":	445984,
					"snd_wnd":	3145728,
					"rtt":	256619,
					"rttvar":	579,
					"pmtu":	1500,
					"omitted":	false,
					"sender":	true
				}],
			"sum":	{
				"start":	53.000781,
				"end":	54.000329,
				"seconds":	0.99954801797866821,
				"bytes":	1310720,
				"bits_per_second":	10490501.518080926,
				"retransmits":	0,
				"omitted":	false,
				"sender":	true
			}
		}, {
			"streams":	[{
					"socket":	6,
					"start":	54.000329,
					"end":	55.000304,
					"seconds":	0.999975025653839,
					"bytes":	1310720,
					"bits_per_second":	10486021.881540321,
					"retransmits":	20,
					"snd_cwnd":	443088,
					"snd_wnd":	3145728,
					"rtt":	222636,
					"rttvar":	607,
					"pmtu":	1500,
					"omitted":	false,
					"sender":	true
				}],
			"sum":	{
				"start":	54.000329,
				"end":	55.000304,
				"seconds":	0.999975025653839,
				"bytes":	1310720,
				"bits_per_second":	10486021.881540321,
				"retransmits":	20,
				"omitted":	false,
				"sender":	true
			}
		}, {
			"streams":	[{
					"socket":	6,
					"start":	55.000304,
					"end":	56.000084,
					"seconds":	0.999779999256134,
					"bytes":	1310720,
					"bits_per_second":	10488067.382625895,
					"retransmits":	0,
					"snd_cwnd":	5792,
					"snd_wnd":	3145728,
					"rtt":	250255,
					"rttvar":	4604,
					"pmtu":	1500,
					"omitted":	false,
					"sender":	true
				}],
			"sum":	{
				"start":	55.000304,
				"end":	56.000084,
				"seconds":	0.999779999256134,
				"bytes":	1310720,
				"bits_per_second":	10488067.382625895,
				"retransmits":	0,
				"omitted":	false,
				"sender":	true
			}
		}, {
			"streams":	[{
					"socket":	6,
					"start":	56.000084,
					"end":	57.001033,
					"seconds":	1.0009490251541138,
					"bytes":	0,
					"bits_per_second":	0,
					"retransmits":	0,
					"snd_cwnd":	440192,
					"snd_wnd":	3145728,
					"rtt":	225091,
					"rttvar":	899,
					"pmtu":	1500,
					"omitted":	false,
					"sender":	true
				}],
			"sum":	{
				"start":	56.000084,
				"end":	57.001033,
				"seconds":	1.0009490251541138,
				"bytes":	0,
				"bits_per_second":	0,
				"retransmits":	0,
				"omitted":	false,
				"sender":	true
			}
		}, {
			"streams":	[{
					"socket":	6,
					"start":	57.001033,
					"end":	58.000341,
					"seconds":	0.99930799007415771,
					"bytes":	1310720,
					"bits_per_second":	10493021.274874287,
					"retransmits":	0,
					"snd_cwnd":	440192,
					"snd_wnd":	3145728,
					"rtt":	249226,
					"rttvar":	691,
					"pmtu":	1500,
					"omitted":	false,
					"sender":	true
				}],
			"sum":	{
				"start":	57.001033,
				"end":	58.000341,
				"seconds":	0.99930799007415771,
				"bytes":	1310720,
				"bits_per_second":	10493021.274874287,
				"retransmits":	0,
				"omitted":	false,
				"sender":	true
			}
		}, {
			"streams":	[{
					"socket":	6,
					"start":	58.000341,
					"end":	59.000115,
					"seconds":	0.99977397918701172,
					"bytes":	1310720,
					"bits_per_second":	10488130.535790427,
					"retransmits":	14,
					"snd_cwnd":	443088,
					"snd_wnd":	3145728,
					"rtt":	221556,
					"rttvar":	696,
					"pmtu":	1500,
					"omitted":	false,
					"sender":	true
				}],
			"sum":	{
				"start":	58.000341,
				"end":	59.000115,
				"seconds":	0.99977397918701172,
				"bytes":	1310720,
				"bits_per_second":	10488130.535790427,
				"retransmits":	14,
				"omitted":	false,
				"sender":	true
			}
		}, {
			"streams":	[{
					"socket":	6,
					"start":	59.000115,
					"end":	60.001052,
					"seconds":	1.0009369850158691,
					"bytes":	0,
					"bits_per_second":	0,
					"retransmits":	0,
					"snd_cwnd":	443088,
					"snd_wnd":	3145728,
					"rtt":	265973,
					"rttvar":	4165,
					"pmtu":	1500,
					"omitted":	false,
					"sender":	true
				}],
			"sum":	{
				"start":	59.000115,
				"end":	60.001052,
				"seconds":	1.0009369850158691,
				"bytes":	0,
				"bits_per_second":	0,
				"retransmits":	0,
				"omitted":	false,
				"sender":	true
			}
		}],
	"end":	{
		"streams":	[{
				"sender":	{
					"socket":	6,
					"start":	0,
					"end":	60.001052,
					"seconds":	60.001052,
					"bytes":	61079552,
					"bits_per_second":	8143797.4787508724,
					"retransmits":	789,
					"max_snd_cwnd":	457568,
					"max_snd_wnd":	3145728,
					"max_rtt":	280615,
					"min_rtt":	206402,
					"mean_rtt":	240295,
					"sender":	true
				},
				"receiver":	{
					"socket":	6,
					"start":	0,
					"end":	60.229169,
					"seconds":	60.001052,
					"bytes":	58451416,
					"bits_per_second":	7763868.1682624575,
					"sender":	true
				}
			}],
		"sum_sent":	{
			"start":	0,
			"end":	60.001052,
			"seconds":	60.001052,
			"bytes":	61079552,
			"bits_per_second":	8143797.4787508724,
			"retransmits":	789,
			"sender":	true
		},
		"sum_received":	{
			"start":	0,
			"end":	60.229169,
			"seconds":	60.229169,
			"bytes":	58451416,
			"bits_per_second":	7763868.1682624575,
			"sender":	true
		},
		"cpu_utilization_percent":	{
			"host_total":	0.347233917365393,
			"host_user":	0.033112970521923829,
			"host_system":	0.31412094684346914,
			"remote_total":	0.739166605317668,
			"remote_user":	0.046147065387672041,
			"remote_system":	0.69302120025472036
		},
		"sender_tcp_congestion":	"bbr",
		"receiver_tcp_congestion":	"bbr"
	}
}
