{
	"start":	{
		"connected":	[{
				"socket":	6,
				"local_host":	"192.168.101.210",
				"local_port":	36164,
				"remote_host":	"192.168.100.168",
				"remote_port":	5201
			}],
		"version":	"iperf 3.11",
		"system_info":	"Linux f1 6.0.10-300.fc37.x86_64 #1 SMP PREEMPT_DYNAMIC Sat Nov 26 16:55:13 UTC 2022 x86_64",
		"timestamp":	{
			"time":	"Sat, 10 Dec 2022 20:21:40 GMT",
			"timesecs":	1670703700
		},
		"connecting_to":	{
			"host":	"192.168.100.168",
			"port":	5201
		},
		"cookie":	"jdwlycent3m3b5m5ckwtmwypyobx7nnefvi6",
		"tcp_mss_default":	1448,
		"target_bitrate":	0,
		"sock_bufsize":	0,
		"sndbuf_actual":	16384,
		"rcvbuf_actual":	131072,
		"test_start":	{
			"protocol":	"TCP",
			"num_streams":	1,
			"blksize":	131072,
			"omit":	0,
			"duration":	60,
			"bytes":	0,
			"blocks":	0,
			"reverse":	0,
			"tos":	0,
			"target_bitrate":	0
		}
	},
	"intervals":	[{
			"streams":	[{
					"socket":	6,
					"start":	0,
					"end":	1.000107,
					"seconds":	1.0001070499420166,
					"bytes":	13238272,
					"bits_per_second":	105894839.96352205,
					"retransmits":	0,
					"snd_cwnd":	1391528,
					"snd_wnd":	3143552,
					"rtt":	125639,
					"rttvar":	202,
					"pmtu":	1500,
					"omitted":	false,
					"sender":	true
				}],
			"sum":	{
				"start":	0,
				"end":	1.000107,
				"seconds":	1.0001070499420166,
				"bytes":	13238272,
				"bits_per_second":	105894839.96352205,
				"retransmits":	0,
				"omitted":	false,
				"sender":	true
			}
		}, {
			"streams":	[{
					"socket":	6,
					"start":	1.000107,
					"end":	2.000086,
					"seconds":	0.999979019165039,
					"bytes":	11796480,
					"bits_per_second":	94373820.0415429,
					"retransmits":	0,
					"snd_cwnd":	1964936,
					"snd_wnd":	3143552,
					"rtt":	159450,
					"rttvar":	340,
					"pmtu":	1500,
					"omitted":	false,
					"sender":	true
				}],
			"sum":	{
				"start":	1.000107,
				"end":	2.000086,
				"seconds":	0.999979019165039,
				"bytes":	11796480,
				"bits_per_second":	94373820.0415429,
				"retransmits":	0,
				"omitted":	false,
				"sender":	true
			}
		}, {
			"streams":	[{
					"socket":	6,
					"start":	2.000086,
					"end":	3.000086,
					"seconds":	1,
					"bytes":	11796480,
					"bits_per_second":	94371840,
					"retransmits":	0,
					"snd_cwnd":	2551376,
					"snd_wnd":	3143552,
					"rtt":	205235,
					"rttvar":	490,
					"pmtu":	1500,
					"omitted":	false,
					"sender":	true
				}],
			"sum":	{
				"start":	2.000086,
				"end":	3.000086,
				"seconds":	1,
				"bytes":	11796480,
				"bits_per_second":	94371840,
				"retransmits":	0,
				"omitted":	false,
				"sender":	true
			}
		}, {
			"streams":	[{
					"socket":	6,
					"start":	3.000086,
					"end":	4.000085,
					"seconds":	0.99999898672103882,
					"bytes":	11796480,
					"bits_per_second":	94371935.6250969,
					"retransmits":	0,
					"snd_cwnd":	3143608,
					"snd_wnd":	3143552,
					"rtt":	243182,
					"rttvar":	7712,
					"pmtu":	1500,
					"omitted":	false,
					"sender":	true
				}],
			"sum":	{
				"start":	3.000086,
				"end":	4.000085,
				"seconds":	0.99999898672103882,
				"bytes":	11796480,
				"bits_per_second":	94371935.6250969,
				"retransmits":	0,
				"omitted":	false,
				"sender":	true
			}
		}, {
			"streams":	[{
					"socket":	6,
					"start":	4.000085,
					"end":	5.000087,
					"seconds":	1.0000020265579224,
					"bytes":	11796480,
					"bits_per_second":	94371648.7503876,
					"retransmits":	0,
					"snd_cwnd":	3323160,
					"snd_wnd":	3143552,
					"rtt":	246704,
					"rttvar":	8747,
					"pmtu":	1500,
					"omitted":	false,
					"sender":	true
				}],
			"sum":	{
				"start":	4.000085,
				"end":	5.000087,
				"seconds":	1.0000020265579224,
				"bytes":	11796480,
				"bits_per_second":	94371648.7503876,
				"retransmits":	0,
				"omitted":	false,
				"sender":	true
			}
		}, {
			"streams":	[{
					"socket":	6,
					"start":	5.000087,
					"end":	6.000082,
					"seconds":	0.999994993209839,
					"bytes":	11796480,
					"bits_per_second":	94372312.502365723,
					"retransmits":	0,
					"snd_cwnd":	3323160,
					"snd_wnd":	3143552,
					"rtt":	250721,
					"rttvar":	9665,
					"pmtu":	1500,
					"omitted":	false,
					"sender":	true
				}],
			"sum":	{
				"start":	5.000087,
				"end":	6.000082,
				"seconds":	0.999994993209839,
				"bytes":	11796480,
				"bits_per_second":	94372312.502365723,
				"retransmits":	0,
				"omitted":	false,
				"sender":	true
			}
		}, {
			"streams":	[{
					"socket":	6,
					"start":	6.000082,
					"end":	7.000082,
					"seconds":	1,
					"bytes":	11796480,
					"bits_per_second":	94371840,
					"retransmits":	0,
					"snd_cwnd":	3323160,
					"snd_wnd":	3143552,
					"rtt":	256498,
					"rttvar":	9528,
					"pmtu":	1500,
					"omitted":	false,
					"sender":	true
				}],
			"sum":	{
				"start":	6.000082,
				"end":	7.000082,
				"seconds":	1,
				"bytes":	11796480,
				"bits_per_second":	94371840,
				"retransmits":	0,
				"omitted":	false,
				"sender":	true
			}
		}, {
			"streams":	[{
					"socket":	6,
					"start":	7.000082,
					"end":	8.000091,
					"seconds":	1.0000089406967163,
					"bytes":	11796480,
					"bits_per_second":	94370996.257543638,
					"retransmits":	0,
					"snd_cwnd":	3323160,
					"snd_wnd":	3143552,
					"rtt":	260235,
					"rttvar":	6415,
					"pmtu":	1500,
					"omitted":	false,
					"sender":	true
				}],
			"sum":	{
				"start":	7.000082,
				"end":	8.000091,
				"seconds":	1.0000089406967163,
				"bytes":	11796480,
				"bits_per_second":	94370996.257543638,
				"retransmits":	0,
				"omitted":	false,
				"sender":	true
			}
		}, {
			"streams":	[{
					"socket":	6,
					"start":	8.000091,
					"end":	9.000102,
					"seconds":	1.0000109672546387,
					"bytes":	11796480,
					"bits_per_second":	94370805.011351,
					"retransmits":	0,
					"snd_cwnd":	3323160,
					"snd_wnd":	3143552,
					"rtt":	262144,
					"rttvar":	3234,
					"pmtu":	1500,
					"omitted":	false,
					"sender":	true
				}],
			"sum":	{
				"start":	8.000091,
				"end":	9.000102,
				"seconds":	1.0000109672546387,
				"bytes":	11796480,
				"bits_per_second":	94370805.011351,
				"retransmits":	0,
				"omitted":	false,
				"sender":	true
			}
		}, {
			"streams":	[{
					"socket":	6,
					"start":	9.000102,
					"end":	10.000108,
					"seconds":	1.0000059604644775,
					"bytes":	11796480,
					"bits_per_second":	94371277.503352746,
					"retransmits":	0,
					"snd_cwnd":	3323160,
					"snd_wnd":	3143552,
					"rtt":	263207,
					"rttvar":	1533,
					"pmtu":	1500,
					"omitted":	false,
					"sender":	true
				}],
			"sum":	{
				"start":	9.000102,
				"end":	10.000108,
				"seconds":	1.0000059604644775,
				"bytes":	11796480,
				"bits_per_second":	94371277.503352746,
				"retransmits":	0,
				"omitted":	false,
				"sender":	true
			}
		}, {
			"streams":	[{
					"socket":	6,
					"start":	10.000108,
					"end":	11.000118,
					"seconds":	1.0000100135803223,
					"bytes":	11796480,
					"bits_per_second":	94370895.009462744,
					"retransmits":	0,
					"snd_cwnd":	3323160,
					"snd_wnd":	3143552,
					"rtt":	264435,
					"rttvar":	382,
					"pmtu":	1500,
					"omitted":	false,
					"sender":	true
				}],
			"sum":	{
				"start":	10.000108,
				"end":	11.000118,
				"seconds":	1.0000100135803223,
				"bytes":	11796480,
				"bits_per_second":	94370895.009462744,
				"retransmits":	0,
				"omitted":	false,
				"sender":	true
			}
		}, {
			"streams":	[{
					"socket":	6,
					"start":	11.000118,
					"end":	12.000123,
					"seconds":	1.0000050067901611,
					"bytes":	11796480,
					"bits_per_second":	94371367.5023657,
					"retransmits":	0,
					"snd_cwnd":	3323160,
					"snd_wnd":	3143552,
					"rtt":	264647,
					"rttvar":	389,
					"pmtu":	1500,
					"omitted":	false,
					"sender":	true
				}],
			"sum":	{
				"start":	11.000118,
				"end":	12.000123,
				"seconds":	1.0000050067901611,
				"bytes":	11796480,
				"bits_per_second":	94371367.5023657,
				"retransmits":	0,
				"omitted":	false,
				"sender":	true
			}
		}, {
			"streams":	[{
					"socket":	6,
					"start":	12.000123,
					"end":	13.000127,
					"seconds":	1.0000040531158447,
					"bytes":	11796480,
					"bits_per_second":	94371457.5015503,
					"retransmits":	0,
					"snd_cwnd":	3323160,
					"snd_wnd":	3143552,
					"rtt":	264827,
					"rttvar":	256,
					"pmtu":	1500,
					"omitted":	false,
					"sender":	true
				}],
			"sum":	{
				"start":	12.000123,
				"end":	13.000127,
				"seconds":	1.0000040531158447,
				"bytes":	11796480,
				"bits_per_second":	94371457.5015503,
				"retransmits":	0,
				"omitted":	false,
				"sender":	true
			}
		}, {
			"streams":	[{
					"socket":	6,
					"start":	13.000127,
					"end":	14.000128,
					"seconds":	1.0000009536743164,
					"bytes":	11796480,
					"bits_per_second":	94371750.000085831,
					"retransmits":	0,
					"snd_cwnd":	3323160,
					"snd_wnd":	3143552,
					"rtt":	264879,
					"rttvar":	306,
					"pmtu":	1500,
					"omitted":	false,
					"sender":	true
				}],
			"sum":	{
				"start":	13.000127,
				"end":	14.000128,
				"seconds":	1.0000009536743164,
				"bytes":	11796480,
				"bits_per_second":	94371750.000085831,
				"retransmits":	0,
				"omitted":	false,
				"sender":	true
			}
		}, {
			"streams":	[{
					"socket":	6,
					"start":	14.000128,
					"end":	15.000132,
					"seconds":	1.0000040531158447,
					"bytes":	11796480,
					"bits_per_second":	94371457.5015503,
					"retransmits":	0,
					"snd_cwnd":	3323160,
					"snd_wnd":	3143552,
					"rtt":	265690,
					"rttvar":	149,
					"pmtu":	1500,
					"omitted":	false,
					"sender":	true
				}],
			"sum":	{
				"start":	14.000128,
				"end":	15.000132,
				"seconds":	1.0000040531158447,
				"bytes":	11796480,
				"bits_per_second":	94371457.5015503,
				"retransmits":	0,
				"omitted":	false,
				"sender":	true
			}
		}, {
			"streams":	[{
					"socket":	6,
					"start":	15.000132,
					"end":	16.000131,
					"seconds":	0.99999898672103882,
					"bytes":	11796480,
					"bits_per_second":	94371935.6250969,
					"retransmits":	0,
					"snd_cwnd":	3323160,
					"snd_wnd":	3143552,
					"rtt":	265945,
					"rttvar":	284,
					"pmtu":	1500,
					"omitted":	false,
					"sender":	true
				}],
			"sum":	{
				"start":	15.000132,
				"end":	16.000131,
				"seconds":	0.99999898672103882,
				"bytes":	11796480,
				"bits_per_second":	94371935.6250969,
				"retransmits":	0,
				"omitted":	false,
				"sender":	true
			}
		}, {
			"streams":	[{
					"socket":	6,
					"start":	16.000131,
					"end":	17.000147,
					"seconds":	1.0000159740448,
					"bytes":	11796480,
					"bits_per_second":	94370332.5240805,
					"retransmits":	0,
					"snd_cwnd":	3323160,
					"snd_wnd":	3143552,
					"rtt":	266210,
					"rttvar":	341,
					"pmtu":	1500,
					"omitted":	false,
					"sender":	true
				}],
			"sum":	{
				"start":	16.000131,
				"end":	17.000147,
				"seconds":	1.0000159740448,
				"bytes":	11796480,
				"bits_per_second":	94370332.5240805,
				"retransmits":	0,
				"omitted":	false,
				"sender":	true
			}
		}, {
			"streams":	[{
					"socket":	6,
					"start":	17.000147,
					"end":	18.000356,
					"seconds":	1.0002089738845825,
					"bytes":	11796480,
					"bits_per_second":	94352122.870365173,
					"retransmits":	0,
					"snd_cwnd":	3323160,
					"snd_wnd":	3143552,
					"rtt":	266818,
					"rttvar":	421,
					"pmtu":	1500,
					"omitted":	false,
					"sender":	true
				}],
			"sum":	{
				"start":	17.000147,
				"end":	18.000356,
				"seconds":	1.0002089738845825,
				"bytes":	11796480,
				"bits_per_second":	94352122.870365173,
				"retransmits":	0,
				"omitted":	false,
				"sender":	true
			}
		}, {
			"streams":	[{
					"socket":	6,
					"start":	18.000356,
					"end":	19.000149,
					"seconds":	0.999792993068695,
					"bytes":	11796480,
					"bits_per_second":	94391379.6698471,
					"retransmits":	0,
					"snd_cwnd":	3323160,
					"snd_wnd":	3143552,
					"rtt":	266699,
					"rttvar":	480,
					"pmtu":	1500,
					"omitted":	false,
					"sender":	true
				}],
			"sum":	{
				"start":	18.000356,
				"end":	19.000149,
				"seconds":	0.999792993068695,
				"bytes":	11796480,
				"bits_per_second":	94391379.6698471,
				"retransmits":	0,
				"omitted":	false,
				"sender":	true
			}
		}, {
			"streams":	[{
					"socket":	6,
					"start":	19.000149,
					"end":	20.000142,
					"seconds":	0.99999302625656128,
					"bytes":	11796480,
					"bits_per_second":	94372498.129589632,
					"retransmits":	0,
					"snd_cwnd":	3323160,
					"snd_wnd":	3143552,
					"rtt":	267329,
					"rttvar":	519,
					"pmtu":	1500,
					"omitted":	false,
					"sender":	true
				}],
			"sum":	{
				"start":	19.000149,
				"end":	20.000142,
				"seconds":	0.99999302625656128,
				"bytes":	11796480,
				"bits_per_second":	94372498.129589632,
				"retransmits":	0,
				"omitted":	false,
				"sender":	true
			}
		}, {
			"streams":	[{
					"socket":	6,
					"start":	20.000142,
					"end":	21.000134,
					"seconds":	0.9999920129776,
					"bytes":	11796480,
					"bits_per_second":	94372593.756020263,
					"retransmits":	0,
					"snd_cwnd":	3323160,
					"snd_wnd":	3143552,
					"rtt":	268266,
					"rttvar":	1473,
					"pmtu":	1500,
					"omitted":	false,
					"sender":	true
				}],
			"sum":	{
				"start":	20.000142,
				"end":	21.000134,
				"seconds":	0.9999920129776,
				"bytes":	11796480,
				"bits_per_second":	94372593.756020263,
				"retransmits":	0,
				"omitted":	false,
				"sender":	true
			}
		}, {
			"streams":	[{
					"socket":	6,
					"start":	21.000134,
					"end":	22.000109,
					"seconds":	0.999975025653839,
					"bytes":	11796480,
					"bits_per_second":	94374196.9338629,
					"retransmits":	0,
					"snd_cwnd":	3323160,
					"snd_wnd":	3143552,
					"rtt":	267106,
					"rttvar":	3002,
					"pmtu":	1500,
					"omitted":	false,
					"sender":	true
				}],
			"sum":	{
				"start":	21.000134,
				"end":	22.000109,
				"seconds":	0.999975025653839,
				"bytes":	11796480,
				"bits_per_second":	94374196.9338629,
				"retransmits":	0,
				"omitted":	false,
				"sender":	true
			}
		}, {
			"streams":	[{
					"socket":	6,
					"start":	22.000109,
					"end":	23.000083,
					"seconds":	0.999974012374878,
					"bytes":	11796480,
					"bits_per_second":	94374292.5637363,
					"retransmits":	0,
					"snd_cwnd":	3323160,
					"snd_wnd":	3143552,
					"rtt":	264693,
					"rttvar":	6476,
					"pmtu":	1500,
					"omitted":	false,
					"sender":	true
				}],
			"sum":	{
				"start":	22.000109,
				"end":	23.000083,
				"seconds":	0.999974012374878,
				"bytes":	11796480,
				"bits_per_second":	94374292.5637363,
				"retransmits":	0,
				"omitted":	false,
				"sender":	true
			}
		}, {
			"streams":	[{
					"socket":	6,
					"start":	23.000083,
					"end":	24.000099,
					"seconds":	1.0000159740448,
					"bytes":	11796480,
					"bits_per_second":	94370332.5240805,
					"retransmits":	0,
					"snd_cwnd":	3323160,
					"snd_wnd":	3143552,
					"rtt":	249326,
					"rttvar":	8743,
					"pmtu":	1500,
					"omitted":	false,
					"sender":	true
				}],
			"sum":	{
				"start":	23.000083,
				"end":	24.000099,
				"seconds":	1.0000159740448,
				"bytes":	11796480,
				"bits_per_second":	94370332.5240805,
				"retransmits":	0,
				"omitted":	false,
				"sender":	true
			}
		}, {
			"streams":	[{
					"socket":	6,
					"start":	24.000099,
					"end":	25.000084,
					"seconds":	0.9999849796295166,
					"bytes":	11796480,
					"bits_per_second":	94373257.5212917,
					"retransmits":	0,
					"snd_cwnd":	3323160,
					"snd_wnd":	3143552,
					"rtt":	238075,
					"rttvar":	3565,
					"pmtu":	1500,
					"omitted":	false,
					"sender":	true
				}],
			"sum":	{
				"start":	24.000099,
				"end":	25.000084,
				"seconds":	0.9999849796295166,
				"bytes":	11796480,
				"bits_per_second":	94373257.5212917,
				"retransmits":	0,
				"omitted":	false,
				"sender":	true
			}
		}, {
			"streams":	[{
					"socket":	6,
					"start":	25.000084,
					"end":	26.000143,
					"seconds":	1.0000590085983276,
					"bytes":	10485760,
					"bits_per_second":	83881130.2920753,
					"retransmits":	0,
					"snd_cwnd":	3323160,
					"snd_wnd":	3143552,
					"rtt":	251181,
					"rttvar":	4345,
					"pmtu":	1500,
					"omitted":	false,
					"sender":	true
				}],
			"sum":	{
				"start":	25.000084,
				"end":	26.000143,
				"seconds":	1.0000590085983276,
				"bytes":	10485760,
				"bits_per_second":	83881130.2920753,
				"retransmits":	0,
				"omitted":	false,
				"sender":	true
			}
		}, {
			"streams":	[{
					"socket":	6,
					"start":	26.000143,
					"end":	27.000454,
					"seconds":	1.000311017036438,
					"bytes":	11796480,
					"bits_per_second":	94342497.875900477,
					"retransmits":	0,
					"snd_cwnd":	3323160,
					"snd_wnd":	3143552,
					"rtt":	272900,
					"rttvar":	281,
					"pmtu":	1500,
					"omitted":	false,
					"sender":	true
				}],
			"sum":	{
				"start":	26.000143,
				"end":	27.000454,
				"seconds":	1.000311017036438,
				"bytes":	11796480,
				"bits_per_second":	94342497.875900477,
				"retransmits":	0,
				"omitted":	false,
				"sender":	true
			}
		}, {
			"streams":	[{
					"socket":	6,
					"start":	27.000454,
					"end":	28.000101,
					"seconds":	0.99964702129364,
					"bytes":	11796480,
					"bits_per_second":	94405163.0123138,
					"retransmits":	0,
					"snd_cwnd":	3323160,
					"snd_wnd":	3143552,
					"rtt":	273473,
					"rttvar":	1594,
					"pmtu":	1500,
					"omitted":	false,
					"sender":	true
				}],
			"sum":	{
				"start":	27.000454,
				"end":	28.000101,
				"seconds":	0.99964702129364,
				"bytes":	11796480,
				"bits_per_second":	94405163.0123138,
				"retransmits":	0,
				"omitted":	false,
				"sender":	true
			}
		}, {
			"streams":	[{
					"socket":	6,
					"start":	28.000101,
					"end":	29.000105,
					"seconds":	1.0000040531158447,
					"bytes":	11796480,
					"bits_per_second":	94371457.5015503,
					"retransmits":	0,
					"snd_cwnd":	3323160,
					"snd_wnd":	3143552,
					"rtt":	253465,
					"rttvar":	7403,
					"pmtu":	1500,
					"omitted":	false,
					"sender":	true
				}],
			"sum":	{
				"start":	28.000101,
				"end":	29.000105,
				"seconds":	1.0000040531158447,
				"bytes":	11796480,
				"bits_per_second":	94371457.5015503,
				"retransmits":	0,
				"omitted":	false,
				"sender":	true
			}
		}, {
			"streams":	[{
					"socket":	6,
					"start":	29.000105,
					"end":	30.000162,
					"seconds":	1.0000569820404053,
					"bytes":	10485760,
					"bits_per_second":	83881300.272358641,
					"retransmits":	0,
					"snd_cwnd":	3323160,
					"snd_wnd":	3143552,
					"rtt":	277822,
					"rttvar":	171,
					"pmtu":	1500,
					"omitted":	false,
					"sender":	true
				}],
			"sum":	{
				"start":	29.000105,
				"end":	30.000162,
				"seconds":	1.0000569820404053,
				"bytes":	10485760,
				"bits_per_second":	83881300.272358641,
				"retransmits":	0,
				"omitted":	false,
				"sender":	true
			}
		}, {
			"streams":	[{
					"socket":	6,
					"start":	30.000162,
					"end":	31.000094,
					"seconds":	0.99993199110031128,
					"bytes":	11796480,
					"bits_per_second":	94378258.5615193,
					"retransmits":	0,
					"snd_cwnd":	3323160,
					"snd_wnd":	3143552,
					"rtt":	273268,
					"rttvar":	3360,
					"pmtu":	1500,
					"omitted":	false,
					"sender":	true
				}],
			"sum":	{
				"start":	30.000162,
				"end":	31.000094,
				"seconds":	0.99993199110031128,
				"bytes":	11796480,
				"bits_per_second":	94378258.5615193,
				"retransmits":	0,
				"omitted":	false,
				"sender":	true
			}
		}, {
			"streams":	[{
					"socket":	6,
					"start":	31.000094,
					"end":	32.000089,
					"seconds":	0.999994993209839,
					"bytes":	11796480,
					"bits_per_second":	94372312.502365723,
					"retransmits":	0,
					"snd_cwnd":	3323160,
					"snd_wnd":	3143552,
					"rtt":	247564,
					"rttvar":	7210,
					"pmtu":	1500,
					"omitted":	false,
					"sender":	true
				}],
			"sum":	{
				"start":	31.000094,
				"end":	32.000089,
				"seconds":	0.999994993209839,
				"bytes":	11796480,
				"bits_per_second":	94372312.502365723,
				"retransmits":	0,
				"omitted":	false,
				"sender":	true
			}
		}, {
			"streams":	[{
					"socket":	6,
					"start":	32.000089,
					"end":	33.000096,
					"seconds":	1.0000070333480835,
					"bytes":	10485760,
					"bits_per_second":	83885490.004149646,
					"retransmits":	0,
					"snd_cwnd":	3323160,
					"snd_wnd":	3143552,
					"rtt":	280044,
					"rttvar":	2742,
					"pmtu":	1500,
					"omitted":	false,
					"sender":	true
				}],
			"sum":	{
				"start":	32.000089,
				"end":	33.000096,
				"seconds":	1.0000070333480835,
				"bytes":	10485760,
				"bits_per_second":	83885490.004149646,
				"retransmits":	0,
				"omitted":	false,
				"sender":	true
			}
		}, {
			"streams":	[{
					"socket":	6,
					"start":	33.000096,
					"end":	34.000145,
					"seconds":	1.0000489950180054,
					"bytes":	10485760,
					"bits_per_second":	83881970.201359659,
					"retransmits":	0,
					"snd_cwnd":	3323160,
					"snd_wnd":	3143552,
					"rtt":	284060,
					"rttvar":	264,
					"pmtu":	1500,
					"omitted":	false,
					"sender":	true
				}],
			"sum":	{
				"start":	33.000096,
				"end":	34.000145,
				"seconds":	1.0000489950180054,
				"bytes":	10485760,
				"bits_per_second":	83881970.201359659,
				"retransmits":	0,
				"omitted":	false,
				"sender":	true
			}
		}, {
			"streams":	[{
					"socket":	6,
					"start":	34.000145,
					"end":	35.000111,
					"seconds":	0.999966025352478,
					"bytes":	11796480,
					"bits_per_second":	94375046.3589349,
					"retransmits":	0,
					"snd_cwnd":	3323160,
					"snd_wnd":	3143552,
					"rtt":	267222,
					"rttvar":	7888,
					"pmtu":	1500,
					"omitted":	false,
					"sender":	true
				}],
			"sum":	{
				"start":	34.000145,
				"end":	35.000111,
				"seconds":	0.999966025352478,
				"bytes":	11796480,
				"bits_per_second":	94375046.3589349,
				"retransmits":	0,
				"omitted":	false,
				"sender":	true
			}
		}, {
			"streams":	[{
					"socket":	6,
					"start":	35.000111,
					"end":	36.000129,
					"seconds":	1.0000180006027222,
					"bytes":	10485760,
					"bits_per_second":	83884570.0271804,
					"retransmits":	0,
					"snd_cwnd":	3323160,
					"snd_wnd":	3143552,
					"rtt":	287400,
					"rttvar":	1948,
					"pmtu":	1500,
					"omitted":	false,
					"sender":	true
				}],
			"sum":	{
				"start":	35.000111,
				"end":	36.000129,
				"seconds":	1.0000180006027222,
				"bytes":	10485760,
				"bits_per_second":	83884570.0271804,
				"retransmits":	0,
				"omitted":	false,
				"sender":	true
			}
		}, {
			"streams":	[{
					"socket":	6,
					"start":	36.000129,
					"end":	37.000324,
					"seconds":	1.0001950263977051,
					"bytes":	11796480,
					"bits_per_second":	94353438.588760942,
					"retransmits":	0,
					"snd_cwnd":	3323160,
					"snd_wnd":	3143552,
					"rtt":	231828,
					"rttvar":	3737,
					"pmtu":	1500,
					"omitted":	false,
					"sender":	true
				}],
			"sum":	{
				"start":	36.000129,
				"end":	37.000324,
				"seconds":	1.0001950263977051,
				"bytes":	11796480,
				"bits_per_second":	94353438.588760942,
				"retransmits":	0,
				"omitted":	false,
				"sender":	true
			}
		}, {
			"streams":	[{
					"socket":	6,
					"start":	37.000324,
					"end":	38.000113,
					"seconds":	0.999788999557495,
					"bytes":	10485760,
					"bits_per_second":	83903783.735496029,
					"retransmits":	0,
					"snd_cwnd":	3323160,
					"snd_wnd":	3143552,
					"rtt":	284458,
					"rttvar":	8423,
					"pmtu":	1500,
					"omitted":	false,
					"sender":	true
				}],
			"sum":	{
				"start":	37.000324,
				"end":	38.000113,
				"seconds":	0.999788999557495,
				"bytes":	10485760,
				"bits_per_second":	83903783.735496029,
				"retransmits":	0,
				"omitted":	false,
				"sender":	true
			}
		}, {
			"streams":	[{
					"socket":	6,
					"start":	38.000113,
					"end":	39.000113,
					"seconds":	1,
					"bytes":	10485760,
					"bits_per_second":	83886080,
					"retransmits":	0,
					"snd_cwnd":	3323160,
					"snd_wnd":	3143552,
					"rtt":	285664,
					"rttvar":	8354,
					"pmtu":	1500,
					"omitted":	false,
					"sender":	true
				}],
			"sum":	{
				"start":	38.000113,
				"end":	39.000113,
				"seconds":	1,
				"bytes":	10485760,
				"bits_per_second":	83886080,
				"retransmits":	0,
				"omitted":	false,
				"sender":	true
			}
		}, {
			"streams":	[{
					"socket":	6,
					"start":	39.000113,
					"end":	40.00009,
					"seconds":	0.9999769926071167,
					"bytes":	10485760,
					"bits_per_second":	83888010.0444053,
					"retransmits":	0,
					"snd_cwnd":	3323160,
					"snd_wnd":	3143552,
					"rtt":	278651,
					"rttvar":	7617,
					"pmtu":	1500,
					"omitted":	false,
					"sender":	true
				}],
			"sum":	{
				"start":	39.000113,
				"end":	40.00009,
				"seconds":	0.9999769926071167,
				"bytes":	10485760,
				"bits_per_second":	83888010.0444053,
				"retransmits":	0,
				"omitted":	false,
				"sender":	true
			}
		}, {
			"streams":	[{
					"socket":	6,
					"start":	40.00009,
					"end":	41.000073,
					"seconds":	0.999983012676239,
					"bytes":	10485760,
					"bits_per_second":	83887505.024207354,
					"retransmits":	0,
					"snd_cwnd":	3323160,
					"snd_wnd":	3143552,
					"rtt":	274826,
					"rttvar":	7777,
					"pmtu":	1500,
					"omitted":	false,
					"sender":	true
				}],
			"sum":	{
				"start":	40.00009,
				"end":	41.000073,
				"seconds":	0.999983012676239,
				"bytes":	10485760,
				"bits_per_second":	83887505.024207354,
				"retransmits":	0,
				"omitted":	false,
				"sender":	true
			}
		}, {
			"streams":	[{
					"socket":	6,
					"start":	41.000073,
					"end":	42.000159,
					"seconds":	1.0000859498977661,
					"bytes":	9175040,
					"bits_per_second":	73394011.7921898,
					"retransmits":	0,
					"snd_cwnd":	3323160,
					"snd_wnd":	3143552,
					"rtt":	312358,
					"rttvar":	1405,
					"pmtu":	1500,
					"omitted":	false,
					"sender":	true
				}],
			"sum":	{
				"start":	41.000073,
				"end":	42.000159,
				"seconds":	1.0000859498977661,
				"bytes":	9175040,
				"bits_per_second":	73394011.7921898,
				"retransmits":	0,
				"omitted":	false,
				"sender":	true
			}
		}, {
			"streams":	[{
					"socket":	6,
					"start":	42.000159,
					"end":	43.000086,
					"seconds":	0.99992698431015,
					"bytes":	10485760,
					"bits_per_second":	83892205.447253764,
					"retransmits":	0,
					"snd_cwnd":	3323160,
					"snd_wnd":	3143552,
					"rtt":	295550,
					"rttvar":	7985,
					"pmtu":	1500,
					"omitted":	false,
					"sender":	true
				}],
			"sum":	{
				"start":	42.000159,
				"end":	43.000086,
				"seconds":	0.99992698431015,
				"bytes":	10485760,
				"bits_per_second":	83892205.447253764,
				"retransmits":	0,
				"omitted":	false,
				"sender":	true
			}
		}, {
			"streams":	[{
					"socket":	6,
					"start":	43.000086,
					"end":	44.000131,
					"seconds":	1.0000449419021606,
					"bytes":	9175040,
					"bits_per_second":	73397021.398245439,
					"retransmits":	0,
					"snd_cwnd":	3323160,
					"snd_wnd":	3143552,
					"rtt":	322490,
					"rttvar":	1500,
					"pmtu":	1500,
					"omitted":	false,
					"sender":	true
				}],
			"sum":	{
				"start":	43.000086,
				"end":	44.000131,
				"seconds":	1.0000449419021606,
				"bytes":	9175040,
				"bits_per_second":	73397021.398245439,
				"retransmits":	0,
				"omitted":	false,
				"sender":	true
			}
		}, {
			"streams":	[{
					"socket":	6,
					"start":	44.000131,
					"end":	45.00018,
					"seconds":	1.0000489950180054,
					"bytes":	9175040,
					"bits_per_second":	73396723.9261897,
					"retransmits":	0,
					"snd_cwnd":	3323160,
					"snd_wnd":	3143552,
					"rtt":	285851,
					"rttvar":	7846,
					"pmtu":	1500,
					"omitted":	false,
					"sender":	true
				}],
			"sum":	{
				"start":	44.000131,
				"end":	45.00018,
				"seconds":	1.0000489950180054,
				"bytes":	9175040,
				"bits_per_second":	73396723.9261897,
				"retransmits":	0,
				"omitted":	false,
				"sender":	true
			}
		}, {
			"streams":	[{
					"socket":	6,
					"start":	45.00018,
					"end":	46.000078,
					"seconds":	0.99989801645278931,
					"bytes":	10485760,
					"bits_per_second":	83894635.872558236,
					"retransmits":	0,
					"snd_cwnd":	3323160,
					"snd_wnd":	3143552,
					"rtt":	292401,
					"rttvar":	2862,
					"pmtu":	1500,
					"omitted":	false,
					"sender":	true
				}],
			"sum":	{
				"start":	45.00018,
				"end":	46.000078,
				"seconds":	0.99989801645278931,
				"bytes":	10485760,
				"bits_per_second":	83894635.872558236,
				"retransmits":	0,
				"omitted":	false,
				"sender":	true
			}
		}, {
			"streams":	[{
					"socket":	6,
					"start":	46.000078,
					"end":	47.000099,
					"seconds":	1.0000209808349609,
					"bytes":	9175040,
					"bits_per_second":	73398780.0323098,
					"retransmits":	0,
					"snd_cwnd":	3323160,
					"snd_wnd":	3143552,
					"rtt":	299498,
					"rttvar":	2861,
					"pmtu":	1500,
					"omitted":	false,
					"sender":	true
				}],
			"sum":	{
				"start":	46.000078,
				"end":	47.000099,
				"seconds":	1.0000209808349609,
				"bytes":	9175040,
				"bits_per_second":	73398780.0323098,
				"retransmits":	0,
				"omitted":	false,
				"sender":	true
			}
		}, {
			"streams":	[{
					"socket":	6,
					"start":	47.000099,
					"end":	48.00011,
					"seconds":	1.0000109672546387,
					"bytes":	10485760,
					"bits_per_second":	83885160.01008977,
					"retransmits":	0,
					"snd_cwnd":	3323160,
					"snd_wnd":	3143552,
					"rtt":	258170,
					"rttvar":	5816,
					"pmtu":	1500,
					"omitted":	false,
					"sender":	true
				}],
			"sum":	{
				"start":	47.000099,
				"end":	48.00011,
				"seconds":	1.0000109672546387,
				"bytes":	10485760,
				"bits_per_second":	83885160.01008977,
				"retransmits":	0,
				"omitted":	false,
				"sender":	true
			}
		}, {
			"streams":	[{
					"socket":	6,
					"start":	48.00011,
					"end":	49.000152,
					"seconds":	1.0000419616699219,
					"bytes":	7864320,
					"bits_per_second":	62911920.110774159,
					"retransmits":	0,
					"snd_cwnd":	3323160,
					"snd_wnd":	3143552,
					"rtt":	358002,
					"rttvar":	292,
					"pmtu":	1500,
					"omitted":	false,
					"sender":	true
				}],
			"sum":	{
				"start":	48.00011,
				"end":	49.000152,
				"seconds":	1.0000419616699219,
				"bytes":	7864320,
				"bits_per_second":	62911920.110774159,
				"retransmits":	0,
				"omitted":	false,
				"sender":	true
			}
		}, {
			"streams":	[{
					"socket":	6,
					"start":	49.000152,
					"end":	50.000089,
					"seconds":	0.99993699789047241,
					"bytes":	9175040,
					"bits_per_second":	73404944.666363731,
					"retransmits":	0,
					"snd_cwnd":	3323160,
					"snd_wnd":	3143808,
					"rtt":	354000,
					"rttvar":	4707,
					"pmtu":	1500,
					"omitted":	false,
					"sender":	true
				}],
			"sum":	{
				"start":	49.000152,
				"end":	50.000089,
				"seconds":	0.99993699789047241,
				"bytes":	9175040,
				"bits_per_second":	73404944.666363731,
				"retransmits":	0,
				"omitted":	false,
				"sender":	true
			}
		}, {
			"streams":	[{
					"socket":	6,
					"start":	50.000089,
					"end":	51.000148,
					"seconds":	1.0000590085983276,
					"bytes":	7864320,
					"bits_per_second":	62910847.7190565,
					"retransmits":	0,
					"snd_cwnd":	3323160,
					"snd_wnd":	3143808,
					"rtt":	363322,
					"rttvar":	1046,
					"pmtu":	1500,
					"omitted":	false,
					"sender":	true
				}],
			"sum":	{
				"start":	50.000089,
				"end":	51.000148,
				"seconds":	1.0000590085983276,
				"bytes":	7864320,
				"bits_per_second":	62910847.7190565,
				"retransmits":	0,
				"omitted":	false,
				"sender":	true
			}
		}, {
			"streams":	[{
					"socket":	6,
					"start":	51.000148,
					"end":	52.000175,
					"seconds":	1.0000269412994385,
					"bytes":	7864320,
					"bits_per_second":	62912865.045664273,
					"retransmits":	0,
					"snd_cwnd":	3323160,
					"snd_wnd":	3143808,
					"rtt":	388139,
					"rttvar":	939,
					"pmtu":	1500,
					"omitted":	false,
					"sender":	true
				}],
			"sum":	{
				"start":	51.000148,
				"end":	52.000175,
				"seconds":	1.0000269412994385,
				"bytes":	7864320,
				"bits_per_second":	62912865.045664273,
				"retransmits":	0,
				"omitted":	false,
				"sender":	true
			}
		}, {
			"streams":	[{
					"socket":	6,
					"start":	52.000175,
					"end":	53.000172,
					"seconds":	0.99999701976776123,
					"bytes":	7864320,
					"bits_per_second":	62914747.5005588,
					"retransmits":	0,
					"snd_cwnd":	3323160,
					"snd_wnd":	3143808,
					"rtt":	388736,
					"rttvar":	1540,
					"pmtu":	1500,
					"omitted":	false,
					"sender":	true
				}],
			"sum":	{
				"start":	52.000175,
				"end":	53.000172,
				"seconds":	0.99999701976776123,
				"bytes":	7864320,
				"bits_per_second":	62914747.5005588,
				"retransmits":	0,
				"omitted":	false,
				"sender":	true
			}
		}, {
			"streams":	[{
					"socket":	6,
					"start":	53.000172,
					"end":	54.000112,
					"seconds":	0.99993997812271118,
					"bytes":	7864320,
					"bits_per_second":	62918336.476671219,
					"retransmits":	0,
					"snd_cwnd":	3323160,
					"snd_wnd":	3143808,
					"rtt":	405410,
					"rttvar":	2302,
					"pmtu":	1500,
					"omitted":	false,
					"sender":	true
				}],
			"sum":	{
				"start":	53.000172,
				"end":	54.000112,
				"seconds":	0.99993997812271118,
				"bytes":	7864320,
				"bits_per_second":	62918336.476671219,
				"retransmits":	0,
				"omitted":	false,
				"sender":	true
			}
		}, {
			"streams":	[{
					"socket":	6,
					"start":	54.000112,
					"end":	55.000081,
					"seconds":	0.9999690055847168,
					"bytes":	7864320,
					"bits_per_second":	62916510.06044098,
					"retransmits":	0,
					"snd_cwnd":	3323160,
					"snd_wnd":	3143808,
					"rtt":	367810,
					"rttvar":	2729,
					"pmtu":	1500,
					"omitted":	false,
					"sender":	true
				}],
			"sum":	{
				"start":	54.000112,
				"end":	55.000081,
				"seconds":	0.9999690055847168,
				"bytes":	7864320,
				"bits_per_second":	62916510.06044098,
				"retransmits":	0,
				"omitted":	false,
				"sender":	true
			}
		}, {
			"streams":	[{
					"socket":	6,
					"start":	55.000081,
					"end":	56.000086,
					"seconds":	1.0000050067901611,
					"bytes":	6553600,
					"bits_per_second":	52428537.501314275,
					"retransmits":	0,
					"snd_cwnd":	3323160,
					"snd_wnd":	3143808,
					"rtt":	432583,
					"rttvar":	5666,
					"pmtu":	1500,
					"omitted":	false,
					"sender":	true
				}],
			"sum":	{
				"start":	55.000081,
				"end":	56.000086,
				"seconds":	1.0000050067901611,
				"bytes":	6553600,
				"bits_per_second":	52428537.501314275,
				"retransmits":	0,
				"omitted":	false,
				"sender":	true
			}
		}, {
			"streams":	[{
					"socket":	6,
					"start":	56.000086,
					"end":	57.000123,
					"seconds":	1.0000369548797607,
					"bytes":	6553600,
					"bits_per_second":	52426862.571597435,
					"retransmits":	0,
					"snd_cwnd":	3323160,
					"snd_wnd":	3143808,
					"rtt":	450012,
					"rttvar":	2597,
					"pmtu":	1500,
					"omitted":	false,
					"sender":	true
				}],
			"sum":	{
				"start":	56.000086,
				"end":	57.000123,
				"seconds":	1.0000369548797607,
				"bytes":	6553600,
				"bits_per_second":	52426862.571597435,
				"retransmits":	0,
				"omitted":	false,
				"sender":	true
			}
		}, {
			"streams":	[{
					"socket":	6,
					"start":	57.000123,
					"end":	58.000134,
					"seconds":	1.0000109672546387,
					"bytes":	6553600,
					"bits_per_second":	52428225.0063061,
					"retransmits":	0,
					"snd_cwnd":	3323160,
					"snd_wnd":	3143808,
					"rtt":	448637,
					"rttvar":	294,
					"pmtu":	1500,
					"omitted":	false,
					"sender":	true
				}],
			"sum":	{
				"start":	57.000123,
				"end":	58.000134,
				"seconds":	1.0000109672546387,
				"bytes":	6553600,
				"bits_per_second":	52428225.0063061,
				"retransmits":	0,
				"omitted":	false,
				"sender":	true
			}
		}, {
			"streams":	[{
					"socket":	6,
					"start":	58.000134,
					"end":	59.00019,
					"seconds":	1.0000560283660889,
					"bytes":	9175040,
					"bits_per_second":	73396207.730403751,
					"retransmits":	0,
					"snd_cwnd":	3323160,
					"snd_wnd":	3143808,
					"rtt":	346512,
					"rttvar":	4754,
					"pmtu":	1500,
					"omitted":	false,
					"sender":	true
				}],
			"sum":	{
				"start":	58.000134,
				"end":	59.00019,
				"seconds":	1.0000560283660889,
				"bytes":	9175040,
				"bits_per_second":	73396207.730403751,
				"retransmits":	0,
				"omitted":	false,
				"sender":	true
			}
		}, {
			"streams":	[{
					"socket":	6,
					"start":	59.00019,
					"end":	60.000275,
					"seconds":	1.00008499622345,
					"bytes":	6553600,
					"bits_per_second":	52424344.128732227,
					"retransmits":	0,
					"snd_cwnd":	3323160,
					"snd_wnd":	3143808,
					"rtt":	456220,
					"rttvar":	1214,
					"pmtu":	1500,
					"omitted":	false,
					"sender":	true
				}],
			"sum":	{
				"start":	59.00019,
				"end":	60.000275,
				"seconds":	1.00008499622345,
				"bytes":	6553600,
				"bits_per_second":	52424344.128732227,
				"retransmits":	0,
				"omitted":	false,
				"sender":	true
			}
		}],
	"end":	{
		"streams":	[{
				"sender":	{
					"socket":	6,
					"start":	0,
					"end":	60.000275,
					"seconds":	60.000275,
					"bytes":	633208832,
					"bits_per_second":	84427457.307487339,
					"retransmits":	0,
					"max_snd_cwnd":	3323160,
					"max_snd_wnd":	3143808,
					"max_rtt":	456220,
					"min_rtt":	125639,
					"mean_rtt":	289458,
					"sender":	true
				},
				"receiver":	{
					"socket":	6,
					"start":	0,
					"end":	60.385104,
					"seconds":	60.000275,
					"bytes":	633208552,
					"bits_per_second":	83889371.391990975,
					"sender":	true
				}
			}],
		"sum_sent":	{
			"start":	0,
			"end":	60.000275,
			"seconds":	60.000275,
			"bytes":	633208832,
			"bits_per_second":	84427457.307487339,
			"retransmits":	0,
			"sender":	true
		},
		"sum_received":	{
			"start":	0,
			"end":	60.385104,
			"seconds":	60.385104,
			"bytes":	633208552,
			"bits_per_second":	83889371.391990975,
			"sender":	true
		},
		"cpu_utilization_percent":	{
			"host_total":	0.18917403379668379,
			"host_user":	0.0077205730997739466,
			"host_system":	0.18145679283894686,
			"remote_total":	2.0547712112572376,
			"remote_user":	0.13768293270012213,
			"remote_system":	1.9170882785571153
		},
		"sender_tcp_congestion":	"cubic",
		"receiver_tcp_congestion":	"cubic"
	}
}
