{
	"start":	{
		"connected":	[{
				"socket":	6,
				"local_host":	"192.168.101.210",
				"local_port":	37524,
				"remote_host":	"192.168.100.168",
				"remote_port":	5202
			}],
		"version":	"iperf 3.11",
		"system_info":	"Linux f1 6.0.10-300.fc37.x86_64 #1 SMP PREEMPT_DYNAMIC Sat Nov 26 16:55:13 UTC 2022 x86_64",
		"timestamp":	{
			"time":	"Sat, 10 Dec 2022 20:27:54 GMT",
			"timesecs":	1670704074
		},
		"connecting_to":	{
			"host":	"192.168.100.168",
			"port":	5202
		},
		"cookie":	"l5mhqnbcbehwufxmjltmsof24msh5us4msue",
		"tcp_mss_default":	1448,
		"target_bitrate":	0,
		"sock_bufsize":	0,
		"sndbuf_actual":	16384,
		"rcvbuf_actual":	131072,
		"test_start":	{
			"protocol":	"TCP",
			"num_streams":	1,
			"blksize":	131072,
			"omit":	0,
			"duration":	60,
			"bytes":	0,
			"blocks":	0,
			"reverse":	0,
			"tos":	0,
			"target_bitrate":	0
		}
	},
	"intervals":	[{
			"streams":	[{
					"socket":	6,
					"start":	0,
					"end":	1.000159,
					"seconds":	1.0001590251922607,
					"bytes":	1410352,
					"bits_per_second":	11281022.033302257,
					"retransmits":	0,
					"snd_cwnd":	209960,
					"snd_wnd":	342144,
					"rtt":	200176,
					"rttvar":	74,
					"pmtu":	1500,
					"omitted":	false,
					"sender":	true
				}],
			"sum":	{
				"start":	0,
				"end":	1.000159,
				"seconds":	1.0001590251922607,
				"bytes":	1410352,
				"bits_per_second":	11281022.033302257,
				"retransmits":	0,
				"omitted":	false,
				"sender":	true
			}
		}, {
			"streams":	[{
					"socket":	6,
					"start":	1.000159,
					"end":	2.000086,
					"seconds":	0.99992698431015,
					"bytes":	5667536,
					"bits_per_second":	45343598.794146232,
					"retransmits":	0,
					"snd_cwnd":	3286960,
					"snd_wnd":	3141248,
					"rtt":	291127,
					"rttvar":	19310,
					"pmtu":	1500,
					"omitted":	false,
					"sender":	true
				}],
			"sum":	{
				"start":	1.000159,
				"end":	2.000086,
				"seconds":	0.99992698431015,
				"bytes":	5667536,
				"bits_per_second":	45343598.794146232,
				"retransmits":	0,
				"omitted":	false,
				"sender":	true
			}
		}, {
			"streams":	[{
					"socket":	6,
					"start":	2.000086,
					"end":	3.000191,
					"seconds":	1.0001050233840942,
					"bytes":	5242880,
					"bits_per_second":	41938635.462579422,
					"retransmits":	0,
					"snd_cwnd":	3926976,
					"snd_wnd":	3143552,
					"rtt":	477885,
					"rttvar":	9172,
					"pmtu":	1500,
					"omitted":	false,
					"sender":	true
				}],
			"sum":	{
				"start":	2.000086,
				"end":	3.000191,
				"seconds":	1.0001050233840942,
				"bytes":	5242880,
				"bits_per_second":	41938635.462579422,
				"retransmits":	0,
				"omitted":	false,
				"sender":	true
			}
		}, {
			"streams":	[{
					"socket":	6,
					"start":	3.000191,
					"end":	4.000087,
					"seconds":	0.999895989894867,
					"bytes":	6553600,
					"bits_per_second":	52434253.6922391,
					"retransmits":	0,
					"snd_cwnd":	3926976,
					"snd_wnd":	3143552,
					"rtt":	458557,
					"rttvar":	3947,
					"pmtu":	1500,
					"omitted":	false,
					"sender":	true
				}],
			"sum":	{
				"start":	3.000191,
				"end":	4.000087,
				"seconds":	0.999895989894867,
				"bytes":	6553600,
				"bits_per_second":	52434253.6922391,
				"retransmits":	0,
				"omitted":	false,
				"sender":	true
			}
		}, {
			"streams":	[{
					"socket":	6,
					"start":	4.000087,
					"end":	5.000238,
					"seconds":	1.0001510381698608,
					"bytes":	5242880,
					"bits_per_second":	41936705.9566823,
					"retransmits":	0,
					"snd_cwnd":	3926976,
					"snd_wnd":	3143552,
					"rtt":	474800,
					"rttvar":	3847,
					"pmtu":	1500,
					"omitted":	false,
					"sender":	true
				}],
			"sum":	{
				"start":	4.000087,
				"end":	5.000238,
				"seconds":	1.0001510381698608,
				"bytes":	5242880,
				"bits_per_second":	41936705.9566823,
				"retransmits":	0,
				"omitted":	false,
				"sender":	true
			}
		}, {
			"streams":	[{
					"socket":	6,
					"start":	5.000238,
					"end":	6.00012,
					"seconds":	0.99988198280334473,
					"bytes":	6553600,
					"bits_per_second":	52434988.2303176,
					"retransmits":	0,
					"snd_cwnd":	3926976,
					"snd_wnd":	3143552,
					"rtt":	468263,
					"rttvar":	4119,
					"pmtu":	1500,
					"omitted":	false,
					"sender":	true
				}],
			"sum":	{
				"start":	5.000238,
				"end":	6.00012,
				"seconds":	0.99988198280334473,
				"bytes":	6553600,
				"bits_per_second":	52434988.2303176,
				"retransmits":	0,
				"omitted":	false,
				"sender":	true
			}
		}, {
			"streams":	[{
					"socket":	6,
					"start":	6.00012,
					"end":	7.000262,
					"seconds":	1.000141978263855,
					"bytes":	5242880,
					"bits_per_second":	41937085.84536054,
					"retransmits":	0,
					"snd_cwnd":	3926976,
					"snd_wnd":	3143552,
					"rtt":	474660,
					"rttvar":	3852,
					"pmtu":	1500,
					"omitted":	false,
					"sender":	true
				}],
			"sum":	{
				"start":	6.00012,
				"end":	7.000262,
				"seconds":	1.000141978263855,
				"bytes":	5242880,
				"bits_per_second":	41937085.84536054,
				"retransmits":	0,
				"omitted":	false,
				"sender":	true
			}
		}, {
			"streams":	[{
					"socket":	6,
					"start":	7.000262,
					"end":	8.000145,
					"seconds":	0.999882996082306,
					"bytes":	6553600,
					"bits_per_second":	52434935.0928299,
					"retransmits":	0,
					"snd_cwnd":	3926976,
					"snd_wnd":	3143552,
					"rtt":	474786,
					"rttvar":	3855,
					"pmtu":	1500,
					"omitted":	false,
					"sender":	true
				}],
			"sum":	{
				"start":	7.000262,
				"end":	8.000145,
				"seconds":	0.999882996082306,
				"bytes":	6553600,
				"bits_per_second":	52434935.0928299,
				"retransmits":	0,
				"omitted":	false,
				"sender":	true
			}
		}, {
			"streams":	[{
					"socket":	6,
					"start":	8.000145,
					"end":	9.000069,
					"seconds":	0.99992400407791138,
					"bytes":	6553600,
					"bits_per_second":	52432784.677819267,
					"retransmits":	0,
					"snd_cwnd":	3926976,
					"snd_wnd":	3143552,
					"rtt":	445886,
					"rttvar":	2555,
					"pmtu":	1500,
					"omitted":	false,
					"sender":	true
				}],
			"sum":	{
				"start":	8.000145,
				"end":	9.000069,
				"seconds":	0.99992400407791138,
				"bytes":	6553600,
				"bits_per_second":	52432784.677819267,
				"retransmits":	0,
				"omitted":	false,
				"sender":	true
			}
		}, {
			"streams":	[{
					"socket":	6,
					"start":	9.000069,
					"end":	10.000207,
					"seconds":	1.0001380443573,
					"bytes":	5242880,
					"bits_per_second":	41937250.7991665,
					"retransmits":	0,
					"snd_cwnd":	3926976,
					"snd_wnd":	3143552,
					"rtt":	474819,
					"rttvar":	3867,
					"pmtu":	1500,
					"omitted":	false,
					"sender":	true
				}],
			"sum":	{
				"start":	9.000069,
				"end":	10.000207,
				"seconds":	1.0001380443573,
				"bytes":	5242880,
				"bits_per_second":	41937250.7991665,
				"retransmits":	0,
				"omitted":	false,
				"sender":	true
			}
		}, {
			"streams":	[{
					"socket":	6,
					"start":	10.000207,
					"end":	11.000079,
					"seconds":	0.99987202882766724,
					"bytes":	6553600,
					"bits_per_second":	52435510.233716473,
					"retransmits":	0,
					"snd_cwnd":	3926976,
					"snd_wnd":	3143552,
					"rtt":	452654,
					"rttvar":	3498,
					"pmtu":	1500,
					"omitted":	false,
					"sender":	true
				}],
			"sum":	{
				"start":	10.000207,
				"end":	11.000079,
				"seconds":	0.99987202882766724,
				"bytes":	6553600,
				"bits_per_second":	52435510.233716473,
				"retransmits":	0,
				"omitted":	false,
				"sender":	true
			}
		}, {
			"streams":	[{
					"socket":	6,
					"start":	11.000079,
					"end":	12.00032,
					"seconds":	1.0002410411834717,
					"bytes":	5242880,
					"bits_per_second":	41932932.4363391,
					"retransmits":	0,
					"snd_cwnd":	5792,
					"snd_wnd":	3143552,
					"rtt":	447897,
					"rttvar":	7155,
					"pmtu":	1500,
					"omitted":	false,
					"sender":	true
				}],
			"sum":	{
				"start":	11.000079,
				"end":	12.00032,
				"seconds":	1.0002410411834717,
				"bytes":	5242880,
				"bits_per_second":	41932932.4363391,
				"retransmits":	0,
				"omitted":	false,
				"sender":	true
			}
		}, {
			"streams":	[{
					"socket":	6,
					"start":	12.00032,
					"end":	13.000114,
					"seconds":	0.99979400634765625,
					"bytes":	3932160,
					"bits_per_second":	31463761.33511389,
					"retransmits":	0,
					"snd_cwnd":	4317936,
					"snd_wnd":	3143552,
					"rtt":	470240,
					"rttvar":	4053,
					"pmtu":	1500,
					"omitted":	false,
					"sender":	true
				}],
			"sum":	{
				"start":	12.00032,
				"end":	13.000114,
				"seconds":	0.99979400634765625,
				"bytes":	3932160,
				"bits_per_second":	31463761.33511389,
				"retransmits":	0,
				"omitted":	false,
				"sender":	true
			}
		}, {
			"streams":	[{
					"socket":	6,
					"start":	13.000114,
					"end":	14.000234,
					"seconds":	1.0001200437545776,
					"bytes":	5242880,
					"bits_per_second":	41938005.604347758,
					"retransmits":	0,
					"snd_cwnd":	4317936,
					"snd_wnd":	3143552,
					"rtt":	474885,
					"rttvar":	3835,
					"pmtu":	1500,
					"omitted":	false,
					"sender":	true
				}],
			"sum":	{
				"start":	13.000114,
				"end":	14.000234,
				"seconds":	1.0001200437545776,
				"bytes":	5242880,
				"bits_per_second":	41938005.604347758,
				"retransmits":	0,
				"omitted":	false,
				"sender":	true
			}
		}, {
			"streams":	[{
					"socket":	6,
					"start":	14.000234,
					"end":	15.000131,
					"seconds":	0.999897003173828,
					"bytes":	6553600,
					"bits_per_second":	52434200.556240149,
					"retransmits":	0,
					"snd_cwnd":	4317936,
					"snd_wnd":	3143552,
					"rtt":	471840,
					"rttvar":	4110,
					"pmtu":	1500,
					"omitted":	false,
					"sender":	true
				}],
			"sum":	{
				"start":	14.000234,
				"end":	15.000131,
				"seconds":	0.999897003173828,
				"bytes":	6553600,
				"bits_per_second":	52434200.556240149,
				"retransmits":	0,
				"omitted":	false,
				"sender":	true
			}
		}, {
			"streams":	[{
					"socket":	6,
					"start":	15.000131,
					"end":	16.000071,
					"seconds":	0.99993997812271118,
					"bytes":	6553600,
					"bits_per_second":	52431947.063892685,
					"retransmits":	0,
					"snd_cwnd":	4317936,
					"snd_wnd":	3143552,
					"rtt":	454841,
					"rttvar":	7730,
					"pmtu":	1500,
					"omitted":	false,
					"sender":	true
				}],
			"sum":	{
				"start":	15.000131,
				"end":	16.000071,
				"seconds":	0.99993997812271118,
				"bytes":	6553600,
				"bits_per_second":	52431947.063892685,
				"retransmits":	0,
				"omitted":	false,
				"sender":	true
			}
		}, {
			"streams":	[{
					"socket":	6,
					"start":	16.000071,
					"end":	17.000158,
					"seconds":	1.0000870227813721,
					"bytes":	5242880,
					"bits_per_second":	41939390.3176055,
					"retransmits":	0,
					"snd_cwnd":	4317936,
					"snd_wnd":	3143552,
					"rtt":	474793,
					"rttvar":	3846,
					"pmtu":	1500,
					"omitted":	false,
					"sender":	true
				}],
			"sum":	{
				"start":	16.000071,
				"end":	17.000158,
				"seconds":	1.0000870227813721,
				"bytes":	5242880,
				"bits_per_second":	41939390.3176055,
				"retransmits":	0,
				"omitted":	false,
				"sender":	true
			}
		}, {
			"streams":	[{
					"socket":	6,
					"start":	17.000158,
					"end":	18.000074,
					"seconds":	0.99991601705551147,
					"bytes":	6553600,
					"bits_per_second":	52433203.494818464,
					"retransmits":	0,
					"snd_cwnd":	4317936,
					"snd_wnd":	3143552,
					"rtt":	447367,
					"rttvar":	1813,
					"pmtu":	1500,
					"omitted":	false,
					"sender":	true
				}],
			"sum":	{
				"start":	17.000158,
				"end":	18.000074,
				"seconds":	0.99991601705551147,
				"bytes":	6553600,
				"bits_per_second":	52433203.494818464,
				"retransmits":	0,
				"omitted":	false,
				"sender":	true
			}
		}, {
			"streams":	[{
					"socket":	6,
					"start":	18.000074,
					"end":	19.000193,
					"seconds":	1.0001189708709717,
					"bytes":	5242880,
					"bits_per_second":	41938050.593594022,
					"retransmits":	0,
					"snd_cwnd":	4317936,
					"snd_wnd":	3143552,
					"rtt":	470287,
					"rttvar":	4865,
					"pmtu":	1500,
					"omitted":	false,
					"sender":	true
				}],
			"sum":	{
				"start":	18.000074,
				"end":	19.000193,
				"seconds":	1.0001189708709717,
				"bytes":	5242880,
				"bits_per_second":	41938050.593594022,
				"retransmits":	0,
				"omitted":	false,
				"sender":	true
			}
		}, {
			"streams":	[{
					"socket":	6,
					"start":	19.000193,
					"end":	20.000094,
					"seconds":	0.999900996685028,
					"bytes":	6553600,
					"bits_per_second":	52433991.138939962,
					"retransmits":	0,
					"snd_cwnd":	4317936,
					"snd_wnd":	3143552,
					"rtt":	455574,
					"rttvar":	3873,
					"pmtu":	1500,
					"omitted":	false,
					"sender":	true
				}],
			"sum":	{
				"start":	19.000193,
				"end":	20.000094,
				"seconds":	0.999900996685028,
				"bytes":	6553600,
				"bits_per_second":	52433991.138939962,
				"retransmits":	0,
				"omitted":	false,
				"sender":	true
			}
		}, {
			"streams":	[{
					"socket":	6,
					"start":	20.000094,
					"end":	21.000216,
					"seconds":	1.0001219511032104,
					"bytes":	5242880,
					"bits_per_second":	41937925.62370383,
					"retransmits":	0,
					"snd_cwnd":	4317936,
					"snd_wnd":	3143552,
					"rtt":	474831,
					"rttvar":	3858,
					"pmtu":	1500,
					"omitted":	false,
					"sender":	true
				}],
			"sum":	{
				"start":	20.000094,
				"end":	21.000216,
				"seconds":	1.0001219511032104,
				"bytes":	5242880,
				"bits_per_second":	41937925.62370383,
				"retransmits":	0,
				"omitted":	false,
				"sender":	true
			}
		}, {
			"streams":	[{
					"socket":	6,
					"start":	21.000216,
					"end":	22.000112,
					"seconds":	0.999895989894867,
					"bytes":	6553600,
					"bits_per_second":	52434253.6922391,
					"retransmits":	0,
					"snd_cwnd":	4317936,
					"snd_wnd":	3143552,
					"rtt":	465706,
					"rttvar":	4094,
					"pmtu":	1500,
					"omitted":	false,
					"sender":	true
				}],
			"sum":	{
				"start":	21.000216,
				"end":	22.000112,
				"seconds":	0.999895989894867,
				"bytes":	6553600,
				"bits_per_second":	52434253.6922391,
				"retransmits":	0,
				"omitted":	false,
				"sender":	true
			}
		}, {
			"streams":	[{
					"socket":	6,
					"start":	22.000112,
					"end":	23.000573,
					"seconds":	1.0004609823226929,
					"bytes":	3932160,
					"bits_per_second":	31442785.431739744,
					"retransmits":	0,
					"snd_cwnd":	4317936,
					"snd_wnd":	3143552,
					"rtt":	270802,
					"rttvar":	32689,
					"pmtu":	1500,
					"omitted":	false,
					"sender":	true
				}],
			"sum":	{
				"start":	22.000112,
				"end":	23.000573,
				"seconds":	1.0004609823226929,
				"bytes":	3932160,
				"bits_per_second":	31442785.431739744,
				"retransmits":	0,
				"omitted":	false,
				"sender":	true
			}
		}, {
			"streams":	[{
					"socket":	6,
					"start":	23.000573,
					"end":	24.000066,
					"seconds":	0.99949300289154053,
					"bytes":	6553600,
					"bits_per_second":	52455394.733452961,
					"retransmits":	0,
					"snd_cwnd":	4317936,
					"snd_wnd":	3143552,
					"rtt":	472202,
					"rttvar":	5795,
					"pmtu":	1500,
					"omitted":	false,
					"sender":	true
				}],
			"sum":	{
				"start":	23.000573,
				"end":	24.000066,
				"seconds":	0.99949300289154053,
				"bytes":	6553600,
				"bits_per_second":	52455394.733452961,
				"retransmits":	0,
				"omitted":	false,
				"sender":	true
			}
		}, {
			"streams":	[{
					"socket":	6,
					"start":	24.000066,
					"end":	25.000156,
					"seconds":	1.0000900030136108,
					"bytes":	5242880,
					"bits_per_second":	41939265.3397308,
					"retransmits":	0,
					"snd_cwnd":	4317936,
					"snd_wnd":	3143552,
					"rtt":	474843,
					"rttvar":	3859,
					"pmtu":	1500,
					"omitted":	false,
					"sender":	true
				}],
			"sum":	{
				"start":	24.000066,
				"end":	25.000156,
				"seconds":	1.0000900030136108,
				"bytes":	5242880,
				"bits_per_second":	41939265.3397308,
				"retransmits":	0,
				"omitted":	false,
				"sender":	true
			}
		}, {
			"streams":	[{
					"socket":	6,
					"start":	25.000156,
					"end":	26.000067,
					"seconds":	0.99991101026535034,
					"bytes":	6553600,
					"bits_per_second":	52433466.040229686,
					"retransmits":	0,
					"snd_cwnd":	4317936,
					"snd_wnd":	3143552,
					"rtt":	446655,
					"rttvar":	1507,
					"pmtu":	1500,
					"omitted":	false,
					"sender":	true
				}],
			"sum":	{
				"start":	25.000156,
				"end":	26.000067,
				"seconds":	0.99991101026535034,
				"bytes":	6553600,
				"bits_per_second":	52433466.040229686,
				"retransmits":	0,
				"omitted":	false,
				"sender":	true
			}
		}, {
			"streams":	[{
					"socket":	6,
					"start":	26.000067,
					"end":	27.000172,
					"seconds":	1.0001050233840942,
					"bytes":	5242880,
					"bits_per_second":	41938635.462579422,
					"retransmits":	0,
					"snd_cwnd":	4317936,
					"snd_wnd":	3143552,
					"rtt":	470256,
					"rttvar":	4865,
					"pmtu":	1500,
					"omitted":	false,
					"sender":	true
				}],
			"sum":	{
				"start":	26.000067,
				"end":	27.000172,
				"seconds":	1.0001050233840942,
				"bytes":	5242880,
				"bits_per_second":	41938635.462579422,
				"retransmits":	0,
				"omitted":	false,
				"sender":	true
			}
		}, {
			"streams":	[{
					"socket":	6,
					"start":	27.000172,
					"end":	28.000065,
					"seconds":	0.99989300966262817,
					"bytes":	6553600,
					"bits_per_second":	52434409.97521314,
					"retransmits":	0,
					"snd_cwnd":	4317936,
					"snd_wnd":	3143552,
					"rtt":	454570,
					"rttvar":	3763,
					"pmtu":	1500,
					"omitted":	false,
					"sender":	true
				}],
			"sum":	{
				"start":	27.000172,
				"end":	28.000065,
				"seconds":	0.99989300966262817,
				"bytes":	6553600,
				"bits_per_second":	52434409.97521314,
				"retransmits":	0,
				"omitted":	false,
				"sender":	true
			}
		}, {
			"streams":	[{
					"socket":	6,
					"start":	28.000065,
					"end":	29.000198,
					"seconds":	1.0001330375671387,
					"bytes":	5242880,
					"bits_per_second":	41937460.742250875,
					"retransmits":	0,
					"snd_cwnd":	4317936,
					"snd_wnd":	3143552,
					"rtt":	474796,
					"rttvar":	3846,
					"pmtu":	1500,
					"omitted":	false,
					"sender":	true
				}],
			"sum":	{
				"start":	28.000065,
				"end":	29.000198,
				"seconds":	1.0001330375671387,
				"bytes":	5242880,
				"bits_per_second":	41937460.742250875,
				"retransmits":	0,
				"omitted":	false,
				"sender":	true
			}
		}, {
			"streams":	[{
					"socket":	6,
					"start":	29.000198,
					"end":	30.000106,
					"seconds":	0.9999079704284668,
					"bytes":	6553600,
					"bits_per_second":	52433625.444083549,
					"retransmits":	0,
					"snd_cwnd":	4317936,
					"snd_wnd":	3143552,
					"rtt":	464176,
					"rttvar":	4110,
					"pmtu":	1500,
					"omitted":	false,
					"sender":	true
				}],
			"sum":	{
				"start":	29.000198,
				"end":	30.000106,
				"seconds":	0.9999079704284668,
				"bytes":	6553600,
				"bits_per_second":	52433625.444083549,
				"retransmits":	0,
				"omitted":	false,
				"sender":	true
			}
		}, {
			"streams":	[{
					"socket":	6,
					"start":	30.000106,
					"end":	31.000261,
					"seconds":	1.000154972076416,
					"bytes":	5242880,
					"bits_per_second":	41936541.007162414,
					"retransmits":	0,
					"snd_cwnd":	4317936,
					"snd_wnd":	3143552,
					"rtt":	470022,
					"rttvar":	4852,
					"pmtu":	1500,
					"omitted":	false,
					"sender":	true
				}],
			"sum":	{
				"start":	30.000106,
				"end":	31.000261,
				"seconds":	1.000154972076416,
				"bytes":	5242880,
				"bits_per_second":	41936541.007162414,
				"retransmits":	0,
				"omitted":	false,
				"sender":	true
			}
		}, {
			"streams":	[{
					"socket":	6,
					"start":	31.000261,
					"end":	32.00014,
					"seconds":	0.999879002571106,
					"bytes":	6553600,
					"bits_per_second":	52435144.517670326,
					"retransmits":	0,
					"snd_cwnd":	4317936,
					"snd_wnd":	3143552,
					"rtt":	473892,
					"rttvar":	4115,
					"pmtu":	1500,
					"omitted":	false,
					"sender":	true
				}],
			"sum":	{
				"start":	31.000261,
				"end":	32.00014,
				"seconds":	0.999879002571106,
				"bytes":	6553600,
				"bits_per_second":	52435144.517670326,
				"retransmits":	0,
				"omitted":	false,
				"sender":	true
			}
		}, {
			"streams":	[{
					"socket":	6,
					"start":	32.00014,
					"end":	33.000171,
					"seconds":	1.0000309944152832,
					"bytes":	6553600,
					"bits_per_second":	52427175.05036436,
					"retransmits":	0,
					"snd_cwnd":	5792,
					"snd_wnd":	3143552,
					"rtt":	450437,
					"rttvar":	8098,
					"pmtu":	1500,
					"omitted":	false,
					"sender":	true
				}],
			"sum":	{
				"start":	32.00014,
				"end":	33.000171,
				"seconds":	1.0000309944152832,
				"bytes":	6553600,
				"bits_per_second":	52427175.05036436,
				"retransmits":	0,
				"omitted":	false,
				"sender":	true
			}
		}, {
			"streams":	[{
					"socket":	6,
					"start":	33.000171,
					"end":	34.000105,
					"seconds":	0.99993401765823364,
					"bytes":	3932160,
					"bits_per_second":	31459355.761963636,
					"retransmits":	0,
					"snd_cwnd":	4317936,
					"snd_wnd":	3143552,
					"rtt":	512267,
					"rttvar":	10915,
					"pmtu":	1500,
					"omitted":	false,
					"sender":	true
				}],
			"sum":	{
				"start":	33.000171,
				"end":	34.000105,
				"seconds":	0.99993401765823364,
				"bytes":	3932160,
				"bits_per_second":	31459355.761963636,
				"retransmits":	0,
				"omitted":	false,
				"sender":	true
			}
		}, {
			"streams":	[{
					"socket":	6,
					"start":	34.000105,
					"end":	35.000066,
					"seconds":	0.999961018562317,
					"bytes":	5242880,
					"bits_per_second":	41944675.063737132,
					"retransmits":	0,
					"snd_cwnd":	3530224,
					"snd_wnd":	3143936,
					"rtt":	364936,
					"rttvar":	2931,
					"pmtu":	1500,
					"omitted":	false,
					"sender":	true
				}],
			"sum":	{
				"start":	34.000105,
				"end":	35.000066,
				"seconds":	0.999961018562317,
				"bytes":	5242880,
				"bits_per_second":	41944675.063737132,
				"retransmits":	0,
				"omitted":	false,
				"sender":	true
			}
		}, {
			"streams":	[{
					"socket":	6,
					"start":	35.000066,
					"end":	36.000072,
					"seconds":	1.0000059604644775,
					"bytes":	5242880,
					"bits_per_second":	41942790.0014901,
					"retransmits":	0,
					"snd_cwnd":	3536016,
					"snd_wnd":	3143936,
					"rtt":	390779,
					"rttvar":	3199,
					"pmtu":	1500,
					"omitted":	false,
					"sender":	true
				}],
			"sum":	{
				"start":	35.000066,
				"end":	36.000072,
				"seconds":	1.0000059604644775,
				"bytes":	5242880,
				"bits_per_second":	41942790.0014901,
				"retransmits":	0,
				"omitted":	false,
				"sender":	true
			}
		}, {
			"streams":	[{
					"socket":	6,
					"start":	36.000072,
					"end":	37.000072,
					"seconds":	1,
					"bytes":	5242880,
					"bits_per_second":	41943040,
					"retransmits":	0,
					"snd_cwnd":	3310128,
					"snd_wnd":	3143936,
					"rtt":	468915,
					"rttvar":	2397,
					"pmtu":	1500,
					"omitted":	false,
					"sender":	true
				}],
			"sum":	{
				"start":	36.000072,
				"end":	37.000072,
				"seconds":	1,
				"bytes":	5242880,
				"bits_per_second":	41943040,
				"retransmits":	0,
				"omitted":	false,
				"sender":	true
			}
		}, {
			"streams":	[{
					"socket":	6,
					"start":	37.000072,
					"end":	38.000111,
					"seconds":	1.0000389814376831,
					"bytes":	5242880,
					"bits_per_second":	41941405.06373217,
					"retransmits":	0,
					"snd_cwnd":	3310128,
					"snd_wnd":	3143936,
					"rtt":	454840,
					"rttvar":	2651,
					"pmtu":	1500,
					"omitted":	false,
					"sender":	true
				}],
			"sum":	{
				"start":	37.000072,
				"end":	38.000111,
				"seconds":	1.0000389814376831,
				"bytes":	5242880,
				"bits_per_second":	41941405.06373217,
				"retransmits":	0,
				"omitted":	false,
				"sender":	true
			}
		}, {
			"streams":	[{
					"socket":	6,
					"start":	38.000111,
					"end":	39.000195,
					"seconds":	1.0000840425491333,
					"bytes":	5242880,
					"bits_per_second":	41939515.2962251,
					"retransmits":	0,
					"snd_cwnd":	3324608,
					"snd_wnd":	3143936,
					"rtt":	476540,
					"rttvar":	968,
					"pmtu":	1500,
					"omitted":	false,
					"sender":	true
				}],
			"sum":	{
				"start":	38.000111,
				"end":	39.000195,
				"seconds":	1.0000840425491333,
				"bytes":	5242880,
				"bits_per_second":	41939515.2962251,
				"retransmits":	0,
				"omitted":	false,
				"sender":	true
			}
		}, {
			"streams":	[{
					"socket":	6,
					"start":	39.000195,
					"end":	40.000197,
					"seconds":	1.0000020265579224,
					"bytes":	5242880,
					"bits_per_second":	41942955.000172257,
					"retransmits":	0,
					"snd_cwnd":	3011840,
					"snd_wnd":	3143936,
					"rtt":	414878,
					"rttvar":	2988,
					"pmtu":	1500,
					"omitted":	false,
					"sender":	true
				}],
			"sum":	{
				"start":	39.000195,
				"end":	40.000197,
				"seconds":	1.0000020265579224,
				"bytes":	5242880,
				"bits_per_second":	41942955.000172257,
				"retransmits":	0,
				"omitted":	false,
				"sender":	true
			}
		}, {
			"streams":	[{
					"socket":	6,
					"start":	40.000197,
					"end":	41.000122,
					"seconds":	0.99992501735687256,
					"bytes":	5242880,
					"bits_per_second":	41946185.2358381,
					"retransmits":	0,
					"snd_cwnd":	2988672,
					"snd_wnd":	3143936,
					"rtt":	353134,
					"rttvar":	3327,
					"pmtu":	1500,
					"omitted":	false,
					"sender":	true
				}],
			"sum":	{
				"start":	40.000197,
				"end":	41.000122,
				"seconds":	0.99992501735687256,
				"bytes":	5242880,
				"bits_per_second":	41946185.2358381,
				"retransmits":	0,
				"omitted":	false,
				"sender":	true
			}
		}, {
			"streams":	[{
					"socket":	6,
					"start":	41.000122,
					"end":	42.000115,
					"seconds":	0.99999302625656128,
					"bytes":	5242880,
					"bits_per_second":	41943332.502039835,
					"retransmits":	0,
					"snd_cwnd":	2994464,
					"snd_wnd":	3143936,
					"rtt":	385846,
					"rttvar":	3279,
					"pmtu":	1500,
					"omitted":	false,
					"sender":	true
				}],
			"sum":	{
				"start":	41.000122,
				"end":	42.000115,
				"seconds":	0.99999302625656128,
				"bytes":	5242880,
				"bits_per_second":	41943332.502039835,
				"retransmits":	0,
				"omitted":	false,
				"sender":	true
			}
		}, {
			"streams":	[{
					"socket":	6,
					"start":	42.000115,
					"end":	43.000067,
					"seconds":	0.99995201826095581,
					"bytes":	5242880,
					"bits_per_second":	41945052.596567884,
					"retransmits":	0,
					"snd_cwnd":	3006048,
					"snd_wnd":	3143936,
					"rtt":	377033,
					"rttvar":	6554,
					"pmtu":	1500,
					"omitted":	false,
					"sender":	true
				}],
			"sum":	{
				"start":	42.000115,
				"end":	43.000067,
				"seconds":	0.99995201826095581,
				"bytes":	5242880,
				"bits_per_second":	41945052.596567884,
				"retransmits":	0,
				"omitted":	false,
				"sender":	true
			}
		}, {
			"streams":	[{
					"socket":	6,
					"start":	43.000067,
					"end":	44.00042,
					"seconds":	1.00035297870636,
					"bytes":	3932160,
					"bits_per_second":	31446180.168004338,
					"retransmits":	0,
					"snd_cwnd":	3006048,
					"snd_wnd":	3143936,
					"rtt":	361417,
					"rttvar":	11940,
					"pmtu":	1500,
					"omitted":	false,
					"sender":	true
				}],
			"sum":	{
				"start":	43.000067,
				"end":	44.00042,
				"seconds":	1.00035297870636,
				"bytes":	3932160,
				"bits_per_second":	31446180.168004338,
				"retransmits":	0,
				"omitted":	false,
				"sender":	true
			}
		}, {
			"streams":	[{
					"socket":	6,
					"start":	44.00042,
					"end":	45.000091,
					"seconds":	0.99967098236084,
					"bytes":	3932160,
					"bits_per_second":	31467633.406453349,
					"retransmits":	0,
					"snd_cwnd":	2927856,
					"snd_wnd":	3143936,
					"rtt":	442221,
					"rttvar":	1037,
					"pmtu":	1500,
					"omitted":	false,
					"sender":	true
				}],
			"sum":	{
				"start":	44.00042,
				"end":	45.000091,
				"seconds":	0.99967098236084,
				"bytes":	3932160,
				"bits_per_second":	31467633.406453349,
				"retransmits":	0,
				"omitted":	false,
				"sender":	true
			}
		}, {
			"streams":	[{
					"socket":	6,
					"start":	45.000091,
					"end":	46.000066,
					"seconds":	0.999975025653839,
					"bytes":	5242880,
					"bits_per_second":	41944087.526161283,
					"retransmits":	0,
					"snd_cwnd":	2924960,
					"snd_wnd":	3143936,
					"rtt":	417173,
					"rttvar":	2893,
					"pmtu":	1500,
					"omitted":	false,
					"sender":	true
				}],
			"sum":	{
				"start":	45.000091,
				"end":	46.000066,
				"seconds":	0.999975025653839,
				"bytes":	5242880,
				"bits_per_second":	41944087.526161283,
				"retransmits":	0,
				"omitted":	false,
				"sender":	true
			}
		}, {
			"streams":	[{
					"socket":	6,
					"start":	46.000066,
					"end":	47.000069,
					"seconds":	1.0000029802322388,
					"bytes":	5242880,
					"bits_per_second":	41942915.000372529,
					"retransmits":	0,
					"snd_cwnd":	2919168,
					"snd_wnd":	3143936,
					"rtt":	418288,
					"rttvar":	2540,
					"pmtu":	1500,
					"omitted":	false,
					"sender":	true
				}],
			"sum":	{
				"start":	46.000066,
				"end":	47.000069,
				"seconds":	1.0000029802322388,
				"bytes":	5242880,
				"bits_per_second":	41942915.000372529,
				"retransmits":	0,
				"omitted":	false,
				"sender":	true
			}
		}, {
			"streams":	[{
					"socket":	6,
					"start":	47.000069,
					"end":	48.000078,
					"seconds":	1.0000089406967163,
					"bytes":	5242880,
					"bits_per_second":	41942665.003352731,
					"retransmits":	0,
					"snd_cwnd":	2939440,
					"snd_wnd":	3143936,
					"rtt":	387460,
					"rttvar":	2963,
					"pmtu":	1500,
					"omitted":	false,
					"sender":	true
				}],
			"sum":	{
				"start":	47.000069,
				"end":	48.000078,
				"seconds":	1.0000089406967163,
				"bytes":	5242880,
				"bits_per_second":	41942665.003352731,
				"retransmits":	0,
				"omitted":	false,
				"sender":	true
			}
		}, {
			"streams":	[{
					"socket":	6,
					"start":	48.000078,
					"end":	49.000083,
					"seconds":	1.0000050067901611,
					"bytes":	5242880,
					"bits_per_second":	41942830.001051418,
					"retransmits":	0,
					"snd_cwnd":	2979984,
					"snd_wnd":	3143936,
					"rtt":	380868,
					"rttvar":	15430,
					"pmtu":	1500,
					"omitted":	false,
					"sender":	true
				}],
			"sum":	{
				"start":	48.000078,
				"end":	49.000083,
				"seconds":	1.0000050067901611,
				"bytes":	5242880,
				"bits_per_second":	41942830.001051418,
				"retransmits":	0,
				"omitted":	false,
				"sender":	true
			}
		}, {
			"streams":	[{
					"socket":	6,
					"start":	49.000083,
					"end":	50.000105,
					"seconds":	1.0000220537185669,
					"bytes":	5242880,
					"bits_per_second":	41942115.020399243,
					"retransmits":	0,
					"snd_cwnd":	2979984,
					"snd_wnd":	3143936,
					"rtt":	425039,
					"rttvar":	5451,
					"pmtu":	1500,
					"omitted":	false,
					"sender":	true
				}],
			"sum":	{
				"start":	49.000083,
				"end":	50.000105,
				"seconds":	1.0000220537185669,
				"bytes":	5242880,
				"bits_per_second":	41942115.020399243,
				"retransmits":	0,
				"omitted":	false,
				"sender":	true
			}
		}, {
			"streams":	[{
					"socket":	6,
					"start":	50.000105,
					"end":	51.000348,
					"seconds":	1.0002429485321045,
					"bytes":	3932160,
					"bits_per_second":	31449639.356283177,
					"retransmits":	0,
					"snd_cwnd":	2968400,
					"snd_wnd":	3143936,
					"rtt":	418684,
					"rttvar":	2925,
					"pmtu":	1500,
					"omitted":	false,
					"sender":	true
				}],
			"sum":	{
				"start":	50.000105,
				"end":	51.000348,
				"seconds":	1.0002429485321045,
				"bytes":	3932160,
				"bits_per_second":	31449639.356283177,
				"retransmits":	0,
				"omitted":	false,
				"sender":	true
			}
		}, {
			"streams":	[{
					"socket":	6,
					"start":	51.000348,
					"end":	52.000068,
					"seconds":	0.99971997737884521,
					"bytes":	6553600,
					"bits_per_second":	52443485.362233624,
					"retransmits":	0,
					"snd_cwnd":	2977088,
					"snd_wnd":	3143936,
					"rtt":	444714,
					"rttvar":	2605,
					"pmtu":	1500,
					"omitted":	false,
					"sender":	true
				}],
			"sum":	{
				"start":	51.000348,
				"end":	52.000068,
				"seconds":	0.99971997737884521,
				"bytes":	6553600,
				"bits_per_second":	52443485.362233624,
				"retransmits":	0,
				"omitted":	false,
				"sender":	true
			}
		}, {
			"streams":	[{
					"socket":	6,
					"start":	52.000068,
					"end":	53.000079,
					"seconds":	1.0000109672546387,
					"bytes":	5242880,
					"bits_per_second":	41942580.005044885,
					"retransmits":	0,
					"snd_cwnd":	2907584,
					"snd_wnd":	3143936,
					"rtt":	370570,
					"rttvar":	2874,
					"pmtu":	1500,
					"omitted":	false,
					"sender":	true
				}],
			"sum":	{
				"start":	52.000068,
				"end":	53.000079,
				"seconds":	1.0000109672546387,
				"bytes":	5242880,
				"bits_per_second":	41942580.005044885,
				"retransmits":	0,
				"omitted":	false,
				"sender":	true
			}
		}, {
			"streams":	[{
					"socket":	6,
					"start":	53.000079,
					"end":	54.000072,
					"seconds":	0.99999302625656128,
					"bytes":	5242880,
					"bits_per_second":	41943332.502039835,
					"retransmits":	0,
					"snd_cwnd":	2907584,
					"snd_wnd":	3143936,
					"rtt":	369039,
					"rttvar":	6659,
					"pmtu":	1500,
					"omitted":	false,
					"sender":	true
				}],
			"sum":	{
				"start":	53.000079,
				"end":	54.000072,
				"seconds":	0.99999302625656128,
				"bytes":	5242880,
				"bits_per_second":	41943332.502039835,
				"retransmits":	0,
				"omitted":	false,
				"sender":	true
			}
		}, {
			"streams":	[{
					"socket":	6,
					"start":	54.000072,
					"end":	55.000552,
					"seconds":	1.000480055809021,
					"bytes":	2621440,
					"bits_per_second":	20961457.330642879,
					"retransmits":	0,
					"snd_cwnd":	2982880,
					"snd_wnd":	3143936,
					"rtt":	226082,
					"rttvar":	19762,
					"pmtu":	1500,
					"omitted":	false,
					"sender":	true
				}],
			"sum":	{
				"start":	54.000072,
				"end":	55.000552,
				"seconds":	1.000480055809021,
				"bytes":	2621440,
				"bits_per_second":	20961457.330642879,
				"retransmits":	0,
				"omitted":	false,
				"sender":	true
			}
		}, {
			"streams":	[{
					"socket":	6,
					"start":	55.000552,
					"end":	56.000195,
					"seconds":	0.99964302778244019,
					"bytes":	3932160,
					"bits_per_second":	31468513.385006357,
					"retransmits":	0,
					"snd_cwnd":	2939440,
					"snd_wnd":	3143936,
					"rtt":	436111,
					"rttvar":	3486,
					"pmtu":	1500,
					"omitted":	false,
					"sender":	true
				}],
			"sum":	{
				"start":	55.000552,
				"end":	56.000195,
				"seconds":	0.99964302778244019,
				"bytes":	3932160,
				"bits_per_second":	31468513.385006357,
				"retransmits":	0,
				"omitted":	false,
				"sender":	true
			}
		}, {
			"streams":	[{
					"socket":	6,
					"start":	56.000195,
					"end":	57.000203,
					"seconds":	1.0000079870224,
					"bytes":	5242880,
					"bits_per_second":	41942705.00267563,
					"retransmits":	0,
					"snd_cwnd":	2971296,
					"snd_wnd":	3143936,
					"rtt":	416196,
					"rttvar":	27746,
					"pmtu":	1500,
					"omitted":	false,
					"sender":	true
				}],
			"sum":	{
				"start":	56.000195,
				"end":	57.000203,
				"seconds":	1.0000079870224,
				"bytes":	5242880,
				"bits_per_second":	41942705.00267563,
				"retransmits":	0,
				"omitted":	false,
				"sender":	true
			}
		}, {
			"streams":	[{
					"socket":	6,
					"start":	57.000203,
					"end":	58.000212,
					"seconds":	1.0000089406967163,
					"bytes":	5242880,
					"bits_per_second":	41942665.003352731,
					"retransmits":	0,
					"snd_cwnd":	2867040,
					"snd_wnd":	3143936,
					"rtt":	385101,
					"rttvar":	3531,
					"pmtu":	1500,
					"omitted":	false,
					"sender":	true
				}],
			"sum":	{
				"start":	57.000203,
				"end":	58.000212,
				"seconds":	1.0000089406967163,
				"bytes":	5242880,
				"bits_per_second":	41942665.003352731,
				"retransmits":	0,
				"omitted":	false,
				"sender":	true
			}
		}, {
			"streams":	[{
					"socket":	6,
					"start":	58.000212,
					"end":	59.000229,
					"seconds":	1.0000170469284058,
					"bytes":	5242880,
					"bits_per_second":	41942325.012188345,
					"retransmits":	0,
					"snd_cwnd":	2878624,
					"snd_wnd":	3143936,
					"rtt":	383884,
					"rttvar":	2759,
					"pmtu":	1500,
					"omitted":	false,
					"sender":	true
				}],
			"sum":	{
				"start":	58.000212,
				"end":	59.000229,
				"seconds":	1.0000170469284058,
				"bytes":	5242880,
				"bits_per_second":	41942325.012188345,
				"retransmits":	0,
				"omitted":	false,
				"sender":	true
			}
		}, {
			"streams":	[{
					"socket":	6,
					"start":	59.000229,
					"end":	60.000177,
					"seconds":	0.999948024749756,
					"bytes":	5242880,
					"bits_per_second":	41945220.113311931,
					"retransmits":	0,
					"snd_cwnd":	3032112,
					"snd_wnd":	3143936,
					"rtt":	374657,
					"rttvar":	4496,
					"pmtu":	1500,
					"omitted":	false,
					"sender":	true
				}],
			"sum":	{
				"start":	59.000229,
				"end":	60.000177,
				"seconds":	0.999948024749756,
				"bytes":	5242880,
				"bits_per_second":	41945220.113311931,
				"retransmits":	0,
				"omitted":	false,
				"sender":	true
			}
		}],
	"end":	{
		"streams":	[{
				"sender":	{
					"socket":	6,
					"start":	0,
					"end":	60.000177,
					"seconds":	60.000177,
					"bytes":	321650688,
					"bits_per_second":	42886631.884435937,
					"retransmits":	0,
					"max_snd_cwnd":	4317936,
					"max_snd_wnd":	3143936,
					"max_rtt":	512267,
					"min_rtt":	200176,
					"mean_rtt":	426353,
					"sender":	true
				},
				"receiver":	{
					"socket":	6,
					"start":	0,
					"end":	60.425695,
					"seconds":	60.000177,
					"bytes":	321243520,
					"bits_per_second":	42530717.437341847,
					"sender":	true
				}
			}],
		"sum_sent":	{
			"start":	0,
			"end":	60.000177,
			"seconds":	60.000177,
			"bytes":	321650688,
			"bits_per_second":	42886631.884435937,
			"retransmits":	0,
			"sender":	true
		},
		"sum_received":	{
			"start":	0,
			"end":	60.425695,
			"seconds":	60.425695,
			"bytes":	321243520,
			"bits_per_second":	42530717.437341847,
			"sender":	true
		},
		"cpu_utilization_percent":	{
			"host_total":	0.4496810759097391,
			"host_user":	0.047542163716942962,
			"host_system":	0.40213891219279618,
			"remote_total":	1.5211272472510629,
			"remote_user":	0.0943124974907206,
			"remote_system":	1.4268147497603421
		},
		"sender_tcp_congestion":	"bbr",
		"receiver_tcp_congestion":	"bbr"
	}
}
