{
	"start":	{
		"connected":	[{
				"socket":	6,
				"local_host":	"192.168.101.210",
				"local_port":	36872,
				"remote_host":	"192.168.100.168",
				"remote_port":	5201
			}],
		"version":	"iperf 3.11",
		"system_info":	"Linux f1 6.0.10-300.fc37.x86_64 #1 SMP PREEMPT_DYNAMIC Sat Nov 26 16:55:13 UTC 2022 x86_64",
		"timestamp":	{
			"time":	"Sat, 10 Dec 2022 20:25:46 GMT",
			"timesecs":	1670703946
		},
		"connecting_to":	{
			"host":	"192.168.100.168",
			"port":	5201
		},
		"cookie":	"hhbvklptcqu2s4tjvm3jnlypjqfnvjh7nsie",
		"tcp_mss_default":	1448,
		"target_bitrate":	0,
		"sock_bufsize":	0,
		"sndbuf_actual":	16384,
		"rcvbuf_actual":	131072,
		"test_start":	{
			"protocol":	"TCP",
			"num_streams":	1,
			"blksize":	131072,
			"omit":	0,
			"duration":	60,
			"bytes":	0,
			"blocks":	0,
			"reverse":	0,
			"tos":	0,
			"target_bitrate":	0
		}
	},
	"intervals":	[{
			"streams":	[{
					"socket":	6,
					"start":	0,
					"end":	1.000206,
					"seconds":	1.0002059936523438,
					"bytes":	1110616,
					"bits_per_second":	8883098.13817039,
					"retransmits":	0,
					"snd_cwnd":	156384,
					"snd_wnd":	310400,
					"rtt":	200090,
					"rttvar":	21,
					"pmtu":	1500,
					"omitted":	false,
					"sender":	true
				}],
			"sum":	{
				"start":	0,
				"end":	1.000206,
				"seconds":	1.0002059936523438,
				"bytes":	1110616,
				"bits_per_second":	8883098.13817039,
				"retransmits":	0,
				"omitted":	false,
				"sender":	true
			}
		}, {
			"streams":	[{
					"socket":	6,
					"start":	1.000206,
					"end":	2.000407,
					"seconds":	1.0002009868621826,
					"bytes":	2690472,
					"bits_per_second":	21519450.873093124,
					"retransmits":	133,
					"snd_cwnd":	376480,
					"snd_wnd":	2397056,
					"rtt":	200690,
					"rttvar":	721,
					"pmtu":	1500,
					"omitted":	false,
					"sender":	true
				}],
			"sum":	{
				"start":	1.000206,
				"end":	2.000407,
				"seconds":	1.0002009868621826,
				"bytes":	2690472,
				"bits_per_second":	21519450.873093124,
				"retransmits":	133,
				"omitted":	false,
				"sender":	true
			}
		}, {
			"streams":	[{
					"socket":	6,
					"start":	2.000407,
					"end":	3.000412,
					"seconds":	1.0000050067901611,
					"bytes":	2131368,
					"bits_per_second":	17050858.629928771,
					"retransmits":	0,
					"snd_cwnd":	435848,
					"snd_wnd":	3143552,
					"rtt":	205847,
					"rttvar":	11535,
					"pmtu":	1500,
					"omitted":	false,
					"sender":	true
				}],
			"sum":	{
				"start":	2.000407,
				"end":	3.000412,
				"seconds":	1.0000050067901611,
				"bytes":	2131368,
				"bits_per_second":	17050858.629928771,
				"retransmits":	0,
				"omitted":	false,
				"sender":	true
			}
		}, {
			"streams":	[{
					"socket":	6,
					"start":	3.000412,
					"end":	4.000218,
					"seconds":	0.999805986881256,
					"bytes":	2085120,
					"bits_per_second":	16684196.953084605,
					"retransmits":	41,
					"snd_cwnd":	324352,
					"snd_wnd":	3145728,
					"rtt":	212093,
					"rttvar":	15483,
					"pmtu":	1500,
					"omitted":	false,
					"sender":	true
				}],
			"sum":	{
				"start":	3.000412,
				"end":	4.000218,
				"seconds":	0.999805986881256,
				"bytes":	2085120,
				"bits_per_second":	16684196.953084605,
				"retransmits":	41,
				"omitted":	false,
				"sender":	true
			}
		}, {
			"streams":	[{
					"socket":	6,
					"start":	4.000218,
					"end":	5.000836,
					"seconds":	1.0006179809570312,
					"bytes":	1042560,
					"bits_per_second":	8335328.9254534775,
					"retransmits":	33,
					"snd_cwnd":	214304,
					"snd_wnd":	3145728,
					"rtt":	207395,
					"rttvar":	1007,
					"pmtu":	1500,
					"omitted":	false,
					"sender":	true
				}],
			"sum":	{
				"start":	4.000218,
				"end":	5.000836,
				"seconds":	1.0006179809570312,
				"bytes":	1042560,
				"bits_per_second":	8335328.9254534775,
				"retransmits":	33,
				"omitted":	false,
				"sender":	true
			}
		}, {
			"streams":	[{
					"socket":	6,
					"start":	5.000836,
					"end":	6.000819,
					"seconds":	0.999983012676239,
					"bytes":	1042560,
					"bits_per_second":	8340621.6848409278,
					"retransmits":	25,
					"snd_cwnd":	191136,
					"snd_wnd":	3145728,
					"rtt":	204747,
					"rttvar":	1254,
					"pmtu":	1500,
					"omitted":	false,
					"sender":	true
				}],
			"sum":	{
				"start":	5.000836,
				"end":	6.000819,
				"seconds":	0.999983012676239,
				"bytes":	1042560,
				"bits_per_second":	8340621.6848409278,
				"retransmits":	25,
				"omitted":	false,
				"sender":	true
			}
		}, {
			"streams":	[{
					"socket":	6,
					"start":	6.000819,
					"end":	7.000662,
					"seconds":	0.99984300136566162,
					"bytes":	1042560,
					"bits_per_second":	8341789.6495829225,
					"retransmits":	0,
					"snd_cwnd":	205616,
					"snd_wnd":	3145728,
					"rtt":	201878,
					"rttvar":	857,
					"pmtu":	1500,
					"omitted":	false,
					"sender":	true
				}],
			"sum":	{
				"start":	6.000819,
				"end":	7.000662,
				"seconds":	0.99984300136566162,
				"bytes":	1042560,
				"bits_per_second":	8341789.6495829225,
				"retransmits":	0,
				"omitted":	false,
				"sender":	true
			}
		}, {
			"streams":	[{
					"socket":	6,
					"start":	7.000662,
					"end":	8.00081,
					"seconds":	1.0001480579376221,
					"bytes":	1042560,
					"bits_per_second":	8339245.3085382935,
					"retransmits":	4,
					"snd_cwnd":	105704,
					"snd_wnd":	3145728,
					"rtt":	206320,
					"rttvar":	553,
					"pmtu":	1500,
					"omitted":	false,
					"sender":	true
				}],
			"sum":	{
				"start":	7.000662,
				"end":	8.00081,
				"seconds":	1.0001480579376221,
				"bytes":	1042560,
				"bits_per_second":	8339245.3085382935,
				"retransmits":	4,
				"omitted":	false,
				"sender":	true
			}
		}, {
			"streams":	[{
					"socket":	6,
					"start":	8.00081,
					"end":	9.000335,
					"seconds":	0.999525010585785,
					"bytes":	1042560,
					"bits_per_second":	8344443.5223406274,
					"retransmits":	0,
					"snd_cwnd":	121632,
					"snd_wnd":	3145728,
					"rtt":	201616,
					"rttvar":	347,
					"pmtu":	1500,
					"omitted":	false,
					"sender":	true
				}],
			"sum":	{
				"start":	8.00081,
				"end":	9.000335,
				"seconds":	0.999525010585785,
				"bytes":	1042560,
				"bits_per_second":	8344443.5223406274,
				"retransmits":	0,
				"omitted":	false,
				"sender":	true
			}
		}, {
			"streams":	[{
					"socket":	6,
					"start":	9.000335,
					"end":	10.000736,
					"seconds":	1.0004010200500488,
					"bytes":	0,
					"bits_per_second":	0,
					"retransmits":	10,
					"snd_cwnd":	92672,
					"snd_wnd":	3145728,
					"rtt":	200271,
					"rttvar":	365,
					"pmtu":	1500,
					"omitted":	false,
					"sender":	true
				}],
			"sum":	{
				"start":	9.000335,
				"end":	10.000736,
				"seconds":	1.0004010200500488,
				"bytes":	0,
				"bits_per_second":	0,
				"retransmits":	10,
				"omitted":	false,
				"sender":	true
			}
		}, {
			"streams":	[{
					"socket":	6,
					"start":	10.000736,
					"end":	11.000315,
					"seconds":	0.99957901239395142,
					"bytes":	1042560,
					"bits_per_second":	8343992.7175190356,
					"retransmits":	19,
					"snd_cwnd":	70952,
					"snd_wnd":	3145728,
					"rtt":	206338,
					"rttvar":	1845,
					"pmtu":	1500,
					"omitted":	false,
					"sender":	true
				}],
			"sum":	{
				"start":	10.000736,
				"end":	11.000315,
				"seconds":	0.99957901239395142,
				"bytes":	1042560,
				"bits_per_second":	8343992.7175190356,
				"retransmits":	19,
				"omitted":	false,
				"sender":	true
			}
		}, {
			"streams":	[{
					"socket":	6,
					"start":	11.000315,
					"end":	12.000433,
					"seconds":	1.0001180171966553,
					"bytes":	0,
					"bits_per_second":	0,
					"retransmits":	0,
					"snd_cwnd":	81088,
					"snd_wnd":	3145728,
					"rtt":	202195,
					"rttvar":	907,
					"pmtu":	1500,
					"omitted":	false,
					"sender":	true
				}],
			"sum":	{
				"start":	11.000315,
				"end":	12.000433,
				"seconds":	1.0001180171966553,
				"bytes":	0,
				"bits_per_second":	0,
				"retransmits":	0,
				"omitted":	false,
				"sender":	true
			}
		}, {
			"streams":	[{
					"socket":	6,
					"start":	12.000433,
					"end":	13.001029,
					"seconds":	1.0005960464477539,
					"bytes":	0,
					"bits_per_second":	0,
					"retransmits":	2,
					"snd_cwnd":	63712,
					"snd_wnd":	3145728,
					"rtt":	200581,
					"rttvar":	583,
					"pmtu":	1500,
					"omitted":	false,
					"sender":	true
				}],
			"sum":	{
				"start":	12.000433,
				"end":	13.001029,
				"seconds":	1.0005960464477539,
				"bytes":	0,
				"bits_per_second":	0,
				"retransmits":	2,
				"omitted":	false,
				"sender":	true
			}
		}, {
			"streams":	[{
					"socket":	6,
					"start":	13.001029,
					"end":	14.00033,
					"seconds":	0.999301016330719,
					"bytes":	1042560,
					"bits_per_second":	8346313.9371407535,
					"retransmits":	0,
					"snd_cwnd":	70952,
					"snd_wnd":	3145728,
					"rtt":	204386,
					"rttvar":	1613,
					"pmtu":	1500,
					"omitted":	false,
					"sender":	true
				}],
			"sum":	{
				"start":	13.001029,
				"end":	14.00033,
				"seconds":	0.999301016330719,
				"bytes":	1042560,
				"bits_per_second":	8346313.9371407535,
				"retransmits":	0,
				"omitted":	false,
				"sender":	true
			}
		}, {
			"streams":	[{
					"socket":	6,
					"start":	14.00033,
					"end":	15.001019,
					"seconds":	1.0006890296936035,
					"bytes":	0,
					"bits_per_second":	0,
					"retransmits":	0,
					"snd_cwnd":	70952,
					"snd_wnd":	3145728,
					"rtt":	200123,
					"rttvar":	30,
					"pmtu":	1500,
					"omitted":	false,
					"sender":	true
				}],
			"sum":	{
				"start":	14.00033,
				"end":	15.001019,
				"seconds":	1.0006890296936035,
				"bytes":	0,
				"bits_per_second":	0,
				"retransmits":	0,
				"omitted":	false,
				"sender":	true
			}
		}, {
			"streams":	[{
					"socket":	6,
					"start":	15.001019,
					"end":	16.001022,
					"seconds":	1.0000029802322388,
					"bytes":	0,
					"bits_per_second":	0,
					"retransmits":	10,
					"snd_cwnd":	52128,
					"snd_wnd":	3145728,
					"rtt":	203386,
					"rttvar":	5842,
					"pmtu":	1500,
					"omitted":	false,
					"sender":	true
				}],
			"sum":	{
				"start":	15.001019,
				"end":	16.001022,
				"seconds":	1.0000029802322388,
				"bytes":	0,
				"bits_per_second":	0,
				"retransmits":	10,
				"omitted":	false,
				"sender":	true
			}
		}, {
			"streams":	[{
					"socket":	6,
					"start":	16.001022,
					"end":	17.00102,
					"seconds":	0.99999797344207764,
					"bytes":	0,
					"bits_per_second":	0,
					"retransmits":	2,
					"snd_cwnd":	62264,
					"snd_wnd":	3145728,
					"rtt":	204938,
					"rttvar":	3352,
					"pmtu":	1500,
					"omitted":	false,
					"sender":	true
				}],
			"sum":	{
				"start":	16.001022,
				"end":	17.00102,
				"seconds":	0.99999797344207764,
				"bytes":	0,
				"bits_per_second":	0,
				"retransmits":	2,
				"omitted":	false,
				"sender":	true
			}
		}, {
			"streams":	[{
					"socket":	6,
					"start":	17.00102,
					"end":	18.000862,
					"seconds":	0.99984198808670044,
					"bytes":	1042560,
					"bits_per_second":	8341798.10347869,
					"retransmits":	8,
					"snd_cwnd":	52128,
					"snd_wnd":	3145728,
					"rtt":	205078,
					"rttvar":	1979,
					"pmtu":	1500,
					"omitted":	false,
					"sender":	true
				}],
			"sum":	{
				"start":	17.00102,
				"end":	18.000862,
				"seconds":	0.99984198808670044,
				"bytes":	1042560,
				"bits_per_second":	8341798.10347869,
				"retransmits":	8,
				"omitted":	false,
				"sender":	true
			}
		}, {
			"streams":	[{
					"socket":	6,
					"start":	18.000862,
					"end":	19.001038,
					"seconds":	1.000175952911377,
					"bytes":	0,
					"bits_per_second":	0,
					"retransmits":	6,
					"snd_cwnd":	27512,
					"snd_wnd":	3145728,
					"rtt":	201790,
					"rttvar":	2549,
					"pmtu":	1500,
					"omitted":	false,
					"sender":	true
				}],
			"sum":	{
				"start":	18.000862,
				"end":	19.001038,
				"seconds":	1.000175952911377,
				"bytes":	0,
				"bits_per_second":	0,
				"retransmits":	6,
				"omitted":	false,
				"sender":	true
			}
		}, {
			"streams":	[{
					"socket":	6,
					"start":	19.001038,
					"end":	20.001064,
					"seconds":	1.0000259876251221,
					"bytes":	0,
					"bits_per_second":	0,
					"retransmits":	0,
					"snd_cwnd":	31856,
					"snd_wnd":	3145728,
					"rtt":	206293,
					"rttvar":	881,
					"pmtu":	1500,
					"omitted":	false,
					"sender":	true
				}],
			"sum":	{
				"start":	19.001038,
				"end":	20.001064,
				"seconds":	1.0000259876251221,
				"bytes":	0,
				"bits_per_second":	0,
				"retransmits":	0,
				"omitted":	false,
				"sender":	true
			}
		}, {
			"streams":	[{
					"socket":	6,
					"start":	20.001064,
					"end":	21.00104,
					"seconds":	0.99997597932815552,
					"bytes":	0,
					"bits_per_second":	0,
					"retransmits":	2,
					"snd_cwnd":	28960,
					"snd_wnd":	3145728,
					"rtt":	203925,
					"rttvar":	7239,
					"pmtu":	1500,
					"omitted":	false,
					"sender":	true
				}],
			"sum":	{
				"start":	20.001064,
				"end":	21.00104,
				"seconds":	0.99997597932815552,
				"bytes":	0,
				"bits_per_second":	0,
				"retransmits":	2,
				"omitted":	false,
				"sender":	true
			}
		}, {
			"streams":	[{
					"socket":	6,
					"start":	21.00104,
					"end":	22.001041,
					"seconds":	1.0000009536743164,
					"bytes":	0,
					"bits_per_second":	0,
					"retransmits":	4,
					"snd_cwnd":	21720,
					"snd_wnd":	3145728,
					"rtt":	203498,
					"rttvar":	2667,
					"pmtu":	1500,
					"omitted":	false,
					"sender":	true
				}],
			"sum":	{
				"start":	21.00104,
				"end":	22.001041,
				"seconds":	1.0000009536743164,
				"bytes":	0,
				"bits_per_second":	0,
				"retransmits":	4,
				"omitted":	false,
				"sender":	true
			}
		}, {
			"streams":	[{
					"socket":	6,
					"start":	22.001041,
					"end":	23.001038,
					"seconds":	0.99999701976776123,
					"bytes":	0,
					"bits_per_second":	0,
					"retransmits":	0,
					"snd_cwnd":	30408,
					"snd_wnd":	3145728,
					"rtt":	201663,
					"rttvar":	2371,
					"pmtu":	1500,
					"omitted":	false,
					"sender":	true
				}],
			"sum":	{
				"start":	22.001041,
				"end":	23.001038,
				"seconds":	0.99999701976776123,
				"bytes":	0,
				"bits_per_second":	0,
				"retransmits":	0,
				"omitted":	false,
				"sender":	true
			}
		}, {
			"streams":	[{
					"socket":	6,
					"start":	23.001038,
					"end":	24.000591,
					"seconds":	0.99955302476882935,
					"bytes":	1042560,
					"bits_per_second":	8344209.6550394977,
					"retransmits":	0,
					"snd_cwnd":	31856,
					"snd_wnd":	3145728,
					"rtt":	200989,
					"rttvar":	1038,
					"pmtu":	1500,
					"omitted":	false,
					"sender":	true
				}],
			"sum":	{
				"start":	23.001038,
				"end":	24.000591,
				"seconds":	0.99955302476882935,
				"bytes":	1042560,
				"bits_per_second":	8344209.6550394977,
				"retransmits":	0,
				"omitted":	false,
				"sender":	true
			}
		}, {
			"streams":	[{
					"socket":	6,
					"start":	24.000591,
					"end":	25.001031,
					"seconds":	1.0004400014877319,
					"bytes":	0,
					"bits_per_second":	0,
					"retransmits":	0,
					"snd_cwnd":	31856,
					"snd_wnd":	3145728,
					"rtt":	204713,
					"rttvar":	2738,
					"pmtu":	1500,
					"omitted":	false,
					"sender":	true
				}],
			"sum":	{
				"start":	24.000591,
				"end":	25.001031,
				"seconds":	1.0004400014877319,
				"bytes":	0,
				"bits_per_second":	0,
				"retransmits":	0,
				"omitted":	false,
				"sender":	true
			}
		}, {
			"streams":	[{
					"socket":	6,
					"start":	25.001031,
					"end":	26.00104,
					"seconds":	1.0000089406967163,
					"bytes":	0,
					"bits_per_second":	0,
					"retransmits":	2,
					"snd_cwnd":	23168,
					"snd_wnd":	3145728,
					"rtt":	208072,
					"rttvar":	10219,
					"pmtu":	1500,
					"omitted":	false,
					"sender":	true
				}],
			"sum":	{
				"start":	25.001031,
				"end":	26.00104,
				"seconds":	1.0000089406967163,
				"bytes":	0,
				"bits_per_second":	0,
				"retransmits":	2,
				"omitted":	false,
				"sender":	true
			}
		}, {
			"streams":	[{
					"socket":	6,
					"start":	26.00104,
					"end":	27.001066,
					"seconds":	1.0000259876251221,
					"bytes":	0,
					"bits_per_second":	0,
					"retransmits":	2,
					"snd_cwnd":	21720,
					"snd_wnd":	3144320,
					"rtt":	205710,
					"rttvar":	2003,
					"pmtu":	1500,
					"omitted":	false,
					"sender":	true
				}],
			"sum":	{
				"start":	26.00104,
				"end":	27.001066,
				"seconds":	1.0000259876251221,
				"bytes":	0,
				"bits_per_second":	0,
				"retransmits":	2,
				"omitted":	false,
				"sender":	true
			}
		}, {
			"streams":	[{
					"socket":	6,
					"start":	27.001066,
					"end":	28.001061,
					"seconds":	0.999994993209839,
					"bytes":	0,
					"bits_per_second":	0,
					"retransmits":	0,
					"snd_cwnd":	26064,
					"snd_wnd":	3145728,
					"rtt":	201222,
					"rttvar":	2089,
					"pmtu":	1500,
					"omitted":	false,
					"sender":	true
				}],
			"sum":	{
				"start":	27.001066,
				"end":	28.001061,
				"seconds":	0.999994993209839,
				"bytes":	0,
				"bits_per_second":	0,
				"retransmits":	0,
				"omitted":	false,
				"sender":	true
			}
		}, {
			"streams":	[{
					"socket":	6,
					"start":	28.001061,
					"end":	29.00127,
					"seconds":	1.0002089738845825,
					"bytes":	0,
					"bits_per_second":	0,
					"retransmits":	2,
					"snd_cwnd":	20272,
					"snd_wnd":	3145728,
					"rtt":	202737,
					"rttvar":	1965,
					"pmtu":	1500,
					"omitted":	false,
					"sender":	true
				}],
			"sum":	{
				"start":	28.001061,
				"end":	29.00127,
				"seconds":	1.0002089738845825,
				"bytes":	0,
				"bits_per_second":	0,
				"retransmits":	2,
				"omitted":	false,
				"sender":	true
			}
		}, {
			"streams":	[{
					"socket":	6,
					"start":	29.00127,
					"end":	30.001032,
					"seconds":	0.999761998653412,
					"bytes":	0,
					"bits_per_second":	0,
					"retransmits":	2,
					"snd_cwnd":	18824,
					"snd_wnd":	3145728,
					"rtt":	202292,
					"rttvar":	4258,
					"pmtu":	1500,
					"omitted":	false,
					"sender":	true
				}],
			"sum":	{
				"start":	29.00127,
				"end":	30.001032,
				"seconds":	0.999761998653412,
				"bytes":	0,
				"bits_per_second":	0,
				"retransmits":	2,
				"omitted":	false,
				"sender":	true
			}
		}, {
			"streams":	[{
					"socket":	6,
					"start":	30.001032,
					"end":	31.001035,
					"seconds":	1.0000029802322388,
					"bytes":	0,
					"bits_per_second":	0,
					"retransmits":	0,
					"snd_cwnd":	20272,
					"snd_wnd":	3145728,
					"rtt":	201765,
					"rttvar":	1823,
					"pmtu":	1500,
					"omitted":	false,
					"sender":	true
				}],
			"sum":	{
				"start":	30.001032,
				"end":	31.001035,
				"seconds":	1.0000029802322388,
				"bytes":	0,
				"bits_per_second":	0,
				"retransmits":	0,
				"omitted":	false,
				"sender":	true
			}
		}, {
			"streams":	[{
					"socket":	6,
					"start":	31.001035,
					"end":	32.001062,
					"seconds":	1.0000269412994385,
					"bytes":	0,
					"bits_per_second":	0,
					"retransmits":	0,
					"snd_cwnd":	24616,
					"snd_wnd":	3145728,
					"rtt":	206217,
					"rttvar":	1930,
					"pmtu":	1500,
					"omitted":	false,
					"sender":	true
				}],
			"sum":	{
				"start":	31.001035,
				"end":	32.001062,
				"seconds":	1.0000269412994385,
				"bytes":	0,
				"bits_per_second":	0,
				"retransmits":	0,
				"omitted":	false,
				"sender":	true
			}
		}, {
			"streams":	[{
					"socket":	6,
					"start":	32.001062,
					"end":	33.000877,
					"seconds":	0.99981498718261719,
					"bytes":	1042560,
					"bits_per_second":	8342023.3812484378,
					"retransmits":	0,
					"snd_cwnd":	27512,
					"snd_wnd":	3145728,
					"rtt":	201494,
					"rttvar":	2782,
					"pmtu":	1500,
					"omitted":	false,
					"sender":	true
				}],
			"sum":	{
				"start":	32.001062,
				"end":	33.000877,
				"seconds":	0.99981498718261719,
				"bytes":	1042560,
				"bits_per_second":	8342023.3812484378,
				"retransmits":	0,
				"omitted":	false,
				"sender":	true
			}
		}, {
			"streams":	[{
					"socket":	6,
					"start":	33.000877,
					"end":	34.001034,
					"seconds":	1.0001569986343384,
					"bytes":	0,
					"bits_per_second":	0,
					"retransmits":	0,
					"snd_cwnd":	31856,
					"snd_wnd":	3145728,
					"rtt":	200356,
					"rttvar":	516,
					"pmtu":	1500,
					"omitted":	false,
					"sender":	true
				}],
			"sum":	{
				"start":	33.000877,
				"end":	34.001034,
				"seconds":	1.0001569986343384,
				"bytes":	0,
				"bits_per_second":	0,
				"retransmits":	0,
				"omitted":	false,
				"sender":	true
			}
		}, {
			"streams":	[{
					"socket":	6,
					"start":	34.001034,
					"end":	35.001041,
					"seconds":	1.0000070333480835,
					"bytes":	0,
					"bits_per_second":	0,
					"retransmits":	0,
					"snd_cwnd":	49232,
					"snd_wnd":	3145728,
					"rtt":	200298,
					"rttvar":	94,
					"pmtu":	1500,
					"omitted":	false,
					"sender":	true
				}],
			"sum":	{
				"start":	34.001034,
				"end":	35.001041,
				"seconds":	1.0000070333480835,
				"bytes":	0,
				"bits_per_second":	0,
				"retransmits":	0,
				"omitted":	false,
				"sender":	true
			}
		}, {
			"streams":	[{
					"socket":	6,
					"start":	35.001041,
					"end":	36.001039,
					"seconds":	0.99999797344207764,
					"bytes":	0,
					"bits_per_second":	0,
					"retransmits":	0,
					"snd_cwnd":	81088,
					"snd_wnd":	3143552,
					"rtt":	207236,
					"rttvar":	288,
					"pmtu":	1500,
					"omitted":	false,
					"sender":	true
				}],
			"sum":	{
				"start":	35.001041,
				"end":	36.001039,
				"seconds":	0.99999797344207764,
				"bytes":	0,
				"bits_per_second":	0,
				"retransmits":	0,
				"omitted":	false,
				"sender":	true
			}
		}, {
			"streams":	[{
					"socket":	6,
					"start":	36.001039,
					"end":	37.001028,
					"seconds":	0.99998897314071655,
					"bytes":	0,
					"bits_per_second":	0,
					"retransmits":	8,
					"snd_cwnd":	69504,
					"snd_wnd":	3145728,
					"rtt":	202451,
					"rttvar":	610,
					"pmtu":	1500,
					"omitted":	false,
					"sender":	true
				}],
			"sum":	{
				"start":	36.001039,
				"end":	37.001028,
				"seconds":	0.99998897314071655,
				"bytes":	0,
				"bits_per_second":	0,
				"retransmits":	8,
				"omitted":	false,
				"sender":	true
			}
		}, {
			"streams":	[{
					"socket":	6,
					"start":	37.001028,
					"end":	38.000906,
					"seconds":	0.99987798929214478,
					"bytes":	1042560,
					"bits_per_second":	8341497.7520453,
					"retransmits":	2,
					"snd_cwnd":	56472,
					"snd_wnd":	3145728,
					"rtt":	200225,
					"rttvar":	249,
					"pmtu":	1500,
					"omitted":	false,
					"sender":	true
				}],
			"sum":	{
				"start":	37.001028,
				"end":	38.000906,
				"seconds":	0.99987798929214478,
				"bytes":	1042560,
				"bits_per_second":	8341497.7520453,
				"retransmits":	2,
				"omitted":	false,
				"sender":	true
			}
		}, {
			"streams":	[{
					"socket":	6,
					"start":	38.000906,
					"end":	39.001033,
					"seconds":	1.0001269578933716,
					"bytes":	0,
					"bits_per_second":	0,
					"retransmits":	12,
					"snd_cwnd":	43440,
					"snd_wnd":	3145728,
					"rtt":	203101,
					"rttvar":	2894,
					"pmtu":	1500,
					"omitted":	false,
					"sender":	true
				}],
			"sum":	{
				"start":	38.000906,
				"end":	39.001033,
				"seconds":	1.0001269578933716,
				"bytes":	0,
				"bits_per_second":	0,
				"retransmits":	12,
				"omitted":	false,
				"sender":	true
			}
		}, {
			"streams":	[{
					"socket":	6,
					"start":	39.001033,
					"end":	40.00103,
					"seconds":	0.99999701976776123,
					"bytes":	0,
					"bits_per_second":	0,
					"retransmits":	0,
					"snd_cwnd":	55024,
					"snd_wnd":	3145728,
					"rtt":	202411,
					"rttvar":	4646,
					"pmtu":	1500,
					"omitted":	false,
					"sender":	true
				}],
			"sum":	{
				"start":	39.001033,
				"end":	40.00103,
				"seconds":	0.99999701976776123,
				"bytes":	0,
				"bits_per_second":	0,
				"retransmits":	0,
				"omitted":	false,
				"sender":	true
			}
		}, {
			"streams":	[{
					"socket":	6,
					"start":	40.00103,
					"end":	41.001033,
					"seconds":	1.0000029802322388,
					"bytes":	0,
					"bits_per_second":	0,
					"retransmits":	8,
					"snd_cwnd":	43440,
					"snd_wnd":	3145728,
					"rtt":	201190,
					"rttvar":	1922,
					"pmtu":	1500,
					"omitted":	false,
					"sender":	true
				}],
			"sum":	{
				"start":	40.00103,
				"end":	41.001033,
				"seconds":	1.0000029802322388,
				"bytes":	0,
				"bits_per_second":	0,
				"retransmits":	8,
				"omitted":	false,
				"sender":	true
			}
		}, {
			"streams":	[{
					"socket":	6,
					"start":	41.001033,
					"end":	42.00092,
					"seconds":	0.999886989593506,
					"bytes":	1042560,
					"bits_per_second":	8341422.6675664,
					"retransmits":	2,
					"snd_cwnd":	33304,
					"snd_wnd":	3145728,
					"rtt":	204699,
					"rttvar":	1174,
					"pmtu":	1500,
					"omitted":	false,
					"sender":	true
				}],
			"sum":	{
				"start":	41.001033,
				"end":	42.00092,
				"seconds":	0.999886989593506,
				"bytes":	1042560,
				"bits_per_second":	8341422.6675664,
				"retransmits":	2,
				"omitted":	false,
				"sender":	true
			}
		}, {
			"streams":	[{
					"socket":	6,
					"start":	42.00092,
					"end":	43.001035,
					"seconds":	1.0001150369644165,
					"bytes":	0,
					"bits_per_second":	0,
					"retransmits":	0,
					"snd_cwnd":	44888,
					"snd_wnd":	3145728,
					"rtt":	200208,
					"rttvar":	163,
					"pmtu":	1500,
					"omitted":	false,
					"sender":	true
				}],
			"sum":	{
				"start":	42.00092,
				"end":	43.001035,
				"seconds":	1.0001150369644165,
				"bytes":	0,
				"bits_per_second":	0,
				"retransmits":	0,
				"omitted":	false,
				"sender":	true
			}
		}, {
			"streams":	[{
					"socket":	6,
					"start":	43.001035,
					"end":	44.001036,
					"seconds":	1.0000009536743164,
					"bytes":	0,
					"bits_per_second":	0,
					"retransmits":	5,
					"snd_cwnd":	33304,
					"snd_wnd":	3145728,
					"rtt":	204370,
					"rttvar":	3408,
					"pmtu":	1500,
					"omitted":	false,
					"sender":	true
				}],
			"sum":	{
				"start":	43.001035,
				"end":	44.001036,
				"seconds":	1.0000009536743164,
				"bytes":	0,
				"bits_per_second":	0,
				"retransmits":	5,
				"omitted":	false,
				"sender":	true
			}
		}, {
			"streams":	[{
					"socket":	6,
					"start":	44.001036,
					"end":	45.001063,
					"seconds":	1.0000269412994385,
					"bytes":	0,
					"bits_per_second":	0,
					"retransmits":	0,
					"snd_cwnd":	44888,
					"snd_wnd":	3145728,
					"rtt":	205831,
					"rttvar":	1675,
					"pmtu":	1500,
					"omitted":	false,
					"sender":	true
				}],
			"sum":	{
				"start":	44.001036,
				"end":	45.001063,
				"seconds":	1.0000269412994385,
				"bytes":	0,
				"bits_per_second":	0,
				"retransmits":	0,
				"omitted":	false,
				"sender":	true
			}
		}, {
			"streams":	[{
					"socket":	6,
					"start":	45.001063,
					"end":	46.001029,
					"seconds":	0.999966025352478,
					"bytes":	0,
					"bits_per_second":	0,
					"retransmits":	4,
					"snd_cwnd":	34752,
					"snd_wnd":	3145728,
					"rtt":	202324,
					"rttvar":	4012,
					"pmtu":	1500,
					"omitted":	false,
					"sender":	true
				}],
			"sum":	{
				"start":	45.001063,
				"end":	46.001029,
				"seconds":	0.999966025352478,
				"bytes":	0,
				"bits_per_second":	0,
				"retransmits":	4,
				"omitted":	false,
				"sender":	true
			}
		}, {
			"streams":	[{
					"socket":	6,
					"start":	46.001029,
					"end":	47.000557,
					"seconds":	0.99952799081802368,
					"bytes":	1042560,
					"bits_per_second":	8344418.64221738,
					"retransmits":	0,
					"snd_cwnd":	37648,
					"snd_wnd":	3145728,
					"rtt":	200276,
					"rttvar":	380,
					"pmtu":	1500,
					"omitted":	false,
					"sender":	true
				}],
			"sum":	{
				"start":	46.001029,
				"end":	47.000557,
				"seconds":	0.99952799081802368,
				"bytes":	1042560,
				"bits_per_second":	8344418.64221738,
				"retransmits":	0,
				"omitted":	false,
				"sender":	true
			}
		}, {
			"streams":	[{
					"socket":	6,
					"start":	47.000557,
					"end":	48.000428,
					"seconds":	0.999871015548706,
					"bytes":	0,
					"bits_per_second":	0,
					"retransmits":	0,
					"snd_cwnd":	39096,
					"snd_wnd":	3145728,
					"rtt":	200697,
					"rttvar":	1179,
					"pmtu":	1500,
					"omitted":	false,
					"sender":	true
				}],
			"sum":	{
				"start":	47.000557,
				"end":	48.000428,
				"seconds":	0.999871015548706,
				"bytes":	0,
				"bits_per_second":	0,
				"retransmits":	0,
				"omitted":	false,
				"sender":	true
			}
		}, {
			"streams":	[{
					"socket":	6,
					"start":	48.000428,
					"end":	49.001045,
					"seconds":	1.0006170272827148,
					"bytes":	0,
					"bits_per_second":	0,
					"retransmits":	5,
					"snd_cwnd":	28960,
					"snd_wnd":	3145728,
					"rtt":	204187,
					"rttvar":	3299,
					"pmtu":	1500,
					"omitted":	false,
					"sender":	true
				}],
			"sum":	{
				"start":	48.000428,
				"end":	49.001045,
				"seconds":	1.0006170272827148,
				"bytes":	0,
				"bits_per_second":	0,
				"retransmits":	5,
				"omitted":	false,
				"sender":	true
			}
		}, {
			"streams":	[{
					"socket":	6,
					"start":	49.001045,
					"end":	50.001036,
					"seconds":	0.999990999698639,
					"bytes":	0,
					"bits_per_second":	0,
					"retransmits":	0,
					"snd_cwnd":	37648,
					"snd_wnd":	3145728,
					"rtt":	200441,
					"rttvar":	700,
					"pmtu":	1500,
					"omitted":	false,
					"sender":	true
				}],
			"sum":	{
				"start":	49.001045,
				"end":	50.001036,
				"seconds":	0.999990999698639,
				"bytes":	0,
				"bits_per_second":	0,
				"retransmits":	0,
				"omitted":	false,
				"sender":	true
			}
		}, {
			"streams":	[{
					"socket":	6,
					"start":	50.001036,
					"end":	51.001213,
					"seconds":	1.0001770257949829,
					"bytes":	0,
					"bits_per_second":	0,
					"retransmits":	7,
					"snd_cwnd":	30408,
					"snd_wnd":	3145728,
					"rtt":	200448,
					"rttvar":	579,
					"pmtu":	1500,
					"omitted":	false,
					"sender":	true
				}],
			"sum":	{
				"start":	50.001036,
				"end":	51.001213,
				"seconds":	1.0001770257949829,
				"bytes":	0,
				"bits_per_second":	0,
				"retransmits":	7,
				"omitted":	false,
				"sender":	true
			}
		}, {
			"streams":	[{
					"socket":	6,
					"start":	51.001213,
					"end":	52.00104,
					"seconds":	0.99982702732086182,
					"bytes":	0,
					"bits_per_second":	0,
					"retransmits":	2,
					"snd_cwnd":	24616,
					"snd_wnd":	3145728,
					"rtt":	206896,
					"rttvar":	10081,
					"pmtu":	1500,
					"omitted":	false,
					"sender":	true
				}],
			"sum":	{
				"start":	51.001213,
				"end":	52.00104,
				"seconds":	0.99982702732086182,
				"bytes":	0,
				"bits_per_second":	0,
				"retransmits":	2,
				"omitted":	false,
				"sender":	true
			}
		}, {
			"streams":	[{
					"socket":	6,
					"start":	52.00104,
					"end":	53.000129,
					"seconds":	0.999089002609253,
					"bytes":	1042560,
					"bits_per_second":	8348085.0837290119,
					"retransmits":	0,
					"snd_cwnd":	33304,
					"snd_wnd":	3145728,
					"rtt":	202347,
					"rttvar":	1823,
					"pmtu":	1500,
					"omitted":	false,
					"sender":	true
				}],
			"sum":	{
				"start":	52.00104,
				"end":	53.000129,
				"seconds":	0.999089002609253,
				"bytes":	1042560,
				"bits_per_second":	8348085.0837290119,
				"retransmits":	0,
				"omitted":	false,
				"sender":	true
			}
		}, {
			"streams":	[{
					"socket":	6,
					"start":	53.000129,
					"end":	54.001032,
					"seconds":	1.0009030103683472,
					"bytes":	0,
					"bits_per_second":	0,
					"retransmits":	7,
					"snd_cwnd":	23168,
					"snd_wnd":	3145728,
					"rtt":	207597,
					"rttvar":	4436,
					"pmtu":	1500,
					"omitted":	false,
					"sender":	true
				}],
			"sum":	{
				"start":	53.000129,
				"end":	54.001032,
				"seconds":	1.0009030103683472,
				"bytes":	0,
				"bits_per_second":	0,
				"retransmits":	7,
				"omitted":	false,
				"sender":	true
			}
		}, {
			"streams":	[{
					"socket":	6,
					"start":	54.001032,
					"end":	55.001033,
					"seconds":	1.0000009536743164,
					"bytes":	0,
					"bits_per_second":	0,
					"retransmits":	6,
					"snd_cwnd":	23168,
					"snd_wnd":	3145728,
					"rtt":	204611,
					"rttvar":	2136,
					"pmtu":	1500,
					"omitted":	false,
					"sender":	true
				}],
			"sum":	{
				"start":	54.001032,
				"end":	55.001033,
				"seconds":	1.0000009536743164,
				"bytes":	0,
				"bits_per_second":	0,
				"retransmits":	6,
				"omitted":	false,
				"sender":	true
			}
		}, {
			"streams":	[{
					"socket":	6,
					"start":	55.001033,
					"end":	56.001043,
					"seconds":	1.0000100135803223,
					"bytes":	0,
					"bits_per_second":	0,
					"retransmits":	2,
					"snd_cwnd":	17376,
					"snd_wnd":	3143552,
					"rtt":	202582,
					"rttvar":	2701,
					"pmtu":	1500,
					"omitted":	false,
					"sender":	true
				}],
			"sum":	{
				"start":	55.001033,
				"end":	56.001043,
				"seconds":	1.0000100135803223,
				"bytes":	0,
				"bits_per_second":	0,
				"retransmits":	2,
				"omitted":	false,
				"sender":	true
			}
		}, {
			"streams":	[{
					"socket":	6,
					"start":	56.001043,
					"end":	57.001057,
					"seconds":	1.0000139474868774,
					"bytes":	0,
					"bits_per_second":	0,
					"retransmits":	1,
					"snd_cwnd":	21720,
					"snd_wnd":	3145728,
					"rtt":	205245,
					"rttvar":	2024,
					"pmtu":	1500,
					"omitted":	false,
					"sender":	true
				}],
			"sum":	{
				"start":	56.001043,
				"end":	57.001057,
				"seconds":	1.0000139474868774,
				"bytes":	0,
				"bits_per_second":	0,
				"retransmits":	1,
				"omitted":	false,
				"sender":	true
			}
		}, {
			"streams":	[{
					"socket":	6,
					"start":	57.001057,
					"end":	58.001066,
					"seconds":	1.0000089406967163,
					"bytes":	0,
					"bits_per_second":	0,
					"retransmits":	5,
					"snd_cwnd":	21720,
					"snd_wnd":	3145728,
					"rtt":	201462,
					"rttvar":	2381,
					"pmtu":	1500,
					"omitted":	false,
					"sender":	true
				}],
			"sum":	{
				"start":	57.001057,
				"end":	58.001066,
				"seconds":	1.0000089406967163,
				"bytes":	0,
				"bits_per_second":	0,
				"retransmits":	5,
				"omitted":	false,
				"sender":	true
			}
		}, {
			"streams":	[{
					"socket":	6,
					"start":	58.001066,
					"end":	59.001062,
					"seconds":	0.9999960064888,
					"bytes":	0,
					"bits_per_second":	0,
					"retransmits":	0,
					"snd_cwnd":	23168,
					"snd_wnd":	3145728,
					"rtt":	200287,
					"rttvar":	395,
					"pmtu":	1500,
					"omitted":	false,
					"sender":	true
				}],
			"sum":	{
				"start":	58.001066,
				"end":	59.001062,
				"seconds":	0.9999960064888,
				"bytes":	0,
				"bits_per_second":	0,
				"retransmits":	0,
				"omitted":	false,
				"sender":	true
			}
		}, {
			"streams":	[{
					"socket":	6,
					"start":	59.001062,
					"end":	60.001041,
					"seconds":	0.999979019165039,
					"bytes":	0,
					"bits_per_second":	0,
					"retransmits":	2,
					"snd_cwnd":	18824,
					"snd_wnd":	3145728,
					"rtt":	213165,
					"rttvar":	15129,
					"pmtu":	1500,
					"omitted":	false,
					"sender":	true
				}],
			"sum":	{
				"start":	59.001062,
				"end":	60.001041,
				"seconds":	0.999979019165039,
				"bytes":	0,
				"bits_per_second":	0,
				"retransmits":	2,
				"omitted":	false,
				"sender":	true
			}
		}],
	"end":	{
		"streams":	[{
				"sender":	{
					"socket":	6,
					"start":	0,
					"end":	60.001041,
					"seconds":	60.001041,
					"bytes":	22613416,
					"bits_per_second":	3015069.8218719237,
					"retransmits":	385,
					"max_snd_cwnd":	435848,
					"max_snd_wnd":	3145728,
					"max_rtt":	213165,
					"min_rtt":	200090,
					"mean_rtt":	203421,
					"sender":	true
				},
				"receiver":	{
					"socket":	6,
					"start":	0,
					"end":	60.201214,
					"seconds":	60.001041,
					"bytes":	20290824,
					"bits_per_second":	2696400.6406913986,
					"sender":	true
				}
			}],
		"sum_sent":	{
			"start":	0,
			"end":	60.001041,
			"seconds":	60.001041,
			"bytes":	22613416,
			"bits_per_second":	3015069.8218719237,
			"retransmits":	385,
			"sender":	true
		},
		"sum_received":	{
			"start":	0,
			"end":	60.201214,
			"seconds":	60.201214,
			"bytes":	20290824,
			"bits_per_second":	2696400.6406913986,
			"sender":	true
		},
		"cpu_utilization_percent":	{
			"host_total":	0.34138469447628134,
			"host_user":	0.0432850958637661,
			"host_system":	0.29809795397951766,
			"remote_total":	0.20914689994607585,
			"remote_user":	0.084013237803276,
			"remote_system":	0.1251353232385114
		},
		"sender_tcp_congestion":	"cubic",
		"receiver_tcp_congestion":	"cubic"
	}
}
