{
	"start":	{
		"connected":	[{
				"socket":	6,
				"local_host":	"192.168.101.210",
				"local_port":	53210,
				"remote_host":	"192.168.100.168",
				"remote_port":	5202
			}],
		"version":	"iperf 3.11",
		"system_info":	"Linux f1 6.0.10-300.fc37.x86_64 #1 SMP PREEMPT_DYNAMIC Sat Nov 26 16:55:13 UTC 2022 x86_64",
		"timestamp":	{
			"time":	"Sat, 10 Dec 2022 20:30:57 GMT",
			"timesecs":	1670704257
		},
		"connecting_to":	{
			"host":	"192.168.100.168",
			"port":	5202
		},
		"cookie":	"esoxtg3rkwsyngnrnitsvqgwsquyfov3e3fn",
		"tcp_mss_default":	1448,
		"target_bitrate":	0,
		"sock_bufsize":	0,
		"sndbuf_actual":	16384,
		"rcvbuf_actual":	131072,
		"test_start":	{
			"protocol":	"TCP",
			"num_streams":	1,
			"blksize":	131072,
			"omit":	0,
			"duration":	60,
			"bytes":	0,
			"blocks":	0,
			"reverse":	0,
			"tos":	0,
			"target_bitrate":	0
		}
	},
	"intervals":	[{
			"streams":	[{
					"socket":	6,
					"start":	0,
					"end":	1.000311,
					"seconds":	1.000311017036438,
					"bytes":	22675456,
					"bits_per_second":	181347245.9170087,
					"retransmits":	0,
					"snd_cwnd":	118736,
					"snd_wnd":	3143552,
					"rtt":	25525,
					"rttvar":	311,
					"pmtu":	1500,
					"omitted":	false,
					"sender":	true
				}],
			"sum":	{
				"start":	0,
				"end":	1.000311,
				"seconds":	1.000311017036438,
				"bytes":	22675456,
				"bits_per_second":	181347245.9170087,
				"retransmits":	0,
				"omitted":	false,
				"sender":	true
			}
		}, {
			"streams":	[{
					"socket":	6,
					"start":	1.000311,
					"end":	2.000358,
					"seconds":	1.000046968460083,
					"bytes":	2621440,
					"bits_per_second":	20970535.046261761,
					"retransmits":	0,
					"snd_cwnd":	43440,
					"snd_wnd":	3143552,
					"rtt":	25244,
					"rttvar":	548,
					"pmtu":	1500,
					"omitted":	false,
					"sender":	true
				}],
			"sum":	{
				"start":	1.000311,
				"end":	2.000358,
				"seconds":	1.000046968460083,
				"bytes":	2621440,
				"bits_per_second":	20970535.046261761,
				"retransmits":	0,
				"omitted":	false,
				"sender":	true
			}
		}, {
			"streams":	[{
					"socket":	6,
					"start":	2.000358,
					"end":	3.000571,
					"seconds":	1.0002130270004272,
					"bytes":	1310720,
					"bits_per_second":	10483526.725747716,
					"retransmits":	0,
					"snd_cwnd":	34752,
					"snd_wnd":	3143552,
					"rtt":	25486,
					"rttvar":	943,
					"pmtu":	1500,
					"omitted":	false,
					"sender":	true
				}],
			"sum":	{
				"start":	2.000358,
				"end":	3.000571,
				"seconds":	1.0002130270004272,
				"bytes":	1310720,
				"bits_per_second":	10483526.725747716,
				"retransmits":	0,
				"omitted":	false,
				"sender":	true
			}
		}, {
			"streams":	[{
					"socket":	6,
					"start":	3.000571,
					"end":	4.000633,
					"seconds":	1.0000619888305664,
					"bytes":	1310720,
					"bits_per_second":	10485110.040290242,
					"retransmits":	0,
					"snd_cwnd":	34752,
					"snd_wnd":	3143552,
					"rtt":	25343,
					"rttvar":	469,
					"pmtu":	1500,
					"omitted":	false,
					"sender":	true
				}],
			"sum":	{
				"start":	3.000571,
				"end":	4.000633,
				"seconds":	1.0000619888305664,
				"bytes":	1310720,
				"bits_per_second":	10485110.040290242,
				"retransmits":	0,
				"omitted":	false,
				"sender":	true
			}
		}, {
			"streams":	[{
					"socket":	6,
					"start":	4.000633,
					"end":	5.00061,
					"seconds":	0.9999769926071167,
					"bytes":	1310720,
					"bits_per_second":	10486001.255550662,
					"retransmits":	0,
					"snd_cwnd":	34752,
					"snd_wnd":	3143552,
					"rtt":	25575,
					"rttvar":	570,
					"pmtu":	1500,
					"omitted":	false,
					"sender":	true
				}],
			"sum":	{
				"start":	4.000633,
				"end":	5.00061,
				"seconds":	0.9999769926071167,
				"bytes":	1310720,
				"bits_per_second":	10486001.255550662,
				"retransmits":	0,
				"omitted":	false,
				"sender":	true
			}
		}, {
			"streams":	[{
					"socket":	6,
					"start":	5.00061,
					"end":	6.000608,
					"seconds":	0.99999797344207764,
					"bytes":	1310720,
					"bits_per_second":	10485781.250043064,
					"retransmits":	0,
					"snd_cwnd":	31856,
					"snd_wnd":	3143552,
					"rtt":	25622,
					"rttvar":	418,
					"pmtu":	1500,
					"omitted":	false,
					"sender":	true
				}],
			"sum":	{
				"start":	5.00061,
				"end":	6.000608,
				"seconds":	0.99999797344207764,
				"bytes":	1310720,
				"bits_per_second":	10485781.250043064,
				"retransmits":	0,
				"omitted":	false,
				"sender":	true
			}
		}, {
			"streams":	[{
					"socket":	6,
					"start":	6.000608,
					"end":	7.000521,
					"seconds":	0.999912977218628,
					"bytes":	1310720,
					"bits_per_second":	10486672.5794152,
					"retransmits":	0,
					"snd_cwnd":	34752,
					"snd_wnd":	3143552,
					"rtt":	25493,
					"rttvar":	350,
					"pmtu":	1500,
					"omitted":	false,
					"sender":	true
				}],
			"sum":	{
				"start":	6.000608,
				"end":	7.000521,
				"seconds":	0.999912977218628,
				"bytes":	1310720,
				"bits_per_second":	10486672.5794152,
				"retransmits":	0,
				"omitted":	false,
				"sender":	true
			}
		}, {
			"streams":	[{
					"socket":	6,
					"start":	7.000521,
					"end":	8.000529,
					"seconds":	1.0000079870224,
					"bytes":	1310720,
					"bits_per_second":	10485676.250668908,
					"retransmits":	0,
					"snd_cwnd":	34752,
					"snd_wnd":	3143552,
					"rtt":	25011,
					"rttvar":	466,
					"pmtu":	1500,
					"omitted":	false,
					"sender":	true
				}],
			"sum":	{
				"start":	7.000521,
				"end":	8.000529,
				"seconds":	1.0000079870224,
				"bytes":	1310720,
				"bits_per_second":	10485676.250668908,
				"retransmits":	0,
				"omitted":	false,
				"sender":	true
			}
		}, {
			"streams":	[{
					"socket":	6,
					"start":	8.000529,
					"end":	9.000461,
					"seconds":	0.99993199110031128,
					"bytes":	1310720,
					"bits_per_second":	10486473.173502145,
					"retransmits":	0,
					"snd_cwnd":	31856,
					"snd_wnd":	3143552,
					"rtt":	25169,
					"rttvar":	462,
					"pmtu":	1500,
					"omitted":	false,
					"sender":	true
				}],
			"sum":	{
				"start":	8.000529,
				"end":	9.000461,
				"seconds":	0.99993199110031128,
				"bytes":	1310720,
				"bits_per_second":	10486473.173502145,
				"retransmits":	0,
				"omitted":	false,
				"sender":	true
			}
		}, {
			"streams":	[{
					"socket":	6,
					"start":	9.000461,
					"end":	10.000355,
					"seconds":	0.99989402294158936,
					"bytes":	1310720,
					"bits_per_second":	10486871.367779488,
					"retransmits":	0,
					"snd_cwnd":	31856,
					"snd_wnd":	3143552,
					"rtt":	25257,
					"rttvar":	464,
					"pmtu":	1500,
					"omitted":	false,
					"sender":	true
				}],
			"sum":	{
				"start":	9.000461,
				"end":	10.000355,
				"seconds":	0.99989402294158936,
				"bytes":	1310720,
				"bits_per_second":	10486871.367779488,
				"retransmits":	0,
				"omitted":	false,
				"sender":	true
			}
		}, {
			"streams":	[{
					"socket":	6,
					"start":	10.000355,
					"end":	11.000075,
					"seconds":	0.99971997737884521,
					"bytes":	2621440,
					"bits_per_second":	20977394.144893449,
					"retransmits":	0,
					"snd_cwnd":	275120,
					"snd_wnd":	3143552,
					"rtt":	25865,
					"rttvar":	463,
					"pmtu":	1500,
					"omitted":	false,
					"sender":	true
				}],
			"sum":	{
				"start":	10.000355,
				"end":	11.000075,
				"seconds":	0.99971997737884521,
				"bytes":	2621440,
				"bits_per_second":	20977394.144893449,
				"retransmits":	0,
				"omitted":	false,
				"sender":	true
			}
		}, {
			"streams":	[{
					"socket":	6,
					"start":	11.000075,
					"end":	12.000116,
					"seconds":	1.0000410079956055,
					"bytes":	7864320,
					"bits_per_second":	62911980.1057963,
					"retransmits":	0,
					"snd_cwnd":	790608,
					"snd_wnd":	3143552,
					"rtt":	28031,
					"rttvar":	325,
					"pmtu":	1500,
					"omitted":	false,
					"sender":	true
				}],
			"sum":	{
				"start":	11.000075,
				"end":	12.000116,
				"seconds":	1.0000410079956055,
				"bytes":	7864320,
				"bits_per_second":	62911980.1057963,
				"retransmits":	0,
				"omitted":	false,
				"sender":	true
			}
		}, {
			"streams":	[{
					"socket":	6,
					"start":	12.000116,
					"end":	13.000065,
					"seconds":	0.99994897842407227,
					"bytes":	22282240,
					"bits_per_second":	178267015.4640649,
					"retransmits":	0,
					"snd_cwnd":	1656512,
					"snd_wnd":	3143552,
					"rtt":	33276,
					"rttvar":	576,
					"pmtu":	1500,
					"omitted":	false,
					"sender":	true
				}],
			"sum":	{
				"start":	12.000116,
				"end":	13.000065,
				"seconds":	0.99994897842407227,
				"bytes":	22282240,
				"bits_per_second":	178267015.4640649,
				"retransmits":	0,
				"omitted":	false,
				"sender":	true
			}
		}, {
			"streams":	[{
					"socket":	6,
					"start":	13.000065,
					"end":	14.000074,
					"seconds":	1.0000089406967163,
					"bytes":	41943040,
					"bits_per_second":	335541320.02682185,
					"retransmits":	0,
					"snd_cwnd":	2945232,
					"snd_wnd":	3143552,
					"rtt":	45485,
					"rttvar":	371,
					"pmtu":	1500,
					"omitted":	false,
					"sender":	true
				}],
			"sum":	{
				"start":	13.000065,
				"end":	14.000074,
				"seconds":	1.0000089406967163,
				"bytes":	41943040,
				"bits_per_second":	335541320.02682185,
				"retransmits":	0,
				"omitted":	false,
				"sender":	true
			}
		}, {
			"streams":	[{
					"socket":	6,
					"start":	14.000074,
					"end":	15.000071,
					"seconds":	0.99999701976776123,
					"bytes":	56360960,
					"bits_per_second":	450889023.75400472,
					"retransmits":	0,
					"snd_cwnd":	3202976,
					"snd_wnd":	3143552,
					"rtt":	49310,
					"rttvar":	461,
					"pmtu":	1500,
					"omitted":	false,
					"sender":	true
				}],
			"sum":	{
				"start":	14.000074,
				"end":	15.000071,
				"seconds":	0.99999701976776123,
				"bytes":	56360960,
				"bits_per_second":	450889023.75400472,
				"retransmits":	0,
				"omitted":	false,
				"sender":	true
			}
		}, {
			"streams":	[{
					"socket":	6,
					"start":	15.000071,
					"end":	16.000076,
					"seconds":	1.0000050067901611,
					"bytes":	56360960,
					"bits_per_second":	450885422.51130277,
					"retransmits":	0,
					"snd_cwnd":	3324608,
					"snd_wnd":	3143552,
					"rtt":	49081,
					"rttvar":	1063,
					"pmtu":	1500,
					"omitted":	false,
					"sender":	true
				}],
			"sum":	{
				"start":	15.000071,
				"end":	16.000076,
				"seconds":	1.0000050067901611,
				"bytes":	56360960,
				"bits_per_second":	450885422.51130277,
				"retransmits":	0,
				"omitted":	false,
				"sender":	true
			}
		}, {
			"streams":	[{
					"socket":	6,
					"start":	16.000076,
					"end":	17.000073,
					"seconds":	0.99999701976776123,
					"bytes":	56360960,
					"bits_per_second":	450889023.75400472,
					"retransmits":	0,
					"snd_cwnd":	3174016,
					"snd_wnd":	3143552,
					"rtt":	49097,
					"rttvar":	575,
					"pmtu":	1500,
					"omitted":	false,
					"sender":	true
				}],
			"sum":	{
				"start":	16.000076,
				"end":	17.000073,
				"seconds":	0.99999701976776123,
				"bytes":	56360960,
				"bits_per_second":	450889023.75400472,
				"retransmits":	0,
				"omitted":	false,
				"sender":	true
			}
		}, {
			"streams":	[{
					"socket":	6,
					"start":	17.000073,
					"end":	18.000068,
					"seconds":	0.999994993209839,
					"bytes":	56360960,
					"bits_per_second":	450889937.51130289,
					"retransmits":	0,
					"snd_cwnd":	3301440,
					"snd_wnd":	3143552,
					"rtt":	50459,
					"rttvar":	687,
					"pmtu":	1500,
					"omitted":	false,
					"sender":	true
				}],
			"sum":	{
				"start":	17.000073,
				"end":	18.000068,
				"seconds":	0.999994993209839,
				"bytes":	56360960,
				"bits_per_second":	450889937.51130289,
				"retransmits":	0,
				"omitted":	false,
				"sender":	true
			}
		}, {
			"streams":	[{
					"socket":	6,
					"start":	18.000068,
					"end":	19.000071,
					"seconds":	1.0000029802322388,
					"bytes":	57671680,
					"bits_per_second":	461372065.00409782,
					"retransmits":	0,
					"snd_cwnd":	3220352,
					"snd_wnd":	3143552,
					"rtt":	49328,
					"rttvar":	612,
					"pmtu":	1500,
					"omitted":	false,
					"sender":	true
				}],
			"sum":	{
				"start":	18.000068,
				"end":	19.000071,
				"seconds":	1.0000029802322388,
				"bytes":	57671680,
				"bits_per_second":	461372065.00409782,
				"retransmits":	0,
				"omitted":	false,
				"sender":	true
			}
		}, {
			"streams":	[{
					"socket":	6,
					"start":	19.000071,
					"end":	20.00007,
					"seconds":	0.99999898672103882,
					"bytes":	56360960,
					"bits_per_second":	450888136.875463,
					"retransmits":	0,
					"snd_cwnd":	3165328,
					"snd_wnd":	3143552,
					"rtt":	48264,
					"rttvar":	447,
					"pmtu":	1500,
					"omitted":	false,
					"sender":	true
				}],
			"sum":	{
				"start":	19.000071,
				"end":	20.00007,
				"seconds":	0.99999898672103882,
				"bytes":	56360960,
				"bits_per_second":	450888136.875463,
				"retransmits":	0,
				"omitted":	false,
				"sender":	true
			}
		}, {
			"streams":	[{
					"socket":	6,
					"start":	20.00007,
					"end":	21.000082,
					"seconds":	1.0000120401382446,
					"bytes":	41943040,
					"bits_per_second":	335540280.04864156,
					"retransmits":	0,
					"snd_cwnd":	3454928,
					"snd_wnd":	3143552,
					"rtt":	49121,
					"rttvar":	585,
					"pmtu":	1500,
					"omitted":	false,
					"sender":	true
				}],
			"sum":	{
				"start":	20.00007,
				"end":	21.000082,
				"seconds":	1.0000120401382446,
				"bytes":	41943040,
				"bits_per_second":	335540280.04864156,
				"retransmits":	0,
				"omitted":	false,
				"sender":	true
			}
		}, {
			"streams":	[{
					"socket":	6,
					"start":	21.000082,
					"end":	22.000068,
					"seconds":	0.99998599290847778,
					"bytes":	57671680,
					"bits_per_second":	461379902.59052211,
					"retransmits":	0,
					"snd_cwnd":	3544704,
					"snd_wnd":	3143552,
					"rtt":	50000,
					"rttvar":	621,
					"pmtu":	1500,
					"omitted":	false,
					"sender":	true
				}],
			"sum":	{
				"start":	21.000082,
				"end":	22.000068,
				"seconds":	0.99998599290847778,
				"bytes":	57671680,
				"bits_per_second":	461379902.59052211,
				"retransmits":	0,
				"omitted":	false,
				"sender":	true
			}
		}, {
			"streams":	[{
					"socket":	6,
					"start":	22.000068,
					"end":	23.00007,
					"seconds":	1.0000020265579224,
					"bytes":	56360960,
					"bits_per_second":	450886766.25185174,
					"retransmits":	0,
					"snd_cwnd":	3573664,
					"snd_wnd":	3143552,
					"rtt":	47729,
					"rttvar":	1095,
					"pmtu":	1500,
					"omitted":	false,
					"sender":	true
				}],
			"sum":	{
				"start":	22.000068,
				"end":	23.00007,
				"seconds":	1.0000020265579224,
				"bytes":	56360960,
				"bits_per_second":	450886766.25185174,
				"retransmits":	0,
				"omitted":	false,
				"sender":	true
			}
		}, {
			"streams":	[{
					"socket":	6,
					"start":	23.00007,
					"end":	24.000067,
					"seconds":	0.99999701976776123,
					"bytes":	56360960,
					"bits_per_second":	450889023.75400472,
					"retransmits":	0,
					"snd_cwnd":	3486784,
					"snd_wnd":	3143552,
					"rtt":	49186,
					"rttvar":	419,
					"pmtu":	1500,
					"omitted":	false,
					"sender":	true
				}],
			"sum":	{
				"start":	23.00007,
				"end":	24.000067,
				"seconds":	0.99999701976776123,
				"bytes":	56360960,
				"bits_per_second":	450889023.75400472,
				"retransmits":	0,
				"omitted":	false,
				"sender":	true
			}
		}, {
			"streams":	[{
					"socket":	6,
					"start":	24.000067,
					"end":	25.000064,
					"seconds":	0.99999701976776123,
					"bytes":	57671680,
					"bits_per_second":	461374815.00409782,
					"retransmits":	0,
					"snd_cwnd":	3521536,
					"snd_wnd":	3143552,
					"rtt":	49980,
					"rttvar":	892,
					"pmtu":	1500,
					"omitted":	false,
					"sender":	true
				}],
			"sum":	{
				"start":	24.000067,
				"end":	25.000064,
				"seconds":	0.99999701976776123,
				"bytes":	57671680,
				"bits_per_second":	461374815.00409782,
				"retransmits":	0,
				"omitted":	false,
				"sender":	true
			}
		}, {
			"streams":	[{
					"socket":	6,
					"start":	25.000064,
					"end":	26.000067,
					"seconds":	1.0000029802322388,
					"bytes":	56360960,
					"bits_per_second":	450886336.25400466,
					"retransmits":	0,
					"snd_cwnd":	3460720,
					"snd_wnd":	3143552,
					"rtt":	48674,
					"rttvar":	253,
					"pmtu":	1500,
					"omitted":	false,
					"sender":	true
				}],
			"sum":	{
				"start":	25.000064,
				"end":	26.000067,
				"seconds":	1.0000029802322388,
				"bytes":	56360960,
				"bits_per_second":	450886336.25400466,
				"retransmits":	0,
				"omitted":	false,
				"sender":	true
			}
		}, {
			"streams":	[{
					"socket":	6,
					"start":	26.000067,
					"end":	27.000065,
					"seconds":	0.99999797344207764,
					"bytes":	56360960,
					"bits_per_second":	450888593.7518518,
					"retransmits":	0,
					"snd_cwnd":	3515744,
					"snd_wnd":	3143552,
					"rtt":	48916,
					"rttvar":	437,
					"pmtu":	1500,
					"omitted":	false,
					"sender":	true
				}],
			"sum":	{
				"start":	26.000067,
				"end":	27.000065,
				"seconds":	0.99999797344207764,
				"bytes":	56360960,
				"bits_per_second":	450888593.7518518,
				"retransmits":	0,
				"omitted":	false,
				"sender":	true
			}
		}, {
			"streams":	[{
					"socket":	6,
					"start":	27.000065,
					"end":	28.000074,
					"seconds":	1.0000089406967163,
					"bytes":	57671680,
					"bits_per_second":	461369315.03688,
					"retransmits":	0,
					"snd_cwnd":	3550496,
					"snd_wnd":	3143552,
					"rtt":	49586,
					"rttvar":	798,
					"pmtu":	1500,
					"omitted":	false,
					"sender":	true
				}],
			"sum":	{
				"start":	27.000065,
				"end":	28.000074,
				"seconds":	1.0000089406967163,
				"bytes":	57671680,
				"bits_per_second":	461369315.03688,
				"retransmits":	0,
				"omitted":	false,
				"sender":	true
			}
		}, {
			"streams":	[{
					"socket":	6,
					"start":	28.000074,
					"end":	29.000067,
					"seconds":	0.99999302625656128,
					"bytes":	56360960,
					"bits_per_second":	450890824.39692819,
					"retransmits":	0,
					"snd_cwnd":	3634480,
					"snd_wnd":	3143552,
					"rtt":	47998,
					"rttvar":	557,
					"pmtu":	1500,
					"omitted":	false,
					"sender":	true
				}],
			"sum":	{
				"start":	28.000074,
				"end":	29.000067,
				"seconds":	0.99999302625656128,
				"bytes":	56360960,
				"bits_per_second":	450890824.39692819,
				"retransmits":	0,
				"omitted":	false,
				"sender":	true
			}
		}, {
			"streams":	[{
					"socket":	6,
					"start":	29.000067,
					"end":	30.000076,
					"seconds":	1.0000089406967163,
					"bytes":	57671680,
					"bits_per_second":	461369315.03688,
					"retransmits":	0,
					"snd_cwnd":	3423072,
					"snd_wnd":	3143552,
					"rtt":	48514,
					"rttvar":	490,
					"pmtu":	1500,
					"omitted":	false,
					"sender":	true
				}],
			"sum":	{
				"start":	29.000067,
				"end":	30.000076,
				"seconds":	1.0000089406967163,
				"bytes":	57671680,
				"bits_per_second":	461369315.03688,
				"retransmits":	0,
				"omitted":	false,
				"sender":	true
			}
		}, {
			"streams":	[{
					"socket":	6,
					"start":	30.000076,
					"end":	31.000084,
					"seconds":	1.0000079870224,
					"bytes":	41943040,
					"bits_per_second":	335541640.021405,
					"retransmits":	0,
					"snd_cwnd":	3081344,
					"snd_wnd":	3143552,
					"rtt":	43440,
					"rttvar":	669,
					"pmtu":	1500,
					"omitted":	false,
					"sender":	true
				}],
			"sum":	{
				"start":	30.000076,
				"end":	31.000084,
				"seconds":	1.0000079870224,
				"bytes":	41943040,
				"bits_per_second":	335541640.021405,
				"retransmits":	0,
				"omitted":	false,
				"sender":	true
			}
		}, {
			"streams":	[{
					"socket":	6,
					"start":	31.000084,
					"end":	32.000073,
					"seconds":	0.99998897314071655,
					"bytes":	56360960,
					"bits_per_second":	450892651.92982477,
					"retransmits":	0,
					"snd_cwnd":	3478096,
					"snd_wnd":	3143552,
					"rtt":	47376,
					"rttvar":	1063,
					"pmtu":	1500,
					"omitted":	false,
					"sender":	true
				}],
			"sum":	{
				"start":	31.000084,
				"end":	32.000073,
				"seconds":	0.99998897314071655,
				"bytes":	56360960,
				"bits_per_second":	450892651.92982477,
				"retransmits":	0,
				"omitted":	false,
				"sender":	true
			}
		}, {
			"streams":	[{
					"socket":	6,
					"start":	32.000073,
					"end":	33.000065,
					"seconds":	0.9999920129776,
					"bytes":	56360960,
					"bits_per_second":	450891281.27876347,
					"retransmits":	0,
					"snd_cwnd":	3423072,
					"snd_wnd":	3143552,
					"rtt":	48432,
					"rttvar":	436,
					"pmtu":	1500,
					"omitted":	false,
					"sender":	true
				}],
			"sum":	{
				"start":	32.000073,
				"end":	33.000065,
				"seconds":	0.9999920129776,
				"bytes":	56360960,
				"bits_per_second":	450891281.27876347,
				"retransmits":	0,
				"omitted":	false,
				"sender":	true
			}
		}, {
			"streams":	[{
					"socket":	6,
					"start":	33.000065,
					"end":	34.00007,
					"seconds":	1.0000050067901611,
					"bytes":	56360960,
					"bits_per_second":	450885422.51130277,
					"retransmits":	0,
					"snd_cwnd":	3518640,
					"snd_wnd":	3143552,
					"rtt":	48763,
					"rttvar":	690,
					"pmtu":	1500,
					"omitted":	false,
					"sender":	true
				}],
			"sum":	{
				"start":	33.000065,
				"end":	34.00007,
				"seconds":	1.0000050067901611,
				"bytes":	56360960,
				"bits_per_second":	450885422.51130277,
				"retransmits":	0,
				"omitted":	false,
				"sender":	true
			}
		}, {
			"streams":	[{
					"socket":	6,
					"start":	34.00007,
					"end":	35.000065,
					"seconds":	0.999994993209839,
					"bytes":	57671680,
					"bits_per_second":	461375750.01156574,
					"retransmits":	0,
					"snd_cwnd":	3457824,
					"snd_wnd":	3143552,
					"rtt":	47254,
					"rttvar":	544,
					"pmtu":	1500,
					"omitted":	false,
					"sender":	true
				}],
			"sum":	{
				"start":	34.00007,
				"end":	35.000065,
				"seconds":	0.999994993209839,
				"bytes":	57671680,
				"bits_per_second":	461375750.01156574,
				"retransmits":	0,
				"omitted":	false,
				"sender":	true
			}
		}, {
			"streams":	[{
					"socket":	6,
					"start":	35.000065,
					"end":	36.000078,
					"seconds":	1.000012993812561,
					"bytes":	56360960,
					"bits_per_second":	450881821.32612652,
					"retransmits":	0,
					"snd_cwnd":	3498368,
					"snd_wnd":	3143552,
					"rtt":	49117,
					"rttvar":	558,
					"pmtu":	1500,
					"omitted":	false,
					"sender":	true
				}],
			"sum":	{
				"start":	35.000065,
				"end":	36.000078,
				"seconds":	1.000012993812561,
				"bytes":	56360960,
				"bits_per_second":	450881821.32612652,
				"retransmits":	0,
				"omitted":	false,
				"sender":	true
			}
		}, {
			"streams":	[{
					"socket":	6,
					"start":	36.000078,
					"end":	37.000075,
					"seconds":	0.99999701976776123,
					"bytes":	56360960,
					"bits_per_second":	450889023.75400472,
					"retransmits":	0,
					"snd_cwnd":	3388320,
					"snd_wnd":	3143552,
					"rtt":	46931,
					"rttvar":	505,
					"pmtu":	1500,
					"omitted":	false,
					"sender":	true
				}],
			"sum":	{
				"start":	36.000078,
				"end":	37.000075,
				"seconds":	0.99999701976776123,
				"bytes":	56360960,
				"bits_per_second":	450889023.75400472,
				"retransmits":	0,
				"omitted":	false,
				"sender":	true
			}
		}, {
			"streams":	[{
					"socket":	6,
					"start":	37.000075,
					"end":	38.000063,
					"seconds":	0.9999880194664,
					"bytes":	56360960,
					"bits_per_second":	450893081.93971813,
					"retransmits":	0,
					"snd_cwnd":	3399904,
					"snd_wnd":	3143552,
					"rtt":	48717,
					"rttvar":	459,
					"pmtu":	1500,
					"omitted":	false,
					"sender":	true
				}],
			"sum":	{
				"start":	37.000075,
				"end":	38.000063,
				"seconds":	0.9999880194664,
				"bytes":	56360960,
				"bits_per_second":	450893081.93971813,
				"retransmits":	0,
				"omitted":	false,
				"sender":	true
			}
		}, {
			"streams":	[{
					"socket":	6,
					"start":	38.000063,
					"end":	39.000062,
					"seconds":	0.99999898672103882,
					"bytes":	57671680,
					"bits_per_second":	461373907.50047374,
					"retransmits":	0,
					"snd_cwnd":	3347776,
					"snd_wnd":	3143552,
					"rtt":	50047,
					"rttvar":	747,
					"pmtu":	1500,
					"omitted":	false,
					"sender":	true
				}],
			"sum":	{
				"start":	38.000063,
				"end":	39.000062,
				"seconds":	0.99999898672103882,
				"bytes":	57671680,
				"bits_per_second":	461373907.50047374,
				"retransmits":	0,
				"omitted":	false,
				"sender":	true
			}
		}, {
			"streams":	[{
					"socket":	6,
					"start":	39.000062,
					"end":	40.000075,
					"seconds":	1.000012993812561,
					"bytes":	56360960,
					"bits_per_second":	450881821.32612652,
					"retransmits":	0,
					"snd_cwnd":	3512848,
					"snd_wnd":	3143552,
					"rtt":	50700,
					"rttvar":	778,
					"pmtu":	1500,
					"omitted":	false,
					"sender":	true
				}],
			"sum":	{
				"start":	39.000062,
				"end":	40.000075,
				"seconds":	1.000012993812561,
				"bytes":	56360960,
				"bits_per_second":	450881821.32612652,
				"retransmits":	0,
				"omitted":	false,
				"sender":	true
			}
		}, {
			"streams":	[{
					"socket":	6,
					"start":	40.000075,
					"end":	41.000159,
					"seconds":	1.0000840425491333,
					"bytes":	49807360,
					"bits_per_second":	398425395.31413835,
					"retransmits":	0,
					"snd_cwnd":	5792,
					"snd_wnd":	3143552,
					"rtt":	33748,
					"rttvar":	3543,
					"pmtu":	1500,
					"omitted":	false,
					"sender":	true
				}],
			"sum":	{
				"start":	40.000075,
				"end":	41.000159,
				"seconds":	1.0000840425491333,
				"bytes":	49807360,
				"bits_per_second":	398425395.31413835,
				"retransmits":	0,
				"omitted":	false,
				"sender":	true
			}
		}, {
			"streams":	[{
					"socket":	6,
					"start":	41.000159,
					"end":	42.000072,
					"seconds":	0.999912977218628,
					"bytes":	48496640,
					"bits_per_second":	388006885.43836236,
					"retransmits":	0,
					"snd_cwnd":	3420176,
					"snd_wnd":	3143552,
					"rtt":	48678,
					"rttvar":	909,
					"pmtu":	1500,
					"omitted":	false,
					"sender":	true
				}],
			"sum":	{
				"start":	41.000159,
				"end":	42.000072,
				"seconds":	0.999912977218628,
				"bytes":	48496640,
				"bits_per_second":	388006885.43836236,
				"retransmits":	0,
				"omitted":	false,
				"sender":	true
			}
		}, {
			"streams":	[{
					"socket":	6,
					"start":	42.000072,
					"end":	43.000076,
					"seconds":	1.0000040531158447,
					"bytes":	56360960,
					"bits_per_second":	450885852.507407,
					"retransmits":	0,
					"snd_cwnd":	3301440,
					"snd_wnd":	3143552,
					"rtt":	48071,
					"rttvar":	578,
					"pmtu":	1500,
					"omitted":	false,
					"sender":	true
				}],
			"sum":	{
				"start":	42.000072,
				"end":	43.000076,
				"seconds":	1.0000040531158447,
				"bytes":	56360960,
				"bits_per_second":	450885852.507407,
				"retransmits":	0,
				"omitted":	false,
				"sender":	true
			}
		}, {
			"streams":	[{
					"socket":	6,
					"start":	43.000076,
					"end":	44.000075,
					"seconds":	0.99999898672103882,
					"bytes":	56360960,
					"bits_per_second":	450888136.875463,
					"retransmits":	0,
					"snd_cwnd":	3359360,
					"snd_wnd":	3143552,
					"rtt":	48752,
					"rttvar":	708,
					"pmtu":	1500,
					"omitted":	false,
					"sender":	true
				}],
			"sum":	{
				"start":	43.000076,
				"end":	44.000075,
				"seconds":	0.99999898672103882,
				"bytes":	56360960,
				"bits_per_second":	450888136.875463,
				"retransmits":	0,
				"omitted":	false,
				"sender":	true
			}
		}, {
			"streams":	[{
					"socket":	6,
					"start":	44.000075,
					"end":	45.000072,
					"seconds":	0.99999701976776123,
					"bytes":	56360960,
					"bits_per_second":	450889023.75400472,
					"retransmits":	0,
					"snd_cwnd":	3431760,
					"snd_wnd":	3143552,
					"rtt":	49914,
					"rttvar":	873,
					"pmtu":	1500,
					"omitted":	false,
					"sender":	true
				}],
			"sum":	{
				"start":	44.000075,
				"end":	45.000072,
				"seconds":	0.99999701976776123,
				"bytes":	56360960,
				"bits_per_second":	450889023.75400472,
				"retransmits":	0,
				"omitted":	false,
				"sender":	true
			}
		}, {
			"streams":	[{
					"socket":	6,
					"start":	45.000072,
					"end":	46.000075,
					"seconds":	1.0000029802322388,
					"bytes":	56360960,
					"bits_per_second":	450886336.25400466,
					"retransmits":	0,
					"snd_cwnd":	3373840,
					"snd_wnd":	3143552,
					"rtt":	47903,
					"rttvar":	246,
					"pmtu":	1500,
					"omitted":	false,
					"sender":	true
				}],
			"sum":	{
				"start":	45.000072,
				"end":	46.000075,
				"seconds":	1.0000029802322388,
				"bytes":	56360960,
				"bits_per_second":	450886336.25400466,
				"retransmits":	0,
				"omitted":	false,
				"sender":	true
			}
		}, {
			"streams":	[{
					"socket":	6,
					"start":	46.000075,
					"end":	47.00007,
					"seconds":	0.999994993209839,
					"bytes":	56360960,
					"bits_per_second":	450889937.51130289,
					"retransmits":	0,
					"snd_cwnd":	3336192,
					"snd_wnd":	3143552,
					"rtt":	46516,
					"rttvar":	376,
					"pmtu":	1500,
					"omitted":	false,
					"sender":	true
				}],
			"sum":	{
				"start":	46.000075,
				"end":	47.00007,
				"seconds":	0.999994993209839,
				"bytes":	56360960,
				"bits_per_second":	450889937.51130289,
				"retransmits":	0,
				"omitted":	false,
				"sender":	true
			}
		}, {
			"streams":	[{
					"socket":	6,
					"start":	47.00007,
					"end":	48.000075,
					"seconds":	1.0000050067901611,
					"bytes":	56360960,
					"bits_per_second":	450885422.51130277,
					"retransmits":	0,
					"snd_cwnd":	3373840,
					"snd_wnd":	3143552,
					"rtt":	47965,
					"rttvar":	998,
					"pmtu":	1500,
					"omitted":	false,
					"sender":	true
				}],
			"sum":	{
				"start":	47.00007,
				"end":	48.000075,
				"seconds":	1.0000050067901611,
				"bytes":	56360960,
				"bits_per_second":	450885422.51130277,
				"retransmits":	0,
				"omitted":	false,
				"sender":	true
			}
		}, {
			"streams":	[{
					"socket":	6,
					"start":	48.000075,
					"end":	49.000068,
					"seconds":	0.99999302625656128,
					"bytes":	56360960,
					"bits_per_second":	450890824.39692819,
					"retransmits":	0,
					"snd_cwnd":	3437552,
					"snd_wnd":	3143552,
					"rtt":	48478,
					"rttvar":	502,
					"pmtu":	1500,
					"omitted":	false,
					"sender":	true
				}],
			"sum":	{
				"start":	48.000075,
				"end":	49.000068,
				"seconds":	0.99999302625656128,
				"bytes":	56360960,
				"bits_per_second":	450890824.39692819,
				"retransmits":	0,
				"omitted":	false,
				"sender":	true
			}
		}, {
			"streams":	[{
					"socket":	6,
					"start":	49.000068,
					"end":	50.000069,
					"seconds":	1.0000009536743164,
					"bytes":	57671680,
					"bits_per_second":	461373000.00041962,
					"retransmits":	0,
					"snd_cwnd":	3518640,
					"snd_wnd":	3143552,
					"rtt":	49161,
					"rttvar":	343,
					"pmtu":	1500,
					"omitted":	false,
					"sender":	true
				}],
			"sum":	{
				"start":	49.000068,
				"end":	50.000069,
				"seconds":	1.0000009536743164,
				"bytes":	57671680,
				"bits_per_second":	461373000.00041962,
				"retransmits":	0,
				"omitted":	false,
				"sender":	true
			}
		}, {
			"streams":	[{
					"socket":	6,
					"start":	50.000069,
					"end":	51.00008,
					"seconds":	1.0000109672546387,
					"bytes":	56360960,
					"bits_per_second":	450882735.05423248,
					"retransmits":	0,
					"snd_cwnd":	3460720,
					"snd_wnd":	3143552,
					"rtt":	48936,
					"rttvar":	574,
					"pmtu":	1500,
					"omitted":	false,
					"sender":	true
				}],
			"sum":	{
				"start":	50.000069,
				"end":	51.00008,
				"seconds":	1.0000109672546387,
				"bytes":	56360960,
				"bits_per_second":	450882735.05423248,
				"retransmits":	0,
				"omitted":	false,
				"sender":	true
			}
		}, {
			"streams":	[{
					"socket":	6,
					"start":	51.00008,
					"end":	52.000069,
					"seconds":	0.99998897314071655,
					"bytes":	43253760,
					"bits_per_second":	346033895.6670748,
					"retransmits":	0,
					"snd_cwnd":	3527328,
					"snd_wnd":	3143552,
					"rtt":	47422,
					"rttvar":	725,
					"pmtu":	1500,
					"omitted":	false,
					"sender":	true
				}],
			"sum":	{
				"start":	51.00008,
				"end":	52.000069,
				"seconds":	0.99998897314071655,
				"bytes":	43253760,
				"bits_per_second":	346033895.6670748,
				"retransmits":	0,
				"omitted":	false,
				"sender":	true
			}
		}, {
			"streams":	[{
					"socket":	6,
					"start":	52.000069,
					"end":	53.000074,
					"seconds":	1.0000050067901611,
					"bytes":	56360960,
					"bits_per_second":	450885422.51130277,
					"retransmits":	0,
					"snd_cwnd":	3495472,
					"snd_wnd":	3143552,
					"rtt":	49182,
					"rttvar":	241,
					"pmtu":	1500,
					"omitted":	false,
					"sender":	true
				}],
			"sum":	{
				"start":	52.000069,
				"end":	53.000074,
				"seconds":	1.0000050067901611,
				"bytes":	56360960,
				"bits_per_second":	450885422.51130277,
				"retransmits":	0,
				"omitted":	false,
				"sender":	true
			}
		}, {
			"streams":	[{
					"socket":	6,
					"start":	53.000074,
					"end":	54.000068,
					"seconds":	0.99999397993087769,
					"bytes":	56360960,
					"bits_per_second":	450890394.39134085,
					"retransmits":	0,
					"snd_cwnd":	3460720,
					"snd_wnd":	3143552,
					"rtt":	49410,
					"rttvar":	679,
					"pmtu":	1500,
					"omitted":	false,
					"sender":	true
				}],
			"sum":	{
				"start":	53.000074,
				"end":	54.000068,
				"seconds":	0.99999397993087769,
				"bytes":	56360960,
				"bits_per_second":	450890394.39134085,
				"retransmits":	0,
				"omitted":	false,
				"sender":	true
			}
		}, {
			"streams":	[{
					"socket":	6,
					"start":	54.000068,
					"end":	55.000073,
					"seconds":	1.0000050067901611,
					"bytes":	56360960,
					"bits_per_second":	450885422.51130277,
					"retransmits":	0,
					"snd_cwnd":	3457824,
					"snd_wnd":	3143552,
					"rtt":	48968,
					"rttvar":	528,
					"pmtu":	1500,
					"omitted":	false,
					"sender":	true
				}],
			"sum":	{
				"start":	54.000068,
				"end":	55.000073,
				"seconds":	1.0000050067901611,
				"bytes":	56360960,
				"bits_per_second":	450885422.51130277,
				"retransmits":	0,
				"omitted":	false,
				"sender":	true
			}
		}, {
			"streams":	[{
					"socket":	6,
					"start":	55.000073,
					"end":	56.000073,
					"seconds":	1,
					"bytes":	57671680,
					"bits_per_second":	461373440,
					"retransmits":	0,
					"snd_cwnd":	3564976,
					"snd_wnd":	3143552,
					"rtt":	49584,
					"rttvar":	722,
					"pmtu":	1500,
					"omitted":	false,
					"sender":	true
				}],
			"sum":	{
				"start":	55.000073,
				"end":	56.000073,
				"seconds":	1,
				"bytes":	57671680,
				"bits_per_second":	461373440,
				"retransmits":	0,
				"omitted":	false,
				"sender":	true
			}
		}, {
			"streams":	[{
					"socket":	6,
					"start":	56.000073,
					"end":	57.000076,
					"seconds":	1.0000029802322388,
					"bytes":	56360960,
					"bits_per_second":	450886336.25400466,
					"retransmits":	0,
					"snd_cwnd":	3588144,
					"snd_wnd":	3143552,
					"rtt":	48634,
					"rttvar":	571,
					"pmtu":	1500,
					"omitted":	false,
					"sender":	true
				}],
			"sum":	{
				"start":	56.000073,
				"end":	57.000076,
				"seconds":	1.0000029802322388,
				"bytes":	56360960,
				"bits_per_second":	450886336.25400466,
				"retransmits":	0,
				"omitted":	false,
				"sender":	true
			}
		}, {
			"streams":	[{
					"socket":	6,
					"start":	57.000076,
					"end":	58.000043,
					"seconds":	0.99996697902679443,
					"bytes":	56360960,
					"bits_per_second":	450902569.24165726,
					"retransmits":	0,
					"snd_cwnd":	3466512,
					"snd_wnd":	3143552,
					"rtt":	47918,
					"rttvar":	492,
					"pmtu":	1500,
					"omitted":	false,
					"sender":	true
				}],
			"sum":	{
				"start":	57.000076,
				"end":	58.000043,
				"seconds":	0.99996697902679443,
				"bytes":	56360960,
				"bits_per_second":	450902569.24165726,
				"retransmits":	0,
				"omitted":	false,
				"sender":	true
			}
		}, {
			"streams":	[{
					"socket":	6,
					"start":	58.000043,
					"end":	59.000066,
					"seconds":	1.0000230073928833,
					"bytes":	56360960,
					"bits_per_second":	450877306.48866743,
					"retransmits":	0,
					"snd_cwnd":	3567872,
					"snd_wnd":	3143552,
					"rtt":	48120,
					"rttvar":	577,
					"pmtu":	1500,
					"omitted":	false,
					"sender":	true
				}],
			"sum":	{
				"start":	58.000043,
				"end":	59.000066,
				"seconds":	1.0000230073928833,
				"bytes":	56360960,
				"bits_per_second":	450877306.48866743,
				"retransmits":	0,
				"omitted":	false,
				"sender":	true
			}
		}, {
			"streams":	[{
					"socket":	6,
					"start":	59.000066,
					"end":	60.000047,
					"seconds":	0.99998098611831665,
					"bytes":	57671680,
					"bits_per_second":	461382212.66680247,
					"retransmits":	0,
					"snd_cwnd":	3675024,
					"snd_wnd":	3143552,
					"rtt":	50363,
					"rttvar":	689,
					"pmtu":	1500,
					"omitted":	false,
					"sender":	true
				}],
			"sum":	{
				"start":	59.000066,
				"end":	60.000047,
				"seconds":	0.99998098611831665,
				"bytes":	57671680,
				"bits_per_second":	461382212.66680247,
				"retransmits":	0,
				"omitted":	false,
				"sender":	true
			}
		}],
	"end":	{
		"streams":	[{
				"sender":	{
					"socket":	6,
					"start":	0,
					"end":	60.000047,
					"seconds":	60.000047,
					"bytes":	2659844096,
					"bits_per_second":	354645601.66094536,
					"retransmits":	0,
					"max_snd_cwnd":	3675024,
					"max_snd_wnd":	3143552,
					"max_rtt":	50700,
					"min_rtt":	25011,
					"mean_rtt":	43502,
					"sender":	true
				},
				"receiver":	{
					"socket":	6,
					"start":	0,
					"end":	60.049438,
					"seconds":	60.000047,
					"bytes":	2659371208,
					"bits_per_second":	354290903.83826739,
					"sender":	true
				}
			}],
		"sum_sent":	{
			"start":	0,
			"end":	60.000047,
			"seconds":	60.000047,
			"bytes":	2659844096,
			"bits_per_second":	354645601.66094536,
			"retransmits":	0,
			"sender":	true
		},
		"sum_received":	{
			"start":	0,
			"end":	60.049438,
			"seconds":	60.049438,
			"bytes":	2659371208,
			"bits_per_second":	354290903.83826739,
			"sender":	true
		},
		"cpu_utilization_percent":	{
			"host_total":	0.50707322937348032,
			"host_user":	0.028563188164950282,
			"host_system":	0.47851004120853013,
			"remote_total":	3.0087252086830034,
			"remote_user":	0.18286261796360773,
			"remote_system":	2.825864256013527
		},
		"sender_tcp_congestion":	"bbr",
		"receiver_tcp_congestion":	"bbr"
	}
}
