{
	"start":	{
		"connected":	[{
				"socket":	6,
				"local_host":	"192.168.101.210",
				"local_port":	59464,
				"remote_host":	"192.168.100.168",
				"remote_port":	5202
			}],
		"version":	"iperf 3.11",
		"system_info":	"Linux f1 6.0.10-300.fc37.x86_64 #1 SMP PREEMPT_DYNAMIC Sat Nov 26 16:55:13 UTC 2022 x86_64",
		"timestamp":	{
			"time":	"Sat, 10 Dec 2022 20:32:59 GMT",
			"timesecs":	1670704379
		},
		"connecting_to":	{
			"host":	"192.168.100.168",
			"port":	5202
		},
		"cookie":	"vtg4yciu3nugyta64iznh5jhsiknl2pban2x",
		"tcp_mss_default":	1448,
		"target_bitrate":	0,
		"sock_bufsize":	0,
		"sndbuf_actual":	16384,
		"rcvbuf_actual":	131072,
		"test_start":	{
			"protocol":	"TCP",
			"num_streams":	1,
			"blksize":	131072,
			"omit":	0,
			"duration":	60,
			"bytes":	0,
			"blocks":	0,
			"reverse":	0,
			"tos":	0,
			"target_bitrate":	0
		}
	},
	"intervals":	[{
			"streams":	[{
					"socket":	6,
					"start":	0,
					"end":	1.000069,
					"seconds":	1.00006902217865,
					"bytes":	39583744,
					"bits_per_second":	316648096.258531,
					"retransmits":	0,
					"snd_cwnd":	9316432,
					"snd_wnd":	3143552,
					"rtt":	51847,
					"rttvar":	701,
					"pmtu":	1500,
					"omitted":	false,
					"sender":	true
				}],
			"sum":	{
				"start":	0,
				"end":	1.000069,
				"seconds":	1.00006902217865,
				"bytes":	39583744,
				"bits_per_second":	316648096.258531,
				"retransmits":	0,
				"omitted":	false,
				"sender":	true
			}
		}, {
			"streams":	[{
					"socket":	6,
					"start":	1.000069,
					"end":	2.000076,
					"seconds":	1.0000070333480835,
					"bytes":	58982400,
					"bits_per_second":	471855881.27334177,
					"retransmits":	0,
					"snd_cwnd":	9316432,
					"snd_wnd":	3143552,
					"rtt":	50382,
					"rttvar":	527,
					"pmtu":	1500,
					"omitted":	false,
					"sender":	true
				}],
			"sum":	{
				"start":	1.000069,
				"end":	2.000076,
				"seconds":	1.0000070333480835,
				"bytes":	58982400,
				"bits_per_second":	471855881.27334177,
				"retransmits":	0,
				"omitted":	false,
				"sender":	true
			}
		}, {
			"streams":	[{
					"socket":	6,
					"start":	2.000076,
					"end":	3.000064,
					"seconds":	0.9999880194664,
					"bytes":	60293120,
					"bits_per_second":	482350738.81923336,
					"retransmits":	0,
					"snd_cwnd":	9316432,
					"snd_wnd":	3143552,
					"rtt":	50892,
					"rttvar":	502,
					"pmtu":	1500,
					"omitted":	false,
					"sender":	true
				}],
			"sum":	{
				"start":	2.000076,
				"end":	3.000064,
				"seconds":	0.9999880194664,
				"bytes":	60293120,
				"bits_per_second":	482350738.81923336,
				"retransmits":	0,
				"omitted":	false,
				"sender":	true
			}
		}, {
			"streams":	[{
					"socket":	6,
					"start":	3.000064,
					"end":	4.000094,
					"seconds":	1.0000300407409668,
					"bytes":	58982400,
					"bits_per_second":	471845025.42581469,
					"retransmits":	0,
					"snd_cwnd":	9316432,
					"snd_wnd":	3143552,
					"rtt":	50379,
					"rttvar":	513,
					"pmtu":	1500,
					"omitted":	false,
					"sender":	true
				}],
			"sum":	{
				"start":	3.000064,
				"end":	4.000094,
				"seconds":	1.0000300407409668,
				"bytes":	58982400,
				"bits_per_second":	471845025.42581469,
				"retransmits":	0,
				"omitted":	false,
				"sender":	true
			}
		}, {
			"streams":	[{
					"socket":	6,
					"start":	4.000094,
					"end":	5.000079,
					"seconds":	0.9999849796295166,
					"bytes":	60293120,
					"bits_per_second":	482352205.10882419,
					"retransmits":	0,
					"snd_cwnd":	9316432,
					"snd_wnd":	3143552,
					"rtt":	51513,
					"rttvar":	695,
					"pmtu":	1500,
					"omitted":	false,
					"sender":	true
				}],
			"sum":	{
				"start":	4.000094,
				"end":	5.000079,
				"seconds":	0.9999849796295166,
				"bytes":	60293120,
				"bits_per_second":	482352205.10882419,
				"retransmits":	0,
				"omitted":	false,
				"sender":	true
			}
		}, {
			"streams":	[{
					"socket":	6,
					"start":	5.000079,
					"end":	6.000088,
					"seconds":	1.0000089406967163,
					"bytes":	58982400,
					"bits_per_second":	471854981.28771824,
					"retransmits":	0,
					"snd_cwnd":	9316432,
					"snd_wnd":	3143552,
					"rtt":	50373,
					"rttvar":	527,
					"pmtu":	1500,
					"omitted":	false,
					"sender":	true
				}],
			"sum":	{
				"start":	5.000079,
				"end":	6.000088,
				"seconds":	1.0000089406967163,
				"bytes":	58982400,
				"bits_per_second":	471854981.28771824,
				"retransmits":	0,
				"omitted":	false,
				"sender":	true
			}
		}, {
			"streams":	[{
					"socket":	6,
					"start":	6.000088,
					"end":	7.000074,
					"seconds":	0.99998599290847778,
					"bytes":	61603840,
					"bits_per_second":	492837623.221694,
					"retransmits":	0,
					"snd_cwnd":	9316432,
					"snd_wnd":	3143552,
					"rtt":	51895,
					"rttvar":	645,
					"pmtu":	1500,
					"omitted":	false,
					"sender":	true
				}],
			"sum":	{
				"start":	6.000088,
				"end":	7.000074,
				"seconds":	0.99998599290847778,
				"bytes":	61603840,
				"bits_per_second":	492837623.221694,
				"retransmits":	0,
				"omitted":	false,
				"sender":	true
			}
		}, {
			"streams":	[{
					"socket":	6,
					"start":	7.000074,
					"end":	8.0001,
					"seconds":	1.0000259876251221,
					"bytes":	57671680,
					"bits_per_second":	461361450.31158352,
					"retransmits":	0,
					"snd_cwnd":	9316432,
					"snd_wnd":	3143552,
					"rtt":	50626,
					"rttvar":	516,
					"pmtu":	1500,
					"omitted":	false,
					"sender":	true
				}],
			"sum":	{
				"start":	7.000074,
				"end":	8.0001,
				"seconds":	1.0000259876251221,
				"bytes":	57671680,
				"bits_per_second":	461361450.31158352,
				"retransmits":	0,
				"omitted":	false,
				"sender":	true
			}
		}, {
			"streams":	[{
					"socket":	6,
					"start":	8.0001,
					"end":	9.000076,
					"seconds":	0.99997597932815552,
					"bytes":	61603840,
					"bits_per_second":	492842558.40936655,
					"retransmits":	0,
					"snd_cwnd":	9316432,
					"snd_wnd":	3143552,
					"rtt":	51870,
					"rttvar":	648,
					"pmtu":	1500,
					"omitted":	false,
					"sender":	true
				}],
			"sum":	{
				"start":	8.0001,
				"end":	9.000076,
				"seconds":	0.99997597932815552,
				"bytes":	61603840,
				"bits_per_second":	492842558.40936655,
				"retransmits":	0,
				"omitted":	false,
				"sender":	true
			}
		}, {
			"streams":	[{
					"socket":	6,
					"start":	9.000076,
					"end":	10.000077,
					"seconds":	1.0000009536743164,
					"bytes":	58982400,
					"bits_per_second":	471858750.00042915,
					"retransmits":	0,
					"snd_cwnd":	9316432,
					"snd_wnd":	3143552,
					"rtt":	50569,
					"rttvar":	620,
					"pmtu":	1500,
					"omitted":	false,
					"sender":	true
				}],
			"sum":	{
				"start":	9.000076,
				"end":	10.000077,
				"seconds":	1.0000009536743164,
				"bytes":	58982400,
				"bits_per_second":	471858750.00042915,
				"retransmits":	0,
				"omitted":	false,
				"sender":	true
			}
		}, {
			"streams":	[{
					"socket":	6,
					"start":	10.000077,
					"end":	11.000078,
					"seconds":	1.0000009536743164,
					"bytes":	45875200,
					"bits_per_second":	367001250.00033379,
					"retransmits":	0,
					"snd_cwnd":	9316432,
					"snd_wnd":	3143552,
					"rtt":	51893,
					"rttvar":	661,
					"pmtu":	1500,
					"omitted":	false,
					"sender":	true
				}],
			"sum":	{
				"start":	10.000077,
				"end":	11.000078,
				"seconds":	1.0000009536743164,
				"bytes":	45875200,
				"bits_per_second":	367001250.00033379,
				"retransmits":	0,
				"omitted":	false,
				"sender":	true
			}
		}, {
			"streams":	[{
					"socket":	6,
					"start":	11.000078,
					"end":	12.000069,
					"seconds":	0.999990999698639,
					"bytes":	60293120,
					"bits_per_second":	482349301.289073,
					"retransmits":	0,
					"snd_cwnd":	9316432,
					"snd_wnd":	3143552,
					"rtt":	50664,
					"rttvar":	647,
					"pmtu":	1500,
					"omitted":	false,
					"sender":	true
				}],
			"sum":	{
				"start":	11.000078,
				"end":	12.000069,
				"seconds":	0.999990999698639,
				"bytes":	60293120,
				"bits_per_second":	482349301.289073,
				"retransmits":	0,
				"omitted":	false,
				"sender":	true
			}
		}, {
			"streams":	[{
					"socket":	6,
					"start":	12.000069,
					"end":	13.000085,
					"seconds":	1.0000159740448,
					"bytes":	58982400,
					"bits_per_second":	471851662.62040246,
					"retransmits":	0,
					"snd_cwnd":	9316432,
					"snd_wnd":	3143552,
					"rtt":	51885,
					"rttvar":	658,
					"pmtu":	1500,
					"omitted":	false,
					"sender":	true
				}],
			"sum":	{
				"start":	12.000069,
				"end":	13.000085,
				"seconds":	1.0000159740448,
				"bytes":	58982400,
				"bits_per_second":	471851662.62040246,
				"retransmits":	0,
				"omitted":	false,
				"sender":	true
			}
		}, {
			"streams":	[{
					"socket":	6,
					"start":	13.000085,
					"end":	14.000083,
					"seconds":	0.99999797344207764,
					"bytes":	60293120,
					"bits_per_second":	482345937.501981,
					"retransmits":	0,
					"snd_cwnd":	9316432,
					"snd_wnd":	3143552,
					"rtt":	50471,
					"rttvar":	230,
					"pmtu":	1500,
					"omitted":	false,
					"sender":	true
				}],
			"sum":	{
				"start":	13.000085,
				"end":	14.000083,
				"seconds":	0.99999797344207764,
				"bytes":	60293120,
				"bits_per_second":	482345937.501981,
				"retransmits":	0,
				"omitted":	false,
				"sender":	true
			}
		}, {
			"streams":	[{
					"socket":	6,
					"start":	14.000083,
					"end":	15.000114,
					"seconds":	1.0000309944152832,
					"bytes":	58982400,
					"bits_per_second":	471844575.45327926,
					"retransmits":	0,
					"snd_cwnd":	9316432,
					"snd_wnd":	3143552,
					"rtt":	51894,
					"rttvar":	654,
					"pmtu":	1500,
					"omitted":	false,
					"sender":	true
				}],
			"sum":	{
				"start":	14.000083,
				"end":	15.000114,
				"seconds":	1.0000309944152832,
				"bytes":	58982400,
				"bits_per_second":	471844575.45327926,
				"retransmits":	0,
				"omitted":	false,
				"sender":	true
			}
		}, {
			"streams":	[{
					"socket":	6,
					"start":	15.000114,
					"end":	16.000077,
					"seconds":	0.99996298551559448,
					"bytes":	60293120,
					"bits_per_second":	482362814.4108718,
					"retransmits":	0,
					"snd_cwnd":	9316432,
					"snd_wnd":	3143552,
					"rtt":	51041,
					"rttvar":	519,
					"pmtu":	1500,
					"omitted":	false,
					"sender":	true
				}],
			"sum":	{
				"start":	15.000114,
				"end":	16.000077,
				"seconds":	0.99996298551559448,
				"bytes":	60293120,
				"bits_per_second":	482362814.4108718,
				"retransmits":	0,
				"omitted":	false,
				"sender":	true
			}
		}, {
			"streams":	[{
					"socket":	6,
					"start":	16.000077,
					"end":	17.000108,
					"seconds":	1.0000309944152832,
					"bytes":	58982400,
					"bits_per_second":	471844575.45327926,
					"retransmits":	0,
					"snd_cwnd":	9316432,
					"snd_wnd":	3143552,
					"rtt":	50456,
					"rttvar":	581,
					"pmtu":	1500,
					"omitted":	false,
					"sender":	true
				}],
			"sum":	{
				"start":	16.000077,
				"end":	17.000108,
				"seconds":	1.0000309944152832,
				"bytes":	58982400,
				"bits_per_second":	471844575.45327926,
				"retransmits":	0,
				"omitted":	false,
				"sender":	true
			}
		}, {
			"streams":	[{
					"socket":	6,
					"start":	17.000108,
					"end":	18.000087,
					"seconds":	0.999979019165039,
					"bytes":	60293120,
					"bits_per_second":	482355080.21233052,
					"retransmits":	0,
					"snd_cwnd":	9316432,
					"snd_wnd":	3143552,
					"rtt":	50767,
					"rttvar":	644,
					"pmtu":	1500,
					"omitted":	false,
					"sender":	true
				}],
			"sum":	{
				"start":	17.000108,
				"end":	18.000087,
				"seconds":	0.999979019165039,
				"bytes":	60293120,
				"bits_per_second":	482355080.21233052,
				"retransmits":	0,
				"omitted":	false,
				"sender":	true
			}
		}, {
			"streams":	[{
					"socket":	6,
					"start":	18.000087,
					"end":	19.000071,
					"seconds":	0.9999840259552002,
					"bytes":	60293120,
					"bits_per_second":	482352665.123082,
					"retransmits":	0,
					"snd_cwnd":	9316432,
					"snd_wnd":	3143552,
					"rtt":	50325,
					"rttvar":	193,
					"pmtu":	1500,
					"omitted":	false,
					"sender":	true
				}],
			"sum":	{
				"start":	18.000087,
				"end":	19.000071,
				"seconds":	0.9999840259552002,
				"bytes":	60293120,
				"bits_per_second":	482352665.123082,
				"retransmits":	0,
				"omitted":	false,
				"sender":	true
			}
		}, {
			"streams":	[{
					"socket":	6,
					"start":	19.000071,
					"end":	20.000081,
					"seconds":	1.0000100135803223,
					"bytes":	58982400,
					"bits_per_second":	471854475.04731369,
					"retransmits":	0,
					"snd_cwnd":	9316432,
					"snd_wnd":	3143552,
					"rtt":	50765,
					"rttvar":	584,
					"pmtu":	1500,
					"omitted":	false,
					"sender":	true
				}],
			"sum":	{
				"start":	19.000071,
				"end":	20.000081,
				"seconds":	1.0000100135803223,
				"bytes":	58982400,
				"bits_per_second":	471854475.04731369,
				"retransmits":	0,
				"omitted":	false,
				"sender":	true
			}
		}, {
			"streams":	[{
					"socket":	6,
					"start":	20.000081,
					"end":	21.000078,
					"seconds":	0.99999701976776123,
					"bytes":	60293120,
					"bits_per_second":	482346397.504284,
					"retransmits":	0,
					"snd_cwnd":	9316432,
					"snd_wnd":	3143552,
					"rtt":	50176,
					"rttvar":	156,
					"pmtu":	1500,
					"omitted":	false,
					"sender":	true
				}],
			"sum":	{
				"start":	20.000081,
				"end":	21.000078,
				"seconds":	0.99999701976776123,
				"bytes":	60293120,
				"bits_per_second":	482346397.504284,
				"retransmits":	0,
				"omitted":	false,
				"sender":	true
			}
		}, {
			"streams":	[{
					"socket":	6,
					"start":	21.000078,
					"end":	22.000087,
					"seconds":	1.0000089406967163,
					"bytes":	58982400,
					"bits_per_second":	471854981.28771824,
					"retransmits":	0,
					"snd_cwnd":	9316432,
					"snd_wnd":	3143552,
					"rtt":	50737,
					"rttvar":	584,
					"pmtu":	1500,
					"omitted":	false,
					"sender":	true
				}],
			"sum":	{
				"start":	21.000078,
				"end":	22.000087,
				"seconds":	1.0000089406967163,
				"bytes":	58982400,
				"bits_per_second":	471854981.28771824,
				"retransmits":	0,
				"omitted":	false,
				"sender":	true
			}
		}, {
			"streams":	[{
					"socket":	6,
					"start":	22.000087,
					"end":	23.000075,
					"seconds":	0.9999880194664,
					"bytes":	60293120,
					"bits_per_second":	482350738.81923336,
					"retransmits":	0,
					"snd_cwnd":	9316432,
					"snd_wnd":	3143552,
					"rtt":	50174,
					"rttvar":	135,
					"pmtu":	1500,
					"omitted":	false,
					"sender":	true
				}],
			"sum":	{
				"start":	22.000087,
				"end":	23.000075,
				"seconds":	0.9999880194664,
				"bytes":	60293120,
				"bits_per_second":	482350738.81923336,
				"retransmits":	0,
				"omitted":	false,
				"sender":	true
			}
		}, {
			"streams":	[{
					"socket":	6,
					"start":	23.000075,
					"end":	24.0001,
					"seconds":	1.0000250339508057,
					"bytes":	58982400,
					"bits_per_second":	471847387.79570615,
					"retransmits":	0,
					"snd_cwnd":	9316432,
					"snd_wnd":	3143552,
					"rtt":	50741,
					"rttvar":	583,
					"pmtu":	1500,
					"omitted":	false,
					"sender":	true
				}],
			"sum":	{
				"start":	23.000075,
				"end":	24.0001,
				"seconds":	1.0000250339508057,
				"bytes":	58982400,
				"bits_per_second":	471847387.79570615,
				"retransmits":	0,
				"omitted":	false,
				"sender":	true
			}
		}, {
			"streams":	[{
					"socket":	6,
					"start":	24.0001,
					"end":	25.000082,
					"seconds":	0.99998199939727783,
					"bytes":	61603840,
					"bits_per_second":	492839591.40969074,
					"retransmits":	0,
					"snd_cwnd":	9316432,
					"snd_wnd":	3143552,
					"rtt":	50198,
					"rttvar":	172,
					"pmtu":	1500,
					"omitted":	false,
					"sender":	true
				}],
			"sum":	{
				"start":	24.0001,
				"end":	25.000082,
				"seconds":	0.99998199939727783,
				"bytes":	61603840,
				"bits_per_second":	492839591.40969074,
				"retransmits":	0,
				"omitted":	false,
				"sender":	true
			}
		}, {
			"streams":	[{
					"socket":	6,
					"start":	25.000082,
					"end":	26.000089,
					"seconds":	1.0000070333480835,
					"bytes":	57671680,
					"bits_per_second":	461370195.022823,
					"retransmits":	0,
					"snd_cwnd":	9316432,
					"snd_wnd":	3143552,
					"rtt":	50869,
					"rttvar":	818,
					"pmtu":	1500,
					"omitted":	false,
					"sender":	true
				}],
			"sum":	{
				"start":	25.000082,
				"end":	26.000089,
				"seconds":	1.0000070333480835,
				"bytes":	57671680,
				"bits_per_second":	461370195.022823,
				"retransmits":	0,
				"omitted":	false,
				"sender":	true
			}
		}, {
			"streams":	[{
					"socket":	6,
					"start":	26.000089,
					"end":	27.000078,
					"seconds":	0.99998897314071655,
					"bytes":	61603840,
					"bits_per_second":	492836154.43492472,
					"retransmits":	0,
					"snd_cwnd":	9316432,
					"snd_wnd":	3143552,
					"rtt":	50367,
					"rttvar":	534,
					"pmtu":	1500,
					"omitted":	false,
					"sender":	true
				}],
			"sum":	{
				"start":	26.000089,
				"end":	27.000078,
				"seconds":	0.99998897314071655,
				"bytes":	61603840,
				"bits_per_second":	492836154.43492472,
				"retransmits":	0,
				"omitted":	false,
				"sender":	true
			}
		}, {
			"streams":	[{
					"socket":	6,
					"start":	27.000078,
					"end":	28.00007,
					"seconds":	0.9999920129776,
					"bytes":	58982400,
					"bits_per_second":	471862968.78010136,
					"retransmits":	0,
					"snd_cwnd":	9316432,
					"snd_wnd":	3143552,
					"rtt":	51180,
					"rttvar":	918,
					"pmtu":	1500,
					"omitted":	false,
					"sender":	true
				}],
			"sum":	{
				"start":	27.000078,
				"end":	28.00007,
				"seconds":	0.9999920129776,
				"bytes":	58982400,
				"bits_per_second":	471862968.78010136,
				"retransmits":	0,
				"omitted":	false,
				"sender":	true
			}
		}, {
			"streams":	[{
					"socket":	6,
					"start":	28.00007,
					"end":	29.000076,
					"seconds":	1.0000059604644775,
					"bytes":	60293120,
					"bits_per_second":	482342085.01713622,
					"retransmits":	0,
					"snd_cwnd":	9316432,
					"snd_wnd":	3143552,
					"rtt":	50366,
					"rttvar":	527,
					"pmtu":	1500,
					"omitted":	false,
					"sender":	true
				}],
			"sum":	{
				"start":	28.00007,
				"end":	29.000076,
				"seconds":	1.0000059604644775,
				"bytes":	60293120,
				"bits_per_second":	482342085.01713622,
				"retransmits":	0,
				"omitted":	false,
				"sender":	true
			}
		}, {
			"streams":	[{
					"socket":	6,
					"start":	29.000076,
					"end":	30.000074,
					"seconds":	0.99999797344207764,
					"bytes":	58982400,
					"bits_per_second":	471860156.251938,
					"retransmits":	0,
					"snd_cwnd":	9316432,
					"snd_wnd":	3143552,
					"rtt":	50958,
					"rttvar":	467,
					"pmtu":	1500,
					"omitted":	false,
					"sender":	true
				}],
			"sum":	{
				"start":	29.000076,
				"end":	30.000074,
				"seconds":	0.99999797344207764,
				"bytes":	58982400,
				"bits_per_second":	471860156.251938,
				"retransmits":	0,
				"omitted":	false,
				"sender":	true
			}
		}, {
			"streams":	[{
					"socket":	6,
					"start":	30.000074,
					"end":	31.000081,
					"seconds":	1.0000070333480835,
					"bytes":	60293120,
					"bits_per_second":	482341567.52386045,
					"retransmits":	0,
					"snd_cwnd":	9316432,
					"snd_wnd":	3143552,
					"rtt":	50426,
					"rttvar":	642,
					"pmtu":	1500,
					"omitted":	false,
					"sender":	true
				}],
			"sum":	{
				"start":	30.000074,
				"end":	31.000081,
				"seconds":	1.0000070333480835,
				"bytes":	60293120,
				"bits_per_second":	482341567.52386045,
				"retransmits":	0,
				"omitted":	false,
				"sender":	true
			}
		}, {
			"streams":	[{
					"socket":	6,
					"start":	31.000081,
					"end":	32.000071,
					"seconds":	0.99998998641967773,
					"bytes":	60293120,
					"bits_per_second":	482349790.048366,
					"retransmits":	0,
					"snd_cwnd":	9316432,
					"snd_wnd":	3143552,
					"rtt":	51908,
					"rttvar":	675,
					"pmtu":	1500,
					"omitted":	false,
					"sender":	true
				}],
			"sum":	{
				"start":	31.000081,
				"end":	32.000071,
				"seconds":	0.99998998641967773,
				"bytes":	60293120,
				"bits_per_second":	482349790.048366,
				"retransmits":	0,
				"omitted":	false,
				"sender":	true
			}
		}, {
			"streams":	[{
					"socket":	6,
					"start":	32.000071,
					"end":	33.000081,
					"seconds":	1.0000100135803223,
					"bytes":	58982400,
					"bits_per_second":	471854475.04731369,
					"retransmits":	0,
					"snd_cwnd":	9316432,
					"snd_wnd":	3143552,
					"rtt":	50444,
					"rttvar":	654,
					"pmtu":	1500,
					"omitted":	false,
					"sender":	true
				}],
			"sum":	{
				"start":	32.000071,
				"end":	33.000081,
				"seconds":	1.0000100135803223,
				"bytes":	58982400,
				"bits_per_second":	471854475.04731369,
				"retransmits":	0,
				"omitted":	false,
				"sender":	true
			}
		}, {
			"streams":	[{
					"socket":	6,
					"start":	33.000081,
					"end":	34.000073,
					"seconds":	0.9999920129776,
					"bytes":	60293120,
					"bits_per_second":	482348812.53077024,
					"retransmits":	0,
					"snd_cwnd":	9316432,
					"snd_wnd":	3143552,
					"rtt":	50882,
					"rttvar":	511,
					"pmtu":	1500,
					"omitted":	false,
					"sender":	true
				}],
			"sum":	{
				"start":	33.000081,
				"end":	34.000073,
				"seconds":	0.9999920129776,
				"bytes":	60293120,
				"bits_per_second":	482348812.53077024,
				"retransmits":	0,
				"omitted":	false,
				"sender":	true
			}
		}, {
			"streams":	[{
					"socket":	6,
					"start":	34.000073,
					"end":	35.000084,
					"seconds":	1.0000109672546387,
					"bytes":	58982400,
					"bits_per_second":	471854025.056755,
					"retransmits":	0,
					"snd_cwnd":	9316432,
					"snd_wnd":	3143552,
					"rtt":	50445,
					"rttvar":	650,
					"pmtu":	1500,
					"omitted":	false,
					"sender":	true
				}],
			"sum":	{
				"start":	34.000073,
				"end":	35.000084,
				"seconds":	1.0000109672546387,
				"bytes":	58982400,
				"bits_per_second":	471854025.056755,
				"retransmits":	0,
				"omitted":	false,
				"sender":	true
			}
		}, {
			"streams":	[{
					"socket":	6,
					"start":	35.000084,
					"end":	36.000071,
					"seconds":	0.999987006187439,
					"bytes":	47185920,
					"bits_per_second":	377492265.06373549,
					"retransmits":	0,
					"snd_cwnd":	9316432,
					"snd_wnd":	3143552,
					"rtt":	50572,
					"rttvar":	368,
					"pmtu":	1500,
					"omitted":	false,
					"sender":	true
				}],
			"sum":	{
				"start":	35.000084,
				"end":	36.000071,
				"seconds":	0.999987006187439,
				"bytes":	47185920,
				"bits_per_second":	377492265.06373549,
				"retransmits":	0,
				"omitted":	false,
				"sender":	true
			}
		}, {
			"streams":	[{
					"socket":	6,
					"start":	36.000071,
					"end":	37.00008,
					"seconds":	1.0000089406967163,
					"bytes":	58982400,
					"bits_per_second":	471854981.28771824,
					"retransmits":	0,
					"snd_cwnd":	9316432,
					"snd_wnd":	3143552,
					"rtt":	50599,
					"rttvar":	381,
					"pmtu":	1500,
					"omitted":	false,
					"sender":	true
				}],
			"sum":	{
				"start":	36.000071,
				"end":	37.00008,
				"seconds":	1.0000089406967163,
				"bytes":	58982400,
				"bits_per_second":	471854981.28771824,
				"retransmits":	0,
				"omitted":	false,
				"sender":	true
			}
		}, {
			"streams":	[{
					"socket":	6,
					"start":	37.00008,
					"end":	38.00007,
					"seconds":	0.99998998641967773,
					"bytes":	60293120,
					"bits_per_second":	482349790.048366,
					"retransmits":	0,
					"snd_cwnd":	9316432,
					"snd_wnd":	3143552,
					"rtt":	51594,
					"rttvar":	462,
					"pmtu":	1500,
					"omitted":	false,
					"sender":	true
				}],
			"sum":	{
				"start":	37.00008,
				"end":	38.00007,
				"seconds":	0.99998998641967773,
				"bytes":	60293120,
				"bits_per_second":	482349790.048366,
				"retransmits":	0,
				"omitted":	false,
				"sender":	true
			}
		}, {
			"streams":	[{
					"socket":	6,
					"start":	38.00007,
					"end":	39.000077,
					"seconds":	1.0000070333480835,
					"bytes":	58982400,
					"bits_per_second":	471855881.27334177,
					"retransmits":	0,
					"snd_cwnd":	9316432,
					"snd_wnd":	3143552,
					"rtt":	51048,
					"rttvar":	801,
					"pmtu":	1500,
					"omitted":	false,
					"sender":	true
				}],
			"sum":	{
				"start":	38.00007,
				"end":	39.000077,
				"seconds":	1.0000070333480835,
				"bytes":	58982400,
				"bits_per_second":	471855881.27334177,
				"retransmits":	0,
				"omitted":	false,
				"sender":	true
			}
		}, {
			"streams":	[{
					"socket":	6,
					"start":	39.000077,
					"end":	40.000078,
					"seconds":	1.0000009536743164,
					"bytes":	60293120,
					"bits_per_second":	482344500.00043869,
					"retransmits":	0,
					"snd_cwnd":	9316432,
					"snd_wnd":	3143552,
					"rtt":	50658,
					"rttvar":	562,
					"pmtu":	1500,
					"omitted":	false,
					"sender":	true
				}],
			"sum":	{
				"start":	39.000077,
				"end":	40.000078,
				"seconds":	1.0000009536743164,
				"bytes":	60293120,
				"bits_per_second":	482344500.00043869,
				"retransmits":	0,
				"omitted":	false,
				"sender":	true
			}
		}, {
			"streams":	[{
					"socket":	6,
					"start":	40.000078,
					"end":	41.000068,
					"seconds":	0.99998998641967773,
					"bytes":	60293120,
					"bits_per_second":	482349790.048366,
					"retransmits":	0,
					"snd_cwnd":	9316432,
					"snd_wnd":	3143552,
					"rtt":	51407,
					"rttvar":	840,
					"pmtu":	1500,
					"omitted":	false,
					"sender":	true
				}],
			"sum":	{
				"start":	40.000078,
				"end":	41.000068,
				"seconds":	0.99998998641967773,
				"bytes":	60293120,
				"bits_per_second":	482349790.048366,
				"retransmits":	0,
				"omitted":	false,
				"sender":	true
			}
		}, {
			"streams":	[{
					"socket":	6,
					"start":	41.000068,
					"end":	42.000075,
					"seconds":	1.0000070333480835,
					"bytes":	58982400,
					"bits_per_second":	471855881.27334177,
					"retransmits":	0,
					"snd_cwnd":	9316432,
					"snd_wnd":	3143552,
					"rtt":	50736,
					"rttvar":	612,
					"pmtu":	1500,
					"omitted":	false,
					"sender":	true
				}],
			"sum":	{
				"start":	41.000068,
				"end":	42.000075,
				"seconds":	1.0000070333480835,
				"bytes":	58982400,
				"bits_per_second":	471855881.27334177,
				"retransmits":	0,
				"omitted":	false,
				"sender":	true
			}
		}, {
			"streams":	[{
					"socket":	6,
					"start":	42.000075,
					"end":	43.000084,
					"seconds":	1.0000089406967163,
					"bytes":	60293120,
					"bits_per_second":	482340647.5385564,
					"retransmits":	0,
					"snd_cwnd":	9316432,
					"snd_wnd":	3143552,
					"rtt":	51700,
					"rttvar":	872,
					"pmtu":	1500,
					"omitted":	false,
					"sender":	true
				}],
			"sum":	{
				"start":	42.000075,
				"end":	43.000084,
				"seconds":	1.0000089406967163,
				"bytes":	60293120,
				"bits_per_second":	482340647.5385564,
				"retransmits":	0,
				"omitted":	false,
				"sender":	true
			}
		}, {
			"streams":	[{
					"socket":	6,
					"start":	43.000084,
					"end":	44.000084,
					"seconds":	1,
					"bytes":	58982400,
					"bits_per_second":	471859200,
					"retransmits":	0,
					"snd_cwnd":	9316432,
					"snd_wnd":	3143552,
					"rtt":	51593,
					"rttvar":	707,
					"pmtu":	1500,
					"omitted":	false,
					"sender":	true
				}],
			"sum":	{
				"start":	43.000084,
				"end":	44.000084,
				"seconds":	1,
				"bytes":	58982400,
				"bits_per_second":	471859200,
				"retransmits":	0,
				"omitted":	false,
				"sender":	true
			}
		}, {
			"streams":	[{
					"socket":	6,
					"start":	44.000084,
					"end":	45.000081,
					"seconds":	0.99999701976776123,
					"bytes":	60293120,
					"bits_per_second":	482346397.504284,
					"retransmits":	0,
					"snd_cwnd":	9316432,
					"snd_wnd":	3143552,
					"rtt":	50804,
					"rttvar":	515,
					"pmtu":	1500,
					"omitted":	false,
					"sender":	true
				}],
			"sum":	{
				"start":	44.000084,
				"end":	45.000081,
				"seconds":	0.99999701976776123,
				"bytes":	60293120,
				"bits_per_second":	482346397.504284,
				"retransmits":	0,
				"omitted":	false,
				"sender":	true
			}
		}, {
			"streams":	[{
					"socket":	6,
					"start":	45.000081,
					"end":	46.000076,
					"seconds":	0.999994993209839,
					"bytes":	60293120,
					"bits_per_second":	482347375.01209146,
					"retransmits":	0,
					"snd_cwnd":	9316432,
					"snd_wnd":	3143552,
					"rtt":	51877,
					"rttvar":	494,
					"pmtu":	1500,
					"omitted":	false,
					"sender":	true
				}],
			"sum":	{
				"start":	45.000081,
				"end":	46.000076,
				"seconds":	0.999994993209839,
				"bytes":	60293120,
				"bits_per_second":	482347375.01209146,
				"retransmits":	0,
				"omitted":	false,
				"sender":	true
			}
		}, {
			"streams":	[{
					"socket":	6,
					"start":	46.000076,
					"end":	47.000075,
					"seconds":	0.99999898672103882,
					"bytes":	58982400,
					"bits_per_second":	471859678.12548447,
					"retransmits":	0,
					"snd_cwnd":	9316432,
					"snd_wnd":	3143552,
					"rtt":	50639,
					"rttvar":	296,
					"pmtu":	1500,
					"omitted":	false,
					"sender":	true
				}],
			"sum":	{
				"start":	46.000076,
				"end":	47.000075,
				"seconds":	0.99999898672103882,
				"bytes":	58982400,
				"bits_per_second":	471859678.12548447,
				"retransmits":	0,
				"omitted":	false,
				"sender":	true
			}
		}, {
			"streams":	[{
					"socket":	6,
					"start":	47.000075,
					"end":	48.000076,
					"seconds":	1.0000009536743164,
					"bytes":	60293120,
					"bits_per_second":	482344500.00043869,
					"retransmits":	0,
					"snd_cwnd":	9316432,
					"snd_wnd":	3143552,
					"rtt":	50721,
					"rttvar":	573,
					"pmtu":	1500,
					"omitted":	false,
					"sender":	true
				}],
			"sum":	{
				"start":	47.000075,
				"end":	48.000076,
				"seconds":	1.0000009536743164,
				"bytes":	60293120,
				"bits_per_second":	482344500.00043869,
				"retransmits":	0,
				"omitted":	false,
				"sender":	true
			}
		}, {
			"streams":	[{
					"socket":	6,
					"start":	48.000076,
					"end":	49.00008,
					"seconds":	1.0000040531158447,
					"bytes":	58982400,
					"bits_per_second":	471857287.50775152,
					"retransmits":	0,
					"snd_cwnd":	9316432,
					"snd_wnd":	3143552,
					"rtt":	51015,
					"rttvar":	513,
					"pmtu":	1500,
					"omitted":	false,
					"sender":	true
				}],
			"sum":	{
				"start":	48.000076,
				"end":	49.00008,
				"seconds":	1.0000040531158447,
				"bytes":	58982400,
				"bits_per_second":	471857287.50775152,
				"retransmits":	0,
				"omitted":	false,
				"sender":	true
			}
		}, {
			"streams":	[{
					"socket":	6,
					"start":	49.00008,
					"end":	50.000076,
					"seconds":	0.9999960064888,
					"bytes":	60293120,
					"bits_per_second":	482346886.25769252,
					"retransmits":	0,
					"snd_cwnd":	9316432,
					"snd_wnd":	3143552,
					"rtt":	50691,
					"rttvar":	731,
					"pmtu":	1500,
					"omitted":	false,
					"sender":	true
				}],
			"sum":	{
				"start":	49.00008,
				"end":	50.000076,
				"seconds":	0.9999960064888,
				"bytes":	60293120,
				"bits_per_second":	482346886.25769252,
				"retransmits":	0,
				"omitted":	false,
				"sender":	true
			}
		}, {
			"streams":	[{
					"socket":	6,
					"start":	50.000076,
					"end":	51.000058,
					"seconds":	0.99998199939727783,
					"bytes":	60293120,
					"bits_per_second":	482353642.656293,
					"retransmits":	0,
					"snd_cwnd":	9316432,
					"snd_wnd":	3143552,
					"rtt":	50712,
					"rttvar":	462,
					"pmtu":	1500,
					"omitted":	false,
					"sender":	true
				}],
			"sum":	{
				"start":	50.000076,
				"end":	51.000058,
				"seconds":	0.99998199939727783,
				"bytes":	60293120,
				"bits_per_second":	482353642.656293,
				"retransmits":	0,
				"omitted":	false,
				"sender":	true
			}
		}, {
			"streams":	[{
					"socket":	6,
					"start":	51.000058,
					"end":	52.000085,
					"seconds":	1.0000269412994385,
					"bytes":	58982400,
					"bits_per_second":	471846487.842482,
					"retransmits":	0,
					"snd_cwnd":	9316432,
					"snd_wnd":	3143552,
					"rtt":	50856,
					"rttvar":	420,
					"pmtu":	1500,
					"omitted":	false,
					"sender":	true
				}],
			"sum":	{
				"start":	51.000058,
				"end":	52.000085,
				"seconds":	1.0000269412994385,
				"bytes":	58982400,
				"bits_per_second":	471846487.842482,
				"retransmits":	0,
				"omitted":	false,
				"sender":	true
			}
		}, {
			"streams":	[{
					"socket":	6,
					"start":	52.000085,
					"end":	53.000083,
					"seconds":	0.99999797344207764,
					"bytes":	43253760,
					"bits_per_second":	346030781.25142115,
					"retransmits":	0,
					"snd_cwnd":	9316432,
					"snd_wnd":	3143552,
					"rtt":	50837,
					"rttvar":	547,
					"pmtu":	1500,
					"omitted":	false,
					"sender":	true
				}],
			"sum":	{
				"start":	52.000085,
				"end":	53.000083,
				"seconds":	0.99999797344207764,
				"bytes":	43253760,
				"bits_per_second":	346030781.25142115,
				"retransmits":	0,
				"omitted":	false,
				"sender":	true
			}
		}, {
			"streams":	[{
					"socket":	6,
					"start":	53.000083,
					"end":	54.000155,
					"seconds":	1.0000720024108887,
					"bytes":	60293120,
					"bits_per_second":	482310232.50046366,
					"retransmits":	0,
					"snd_cwnd":	9316432,
					"snd_wnd":	3143552,
					"rtt":	51224,
					"rttvar":	446,
					"pmtu":	1500,
					"omitted":	false,
					"sender":	true
				}],
			"sum":	{
				"start":	53.000083,
				"end":	54.000155,
				"seconds":	1.0000720024108887,
				"bytes":	60293120,
				"bits_per_second":	482310232.50046366,
				"retransmits":	0,
				"omitted":	false,
				"sender":	true
			}
		}, {
			"streams":	[{
					"socket":	6,
					"start":	54.000155,
					"end":	55.000075,
					"seconds":	0.99992001056671143,
					"bytes":	58982400,
					"bits_per_second":	471896946.76934266,
					"retransmits":	0,
					"snd_cwnd":	9316432,
					"snd_wnd":	3143552,
					"rtt":	50712,
					"rttvar":	423,
					"pmtu":	1500,
					"omitted":	false,
					"sender":	true
				}],
			"sum":	{
				"start":	54.000155,
				"end":	55.000075,
				"seconds":	0.99992001056671143,
				"bytes":	58982400,
				"bits_per_second":	471896946.76934266,
				"retransmits":	0,
				"omitted":	false,
				"sender":	true
			}
		}, {
			"streams":	[{
					"socket":	6,
					"start":	55.000075,
					"end":	56.000076,
					"seconds":	1.0000009536743164,
					"bytes":	60293120,
					"bits_per_second":	482344500.00043869,
					"retransmits":	0,
					"snd_cwnd":	9316432,
					"snd_wnd":	3143552,
					"rtt":	50650,
					"rttvar":	423,
					"pmtu":	1500,
					"omitted":	false,
					"sender":	true
				}],
			"sum":	{
				"start":	55.000075,
				"end":	56.000076,
				"seconds":	1.0000009536743164,
				"bytes":	60293120,
				"bits_per_second":	482344500.00043869,
				"retransmits":	0,
				"omitted":	false,
				"sender":	true
			}
		}, {
			"streams":	[{
					"socket":	6,
					"start":	56.000076,
					"end":	57.000087,
					"seconds":	1.0000109672546387,
					"bytes":	58982400,
					"bits_per_second":	471854025.056755,
					"retransmits":	0,
					"snd_cwnd":	9316432,
					"snd_wnd":	3143552,
					"rtt":	50567,
					"rttvar":	445,
					"pmtu":	1500,
					"omitted":	false,
					"sender":	true
				}],
			"sum":	{
				"start":	56.000076,
				"end":	57.000087,
				"seconds":	1.0000109672546387,
				"bytes":	58982400,
				"bits_per_second":	471854025.056755,
				"retransmits":	0,
				"omitted":	false,
				"sender":	true
			}
		}, {
			"streams":	[{
					"socket":	6,
					"start":	57.000087,
					"end":	58.000084,
					"seconds":	0.99999701976776123,
					"bytes":	60293120,
					"bits_per_second":	482346397.504284,
					"retransmits":	0,
					"snd_cwnd":	9316432,
					"snd_wnd":	3143552,
					"rtt":	50555,
					"rttvar":	351,
					"pmtu":	1500,
					"omitted":	false,
					"sender":	true
				}],
			"sum":	{
				"start":	57.000087,
				"end":	58.000084,
				"seconds":	0.99999701976776123,
				"bytes":	60293120,
				"bits_per_second":	482346397.504284,
				"retransmits":	0,
				"omitted":	false,
				"sender":	true
			}
		}, {
			"streams":	[{
					"socket":	6,
					"start":	58.000084,
					"end":	59.000076,
					"seconds":	0.9999920129776,
					"bytes":	60293120,
					"bits_per_second":	482348812.53077024,
					"retransmits":	0,
					"snd_cwnd":	9316432,
					"snd_wnd":	3143552,
					"rtt":	50845,
					"rttvar":	255,
					"pmtu":	1500,
					"omitted":	false,
					"sender":	true
				}],
			"sum":	{
				"start":	58.000084,
				"end":	59.000076,
				"seconds":	0.9999920129776,
				"bytes":	60293120,
				"bits_per_second":	482348812.53077024,
				"retransmits":	0,
				"omitted":	false,
				"sender":	true
			}
		}, {
			"streams":	[{
					"socket":	6,
					"start":	59.000076,
					"end":	60.000083,
					"seconds":	1.0000070333480835,
					"bytes":	60293120,
					"bits_per_second":	482341567.52386045,
					"retransmits":	0,
					"snd_cwnd":	9316432,
					"snd_wnd":	3143552,
					"rtt":	50592,
					"rttvar":	343,
					"pmtu":	1500,
					"omitted":	false,
					"sender":	true
				}],
			"sum":	{
				"start":	59.000076,
				"end":	60.000083,
				"seconds":	1.0000070333480835,
				"bytes":	60293120,
				"bits_per_second":	482341567.52386045,
				"retransmits":	0,
				"omitted":	false,
				"sender":	true
			}
		}],
	"end":	{
		"streams":	[{
				"sender":	{
					"socket":	6,
					"start":	0,
					"end":	60.000083,
					"seconds":	60.000083,
					"bytes":	3522166784,
					"bits_per_second":	469621588.22346967,
					"retransmits":	0,
					"max_snd_cwnd":	9316432,
					"max_snd_wnd":	3143552,
					"max_rtt":	51908,
					"min_rtt":	50174,
					"mean_rtt":	50893,
					"sender":	true
				},
				"receiver":	{
					"socket":	6,
					"start":	0,
					"end":	60.050414,
					"seconds":	60.000083,
					"bytes":	3521311624,
					"bits_per_second":	469114051.270321,
					"sender":	true
				}
			}],
		"sum_sent":	{
			"start":	0,
			"end":	60.000083,
			"seconds":	60.000083,
			"bytes":	3522166784,
			"bits_per_second":	469621588.22346967,
			"retransmits":	0,
			"sender":	true
		},
		"sum_received":	{
			"start":	0,
			"end":	60.050414,
			"seconds":	60.050414,
			"bytes":	3521311624,
			"bits_per_second":	469114051.270321,
			"sender":	true
		},
		"cpu_utilization_percent":	{
			"host_total":	0.687813507762847,
			"host_user":	0.041147686241616979,
			"host_system":	0.64666748257751283,
			"remote_total":	2.3530339024544222,
			"remote_user":	0.12338462649835102,
			"remote_system":	2.2296492759560711
		},
		"sender_tcp_congestion":	"bbr",
		"receiver_tcp_congestion":	"bbr"
	}
}
