{
	"start":	{
		"connected":	[{
				"socket":	6,
				"local_host":	"192.168.101.210",
				"local_port":	53234,
				"remote_host":	"192.168.100.168",
				"remote_port":	5201
			}],
		"version":	"iperf 3.11",
		"system_info":	"Linux f1 6.0.10-300.fc37.x86_64 #1 SMP PREEMPT_DYNAMIC Sat Nov 26 16:55:13 UTC 2022 x86_64",
		"timestamp":	{
			"time":	"Sat, 10 Dec 2022 20:27:54 GMT",
			"timesecs":	1670704074
		},
		"connecting_to":	{
			"host":	"192.168.100.168",
			"port":	5201
		},
		"cookie":	"yk7qpgz5l6p3ae3k5c5bjm25yyb5hzojftrr",
		"tcp_mss_default":	1448,
		"target_bitrate":	0,
		"sock_bufsize":	0,
		"sndbuf_actual":	16384,
		"rcvbuf_actual":	131072,
		"test_start":	{
			"protocol":	"TCP",
			"num_streams":	1,
			"blksize":	131072,
			"omit":	0,
			"duration":	60,
			"bytes":	0,
			"blocks":	0,
			"reverse":	0,
			"tos":	0,
			"target_bitrate":	0
		}
	},
	"intervals":	[{
			"streams":	[{
					"socket":	6,
					"start":	0,
					"end":	1.000236,
					"seconds":	1.0002360343933105,
					"bytes":	1175776,
					"bits_per_second":	9403988.3353185728,
					"retransmits":	0,
					"snd_cwnd":	176656,
					"snd_wnd":	252416,
					"rtt":	200106,
					"rttvar":	31,
					"pmtu":	1500,
					"omitted":	false,
					"sender":	true
				}],
			"sum":	{
				"start":	0,
				"end":	1.000236,
				"seconds":	1.0002360343933105,
				"bytes":	1175776,
				"bits_per_second":	9403988.3353185728,
				"retransmits":	0,
				"omitted":	false,
				"sender":	true
			}
		}, {
			"streams":	[{
					"socket":	6,
					"start":	1.000236,
					"end":	2.000076,
					"seconds":	0.999840021133423,
					"bytes":	6950688,
					"bits_per_second":	55614401.128857963,
					"retransmits":	0,
					"snd_cwnd":	2710656,
					"snd_wnd":	3143552,
					"rtt":	322440,
					"rttvar":	5568,
					"pmtu":	1500,
					"omitted":	false,
					"sender":	true
				}],
			"sum":	{
				"start":	1.000236,
				"end":	2.000076,
				"seconds":	0.999840021133423,
				"bytes":	6950688,
				"bits_per_second":	55614401.128857963,
				"retransmits":	0,
				"omitted":	false,
				"sender":	true
			}
		}, {
			"streams":	[{
					"socket":	6,
					"start":	2.000076,
					"end":	3.000112,
					"seconds":	1.0000360012054443,
					"bytes":	5242880,
					"bits_per_second":	41941530.054359861,
					"retransmits":	0,
					"snd_cwnd":	2994464,
					"snd_wnd":	3143552,
					"rtt":	499758,
					"rttvar":	267,
					"pmtu":	1500,
					"omitted":	false,
					"sender":	true
				}],
			"sum":	{
				"start":	2.000076,
				"end":	3.000112,
				"seconds":	1.0000360012054443,
				"bytes":	5242880,
				"bits_per_second":	41941530.054359861,
				"retransmits":	0,
				"omitted":	false,
				"sender":	true
			}
		}, {
			"streams":	[{
					"socket":	6,
					"start":	3.000112,
					"end":	4.000216,
					"seconds":	1.0001039505004883,
					"bytes":	5242880,
					"bits_per_second":	41938680.453177072,
					"retransmits":	0,
					"snd_cwnd":	3282616,
					"snd_wnd":	3143552,
					"rtt":	480237,
					"rttvar":	155,
					"pmtu":	1500,
					"omitted":	false,
					"sender":	true
				}],
			"sum":	{
				"start":	3.000112,
				"end":	4.000216,
				"seconds":	1.0001039505004883,
				"bytes":	5242880,
				"bits_per_second":	41938680.453177072,
				"retransmits":	0,
				"omitted":	false,
				"sender":	true
			}
		}, {
			"streams":	[{
					"socket":	6,
					"start":	4.000216,
					"end":	5.000111,
					"seconds":	0.99989497661590576,
					"bytes":	6553600,
					"bits_per_second":	52434306.828345746,
					"retransmits":	0,
					"snd_cwnd":	3282616,
					"snd_wnd":	3143552,
					"rtt":	481818,
					"rttvar":	226,
					"pmtu":	1500,
					"omitted":	false,
					"sender":	true
				}],
			"sum":	{
				"start":	4.000216,
				"end":	5.000111,
				"seconds":	0.99989497661590576,
				"bytes":	6553600,
				"bits_per_second":	52434306.828345746,
				"retransmits":	0,
				"omitted":	false,
				"sender":	true
			}
		}, {
			"streams":	[{
					"socket":	6,
					"start":	5.000111,
					"end":	6.000232,
					"seconds":	1.000120997428894,
					"bytes":	5242880,
					"bits_per_second":	41937965.613987662,
					"retransmits":	0,
					"snd_cwnd":	3282616,
					"snd_wnd":	3143552,
					"rtt":	481860,
					"rttvar":	174,
					"pmtu":	1500,
					"omitted":	false,
					"sender":	true
				}],
			"sum":	{
				"start":	5.000111,
				"end":	6.000232,
				"seconds":	1.000120997428894,
				"bytes":	5242880,
				"bits_per_second":	41937965.613987662,
				"retransmits":	0,
				"omitted":	false,
				"sender":	true
			}
		}, {
			"streams":	[{
					"socket":	6,
					"start":	6.000232,
					"end":	7.000341,
					"seconds":	1.0001089572906494,
					"bytes":	6553600,
					"bits_per_second":	52423088.122350715,
					"retransmits":	0,
					"snd_cwnd":	3282616,
					"snd_wnd":	3143552,
					"rtt":	481955,
					"rttvar":	113,
					"pmtu":	1500,
					"omitted":	false,
					"sender":	true
				}],
			"sum":	{
				"start":	6.000232,
				"end":	7.000341,
				"seconds":	1.0001089572906494,
				"bytes":	6553600,
				"bits_per_second":	52423088.122350715,
				"retransmits":	0,
				"omitted":	false,
				"sender":	true
			}
		}, {
			"streams":	[{
					"socket":	6,
					"start":	7.000341,
					"end":	8.000242,
					"seconds":	0.999900996685028,
					"bytes":	5242880,
					"bits_per_second":	41947192.911151968,
					"retransmits":	0,
					"snd_cwnd":	3282616,
					"snd_wnd":	3143552,
					"rtt":	433161,
					"rttvar":	6910,
					"pmtu":	1500,
					"omitted":	false,
					"sender":	true
				}],
			"sum":	{
				"start":	7.000341,
				"end":	8.000242,
				"seconds":	0.999900996685028,
				"bytes":	5242880,
				"bits_per_second":	41947192.911151968,
				"retransmits":	0,
				"omitted":	false,
				"sender":	true
			}
		}, {
			"streams":	[{
					"socket":	6,
					"start":	8.000242,
					"end":	9.000153,
					"seconds":	0.99991101026535034,
					"bytes":	6553600,
					"bits_per_second":	52433466.040229686,
					"retransmits":	0,
					"snd_cwnd":	3282616,
					"snd_wnd":	3143552,
					"rtt":	481875,
					"rttvar":	165,
					"pmtu":	1500,
					"omitted":	false,
					"sender":	true
				}],
			"sum":	{
				"start":	8.000242,
				"end":	9.000153,
				"seconds":	0.99991101026535034,
				"bytes":	6553600,
				"bits_per_second":	52433466.040229686,
				"retransmits":	0,
				"omitted":	false,
				"sender":	true
			}
		}, {
			"streams":	[{
					"socket":	6,
					"start":	9.000153,
					"end":	10.000082,
					"seconds":	0.99992901086807251,
					"bytes":	6553600,
					"bits_per_second":	52432522.139231436,
					"retransmits":	0,
					"snd_cwnd":	3282616,
					"snd_wnd":	3143552,
					"rtt":	451063,
					"rttvar":	5273,
					"pmtu":	1500,
					"omitted":	false,
					"sender":	true
				}],
			"sum":	{
				"start":	9.000153,
				"end":	10.000082,
				"seconds":	0.99992901086807251,
				"bytes":	6553600,
				"bits_per_second":	52432522.139231436,
				"retransmits":	0,
				"omitted":	false,
				"sender":	true
			}
		}, {
			"streams":	[{
					"socket":	6,
					"start":	10.000082,
					"end":	11.00017,
					"seconds":	1.0000879764556885,
					"bytes":	5242880,
					"bits_per_second":	41939350.324604563,
					"retransmits":	0,
					"snd_cwnd":	3282616,
					"snd_wnd":	3143552,
					"rtt":	481872,
					"rttvar":	173,
					"pmtu":	1500,
					"omitted":	false,
					"sender":	true
				}],
			"sum":	{
				"start":	10.000082,
				"end":	11.00017,
				"seconds":	1.0000879764556885,
				"bytes":	5242880,
				"bits_per_second":	41939350.324604563,
				"retransmits":	0,
				"omitted":	false,
				"sender":	true
			}
		}, {
			"streams":	[{
					"socket":	6,
					"start":	11.00017,
					"end":	12.000102,
					"seconds":	0.99993199110031128,
					"bytes":	7864320,
					"bits_per_second":	62918839.041012868,
					"retransmits":	0,
					"snd_cwnd":	3282616,
					"snd_wnd":	3143552,
					"rtt":	257934,
					"rttvar":	5328,
					"pmtu":	1500,
					"omitted":	false,
					"sender":	true
				}],
			"sum":	{
				"start":	11.00017,
				"end":	12.000102,
				"seconds":	0.99993199110031128,
				"bytes":	7864320,
				"bits_per_second":	62918839.041012868,
				"retransmits":	0,
				"omitted":	false,
				"sender":	true
			}
		}, {
			"streams":	[{
					"socket":	6,
					"start":	12.000102,
					"end":	13.000248,
					"seconds":	1.0001460313797,
					"bytes":	6553600,
					"bits_per_second":	52421144.8678895,
					"retransmits":	0,
					"snd_cwnd":	3282616,
					"snd_wnd":	3143552,
					"rtt":	529409,
					"rttvar":	10603,
					"pmtu":	1500,
					"omitted":	false,
					"sender":	true
				}],
			"sum":	{
				"start":	12.000102,
				"end":	13.000248,
				"seconds":	1.0001460313797,
				"bytes":	6553600,
				"bits_per_second":	52421144.8678895,
				"retransmits":	0,
				"omitted":	false,
				"sender":	true
			}
		}, {
			"streams":	[{
					"socket":	6,
					"start":	13.000248,
					"end":	14.000122,
					"seconds":	0.99987399578094482,
					"bytes":	6553600,
					"bits_per_second":	52435407.082520276,
					"retransmits":	0,
					"snd_cwnd":	3282616,
					"snd_wnd":	3143552,
					"rtt":	481865,
					"rttvar":	47,
					"pmtu":	1500,
					"omitted":	false,
					"sender":	true
				}],
			"sum":	{
				"start":	13.000248,
				"end":	14.000122,
				"seconds":	0.99987399578094482,
				"bytes":	6553600,
				"bits_per_second":	52435407.082520276,
				"retransmits":	0,
				"omitted":	false,
				"sender":	true
			}
		}, {
			"streams":	[{
					"socket":	6,
					"start":	14.000122,
					"end":	15.000224,
					"seconds":	1.0001020431518555,
					"bytes":	5242880,
					"bits_per_second":	41938760.436700128,
					"retransmits":	0,
					"snd_cwnd":	3282616,
					"snd_wnd":	3143552,
					"rtt":	481857,
					"rttvar":	174,
					"pmtu":	1500,
					"omitted":	false,
					"sender":	true
				}],
			"sum":	{
				"start":	14.000122,
				"end":	15.000224,
				"seconds":	1.0001020431518555,
				"bytes":	5242880,
				"bits_per_second":	41938760.436700128,
				"retransmits":	0,
				"omitted":	false,
				"sender":	true
			}
		}, {
			"streams":	[{
					"socket":	6,
					"start":	15.000224,
					"end":	16.000147,
					"seconds":	0.9999229907989502,
					"bytes":	6553600,
					"bits_per_second":	52432837.8109486,
					"retransmits":	0,
					"snd_cwnd":	3282616,
					"snd_wnd":	3143552,
					"rtt":	481883,
					"rttvar":	151,
					"pmtu":	1500,
					"omitted":	false,
					"sender":	true
				}],
			"sum":	{
				"start":	15.000224,
				"end":	16.000147,
				"seconds":	0.9999229907989502,
				"bytes":	6553600,
				"bits_per_second":	52432837.8109486,
				"retransmits":	0,
				"omitted":	false,
				"sender":	true
			}
		}, {
			"streams":	[{
					"socket":	6,
					"start":	16.000147,
					"end":	17.000079,
					"seconds":	0.99993199110031128,
					"bytes":	6553600,
					"bits_per_second":	52432365.867510729,
					"retransmits":	0,
					"snd_cwnd":	3282616,
					"snd_wnd":	3143552,
					"rtt":	435731,
					"rttvar":	3104,
					"pmtu":	1500,
					"omitted":	false,
					"sender":	true
				}],
			"sum":	{
				"start":	16.000147,
				"end":	17.000079,
				"seconds":	0.99993199110031128,
				"bytes":	6553600,
				"bits_per_second":	52432365.867510729,
				"retransmits":	0,
				"omitted":	false,
				"sender":	true
			}
		}, {
			"streams":	[{
					"socket":	6,
					"start":	17.000079,
					"end":	18.000154,
					"seconds":	1.0000749826431274,
					"bytes":	5242880,
					"bits_per_second":	41939895.235802732,
					"retransmits":	0,
					"snd_cwnd":	3282616,
					"snd_wnd":	3143552,
					"rtt":	481865,
					"rttvar":	176,
					"pmtu":	1500,
					"omitted":	false,
					"sender":	true
				}],
			"sum":	{
				"start":	17.000079,
				"end":	18.000154,
				"seconds":	1.0000749826431274,
				"bytes":	5242880,
				"bits_per_second":	41939895.235802732,
				"retransmits":	0,
				"omitted":	false,
				"sender":	true
			}
		}, {
			"streams":	[{
					"socket":	6,
					"start":	18.000154,
					"end":	19.000075,
					"seconds":	0.99992102384567261,
					"bytes":	6553600,
					"bits_per_second":	52432940.95203647,
					"retransmits":	0,
					"snd_cwnd":	3282616,
					"snd_wnd":	3143552,
					"rtt":	460570,
					"rttvar":	5357,
					"pmtu":	1500,
					"omitted":	false,
					"sender":	true
				}],
			"sum":	{
				"start":	18.000154,
				"end":	19.000075,
				"seconds":	0.99992102384567261,
				"bytes":	6553600,
				"bits_per_second":	52432940.95203647,
				"retransmits":	0,
				"omitted":	false,
				"sender":	true
			}
		}, {
			"streams":	[{
					"socket":	6,
					"start":	19.000075,
					"end":	20.000186,
					"seconds":	1.0001109838485718,
					"bytes":	5242880,
					"bits_per_second":	41938385.516572483,
					"retransmits":	0,
					"snd_cwnd":	3282616,
					"snd_wnd":	3143552,
					"rtt":	481859,
					"rttvar":	185,
					"pmtu":	1500,
					"omitted":	false,
					"sender":	true
				}],
			"sum":	{
				"start":	19.000075,
				"end":	20.000186,
				"seconds":	1.0001109838485718,
				"bytes":	5242880,
				"bits_per_second":	41938385.516572483,
				"retransmits":	0,
				"omitted":	false,
				"sender":	true
			}
		}, {
			"streams":	[{
					"socket":	6,
					"start":	20.000186,
					"end":	21.000093,
					"seconds":	0.99990701675415039,
					"bytes":	6553600,
					"bits_per_second":	52433675.453335479,
					"retransmits":	0,
					"snd_cwnd":	3282616,
					"snd_wnd":	3143552,
					"rtt":	481411,
					"rttvar":	1354,
					"pmtu":	1500,
					"omitted":	false,
					"sender":	true
				}],
			"sum":	{
				"start":	20.000186,
				"end":	21.000093,
				"seconds":	0.99990701675415039,
				"bytes":	6553600,
				"bits_per_second":	52433675.453335479,
				"retransmits":	0,
				"omitted":	false,
				"sender":	true
			}
		}, {
			"streams":	[{
					"socket":	6,
					"start":	21.000093,
					"end":	22.000205,
					"seconds":	1.0001120567321777,
					"bytes":	5242880,
					"bits_per_second":	41938340.526607633,
					"retransmits":	0,
					"snd_cwnd":	3282616,
					"snd_wnd":	3143552,
					"rtt":	481852,
					"rttvar":	177,
					"pmtu":	1500,
					"omitted":	false,
					"sender":	true
				}],
			"sum":	{
				"start":	21.000093,
				"end":	22.000205,
				"seconds":	1.0001120567321777,
				"bytes":	5242880,
				"bits_per_second":	41938340.526607633,
				"retransmits":	0,
				"omitted":	false,
				"sender":	true
			}
		}, {
			"streams":	[{
					"socket":	6,
					"start":	22.000205,
					"end":	23.000097,
					"seconds":	0.999891996383667,
					"bytes":	9175040,
					"bits_per_second":	73408248.356291145,
					"retransmits":	0,
					"snd_cwnd":	3282616,
					"snd_wnd":	3143552,
					"rtt":	284449,
					"rttvar":	11475,
					"pmtu":	1500,
					"omitted":	false,
					"sender":	true
				}],
			"sum":	{
				"start":	22.000205,
				"end":	23.000097,
				"seconds":	0.999891996383667,
				"bytes":	9175040,
				"bits_per_second":	73408248.356291145,
				"retransmits":	0,
				"omitted":	false,
				"sender":	true
			}
		}, {
			"streams":	[{
					"socket":	6,
					"start":	23.000097,
					"end":	24.000121,
					"seconds":	1.0000239610672,
					"bytes":	5242880,
					"bits_per_second":	41942035.0240803,
					"retransmits":	0,
					"snd_cwnd":	3282616,
					"snd_wnd":	3143552,
					"rtt":	520737,
					"rttvar":	235,
					"pmtu":	1500,
					"omitted":	false,
					"sender":	true
				}],
			"sum":	{
				"start":	23.000097,
				"end":	24.000121,
				"seconds":	1.0000239610672,
				"bytes":	5242880,
				"bits_per_second":	41942035.0240803,
				"retransmits":	0,
				"omitted":	false,
				"sender":	true
			}
		}, {
			"streams":	[{
					"socket":	6,
					"start":	24.000121,
					"end":	25.000251,
					"seconds":	1.0001300573349,
					"bytes":	5242880,
					"bits_per_second":	41937585.7093705,
					"retransmits":	0,
					"snd_cwnd":	3282616,
					"snd_wnd":	3143552,
					"rtt":	433374,
					"rttvar":	1940,
					"pmtu":	1500,
					"omitted":	false,
					"sender":	true
				}],
			"sum":	{
				"start":	24.000121,
				"end":	25.000251,
				"seconds":	1.0001300573349,
				"bytes":	5242880,
				"bits_per_second":	41937585.7093705,
				"retransmits":	0,
				"omitted":	false,
				"sender":	true
			}
		}, {
			"streams":	[{
					"socket":	6,
					"start":	25.000251,
					"end":	26.000171,
					"seconds":	0.99992001056671143,
					"bytes":	6553600,
					"bits_per_second":	52432994.085482523,
					"retransmits":	0,
					"snd_cwnd":	3282616,
					"snd_wnd":	3143552,
					"rtt":	481839,
					"rttvar":	166,
					"pmtu":	1500,
					"omitted":	false,
					"sender":	true
				}],
			"sum":	{
				"start":	25.000251,
				"end":	26.000171,
				"seconds":	0.99992001056671143,
				"bytes":	6553600,
				"bits_per_second":	52432994.085482523,
				"retransmits":	0,
				"omitted":	false,
				"sender":	true
			}
		}, {
			"streams":	[{
					"socket":	6,
					"start":	26.000171,
					"end":	27.000081,
					"seconds":	0.999909996986389,
					"bytes":	6553600,
					"bits_per_second":	52433519.174739949,
					"retransmits":	0,
					"snd_cwnd":	3282616,
					"snd_wnd":	3143552,
					"rtt":	456447,
					"rttvar":	5332,
					"pmtu":	1500,
					"omitted":	false,
					"sender":	true
				}],
			"sum":	{
				"start":	26.000171,
				"end":	27.000081,
				"seconds":	0.999909996986389,
				"bytes":	6553600,
				"bits_per_second":	52433519.174739949,
				"retransmits":	0,
				"omitted":	false,
				"sender":	true
			}
		}, {
			"streams":	[{
					"socket":	6,
					"start":	27.000081,
					"end":	28.000179,
					"seconds":	1.0000979900360107,
					"bytes":	5242880,
					"bits_per_second":	41938930.4026996,
					"retransmits":	0,
					"snd_cwnd":	3282616,
					"snd_wnd":	3143552,
					"rtt":	481873,
					"rttvar":	169,
					"pmtu":	1500,
					"omitted":	false,
					"sender":	true
				}],
			"sum":	{
				"start":	27.000081,
				"end":	28.000179,
				"seconds":	1.0000979900360107,
				"bytes":	5242880,
				"bits_per_second":	41938930.4026996,
				"retransmits":	0,
				"omitted":	false,
				"sender":	true
			}
		}, {
			"streams":	[{
					"socket":	6,
					"start":	28.000179,
					"end":	29.000083,
					"seconds":	0.999903976917267,
					"bytes":	6553600,
					"bits_per_second":	52433834.858462632,
					"retransmits":	0,
					"snd_cwnd":	3282616,
					"snd_wnd":	3143552,
					"rtt":	480432,
					"rttvar":	2978,
					"pmtu":	1500,
					"omitted":	false,
					"sender":	true
				}],
			"sum":	{
				"start":	28.000179,
				"end":	29.000083,
				"seconds":	0.999903976917267,
				"bytes":	6553600,
				"bits_per_second":	52433834.858462632,
				"retransmits":	0,
				"omitted":	false,
				"sender":	true
			}
		}, {
			"streams":	[{
					"socket":	6,
					"start":	29.000083,
					"end":	30.000206,
					"seconds":	1.0001230239868164,
					"bytes":	5242880,
					"bits_per_second":	41937880.634725682,
					"retransmits":	0,
					"snd_cwnd":	3282616,
					"snd_wnd":	3143552,
					"rtt":	481864,
					"rttvar":	176,
					"pmtu":	1500,
					"omitted":	false,
					"sender":	true
				}],
			"sum":	{
				"start":	29.000083,
				"end":	30.000206,
				"seconds":	1.0001230239868164,
				"bytes":	5242880,
				"bits_per_second":	41937880.634725682,
				"retransmits":	0,
				"omitted":	false,
				"sender":	true
			}
		}, {
			"streams":	[{
					"socket":	6,
					"start":	30.000206,
					"end":	31.000107,
					"seconds":	0.999900996685028,
					"bytes":	6553600,
					"bits_per_second":	52433991.138939962,
					"retransmits":	0,
					"snd_cwnd":	3282616,
					"snd_wnd":	3143552,
					"rtt":	481951,
					"rttvar":	154,
					"pmtu":	1500,
					"omitted":	false,
					"sender":	true
				}],
			"sum":	{
				"start":	30.000206,
				"end":	31.000107,
				"seconds":	0.999900996685028,
				"bytes":	6553600,
				"bits_per_second":	52433991.138939962,
				"retransmits":	0,
				"omitted":	false,
				"sender":	true
			}
		}, {
			"streams":	[{
					"socket":	6,
					"start":	31.000107,
					"end":	32.000227,
					"seconds":	1.0001200437545776,
					"bytes":	5242880,
					"bits_per_second":	41938005.604347758,
					"retransmits":	0,
					"snd_cwnd":	3282616,
					"snd_wnd":	3143552,
					"rtt":	481869,
					"rttvar":	170,
					"pmtu":	1500,
					"omitted":	false,
					"sender":	true
				}],
			"sum":	{
				"start":	31.000107,
				"end":	32.000227,
				"seconds":	1.0001200437545776,
				"bytes":	5242880,
				"bits_per_second":	41938005.604347758,
				"retransmits":	0,
				"omitted":	false,
				"sender":	true
			}
		}, {
			"streams":	[{
					"socket":	6,
					"start":	32.000227,
					"end":	33.00014,
					"seconds":	0.999912977218628,
					"bytes":	6553600,
					"bits_per_second":	52433362.897076,
					"retransmits":	0,
					"snd_cwnd":	3282616,
					"snd_wnd":	3143552,
					"rtt":	481872,
					"rttvar":	174,
					"pmtu":	1500,
					"omitted":	false,
					"sender":	true
				}],
			"sum":	{
				"start":	32.000227,
				"end":	33.00014,
				"seconds":	0.999912977218628,
				"bytes":	6553600,
				"bits_per_second":	52433362.897076,
				"retransmits":	0,
				"omitted":	false,
				"sender":	true
			}
		}, {
			"streams":	[{
					"socket":	6,
					"start":	33.00014,
					"end":	34.000193,
					"seconds":	1.00005304813385,
					"bytes":	7864320,
					"bits_per_second":	62911222.677038752,
					"retransmits":	0,
					"snd_cwnd":	3282616,
					"snd_wnd":	3143552,
					"rtt":	506091,
					"rttvar":	17273,
					"pmtu":	1500,
					"omitted":	false,
					"sender":	true
				}],
			"sum":	{
				"start":	33.00014,
				"end":	34.000193,
				"seconds":	1.00005304813385,
				"bytes":	7864320,
				"bits_per_second":	62911222.677038752,
				"retransmits":	0,
				"omitted":	false,
				"sender":	true
			}
		}, {
			"streams":	[{
					"socket":	6,
					"start":	34.000193,
					"end":	35.000178,
					"seconds":	0.9999849796295166,
					"bytes":	6553600,
					"bits_per_second":	52429587.511828721,
					"retransmits":	0,
					"snd_cwnd":	3282616,
					"snd_wnd":	3143552,
					"rtt":	388618,
					"rttvar":	2282,
					"pmtu":	1500,
					"omitted":	false,
					"sender":	true
				}],
			"sum":	{
				"start":	34.000193,
				"end":	35.000178,
				"seconds":	0.9999849796295166,
				"bytes":	6553600,
				"bits_per_second":	52429587.511828721,
				"retransmits":	0,
				"omitted":	false,
				"sender":	true
			}
		}, {
			"streams":	[{
					"socket":	6,
					"start":	35.000178,
					"end":	36.00018,
					"seconds":	1.0000020265579224,
					"bytes":	6553600,
					"bits_per_second":	52428693.750215322,
					"retransmits":	0,
					"snd_cwnd":	3282616,
					"snd_wnd":	3143552,
					"rtt":	450666,
					"rttvar":	2757,
					"pmtu":	1500,
					"omitted":	false,
					"sender":	true
				}],
			"sum":	{
				"start":	35.000178,
				"end":	36.00018,
				"seconds":	1.0000020265579224,
				"bytes":	6553600,
				"bits_per_second":	52428693.750215322,
				"retransmits":	0,
				"omitted":	false,
				"sender":	true
			}
		}, {
			"streams":	[{
					"socket":	6,
					"start":	36.00018,
					"end":	37.00017,
					"seconds":	0.99998998641967773,
					"bytes":	6553600,
					"bits_per_second":	52429325.005257182,
					"retransmits":	0,
					"snd_cwnd":	3282616,
					"snd_wnd":	3143552,
					"rtt":	484472,
					"rttvar":	2404,
					"pmtu":	1500,
					"omitted":	false,
					"sender":	true
				}],
			"sum":	{
				"start":	36.00018,
				"end":	37.00017,
				"seconds":	0.99998998641967773,
				"bytes":	6553600,
				"bits_per_second":	52429325.005257182,
				"retransmits":	0,
				"omitted":	false,
				"sender":	true
			}
		}, {
			"streams":	[{
					"socket":	6,
					"start":	37.00017,
					"end":	38.000172,
					"seconds":	1.0000020265579224,
					"bytes":	6553600,
					"bits_per_second":	52428693.750215322,
					"retransmits":	0,
					"snd_cwnd":	3282616,
					"snd_wnd":	3143552,
					"rtt":	471595,
					"rttvar":	2489,
					"pmtu":	1500,
					"omitted":	false,
					"sender":	true
				}],
			"sum":	{
				"start":	37.00017,
				"end":	38.000172,
				"seconds":	1.0000020265579224,
				"bytes":	6553600,
				"bits_per_second":	52428693.750215322,
				"retransmits":	0,
				"omitted":	false,
				"sender":	true
			}
		}, {
			"streams":	[{
					"socket":	6,
					"start":	38.000172,
					"end":	39.000181,
					"seconds":	1.0000089406967163,
					"bytes":	6553600,
					"bits_per_second":	52428331.254190914,
					"retransmits":	0,
					"snd_cwnd":	3282616,
					"snd_wnd":	3143552,
					"rtt":	477284,
					"rttvar":	3140,
					"pmtu":	1500,
					"omitted":	false,
					"sender":	true
				}],
			"sum":	{
				"start":	38.000172,
				"end":	39.000181,
				"seconds":	1.0000089406967163,
				"bytes":	6553600,
				"bits_per_second":	52428331.254190914,
				"retransmits":	0,
				"omitted":	false,
				"sender":	true
			}
		}, {
			"streams":	[{
					"socket":	6,
					"start":	39.000181,
					"end":	40.000189,
					"seconds":	1.0000079870224,
					"bytes":	6553600,
					"bits_per_second":	52428381.253344536,
					"retransmits":	0,
					"snd_cwnd":	3282616,
					"snd_wnd":	3143552,
					"rtt":	444668,
					"rttvar":	1994,
					"pmtu":	1500,
					"omitted":	false,
					"sender":	true
				}],
			"sum":	{
				"start":	39.000181,
				"end":	40.000189,
				"seconds":	1.0000079870224,
				"bytes":	6553600,
				"bits_per_second":	52428381.253344536,
				"retransmits":	0,
				"omitted":	false,
				"sender":	true
			}
		}, {
			"streams":	[{
					"socket":	6,
					"start":	40.000189,
					"end":	41.000216,
					"seconds":	1.0000269412994385,
					"bytes":	6553600,
					"bits_per_second":	52427387.538053557,
					"retransmits":	0,
					"snd_cwnd":	3282616,
					"snd_wnd":	3143552,
					"rtt":	364759,
					"rttvar":	2982,
					"pmtu":	1500,
					"omitted":	false,
					"sender":	true
				}],
			"sum":	{
				"start":	40.000189,
				"end":	41.000216,
				"seconds":	1.0000269412994385,
				"bytes":	6553600,
				"bits_per_second":	52427387.538053557,
				"retransmits":	0,
				"omitted":	false,
				"sender":	true
			}
		}, {
			"streams":	[{
					"socket":	6,
					"start":	41.000216,
					"end":	42.000077,
					"seconds":	0.99986100196838379,
					"bytes":	7864320,
					"bits_per_second":	62923306.215706766,
					"retransmits":	0,
					"snd_cwnd":	3282616,
					"snd_wnd":	3143552,
					"rtt":	409998,
					"rttvar":	5117,
					"pmtu":	1500,
					"omitted":	false,
					"sender":	true
				}],
			"sum":	{
				"start":	41.000216,
				"end":	42.000077,
				"seconds":	0.99986100196838379,
				"bytes":	7864320,
				"bits_per_second":	62923306.215706766,
				"retransmits":	0,
				"omitted":	false,
				"sender":	true
			}
		}, {
			"streams":	[{
					"socket":	6,
					"start":	42.000077,
					"end":	43.000083,
					"seconds":	1.0000059604644775,
					"bytes":	6553600,
					"bits_per_second":	52428487.501862638,
					"retransmits":	0,
					"snd_cwnd":	3282616,
					"snd_wnd":	3143552,
					"rtt":	426946,
					"rttvar":	5411,
					"pmtu":	1500,
					"omitted":	false,
					"sender":	true
				}],
			"sum":	{
				"start":	42.000077,
				"end":	43.000083,
				"seconds":	1.0000059604644775,
				"bytes":	6553600,
				"bits_per_second":	52428487.501862638,
				"retransmits":	0,
				"omitted":	false,
				"sender":	true
			}
		}, {
			"streams":	[{
					"socket":	6,
					"start":	43.000083,
					"end":	44.000083,
					"seconds":	1,
					"bytes":	7864320,
					"bits_per_second":	62914560,
					"retransmits":	0,
					"snd_cwnd":	3282616,
					"snd_wnd":	3143552,
					"rtt":	261881,
					"rttvar":	2311,
					"pmtu":	1500,
					"omitted":	false,
					"sender":	true
				}],
			"sum":	{
				"start":	43.000083,
				"end":	44.000083,
				"seconds":	1,
				"bytes":	7864320,
				"bits_per_second":	62914560,
				"retransmits":	0,
				"omitted":	false,
				"sender":	true
			}
		}, {
			"streams":	[{
					"socket":	6,
					"start":	44.000083,
					"end":	45.000151,
					"seconds":	1.0000679492950439,
					"bytes":	7864320,
					"bits_per_second":	62910285.2904635,
					"retransmits":	0,
					"snd_cwnd":	3282616,
					"snd_wnd":	3143552,
					"rtt":	441887,
					"rttvar":	1712,
					"pmtu":	1500,
					"omitted":	false,
					"sender":	true
				}],
			"sum":	{
				"start":	44.000083,
				"end":	45.000151,
				"seconds":	1.0000679492950439,
				"bytes":	7864320,
				"bits_per_second":	62910285.2904635,
				"retransmits":	0,
				"omitted":	false,
				"sender":	true
			}
		}, {
			"streams":	[{
					"socket":	6,
					"start":	45.000151,
					"end":	46.000181,
					"seconds":	1.0000300407409668,
					"bytes":	6553600,
					"bits_per_second":	52427225.047312744,
					"retransmits":	0,
					"snd_cwnd":	3282616,
					"snd_wnd":	3143552,
					"rtt":	446502,
					"rttvar":	2043,
					"pmtu":	1500,
					"omitted":	false,
					"sender":	true
				}],
			"sum":	{
				"start":	45.000151,
				"end":	46.000181,
				"seconds":	1.0000300407409668,
				"bytes":	6553600,
				"bits_per_second":	52427225.047312744,
				"retransmits":	0,
				"omitted":	false,
				"sender":	true
			}
		}, {
			"streams":	[{
					"socket":	6,
					"start":	46.000181,
					"end":	47.000201,
					"seconds":	1.0000200271606445,
					"bytes":	6553600,
					"bits_per_second":	52427750.0210281,
					"retransmits":	0,
					"snd_cwnd":	3282616,
					"snd_wnd":	3143552,
					"rtt":	464594,
					"rttvar":	1721,
					"pmtu":	1500,
					"omitted":	false,
					"sender":	true
				}],
			"sum":	{
				"start":	46.000181,
				"end":	47.000201,
				"seconds":	1.0000200271606445,
				"bytes":	6553600,
				"bits_per_second":	52427750.0210281,
				"retransmits":	0,
				"omitted":	false,
				"sender":	true
			}
		}, {
			"streams":	[{
					"socket":	6,
					"start":	47.000201,
					"end":	48.000225,
					"seconds":	1.0000239610672,
					"bytes":	6553600,
					"bits_per_second":	52427543.780100368,
					"retransmits":	0,
					"snd_cwnd":	3282616,
					"snd_wnd":	3143552,
					"rtt":	400780,
					"rttvar":	6862,
					"pmtu":	1500,
					"omitted":	false,
					"sender":	true
				}],
			"sum":	{
				"start":	47.000201,
				"end":	48.000225,
				"seconds":	1.0000239610672,
				"bytes":	6553600,
				"bits_per_second":	52427543.780100368,
				"retransmits":	0,
				"omitted":	false,
				"sender":	true
			}
		}, {
			"streams":	[{
					"socket":	6,
					"start":	48.000225,
					"end":	49.000076,
					"seconds":	0.99985098838806152,
					"bytes":	7864320,
					"bits_per_second":	62923936.397192061,
					"retransmits":	0,
					"snd_cwnd":	3282616,
					"snd_wnd":	3143552,
					"rtt":	422201,
					"rttvar":	5566,
					"pmtu":	1500,
					"omitted":	false,
					"sender":	true
				}],
			"sum":	{
				"start":	48.000225,
				"end":	49.000076,
				"seconds":	0.99985098838806152,
				"bytes":	7864320,
				"bits_per_second":	62923936.397192061,
				"retransmits":	0,
				"omitted":	false,
				"sender":	true
			}
		}, {
			"streams":	[{
					"socket":	6,
					"start":	49.000076,
					"end":	50.000102,
					"seconds":	1.0000259876251221,
					"bytes":	6553600,
					"bits_per_second":	52427437.535407215,
					"retransmits":	0,
					"snd_cwnd":	3282616,
					"snd_wnd":	3143552,
					"rtt":	426589,
					"rttvar":	2685,
					"pmtu":	1500,
					"omitted":	false,
					"sender":	true
				}],
			"sum":	{
				"start":	49.000076,
				"end":	50.000102,
				"seconds":	1.0000259876251221,
				"bytes":	6553600,
				"bits_per_second":	52427437.535407215,
				"retransmits":	0,
				"omitted":	false,
				"sender":	true
			}
		}, {
			"streams":	[{
					"socket":	6,
					"start":	50.000102,
					"end":	51.000144,
					"seconds":	1.0000419616699219,
					"bytes":	6553600,
					"bits_per_second":	52426600.0923118,
					"retransmits":	0,
					"snd_cwnd":	3282616,
					"snd_wnd":	3143552,
					"rtt":	419228,
					"rttvar":	2367,
					"pmtu":	1500,
					"omitted":	false,
					"sender":	true
				}],
			"sum":	{
				"start":	50.000102,
				"end":	51.000144,
				"seconds":	1.0000419616699219,
				"bytes":	6553600,
				"bits_per_second":	52426600.0923118,
				"retransmits":	0,
				"omitted":	false,
				"sender":	true
			}
		}, {
			"streams":	[{
					"socket":	6,
					"start":	51.000144,
					"end":	52.000176,
					"seconds":	1.0000319480895996,
					"bytes":	6553600,
					"bits_per_second":	52427125.053511344,
					"retransmits":	0,
					"snd_cwnd":	3282616,
					"snd_wnd":	3143552,
					"rtt":	463435,
					"rttvar":	1740,
					"pmtu":	1500,
					"omitted":	false,
					"sender":	true
				}],
			"sum":	{
				"start":	51.000144,
				"end":	52.000176,
				"seconds":	1.0000319480895996,
				"bytes":	6553600,
				"bits_per_second":	52427125.053511344,
				"retransmits":	0,
				"omitted":	false,
				"sender":	true
			}
		}, {
			"streams":	[{
					"socket":	6,
					"start":	52.000176,
					"end":	53.000218,
					"seconds":	1.0000419616699219,
					"bytes":	6553600,
					"bits_per_second":	52426600.0923118,
					"retransmits":	0,
					"snd_cwnd":	3282616,
					"snd_wnd":	3143552,
					"rtt":	384355,
					"rttvar":	9340,
					"pmtu":	1500,
					"omitted":	false,
					"sender":	true
				}],
			"sum":	{
				"start":	52.000176,
				"end":	53.000218,
				"seconds":	1.0000419616699219,
				"bytes":	6553600,
				"bits_per_second":	52426600.0923118,
				"retransmits":	0,
				"omitted":	false,
				"sender":	true
			}
		}, {
			"streams":	[{
					"socket":	6,
					"start":	53.000218,
					"end":	54.000109,
					"seconds":	0.99989098310470581,
					"bytes":	7864320,
					"bits_per_second":	62921419.497801155,
					"retransmits":	0,
					"snd_cwnd":	3282616,
					"snd_wnd":	3143552,
					"rtt":	385593,
					"rttvar":	4671,
					"pmtu":	1500,
					"omitted":	false,
					"sender":	true
				}],
			"sum":	{
				"start":	53.000218,
				"end":	54.000109,
				"seconds":	0.99989098310470581,
				"bytes":	7864320,
				"bits_per_second":	62921419.497801155,
				"retransmits":	0,
				"omitted":	false,
				"sender":	true
			}
		}, {
			"streams":	[{
					"socket":	6,
					"start":	54.000109,
					"end":	55.000098,
					"seconds":	0.99998897314071655,
					"bytes":	9175040,
					"bits_per_second":	73401129.383924961,
					"retransmits":	0,
					"snd_cwnd":	3282616,
					"snd_wnd":	3143552,
					"rtt":	232524,
					"rttvar":	6401,
					"pmtu":	1500,
					"omitted":	false,
					"sender":	true
				}],
			"sum":	{
				"start":	54.000109,
				"end":	55.000098,
				"seconds":	0.99998897314071655,
				"bytes":	9175040,
				"bits_per_second":	73401129.383924961,
				"retransmits":	0,
				"omitted":	false,
				"sender":	true
			}
		}, {
			"streams":	[{
					"socket":	6,
					"start":	55.000098,
					"end":	56.000113,
					"seconds":	1.0000150203704834,
					"bytes":	6553600,
					"bits_per_second":	52428012.511828363,
					"retransmits":	0,
					"snd_cwnd":	3282616,
					"snd_wnd":	3143552,
					"rtt":	436432,
					"rttvar":	2699,
					"pmtu":	1500,
					"omitted":	false,
					"sender":	true
				}],
			"sum":	{
				"start":	55.000098,
				"end":	56.000113,
				"seconds":	1.0000150203704834,
				"bytes":	6553600,
				"bits_per_second":	52428012.511828363,
				"retransmits":	0,
				"omitted":	false,
				"sender":	true
			}
		}, {
			"streams":	[{
					"socket":	6,
					"start":	56.000113,
					"end":	57.000142,
					"seconds":	1.0000289678573608,
					"bytes":	6553600,
					"bits_per_second":	52427281.293993659,
					"retransmits":	0,
					"snd_cwnd":	3282616,
					"snd_wnd":	3143552,
					"rtt":	445218,
					"rttvar":	271,
					"pmtu":	1500,
					"omitted":	false,
					"sender":	true
				}],
			"sum":	{
				"start":	56.000113,
				"end":	57.000142,
				"seconds":	1.0000289678573608,
				"bytes":	6553600,
				"bits_per_second":	52427281.293993659,
				"retransmits":	0,
				"omitted":	false,
				"sender":	true
			}
		}, {
			"streams":	[{
					"socket":	6,
					"start":	57.000142,
					"end":	58.000166,
					"seconds":	1.0000239610672,
					"bytes":	6553600,
					"bits_per_second":	52427543.780100368,
					"retransmits":	0,
					"snd_cwnd":	3282616,
					"snd_wnd":	3143552,
					"rtt":	458479,
					"rttvar":	2093,
					"pmtu":	1500,
					"omitted":	false,
					"sender":	true
				}],
			"sum":	{
				"start":	57.000142,
				"end":	58.000166,
				"seconds":	1.0000239610672,
				"bytes":	6553600,
				"bits_per_second":	52427543.780100368,
				"retransmits":	0,
				"omitted":	false,
				"sender":	true
			}
		}, {
			"streams":	[{
					"socket":	6,
					"start":	58.000166,
					"end":	59.000201,
					"seconds":	1.0000350475311279,
					"bytes":	6553600,
					"bits_per_second":	52426962.564397581,
					"retransmits":	0,
					"snd_cwnd":	3282616,
					"snd_wnd":	3143552,
					"rtt":	437689,
					"rttvar":	3659,
					"pmtu":	1500,
					"omitted":	false,
					"sender":	true
				}],
			"sum":	{
				"start":	58.000166,
				"end":	59.000201,
				"seconds":	1.0000350475311279,
				"bytes":	6553600,
				"bits_per_second":	52426962.564397581,
				"retransmits":	0,
				"omitted":	false,
				"sender":	true
			}
		}, {
			"streams":	[{
					"socket":	6,
					"start":	59.000201,
					"end":	60.000091,
					"seconds":	0.9998900294303894,
					"bytes":	7864320,
					"bits_per_second":	62921479.510942563,
					"retransmits":	0,
					"snd_cwnd":	3282616,
					"snd_wnd":	3143552,
					"rtt":	386438,
					"rttvar":	2523,
					"pmtu":	1500,
					"omitted":	false,
					"sender":	true
				}],
			"sum":	{
				"start":	59.000201,
				"end":	60.000091,
				"seconds":	0.9998900294303894,
				"bytes":	7864320,
				"bits_per_second":	62921479.510942563,
				"retransmits":	0,
				"omitted":	false,
				"sender":	true
			}
		}],
	"end":	{
		"streams":	[{
				"sender":	{
					"socket":	6,
					"start":	0,
					"end":	60.000091,
					"seconds":	60.000091,
					"bytes":	385613824,
					"bits_per_second":	51415098.5537672,
					"retransmits":	0,
					"max_snd_cwnd":	3282616,
					"max_snd_wnd":	3143552,
					"max_rtt":	529409,
					"min_rtt":	200106,
					"mean_rtt":	437633,
					"sender":	true
				},
				"receiver":	{
					"socket":	6,
					"start":	0,
					"end":	60.425832,
					"seconds":	60.000091,
					"bytes":	385045648,
					"bits_per_second":	50977621.35902407,
					"sender":	true
				}
			}],
		"sum_sent":	{
			"start":	0,
			"end":	60.000091,
			"seconds":	60.000091,
			"bytes":	385613824,
			"bits_per_second":	51415098.5537672,
			"retransmits":	0,
			"sender":	true
		},
		"sum_received":	{
			"start":	0,
			"end":	60.425832,
			"seconds":	60.425832,
			"bytes":	385045648,
			"bits_per_second":	50977621.35902407,
			"sender":	true
		},
		"cpu_utilization_percent":	{
			"host_total":	0.43778268130022086,
			"host_user":	0.048829461272727658,
			"host_system":	0.38895322002749316,
			"remote_total":	1.7515070412994942,
			"remote_user":	0.10376519492510564,
			"remote_system":	1.6477401914534955
		},
		"sender_tcp_congestion":	"cubic",
		"receiver_tcp_congestion":	"cubic"
	}
}
