{
	"start":	{
		"connected":	[{
				"socket":	6,
				"local_host":	"192.168.101.210",
				"local_port":	45548,
				"remote_host":	"192.168.100.168",
				"remote_port":	5201
			}],
		"version":	"iperf 3.11",
		"system_info":	"Linux f1 6.0.10-300.fc37.x86_64 #1 SMP PREEMPT_DYNAMIC Sat Nov 26 16:55:13 UTC 2022 x86_64",
		"timestamp":	{
			"time":	"Sat, 10 Dec 2022 20:17:26 GMT",
			"timesecs":	1670703446
		},
		"connecting_to":	{
			"host":	"192.168.100.168",
			"port":	5201
		},
		"cookie":	"gxga477vj7vhykkg2mehcqlnmory2p3ahh5c",
		"tcp_mss_default":	1448,
		"target_bitrate":	0,
		"sock_bufsize":	0,
		"sndbuf_actual":	16384,
		"rcvbuf_actual":	131072,
		"test_start":	{
			"protocol":	"TCP",
			"num_streams":	1,
			"blksize":	131072,
			"omit":	0,
			"duration":	60,
			"bytes":	0,
			"blocks":	0,
			"reverse":	0,
			"tos":	0,
			"target_bitrate":	0
		}
	},
	"intervals":	[{
			"streams":	[{
					"socket":	6,
					"start":	0,
					"end":	1.000177,
					"seconds":	1.0001770257949829,
					"bytes":	1181568,
					"bits_per_second":	9450870.95205643,
					"retransmits":	0,
					"snd_cwnd":	208512,
					"snd_wnd":	398208,
					"rtt":	248616,
					"rttvar":	11262,
					"pmtu":	1500,
					"omitted":	false,
					"sender":	true
				}],
			"sum":	{
				"start":	0,
				"end":	1.000177,
				"seconds":	1.0001770257949829,
				"bytes":	1181568,
				"bits_per_second":	9450870.95205643,
				"retransmits":	0,
				"omitted":	false,
				"sender":	true
			}
		}, {
			"streams":	[{
					"socket":	6,
					"start":	1.000177,
					"end":	2.00008,
					"seconds":	0.99990302324295044,
					"bytes":	977400,
					"bits_per_second":	7819958.3542014528,
					"retransmits":	0,
					"snd_cwnd":	238920,
					"snd_wnd":	972800,
					"rtt":	481885,
					"rttvar":	4201,
					"pmtu":	1500,
					"omitted":	false,
					"sender":	true
				}],
			"sum":	{
				"start":	1.000177,
				"end":	2.00008,
				"seconds":	0.99990302324295044,
				"bytes":	977400,
				"bits_per_second":	7819958.3542014528,
				"retransmits":	0,
				"omitted":	false,
				"sender":	true
			}
		}, {
			"streams":	[{
					"socket":	6,
					"start":	2.00008,
					"end":	3.001031,
					"seconds":	1.0009510517120361,
					"bytes":	0,
					"bits_per_second":	0,
					"retransmits":	0,
					"snd_cwnd":	257744,
					"snd_wnd":	972800,
					"rtt":	583517,
					"rttvar":	6087,
					"pmtu":	1500,
					"omitted":	false,
					"sender":	true
				}],
			"sum":	{
				"start":	2.00008,
				"end":	3.001031,
				"seconds":	1.0009510517120361,
				"bytes":	0,
				"bits_per_second":	0,
				"retransmits":	0,
				"omitted":	false,
				"sender":	true
			}
		}, {
			"streams":	[{
					"socket":	6,
					"start":	3.001031,
					"end":	4.000953,
					"seconds":	0.999921977519989,
					"bytes":	521280,
					"bits_per_second":	4170565.3978553885,
					"retransmits":	0,
					"snd_cwnd":	280912,
					"snd_wnd":	972800,
					"rtt":	608829,
					"rttvar":	958,
					"pmtu":	1500,
					"omitted":	false,
					"sender":	true
				}],
			"sum":	{
				"start":	3.001031,
				"end":	4.000953,
				"seconds":	0.999921977519989,
				"bytes":	521280,
				"bits_per_second":	4170565.3978553885,
				"retransmits":	0,
				"omitted":	false,
				"sender":	true
			}
		}, {
			"streams":	[{
					"socket":	6,
					"start":	4.000953,
					"end":	5.000937,
					"seconds":	0.9999840259552002,
					"bytes":	586440,
					"bits_per_second":	4691594.9437478138,
					"retransmits":	0,
					"snd_cwnd":	304080,
					"snd_wnd":	972800,
					"rtt":	627673,
					"rttvar":	802,
					"pmtu":	1500,
					"omitted":	false,
					"sender":	true
				}],
			"sum":	{
				"start":	4.000953,
				"end":	5.000937,
				"seconds":	0.9999840259552002,
				"bytes":	586440,
				"bits_per_second":	4691594.9437478138,
				"retransmits":	0,
				"omitted":	false,
				"sender":	true
			}
		}, {
			"streams":	[{
					"socket":	6,
					"start":	5.000937,
					"end":	6.00013,
					"seconds":	0.999193012714386,
					"bytes":	1368360,
					"bits_per_second":	10955721.12765475,
					"retransmits":	0,
					"snd_cwnd":	338832,
					"snd_wnd":	972800,
					"rtt":	520281,
					"rttvar":	7783,
					"pmtu":	1500,
					"omitted":	false,
					"sender":	true
				}],
			"sum":	{
				"start":	5.000937,
				"end":	6.00013,
				"seconds":	0.999193012714386,
				"bytes":	1368360,
				"bits_per_second":	10955721.12765475,
				"retransmits":	0,
				"omitted":	false,
				"sender":	true
			}
		}, {
			"streams":	[{
					"socket":	6,
					"start":	6.00013,
					"end":	7.000074,
					"seconds":	0.999943971633911,
					"bytes":	781920,
					"bits_per_second":	6255710.4972378854,
					"retransmits":	0,
					"snd_cwnd":	366344,
					"snd_wnd":	972800,
					"rtt":	617505,
					"rttvar":	1020,
					"pmtu":	1500,
					"omitted":	false,
					"sender":	true
				}],
			"sum":	{
				"start":	6.00013,
				"end":	7.000074,
				"seconds":	0.999943971633911,
				"bytes":	781920,
				"bits_per_second":	6255710.4972378854,
				"retransmits":	0,
				"omitted":	false,
				"sender":	true
			}
		}, {
			"streams":	[{
					"socket":	6,
					"start":	7.000074,
					"end":	8.000859,
					"seconds":	1.0007849931716919,
					"bytes":	0,
					"bits_per_second":	0,
					"retransmits":	0,
					"snd_cwnd":	399648,
					"snd_wnd":	972800,
					"rtt":	641417,
					"rttvar":	1018,
					"pmtu":	1500,
					"omitted":	false,
					"sender":	true
				}],
			"sum":	{
				"start":	7.000074,
				"end":	8.000859,
				"seconds":	1.0007849931716919,
				"bytes":	0,
				"bits_per_second":	0,
				"retransmits":	0,
				"omitted":	false,
				"sender":	true
			}
		}, {
			"streams":	[{
					"socket":	6,
					"start":	8.000859,
					"end":	9.000936,
					"seconds":	1.00007700920105,
					"bytes":	847080,
					"bits_per_second":	6776118.1765530044,
					"retransmits":	0,
					"snd_cwnd":	476392,
					"snd_wnd":	972800,
					"rtt":	676094,
					"rttvar":	2303,
					"pmtu":	1500,
					"omitted":	false,
					"sender":	true
				}],
			"sum":	{
				"start":	8.000859,
				"end":	9.000936,
				"seconds":	1.00007700920105,
				"bytes":	847080,
				"bits_per_second":	6776118.1765530044,
				"retransmits":	0,
				"omitted":	false,
				"sender":	true
			}
		}, {
			"streams":	[{
					"socket":	6,
					"start":	9.000936,
					"end":	10.000082,
					"seconds":	0.9991459846496582,
					"bytes":	2150280,
					"bits_per_second":	17216943.534064058,
					"retransmits":	0,
					"snd_cwnd":	584992,
					"snd_wnd":	1169792,
					"rtt":	744133,
					"rttvar":	2601,
					"pmtu":	1500,
					"omitted":	false,
					"sender":	true
				}],
			"sum":	{
				"start":	9.000936,
				"end":	10.000082,
				"seconds":	0.9991459846496582,
				"bytes":	2150280,
				"bits_per_second":	17216943.534064058,
				"retransmits":	0,
				"omitted":	false,
				"sender":	true
			}
		}, {
			"streams":	[{
					"socket":	6,
					"start":	10.000082,
					"end":	11.00011,
					"seconds":	1.0000280141830444,
					"bytes":	1285000,
					"bits_per_second":	10279712.022265764,
					"retransmits":	0,
					"snd_cwnd":	722552,
					"snd_wnd":	1606784,
					"rtt":	777101,
					"rttvar":	2043,
					"pmtu":	1500,
					"omitted":	false,
					"sender":	true
				}],
			"sum":	{
				"start":	10.000082,
				"end":	11.00011,
				"seconds":	1.0000280141830444,
				"bytes":	1285000,
				"bits_per_second":	10279712.022265764,
				"retransmits":	0,
				"omitted":	false,
				"sender":	true
			}
		}, {
			"streams":	[{
					"socket":	6,
					"start":	11.00011,
					"end":	12.001031,
					"seconds":	1.0009210109710693,
					"bytes":	0,
					"bits_per_second":	0,
					"retransmits":	0,
					"snd_cwnd":	900656,
					"snd_wnd":	1980800,
					"rtt":	790948,
					"rttvar":	2974,
					"pmtu":	1500,
					"omitted":	false,
					"sender":	true
				}],
			"sum":	{
				"start":	11.00011,
				"end":	12.001031,
				"seconds":	1.0009210109710693,
				"bytes":	0,
				"bits_per_second":	0,
				"retransmits":	0,
				"omitted":	false,
				"sender":	true
			}
		}, {
			"streams":	[{
					"socket":	6,
					"start":	12.001031,
					"end":	13.000667,
					"seconds":	0.99963599443435669,
					"bytes":	1310720,
					"bits_per_second":	10489578.264869664,
					"retransmits":	0,
					"snd_cwnd":	1106272,
					"snd_wnd":	2428416,
					"rtt":	789659,
					"rttvar":	3079,
					"pmtu":	1500,
					"omitted":	false,
					"sender":	true
				}],
			"sum":	{
				"start":	12.001031,
				"end":	13.000667,
				"seconds":	0.99963599443435669,
				"bytes":	1310720,
				"bits_per_second":	10489578.264869664,
				"retransmits":	0,
				"omitted":	false,
				"sender":	true
			}
		}, {
			"streams":	[{
					"socket":	6,
					"start":	13.000667,
					"end":	14.00038,
					"seconds":	0.99971300363540649,
					"bytes":	1310720,
					"bits_per_second":	10488770.238927629,
					"retransmits":	0,
					"snd_cwnd":	1304648,
					"snd_wnd":	2777600,
					"rtt":	1099840,
					"rttvar":	11823,
					"pmtu":	1500,
					"omitted":	false,
					"sender":	true
				}],
			"sum":	{
				"start":	13.000667,
				"end":	14.00038,
				"seconds":	0.99971300363540649,
				"bytes":	1310720,
				"bits_per_second":	10488770.238927629,
				"retransmits":	0,
				"omitted":	false,
				"sender":	true
			}
		}, {
			"streams":	[{
					"socket":	6,
					"start":	14.00038,
					"end":	15.001028,
					"seconds":	1.000648021697998,
					"bytes":	0,
					"bits_per_second":	0,
					"retransmits":	0,
					"snd_cwnd":	1537776,
					"snd_wnd":	3143680,
					"rtt":	1356539,
					"rttvar":	8006,
					"pmtu":	1500,
					"omitted":	false,
					"sender":	true
				}],
			"sum":	{
				"start":	14.00038,
				"end":	15.001028,
				"seconds":	1.000648021697998,
				"bytes":	0,
				"bits_per_second":	0,
				"retransmits":	0,
				"omitted":	false,
				"sender":	true
			}
		}, {
			"streams":	[{
					"socket":	6,
					"start":	15.001028,
					"end":	16.000688,
					"seconds":	0.99966001510620117,
					"bytes":	1310720,
					"bits_per_second":	10489326.212458365,
					"retransmits":	0,
					"snd_cwnd":	1778144,
					"snd_wnd":	3143936,
					"rtt":	1683336,
					"rttvar":	11986,
					"pmtu":	1500,
					"omitted":	false,
					"sender":	true
				}],
			"sum":	{
				"start":	15.001028,
				"end":	16.000688,
				"seconds":	0.99966001510620117,
				"bytes":	1310720,
				"bits_per_second":	10489326.212458365,
				"retransmits":	0,
				"omitted":	false,
				"sender":	true
			}
		}, {
			"streams":	[{
					"socket":	6,
					"start":	16.000688,
					"end":	17.001028,
					"seconds":	1.0003399848937988,
					"bytes":	0,
					"bits_per_second":	0,
					"retransmits":	0,
					"snd_cwnd":	2085120,
					"snd_wnd":	3143936,
					"rtt":	1863998,
					"rttvar":	3217,
					"pmtu":	1500,
					"omitted":	false,
					"sender":	true
				}],
			"sum":	{
				"start":	16.000688,
				"end":	17.001028,
				"seconds":	1.0003399848937988,
				"bytes":	0,
				"bits_per_second":	0,
				"retransmits":	0,
				"omitted":	false,
				"sender":	true
			}
		}, {
			"streams":	[{
					"socket":	6,
					"start":	17.001028,
					"end":	18.000541,
					"seconds":	0.99951297044754028,
					"bytes":	1310720,
					"bits_per_second":	10490869.363410976,
					"retransmits":	0,
					"snd_cwnd":	2413816,
					"snd_wnd":	3143936,
					"rtt":	2043165,
					"rttvar":	7519,
					"pmtu":	1500,
					"omitted":	false,
					"sender":	true
				}],
			"sum":	{
				"start":	17.001028,
				"end":	18.000541,
				"seconds":	0.99951297044754028,
				"bytes":	1310720,
				"bits_per_second":	10490869.363410976,
				"retransmits":	0,
				"omitted":	false,
				"sender":	true
			}
		}, {
			"streams":	[{
					"socket":	6,
					"start":	18.000541,
					"end":	19.000441,
					"seconds":	0.999899983406067,
					"bytes":	1310720,
					"bits_per_second":	10486808.854902895,
					"retransmits":	0,
					"snd_cwnd":	2814912,
					"snd_wnd":	3143936,
					"rtt":	2348479,
					"rttvar":	5826,
					"pmtu":	1500,
					"omitted":	false,
					"sender":	true
				}],
			"sum":	{
				"start":	18.000541,
				"end":	19.000441,
				"seconds":	0.999899983406067,
				"bytes":	1310720,
				"bits_per_second":	10486808.854902895,
				"retransmits":	0,
				"omitted":	false,
				"sender":	true
			}
		}, {
			"streams":	[{
					"socket":	6,
					"start":	19.000441,
					"end":	20.001027,
					"seconds":	1.0005860328674316,
					"bytes":	0,
					"bits_per_second":	0,
					"retransmits":	0,
					"snd_cwnd":	3266688,
					"snd_wnd":	3143936,
					"rtt":	2535075,
					"rttvar":	4851,
					"pmtu":	1500,
					"omitted":	false,
					"sender":	true
				}],
			"sum":	{
				"start":	19.000441,
				"end":	20.001027,
				"seconds":	1.0005860328674316,
				"bytes":	0,
				"bits_per_second":	0,
				"retransmits":	0,
				"omitted":	false,
				"sender":	true
			}
		}, {
			"streams":	[{
					"socket":	6,
					"start":	20.001027,
					"end":	21.000967,
					"seconds":	0.99993997812271118,
					"bytes":	1310720,
					"bits_per_second":	10486389.412778536,
					"retransmits":	0,
					"snd_cwnd":	3669232,
					"snd_wnd":	3143936,
					"rtt":	2396411,
					"rttvar":	17826,
					"pmtu":	1500,
					"omitted":	false,
					"sender":	true
				}],
			"sum":	{
				"start":	20.001027,
				"end":	21.000967,
				"seconds":	0.99993997812271118,
				"bytes":	1310720,
				"bits_per_second":	10486389.412778536,
				"retransmits":	0,
				"omitted":	false,
				"sender":	true
			}
		}, {
			"streams":	[{
					"socket":	6,
					"start":	21.000967,
					"end":	22.000588,
					"seconds":	0.99962097406387329,
					"bytes":	1310720,
					"bits_per_second":	10489735.881962383,
					"retransmits":	0,
					"snd_cwnd":	4202096,
					"snd_wnd":	3143936,
					"rtt":	3025325,
					"rttvar":	6657,
					"pmtu":	1500,
					"omitted":	false,
					"sender":	true
				}],
			"sum":	{
				"start":	21.000967,
				"end":	22.000588,
				"seconds":	0.99962097406387329,
				"bytes":	1310720,
				"bits_per_second":	10489735.881962383,
				"retransmits":	0,
				"omitted":	false,
				"sender":	true
			}
		}, {
			"streams":	[{
					"socket":	6,
					"start":	22.000588,
					"end":	23.000081,
					"seconds":	0.99949300289154053,
					"bytes":	1310720,
					"bits_per_second":	10491078.946690593,
					"retransmits":	0,
					"snd_cwnd":	4257120,
					"snd_wnd":	3143936,
					"rtt":	2911728,
					"rttvar":	19906,
					"pmtu":	1500,
					"omitted":	false,
					"sender":	true
				}],
			"sum":	{
				"start":	22.000588,
				"end":	23.000081,
				"seconds":	0.99949300289154053,
				"bytes":	1310720,
				"bits_per_second":	10491078.946690593,
				"retransmits":	0,
				"omitted":	false,
				"sender":	true
			}
		}, {
			"streams":	[{
					"socket":	6,
					"start":	23.000081,
					"end":	24.001033,
					"seconds":	1.0009520053863525,
					"bytes":	0,
					"bits_per_second":	0,
					"retransmits":	0,
					"snd_cwnd":	4257120,
					"snd_wnd":	3143936,
					"rtt":	2512920,
					"rttvar":	19876,
					"pmtu":	1500,
					"omitted":	false,
					"sender":	true
				}],
			"sum":	{
				"start":	23.000081,
				"end":	24.001033,
				"seconds":	1.0009520053863525,
				"bytes":	0,
				"bits_per_second":	0,
				"retransmits":	0,
				"omitted":	false,
				"sender":	true
			}
		}, {
			"streams":	[{
					"socket":	6,
					"start":	24.001033,
					"end":	25.000634,
					"seconds":	0.99960100650787354,
					"bytes":	1310720,
					"bits_per_second":	10489945.419955324,
					"retransmits":	0,
					"snd_cwnd":	4257120,
					"snd_wnd":	3143936,
					"rtt":	3362814,
					"rttvar":	666,
					"pmtu":	1500,
					"omitted":	false,
					"sender":	true
				}],
			"sum":	{
				"start":	24.001033,
				"end":	25.000634,
				"seconds":	0.99960100650787354,
				"bytes":	1310720,
				"bits_per_second":	10489945.419955324,
				"retransmits":	0,
				"omitted":	false,
				"sender":	true
			}
		}, {
			"streams":	[{
					"socket":	6,
					"start":	25.000634,
					"end":	26.000134,
					"seconds":	0.99949997663497925,
					"bytes":	1310720,
					"bits_per_second":	10491005.747996565,
					"retransmits":	0,
					"snd_cwnd":	4257120,
					"snd_wnd":	3143936,
					"rtt":	3009137,
					"rttvar":	19807,
					"pmtu":	1500,
					"omitted":	false,
					"sender":	true
				}],
			"sum":	{
				"start":	25.000634,
				"end":	26.000134,
				"seconds":	0.99949997663497925,
				"bytes":	1310720,
				"bits_per_second":	10491005.747996565,
				"retransmits":	0,
				"omitted":	false,
				"sender":	true
			}
		}, {
			"streams":	[{
					"socket":	6,
					"start":	26.000134,
					"end":	27.000076,
					"seconds":	0.99994200468063354,
					"bytes":	1310720,
					"bits_per_second":	10486368.160270449,
					"retransmits":	0,
					"snd_cwnd":	4257120,
					"snd_wnd":	3143936,
					"rtt":	2584768,
					"rttvar":	19586,
					"pmtu":	1500,
					"omitted":	false,
					"sender":	true
				}],
			"sum":	{
				"start":	26.000134,
				"end":	27.000076,
				"seconds":	0.99994200468063354,
				"bytes":	1310720,
				"bits_per_second":	10486368.160270449,
				"retransmits":	0,
				"omitted":	false,
				"sender":	true
			}
		}, {
			"streams":	[{
					"socket":	6,
					"start":	27.000076,
					"end":	28.000576,
					"seconds":	1.000499963760376,
					"bytes":	0,
					"bits_per_second":	0,
					"retransmits":	0,
					"snd_cwnd":	4257120,
					"snd_wnd":	3143936,
					"rtt":	2084956,
					"rttvar":	19498,
					"pmtu":	1500,
					"omitted":	false,
					"sender":	true
				}],
			"sum":	{
				"start":	27.000076,
				"end":	28.000576,
				"seconds":	1.000499963760376,
				"bytes":	0,
				"bits_per_second":	0,
				"retransmits":	0,
				"omitted":	false,
				"sender":	true
			}
		}, {
			"streams":	[{
					"socket":	6,
					"start":	28.000576,
					"end":	29.000931,
					"seconds":	1.0003550052642822,
					"bytes":	1310720,
					"bits_per_second":	10482038.821038121,
					"retransmits":	0,
					"snd_cwnd":	4257120,
					"snd_wnd":	3143936,
					"rtt":	1988717,
					"rttvar":	19903,
					"pmtu":	1500,
					"omitted":	false,
					"sender":	true
				}],
			"sum":	{
				"start":	28.000576,
				"end":	29.000931,
				"seconds":	1.0003550052642822,
				"bytes":	1310720,
				"bits_per_second":	10482038.821038121,
				"retransmits":	0,
				"omitted":	false,
				"sender":	true
			}
		}, {
			"streams":	[{
					"socket":	6,
					"start":	29.000931,
					"end":	30.000512,
					"seconds":	0.999580979347229,
					"bytes":	1310720,
					"bits_per_second":	10490155.591843763,
					"retransmits":	0,
					"snd_cwnd":	4257120,
					"snd_wnd":	3143936,
					"rtt":	2103168,
					"rttvar":	112962,
					"pmtu":	1500,
					"omitted":	false,
					"sender":	true
				}],
			"sum":	{
				"start":	29.000931,
				"end":	30.000512,
				"seconds":	0.999580979347229,
				"bytes":	1310720,
				"bits_per_second":	10490155.591843763,
				"retransmits":	0,
				"omitted":	false,
				"sender":	true
			}
		}, {
			"streams":	[{
					"socket":	6,
					"start":	30.000512,
					"end":	31.000471,
					"seconds":	0.99995899200439453,
					"bytes":	1310720,
					"bits_per_second":	10486190.017634161,
					"retransmits":	0,
					"snd_cwnd":	4257120,
					"snd_wnd":	3143936,
					"rtt":	2883119,
					"rttvar":	19740,
					"pmtu":	1500,
					"omitted":	false,
					"sender":	true
				}],
			"sum":	{
				"start":	30.000512,
				"end":	31.000471,
				"seconds":	0.99995899200439453,
				"bytes":	1310720,
				"bits_per_second":	10486190.017634161,
				"retransmits":	0,
				"omitted":	false,
				"sender":	true
			}
		}, {
			"streams":	[{
					"socket":	6,
					"start":	31.000471,
					"end":	32.001024,
					"seconds":	1.0005530118942261,
					"bytes":	0,
					"bits_per_second":	0,
					"retransmits":	0,
					"snd_cwnd":	4257120,
					"snd_wnd":	3143936,
					"rtt":	2790377,
					"rttvar":	19893,
					"pmtu":	1500,
					"omitted":	false,
					"sender":	true
				}],
			"sum":	{
				"start":	31.000471,
				"end":	32.001024,
				"seconds":	1.0005530118942261,
				"bytes":	0,
				"bits_per_second":	0,
				"retransmits":	0,
				"omitted":	false,
				"sender":	true
			}
		}, {
			"streams":	[{
					"socket":	6,
					"start":	32.001024,
					"end":	33.000909,
					"seconds":	0.99988502264022827,
					"bytes":	1310720,
					"bits_per_second":	10486965.76363552,
					"retransmits":	0,
					"snd_cwnd":	4257120,
					"snd_wnd":	3143936,
					"rtt":	3309451,
					"rttvar":	14244,
					"pmtu":	1500,
					"omitted":	false,
					"sender":	true
				}],
			"sum":	{
				"start":	32.001024,
				"end":	33.000909,
				"seconds":	0.99988502264022827,
				"bytes":	1310720,
				"bits_per_second":	10486965.76363552,
				"retransmits":	0,
				"omitted":	false,
				"sender":	true
			}
		}, {
			"streams":	[{
					"socket":	6,
					"start":	33.000909,
					"end":	34.000308,
					"seconds":	0.99939900636672974,
					"bytes":	1310720,
					"bits_per_second":	10492065.664664317,
					"retransmits":	0,
					"snd_cwnd":	4257120,
					"snd_wnd":	3143936,
					"rtt":	3416680,
					"rttvar":	19545,
					"pmtu":	1500,
					"omitted":	false,
					"sender":	true
				}],
			"sum":	{
				"start":	33.000909,
				"end":	34.000308,
				"seconds":	0.99939900636672974,
				"bytes":	1310720,
				"bits_per_second":	10492065.664664317,
				"retransmits":	0,
				"omitted":	false,
				"sender":	true
			}
		}, {
			"streams":	[{
					"socket":	6,
					"start":	34.000308,
					"end":	35.001019,
					"seconds":	1.0007109642028809,
					"bytes":	0,
					"bits_per_second":	0,
					"retransmits":	0,
					"snd_cwnd":	4257120,
					"snd_wnd":	3143936,
					"rtt":	2881557,
					"rttvar":	17713,
					"pmtu":	1500,
					"omitted":	false,
					"sender":	true
				}],
			"sum":	{
				"start":	34.000308,
				"end":	35.001019,
				"seconds":	1.0007109642028809,
				"bytes":	0,
				"bits_per_second":	0,
				"retransmits":	0,
				"omitted":	false,
				"sender":	true
			}
		}, {
			"streams":	[{
					"socket":	6,
					"start":	35.001019,
					"end":	36.000504,
					"seconds":	0.99948501586914062,
					"bytes":	1310720,
					"bits_per_second":	10491162.782347171,
					"retransmits":	0,
					"snd_cwnd":	4257120,
					"snd_wnd":	3143936,
					"rtt":	3836471,
					"rttvar":	15004,
					"pmtu":	1500,
					"omitted":	false,
					"sender":	true
				}],
			"sum":	{
				"start":	35.001019,
				"end":	36.000504,
				"seconds":	0.99948501586914062,
				"bytes":	1310720,
				"bits_per_second":	10491162.782347171,
				"retransmits":	0,
				"omitted":	false,
				"sender":	true
			}
		}, {
			"streams":	[{
					"socket":	6,
					"start":	36.000504,
					"end":	37.001021,
					"seconds":	1.0005170106887817,
					"bytes":	0,
					"bits_per_second":	0,
					"retransmits":	0,
					"snd_cwnd":	4257120,
					"snd_wnd":	3143936,
					"rtt":	3263580,
					"rttvar":	19971,
					"pmtu":	1500,
					"omitted":	false,
					"sender":	true
				}],
			"sum":	{
				"start":	36.000504,
				"end":	37.001021,
				"seconds":	1.0005170106887817,
				"bytes":	0,
				"bits_per_second":	0,
				"retransmits":	0,
				"omitted":	false,
				"sender":	true
			}
		}, {
			"streams":	[{
					"socket":	6,
					"start":	37.001021,
					"end":	38.000944,
					"seconds":	0.9999229907989502,
					"bytes":	1310720,
					"bits_per_second":	10486567.562189719,
					"retransmits":	0,
					"snd_cwnd":	4257120,
					"snd_wnd":	3143936,
					"rtt":	3810897,
					"rttvar":	5179,
					"pmtu":	1500,
					"omitted":	false,
					"sender":	true
				}],
			"sum":	{
				"start":	37.001021,
				"end":	38.000944,
				"seconds":	0.9999229907989502,
				"bytes":	1310720,
				"bits_per_second":	10486567.562189719,
				"retransmits":	0,
				"omitted":	false,
				"sender":	true
			}
		}, {
			"streams":	[{
					"socket":	6,
					"start":	38.000944,
					"end":	39.000372,
					"seconds":	0.99942797422409058,
					"bytes":	1310720,
					"bits_per_second":	10491761.5580459,
					"retransmits":	0,
					"snd_cwnd":	4257120,
					"snd_wnd":	3143936,
					"rtt":	3464310,
					"rttvar":	19515,
					"pmtu":	1500,
					"omitted":	false,
					"sender":	true
				}],
			"sum":	{
				"start":	38.000944,
				"end":	39.000372,
				"seconds":	0.99942797422409058,
				"bytes":	1310720,
				"bits_per_second":	10491761.5580459,
				"retransmits":	0,
				"omitted":	false,
				"sender":	true
			}
		}, {
			"streams":	[{
					"socket":	6,
					"start":	39.000372,
					"end":	40.001027,
					"seconds":	1.0006550550460815,
					"bytes":	0,
					"bits_per_second":	0,
					"retransmits":	0,
					"snd_cwnd":	4257120,
					"snd_wnd":	3143936,
					"rtt":	2903105,
					"rttvar":	19554,
					"pmtu":	1500,
					"omitted":	false,
					"sender":	true
				}],
			"sum":	{
				"start":	39.000372,
				"end":	40.001027,
				"seconds":	1.0006550550460815,
				"bytes":	0,
				"bits_per_second":	0,
				"retransmits":	0,
				"omitted":	false,
				"sender":	true
			}
		}, {
			"streams":	[{
					"socket":	6,
					"start":	40.001027,
					"end":	41.000709,
					"seconds":	0.99968200922012329,
					"bytes":	1310720,
					"bits_per_second":	10489095.43563778,
					"retransmits":	0,
					"snd_cwnd":	4257120,
					"snd_wnd":	3143936,
					"rtt":	3695789,
					"rttvar":	7931,
					"pmtu":	1500,
					"omitted":	false,
					"sender":	true
				}],
			"sum":	{
				"start":	40.001027,
				"end":	41.000709,
				"seconds":	0.99968200922012329,
				"bytes":	1310720,
				"bits_per_second":	10489095.43563778,
				"retransmits":	0,
				"omitted":	false,
				"sender":	true
			}
		}, {
			"streams":	[{
					"socket":	6,
					"start":	41.000709,
					"end":	42.001027,
					"seconds":	1.0003180503845215,
					"bytes":	0,
					"bits_per_second":	0,
					"retransmits":	0,
					"snd_cwnd":	4257120,
					"snd_wnd":	3143936,
					"rtt":	3320791,
					"rttvar":	19744,
					"pmtu":	1500,
					"omitted":	false,
					"sender":	true
				}],
			"sum":	{
				"start":	41.000709,
				"end":	42.001027,
				"seconds":	1.0003180503845215,
				"bytes":	0,
				"bits_per_second":	0,
				"retransmits":	0,
				"omitted":	false,
				"sender":	true
			}
		}, {
			"streams":	[{
					"socket":	6,
					"start":	42.001027,
					"end":	43.00103,
					"seconds":	1.0000029802322388,
					"bytes":	1310720,
					"bits_per_second":	10485728.750093132,
					"retransmits":	0,
					"snd_cwnd":	4257120,
					"snd_wnd":	3143936,
					"rtt":	3745516,
					"rttvar":	20963,
					"pmtu":	1500,
					"omitted":	false,
					"sender":	true
				}],
			"sum":	{
				"start":	42.001027,
				"end":	43.00103,
				"seconds":	1.0000029802322388,
				"bytes":	1310720,
				"bits_per_second":	10485728.750093132,
				"retransmits":	0,
				"omitted":	false,
				"sender":	true
			}
		}, {
			"streams":	[{
					"socket":	6,
					"start":	43.00103,
					"end":	44.00031,
					"seconds":	0.99927997589111328,
					"bytes":	1310720,
					"bits_per_second":	10493315.440099025,
					"retransmits":	0,
					"snd_cwnd":	4257120,
					"snd_wnd":	3143936,
					"rtt":	3661056,
					"rttvar":	19517,
					"pmtu":	1500,
					"omitted":	false,
					"sender":	true
				}],
			"sum":	{
				"start":	43.00103,
				"end":	44.00031,
				"seconds":	0.99927997589111328,
				"bytes":	1310720,
				"bits_per_second":	10493315.440099025,
				"retransmits":	0,
				"omitted":	false,
				"sender":	true
			}
		}, {
			"streams":	[{
					"socket":	6,
					"start":	44.00031,
					"end":	45.000079,
					"seconds":	0.99976897239685059,
					"bytes":	1310720,
					"bits_per_second":	10488183.059793696,
					"retransmits":	0,
					"snd_cwnd":	4257120,
					"snd_wnd":	3143936,
					"rtt":	2978172,
					"rttvar":	19439,
					"pmtu":	1500,
					"omitted":	false,
					"sender":	true
				}],
			"sum":	{
				"start":	44.00031,
				"end":	45.000079,
				"seconds":	0.99976897239685059,
				"bytes":	1310720,
				"bits_per_second":	10488183.059793696,
				"retransmits":	0,
				"omitted":	false,
				"sender":	true
			}
		}, {
			"streams":	[{
					"socket":	6,
					"start":	45.000079,
					"end":	46.001029,
					"seconds":	1.00094997882843,
					"bytes":	0,
					"bits_per_second":	0,
					"retransmits":	0,
					"snd_cwnd":	4257120,
					"snd_wnd":	3143936,
					"rtt":	2263282,
					"rttvar":	20040,
					"pmtu":	1500,
					"omitted":	false,
					"sender":	true
				}],
			"sum":	{
				"start":	45.000079,
				"end":	46.001029,
				"seconds":	1.00094997882843,
				"bytes":	0,
				"bits_per_second":	0,
				"retransmits":	0,
				"omitted":	false,
				"sender":	true
			}
		}, {
			"streams":	[{
					"socket":	6,
					"start":	46.001029,
					"end":	47.000953,
					"seconds":	0.99992400407791138,
					"bytes":	1310720,
					"bits_per_second":	10486556.935563853,
					"retransmits":	0,
					"snd_cwnd":	4257120,
					"snd_wnd":	3143936,
					"rtt":	2003369,
					"rttvar":	19939,
					"pmtu":	1500,
					"omitted":	false,
					"sender":	true
				}],
			"sum":	{
				"start":	46.001029,
				"end":	47.000953,
				"seconds":	0.99992400407791138,
				"bytes":	1310720,
				"bits_per_second":	10486556.935563853,
				"retransmits":	0,
				"omitted":	false,
				"sender":	true
			}
		}, {
			"streams":	[{
					"socket":	6,
					"start":	47.000953,
					"end":	48.000851,
					"seconds":	0.99989801645278931,
					"bytes":	1310720,
					"bits_per_second":	10486829.48406978,
					"retransmits":	0,
					"snd_cwnd":	4257120,
					"snd_wnd":	3143936,
					"rtt":	1907041,
					"rttvar":	19704,
					"pmtu":	1500,
					"omitted":	false,
					"sender":	true
				}],
			"sum":	{
				"start":	47.000953,
				"end":	48.000851,
				"seconds":	0.99989801645278931,
				"bytes":	1310720,
				"bits_per_second":	10486829.48406978,
				"retransmits":	0,
				"omitted":	false,
				"sender":	true
			}
		}, {
			"streams":	[{
					"socket":	6,
					"start":	48.000851,
					"end":	49.000756,
					"seconds":	0.999904990196228,
					"bytes":	1310720,
					"bits_per_second":	10486756.344662512,
					"retransmits":	0,
					"snd_cwnd":	4257120,
					"snd_wnd":	3143936,
					"rtt":	2633662,
					"rttvar":	675,
					"pmtu":	1500,
					"omitted":	false,
					"sender":	true
				}],
			"sum":	{
				"start":	48.000851,
				"end":	49.000756,
				"seconds":	0.999904990196228,
				"bytes":	1310720,
				"bits_per_second":	10486756.344662512,
				"retransmits":	0,
				"omitted":	false,
				"sender":	true
			}
		}, {
			"streams":	[{
					"socket":	6,
					"start":	49.000756,
					"end":	50.000385,
					"seconds":	0.999629020690918,
					"bytes":	1310720,
					"bits_per_second":	10489651.443645075,
					"retransmits":	0,
					"snd_cwnd":	4257120,
					"snd_wnd":	3143936,
					"rtt":	2802616,
					"rttvar":	19901,
					"pmtu":	1500,
					"omitted":	false,
					"sender":	true
				}],
			"sum":	{
				"start":	49.000756,
				"end":	50.000385,
				"seconds":	0.999629020690918,
				"bytes":	1310720,
				"bits_per_second":	10489651.443645075,
				"retransmits":	0,
				"omitted":	false,
				"sender":	true
			}
		}, {
			"streams":	[{
					"socket":	6,
					"start":	50.000385,
					"end":	51.001025,
					"seconds":	1.0006400346755981,
					"bytes":	0,
					"bits_per_second":	0,
					"retransmits":	0,
					"snd_cwnd":	4257120,
					"snd_wnd":	3143936,
					"rtt":	2710056,
					"rttvar":	19440,
					"pmtu":	1500,
					"omitted":	false,
					"sender":	true
				}],
			"sum":	{
				"start":	50.000385,
				"end":	51.001025,
				"seconds":	1.0006400346755981,
				"bytes":	0,
				"bits_per_second":	0,
				"retransmits":	0,
				"omitted":	false,
				"sender":	true
			}
		}, {
			"streams":	[{
					"socket":	6,
					"start":	51.001025,
					"end":	52.000745,
					"seconds":	0.99971997737884521,
					"bytes":	1310720,
					"bits_per_second":	10488697.072446724,
					"retransmits":	0,
					"snd_cwnd":	4257120,
					"snd_wnd":	3143936,
					"rtt":	3442026,
					"rttvar":	9241,
					"pmtu":	1500,
					"omitted":	false,
					"sender":	true
				}],
			"sum":	{
				"start":	51.001025,
				"end":	52.000745,
				"seconds":	0.99971997737884521,
				"bytes":	1310720,
				"bits_per_second":	10488697.072446724,
				"retransmits":	0,
				"omitted":	false,
				"sender":	true
			}
		}, {
			"streams":	[{
					"socket":	6,
					"start":	52.000745,
					"end":	53.000083,
					"seconds":	0.99933797121047974,
					"bytes":	1310720,
					"bits_per_second":	10492706.473765619,
					"retransmits":	0,
					"snd_cwnd":	4257120,
					"snd_wnd":	3143936,
					"rtt":	3336478,
					"rttvar":	19449,
					"pmtu":	1500,
					"omitted":	false,
					"sender":	true
				}],
			"sum":	{
				"start":	52.000745,
				"end":	53.000083,
				"seconds":	0.99933797121047974,
				"bytes":	1310720,
				"bits_per_second":	10492706.473765619,
				"retransmits":	0,
				"omitted":	false,
				"sender":	true
			}
		}, {
			"streams":	[{
					"socket":	6,
					"start":	53.000083,
					"end":	54.001027,
					"seconds":	1.0009440183639526,
					"bytes":	0,
					"bits_per_second":	0,
					"retransmits":	0,
					"snd_cwnd":	4257120,
					"snd_wnd":	3143936,
					"rtt":	2773419,
					"rttvar":	58797,
					"pmtu":	1500,
					"omitted":	false,
					"sender":	true
				}],
			"sum":	{
				"start":	53.000083,
				"end":	54.001027,
				"seconds":	1.0009440183639526,
				"bytes":	0,
				"bits_per_second":	0,
				"retransmits":	0,
				"omitted":	false,
				"sender":	true
			}
		}, {
			"streams":	[{
					"socket":	6,
					"start":	54.001027,
					"end":	55.000507,
					"seconds":	0.99948000907897949,
					"bytes":	1310720,
					"bits_per_second":	10491215.336725568,
					"retransmits":	0,
					"snd_cwnd":	4257120,
					"snd_wnd":	3143936,
					"rtt":	3710122,
					"rttvar":	10455,
					"pmtu":	1500,
					"omitted":	false,
					"sender":	true
				}],
			"sum":	{
				"start":	54.001027,
				"end":	55.000507,
				"seconds":	0.99948000907897949,
				"bytes":	1310720,
				"bits_per_second":	10491215.336725568,
				"retransmits":	0,
				"omitted":	false,
				"sender":	true
			}
		}, {
			"streams":	[{
					"socket":	6,
					"start":	55.000507,
					"end":	56.001027,
					"seconds":	1.0005199909210205,
					"bytes":	0,
					"bits_per_second":	0,
					"retransmits":	0,
					"snd_cwnd":	4257120,
					"snd_wnd":	3143936,
					"rtt":	3002542,
					"rttvar":	19904,
					"pmtu":	1500,
					"omitted":	false,
					"sender":	true
				}],
			"sum":	{
				"start":	55.000507,
				"end":	56.001027,
				"seconds":	1.0005199909210205,
				"bytes":	0,
				"bits_per_second":	0,
				"retransmits":	0,
				"omitted":	false,
				"sender":	true
			}
		}, {
			"streams":	[{
					"socket":	6,
					"start":	56.001027,
					"end":	57.000575,
					"seconds":	0.99954801797866821,
					"bytes":	1310720,
					"bits_per_second":	10490501.518080926,
					"retransmits":	0,
					"snd_cwnd":	4257120,
					"snd_wnd":	3143936,
					"rtt":	3726146,
					"rttvar":	8084,
					"pmtu":	1500,
					"omitted":	false,
					"sender":	true
				}],
			"sum":	{
				"start":	56.001027,
				"end":	57.000575,
				"seconds":	0.99954801797866821,
				"bytes":	1310720,
				"bits_per_second":	10490501.518080926,
				"retransmits":	0,
				"omitted":	false,
				"sender":	true
			}
		}, {
			"streams":	[{
					"socket":	6,
					"start":	57.000575,
					"end":	58.000074,
					"seconds":	0.999499022960663,
					"bytes":	1310720,
					"bits_per_second":	10491015.758014088,
					"retransmits":	0,
					"snd_cwnd":	4257120,
					"snd_wnd":	3143936,
					"rtt":	3454501,
					"rttvar":	20095,
					"pmtu":	1500,
					"omitted":	false,
					"sender":	true
				}],
			"sum":	{
				"start":	57.000575,
				"end":	58.000074,
				"seconds":	0.999499022960663,
				"bytes":	1310720,
				"bits_per_second":	10491015.758014088,
				"retransmits":	0,
				"omitted":	false,
				"sender":	true
			}
		}, {
			"streams":	[{
					"socket":	6,
					"start":	58.000074,
					"end":	59.001027,
					"seconds":	1.0009529590606689,
					"bytes":	0,
					"bits_per_second":	0,
					"retransmits":	0,
					"snd_cwnd":	4257120,
					"snd_wnd":	3143936,
					"rtt":	3901951,
					"rttvar":	8217,
					"pmtu":	1500,
					"omitted":	false,
					"sender":	true
				}],
			"sum":	{
				"start":	58.000074,
				"end":	59.001027,
				"seconds":	1.0009529590606689,
				"bytes":	0,
				"bits_per_second":	0,
				"retransmits":	0,
				"omitted":	false,
				"sender":	true
			}
		}, {
			"streams":	[{
					"socket":	6,
					"start":	59.001027,
					"end":	60.000272,
					"seconds":	0.99924498796463,
					"bytes":	1310720,
					"bits_per_second":	10493682.856852278,
					"retransmits":	0,
					"snd_cwnd":	4257120,
					"snd_wnd":	3143936,
					"rtt":	3735490,
					"rttvar":	19443,
					"pmtu":	1500,
					"omitted":	false,
					"sender":	true
				}],
			"sum":	{
				"start":	59.001027,
				"end":	60.000272,
				"seconds":	0.99924498796463,
				"bytes":	1310720,
				"bits_per_second":	10493682.856852278,
				"retransmits":	0,
				"omitted":	false,
				"sender":	true
			}
		}],
	"end":	{
		"streams":	[{
				"sender":	{
					"socket":	6,
					"start":	0,
					"end":	60.000272,
					"seconds":	60.000272,
					"bytes":	52953088,
					"bits_per_second":	7060379.7262785742,
					"retransmits":	0,
					"max_snd_cwnd":	4257120,
					"max_snd_wnd":	3143936,
					"max_rtt":	3901951,
					"min_rtt":	248616,
					"mean_rtt":	2373026,
					"sender":	true
				},
				"receiver":	{
					"socket":	6,
					"start":	0,
					"end":	63.603442,
					"seconds":	60.000272,
					"bytes":	52952528,
					"bits_per_second":	6660334.89193871,
					"sender":	true
				}
			}],
		"sum_sent":	{
			"start":	0,
			"end":	60.000272,
			"seconds":	60.000272,
			"bytes":	52953088,
			"bits_per_second":	7060379.7262785742,
			"retransmits":	0,
			"sender":	true
		},
		"sum_received":	{
			"start":	0,
			"end":	63.603442,
			"seconds":	63.603442,
			"bytes":	52952528,
			"bits_per_second":	6660334.89193871,
			"sender":	true
		},
		"cpu_utilization_percent":	{
			"host_total":	0.34948323285213434,
			"host_user":	0.0571666652111444,
			"host_system":	0.29231492298305362,
			"remote_total":	0.74206819019608583,
			"remote_user":	0.041450579083330913,
			"remote_system":	0.700617611112755
		},
		"sender_tcp_congestion":	"cubic",
		"receiver_tcp_congestion":	"cubic"
	}
}
