{
	"start":	{
		"connected":	[{
				"socket":	6,
				"local_host":	"192.168.101.210",
				"local_port":	43566,
				"remote_host":	"192.168.100.168",
				"remote_port":	5202
			}],
		"version":	"iperf 3.11",
		"system_info":	"Linux f1 6.0.10-300.fc37.x86_64 #1 SMP PREEMPT_DYNAMIC Sat Nov 26 16:55:13 UTC 2022 x86_64",
		"timestamp":	{
			"time":	"Sat, 10 Dec 2022 20:25:46 GMT",
			"timesecs":	1670703946
		},
		"connecting_to":	{
			"host":	"192.168.100.168",
			"port":	5202
		},
		"cookie":	"ual3xbub6sd7shgce54y5rwb5tvbuax32h3c",
		"tcp_mss_default":	1448,
		"target_bitrate":	0,
		"sock_bufsize":	0,
		"sndbuf_actual":	16384,
		"rcvbuf_actual":	131072,
		"test_start":	{
			"protocol":	"TCP",
			"num_streams":	1,
			"blksize":	131072,
			"omit":	0,
			"duration":	60,
			"bytes":	0,
			"blocks":	0,
			"reverse":	0,
			"tos":	0,
			"target_bitrate":	0
		}
	},
	"intervals":	[{
			"streams":	[{
					"socket":	6,
					"start":	0,
					"end":	1.000083,
					"seconds":	1.0000829696655273,
					"bytes":	1889640,
					"bits_per_second":	15115865.841666961,
					"retransmits":	0,
					"snd_cwnd":	209960,
					"snd_wnd":	326144,
					"rtt":	200175,
					"rttvar":	107,
					"pmtu":	1500,
					"omitted":	false,
					"sender":	true
				}],
			"sum":	{
				"start":	0,
				"end":	1.000083,
				"seconds":	1.0000829696655273,
				"bytes":	1889640,
				"bits_per_second":	15115865.841666961,
				"retransmits":	0,
				"omitted":	false,
				"sender":	true
			}
		}, {
			"streams":	[{
					"socket":	6,
					"start":	1.000083,
					"end":	2.000157,
					"seconds":	1.000074028968811,
					"bytes":	4795032,
					"bits_per_second":	38357416.4400147,
					"retransmits":	2,
					"snd_cwnd":	3023424,
					"snd_wnd":	3141504,
					"rtt":	200080,
					"rttvar":	2,
					"pmtu":	1500,
					"omitted":	false,
					"sender":	true
				}],
			"sum":	{
				"start":	1.000083,
				"end":	2.000157,
				"seconds":	1.000074028968811,
				"bytes":	4795032,
				"bits_per_second":	38357416.4400147,
				"retransmits":	2,
				"omitted":	false,
				"sender":	true
			}
		}, {
			"streams":	[{
					"socket":	6,
					"start":	2.000157,
					"end":	3.00032,
					"seconds":	1.0001629590988159,
					"bytes":	5242880,
					"bits_per_second":	41936206.113643959,
					"retransmits":	1404,
					"snd_cwnd":	1734704,
					"snd_wnd":	3119872,
					"rtt":	209821,
					"rttvar":	4930,
					"pmtu":	1500,
					"omitted":	false,
					"sender":	true
				}],
			"sum":	{
				"start":	2.000157,
				"end":	3.00032,
				"seconds":	1.0001629590988159,
				"bytes":	5242880,
				"bits_per_second":	41936206.113643959,
				"retransmits":	1404,
				"omitted":	false,
				"sender":	true
			}
		}, {
			"streams":	[{
					"socket":	6,
					"start":	3.00032,
					"end":	4.00007,
					"seconds":	0.999750018119812,
					"bytes":	5242880,
					"bits_per_second":	41953527.6217154,
					"retransmits":	411,
					"snd_cwnd":	4271600,
					"snd_wnd":	3145728,
					"rtt":	200090,
					"rttvar":	15,
					"pmtu":	1500,
					"omitted":	false,
					"sender":	true
				}],
			"sum":	{
				"start":	3.00032,
				"end":	4.00007,
				"seconds":	0.999750018119812,
				"bytes":	5242880,
				"bits_per_second":	41953527.6217154,
				"retransmits":	411,
				"omitted":	false,
				"sender":	true
			}
		}, {
			"streams":	[{
					"socket":	6,
					"start":	4.00007,
					"end":	5.000515,
					"seconds":	1.0004450082778931,
					"bytes":	6553600,
					"bits_per_second":	52405479.1279811,
					"retransmits":	52,
					"snd_cwnd":	2353000,
					"snd_wnd":	3145728,
					"rtt":	208289,
					"rttvar":	171,
					"pmtu":	1500,
					"omitted":	false,
					"sender":	true
				}],
			"sum":	{
				"start":	4.00007,
				"end":	5.000515,
				"seconds":	1.0004450082778931,
				"bytes":	6553600,
				"bits_per_second":	52405479.1279811,
				"retransmits":	52,
				"omitted":	false,
				"sender":	true
			}
		}, {
			"streams":	[{
					"socket":	6,
					"start":	5.000515,
					"end":	6.00012,
					"seconds":	0.99960500001907349,
					"bytes":	10485760,
					"bits_per_second":	83919228.0934963,
					"retransmits":	66,
					"snd_cwnd":	4923200,
					"snd_wnd":	3145728,
					"rtt":	200377,
					"rttvar":	275,
					"pmtu":	1500,
					"omitted":	false,
					"sender":	true
				}],
			"sum":	{
				"start":	5.000515,
				"end":	6.00012,
				"seconds":	0.99960500001907349,
				"bytes":	10485760,
				"bits_per_second":	83919228.0934963,
				"retransmits":	66,
				"omitted":	false,
				"sender":	true
			}
		}, {
			"streams":	[{
					"socket":	6,
					"start":	6.00012,
					"end":	7.000072,
					"seconds":	0.99995201826095581,
					"bytes":	10485760,
					"bits_per_second":	83890105.193135768,
					"retransmits":	44,
					"snd_cwnd":	4650976,
					"snd_wnd":	3145728,
					"rtt":	200115,
					"rttvar":	27,
					"pmtu":	1500,
					"omitted":	false,
					"sender":	true
				}],
			"sum":	{
				"start":	6.00012,
				"end":	7.000072,
				"seconds":	0.99995201826095581,
				"bytes":	10485760,
				"bits_per_second":	83890105.193135768,
				"retransmits":	44,
				"omitted":	false,
				"sender":	true
			}
		}, {
			"streams":	[{
					"socket":	6,
					"start":	7.000072,
					"end":	8.000284,
					"seconds":	1.0002119541168213,
					"bytes":	6553600,
					"bits_per_second":	52417689.854841,
					"retransmits":	312,
					"snd_cwnd":	2274808,
					"snd_wnd":	3145728,
					"rtt":	202206,
					"rttvar":	1115,
					"pmtu":	1500,
					"omitted":	false,
					"sender":	true
				}],
			"sum":	{
				"start":	7.000072,
				"end":	8.000284,
				"seconds":	1.0002119541168213,
				"bytes":	6553600,
				"bits_per_second":	52417689.854841,
				"retransmits":	312,
				"omitted":	false,
				"sender":	true
			}
		}, {
			"streams":	[{
					"socket":	6,
					"start":	8.000284,
					"end":	9.000071,
					"seconds":	0.99978697299957275,
					"bytes":	11796480,
					"bits_per_second":	94391948.033554077,
					"retransmits":	0,
					"snd_cwnd":	4853696,
					"snd_wnd":	3145728,
					"rtt":	201607,
					"rttvar":	654,
					"pmtu":	1500,
					"omitted":	false,
					"sender":	true
				}],
			"sum":	{
				"start":	8.000284,
				"end":	9.000071,
				"seconds":	0.99978697299957275,
				"bytes":	11796480,
				"bits_per_second":	94391948.033554077,
				"retransmits":	0,
				"omitted":	false,
				"sender":	true
			}
		}, {
			"streams":	[{
					"socket":	6,
					"start":	9.000071,
					"end":	10.000071,
					"seconds":	1,
					"bytes":	9175040,
					"bits_per_second":	73400320,
					"retransmits":	297,
					"snd_cwnd":	4784192,
					"snd_wnd":	3145728,
					"rtt":	200086,
					"rttvar":	7,
					"pmtu":	1500,
					"omitted":	false,
					"sender":	true
				}],
			"sum":	{
				"start":	9.000071,
				"end":	10.000071,
				"seconds":	1,
				"bytes":	9175040,
				"bits_per_second":	73400320,
				"retransmits":	297,
				"omitted":	false,
				"sender":	true
			}
		}, {
			"streams":	[{
					"socket":	6,
					"start":	10.000071,
					"end":	11.000261,
					"seconds":	1.0001900196075439,
					"bytes":	9175040,
					"bits_per_second":	73386375.149794966,
					"retransmits":	216,
					"snd_cwnd":	2380512,
					"snd_wnd":	3145728,
					"rtt":	202170,
					"rttvar":	1328,
					"pmtu":	1500,
					"omitted":	false,
					"sender":	true
				}],
			"sum":	{
				"start":	10.000071,
				"end":	11.000261,
				"seconds":	1.0001900196075439,
				"bytes":	9175040,
				"bits_per_second":	73386375.149794966,
				"retransmits":	216,
				"omitted":	false,
				"sender":	true
			}
		}, {
			"streams":	[{
					"socket":	6,
					"start":	11.000261,
					"end":	12.000108,
					"seconds":	0.99984699487686157,
					"bytes":	9175040,
					"bits_per_second":	73411552.3436061,
					"retransmits":	23,
					"snd_cwnd":	4894240,
					"snd_wnd":	3145728,
					"rtt":	202841,
					"rttvar":	547,
					"pmtu":	1500,
					"omitted":	false,
					"sender":	true
				}],
			"sum":	{
				"start":	11.000261,
				"end":	12.000108,
				"seconds":	0.99984699487686157,
				"bytes":	9175040,
				"bits_per_second":	73411552.3436061,
				"retransmits":	23,
				"omitted":	false,
				"sender":	true
			}
		}, {
			"streams":	[{
					"socket":	6,
					"start":	12.000108,
					"end":	13.000391,
					"seconds":	1.0002830028533936,
					"bytes":	6553600,
					"bits_per_second":	52413966.697866827,
					"retransmits":	107,
					"snd_cwnd":	4830528,
					"snd_wnd":	3050880,
					"rtt":	200679,
					"rttvar":	856,
					"pmtu":	1500,
					"omitted":	false,
					"sender":	true
				}],
			"sum":	{
				"start":	12.000108,
				"end":	13.000391,
				"seconds":	1.0002830028533936,
				"bytes":	6553600,
				"bits_per_second":	52413966.697866827,
				"retransmits":	107,
				"omitted":	false,
				"sender":	true
			}
		}, {
			"streams":	[{
					"socket":	6,
					"start":	13.000391,
					"end":	14.000118,
					"seconds":	0.99972701072692871,
					"bytes":	10485760,
					"bits_per_second":	83908986.2531614,
					"retransmits":	126,
					"snd_cwnd":	2474632,
					"snd_wnd":	3145728,
					"rtt":	206420,
					"rttvar":	797,
					"pmtu":	1500,
					"omitted":	false,
					"sender":	true
				}],
			"sum":	{
				"start":	13.000391,
				"end":	14.000118,
				"seconds":	0.99972701072692871,
				"bytes":	10485760,
				"bits_per_second":	83908986.2531614,
				"retransmits":	126,
				"omitted":	false,
				"sender":	true
			}
		}, {
			"streams":	[{
					"socket":	6,
					"start":	14.000118,
					"end":	15.000121,
					"seconds":	1.0000029802322388,
					"bytes":	9175040,
					"bits_per_second":	73400101.250651926,
					"retransmits":	126,
					"snd_cwnd":	4853696,
					"snd_wnd":	3145728,
					"rtt":	200066,
					"rttvar":	5,
					"pmtu":	1500,
					"omitted":	false,
					"sender":	true
				}],
			"sum":	{
				"start":	14.000118,
				"end":	15.000121,
				"seconds":	1.0000029802322388,
				"bytes":	9175040,
				"bits_per_second":	73400101.250651926,
				"retransmits":	126,
				"omitted":	false,
				"sender":	true
			}
		}, {
			"streams":	[{
					"socket":	6,
					"start":	15.000121,
					"end":	16.000172,
					"seconds":	1.0000510215759277,
					"bytes":	9175040,
					"bits_per_second":	73396575.191066056,
					"retransmits":	270,
					"snd_cwnd":	4850800,
					"snd_wnd":	3145728,
					"rtt":	200078,
					"rttvar":	18,
					"pmtu":	1500,
					"omitted":	false,
					"sender":	true
				}],
			"sum":	{
				"start":	15.000121,
				"end":	16.000172,
				"seconds":	1.0000510215759277,
				"bytes":	9175040,
				"bits_per_second":	73396575.191066056,
				"retransmits":	270,
				"omitted":	false,
				"sender":	true
			}
		}, {
			"streams":	[{
					"socket":	6,
					"start":	16.000172,
					"end":	17.00013,
					"seconds":	0.99995797872543335,
					"bytes":	11796480,
					"bits_per_second":	94375805.7916476,
					"retransmits":	81,
					"snd_cwnd":	2580336,
					"snd_wnd":	3145728,
					"rtt":	204663,
					"rttvar":	1321,
					"pmtu":	1500,
					"omitted":	false,
					"sender":	true
				}],
			"sum":	{
				"start":	16.000172,
				"end":	17.00013,
				"seconds":	0.99995797872543335,
				"bytes":	11796480,
				"bits_per_second":	94375805.7916476,
				"retransmits":	81,
				"omitted":	false,
				"sender":	true
			}
		}, {
			"streams":	[{
					"socket":	6,
					"start":	17.00013,
					"end":	18.000146,
					"seconds":	1.0000159740448,
					"bytes":	9175040,
					"bits_per_second":	73399147.51872927,
					"retransmits":	126,
					"snd_cwnd":	2487664,
					"snd_wnd":	3145728,
					"rtt":	207489,
					"rttvar":	574,
					"pmtu":	1500,
					"omitted":	false,
					"sender":	true
				}],
			"sum":	{
				"start":	17.00013,
				"end":	18.000146,
				"seconds":	1.0000159740448,
				"bytes":	9175040,
				"bits_per_second":	73399147.51872927,
				"retransmits":	126,
				"omitted":	false,
				"sender":	true
			}
		}, {
			"streams":	[{
					"socket":	6,
					"start":	18.000146,
					"end":	19.000127,
					"seconds":	0.99998098611831665,
					"bytes":	7864320,
					"bits_per_second":	62915756.272745788,
					"retransmits":	300,
					"snd_cwnd":	4998496,
					"snd_wnd":	3145728,
					"rtt":	205169,
					"rttvar":	10314,
					"pmtu":	1500,
					"omitted":	false,
					"sender":	true
				}],
			"sum":	{
				"start":	18.000146,
				"end":	19.000127,
				"seconds":	0.99998098611831665,
				"bytes":	7864320,
				"bits_per_second":	62915756.272745788,
				"retransmits":	300,
				"omitted":	false,
				"sender":	true
			}
		}, {
			"streams":	[{
					"socket":	6,
					"start":	19.000127,
					"end":	20.000339,
					"seconds":	1.0002119541168213,
					"bytes":	9175040,
					"bits_per_second":	73384765.7967774,
					"retransmits":	32,
					"snd_cwnd":	2452912,
					"snd_wnd":	3145728,
					"rtt":	207959,
					"rttvar":	266,
					"pmtu":	1500,
					"omitted":	false,
					"sender":	true
				}],
			"sum":	{
				"start":	19.000127,
				"end":	20.000339,
				"seconds":	1.0002119541168213,
				"bytes":	9175040,
				"bits_per_second":	73384765.7967774,
				"retransmits":	32,
				"omitted":	false,
				"sender":	true
			}
		}, {
			"streams":	[{
					"socket":	6,
					"start":	20.000339,
					"end":	21.000077,
					"seconds":	0.99973797798156738,
					"bytes":	10485760,
					"bits_per_second":	83908065.7607534,
					"retransmits":	140,
					"snd_cwnd":	4998496,
					"snd_wnd":	3145728,
					"rtt":	200102,
					"rttvar":	6,
					"pmtu":	1500,
					"omitted":	false,
					"sender":	true
				}],
			"sum":	{
				"start":	20.000339,
				"end":	21.000077,
				"seconds":	0.99973797798156738,
				"bytes":	10485760,
				"bits_per_second":	83908065.7607534,
				"retransmits":	140,
				"omitted":	false,
				"sender":	true
			}
		}, {
			"streams":	[{
					"socket":	6,
					"start":	21.000077,
					"end":	22.000092,
					"seconds":	1.0000150203704834,
					"bytes":	9175040,
					"bits_per_second":	73399217.5165597,
					"retransmits":	250,
					"snd_cwnd":	3036456,
					"snd_wnd":	2145536,
					"rtt":	200123,
					"rttvar":	210,
					"pmtu":	1500,
					"omitted":	false,
					"sender":	true
				}],
			"sum":	{
				"start":	21.000077,
				"end":	22.000092,
				"seconds":	1.0000150203704834,
				"bytes":	9175040,
				"bits_per_second":	73399217.5165597,
				"retransmits":	250,
				"omitted":	false,
				"sender":	true
			}
		}, {
			"streams":	[{
					"socket":	6,
					"start":	22.000092,
					"end":	23.000075,
					"seconds":	0.999983012676239,
					"bytes":	11796480,
					"bits_per_second":	94373443.152233273,
					"retransmits":	0,
					"snd_cwnd":	5792,
					"snd_wnd":	3145728,
					"rtt":	200620,
					"rttvar":	514,
					"pmtu":	1500,
					"omitted":	false,
					"sender":	true
				}],
			"sum":	{
				"start":	22.000092,
				"end":	23.000075,
				"seconds":	0.999983012676239,
				"bytes":	11796480,
				"bits_per_second":	94373443.152233273,
				"retransmits":	0,
				"omitted":	false,
				"sender":	true
			}
		}, {
			"streams":	[{
					"socket":	6,
					"start":	23.000075,
					"end":	24.000078,
					"seconds":	1.0000029802322388,
					"bytes":	3932160,
					"bits_per_second":	31457186.2502794,
					"retransmits":	70,
					"snd_cwnd":	2596264,
					"snd_wnd":	3145728,
					"rtt":	204548,
					"rttvar":	896,
					"pmtu":	1500,
					"omitted":	false,
					"sender":	true
				}],
			"sum":	{
				"start":	23.000075,
				"end":	24.000078,
				"seconds":	1.0000029802322388,
				"bytes":	3932160,
				"bits_per_second":	31457186.2502794,
				"retransmits":	70,
				"omitted":	false,
				"sender":	true
			}
		}, {
			"streams":	[{
					"socket":	6,
					"start":	24.000078,
					"end":	25.000066,
					"seconds":	0.9999880194664,
					"bytes":	10485760,
					"bits_per_second":	83887085.0120406,
					"retransmits":	150,
					"snd_cwnd":	5027456,
					"snd_wnd":	3145728,
					"rtt":	205965,
					"rttvar":	149,
					"pmtu":	1500,
					"omitted":	false,
					"sender":	true
				}],
			"sum":	{
				"start":	24.000078,
				"end":	25.000066,
				"seconds":	0.9999880194664,
				"bytes":	10485760,
				"bits_per_second":	83887085.0120406,
				"retransmits":	150,
				"omitted":	false,
				"sender":	true
			}
		}, {
			"streams":	[{
					"socket":	6,
					"start":	25.000066,
					"end":	26.000124,
					"seconds":	1.0000580549240112,
					"bytes":	6553600,
					"bits_per_second":	52425756.426694416,
					"retransmits":	333,
					"snd_cwnd":	5027456,
					"snd_wnd":	2371328,
					"rtt":	200203,
					"rttvar":	348,
					"pmtu":	1500,
					"omitted":	false,
					"sender":	true
				}],
			"sum":	{
				"start":	25.000066,
				"end":	26.000124,
				"seconds":	1.0000580549240112,
				"bytes":	6553600,
				"bits_per_second":	52425756.426694416,
				"retransmits":	333,
				"omitted":	false,
				"sender":	true
			}
		}, {
			"streams":	[{
					"socket":	6,
					"start":	26.000124,
					"end":	27.000141,
					"seconds":	1.0000170469284058,
					"bytes":	9175040,
					"bits_per_second":	73399068.7713296,
					"retransmits":	45,
					"snd_cwnd":	2758440,
					"snd_wnd":	2247808,
					"rtt":	207453,
					"rttvar":	288,
					"pmtu":	1500,
					"omitted":	false,
					"sender":	true
				}],
			"sum":	{
				"start":	26.000124,
				"end":	27.000141,
				"seconds":	1.0000170469284058,
				"bytes":	9175040,
				"bits_per_second":	73399068.7713296,
				"retransmits":	45,
				"omitted":	false,
				"sender":	true
			}
		}, {
			"streams":	[{
					"socket":	6,
					"start":	27.000141,
					"end":	28.000099,
					"seconds":	0.99995797872543335,
					"bytes":	9175040,
					"bits_per_second":	73403404.5046148,
					"retransmits":	330,
					"snd_cwnd":	5024560,
					"snd_wnd":	3145728,
					"rtt":	200085,
					"rttvar":	4,
					"pmtu":	1500,
					"omitted":	false,
					"sender":	true
				}],
			"sum":	{
				"start":	27.000141,
				"end":	28.000099,
				"seconds":	0.99995797872543335,
				"bytes":	9175040,
				"bits_per_second":	73403404.5046148,
				"retransmits":	330,
				"omitted":	false,
				"sender":	true
			}
		}, {
			"streams":	[{
					"socket":	6,
					"start":	28.000099,
					"end":	29.000085,
					"seconds":	0.99998599290847778,
					"bytes":	10485760,
					"bits_per_second":	83887255.016458556,
					"retransmits":	32,
					"snd_cwnd":	5015872,
					"snd_wnd":	3145728,
					"rtt":	200236,
					"rttvar":	183,
					"pmtu":	1500,
					"omitted":	false,
					"sender":	true
				}],
			"sum":	{
				"start":	28.000099,
				"end":	29.000085,
				"seconds":	0.99998599290847778,
				"bytes":	10485760,
				"bits_per_second":	83887255.016458556,
				"retransmits":	32,
				"omitted":	false,
				"sender":	true
			}
		}, {
			"streams":	[{
					"socket":	6,
					"start":	29.000085,
					"end":	30.000077,
					"seconds":	0.9999920129776,
					"bytes":	9175040,
					"bits_per_second":	73400906.254682437,
					"retransmits":	330,
					"snd_cwnd":	5004288,
					"snd_wnd":	3145728,
					"rtt":	200088,
					"rttvar":	3,
					"pmtu":	1500,
					"omitted":	false,
					"sender":	true
				}],
			"sum":	{
				"start":	29.000085,
				"end":	30.000077,
				"seconds":	0.9999920129776,
				"bytes":	9175040,
				"bits_per_second":	73400906.254682437,
				"retransmits":	330,
				"omitted":	false,
				"sender":	true
			}
		}, {
			"streams":	[{
					"socket":	6,
					"start":	30.000077,
					"end":	31.000096,
					"seconds":	1.0000189542770386,
					"bytes":	9175040,
					"bits_per_second":	73398928.776369631,
					"retransmits":	231,
					"snd_cwnd":	4940576,
					"snd_wnd":	3145728,
					"rtt":	200084,
					"rttvar":	2,
					"pmtu":	1500,
					"omitted":	false,
					"sender":	true
				}],
			"sum":	{
				"start":	30.000077,
				"end":	31.000096,
				"seconds":	1.0000189542770386,
				"bytes":	9175040,
				"bits_per_second":	73398928.776369631,
				"retransmits":	231,
				"omitted":	false,
				"sender":	true
			}
		}, {
			"streams":	[{
					"socket":	6,
					"start":	31.000096,
					"end":	32.000185,
					"seconds":	1.0000890493392944,
					"bytes":	10485760,
					"bits_per_second":	83878610.665139332,
					"retransmits":	21,
					"snd_cwnd":	2648392,
					"snd_wnd":	3145728,
					"rtt":	208113,
					"rttvar":	309,
					"pmtu":	1500,
					"omitted":	false,
					"sender":	true
				}],
			"sum":	{
				"start":	31.000096,
				"end":	32.000185,
				"seconds":	1.0000890493392944,
				"bytes":	10485760,
				"bits_per_second":	83878610.665139332,
				"retransmits":	21,
				"omitted":	false,
				"sender":	true
			}
		}, {
			"streams":	[{
					"socket":	6,
					"start":	32.000185,
					"end":	33.000072,
					"seconds":	0.999886989593506,
					"bytes":	10485760,
					"bits_per_second":	83895561.07145974,
					"retransmits":	139,
					"snd_cwnd":	4908720,
					"snd_wnd":	3145728,
					"rtt":	200471,
					"rttvar":	155,
					"pmtu":	1500,
					"omitted":	false,
					"sender":	true
				}],
			"sum":	{
				"start":	32.000185,
				"end":	33.000072,
				"seconds":	0.999886989593506,
				"bytes":	10485760,
				"bits_per_second":	83895561.07145974,
				"retransmits":	139,
				"omitted":	false,
				"sender":	true
			}
		}, {
			"streams":	[{
					"socket":	6,
					"start":	33.000072,
					"end":	34.000079,
					"seconds":	1.0000070333480835,
					"bytes":	9175040,
					"bits_per_second":	73399803.753630936,
					"retransmits":	245,
					"snd_cwnd":	4946368,
					"snd_wnd":	3145728,
					"rtt":	200088,
					"rttvar":	5,
					"pmtu":	1500,
					"omitted":	false,
					"sender":	true
				}],
			"sum":	{
				"start":	33.000072,
				"end":	34.000079,
				"seconds":	1.0000070333480835,
				"bytes":	9175040,
				"bits_per_second":	73399803.753630936,
				"retransmits":	245,
				"omitted":	false,
				"sender":	true
			}
		}, {
			"streams":	[{
					"socket":	6,
					"start":	34.000079,
					"end":	35.000681,
					"seconds":	1.0006020069122314,
					"bytes":	5242880,
					"bits_per_second":	41917805.191529125,
					"retransmits":	0,
					"snd_cwnd":	4946368,
					"snd_wnd":	3145728,
					"rtt":	200123,
					"rttvar":	49,
					"pmtu":	1500,
					"omitted":	false,
					"sender":	true
				}],
			"sum":	{
				"start":	34.000079,
				"end":	35.000681,
				"seconds":	1.0006020069122314,
				"bytes":	5242880,
				"bits_per_second":	41917805.191529125,
				"retransmits":	0,
				"omitted":	false,
				"sender":	true
			}
		}, {
			"streams":	[{
					"socket":	6,
					"start":	35.000681,
					"end":	36.000262,
					"seconds":	0.999580979347229,
					"bytes":	9175040,
					"bits_per_second":	73431089.142906353,
					"retransmits":	28,
					"snd_cwnd":	2474632,
					"snd_wnd":	3145728,
					"rtt":	208485,
					"rttvar":	241,
					"pmtu":	1500,
					"omitted":	false,
					"sender":	true
				}],
			"sum":	{
				"start":	35.000681,
				"end":	36.000262,
				"seconds":	0.999580979347229,
				"bytes":	9175040,
				"bits_per_second":	73431089.142906353,
				"retransmits":	28,
				"omitted":	false,
				"sender":	true
			}
		}, {
			"streams":	[{
					"socket":	6,
					"start":	36.000262,
					"end":	37.000117,
					"seconds":	0.99985498189926147,
					"bytes":	10485760,
					"bits_per_second":	83898246.764401063,
					"retransmits":	43,
					"snd_cwnd":	4836320,
					"snd_wnd":	3145728,
					"rtt":	203178,
					"rttvar":	109,
					"pmtu":	1500,
					"omitted":	false,
					"sender":	true
				}],
			"sum":	{
				"start":	36.000262,
				"end":	37.000117,
				"seconds":	0.99985498189926147,
				"bytes":	10485760,
				"bits_per_second":	83898246.764401063,
				"retransmits":	43,
				"omitted":	false,
				"sender":	true
			}
		}, {
			"streams":	[{
					"socket":	6,
					"start":	37.000117,
					"end":	38.000118,
					"seconds":	1.0000009536743164,
					"bytes":	9175040,
					"bits_per_second":	73400250.000066757,
					"retransmits":	237,
					"snd_cwnd":	4821840,
					"snd_wnd":	3145728,
					"rtt":	200080,
					"rttvar":	5,
					"pmtu":	1500,
					"omitted":	false,
					"sender":	true
				}],
			"sum":	{
				"start":	37.000117,
				"end":	38.000118,
				"seconds":	1.0000009536743164,
				"bytes":	9175040,
				"bits_per_second":	73400250.000066757,
				"retransmits":	237,
				"omitted":	false,
				"sender":	true
			}
		}, {
			"streams":	[{
					"socket":	6,
					"start":	38.000118,
					"end":	39.000235,
					"seconds":	1.0001169443130493,
					"bytes":	10485760,
					"bits_per_second":	83876271.147089571,
					"retransmits":	216,
					"snd_cwnd":	2468840,
					"snd_wnd":	3145728,
					"rtt":	208583,
					"rttvar":	382,
					"pmtu":	1500,
					"omitted":	false,
					"sender":	true
				}],
			"sum":	{
				"start":	38.000118,
				"end":	39.000235,
				"seconds":	1.0001169443130493,
				"bytes":	10485760,
				"bits_per_second":	83876271.147089571,
				"retransmits":	216,
				"omitted":	false,
				"sender":	true
			}
		}, {
			"streams":	[{
					"socket":	6,
					"start":	39.000235,
					"end":	40.000127,
					"seconds":	0.999891996383667,
					"bytes":	10485760,
					"bits_per_second":	83895140.978618458,
					"retransmits":	45,
					"snd_cwnd":	4873968,
					"snd_wnd":	3145728,
					"rtt":	200083,
					"rttvar":	3,
					"pmtu":	1500,
					"omitted":	false,
					"sender":	true
				}],
			"sum":	{
				"start":	39.000235,
				"end":	40.000127,
				"seconds":	0.999891996383667,
				"bytes":	10485760,
				"bits_per_second":	83895140.978618458,
				"retransmits":	45,
				"omitted":	false,
				"sender":	true
			}
		}, {
			"streams":	[{
					"socket":	6,
					"start":	40.000127,
					"end":	41.000187,
					"seconds":	1.000059962272644,
					"bytes":	9175040,
					"bits_per_second":	73395919.013893127,
					"retransmits":	234,
					"snd_cwnd":	4989808,
					"snd_wnd":	3145728,
					"rtt":	200085,
					"rttvar":	7,
					"pmtu":	1500,
					"omitted":	false,
					"sender":	true
				}],
			"sum":	{
				"start":	40.000127,
				"end":	41.000187,
				"seconds":	1.000059962272644,
				"bytes":	9175040,
				"bits_per_second":	73395919.013893127,
				"retransmits":	234,
				"omitted":	false,
				"sender":	true
			}
		}, {
			"streams":	[{
					"socket":	6,
					"start":	41.000187,
					"end":	42.000087,
					"seconds":	0.999899983406067,
					"bytes":	10485760,
					"bits_per_second":	83894470.839223161,
					"retransmits":	40,
					"snd_cwnd":	3134920,
					"snd_wnd":	2282624,
					"rtt":	207133,
					"rttvar":	414,
					"pmtu":	1500,
					"omitted":	false,
					"sender":	true
				}],
			"sum":	{
				"start":	41.000187,
				"end":	42.000087,
				"seconds":	0.999899983406067,
				"bytes":	10485760,
				"bits_per_second":	83894470.839223161,
				"retransmits":	40,
				"omitted":	false,
				"sender":	true
			}
		}, {
			"streams":	[{
					"socket":	6,
					"start":	42.000087,
					"end":	43.000106,
					"seconds":	1.0000189542770386,
					"bytes":	9175040,
					"bits_per_second":	73398928.776369631,
					"retransmits":	425,
					"snd_cwnd":	4998496,
					"snd_wnd":	3145728,
					"rtt":	200814,
					"rttvar":	298,
					"pmtu":	1500,
					"omitted":	false,
					"sender":	true
				}],
			"sum":	{
				"start":	42.000087,
				"end":	43.000106,
				"seconds":	1.0000189542770386,
				"bytes":	9175040,
				"bits_per_second":	73398928.776369631,
				"retransmits":	425,
				"omitted":	false,
				"sender":	true
			}
		}, {
			"streams":	[{
					"socket":	6,
					"start":	43.000106,
					"end":	44.000318,
					"seconds":	1.0002119541168213,
					"bytes":	6553600,
					"bits_per_second":	52417689.854841,
					"retransmits":	321,
					"snd_cwnd":	2531104,
					"snd_wnd":	3145728,
					"rtt":	205743,
					"rttvar":	1950,
					"pmtu":	1500,
					"omitted":	false,
					"sender":	true
				}],
			"sum":	{
				"start":	43.000106,
				"end":	44.000318,
				"seconds":	1.0002119541168213,
				"bytes":	6553600,
				"bits_per_second":	52417689.854841,
				"retransmits":	321,
				"omitted":	false,
				"sender":	true
			}
		}, {
			"streams":	[{
					"socket":	6,
					"start":	44.000318,
					"end":	45.000219,
					"seconds":	0.999900996685028,
					"bytes":	10485760,
					"bits_per_second":	83894385.822303936,
					"retransmits":	68,
					"snd_cwnd":	2476080,
					"snd_wnd":	3145728,
					"rtt":	207956,
					"rttvar":	180,
					"pmtu":	1500,
					"omitted":	false,
					"sender":	true
				}],
			"sum":	{
				"start":	44.000318,
				"end":	45.000219,
				"seconds":	0.999900996685028,
				"bytes":	10485760,
				"bits_per_second":	83894385.822303936,
				"retransmits":	68,
				"omitted":	false,
				"sender":	true
			}
		}, {
			"streams":	[{
					"socket":	6,
					"start":	45.000219,
					"end":	46.000077,
					"seconds":	0.999858021736145,
					"bytes":	9175040,
					"bits_per_second":	73410742.7298011,
					"retransmits":	269,
					"snd_cwnd":	4966640,
					"snd_wnd":	3145728,
					"rtt":	200081,
					"rttvar":	5,
					"pmtu":	1500,
					"omitted":	false,
					"sender":	true
				}],
			"sum":	{
				"start":	45.000219,
				"end":	46.000077,
				"seconds":	0.999858021736145,
				"bytes":	9175040,
				"bits_per_second":	73410742.7298011,
				"retransmits":	269,
				"omitted":	false,
				"sender":	true
			}
		}, {
			"streams":	[{
					"socket":	6,
					"start":	46.000077,
					"end":	47.00008,
					"seconds":	1.0000029802322388,
					"bytes":	6553600,
					"bits_per_second":	52428643.750465661,
					"retransmits":	0,
					"snd_cwnd":	4937680,
					"snd_wnd":	3145728,
					"rtt":	200082,
					"rttvar":	3,
					"pmtu":	1500,
					"omitted":	false,
					"sender":	true
				}],
			"sum":	{
				"start":	46.000077,
				"end":	47.00008,
				"seconds":	1.0000029802322388,
				"bytes":	6553600,
				"bits_per_second":	52428643.750465661,
				"retransmits":	0,
				"omitted":	false,
				"sender":	true
			}
		}, {
			"streams":	[{
					"socket":	6,
					"start":	47.00008,
					"end":	48.000082,
					"seconds":	1.0000020265579224,
					"bytes":	9175040,
					"bits_per_second":	73400171.25030145,
					"retransmits":	243,
					"snd_cwnd":	4928992,
					"snd_wnd":	3145728,
					"rtt":	200080,
					"rttvar":	13,
					"pmtu":	1500,
					"omitted":	false,
					"sender":	true
				}],
			"sum":	{
				"start":	47.00008,
				"end":	48.000082,
				"seconds":	1.0000020265579224,
				"bytes":	9175040,
				"bits_per_second":	73400171.25030145,
				"retransmits":	243,
				"omitted":	false,
				"sender":	true
			}
		}, {
			"streams":	[{
					"socket":	6,
					"start":	48.000082,
					"end":	49.000101,
					"seconds":	1.0000189542770386,
					"bytes":	10485760,
					"bits_per_second":	83884490.030136734,
					"retransmits":	225,
					"snd_cwnd":	2280600,
					"snd_wnd":	3145728,
					"rtt":	207619,
					"rttvar":	1779,
					"pmtu":	1500,
					"omitted":	false,
					"sender":	true
				}],
			"sum":	{
				"start":	48.000082,
				"end":	49.000101,
				"seconds":	1.0000189542770386,
				"bytes":	10485760,
				"bits_per_second":	83884490.030136734,
				"retransmits":	225,
				"omitted":	false,
				"sender":	true
			}
		}, {
			"streams":	[{
					"socket":	6,
					"start":	49.000101,
					"end":	50.000114,
					"seconds":	1.000012993812561,
					"bytes":	10485760,
					"bits_per_second":	83884990.014163077,
					"retransmits":	36,
					"snd_cwnd":	4885552,
					"snd_wnd":	3145728,
					"rtt":	200078,
					"rttvar":	3,
					"pmtu":	1500,
					"omitted":	false,
					"sender":	true
				}],
			"sum":	{
				"start":	49.000101,
				"end":	50.000114,
				"seconds":	1.000012993812561,
				"bytes":	10485760,
				"bits_per_second":	83884990.014163077,
				"retransmits":	36,
				"omitted":	false,
				"sender":	true
			}
		}, {
			"streams":	[{
					"socket":	6,
					"start":	50.000114,
					"end":	51.000113,
					"seconds":	0.99999898672103882,
					"bytes":	9175040,
					"bits_per_second":	73400394.37507537,
					"retransmits":	228,
					"snd_cwnd":	5024560,
					"snd_wnd":	3145728,
					"rtt":	200108,
					"rttvar":	5,
					"pmtu":	1500,
					"omitted":	false,
					"sender":	true
				}],
			"sum":	{
				"start":	50.000114,
				"end":	51.000113,
				"seconds":	0.99999898672103882,
				"bytes":	9175040,
				"bits_per_second":	73400394.37507537,
				"retransmits":	228,
				"omitted":	false,
				"sender":	true
			}
		}, {
			"streams":	[{
					"socket":	6,
					"start":	51.000113,
					"end":	52.000174,
					"seconds":	1.00006103515625,
					"bytes":	9175040,
					"bits_per_second":	73395840.2734208,
					"retransmits":	40,
					"snd_cwnd":	5036144,
					"snd_wnd":	3145728,
					"rtt":	200361,
					"rttvar":	388,
					"pmtu":	1500,
					"omitted":	false,
					"sender":	true
				}],
			"sum":	{
				"start":	51.000113,
				"end":	52.000174,
				"seconds":	1.00006103515625,
				"bytes":	9175040,
				"bits_per_second":	73395840.2734208,
				"retransmits":	40,
				"omitted":	false,
				"sender":	true
			}
		}, {
			"streams":	[{
					"socket":	6,
					"start":	52.000174,
					"end":	53.000142,
					"seconds":	0.99996799230575562,
					"bytes":	9175040,
					"bits_per_second":	73402669.4502005,
					"retransmits":	320,
					"snd_cwnd":	4984016,
					"snd_wnd":	3145728,
					"rtt":	204432,
					"rttvar":	165,
					"pmtu":	1500,
					"omitted":	false,
					"sender":	true
				}],
			"sum":	{
				"start":	52.000174,
				"end":	53.000142,
				"seconds":	0.99996799230575562,
				"bytes":	9175040,
				"bits_per_second":	73402669.4502005,
				"retransmits":	320,
				"omitted":	false,
				"sender":	true
			}
		}, {
			"streams":	[{
					"socket":	6,
					"start":	53.000142,
					"end":	54.00044,
					"seconds":	1.000298023223877,
					"bytes":	6553600,
					"bits_per_second":	52413179.6552255,
					"retransmits":	357,
					"snd_cwnd":	2535448,
					"snd_wnd":	3145728,
					"rtt":	208587,
					"rttvar":	413,
					"pmtu":	1500,
					"omitted":	false,
					"sender":	true
				}],
			"sum":	{
				"start":	53.000142,
				"end":	54.00044,
				"seconds":	1.000298023223877,
				"bytes":	6553600,
				"bits_per_second":	52413179.6552255,
				"retransmits":	357,
				"omitted":	false,
				"sender":	true
			}
		}, {
			"streams":	[{
					"socket":	6,
					"start":	54.00044,
					"end":	55.000072,
					"seconds":	0.99963200092315674,
					"bytes":	11796480,
					"bits_per_second":	94406581.534852758,
					"retransmits":	95,
					"snd_cwnd":	5021664,
					"snd_wnd":	3145728,
					"rtt":	206809,
					"rttvar":	160,
					"pmtu":	1500,
					"omitted":	false,
					"sender":	true
				}],
			"sum":	{
				"start":	54.00044,
				"end":	55.000072,
				"seconds":	0.99963200092315674,
				"bytes":	11796480,
				"bits_per_second":	94406581.534852758,
				"retransmits":	95,
				"omitted":	false,
				"sender":	true
			}
		}, {
			"streams":	[{
					"socket":	6,
					"start":	55.000072,
					"end":	56.000113,
					"seconds":	1.0000410079956055,
					"bytes":	6553600,
					"bits_per_second":	52426650.088163577,
					"retransmits":	305,
					"snd_cwnd":	3066864,
					"snd_wnd":	2279552,
					"rtt":	200015,
					"rttvar":	29,
					"pmtu":	1500,
					"omitted":	false,
					"sender":	true
				}],
			"sum":	{
				"start":	55.000072,
				"end":	56.000113,
				"seconds":	1.0000410079956055,
				"bytes":	6553600,
				"bits_per_second":	52426650.088163577,
				"retransmits":	305,
				"omitted":	false,
				"sender":	true
			}
		}, {
			"streams":	[{
					"socket":	6,
					"start":	56.000113,
					"end":	57.000443,
					"seconds":	1.0003299713134766,
					"bytes":	10485760,
					"bits_per_second":	83858409.1305931,
					"retransmits":	16,
					"snd_cwnd":	2609296,
					"snd_wnd":	3145728,
					"rtt":	207982,
					"rttvar":	34,
					"pmtu":	1500,
					"omitted":	false,
					"sender":	true
				}],
			"sum":	{
				"start":	56.000113,
				"end":	57.000443,
				"seconds":	1.0003299713134766,
				"bytes":	10485760,
				"bits_per_second":	83858409.1305931,
				"retransmits":	16,
				"omitted":	false,
				"sender":	true
			}
		}, {
			"streams":	[{
					"socket":	6,
					"start":	57.000443,
					"end":	58.000314,
					"seconds":	0.999871015548706,
					"bytes":	7864320,
					"bits_per_second":	62922676.046843849,
					"retransmits":	101,
					"snd_cwnd":	5001392,
					"snd_wnd":	3145728,
					"rtt":	200126,
					"rttvar":	65,
					"pmtu":	1500,
					"omitted":	false,
					"sender":	true
				}],
			"sum":	{
				"start":	57.000443,
				"end":	58.000314,
				"seconds":	0.999871015548706,
				"bytes":	7864320,
				"bits_per_second":	62922676.046843849,
				"retransmits":	101,
				"omitted":	false,
				"sender":	true
			}
		}, {
			"streams":	[{
					"socket":	6,
					"start":	58.000314,
					"end":	59.000074,
					"seconds":	0.9997599720954895,
					"bytes":	7864320,
					"bits_per_second":	62929664.875591636,
					"retransmits":	215,
					"snd_cwnd":	5050624,
					"snd_wnd":	3145728,
					"rtt":	200085,
					"rttvar":	5,
					"pmtu":	1500,
					"omitted":	false,
					"sender":	true
				}],
			"sum":	{
				"start":	58.000314,
				"end":	59.000074,
				"seconds":	0.9997599720954895,
				"bytes":	7864320,
				"bits_per_second":	62929664.875591636,
				"retransmits":	215,
				"omitted":	false,
				"sender":	true
			}
		}, {
			"streams":	[{
					"socket":	6,
					"start":	59.000074,
					"end":	60.000237,
					"seconds":	1.0001629590988159,
					"bytes":	7864320,
					"bits_per_second":	62904309.170465946,
					"retransmits":	169,
					"snd_cwnd":	2827944,
					"snd_wnd":	3145728,
					"rtt":	208357,
					"rttvar":	492,
					"pmtu":	1500,
					"omitted":	false,
					"sender":	true
				}],
			"sum":	{
				"start":	59.000074,
				"end":	60.000237,
				"seconds":	1.0001629590988159,
				"bytes":	7864320,
				"bits_per_second":	62904309.170465946,
				"retransmits":	169,
				"omitted":	false,
				"sender":	true
			}
		}],
	"end":	{
		"streams":	[{
				"sender":	{
					"socket":	6,
					"start":	0,
					"end":	60.000237,
					"seconds":	60.000237,
					"bytes":	527040512,
					"bits_per_second":	70271790.693093434,
					"retransmits":	10587,
					"max_snd_cwnd":	5050624,
					"max_snd_wnd":	3145728,
					"max_rtt":	209821,
					"min_rtt":	200015,
					"mean_rtt":	202927,
					"sender":	true
				},
				"receiver":	{
					"socket":	6,
					"start":	0,
					"end":	60.2004,
					"seconds":	60.000237,
					"bytes":	524777616,
					"bits_per_second":	69737425.797835231,
					"sender":	true
				}
			}],
		"sum_sent":	{
			"start":	0,
			"end":	60.000237,
			"seconds":	60.000237,
			"bytes":	527040512,
			"bits_per_second":	70271790.693093434,
			"retransmits":	10587,
			"sender":	true
		},
		"sum_received":	{
			"start":	0,
			"end":	60.2004,
			"seconds":	60.2004,
			"bytes":	524777616,
			"bits_per_second":	69737425.797835231,
			"sender":	true
		},
		"cpu_utilization_percent":	{
			"host_total":	0.534701153246942,
			"host_user":	0.053910225650945533,
			"host_system":	0.48078434896630651,
			"remote_total":	1.515826734486353,
			"remote_user":	0.10158069339587289,
			"remote_system":	1.4142493633266588
		},
		"sender_tcp_congestion":	"bbr",
		"receiver_tcp_congestion":	"bbr"
	}
}
