{
	"start":	{
		"connected":	[{
				"socket":	6,
				"local_host":	"192.168.101.210",
				"local_port":	37796,
				"remote_host":	"192.168.100.168",
				"remote_port":	5202
			}],
		"version":	"iperf 3.11",
		"system_info":	"Linux f1 6.0.10-300.fc37.x86_64 #1 SMP PREEMPT_DYNAMIC Sat Nov 26 16:55:13 UTC 2022 x86_64",
		"timestamp":	{
			"time":	"Sat, 10 Dec 2022 20:24:44 GMT",
			"timesecs":	1670703884
		},
		"connecting_to":	{
			"host":	"192.168.100.168",
			"port":	5202
		},
		"cookie":	"33sofvaolk762sipm4sn5ug52fcxkt2gmvl5",
		"tcp_mss_default":	1448,
		"target_bitrate":	0,
		"sock_bufsize":	0,
		"sndbuf_actual":	16384,
		"rcvbuf_actual":	131072,
		"test_start":	{
			"protocol":	"TCP",
			"num_streams":	1,
			"blksize":	131072,
			"omit":	0,
			"duration":	60,
			"bytes":	0,
			"blocks":	0,
			"reverse":	0,
			"tos":	0,
			"target_bitrate":	0
		}
	},
	"intervals":	[{
			"streams":	[{
					"socket":	6,
					"start":	0,
					"end":	1.000105,
					"seconds":	1.0001050233840942,
					"bytes":	8126464,
					"bits_per_second":	65004884.9669981,
					"retransmits":	0,
					"snd_cwnd":	987536,
					"snd_wnd":	3137152,
					"rtt":	159400,
					"rttvar":	711,
					"pmtu":	1500,
					"omitted":	false,
					"sender":	true
				}],
			"sum":	{
				"start":	0,
				"end":	1.000105,
				"seconds":	1.0001050233840942,
				"bytes":	8126464,
				"bits_per_second":	65004884.9669981,
				"retransmits":	0,
				"omitted":	false,
				"sender":	true
			}
		}, {
			"streams":	[{
					"socket":	6,
					"start":	1.000105,
					"end":	2.000074,
					"seconds":	0.9999690055847168,
					"bytes":	5242880,
					"bits_per_second":	41944340.040294,
					"retransmits":	0,
					"snd_cwnd":	996224,
					"snd_wnd":	3143552,
					"rtt":	187783,
					"rttvar":	125,
					"pmtu":	1500,
					"omitted":	false,
					"sender":	true
				}],
			"sum":	{
				"start":	1.000105,
				"end":	2.000074,
				"seconds":	0.9999690055847168,
				"bytes":	5242880,
				"bits_per_second":	41944340.040294,
				"retransmits":	0,
				"omitted":	false,
				"sender":	true
			}
		}, {
			"streams":	[{
					"socket":	6,
					"start":	2.000074,
					"end":	3.000228,
					"seconds":	1.0001540184020996,
					"bytes":	3932160,
					"bits_per_second":	31452435.746104244,
					"retransmits":	0,
					"snd_cwnd":	640016,
					"snd_wnd":	3143552,
					"rtt":	189510,
					"rttvar":	503,
					"pmtu":	1500,
					"omitted":	false,
					"sender":	true
				}],
			"sum":	{
				"start":	2.000074,
				"end":	3.000228,
				"seconds":	1.0001540184020996,
				"bytes":	3932160,
				"bits_per_second":	31452435.746104244,
				"retransmits":	0,
				"omitted":	false,
				"sender":	true
			}
		}, {
			"streams":	[{
					"socket":	6,
					"start":	3.000228,
					"end":	4.000394,
					"seconds":	1.0001660585403442,
					"bytes":	2621440,
					"bits_per_second":	20968038.078202851,
					"retransmits":	0,
					"snd_cwnd":	518384,
					"snd_wnd":	3143552,
					"rtt":	214421,
					"rttvar":	453,
					"pmtu":	1500,
					"omitted":	false,
					"sender":	true
				}],
			"sum":	{
				"start":	3.000228,
				"end":	4.000394,
				"seconds":	1.0001660585403442,
				"bytes":	2621440,
				"bits_per_second":	20968038.078202851,
				"retransmits":	0,
				"omitted":	false,
				"sender":	true
			}
		}, {
			"streams":	[{
					"socket":	6,
					"start":	4.000394,
					"end":	5.00027,
					"seconds":	0.99987602233886719,
					"bytes":	2621440,
					"bits_per_second":	20974120.322381888,
					"retransmits":	0,
					"snd_cwnd":	367792,
					"snd_wnd":	3143552,
					"rtt":	253812,
					"rttvar":	473,
					"pmtu":	1500,
					"omitted":	false,
					"sender":	true
				}],
			"sum":	{
				"start":	4.000394,
				"end":	5.00027,
				"seconds":	0.99987602233886719,
				"bytes":	2621440,
				"bits_per_second":	20974120.322381888,
				"retransmits":	0,
				"omitted":	false,
				"sender":	true
			}
		}, {
			"streams":	[{
					"socket":	6,
					"start":	5.00027,
					"end":	6.000503,
					"seconds":	1.0002330541610718,
					"bytes":	1310720,
					"bits_per_second":	10483316.819393406,
					"retransmits":	0,
					"snd_cwnd":	414128,
					"snd_wnd":	3143552,
					"rtt":	280516,
					"rttvar":	1686,
					"pmtu":	1500,
					"omitted":	false,
					"sender":	true
				}],
			"sum":	{
				"start":	5.00027,
				"end":	6.000503,
				"seconds":	1.0002330541610718,
				"bytes":	1310720,
				"bits_per_second":	10483316.819393406,
				"retransmits":	0,
				"omitted":	false,
				"sender":	true
			}
		}, {
			"streams":	[{
					"socket":	6,
					"start":	6.000503,
					"end":	7.000515,
					"seconds":	1.0000120401382446,
					"bytes":	1310720,
					"bits_per_second":	10485633.751520049,
					"retransmits":	0,
					"snd_cwnd":	356208,
					"snd_wnd":	3143552,
					"rtt":	287252,
					"rttvar":	3755,
					"pmtu":	1500,
					"omitted":	false,
					"sender":	true
				}],
			"sum":	{
				"start":	6.000503,
				"end":	7.000515,
				"seconds":	1.0000120401382446,
				"bytes":	1310720,
				"bits_per_second":	10485633.751520049,
				"retransmits":	0,
				"omitted":	false,
				"sender":	true
			}
		}, {
			"streams":	[{
					"socket":	6,
					"start":	7.000515,
					"end":	8.000462,
					"seconds":	0.99994701147079468,
					"bytes":	1310720,
					"bits_per_second":	10486315.654443312,
					"retransmits":	0,
					"snd_cwnd":	312768,
					"snd_wnd":	3143552,
					"rtt":	259142,
					"rttvar":	7759,
					"pmtu":	1500,
					"omitted":	false,
					"sender":	true
				}],
			"sum":	{
				"start":	7.000515,
				"end":	8.000462,
				"seconds":	0.99994701147079468,
				"bytes":	1310720,
				"bits_per_second":	10486315.654443312,
				"retransmits":	0,
				"omitted":	false,
				"sender":	true
			}
		}, {
			"streams":	[{
					"socket":	6,
					"start":	8.000462,
					"end":	9.000429,
					"seconds":	0.99996697902679443,
					"bytes":	1310720,
					"bits_per_second":	10486106.26143389,
					"retransmits":	0,
					"snd_cwnd":	286704,
					"snd_wnd":	3143552,
					"rtt":	244708,
					"rttvar":	10282,
					"pmtu":	1500,
					"omitted":	false,
					"sender":	true
				}],
			"sum":	{
				"start":	8.000462,
				"end":	9.000429,
				"seconds":	0.99996697902679443,
				"bytes":	1310720,
				"bits_per_second":	10486106.26143389,
				"retransmits":	0,
				"omitted":	false,
				"sender":	true
			}
		}, {
			"streams":	[{
					"socket":	6,
					"start":	9.000429,
					"end":	10.000113,
					"seconds":	0.999683976173401,
					"bytes":	1310720,
					"bits_per_second":	10489074.797555007,
					"retransmits":	0,
					"snd_cwnd":	222992,
					"snd_wnd":	3143552,
					"rtt":	275606,
					"rttvar":	13153,
					"pmtu":	1500,
					"omitted":	false,
					"sender":	true
				}],
			"sum":	{
				"start":	9.000429,
				"end":	10.000113,
				"seconds":	0.999683976173401,
				"bytes":	1310720,
				"bits_per_second":	10489074.797555007,
				"retransmits":	0,
				"omitted":	false,
				"sender":	true
			}
		}, {
			"streams":	[{
					"socket":	6,
					"start":	10.000113,
					"end":	11.000887,
					"seconds":	1.0007740259170532,
					"bytes":	0,
					"bits_per_second":	0,
					"retransmits":	0,
					"snd_cwnd":	240368,
					"snd_wnd":	3143552,
					"rtt":	239143,
					"rttvar":	15183,
					"pmtu":	1500,
					"omitted":	false,
					"sender":	true
				}],
			"sum":	{
				"start":	10.000113,
				"end":	11.000887,
				"seconds":	1.0007740259170532,
				"bytes":	0,
				"bits_per_second":	0,
				"retransmits":	0,
				"omitted":	false,
				"sender":	true
			}
		}, {
			"streams":	[{
					"socket":	6,
					"start":	11.000887,
					"end":	12.000278,
					"seconds":	0.99939101934433,
					"bytes":	1310720,
					"bits_per_second":	10492149.5160917,
					"retransmits":	0,
					"snd_cwnd":	680560,
					"snd_wnd":	3143552,
					"rtt":	282077,
					"rttvar":	13443,
					"pmtu":	1500,
					"omitted":	false,
					"sender":	true
				}],
			"sum":	{
				"start":	11.000887,
				"end":	12.000278,
				"seconds":	0.99939101934433,
				"bytes":	1310720,
				"bits_per_second":	10492149.5160917,
				"retransmits":	0,
				"omitted":	false,
				"sender":	true
			}
		}, {
			"streams":	[{
					"socket":	6,
					"start":	12.000278,
					"end":	13.000252,
					"seconds":	0.999974012374878,
					"bytes":	1310720,
					"bits_per_second":	10486032.507081812,
					"retransmits":	0,
					"snd_cwnd":	680560,
					"snd_wnd":	3143552,
					"rtt":	290942,
					"rttvar":	5846,
					"pmtu":	1500,
					"omitted":	false,
					"sender":	true
				}],
			"sum":	{
				"start":	12.000278,
				"end":	13.000252,
				"seconds":	0.999974012374878,
				"bytes":	1310720,
				"bits_per_second":	10486032.507081812,
				"retransmits":	0,
				"omitted":	false,
				"sender":	true
			}
		}, {
			"streams":	[{
					"socket":	6,
					"start":	13.000252,
					"end":	14.000295,
					"seconds":	1.0000430345535278,
					"bytes":	1310720,
					"bits_per_second":	10485308.769418506,
					"retransmits":	0,
					"snd_cwnd":	784816,
					"snd_wnd":	3143552,
					"rtt":	290998,
					"rttvar":	2857,
					"pmtu":	1500,
					"omitted":	false,
					"sender":	true
				}],
			"sum":	{
				"start":	13.000252,
				"end":	14.000295,
				"seconds":	1.0000430345535278,
				"bytes":	1310720,
				"bits_per_second":	10485308.769418506,
				"retransmits":	0,
				"omitted":	false,
				"sender":	true
			}
		}, {
			"streams":	[{
					"socket":	6,
					"start":	14.000295,
					"end":	15.000385,
					"seconds":	1.0000900030136108,
					"bytes":	1310720,
					"bits_per_second":	10484816.3349327,
					"retransmits":	0,
					"snd_cwnd":	784816,
					"snd_wnd":	3143552,
					"rtt":	298079,
					"rttvar":	4678,
					"pmtu":	1500,
					"omitted":	false,
					"sender":	true
				}],
			"sum":	{
				"start":	14.000295,
				"end":	15.000385,
				"seconds":	1.0000900030136108,
				"bytes":	1310720,
				"bits_per_second":	10484816.3349327,
				"retransmits":	0,
				"omitted":	false,
				"sender":	true
			}
		}, {
			"streams":	[{
					"socket":	6,
					"start":	15.000385,
					"end":	16.000546,
					"seconds":	1.0001610517501831,
					"bytes":	1310720,
					"bits_per_second":	10484071.521932349,
					"retransmits":	0,
					"snd_cwnd":	923824,
					"snd_wnd":	3143552,
					"rtt":	295171,
					"rttvar":	8742,
					"pmtu":	1500,
					"omitted":	false,
					"sender":	true
				}],
			"sum":	{
				"start":	15.000385,
				"end":	16.000546,
				"seconds":	1.0001610517501831,
				"bytes":	1310720,
				"bits_per_second":	10484071.521932349,
				"retransmits":	0,
				"omitted":	false,
				"sender":	true
			}
		}, {
			"streams":	[{
					"socket":	6,
					"start":	16.000546,
					"end":	17.000074,
					"seconds":	0.99952799081802368,
					"bytes":	2621440,
					"bits_per_second":	20981423.4245073,
					"retransmits":	0,
					"snd_cwnd":	926720,
					"snd_wnd":	3143552,
					"rtt":	261897,
					"rttvar":	7407,
					"pmtu":	1500,
					"omitted":	false,
					"sender":	true
				}],
			"sum":	{
				"start":	16.000546,
				"end":	17.000074,
				"seconds":	0.99952799081802368,
				"bytes":	2621440,
				"bits_per_second":	20981423.4245073,
				"retransmits":	0,
				"omitted":	false,
				"sender":	true
			}
		}, {
			"streams":	[{
					"socket":	6,
					"start":	17.000074,
					"end":	18.000191,
					"seconds":	1.0001169443130493,
					"bytes":	1310720,
					"bits_per_second":	10484533.893386196,
					"retransmits":	0,
					"snd_cwnd":	1080208,
					"snd_wnd":	3143552,
					"rtt":	276094,
					"rttvar":	6243,
					"pmtu":	1500,
					"omitted":	false,
					"sender":	true
				}],
			"sum":	{
				"start":	17.000074,
				"end":	18.000191,
				"seconds":	1.0001169443130493,
				"bytes":	1310720,
				"bits_per_second":	10484533.893386196,
				"retransmits":	0,
				"omitted":	false,
				"sender":	true
			}
		}, {
			"streams":	[{
					"socket":	6,
					"start":	18.000191,
					"end":	19.000098,
					"seconds":	0.99990701675415039,
					"bytes":	2621440,
					"bits_per_second":	20973470.18133419,
					"retransmits":	0,
					"snd_cwnd":	1077312,
					"snd_wnd":	3143552,
					"rtt":	294662,
					"rttvar":	24242,
					"pmtu":	1500,
					"omitted":	false,
					"sender":	true
				}],
			"sum":	{
				"start":	18.000191,
				"end":	19.000098,
				"seconds":	0.99990701675415039,
				"bytes":	2621440,
				"bits_per_second":	20973470.18133419,
				"retransmits":	0,
				"omitted":	false,
				"sender":	true
			}
		}, {
			"streams":	[{
					"socket":	6,
					"start":	19.000098,
					"end":	20.000421,
					"seconds":	1.0003230571746826,
					"bytes":	1310720,
					"bits_per_second":	10482373.594002753,
					"retransmits":	0,
					"snd_cwnd":	1233696,
					"snd_wnd":	3143552,
					"rtt":	326812,
					"rttvar":	1938,
					"pmtu":	1500,
					"omitted":	false,
					"sender":	true
				}],
			"sum":	{
				"start":	19.000098,
				"end":	20.000421,
				"seconds":	1.0003230571746826,
				"bytes":	1310720,
				"bits_per_second":	10482373.594002753,
				"retransmits":	0,
				"omitted":	false,
				"sender":	true
			}
		}, {
			"streams":	[{
					"socket":	6,
					"start":	20.000421,
					"end":	21.000486,
					"seconds":	1.0000649690628052,
					"bytes":	2621440,
					"bits_per_second":	20970157.5885146,
					"retransmits":	0,
					"snd_cwnd":	5792,
					"snd_wnd":	3143552,
					"rtt":	318618,
					"rttvar":	4375,
					"pmtu":	1500,
					"omitted":	false,
					"sender":	true
				}],
			"sum":	{
				"start":	20.000421,
				"end":	21.000486,
				"seconds":	1.0000649690628052,
				"bytes":	2621440,
				"bits_per_second":	20970157.5885146,
				"retransmits":	0,
				"omitted":	false,
				"sender":	true
			}
		}, {
			"streams":	[{
					"socket":	6,
					"start":	21.000486,
					"end":	22.001037,
					"seconds":	1.0005509853363037,
					"bytes":	1310720,
					"bits_per_second":	10479985.681564786,
					"retransmits":	0,
					"snd_cwnd":	1407456,
					"snd_wnd":	3143552,
					"rtt":	269643,
					"rttvar":	4698,
					"pmtu":	1500,
					"omitted":	false,
					"sender":	true
				}],
			"sum":	{
				"start":	21.000486,
				"end":	22.001037,
				"seconds":	1.0005509853363037,
				"bytes":	1310720,
				"bits_per_second":	10479985.681564786,
				"retransmits":	0,
				"omitted":	false,
				"sender":	true
			}
		}, {
			"streams":	[{
					"socket":	6,
					"start":	22.001037,
					"end":	23.000071,
					"seconds":	0.99903398752212524,
					"bytes":	3932160,
					"bits_per_second":	31487697.508692943,
					"retransmits":	0,
					"snd_cwnd":	1581216,
					"snd_wnd":	3143680,
					"rtt":	292668,
					"rttvar":	4171,
					"pmtu":	1500,
					"omitted":	false,
					"sender":	true
				}],
			"sum":	{
				"start":	22.001037,
				"end":	23.000071,
				"seconds":	0.99903398752212524,
				"bytes":	3932160,
				"bits_per_second":	31487697.508692943,
				"retransmits":	0,
				"omitted":	false,
				"sender":	true
			}
		}, {
			"streams":	[{
					"socket":	6,
					"start":	23.000071,
					"end":	24.000147,
					"seconds":	1.0000760555267334,
					"bytes":	2621440,
					"bits_per_second":	20969925.121299341,
					"retransmits":	0,
					"snd_cwnd":	1728912,
					"snd_wnd":	3143936,
					"rtt":	358421,
					"rttvar":	2083,
					"pmtu":	1500,
					"omitted":	false,
					"sender":	true
				}],
			"sum":	{
				"start":	23.000071,
				"end":	24.000147,
				"seconds":	1.0000760555267334,
				"bytes":	2621440,
				"bits_per_second":	20969925.121299341,
				"retransmits":	0,
				"omitted":	false,
				"sender":	true
			}
		}, {
			"streams":	[{
					"socket":	6,
					"start":	24.000147,
					"end":	25.000227,
					"seconds":	1.0000799894332886,
					"bytes":	2621440,
					"bits_per_second":	20969842.634171542,
					"retransmits":	0,
					"snd_cwnd":	1844752,
					"snd_wnd":	3143936,
					"rtt":	306223,
					"rttvar":	3881,
					"pmtu":	1500,
					"omitted":	false,
					"sender":	true
				}],
			"sum":	{
				"start":	24.000147,
				"end":	25.000227,
				"seconds":	1.0000799894332886,
				"bytes":	2621440,
				"bits_per_second":	20969842.634171542,
				"retransmits":	0,
				"omitted":	false,
				"sender":	true
			}
		}, {
			"streams":	[{
					"socket":	6,
					"start":	25.000227,
					"end":	26.00029,
					"seconds":	1.0000629425048828,
					"bytes":	3932160,
					"bits_per_second":	31455300.124618314,
					"retransmits":	0,
					"snd_cwnd":	2099600,
					"snd_wnd":	3143936,
					"rtt":	368751,
					"rttvar":	9801,
					"pmtu":	1500,
					"omitted":	false,
					"sender":	true
				}],
			"sum":	{
				"start":	25.000227,
				"end":	26.00029,
				"seconds":	1.0000629425048828,
				"bytes":	3932160,
				"bits_per_second":	31455300.124618314,
				"retransmits":	0,
				"omitted":	false,
				"sender":	true
			}
		}, {
			"streams":	[{
					"socket":	6,
					"start":	26.00029,
					"end":	27.000173,
					"seconds":	0.999882996082306,
					"bytes":	3932160,
					"bits_per_second":	31460961.055697937,
					"retransmits":	0,
					"snd_cwnd":	2099600,
					"snd_wnd":	3143936,
					"rtt":	387691,
					"rttvar":	1842,
					"pmtu":	1500,
					"omitted":	false,
					"sender":	true
				}],
			"sum":	{
				"start":	26.00029,
				"end":	27.000173,
				"seconds":	0.999882996082306,
				"bytes":	3932160,
				"bits_per_second":	31460961.055697937,
				"retransmits":	0,
				"omitted":	false,
				"sender":	true
			}
		}, {
			"streams":	[{
					"socket":	6,
					"start":	27.000173,
					"end":	28.000307,
					"seconds":	1.0001339912414551,
					"bytes":	3932160,
					"bits_per_second":	31453065.564697418,
					"retransmits":	0,
					"snd_cwnd":	2374720,
					"snd_wnd":	3143936,
					"rtt":	383548,
					"rttvar":	2118,
					"pmtu":	1500,
					"omitted":	false,
					"sender":	true
				}],
			"sum":	{
				"start":	27.000173,
				"end":	28.000307,
				"seconds":	1.0001339912414551,
				"bytes":	3932160,
				"bits_per_second":	31453065.564697418,
				"retransmits":	0,
				"omitted":	false,
				"sender":	true
			}
		}, {
			"streams":	[{
					"socket":	6,
					"start":	28.000307,
					"end":	29.000105,
					"seconds":	0.9997979998588562,
					"bytes":	5242880,
					"bits_per_second":	41951514.211791977,
					"retransmits":	0,
					"snd_cwnd":	2377616,
					"snd_wnd":	3143936,
					"rtt":	354925,
					"rttvar":	16716,
					"pmtu":	1500,
					"omitted":	false,
					"sender":	true
				}],
			"sum":	{
				"start":	28.000307,
				"end":	29.000105,
				"seconds":	0.9997979998588562,
				"bytes":	5242880,
				"bits_per_second":	41951514.211791977,
				"retransmits":	0,
				"omitted":	false,
				"sender":	true
			}
		}, {
			"streams":	[{
					"socket":	6,
					"start":	29.000105,
					"end":	30.000224,
					"seconds":	1.0001189708709717,
					"bytes":	3932160,
					"bits_per_second":	31453537.945195518,
					"retransmits":	0,
					"snd_cwnd":	2632464,
					"snd_wnd":	3143936,
					"rtt":	403460,
					"rttvar":	2366,
					"pmtu":	1500,
					"omitted":	false,
					"sender":	true
				}],
			"sum":	{
				"start":	29.000105,
				"end":	30.000224,
				"seconds":	1.0001189708709717,
				"bytes":	3932160,
				"bits_per_second":	31453537.945195518,
				"retransmits":	0,
				"omitted":	false,
				"sender":	true
			}
		}, {
			"streams":	[{
					"socket":	6,
					"start":	30.000224,
					"end":	31.000099,
					"seconds":	0.999875009059906,
					"bytes":	5242880,
					"bits_per_second":	41948283.155346915,
					"retransmits":	0,
					"snd_cwnd":	2652736,
					"snd_wnd":	3143936,
					"rtt":	366615,
					"rttvar":	3766,
					"pmtu":	1500,
					"omitted":	false,
					"sender":	true
				}],
			"sum":	{
				"start":	30.000224,
				"end":	31.000099,
				"seconds":	0.999875009059906,
				"bytes":	5242880,
				"bits_per_second":	41948283.155346915,
				"retransmits":	0,
				"omitted":	false,
				"sender":	true
			}
		}, {
			"streams":	[{
					"socket":	6,
					"start":	31.000099,
					"end":	32.0002,
					"seconds":	1.0001009702682495,
					"bytes":	5242880,
					"bits_per_second":	41938805.427565917,
					"retransmits":	0,
					"snd_cwnd":	5792,
					"snd_wnd":	3143936,
					"rtt":	378052,
					"rttvar":	5332,
					"pmtu":	1500,
					"omitted":	false,
					"sender":	true
				}],
			"sum":	{
				"start":	31.000099,
				"end":	32.0002,
				"seconds":	1.0001009702682495,
				"bytes":	5242880,
				"bits_per_second":	41938805.427565917,
				"retransmits":	0,
				"omitted":	false,
				"sender":	true
			}
		}, {
			"streams":	[{
					"socket":	6,
					"start":	32.0002,
					"end":	33.000148,
					"seconds":	0.999948024749756,
					"bytes":	2621440,
					"bits_per_second":	20972610.056655966,
					"retransmits":	0,
					"snd_cwnd":	2968400,
					"snd_wnd":	3143936,
					"rtt":	408329,
					"rttvar":	4898,
					"pmtu":	1500,
					"omitted":	false,
					"sender":	true
				}],
			"sum":	{
				"start":	32.0002,
				"end":	33.000148,
				"seconds":	0.999948024749756,
				"bytes":	2621440,
				"bits_per_second":	20972610.056655966,
				"retransmits":	0,
				"omitted":	false,
				"sender":	true
			}
		}, {
			"streams":	[{
					"socket":	6,
					"start":	33.000148,
					"end":	34.000093,
					"seconds":	0.99994498491287231,
					"bytes":	5242880,
					"bits_per_second":	41945347.6269543,
					"retransmits":	0,
					"snd_cwnd":	2896000,
					"snd_wnd":	3143936,
					"rtt":	438313,
					"rttvar":	1537,
					"pmtu":	1500,
					"omitted":	false,
					"sender":	true
				}],
			"sum":	{
				"start":	33.000148,
				"end":	34.000093,
				"seconds":	0.99994498491287231,
				"bytes":	5242880,
				"bits_per_second":	41945347.6269543,
				"retransmits":	0,
				"omitted":	false,
				"sender":	true
			}
		}, {
			"streams":	[{
					"socket":	6,
					"start":	34.000093,
					"end":	35.000078,
					"seconds":	0.9999849796295166,
					"bytes":	5242880,
					"bits_per_second":	41943670.009462975,
					"retransmits":	0,
					"snd_cwnd":	2953920,
					"snd_wnd":	3143936,
					"rtt":	383341,
					"rttvar":	3109,
					"pmtu":	1500,
					"omitted":	false,
					"sender":	true
				}],
			"sum":	{
				"start":	34.000093,
				"end":	35.000078,
				"seconds":	0.9999849796295166,
				"bytes":	5242880,
				"bits_per_second":	41943670.009462975,
				"retransmits":	0,
				"omitted":	false,
				"sender":	true
			}
		}, {
			"streams":	[{
					"socket":	6,
					"start":	35.000078,
					"end":	36.000073,
					"seconds":	0.999994993209839,
					"bytes":	5242880,
					"bits_per_second":	41943250.001051433,
					"retransmits":	0,
					"snd_cwnd":	2887312,
					"snd_wnd":	3143936,
					"rtt":	382179,
					"rttvar":	3348,
					"pmtu":	1500,
					"omitted":	false,
					"sender":	true
				}],
			"sum":	{
				"start":	35.000078,
				"end":	36.000073,
				"seconds":	0.999994993209839,
				"bytes":	5242880,
				"bits_per_second":	41943250.001051433,
				"retransmits":	0,
				"omitted":	false,
				"sender":	true
			}
		}, {
			"streams":	[{
					"socket":	6,
					"start":	36.000073,
					"end":	37.000092,
					"seconds":	1.0000189542770386,
					"bytes":	5242880,
					"bits_per_second":	41942245.015068367,
					"retransmits":	0,
					"snd_cwnd":	3081344,
					"snd_wnd":	3143936,
					"rtt":	375273,
					"rttvar":	3025,
					"pmtu":	1500,
					"omitted":	false,
					"sender":	true
				}],
			"sum":	{
				"start":	36.000073,
				"end":	37.000092,
				"seconds":	1.0000189542770386,
				"bytes":	5242880,
				"bits_per_second":	41942245.015068367,
				"retransmits":	0,
				"omitted":	false,
				"sender":	true
			}
		}, {
			"streams":	[{
					"socket":	6,
					"start":	37.000092,
					"end":	38.000111,
					"seconds":	1.0000189542770386,
					"bytes":	5242880,
					"bits_per_second":	41942245.015068367,
					"retransmits":	0,
					"snd_cwnd":	3078448,
					"snd_wnd":	3143936,
					"rtt":	411264,
					"rttvar":	22439,
					"pmtu":	1500,
					"omitted":	false,
					"sender":	true
				}],
			"sum":	{
				"start":	37.000092,
				"end":	38.000111,
				"seconds":	1.0000189542770386,
				"bytes":	5242880,
				"bits_per_second":	41942245.015068367,
				"retransmits":	0,
				"omitted":	false,
				"sender":	true
			}
		}, {
			"streams":	[{
					"socket":	6,
					"start":	38.000111,
					"end":	39.000122,
					"seconds":	1.0000109672546387,
					"bytes":	5242880,
					"bits_per_second":	41942580.005044885,
					"retransmits":	0,
					"snd_cwnd":	3139264,
					"snd_wnd":	3143936,
					"rtt":	433554,
					"rttvar":	6741,
					"pmtu":	1500,
					"omitted":	false,
					"sender":	true
				}],
			"sum":	{
				"start":	38.000111,
				"end":	39.000122,
				"seconds":	1.0000109672546387,
				"bytes":	5242880,
				"bits_per_second":	41942580.005044885,
				"retransmits":	0,
				"omitted":	false,
				"sender":	true
			}
		}, {
			"streams":	[{
					"socket":	6,
					"start":	39.000122,
					"end":	40.00003,
					"seconds":	0.9999079704284668,
					"bytes":	5242880,
					"bits_per_second":	41946900.355266839,
					"retransmits":	0,
					"snd_cwnd":	3101616,
					"snd_wnd":	3143936,
					"rtt":	434139,
					"rttvar":	18086,
					"pmtu":	1500,
					"omitted":	false,
					"sender":	true
				}],
			"sum":	{
				"start":	39.000122,
				"end":	40.00003,
				"seconds":	0.9999079704284668,
				"bytes":	5242880,
				"bits_per_second":	41946900.355266839,
				"retransmits":	0,
				"omitted":	false,
				"sender":	true
			}
		}, {
			"streams":	[{
					"socket":	6,
					"start":	40.00003,
					"end":	41.000147,
					"seconds":	1.0001169443130493,
					"bytes":	5242880,
					"bits_per_second":	41938135.573544785,
					"retransmits":	0,
					"snd_cwnd":	3101616,
					"snd_wnd":	3143936,
					"rtt":	445715,
					"rttvar":	4372,
					"pmtu":	1500,
					"omitted":	false,
					"sender":	true
				}],
			"sum":	{
				"start":	40.00003,
				"end":	41.000147,
				"seconds":	1.0001169443130493,
				"bytes":	5242880,
				"bits_per_second":	41938135.573544785,
				"retransmits":	0,
				"omitted":	false,
				"sender":	true
			}
		}, {
			"streams":	[{
					"socket":	6,
					"start":	41.000147,
					"end":	42.000161,
					"seconds":	1.0000139474868774,
					"bytes":	5242880,
					"bits_per_second":	41942455.008159168,
					"retransmits":	0,
					"snd_cwnd":	3176912,
					"snd_wnd":	3143936,
					"rtt":	438326,
					"rttvar":	3119,
					"pmtu":	1500,
					"omitted":	false,
					"sender":	true
				}],
			"sum":	{
				"start":	41.000147,
				"end":	42.000161,
				"seconds":	1.0000139474868774,
				"bytes":	5242880,
				"bits_per_second":	41942455.008159168,
				"retransmits":	0,
				"omitted":	false,
				"sender":	true
			}
		}, {
			"streams":	[{
					"socket":	6,
					"start":	42.000161,
					"end":	43.000216,
					"seconds":	1.0000549554824829,
					"bytes":	5242880,
					"bits_per_second":	41940735.126665428,
					"retransmits":	0,
					"snd_cwnd":	5792,
					"snd_wnd":	3143936,
					"rtt":	445591,
					"rttvar":	738,
					"pmtu":	1500,
					"omitted":	false,
					"sender":	true
				}],
			"sum":	{
				"start":	42.000161,
				"end":	43.000216,
				"seconds":	1.0000549554824829,
				"bytes":	5242880,
				"bits_per_second":	41940735.126665428,
				"retransmits":	0,
				"omitted":	false,
				"sender":	true
			}
		}, {
			"streams":	[{
					"socket":	6,
					"start":	43.000216,
					"end":	44.000077,
					"seconds":	0.99986100196838379,
					"bytes":	2621440,
					"bits_per_second":	20974435.405235589,
					"retransmits":	0,
					"snd_cwnd":	3145056,
					"snd_wnd":	3143936,
					"rtt":	352838,
					"rttvar":	2898,
					"pmtu":	1500,
					"omitted":	false,
					"sender":	true
				}],
			"sum":	{
				"start":	43.000216,
				"end":	44.000077,
				"seconds":	0.99986100196838379,
				"bytes":	2621440,
				"bits_per_second":	20974435.405235589,
				"retransmits":	0,
				"omitted":	false,
				"sender":	true
			}
		}, {
			"streams":	[{
					"socket":	6,
					"start":	44.000077,
					"end":	45.000089,
					"seconds":	1.0000120401382446,
					"bytes":	5242880,
					"bits_per_second":	41942535.0060802,
					"retransmits":	0,
					"snd_cwnd":	3026320,
					"snd_wnd":	3143936,
					"rtt":	371401,
					"rttvar":	2434,
					"pmtu":	1500,
					"omitted":	false,
					"sender":	true
				}],
			"sum":	{
				"start":	44.000077,
				"end":	45.000089,
				"seconds":	1.0000120401382446,
				"bytes":	5242880,
				"bits_per_second":	41942535.0060802,
				"retransmits":	0,
				"omitted":	false,
				"sender":	true
			}
		}, {
			"streams":	[{
					"socket":	6,
					"start":	45.000089,
					"end":	46.000074,
					"seconds":	0.9999849796295166,
					"bytes":	5242880,
					"bits_per_second":	41943670.009462975,
					"retransmits":	0,
					"snd_cwnd":	3046592,
					"snd_wnd":	3143936,
					"rtt":	427714,
					"rttvar":	7306,
					"pmtu":	1500,
					"omitted":	false,
					"sender":	true
				}],
			"sum":	{
				"start":	45.000089,
				"end":	46.000074,
				"seconds":	0.9999849796295166,
				"bytes":	5242880,
				"bits_per_second":	41943670.009462975,
				"retransmits":	0,
				"omitted":	false,
				"sender":	true
			}
		}, {
			"streams":	[{
					"socket":	6,
					"start":	46.000074,
					"end":	47.00034,
					"seconds":	1.0002659559249878,
					"bytes":	3932160,
					"bits_per_second":	31448915.974462148,
					"retransmits":	0,
					"snd_cwnd":	3061072,
					"snd_wnd":	3143936,
					"rtt":	452588,
					"rttvar":	2018,
					"pmtu":	1500,
					"omitted":	false,
					"sender":	true
				}],
			"sum":	{
				"start":	46.000074,
				"end":	47.00034,
				"seconds":	1.0002659559249878,
				"bytes":	3932160,
				"bits_per_second":	31448915.974462148,
				"retransmits":	0,
				"omitted":	false,
				"sender":	true
			}
		}, {
			"streams":	[{
					"socket":	6,
					"start":	47.00034,
					"end":	48.000278,
					"seconds":	0.99993801116943359,
					"bytes":	5242880,
					"bits_per_second":	41945640.161180951,
					"retransmits":	0,
					"snd_cwnd":	3035008,
					"snd_wnd":	3143936,
					"rtt":	463786,
					"rttvar":	1305,
					"pmtu":	1500,
					"omitted":	false,
					"sender":	true
				}],
			"sum":	{
				"start":	47.00034,
				"end":	48.000278,
				"seconds":	0.99993801116943359,
				"bytes":	5242880,
				"bits_per_second":	41945640.161180951,
				"retransmits":	0,
				"omitted":	false,
				"sender":	true
			}
		}, {
			"streams":	[{
					"socket":	6,
					"start":	48.000278,
					"end":	49.000083,
					"seconds":	0.999804973602295,
					"bytes":	6553600,
					"bits_per_second":	52439026.9945339,
					"retransmits":	0,
					"snd_cwnd":	3035008,
					"snd_wnd":	3143936,
					"rtt":	412405,
					"rttvar":	2817,
					"pmtu":	1500,
					"omitted":	false,
					"sender":	true
				}],
			"sum":	{
				"start":	48.000278,
				"end":	49.000083,
				"seconds":	0.999804973602295,
				"bytes":	6553600,
				"bits_per_second":	52439026.9945339,
				"retransmits":	0,
				"omitted":	false,
				"sender":	true
			}
		}, {
			"streams":	[{
					"socket":	6,
					"start":	49.000083,
					"end":	50.000072,
					"seconds":	0.99998897314071655,
					"bytes":	5242880,
					"bits_per_second":	41943502.505099982,
					"retransmits":	0,
					"snd_cwnd":	3040800,
					"snd_wnd":	3143936,
					"rtt":	369525,
					"rttvar":	3002,
					"pmtu":	1500,
					"omitted":	false,
					"sender":	true
				}],
			"sum":	{
				"start":	49.000083,
				"end":	50.000072,
				"seconds":	0.99998897314071655,
				"bytes":	5242880,
				"bits_per_second":	41943502.505099982,
				"retransmits":	0,
				"omitted":	false,
				"sender":	true
			}
		}, {
			"streams":	[{
					"socket":	6,
					"start":	50.000072,
					"end":	51.000075,
					"seconds":	1.0000029802322388,
					"bytes":	5242880,
					"bits_per_second":	41942915.000372529,
					"retransmits":	0,
					"snd_cwnd":	3046592,
					"snd_wnd":	3143936,
					"rtt":	364089,
					"rttvar":	10384,
					"pmtu":	1500,
					"omitted":	false,
					"sender":	true
				}],
			"sum":	{
				"start":	50.000072,
				"end":	51.000075,
				"seconds":	1.0000029802322388,
				"bytes":	5242880,
				"bits_per_second":	41942915.000372529,
				"retransmits":	0,
				"omitted":	false,
				"sender":	true
			}
		}, {
			"streams":	[{
					"socket":	6,
					"start":	51.000075,
					"end":	52.00007,
					"seconds":	0.999994993209839,
					"bytes":	5242880,
					"bits_per_second":	41943250.001051433,
					"retransmits":	0,
					"snd_cwnd":	3040800,
					"snd_wnd":	3143936,
					"rtt":	364292,
					"rttvar":	2410,
					"pmtu":	1500,
					"omitted":	false,
					"sender":	true
				}],
			"sum":	{
				"start":	51.000075,
				"end":	52.00007,
				"seconds":	0.999994993209839,
				"bytes":	5242880,
				"bits_per_second":	41943250.001051433,
				"retransmits":	0,
				"omitted":	false,
				"sender":	true
			}
		}, {
			"streams":	[{
					"socket":	6,
					"start":	52.00007,
					"end":	53.000347,
					"seconds":	1.000277042388916,
					"bytes":	3932160,
					"bits_per_second":	31448567.413755707,
					"retransmits":	0,
					"snd_cwnd":	3037904,
					"snd_wnd":	3143936,
					"rtt":	405036,
					"rttvar":	28575,
					"pmtu":	1500,
					"omitted":	false,
					"sender":	true
				}],
			"sum":	{
				"start":	52.00007,
				"end":	53.000347,
				"seconds":	1.000277042388916,
				"bytes":	3932160,
				"bits_per_second":	31448567.413755707,
				"retransmits":	0,
				"omitted":	false,
				"sender":	true
			}
		}, {
			"streams":	[{
					"socket":	6,
					"start":	53.000347,
					"end":	54.000176,
					"seconds":	0.9998289942741394,
					"bytes":	6553600,
					"bits_per_second":	52437767.158435434,
					"retransmits":	0,
					"snd_cwnd":	5792,
					"snd_wnd":	3143936,
					"rtt":	437215,
					"rttvar":	1947,
					"pmtu":	1500,
					"omitted":	false,
					"sender":	true
				}],
			"sum":	{
				"start":	53.000347,
				"end":	54.000176,
				"seconds":	0.9998289942741394,
				"bytes":	6553600,
				"bits_per_second":	52437767.158435434,
				"retransmits":	0,
				"omitted":	false,
				"sender":	true
			}
		}, {
			"streams":	[{
					"socket":	6,
					"start":	54.000176,
					"end":	55.000216,
					"seconds":	1.0000400543212891,
					"bytes":	1310720,
					"bits_per_second":	10485340.016822141,
					"retransmits":	0,
					"snd_cwnd":	3008944,
					"snd_wnd":	3143936,
					"rtt":	447586,
					"rttvar":	1108,
					"pmtu":	1500,
					"omitted":	false,
					"sender":	true
				}],
			"sum":	{
				"start":	54.000176,
				"end":	55.000216,
				"seconds":	1.0000400543212891,
				"bytes":	1310720,
				"bits_per_second":	10485340.016822141,
				"retransmits":	0,
				"omitted":	false,
				"sender":	true
			}
		}, {
			"streams":	[{
					"socket":	6,
					"start":	55.000216,
					"end":	56.000054,
					"seconds":	0.99983799457550049,
					"bytes":	5242880,
					"bits_per_second":	41949836.101005226,
					"retransmits":	0,
					"snd_cwnd":	3008944,
					"snd_wnd":	3143936,
					"rtt":	377615,
					"rttvar":	3035,
					"pmtu":	1500,
					"omitted":	false,
					"sender":	true
				}],
			"sum":	{
				"start":	55.000216,
				"end":	56.000054,
				"seconds":	0.99983799457550049,
				"bytes":	5242880,
				"bits_per_second":	41949836.101005226,
				"retransmits":	0,
				"omitted":	false,
				"sender":	true
			}
		}, {
			"streams":	[{
					"socket":	6,
					"start":	56.000054,
					"end":	57.000079,
					"seconds":	1.0000250339508057,
					"bytes":	6553600,
					"bits_per_second":	52427487.532856241,
					"retransmits":	0,
					"snd_cwnd":	3058176,
					"snd_wnd":	3143936,
					"rtt":	348666,
					"rttvar":	3683,
					"pmtu":	1500,
					"omitted":	false,
					"sender":	true
				}],
			"sum":	{
				"start":	56.000054,
				"end":	57.000079,
				"seconds":	1.0000250339508057,
				"bytes":	6553600,
				"bits_per_second":	52427487.532856241,
				"retransmits":	0,
				"omitted":	false,
				"sender":	true
			}
		}, {
			"streams":	[{
					"socket":	6,
					"start":	57.000079,
					"end":	58.000073,
					"seconds":	0.99999397993087769,
					"bytes":	5242880,
					"bits_per_second":	41943292.501520075,
					"retransmits":	0,
					"snd_cwnd":	3069760,
					"snd_wnd":	3143936,
					"rtt":	375500,
					"rttvar":	4967,
					"pmtu":	1500,
					"omitted":	false,
					"sender":	true
				}],
			"sum":	{
				"start":	57.000079,
				"end":	58.000073,
				"seconds":	0.99999397993087769,
				"bytes":	5242880,
				"bits_per_second":	41943292.501520075,
				"retransmits":	0,
				"omitted":	false,
				"sender":	true
			}
		}, {
			"streams":	[{
					"socket":	6,
					"start":	58.000073,
					"end":	59.000079,
					"seconds":	1.0000059604644775,
					"bytes":	5242880,
					"bits_per_second":	41942790.0014901,
					"retransmits":	0,
					"snd_cwnd":	3147952,
					"snd_wnd":	3143936,
					"rtt":	379574,
					"rttvar":	3725,
					"pmtu":	1500,
					"omitted":	false,
					"sender":	true
				}],
			"sum":	{
				"start":	58.000073,
				"end":	59.000079,
				"seconds":	1.0000059604644775,
				"bytes":	5242880,
				"bits_per_second":	41942790.0014901,
				"retransmits":	0,
				"omitted":	false,
				"sender":	true
			}
		}, {
			"streams":	[{
					"socket":	6,
					"start":	59.000079,
					"end":	60.000097,
					"seconds":	1.0000180006027222,
					"bytes":	5242880,
					"bits_per_second":	41942285.0135902,
					"retransmits":	0,
					"snd_cwnd":	3145056,
					"snd_wnd":	3143936,
					"rtt":	383903,
					"rttvar":	2762,
					"pmtu":	1500,
					"omitted":	false,
					"sender":	true
				}],
			"sum":	{
				"start":	59.000079,
				"end":	60.000097,
				"seconds":	1.0000180006027222,
				"bytes":	5242880,
				"bits_per_second":	41942285.0135902,
				"retransmits":	0,
				"omitted":	false,
				"sender":	true
			}
		}],
	"end":	{
		"streams":	[{
				"sender":	{
					"socket":	6,
					"start":	0,
					"end":	60.000097,
					"seconds":	60.000097,
					"bytes":	227016704,
					"bits_per_second":	30268844.932034027,
					"retransmits":	0,
					"max_snd_cwnd":	3176912,
					"max_snd_wnd":	3143936,
					"max_rtt":	463786,
					"min_rtt":	159400,
					"mean_rtt":	345439,
					"sender":	true
				},
				"receiver":	{
					"socket":	6,
					"start":	0,
					"end":	60.375782,
					"seconds":	60.000097,
					"bytes":	225966344,
					"bits_per_second":	29941322.366640318,
					"sender":	true
				}
			}],
		"sum_sent":	{
			"start":	0,
			"end":	60.000097,
			"seconds":	60.000097,
			"bytes":	227016704,
			"bits_per_second":	30268844.932034027,
			"retransmits":	0,
			"sender":	true
		},
		"sum_received":	{
			"start":	0,
			"end":	60.375782,
			"seconds":	60.375782,
			"bytes":	225966344,
			"bits_per_second":	29941322.366640318,
			"sender":	true
		},
		"cpu_utilization_percent":	{
			"host_total":	0.2932040731443819,
			"host_user":	0.019048846637848667,
			"host_system":	0.27415522650653323,
			"remote_total":	2.0921430170461024,
			"remote_user":	0.172521120880957,
			"remote_system":	1.9196202398722824
		},
		"sender_tcp_congestion":	"bbr",
		"receiver_tcp_congestion":	"bbr"
	}
}
