{
	"start":	{
		"connected":	[{
				"socket":	6,
				"local_host":	"192.168.101.210",
				"local_port":	38428,
				"remote_host":	"192.168.100.168",
				"remote_port":	5202
			}],
		"version":	"iperf 3.11",
		"system_info":	"Linux f1 6.0.10-300.fc37.x86_64 #1 SMP PREEMPT_DYNAMIC Sat Nov 26 16:55:13 UTC 2022 x86_64",
		"timestamp":	{
			"time":	"Sat, 10 Dec 2022 20:12:09 GMT",
			"timesecs":	1670703129
		},
		"connecting_to":	{
			"host":	"192.168.100.168",
			"port":	5202
		},
		"cookie":	"yspfwjyrt45ukkoxnnz3rihxvvo62iteirix",
		"tcp_mss_default":	1448,
		"target_bitrate":	0,
		"sock_bufsize":	0,
		"sndbuf_actual":	16384,
		"rcvbuf_actual":	131072,
		"test_start":	{
			"protocol":	"TCP",
			"num_streams":	1,
			"blksize":	131072,
			"omit":	0,
			"duration":	60,
			"bytes":	0,
			"blocks":	0,
			"reverse":	0,
			"tos":	0,
			"target_bitrate":	0
		}
	},
	"intervals":	[{
			"streams":	[{
					"socket":	6,
					"start":	0,
					"end":	1.000448,
					"seconds":	1.0004479885101318,
					"bytes":	721104,
					"bits_per_second":	5766248.7867969535,
					"retransmits":	0,
					"snd_cwnd":	40544,
					"snd_wnd":	261504,
					"rtt":	124017,
					"rttvar":	2450,
					"pmtu":	1500,
					"omitted":	false,
					"sender":	true
				}],
			"sum":	{
				"start":	0,
				"end":	1.000448,
				"seconds":	1.0004479885101318,
				"bytes":	721104,
				"bits_per_second":	5766248.7867969535,
				"retransmits":	0,
				"omitted":	false,
				"sender":	true
			}
		}, {
			"streams":	[{
					"socket":	6,
					"start":	1.000448,
					"end":	2.000905,
					"seconds":	1.0004570484161377,
					"bytes":	195480,
					"bits_per_second":	1563125.5759312962,
					"retransmits":	0,
					"snd_cwnd":	20272,
					"snd_wnd":	261504,
					"rtt":	143293,
					"rttvar":	6577,
					"pmtu":	1500,
					"omitted":	false,
					"sender":	true
				}],
			"sum":	{
				"start":	1.000448,
				"end":	2.000905,
				"seconds":	1.0004570484161377,
				"bytes":	195480,
				"bits_per_second":	1563125.5759312962,
				"retransmits":	0,
				"omitted":	false,
				"sender":	true
			}
		}, {
			"streams":	[{
					"socket":	6,
					"start":	2.000905,
					"end":	3.000595,
					"seconds":	0.99968999624252319,
					"bytes":	195480,
					"bits_per_second":	1564324.9466113641,
					"retransmits":	0,
					"snd_cwnd":	20272,
					"snd_wnd":	261504,
					"rtt":	181466,
					"rttvar":	8249,
					"pmtu":	1500,
					"omitted":	false,
					"sender":	true
				}],
			"sum":	{
				"start":	2.000905,
				"end":	3.000595,
				"seconds":	0.99968999624252319,
				"bytes":	195480,
				"bits_per_second":	1564324.9466113641,
				"retransmits":	0,
				"omitted":	false,
				"sender":	true
			}
		}, {
			"streams":	[{
					"socket":	6,
					"start":	3.000595,
					"end":	4.001245,
					"seconds":	1.0006500482559204,
					"bytes":	0,
					"bits_per_second":	0,
					"retransmits":	0,
					"snd_cwnd":	17376,
					"snd_wnd":	259328,
					"rtt":	233587,
					"rttvar":	22909,
					"pmtu":	1500,
					"omitted":	false,
					"sender":	true
				}],
			"sum":	{
				"start":	3.000595,
				"end":	4.001245,
				"seconds":	1.0006500482559204,
				"bytes":	0,
				"bits_per_second":	0,
				"retransmits":	0,
				"omitted":	false,
				"sender":	true
			}
		}, {
			"streams":	[{
					"socket":	6,
					"start":	4.001245,
					"end":	5.000272,
					"seconds":	0.99902701377868652,
					"bytes":	195480,
					"bits_per_second":	1565363.0767049869,
					"retransmits":	0,
					"snd_cwnd":	11584,
					"snd_wnd":	261504,
					"rtt":	262927,
					"rttvar":	14487,
					"pmtu":	1500,
					"omitted":	false,
					"sender":	true
				}],
			"sum":	{
				"start":	4.001245,
				"end":	5.000272,
				"seconds":	0.99902701377868652,
				"bytes":	195480,
				"bits_per_second":	1565363.0767049869,
				"retransmits":	0,
				"omitted":	false,
				"sender":	true
			}
		}, {
			"streams":	[{
					"socket":	6,
					"start":	5.000272,
					"end":	6.001051,
					"seconds":	1.0007790327072144,
					"bytes":	0,
					"bits_per_second":	0,
					"retransmits":	0,
					"snd_cwnd":	11584,
					"snd_wnd":	261504,
					"rtt":	300849,
					"rttvar":	25385,
					"pmtu":	1500,
					"omitted":	false,
					"sender":	true
				}],
			"sum":	{
				"start":	5.000272,
				"end":	6.001051,
				"seconds":	1.0007790327072144,
				"bytes":	0,
				"bits_per_second":	0,
				"retransmits":	0,
				"omitted":	false,
				"sender":	true
			}
		}, {
			"streams":	[{
					"socket":	6,
					"start":	6.001051,
					"end":	7.001066,
					"seconds":	1.0000150203704834,
					"bytes":	0,
					"bits_per_second":	0,
					"retransmits":	0,
					"snd_cwnd":	11584,
					"snd_wnd":	261504,
					"rtt":	343151,
					"rttvar":	31106,
					"pmtu":	1500,
					"omitted":	false,
					"sender":	true
				}],
			"sum":	{
				"start":	6.001051,
				"end":	7.001066,
				"seconds":	1.0000150203704834,
				"bytes":	0,
				"bits_per_second":	0,
				"retransmits":	0,
				"omitted":	false,
				"sender":	true
			}
		}, {
			"streams":	[{
					"socket":	6,
					"start":	7.001066,
					"end":	8.001063,
					"seconds":	0.99999701976776123,
					"bytes":	0,
					"bits_per_second":	0,
					"retransmits":	0,
					"snd_cwnd":	11584,
					"snd_wnd":	261504,
					"rtt":	391540,
					"rttvar":	35195,
					"pmtu":	1500,
					"omitted":	false,
					"sender":	true
				}],
			"sum":	{
				"start":	7.001066,
				"end":	8.001063,
				"seconds":	0.99999701976776123,
				"bytes":	0,
				"bits_per_second":	0,
				"retransmits":	0,
				"omitted":	false,
				"sender":	true
			}
		}, {
			"streams":	[{
					"socket":	6,
					"start":	8.001063,
					"end":	9.001262,
					"seconds":	1.00019896030426,
					"bytes":	0,
					"bits_per_second":	0,
					"retransmits":	0,
					"snd_cwnd":	10136,
					"snd_wnd":	261120,
					"rtt":	433898,
					"rttvar":	22976,
					"pmtu":	1500,
					"omitted":	false,
					"sender":	true
				}],
			"sum":	{
				"start":	8.001063,
				"end":	9.001262,
				"seconds":	1.00019896030426,
				"bytes":	0,
				"bits_per_second":	0,
				"retransmits":	0,
				"omitted":	false,
				"sender":	true
			}
		}, {
			"streams":	[{
					"socket":	6,
					"start":	9.001262,
					"end":	10.0011,
					"seconds":	0.99983799457550049,
					"bytes":	0,
					"bits_per_second":	0,
					"retransmits":	0,
					"snd_cwnd":	8688,
					"snd_wnd":	261120,
					"rtt":	480313,
					"rttvar":	27585,
					"pmtu":	1500,
					"omitted":	false,
					"sender":	true
				}],
			"sum":	{
				"start":	9.001262,
				"end":	10.0011,
				"seconds":	0.99983799457550049,
				"bytes":	0,
				"bits_per_second":	0,
				"retransmits":	0,
				"omitted":	false,
				"sender":	true
			}
		}, {
			"streams":	[{
					"socket":	6,
					"start":	10.0011,
					"end":	11.001051,
					"seconds":	0.99995100498199463,
					"bytes":	0,
					"bits_per_second":	0,
					"retransmits":	0,
					"snd_cwnd":	13032,
					"snd_wnd":	261120,
					"rtt":	519395,
					"rttvar":	36232,
					"pmtu":	1500,
					"omitted":	false,
					"sender":	true
				}],
			"sum":	{
				"start":	10.0011,
				"end":	11.001051,
				"seconds":	0.99995100498199463,
				"bytes":	0,
				"bits_per_second":	0,
				"retransmits":	0,
				"omitted":	false,
				"sender":	true
			}
		}, {
			"streams":	[{
					"socket":	6,
					"start":	11.001051,
					"end":	12.001061,
					"seconds":	1.0000100135803223,
					"bytes":	0,
					"bits_per_second":	0,
					"retransmits":	0,
					"snd_cwnd":	28960,
					"snd_wnd":	261120,
					"rtt":	608897,
					"rttvar":	63548,
					"pmtu":	1500,
					"omitted":	false,
					"sender":	true
				}],
			"sum":	{
				"start":	11.001051,
				"end":	12.001061,
				"seconds":	1.0000100135803223,
				"bytes":	0,
				"bits_per_second":	0,
				"retransmits":	0,
				"omitted":	false,
				"sender":	true
			}
		}, {
			"streams":	[{
					"socket":	6,
					"start":	12.001061,
					"end":	13.00106,
					"seconds":	0.99999898672103882,
					"bytes":	0,
					"bits_per_second":	0,
					"retransmits":	0,
					"snd_cwnd":	40544,
					"snd_wnd":	261120,
					"rtt":	751124,
					"rttvar":	68649,
					"pmtu":	1500,
					"omitted":	false,
					"sender":	true
				}],
			"sum":	{
				"start":	12.001061,
				"end":	13.00106,
				"seconds":	0.99999898672103882,
				"bytes":	0,
				"bits_per_second":	0,
				"retransmits":	0,
				"omitted":	false,
				"sender":	true
			}
		}, {
			"streams":	[{
					"socket":	6,
					"start":	13.00106,
					"end":	14.000676,
					"seconds":	0.999616026878357,
					"bytes":	195480,
					"bits_per_second":	1564440.7031804256,
					"retransmits":	0,
					"snd_cwnd":	40544,
					"snd_wnd":	261504,
					"rtt":	930036,
					"rttvar":	77836,
					"pmtu":	1500,
					"omitted":	false,
					"sender":	true
				}],
			"sum":	{
				"start":	13.00106,
				"end":	14.000676,
				"seconds":	0.999616026878357,
				"bytes":	195480,
				"bits_per_second":	1564440.7031804256,
				"retransmits":	0,
				"omitted":	false,
				"sender":	true
			}
		}, {
			"streams":	[{
					"socket":	6,
					"start":	14.000676,
					"end":	15.001061,
					"seconds":	1.000385046005249,
					"bytes":	0,
					"bits_per_second":	0,
					"retransmits":	0,
					"snd_cwnd":	40544,
					"snd_wnd":	261504,
					"rtt":	1100727,
					"rttvar":	75603,
					"pmtu":	1500,
					"omitted":	false,
					"sender":	true
				}],
			"sum":	{
				"start":	14.000676,
				"end":	15.001061,
				"seconds":	1.000385046005249,
				"bytes":	0,
				"bits_per_second":	0,
				"retransmits":	0,
				"omitted":	false,
				"sender":	true
			}
		}, {
			"streams":	[{
					"socket":	6,
					"start":	15.001061,
					"end":	16.001059,
					"seconds":	0.99999797344207764,
					"bytes":	0,
					"bits_per_second":	0,
					"retransmits":	0,
					"snd_cwnd":	40544,
					"snd_wnd":	261504,
					"rtt":	1281759,
					"rttvar":	82201,
					"pmtu":	1500,
					"omitted":	false,
					"sender":	true
				}],
			"sum":	{
				"start":	15.001061,
				"end":	16.001059,
				"seconds":	0.99999797344207764,
				"bytes":	0,
				"bits_per_second":	0,
				"retransmits":	0,
				"omitted":	false,
				"sender":	true
			}
		}, {
			"streams":	[{
					"socket":	6,
					"start":	16.001059,
					"end":	17.001061,
					"seconds":	1.0000020265579224,
					"bytes":	0,
					"bits_per_second":	0,
					"retransmits":	0,
					"snd_cwnd":	34752,
					"snd_wnd":	261504,
					"rtt":	1455797,
					"rttvar":	97339,
					"pmtu":	1500,
					"omitted":	false,
					"sender":	true
				}],
			"sum":	{
				"start":	16.001059,
				"end":	17.001061,
				"seconds":	1.0000020265579224,
				"bytes":	0,
				"bits_per_second":	0,
				"retransmits":	0,
				"omitted":	false,
				"sender":	true
			}
		}, {
			"streams":	[{
					"socket":	6,
					"start":	17.001061,
					"end":	18.001023,
					"seconds":	0.9999619722366333,
					"bytes":	0,
					"bits_per_second":	0,
					"retransmits":	0,
					"snd_cwnd":	34752,
					"snd_wnd":	261504,
					"rtt":	1665830,
					"rttvar":	95352,
					"pmtu":	1500,
					"omitted":	false,
					"sender":	true
				}],
			"sum":	{
				"start":	17.001061,
				"end":	18.001023,
				"seconds":	0.9999619722366333,
				"bytes":	0,
				"bits_per_second":	0,
				"retransmits":	0,
				"omitted":	false,
				"sender":	true
			}
		}, {
			"streams":	[{
					"socket":	6,
					"start":	18.001023,
					"end":	19.001026,
					"seconds":	1.0000029802322388,
					"bytes":	0,
					"bits_per_second":	0,
					"retransmits":	0,
					"snd_cwnd":	34752,
					"snd_wnd":	261504,
					"rtt":	1785369,
					"rttvar":	106769,
					"pmtu":	1500,
					"omitted":	false,
					"sender":	true
				}],
			"sum":	{
				"start":	18.001023,
				"end":	19.001026,
				"seconds":	1.0000029802322388,
				"bytes":	0,
				"bits_per_second":	0,
				"retransmits":	0,
				"omitted":	false,
				"sender":	true
			}
		}, {
			"streams":	[{
					"socket":	6,
					"start":	19.001026,
					"end":	20.001261,
					"seconds":	1.0002349615097046,
					"bytes":	0,
					"bits_per_second":	0,
					"retransmits":	0,
					"snd_cwnd":	34752,
					"snd_wnd":	261120,
					"rtt":	1882373,
					"rttvar":	111629,
					"pmtu":	1500,
					"omitted":	false,
					"sender":	true
				}],
			"sum":	{
				"start":	19.001026,
				"end":	20.001261,
				"seconds":	1.0002349615097046,
				"bytes":	0,
				"bits_per_second":	0,
				"retransmits":	0,
				"omitted":	false,
				"sender":	true
			}
		}, {
			"streams":	[{
					"socket":	6,
					"start":	20.001261,
					"end":	21.001025,
					"seconds":	0.99976402521133423,
					"bytes":	0,
					"bits_per_second":	0,
					"retransmits":	0,
					"snd_cwnd":	34752,
					"snd_wnd":	261120,
					"rtt":	2083464,
					"rttvar":	176571,
					"pmtu":	1500,
					"omitted":	false,
					"sender":	true
				}],
			"sum":	{
				"start":	20.001261,
				"end":	21.001025,
				"seconds":	0.99976402521133423,
				"bytes":	0,
				"bits_per_second":	0,
				"retransmits":	0,
				"omitted":	false,
				"sender":	true
			}
		}, {
			"streams":	[{
					"socket":	6,
					"start":	21.001025,
					"end":	22.000069,
					"seconds":	0.99904400110244751,
					"bytes":	195480,
					"bits_per_second":	1565336.4599299917,
					"retransmits":	0,
					"snd_cwnd":	5792,
					"snd_wnd":	261120,
					"rtt":	2139745,
					"rttvar":	167924,
					"pmtu":	1500,
					"omitted":	false,
					"sender":	true
				}],
			"sum":	{
				"start":	21.001025,
				"end":	22.000069,
				"seconds":	0.99904400110244751,
				"bytes":	195480,
				"bits_per_second":	1565336.4599299917,
				"retransmits":	0,
				"omitted":	false,
				"sender":	true
			}
		}, {
			"streams":	[{
					"socket":	6,
					"start":	22.000069,
					"end":	23.001069,
					"seconds":	1.0010000467300415,
					"bytes":	0,
					"bits_per_second":	0,
					"retransmits":	0,
					"snd_cwnd":	5792,
					"snd_wnd":	261120,
					"rtt":	2139745,
					"rttvar":	167924,
					"pmtu":	1500,
					"omitted":	false,
					"sender":	true
				}],
			"sum":	{
				"start":	22.000069,
				"end":	23.001069,
				"seconds":	1.0010000467300415,
				"bytes":	0,
				"bits_per_second":	0,
				"retransmits":	0,
				"omitted":	false,
				"sender":	true
			}
		}, {
			"streams":	[{
					"socket":	6,
					"start":	23.001069,
					"end":	24.001043,
					"seconds":	0.999974012374878,
					"bytes":	0,
					"bits_per_second":	0,
					"retransmits":	0,
					"snd_cwnd":	5792,
					"snd_wnd":	261120,
					"rtt":	2193290,
					"rttvar":	122990,
					"pmtu":	1500,
					"omitted":	false,
					"sender":	true
				}],
			"sum":	{
				"start":	23.001069,
				"end":	24.001043,
				"seconds":	0.999974012374878,
				"bytes":	0,
				"bits_per_second":	0,
				"retransmits":	0,
				"omitted":	false,
				"sender":	true
			}
		}, {
			"streams":	[{
					"socket":	6,
					"start":	24.001043,
					"end":	25.001047,
					"seconds":	1.0000040531158447,
					"bytes":	0,
					"bits_per_second":	0,
					"retransmits":	0,
					"snd_cwnd":	5792,
					"snd_wnd":	261120,
					"rtt":	2193290,
					"rttvar":	122990,
					"pmtu":	1500,
					"omitted":	false,
					"sender":	true
				}],
			"sum":	{
				"start":	24.001043,
				"end":	25.001047,
				"seconds":	1.0000040531158447,
				"bytes":	0,
				"bits_per_second":	0,
				"retransmits":	0,
				"omitted":	false,
				"sender":	true
			}
		}, {
			"streams":	[{
					"socket":	6,
					"start":	25.001047,
					"end":	26.001026,
					"seconds":	0.999979019165039,
					"bytes":	0,
					"bits_per_second":	0,
					"retransmits":	0,
					"snd_cwnd":	40544,
					"snd_wnd":	261120,
					"rtt":	2168347,
					"rttvar":	75276,
					"pmtu":	1500,
					"omitted":	false,
					"sender":	true
				}],
			"sum":	{
				"start":	25.001047,
				"end":	26.001026,
				"seconds":	0.999979019165039,
				"bytes":	0,
				"bits_per_second":	0,
				"retransmits":	0,
				"omitted":	false,
				"sender":	true
			}
		}, {
			"streams":	[{
					"socket":	6,
					"start":	26.001026,
					"end":	27.001052,
					"seconds":	1.0000259876251221,
					"bytes":	0,
					"bits_per_second":	0,
					"retransmits":	0,
					"snd_cwnd":	40544,
					"snd_wnd":	261120,
					"rtt":	2168347,
					"rttvar":	75276,
					"pmtu":	1500,
					"omitted":	false,
					"sender":	true
				}],
			"sum":	{
				"start":	26.001026,
				"end":	27.001052,
				"seconds":	1.0000259876251221,
				"bytes":	0,
				"bits_per_second":	0,
				"retransmits":	0,
				"omitted":	false,
				"sender":	true
			}
		}, {
			"streams":	[{
					"socket":	6,
					"start":	27.001052,
					"end":	28.001051,
					"seconds":	0.99999898672103882,
					"bytes":	0,
					"bits_per_second":	0,
					"retransmits":	0,
					"snd_cwnd":	62264,
					"snd_wnd":	261120,
					"rtt":	1879411,
					"rttvar":	94543,
					"pmtu":	1500,
					"omitted":	false,
					"sender":	true
				}],
			"sum":	{
				"start":	27.001052,
				"end":	28.001051,
				"seconds":	0.99999898672103882,
				"bytes":	0,
				"bits_per_second":	0,
				"retransmits":	0,
				"omitted":	false,
				"sender":	true
			}
		}, {
			"streams":	[{
					"socket":	6,
					"start":	28.001051,
					"end":	29.000421,
					"seconds":	0.999369978904724,
					"bytes":	260640,
					"bits_per_second":	2086434.4977474923,
					"retransmits":	0,
					"snd_cwnd":	81088,
					"snd_wnd":	261120,
					"rtt":	2288579,
					"rttvar":	111772,
					"pmtu":	1500,
					"omitted":	false,
					"sender":	true
				}],
			"sum":	{
				"start":	28.001051,
				"end":	29.000421,
				"seconds":	0.999369978904724,
				"bytes":	260640,
				"bits_per_second":	2086434.4977474923,
				"retransmits":	0,
				"omitted":	false,
				"sender":	true
			}
		}, {
			"streams":	[{
					"socket":	6,
					"start":	29.000421,
					"end":	30.001063,
					"seconds":	1.000641942024231,
					"bytes":	0,
					"bits_per_second":	0,
					"retransmits":	0,
					"snd_cwnd":	98464,
					"snd_wnd":	261120,
					"rtt":	1920720,
					"rttvar":	136637,
					"pmtu":	1500,
					"omitted":	false,
					"sender":	true
				}],
			"sum":	{
				"start":	29.000421,
				"end":	30.001063,
				"seconds":	1.000641942024231,
				"bytes":	0,
				"bits_per_second":	0,
				"retransmits":	0,
				"omitted":	false,
				"sender":	true
			}
		}, {
			"streams":	[{
					"socket":	6,
					"start":	30.001063,
					"end":	31.001028,
					"seconds":	0.999965012073517,
					"bytes":	0,
					"bits_per_second":	0,
					"retransmits":	0,
					"snd_cwnd":	98464,
					"snd_wnd":	261504,
					"rtt":	2077746,
					"rttvar":	142495,
					"pmtu":	1500,
					"omitted":	false,
					"sender":	true
				}],
			"sum":	{
				"start":	30.001063,
				"end":	31.001028,
				"seconds":	0.999965012073517,
				"bytes":	0,
				"bits_per_second":	0,
				"retransmits":	0,
				"omitted":	false,
				"sender":	true
			}
		}, {
			"streams":	[{
					"socket":	6,
					"start":	31.001028,
					"end":	32.000083,
					"seconds":	0.999055027961731,
					"bytes":	325800,
					"bits_per_second":	2608865.3047646126,
					"retransmits":	0,
					"snd_cwnd":	104256,
					"snd_wnd":	261120,
					"rtt":	2209379,
					"rttvar":	128613,
					"pmtu":	1500,
					"omitted":	false,
					"sender":	true
				}],
			"sum":	{
				"start":	31.001028,
				"end":	32.000083,
				"seconds":	0.999055027961731,
				"bytes":	325800,
				"bits_per_second":	2608865.3047646126,
				"retransmits":	0,
				"omitted":	false,
				"sender":	true
			}
		}, {
			"streams":	[{
					"socket":	6,
					"start":	32.000083,
					"end":	33.001052,
					"seconds":	1.0009690523147583,
					"bytes":	0,
					"bits_per_second":	0,
					"retransmits":	0,
					"snd_cwnd":	107152,
					"snd_wnd":	261120,
					"rtt":	2212652,
					"rttvar":	219190,
					"pmtu":	1500,
					"omitted":	false,
					"sender":	true
				}],
			"sum":	{
				"start":	32.000083,
				"end":	33.001052,
				"seconds":	1.0009690523147583,
				"bytes":	0,
				"bits_per_second":	0,
				"retransmits":	0,
				"omitted":	false,
				"sender":	true
			}
		}, {
			"streams":	[{
					"socket":	6,
					"start":	33.001052,
					"end":	34.00105,
					"seconds":	0.99999797344207764,
					"bytes":	0,
					"bits_per_second":	0,
					"retransmits":	0,
					"snd_cwnd":	107152,
					"snd_wnd":	310784,
					"rtt":	1988651,
					"rttvar":	178086,
					"pmtu":	1500,
					"omitted":	false,
					"sender":	true
				}],
			"sum":	{
				"start":	33.001052,
				"end":	34.00105,
				"seconds":	0.99999797344207764,
				"bytes":	0,
				"bits_per_second":	0,
				"retransmits":	0,
				"omitted":	false,
				"sender":	true
			}
		}, {
			"streams":	[{
					"socket":	6,
					"start":	34.00105,
					"end":	35.001049,
					"seconds":	0.99999898672103882,
					"bytes":	0,
					"bits_per_second":	0,
					"retransmits":	0,
					"snd_cwnd":	107152,
					"snd_wnd":	316288,
					"rtt":	2006003,
					"rttvar":	161399,
					"pmtu":	1500,
					"omitted":	false,
					"sender":	true
				}],
			"sum":	{
				"start":	34.00105,
				"end":	35.001049,
				"seconds":	0.99999898672103882,
				"bytes":	0,
				"bits_per_second":	0,
				"retransmits":	0,
				"omitted":	false,
				"sender":	true
			}
		}, {
			"streams":	[{
					"socket":	6,
					"start":	35.001049,
					"end":	36.001049,
					"seconds":	1,
					"bytes":	0,
					"bits_per_second":	0,
					"retransmits":	0,
					"snd_cwnd":	107152,
					"snd_wnd":	316288,
					"rtt":	2052441,
					"rttvar":	154821,
					"pmtu":	1500,
					"omitted":	false,
					"sender":	true
				}],
			"sum":	{
				"start":	35.001049,
				"end":	36.001049,
				"seconds":	1,
				"bytes":	0,
				"bits_per_second":	0,
				"retransmits":	0,
				"omitted":	false,
				"sender":	true
			}
		}, {
			"streams":	[{
					"socket":	6,
					"start":	36.001049,
					"end":	37.001055,
					"seconds":	1.0000059604644775,
					"bytes":	0,
					"bits_per_second":	0,
					"retransmits":	0,
					"snd_cwnd":	107152,
					"snd_wnd":	316288,
					"rtt":	2047985,
					"rttvar":	155022,
					"pmtu":	1500,
					"omitted":	false,
					"sender":	true
				}],
			"sum":	{
				"start":	36.001049,
				"end":	37.001055,
				"seconds":	1.0000059604644775,
				"bytes":	0,
				"bits_per_second":	0,
				"retransmits":	0,
				"omitted":	false,
				"sender":	true
			}
		}, {
			"streams":	[{
					"socket":	6,
					"start":	37.001055,
					"end":	38.001051,
					"seconds":	0.9999960064888,
					"bytes":	0,
					"bits_per_second":	0,
					"retransmits":	0,
					"snd_cwnd":	5792,
					"snd_wnd":	316288,
					"rtt":	2087976,
					"rttvar":	147898,
					"pmtu":	1500,
					"omitted":	false,
					"sender":	true
				}],
			"sum":	{
				"start":	37.001055,
				"end":	38.001051,
				"seconds":	0.9999960064888,
				"bytes":	0,
				"bits_per_second":	0,
				"retransmits":	0,
				"omitted":	false,
				"sender":	true
			}
		}, {
			"streams":	[{
					"socket":	6,
					"start":	38.001051,
					"end":	39.001058,
					"seconds":	1.0000070333480835,
					"bytes":	0,
					"bits_per_second":	0,
					"retransmits":	0,
					"snd_cwnd":	5792,
					"snd_wnd":	316288,
					"rtt":	2078495,
					"rttvar":	154088,
					"pmtu":	1500,
					"omitted":	false,
					"sender":	true
				}],
			"sum":	{
				"start":	38.001051,
				"end":	39.001058,
				"seconds":	1.0000070333480835,
				"bytes":	0,
				"bits_per_second":	0,
				"retransmits":	0,
				"omitted":	false,
				"sender":	true
			}
		}, {
			"streams":	[{
					"socket":	6,
					"start":	39.001058,
					"end":	40.001055,
					"seconds":	0.99999701976776123,
					"bytes":	0,
					"bits_per_second":	0,
					"retransmits":	0,
					"snd_cwnd":	5792,
					"snd_wnd":	316288,
					"rtt":	2371481,
					"rttvar":	123556,
					"pmtu":	1500,
					"omitted":	false,
					"sender":	true
				}],
			"sum":	{
				"start":	39.001058,
				"end":	40.001055,
				"seconds":	0.99999701976776123,
				"bytes":	0,
				"bits_per_second":	0,
				"retransmits":	0,
				"omitted":	false,
				"sender":	true
			}
		}, {
			"streams":	[{
					"socket":	6,
					"start":	40.001055,
					"end":	41.001054,
					"seconds":	0.99999898672103882,
					"bytes":	0,
					"bits_per_second":	0,
					"retransmits":	0,
					"snd_cwnd":	5792,
					"snd_wnd":	316288,
					"rtt":	2371481,
					"rttvar":	123556,
					"pmtu":	1500,
					"omitted":	false,
					"sender":	true
				}],
			"sum":	{
				"start":	40.001055,
				"end":	41.001054,
				"seconds":	0.99999898672103882,
				"bytes":	0,
				"bits_per_second":	0,
				"retransmits":	0,
				"omitted":	false,
				"sender":	true
			}
		}, {
			"streams":	[{
					"socket":	6,
					"start":	41.001054,
					"end":	42.001024,
					"seconds":	0.999970018863678,
					"bytes":	0,
					"bits_per_second":	0,
					"retransmits":	0,
					"snd_cwnd":	5792,
					"snd_wnd":	316288,
					"rtt":	2371481,
					"rttvar":	123556,
					"pmtu":	1500,
					"omitted":	false,
					"sender":	true
				}],
			"sum":	{
				"start":	41.001054,
				"end":	42.001024,
				"seconds":	0.999970018863678,
				"bytes":	0,
				"bits_per_second":	0,
				"retransmits":	0,
				"omitted":	false,
				"sender":	true
			}
		}, {
			"streams":	[{
					"socket":	6,
					"start":	42.001024,
					"end":	43.001043,
					"seconds":	1.0000189542770386,
					"bytes":	0,
					"bits_per_second":	0,
					"retransmits":	0,
					"snd_cwnd":	110048,
					"snd_wnd":	316288,
					"rtt":	2274661,
					"rttvar":	131998,
					"pmtu":	1500,
					"omitted":	false,
					"sender":	true
				}],
			"sum":	{
				"start":	42.001024,
				"end":	43.001043,
				"seconds":	1.0000189542770386,
				"bytes":	0,
				"bits_per_second":	0,
				"retransmits":	0,
				"omitted":	false,
				"sender":	true
			}
		}, {
			"streams":	[{
					"socket":	6,
					"start":	43.001043,
					"end":	44.001048,
					"seconds":	1.0000050067901611,
					"bytes":	0,
					"bits_per_second":	0,
					"retransmits":	0,
					"snd_cwnd":	110048,
					"snd_wnd":	316288,
					"rtt":	2274661,
					"rttvar":	131998,
					"pmtu":	1500,
					"omitted":	false,
					"sender":	true
				}],
			"sum":	{
				"start":	43.001043,
				"end":	44.001048,
				"seconds":	1.0000050067901611,
				"bytes":	0,
				"bits_per_second":	0,
				"retransmits":	0,
				"omitted":	false,
				"sender":	true
			}
		}, {
			"streams":	[{
					"socket":	6,
					"start":	44.001048,
					"end":	45.001063,
					"seconds":	1.0000150203704834,
					"bytes":	0,
					"bits_per_second":	0,
					"retransmits":	0,
					"snd_cwnd":	107152,
					"snd_wnd":	316288,
					"rtt":	1923252,
					"rttvar":	151003,
					"pmtu":	1500,
					"omitted":	false,
					"sender":	true
				}],
			"sum":	{
				"start":	44.001048,
				"end":	45.001063,
				"seconds":	1.0000150203704834,
				"bytes":	0,
				"bits_per_second":	0,
				"retransmits":	0,
				"omitted":	false,
				"sender":	true
			}
		}, {
			"streams":	[{
					"socket":	6,
					"start":	45.001063,
					"end":	46.001051,
					"seconds":	0.9999880194664,
					"bytes":	0,
					"bits_per_second":	0,
					"retransmits":	0,
					"snd_cwnd":	107152,
					"snd_wnd":	316288,
					"rtt":	2057252,
					"rttvar":	148219,
					"pmtu":	1500,
					"omitted":	false,
					"sender":	true
				}],
			"sum":	{
				"start":	45.001063,
				"end":	46.001051,
				"seconds":	0.9999880194664,
				"bytes":	0,
				"bits_per_second":	0,
				"retransmits":	0,
				"omitted":	false,
				"sender":	true
			}
		}, {
			"streams":	[{
					"socket":	6,
					"start":	46.001051,
					"end":	47.000557,
					"seconds":	0.99950599670410156,
					"bytes":	325800,
					"bits_per_second":	2607688.20656872,
					"retransmits":	0,
					"snd_cwnd":	107152,
					"snd_wnd":	316288,
					"rtt":	2055354,
					"rttvar":	154456,
					"pmtu":	1500,
					"omitted":	false,
					"sender":	true
				}],
			"sum":	{
				"start":	46.001051,
				"end":	47.000557,
				"seconds":	0.99950599670410156,
				"bytes":	325800,
				"bits_per_second":	2607688.20656872,
				"retransmits":	0,
				"omitted":	false,
				"sender":	true
			}
		}, {
			"streams":	[{
					"socket":	6,
					"start":	47.000557,
					"end":	48.001353,
					"seconds":	1.0007959604263306,
					"bytes":	0,
					"bits_per_second":	0,
					"retransmits":	0,
					"snd_cwnd":	107152,
					"snd_wnd":	316288,
					"rtt":	2047616,
					"rttvar":	155085,
					"pmtu":	1500,
					"omitted":	false,
					"sender":	true
				}],
			"sum":	{
				"start":	47.000557,
				"end":	48.001353,
				"seconds":	1.0007959604263306,
				"bytes":	0,
				"bits_per_second":	0,
				"retransmits":	0,
				"omitted":	false,
				"sender":	true
			}
		}, {
			"streams":	[{
					"socket":	6,
					"start":	48.001353,
					"end":	49.001273,
					"seconds":	0.99992001056671143,
					"bytes":	0,
					"bits_per_second":	0,
					"retransmits":	0,
					"snd_cwnd":	107152,
					"snd_wnd":	316288,
					"rtt":	2087480,
					"rttvar":	147907,
					"pmtu":	1500,
					"omitted":	false,
					"sender":	true
				}],
			"sum":	{
				"start":	48.001353,
				"end":	49.001273,
				"seconds":	0.99992001056671143,
				"bytes":	0,
				"bits_per_second":	0,
				"retransmits":	0,
				"omitted":	false,
				"sender":	true
			}
		}, {
			"streams":	[{
					"socket":	6,
					"start":	49.001273,
					"end":	50.001049,
					"seconds":	0.999776005744934,
					"bytes":	0,
					"bits_per_second":	0,
					"retransmits":	0,
					"snd_cwnd":	107152,
					"snd_wnd":	316288,
					"rtt":	2077934,
					"rttvar":	154144,
					"pmtu":	1500,
					"omitted":	false,
					"sender":	true
				}],
			"sum":	{
				"start":	49.001273,
				"end":	50.001049,
				"seconds":	0.999776005744934,
				"bytes":	0,
				"bits_per_second":	0,
				"retransmits":	0,
				"omitted":	false,
				"sender":	true
			}
		}, {
			"streams":	[{
					"socket":	6,
					"start":	50.001049,
					"end":	51.001065,
					"seconds":	1.0000159740448,
					"bytes":	0,
					"bits_per_second":	0,
					"retransmits":	0,
					"snd_cwnd":	107152,
					"snd_wnd":	316288,
					"rtt":	2117559,
					"rttvar":	147153,
					"pmtu":	1500,
					"omitted":	false,
					"sender":	true
				}],
			"sum":	{
				"start":	50.001049,
				"end":	51.001065,
				"seconds":	1.0000159740448,
				"bytes":	0,
				"bits_per_second":	0,
				"retransmits":	0,
				"omitted":	false,
				"sender":	true
			}
		}, {
			"streams":	[{
					"socket":	6,
					"start":	51.001065,
					"end":	52.001048,
					"seconds":	0.999983012676239,
					"bytes":	0,
					"bits_per_second":	0,
					"retransmits":	0,
					"snd_cwnd":	107152,
					"snd_wnd":	316288,
					"rtt":	2069205,
					"rttvar":	154643,
					"pmtu":	1500,
					"omitted":	false,
					"sender":	true
				}],
			"sum":	{
				"start":	51.001065,
				"end":	52.001048,
				"seconds":	0.999983012676239,
				"bytes":	0,
				"bits_per_second":	0,
				"retransmits":	0,
				"omitted":	false,
				"sender":	true
			}
		}, {
			"streams":	[{
					"socket":	6,
					"start":	52.001048,
					"end":	53.001051,
					"seconds":	1.0000029802322388,
					"bytes":	0,
					"bits_per_second":	0,
					"retransmits":	0,
					"snd_cwnd":	107152,
					"snd_wnd":	316288,
					"rtt":	2060921,
					"rttvar":	154893,
					"pmtu":	1500,
					"omitted":	false,
					"sender":	true
				}],
			"sum":	{
				"start":	52.001048,
				"end":	53.001051,
				"seconds":	1.0000029802322388,
				"bytes":	0,
				"bits_per_second":	0,
				"retransmits":	0,
				"omitted":	false,
				"sender":	true
			}
		}, {
			"streams":	[{
					"socket":	6,
					"start":	53.001051,
					"end":	54.001025,
					"seconds":	0.999974012374878,
					"bytes":	0,
					"bits_per_second":	0,
					"retransmits":	0,
					"snd_cwnd":	107152,
					"snd_wnd":	316288,
					"rtt":	2052254,
					"rttvar":	155184,
					"pmtu":	1500,
					"omitted":	false,
					"sender":	true
				}],
			"sum":	{
				"start":	53.001051,
				"end":	54.001025,
				"seconds":	0.999974012374878,
				"bytes":	0,
				"bits_per_second":	0,
				"retransmits":	0,
				"omitted":	false,
				"sender":	true
			}
		}, {
			"streams":	[{
					"socket":	6,
					"start":	54.001025,
					"end":	55.00103,
					"seconds":	1.0000050067901611,
					"bytes":	0,
					"bits_per_second":	0,
					"retransmits":	0,
					"snd_cwnd":	5792,
					"snd_wnd":	316288,
					"rtt":	2061352,
					"rttvar":	150708,
					"pmtu":	1500,
					"omitted":	false,
					"sender":	true
				}],
			"sum":	{
				"start":	54.001025,
				"end":	55.00103,
				"seconds":	1.0000050067901611,
				"bytes":	0,
				"bits_per_second":	0,
				"retransmits":	0,
				"omitted":	false,
				"sender":	true
			}
		}, {
			"streams":	[{
					"socket":	6,
					"start":	55.00103,
					"end":	56.001028,
					"seconds":	0.99999797344207764,
					"bytes":	0,
					"bits_per_second":	0,
					"retransmits":	0,
					"snd_cwnd":	5792,
					"snd_wnd":	316288,
					"rtt":	2084931,
					"rttvar":	147907,
					"pmtu":	1500,
					"omitted":	false,
					"sender":	true
				}],
			"sum":	{
				"start":	55.00103,
				"end":	56.001028,
				"seconds":	0.99999797344207764,
				"bytes":	0,
				"bits_per_second":	0,
				"retransmits":	0,
				"omitted":	false,
				"sender":	true
			}
		}, {
			"streams":	[{
					"socket":	6,
					"start":	56.001028,
					"end":	57.000449,
					"seconds":	0.999421000480652,
					"bytes":	325800,
					"bits_per_second":	2607909.9786241264,
					"retransmits":	0,
					"snd_cwnd":	5792,
					"snd_wnd":	316288,
					"rtt":	2375643,
					"rttvar":	122797,
					"pmtu":	1500,
					"omitted":	false,
					"sender":	true
				}],
			"sum":	{
				"start":	56.001028,
				"end":	57.000449,
				"seconds":	0.999421000480652,
				"bytes":	325800,
				"bits_per_second":	2607909.9786241264,
				"retransmits":	0,
				"omitted":	false,
				"sender":	true
			}
		}, {
			"streams":	[{
					"socket":	6,
					"start":	57.000449,
					"end":	58.00105,
					"seconds":	1.000601053237915,
					"bytes":	0,
					"bits_per_second":	0,
					"retransmits":	0,
					"snd_cwnd":	5792,
					"snd_wnd":	316288,
					"rtt":	2375643,
					"rttvar":	122797,
					"pmtu":	1500,
					"omitted":	false,
					"sender":	true
				}],
			"sum":	{
				"start":	57.000449,
				"end":	58.00105,
				"seconds":	1.000601053237915,
				"bytes":	0,
				"bits_per_second":	0,
				"retransmits":	0,
				"omitted":	false,
				"sender":	true
			}
		}, {
			"streams":	[{
					"socket":	6,
					"start":	58.00105,
					"end":	59.001026,
					"seconds":	0.99997597932815552,
					"bytes":	0,
					"bits_per_second":	0,
					"retransmits":	0,
					"snd_cwnd":	110048,
					"snd_wnd":	316288,
					"rtt":	2277296,
					"rttvar":	131692,
					"pmtu":	1500,
					"omitted":	false,
					"sender":	true
				}],
			"sum":	{
				"start":	58.00105,
				"end":	59.001026,
				"seconds":	0.99997597932815552,
				"bytes":	0,
				"bits_per_second":	0,
				"retransmits":	0,
				"omitted":	false,
				"sender":	true
			}
		}, {
			"streams":	[{
					"socket":	6,
					"start":	59.001026,
					"end":	60.001055,
					"seconds":	1.0000289678573608,
					"bytes":	0,
					"bits_per_second":	0,
					"retransmits":	0,
					"snd_cwnd":	110048,
					"snd_wnd":	316288,
					"rtt":	2277296,
					"rttvar":	131692,
					"pmtu":	1500,
					"omitted":	false,
					"sender":	true
				}],
			"sum":	{
				"start":	59.001026,
				"end":	60.001055,
				"seconds":	1.0000289678573608,
				"bytes":	0,
				"bits_per_second":	0,
				"retransmits":	0,
				"omitted":	false,
				"sender":	true
			}
		}],
	"end":	{
		"streams":	[{
				"sender":	{
					"socket":	6,
					"start":	0,
					"end":	60.001055,
					"seconds":	60.001055,
					"bytes":	2936544,
					"bits_per_second":	391532.3155567848,
					"retransmits":	0,
					"max_snd_cwnd":	110048,
					"max_snd_wnd":	316288,
					"max_rtt":	2375643,
					"min_rtt":	124017,
					"mean_rtt":	1674622,
					"sender":	true
				},
				"receiver":	{
					"socket":	6,
					"start":	0,
					"end":	62.101004,
					"seconds":	60.001055,
					"bytes":	2012720,
					"bits_per_second":	259283.40868691911,
					"sender":	true
				}
			}],
		"sum_sent":	{
			"start":	0,
			"end":	60.001055,
			"seconds":	60.001055,
			"bytes":	2936544,
			"bits_per_second":	391532.3155567848,
			"retransmits":	0,
			"sender":	true
		},
		"sum_received":	{
			"start":	0,
			"end":	62.101004,
			"seconds":	62.101004,
			"bytes":	2012720,
			"bits_per_second":	259283.40868691911,
			"sender":	true
		},
		"cpu_utilization_percent":	{
			"host_total":	0.015862499370439875,
			"host_user":	0.0048532150683847659,
			"host_system":	0.011009284302055109,
			"remote_total":	0.042416375281203129,
			"remote_user":	0.013292858203801369,
			"remote_system":	0.029123517077401764
		},
		"sender_tcp_congestion":	"bbr",
		"receiver_tcp_congestion":	"bbr"
	}
}
