{
	"start":	{
		"connected":	[{
				"socket":	6,
				"local_host":	"192.168.101.210",
				"local_port":	55742,
				"remote_host":	"192.168.100.168",
				"remote_port":	5201
			}],
		"version":	"iperf 3.11",
		"system_info":	"Linux f1 6.0.10-300.fc37.x86_64 #1 SMP PREEMPT_DYNAMIC Sat Nov 26 16:55:13 UTC 2022 x86_64",
		"timestamp":	{
			"time":	"Sat, 10 Dec 2022 20:14:13 GMT",
			"timesecs":	1670703253
		},
		"connecting_to":	{
			"host":	"192.168.100.168",
			"port":	5201
		},
		"cookie":	"wxnyl26b6x3ysivz6pj65bhlsf5zqqdxubxf",
		"tcp_mss_default":	1448,
		"target_bitrate":	0,
		"sock_bufsize":	0,
		"sndbuf_actual":	16384,
		"rcvbuf_actual":	131072,
		"test_start":	{
			"protocol":	"TCP",
			"num_streams":	1,
			"blksize":	131072,
			"omit":	0,
			"duration":	60,
			"bytes":	0,
			"blocks":	0,
			"reverse":	0,
			"tos":	0,
			"target_bitrate":	0
		}
	},
	"intervals":	[{
			"streams":	[{
					"socket":	6,
					"start":	0,
					"end":	1.000176,
					"seconds":	1.000175952911377,
					"bytes":	1320576,
					"bits_per_second":	10562749.453481514,
					"retransmits":	0,
					"snd_cwnd":	141904,
					"snd_wnd":	984448,
					"rtt":	157727,
					"rttvar":	2366,
					"pmtu":	1500,
					"omitted":	false,
					"sender":	true
				}],
			"sum":	{
				"start":	0,
				"end":	1.000176,
				"seconds":	1.000175952911377,
				"bytes":	1320576,
				"bits_per_second":	10562749.453481514,
				"retransmits":	0,
				"omitted":	false,
				"sender":	true
			}
		}, {
			"streams":	[{
					"socket":	6,
					"start":	1.000176,
					"end":	2.000083,
					"seconds":	0.99990701675415039,
					"bytes":	1042560,
					"bits_per_second":	8341255.5970198717,
					"retransmits":	0,
					"snd_cwnd":	179552,
					"snd_wnd":	986240,
					"rtt":	221239,
					"rttvar":	701,
					"pmtu":	1500,
					"omitted":	false,
					"sender":	true
				}],
			"sum":	{
				"start":	1.000176,
				"end":	2.000083,
				"seconds":	0.99990701675415039,
				"bytes":	1042560,
				"bits_per_second":	8341255.5970198717,
				"retransmits":	0,
				"omitted":	false,
				"sender":	true
			}
		}, {
			"streams":	[{
					"socket":	6,
					"start":	2.000083,
					"end":	3.000276,
					"seconds":	1.0001929998397827,
					"bytes":	847080,
					"bits_per_second":	6775332.3619396714,
					"retransmits":	0,
					"snd_cwnd":	221544,
					"snd_wnd":	986240,
					"rtt":	234716,
					"rttvar":	479,
					"pmtu":	1500,
					"omitted":	false,
					"sender":	true
				}],
			"sum":	{
				"start":	2.000083,
				"end":	3.000276,
				"seconds":	1.0001929998397827,
				"bytes":	847080,
				"bits_per_second":	6775332.3619396714,
				"retransmits":	0,
				"omitted":	false,
				"sender":	true
			}
		}, {
			"streams":	[{
					"socket":	6,
					"start":	3.000276,
					"end":	4.000426,
					"seconds":	1.0001499652862549,
					"bytes":	977400,
					"bits_per_second":	7818027.5672579277,
					"retransmits":	0,
					"snd_cwnd":	267880,
					"snd_wnd":	986240,
					"rtt":	264492,
					"rttvar":	635,
					"pmtu":	1500,
					"omitted":	false,
					"sender":	true
				}],
			"sum":	{
				"start":	3.000276,
				"end":	4.000426,
				"seconds":	1.0001499652862549,
				"bytes":	977400,
				"bits_per_second":	7818027.5672579277,
				"retransmits":	0,
				"omitted":	false,
				"sender":	true
			}
		}, {
			"streams":	[{
					"socket":	6,
					"start":	4.000426,
					"end":	5.000476,
					"seconds":	1.0000499486923218,
					"bytes":	1172880,
					"bits_per_second":	9382571.35283031,
					"retransmits":	0,
					"snd_cwnd":	317112,
					"snd_wnd":	986240,
					"rtt":	302527,
					"rttvar":	1390,
					"pmtu":	1500,
					"omitted":	false,
					"sender":	true
				}],
			"sum":	{
				"start":	4.000426,
				"end":	5.000476,
				"seconds":	1.0000499486923218,
				"bytes":	1172880,
				"bits_per_second":	9382571.35283031,
				"retransmits":	0,
				"omitted":	false,
				"sender":	true
			}
		}, {
			"streams":	[{
					"socket":	6,
					"start":	5.000476,
					"end":	6.000404,
					"seconds":	0.99992799758911133,
					"bytes":	1368360,
					"bits_per_second":	10947668.258508222,
					"retransmits":	0,
					"snd_cwnd":	369240,
					"snd_wnd":	986240,
					"rtt":	336977,
					"rttvar":	1472,
					"pmtu":	1500,
					"omitted":	false,
					"sender":	true
				}],
			"sum":	{
				"start":	5.000476,
				"end":	6.000404,
				"seconds":	0.99992799758911133,
				"bytes":	1368360,
				"bits_per_second":	10947668.258508222,
				"retransmits":	0,
				"omitted":	false,
				"sender":	true
			}
		}, {
			"streams":	[{
					"socket":	6,
					"start":	6.000404,
					"end":	7.000197,
					"seconds":	0.999792993068695,
					"bytes":	1629000,
					"bits_per_second":	13034698.272889957,
					"retransmits":	0,
					"snd_cwnd":	422816,
					"snd_wnd":	986240,
					"rtt":	372548,
					"rttvar":	1128,
					"pmtu":	1500,
					"omitted":	false,
					"sender":	true
				}],
			"sum":	{
				"start":	6.000404,
				"end":	7.000197,
				"seconds":	0.999792993068695,
				"bytes":	1629000,
				"bits_per_second":	13034698.272889957,
				"retransmits":	0,
				"omitted":	false,
				"sender":	true
			}
		}, {
			"streams":	[{
					"socket":	6,
					"start":	7.000197,
					"end":	8.000524,
					"seconds":	1.0003269910812378,
					"bytes":	912240,
					"bits_per_second":	7295534.42531006,
					"retransmits":	0,
					"snd_cwnd":	476392,
					"snd_wnd":	1047424,
					"rtt":	412151,
					"rttvar":	1675,
					"pmtu":	1500,
					"omitted":	false,
					"sender":	true
				}],
			"sum":	{
				"start":	7.000197,
				"end":	8.000524,
				"seconds":	1.0003269910812378,
				"bytes":	912240,
				"bits_per_second":	7295534.42531006,
				"retransmits":	0,
				"omitted":	false,
				"sender":	true
			}
		}, {
			"streams":	[{
					"socket":	6,
					"start":	8.000524,
					"end":	9.00009,
					"seconds":	0.99956601858139038,
					"bytes":	2085120,
					"bits_per_second":	16688202.369738463,
					"retransmits":	0,
					"snd_cwnd":	532864,
					"snd_wnd":	1145856,
					"rtt":	455900,
					"rttvar":	1099,
					"pmtu":	1500,
					"omitted":	false,
					"sender":	true
				}],
			"sum":	{
				"start":	8.000524,
				"end":	9.00009,
				"seconds":	0.99956601858139038,
				"bytes":	2085120,
				"bits_per_second":	16688202.369738463,
				"retransmits":	0,
				"omitted":	false,
				"sender":	true
			}
		}, {
			"streams":	[{
					"socket":	6,
					"start":	9.00009,
					"end":	10.000235,
					"seconds":	1.0001449584960938,
					"bytes":	1172880,
					"bits_per_second":	9381680.04576973,
					"retransmits":	0,
					"snd_cwnd":	603816,
					"snd_wnd":	1259264,
					"rtt":	499788,
					"rttvar":	1389,
					"pmtu":	1500,
					"omitted":	false,
					"sender":	true
				}],
			"sum":	{
				"start":	9.00009,
				"end":	10.000235,
				"seconds":	1.0001449584960938,
				"bytes":	1172880,
				"bits_per_second":	9381680.04576973,
				"retransmits":	0,
				"omitted":	false,
				"sender":	true
			}
		}, {
			"streams":	[{
					"socket":	6,
					"start":	10.000235,
					"end":	11.000501,
					"seconds":	1.0002659559249878,
					"bytes":	1234464,
					"bits_per_second":	9873086.19422873,
					"retransmits":	0,
					"snd_cwnd":	750064,
					"snd_wnd":	1586560,
					"rtt":	557602,
					"rttvar":	1645,
					"pmtu":	1500,
					"omitted":	false,
					"sender":	true
				}],
			"sum":	{
				"start":	10.000235,
				"end":	11.000501,
				"seconds":	1.0002659559249878,
				"bytes":	1234464,
				"bits_per_second":	9873086.19422873,
				"retransmits":	0,
				"omitted":	false,
				"sender":	true
			}
		}, {
			"streams":	[{
					"socket":	6,
					"start":	11.000501,
					"end":	12.000469,
					"seconds":	0.99996799230575562,
					"bytes":	1310720,
					"bits_per_second":	10486095.635742927,
					"retransmits":	0,
					"snd_cwnd":	929616,
					"snd_wnd":	1848064,
					"rtt":	686269,
					"rttvar":	5081,
					"pmtu":	1500,
					"omitted":	false,
					"sender":	true
				}],
			"sum":	{
				"start":	11.000501,
				"end":	12.000469,
				"seconds":	0.99996799230575562,
				"bytes":	1310720,
				"bits_per_second":	10486095.635742927,
				"retransmits":	0,
				"omitted":	false,
				"sender":	true
			}
		}, {
			"streams":	[{
					"socket":	6,
					"start":	12.000469,
					"end":	13.000237,
					"seconds":	0.99976801872253418,
					"bytes":	1310720,
					"bits_per_second":	10488193.064425394,
					"retransmits":	0,
					"snd_cwnd":	1130888,
					"snd_wnd":	2373248,
					"rtt":	843109,
					"rttvar":	5748,
					"pmtu":	1500,
					"omitted":	false,
					"sender":	true
				}],
			"sum":	{
				"start":	12.000469,
				"end":	13.000237,
				"seconds":	0.99976801872253418,
				"bytes":	1310720,
				"bits_per_second":	10488193.064425394,
				"retransmits":	0,
				"omitted":	false,
				"sender":	true
			}
		}, {
			"streams":	[{
					"socket":	6,
					"start":	13.000237,
					"end":	14.001034,
					"seconds":	1.0007970333099365,
					"bytes":	0,
					"bits_per_second":	0,
					"retransmits":	0,
					"snd_cwnd":	1366912,
					"snd_wnd":	2866048,
					"rtt":	1003240,
					"rttvar":	2563,
					"pmtu":	1500,
					"omitted":	false,
					"sender":	true
				}],
			"sum":	{
				"start":	13.000237,
				"end":	14.001034,
				"seconds":	1.0007970333099365,
				"bytes":	0,
				"bits_per_second":	0,
				"retransmits":	0,
				"omitted":	false,
				"sender":	true
			}
		}, {
			"streams":	[{
					"socket":	6,
					"start":	14.001034,
					"end":	15.000978,
					"seconds":	0.999943971633911,
					"bytes":	1310720,
					"bits_per_second":	10486347.532918509,
					"retransmits":	0,
					"snd_cwnd":	1643480,
					"snd_wnd":	3131136,
					"rtt":	1194027,
					"rttvar":	1560,
					"pmtu":	1500,
					"omitted":	false,
					"sender":	true
				}],
			"sum":	{
				"start":	14.001034,
				"end":	15.000978,
				"seconds":	0.999943971633911,
				"bytes":	1310720,
				"bits_per_second":	10486347.532918509,
				"retransmits":	0,
				"omitted":	false,
				"sender":	true
			}
		}, {
			"streams":	[{
					"socket":	6,
					"start":	15.000978,
					"end":	16.000633,
					"seconds":	0.99965500831604,
					"bytes":	1310720,
					"bits_per_second":	10489378.748438118,
					"retransmits":	0,
					"snd_cwnd":	1927288,
					"snd_wnd":	3143936,
					"rtt":	1345881,
					"rttvar":	3669,
					"pmtu":	1500,
					"omitted":	false,
					"sender":	true
				}],
			"sum":	{
				"start":	15.000978,
				"end":	16.000633,
				"seconds":	0.99965500831604,
				"bytes":	1310720,
				"bits_per_second":	10489378.748438118,
				"retransmits":	0,
				"omitted":	false,
				"sender":	true
			}
		}, {
			"streams":	[{
					"socket":	6,
					"start":	16.000633,
					"end":	17.000406,
					"seconds":	0.99977302551269531,
					"bytes":	1310720,
					"bits_per_second":	10488140.540321918,
					"retransmits":	0,
					"snd_cwnd":	2292184,
					"snd_wnd":	3143936,
					"rtt":	1559991,
					"rttvar":	3995,
					"pmtu":	1500,
					"omitted":	false,
					"sender":	true
				}],
			"sum":	{
				"start":	16.000633,
				"end":	17.000406,
				"seconds":	0.99977302551269531,
				"bytes":	1310720,
				"bits_per_second":	10488140.540321918,
				"retransmits":	0,
				"omitted":	false,
				"sender":	true
			}
		}, {
			"streams":	[{
					"socket":	6,
					"start":	17.000406,
					"end":	18.000255,
					"seconds":	0.999849021434784,
					"bytes":	1310720,
					"bits_per_second":	10487343.364054034,
					"retransmits":	0,
					"snd_cwnd":	2673008,
					"snd_wnd":	3143936,
					"rtt":	1758926,
					"rttvar":	4189,
					"pmtu":	1500,
					"omitted":	false,
					"sender":	true
				}],
			"sum":	{
				"start":	17.000406,
				"end":	18.000255,
				"seconds":	0.999849021434784,
				"bytes":	1310720,
				"bits_per_second":	10487343.364054034,
				"retransmits":	0,
				"omitted":	false,
				"sender":	true
			}
		}, {
			"streams":	[{
					"socket":	6,
					"start":	18.000255,
					"end":	19.000116,
					"seconds":	0.99986100196838379,
					"bytes":	1310720,
					"bits_per_second":	10487217.702617794,
					"retransmits":	0,
					"snd_cwnd":	3056728,
					"snd_wnd":	3143936,
					"rtt":	1995941,
					"rttvar":	4852,
					"pmtu":	1500,
					"omitted":	false,
					"sender":	true
				}],
			"sum":	{
				"start":	18.000255,
				"end":	19.000116,
				"seconds":	0.99986100196838379,
				"bytes":	1310720,
				"bits_per_second":	10487217.702617794,
				"retransmits":	0,
				"omitted":	false,
				"sender":	true
			}
		}, {
			"streams":	[{
					"socket":	6,
					"start":	19.000116,
					"end":	20.001031,
					"seconds":	1.0009150505065918,
					"bytes":	0,
					"bits_per_second":	0,
					"retransmits":	0,
					"snd_cwnd":	3467960,
					"snd_wnd":	3144320,
					"rtt":	2200424,
					"rttvar":	19715,
					"pmtu":	1500,
					"omitted":	false,
					"sender":	true
				}],
			"sum":	{
				"start":	19.000116,
				"end":	20.001031,
				"seconds":	1.0009150505065918,
				"bytes":	0,
				"bits_per_second":	0,
				"retransmits":	0,
				"omitted":	false,
				"sender":	true
			}
		}, {
			"streams":	[{
					"socket":	6,
					"start":	20.001031,
					"end":	21.000977,
					"seconds":	0.9999459981918335,
					"bytes":	1310720,
					"bits_per_second":	10486326.280580176,
					"retransmits":	0,
					"snd_cwnd":	4005168,
					"snd_wnd":	3144320,
					"rtt":	2063051,
					"rttvar":	19448,
					"pmtu":	1500,
					"omitted":	false,
					"sender":	true
				}],
			"sum":	{
				"start":	20.001031,
				"end":	21.000977,
				"seconds":	0.9999459981918335,
				"bytes":	1310720,
				"bits_per_second":	10486326.280580176,
				"retransmits":	0,
				"omitted":	false,
				"sender":	true
			}
		}, {
			"streams":	[{
					"socket":	6,
					"start":	21.000977,
					"end":	22.000837,
					"seconds":	0.99985998868942261,
					"bytes":	1310720,
					"bits_per_second":	10487228.330582889,
					"retransmits":	0,
					"snd_cwnd":	4568440,
					"snd_wnd":	3144320,
					"rtt":	1925526,
					"rttvar":	19857,
					"pmtu":	1500,
					"omitted":	false,
					"sender":	true
				}],
			"sum":	{
				"start":	21.000977,
				"end":	22.000837,
				"seconds":	0.99985998868942261,
				"bytes":	1310720,
				"bits_per_second":	10487228.330582889,
				"retransmits":	0,
				"omitted":	false,
				"sender":	true
			}
		}, {
			"streams":	[{
					"socket":	6,
					"start":	22.000837,
					"end":	23.0007,
					"seconds":	0.999863028526306,
					"bytes":	1310720,
					"bits_per_second":	10487196.446752228,
					"retransmits":	0,
					"snd_cwnd":	4768264,
					"snd_wnd":	3144448,
					"rtt":	1787138,
					"rttvar":	14513,
					"pmtu":	1500,
					"omitted":	false,
					"sender":	true
				}],
			"sum":	{
				"start":	22.000837,
				"end":	23.0007,
				"seconds":	0.999863028526306,
				"bytes":	1310720,
				"bits_per_second":	10487196.446752228,
				"retransmits":	0,
				"omitted":	false,
				"sender":	true
			}
		}, {
			"streams":	[{
					"socket":	6,
					"start":	23.0007,
					"end":	24.000563,
					"seconds":	0.999863028526306,
					"bytes":	1310720,
					"bits_per_second":	10487196.446752228,
					"retransmits":	0,
					"snd_cwnd":	4768264,
					"snd_wnd":	3144576,
					"rtt":	2200743,
					"rttvar":	119949,
					"pmtu":	1500,
					"omitted":	false,
					"sender":	true
				}],
			"sum":	{
				"start":	23.0007,
				"end":	24.000563,
				"seconds":	0.999863028526306,
				"bytes":	1310720,
				"bits_per_second":	10487196.446752228,
				"retransmits":	0,
				"omitted":	false,
				"sender":	true
			}
		}, {
			"streams":	[{
					"socket":	6,
					"start":	24.000563,
					"end":	25.000502,
					"seconds":	0.99993902444839478,
					"bytes":	1310720,
					"bits_per_second":	10486399.41398862,
					"retransmits":	0,
					"snd_cwnd":	4768264,
					"snd_wnd":	3144576,
					"rtt":	2644936,
					"rttvar":	19861,
					"pmtu":	1500,
					"omitted":	false,
					"sender":	true
				}],
			"sum":	{
				"start":	24.000563,
				"end":	25.000502,
				"seconds":	0.99993902444839478,
				"bytes":	1310720,
				"bits_per_second":	10486399.41398862,
				"retransmits":	0,
				"omitted":	false,
				"sender":	true
			}
		}, {
			"streams":	[{
					"socket":	6,
					"start":	25.000502,
					"end":	26.000362,
					"seconds":	0.99985998868942261,
					"bytes":	1310720,
					"bits_per_second":	10487228.330582889,
					"retransmits":	0,
					"snd_cwnd":	4768264,
					"snd_wnd":	3144576,
					"rtt":	2504836,
					"rttvar":	19714,
					"pmtu":	1500,
					"omitted":	false,
					"sender":	true
				}],
			"sum":	{
				"start":	25.000502,
				"end":	26.000362,
				"seconds":	0.99985998868942261,
				"bytes":	1310720,
				"bits_per_second":	10487228.330582889,
				"retransmits":	0,
				"omitted":	false,
				"sender":	true
			}
		}, {
			"streams":	[{
					"socket":	6,
					"start":	26.000362,
					"end":	27.000264,
					"seconds":	0.99990200996398926,
					"bytes":	1310720,
					"bits_per_second":	10486787.600694628,
					"retransmits":	0,
					"snd_cwnd":	4768264,
					"snd_wnd":	3144576,
					"rtt":	2408176,
					"rttvar":	19537,
					"pmtu":	1500,
					"omitted":	false,
					"sender":	true
				}],
			"sum":	{
				"start":	26.000362,
				"end":	27.000264,
				"seconds":	0.99990200996398926,
				"bytes":	1310720,
				"bits_per_second":	10486787.600694628,
				"retransmits":	0,
				"omitted":	false,
				"sender":	true
			}
		}, {
			"streams":	[{
					"socket":	6,
					"start":	27.000264,
					"end":	28.000153,
					"seconds":	0.99988901615142822,
					"bytes":	1310720,
					"bits_per_second":	10486923.879171791,
					"retransmits":	0,
					"snd_cwnd":	4768264,
					"snd_wnd":	3144576,
					"rtt":	2306434,
					"rttvar":	20060,
					"pmtu":	1500,
					"omitted":	false,
					"sender":	true
				}],
			"sum":	{
				"start":	27.000264,
				"end":	28.000153,
				"seconds":	0.99988901615142822,
				"bytes":	1310720,
				"bits_per_second":	10486923.879171791,
				"retransmits":	0,
				"omitted":	false,
				"sender":	true
			}
		}, {
			"streams":	[{
					"socket":	6,
					"start":	28.000153,
					"end":	29.001053,
					"seconds":	1.0009000301361084,
					"bytes":	0,
					"bits_per_second":	0,
					"retransmits":	0,
					"snd_cwnd":	4768264,
					"snd_wnd":	3144576,
					"rtt":	2211639,
					"rttvar":	19674,
					"pmtu":	1500,
					"omitted":	false,
					"sender":	true
				}],
			"sum":	{
				"start":	28.000153,
				"end":	29.001053,
				"seconds":	1.0009000301361084,
				"bytes":	0,
				"bits_per_second":	0,
				"retransmits":	0,
				"omitted":	false,
				"sender":	true
			}
		}, {
			"streams":	[{
					"socket":	6,
					"start":	29.001053,
					"end":	30.001011,
					"seconds":	0.99995797872543335,
					"bytes":	1310720,
					"bits_per_second":	10486200.6435164,
					"retransmits":	0,
					"snd_cwnd":	4768264,
					"snd_wnd":	3144576,
					"rtt":	2071800,
					"rttvar":	19450,
					"pmtu":	1500,
					"omitted":	false,
					"sender":	true
				}],
			"sum":	{
				"start":	29.001053,
				"end":	30.001011,
				"seconds":	0.99995797872543335,
				"bytes":	1310720,
				"bits_per_second":	10486200.6435164,
				"retransmits":	0,
				"omitted":	false,
				"sender":	true
			}
		}, {
			"streams":	[{
					"socket":	6,
					"start":	30.001011,
					"end":	31.000847,
					"seconds":	0.999836027622223,
					"bytes":	1310720,
					"bits_per_second":	10487479.656976243,
					"retransmits":	0,
					"snd_cwnd":	4768264,
					"snd_wnd":	3144576,
					"rtt":	1930605,
					"rttvar":	19572,
					"pmtu":	1500,
					"omitted":	false,
					"sender":	true
				}],
			"sum":	{
				"start":	30.001011,
				"end":	31.000847,
				"seconds":	0.999836027622223,
				"bytes":	1310720,
				"bits_per_second":	10487479.656976243,
				"retransmits":	0,
				"omitted":	false,
				"sender":	true
			}
		}, {
			"streams":	[{
					"socket":	6,
					"start":	31.000847,
					"end":	32.000654,
					"seconds":	0.99980700016021729,
					"bytes":	1310720,
					"bits_per_second":	10487784.140658824,
					"retransmits":	0,
					"snd_cwnd":	4768264,
					"snd_wnd":	3144576,
					"rtt":	1979466,
					"rttvar":	157177,
					"pmtu":	1500,
					"omitted":	false,
					"sender":	true
				}],
			"sum":	{
				"start":	31.000847,
				"end":	32.000654,
				"seconds":	0.99980700016021729,
				"bytes":	1310720,
				"bits_per_second":	10487784.140658824,
				"retransmits":	0,
				"omitted":	false,
				"sender":	true
			}
		}, {
			"streams":	[{
					"socket":	6,
					"start":	32.000654,
					"end":	33.000477,
					"seconds":	0.999822974205017,
					"bytes":	1310720,
					"bits_per_second":	10487616.578662314,
					"retransmits":	0,
					"snd_cwnd":	4768264,
					"snd_wnd":	3144704,
					"rtt":	2780675,
					"rttvar":	18769,
					"pmtu":	1500,
					"omitted":	false,
					"sender":	true
				}],
			"sum":	{
				"start":	32.000654,
				"end":	33.000477,
				"seconds":	0.999822974205017,
				"bytes":	1310720,
				"bits_per_second":	10487616.578662314,
				"retransmits":	0,
				"omitted":	false,
				"sender":	true
			}
		}, {
			"streams":	[{
					"socket":	6,
					"start":	33.000477,
					"end":	34.000325,
					"seconds":	0.99984800815582275,
					"bytes":	1310720,
					"bits_per_second":	10487353.992273826,
					"retransmits":	0,
					"snd_cwnd":	4768264,
					"snd_wnd":	3144704,
					"rtt":	2605422,
					"rttvar":	19909,
					"pmtu":	1500,
					"omitted":	false,
					"sender":	true
				}],
			"sum":	{
				"start":	33.000477,
				"end":	34.000325,
				"seconds":	0.99984800815582275,
				"bytes":	1310720,
				"bits_per_second":	10487353.992273826,
				"retransmits":	0,
				"omitted":	false,
				"sender":	true
			}
		}, {
			"streams":	[{
					"socket":	6,
					"start":	34.000325,
					"end":	35.000109,
					"seconds":	0.999783992767334,
					"bytes":	1310720,
					"bits_per_second":	10488025.489362087,
					"retransmits":	0,
					"snd_cwnd":	4768264,
					"snd_wnd":	3144704,
					"rtt":	2424780,
					"rttvar":	19731,
					"pmtu":	1500,
					"omitted":	false,
					"sender":	true
				}],
			"sum":	{
				"start":	34.000325,
				"end":	35.000109,
				"seconds":	0.999783992767334,
				"bytes":	1310720,
				"bits_per_second":	10488025.489362087,
				"retransmits":	0,
				"omitted":	false,
				"sender":	true
			}
		}, {
			"streams":	[{
					"socket":	6,
					"start":	35.000109,
					"end":	36.001041,
					"seconds":	1.000931978225708,
					"bytes":	0,
					"bits_per_second":	0,
					"retransmits":	0,
					"snd_cwnd":	4768264,
					"snd_wnd":	3144704,
					"rtt":	2244637,
					"rttvar":	19596,
					"pmtu":	1500,
					"omitted":	false,
					"sender":	true
				}],
			"sum":	{
				"start":	35.000109,
				"end":	36.001041,
				"seconds":	1.000931978225708,
				"bytes":	0,
				"bits_per_second":	0,
				"retransmits":	0,
				"omitted":	false,
				"sender":	true
			}
		}, {
			"streams":	[{
					"socket":	6,
					"start":	36.001041,
					"end":	37.000964,
					"seconds":	0.9999229907989502,
					"bytes":	1310720,
					"bits_per_second":	10486567.562189719,
					"retransmits":	0,
					"snd_cwnd":	4768264,
					"snd_wnd":	3144704,
					"rtt":	2060335,
					"rttvar":	19922,
					"pmtu":	1500,
					"omitted":	false,
					"sender":	true
				}],
			"sum":	{
				"start":	36.001041,
				"end":	37.000964,
				"seconds":	0.9999229907989502,
				"bytes":	1310720,
				"bits_per_second":	10486567.562189719,
				"retransmits":	0,
				"omitted":	false,
				"sender":	true
			}
		}, {
			"streams":	[{
					"socket":	6,
					"start":	37.000964,
					"end":	38.000733,
					"seconds":	0.99976897239685059,
					"bytes":	1310720,
					"bits_per_second":	10488183.059793696,
					"retransmits":	0,
					"snd_cwnd":	4768264,
					"snd_wnd":	3144704,
					"rtt":	1892052,
					"rttvar":	8521,
					"pmtu":	1500,
					"omitted":	false,
					"sender":	true
				}],
			"sum":	{
				"start":	37.000964,
				"end":	38.000733,
				"seconds":	0.99976897239685059,
				"bytes":	1310720,
				"bits_per_second":	10488183.059793696,
				"retransmits":	0,
				"omitted":	false,
				"sender":	true
			}
		}, {
			"streams":	[{
					"socket":	6,
					"start":	38.000733,
					"end":	39.000527,
					"seconds":	0.99979400634765625,
					"bytes":	1310720,
					"bits_per_second":	10487920.445037965,
					"retransmits":	0,
					"snd_cwnd":	4768264,
					"snd_wnd":	3144704,
					"rtt":	2838332,
					"rttvar":	3365,
					"pmtu":	1500,
					"omitted":	false,
					"sender":	true
				}],
			"sum":	{
				"start":	38.000733,
				"end":	39.000527,
				"seconds":	0.99979400634765625,
				"bytes":	1310720,
				"bits_per_second":	10487920.445037965,
				"retransmits":	0,
				"omitted":	false,
				"sender":	true
			}
		}, {
			"streams":	[{
					"socket":	6,
					"start":	39.000527,
					"end":	40.000341,
					"seconds":	0.999813973903656,
					"bytes":	1310720,
					"bits_per_second":	10487710.987934669,
					"retransmits":	0,
					"snd_cwnd":	4768264,
					"snd_wnd":	3144704,
					"rtt":	2681675,
					"rttvar":	19897,
					"pmtu":	1500,
					"omitted":	false,
					"sender":	true
				}],
			"sum":	{
				"start":	39.000527,
				"end":	40.000341,
				"seconds":	0.999813973903656,
				"bytes":	1310720,
				"bits_per_second":	10487710.987934669,
				"retransmits":	0,
				"omitted":	false,
				"sender":	true
			}
		}, {
			"streams":	[{
					"socket":	6,
					"start":	40.000341,
					"end":	41.000228,
					"seconds":	0.999886989593506,
					"bytes":	1310720,
					"bits_per_second":	10486945.133932468,
					"retransmits":	0,
					"snd_cwnd":	4768264,
					"snd_wnd":	3144704,
					"rtt":	2476848,
					"rttvar":	20008,
					"pmtu":	1500,
					"omitted":	false,
					"sender":	true
				}],
			"sum":	{
				"start":	40.000341,
				"end":	41.000228,
				"seconds":	0.999886989593506,
				"bytes":	1310720,
				"bits_per_second":	10486945.133932468,
				"retransmits":	0,
				"omitted":	false,
				"sender":	true
			}
		}, {
			"streams":	[{
					"socket":	6,
					"start":	41.000228,
					"end":	42.000129,
					"seconds":	0.999900996685028,
					"bytes":	1310720,
					"bits_per_second":	10486798.227787992,
					"retransmits":	0,
					"snd_cwnd":	4768264,
					"snd_wnd":	3144704,
					"rtt":	2295904,
					"rttvar":	19948,
					"pmtu":	1500,
					"omitted":	false,
					"sender":	true
				}],
			"sum":	{
				"start":	41.000228,
				"end":	42.000129,
				"seconds":	0.999900996685028,
				"bytes":	1310720,
				"bits_per_second":	10486798.227787992,
				"retransmits":	0,
				"omitted":	false,
				"sender":	true
			}
		}, {
			"streams":	[{
					"socket":	6,
					"start":	42.000129,
					"end":	43.001031,
					"seconds":	1.0009020566940308,
					"bytes":	0,
					"bits_per_second":	0,
					"retransmits":	0,
					"snd_cwnd":	4768264,
					"snd_wnd":	3144704,
					"rtt":	2176449,
					"rttvar":	19764,
					"pmtu":	1500,
					"omitted":	false,
					"sender":	true
				}],
			"sum":	{
				"start":	42.000129,
				"end":	43.001031,
				"seconds":	1.0009020566940308,
				"bytes":	0,
				"bits_per_second":	0,
				"retransmits":	0,
				"omitted":	false,
				"sender":	true
			}
		}, {
			"streams":	[{
					"socket":	6,
					"start":	43.001031,
					"end":	44.001031,
					"seconds":	1,
					"bytes":	1310720,
					"bits_per_second":	10485760,
					"retransmits":	0,
					"snd_cwnd":	4768264,
					"snd_wnd":	3144704,
					"rtt":	2079800,
					"rttvar":	19642,
					"pmtu":	1500,
					"omitted":	false,
					"sender":	true
				}],
			"sum":	{
				"start":	43.001031,
				"end":	44.001031,
				"seconds":	1,
				"bytes":	1310720,
				"bits_per_second":	10485760,
				"retransmits":	0,
				"omitted":	false,
				"sender":	true
			}
		}, {
			"streams":	[{
					"socket":	6,
					"start":	44.001031,
					"end":	45.00093,
					"seconds":	0.99989902973175049,
					"bytes":	1310720,
					"bits_per_second":	10486818.856913067,
					"retransmits":	0,
					"snd_cwnd":	4768264,
					"snd_wnd":	3144704,
					"rtt":	1977615,
					"rttvar":	19451,
					"pmtu":	1500,
					"omitted":	false,
					"sender":	true
				}],
			"sum":	{
				"start":	44.001031,
				"end":	45.00093,
				"seconds":	0.99989902973175049,
				"bytes":	1310720,
				"bits_per_second":	10486818.856913067,
				"retransmits":	0,
				"omitted":	false,
				"sender":	true
			}
		}, {
			"streams":	[{
					"socket":	6,
					"start":	45.00093,
					"end":	46.000791,
					"seconds":	0.99986100196838379,
					"bytes":	1310720,
					"bits_per_second":	10487217.702617794,
					"retransmits":	0,
					"snd_cwnd":	4768264,
					"snd_wnd":	3144704,
					"rtt":	1882524,
					"rttvar":	18972,
					"pmtu":	1500,
					"omitted":	false,
					"sender":	true
				}],
			"sum":	{
				"start":	45.00093,
				"end":	46.000791,
				"seconds":	0.99986100196838379,
				"bytes":	1310720,
				"bits_per_second":	10487217.702617794,
				"retransmits":	0,
				"omitted":	false,
				"sender":	true
			}
		}, {
			"streams":	[{
					"socket":	6,
					"start":	46.000791,
					"end":	47.000594,
					"seconds":	0.99980300664901733,
					"bytes":	1310720,
					"bits_per_second":	10487826.031994566,
					"retransmits":	0,
					"snd_cwnd":	4768264,
					"snd_wnd":	3144704,
					"rtt":	2784347,
					"rttvar":	2310,
					"pmtu":	1500,
					"omitted":	false,
					"sender":	true
				}],
			"sum":	{
				"start":	46.000791,
				"end":	47.000594,
				"seconds":	0.99980300664901733,
				"bytes":	1310720,
				"bits_per_second":	10487826.031994566,
				"retransmits":	0,
				"omitted":	false,
				"sender":	true
			}
		}, {
			"streams":	[{
					"socket":	6,
					"start":	47.000594,
					"end":	48.000386,
					"seconds":	0.999791979789734,
					"bytes":	1310720,
					"bits_per_second":	10487941.703838492,
					"retransmits":	0,
					"snd_cwnd":	4768264,
					"snd_wnd":	3144704,
					"rtt":	2729629,
					"rttvar":	19477,
					"pmtu":	1500,
					"omitted":	false,
					"sender":	true
				}],
			"sum":	{
				"start":	47.000594,
				"end":	48.000386,
				"seconds":	0.999791979789734,
				"bytes":	1310720,
				"bits_per_second":	10487941.703838492,
				"retransmits":	0,
				"omitted":	false,
				"sender":	true
			}
		}, {
			"streams":	[{
					"socket":	6,
					"start":	48.000386,
					"end":	49.000152,
					"seconds":	0.99976599216461182,
					"bytes":	1310720,
					"bits_per_second":	10488214.324331123,
					"retransmits":	0,
					"snd_cwnd":	4768264,
					"snd_wnd":	3144704,
					"rtt":	2538046,
					"rttvar":	19611,
					"pmtu":	1500,
					"omitted":	false,
					"sender":	true
				}],
			"sum":	{
				"start":	48.000386,
				"end":	49.000152,
				"seconds":	0.99976599216461182,
				"bytes":	1310720,
				"bits_per_second":	10488214.324331123,
				"retransmits":	0,
				"omitted":	false,
				"sender":	true
			}
		}, {
			"streams":	[{
					"socket":	6,
					"start":	49.000152,
					"end":	50.001029,
					"seconds":	1.0008770227432251,
					"bytes":	0,
					"bits_per_second":	0,
					"retransmits":	0,
					"snd_cwnd":	4768264,
					"snd_wnd":	3144704,
					"rtt":	2326026,
					"rttvar":	20017,
					"pmtu":	1500,
					"omitted":	false,
					"sender":	true
				}],
			"sum":	{
				"start":	49.000152,
				"end":	50.001029,
				"seconds":	1.0008770227432251,
				"bytes":	0,
				"bits_per_second":	0,
				"retransmits":	0,
				"omitted":	false,
				"sender":	true
			}
		}, {
			"streams":	[{
					"socket":	6,
					"start":	50.001029,
					"end":	51.000965,
					"seconds":	0.99993598461151123,
					"bytes":	1310720,
					"bits_per_second":	10486431.292973081,
					"retransmits":	0,
					"snd_cwnd":	4768264,
					"snd_wnd":	3144704,
					"rtt":	2097191,
					"rttvar":	19859,
					"pmtu":	1500,
					"omitted":	false,
					"sender":	true
				}],
			"sum":	{
				"start":	50.001029,
				"end":	51.000965,
				"seconds":	0.99993598461151123,
				"bytes":	1310720,
				"bits_per_second":	10486431.292973081,
				"retransmits":	0,
				"omitted":	false,
				"sender":	true
			}
		}, {
			"streams":	[{
					"socket":	6,
					"start":	51.000965,
					"end":	52.000753,
					"seconds":	0.999787986278534,
					"bytes":	1310720,
					"bits_per_second":	10487983.596432954,
					"retransmits":	0,
					"snd_cwnd":	4768264,
					"snd_wnd":	3144704,
					"rtt":	1912516,
					"rttvar":	8597,
					"pmtu":	1500,
					"omitted":	false,
					"sender":	true
				}],
			"sum":	{
				"start":	51.000965,
				"end":	52.000753,
				"seconds":	0.999787986278534,
				"bytes":	1310720,
				"bits_per_second":	10487983.596432954,
				"retransmits":	0,
				"omitted":	false,
				"sender":	true
			}
		}, {
			"streams":	[{
					"socket":	6,
					"start":	52.000753,
					"end":	53.000532,
					"seconds":	0.999778985977173,
					"bytes":	1310720,
					"bits_per_second":	10488078.012313226,
					"retransmits":	0,
					"snd_cwnd":	4768264,
					"snd_wnd":	3144704,
					"rtt":	2858822,
					"rttvar":	3502,
					"pmtu":	1500,
					"omitted":	false,
					"sender":	true
				}],
			"sum":	{
				"start":	52.000753,
				"end":	53.000532,
				"seconds":	0.999778985977173,
				"bytes":	1310720,
				"bits_per_second":	10488078.012313226,
				"retransmits":	0,
				"omitted":	false,
				"sender":	true
			}
		}, {
			"streams":	[{
					"socket":	6,
					"start":	53.000532,
					"end":	54.000326,
					"seconds":	0.99979400634765625,
					"bytes":	1310720,
					"bits_per_second":	10487920.445037965,
					"retransmits":	0,
					"snd_cwnd":	4768264,
					"snd_wnd":	3144704,
					"rtt":	2700212,
					"rttvar":	19633,
					"pmtu":	1500,
					"omitted":	false,
					"sender":	true
				}],
			"sum":	{
				"start":	53.000532,
				"end":	54.000326,
				"seconds":	0.99979400634765625,
				"bytes":	1310720,
				"bits_per_second":	10487920.445037965,
				"retransmits":	0,
				"omitted":	false,
				"sender":	true
			}
		}, {
			"streams":	[{
					"socket":	6,
					"start":	54.000326,
					"end":	55.000078,
					"seconds":	0.9997519850730896,
					"bytes":	1310720,
					"bits_per_second":	10488361.270153828,
					"retransmits":	0,
					"snd_cwnd":	4768264,
					"snd_wnd":	3144704,
					"rtt":	2479817,
					"rttvar":	19747,
					"pmtu":	1500,
					"omitted":	false,
					"sender":	true
				}],
			"sum":	{
				"start":	54.000326,
				"end":	55.000078,
				"seconds":	0.9997519850730896,
				"bytes":	1310720,
				"bits_per_second":	10488361.270153828,
				"retransmits":	0,
				"omitted":	false,
				"sender":	true
			}
		}, {
			"streams":	[{
					"socket":	6,
					"start":	55.000078,
					"end":	56.001029,
					"seconds":	1.0009510517120361,
					"bytes":	0,
					"bits_per_second":	0,
					"retransmits":	0,
					"snd_cwnd":	4768264,
					"snd_wnd":	3144704,
					"rtt":	2259988,
					"rttvar":	19854,
					"pmtu":	1500,
					"omitted":	false,
					"sender":	true
				}],
			"sum":	{
				"start":	55.000078,
				"end":	56.001029,
				"seconds":	1.0009510517120361,
				"bytes":	0,
				"bits_per_second":	0,
				"retransmits":	0,
				"omitted":	false,
				"sender":	true
			}
		}, {
			"streams":	[{
					"socket":	6,
					"start":	56.001029,
					"end":	57.000854,
					"seconds":	0.99982500076293945,
					"bytes":	1310720,
					"bits_per_second":	10487595.321179805,
					"retransmits":	0,
					"snd_cwnd":	4768264,
					"snd_wnd":	3144704,
					"rtt":	2034475,
					"rttvar":	19893,
					"pmtu":	1500,
					"omitted":	false,
					"sender":	true
				}],
			"sum":	{
				"start":	56.001029,
				"end":	57.000854,
				"seconds":	0.99982500076293945,
				"bytes":	1310720,
				"bits_per_second":	10487595.321179805,
				"retransmits":	0,
				"omitted":	false,
				"sender":	true
			}
		}, {
			"streams":	[{
					"socket":	6,
					"start":	57.000854,
					"end":	58.00063,
					"seconds":	0.999776005744934,
					"bytes":	1310720,
					"bits_per_second":	10488109.276224378,
					"retransmits":	0,
					"snd_cwnd":	4768264,
					"snd_wnd":	3144704,
					"rtt":	1907842,
					"rttvar":	131147,
					"pmtu":	1500,
					"omitted":	false,
					"sender":	true
				}],
			"sum":	{
				"start":	57.000854,
				"end":	58.00063,
				"seconds":	0.999776005744934,
				"bytes":	1310720,
				"bits_per_second":	10488109.276224378,
				"retransmits":	0,
				"omitted":	false,
				"sender":	true
			}
		}, {
			"streams":	[{
					"socket":	6,
					"start":	58.00063,
					"end":	59.000486,
					"seconds":	0.99985599517822266,
					"bytes":	1310720,
					"bits_per_second":	10487270.2174786,
					"retransmits":	0,
					"snd_cwnd":	4768264,
					"snd_wnd":	3144704,
					"rtt":	2798262,
					"rttvar":	10957,
					"pmtu":	1500,
					"omitted":	false,
					"sender":	true
				}],
			"sum":	{
				"start":	58.00063,
				"end":	59.000486,
				"seconds":	0.99985599517822266,
				"bytes":	1310720,
				"bits_per_second":	10487270.2174786,
				"retransmits":	0,
				"omitted":	false,
				"sender":	true
			}
		}, {
			"streams":	[{
					"socket":	6,
					"start":	59.000486,
					"end":	60.000392,
					"seconds":	0.99990600347518921,
					"bytes":	1310720,
					"bits_per_second":	10486745.717654034,
					"retransmits":	0,
					"snd_cwnd":	4768264,
					"snd_wnd":	3144704,
					"rtt":	2580211,
					"rttvar":	20036,
					"pmtu":	1500,
					"omitted":	false,
					"sender":	true
				}],
			"sum":	{
				"start":	59.000486,
				"end":	60.000392,
				"seconds":	0.99990600347518921,
				"bytes":	1310720,
				"bits_per_second":	10486745.717654034,
				"retransmits":	0,
				"omitted":	false,
				"sender":	true
			}
		}],
	"end":	{
		"streams":	[{
				"sender":	{
					"socket":	6,
					"start":	0,
					"end":	60.000392,
					"seconds":	60.000392,
					"bytes":	68812800,
					"bits_per_second":	9174980.05679696,
					"retransmits":	0,
					"max_snd_cwnd":	4768264,
					"max_snd_wnd":	3144704,
					"max_rtt":	2858822,
					"min_rtt":	157727,
					"mean_rtt":	1814370,
					"sender":	true
				},
				"receiver":	{
					"socket":	6,
					"start":	0,
					"end":	62.34672,
					"seconds":	60.000392,
					"bytes":	68812240,
					"bits_per_second":	8829621.18937452,
					"sender":	true
				}
			}],
		"sum_sent":	{
			"start":	0,
			"end":	60.000392,
			"seconds":	60.000392,
			"bytes":	68812800,
			"bits_per_second":	9174980.05679696,
			"retransmits":	0,
			"sender":	true
		},
		"sum_received":	{
			"start":	0,
			"end":	62.34672,
			"seconds":	62.34672,
			"bytes":	68812240,
			"bits_per_second":	8829621.18937452,
			"sender":	true
		},
		"cpu_utilization_percent":	{
			"host_total":	0.11070013734032703,
			"host_user":	0.017402997102734026,
			"host_system":	0.09329880130441584,
			"remote_total":	0.87000701031051519,
			"remote_user":	0.056808103467929569,
			"remote_system":	0.81319890684258567
		},
		"sender_tcp_congestion":	"cubic",
		"receiver_tcp_congestion":	"cubic"
	}
}
