{
	"start":	{
		"connected":	[{
				"socket":	6,
				"local_host":	"192.168.101.210",
				"local_port":	43226,
				"remote_host":	"192.168.100.168",
				"remote_port":	5202
			}],
		"version":	"iperf 3.11",
		"system_info":	"Linux f1 6.0.10-300.fc37.x86_64 #1 SMP PREEMPT_DYNAMIC Sat Nov 26 16:55:13 UTC 2022 x86_64",
		"timestamp":	{
			"time":	"Sat, 10 Dec 2022 20:29:57 GMT",
			"timesecs":	1670704197
		},
		"connecting_to":	{
			"host":	"192.168.100.168",
			"port":	5202
		},
		"cookie":	"wm6k77b4lwbkwywngwuk7jud2jk6zrgqa427",
		"tcp_mss_default":	1448,
		"target_bitrate":	0,
		"sock_bufsize":	0,
		"sndbuf_actual":	16384,
		"rcvbuf_actual":	131072,
		"test_start":	{
			"protocol":	"TCP",
			"num_streams":	1,
			"blksize":	131072,
			"omit":	0,
			"duration":	60,
			"bytes":	0,
			"blocks":	0,
			"reverse":	0,
			"tos":	0,
			"target_bitrate":	0
		}
	},
	"intervals":	[{
			"streams":	[{
					"socket":	6,
					"start":	0,
					"end":	1.000162,
					"seconds":	1.0001620054244995,
					"bytes":	27918336,
					"bits_per_second":	223310510.48595351,
					"retransmits":	0,
					"snd_cwnd":	251952,
					"snd_wnd":	3143552,
					"rtt":	25907,
					"rttvar":	591,
					"pmtu":	1500,
					"omitted":	false,
					"sender":	true
				}],
			"sum":	{
				"start":	0,
				"end":	1.000162,
				"seconds":	1.0001620054244995,
				"bytes":	27918336,
				"bits_per_second":	223310510.48595351,
				"retransmits":	0,
				"omitted":	false,
				"sender":	true
			}
		}, {
			"streams":	[{
					"socket":	6,
					"start":	1.000162,
					"end":	2.000276,
					"seconds":	1.0001139640808105,
					"bytes":	2621440,
					"bits_per_second":	20969130.272343114,
					"retransmits":	0,
					"snd_cwnd":	43440,
					"snd_wnd":	3143552,
					"rtt":	25421,
					"rttvar":	761,
					"pmtu":	1500,
					"omitted":	false,
					"sender":	true
				}],
			"sum":	{
				"start":	1.000162,
				"end":	2.000276,
				"seconds":	1.0001139640808105,
				"bytes":	2621440,
				"bits_per_second":	20969130.272343114,
				"retransmits":	0,
				"omitted":	false,
				"sender":	true
			}
		}, {
			"streams":	[{
					"socket":	6,
					"start":	2.000276,
					"end":	3.000468,
					"seconds":	1.0001920461654663,
					"bytes":	1310720,
					"bits_per_second":	10483746.636658709,
					"retransmits":	0,
					"snd_cwnd":	31856,
					"snd_wnd":	3143552,
					"rtt":	25464,
					"rttvar":	341,
					"pmtu":	1500,
					"omitted":	false,
					"sender":	true
				}],
			"sum":	{
				"start":	2.000276,
				"end":	3.000468,
				"seconds":	1.0001920461654663,
				"bytes":	1310720,
				"bits_per_second":	10483746.636658709,
				"retransmits":	0,
				"omitted":	false,
				"sender":	true
			}
		}, {
			"streams":	[{
					"socket":	6,
					"start":	3.000468,
					"end":	4.000438,
					"seconds":	0.999970018863678,
					"bytes":	1310720,
					"bits_per_second":	10486074.384425603,
					"retransmits":	0,
					"snd_cwnd":	34752,
					"snd_wnd":	3143552,
					"rtt":	25401,
					"rttvar":	1127,
					"pmtu":	1500,
					"omitted":	false,
					"sender":	true
				}],
			"sum":	{
				"start":	3.000468,
				"end":	4.000438,
				"seconds":	0.999970018863678,
				"bytes":	1310720,
				"bits_per_second":	10486074.384425603,
				"retransmits":	0,
				"omitted":	false,
				"sender":	true
			}
		}, {
			"streams":	[{
					"socket":	6,
					"start":	4.000438,
					"end":	5.000405,
					"seconds":	0.99996697902679443,
					"bytes":	1310720,
					"bits_per_second":	10486106.26143389,
					"retransmits":	0,
					"snd_cwnd":	34752,
					"snd_wnd":	3143552,
					"rtt":	25531,
					"rttvar":	615,
					"pmtu":	1500,
					"omitted":	false,
					"sender":	true
				}],
			"sum":	{
				"start":	4.000438,
				"end":	5.000405,
				"seconds":	0.99996697902679443,
				"bytes":	1310720,
				"bits_per_second":	10486106.26143389,
				"retransmits":	0,
				"omitted":	false,
				"sender":	true
			}
		}, {
			"streams":	[{
					"socket":	6,
					"start":	5.000405,
					"end":	6.000368,
					"seconds":	0.99996298551559448,
					"bytes":	1310720,
					"bits_per_second":	10486148.139366778,
					"retransmits":	0,
					"snd_cwnd":	31856,
					"snd_wnd":	3143552,
					"rtt":	25294,
					"rttvar":	515,
					"pmtu":	1500,
					"omitted":	false,
					"sender":	true
				}],
			"sum":	{
				"start":	5.000405,
				"end":	6.000368,
				"seconds":	0.99996298551559448,
				"bytes":	1310720,
				"bits_per_second":	10486148.139366778,
				"retransmits":	0,
				"omitted":	false,
				"sender":	true
			}
		}, {
			"streams":	[{
					"socket":	6,
					"start":	6.000368,
					"end":	7.000299,
					"seconds":	0.99993097782135,
					"bytes":	1310720,
					"bits_per_second":	10486483.79995825,
					"retransmits":	0,
					"snd_cwnd":	37648,
					"snd_wnd":	3143552,
					"rtt":	25519,
					"rttvar":	597,
					"pmtu":	1500,
					"omitted":	false,
					"sender":	true
				}],
			"sum":	{
				"start":	6.000368,
				"end":	7.000299,
				"seconds":	0.99993097782135,
				"bytes":	1310720,
				"bits_per_second":	10486483.79995825,
				"retransmits":	0,
				"omitted":	false,
				"sender":	true
			}
		}, {
			"streams":	[{
					"socket":	6,
					"start":	7.000299,
					"end":	8.000302,
					"seconds":	1.0000029802322388,
					"bytes":	1310720,
					"bits_per_second":	10485728.750093132,
					"retransmits":	0,
					"snd_cwnd":	34752,
					"snd_wnd":	3143552,
					"rtt":	25311,
					"rttvar":	332,
					"pmtu":	1500,
					"omitted":	false,
					"sender":	true
				}],
			"sum":	{
				"start":	7.000299,
				"end":	8.000302,
				"seconds":	1.0000029802322388,
				"bytes":	1310720,
				"bits_per_second":	10485728.750093132,
				"retransmits":	0,
				"omitted":	false,
				"sender":	true
			}
		}, {
			"streams":	[{
					"socket":	6,
					"start":	8.000302,
					"end":	9.000281,
					"seconds":	0.999979019165039,
					"bytes":	1310720,
					"bits_per_second":	10485980.004615881,
					"retransmits":	0,
					"snd_cwnd":	31856,
					"snd_wnd":	3143552,
					"rtt":	25478,
					"rttvar":	386,
					"pmtu":	1500,
					"omitted":	false,
					"sender":	true
				}],
			"sum":	{
				"start":	8.000302,
				"end":	9.000281,
				"seconds":	0.999979019165039,
				"bytes":	1310720,
				"bits_per_second":	10485980.004615881,
				"retransmits":	0,
				"omitted":	false,
				"sender":	true
			}
		}, {
			"streams":	[{
					"socket":	6,
					"start":	9.000281,
					"end":	10.00019,
					"seconds":	0.999908983707428,
					"bytes":	1310720,
					"bits_per_second":	10486714.461871581,
					"retransmits":	0,
					"snd_cwnd":	31856,
					"snd_wnd":	3143552,
					"rtt":	25449,
					"rttvar":	279,
					"pmtu":	1500,
					"omitted":	false,
					"sender":	true
				}],
			"sum":	{
				"start":	9.000281,
				"end":	10.00019,
				"seconds":	0.999908983707428,
				"bytes":	1310720,
				"bits_per_second":	10486714.461871581,
				"retransmits":	0,
				"omitted":	false,
				"sender":	true
			}
		}, {
			"streams":	[{
					"socket":	6,
					"start":	10.00019,
					"end":	11.00007,
					"seconds":	0.999880015850067,
					"bytes":	2621440,
					"bits_per_second":	20974036.551946346,
					"retransmits":	0,
					"snd_cwnd":	269328,
					"snd_wnd":	3143552,
					"rtt":	25787,
					"rttvar":	417,
					"pmtu":	1500,
					"omitted":	false,
					"sender":	true
				}],
			"sum":	{
				"start":	10.00019,
				"end":	11.00007,
				"seconds":	0.999880015850067,
				"bytes":	2621440,
				"bits_per_second":	20974036.551946346,
				"retransmits":	0,
				"omitted":	false,
				"sender":	true
			}
		}, {
			"streams":	[{
					"socket":	6,
					"start":	11.00007,
					"end":	12.00007,
					"seconds":	1,
					"bytes":	9175040,
					"bits_per_second":	73400320,
					"retransmits":	0,
					"snd_cwnd":	790608,
					"snd_wnd":	3143552,
					"rtt":	28054,
					"rttvar":	588,
					"pmtu":	1500,
					"omitted":	false,
					"sender":	true
				}],
			"sum":	{
				"start":	11.00007,
				"end":	12.00007,
				"seconds":	1,
				"bytes":	9175040,
				"bits_per_second":	73400320,
				"retransmits":	0,
				"omitted":	false,
				"sender":	true
			}
		}, {
			"streams":	[{
					"socket":	6,
					"start":	12.00007,
					"end":	13.000071,
					"seconds":	1.0000009536743164,
					"bytes":	20971520,
					"bits_per_second":	167772000.00015259,
					"retransmits":	0,
					"snd_cwnd":	1705744,
					"snd_wnd":	3143552,
					"rtt":	34249,
					"rttvar":	469,
					"pmtu":	1500,
					"omitted":	false,
					"sender":	true
				}],
			"sum":	{
				"start":	12.00007,
				"end":	13.000071,
				"seconds":	1.0000009536743164,
				"bytes":	20971520,
				"bits_per_second":	167772000.00015259,
				"retransmits":	0,
				"omitted":	false,
				"sender":	true
			}
		}, {
			"streams":	[{
					"socket":	6,
					"start":	13.000071,
					"end":	14.000066,
					"seconds":	0.999994993209839,
					"bytes":	45875200,
					"bits_per_second":	367003437.5092,
					"retransmits":	0,
					"snd_cwnd":	3066864,
					"snd_wnd":	3143552,
					"rtt":	48897,
					"rttvar":	1132,
					"pmtu":	1500,
					"omitted":	false,
					"sender":	true
				}],
			"sum":	{
				"start":	13.000071,
				"end":	14.000066,
				"seconds":	0.999994993209839,
				"bytes":	45875200,
				"bits_per_second":	367003437.5092,
				"retransmits":	0,
				"omitted":	false,
				"sender":	true
			}
		}, {
			"streams":	[{
					"socket":	6,
					"start":	14.000066,
					"end":	15.000095,
					"seconds":	1.0000289678573608,
					"bytes":	56360960,
					"bits_per_second":	450874619.12834549,
					"retransmits":	0,
					"snd_cwnd":	3304336,
					"snd_wnd":	3143552,
					"rtt":	48177,
					"rttvar":	810,
					"pmtu":	1500,
					"omitted":	false,
					"sender":	true
				}],
			"sum":	{
				"start":	14.000066,
				"end":	15.000095,
				"seconds":	1.0000289678573608,
				"bytes":	56360960,
				"bits_per_second":	450874619.12834549,
				"retransmits":	0,
				"omitted":	false,
				"sender":	true
			}
		}, {
			"streams":	[{
					"socket":	6,
					"start":	15.000095,
					"end":	16.000067,
					"seconds":	0.99997198581695557,
					"bytes":	56360960,
					"bits_per_second":	450900311.603864,
					"retransmits":	0,
					"snd_cwnd":	3243520,
					"snd_wnd":	3143552,
					"rtt":	48712,
					"rttvar":	576,
					"pmtu":	1500,
					"omitted":	false,
					"sender":	true
				}],
			"sum":	{
				"start":	15.000095,
				"end":	16.000067,
				"seconds":	0.99997198581695557,
				"bytes":	56360960,
				"bits_per_second":	450900311.603864,
				"retransmits":	0,
				"omitted":	false,
				"sender":	true
			}
		}, {
			"streams":	[{
					"socket":	6,
					"start":	16.000067,
					"end":	17.000066,
					"seconds":	0.99999898672103882,
					"bytes":	56360960,
					"bits_per_second":	450888136.875463,
					"retransmits":	0,
					"snd_cwnd":	3249312,
					"snd_wnd":	3143552,
					"rtt":	48375,
					"rttvar":	348,
					"pmtu":	1500,
					"omitted":	false,
					"sender":	true
				}],
			"sum":	{
				"start":	16.000067,
				"end":	17.000066,
				"seconds":	0.99999898672103882,
				"bytes":	56360960,
				"bits_per_second":	450888136.875463,
				"retransmits":	0,
				"omitted":	false,
				"sender":	true
			}
		}, {
			"streams":	[{
					"socket":	6,
					"start":	17.000066,
					"end":	18.000079,
					"seconds":	1.000012993812561,
					"bytes":	56360960,
					"bits_per_second":	450881821.32612652,
					"retransmits":	0,
					"snd_cwnd":	3341984,
					"snd_wnd":	3143552,
					"rtt":	49099,
					"rttvar":	341,
					"pmtu":	1500,
					"omitted":	false,
					"sender":	true
				}],
			"sum":	{
				"start":	17.000066,
				"end":	18.000079,
				"seconds":	1.000012993812561,
				"bytes":	56360960,
				"bits_per_second":	450881821.32612652,
				"retransmits":	0,
				"omitted":	false,
				"sender":	true
			}
		}, {
			"streams":	[{
					"socket":	6,
					"start":	18.000079,
					"end":	19.000067,
					"seconds":	0.9999880194664,
					"bytes":	57671680,
					"bits_per_second":	461378967.5662232,
					"retransmits":	0,
					"snd_cwnd":	3272480,
					"snd_wnd":	3143552,
					"rtt":	49326,
					"rttvar":	550,
					"pmtu":	1500,
					"omitted":	false,
					"sender":	true
				}],
			"sum":	{
				"start":	18.000079,
				"end":	19.000067,
				"seconds":	0.9999880194664,
				"bytes":	57671680,
				"bits_per_second":	461378967.5662232,
				"retransmits":	0,
				"omitted":	false,
				"sender":	true
			}
		}, {
			"streams":	[{
					"socket":	6,
					"start":	19.000067,
					"end":	20.000066,
					"seconds":	0.99999898672103882,
					"bytes":	56360960,
					"bits_per_second":	450888136.875463,
					"retransmits":	0,
					"snd_cwnd":	3226144,
					"snd_wnd":	3143552,
					"rtt":	46411,
					"rttvar":	410,
					"pmtu":	1500,
					"omitted":	false,
					"sender":	true
				}],
			"sum":	{
				"start":	19.000067,
				"end":	20.000066,
				"seconds":	0.99999898672103882,
				"bytes":	56360960,
				"bits_per_second":	450888136.875463,
				"retransmits":	0,
				"omitted":	false,
				"sender":	true
			}
		}, {
			"streams":	[{
					"socket":	6,
					"start":	20.000066,
					"end":	21.000069,
					"seconds":	1.0000029802322388,
					"bytes":	41943040,
					"bits_per_second":	335543320.00298023,
					"retransmits":	0,
					"snd_cwnd":	3411488,
					"snd_wnd":	3143552,
					"rtt":	47902,
					"rttvar":	1006,
					"pmtu":	1500,
					"omitted":	false,
					"sender":	true
				}],
			"sum":	{
				"start":	20.000066,
				"end":	21.000069,
				"seconds":	1.0000029802322388,
				"bytes":	41943040,
				"bits_per_second":	335543320.00298023,
				"retransmits":	0,
				"omitted":	false,
				"sender":	true
			}
		}, {
			"streams":	[{
					"socket":	6,
					"start":	21.000069,
					"end":	22.000067,
					"seconds":	0.99999797344207764,
					"bytes":	57671680,
					"bits_per_second":	461374375.00189483,
					"retransmits":	0,
					"snd_cwnd":	3480992,
					"snd_wnd":	3143552,
					"rtt":	47607,
					"rttvar":	464,
					"pmtu":	1500,
					"omitted":	false,
					"sender":	true
				}],
			"sum":	{
				"start":	21.000069,
				"end":	22.000067,
				"seconds":	0.99999797344207764,
				"bytes":	57671680,
				"bits_per_second":	461374375.00189483,
				"retransmits":	0,
				"omitted":	false,
				"sender":	true
			}
		}, {
			"streams":	[{
					"socket":	6,
					"start":	22.000067,
					"end":	23.000083,
					"seconds":	1.0000159740448,
					"bytes":	56360960,
					"bits_per_second":	450880477.61505121,
					"retransmits":	0,
					"snd_cwnd":	3339088,
					"snd_wnd":	3143552,
					"rtt":	48200,
					"rttvar":	700,
					"pmtu":	1500,
					"omitted":	false,
					"sender":	true
				}],
			"sum":	{
				"start":	22.000067,
				"end":	23.000083,
				"seconds":	1.0000159740448,
				"bytes":	56360960,
				"bits_per_second":	450880477.61505121,
				"retransmits":	0,
				"omitted":	false,
				"sender":	true
			}
		}, {
			"streams":	[{
					"socket":	6,
					"start":	23.000083,
					"end":	24.000067,
					"seconds":	0.9999840259552002,
					"bytes":	56360960,
					"bits_per_second":	450894882.61505491,
					"retransmits":	0,
					"snd_cwnd":	3466512,
					"snd_wnd":	3143552,
					"rtt":	49003,
					"rttvar":	984,
					"pmtu":	1500,
					"omitted":	false,
					"sender":	true
				}],
			"sum":	{
				"start":	23.000083,
				"end":	24.000067,
				"seconds":	0.9999840259552002,
				"bytes":	56360960,
				"bits_per_second":	450894882.61505491,
				"retransmits":	0,
				"omitted":	false,
				"sender":	true
			}
		}, {
			"streams":	[{
					"socket":	6,
					"start":	24.000067,
					"end":	25.000061,
					"seconds":	0.99999397993087769,
					"bytes":	56360960,
					"bits_per_second":	450890394.39134085,
					"retransmits":	0,
					"snd_cwnd":	3478096,
					"snd_wnd":	3143552,
					"rtt":	49063,
					"rttvar":	1114,
					"pmtu":	1500,
					"omitted":	false,
					"sender":	true
				}],
			"sum":	{
				"start":	24.000067,
				"end":	25.000061,
				"seconds":	0.99999397993087769,
				"bytes":	56360960,
				"bits_per_second":	450890394.39134085,
				"retransmits":	0,
				"omitted":	false,
				"sender":	true
			}
		}, {
			"streams":	[{
					"socket":	6,
					"start":	25.000061,
					"end":	26.000069,
					"seconds":	1.0000079870224,
					"bytes":	56360960,
					"bits_per_second":	450884078.778763,
					"retransmits":	0,
					"snd_cwnd":	3524432,
					"snd_wnd":	3143552,
					"rtt":	49735,
					"rttvar":	510,
					"pmtu":	1500,
					"omitted":	false,
					"sender":	true
				}],
			"sum":	{
				"start":	25.000061,
				"end":	26.000069,
				"seconds":	1.0000079870224,
				"bytes":	56360960,
				"bits_per_second":	450884078.778763,
				"retransmits":	0,
				"omitted":	false,
				"sender":	true
			}
		}, {
			"streams":	[{
					"socket":	6,
					"start":	26.000069,
					"end":	27.000068,
					"seconds":	0.99999898672103882,
					"bytes":	57671680,
					"bits_per_second":	461373907.50047374,
					"retransmits":	0,
					"snd_cwnd":	3434656,
					"snd_wnd":	3143552,
					"rtt":	49827,
					"rttvar":	554,
					"pmtu":	1500,
					"omitted":	false,
					"sender":	true
				}],
			"sum":	{
				"start":	26.000069,
				"end":	27.000068,
				"seconds":	0.99999898672103882,
				"bytes":	57671680,
				"bits_per_second":	461373907.50047374,
				"retransmits":	0,
				"omitted":	false,
				"sender":	true
			}
		}, {
			"streams":	[{
					"socket":	6,
					"start":	27.000068,
					"end":	28.000076,
					"seconds":	1.0000079870224,
					"bytes":	56360960,
					"bits_per_second":	450884078.778763,
					"retransmits":	0,
					"snd_cwnd":	3446240,
					"snd_wnd":	3143552,
					"rtt":	49567,
					"rttvar":	333,
					"pmtu":	1500,
					"omitted":	false,
					"sender":	true
				}],
			"sum":	{
				"start":	27.000068,
				"end":	28.000076,
				"seconds":	1.0000079870224,
				"bytes":	56360960,
				"bits_per_second":	450884078.778763,
				"retransmits":	0,
				"omitted":	false,
				"sender":	true
			}
		}, {
			"streams":	[{
					"socket":	6,
					"start":	28.000076,
					"end":	29.000076,
					"seconds":	1,
					"bytes":	56360960,
					"bits_per_second":	450887680,
					"retransmits":	0,
					"snd_cwnd":	3431760,
					"snd_wnd":	3143552,
					"rtt":	49157,
					"rttvar":	714,
					"pmtu":	1500,
					"omitted":	false,
					"sender":	true
				}],
			"sum":	{
				"start":	28.000076,
				"end":	29.000076,
				"seconds":	1,
				"bytes":	56360960,
				"bits_per_second":	450887680,
				"retransmits":	0,
				"omitted":	false,
				"sender":	true
			}
		}, {
			"streams":	[{
					"socket":	6,
					"start":	29.000076,
					"end":	30.000065,
					"seconds":	0.99998897314071655,
					"bytes":	56360960,
					"bits_per_second":	450892651.92982477,
					"retransmits":	0,
					"snd_cwnd":	3504160,
					"snd_wnd":	3143552,
					"rtt":	48598,
					"rttvar":	376,
					"pmtu":	1500,
					"omitted":	false,
					"sender":	true
				}],
			"sum":	{
				"start":	29.000076,
				"end":	30.000065,
				"seconds":	0.99998897314071655,
				"bytes":	56360960,
				"bits_per_second":	450892651.92982477,
				"retransmits":	0,
				"omitted":	false,
				"sender":	true
			}
		}, {
			"streams":	[{
					"socket":	6,
					"start":	30.000065,
					"end":	31.000063,
					"seconds":	0.99999797344207764,
					"bytes":	43253760,
					"bits_per_second":	346030781.25142115,
					"retransmits":	0,
					"snd_cwnd":	3159536,
					"snd_wnd":	3143552,
					"rtt":	46253,
					"rttvar":	455,
					"pmtu":	1500,
					"omitted":	false,
					"sender":	true
				}],
			"sum":	{
				"start":	30.000065,
				"end":	31.000063,
				"seconds":	0.99999797344207764,
				"bytes":	43253760,
				"bits_per_second":	346030781.25142115,
				"retransmits":	0,
				"omitted":	false,
				"sender":	true
			}
		}, {
			"streams":	[{
					"socket":	6,
					"start":	31.000063,
					"end":	32.00007,
					"seconds":	1.0000070333480835,
					"bytes":	56360960,
					"bits_per_second":	450884508.77230436,
					"retransmits":	0,
					"snd_cwnd":	3385424,
					"snd_wnd":	3143552,
					"rtt":	48362,
					"rttvar":	297,
					"pmtu":	1500,
					"omitted":	false,
					"sender":	true
				}],
			"sum":	{
				"start":	31.000063,
				"end":	32.00007,
				"seconds":	1.0000070333480835,
				"bytes":	56360960,
				"bits_per_second":	450884508.77230436,
				"retransmits":	0,
				"omitted":	false,
				"sender":	true
			}
		}, {
			"streams":	[{
					"socket":	6,
					"start":	32.00007,
					"end":	33.000088,
					"seconds":	1.0000180006027222,
					"bytes":	56360960,
					"bits_per_second":	450879563.89609474,
					"retransmits":	0,
					"snd_cwnd":	3449136,
					"snd_wnd":	3143552,
					"rtt":	49586,
					"rttvar":	241,
					"pmtu":	1500,
					"omitted":	false,
					"sender":	true
				}],
			"sum":	{
				"start":	32.00007,
				"end":	33.000088,
				"seconds":	1.0000180006027222,
				"bytes":	56360960,
				"bits_per_second":	450879563.89609474,
				"retransmits":	0,
				"omitted":	false,
				"sender":	true
			}
		}, {
			"streams":	[{
					"socket":	6,
					"start":	33.000088,
					"end":	34.000058,
					"seconds":	0.999970018863678,
					"bytes":	57671680,
					"bits_per_second":	461387272.9147265,
					"retransmits":	0,
					"snd_cwnd":	3414384,
					"snd_wnd":	3143552,
					"rtt":	48115,
					"rttvar":	744,
					"pmtu":	1500,
					"omitted":	false,
					"sender":	true
				}],
			"sum":	{
				"start":	33.000088,
				"end":	34.000058,
				"seconds":	0.999970018863678,
				"bytes":	57671680,
				"bits_per_second":	461387272.9147265,
				"retransmits":	0,
				"omitted":	false,
				"sender":	true
			}
		}, {
			"streams":	[{
					"socket":	6,
					"start":	34.000058,
					"end":	35.000067,
					"seconds":	1.0000089406967163,
					"bytes":	56360960,
					"bits_per_second":	450883648.78604186,
					"retransmits":	0,
					"snd_cwnd":	3457824,
					"snd_wnd":	3143552,
					"rtt":	47662,
					"rttvar":	499,
					"pmtu":	1500,
					"omitted":	false,
					"sender":	true
				}],
			"sum":	{
				"start":	34.000058,
				"end":	35.000067,
				"seconds":	1.0000089406967163,
				"bytes":	56360960,
				"bits_per_second":	450883648.78604186,
				"retransmits":	0,
				"omitted":	false,
				"sender":	true
			}
		}, {
			"streams":	[{
					"socket":	6,
					"start":	35.000067,
					"end":	36.000072,
					"seconds":	1.0000050067901611,
					"bytes":	56360960,
					"bits_per_second":	450885422.51130277,
					"retransmits":	0,
					"snd_cwnd":	3379632,
					"snd_wnd":	3143552,
					"rtt":	45683,
					"rttvar":	613,
					"pmtu":	1500,
					"omitted":	false,
					"sender":	true
				}],
			"sum":	{
				"start":	35.000067,
				"end":	36.000072,
				"seconds":	1.0000050067901611,
				"bytes":	56360960,
				"bits_per_second":	450885422.51130277,
				"retransmits":	0,
				"omitted":	false,
				"sender":	true
			}
		}, {
			"streams":	[{
					"socket":	6,
					"start":	36.000072,
					"end":	37.000062,
					"seconds":	0.99998998641967773,
					"bytes":	56360960,
					"bits_per_second":	450892195.04521179,
					"retransmits":	0,
					"snd_cwnd":	3365152,
					"snd_wnd":	3143552,
					"rtt":	48204,
					"rttvar":	627,
					"pmtu":	1500,
					"omitted":	false,
					"sender":	true
				}],
			"sum":	{
				"start":	36.000072,
				"end":	37.000062,
				"seconds":	0.99998998641967773,
				"bytes":	56360960,
				"bits_per_second":	450892195.04521179,
				"retransmits":	0,
				"omitted":	false,
				"sender":	true
			}
		}, {
			"streams":	[{
					"socket":	6,
					"start":	37.000062,
					"end":	38.000068,
					"seconds":	1.0000059604644775,
					"bytes":	57671680,
					"bits_per_second":	461370690.01639116,
					"retransmits":	0,
					"snd_cwnd":	3397008,
					"snd_wnd":	3143552,
					"rtt":	49210,
					"rttvar":	529,
					"pmtu":	1500,
					"omitted":	false,
					"sender":	true
				}],
			"sum":	{
				"start":	37.000062,
				"end":	38.000068,
				"seconds":	1.0000059604644775,
				"bytes":	57671680,
				"bits_per_second":	461370690.01639116,
				"retransmits":	0,
				"omitted":	false,
				"sender":	true
			}
		}, {
			"streams":	[{
					"socket":	6,
					"start":	38.000068,
					"end":	39.000069,
					"seconds":	1.0000009536743164,
					"bytes":	56360960,
					"bits_per_second":	450887250.00041,
					"retransmits":	0,
					"snd_cwnd":	3359360,
					"snd_wnd":	3143552,
					"rtt":	48606,
					"rttvar":	890,
					"pmtu":	1500,
					"omitted":	false,
					"sender":	true
				}],
			"sum":	{
				"start":	38.000068,
				"end":	39.000069,
				"seconds":	1.0000009536743164,
				"bytes":	56360960,
				"bits_per_second":	450887250.00041,
				"retransmits":	0,
				"omitted":	false,
				"sender":	true
			}
		}, {
			"streams":	[{
					"socket":	6,
					"start":	39.000069,
					"end":	40.000069,
					"seconds":	1,
					"bytes":	56360960,
					"bits_per_second":	450887680,
					"retransmits":	0,
					"snd_cwnd":	3414384,
					"snd_wnd":	3143552,
					"rtt":	48392,
					"rttvar":	504,
					"pmtu":	1500,
					"omitted":	false,
					"sender":	true
				}],
			"sum":	{
				"start":	39.000069,
				"end":	40.000069,
				"seconds":	1,
				"bytes":	56360960,
				"bits_per_second":	450887680,
				"retransmits":	0,
				"omitted":	false,
				"sender":	true
			}
		}, {
			"streams":	[{
					"socket":	6,
					"start":	40.000069,
					"end":	41.000236,
					"seconds":	1.0001670122146606,
					"bytes":	45875200,
					"bits_per_second":	366940316.48509556,
					"retransmits":	0,
					"snd_cwnd":	3304336,
					"snd_wnd":	3143552,
					"rtt":	28322,
					"rttvar":	3755,
					"pmtu":	1500,
					"omitted":	false,
					"sender":	true
				}],
			"sum":	{
				"start":	40.000069,
				"end":	41.000236,
				"seconds":	1.0001670122146606,
				"bytes":	45875200,
				"bits_per_second":	366940316.48509556,
				"retransmits":	0,
				"omitted":	false,
				"sender":	true
			}
		}, {
			"streams":	[{
					"socket":	6,
					"start":	41.000236,
					"end":	42.00007,
					"seconds":	0.99983400106430054,
					"bytes":	53739520,
					"bits_per_second":	429987537.47358465,
					"retransmits":	0,
					"snd_cwnd":	3492576,
					"snd_wnd":	3143552,
					"rtt":	48741,
					"rttvar":	554,
					"pmtu":	1500,
					"omitted":	false,
					"sender":	true
				}],
			"sum":	{
				"start":	41.000236,
				"end":	42.00007,
				"seconds":	0.99983400106430054,
				"bytes":	53739520,
				"bits_per_second":	429987537.47358465,
				"retransmits":	0,
				"omitted":	false,
				"sender":	true
			}
		}, {
			"streams":	[{
					"socket":	6,
					"start":	42.00007,
					"end":	43.000079,
					"seconds":	1.0000089406967163,
					"bytes":	57671680,
					"bits_per_second":	461369315.03688,
					"retransmits":	0,
					"snd_cwnd":	3634480,
					"snd_wnd":	3143552,
					"rtt":	48522,
					"rttvar":	410,
					"pmtu":	1500,
					"omitted":	false,
					"sender":	true
				}],
			"sum":	{
				"start":	42.00007,
				"end":	43.000079,
				"seconds":	1.0000089406967163,
				"bytes":	57671680,
				"bits_per_second":	461369315.03688,
				"retransmits":	0,
				"omitted":	false,
				"sender":	true
			}
		}, {
			"streams":	[{
					"socket":	6,
					"start":	43.000079,
					"end":	44.000069,
					"seconds":	0.99998998641967773,
					"bytes":	56360960,
					"bits_per_second":	450892195.04521179,
					"retransmits":	0,
					"snd_cwnd":	3469408,
					"snd_wnd":	3143552,
					"rtt":	48945,
					"rttvar":	778,
					"pmtu":	1500,
					"omitted":	false,
					"sender":	true
				}],
			"sum":	{
				"start":	43.000079,
				"end":	44.000069,
				"seconds":	0.99998998641967773,
				"bytes":	56360960,
				"bits_per_second":	450892195.04521179,
				"retransmits":	0,
				"omitted":	false,
				"sender":	true
			}
		}, {
			"streams":	[{
					"socket":	6,
					"start":	44.000069,
					"end":	45.00007,
					"seconds":	1.0000009536743164,
					"bytes":	56360960,
					"bits_per_second":	450887250.00041,
					"retransmits":	0,
					"snd_cwnd":	3556288,
					"snd_wnd":	3143552,
					"rtt":	48996,
					"rttvar":	438,
					"pmtu":	1500,
					"omitted":	false,
					"sender":	true
				}],
			"sum":	{
				"start":	44.000069,
				"end":	45.00007,
				"seconds":	1.0000009536743164,
				"bytes":	56360960,
				"bits_per_second":	450887250.00041,
				"retransmits":	0,
				"omitted":	false,
				"sender":	true
			}
		}, {
			"streams":	[{
					"socket":	6,
					"start":	45.00007,
					"end":	46.000067,
					"seconds":	0.99999701976776123,
					"bytes":	57671680,
					"bits_per_second":	461374815.00409782,
					"retransmits":	0,
					"snd_cwnd":	3544704,
					"snd_wnd":	3143552,
					"rtt":	47841,
					"rttvar":	756,
					"pmtu":	1500,
					"omitted":	false,
					"sender":	true
				}],
			"sum":	{
				"start":	45.00007,
				"end":	46.000067,
				"seconds":	0.99999701976776123,
				"bytes":	57671680,
				"bits_per_second":	461374815.00409782,
				"retransmits":	0,
				"omitted":	false,
				"sender":	true
			}
		}, {
			"streams":	[{
					"socket":	6,
					"start":	46.000067,
					"end":	47.000067,
					"seconds":	1,
					"bytes":	56360960,
					"bits_per_second":	450887680,
					"retransmits":	0,
					"snd_cwnd":	3570768,
					"snd_wnd":	3143552,
					"rtt":	47794,
					"rttvar":	513,
					"pmtu":	1500,
					"omitted":	false,
					"sender":	true
				}],
			"sum":	{
				"start":	46.000067,
				"end":	47.000067,
				"seconds":	1,
				"bytes":	56360960,
				"bits_per_second":	450887680,
				"retransmits":	0,
				"omitted":	false,
				"sender":	true
			}
		}, {
			"streams":	[{
					"socket":	6,
					"start":	47.000067,
					"end":	48.000067,
					"seconds":	1,
					"bytes":	56360960,
					"bits_per_second":	450887680,
					"retransmits":	0,
					"snd_cwnd":	3330400,
					"snd_wnd":	3143552,
					"rtt":	49020,
					"rttvar":	467,
					"pmtu":	1500,
					"omitted":	false,
					"sender":	true
				}],
			"sum":	{
				"start":	47.000067,
				"end":	48.000067,
				"seconds":	1,
				"bytes":	56360960,
				"bits_per_second":	450887680,
				"retransmits":	0,
				"omitted":	false,
				"sender":	true
			}
		}, {
			"streams":	[{
					"socket":	6,
					"start":	48.000067,
					"end":	49.000067,
					"seconds":	1,
					"bytes":	57671680,
					"bits_per_second":	461373440,
					"retransmits":	0,
					"snd_cwnd":	3556288,
					"snd_wnd":	3143552,
					"rtt":	48620,
					"rttvar":	464,
					"pmtu":	1500,
					"omitted":	false,
					"sender":	true
				}],
			"sum":	{
				"start":	48.000067,
				"end":	49.000067,
				"seconds":	1,
				"bytes":	57671680,
				"bits_per_second":	461373440,
				"retransmits":	0,
				"omitted":	false,
				"sender":	true
			}
		}, {
			"streams":	[{
					"socket":	6,
					"start":	49.000067,
					"end":	50.000074,
					"seconds":	1.0000070333480835,
					"bytes":	56360960,
					"bits_per_second":	450884508.77230436,
					"retransmits":	0,
					"snd_cwnd":	3593936,
					"snd_wnd":	3143552,
					"rtt":	48825,
					"rttvar":	329,
					"pmtu":	1500,
					"omitted":	false,
					"sender":	true
				}],
			"sum":	{
				"start":	49.000067,
				"end":	50.000074,
				"seconds":	1.0000070333480835,
				"bytes":	56360960,
				"bits_per_second":	450884508.77230436,
				"retransmits":	0,
				"omitted":	false,
				"sender":	true
			}
		}, {
			"streams":	[{
					"socket":	6,
					"start":	50.000074,
					"end":	51.000073,
					"seconds":	0.99999898672103882,
					"bytes":	57671680,
					"bits_per_second":	461373907.50047374,
					"retransmits":	0,
					"snd_cwnd":	5792,
					"snd_wnd":	3143552,
					"rtt":	49279,
					"rttvar":	1133,
					"pmtu":	1500,
					"omitted":	false,
					"sender":	true
				}],
			"sum":	{
				"start":	50.000074,
				"end":	51.000073,
				"seconds":	0.99999898672103882,
				"bytes":	57671680,
				"bits_per_second":	461373907.50047374,
				"retransmits":	0,
				"omitted":	false,
				"sender":	true
			}
		}, {
			"streams":	[{
					"socket":	6,
					"start":	51.000073,
					"end":	52.000045,
					"seconds":	0.99997198581695557,
					"bytes":	41943040,
					"bits_per_second":	335553720.26334071,
					"retransmits":	0,
					"snd_cwnd":	3475200,
					"snd_wnd":	3143552,
					"rtt":	49675,
					"rttvar":	568,
					"pmtu":	1500,
					"omitted":	false,
					"sender":	true
				}],
			"sum":	{
				"start":	51.000073,
				"end":	52.000045,
				"seconds":	0.99997198581695557,
				"bytes":	41943040,
				"bits_per_second":	335553720.26334071,
				"retransmits":	0,
				"omitted":	false,
				"sender":	true
			}
		}, {
			"streams":	[{
					"socket":	6,
					"start":	52.000045,
					"end":	53.000071,
					"seconds":	1.0000259876251221,
					"bytes":	56360960,
					"bits_per_second":	450875962.804502,
					"retransmits":	0,
					"snd_cwnd":	3408592,
					"snd_wnd":	3143552,
					"rtt":	49132,
					"rttvar":	1182,
					"pmtu":	1500,
					"omitted":	false,
					"sender":	true
				}],
			"sum":	{
				"start":	52.000045,
				"end":	53.000071,
				"seconds":	1.0000259876251221,
				"bytes":	56360960,
				"bits_per_second":	450875962.804502,
				"retransmits":	0,
				"omitted":	false,
				"sender":	true
			}
		}, {
			"streams":	[{
					"socket":	6,
					"start":	53.000071,
					"end":	54.000078,
					"seconds":	1.0000070333480835,
					"bytes":	56360960,
					"bits_per_second":	450884508.77230436,
					"retransmits":	0,
					"snd_cwnd":	3486784,
					"snd_wnd":	3143552,
					"rtt":	49458,
					"rttvar":	1281,
					"pmtu":	1500,
					"omitted":	false,
					"sender":	true
				}],
			"sum":	{
				"start":	53.000071,
				"end":	54.000078,
				"seconds":	1.0000070333480835,
				"bytes":	56360960,
				"bits_per_second":	450884508.77230436,
				"retransmits":	0,
				"omitted":	false,
				"sender":	true
			}
		}, {
			"streams":	[{
					"socket":	6,
					"start":	54.000078,
					"end":	55.000075,
					"seconds":	0.99999701976776123,
					"bytes":	56360960,
					"bits_per_second":	450889023.75400472,
					"retransmits":	0,
					"snd_cwnd":	3567872,
					"snd_wnd":	3143552,
					"rtt":	50685,
					"rttvar":	861,
					"pmtu":	1500,
					"omitted":	false,
					"sender":	true
				}],
			"sum":	{
				"start":	54.000078,
				"end":	55.000075,
				"seconds":	0.99999701976776123,
				"bytes":	56360960,
				"bits_per_second":	450889023.75400472,
				"retransmits":	0,
				"omitted":	false,
				"sender":	true
			}
		}, {
			"streams":	[{
					"socket":	6,
					"start":	55.000075,
					"end":	56.000065,
					"seconds":	0.99998998641967773,
					"bytes":	57671680,
					"bits_per_second":	461378060.04626322,
					"retransmits":	0,
					"snd_cwnd":	3527328,
					"snd_wnd":	3143552,
					"rtt":	49477,
					"rttvar":	1108,
					"pmtu":	1500,
					"omitted":	false,
					"sender":	true
				}],
			"sum":	{
				"start":	55.000075,
				"end":	56.000065,
				"seconds":	0.99998998641967773,
				"bytes":	57671680,
				"bits_per_second":	461378060.04626322,
				"retransmits":	0,
				"omitted":	false,
				"sender":	true
			}
		}, {
			"streams":	[{
					"socket":	6,
					"start":	56.000065,
					"end":	57.000065,
					"seconds":	1,
					"bytes":	56360960,
					"bits_per_second":	450887680,
					"retransmits":	0,
					"snd_cwnd":	3478096,
					"snd_wnd":	3143552,
					"rtt":	49215,
					"rttvar":	339,
					"pmtu":	1500,
					"omitted":	false,
					"sender":	true
				}],
			"sum":	{
				"start":	56.000065,
				"end":	57.000065,
				"seconds":	1,
				"bytes":	56360960,
				"bits_per_second":	450887680,
				"retransmits":	0,
				"omitted":	false,
				"sender":	true
			}
		}, {
			"streams":	[{
					"socket":	6,
					"start":	57.000065,
					"end":	58.000076,
					"seconds":	1.0000109672546387,
					"bytes":	56360960,
					"bits_per_second":	450882735.05423248,
					"retransmits":	0,
					"snd_cwnd":	3475200,
					"snd_wnd":	3143552,
					"rtt":	48881,
					"rttvar":	398,
					"pmtu":	1500,
					"omitted":	false,
					"sender":	true
				}],
			"sum":	{
				"start":	57.000065,
				"end":	58.000076,
				"seconds":	1.0000109672546387,
				"bytes":	56360960,
				"bits_per_second":	450882735.05423248,
				"retransmits":	0,
				"omitted":	false,
				"sender":	true
			}
		}, {
			"streams":	[{
					"socket":	6,
					"start":	58.000076,
					"end":	59.000068,
					"seconds":	0.9999920129776,
					"bytes":	56360960,
					"bits_per_second":	450891281.27876347,
					"retransmits":	0,
					"snd_cwnd":	3475200,
					"snd_wnd":	3143552,
					"rtt":	48950,
					"rttvar":	809,
					"pmtu":	1500,
					"omitted":	false,
					"sender":	true
				}],
			"sum":	{
				"start":	58.000076,
				"end":	59.000068,
				"seconds":	0.9999920129776,
				"bytes":	56360960,
				"bits_per_second":	450891281.27876347,
				"retransmits":	0,
				"omitted":	false,
				"sender":	true
			}
		}, {
			"streams":	[{
					"socket":	6,
					"start":	59.000068,
					"end":	60.000062,
					"seconds":	0.99999397993087769,
					"bytes":	57671680,
					"bits_per_second":	461376217.51672083,
					"retransmits":	0,
					"snd_cwnd":	3512848,
					"snd_wnd":	3143552,
					"rtt":	50560,
					"rttvar":	986,
					"pmtu":	1500,
					"omitted":	false,
					"sender":	true
				}],
			"sum":	{
				"start":	59.000068,
				"end":	60.000062,
				"seconds":	0.99999397993087769,
				"bytes":	57671680,
				"bits_per_second":	461376217.51672083,
				"retransmits":	0,
				"omitted":	false,
				"sender":	true
			}
		}],
	"end":	{
		"streams":	[{
				"sender":	{
					"socket":	6,
					"start":	0,
					"end":	60.000062,
					"seconds":	60.000062,
					"bytes":	2671640576,
					"bits_per_second":	356218375.37434542,
					"retransmits":	0,
					"max_snd_cwnd":	3634480,
					"max_snd_wnd":	3143552,
					"max_rtt":	50685,
					"min_rtt":	25294,
					"mean_rtt":	43525,
					"sender":	true
				},
				"receiver":	{
					"socket":	6,
					"start":	0,
					"end":	60.049387,
					"seconds":	60.000062,
					"bytes":	2670390112,
					"bits_per_second":	355759183.619976,
					"sender":	true
				}
			}],
		"sum_sent":	{
			"start":	0,
			"end":	60.000062,
			"seconds":	60.000062,
			"bytes":	2671640576,
			"bits_per_second":	356218375.37434542,
			"retransmits":	0,
			"sender":	true
		},
		"sum_received":	{
			"start":	0,
			"end":	60.049387,
			"seconds":	60.049387,
			"bytes":	2670390112,
			"bits_per_second":	355759183.619976,
			"sender":	true
		},
		"cpu_utilization_percent":	{
			"host_total":	0.548373465555194,
			"host_user":	0.0150813532545592,
			"host_system":	0.53329211230063467,
			"remote_total":	2.8015733712576645,
			"remote_user":	0.19225504334764379,
			"remote_system":	2.6093183279100209
		},
		"sender_tcp_congestion":	"bbr",
		"receiver_tcp_congestion":	"bbr"
	}
}
