{
	"start":	{
		"connected":	[{
				"socket":	6,
				"local_host":	"192.168.101.210",
				"local_port":	56044,
				"remote_host":	"192.168.100.168",
				"remote_port":	5202
			}],
		"version":	"iperf 3.11",
		"system_info":	"Linux f1 6.0.10-300.fc37.x86_64 #1 SMP PREEMPT_DYNAMIC Sat Nov 26 16:55:13 UTC 2022 x86_64",
		"timestamp":	{
			"time":	"Sat, 10 Dec 2022 20:31:58 GMT",
			"timesecs":	1670704318
		},
		"connecting_to":	{
			"host":	"192.168.100.168",
			"port":	5202
		},
		"cookie":	"mvafhgsnfeee6zordxgfxdddnquwsqesvtem",
		"tcp_mss_default":	1448,
		"target_bitrate":	0,
		"sock_bufsize":	0,
		"sndbuf_actual":	16384,
		"rcvbuf_actual":	131072,
		"test_start":	{
			"protocol":	"TCP",
			"num_streams":	1,
			"blksize":	131072,
			"omit":	0,
			"duration":	60,
			"bytes":	0,
			"blocks":	0,
			"reverse":	0,
			"tos":	0,
			"target_bitrate":	0
		}
	},
	"intervals":	[{
			"streams":	[{
					"socket":	6,
					"start":	0,
					"end":	1.000076,
					"seconds":	1.0000760555267334,
					"bytes":	36175872,
					"bits_per_second":	289384966.67393088,
					"retransmits":	106,
					"snd_cwnd":	2948128,
					"snd_wnd":	3145728,
					"rtt":	50210,
					"rttvar":	198,
					"pmtu":	1500,
					"omitted":	false,
					"sender":	true
				}],
			"sum":	{
				"start":	0,
				"end":	1.000076,
				"seconds":	1.0000760555267334,
				"bytes":	36175872,
				"bits_per_second":	289384966.67393088,
				"retransmits":	106,
				"omitted":	false,
				"sender":	true
			}
		}, {
			"streams":	[{
					"socket":	6,
					"start":	1.000076,
					"end":	2.00008,
					"seconds":	1.0000040531158447,
					"bytes":	52428800,
					"bits_per_second":	419428700.0068903,
					"retransmits":	90,
					"snd_cwnd":	6805600,
					"snd_wnd":	3145728,
					"rtt":	50121,
					"rttvar":	7,
					"pmtu":	1500,
					"omitted":	false,
					"sender":	true
				}],
			"sum":	{
				"start":	1.000076,
				"end":	2.00008,
				"seconds":	1.0000040531158447,
				"bytes":	52428800,
				"bits_per_second":	419428700.0068903,
				"retransmits":	90,
				"omitted":	false,
				"sender":	true
			}
		}, {
			"streams":	[{
					"socket":	6,
					"start":	2.00008,
					"end":	3.00007,
					"seconds":	0.99998998641967773,
					"bytes":	61603840,
					"bits_per_second":	492835655.0494175,
					"retransmits":	0,
					"snd_cwnd":	6802704,
					"snd_wnd":	3145728,
					"rtt":	50116,
					"rttvar":	7,
					"pmtu":	1500,
					"omitted":	false,
					"sender":	true
				}],
			"sum":	{
				"start":	2.00008,
				"end":	3.00007,
				"seconds":	0.99998998641967773,
				"bytes":	61603840,
				"bits_per_second":	492835655.0494175,
				"retransmits":	0,
				"omitted":	false,
				"sender":	true
			}
		}, {
			"streams":	[{
					"socket":	6,
					"start":	3.00007,
					"end":	4.000073,
					"seconds":	1.0000029802322388,
					"bytes":	60293120,
					"bits_per_second":	482343522.504284,
					"retransmits":	0,
					"snd_cwnd":	6805600,
					"snd_wnd":	3145728,
					"rtt":	50104,
					"rttvar":	5,
					"pmtu":	1500,
					"omitted":	false,
					"sender":	true
				}],
			"sum":	{
				"start":	3.00007,
				"end":	4.000073,
				"seconds":	1.0000029802322388,
				"bytes":	60293120,
				"bits_per_second":	482343522.504284,
				"retransmits":	0,
				"omitted":	false,
				"sender":	true
			}
		}, {
			"streams":	[{
					"socket":	6,
					"start":	4.000073,
					"end":	5.000081,
					"seconds":	1.0000079870224,
					"bytes":	60293120,
					"bits_per_second":	482341107.53076977,
					"retransmits":	0,
					"snd_cwnd":	6802704,
					"snd_wnd":	3145728,
					"rtt":	50117,
					"rttvar":	9,
					"pmtu":	1500,
					"omitted":	false,
					"sender":	true
				}],
			"sum":	{
				"start":	4.000073,
				"end":	5.000081,
				"seconds":	1.0000079870224,
				"bytes":	60293120,
				"bits_per_second":	482341107.53076977,
				"retransmits":	0,
				"omitted":	false,
				"sender":	true
			}
		}, {
			"streams":	[{
					"socket":	6,
					"start":	5.000081,
					"end":	6.000077,
					"seconds":	0.9999960064888,
					"bytes":	60293120,
					"bits_per_second":	482346886.25769252,
					"retransmits":	0,
					"snd_cwnd":	6808496,
					"snd_wnd":	3145728,
					"rtt":	50100,
					"rttvar":	10,
					"pmtu":	1500,
					"omitted":	false,
					"sender":	true
				}],
			"sum":	{
				"start":	5.000081,
				"end":	6.000077,
				"seconds":	0.9999960064888,
				"bytes":	60293120,
				"bits_per_second":	482346886.25769252,
				"retransmits":	0,
				"omitted":	false,
				"sender":	true
			}
		}, {
			"streams":	[{
					"socket":	6,
					"start":	6.000077,
					"end":	7.000073,
					"seconds":	0.9999960064888,
					"bytes":	56360960,
					"bits_per_second":	450889480.63219082,
					"retransmits":	45,
					"snd_cwnd":	6860624,
					"snd_wnd":	3145728,
					"rtt":	50101,
					"rttvar":	7,
					"pmtu":	1500,
					"omitted":	false,
					"sender":	true
				}],
			"sum":	{
				"start":	6.000077,
				"end":	7.000073,
				"seconds":	0.9999960064888,
				"bytes":	56360960,
				"bits_per_second":	450889480.63219082,
				"retransmits":	45,
				"omitted":	false,
				"sender":	true
			}
		}, {
			"streams":	[{
					"socket":	6,
					"start":	7.000073,
					"end":	8.000092,
					"seconds":	1.0000189542770386,
					"bytes":	60293120,
					"bits_per_second":	482335817.6732862,
					"retransmits":	0,
					"snd_cwnd":	6808496,
					"snd_wnd":	3145728,
					"rtt":	50108,
					"rttvar":	8,
					"pmtu":	1500,
					"omitted":	false,
					"sender":	true
				}],
			"sum":	{
				"start":	7.000073,
				"end":	8.000092,
				"seconds":	1.0000189542770386,
				"bytes":	60293120,
				"bits_per_second":	482335817.6732862,
				"retransmits":	0,
				"omitted":	false,
				"sender":	true
			}
		}, {
			"streams":	[{
					"socket":	6,
					"start":	8.000092,
					"end":	9.000077,
					"seconds":	0.9999849796295166,
					"bytes":	61603840,
					"bits_per_second":	492838122.61119,
					"retransmits":	0,
					"snd_cwnd":	6805600,
					"snd_wnd":	3145728,
					"rtt":	50100,
					"rttvar":	4,
					"pmtu":	1500,
					"omitted":	false,
					"sender":	true
				}],
			"sum":	{
				"start":	8.000092,
				"end":	9.000077,
				"seconds":	0.9999849796295166,
				"bytes":	61603840,
				"bits_per_second":	492838122.61119,
				"retransmits":	0,
				"omitted":	false,
				"sender":	true
			}
		}, {
			"streams":	[{
					"socket":	6,
					"start":	9.000077,
					"end":	10.000073,
					"seconds":	0.9999960064888,
					"bytes":	60293120,
					"bits_per_second":	482346886.25769252,
					"retransmits":	0,
					"snd_cwnd":	6802704,
					"snd_wnd":	3145728,
					"rtt":	50098,
					"rttvar":	9,
					"pmtu":	1500,
					"omitted":	false,
					"sender":	true
				}],
			"sum":	{
				"start":	9.000077,
				"end":	10.000073,
				"seconds":	0.9999960064888,
				"bytes":	60293120,
				"bits_per_second":	482346886.25769252,
				"retransmits":	0,
				"omitted":	false,
				"sender":	true
			}
		}, {
			"streams":	[{
					"socket":	6,
					"start":	10.000073,
					"end":	11.00007,
					"seconds":	0.99999701976776123,
					"bytes":	44564480,
					"bits_per_second":	356516902.5031665,
					"retransmits":	0,
					"snd_cwnd":	6872208,
					"snd_wnd":	3145728,
					"rtt":	50101,
					"rttvar":	6,
					"pmtu":	1500,
					"omitted":	false,
					"sender":	true
				}],
			"sum":	{
				"start":	10.000073,
				"end":	11.00007,
				"seconds":	0.99999701976776123,
				"bytes":	44564480,
				"bits_per_second":	356516902.5031665,
				"retransmits":	0,
				"omitted":	false,
				"sender":	true
			}
		}, {
			"streams":	[{
					"socket":	6,
					"start":	11.00007,
					"end":	12.000075,
					"seconds":	1.0000050067901611,
					"bytes":	60293120,
					"bits_per_second":	482342545.01209134,
					"retransmits":	0,
					"snd_cwnd":	6814288,
					"snd_wnd":	3145728,
					"rtt":	50097,
					"rttvar":	7,
					"pmtu":	1500,
					"omitted":	false,
					"sender":	true
				}],
			"sum":	{
				"start":	11.00007,
				"end":	12.000075,
				"seconds":	1.0000050067901611,
				"bytes":	60293120,
				"bits_per_second":	482342545.01209134,
				"retransmits":	0,
				"omitted":	false,
				"sender":	true
			}
		}, {
			"streams":	[{
					"socket":	6,
					"start":	12.000075,
					"end":	13.000068,
					"seconds":	0.99999302625656128,
					"bytes":	61603840,
					"bits_per_second":	492834156.898968,
					"retransmits":	0,
					"snd_cwnd":	6811392,
					"snd_wnd":	3145728,
					"rtt":	50113,
					"rttvar":	7,
					"pmtu":	1500,
					"omitted":	false,
					"sender":	true
				}],
			"sum":	{
				"start":	12.000075,
				"end":	13.000068,
				"seconds":	0.99999302625656128,
				"bytes":	61603840,
				"bits_per_second":	492834156.898968,
				"retransmits":	0,
				"omitted":	false,
				"sender":	true
			}
		}, {
			"streams":	[{
					"socket":	6,
					"start":	13.000068,
					"end":	14.000073,
					"seconds":	1.0000050067901611,
					"bytes":	60293120,
					"bits_per_second":	482342545.01209134,
					"retransmits":	0,
					"snd_cwnd":	6814288,
					"snd_wnd":	3145728,
					"rtt":	50109,
					"rttvar":	20,
					"pmtu":	1500,
					"omitted":	false,
					"sender":	true
				}],
			"sum":	{
				"start":	13.000068,
				"end":	14.000073,
				"seconds":	1.0000050067901611,
				"bytes":	60293120,
				"bits_per_second":	482342545.01209134,
				"retransmits":	0,
				"omitted":	false,
				"sender":	true
			}
		}, {
			"streams":	[{
					"socket":	6,
					"start":	14.000073,
					"end":	15.000078,
					"seconds":	1.0000050067901611,
					"bytes":	60293120,
					"bits_per_second":	482342545.01209134,
					"retransmits":	0,
					"snd_cwnd":	6814288,
					"snd_wnd":	3145728,
					"rtt":	50095,
					"rttvar":	7,
					"pmtu":	1500,
					"omitted":	false,
					"sender":	true
				}],
			"sum":	{
				"start":	14.000073,
				"end":	15.000078,
				"seconds":	1.0000050067901611,
				"bytes":	60293120,
				"bits_per_second":	482342545.01209134,
				"retransmits":	0,
				"omitted":	false,
				"sender":	true
			}
		}, {
			"streams":	[{
					"socket":	6,
					"start":	15.000078,
					"end":	16.000074,
					"seconds":	0.9999960064888,
					"bytes":	60293120,
					"bits_per_second":	482346886.25769252,
					"retransmits":	0,
					"snd_cwnd":	6811392,
					"snd_wnd":	3145728,
					"rtt":	50113,
					"rttvar":	13,
					"pmtu":	1500,
					"omitted":	false,
					"sender":	true
				}],
			"sum":	{
				"start":	15.000078,
				"end":	16.000074,
				"seconds":	0.9999960064888,
				"bytes":	60293120,
				"bits_per_second":	482346886.25769252,
				"retransmits":	0,
				"omitted":	false,
				"sender":	true
			}
		}, {
			"streams":	[{
					"socket":	6,
					"start":	16.000074,
					"end":	17.000074,
					"seconds":	1,
					"bytes":	60293120,
					"bits_per_second":	482344960,
					"retransmits":	0,
					"snd_cwnd":	6814288,
					"snd_wnd":	3145728,
					"rtt":	50099,
					"rttvar":	11,
					"pmtu":	1500,
					"omitted":	false,
					"sender":	true
				}],
			"sum":	{
				"start":	16.000074,
				"end":	17.000074,
				"seconds":	1,
				"bytes":	60293120,
				"bits_per_second":	482344960,
				"retransmits":	0,
				"omitted":	false,
				"sender":	true
			}
		}, {
			"streams":	[{
					"socket":	6,
					"start":	17.000074,
					"end":	18.000084,
					"seconds":	1.0000100135803223,
					"bytes":	60293120,
					"bits_per_second":	482340130.04836512,
					"retransmits":	0,
					"snd_cwnd":	6814288,
					"snd_wnd":	3145728,
					"rtt":	50099,
					"rttvar":	8,
					"pmtu":	1500,
					"omitted":	false,
					"sender":	true
				}],
			"sum":	{
				"start":	17.000074,
				"end":	18.000084,
				"seconds":	1.0000100135803223,
				"bytes":	60293120,
				"bits_per_second":	482340130.04836512,
				"retransmits":	0,
				"omitted":	false,
				"sender":	true
			}
		}, {
			"streams":	[{
					"socket":	6,
					"start":	18.000084,
					"end":	19.000069,
					"seconds":	0.9999849796295166,
					"bytes":	60293120,
					"bits_per_second":	482352205.10882419,
					"retransmits":	0,
					"snd_cwnd":	6811392,
					"snd_wnd":	3145728,
					"rtt":	50081,
					"rttvar":	2,
					"pmtu":	1500,
					"omitted":	false,
					"sender":	true
				}],
			"sum":	{
				"start":	18.000084,
				"end":	19.000069,
				"seconds":	0.9999849796295166,
				"bytes":	60293120,
				"bits_per_second":	482352205.10882419,
				"retransmits":	0,
				"omitted":	false,
				"sender":	true
			}
		}, {
			"streams":	[{
					"socket":	6,
					"start":	19.000069,
					"end":	20.000069,
					"seconds":	1,
					"bytes":	61603840,
					"bits_per_second":	492830720,
					"retransmits":	0,
					"snd_cwnd":	6808496,
					"snd_wnd":	3145728,
					"rtt":	50111,
					"rttvar":	6,
					"pmtu":	1500,
					"omitted":	false,
					"sender":	true
				}],
			"sum":	{
				"start":	19.000069,
				"end":	20.000069,
				"seconds":	1,
				"bytes":	61603840,
				"bits_per_second":	492830720,
				"retransmits":	0,
				"omitted":	false,
				"sender":	true
			}
		}, {
			"streams":	[{
					"socket":	6,
					"start":	20.000069,
					"end":	21.000073,
					"seconds":	1.0000040531158447,
					"bytes":	60293120,
					"bits_per_second":	482343005.00792378,
					"retransmits":	0,
					"snd_cwnd":	6814288,
					"snd_wnd":	3145728,
					"rtt":	50098,
					"rttvar":	3,
					"pmtu":	1500,
					"omitted":	false,
					"sender":	true
				}],
			"sum":	{
				"start":	20.000069,
				"end":	21.000073,
				"seconds":	1.0000040531158447,
				"bytes":	60293120,
				"bits_per_second":	482343005.00792378,
				"retransmits":	0,
				"omitted":	false,
				"sender":	true
			}
		}, {
			"streams":	[{
					"socket":	6,
					"start":	21.000073,
					"end":	22.000077,
					"seconds":	1.0000040531158447,
					"bytes":	60293120,
					"bits_per_second":	482343005.00792378,
					"retransmits":	0,
					"snd_cwnd":	6817184,
					"snd_wnd":	3145728,
					"rtt":	50113,
					"rttvar":	9,
					"pmtu":	1500,
					"omitted":	false,
					"sender":	true
				}],
			"sum":	{
				"start":	21.000073,
				"end":	22.000077,
				"seconds":	1.0000040531158447,
				"bytes":	60293120,
				"bits_per_second":	482343005.00792378,
				"retransmits":	0,
				"omitted":	false,
				"sender":	true
			}
		}, {
			"streams":	[{
					"socket":	6,
					"start":	22.000077,
					"end":	23.000078,
					"seconds":	1.0000009536743164,
					"bytes":	44564480,
					"bits_per_second":	356515500.00032425,
					"retransmits":	0,
					"snd_cwnd":	6634736,
					"snd_wnd":	3145728,
					"rtt":	50099,
					"rttvar":	6,
					"pmtu":	1500,
					"omitted":	false,
					"sender":	true
				}],
			"sum":	{
				"start":	22.000077,
				"end":	23.000078,
				"seconds":	1.0000009536743164,
				"bytes":	44564480,
				"bits_per_second":	356515500.00032425,
				"retransmits":	0,
				"omitted":	false,
				"sender":	true
			}
		}, {
			"streams":	[{
					"socket":	6,
					"start":	23.000078,
					"end":	24.000071,
					"seconds":	0.99999302625656128,
					"bytes":	60293120,
					"bits_per_second":	482348323.773458,
					"retransmits":	0,
					"snd_cwnd":	6817184,
					"snd_wnd":	3145728,
					"rtt":	50109,
					"rttvar":	8,
					"pmtu":	1500,
					"omitted":	false,
					"sender":	true
				}],
			"sum":	{
				"start":	23.000078,
				"end":	24.000071,
				"seconds":	0.99999302625656128,
				"bytes":	60293120,
				"bits_per_second":	482348323.773458,
				"retransmits":	0,
				"omitted":	false,
				"sender":	true
			}
		}, {
			"streams":	[{
					"socket":	6,
					"start":	24.000071,
					"end":	25.000071,
					"seconds":	1,
					"bytes":	60293120,
					"bits_per_second":	482344960,
					"retransmits":	0,
					"snd_cwnd":	6817184,
					"snd_wnd":	3145728,
					"rtt":	50101,
					"rttvar":	12,
					"pmtu":	1500,
					"omitted":	false,
					"sender":	true
				}],
			"sum":	{
				"start":	24.000071,
				"end":	25.000071,
				"seconds":	1,
				"bytes":	60293120,
				"bits_per_second":	482344960,
				"retransmits":	0,
				"omitted":	false,
				"sender":	true
			}
		}, {
			"streams":	[{
					"socket":	6,
					"start":	25.000071,
					"end":	26.000069,
					"seconds":	0.99999797344207764,
					"bytes":	60293120,
					"bits_per_second":	482345937.501981,
					"retransmits":	0,
					"snd_cwnd":	6820080,
					"snd_wnd":	3145728,
					"rtt":	50100,
					"rttvar":	9,
					"pmtu":	1500,
					"omitted":	false,
					"sender":	true
				}],
			"sum":	{
				"start":	25.000071,
				"end":	26.000069,
				"seconds":	0.99999797344207764,
				"bytes":	60293120,
				"bits_per_second":	482345937.501981,
				"retransmits":	0,
				"omitted":	false,
				"sender":	true
			}
		}, {
			"streams":	[{
					"socket":	6,
					"start":	26.000069,
					"end":	27.000071,
					"seconds":	1.0000020265579224,
					"bytes":	60293120,
					"bits_per_second":	482343982.501981,
					"retransmits":	0,
					"snd_cwnd":	6817184,
					"snd_wnd":	3145728,
					"rtt":	50096,
					"rttvar":	9,
					"pmtu":	1500,
					"omitted":	false,
					"sender":	true
				}],
			"sum":	{
				"start":	26.000069,
				"end":	27.000071,
				"seconds":	1.0000020265579224,
				"bytes":	60293120,
				"bits_per_second":	482343982.501981,
				"retransmits":	0,
				"omitted":	false,
				"sender":	true
			}
		}, {
			"streams":	[{
					"socket":	6,
					"start":	27.000071,
					"end":	28.000077,
					"seconds":	1.0000059604644775,
					"bytes":	60293120,
					"bits_per_second":	482342085.01713622,
					"retransmits":	0,
					"snd_cwnd":	6811392,
					"snd_wnd":	3145728,
					"rtt":	50103,
					"rttvar":	9,
					"pmtu":	1500,
					"omitted":	false,
					"sender":	true
				}],
			"sum":	{
				"start":	27.000071,
				"end":	28.000077,
				"seconds":	1.0000059604644775,
				"bytes":	60293120,
				"bits_per_second":	482342085.01713622,
				"retransmits":	0,
				"omitted":	false,
				"sender":	true
			}
		}, {
			"streams":	[{
					"socket":	6,
					"start":	28.000077,
					"end":	29.000072,
					"seconds":	0.999994993209839,
					"bytes":	61603840,
					"bits_per_second":	492833187.51235431,
					"retransmits":	0,
					"snd_cwnd":	6817184,
					"snd_wnd":	3145728,
					"rtt":	50098,
					"rttvar":	8,
					"pmtu":	1500,
					"omitted":	false,
					"sender":	true
				}],
			"sum":	{
				"start":	28.000077,
				"end":	29.000072,
				"seconds":	0.999994993209839,
				"bytes":	61603840,
				"bits_per_second":	492833187.51235431,
				"retransmits":	0,
				"omitted":	false,
				"sender":	true
			}
		}, {
			"streams":	[{
					"socket":	6,
					"start":	29.000072,
					"end":	30.000072,
					"seconds":	1,
					"bytes":	60293120,
					"bits_per_second":	482344960,
					"retransmits":	0,
					"snd_cwnd":	6814288,
					"snd_wnd":	3145728,
					"rtt":	50106,
					"rttvar":	10,
					"pmtu":	1500,
					"omitted":	false,
					"sender":	true
				}],
			"sum":	{
				"start":	29.000072,
				"end":	30.000072,
				"seconds":	1,
				"bytes":	60293120,
				"bits_per_second":	482344960,
				"retransmits":	0,
				"omitted":	false,
				"sender":	true
			}
		}, {
			"streams":	[{
					"socket":	6,
					"start":	30.000072,
					"end":	31.000077,
					"seconds":	1.0000050067901611,
					"bytes":	60293120,
					"bits_per_second":	482342545.01209134,
					"retransmits":	0,
					"snd_cwnd":	6814288,
					"snd_wnd":	3145728,
					"rtt":	50108,
					"rttvar":	12,
					"pmtu":	1500,
					"omitted":	false,
					"sender":	true
				}],
			"sum":	{
				"start":	30.000072,
				"end":	31.000077,
				"seconds":	1.0000050067901611,
				"bytes":	60293120,
				"bits_per_second":	482342545.01209134,
				"retransmits":	0,
				"omitted":	false,
				"sender":	true
			}
		}, {
			"streams":	[{
					"socket":	6,
					"start":	31.000077,
					"end":	32.000072,
					"seconds":	0.999994993209839,
					"bytes":	60293120,
					"bits_per_second":	482347375.01209146,
					"retransmits":	0,
					"snd_cwnd":	6817184,
					"snd_wnd":	3145728,
					"rtt":	50119,
					"rttvar":	58,
					"pmtu":	1500,
					"omitted":	false,
					"sender":	true
				}],
			"sum":	{
				"start":	31.000077,
				"end":	32.000072,
				"seconds":	0.999994993209839,
				"bytes":	60293120,
				"bits_per_second":	482347375.01209146,
				"retransmits":	0,
				"omitted":	false,
				"sender":	true
			}
		}, {
			"streams":	[{
					"socket":	6,
					"start":	32.000072,
					"end":	33.000071,
					"seconds":	0.99999898672103882,
					"bytes":	60293120,
					"bits_per_second":	482345448.75049525,
					"retransmits":	0,
					"snd_cwnd":	6817184,
					"snd_wnd":	3145728,
					"rtt":	50104,
					"rttvar":	21,
					"pmtu":	1500,
					"omitted":	false,
					"sender":	true
				}],
			"sum":	{
				"start":	32.000072,
				"end":	33.000071,
				"seconds":	0.99999898672103882,
				"bytes":	60293120,
				"bits_per_second":	482345448.75049525,
				"retransmits":	0,
				"omitted":	false,
				"sender":	true
			}
		}, {
			"streams":	[{
					"socket":	6,
					"start":	33.000071,
					"end":	34.000075,
					"seconds":	1.0000040531158447,
					"bytes":	60293120,
					"bits_per_second":	482343005.00792378,
					"retransmits":	0,
					"snd_cwnd":	6817184,
					"snd_wnd":	3145728,
					"rtt":	50120,
					"rttvar":	5,
					"pmtu":	1500,
					"omitted":	false,
					"sender":	true
				}],
			"sum":	{
				"start":	33.000071,
				"end":	34.000075,
				"seconds":	1.0000040531158447,
				"bytes":	60293120,
				"bits_per_second":	482343005.00792378,
				"retransmits":	0,
				"omitted":	false,
				"sender":	true
			}
		}, {
			"streams":	[{
					"socket":	6,
					"start":	34.000075,
					"end":	35.00009,
					"seconds":	1.0000150203704834,
					"bytes":	60293120,
					"bits_per_second":	482337715.108821,
					"retransmits":	0,
					"snd_cwnd":	6814288,
					"snd_wnd":	3145728,
					"rtt":	50110,
					"rttvar":	10,
					"pmtu":	1500,
					"omitted":	false,
					"sender":	true
				}],
			"sum":	{
				"start":	34.000075,
				"end":	35.00009,
				"seconds":	1.0000150203704834,
				"bytes":	60293120,
				"bits_per_second":	482337715.108821,
				"retransmits":	0,
				"omitted":	false,
				"sender":	true
			}
		}, {
			"streams":	[{
					"socket":	6,
					"start":	35.00009,
					"end":	36.000074,
					"seconds":	0.9999840259552002,
					"bytes":	61603840,
					"bits_per_second":	492838592.62575769,
					"retransmits":	0,
					"snd_cwnd":	6817184,
					"snd_wnd":	3145728,
					"rtt":	50105,
					"rttvar":	6,
					"pmtu":	1500,
					"omitted":	false,
					"sender":	true
				}],
			"sum":	{
				"start":	35.00009,
				"end":	36.000074,
				"seconds":	0.9999840259552002,
				"bytes":	61603840,
				"bits_per_second":	492838592.62575769,
				"retransmits":	0,
				"omitted":	false,
				"sender":	true
			}
		}, {
			"streams":	[{
					"socket":	6,
					"start":	36.000074,
					"end":	37.000073,
					"seconds":	0.99999898672103882,
					"bytes":	60293120,
					"bits_per_second":	482345448.75049525,
					"retransmits":	0,
					"snd_cwnd":	6814288,
					"snd_wnd":	3145728,
					"rtt":	50096,
					"rttvar":	8,
					"pmtu":	1500,
					"omitted":	false,
					"sender":	true
				}],
			"sum":	{
				"start":	36.000074,
				"end":	37.000073,
				"seconds":	0.99999898672103882,
				"bytes":	60293120,
				"bits_per_second":	482345448.75049525,
				"retransmits":	0,
				"omitted":	false,
				"sender":	true
			}
		}, {
			"streams":	[{
					"socket":	6,
					"start":	37.000073,
					"end":	38.000088,
					"seconds":	1.0000150203704834,
					"bytes":	60293120,
					"bits_per_second":	482337715.108821,
					"retransmits":	0,
					"snd_cwnd":	6817184,
					"snd_wnd":	3145728,
					"rtt":	50107,
					"rttvar":	6,
					"pmtu":	1500,
					"omitted":	false,
					"sender":	true
				}],
			"sum":	{
				"start":	37.000073,
				"end":	38.000088,
				"seconds":	1.0000150203704834,
				"bytes":	60293120,
				"bits_per_second":	482337715.108821,
				"retransmits":	0,
				"omitted":	false,
				"sender":	true
			}
		}, {
			"streams":	[{
					"socket":	6,
					"start":	38.000088,
					"end":	39.000068,
					"seconds":	0.99997997283935547,
					"bytes":	60293120,
					"bits_per_second":	482354620.19346625,
					"retransmits":	0,
					"snd_cwnd":	6817184,
					"snd_wnd":	3145728,
					"rtt":	50122,
					"rttvar":	13,
					"pmtu":	1500,
					"omitted":	false,
					"sender":	true
				}],
			"sum":	{
				"start":	38.000088,
				"end":	39.000068,
				"seconds":	0.99997997283935547,
				"bytes":	60293120,
				"bits_per_second":	482354620.19346625,
				"retransmits":	0,
				"omitted":	false,
				"sender":	true
			}
		}, {
			"streams":	[{
					"socket":	6,
					"start":	39.000068,
					"end":	40.000071,
					"seconds":	1.0000029802322388,
					"bytes":	60293120,
					"bits_per_second":	482343522.504284,
					"retransmits":	0,
					"snd_cwnd":	6814288,
					"snd_wnd":	3145728,
					"rtt":	50128,
					"rttvar":	9,
					"pmtu":	1500,
					"omitted":	false,
					"sender":	true
				}],
			"sum":	{
				"start":	39.000068,
				"end":	40.000071,
				"seconds":	1.0000029802322388,
				"bytes":	60293120,
				"bits_per_second":	482343522.504284,
				"retransmits":	0,
				"omitted":	false,
				"sender":	true
			}
		}, {
			"streams":	[{
					"socket":	6,
					"start":	40.000071,
					"end":	41.000073,
					"seconds":	1.0000020265579224,
					"bytes":	60293120,
					"bits_per_second":	482343982.501981,
					"retransmits":	0,
					"snd_cwnd":	6811392,
					"snd_wnd":	3145728,
					"rtt":	50100,
					"rttvar":	9,
					"pmtu":	1500,
					"omitted":	false,
					"sender":	true
				}],
			"sum":	{
				"start":	40.000071,
				"end":	41.000073,
				"seconds":	1.0000020265579224,
				"bytes":	60293120,
				"bits_per_second":	482343982.501981,
				"retransmits":	0,
				"omitted":	false,
				"sender":	true
			}
		}, {
			"streams":	[{
					"socket":	6,
					"start":	41.000073,
					"end":	42.000075,
					"seconds":	1.0000020265579224,
					"bytes":	60293120,
					"bits_per_second":	482343982.501981,
					"retransmits":	0,
					"snd_cwnd":	5792,
					"snd_wnd":	3145728,
					"rtt":	50094,
					"rttvar":	10,
					"pmtu":	1500,
					"omitted":	false,
					"sender":	true
				}],
			"sum":	{
				"start":	41.000073,
				"end":	42.000075,
				"seconds":	1.0000020265579224,
				"bytes":	60293120,
				"bits_per_second":	482343982.501981,
				"retransmits":	0,
				"omitted":	false,
				"sender":	true
			}
		}, {
			"streams":	[{
					"socket":	6,
					"start":	42.000075,
					"end":	43.00007,
					"seconds":	0.999994993209839,
					"bytes":	45875200,
					"bits_per_second":	367003437.5092,
					"retransmits":	0,
					"snd_cwnd":	6820080,
					"snd_wnd":	3145728,
					"rtt":	50106,
					"rttvar":	4,
					"pmtu":	1500,
					"omitted":	false,
					"sender":	true
				}],
			"sum":	{
				"start":	42.000075,
				"end":	43.00007,
				"seconds":	0.999994993209839,
				"bytes":	45875200,
				"bits_per_second":	367003437.5092,
				"retransmits":	0,
				"omitted":	false,
				"sender":	true
			}
		}, {
			"streams":	[{
					"socket":	6,
					"start":	43.00007,
					"end":	44.000078,
					"seconds":	1.0000079870224,
					"bytes":	60293120,
					"bits_per_second":	482341107.53076977,
					"retransmits":	0,
					"snd_cwnd":	6817184,
					"snd_wnd":	3145728,
					"rtt":	50125,
					"rttvar":	15,
					"pmtu":	1500,
					"omitted":	false,
					"sender":	true
				}],
			"sum":	{
				"start":	43.00007,
				"end":	44.000078,
				"seconds":	1.0000079870224,
				"bytes":	60293120,
				"bits_per_second":	482341107.53076977,
				"retransmits":	0,
				"omitted":	false,
				"sender":	true
			}
		}, {
			"streams":	[{
					"socket":	6,
					"start":	44.000078,
					"end":	45.000072,
					"seconds":	0.99999397993087769,
					"bytes":	60293120,
					"bits_per_second":	482347863.76748091,
					"retransmits":	0,
					"snd_cwnd":	6817184,
					"snd_wnd":	3145728,
					"rtt":	50115,
					"rttvar":	10,
					"pmtu":	1500,
					"omitted":	false,
					"sender":	true
				}],
			"sum":	{
				"start":	44.000078,
				"end":	45.000072,
				"seconds":	0.99999397993087769,
				"bytes":	60293120,
				"bits_per_second":	482347863.76748091,
				"retransmits":	0,
				"omitted":	false,
				"sender":	true
			}
		}, {
			"streams":	[{
					"socket":	6,
					"start":	45.000072,
					"end":	46.000076,
					"seconds":	1.0000040531158447,
					"bytes":	60293120,
					"bits_per_second":	482343005.00792378,
					"retransmits":	0,
					"snd_cwnd":	6817184,
					"snd_wnd":	3145728,
					"rtt":	50103,
					"rttvar":	7,
					"pmtu":	1500,
					"omitted":	false,
					"sender":	true
				}],
			"sum":	{
				"start":	45.000072,
				"end":	46.000076,
				"seconds":	1.0000040531158447,
				"bytes":	60293120,
				"bits_per_second":	482343005.00792378,
				"retransmits":	0,
				"omitted":	false,
				"sender":	true
			}
		}, {
			"streams":	[{
					"socket":	6,
					"start":	46.000076,
					"end":	47.000074,
					"seconds":	0.99999797344207764,
					"bytes":	60293120,
					"bits_per_second":	482345937.501981,
					"retransmits":	0,
					"snd_cwnd":	6817184,
					"snd_wnd":	3145728,
					"rtt":	50109,
					"rttvar":	8,
					"pmtu":	1500,
					"omitted":	false,
					"sender":	true
				}],
			"sum":	{
				"start":	46.000076,
				"end":	47.000074,
				"seconds":	0.99999797344207764,
				"bytes":	60293120,
				"bits_per_second":	482345937.501981,
				"retransmits":	0,
				"omitted":	false,
				"sender":	true
			}
		}, {
			"streams":	[{
					"socket":	6,
					"start":	47.000074,
					"end":	48.000068,
					"seconds":	0.99999397993087769,
					"bytes":	61603840,
					"bits_per_second":	492833686.89286089,
					"retransmits":	0,
					"snd_cwnd":	6817184,
					"snd_wnd":	3145728,
					"rtt":	50096,
					"rttvar":	16,
					"pmtu":	1500,
					"omitted":	false,
					"sender":	true
				}],
			"sum":	{
				"start":	47.000074,
				"end":	48.000068,
				"seconds":	0.99999397993087769,
				"bytes":	61603840,
				"bits_per_second":	492833686.89286089,
				"retransmits":	0,
				"omitted":	false,
				"sender":	true
			}
		}, {
			"streams":	[{
					"socket":	6,
					"start":	48.000068,
					"end":	49.000069,
					"seconds":	1.0000009536743164,
					"bytes":	60293120,
					"bits_per_second":	482344500.00043869,
					"retransmits":	0,
					"snd_cwnd":	6817184,
					"snd_wnd":	3145728,
					"rtt":	50100,
					"rttvar":	8,
					"pmtu":	1500,
					"omitted":	false,
					"sender":	true
				}],
			"sum":	{
				"start":	48.000068,
				"end":	49.000069,
				"seconds":	1.0000009536743164,
				"bytes":	60293120,
				"bits_per_second":	482344500.00043869,
				"retransmits":	0,
				"omitted":	false,
				"sender":	true
			}
		}, {
			"streams":	[{
					"socket":	6,
					"start":	49.000069,
					"end":	50.000074,
					"seconds":	1.0000050067901611,
					"bytes":	60293120,
					"bits_per_second":	482342545.01209134,
					"retransmits":	0,
					"snd_cwnd":	6817184,
					"snd_wnd":	3145728,
					"rtt":	50109,
					"rttvar":	7,
					"pmtu":	1500,
					"omitted":	false,
					"sender":	true
				}],
			"sum":	{
				"start":	49.000069,
				"end":	50.000074,
				"seconds":	1.0000050067901611,
				"bytes":	60293120,
				"bits_per_second":	482342545.01209134,
				"retransmits":	0,
				"omitted":	false,
				"sender":	true
			}
		}, {
			"streams":	[{
					"socket":	6,
					"start":	50.000074,
					"end":	51.000073,
					"seconds":	0.99999898672103882,
					"bytes":	60293120,
					"bits_per_second":	482345448.75049525,
					"retransmits":	0,
					"snd_cwnd":	6817184,
					"snd_wnd":	3145728,
					"rtt":	50089,
					"rttvar":	5,
					"pmtu":	1500,
					"omitted":	false,
					"sender":	true
				}],
			"sum":	{
				"start":	50.000074,
				"end":	51.000073,
				"seconds":	0.99999898672103882,
				"bytes":	60293120,
				"bits_per_second":	482345448.75049525,
				"retransmits":	0,
				"omitted":	false,
				"sender":	true
			}
		}, {
			"streams":	[{
					"socket":	6,
					"start":	51.000073,
					"end":	52.000075,
					"seconds":	1.0000020265579224,
					"bytes":	60293120,
					"bits_per_second":	482343982.501981,
					"retransmits":	0,
					"snd_cwnd":	6814288,
					"snd_wnd":	3145728,
					"rtt":	50099,
					"rttvar":	6,
					"pmtu":	1500,
					"omitted":	false,
					"sender":	true
				}],
			"sum":	{
				"start":	51.000073,
				"end":	52.000075,
				"seconds":	1.0000020265579224,
				"bytes":	60293120,
				"bits_per_second":	482343982.501981,
				"retransmits":	0,
				"omitted":	false,
				"sender":	true
			}
		}, {
			"streams":	[{
					"socket":	6,
					"start":	52.000075,
					"end":	53.000072,
					"seconds":	0.99999701976776123,
					"bytes":	60293120,
					"bits_per_second":	482346397.504284,
					"retransmits":	0,
					"snd_cwnd":	6817184,
					"snd_wnd":	3145728,
					"rtt":	50105,
					"rttvar":	7,
					"pmtu":	1500,
					"omitted":	false,
					"sender":	true
				}],
			"sum":	{
				"start":	52.000075,
				"end":	53.000072,
				"seconds":	0.99999701976776123,
				"bytes":	60293120,
				"bits_per_second":	482346397.504284,
				"retransmits":	0,
				"omitted":	false,
				"sender":	true
			}
		}, {
			"streams":	[{
					"socket":	6,
					"start":	53.000072,
					"end":	54.000068,
					"seconds":	0.9999960064888,
					"bytes":	61603840,
					"bits_per_second":	492832688.13285977,
					"retransmits":	0,
					"snd_cwnd":	6817184,
					"snd_wnd":	3145728,
					"rtt":	50082,
					"rttvar":	3,
					"pmtu":	1500,
					"omitted":	false,
					"sender":	true
				}],
			"sum":	{
				"start":	53.000072,
				"end":	54.000068,
				"seconds":	0.9999960064888,
				"bytes":	61603840,
				"bits_per_second":	492832688.13285977,
				"retransmits":	0,
				"omitted":	false,
				"sender":	true
			}
		}, {
			"streams":	[{
					"socket":	6,
					"start":	54.000068,
					"end":	55.00007,
					"seconds":	1.0000020265579224,
					"bytes":	60293120,
					"bits_per_second":	482343982.501981,
					"retransmits":	0,
					"snd_cwnd":	6817184,
					"snd_wnd":	3145728,
					"rtt":	50095,
					"rttvar":	5,
					"pmtu":	1500,
					"omitted":	false,
					"sender":	true
				}],
			"sum":	{
				"start":	54.000068,
				"end":	55.00007,
				"seconds":	1.0000020265579224,
				"bytes":	60293120,
				"bits_per_second":	482343982.501981,
				"retransmits":	0,
				"omitted":	false,
				"sender":	true
			}
		}, {
			"streams":	[{
					"socket":	6,
					"start":	55.00007,
					"end":	56.00007,
					"seconds":	1,
					"bytes":	60293120,
					"bits_per_second":	482344960,
					"retransmits":	0,
					"snd_cwnd":	6814288,
					"snd_wnd":	3145728,
					"rtt":	50099,
					"rttvar":	8,
					"pmtu":	1500,
					"omitted":	false,
					"sender":	true
				}],
			"sum":	{
				"start":	55.00007,
				"end":	56.00007,
				"seconds":	1,
				"bytes":	60293120,
				"bits_per_second":	482344960,
				"retransmits":	0,
				"omitted":	false,
				"sender":	true
			}
		}, {
			"streams":	[{
					"socket":	6,
					"start":	56.00007,
					"end":	57.000066,
					"seconds":	0.9999960064888,
					"bytes":	60293120,
					"bits_per_second":	482346886.25769252,
					"retransmits":	0,
					"snd_cwnd":	6817184,
					"snd_wnd":	3145728,
					"rtt":	50099,
					"rttvar":	8,
					"pmtu":	1500,
					"omitted":	false,
					"sender":	true
				}],
			"sum":	{
				"start":	56.00007,
				"end":	57.000066,
				"seconds":	0.9999960064888,
				"bytes":	60293120,
				"bits_per_second":	482346886.25769252,
				"retransmits":	0,
				"omitted":	false,
				"sender":	true
			}
		}, {
			"streams":	[{
					"socket":	6,
					"start":	57.000066,
					"end":	58.000066,
					"seconds":	1,
					"bytes":	45875200,
					"bits_per_second":	367001600,
					"retransmits":	0,
					"snd_cwnd":	6878000,
					"snd_wnd":	3145728,
					"rtt":	50097,
					"rttvar":	11,
					"pmtu":	1500,
					"omitted":	false,
					"sender":	true
				}],
			"sum":	{
				"start":	57.000066,
				"end":	58.000066,
				"seconds":	1,
				"bytes":	45875200,
				"bits_per_second":	367001600,
				"retransmits":	0,
				"omitted":	false,
				"sender":	true
			}
		}, {
			"streams":	[{
					"socket":	6,
					"start":	58.000066,
					"end":	59.00007,
					"seconds":	1.0000040531158447,
					"bytes":	60293120,
					"bits_per_second":	482343005.00792378,
					"retransmits":	0,
					"snd_cwnd":	6814288,
					"snd_wnd":	3145728,
					"rtt":	50107,
					"rttvar":	17,
					"pmtu":	1500,
					"omitted":	false,
					"sender":	true
				}],
			"sum":	{
				"start":	58.000066,
				"end":	59.00007,
				"seconds":	1.0000040531158447,
				"bytes":	60293120,
				"bits_per_second":	482343005.00792378,
				"retransmits":	0,
				"omitted":	false,
				"sender":	true
			}
		}, {
			"streams":	[{
					"socket":	6,
					"start":	59.00007,
					"end":	60.000076,
					"seconds":	1.0000059604644775,
					"bytes":	60293120,
					"bits_per_second":	482342085.01713622,
					"retransmits":	0,
					"snd_cwnd":	6814288,
					"snd_wnd":	3145728,
					"rtt":	50109,
					"rttvar":	15,
					"pmtu":	1500,
					"omitted":	false,
					"sender":	true
				}],
			"sum":	{
				"start":	59.00007,
				"end":	60.000076,
				"seconds":	1.0000059604644775,
				"bytes":	60293120,
				"bits_per_second":	482342085.01713622,
				"retransmits":	0,
				"omitted":	false,
				"sender":	true
			}
		}],
	"end":	{
		"streams":	[{
				"sender":	{
					"socket":	6,
					"start":	0,
					"end":	60.000076,
					"seconds":	60.000076,
					"bytes":	3531866112,
					"bits_per_second":	470914885.10781223,
					"retransmits":	241,
					"max_snd_cwnd":	6878000,
					"max_snd_wnd":	3145728,
					"max_rtt":	50210,
					"min_rtt":	50081,
					"mean_rtt":	50106,
					"sender":	true
				},
				"receiver":	{
					"socket":	6,
					"start":	0,
					"end":	60.050217,
					"seconds":	60.000076,
					"bytes":	3531597952,
					"bits_per_second":	470485953.714372,
					"sender":	true
				}
			}],
		"sum_sent":	{
			"start":	0,
			"end":	60.000076,
			"seconds":	60.000076,
			"bytes":	3531866112,
			"bits_per_second":	470914885.10781223,
			"retransmits":	241,
			"sender":	true
		},
		"sum_received":	{
			"start":	0,
			"end":	60.050217,
			"seconds":	60.050217,
			"bytes":	3531597952,
			"bits_per_second":	470485953.714372,
			"sender":	true
		},
		"cpu_utilization_percent":	{
			"host_total":	0.653401783145263,
			"host_user":	0.0311832654780737,
			"host_system":	0.62221851766718939,
			"remote_total":	2.4967112951348147,
			"remote_user":	0.14110685828290265,
			"remote_system":	2.3556044368519125
		},
		"sender_tcp_congestion":	"bbr",
		"receiver_tcp_congestion":	"bbr"
	}
}
