{
	"start":	{
		"connected":	[{
				"socket":	6,
				"local_host":	"192.168.101.210",
				"local_port":	52842,
				"remote_host":	"192.168.100.168",
				"remote_port":	5201
			}],
		"version":	"iperf 3.11",
		"system_info":	"Linux f1 6.0.10-300.fc37.x86_64 #1 SMP PREEMPT_DYNAMIC Sat Nov 26 16:55:13 UTC 2022 x86_64",
		"timestamp":	{
			"time":	"Sat, 10 Dec 2022 20:37:11 GMT",
			"timesecs":	1670704631
		},
		"connecting_to":	{
			"host":	"192.168.100.168",
			"port":	5201
		},
		"cookie":	"ly2qsp4ybu5foqbvhqqlxmjybf73sbz4ctl5",
		"tcp_mss_default":	1448,
		"target_bitrate":	0,
		"sock_bufsize":	0,
		"sndbuf_actual":	16384,
		"rcvbuf_actual":	131072,
		"test_start":	{
			"protocol":	"TCP",
			"num_streams":	1,
			"blksize":	131072,
			"omit":	0,
			"duration":	60,
			"bytes":	0,
			"blocks":	0,
			"reverse":	0,
			"tos":	0,
			"target_bitrate":	0
		}
	},
	"intervals":	[{
			"streams":	[{
					"socket":	6,
					"start":	0,
					"end":	1.00023,
					"seconds":	1.0002299547195435,
					"bytes":	1371256,
					"bits_per_second":	10967525.965642486,
					"retransmits":	0,
					"snd_cwnd":	208512,
					"snd_wnd":	362496,
					"rtt":	200085,
					"rttvar":	7,
					"pmtu":	1500,
					"omitted":	false,
					"sender":	true
				}],
			"sum":	{
				"start":	0,
				"end":	1.00023,
				"seconds":	1.0002299547195435,
				"bytes":	1371256,
				"bits_per_second":	10967525.965642486,
				"retransmits":	0,
				"omitted":	false,
				"sender":	true
			}
		}, {
			"streams":	[{
					"socket":	6,
					"start":	1.00023,
					"end":	2.000208,
					"seconds":	0.999978005886078,
					"bytes":	8590216,
					"bits_per_second":	68723239.5067588,
					"retransmits":	0,
					"snd_cwnd":	6045400,
					"snd_wnd":	3141504,
					"rtt":	210806,
					"rttvar":	843,
					"pmtu":	1500,
					"omitted":	false,
					"sender":	true
				}],
			"sum":	{
				"start":	1.00023,
				"end":	2.000208,
				"seconds":	0.999978005886078,
				"bytes":	8590216,
				"bits_per_second":	68723239.5067588,
				"retransmits":	0,
				"omitted":	false,
				"sender":	true
			}
		}, {
			"streams":	[{
					"socket":	6,
					"start":	2.000208,
					"end":	3.000228,
					"seconds":	1.0000200271606445,
					"bytes":	14417920,
					"bits_per_second":	115341050.04626182,
					"retransmits":	0,
					"snd_cwnd":	6308936,
					"snd_wnd":	3141504,
					"rtt":	200079,
					"rttvar":	9,
					"pmtu":	1500,
					"omitted":	false,
					"sender":	true
				}],
			"sum":	{
				"start":	2.000208,
				"end":	3.000228,
				"seconds":	1.0000200271606445,
				"bytes":	14417920,
				"bits_per_second":	115341050.04626182,
				"retransmits":	0,
				"omitted":	false,
				"sender":	true
			}
		}, {
			"streams":	[{
					"socket":	6,
					"start":	3.000228,
					"end":	4.000206,
					"seconds":	0.999978005886078,
					"bytes":	15728640,
					"bits_per_second":	125831887.56087005,
					"retransmits":	0,
					"snd_cwnd":	6308936,
					"snd_wnd":	3143552,
					"rtt":	200935,
					"rttvar":	535,
					"pmtu":	1500,
					"omitted":	false,
					"sender":	true
				}],
			"sum":	{
				"start":	3.000228,
				"end":	4.000206,
				"seconds":	0.999978005886078,
				"bytes":	15728640,
				"bits_per_second":	125831887.56087005,
				"retransmits":	0,
				"omitted":	false,
				"sender":	true
			}
		}, {
			"streams":	[{
					"socket":	6,
					"start":	4.000206,
					"end":	5.000208,
					"seconds":	1.0000020265579224,
					"bytes":	15728640,
					"bits_per_second":	125828865.00051677,
					"retransmits":	0,
					"snd_cwnd":	6308936,
					"snd_wnd":	3143552,
					"rtt":	200090,
					"rttvar":	10,
					"pmtu":	1500,
					"omitted":	false,
					"sender":	true
				}],
			"sum":	{
				"start":	4.000206,
				"end":	5.000208,
				"seconds":	1.0000020265579224,
				"bytes":	15728640,
				"bits_per_second":	125828865.00051677,
				"retransmits":	0,
				"omitted":	false,
				"sender":	true
			}
		}, {
			"streams":	[{
					"socket":	6,
					"start":	5.000208,
					"end":	6.000226,
					"seconds":	1.0000180006027222,
					"bytes":	14417920,
					"bits_per_second":	115341283.78737308,
					"retransmits":	0,
					"snd_cwnd":	6308936,
					"snd_wnd":	3143552,
					"rtt":	200203,
					"rttvar":	119,
					"pmtu":	1500,
					"omitted":	false,
					"sender":	true
				}],
			"sum":	{
				"start":	5.000208,
				"end":	6.000226,
				"seconds":	1.0000180006027222,
				"bytes":	14417920,
				"bits_per_second":	115341283.78737308,
				"retransmits":	0,
				"omitted":	false,
				"sender":	true
			}
		}, {
			"streams":	[{
					"socket":	6,
					"start":	6.000226,
					"end":	7.000218,
					"seconds":	0.9999920129776,
					"bytes":	15728640,
					"bits_per_second":	125830125.008027,
					"retransmits":	0,
					"snd_cwnd":	6308936,
					"snd_wnd":	3143552,
					"rtt":	200109,
					"rttvar":	25,
					"pmtu":	1500,
					"omitted":	false,
					"sender":	true
				}],
			"sum":	{
				"start":	6.000226,
				"end":	7.000218,
				"seconds":	0.9999920129776,
				"bytes":	15728640,
				"bits_per_second":	125830125.008027,
				"retransmits":	0,
				"omitted":	false,
				"sender":	true
			}
		}, {
			"streams":	[{
					"socket":	6,
					"start":	7.000218,
					"end":	8.000199,
					"seconds":	0.99998098611831665,
					"bytes":	15728640,
					"bits_per_second":	125831512.54549158,
					"retransmits":	0,
					"snd_cwnd":	6308936,
					"snd_wnd":	3143552,
					"rtt":	200083,
					"rttvar":	24,
					"pmtu":	1500,
					"omitted":	false,
					"sender":	true
				}],
			"sum":	{
				"start":	7.000218,
				"end":	8.000199,
				"seconds":	0.99998098611831665,
				"bytes":	15728640,
				"bits_per_second":	125831512.54549158,
				"retransmits":	0,
				"omitted":	false,
				"sender":	true
			}
		}, {
			"streams":	[{
					"socket":	6,
					"start":	8.000199,
					"end":	9.000219,
					"seconds":	1.0000200271606445,
					"bytes":	14417920,
					"bits_per_second":	115341050.04626182,
					"retransmits":	0,
					"snd_cwnd":	6308936,
					"snd_wnd":	3143552,
					"rtt":	201071,
					"rttvar":	1076,
					"pmtu":	1500,
					"omitted":	false,
					"sender":	true
				}],
			"sum":	{
				"start":	8.000199,
				"end":	9.000219,
				"seconds":	1.0000200271606445,
				"bytes":	14417920,
				"bits_per_second":	115341050.04626182,
				"retransmits":	0,
				"omitted":	false,
				"sender":	true
			}
		}, {
			"streams":	[{
					"socket":	6,
					"start":	9.000219,
					"end":	10.000215,
					"seconds":	0.9999960064888,
					"bytes":	15728640,
					"bits_per_second":	125829622.50200675,
					"retransmits":	0,
					"snd_cwnd":	6308936,
					"snd_wnd":	3143552,
					"rtt":	200172,
					"rttvar":	134,
					"pmtu":	1500,
					"omitted":	false,
					"sender":	true
				}],
			"sum":	{
				"start":	9.000219,
				"end":	10.000215,
				"seconds":	0.9999960064888,
				"bytes":	15728640,
				"bits_per_second":	125829622.50200675,
				"retransmits":	0,
				"omitted":	false,
				"sender":	true
			}
		}, {
			"streams":	[{
					"socket":	6,
					"start":	10.000215,
					"end":	11.000197,
					"seconds":	0.99998199939727783,
					"bytes":	15728640,
					"bits_per_second":	125831385.0407721,
					"retransmits":	0,
					"snd_cwnd":	6308936,
					"snd_wnd":	3143552,
					"rtt":	200131,
					"rttvar":	54,
					"pmtu":	1500,
					"omitted":	false,
					"sender":	true
				}],
			"sum":	{
				"start":	10.000215,
				"end":	11.000197,
				"seconds":	0.99998199939727783,
				"bytes":	15728640,
				"bits_per_second":	125831385.0407721,
				"retransmits":	0,
				"omitted":	false,
				"sender":	true
			}
		}, {
			"streams":	[{
					"socket":	6,
					"start":	11.000197,
					"end":	12.000251,
					"seconds":	1.0000540018081665,
					"bytes":	14417920,
					"bits_per_second":	115337131.5863456,
					"retransmits":	0,
					"snd_cwnd":	6308936,
					"snd_wnd":	3143552,
					"rtt":	200093,
					"rttvar":	18,
					"pmtu":	1500,
					"omitted":	false,
					"sender":	true
				}],
			"sum":	{
				"start":	11.000197,
				"end":	12.000251,
				"seconds":	1.0000540018081665,
				"bytes":	14417920,
				"bits_per_second":	115337131.5863456,
				"retransmits":	0,
				"omitted":	false,
				"sender":	true
			}
		}, {
			"streams":	[{
					"socket":	6,
					"start":	12.000251,
					"end":	13.000199,
					"seconds":	0.999948024749756,
					"bytes":	15728640,
					"bits_per_second":	125835660.33993581,
					"retransmits":	0,
					"snd_cwnd":	6308936,
					"snd_wnd":	3137152,
					"rtt":	200142,
					"rttvar":	44,
					"pmtu":	1500,
					"omitted":	false,
					"sender":	true
				}],
			"sum":	{
				"start":	12.000251,
				"end":	13.000199,
				"seconds":	0.999948024749756,
				"bytes":	15728640,
				"bits_per_second":	125835660.33993581,
				"retransmits":	0,
				"omitted":	false,
				"sender":	true
			}
		}, {
			"streams":	[{
					"socket":	6,
					"start":	13.000199,
					"end":	14.00023,
					"seconds":	1.0000309944152832,
					"bytes":	15728640,
					"bits_per_second":	125825220.12087448,
					"retransmits":	0,
					"snd_cwnd":	6308936,
					"snd_wnd":	3143552,
					"rtt":	200105,
					"rttvar":	15,
					"pmtu":	1500,
					"omitted":	false,
					"sender":	true
				}],
			"sum":	{
				"start":	13.000199,
				"end":	14.00023,
				"seconds":	1.0000309944152832,
				"bytes":	15728640,
				"bits_per_second":	125825220.12087448,
				"retransmits":	0,
				"omitted":	false,
				"sender":	true
			}
		}, {
			"streams":	[{
					"socket":	6,
					"start":	14.00023,
					"end":	15.000213,
					"seconds":	0.999983012676239,
					"bytes":	14417920,
					"bits_per_second":	115345319.4082851,
					"retransmits":	0,
					"snd_cwnd":	6308936,
					"snd_wnd":	3143552,
					"rtt":	200751,
					"rttvar":	580,
					"pmtu":	1500,
					"omitted":	false,
					"sender":	true
				}],
			"sum":	{
				"start":	14.00023,
				"end":	15.000213,
				"seconds":	0.999983012676239,
				"bytes":	14417920,
				"bits_per_second":	115345319.4082851,
				"retransmits":	0,
				"omitted":	false,
				"sender":	true
			}
		}, {
			"streams":	[{
					"socket":	6,
					"start":	15.000213,
					"end":	16.000255,
					"seconds":	1.0000419616699219,
					"bytes":	15728640,
					"bits_per_second":	125823840.22154832,
					"retransmits":	0,
					"snd_cwnd":	6308936,
					"snd_wnd":	3143552,
					"rtt":	200598,
					"rttvar":	462,
					"pmtu":	1500,
					"omitted":	false,
					"sender":	true
				}],
			"sum":	{
				"start":	15.000213,
				"end":	16.000255,
				"seconds":	1.0000419616699219,
				"bytes":	15728640,
				"bits_per_second":	125823840.22154832,
				"retransmits":	0,
				"omitted":	false,
				"sender":	true
			}
		}, {
			"streams":	[{
					"socket":	6,
					"start":	16.000255,
					"end":	17.000222,
					"seconds":	0.99996697902679443,
					"bytes":	15728640,
					"bits_per_second":	125833275.13720667,
					"retransmits":	0,
					"snd_cwnd":	6308936,
					"snd_wnd":	3143552,
					"rtt":	200976,
					"rttvar":	456,
					"pmtu":	1500,
					"omitted":	false,
					"sender":	true
				}],
			"sum":	{
				"start":	16.000255,
				"end":	17.000222,
				"seconds":	0.99996697902679443,
				"bytes":	15728640,
				"bits_per_second":	125833275.13720667,
				"retransmits":	0,
				"omitted":	false,
				"sender":	true
			}
		}, {
			"streams":	[{
					"socket":	6,
					"start":	17.000222,
					"end":	18.000203,
					"seconds":	0.99998098611831665,
					"bytes":	14417920,
					"bits_per_second":	115345553.16670062,
					"retransmits":	0,
					"snd_cwnd":	6308936,
					"snd_wnd":	3143552,
					"rtt":	200080,
					"rttvar":	14,
					"pmtu":	1500,
					"omitted":	false,
					"sender":	true
				}],
			"sum":	{
				"start":	17.000222,
				"end":	18.000203,
				"seconds":	0.99998098611831665,
				"bytes":	14417920,
				"bits_per_second":	115345553.16670062,
				"retransmits":	0,
				"omitted":	false,
				"sender":	true
			}
		}, {
			"streams":	[{
					"socket":	6,
					"start":	18.000203,
					"end":	19.000186,
					"seconds":	0.999983012676239,
					"bytes":	15728640,
					"bits_per_second":	125831257.536311,
					"retransmits":	0,
					"snd_cwnd":	6308936,
					"snd_wnd":	3143552,
					"rtt":	201151,
					"rttvar":	888,
					"pmtu":	1500,
					"omitted":	false,
					"sender":	true
				}],
			"sum":	{
				"start":	18.000203,
				"end":	19.000186,
				"seconds":	0.999983012676239,
				"bytes":	15728640,
				"bits_per_second":	125831257.536311,
				"retransmits":	0,
				"omitted":	false,
				"sender":	true
			}
		}, {
			"streams":	[{
					"socket":	6,
					"start":	19.000186,
					"end":	20.000216,
					"seconds":	1.0000300407409668,
					"bytes":	15728640,
					"bits_per_second":	125825340.11355059,
					"retransmits":	0,
					"snd_cwnd":	6308936,
					"snd_wnd":	3143552,
					"rtt":	200081,
					"rttvar":	12,
					"pmtu":	1500,
					"omitted":	false,
					"sender":	true
				}],
			"sum":	{
				"start":	19.000186,
				"end":	20.000216,
				"seconds":	1.0000300407409668,
				"bytes":	15728640,
				"bits_per_second":	125825340.11355059,
				"retransmits":	0,
				"omitted":	false,
				"sender":	true
			}
		}, {
			"streams":	[{
					"socket":	6,
					"start":	20.000216,
					"end":	21.000211,
					"seconds":	0.999994993209839,
					"bytes":	14417920,
					"bits_per_second":	115343937.50289144,
					"retransmits":	0,
					"snd_cwnd":	6308936,
					"snd_wnd":	3143552,
					"rtt":	201329,
					"rttvar":	1109,
					"pmtu":	1500,
					"omitted":	false,
					"sender":	true
				}],
			"sum":	{
				"start":	20.000216,
				"end":	21.000211,
				"seconds":	0.999994993209839,
				"bytes":	14417920,
				"bits_per_second":	115343937.50289144,
				"retransmits":	0,
				"omitted":	false,
				"sender":	true
			}
		}, {
			"streams":	[{
					"socket":	6,
					"start":	21.000211,
					"end":	22.000191,
					"seconds":	0.99997997283935547,
					"bytes":	15728640,
					"bits_per_second":	125831640.05046946,
					"retransmits":	0,
					"snd_cwnd":	6308936,
					"snd_wnd":	3143552,
					"rtt":	200094,
					"rttvar":	14,
					"pmtu":	1500,
					"omitted":	false,
					"sender":	true
				}],
			"sum":	{
				"start":	21.000211,
				"end":	22.000191,
				"seconds":	0.99997997283935547,
				"bytes":	15728640,
				"bits_per_second":	125831640.05046946,
				"retransmits":	0,
				"omitted":	false,
				"sender":	true
			}
		}, {
			"streams":	[{
					"socket":	6,
					"start":	22.000191,
					"end":	23.000198,
					"seconds":	1.0000070333480835,
					"bytes":	15728640,
					"bits_per_second":	125828235.00622447,
					"retransmits":	0,
					"snd_cwnd":	6308936,
					"snd_wnd":	3143552,
					"rtt":	200075,
					"rttvar":	8,
					"pmtu":	1500,
					"omitted":	false,
					"sender":	true
				}],
			"sum":	{
				"start":	22.000191,
				"end":	23.000198,
				"seconds":	1.0000070333480835,
				"bytes":	15728640,
				"bits_per_second":	125828235.00622447,
				"retransmits":	0,
				"omitted":	false,
				"sender":	true
			}
		}, {
			"streams":	[{
					"socket":	6,
					"start":	23.000198,
					"end":	24.000189,
					"seconds":	0.999990999698639,
					"bytes":	14417920,
					"bits_per_second":	115344398.13434352,
					"retransmits":	0,
					"snd_cwnd":	6308936,
					"snd_wnd":	3143552,
					"rtt":	200084,
					"rttvar":	12,
					"pmtu":	1500,
					"omitted":	false,
					"sender":	true
				}],
			"sum":	{
				"start":	23.000198,
				"end":	24.000189,
				"seconds":	0.999990999698639,
				"bytes":	14417920,
				"bits_per_second":	115344398.13434352,
				"retransmits":	0,
				"omitted":	false,
				"sender":	true
			}
		}, {
			"streams":	[{
					"socket":	6,
					"start":	24.000189,
					"end":	25.000182,
					"seconds":	0.99999302625656128,
					"bytes":	15728640,
					"bits_per_second":	125829997.5061195,
					"retransmits":	0,
					"snd_cwnd":	6308936,
					"snd_wnd":	3143552,
					"rtt":	200210,
					"rttvar":	152,
					"pmtu":	1500,
					"omitted":	false,
					"sender":	true
				}],
			"sum":	{
				"start":	24.000189,
				"end":	25.000182,
				"seconds":	0.99999302625656128,
				"bytes":	15728640,
				"bits_per_second":	125829997.5061195,
				"retransmits":	0,
				"omitted":	false,
				"sender":	true
			}
		}, {
			"streams":	[{
					"socket":	6,
					"start":	25.000182,
					"end":	26.000177,
					"seconds":	0.999994993209839,
					"bytes":	15728640,
					"bits_per_second":	125829750.00315429,
					"retransmits":	0,
					"snd_cwnd":	6308936,
					"snd_wnd":	3143552,
					"rtt":	200081,
					"rttvar":	11,
					"pmtu":	1500,
					"omitted":	false,
					"sender":	true
				}],
			"sum":	{
				"start":	25.000182,
				"end":	26.000177,
				"seconds":	0.999994993209839,
				"bytes":	15728640,
				"bits_per_second":	125829750.00315429,
				"retransmits":	0,
				"omitted":	false,
				"sender":	true
			}
		}, {
			"streams":	[{
					"socket":	6,
					"start":	26.000177,
					"end":	27.000402,
					"seconds":	1.0002249479293823,
					"bytes":	14417920,
					"bits_per_second":	115317419.58524258,
					"retransmits":	0,
					"snd_cwnd":	6308936,
					"snd_wnd":	3143552,
					"rtt":	200085,
					"rttvar":	11,
					"pmtu":	1500,
					"omitted":	false,
					"sender":	true
				}],
			"sum":	{
				"start":	26.000177,
				"end":	27.000402,
				"seconds":	1.0002249479293823,
				"bytes":	14417920,
				"bits_per_second":	115317419.58524258,
				"retransmits":	0,
				"omitted":	false,
				"sender":	true
			}
		}, {
			"streams":	[{
					"socket":	6,
					"start":	27.000402,
					"end":	28.000184,
					"seconds":	0.9997820258140564,
					"bytes":	15728640,
					"bits_per_second":	125856553.47979042,
					"retransmits":	0,
					"snd_cwnd":	6308936,
					"snd_wnd":	3143552,
					"rtt":	200080,
					"rttvar":	13,
					"pmtu":	1500,
					"omitted":	false,
					"sender":	true
				}],
			"sum":	{
				"start":	27.000402,
				"end":	28.000184,
				"seconds":	0.9997820258140564,
				"bytes":	15728640,
				"bits_per_second":	125856553.47979042,
				"retransmits":	0,
				"omitted":	false,
				"sender":	true
			}
		}, {
			"streams":	[{
					"socket":	6,
					"start":	28.000184,
					"end":	29.000181,
					"seconds":	0.99999701976776123,
					"bytes":	15728640,
					"bits_per_second":	125829495.00111759,
					"retransmits":	0,
					"snd_cwnd":	6308936,
					"snd_wnd":	3143552,
					"rtt":	200225,
					"rttvar":	233,
					"pmtu":	1500,
					"omitted":	false,
					"sender":	true
				}],
			"sum":	{
				"start":	28.000184,
				"end":	29.000181,
				"seconds":	0.99999701976776123,
				"bytes":	15728640,
				"bits_per_second":	125829495.00111759,
				"retransmits":	0,
				"omitted":	false,
				"sender":	true
			}
		}, {
			"streams":	[{
					"socket":	6,
					"start":	29.000181,
					"end":	30.000186,
					"seconds":	1.0000050067901611,
					"bytes":	14417920,
					"bits_per_second":	115342782.50289141,
					"retransmits":	0,
					"snd_cwnd":	6308936,
					"snd_wnd":	3143552,
					"rtt":	200942,
					"rttvar":	629,
					"pmtu":	1500,
					"omitted":	false,
					"sender":	true
				}],
			"sum":	{
				"start":	29.000181,
				"end":	30.000186,
				"seconds":	1.0000050067901611,
				"bytes":	14417920,
				"bits_per_second":	115342782.50289141,
				"retransmits":	0,
				"omitted":	false,
				"sender":	true
			}
		}, {
			"streams":	[{
					"socket":	6,
					"start":	30.000186,
					"end":	31.000181,
					"seconds":	0.999994993209839,
					"bytes":	15728640,
					"bits_per_second":	125829750.00315429,
					"retransmits":	0,
					"snd_cwnd":	6308936,
					"snd_wnd":	3143552,
					"rtt":	200180,
					"rttvar":	163,
					"pmtu":	1500,
					"omitted":	false,
					"sender":	true
				}],
			"sum":	{
				"start":	30.000186,
				"end":	31.000181,
				"seconds":	0.999994993209839,
				"bytes":	15728640,
				"bits_per_second":	125829750.00315429,
				"retransmits":	0,
				"omitted":	false,
				"sender":	true
			}
		}, {
			"streams":	[{
					"socket":	6,
					"start":	31.000181,
					"end":	32.000197,
					"seconds":	1.0000159740448,
					"bytes":	15728640,
					"bits_per_second":	125827110.03210732,
					"retransmits":	0,
					"snd_cwnd":	6308936,
					"snd_wnd":	3143552,
					"rtt":	200095,
					"rttvar":	22,
					"pmtu":	1500,
					"omitted":	false,
					"sender":	true
				}],
			"sum":	{
				"start":	31.000181,
				"end":	32.000197,
				"seconds":	1.0000159740448,
				"bytes":	15728640,
				"bits_per_second":	125827110.03210732,
				"retransmits":	0,
				"omitted":	false,
				"sender":	true
			}
		}, {
			"streams":	[{
					"socket":	6,
					"start":	32.000197,
					"end":	33.000195,
					"seconds":	0.99999797344207764,
					"bytes":	14417920,
					"bits_per_second":	115343593.75047371,
					"retransmits":	0,
					"snd_cwnd":	6308936,
					"snd_wnd":	3143552,
					"rtt":	200111,
					"rttvar":	21,
					"pmtu":	1500,
					"omitted":	false,
					"sender":	true
				}],
			"sum":	{
				"start":	32.000197,
				"end":	33.000195,
				"seconds":	0.99999797344207764,
				"bytes":	14417920,
				"bits_per_second":	115343593.75047371,
				"retransmits":	0,
				"omitted":	false,
				"sender":	true
			}
		}, {
			"streams":	[{
					"socket":	6,
					"start":	33.000195,
					"end":	34.000172,
					"seconds":	0.9999769926071167,
					"bytes":	15728640,
					"bits_per_second":	125832015.06660794,
					"retransmits":	0,
					"snd_cwnd":	6308936,
					"snd_wnd":	3143552,
					"rtt":	200738,
					"rttvar":	391,
					"pmtu":	1500,
					"omitted":	false,
					"sender":	true
				}],
			"sum":	{
				"start":	33.000195,
				"end":	34.000172,
				"seconds":	0.9999769926071167,
				"bytes":	15728640,
				"bits_per_second":	125832015.06660794,
				"retransmits":	0,
				"omitted":	false,
				"sender":	true
			}
		}, {
			"streams":	[{
					"socket":	6,
					"start":	34.000172,
					"end":	35.000177,
					"seconds":	1.0000050067901611,
					"bytes":	15728640,
					"bits_per_second":	125828490.00315426,
					"retransmits":	0,
					"snd_cwnd":	6308936,
					"snd_wnd":	3143552,
					"rtt":	200101,
					"rttvar":	42,
					"pmtu":	1500,
					"omitted":	false,
					"sender":	true
				}],
			"sum":	{
				"start":	34.000172,
				"end":	35.000177,
				"seconds":	1.0000050067901611,
				"bytes":	15728640,
				"bits_per_second":	125828490.00315426,
				"retransmits":	0,
				"omitted":	false,
				"sender":	true
			}
		}, {
			"streams":	[{
					"socket":	6,
					"start":	35.000177,
					"end":	36.00019,
					"seconds":	1.000012993812561,
					"bytes":	14417920,
					"bits_per_second":	115341861.26947422,
					"retransmits":	0,
					"snd_cwnd":	6308936,
					"snd_wnd":	3143552,
					"rtt":	200164,
					"rttvar":	57,
					"pmtu":	1500,
					"omitted":	false,
					"sender":	true
				}],
			"sum":	{
				"start":	35.000177,
				"end":	36.00019,
				"seconds":	1.000012993812561,
				"bytes":	14417920,
				"bits_per_second":	115341861.26947422,
				"retransmits":	0,
				"omitted":	false,
				"sender":	true
			}
		}, {
			"streams":	[{
					"socket":	6,
					"start":	36.00019,
					"end":	37.000176,
					"seconds":	0.99998599290847778,
					"bytes":	15728640,
					"bits_per_second":	125830882.52468784,
					"retransmits":	0,
					"snd_cwnd":	6308936,
					"snd_wnd":	3143552,
					"rtt":	201587,
					"rttvar":	842,
					"pmtu":	1500,
					"omitted":	false,
					"sender":	true
				}],
			"sum":	{
				"start":	36.00019,
				"end":	37.000176,
				"seconds":	0.99998599290847778,
				"bytes":	15728640,
				"bits_per_second":	125830882.52468784,
				"retransmits":	0,
				"omitted":	false,
				"sender":	true
			}
		}, {
			"streams":	[{
					"socket":	6,
					"start":	37.000176,
					"end":	38.000174,
					"seconds":	0.99999797344207764,
					"bytes":	15728640,
					"bits_per_second":	125829375.00051677,
					"retransmits":	0,
					"snd_cwnd":	6308936,
					"snd_wnd":	3143552,
					"rtt":	200218,
					"rttvar":	137,
					"pmtu":	1500,
					"omitted":	false,
					"sender":	true
				}],
			"sum":	{
				"start":	37.000176,
				"end":	38.000174,
				"seconds":	0.99999797344207764,
				"bytes":	15728640,
				"bits_per_second":	125829375.00051677,
				"retransmits":	0,
				"omitted":	false,
				"sender":	true
			}
		}, {
			"streams":	[{
					"socket":	6,
					"start":	38.000174,
					"end":	39.000159,
					"seconds":	0.9999849796295166,
					"bytes":	14417920,
					"bits_per_second":	115345092.52602318,
					"retransmits":	0,
					"snd_cwnd":	6308936,
					"snd_wnd":	3143552,
					"rtt":	200172,
					"rttvar":	34,
					"pmtu":	1500,
					"omitted":	false,
					"sender":	true
				}],
			"sum":	{
				"start":	38.000174,
				"end":	39.000159,
				"seconds":	0.9999849796295166,
				"bytes":	14417920,
				"bits_per_second":	115345092.52602318,
				"retransmits":	0,
				"omitted":	false,
				"sender":	true
			}
		}, {
			"streams":	[{
					"socket":	6,
					"start":	39.000159,
					"end":	40.000162,
					"seconds":	1.0000029802322388,
					"bytes":	15728640,
					"bits_per_second":	125828745.00111759,
					"retransmits":	0,
					"snd_cwnd":	6308936,
					"snd_wnd":	3143552,
					"rtt":	201389,
					"rttvar":	937,
					"pmtu":	1500,
					"omitted":	false,
					"sender":	true
				}],
			"sum":	{
				"start":	39.000159,
				"end":	40.000162,
				"seconds":	1.0000029802322388,
				"bytes":	15728640,
				"bits_per_second":	125828745.00111759,
				"retransmits":	0,
				"omitted":	false,
				"sender":	true
			}
		}, {
			"streams":	[{
					"socket":	6,
					"start":	40.000162,
					"end":	41.000168,
					"seconds":	1.0000059604644775,
					"bytes":	15728640,
					"bits_per_second":	125828370.00447032,
					"retransmits":	0,
					"snd_cwnd":	6308936,
					"snd_wnd":	3143552,
					"rtt":	200123,
					"rttvar":	55,
					"pmtu":	1500,
					"omitted":	false,
					"sender":	true
				}],
			"sum":	{
				"start":	40.000162,
				"end":	41.000168,
				"seconds":	1.0000059604644775,
				"bytes":	15728640,
				"bits_per_second":	125828370.00447032,
				"retransmits":	0,
				"omitted":	false,
				"sender":	true
			}
		}, {
			"streams":	[{
					"socket":	6,
					"start":	41.000168,
					"end":	42.000149,
					"seconds":	0.99998098611831665,
					"bytes":	14417920,
					"bits_per_second":	115345553.16670062,
					"retransmits":	0,
					"snd_cwnd":	6308936,
					"snd_wnd":	3143552,
					"rtt":	200180,
					"rttvar":	41,
					"pmtu":	1500,
					"omitted":	false,
					"sender":	true
				}],
			"sum":	{
				"start":	41.000168,
				"end":	42.000149,
				"seconds":	0.99998098611831665,
				"bytes":	14417920,
				"bits_per_second":	115345553.16670062,
				"retransmits":	0,
				"omitted":	false,
				"sender":	true
			}
		}, {
			"streams":	[{
					"socket":	6,
					"start":	42.000149,
					"end":	43.000148,
					"seconds":	0.99999898672103882,
					"bytes":	15728640,
					"bits_per_second":	125829247.50012919,
					"retransmits":	0,
					"snd_cwnd":	6308936,
					"snd_wnd":	3143552,
					"rtt":	201272,
					"rttvar":	883,
					"pmtu":	1500,
					"omitted":	false,
					"sender":	true
				}],
			"sum":	{
				"start":	42.000149,
				"end":	43.000148,
				"seconds":	0.99999898672103882,
				"bytes":	15728640,
				"bits_per_second":	125829247.50012919,
				"retransmits":	0,
				"omitted":	false,
				"sender":	true
			}
		}, {
			"streams":	[{
					"socket":	6,
					"start":	43.000148,
					"end":	44.000142,
					"seconds":	0.99999397993087769,
					"bytes":	15728640,
					"bits_per_second":	125829877.50456023,
					"retransmits":	0,
					"snd_cwnd":	6308936,
					"snd_wnd":	3143552,
					"rtt":	200091,
					"rttvar":	22,
					"pmtu":	1500,
					"omitted":	false,
					"sender":	true
				}],
			"sum":	{
				"start":	43.000148,
				"end":	44.000142,
				"seconds":	0.99999397993087769,
				"bytes":	15728640,
				"bits_per_second":	125829877.50456023,
				"retransmits":	0,
				"omitted":	false,
				"sender":	true
			}
		}, {
			"streams":	[{
					"socket":	6,
					"start":	44.000142,
					"end":	45.000142,
					"seconds":	1,
					"bytes":	14417920,
					"bits_per_second":	115343360,
					"retransmits":	0,
					"snd_cwnd":	6308936,
					"snd_wnd":	3143552,
					"rtt":	200217,
					"rttvar":	37,
					"pmtu":	1500,
					"omitted":	false,
					"sender":	true
				}],
			"sum":	{
				"start":	44.000142,
				"end":	45.000142,
				"seconds":	1,
				"bytes":	14417920,
				"bits_per_second":	115343360,
				"retransmits":	0,
				"omitted":	false,
				"sender":	true
			}
		}, {
			"streams":	[{
					"socket":	6,
					"start":	45.000142,
					"end":	46.00014,
					"seconds":	0.99999797344207764,
					"bytes":	15728640,
					"bits_per_second":	125829375.00051677,
					"retransmits":	0,
					"snd_cwnd":	6308936,
					"snd_wnd":	3143552,
					"rtt":	201070,
					"rttvar":	735,
					"pmtu":	1500,
					"omitted":	false,
					"sender":	true
				}],
			"sum":	{
				"start":	45.000142,
				"end":	46.00014,
				"seconds":	0.99999797344207764,
				"bytes":	15728640,
				"bits_per_second":	125829375.00051677,
				"retransmits":	0,
				"omitted":	false,
				"sender":	true
			}
		}, {
			"streams":	[{
					"socket":	6,
					"start":	46.00014,
					"end":	47.000135,
					"seconds":	0.999994993209839,
					"bytes":	15728640,
					"bits_per_second":	125829750.00315429,
					"retransmits":	0,
					"snd_cwnd":	6308936,
					"snd_wnd":	3143552,
					"rtt":	200074,
					"rttvar":	6,
					"pmtu":	1500,
					"omitted":	false,
					"sender":	true
				}],
			"sum":	{
				"start":	46.00014,
				"end":	47.000135,
				"seconds":	0.999994993209839,
				"bytes":	15728640,
				"bits_per_second":	125829750.00315429,
				"retransmits":	0,
				"omitted":	false,
				"sender":	true
			}
		}, {
			"streams":	[{
					"socket":	6,
					"start":	47.000135,
					"end":	48.000141,
					"seconds":	1.0000059604644775,
					"bytes":	14417920,
					"bits_per_second":	115342672.50409779,
					"retransmits":	0,
					"snd_cwnd":	6308936,
					"snd_wnd":	3143552,
					"rtt":	200121,
					"rttvar":	20,
					"pmtu":	1500,
					"omitted":	false,
					"sender":	true
				}],
			"sum":	{
				"start":	47.000135,
				"end":	48.000141,
				"seconds":	1.0000059604644775,
				"bytes":	14417920,
				"bits_per_second":	115342672.50409779,
				"retransmits":	0,
				"omitted":	false,
				"sender":	true
			}
		}, {
			"streams":	[{
					"socket":	6,
					"start":	48.000141,
					"end":	49.000145,
					"seconds":	1.0000040531158447,
					"bytes":	15728640,
					"bits_per_second":	125828610.00206707,
					"retransmits":	0,
					"snd_cwnd":	6308936,
					"snd_wnd":	3143552,
					"rtt":	200771,
					"rttvar":	666,
					"pmtu":	1500,
					"omitted":	false,
					"sender":	true
				}],
			"sum":	{
				"start":	48.000141,
				"end":	49.000145,
				"seconds":	1.0000040531158447,
				"bytes":	15728640,
				"bits_per_second":	125828610.00206707,
				"retransmits":	0,
				"omitted":	false,
				"sender":	true
			}
		}, {
			"streams":	[{
					"socket":	6,
					"start":	49.000145,
					"end":	50.000133,
					"seconds":	0.9999880194664,
					"bytes":	15728640,
					"bits_per_second":	125830627.51806088,
					"retransmits":	0,
					"snd_cwnd":	6308936,
					"snd_wnd":	3143552,
					"rtt":	200091,
					"rttvar":	7,
					"pmtu":	1500,
					"omitted":	false,
					"sender":	true
				}],
			"sum":	{
				"start":	49.000145,
				"end":	50.000133,
				"seconds":	0.9999880194664,
				"bytes":	15728640,
				"bits_per_second":	125830627.51806088,
				"retransmits":	0,
				"omitted":	false,
				"sender":	true
			}
		}, {
			"streams":	[{
					"socket":	6,
					"start":	50.000133,
					"end":	51.000137,
					"seconds":	1.0000040531158447,
					"bytes":	14417920,
					"bits_per_second":	115342892.50189482,
					"retransmits":	0,
					"snd_cwnd":	6308936,
					"snd_wnd":	3143552,
					"rtt":	200524,
					"rttvar":	534,
					"pmtu":	1500,
					"omitted":	false,
					"sender":	true
				}],
			"sum":	{
				"start":	50.000133,
				"end":	51.000137,
				"seconds":	1.0000040531158447,
				"bytes":	14417920,
				"bits_per_second":	115342892.50189482,
				"retransmits":	0,
				"omitted":	false,
				"sender":	true
			}
		}, {
			"streams":	[{
					"socket":	6,
					"start":	51.000137,
					"end":	52.000163,
					"seconds":	1.0000259876251221,
					"bytes":	15728640,
					"bits_per_second":	125825850.08497733,
					"retransmits":	0,
					"snd_cwnd":	6308936,
					"snd_wnd":	3143552,
					"rtt":	201000,
					"rttvar":	752,
					"pmtu":	1500,
					"omitted":	false,
					"sender":	true
				}],
			"sum":	{
				"start":	51.000137,
				"end":	52.000163,
				"seconds":	1.0000259876251221,
				"bytes":	15728640,
				"bits_per_second":	125825850.08497733,
				"retransmits":	0,
				"omitted":	false,
				"sender":	true
			}
		}, {
			"streams":	[{
					"socket":	6,
					"start":	52.000163,
					"end":	53.000141,
					"seconds":	0.999978005886078,
					"bytes":	15728640,
					"bits_per_second":	125831887.56087005,
					"retransmits":	0,
					"snd_cwnd":	6308936,
					"snd_wnd":	3143552,
					"rtt":	200083,
					"rttvar":	12,
					"pmtu":	1500,
					"omitted":	false,
					"sender":	true
				}],
			"sum":	{
				"start":	52.000163,
				"end":	53.000141,
				"seconds":	0.999978005886078,
				"bytes":	15728640,
				"bits_per_second":	125831887.56087005,
				"retransmits":	0,
				"omitted":	false,
				"sender":	true
			}
		}, {
			"streams":	[{
					"socket":	6,
					"start":	53.000141,
					"end":	54.000164,
					"seconds":	1.0000230073928833,
					"bytes":	14417920,
					"bits_per_second":	115340706.31105447,
					"retransmits":	0,
					"snd_cwnd":	6308936,
					"snd_wnd":	3143552,
					"rtt":	200082,
					"rttvar":	20,
					"pmtu":	1500,
					"omitted":	false,
					"sender":	true
				}],
			"sum":	{
				"start":	53.000141,
				"end":	54.000164,
				"seconds":	1.0000230073928833,
				"bytes":	14417920,
				"bits_per_second":	115340706.31105447,
				"retransmits":	0,
				"omitted":	false,
				"sender":	true
			}
		}, {
			"streams":	[{
					"socket":	6,
					"start":	54.000164,
					"end":	55.000135,
					"seconds":	0.99997097253799438,
					"bytes":	15728640,
					"bits_per_second":	125832772.60602589,
					"retransmits":	0,
					"snd_cwnd":	6308936,
					"snd_wnd":	3143552,
					"rtt":	200449,
					"rttvar":	440,
					"pmtu":	1500,
					"omitted":	false,
					"sender":	true
				}],
			"sum":	{
				"start":	54.000164,
				"end":	55.000135,
				"seconds":	0.99997097253799438,
				"bytes":	15728640,
				"bits_per_second":	125832772.60602589,
				"retransmits":	0,
				"omitted":	false,
				"sender":	true
			}
		}, {
			"streams":	[{
					"socket":	6,
					"start":	55.000135,
					"end":	56.000127,
					"seconds":	0.9999920129776,
					"bytes":	15728640,
					"bits_per_second":	125830125.008027,
					"retransmits":	0,
					"snd_cwnd":	6308936,
					"snd_wnd":	3143552,
					"rtt":	200085,
					"rttvar":	12,
					"pmtu":	1500,
					"omitted":	false,
					"sender":	true
				}],
			"sum":	{
				"start":	55.000135,
				"end":	56.000127,
				"seconds":	0.9999920129776,
				"bytes":	15728640,
				"bits_per_second":	125830125.008027,
				"retransmits":	0,
				"omitted":	false,
				"sender":	true
			}
		}, {
			"streams":	[{
					"socket":	6,
					"start":	56.000127,
					"end":	57.000127,
					"seconds":	1,
					"bytes":	14417920,
					"bits_per_second":	115343360,
					"retransmits":	0,
					"snd_cwnd":	6308936,
					"snd_wnd":	3143552,
					"rtt":	200435,
					"rttvar":	506,
					"pmtu":	1500,
					"omitted":	false,
					"sender":	true
				}],
			"sum":	{
				"start":	56.000127,
				"end":	57.000127,
				"seconds":	1,
				"bytes":	14417920,
				"bits_per_second":	115343360,
				"retransmits":	0,
				"omitted":	false,
				"sender":	true
			}
		}, {
			"streams":	[{
					"socket":	6,
					"start":	57.000127,
					"end":	58.00012,
					"seconds":	0.99999302625656128,
					"bytes":	15728640,
					"bits_per_second":	125829997.5061195,
					"retransmits":	0,
					"snd_cwnd":	6308936,
					"snd_wnd":	3143552,
					"rtt":	200115,
					"rttvar":	50,
					"pmtu":	1500,
					"omitted":	false,
					"sender":	true
				}],
			"sum":	{
				"start":	57.000127,
				"end":	58.00012,
				"seconds":	0.99999302625656128,
				"bytes":	15728640,
				"bits_per_second":	125829997.5061195,
				"retransmits":	0,
				"omitted":	false,
				"sender":	true
			}
		}, {
			"streams":	[{
					"socket":	6,
					"start":	58.00012,
					"end":	59.000149,
					"seconds":	1.0000289678573608,
					"bytes":	15728640,
					"bits_per_second":	125825475.10558479,
					"retransmits":	0,
					"snd_cwnd":	6308936,
					"snd_wnd":	3100288,
					"rtt":	200145,
					"rttvar":	29,
					"pmtu":	1500,
					"omitted":	false,
					"sender":	true
				}],
			"sum":	{
				"start":	58.00012,
				"end":	59.000149,
				"seconds":	1.0000289678573608,
				"bytes":	15728640,
				"bits_per_second":	125825475.10558479,
				"retransmits":	0,
				"omitted":	false,
				"sender":	true
			}
		}, {
			"streams":	[{
					"socket":	6,
					"start":	59.000149,
					"end":	60.000148,
					"seconds":	0.99999898672103882,
					"bytes":	14417920,
					"bits_per_second":	115343476.87511843,
					"retransmits":	0,
					"snd_cwnd":	6308936,
					"snd_wnd":	3143552,
					"rtt":	200113,
					"rttvar":	17,
					"pmtu":	1500,
					"omitted":	false,
					"sender":	true
				}],
			"sum":	{
				"start":	59.000149,
				"end":	60.000148,
				"seconds":	0.99999898672103882,
				"bytes":	14417920,
				"bits_per_second":	115343476.87511843,
				"retransmits":	0,
				"omitted":	false,
				"sender":	true
			}
		}],
	"end":	{
		"streams":	[{
				"sender":	{
					"socket":	6,
					"start":	0,
					"end":	60.000148,
					"seconds":	60.000148,
					"bytes":	896008192,
					"bits_per_second":	119467464.24692152,
					"retransmits":	0,
					"max_snd_cwnd":	6308936,
					"max_snd_wnd":	3143552,
					"max_rtt":	210806,
					"min_rtt":	200074,
					"mean_rtt":	200545,
					"sender":	true
				},
				"receiver":	{
					"socket":	6,
					"start":	0,
					"end":	60.200284,
					"seconds":	60.000148,
					"bytes":	896007912,
					"bits_per_second":	119070257.14363739,
					"sender":	true
				}
			}],
		"sum_sent":	{
			"start":	0,
			"end":	60.000148,
			"seconds":	60.000148,
			"bytes":	896008192,
			"bits_per_second":	119467464.24692152,
			"retransmits":	0,
			"sender":	true
		},
		"sum_received":	{
			"start":	0,
			"end":	60.200284,
			"seconds":	60.200284,
			"bytes":	896007912,
			"bits_per_second":	119070257.14363739,
			"sender":	true
		},
		"cpu_utilization_percent":	{
			"host_total":	0.54351867170208135,
			"host_user":	0.0570687121998315,
			"host_system":	0.48644995950224978,
			"remote_total":	0.50517024001541522,
			"remote_user":	0.02435702147663716,
			"remote_system":	0.48081487966006814
		},
		"sender_tcp_congestion":	"cubic",
		"receiver_tcp_congestion":	"cubic"
	}
}
