{
	"start":	{
		"connected":	[{
				"socket":	6,
				"local_host":	"192.168.101.210",
				"local_port":	56282,
				"remote_host":	"192.168.100.168",
				"remote_port":	5202
			}],
		"version":	"iperf 3.11",
		"system_info":	"Linux f1 6.0.10-300.fc37.x86_64 #1 SMP PREEMPT_DYNAMIC Sat Nov 26 16:55:13 UTC 2022 x86_64",
		"timestamp":	{
			"time":	"Sat, 10 Dec 2022 20:35:03 GMT",
			"timesecs":	1670704503
		},
		"connecting_to":	{
			"host":	"192.168.100.168",
			"port":	5202
		},
		"cookie":	"2mkzescf2wea7hct6sy2rj2y4kdckruiz3ee",
		"tcp_mss_default":	1448,
		"target_bitrate":	0,
		"sock_bufsize":	0,
		"sndbuf_actual":	16384,
		"rcvbuf_actual":	131072,
		"test_start":	{
			"protocol":	"TCP",
			"num_streams":	1,
			"blksize":	131072,
			"omit":	0,
			"duration":	60,
			"bytes":	0,
			"blocks":	0,
			"reverse":	0,
			"tos":	0,
			"target_bitrate":	0
		}
	},
	"intervals":	[{
			"streams":	[{
					"socket":	6,
					"start":	0,
					"end":	1.000124,
					"seconds":	1.0001239776611328,
					"bytes":	1560944,
					"bits_per_second":	12486004.014425397,
					"retransmits":	0,
					"snd_cwnd":	209960,
					"snd_wnd":	326144,
					"rtt":	200178,
					"rttvar":	94,
					"pmtu":	1500,
					"omitted":	false,
					"sender":	true
				}],
			"sum":	{
				"start":	0,
				"end":	1.000124,
				"seconds":	1.0001239776611328,
				"bytes":	1560944,
				"bits_per_second":	12486004.014425397,
				"retransmits":	0,
				"omitted":	false,
				"sender":	true
			}
		}, {
			"streams":	[{
					"socket":	6,
					"start":	1.000124,
					"end":	2.000336,
					"seconds":	1.0002119541168213,
					"bytes":	4468368,
					"bits_per_second":	35739368.8936304,
					"retransmits":	14,
					"snd_cwnd":	2809120,
					"snd_wnd":	3141248,
					"rtt":	201176,
					"rttvar":	6,
					"pmtu":	1500,
					"omitted":	false,
					"sender":	true
				}],
			"sum":	{
				"start":	1.000124,
				"end":	2.000336,
				"seconds":	1.0002119541168213,
				"bytes":	4468368,
				"bits_per_second":	35739368.8936304,
				"retransmits":	14,
				"omitted":	false,
				"sender":	true
			}
		}, {
			"streams":	[{
					"socket":	6,
					"start":	2.000336,
					"end":	3.000171,
					"seconds":	0.99983501434326172,
					"bytes":	15728640,
					"bits_per_second":	125849883.42566742,
					"retransmits":	0,
					"snd_cwnd":	9241136,
					"snd_wnd":	3145728,
					"rtt":	200079,
					"rttvar":	7,
					"pmtu":	1500,
					"omitted":	false,
					"sender":	true
				}],
			"sum":	{
				"start":	2.000336,
				"end":	3.000171,
				"seconds":	0.99983501434326172,
				"bytes":	15728640,
				"bits_per_second":	125849883.42566742,
				"retransmits":	0,
				"omitted":	false,
				"sender":	true
			}
		}, {
			"streams":	[{
					"socket":	6,
					"start":	3.000171,
					"end":	4.000444,
					"seconds":	1.0002729892730713,
					"bytes":	15728640,
					"bits_per_second":	125794779.37462236,
					"retransmits":	0,
					"snd_cwnd":	9241136,
					"snd_wnd":	3145728,
					"rtt":	200077,
					"rttvar":	6,
					"pmtu":	1500,
					"omitted":	false,
					"sender":	true
				}],
			"sum":	{
				"start":	3.000171,
				"end":	4.000444,
				"seconds":	1.0002729892730713,
				"bytes":	15728640,
				"bits_per_second":	125794779.37462236,
				"retransmits":	0,
				"omitted":	false,
				"sender":	true
			}
		}, {
			"streams":	[{
					"socket":	6,
					"start":	4.000444,
					"end":	5.000158,
					"seconds":	0.99971401691436768,
					"bytes":	14417920,
					"bits_per_second":	115376355.68620816,
					"retransmits":	0,
					"snd_cwnd":	9241136,
					"snd_wnd":	3145728,
					"rtt":	200076,
					"rttvar":	9,
					"pmtu":	1500,
					"omitted":	false,
					"sender":	true
				}],
			"sum":	{
				"start":	4.000444,
				"end":	5.000158,
				"seconds":	0.99971401691436768,
				"bytes":	14417920,
				"bits_per_second":	115376355.68620816,
				"retransmits":	0,
				"omitted":	false,
				"sender":	true
			}
		}, {
			"streams":	[{
					"socket":	6,
					"start":	5.000158,
					"end":	6.00013,
					"seconds":	0.99997198581695557,
					"bytes":	15728640,
					"bits_per_second":	125832645.09875277,
					"retransmits":	0,
					"snd_cwnd":	9241136,
					"snd_wnd":	3145728,
					"rtt":	200075,
					"rttvar":	5,
					"pmtu":	1500,
					"omitted":	false,
					"sender":	true
				}],
			"sum":	{
				"start":	5.000158,
				"end":	6.00013,
				"seconds":	0.99997198581695557,
				"bytes":	15728640,
				"bits_per_second":	125832645.09875277,
				"retransmits":	0,
				"omitted":	false,
				"sender":	true
			}
		}, {
			"streams":	[{
					"socket":	6,
					"start":	6.00013,
					"end":	7.000322,
					"seconds":	1.0001920461654663,
					"bytes":	15728640,
					"bits_per_second":	125804959.63990451,
					"retransmits":	0,
					"snd_cwnd":	9241136,
					"snd_wnd":	3145728,
					"rtt":	200089,
					"rttvar":	3,
					"pmtu":	1500,
					"omitted":	false,
					"sender":	true
				}],
			"sum":	{
				"start":	6.00013,
				"end":	7.000322,
				"seconds":	1.0001920461654663,
				"bytes":	15728640,
				"bits_per_second":	125804959.63990451,
				"retransmits":	0,
				"omitted":	false,
				"sender":	true
			}
		}, {
			"streams":	[{
					"socket":	6,
					"start":	7.000322,
					"end":	8.000339,
					"seconds":	1.0000170469284058,
					"bytes":	14417920,
					"bits_per_second":	115341393.78351796,
					"retransmits":	0,
					"snd_cwnd":	9241136,
					"snd_wnd":	3145728,
					"rtt":	200085,
					"rttvar":	5,
					"pmtu":	1500,
					"omitted":	false,
					"sender":	true
				}],
			"sum":	{
				"start":	7.000322,
				"end":	8.000339,
				"seconds":	1.0000170469284058,
				"bytes":	14417920,
				"bits_per_second":	115341393.78351796,
				"retransmits":	0,
				"omitted":	false,
				"sender":	true
			}
		}, {
			"streams":	[{
					"socket":	6,
					"start":	8.000339,
					"end":	9.000323,
					"seconds":	0.9999840259552002,
					"bytes":	15728640,
					"bits_per_second":	125831130.03210834,
					"retransmits":	0,
					"snd_cwnd":	9241136,
					"snd_wnd":	3145728,
					"rtt":	200095,
					"rttvar":	11,
					"pmtu":	1500,
					"omitted":	false,
					"sender":	true
				}],
			"sum":	{
				"start":	8.000339,
				"end":	9.000323,
				"seconds":	0.9999840259552002,
				"bytes":	15728640,
				"bits_per_second":	125831130.03210834,
				"retransmits":	0,
				"omitted":	false,
				"sender":	true
			}
		}, {
			"streams":	[{
					"socket":	6,
					"start":	9.000323,
					"end":	10.000109,
					"seconds":	0.99978601932525635,
					"bytes":	15728640,
					"bits_per_second":	125856050.76266277,
					"retransmits":	0,
					"snd_cwnd":	9241136,
					"snd_wnd":	3145728,
					"rtt":	200082,
					"rttvar":	5,
					"pmtu":	1500,
					"omitted":	false,
					"sender":	true
				}],
			"sum":	{
				"start":	9.000323,
				"end":	10.000109,
				"seconds":	0.99978601932525635,
				"bytes":	15728640,
				"bits_per_second":	125856050.76266277,
				"retransmits":	0,
				"omitted":	false,
				"sender":	true
			}
		}, {
			"streams":	[{
					"socket":	6,
					"start":	10.000109,
					"end":	11.000332,
					"seconds":	1.0002230405807495,
					"bytes":	14417920,
					"bits_per_second":	115317639.48671822,
					"retransmits":	0,
					"snd_cwnd":	9241136,
					"snd_wnd":	3145728,
					"rtt":	200087,
					"rttvar":	4,
					"pmtu":	1500,
					"omitted":	false,
					"sender":	true
				}],
			"sum":	{
				"start":	10.000109,
				"end":	11.000332,
				"seconds":	1.0002230405807495,
				"bytes":	14417920,
				"bits_per_second":	115317639.48671822,
				"retransmits":	0,
				"omitted":	false,
				"sender":	true
			}
		}, {
			"streams":	[{
					"socket":	6,
					"start":	11.000332,
					"end":	12.000305,
					"seconds":	0.99997299909591675,
					"bytes":	15728640,
					"bits_per_second":	125832517.59173805,
					"retransmits":	0,
					"snd_cwnd":	9241136,
					"snd_wnd":	3145728,
					"rtt":	200077,
					"rttvar":	6,
					"pmtu":	1500,
					"omitted":	false,
					"sender":	true
				}],
			"sum":	{
				"start":	11.000332,
				"end":	12.000305,
				"seconds":	0.99997299909591675,
				"bytes":	15728640,
				"bits_per_second":	125832517.59173805,
				"retransmits":	0,
				"omitted":	false,
				"sender":	true
			}
		}, {
			"streams":	[{
					"socket":	6,
					"start":	12.000305,
					"end":	13.000082,
					"seconds":	0.99977701902389526,
					"bytes":	10485760,
					"bits_per_second":	83904789.1717894,
					"retransmits":	0,
					"snd_cwnd":	9241136,
					"snd_wnd":	3145728,
					"rtt":	200098,
					"rttvar":	16,
					"pmtu":	1500,
					"omitted":	false,
					"sender":	true
				}],
			"sum":	{
				"start":	12.000305,
				"end":	13.000082,
				"seconds":	0.99977701902389526,
				"bytes":	10485760,
				"bits_per_second":	83904789.1717894,
				"retransmits":	0,
				"omitted":	false,
				"sender":	true
			}
		}, {
			"streams":	[{
					"socket":	6,
					"start":	13.000082,
					"end":	14.000387,
					"seconds":	1.0003050565719604,
					"bytes":	14417920,
					"bits_per_second":	115308184.48052339,
					"retransmits":	0,
					"snd_cwnd":	9241136,
					"snd_wnd":	3145728,
					"rtt":	200091,
					"rttvar":	12,
					"pmtu":	1500,
					"omitted":	false,
					"sender":	true
				}],
			"sum":	{
				"start":	13.000082,
				"end":	14.000387,
				"seconds":	1.0003050565719604,
				"bytes":	14417920,
				"bits_per_second":	115308184.48052339,
				"retransmits":	0,
				"omitted":	false,
				"sender":	true
			}
		}, {
			"streams":	[{
					"socket":	6,
					"start":	14.000387,
					"end":	15.000078,
					"seconds":	0.99969100952148438,
					"bytes":	15728640,
					"bits_per_second":	125868012.01726303,
					"retransmits":	0,
					"snd_cwnd":	9241136,
					"snd_wnd":	3145728,
					"rtt":	200152,
					"rttvar":	32,
					"pmtu":	1500,
					"omitted":	false,
					"sender":	true
				}],
			"sum":	{
				"start":	14.000387,
				"end":	15.000078,
				"seconds":	0.99969100952148438,
				"bytes":	15728640,
				"bits_per_second":	125868012.01726303,
				"retransmits":	0,
				"omitted":	false,
				"sender":	true
			}
		}, {
			"streams":	[{
					"socket":	6,
					"start":	15.000078,
					"end":	16.000191,
					"seconds":	1.0001130104064941,
					"bytes":	14417920,
					"bits_per_second":	115330326.47292419,
					"retransmits":	0,
					"snd_cwnd":	9241136,
					"snd_wnd":	3145728,
					"rtt":	200099,
					"rttvar":	14,
					"pmtu":	1500,
					"omitted":	false,
					"sender":	true
				}],
			"sum":	{
				"start":	15.000078,
				"end":	16.000191,
				"seconds":	1.0001130104064941,
				"bytes":	14417920,
				"bits_per_second":	115330326.47292419,
				"retransmits":	0,
				"omitted":	false,
				"sender":	true
			}
		}, {
			"streams":	[{
					"socket":	6,
					"start":	16.000191,
					"end":	17.000186,
					"seconds":	0.999994993209839,
					"bytes":	15728640,
					"bits_per_second":	125829750.00315429,
					"retransmits":	0,
					"snd_cwnd":	9241136,
					"snd_wnd":	3145728,
					"rtt":	200095,
					"rttvar":	45,
					"pmtu":	1500,
					"omitted":	false,
					"sender":	true
				}],
			"sum":	{
				"start":	16.000191,
				"end":	17.000186,
				"seconds":	0.999994993209839,
				"bytes":	15728640,
				"bits_per_second":	125829750.00315429,
				"retransmits":	0,
				"omitted":	false,
				"sender":	true
			}
		}, {
			"streams":	[{
					"socket":	6,
					"start":	17.000186,
					"end":	18.000187,
					"seconds":	1.0000009536743164,
					"bytes":	14417920,
					"bits_per_second":	115343250.0001049,
					"retransmits":	0,
					"snd_cwnd":	9241136,
					"snd_wnd":	3145728,
					"rtt":	200072,
					"rttvar":	3,
					"pmtu":	1500,
					"omitted":	false,
					"sender":	true
				}],
			"sum":	{
				"start":	17.000186,
				"end":	18.000187,
				"seconds":	1.0000009536743164,
				"bytes":	14417920,
				"bits_per_second":	115343250.0001049,
				"retransmits":	0,
				"omitted":	false,
				"sender":	true
			}
		}, {
			"streams":	[{
					"socket":	6,
					"start":	18.000187,
					"end":	19.000172,
					"seconds":	0.9999849796295166,
					"bytes":	15728640,
					"bits_per_second":	125831010.02838893,
					"retransmits":	0,
					"snd_cwnd":	9241136,
					"snd_wnd":	3145728,
					"rtt":	200074,
					"rttvar":	3,
					"pmtu":	1500,
					"omitted":	false,
					"sender":	true
				}],
			"sum":	{
				"start":	18.000187,
				"end":	19.000172,
				"seconds":	0.9999849796295166,
				"bytes":	15728640,
				"bits_per_second":	125831010.02838893,
				"retransmits":	0,
				"omitted":	false,
				"sender":	true
			}
		}, {
			"streams":	[{
					"socket":	6,
					"start":	19.000172,
					"end":	20.000163,
					"seconds":	0.999990999698639,
					"bytes":	15728640,
					"bits_per_second":	125830252.51019293,
					"retransmits":	0,
					"snd_cwnd":	9241136,
					"snd_wnd":	3145728,
					"rtt":	200092,
					"rttvar":	6,
					"pmtu":	1500,
					"omitted":	false,
					"sender":	true
				}],
			"sum":	{
				"start":	19.000172,
				"end":	20.000163,
				"seconds":	0.999990999698639,
				"bytes":	15728640,
				"bits_per_second":	125830252.51019293,
				"retransmits":	0,
				"omitted":	false,
				"sender":	true
			}
		}, {
			"streams":	[{
					"socket":	6,
					"start":	20.000163,
					"end":	21.000317,
					"seconds":	1.0001540184020996,
					"bytes":	14417920,
					"bits_per_second":	115325597.73571557,
					"retransmits":	0,
					"snd_cwnd":	9241136,
					"snd_wnd":	3145728,
					"rtt":	200079,
					"rttvar":	8,
					"pmtu":	1500,
					"omitted":	false,
					"sender":	true
				}],
			"sum":	{
				"start":	20.000163,
				"end":	21.000317,
				"seconds":	1.0001540184020996,
				"bytes":	14417920,
				"bits_per_second":	115325597.73571557,
				"retransmits":	0,
				"omitted":	false,
				"sender":	true
			}
		}, {
			"streams":	[{
					"socket":	6,
					"start":	21.000317,
					"end":	22.000151,
					"seconds":	0.99983400106430054,
					"bytes":	15728640,
					"bits_per_second":	125850010.96787843,
					"retransmits":	0,
					"snd_cwnd":	9241136,
					"snd_wnd":	3145728,
					"rtt":	200077,
					"rttvar":	6,
					"pmtu":	1500,
					"omitted":	false,
					"sender":	true
				}],
			"sum":	{
				"start":	21.000317,
				"end":	22.000151,
				"seconds":	0.99983400106430054,
				"bytes":	15728640,
				"bits_per_second":	125850010.96787843,
				"retransmits":	0,
				"omitted":	false,
				"sender":	true
			}
		}, {
			"streams":	[{
					"socket":	6,
					"start":	22.000151,
					"end":	23.000128,
					"seconds":	0.9999769926071167,
					"bytes":	15728640,
					"bits_per_second":	125832015.06660794,
					"retransmits":	0,
					"snd_cwnd":	9241136,
					"snd_wnd":	3145728,
					"rtt":	200102,
					"rttvar":	20,
					"pmtu":	1500,
					"omitted":	false,
					"sender":	true
				}],
			"sum":	{
				"start":	22.000151,
				"end":	23.000128,
				"seconds":	0.9999769926071167,
				"bytes":	15728640,
				"bits_per_second":	125832015.06660794,
				"retransmits":	0,
				"omitted":	false,
				"sender":	true
			}
		}, {
			"streams":	[{
					"socket":	6,
					"start":	23.000128,
					"end":	24.000138,
					"seconds":	1.0000100135803223,
					"bytes":	14417920,
					"bits_per_second":	115342205.01156557,
					"retransmits":	0,
					"snd_cwnd":	9241136,
					"snd_wnd":	3145728,
					"rtt":	200078,
					"rttvar":	6,
					"pmtu":	1500,
					"omitted":	false,
					"sender":	true
				}],
			"sum":	{
				"start":	23.000128,
				"end":	24.000138,
				"seconds":	1.0000100135803223,
				"bytes":	14417920,
				"bits_per_second":	115342205.01156557,
				"retransmits":	0,
				"omitted":	false,
				"sender":	true
			}
		}, {
			"streams":	[{
					"socket":	6,
					"start":	24.000138,
					"end":	25.000131,
					"seconds":	0.99999302625656128,
					"bytes":	15728640,
					"bits_per_second":	125829997.5061195,
					"retransmits":	0,
					"snd_cwnd":	9241136,
					"snd_wnd":	3145728,
					"rtt":	200085,
					"rttvar":	14,
					"pmtu":	1500,
					"omitted":	false,
					"sender":	true
				}],
			"sum":	{
				"start":	24.000138,
				"end":	25.000131,
				"seconds":	0.99999302625656128,
				"bytes":	15728640,
				"bits_per_second":	125829997.5061195,
				"retransmits":	0,
				"omitted":	false,
				"sender":	true
			}
		}, {
			"streams":	[{
					"socket":	6,
					"start":	25.000131,
					"end":	26.000084,
					"seconds":	0.99995297193527222,
					"bytes":	10485760,
					"bits_per_second":	83890025.185534447,
					"retransmits":	0,
					"snd_cwnd":	9241136,
					"snd_wnd":	3145728,
					"rtt":	200083,
					"rttvar":	19,
					"pmtu":	1500,
					"omitted":	false,
					"sender":	true
				}],
			"sum":	{
				"start":	25.000131,
				"end":	26.000084,
				"seconds":	0.99995297193527222,
				"bytes":	10485760,
				"bits_per_second":	83890025.185534447,
				"retransmits":	0,
				"omitted":	false,
				"sender":	true
			}
		}, {
			"streams":	[{
					"socket":	6,
					"start":	26.000084,
					"end":	27.000085,
					"seconds":	1.0000009536743164,
					"bytes":	15728640,
					"bits_per_second":	125829000.00011444,
					"retransmits":	0,
					"snd_cwnd":	9241136,
					"snd_wnd":	3145728,
					"rtt":	200081,
					"rttvar":	6,
					"pmtu":	1500,
					"omitted":	false,
					"sender":	true
				}],
			"sum":	{
				"start":	26.000084,
				"end":	27.000085,
				"seconds":	1.0000009536743164,
				"bytes":	15728640,
				"bits_per_second":	125829000.00011444,
				"retransmits":	0,
				"omitted":	false,
				"sender":	true
			}
		}, {
			"streams":	[{
					"socket":	6,
					"start":	27.000085,
					"end":	28.000102,
					"seconds":	1.0000170469284058,
					"bytes":	14417920,
					"bits_per_second":	115341393.78351796,
					"retransmits":	0,
					"snd_cwnd":	9241136,
					"snd_wnd":	3145728,
					"rtt":	200077,
					"rttvar":	11,
					"pmtu":	1500,
					"omitted":	false,
					"sender":	true
				}],
			"sum":	{
				"start":	27.000085,
				"end":	28.000102,
				"seconds":	1.0000170469284058,
				"bytes":	14417920,
				"bits_per_second":	115341393.78351796,
				"retransmits":	0,
				"omitted":	false,
				"sender":	true
			}
		}, {
			"streams":	[{
					"socket":	6,
					"start":	28.000102,
					"end":	29.000073,
					"seconds":	0.99997097253799438,
					"bytes":	15728640,
					"bits_per_second":	125832772.60602589,
					"retransmits":	0,
					"snd_cwnd":	9241136,
					"snd_wnd":	3145728,
					"rtt":	200081,
					"rttvar":	10,
					"pmtu":	1500,
					"omitted":	false,
					"sender":	true
				}],
			"sum":	{
				"start":	28.000102,
				"end":	29.000073,
				"seconds":	0.99997097253799438,
				"bytes":	15728640,
				"bits_per_second":	125832772.60602589,
				"retransmits":	0,
				"omitted":	false,
				"sender":	true
			}
		}, {
			"streams":	[{
					"socket":	6,
					"start":	29.000073,
					"end":	30.000182,
					"seconds":	1.0001089572906494,
					"bytes":	14417920,
					"bits_per_second":	115330793.86917157,
					"retransmits":	0,
					"snd_cwnd":	9241136,
					"snd_wnd":	3145728,
					"rtt":	200088,
					"rttvar":	10,
					"pmtu":	1500,
					"omitted":	false,
					"sender":	true
				}],
			"sum":	{
				"start":	29.000073,
				"end":	30.000182,
				"seconds":	1.0001089572906494,
				"bytes":	14417920,
				"bits_per_second":	115330793.86917157,
				"retransmits":	0,
				"omitted":	false,
				"sender":	true
			}
		}, {
			"streams":	[{
					"socket":	6,
					"start":	30.000182,
					"end":	31.000069,
					"seconds":	0.999886989593506,
					"bytes":	15728640,
					"bits_per_second":	125843341.60718961,
					"retransmits":	0,
					"snd_cwnd":	9241136,
					"snd_wnd":	3145728,
					"rtt":	200118,
					"rttvar":	20,
					"pmtu":	1500,
					"omitted":	false,
					"sender":	true
				}],
			"sum":	{
				"start":	30.000182,
				"end":	31.000069,
				"seconds":	0.999886989593506,
				"bytes":	15728640,
				"bits_per_second":	125843341.60718961,
				"retransmits":	0,
				"omitted":	false,
				"sender":	true
			}
		}, {
			"streams":	[{
					"socket":	6,
					"start":	31.000069,
					"end":	32.000177,
					"seconds":	1.000108003616333,
					"bytes":	14417920,
					"bits_per_second":	115330903.84530975,
					"retransmits":	0,
					"snd_cwnd":	9241136,
					"snd_wnd":	3145728,
					"rtt":	200102,
					"rttvar":	19,
					"pmtu":	1500,
					"omitted":	false,
					"sender":	true
				}],
			"sum":	{
				"start":	31.000069,
				"end":	32.000177,
				"seconds":	1.000108003616333,
				"bytes":	14417920,
				"bits_per_second":	115330903.84530975,
				"retransmits":	0,
				"omitted":	false,
				"sender":	true
			}
		}, {
			"streams":	[{
					"socket":	6,
					"start":	32.000177,
					"end":	33.000154,
					"seconds":	0.9999769926071167,
					"bytes":	15728640,
					"bits_per_second":	125832015.06660794,
					"retransmits":	0,
					"snd_cwnd":	9241136,
					"snd_wnd":	3145728,
					"rtt":	200136,
					"rttvar":	51,
					"pmtu":	1500,
					"omitted":	false,
					"sender":	true
				}],
			"sum":	{
				"start":	32.000177,
				"end":	33.000154,
				"seconds":	0.9999769926071167,
				"bytes":	15728640,
				"bits_per_second":	125832015.06660794,
				"retransmits":	0,
				"omitted":	false,
				"sender":	true
			}
		}, {
			"streams":	[{
					"socket":	6,
					"start":	33.000154,
					"end":	34.000175,
					"seconds":	1.0000209808349609,
					"bytes":	14417920,
					"bits_per_second":	115340940.05077256,
					"retransmits":	0,
					"snd_cwnd":	9241136,
					"snd_wnd":	3145728,
					"rtt":	200083,
					"rttvar":	8,
					"pmtu":	1500,
					"omitted":	false,
					"sender":	true
				}],
			"sum":	{
				"start":	33.000154,
				"end":	34.000175,
				"seconds":	1.0000209808349609,
				"bytes":	14417920,
				"bits_per_second":	115340940.05077256,
				"retransmits":	0,
				"omitted":	false,
				"sender":	true
			}
		}, {
			"streams":	[{
					"socket":	6,
					"start":	34.000175,
					"end":	35.000151,
					"seconds":	0.99997597932815552,
					"bytes":	15728640,
					"bits_per_second":	125832142.57260422,
					"retransmits":	0,
					"snd_cwnd":	9241136,
					"snd_wnd":	3145728,
					"rtt":	200077,
					"rttvar":	6,
					"pmtu":	1500,
					"omitted":	false,
					"sender":	true
				}],
			"sum":	{
				"start":	34.000175,
				"end":	35.000151,
				"seconds":	0.99997597932815552,
				"bytes":	15728640,
				"bits_per_second":	125832142.57260422,
				"retransmits":	0,
				"omitted":	false,
				"sender":	true
			}
		}, {
			"streams":	[{
					"socket":	6,
					"start":	35.000151,
					"end":	36.000126,
					"seconds":	0.999975025653839,
					"bytes":	15728640,
					"bits_per_second":	125832262.57848385,
					"retransmits":	0,
					"snd_cwnd":	9241136,
					"snd_wnd":	3145728,
					"rtt":	200105,
					"rttvar":	31,
					"pmtu":	1500,
					"omitted":	false,
					"sender":	true
				}],
			"sum":	{
				"start":	35.000151,
				"end":	36.000126,
				"seconds":	0.999975025653839,
				"bytes":	15728640,
				"bits_per_second":	125832262.57848385,
				"retransmits":	0,
				"omitted":	false,
				"sender":	true
			}
		}, {
			"streams":	[{
					"socket":	6,
					"start":	36.000126,
					"end":	37.000154,
					"seconds":	1.0000280141830444,
					"bytes":	14417920,
					"bits_per_second":	115340128.8405183,
					"retransmits":	0,
					"snd_cwnd":	9241136,
					"snd_wnd":	3145728,
					"rtt":	200082,
					"rttvar":	10,
					"pmtu":	1500,
					"omitted":	false,
					"sender":	true
				}],
			"sum":	{
				"start":	36.000126,
				"end":	37.000154,
				"seconds":	1.0000280141830444,
				"bytes":	14417920,
				"bits_per_second":	115340128.8405183,
				"retransmits":	0,
				"omitted":	false,
				"sender":	true
			}
		}, {
			"streams":	[{
					"socket":	6,
					"start":	37.000154,
					"end":	38.000132,
					"seconds":	0.999978005886078,
					"bytes":	15728640,
					"bits_per_second":	125831887.56087005,
					"retransmits":	0,
					"snd_cwnd":	9241136,
					"snd_wnd":	3145728,
					"rtt":	200074,
					"rttvar":	10,
					"pmtu":	1500,
					"omitted":	false,
					"sender":	true
				}],
			"sum":	{
				"start":	37.000154,
				"end":	38.000132,
				"seconds":	0.999978005886078,
				"bytes":	15728640,
				"bits_per_second":	125831887.56087005,
				"retransmits":	0,
				"omitted":	false,
				"sender":	true
			}
		}, {
			"streams":	[{
					"socket":	6,
					"start":	38.000132,
					"end":	39.000113,
					"seconds":	0.99998098611831665,
					"bytes":	15728640,
					"bits_per_second":	125831512.54549158,
					"retransmits":	0,
					"snd_cwnd":	9241136,
					"snd_wnd":	3145728,
					"rtt":	200081,
					"rttvar":	10,
					"pmtu":	1500,
					"omitted":	false,
					"sender":	true
				}],
			"sum":	{
				"start":	38.000132,
				"end":	39.000113,
				"seconds":	0.99998098611831665,
				"bytes":	15728640,
				"bits_per_second":	125831512.54549158,
				"retransmits":	0,
				"omitted":	false,
				"sender":	true
			}
		}, {
			"streams":	[{
					"socket":	6,
					"start":	39.000113,
					"end":	40.000137,
					"seconds":	1.0000239610672,
					"bytes":	14417920,
					"bits_per_second":	115340596.31622082,
					"retransmits":	0,
					"snd_cwnd":	9241136,
					"snd_wnd":	3145728,
					"rtt":	200082,
					"rttvar":	10,
					"pmtu":	1500,
					"omitted":	false,
					"sender":	true
				}],
			"sum":	{
				"start":	39.000113,
				"end":	40.000137,
				"seconds":	1.0000239610672,
				"bytes":	14417920,
				"bits_per_second":	115340596.31622082,
				"retransmits":	0,
				"omitted":	false,
				"sender":	true
			}
		}, {
			"streams":	[{
					"socket":	6,
					"start":	40.000137,
					"end":	41.000142,
					"seconds":	1.0000050067901611,
					"bytes":	15728640,
					"bits_per_second":	125828490.00315426,
					"retransmits":	0,
					"snd_cwnd":	9241136,
					"snd_wnd":	3145728,
					"rtt":	200089,
					"rttvar":	14,
					"pmtu":	1500,
					"omitted":	false,
					"sender":	true
				}],
			"sum":	{
				"start":	40.000137,
				"end":	41.000142,
				"seconds":	1.0000050067901611,
				"bytes":	15728640,
				"bits_per_second":	125828490.00315426,
				"retransmits":	0,
				"omitted":	false,
				"sender":	true
			}
		}, {
			"streams":	[{
					"socket":	6,
					"start":	41.000142,
					"end":	42.000101,
					"seconds":	0.99995899200439453,
					"bytes":	15728640,
					"bits_per_second":	125834280.21160993,
					"retransmits":	0,
					"snd_cwnd":	9241136,
					"snd_wnd":	3145728,
					"rtt":	200076,
					"rttvar":	3,
					"pmtu":	1500,
					"omitted":	false,
					"sender":	true
				}],
			"sum":	{
				"start":	41.000142,
				"end":	42.000101,
				"seconds":	0.99995899200439453,
				"bytes":	15728640,
				"bits_per_second":	125834280.21160993,
				"retransmits":	0,
				"omitted":	false,
				"sender":	true
			}
		}, {
			"streams":	[{
					"socket":	6,
					"start":	42.000101,
					"end":	43.000119,
					"seconds":	1.0000180006027222,
					"bytes":	14417920,
					"bits_per_second":	115341283.78737308,
					"retransmits":	0,
					"snd_cwnd":	9241136,
					"snd_wnd":	3145728,
					"rtt":	200082,
					"rttvar":	7,
					"pmtu":	1500,
					"omitted":	false,
					"sender":	true
				}],
			"sum":	{
				"start":	42.000101,
				"end":	43.000119,
				"seconds":	1.0000180006027222,
				"bytes":	14417920,
				"bits_per_second":	115341283.78737308,
				"retransmits":	0,
				"omitted":	false,
				"sender":	true
			}
		}, {
			"streams":	[{
					"socket":	6,
					"start":	43.000119,
					"end":	44.000089,
					"seconds":	0.999970018863678,
					"bytes":	15728640,
					"bits_per_second":	125832892.61310723,
					"retransmits":	0,
					"snd_cwnd":	9241136,
					"snd_wnd":	3145728,
					"rtt":	200082,
					"rttvar":	4,
					"pmtu":	1500,
					"omitted":	false,
					"sender":	true
				}],
			"sum":	{
				"start":	43.000119,
				"end":	44.000089,
				"seconds":	0.999970018863678,
				"bytes":	15728640,
				"bits_per_second":	125832892.61310723,
				"retransmits":	0,
				"omitted":	false,
				"sender":	true
			}
		}, {
			"streams":	[{
					"socket":	6,
					"start":	44.000089,
					"end":	45.000082,
					"seconds":	0.99999302625656128,
					"bytes":	15728640,
					"bits_per_second":	125829997.5061195,
					"retransmits":	0,
					"snd_cwnd":	9241136,
					"snd_wnd":	3145728,
					"rtt":	200093,
					"rttvar":	13,
					"pmtu":	1500,
					"omitted":	false,
					"sender":	true
				}],
			"sum":	{
				"start":	44.000089,
				"end":	45.000082,
				"seconds":	0.99999302625656128,
				"bytes":	15728640,
				"bits_per_second":	125829997.5061195,
				"retransmits":	0,
				"omitted":	false,
				"sender":	true
			}
		}, {
			"streams":	[{
					"socket":	6,
					"start":	45.000082,
					"end":	46.000083,
					"seconds":	1.0000009536743164,
					"bytes":	14417920,
					"bits_per_second":	115343250.0001049,
					"retransmits":	0,
					"snd_cwnd":	9241136,
					"snd_wnd":	3145728,
					"rtt":	200078,
					"rttvar":	8,
					"pmtu":	1500,
					"omitted":	false,
					"sender":	true
				}],
			"sum":	{
				"start":	45.000082,
				"end":	46.000083,
				"seconds":	1.0000009536743164,
				"bytes":	14417920,
				"bits_per_second":	115343250.0001049,
				"retransmits":	0,
				"omitted":	false,
				"sender":	true
			}
		}, {
			"streams":	[{
					"socket":	6,
					"start":	46.000083,
					"end":	47.00008,
					"seconds":	0.99999701976776123,
					"bytes":	10485760,
					"bits_per_second":	83886330.000745058,
					"retransmits":	0,
					"snd_cwnd":	9241136,
					"snd_wnd":	3145728,
					"rtt":	200088,
					"rttvar":	18,
					"pmtu":	1500,
					"omitted":	false,
					"sender":	true
				}],
			"sum":	{
				"start":	46.000083,
				"end":	47.00008,
				"seconds":	0.99999701976776123,
				"bytes":	10485760,
				"bits_per_second":	83886330.000745058,
				"retransmits":	0,
				"omitted":	false,
				"sender":	true
			}
		}, {
			"streams":	[{
					"socket":	6,
					"start":	47.00008,
					"end":	48.000095,
					"seconds":	1.0000150203704834,
					"bytes":	15728640,
					"bits_per_second":	125827230.02838807,
					"retransmits":	0,
					"snd_cwnd":	9241136,
					"snd_wnd":	3145728,
					"rtt":	200087,
					"rttvar":	4,
					"pmtu":	1500,
					"omitted":	false,
					"sender":	true
				}],
			"sum":	{
				"start":	47.00008,
				"end":	48.000095,
				"seconds":	1.0000150203704834,
				"bytes":	15728640,
				"bits_per_second":	125827230.02838807,
				"retransmits":	0,
				"omitted":	false,
				"sender":	true
			}
		}, {
			"streams":	[{
					"socket":	6,
					"start":	48.000095,
					"end":	49.000165,
					"seconds":	1.0000699758529663,
					"bytes":	14417920,
					"bits_per_second":	115335289.31475309,
					"retransmits":	0,
					"snd_cwnd":	9241136,
					"snd_wnd":	3145728,
					"rtt":	200113,
					"rttvar":	8,
					"pmtu":	1500,
					"omitted":	false,
					"sender":	true
				}],
			"sum":	{
				"start":	48.000095,
				"end":	49.000165,
				"seconds":	1.0000699758529663,
				"bytes":	14417920,
				"bits_per_second":	115335289.31475309,
				"retransmits":	0,
				"omitted":	false,
				"sender":	true
			}
		}, {
			"streams":	[{
					"socket":	6,
					"start":	49.000165,
					"end":	50.000072,
					"seconds":	0.99990701675415039,
					"bytes":	15728640,
					"bits_per_second":	125840821.08800514,
					"retransmits":	0,
					"snd_cwnd":	9241136,
					"snd_wnd":	3145728,
					"rtt":	200144,
					"rttvar":	25,
					"pmtu":	1500,
					"omitted":	false,
					"sender":	true
				}],
			"sum":	{
				"start":	49.000165,
				"end":	50.000072,
				"seconds":	0.99990701675415039,
				"bytes":	15728640,
				"bits_per_second":	125840821.08800514,
				"retransmits":	0,
				"omitted":	false,
				"sender":	true
			}
		}, {
			"streams":	[{
					"socket":	6,
					"start":	50.000072,
					"end":	51.000168,
					"seconds":	1.0000959634780884,
					"bytes":	14417920,
					"bits_per_second":	115332292.31209382,
					"retransmits":	0,
					"snd_cwnd":	9241136,
					"snd_wnd":	3145728,
					"rtt":	200097,
					"rttvar":	4,
					"pmtu":	1500,
					"omitted":	false,
					"sender":	true
				}],
			"sum":	{
				"start":	50.000072,
				"end":	51.000168,
				"seconds":	1.0000959634780884,
				"bytes":	14417920,
				"bits_per_second":	115332292.31209382,
				"retransmits":	0,
				"omitted":	false,
				"sender":	true
			}
		}, {
			"streams":	[{
					"socket":	6,
					"start":	51.000168,
					"end":	52.000143,
					"seconds":	0.999975025653839,
					"bytes":	15728640,
					"bits_per_second":	125832262.57848385,
					"retransmits":	0,
					"snd_cwnd":	9241136,
					"snd_wnd":	3145728,
					"rtt":	200083,
					"rttvar":	7,
					"pmtu":	1500,
					"omitted":	false,
					"sender":	true
				}],
			"sum":	{
				"start":	51.000168,
				"end":	52.000143,
				"seconds":	0.999975025653839,
				"bytes":	15728640,
				"bits_per_second":	125832262.57848385,
				"retransmits":	0,
				"omitted":	false,
				"sender":	true
			}
		}, {
			"streams":	[{
					"socket":	6,
					"start":	52.000143,
					"end":	53.00016,
					"seconds":	1.0000170469284058,
					"bytes":	14417920,
					"bits_per_second":	115341393.78351796,
					"retransmits":	0,
					"snd_cwnd":	9241136,
					"snd_wnd":	3145728,
					"rtt":	200084,
					"rttvar":	12,
					"pmtu":	1500,
					"omitted":	false,
					"sender":	true
				}],
			"sum":	{
				"start":	52.000143,
				"end":	53.00016,
				"seconds":	1.0000170469284058,
				"bytes":	14417920,
				"bits_per_second":	115341393.78351796,
				"retransmits":	0,
				"omitted":	false,
				"sender":	true
			}
		}, {
			"streams":	[{
					"socket":	6,
					"start":	53.00016,
					"end":	54.000137,
					"seconds":	0.9999769926071167,
					"bytes":	15728640,
					"bits_per_second":	125832015.06660794,
					"retransmits":	0,
					"snd_cwnd":	9241136,
					"snd_wnd":	3145728,
					"rtt":	200097,
					"rttvar":	10,
					"pmtu":	1500,
					"omitted":	false,
					"sender":	true
				}],
			"sum":	{
				"start":	53.00016,
				"end":	54.000137,
				"seconds":	0.9999769926071167,
				"bytes":	15728640,
				"bits_per_second":	125832015.06660794,
				"retransmits":	0,
				"omitted":	false,
				"sender":	true
			}
		}, {
			"streams":	[{
					"socket":	6,
					"start":	54.000137,
					"end":	55.000123,
					"seconds":	0.99998599290847778,
					"bytes":	15728640,
					"bits_per_second":	125830882.52468784,
					"retransmits":	0,
					"snd_cwnd":	9241136,
					"snd_wnd":	3145728,
					"rtt":	200092,
					"rttvar":	10,
					"pmtu":	1500,
					"omitted":	false,
					"sender":	true
				}],
			"sum":	{
				"start":	54.000137,
				"end":	55.000123,
				"seconds":	0.99998599290847778,
				"bytes":	15728640,
				"bits_per_second":	125830882.52468784,
				"retransmits":	0,
				"omitted":	false,
				"sender":	true
			}
		}, {
			"streams":	[{
					"socket":	6,
					"start":	55.000123,
					"end":	56.000159,
					"seconds":	1.0000360012054443,
					"bytes":	14417920,
					"bits_per_second":	115339207.64948963,
					"retransmits":	0,
					"snd_cwnd":	9241136,
					"snd_wnd":	3145728,
					"rtt":	200092,
					"rttvar":	2,
					"pmtu":	1500,
					"omitted":	false,
					"sender":	true
				}],
			"sum":	{
				"start":	55.000123,
				"end":	56.000159,
				"seconds":	1.0000360012054443,
				"bytes":	14417920,
				"bits_per_second":	115339207.64948963,
				"retransmits":	0,
				"omitted":	false,
				"sender":	true
			}
		}, {
			"streams":	[{
					"socket":	6,
					"start":	56.000159,
					"end":	57.000115,
					"seconds":	0.99995601177215576,
					"bytes":	15728640,
					"bits_per_second":	125834655.24348556,
					"retransmits":	0,
					"snd_cwnd":	9241136,
					"snd_wnd":	3145728,
					"rtt":	200085,
					"rttvar":	6,
					"pmtu":	1500,
					"omitted":	false,
					"sender":	true
				}],
			"sum":	{
				"start":	56.000159,
				"end":	57.000115,
				"seconds":	0.99995601177215576,
				"bytes":	15728640,
				"bits_per_second":	125834655.24348556,
				"retransmits":	0,
				"omitted":	false,
				"sender":	true
			}
		}, {
			"streams":	[{
					"socket":	6,
					"start":	57.000115,
					"end":	58.0001,
					"seconds":	0.9999849796295166,
					"bytes":	15728640,
					"bits_per_second":	125831010.02838893,
					"retransmits":	0,
					"snd_cwnd":	9241136,
					"snd_wnd":	3145728,
					"rtt":	200079,
					"rttvar":	6,
					"pmtu":	1500,
					"omitted":	false,
					"sender":	true
				}],
			"sum":	{
				"start":	57.000115,
				"end":	58.0001,
				"seconds":	0.9999849796295166,
				"bytes":	15728640,
				"bits_per_second":	125831010.02838893,
				"retransmits":	0,
				"omitted":	false,
				"sender":	true
			}
		}, {
			"streams":	[{
					"socket":	6,
					"start":	58.0001,
					"end":	59.000135,
					"seconds":	1.0000350475311279,
					"bytes":	14417920,
					"bits_per_second":	115339317.64167468,
					"retransmits":	0,
					"snd_cwnd":	9241136,
					"snd_wnd":	3145728,
					"rtt":	200092,
					"rttvar":	7,
					"pmtu":	1500,
					"omitted":	false,
					"sender":	true
				}],
			"sum":	{
				"start":	58.0001,
				"end":	59.000135,
				"seconds":	1.0000350475311279,
				"bytes":	14417920,
				"bits_per_second":	115339317.64167468,
				"retransmits":	0,
				"omitted":	false,
				"sender":	true
			}
		}, {
			"streams":	[{
					"socket":	6,
					"start":	59.000135,
					"end":	60.000133,
					"seconds":	0.99999797344207764,
					"bytes":	15728640,
					"bits_per_second":	125829375.00051677,
					"retransmits":	0,
					"snd_cwnd":	9241136,
					"snd_wnd":	3145728,
					"rtt":	200076,
					"rttvar":	7,
					"pmtu":	1500,
					"omitted":	false,
					"sender":	true
				}],
			"sum":	{
				"start":	59.000135,
				"end":	60.000133,
				"seconds":	0.99999797344207764,
				"bytes":	15728640,
				"bits_per_second":	125829375.00051677,
				"retransmits":	0,
				"omitted":	false,
				"sender":	true
			}
		}],
	"end":	{
		"streams":	[{
				"sender":	{
					"socket":	6,
					"start":	0,
					"end":	60.000133,
					"seconds":	60.000133,
					"bytes":	875036672,
					"bits_per_second":	116671297.64529023,
					"retransmits":	14,
					"max_snd_cwnd":	9241136,
					"max_snd_wnd":	3145728,
					"max_rtt":	201176,
					"min_rtt":	200072,
					"mean_rtt":	200108,
					"sender":	true
				},
				"receiver":	{
					"socket":	6,
					"start":	0,
					"end":	60.20034,
					"seconds":	60.000133,
					"bytes":	874773184,
					"bits_per_second":	116248271.55461249,
					"sender":	true
				}
			}],
		"sum_sent":	{
			"start":	0,
			"end":	60.000133,
			"seconds":	60.000133,
			"bytes":	875036672,
			"bits_per_second":	116671297.64529023,
			"retransmits":	14,
			"sender":	true
		},
		"sum_received":	{
			"start":	0,
			"end":	60.20034,
			"seconds":	60.20034,
			"bytes":	874773184,
			"bits_per_second":	116248271.55461249,
			"sender":	true
		},
		"cpu_utilization_percent":	{
			"host_total":	0.50476544658480271,
			"host_user":	0.0554646458439935,
			"host_system":	0.4493008007408093,
			"remote_total":	1.0205537146381469,
			"remote_user":	0.06923878975539,
			"remote_system":	0.951314924882757
		},
		"sender_tcp_congestion":	"bbr",
		"receiver_tcp_congestion":	"bbr"
	}
}
