{
	"start":	{
		"connected":	[{
				"socket":	6,
				"local_host":	"192.168.101.210",
				"local_port":	35528,
				"remote_host":	"192.168.100.168",
				"remote_port":	5201
			}],
		"version":	"iperf 3.11",
		"system_info":	"Linux f1 6.0.10-300.fc37.x86_64 #1 SMP PREEMPT_DYNAMIC Sat Nov 26 16:55:13 UTC 2022 x86_64",
		"timestamp":	{
			"time":	"Sat, 10 Dec 2022 20:12:09 GMT",
			"timesecs":	1670703129
		},
		"connecting_to":	{
			"host":	"192.168.100.168",
			"port":	5201
		},
		"cookie":	"nv3cyowamcvctncbkbpas7hmb4oottbgzb23",
		"tcp_mss_default":	1448,
		"target_bitrate":	0,
		"sock_bufsize":	0,
		"sndbuf_actual":	16384,
		"rcvbuf_actual":	131072,
		"test_start":	{
			"protocol":	"TCP",
			"num_streams":	1,
			"blksize":	131072,
			"omit":	0,
			"duration":	60,
			"bytes":	0,
			"blocks":	0,
			"reverse":	0,
			"tos":	0,
			"target_bitrate":	0
		}
	},
	"intervals":	[{
			"streams":	[{
					"socket":	6,
					"start":	0,
					"end":	1.000075,
					"seconds":	1.0000749826431274,
					"bytes":	1424832,
					"bits_per_second":	11397801.362727981,
					"retransmits":	0,
					"snd_cwnd":	115840,
					"snd_wnd":	808576,
					"rtt":	125314,
					"rttvar":	882,
					"pmtu":	1500,
					"omitted":	false,
					"sender":	true
				}],
			"sum":	{
				"start":	0,
				"end":	1.000075,
				"seconds":	1.0000749826431274,
				"bytes":	1424832,
				"bits_per_second":	11397801.362727981,
				"retransmits":	0,
				"omitted":	false,
				"sender":	true
			}
		}, {
			"streams":	[{
					"socket":	6,
					"start":	1.000075,
					"end":	2.000074,
					"seconds":	0.99999898672103882,
					"bytes":	1238040,
					"bits_per_second":	9904330.03584925,
					"retransmits":	0,
					"snd_cwnd":	166520,
					"snd_wnd":	808704,
					"rtt":	148945,
					"rttvar":	1338,
					"pmtu":	1500,
					"omitted":	false,
					"sender":	true
				}],
			"sum":	{
				"start":	1.000075,
				"end":	2.000074,
				"seconds":	0.99999898672103882,
				"bytes":	1238040,
				"bits_per_second":	9904330.03584925,
				"retransmits":	0,
				"omitted":	false,
				"sender":	true
			}
		}, {
			"streams":	[{
					"socket":	6,
					"start":	2.000074,
					"end":	3.000192,
					"seconds":	1.0001180171966553,
					"bytes":	1238040,
					"bits_per_second":	9903151.2578504961,
					"retransmits":	0,
					"snd_cwnd":	221544,
					"snd_wnd":	808704,
					"rtt":	193284,
					"rttvar":	1088,
					"pmtu":	1500,
					"omitted":	false,
					"sender":	true
				}],
			"sum":	{
				"start":	2.000074,
				"end":	3.000192,
				"seconds":	1.0001180171966553,
				"bytes":	1238040,
				"bits_per_second":	9903151.2578504961,
				"retransmits":	0,
				"omitted":	false,
				"sender":	true
			}
		}, {
			"streams":	[{
					"socket":	6,
					"start":	3.000192,
					"end":	4.00007,
					"seconds":	0.99987798929214478,
					"bytes":	1629000,
					"bits_per_second":	13033590.237570781,
					"retransmits":	0,
					"snd_cwnd":	276568,
					"snd_wnd":	808704,
					"rtt":	232047,
					"rttvar":	1283,
					"pmtu":	1500,
					"omitted":	false,
					"sender":	true
				}],
			"sum":	{
				"start":	3.000192,
				"end":	4.00007,
				"seconds":	0.99987798929214478,
				"bytes":	1629000,
				"bits_per_second":	13033590.237570781,
				"retransmits":	0,
				"omitted":	false,
				"sender":	true
			}
		}, {
			"streams":	[{
					"socket":	6,
					"start":	4.00007,
					"end":	5.000107,
					"seconds":	1.0000369548797607,
					"bytes":	1303200,
					"bits_per_second":	10425214.7374429,
					"retransmits":	0,
					"snd_cwnd":	333040,
					"snd_wnd":	808832,
					"rtt":	273902,
					"rttvar":	1578,
					"pmtu":	1500,
					"omitted":	false,
					"sender":	true
				}],
			"sum":	{
				"start":	4.00007,
				"end":	5.000107,
				"seconds":	1.0000369548797607,
				"bytes":	1303200,
				"bits_per_second":	10425214.7374429,
				"retransmits":	0,
				"omitted":	false,
				"sender":	true
			}
		}, {
			"streams":	[{
					"socket":	6,
					"start":	5.000107,
					"end":	6.0001,
					"seconds":	0.99999302625656128,
					"bytes":	1498680,
					"bits_per_second":	11989523.611861622,
					"retransmits":	0,
					"snd_cwnd":	390960,
					"snd_wnd":	843008,
					"rtt":	319144,
					"rttvar":	730,
					"pmtu":	1500,
					"omitted":	false,
					"sender":	true
				}],
			"sum":	{
				"start":	5.000107,
				"end":	6.0001,
				"seconds":	0.99999302625656128,
				"bytes":	1498680,
				"bits_per_second":	11989523.611861622,
				"retransmits":	0,
				"omitted":	false,
				"sender":	true
			}
		}, {
			"streams":	[{
					"socket":	6,
					"start":	6.0001,
					"end":	7.000557,
					"seconds":	1.0004570484161377,
					"bytes":	847080,
					"bits_per_second":	6773544.16236895,
					"retransmits":	0,
					"snd_cwnd":	448880,
					"snd_wnd":	969856,
					"rtt":	366547,
					"rttvar":	816,
					"pmtu":	1500,
					"omitted":	false,
					"sender":	true
				}],
			"sum":	{
				"start":	6.0001,
				"end":	7.000557,
				"seconds":	1.0004570484161377,
				"bytes":	847080,
				"bits_per_second":	6773544.16236895,
				"retransmits":	0,
				"omitted":	false,
				"sender":	true
			}
		}, {
			"streams":	[{
					"socket":	6,
					"start":	7.000557,
					"end":	8.000247,
					"seconds":	0.99968999624252319,
					"bytes":	1889640,
					"bits_per_second":	15121807.817243187,
					"retransmits":	0,
					"snd_cwnd":	508248,
					"snd_wnd":	1105536,
					"rtt":	412623,
					"rttvar":	712,
					"pmtu":	1500,
					"omitted":	false,
					"sender":	true
				}],
			"sum":	{
				"start":	7.000557,
				"end":	8.000247,
				"seconds":	0.99968999624252319,
				"bytes":	1889640,
				"bits_per_second":	15121807.817243187,
				"retransmits":	0,
				"omitted":	false,
				"sender":	true
			}
		}, {
			"streams":	[{
					"socket":	6,
					"start":	8.000247,
					"end":	9.000531,
					"seconds":	1.00028395652771,
					"bytes":	1107720,
					"bits_per_second":	8859244.3597334754,
					"retransmits":	0,
					"snd_cwnd":	566168,
					"snd_wnd":	1223552,
					"rtt":	456512,
					"rttvar":	1015,
					"pmtu":	1500,
					"omitted":	false,
					"sender":	true
				}],
			"sum":	{
				"start":	8.000247,
				"end":	9.000531,
				"seconds":	1.00028395652771,
				"bytes":	1107720,
				"bits_per_second":	8859244.3597334754,
				"retransmits":	0,
				"omitted":	false,
				"sender":	true
			}
		}, {
			"streams":	[{
					"socket":	6,
					"start":	9.000531,
					"end":	10.000735,
					"seconds":	1.0002039670944214,
					"bytes":	1172880,
					"bits_per_second":	9381126.5588733871,
					"retransmits":	0,
					"snd_cwnd":	625536,
					"snd_wnd":	1339904,
					"rtt":	504223,
					"rttvar":	1248,
					"pmtu":	1500,
					"omitted":	false,
					"sender":	true
				}],
			"sum":	{
				"start":	9.000531,
				"end":	10.000735,
				"seconds":	1.0002039670944214,
				"bytes":	1172880,
				"bits_per_second":	9381126.5588733871,
				"retransmits":	0,
				"omitted":	false,
				"sender":	true
			}
		}, {
			"streams":	[{
					"socket":	6,
					"start":	10.000735,
					"end":	11.000075,
					"seconds":	0.999339997768402,
					"bytes":	2510600,
					"bits_per_second":	20098064.767597415,
					"retransmits":	0,
					"snd_cwnd":	734136,
					"snd_wnd":	1474176,
					"rtt":	554219,
					"rttvar":	1206,
					"pmtu":	1500,
					"omitted":	false,
					"sender":	true
				}],
			"sum":	{
				"start":	10.000735,
				"end":	11.000075,
				"seconds":	0.999339997768402,
				"bytes":	2510600,
				"bits_per_second":	20098064.767597415,
				"retransmits":	0,
				"omitted":	false,
				"sender":	true
			}
		}, {
			"streams":	[{
					"socket":	6,
					"start":	11.000075,
					"end":	12.001062,
					"seconds":	1.0009870529174805,
					"bytes":	0,
					"bits_per_second":	0,
					"retransmits":	0,
					"snd_cwnd":	913688,
					"snd_wnd":	1753984,
					"rtt":	669725,
					"rttvar":	2226,
					"pmtu":	1500,
					"omitted":	false,
					"sender":	true
				}],
			"sum":	{
				"start":	11.000075,
				"end":	12.001062,
				"seconds":	1.0009870529174805,
				"bytes":	0,
				"bits_per_second":	0,
				"retransmits":	0,
				"omitted":	false,
				"sender":	true
			}
		}, {
			"streams":	[{
					"socket":	6,
					"start":	12.001062,
					"end":	13.00087,
					"seconds":	0.99980801343917847,
					"bytes":	1310720,
					"bits_per_second":	10487773.51156716,
					"retransmits":	0,
					"snd_cwnd":	1126544,
					"snd_wnd":	2410368,
					"rtt":	811379,
					"rttvar":	3051,
					"pmtu":	1500,
					"omitted":	false,
					"sender":	true
				}],
			"sum":	{
				"start":	12.001062,
				"end":	13.00087,
				"seconds":	0.99980801343917847,
				"bytes":	1310720,
				"bits_per_second":	10487773.51156716,
				"retransmits":	0,
				"omitted":	false,
				"sender":	true
			}
		}, {
			"streams":	[{
					"socket":	6,
					"start":	13.00087,
					"end":	14.000643,
					"seconds":	0.99977302551269531,
					"bytes":	1310720,
					"bits_per_second":	10488140.540321918,
					"retransmits":	0,
					"snd_cwnd":	1359672,
					"snd_wnd":	3005184,
					"rtt":	965850,
					"rttvar":	3875,
					"pmtu":	1500,
					"omitted":	false,
					"sender":	true
				}],
			"sum":	{
				"start":	13.00087,
				"end":	14.000643,
				"seconds":	0.99977302551269531,
				"bytes":	1310720,
				"bits_per_second":	10488140.540321918,
				"retransmits":	0,
				"omitted":	false,
				"sender":	true
			}
		}, {
			"streams":	[{
					"socket":	6,
					"start":	14.000643,
					"end":	15.000406,
					"seconds":	0.999763011932373,
					"bytes":	1310720,
					"bits_per_second":	10488245.589054948,
					"retransmits":	0,
					"snd_cwnd":	1647824,
					"snd_wnd":	3143680,
					"rtt":	1131716,
					"rttvar":	2903,
					"pmtu":	1500,
					"omitted":	false,
					"sender":	true
				}],
			"sum":	{
				"start":	14.000643,
				"end":	15.000406,
				"seconds":	0.999763011932373,
				"bytes":	1310720,
				"bits_per_second":	10488245.589054948,
				"retransmits":	0,
				"omitted":	false,
				"sender":	true
			}
		}, {
			"streams":	[{
					"socket":	6,
					"start":	15.000406,
					"end":	16.000156,
					"seconds":	0.999750018119812,
					"bytes":	1310720,
					"bits_per_second":	10488381.905428849,
					"retransmits":	0,
					"snd_cwnd":	1938872,
					"snd_wnd":	3143680,
					"rtt":	1323196,
					"rttvar":	4046,
					"pmtu":	1500,
					"omitted":	false,
					"sender":	true
				}],
			"sum":	{
				"start":	15.000406,
				"end":	16.000156,
				"seconds":	0.999750018119812,
				"bytes":	1310720,
				"bits_per_second":	10488381.905428849,
				"retransmits":	0,
				"omitted":	false,
				"sender":	true
			}
		}, {
			"streams":	[{
					"socket":	6,
					"start":	16.000156,
					"end":	17.000073,
					"seconds":	0.999916970729828,
					"bytes":	1310720,
					"bits_per_second":	10486630.697293362,
					"retransmits":	0,
					"snd_cwnd":	2292184,
					"snd_wnd":	3143680,
					"rtt":	1521361,
					"rttvar":	3868,
					"pmtu":	1500,
					"omitted":	false,
					"sender":	true
				}],
			"sum":	{
				"start":	16.000156,
				"end":	17.000073,
				"seconds":	0.999916970729828,
				"bytes":	1310720,
				"bits_per_second":	10486630.697293362,
				"retransmits":	0,
				"omitted":	false,
				"sender":	true
			}
		}, {
			"streams":	[{
					"socket":	6,
					"start":	17.000073,
					"end":	18.001024,
					"seconds":	1.0009510517120361,
					"bytes":	0,
					"bits_per_second":	0,
					"retransmits":	0,
					"snd_cwnd":	2683144,
					"snd_wnd":	3143808,
					"rtt":	1718384,
					"rttvar":	4092,
					"pmtu":	1500,
					"omitted":	false,
					"sender":	true
				}],
			"sum":	{
				"start":	17.000073,
				"end":	18.001024,
				"seconds":	1.0009510517120361,
				"bytes":	0,
				"bits_per_second":	0,
				"retransmits":	0,
				"omitted":	false,
				"sender":	true
			}
		}, {
			"streams":	[{
					"socket":	6,
					"start":	18.001024,
					"end":	19.000908,
					"seconds":	0.999884009361267,
					"bytes":	1310720,
					"bits_per_second":	10486976.39108998,
					"retransmits":	0,
					"snd_cwnd":	3077000,
					"snd_wnd":	3144192,
					"rtt":	1955750,
					"rttvar":	6683,
					"pmtu":	1500,
					"omitted":	false,
					"sender":	true
				}],
			"sum":	{
				"start":	18.001024,
				"end":	19.000908,
				"seconds":	0.999884009361267,
				"bytes":	1310720,
				"bits_per_second":	10486976.39108998,
				"retransmits":	0,
				"omitted":	false,
				"sender":	true
			}
		}, {
			"streams":	[{
					"socket":	6,
					"start":	19.000908,
					"end":	20.000818,
					"seconds":	0.999909996986389,
					"bytes":	1310720,
					"bits_per_second":	10486703.83494799,
					"retransmits":	0,
					"snd_cwnd":	3475200,
					"snd_wnd":	3144192,
					"rtt":	1862583,
					"rttvar":	20010,
					"pmtu":	1500,
					"omitted":	false,
					"sender":	true
				}],
			"sum":	{
				"start":	19.000908,
				"end":	20.000818,
				"seconds":	0.999909996986389,
				"bytes":	1310720,
				"bits_per_second":	10486703.83494799,
				"retransmits":	0,
				"omitted":	false,
				"sender":	true
			}
		}, {
			"streams":	[{
					"socket":	6,
					"start":	20.000818,
					"end":	21.000688,
					"seconds":	0.999870002269745,
					"bytes":	1310720,
					"bits_per_second":	10487123.302226195,
					"retransmits":	0,
					"snd_cwnd":	3937112,
					"snd_wnd":	3144320,
					"rtt":	1756532,
					"rttvar":	19019,
					"pmtu":	1500,
					"omitted":	false,
					"sender":	true
				}],
			"sum":	{
				"start":	20.000818,
				"end":	21.000688,
				"seconds":	0.999870002269745,
				"bytes":	1310720,
				"bits_per_second":	10487123.302226195,
				"retransmits":	0,
				"omitted":	false,
				"sender":	true
			}
		}, {
			"streams":	[{
					"socket":	6,
					"start":	21.000688,
					"end":	22.000596,
					"seconds":	0.9999079704284668,
					"bytes":	1310720,
					"bits_per_second":	10486725.08881671,
					"retransmits":	0,
					"snd_cwnd":	3937112,
					"snd_wnd":	3144320,
					"rtt":	1997184,
					"rttvar":	145667,
					"pmtu":	1500,
					"omitted":	false,
					"sender":	true
				}],
			"sum":	{
				"start":	21.000688,
				"end":	22.000596,
				"seconds":	0.9999079704284668,
				"bytes":	1310720,
				"bits_per_second":	10486725.08881671,
				"retransmits":	0,
				"omitted":	false,
				"sender":	true
			}
		}, {
			"streams":	[{
					"socket":	6,
					"start":	22.000596,
					"end":	23.000469,
					"seconds":	0.99987298250198364,
					"bytes":	1310720,
					"bits_per_second":	10487092.044192921,
					"retransmits":	0,
					"snd_cwnd":	3937112,
					"snd_wnd":	3144320,
					"rtt":	2638167,
					"rttvar":	19749,
					"pmtu":	1500,
					"omitted":	false,
					"sender":	true
				}],
			"sum":	{
				"start":	22.000596,
				"end":	23.000469,
				"seconds":	0.99987298250198364,
				"bytes":	1310720,
				"bits_per_second":	10487092.044192921,
				"retransmits":	0,
				"omitted":	false,
				"sender":	true
			}
		}, {
			"streams":	[{
					"socket":	6,
					"start":	23.000469,
					"end":	24.000359,
					"seconds":	0.9998900294303894,
					"bytes":	1310720,
					"bits_per_second":	10486913.251823761,
					"retransmits":	0,
					"snd_cwnd":	3937112,
					"snd_wnd":	3144320,
					"rtt":	2530854,
					"rttvar":	19651,
					"pmtu":	1500,
					"omitted":	false,
					"sender":	true
				}],
			"sum":	{
				"start":	23.000469,
				"end":	24.000359,
				"seconds":	0.9998900294303894,
				"bytes":	1310720,
				"bits_per_second":	10486913.251823761,
				"retransmits":	0,
				"omitted":	false,
				"sender":	true
			}
		}, {
			"streams":	[{
					"socket":	6,
					"start":	24.000359,
					"end":	25.000264,
					"seconds":	0.999904990196228,
					"bytes":	1310720,
					"bits_per_second":	10486756.344662512,
					"retransmits":	0,
					"snd_cwnd":	3937112,
					"snd_wnd":	3144320,
					"rtt":	2416386,
					"rttvar":	19499,
					"pmtu":	1500,
					"omitted":	false,
					"sender":	true
				}],
			"sum":	{
				"start":	24.000359,
				"end":	25.000264,
				"seconds":	0.999904990196228,
				"bytes":	1310720,
				"bits_per_second":	10486756.344662512,
				"retransmits":	0,
				"omitted":	false,
				"sender":	true
			}
		}, {
			"streams":	[{
					"socket":	6,
					"start":	25.000264,
					"end":	26.000155,
					"seconds":	0.99989098310470581,
					"bytes":	1310720,
					"bits_per_second":	10486903.249633526,
					"retransmits":	0,
					"snd_cwnd":	3937112,
					"snd_wnd":	3144320,
					"rtt":	2309109,
					"rttvar":	19438,
					"pmtu":	1500,
					"omitted":	false,
					"sender":	true
				}],
			"sum":	{
				"start":	25.000264,
				"end":	26.000155,
				"seconds":	0.99989098310470581,
				"bytes":	1310720,
				"bits_per_second":	10486903.249633526,
				"retransmits":	0,
				"omitted":	false,
				"sender":	true
			}
		}, {
			"streams":	[{
					"socket":	6,
					"start":	26.000155,
					"end":	27.000071,
					"seconds":	0.99991601705551147,
					"bytes":	1310720,
					"bits_per_second":	10486640.698963692,
					"retransmits":	0,
					"snd_cwnd":	3937112,
					"snd_wnd":	3144320,
					"rtt":	2210631,
					"rttvar":	20026,
					"pmtu":	1500,
					"omitted":	false,
					"sender":	true
				}],
			"sum":	{
				"start":	26.000155,
				"end":	27.000071,
				"seconds":	0.99991601705551147,
				"bytes":	1310720,
				"bits_per_second":	10486640.698963692,
				"retransmits":	0,
				"omitted":	false,
				"sender":	true
			}
		}, {
			"streams":	[{
					"socket":	6,
					"start":	27.000071,
					"end":	28.001021,
					"seconds":	1.00094997882843,
					"bytes":	0,
					"bits_per_second":	0,
					"retransmits":	0,
					"snd_cwnd":	3937112,
					"snd_wnd":	3144448,
					"rtt":	2110364,
					"rttvar":	19906,
					"pmtu":	1500,
					"omitted":	false,
					"sender":	true
				}],
			"sum":	{
				"start":	27.000071,
				"end":	28.001021,
				"seconds":	1.00094997882843,
				"bytes":	0,
				"bits_per_second":	0,
				"retransmits":	0,
				"omitted":	false,
				"sender":	true
			}
		}, {
			"streams":	[{
					"socket":	6,
					"start":	28.001021,
					"end":	29.00098,
					"seconds":	0.99995899200439453,
					"bytes":	1310720,
					"bits_per_second":	10486190.017634161,
					"retransmits":	0,
					"snd_cwnd":	3937112,
					"snd_wnd":	3144448,
					"rtt":	2015196,
					"rttvar":	19769,
					"pmtu":	1500,
					"omitted":	false,
					"sender":	true
				}],
			"sum":	{
				"start":	28.001021,
				"end":	29.00098,
				"seconds":	0.99995899200439453,
				"bytes":	1310720,
				"bits_per_second":	10486190.017634161,
				"retransmits":	0,
				"omitted":	false,
				"sender":	true
			}
		}, {
			"streams":	[{
					"socket":	6,
					"start":	29.00098,
					"end":	30.000833,
					"seconds":	0.999853014945984,
					"bytes":	1310720,
					"bits_per_second":	10487301.476574017,
					"retransmits":	0,
					"snd_cwnd":	3937112,
					"snd_wnd":	3144448,
					"rtt":	1901465,
					"rttvar":	19474,
					"pmtu":	1500,
					"omitted":	false,
					"sender":	true
				}],
			"sum":	{
				"start":	29.00098,
				"end":	30.000833,
				"seconds":	0.999853014945984,
				"bytes":	1310720,
				"bits_per_second":	10487301.476574017,
				"retransmits":	0,
				"omitted":	false,
				"sender":	true
			}
		}, {
			"streams":	[{
					"socket":	6,
					"start":	30.000833,
					"end":	31.000714,
					"seconds":	0.99988102912902832,
					"bytes":	1310720,
					"bits_per_second":	10487007.648433821,
					"retransmits":	0,
					"snd_cwnd":	3937112,
					"snd_wnd":	3144448,
					"rtt":	1789445,
					"rttvar":	19027,
					"pmtu":	1500,
					"omitted":	false,
					"sender":	true
				}],
			"sum":	{
				"start":	30.000833,
				"end":	31.000714,
				"seconds":	0.99988102912902832,
				"bytes":	1310720,
				"bits_per_second":	10487007.648433821,
				"retransmits":	0,
				"omitted":	false,
				"sender":	true
			}
		}, {
			"streams":	[{
					"socket":	6,
					"start":	31.000714,
					"end":	32.000597,
					"seconds":	0.999882996082306,
					"bytes":	1310720,
					"bits_per_second":	10486987.018565979,
					"retransmits":	0,
					"snd_cwnd":	3937112,
					"snd_wnd":	3144448,
					"rtt":	1901155,
					"rttvar":	159222,
					"pmtu":	1500,
					"omitted":	false,
					"sender":	true
				}],
			"sum":	{
				"start":	31.000714,
				"end":	32.000597,
				"seconds":	0.999882996082306,
				"bytes":	1310720,
				"bits_per_second":	10486987.018565979,
				"retransmits":	0,
				"omitted":	false,
				"sender":	true
			}
		}, {
			"streams":	[{
					"socket":	6,
					"start":	32.000597,
					"end":	33.000473,
					"seconds":	0.99987602233886719,
					"bytes":	1310720,
					"bits_per_second":	10487060.161190944,
					"retransmits":	0,
					"snd_cwnd":	3937112,
					"snd_wnd":	3144448,
					"rtt":	2671003,
					"rttvar":	19418,
					"pmtu":	1500,
					"omitted":	false,
					"sender":	true
				}],
			"sum":	{
				"start":	32.000597,
				"end":	33.000473,
				"seconds":	0.99987602233886719,
				"bytes":	1310720,
				"bits_per_second":	10487060.161190944,
				"retransmits":	0,
				"omitted":	false,
				"sender":	true
			}
		}, {
			"streams":	[{
					"socket":	6,
					"start":	33.000473,
					"end":	34.000349,
					"seconds":	0.99987602233886719,
					"bytes":	1310720,
					"bits_per_second":	10487060.161190944,
					"retransmits":	0,
					"snd_cwnd":	3937112,
					"snd_wnd":	3144448,
					"rtt":	2543747,
					"rttvar":	19803,
					"pmtu":	1500,
					"omitted":	false,
					"sender":	true
				}],
			"sum":	{
				"start":	33.000473,
				"end":	34.000349,
				"seconds":	0.99987602233886719,
				"bytes":	1310720,
				"bits_per_second":	10487060.161190944,
				"retransmits":	0,
				"omitted":	false,
				"sender":	true
			}
		}, {
			"streams":	[{
					"socket":	6,
					"start":	34.000349,
					"end":	35.000229,
					"seconds":	0.999880015850067,
					"bytes":	1310720,
					"bits_per_second":	10487018.275973173,
					"retransmits":	0,
					"snd_cwnd":	3937112,
					"snd_wnd":	3144448,
					"rtt":	2420920,
					"rttvar":	20039,
					"pmtu":	1500,
					"omitted":	false,
					"sender":	true
				}],
			"sum":	{
				"start":	34.000349,
				"end":	35.000229,
				"seconds":	0.999880015850067,
				"bytes":	1310720,
				"bits_per_second":	10487018.275973173,
				"retransmits":	0,
				"omitted":	false,
				"sender":	true
			}
		}, {
			"streams":	[{
					"socket":	6,
					"start":	35.000229,
					"end":	36.000101,
					"seconds":	0.99987202882766724,
					"bytes":	1310720,
					"bits_per_second":	10487102.046743294,
					"retransmits":	0,
					"snd_cwnd":	3937112,
					"snd_wnd":	3144448,
					"rtt":	2301879,
					"rttvar":	19456,
					"pmtu":	1500,
					"omitted":	false,
					"sender":	true
				}],
			"sum":	{
				"start":	35.000229,
				"end":	36.000101,
				"seconds":	0.99987202882766724,
				"bytes":	1310720,
				"bits_per_second":	10487102.046743294,
				"retransmits":	0,
				"omitted":	false,
				"sender":	true
			}
		}, {
			"streams":	[{
					"socket":	6,
					"start":	36.000101,
					"end":	37.001029,
					"seconds":	1.0009280443191528,
					"bytes":	0,
					"bits_per_second":	0,
					"retransmits":	0,
					"snd_cwnd":	3937112,
					"snd_wnd":	3144448,
					"rtt":	2180078,
					"rttvar":	19636,
					"pmtu":	1500,
					"omitted":	false,
					"sender":	true
				}],
			"sum":	{
				"start":	36.000101,
				"end":	37.001029,
				"seconds":	1.0009280443191528,
				"bytes":	0,
				"bits_per_second":	0,
				"retransmits":	0,
				"omitted":	false,
				"sender":	true
			}
		}, {
			"streams":	[{
					"socket":	6,
					"start":	37.001029,
					"end":	38.000981,
					"seconds":	0.99995201826095581,
					"bytes":	1310720,
					"bits_per_second":	10486263.149141971,
					"retransmits":	0,
					"snd_cwnd":	3937112,
					"snd_wnd":	3144448,
					"rtt":	2055570,
					"rttvar":	19895,
					"pmtu":	1500,
					"omitted":	false,
					"sender":	true
				}],
			"sum":	{
				"start":	37.001029,
				"end":	38.000981,
				"seconds":	0.99995201826095581,
				"bytes":	1310720,
				"bits_per_second":	10486263.149141971,
				"retransmits":	0,
				"omitted":	false,
				"sender":	true
			}
		}, {
			"streams":	[{
					"socket":	6,
					"start":	38.000981,
					"end":	39.000857,
					"seconds":	0.99987602233886719,
					"bytes":	1310720,
					"bits_per_second":	10487060.161190944,
					"retransmits":	0,
					"snd_cwnd":	3937112,
					"snd_wnd":	3144448,
					"rtt":	1932202,
					"rttvar":	20006,
					"pmtu":	1500,
					"omitted":	false,
					"sender":	true
				}],
			"sum":	{
				"start":	38.000981,
				"end":	39.000857,
				"seconds":	0.99987602233886719,
				"bytes":	1310720,
				"bits_per_second":	10487060.161190944,
				"retransmits":	0,
				"omitted":	false,
				"sender":	true
			}
		}, {
			"streams":	[{
					"socket":	6,
					"start":	39.000857,
					"end":	40.000735,
					"seconds":	0.99987798929214478,
					"bytes":	1310720,
					"bits_per_second":	10487039.531116497,
					"retransmits":	0,
					"snd_cwnd":	3937112,
					"snd_wnd":	3144448,
					"rtt":	1809118,
					"rttvar":	19858,
					"pmtu":	1500,
					"omitted":	false,
					"sender":	true
				}],
			"sum":	{
				"start":	39.000857,
				"end":	40.000735,
				"seconds":	0.99987798929214478,
				"bytes":	1310720,
				"bits_per_second":	10487039.531116497,
				"retransmits":	0,
				"omitted":	false,
				"sender":	true
			}
		}, {
			"streams":	[{
					"socket":	6,
					"start":	40.000735,
					"end":	41.000625,
					"seconds":	0.9998900294303894,
					"bytes":	1310720,
					"bits_per_second":	10486913.251823761,
					"retransmits":	0,
					"snd_cwnd":	3937112,
					"snd_wnd":	3144448,
					"rtt":	1696970,
					"rttvar":	8891,
					"pmtu":	1500,
					"omitted":	false,
					"sender":	true
				}],
			"sum":	{
				"start":	40.000735,
				"end":	41.000625,
				"seconds":	0.9998900294303894,
				"bytes":	1310720,
				"bits_per_second":	10486913.251823761,
				"retransmits":	0,
				"omitted":	false,
				"sender":	true
			}
		}, {
			"streams":	[{
					"socket":	6,
					"start":	41.000625,
					"end":	42.000521,
					"seconds":	0.999895989894867,
					"bytes":	1310720,
					"bits_per_second":	10486850.738447821,
					"retransmits":	0,
					"snd_cwnd":	3937112,
					"snd_wnd":	3144448,
					"rtt":	2640547,
					"rttvar":	1365,
					"pmtu":	1500,
					"omitted":	false,
					"sender":	true
				}],
			"sum":	{
				"start":	41.000625,
				"end":	42.000521,
				"seconds":	0.999895989894867,
				"bytes":	1310720,
				"bits_per_second":	10486850.738447821,
				"retransmits":	0,
				"omitted":	false,
				"sender":	true
			}
		}, {
			"streams":	[{
					"socket":	6,
					"start":	42.000521,
					"end":	43.000423,
					"seconds":	0.99990200996398926,
					"bytes":	1310720,
					"bits_per_second":	10486787.600694628,
					"retransmits":	0,
					"snd_cwnd":	3937112,
					"snd_wnd":	3144448,
					"rtt":	2573433,
					"rttvar":	19504,
					"pmtu":	1500,
					"omitted":	false,
					"sender":	true
				}],
			"sum":	{
				"start":	42.000521,
				"end":	43.000423,
				"seconds":	0.99990200996398926,
				"bytes":	1310720,
				"bits_per_second":	10486787.600694628,
				"retransmits":	0,
				"omitted":	false,
				"sender":	true
			}
		}, {
			"streams":	[{
					"socket":	6,
					"start":	43.000423,
					"end":	44.000325,
					"seconds":	0.99990200996398926,
					"bytes":	1310720,
					"bits_per_second":	10486787.600694628,
					"retransmits":	0,
					"snd_cwnd":	3937112,
					"snd_wnd":	3144448,
					"rtt":	2476725,
					"rttvar":	19861,
					"pmtu":	1500,
					"omitted":	false,
					"sender":	true
				}],
			"sum":	{
				"start":	43.000423,
				"end":	44.000325,
				"seconds":	0.99990200996398926,
				"bytes":	1310720,
				"bits_per_second":	10486787.600694628,
				"retransmits":	0,
				"omitted":	false,
				"sender":	true
			}
		}, {
			"streams":	[{
					"socket":	6,
					"start":	44.000325,
					"end":	45.000213,
					"seconds":	0.999888002872467,
					"bytes":	1310720,
					"bits_per_second":	10486934.506541358,
					"retransmits":	0,
					"snd_cwnd":	3937112,
					"snd_wnd":	3144448,
					"rtt":	2374214,
					"rttvar":	19436,
					"pmtu":	1500,
					"omitted":	false,
					"sender":	true
				}],
			"sum":	{
				"start":	44.000325,
				"end":	45.000213,
				"seconds":	0.999888002872467,
				"bytes":	1310720,
				"bits_per_second":	10486934.506541358,
				"retransmits":	0,
				"omitted":	false,
				"sender":	true
			}
		}, {
			"streams":	[{
					"socket":	6,
					"start":	45.000213,
					"end":	46.000089,
					"seconds":	0.99987602233886719,
					"bytes":	1310720,
					"bits_per_second":	10487060.161190944,
					"retransmits":	0,
					"snd_cwnd":	3937112,
					"snd_wnd":	3144448,
					"rtt":	2280766,
					"rttvar":	19581,
					"pmtu":	1500,
					"omitted":	false,
					"sender":	true
				}],
			"sum":	{
				"start":	45.000213,
				"end":	46.000089,
				"seconds":	0.99987602233886719,
				"bytes":	1310720,
				"bits_per_second":	10487060.161190944,
				"retransmits":	0,
				"omitted":	false,
				"sender":	true
			}
		}, {
			"streams":	[{
					"socket":	6,
					"start":	46.000089,
					"end":	47.001029,
					"seconds":	1.0009399652481079,
					"bytes":	0,
					"bits_per_second":	0,
					"retransmits":	0,
					"snd_cwnd":	3937112,
					"snd_wnd":	3144448,
					"rtt":	2169231,
					"rttvar":	19767,
					"pmtu":	1500,
					"omitted":	false,
					"sender":	true
				}],
			"sum":	{
				"start":	46.000089,
				"end":	47.001029,
				"seconds":	1.0009399652481079,
				"bytes":	0,
				"bits_per_second":	0,
				"retransmits":	0,
				"omitted":	false,
				"sender":	true
			}
		}, {
			"streams":	[{
					"socket":	6,
					"start":	47.001029,
					"end":	48.000964,
					"seconds":	0.99993497133255,
					"bytes":	1310720,
					"bits_per_second":	10486441.919344306,
					"retransmits":	0,
					"snd_cwnd":	3937112,
					"snd_wnd":	3144448,
					"rtt":	2044543,
					"rttvar":	20053,
					"pmtu":	1500,
					"omitted":	false,
					"sender":	true
				}],
			"sum":	{
				"start":	47.001029,
				"end":	48.000964,
				"seconds":	0.99993497133255,
				"bytes":	1310720,
				"bits_per_second":	10486441.919344306,
				"retransmits":	0,
				"omitted":	false,
				"sender":	true
			}
		}, {
			"streams":	[{
					"socket":	6,
					"start":	48.000964,
					"end":	49.000845,
					"seconds":	0.99988102912902832,
					"bytes":	1310720,
					"bits_per_second":	10487007.648433821,
					"retransmits":	0,
					"snd_cwnd":	3937112,
					"snd_wnd":	3144448,
					"rtt":	1921974,
					"rttvar":	19461,
					"pmtu":	1500,
					"omitted":	false,
					"sender":	true
				}],
			"sum":	{
				"start":	48.000964,
				"end":	49.000845,
				"seconds":	0.99988102912902832,
				"bytes":	1310720,
				"bits_per_second":	10487007.648433821,
				"retransmits":	0,
				"omitted":	false,
				"sender":	true
			}
		}, {
			"streams":	[{
					"socket":	6,
					"start":	49.000845,
					"end":	50.000712,
					"seconds":	0.999867022037506,
					"bytes":	1310720,
					"bits_per_second":	10487154.560445806,
					"retransmits":	0,
					"snd_cwnd":	3937112,
					"snd_wnd":	3144448,
					"rtt":	1796796,
					"rttvar":	19104,
					"pmtu":	1500,
					"omitted":	false,
					"sender":	true
				}],
			"sum":	{
				"start":	49.000845,
				"end":	50.000712,
				"seconds":	0.999867022037506,
				"bytes":	1310720,
				"bits_per_second":	10487154.560445806,
				"retransmits":	0,
				"omitted":	false,
				"sender":	true
			}
		}, {
			"streams":	[{
					"socket":	6,
					"start":	50.000712,
					"end":	51.000611,
					"seconds":	0.99989902973175049,
					"bytes":	1310720,
					"bits_per_second":	10486818.856913067,
					"retransmits":	0,
					"snd_cwnd":	3937112,
					"snd_wnd":	3144448,
					"rtt":	1913302,
					"rttvar":	159516,
					"pmtu":	1500,
					"omitted":	false,
					"sender":	true
				}],
			"sum":	{
				"start":	50.000712,
				"end":	51.000611,
				"seconds":	0.99989902973175049,
				"bytes":	1310720,
				"bits_per_second":	10486818.856913067,
				"retransmits":	0,
				"omitted":	false,
				"sender":	true
			}
		}, {
			"streams":	[{
					"socket":	6,
					"start":	51.000611,
					"end":	52.000472,
					"seconds":	0.99986100196838379,
					"bytes":	1310720,
					"bits_per_second":	10487217.702617794,
					"retransmits":	0,
					"snd_cwnd":	3937112,
					"snd_wnd":	3144448,
					"rtt":	2670470,
					"rttvar":	18660,
					"pmtu":	1500,
					"omitted":	false,
					"sender":	true
				}],
			"sum":	{
				"start":	51.000611,
				"end":	52.000472,
				"seconds":	0.99986100196838379,
				"bytes":	1310720,
				"bits_per_second":	10487217.702617794,
				"retransmits":	0,
				"omitted":	false,
				"sender":	true
			}
		}, {
			"streams":	[{
					"socket":	6,
					"start":	52.000472,
					"end":	53.000348,
					"seconds":	0.99987602233886719,
					"bytes":	1310720,
					"bits_per_second":	10487060.161190944,
					"retransmits":	0,
					"snd_cwnd":	3937112,
					"snd_wnd":	3144448,
					"rtt":	2546055,
					"rttvar":	19900,
					"pmtu":	1500,
					"omitted":	false,
					"sender":	true
				}],
			"sum":	{
				"start":	52.000472,
				"end":	53.000348,
				"seconds":	0.99987602233886719,
				"bytes":	1310720,
				"bits_per_second":	10487060.161190944,
				"retransmits":	0,
				"omitted":	false,
				"sender":	true
			}
		}, {
			"streams":	[{
					"socket":	6,
					"start":	53.000348,
					"end":	54.000219,
					"seconds":	0.999871015548706,
					"bytes":	1310720,
					"bits_per_second":	10487112.674473975,
					"retransmits":	0,
					"snd_cwnd":	3937112,
					"snd_wnd":	3144448,
					"rtt":	2422456,
					"rttvar":	20017,
					"pmtu":	1500,
					"omitted":	false,
					"sender":	true
				}],
			"sum":	{
				"start":	53.000348,
				"end":	54.000219,
				"seconds":	0.999871015548706,
				"bytes":	1310720,
				"bits_per_second":	10487112.674473975,
				"retransmits":	0,
				"omitted":	false,
				"sender":	true
			}
		}, {
			"streams":	[{
					"socket":	6,
					"start":	54.000219,
					"end":	55.000096,
					"seconds":	0.99987697601318359,
					"bytes":	1310720,
					"bits_per_second":	10487050.158720469,
					"retransmits":	0,
					"snd_cwnd":	3937112,
					"snd_wnd":	3144448,
					"rtt":	2298390,
					"rttvar":	19505,
					"pmtu":	1500,
					"omitted":	false,
					"sender":	true
				}],
			"sum":	{
				"start":	54.000219,
				"end":	55.000096,
				"seconds":	0.99987697601318359,
				"bytes":	1310720,
				"bits_per_second":	10487050.158720469,
				"retransmits":	0,
				"omitted":	false,
				"sender":	true
			}
		}, {
			"streams":	[{
					"socket":	6,
					"start":	55.000096,
					"end":	56.001042,
					"seconds":	1.000946044921875,
					"bytes":	0,
					"bits_per_second":	0,
					"retransmits":	0,
					"snd_cwnd":	3937112,
					"snd_wnd":	3144448,
					"rtt":	2176818,
					"rttvar":	19681,
					"pmtu":	1500,
					"omitted":	false,
					"sender":	true
				}],
			"sum":	{
				"start":	55.000096,
				"end":	56.001042,
				"seconds":	1.000946044921875,
				"bytes":	0,
				"bits_per_second":	0,
				"retransmits":	0,
				"omitted":	false,
				"sender":	true
			}
		}, {
			"streams":	[{
					"socket":	6,
					"start":	56.001042,
					"end":	57.000969,
					"seconds":	0.99992698431015,
					"bytes":	1310720,
					"bits_per_second":	10486525.68090672,
					"retransmits":	0,
					"snd_cwnd":	3937112,
					"snd_wnd":	3144448,
					"rtt":	2052331,
					"rttvar":	19674,
					"pmtu":	1500,
					"omitted":	false,
					"sender":	true
				}],
			"sum":	{
				"start":	56.001042,
				"end":	57.000969,
				"seconds":	0.99992698431015,
				"bytes":	1310720,
				"bits_per_second":	10486525.68090672,
				"retransmits":	0,
				"omitted":	false,
				"sender":	true
			}
		}, {
			"streams":	[{
					"socket":	6,
					"start":	57.000969,
					"end":	58.000865,
					"seconds":	0.999895989894867,
					"bytes":	1310720,
					"bits_per_second":	10486850.738447821,
					"retransmits":	0,
					"snd_cwnd":	3937112,
					"snd_wnd":	3144448,
					"rtt":	1929179,
					"rttvar":	19514,
					"pmtu":	1500,
					"omitted":	false,
					"sender":	true
				}],
			"sum":	{
				"start":	57.000969,
				"end":	58.000865,
				"seconds":	0.999895989894867,
				"bytes":	1310720,
				"bits_per_second":	10486850.738447821,
				"retransmits":	0,
				"omitted":	false,
				"sender":	true
			}
		}, {
			"streams":	[{
					"socket":	6,
					"start":	58.000865,
					"end":	59.000763,
					"seconds":	0.99989801645278931,
					"bytes":	1310720,
					"bits_per_second":	10486829.48406978,
					"retransmits":	0,
					"snd_cwnd":	3937112,
					"snd_wnd":	3144448,
					"rtt":	1820545,
					"rttvar":	19445,
					"pmtu":	1500,
					"omitted":	false,
					"sender":	true
				}],
			"sum":	{
				"start":	58.000865,
				"end":	59.000763,
				"seconds":	0.99989801645278931,
				"bytes":	1310720,
				"bits_per_second":	10486829.48406978,
				"retransmits":	0,
				"omitted":	false,
				"sender":	true
			}
		}, {
			"streams":	[{
					"socket":	6,
					"start":	59.000763,
					"end":	60.000664,
					"seconds":	0.999900996685028,
					"bytes":	1310720,
					"bits_per_second":	10486798.227787992,
					"retransmits":	0,
					"snd_cwnd":	3937112,
					"snd_wnd":	3144448,
					"rtt":	1725249,
					"rttvar":	18068,
					"pmtu":	1500,
					"omitted":	false,
					"sender":	true
				}],
			"sum":	{
				"start":	59.000763,
				"end":	60.000664,
				"seconds":	0.999900996685028,
				"bytes":	1310720,
				"bits_per_second":	10486798.227787992,
				"retransmits":	0,
				"omitted":	false,
				"sender":	true
			}
		}],
	"end":	{
		"streams":	[{
				"sender":	{
					"socket":	6,
					"start":	0,
					"end":	60.000664,
					"seconds":	60.000664,
					"bytes":	72220672,
					"bits_per_second":	9629316.36889885,
					"retransmits":	0,
					"max_snd_cwnd":	3937112,
					"max_snd_wnd":	3144448,
					"max_rtt":	2671003,
					"min_rtt":	125314,
					"mean_rtt":	1709461,
					"sender":	true
				},
				"receiver":	{
					"socket":	6,
					"start":	0,
					"end":	62.09667,
					"seconds":	60.000664,
					"bytes":	72220392,
					"bits_per_second":	9304253.1266169343,
					"sender":	true
				}
			}],
		"sum_sent":	{
			"start":	0,
			"end":	60.000664,
			"seconds":	60.000664,
			"bytes":	72220672,
			"bits_per_second":	9629316.36889885,
			"retransmits":	0,
			"sender":	true
		},
		"sum_received":	{
			"start":	0,
			"end":	62.09667,
			"seconds":	62.09667,
			"bytes":	72220392,
			"bits_per_second":	9304253.1266169343,
			"sender":	true
		},
		"cpu_utilization_percent":	{
			"host_total":	0.031302011917323035,
			"host_user":	0.0032421606978449346,
			"host_system":	0.0280598512194781,
			"remote_total":	0.980646583006696,
			"remote_user":	0.0683208795548709,
			"remote_system":	0.91232570345182518
		},
		"sender_tcp_congestion":	"cubic",
		"receiver_tcp_congestion":	"cubic"
	}
}
