{
	"start":	{
		"connected":	[{
				"socket":	6,
				"local_host":	"192.168.101.210",
				"local_port":	34926,
				"remote_host":	"192.168.100.168",
				"remote_port":	5202
			}],
		"version":	"iperf 3.11",
		"system_info":	"Linux f1 6.0.10-300.fc37.x86_64 #1 SMP PREEMPT_DYNAMIC Sat Nov 26 16:55:13 UTC 2022 x86_64",
		"timestamp":	{
			"time":	"Sat, 10 Dec 2022 20:17:26 GMT",
			"timesecs":	1670703446
		},
		"connecting_to":	{
			"host":	"192.168.100.168",
			"port":	5202
		},
		"cookie":	"p3r5a5457biofeg3tsarkgu7us57duk4rpwb",
		"tcp_mss_default":	1448,
		"target_bitrate":	0,
		"sock_bufsize":	0,
		"sndbuf_actual":	16384,
		"rcvbuf_actual":	131072,
		"test_start":	{
			"protocol":	"TCP",
			"num_streams":	1,
			"blksize":	131072,
			"omit":	0,
			"duration":	60,
			"bytes":	0,
			"blocks":	0,
			"reverse":	0,
			"tos":	0,
			"target_bitrate":	0
		}
	},
	"intervals":	[{
			"streams":	[{
					"socket":	6,
					"start":	0,
					"end":	1.000138,
					"seconds":	1.0001380443573,
					"bytes":	1375600,
					"bits_per_second":	11003281.059138,
					"retransmits":	0,
					"snd_cwnd":	181000,
					"snd_wnd":	307456,
					"rtt":	204922,
					"rttvar":	7881,
					"pmtu":	1500,
					"omitted":	false,
					"sender":	true
				}],
			"sum":	{
				"start":	0,
				"end":	1.000138,
				"seconds":	1.0001380443573,
				"bytes":	1375600,
				"bits_per_second":	11003281.059138,
				"retransmits":	0,
				"omitted":	false,
				"sender":	true
			}
		}, {
			"streams":	[{
					"socket":	6,
					"start":	1.000138,
					"end":	2.000238,
					"seconds":	1.0001000165939331,
					"bytes":	2818704,
					"bits_per_second":	22547376.888161521,
					"retransmits":	0,
					"snd_cwnd":	432952,
					"snd_wnd":	1250048,
					"rtt":	478408,
					"rttvar":	7815,
					"pmtu":	1500,
					"omitted":	false,
					"sender":	true
				}],
			"sum":	{
				"start":	1.000138,
				"end":	2.000238,
				"seconds":	1.0001000165939331,
				"bytes":	2818704,
				"bits_per_second":	22547376.888161521,
				"retransmits":	0,
				"omitted":	false,
				"sender":	true
			}
		}, {
			"streams":	[{
					"socket":	6,
					"start":	2.000238,
					"end":	3.001031,
					"seconds":	1.0007929801940918,
					"bytes":	0,
					"bits_per_second":	0,
					"retransmits":	0,
					"snd_cwnd":	461912,
					"snd_wnd":	1547136,
					"rtt":	586706,
					"rttvar":	1908,
					"pmtu":	1500,
					"omitted":	false,
					"sender":	true
				}],
			"sum":	{
				"start":	2.000238,
				"end":	3.001031,
				"seconds":	1.0007929801940918,
				"bytes":	0,
				"bits_per_second":	0,
				"retransmits":	0,
				"omitted":	false,
				"sender":	true
			}
		}, {
			"streams":	[{
					"socket":	6,
					"start":	3.001031,
					"end":	4.000898,
					"seconds":	0.999867022037506,
					"bytes":	1310720,
					"bits_per_second":	10487154.560445806,
					"retransmits":	0,
					"snd_cwnd":	461912,
					"snd_wnd":	1547264,
					"rtt":	609176,
					"rttvar":	303,
					"pmtu":	1500,
					"omitted":	false,
					"sender":	true
				}],
			"sum":	{
				"start":	3.001031,
				"end":	4.000898,
				"seconds":	0.999867022037506,
				"bytes":	1310720,
				"bits_per_second":	10487154.560445806,
				"retransmits":	0,
				"omitted":	false,
				"sender":	true
			}
		}, {
			"streams":	[{
					"socket":	6,
					"start":	4.000898,
					"end":	5.000327,
					"seconds":	0.99942898750305176,
					"bytes":	1310720,
					"bits_per_second":	10491750.920890696,
					"retransmits":	0,
					"snd_cwnd":	529968,
					"snd_wnd":	1547264,
					"rtt":	626848,
					"rttvar":	1563,
					"pmtu":	1500,
					"omitted":	false,
					"sender":	true
				}],
			"sum":	{
				"start":	4.000898,
				"end":	5.000327,
				"seconds":	0.99942898750305176,
				"bytes":	1310720,
				"bits_per_second":	10491750.920890696,
				"retransmits":	0,
				"omitted":	false,
				"sender":	true
			}
		}, {
			"streams":	[{
					"socket":	6,
					"start":	5.000327,
					"end":	6.001061,
					"seconds":	1.0007339715957642,
					"bytes":	0,
					"bits_per_second":	0,
					"retransmits":	0,
					"snd_cwnd":	393856,
					"snd_wnd":	1547264,
					"rtt":	516387,
					"rttvar":	11218,
					"pmtu":	1500,
					"omitted":	false,
					"sender":	true
				}],
			"sum":	{
				"start":	5.000327,
				"end":	6.001061,
				"seconds":	1.0007339715957642,
				"bytes":	0,
				"bits_per_second":	0,
				"retransmits":	0,
				"omitted":	false,
				"sender":	true
			}
		}, {
			"streams":	[{
					"socket":	6,
					"start":	6.001061,
					"end":	7.001059,
					"seconds":	0.99999797344207764,
					"bytes":	0,
					"bits_per_second":	0,
					"retransmits":	0,
					"snd_cwnd":	390960,
					"snd_wnd":	1547264,
					"rtt":	617428,
					"rttvar":	1054,
					"pmtu":	1500,
					"omitted":	false,
					"sender":	true
				}],
			"sum":	{
				"start":	6.001061,
				"end":	7.001059,
				"seconds":	0.99999797344207764,
				"bytes":	0,
				"bits_per_second":	0,
				"retransmits":	0,
				"omitted":	false,
				"sender":	true
			}
		}, {
			"streams":	[{
					"socket":	6,
					"start":	7.001059,
					"end":	8.00098,
					"seconds":	0.99992102384567261,
					"bytes":	1310720,
					"bits_per_second":	10486588.190407293,
					"retransmits":	0,
					"snd_cwnd":	390960,
					"snd_wnd":	1547264,
					"rtt":	640922,
					"rttvar":	1514,
					"pmtu":	1500,
					"omitted":	false,
					"sender":	true
				}],
			"sum":	{
				"start":	7.001059,
				"end":	8.00098,
				"seconds":	0.99992102384567261,
				"bytes":	1310720,
				"bits_per_second":	10486588.190407293,
				"retransmits":	0,
				"omitted":	false,
				"sender":	true
			}
		}, {
			"streams":	[{
					"socket":	6,
					"start":	8.00098,
					"end":	9.001035,
					"seconds":	1.0000549554824829,
					"bytes":	0,
					"bits_per_second":	0,
					"retransmits":	0,
					"snd_cwnd":	390960,
					"snd_wnd":	1547264,
					"rtt":	675049,
					"rttvar":	2408,
					"pmtu":	1500,
					"omitted":	false,
					"sender":	true
				}],
			"sum":	{
				"start":	8.00098,
				"end":	9.001035,
				"seconds":	1.0000549554824829,
				"bytes":	0,
				"bits_per_second":	0,
				"retransmits":	0,
				"omitted":	false,
				"sender":	true
			}
		}, {
			"streams":	[{
					"socket":	6,
					"start":	9.001035,
					"end":	10.000749,
					"seconds":	0.99971401691436768,
					"bytes":	1310720,
					"bits_per_second":	10488759.607837105,
					"retransmits":	0,
					"snd_cwnd":	321456,
					"snd_wnd":	1547264,
					"rtt":	741193,
					"rttvar":	5140,
					"pmtu":	1500,
					"omitted":	false,
					"sender":	true
				}],
			"sum":	{
				"start":	9.001035,
				"end":	10.000749,
				"seconds":	0.99971401691436768,
				"bytes":	1310720,
				"bits_per_second":	10488759.607837105,
				"retransmits":	0,
				"omitted":	false,
				"sender":	true
			}
		}, {
			"streams":	[{
					"socket":	6,
					"start":	10.000749,
					"end":	11.00104,
					"seconds":	1.0002909898757935,
					"bytes":	0,
					"bits_per_second":	0,
					"retransmits":	0,
					"snd_cwnd":	5792,
					"snd_wnd":	1547264,
					"rtt":	776211,
					"rttvar":	2710,
					"pmtu":	1500,
					"omitted":	false,
					"sender":	true
				}],
			"sum":	{
				"start":	10.000749,
				"end":	11.00104,
				"seconds":	1.0002909898757935,
				"bytes":	0,
				"bits_per_second":	0,
				"retransmits":	0,
				"omitted":	false,
				"sender":	true
			}
		}, {
			"streams":	[{
					"socket":	6,
					"start":	11.00104,
					"end":	12.001033,
					"seconds":	0.99999302625656128,
					"bytes":	0,
					"bits_per_second":	0,
					"retransmits":	0,
					"snd_cwnd":	5792,
					"snd_wnd":	1547264,
					"rtt":	855153,
					"rttvar":	11247,
					"pmtu":	1500,
					"omitted":	false,
					"sender":	true
				}],
			"sum":	{
				"start":	11.00104,
				"end":	12.001033,
				"seconds":	0.99999302625656128,
				"bytes":	0,
				"bits_per_second":	0,
				"retransmits":	0,
				"omitted":	false,
				"sender":	true
			}
		}, {
			"streams":	[{
					"socket":	6,
					"start":	12.001033,
					"end":	13.001034,
					"seconds":	1.0000009536743164,
					"bytes":	0,
					"bits_per_second":	0,
					"retransmits":	0,
					"snd_cwnd":	324352,
					"snd_wnd":	1545472,
					"rtt":	823630,
					"rttvar":	18304,
					"pmtu":	1500,
					"omitted":	false,
					"sender":	true
				}],
			"sum":	{
				"start":	12.001033,
				"end":	13.001034,
				"seconds":	1.0000009536743164,
				"bytes":	0,
				"bits_per_second":	0,
				"retransmits":	0,
				"omitted":	false,
				"sender":	true
			}
		}, {
			"streams":	[{
					"socket":	6,
					"start":	13.001034,
					"end":	14.001038,
					"seconds":	1.0000040531158447,
					"bytes":	0,
					"bits_per_second":	0,
					"retransmits":	0,
					"snd_cwnd":	570512,
					"snd_wnd":	1547264,
					"rtt":	1084880,
					"rttvar":	27488,
					"pmtu":	1500,
					"omitted":	false,
					"sender":	true
				}],
			"sum":	{
				"start":	13.001034,
				"end":	14.001038,
				"seconds":	1.0000040531158447,
				"bytes":	0,
				"bits_per_second":	0,
				"retransmits":	0,
				"omitted":	false,
				"sender":	true
			}
		}, {
			"streams":	[{
					"socket":	6,
					"start":	14.001038,
					"end":	15.000326,
					"seconds":	0.999288022518158,
					"bytes":	1310720,
					"bits_per_second":	10493230.944144,
					"retransmits":	0,
					"snd_cwnd":	825360,
					"snd_wnd":	1547264,
					"rtt":	1352268,
					"rttvar":	14020,
					"pmtu":	1500,
					"omitted":	false,
					"sender":	true
				}],
			"sum":	{
				"start":	14.001038,
				"end":	15.000326,
				"seconds":	0.999288022518158,
				"bytes":	1310720,
				"bits_per_second":	10493230.944144,
				"retransmits":	0,
				"omitted":	false,
				"sender":	true
			}
		}, {
			"streams":	[{
					"socket":	6,
					"start":	15.000326,
					"end":	16.001031,
					"seconds":	1.0007050037384033,
					"bytes":	0,
					"bits_per_second":	0,
					"retransmits":	0,
					"snd_cwnd":	825360,
					"snd_wnd":	1547264,
					"rtt":	1663703,
					"rttvar":	26755,
					"pmtu":	1500,
					"omitted":	false,
					"sender":	true
				}],
			"sum":	{
				"start":	15.000326,
				"end":	16.001031,
				"seconds":	1.0007050037384033,
				"bytes":	0,
				"bits_per_second":	0,
				"retransmits":	0,
				"omitted":	false,
				"sender":	true
			}
		}, {
			"streams":	[{
					"socket":	6,
					"start":	16.001031,
					"end":	17.001035,
					"seconds":	1.0000040531158447,
					"bytes":	0,
					"bits_per_second":	0,
					"retransmits":	0,
					"snd_cwnd":	825360,
					"snd_wnd":	1547264,
					"rtt":	1860175,
					"rttvar":	5801,
					"pmtu":	1500,
					"omitted":	false,
					"sender":	true
				}],
			"sum":	{
				"start":	16.001031,
				"end":	17.001035,
				"seconds":	1.0000040531158447,
				"bytes":	0,
				"bits_per_second":	0,
				"retransmits":	0,
				"omitted":	false,
				"sender":	true
			}
		}, {
			"streams":	[{
					"socket":	6,
					"start":	17.001035,
					"end":	18.001038,
					"seconds":	1.0000029802322388,
					"bytes":	0,
					"bits_per_second":	0,
					"retransmits":	0,
					"snd_cwnd":	825360,
					"snd_wnd":	1726720,
					"rtt":	2036718,
					"rttvar":	14609,
					"pmtu":	1500,
					"omitted":	false,
					"sender":	true
				}],
			"sum":	{
				"start":	17.001035,
				"end":	18.001038,
				"seconds":	1.0000029802322388,
				"bytes":	0,
				"bits_per_second":	0,
				"retransmits":	0,
				"omitted":	false,
				"sender":	true
			}
		}, {
			"streams":	[{
					"socket":	6,
					"start":	18.001038,
					"end":	19.000707,
					"seconds":	0.99966901540756226,
					"bytes":	1310720,
					"bits_per_second":	10489231.774103737,
					"retransmits":	0,
					"snd_cwnd":	825360,
					"snd_wnd":	1988224,
					"rtt":	2342394,
					"rttvar":	9888,
					"pmtu":	1500,
					"omitted":	false,
					"sender":	true
				}],
			"sum":	{
				"start":	18.001038,
				"end":	19.000707,
				"seconds":	0.99966901540756226,
				"bytes":	1310720,
				"bits_per_second":	10489231.774103737,
				"retransmits":	0,
				"omitted":	false,
				"sender":	true
			}
		}, {
			"streams":	[{
					"socket":	6,
					"start":	19.000707,
					"end":	20.001031,
					"seconds":	1.000324010848999,
					"bytes":	0,
					"bits_per_second":	0,
					"retransmits":	0,
					"snd_cwnd":	851424,
					"snd_wnd":	1988224,
					"rtt":	2526543,
					"rttvar":	15521,
					"pmtu":	1500,
					"omitted":	false,
					"sender":	true
				}],
			"sum":	{
				"start":	19.000707,
				"end":	20.001031,
				"seconds":	1.000324010848999,
				"bytes":	0,
				"bits_per_second":	0,
				"retransmits":	0,
				"omitted":	false,
				"sender":	true
			}
		}, {
			"streams":	[{
					"socket":	6,
					"start":	20.001031,
					"end":	21.001038,
					"seconds":	1.0000070333480835,
					"bytes":	0,
					"bits_per_second":	0,
					"retransmits":	0,
					"snd_cwnd":	877488,
					"snd_wnd":	2463232,
					"rtt":	2461989,
					"rttvar":	40420,
					"pmtu":	1500,
					"omitted":	false,
					"sender":	true
				}],
			"sum":	{
				"start":	20.001031,
				"end":	21.001038,
				"seconds":	1.0000070333480835,
				"bytes":	0,
				"bits_per_second":	0,
				"retransmits":	0,
				"omitted":	false,
				"sender":	true
			}
		}, {
			"streams":	[{
					"socket":	6,
					"start":	21.001038,
					"end":	22.001036,
					"seconds":	0.99999797344207764,
					"bytes":	0,
					"bits_per_second":	0,
					"retransmits":	0,
					"snd_cwnd":	874592,
					"snd_wnd":	2547840,
					"rtt":	3015241,
					"rttvar":	18877,
					"pmtu":	1500,
					"omitted":	false,
					"sender":	true
				}],
			"sum":	{
				"start":	21.001038,
				"end":	22.001036,
				"seconds":	0.99999797344207764,
				"bytes":	0,
				"bits_per_second":	0,
				"retransmits":	0,
				"omitted":	false,
				"sender":	true
			}
		}, {
			"streams":	[{
					"socket":	6,
					"start":	22.001036,
					"end":	23.000748,
					"seconds":	0.99971199035644531,
					"bytes":	1310720,
					"bits_per_second":	10488780.870039703,
					"retransmits":	0,
					"snd_cwnd":	874592,
					"snd_wnd":	2547840,
					"rtt":	2367697,
					"rttvar":	51934,
					"pmtu":	1500,
					"omitted":	false,
					"sender":	true
				}],
			"sum":	{
				"start":	22.001036,
				"end":	23.000748,
				"seconds":	0.99971199035644531,
				"bytes":	1310720,
				"bits_per_second":	10488780.870039703,
				"retransmits":	0,
				"omitted":	false,
				"sender":	true
			}
		}, {
			"streams":	[{
					"socket":	6,
					"start":	23.000748,
					"end":	24.001061,
					"seconds":	1.0003130435943604,
					"bytes":	0,
					"bits_per_second":	0,
					"retransmits":	0,
					"snd_cwnd":	5792,
					"snd_wnd":	2547840,
					"rtt":	2781294,
					"rttvar":	25955,
					"pmtu":	1500,
					"omitted":	false,
					"sender":	true
				}],
			"sum":	{
				"start":	23.000748,
				"end":	24.001061,
				"seconds":	1.0003130435943604,
				"bytes":	0,
				"bits_per_second":	0,
				"retransmits":	0,
				"omitted":	false,
				"sender":	true
			}
		}, {
			"streams":	[{
					"socket":	6,
					"start":	24.001061,
					"end":	25.00106,
					"seconds":	0.99999898672103882,
					"bytes":	0,
					"bits_per_second":	0,
					"retransmits":	0,
					"snd_cwnd":	5792,
					"snd_wnd":	2547840,
					"rtt":	3089242,
					"rttvar":	29372,
					"pmtu":	1500,
					"omitted":	false,
					"sender":	true
				}],
			"sum":	{
				"start":	24.001061,
				"end":	25.00106,
				"seconds":	0.99999898672103882,
				"bytes":	0,
				"bits_per_second":	0,
				"retransmits":	0,
				"omitted":	false,
				"sender":	true
			}
		}, {
			"streams":	[{
					"socket":	6,
					"start":	25.00106,
					"end":	26.001261,
					"seconds":	1.0002009868621826,
					"bytes":	0,
					"bits_per_second":	0,
					"retransmits":	0,
					"snd_cwnd":	5792,
					"snd_wnd":	2547840,
					"rtt":	2574823,
					"rttvar":	22391,
					"pmtu":	1500,
					"omitted":	false,
					"sender":	true
				}],
			"sum":	{
				"start":	25.00106,
				"end":	26.001261,
				"seconds":	1.0002009868621826,
				"bytes":	0,
				"bits_per_second":	0,
				"retransmits":	0,
				"omitted":	false,
				"sender":	true
			}
		}, {
			"streams":	[{
					"socket":	6,
					"start":	26.001261,
					"end":	27.001062,
					"seconds":	0.999800980091095,
					"bytes":	0,
					"bits_per_second":	0,
					"retransmits":	0,
					"snd_cwnd":	5792,
					"snd_wnd":	2547840,
					"rtt":	2574823,
					"rttvar":	22391,
					"pmtu":	1500,
					"omitted":	false,
					"sender":	true
				}],
			"sum":	{
				"start":	26.001261,
				"end":	27.001062,
				"seconds":	0.999800980091095,
				"bytes":	0,
				"bits_per_second":	0,
				"retransmits":	0,
				"omitted":	false,
				"sender":	true
			}
		}, {
			"streams":	[{
					"socket":	6,
					"start":	27.001062,
					"end":	28.001063,
					"seconds":	1.0000009536743164,
					"bytes":	0,
					"bits_per_second":	0,
					"retransmits":	0,
					"snd_cwnd":	880384,
					"snd_wnd":	2546688,
					"rtt":	2486549,
					"rttvar":	42713,
					"pmtu":	1500,
					"omitted":	false,
					"sender":	true
				}],
			"sum":	{
				"start":	27.001062,
				"end":	28.001063,
				"seconds":	1.0000009536743164,
				"bytes":	0,
				"bits_per_second":	0,
				"retransmits":	0,
				"omitted":	false,
				"sender":	true
			}
		}, {
			"streams":	[{
					"socket":	6,
					"start":	28.001063,
					"end":	29.00106,
					"seconds":	0.99999701976776123,
					"bytes":	0,
					"bits_per_second":	0,
					"retransmits":	0,
					"snd_cwnd":	880384,
					"snd_wnd":	2546688,
					"rtt":	2486549,
					"rttvar":	42713,
					"pmtu":	1500,
					"omitted":	false,
					"sender":	true
				}],
			"sum":	{
				"start":	28.001063,
				"end":	29.00106,
				"seconds":	0.99999701976776123,
				"bytes":	0,
				"bits_per_second":	0,
				"retransmits":	0,
				"omitted":	false,
				"sender":	true
			}
		}, {
			"streams":	[{
					"socket":	6,
					"start":	29.00106,
					"end":	30.001061,
					"seconds":	1.0000009536743164,
					"bytes":	0,
					"bits_per_second":	0,
					"retransmits":	0,
					"snd_cwnd":	1209080,
					"snd_wnd":	2547840,
					"rtt":	1906777,
					"rttvar":	22428,
					"pmtu":	1500,
					"omitted":	false,
					"sender":	true
				}],
			"sum":	{
				"start":	29.00106,
				"end":	30.001061,
				"seconds":	1.0000009536743164,
				"bytes":	0,
				"bits_per_second":	0,
				"retransmits":	0,
				"omitted":	false,
				"sender":	true
			}
		}, {
			"streams":	[{
					"socket":	6,
					"start":	30.001061,
					"end":	31.001023,
					"seconds":	0.9999619722366333,
					"bytes":	0,
					"bits_per_second":	0,
					"retransmits":	0,
					"snd_cwnd":	1211976,
					"snd_wnd":	2546688,
					"rtt":	1993703,
					"rttvar":	190673,
					"pmtu":	1500,
					"omitted":	false,
					"sender":	true
				}],
			"sum":	{
				"start":	30.001061,
				"end":	31.001023,
				"seconds":	0.9999619722366333,
				"bytes":	0,
				"bits_per_second":	0,
				"retransmits":	0,
				"omitted":	false,
				"sender":	true
			}
		}, {
			"streams":	[{
					"socket":	6,
					"start":	31.001023,
					"end":	32.000809,
					"seconds":	0.99978601932525635,
					"bytes":	1310720,
					"bits_per_second":	10488004.2302219,
					"retransmits":	0,
					"snd_cwnd":	1759320,
					"snd_wnd":	2547840,
					"rtt":	2472434,
					"rttvar":	22383,
					"pmtu":	1500,
					"omitted":	false,
					"sender":	true
				}],
			"sum":	{
				"start":	31.001023,
				"end":	32.000809,
				"seconds":	0.99978601932525635,
				"bytes":	1310720,
				"bits_per_second":	10488004.2302219,
				"retransmits":	0,
				"omitted":	false,
				"sender":	true
			}
		}, {
			"streams":	[{
					"socket":	6,
					"start":	32.000809,
					"end":	33.001048,
					"seconds":	1.0002390146255493,
					"bytes":	0,
					"bits_per_second":	0,
					"retransmits":	0,
					"snd_cwnd":	1465376,
					"snd_wnd":	2547840,
					"rtt":	2677410,
					"rttvar":	13876,
					"pmtu":	1500,
					"omitted":	false,
					"sender":	true
				}],
			"sum":	{
				"start":	32.000809,
				"end":	33.001048,
				"seconds":	1.0002390146255493,
				"bytes":	0,
				"bits_per_second":	0,
				"retransmits":	0,
				"omitted":	false,
				"sender":	true
			}
		}, {
			"streams":	[{
					"socket":	6,
					"start":	33.001048,
					"end":	34.001046,
					"seconds":	0.99999797344207764,
					"bytes":	0,
					"bits_per_second":	0,
					"retransmits":	0,
					"snd_cwnd":	1465376,
					"snd_wnd":	2547840,
					"rtt":	2620608,
					"rttvar":	81909,
					"pmtu":	1500,
					"omitted":	false,
					"sender":	true
				}],
			"sum":	{
				"start":	33.001048,
				"end":	34.001046,
				"seconds":	0.99999797344207764,
				"bytes":	0,
				"bits_per_second":	0,
				"retransmits":	0,
				"omitted":	false,
				"sender":	true
			}
		}, {
			"streams":	[{
					"socket":	6,
					"start":	34.001046,
					"end":	35.000499,
					"seconds":	0.99945300817489624,
					"bytes":	1310720,
					"bits_per_second":	10491498.764057025,
					"retransmits":	0,
					"snd_cwnd":	1647824,
					"snd_wnd":	3143936,
					"rtt":	2826256,
					"rttvar":	14005,
					"pmtu":	1500,
					"omitted":	false,
					"sender":	true
				}],
			"sum":	{
				"start":	34.001046,
				"end":	35.000499,
				"seconds":	0.99945300817489624,
				"bytes":	1310720,
				"bits_per_second":	10491498.764057025,
				"retransmits":	0,
				"omitted":	false,
				"sender":	true
			}
		}, {
			"streams":	[{
					"socket":	6,
					"start":	35.000499,
					"end":	36.001045,
					"seconds":	1.0005459785461426,
					"bytes":	0,
					"bits_per_second":	0,
					"retransmits":	0,
					"snd_cwnd":	1647824,
					"snd_wnd":	3142528,
					"rtt":	3503856,
					"rttvar":	490860,
					"pmtu":	1500,
					"omitted":	false,
					"sender":	true
				}],
			"sum":	{
				"start":	35.000499,
				"end":	36.001045,
				"seconds":	1.0005459785461426,
				"bytes":	0,
				"bits_per_second":	0,
				"retransmits":	0,
				"omitted":	false,
				"sender":	true
			}
		}, {
			"streams":	[{
					"socket":	6,
					"start":	36.001045,
					"end":	37.001045,
					"seconds":	1,
					"bytes":	0,
					"bits_per_second":	0,
					"retransmits":	0,
					"snd_cwnd":	1747736,
					"snd_wnd":	3143936,
					"rtt":	2836871,
					"rttvar":	64412,
					"pmtu":	1500,
					"omitted":	false,
					"sender":	true
				}],
			"sum":	{
				"start":	36.001045,
				"end":	37.001045,
				"seconds":	1,
				"bytes":	0,
				"bits_per_second":	0,
				"retransmits":	0,
				"omitted":	false,
				"sender":	true
			}
		}, {
			"streams":	[{
					"socket":	6,
					"start":	37.001045,
					"end":	38.000195,
					"seconds":	0.999149978160858,
					"bytes":	1310720,
					"bits_per_second":	10494680.707796447,
					"retransmits":	0,
					"snd_cwnd":	1752080,
					"snd_wnd":	3143936,
					"rtt":	2735235,
					"rttvar":	36216,
					"pmtu":	1500,
					"omitted":	false,
					"sender":	true
				}],
			"sum":	{
				"start":	37.001045,
				"end":	38.000195,
				"seconds":	0.999149978160858,
				"bytes":	1310720,
				"bits_per_second":	10494680.707796447,
				"retransmits":	0,
				"omitted":	false,
				"sender":	true
			}
		}, {
			"streams":	[{
					"socket":	6,
					"start":	38.000195,
					"end":	39.001059,
					"seconds":	1.0008640289306641,
					"bytes":	0,
					"bits_per_second":	0,
					"retransmits":	0,
					"snd_cwnd":	1752080,
					"snd_wnd":	3143936,
					"rtt":	2592219,
					"rttvar":	36235,
					"pmtu":	1500,
					"omitted":	false,
					"sender":	true
				}],
			"sum":	{
				"start":	38.000195,
				"end":	39.001059,
				"seconds":	1.0008640289306641,
				"bytes":	0,
				"bits_per_second":	0,
				"retransmits":	0,
				"omitted":	false,
				"sender":	true
			}
		}, {
			"streams":	[{
					"socket":	6,
					"start":	39.001059,
					"end":	40.001056,
					"seconds":	0.99999701976776123,
					"bytes":	0,
					"bits_per_second":	0,
					"retransmits":	0,
					"snd_cwnd":	1752080,
					"snd_wnd":	3143936,
					"rtt":	2685167,
					"rttvar":	32978,
					"pmtu":	1500,
					"omitted":	false,
					"sender":	true
				}],
			"sum":	{
				"start":	39.001059,
				"end":	40.001056,
				"seconds":	0.99999701976776123,
				"bytes":	0,
				"bits_per_second":	0,
				"retransmits":	0,
				"omitted":	false,
				"sender":	true
			}
		}, {
			"streams":	[{
					"socket":	6,
					"start":	40.001056,
					"end":	41.001035,
					"seconds":	0.999979019165039,
					"bytes":	0,
					"bits_per_second":	0,
					"retransmits":	0,
					"snd_cwnd":	5792,
					"snd_wnd":	3143936,
					"rtt":	3493058,
					"rttvar":	26232,
					"pmtu":	1500,
					"omitted":	false,
					"sender":	true
				}],
			"sum":	{
				"start":	40.001056,
				"end":	41.001035,
				"seconds":	0.999979019165039,
				"bytes":	0,
				"bits_per_second":	0,
				"retransmits":	0,
				"omitted":	false,
				"sender":	true
			}
		}, {
			"streams":	[{
					"socket":	6,
					"start":	41.001035,
					"end":	42.000888,
					"seconds":	0.999853014945984,
					"bytes":	1310720,
					"bits_per_second":	10487301.476574017,
					"retransmits":	0,
					"snd_cwnd":	5792,
					"snd_wnd":	3143936,
					"rtt":	2790994,
					"rttvar":	32971,
					"pmtu":	1500,
					"omitted":	false,
					"sender":	true
				}],
			"sum":	{
				"start":	41.001035,
				"end":	42.000888,
				"seconds":	0.999853014945984,
				"bytes":	1310720,
				"bits_per_second":	10487301.476574017,
				"retransmits":	0,
				"omitted":	false,
				"sender":	true
			}
		}, {
			"streams":	[{
					"socket":	6,
					"start":	42.000888,
					"end":	43.001035,
					"seconds":	1.0001469850540161,
					"bytes":	0,
					"bits_per_second":	0,
					"retransmits":	0,
					"snd_cwnd":	5792,
					"snd_wnd":	3143936,
					"rtt":	3068841,
					"rttvar":	32900,
					"pmtu":	1500,
					"omitted":	false,
					"sender":	true
				}],
			"sum":	{
				"start":	42.000888,
				"end":	43.001035,
				"seconds":	1.0001469850540161,
				"bytes":	0,
				"bits_per_second":	0,
				"retransmits":	0,
				"omitted":	false,
				"sender":	true
			}
		}, {
			"streams":	[{
					"socket":	6,
					"start":	43.001035,
					"end":	44.001044,
					"seconds":	1.0000089406967163,
					"bytes":	1310720,
					"bits_per_second":	10485666.250838183,
					"retransmits":	0,
					"snd_cwnd":	5792,
					"snd_wnd":	3143936,
					"rtt":	2870085,
					"rttvar":	69505,
					"pmtu":	1500,
					"omitted":	false,
					"sender":	true
				}],
			"sum":	{
				"start":	43.001035,
				"end":	44.001044,
				"seconds":	1.0000089406967163,
				"bytes":	1310720,
				"bits_per_second":	10485666.250838183,
				"retransmits":	0,
				"omitted":	false,
				"sender":	true
			}
		}, {
			"streams":	[{
					"socket":	6,
					"start":	44.001044,
					"end":	45.001058,
					"seconds":	1.0000139474868774,
					"bytes":	0,
					"bits_per_second":	0,
					"retransmits":	0,
					"snd_cwnd":	5792,
					"snd_wnd":	3143936,
					"rtt":	3663832,
					"rttvar":	25775,
					"pmtu":	1500,
					"omitted":	false,
					"sender":	true
				}],
			"sum":	{
				"start":	44.001044,
				"end":	45.001058,
				"seconds":	1.0000139474868774,
				"bytes":	0,
				"bits_per_second":	0,
				"retransmits":	0,
				"omitted":	false,
				"sender":	true
			}
		}, {
			"streams":	[{
					"socket":	6,
					"start":	45.001058,
					"end":	46.001034,
					"seconds":	0.99997597932815552,
					"bytes":	0,
					"bits_per_second":	0,
					"retransmits":	0,
					"snd_cwnd":	5792,
					"snd_wnd":	3143936,
					"rtt":	3663832,
					"rttvar":	25775,
					"pmtu":	1500,
					"omitted":	false,
					"sender":	true
				}],
			"sum":	{
				"start":	45.001058,
				"end":	46.001034,
				"seconds":	0.99997597932815552,
				"bytes":	0,
				"bits_per_second":	0,
				"retransmits":	0,
				"omitted":	false,
				"sender":	true
			}
		}, {
			"streams":	[{
					"socket":	6,
					"start":	46.001034,
					"end":	47.001034,
					"seconds":	1,
					"bytes":	0,
					"bits_per_second":	0,
					"retransmits":	0,
					"snd_cwnd":	1757872,
					"snd_wnd":	3142528,
					"rtt":	3320192,
					"rttvar":	108668,
					"pmtu":	1500,
					"omitted":	false,
					"sender":	true
				}],
			"sum":	{
				"start":	46.001034,
				"end":	47.001034,
				"seconds":	1,
				"bytes":	0,
				"bits_per_second":	0,
				"retransmits":	0,
				"omitted":	false,
				"sender":	true
			}
		}, {
			"streams":	[{
					"socket":	6,
					"start":	47.001034,
					"end":	48.001035,
					"seconds":	1.0000009536743164,
					"bytes":	0,
					"bits_per_second":	0,
					"retransmits":	0,
					"snd_cwnd":	1757872,
					"snd_wnd":	3142528,
					"rtt":	3320192,
					"rttvar":	108668,
					"pmtu":	1500,
					"omitted":	false,
					"sender":	true
				}],
			"sum":	{
				"start":	47.001034,
				"end":	48.001035,
				"seconds":	1.0000009536743164,
				"bytes":	0,
				"bits_per_second":	0,
				"retransmits":	0,
				"omitted":	false,
				"sender":	true
			}
		}, {
			"streams":	[{
					"socket":	6,
					"start":	48.001035,
					"end":	49.001034,
					"seconds":	0.99999898672103882,
					"bytes":	0,
					"bits_per_second":	0,
					"retransmits":	0,
					"snd_cwnd":	1815792,
					"snd_wnd":	3143936,
					"rtt":	1975253,
					"rttvar":	22491,
					"pmtu":	1500,
					"omitted":	false,
					"sender":	true
				}],
			"sum":	{
				"start":	48.001035,
				"end":	49.001034,
				"seconds":	0.99999898672103882,
				"bytes":	0,
				"bits_per_second":	0,
				"retransmits":	0,
				"omitted":	false,
				"sender":	true
			}
		}, {
			"streams":	[{
					"socket":	6,
					"start":	49.001034,
					"end":	50.001034,
					"seconds":	1,
					"bytes":	0,
					"bits_per_second":	0,
					"retransmits":	0,
					"snd_cwnd":	1752080,
					"snd_wnd":	3143936,
					"rtt":	1971702,
					"rttvar":	146188,
					"pmtu":	1500,
					"omitted":	false,
					"sender":	true
				}],
			"sum":	{
				"start":	49.001034,
				"end":	50.001034,
				"seconds":	1,
				"bytes":	0,
				"bits_per_second":	0,
				"retransmits":	0,
				"omitted":	false,
				"sender":	true
			}
		}, {
			"streams":	[{
					"socket":	6,
					"start":	50.001034,
					"end":	51.001029,
					"seconds":	0.999994993209839,
					"bytes":	0,
					"bits_per_second":	0,
					"retransmits":	0,
					"snd_cwnd":	1752080,
					"snd_wnd":	3143936,
					"rtt":	2416883,
					"rttvar":	22344,
					"pmtu":	1500,
					"omitted":	false,
					"sender":	true
				}],
			"sum":	{
				"start":	50.001034,
				"end":	51.001029,
				"seconds":	0.999994993209839,
				"bytes":	0,
				"bits_per_second":	0,
				"retransmits":	0,
				"omitted":	false,
				"sender":	true
			}
		}, {
			"streams":	[{
					"socket":	6,
					"start":	51.001029,
					"end":	52.001034,
					"seconds":	1.0000050067901611,
					"bytes":	0,
					"bits_per_second":	0,
					"retransmits":	0,
					"snd_cwnd":	1752080,
					"snd_wnd":	3143936,
					"rtt":	3239793,
					"rttvar":	20423,
					"pmtu":	1500,
					"omitted":	false,
					"sender":	true
				}],
			"sum":	{
				"start":	51.001029,
				"end":	52.001034,
				"seconds":	1.0000050067901611,
				"bytes":	0,
				"bits_per_second":	0,
				"retransmits":	0,
				"omitted":	false,
				"sender":	true
			}
		}, {
			"streams":	[{
					"socket":	6,
					"start":	52.001034,
					"end":	53.000938,
					"seconds":	0.999903976917267,
					"bytes":	1310720,
					"bits_per_second":	10486766.971692527,
					"retransmits":	0,
					"snd_cwnd":	1766560,
					"snd_wnd":	3143936,
					"rtt":	2783577,
					"rttvar":	23354,
					"pmtu":	1500,
					"omitted":	false,
					"sender":	true
				}],
			"sum":	{
				"start":	52.001034,
				"end":	53.000938,
				"seconds":	0.999903976917267,
				"bytes":	1310720,
				"bits_per_second":	10486766.971692527,
				"retransmits":	0,
				"omitted":	false,
				"sender":	true
			}
		}, {
			"streams":	[{
					"socket":	6,
					"start":	53.000938,
					"end":	54.001035,
					"seconds":	1.0000970363616943,
					"bytes":	0,
					"bits_per_second":	0,
					"retransmits":	0,
					"snd_cwnd":	1902672,
					"snd_wnd":	3143936,
					"rtt":	2736647,
					"rttvar":	50323,
					"pmtu":	1500,
					"omitted":	false,
					"sender":	true
				}],
			"sum":	{
				"start":	53.000938,
				"end":	54.001035,
				"seconds":	1.0000970363616943,
				"bytes":	0,
				"bits_per_second":	0,
				"retransmits":	0,
				"omitted":	false,
				"sender":	true
			}
		}, {
			"streams":	[{
					"socket":	6,
					"start":	54.001035,
					"end":	55.001035,
					"seconds":	1,
					"bytes":	0,
					"bits_per_second":	0,
					"retransmits":	0,
					"snd_cwnd":	1902672,
					"snd_wnd":	3142528,
					"rtt":	3058744,
					"rttvar":	505446,
					"pmtu":	1500,
					"omitted":	false,
					"sender":	true
				}],
			"sum":	{
				"start":	54.001035,
				"end":	55.001035,
				"seconds":	1,
				"bytes":	0,
				"bits_per_second":	0,
				"retransmits":	0,
				"omitted":	false,
				"sender":	true
			}
		}, {
			"streams":	[{
					"socket":	6,
					"start":	55.001035,
					"end":	56.000571,
					"seconds":	0.99953597784042358,
					"bytes":	1310720,
					"bits_per_second":	10490627.883805957,
					"retransmits":	0,
					"snd_cwnd":	1902672,
					"snd_wnd":	3143936,
					"rtt":	2711125,
					"rttvar":	28779,
					"pmtu":	1500,
					"omitted":	false,
					"sender":	true
				}],
			"sum":	{
				"start":	55.001035,
				"end":	56.000571,
				"seconds":	0.99953597784042358,
				"bytes":	1310720,
				"bits_per_second":	10490627.883805957,
				"retransmits":	0,
				"omitted":	false,
				"sender":	true
			}
		}, {
			"streams":	[{
					"socket":	6,
					"start":	56.000571,
					"end":	57.001033,
					"seconds":	1.0004620552062988,
					"bytes":	0,
					"bits_per_second":	0,
					"retransmits":	0,
					"snd_cwnd":	1902672,
					"snd_wnd":	3143936,
					"rtt":	3450123,
					"rttvar":	26479,
					"pmtu":	1500,
					"omitted":	false,
					"sender":	true
				}],
			"sum":	{
				"start":	56.000571,
				"end":	57.001033,
				"seconds":	1.0004620552062988,
				"bytes":	0,
				"bits_per_second":	0,
				"retransmits":	0,
				"omitted":	false,
				"sender":	true
			}
		}, {
			"streams":	[{
					"socket":	6,
					"start":	57.001033,
					"end":	58.00103,
					"seconds":	0.99999701976776123,
					"bytes":	0,
					"bits_per_second":	0,
					"retransmits":	0,
					"snd_cwnd":	1902672,
					"snd_wnd":	3143936,
					"rtt":	2952698,
					"rttvar":	149123,
					"pmtu":	1500,
					"omitted":	false,
					"sender":	true
				}],
			"sum":	{
				"start":	57.001033,
				"end":	58.00103,
				"seconds":	0.99999701976776123,
				"bytes":	0,
				"bits_per_second":	0,
				"retransmits":	0,
				"omitted":	false,
				"sender":	true
			}
		}, {
			"streams":	[{
					"socket":	6,
					"start":	58.00103,
					"end":	59.000202,
					"seconds":	0.99917197227478027,
					"bytes":	1310720,
					"bits_per_second":	10494449.695308639,
					"retransmits":	0,
					"snd_cwnd":	1902672,
					"snd_wnd":	3143936,
					"rtt":	3218309,
					"rttvar":	28788,
					"pmtu":	1500,
					"omitted":	false,
					"sender":	true
				}],
			"sum":	{
				"start":	58.00103,
				"end":	59.000202,
				"seconds":	0.99917197227478027,
				"bytes":	1310720,
				"bits_per_second":	10494449.695308639,
				"retransmits":	0,
				"omitted":	false,
				"sender":	true
			}
		}, {
			"streams":	[{
					"socket":	6,
					"start":	59.000202,
					"end":	60.001042,
					"seconds":	1.0008399486541748,
					"bytes":	0,
					"bits_per_second":	0,
					"retransmits":	0,
					"snd_cwnd":	5792,
					"snd_wnd":	3143936,
					"rtt":	2991909,
					"rttvar":	86275,
					"pmtu":	1500,
					"omitted":	false,
					"sender":	true
				}],
			"sum":	{
				"start":	59.000202,
				"end":	60.001042,
				"seconds":	1.0008399486541748,
				"bytes":	0,
				"bits_per_second":	0,
				"retransmits":	0,
				"omitted":	false,
				"sender":	true
			}
		}],
	"end":	{
		"streams":	[{
				"sender":	{
					"socket":	6,
					"start":	0,
					"end":	60.001042,
					"seconds":	60.001042,
					"bytes":	23855104,
					"bits_per_second":	3180625.2964740181,
					"retransmits":	0,
					"max_snd_cwnd":	1902672,
					"max_snd_wnd":	3143936,
					"max_rtt":	3663832,
					"min_rtt":	204922,
					"mean_rtt":	2223420,
					"sender":	true
				},
				"receiver":	{
					"socket":	6,
					"start":	0,
					"end":	63.603136,
					"seconds":	60.001042,
					"bytes":	22276032,
					"bits_per_second":	2801878.4482576456,
					"sender":	true
				}
			}],
		"sum_sent":	{
			"start":	0,
			"end":	60.001042,
			"seconds":	60.001042,
			"bytes":	23855104,
			"bits_per_second":	3180625.2964740181,
			"retransmits":	0,
			"sender":	true
		},
		"sum_received":	{
			"start":	0,
			"end":	63.603136,
			"seconds":	63.603136,
			"bytes":	22276032,
			"bits_per_second":	2801878.4482576456,
			"sender":	true
		},
		"cpu_utilization_percent":	{
			"host_total":	0.34111227534321042,
			"host_user":	0.0398131525071522,
			"host_system":	0.3012958335802331,
			"remote_total":	0.31900458030687218,
			"remote_user":	0.0296809142916511,
			"remote_system":	0.28932209376634449
		},
		"sender_tcp_congestion":	"bbr",
		"receiver_tcp_congestion":	"bbr"
	}
}
