{
	"start":	{
		"connected":	[{
				"socket":	6,
				"local_host":	"192.168.101.210",
				"local_port":	41648,
				"remote_host":	"192.168.100.168",
				"remote_port":	5202
			}],
		"version":	"iperf 3.11",
		"system_info":	"Linux f1 6.0.10-300.fc37.x86_64 #1 SMP PREEMPT_DYNAMIC Sat Nov 26 16:55:13 UTC 2022 x86_64",
		"timestamp":	{
			"time":	"Sat, 10 Dec 2022 20:13:12 GMT",
			"timesecs":	1670703192
		},
		"connecting_to":	{
			"host":	"192.168.100.168",
			"port":	5202
		},
		"cookie":	"rkxdnv64gloofjspforj4vusne7qvma3pc4o",
		"tcp_mss_default":	1448,
		"target_bitrate":	0,
		"sock_bufsize":	0,
		"sndbuf_actual":	16384,
		"rcvbuf_actual":	131072,
		"test_start":	{
			"protocol":	"TCP",
			"num_streams":	1,
			"blksize":	131072,
			"omit":	0,
			"duration":	60,
			"bytes":	0,
			"blocks":	0,
			"reverse":	0,
			"tos":	0,
			"target_bitrate":	0
		}
	},
	"intervals":	[{
			"streams":	[{
					"socket":	6,
					"start":	0,
					"end":	1.000413,
					"seconds":	1.0004129409790039,
					"bytes":	1327816,
					"bits_per_second":	10618143.333496662,
					"retransmits":	32,
					"snd_cwnd":	95568,
					"snd_wnd":	705152,
					"rtt":	102065,
					"rttvar":	1670,
					"pmtu":	1500,
					"omitted":	false,
					"sender":	true
				}],
			"sum":	{
				"start":	0,
				"end":	1.000413,
				"seconds":	1.0004129409790039,
				"bytes":	1327816,
				"bits_per_second":	10618143.333496662,
				"retransmits":	32,
				"omitted":	false,
				"sender":	true
			}
		}, {
			"streams":	[{
					"socket":	6,
					"start":	1.000413,
					"end":	2.000332,
					"seconds":	0.99991899728775024,
					"bytes":	781920,
					"bits_per_second":	6255866.74217359,
					"retransmits":	0,
					"snd_cwnd":	86880,
					"snd_wnd":	705792,
					"rtt":	124372,
					"rttvar":	1360,
					"pmtu":	1500,
					"omitted":	false,
					"sender":	true
				}],
			"sum":	{
				"start":	1.000413,
				"end":	2.000332,
				"seconds":	0.99991899728775024,
				"bytes":	781920,
				"bits_per_second":	6255866.74217359,
				"retransmits":	0,
				"omitted":	false,
				"sender":	true
			}
		}, {
			"streams":	[{
					"socket":	6,
					"start":	2.000332,
					"end":	3.000216,
					"seconds":	0.999884009361267,
					"bytes":	781920,
					"bits_per_second":	6256085.6473702062,
					"retransmits":	0,
					"snd_cwnd":	101360,
					"snd_wnd":	705792,
					"rtt":	110278,
					"rttvar":	1958,
					"pmtu":	1500,
					"omitted":	false,
					"sender":	true
				}],
			"sum":	{
				"start":	2.000332,
				"end":	3.000216,
				"seconds":	0.999884009361267,
				"bytes":	781920,
				"bits_per_second":	6256085.6473702062,
				"retransmits":	0,
				"omitted":	false,
				"sender":	true
			}
		}, {
			"streams":	[{
					"socket":	6,
					"start":	3.000216,
					"end":	4.000074,
					"seconds":	0.999858021736145,
					"bytes":	847080,
					"bits_per_second":	6777602.2722037071,
					"retransmits":	2,
					"snd_cwnd":	92672,
					"snd_wnd":	707328,
					"rtt":	114887,
					"rttvar":	2973,
					"pmtu":	1500,
					"omitted":	false,
					"sender":	true
				}],
			"sum":	{
				"start":	3.000216,
				"end":	4.000074,
				"seconds":	0.999858021736145,
				"bytes":	847080,
				"bits_per_second":	6777602.2722037071,
				"retransmits":	2,
				"omitted":	false,
				"sender":	true
			}
		}, {
			"streams":	[{
					"socket":	6,
					"start":	4.000074,
					"end":	5.000489,
					"seconds":	1.0004149675369263,
					"bytes":	390960,
					"bits_per_second":	3126382.6526911235,
					"retransmits":	0,
					"snd_cwnd":	98464,
					"snd_wnd":	707328,
					"rtt":	116403,
					"rttvar":	943,
					"pmtu":	1500,
					"omitted":	false,
					"sender":	true
				}],
			"sum":	{
				"start":	4.000074,
				"end":	5.000489,
				"seconds":	1.0004149675369263,
				"bytes":	390960,
				"bits_per_second":	3126382.6526911235,
				"retransmits":	0,
				"omitted":	false,
				"sender":	true
			}
		}, {
			"streams":	[{
					"socket":	6,
					"start":	5.000489,
					"end":	6.000441,
					"seconds":	0.99995201826095581,
					"bytes":	781920,
					"bits_per_second":	6255660.1574532241,
					"retransmits":	0,
					"snd_cwnd":	95568,
					"snd_wnd":	707328,
					"rtt":	127644,
					"rttvar":	1898,
					"pmtu":	1500,
					"omitted":	false,
					"sender":	true
				}],
			"sum":	{
				"start":	5.000489,
				"end":	6.000441,
				"seconds":	0.99995201826095581,
				"bytes":	781920,
				"bits_per_second":	6255660.1574532241,
				"retransmits":	0,
				"omitted":	false,
				"sender":	true
			}
		}, {
			"streams":	[{
					"socket":	6,
					"start":	6.000441,
					"end":	7.000395,
					"seconds":	0.9999539852142334,
					"bytes":	781920,
					"bits_per_second":	6255647.8522957545,
					"retransmits":	0,
					"snd_cwnd":	107152,
					"snd_wnd":	707328,
					"rtt":	107709,
					"rttvar":	1472,
					"pmtu":	1500,
					"omitted":	false,
					"sender":	true
				}],
			"sum":	{
				"start":	6.000441,
				"end":	7.000395,
				"seconds":	0.9999539852142334,
				"bytes":	781920,
				"bits_per_second":	6255647.8522957545,
				"retransmits":	0,
				"omitted":	false,
				"sender":	true
			}
		}, {
			"streams":	[{
					"socket":	6,
					"start":	7.000395,
					"end":	8.000284,
					"seconds":	0.99988901615142822,
					"bytes":	847080,
					"bits_per_second":	6777392.1810675347,
					"retransmits":	8,
					"snd_cwnd":	98464,
					"snd_wnd":	707328,
					"rtt":	128587,
					"rttvar":	649,
					"pmtu":	1500,
					"omitted":	false,
					"sender":	true
				}],
			"sum":	{
				"start":	7.000395,
				"end":	8.000284,
				"seconds":	0.99988901615142822,
				"bytes":	847080,
				"bits_per_second":	6777392.1810675347,
				"retransmits":	8,
				"omitted":	false,
				"sender":	true
			}
		}, {
			"streams":	[{
					"socket":	6,
					"start":	8.000284,
					"end":	9.000315,
					"seconds":	1.0000309944152832,
					"bytes":	781920,
					"bits_per_second":	6255166.1247834628,
					"retransmits":	0,
					"snd_cwnd":	104256,
					"snd_wnd":	707328,
					"rtt":	122851,
					"rttvar":	1685,
					"pmtu":	1500,
					"omitted":	false,
					"sender":	true
				}],
			"sum":	{
				"start":	8.000284,
				"end":	9.000315,
				"seconds":	1.0000309944152832,
				"bytes":	781920,
				"bits_per_second":	6255166.1247834628,
				"retransmits":	0,
				"omitted":	false,
				"sender":	true
			}
		}, {
			"streams":	[{
					"socket":	6,
					"start":	9.000315,
					"end":	10.000337,
					"seconds":	1.0000220537185669,
					"bytes":	781920,
					"bits_per_second":	6255222.0490933554,
					"retransmits":	0,
					"snd_cwnd":	101360,
					"snd_wnd":	707328,
					"rtt":	124191,
					"rttvar":	1735,
					"pmtu":	1500,
					"omitted":	false,
					"sender":	true
				}],
			"sum":	{
				"start":	9.000315,
				"end":	10.000337,
				"seconds":	1.0000220537185669,
				"bytes":	781920,
				"bits_per_second":	6255222.0490933554,
				"retransmits":	0,
				"omitted":	false,
				"sender":	true
			}
		}, {
			"streams":	[{
					"socket":	6,
					"start":	10.000337,
					"end":	11.000079,
					"seconds":	0.99974197149276733,
					"bytes":	781920,
					"bits_per_second":	6256974.4777842956,
					"retransmits":	0,
					"snd_cwnd":	89776,
					"snd_wnd":	707328,
					"rtt":	118885,
					"rttvar":	907,
					"pmtu":	1500,
					"omitted":	false,
					"sender":	true
				}],
			"sum":	{
				"start":	10.000337,
				"end":	11.000079,
				"seconds":	0.99974197149276733,
				"bytes":	781920,
				"bits_per_second":	6256974.4777842956,
				"retransmits":	0,
				"omitted":	false,
				"sender":	true
			}
		}, {
			"streams":	[{
					"socket":	6,
					"start":	11.000079,
					"end":	12.000516,
					"seconds":	1.0004370212554932,
					"bytes":	390960,
					"bits_per_second":	3126313.7344467067,
					"retransmits":	0,
					"snd_cwnd":	89776,
					"snd_wnd":	707328,
					"rtt":	122659,
					"rttvar":	1407,
					"pmtu":	1500,
					"omitted":	false,
					"sender":	true
				}],
			"sum":	{
				"start":	11.000079,
				"end":	12.000516,
				"seconds":	1.0004370212554932,
				"bytes":	390960,
				"bits_per_second":	3126313.7344467067,
				"retransmits":	0,
				"omitted":	false,
				"sender":	true
			}
		}, {
			"streams":	[{
					"socket":	6,
					"start":	12.000516,
					"end":	13.000419,
					"seconds":	0.99990302324295044,
					"bytes":	781920,
					"bits_per_second":	6255966.6833611624,
					"retransmits":	0,
					"snd_cwnd":	101360,
					"snd_wnd":	707328,
					"rtt":	121167,
					"rttvar":	1086,
					"pmtu":	1500,
					"omitted":	false,
					"sender":	true
				}],
			"sum":	{
				"start":	12.000516,
				"end":	13.000419,
				"seconds":	0.99990302324295044,
				"bytes":	781920,
				"bits_per_second":	6255966.6833611624,
				"retransmits":	0,
				"omitted":	false,
				"sender":	true
			}
		}, {
			"streams":	[{
					"socket":	6,
					"start":	13.000419,
					"end":	14.00037,
					"seconds":	0.99995100498199463,
					"bytes":	781920,
					"bits_per_second":	6255666.49649263,
					"retransmits":	4,
					"snd_cwnd":	104256,
					"snd_wnd":	707328,
					"rtt":	113685,
					"rttvar":	804,
					"pmtu":	1500,
					"omitted":	false,
					"sender":	true
				}],
			"sum":	{
				"start":	13.000419,
				"end":	14.00037,
				"seconds":	0.99995100498199463,
				"bytes":	781920,
				"bits_per_second":	6255666.49649263,
				"retransmits":	4,
				"omitted":	false,
				"sender":	true
			}
		}, {
			"streams":	[{
					"socket":	6,
					"start":	14.00037,
					"end":	15.000348,
					"seconds":	0.999978005886078,
					"bytes":	781920,
					"bits_per_second":	6255497.5841265051,
					"retransmits":	2,
					"snd_cwnd":	98464,
					"snd_wnd":	707328,
					"rtt":	117936,
					"rttvar":	1361,
					"pmtu":	1500,
					"omitted":	false,
					"sender":	true
				}],
			"sum":	{
				"start":	14.00037,
				"end":	15.000348,
				"seconds":	0.999978005886078,
				"bytes":	781920,
				"bits_per_second":	6255497.5841265051,
				"retransmits":	2,
				"omitted":	false,
				"sender":	true
			}
		}, {
			"streams":	[{
					"socket":	6,
					"start":	15.000348,
					"end":	16.000343,
					"seconds":	0.999994993209839,
					"bytes":	781920,
					"bits_per_second":	6255391.3194317119,
					"retransmits":	0,
					"snd_cwnd":	104256,
					"snd_wnd":	707328,
					"rtt":	111325,
					"rttvar":	787,
					"pmtu":	1500,
					"omitted":	false,
					"sender":	true
				}],
			"sum":	{
				"start":	15.000348,
				"end":	16.000343,
				"seconds":	0.999994993209839,
				"bytes":	781920,
				"bits_per_second":	6255391.3194317119,
				"retransmits":	0,
				"omitted":	false,
				"sender":	true
			}
		}, {
			"streams":	[{
					"socket":	6,
					"start":	16.000343,
					"end":	17.000299,
					"seconds":	0.99995601177215576,
					"bytes":	847080,
					"bits_per_second":	6776938.10549747,
					"retransmits":	6,
					"snd_cwnd":	101360,
					"snd_wnd":	707328,
					"rtt":	129341,
					"rttvar":	339,
					"pmtu":	1500,
					"omitted":	false,
					"sender":	true
				}],
			"sum":	{
				"start":	16.000343,
				"end":	17.000299,
				"seconds":	0.99995601177215576,
				"bytes":	847080,
				"bits_per_second":	6776938.10549747,
				"retransmits":	6,
				"omitted":	false,
				"sender":	true
			}
		}, {
			"streams":	[{
					"socket":	6,
					"start":	17.000299,
					"end":	18.000349,
					"seconds":	1.0000499486923218,
					"bytes":	781920,
					"bits_per_second":	6255047.56855354,
					"retransmits":	0,
					"snd_cwnd":	110048,
					"snd_wnd":	707328,
					"rtt":	120862,
					"rttvar":	830,
					"pmtu":	1500,
					"omitted":	false,
					"sender":	true
				}],
			"sum":	{
				"start":	17.000299,
				"end":	18.000349,
				"seconds":	1.0000499486923218,
				"bytes":	781920,
				"bits_per_second":	6255047.56855354,
				"retransmits":	0,
				"omitted":	false,
				"sender":	true
			}
		}, {
			"streams":	[{
					"socket":	6,
					"start":	18.000349,
					"end":	19.000388,
					"seconds":	1.0000389814376831,
					"bytes":	781920,
					"bits_per_second":	6255116.1665789522,
					"retransmits":	2,
					"snd_cwnd":	104256,
					"snd_wnd":	707328,
					"rtt":	127967,
					"rttvar":	608,
					"pmtu":	1500,
					"omitted":	false,
					"sender":	true
				}],
			"sum":	{
				"start":	18.000349,
				"end":	19.000388,
				"seconds":	1.0000389814376831,
				"bytes":	781920,
				"bits_per_second":	6255116.1665789522,
				"retransmits":	2,
				"omitted":	false,
				"sender":	true
			}
		}, {
			"streams":	[{
					"socket":	6,
					"start":	19.000388,
					"end":	20.000352,
					"seconds":	0.99996399879455566,
					"bytes":	847080,
					"bits_per_second":	6776883.9759922922,
					"retransmits":	2,
					"snd_cwnd":	110048,
					"snd_wnd":	707328,
					"rtt":	112565,
					"rttvar":	1620,
					"pmtu":	1500,
					"omitted":	false,
					"sender":	true
				}],
			"sum":	{
				"start":	19.000388,
				"end":	20.000352,
				"seconds":	0.99996399879455566,
				"bytes":	847080,
				"bits_per_second":	6776883.9759922922,
				"retransmits":	2,
				"omitted":	false,
				"sender":	true
			}
		}, {
			"streams":	[{
					"socket":	6,
					"start":	20.000352,
					"end":	21.000473,
					"seconds":	1.000120997428894,
					"bytes":	781920,
					"bits_per_second":	6254603.2090929477,
					"retransmits":	0,
					"snd_cwnd":	104256,
					"snd_wnd":	707328,
					"rtt":	94384,
					"rttvar":	2090,
					"pmtu":	1500,
					"omitted":	false,
					"sender":	true
				}],
			"sum":	{
				"start":	20.000352,
				"end":	21.000473,
				"seconds":	1.000120997428894,
				"bytes":	781920,
				"bits_per_second":	6254603.2090929477,
				"retransmits":	0,
				"omitted":	false,
				"sender":	true
			}
		}, {
			"streams":	[{
					"socket":	6,
					"start":	21.000473,
					"end":	22.000176,
					"seconds":	0.99970299005508423,
					"bytes":	781920,
					"bits_per_second":	6257218.4561089752,
					"retransmits":	2,
					"snd_cwnd":	98464,
					"snd_wnd":	707328,
					"rtt":	120729,
					"rttvar":	1811,
					"pmtu":	1500,
					"omitted":	false,
					"sender":	true
				}],
			"sum":	{
				"start":	21.000473,
				"end":	22.000176,
				"seconds":	0.99970299005508423,
				"bytes":	781920,
				"bits_per_second":	6257218.4561089752,
				"retransmits":	2,
				"omitted":	false,
				"sender":	true
			}
		}, {
			"streams":	[{
					"socket":	6,
					"start":	22.000176,
					"end":	23.000182,
					"seconds":	1.0000059604644775,
					"bytes":	781920,
					"bits_per_second":	6255322.71537116,
					"retransmits":	0,
					"snd_cwnd":	107152,
					"snd_wnd":	707328,
					"rtt":	106595,
					"rttvar":	465,
					"pmtu":	1500,
					"omitted":	false,
					"sender":	true
				}],
			"sum":	{
				"start":	22.000176,
				"end":	23.000182,
				"seconds":	1.0000059604644775,
				"bytes":	781920,
				"bits_per_second":	6255322.71537116,
				"retransmits":	0,
				"omitted":	false,
				"sender":	true
			}
		}, {
			"streams":	[{
					"socket":	6,
					"start":	23.000182,
					"end":	24.000186,
					"seconds":	1.0000040531158447,
					"bytes":	781920,
					"bits_per_second":	6255334.64640403,
					"retransmits":	1,
					"snd_cwnd":	94120,
					"snd_wnd":	707328,
					"rtt":	122617,
					"rttvar":	711,
					"pmtu":	1500,
					"omitted":	false,
					"sender":	true
				}],
			"sum":	{
				"start":	23.000182,
				"end":	24.000186,
				"seconds":	1.0000040531158447,
				"bytes":	781920,
				"bits_per_second":	6255334.64640403,
				"retransmits":	1,
				"omitted":	false,
				"sender":	true
			}
		}, {
			"streams":	[{
					"socket":	6,
					"start":	24.000186,
					"end":	25.000247,
					"seconds":	1.00006103515625,
					"bytes":	781920,
					"bits_per_second":	6254978.22642661,
					"retransmits":	0,
					"snd_cwnd":	110048,
					"snd_wnd":	707328,
					"rtt":	117438,
					"rttvar":	1660,
					"pmtu":	1500,
					"omitted":	false,
					"sender":	true
				}],
			"sum":	{
				"start":	24.000186,
				"end":	25.000247,
				"seconds":	1.00006103515625,
				"bytes":	781920,
				"bits_per_second":	6254978.22642661,
				"retransmits":	0,
				"omitted":	false,
				"sender":	true
			}
		}, {
			"streams":	[{
					"socket":	6,
					"start":	25.000247,
					"end":	26.000316,
					"seconds":	1.00006902217865,
					"bytes":	781920,
					"bits_per_second":	6254928.27122342,
					"retransmits":	0,
					"snd_cwnd":	104256,
					"snd_wnd":	707328,
					"rtt":	127868,
					"rttvar":	940,
					"pmtu":	1500,
					"omitted":	false,
					"sender":	true
				}],
			"sum":	{
				"start":	25.000247,
				"end":	26.000316,
				"seconds":	1.00006902217865,
				"bytes":	781920,
				"bits_per_second":	6254928.27122342,
				"retransmits":	0,
				"omitted":	false,
				"sender":	true
			}
		}, {
			"streams":	[{
					"socket":	6,
					"start":	26.000316,
					"end":	27.000346,
					"seconds":	1.0000300407409668,
					"bytes":	781920,
					"bits_per_second":	6255172.0899955416,
					"retransmits":	0,
					"snd_cwnd":	104256,
					"snd_wnd":	707328,
					"rtt":	127298,
					"rttvar":	1515,
					"pmtu":	1500,
					"omitted":	false,
					"sender":	true
				}],
			"sum":	{
				"start":	26.000316,
				"end":	27.000346,
				"seconds":	1.0000300407409668,
				"bytes":	781920,
				"bits_per_second":	6255172.0899955416,
				"retransmits":	0,
				"omitted":	false,
				"sender":	true
			}
		}, {
			"streams":	[{
					"socket":	6,
					"start":	27.000346,
					"end":	28.000309,
					"seconds":	0.99996298551559448,
					"bytes":	847080,
					"bits_per_second":	6776890.84312043,
					"retransmits":	2,
					"snd_cwnd":	110048,
					"snd_wnd":	707328,
					"rtt":	116720,
					"rttvar":	874,
					"pmtu":	1500,
					"omitted":	false,
					"sender":	true
				}],
			"sum":	{
				"start":	27.000346,
				"end":	28.000309,
				"seconds":	0.99996298551559448,
				"bytes":	847080,
				"bits_per_second":	6776890.84312043,
				"retransmits":	2,
				"omitted":	false,
				"sender":	true
			}
		}, {
			"streams":	[{
					"socket":	6,
					"start":	28.000309,
					"end":	29.000352,
					"seconds":	1.0000430345535278,
					"bytes":	781920,
					"bits_per_second":	6255090.8149595018,
					"retransmits":	6,
					"snd_cwnd":	110048,
					"snd_wnd":	707328,
					"rtt":	111055,
					"rttvar":	1635,
					"pmtu":	1500,
					"omitted":	false,
					"sender":	true
				}],
			"sum":	{
				"start":	28.000309,
				"end":	29.000352,
				"seconds":	1.0000430345535278,
				"bytes":	781920,
				"bits_per_second":	6255090.8149595018,
				"retransmits":	6,
				"omitted":	false,
				"sender":	true
			}
		}, {
			"streams":	[{
					"socket":	6,
					"start":	29.000352,
					"end":	30.000434,
					"seconds":	1.0000820159912109,
					"bytes":	781920,
					"bits_per_second":	6254847.0025232155,
					"retransmits":	0,
					"snd_cwnd":	107152,
					"snd_wnd":	707328,
					"rtt":	122752,
					"rttvar":	576,
					"pmtu":	1500,
					"omitted":	false,
					"sender":	true
				}],
			"sum":	{
				"start":	29.000352,
				"end":	30.000434,
				"seconds":	1.0000820159912109,
				"bytes":	781920,
				"bits_per_second":	6254847.0025232155,
				"retransmits":	0,
				"omitted":	false,
				"sender":	true
			}
		}, {
			"streams":	[{
					"socket":	6,
					"start":	30.000434,
					"end":	31.000516,
					"seconds":	1.0000820159912109,
					"bytes":	781920,
					"bits_per_second":	6254847.0025232155,
					"retransmits":	0,
					"snd_cwnd":	5792,
					"snd_wnd":	707328,
					"rtt":	114213,
					"rttvar":	14256,
					"pmtu":	1500,
					"omitted":	false,
					"sender":	true
				}],
			"sum":	{
				"start":	30.000434,
				"end":	31.000516,
				"seconds":	1.0000820159912109,
				"bytes":	781920,
				"bits_per_second":	6254847.0025232155,
				"retransmits":	0,
				"omitted":	false,
				"sender":	true
			}
		}, {
			"streams":	[{
					"socket":	6,
					"start":	31.000516,
					"end":	32.000211,
					"seconds":	0.99969500303268433,
					"bytes":	781920,
					"bits_per_second":	6257268.44790029,
					"retransmits":	0,
					"snd_cwnd":	89776,
					"snd_wnd":	707328,
					"rtt":	108906,
					"rttvar":	894,
					"pmtu":	1500,
					"omitted":	false,
					"sender":	true
				}],
			"sum":	{
				"start":	31.000516,
				"end":	32.000211,
				"seconds":	0.99969500303268433,
				"bytes":	781920,
				"bits_per_second":	6257268.44790029,
				"retransmits":	0,
				"omitted":	false,
				"sender":	true
			}
		}, {
			"streams":	[{
					"socket":	6,
					"start":	32.000211,
					"end":	33.000074,
					"seconds":	0.999863028526306,
					"bytes":	781920,
					"bits_per_second":	6256216.9232517257,
					"retransmits":	0,
					"snd_cwnd":	92672,
					"snd_wnd":	707328,
					"rtt":	126914,
					"rttvar":	1265,
					"pmtu":	1500,
					"omitted":	false,
					"sender":	true
				}],
			"sum":	{
				"start":	32.000211,
				"end":	33.000074,
				"seconds":	0.999863028526306,
				"bytes":	781920,
				"bits_per_second":	6256216.9232517257,
				"retransmits":	0,
				"omitted":	false,
				"sender":	true
			}
		}, {
			"streams":	[{
					"socket":	6,
					"start":	33.000074,
					"end":	34.000532,
					"seconds":	1.0004580020904541,
					"bytes":	390960,
					"bits_per_second":	3126248.1718020365,
					"retransmits":	0,
					"snd_cwnd":	104256,
					"snd_wnd":	707328,
					"rtt":	120348,
					"rttvar":	4138,
					"pmtu":	1500,
					"omitted":	false,
					"sender":	true
				}],
			"sum":	{
				"start":	33.000074,
				"end":	34.000532,
				"seconds":	1.0004580020904541,
				"bytes":	390960,
				"bits_per_second":	3126248.1718020365,
				"retransmits":	0,
				"omitted":	false,
				"sender":	true
			}
		}, {
			"streams":	[{
					"socket":	6,
					"start":	34.000532,
					"end":	35.000444,
					"seconds":	0.99991202354431152,
					"bytes":	781920,
					"bits_per_second":	6255910.3728217054,
					"retransmits":	2,
					"snd_cwnd":	107152,
					"snd_wnd":	707328,
					"rtt":	105955,
					"rttvar":	1437,
					"pmtu":	1500,
					"omitted":	false,
					"sender":	true
				}],
			"sum":	{
				"start":	34.000532,
				"end":	35.000444,
				"seconds":	0.99991202354431152,
				"bytes":	781920,
				"bits_per_second":	6255910.3728217054,
				"retransmits":	2,
				"omitted":	false,
				"sender":	true
			}
		}, {
			"streams":	[{
					"socket":	6,
					"start":	35.000444,
					"end":	36.000429,
					"seconds":	0.9999849796295166,
					"bytes":	781920,
					"bits_per_second":	6255453.95923601,
					"retransmits":	2,
					"snd_cwnd":	104256,
					"snd_wnd":	707328,
					"rtt":	121664,
					"rttvar":	720,
					"pmtu":	1500,
					"omitted":	false,
					"sender":	true
				}],
			"sum":	{
				"start":	35.000444,
				"end":	36.000429,
				"seconds":	0.9999849796295166,
				"bytes":	781920,
				"bits_per_second":	6255453.95923601,
				"retransmits":	2,
				"omitted":	false,
				"sender":	true
			}
		}, {
			"streams":	[{
					"socket":	6,
					"start":	36.000429,
					"end":	37.000276,
					"seconds":	0.99984699487686157,
					"bytes":	912240,
					"bits_per_second":	7299036.79002285,
					"retransmits":	2,
					"snd_cwnd":	110048,
					"snd_wnd":	707328,
					"rtt":	107311,
					"rttvar":	1342,
					"pmtu":	1500,
					"omitted":	false,
					"sender":	true
				}],
			"sum":	{
				"start":	36.000429,
				"end":	37.000276,
				"seconds":	0.99984699487686157,
				"bytes":	912240,
				"bits_per_second":	7299036.79002285,
				"retransmits":	2,
				"omitted":	false,
				"sender":	true
			}
		}, {
			"streams":	[{
					"socket":	6,
					"start":	37.000276,
					"end":	38.000184,
					"seconds":	0.9999079704284668,
					"bytes":	912240,
					"bits_per_second":	7298591.6862656828,
					"retransmits":	2,
					"snd_cwnd":	107152,
					"snd_wnd":	707328,
					"rtt":	116199,
					"rttvar":	777,
					"pmtu":	1500,
					"omitted":	false,
					"sender":	true
				}],
			"sum":	{
				"start":	37.000276,
				"end":	38.000184,
				"seconds":	0.9999079704284668,
				"bytes":	912240,
				"bits_per_second":	7298591.6862656828,
				"retransmits":	2,
				"omitted":	false,
				"sender":	true
			}
		}, {
			"streams":	[{
					"socket":	6,
					"start":	38.000184,
					"end":	39.000234,
					"seconds":	1.0000499486923218,
					"bytes":	781920,
					"bits_per_second":	6255047.56855354,
					"retransmits":	0,
					"snd_cwnd":	115840,
					"snd_wnd":	707328,
					"rtt":	124060,
					"rttvar":	1249,
					"pmtu":	1500,
					"omitted":	false,
					"sender":	true
				}],
			"sum":	{
				"start":	38.000184,
				"end":	39.000234,
				"seconds":	1.0000499486923218,
				"bytes":	781920,
				"bits_per_second":	6255047.56855354,
				"retransmits":	0,
				"omitted":	false,
				"sender":	true
			}
		}, {
			"streams":	[{
					"socket":	6,
					"start":	39.000234,
					"end":	40.000339,
					"seconds":	1.0001050233840942,
					"bytes":	781920,
					"bits_per_second":	6254703.1099128919,
					"retransmits":	2,
					"snd_cwnd":	104256,
					"snd_wnd":	707328,
					"rtt":	123334,
					"rttvar":	1122,
					"pmtu":	1500,
					"omitted":	false,
					"sender":	true
				}],
			"sum":	{
				"start":	39.000234,
				"end":	40.000339,
				"seconds":	1.0001050233840942,
				"bytes":	781920,
				"bits_per_second":	6254703.1099128919,
				"retransmits":	2,
				"omitted":	false,
				"sender":	true
			}
		}, {
			"streams":	[{
					"socket":	6,
					"start":	40.000339,
					"end":	41.000364,
					"seconds":	1.0000250339508057,
					"bytes":	781920,
					"bits_per_second":	6255203.4075456159,
					"retransmits":	0,
					"snd_cwnd":	110048,
					"snd_wnd":	707328,
					"rtt":	109686,
					"rttvar":	1228,
					"pmtu":	1500,
					"omitted":	false,
					"sender":	true
				}],
			"sum":	{
				"start":	40.000339,
				"end":	41.000364,
				"seconds":	1.0000250339508057,
				"bytes":	781920,
				"bits_per_second":	6255203.4075456159,
				"retransmits":	0,
				"omitted":	false,
				"sender":	true
			}
		}, {
			"streams":	[{
					"socket":	6,
					"start":	41.000364,
					"end":	42.000163,
					"seconds":	0.99979901313781738,
					"bytes":	781920,
					"bits_per_second":	6256617.4979187837,
					"retransmits":	0,
					"snd_cwnd":	104256,
					"snd_wnd":	707328,
					"rtt":	122700,
					"rttvar":	2655,
					"pmtu":	1500,
					"omitted":	false,
					"sender":	true
				}],
			"sum":	{
				"start":	41.000364,
				"end":	42.000163,
				"seconds":	0.99979901313781738,
				"bytes":	781920,
				"bits_per_second":	6256617.4979187837,
				"retransmits":	0,
				"omitted":	false,
				"sender":	true
			}
		}, {
			"streams":	[{
					"socket":	6,
					"start":	42.000163,
					"end":	43.000173,
					"seconds":	1.0000100135803223,
					"bytes":	781920,
					"bits_per_second":	6255297.3620774252,
					"retransmits":	0,
					"snd_cwnd":	101360,
					"snd_wnd":	707328,
					"rtt":	119535,
					"rttvar":	854,
					"pmtu":	1500,
					"omitted":	false,
					"sender":	true
				}],
			"sum":	{
				"start":	42.000163,
				"end":	43.000173,
				"seconds":	1.0000100135803223,
				"bytes":	781920,
				"bits_per_second":	6255297.3620774252,
				"retransmits":	0,
				"omitted":	false,
				"sender":	true
			}
		}, {
			"streams":	[{
					"socket":	6,
					"start":	43.000173,
					"end":	44.000201,
					"seconds":	1.0000280141830444,
					"bytes":	781920,
					"bits_per_second":	6255184.7661089851,
					"retransmits":	0,
					"snd_cwnd":	115840,
					"snd_wnd":	707328,
					"rtt":	109089,
					"rttvar":	604,
					"pmtu":	1500,
					"omitted":	false,
					"sender":	true
				}],
			"sum":	{
				"start":	43.000173,
				"end":	44.000201,
				"seconds":	1.0000280141830444,
				"bytes":	781920,
				"bits_per_second":	6255184.7661089851,
				"retransmits":	0,
				"omitted":	false,
				"sender":	true
			}
		}, {
			"streams":	[{
					"socket":	6,
					"start":	44.000201,
					"end":	45.000245,
					"seconds":	1.0000439882278442,
					"bytes":	781920,
					"bits_per_second":	6255084.8499024371,
					"retransmits":	11,
					"snd_cwnd":	95568,
					"snd_wnd":	707328,
					"rtt":	129937,
					"rttvar":	1452,
					"pmtu":	1500,
					"omitted":	false,
					"sender":	true
				}],
			"sum":	{
				"start":	44.000201,
				"end":	45.000245,
				"seconds":	1.0000439882278442,
				"bytes":	781920,
				"bits_per_second":	6255084.8499024371,
				"retransmits":	11,
				"omitted":	false,
				"sender":	true
			}
		}, {
			"streams":	[{
					"socket":	6,
					"start":	45.000245,
					"end":	46.000313,
					"seconds":	1.0000679492950439,
					"bytes":	781920,
					"bits_per_second":	6254934.981577456,
					"retransmits":	0,
					"snd_cwnd":	110048,
					"snd_wnd":	707328,
					"rtt":	119402,
					"rttvar":	1135,
					"pmtu":	1500,
					"omitted":	false,
					"sender":	true
				}],
			"sum":	{
				"start":	45.000245,
				"end":	46.000313,
				"seconds":	1.0000679492950439,
				"bytes":	781920,
				"bits_per_second":	6254934.981577456,
				"retransmits":	0,
				"omitted":	false,
				"sender":	true
			}
		}, {
			"streams":	[{
					"socket":	6,
					"start":	46.000313,
					"end":	47.000394,
					"seconds":	1.000080943107605,
					"bytes":	781920,
					"bits_per_second":	6254853.71270288,
					"retransmits":	0,
					"snd_cwnd":	107152,
					"snd_wnd":	707328,
					"rtt":	125947,
					"rttvar":	900,
					"pmtu":	1500,
					"omitted":	false,
					"sender":	true
				}],
			"sum":	{
				"start":	46.000313,
				"end":	47.000394,
				"seconds":	1.000080943107605,
				"bytes":	781920,
				"bits_per_second":	6254853.71270288,
				"retransmits":	0,
				"omitted":	false,
				"sender":	true
			}
		}, {
			"streams":	[{
					"socket":	6,
					"start":	47.000394,
					"end":	48.000445,
					"seconds":	1.0000510215759277,
					"bytes":	781920,
					"bits_per_second":	6255040.857957935,
					"retransmits":	0,
					"snd_cwnd":	115840,
					"snd_wnd":	707328,
					"rtt":	107659,
					"rttvar":	1913,
					"pmtu":	1500,
					"omitted":	false,
					"sender":	true
				}],
			"sum":	{
				"start":	47.000394,
				"end":	48.000445,
				"seconds":	1.0000510215759277,
				"bytes":	781920,
				"bits_per_second":	6255040.857957935,
				"retransmits":	0,
				"omitted":	false,
				"sender":	true
			}
		}, {
			"streams":	[{
					"socket":	6,
					"start":	48.000445,
					"end":	49.000072,
					"seconds":	0.99962699413299561,
					"bytes":	1172880,
					"bits_per_second":	9386541.2349515148,
					"retransmits":	2,
					"snd_cwnd":	107152,
					"snd_wnd":	707328,
					"rtt":	127251,
					"rttvar":	1300,
					"pmtu":	1500,
					"omitted":	false,
					"sender":	true
				}],
			"sum":	{
				"start":	48.000445,
				"end":	49.000072,
				"seconds":	0.99962699413299561,
				"bytes":	1172880,
				"bits_per_second":	9386541.2349515148,
				"retransmits":	2,
				"omitted":	false,
				"sender":	true
			}
		}, {
			"streams":	[{
					"socket":	6,
					"start":	49.000072,
					"end":	50.00008,
					"seconds":	1.0000079870224,
					"bytes":	781920,
					"bits_per_second":	6255310.0386986025,
					"retransmits":	4,
					"snd_cwnd":	104256,
					"snd_wnd":	707328,
					"rtt":	129631,
					"rttvar":	1456,
					"pmtu":	1500,
					"omitted":	false,
					"sender":	true
				}],
			"sum":	{
				"start":	49.000072,
				"end":	50.00008,
				"seconds":	1.0000079870224,
				"bytes":	781920,
				"bits_per_second":	6255310.0386986025,
				"retransmits":	4,
				"omitted":	false,
				"sender":	true
			}
		}, {
			"streams":	[{
					"socket":	6,
					"start":	50.00008,
					"end":	51.000162,
					"seconds":	1.0000820159912109,
					"bytes":	781920,
					"bits_per_second":	6254847.0025232155,
					"retransmits":	0,
					"snd_cwnd":	112944,
					"snd_wnd":	707328,
					"rtt":	121635,
					"rttvar":	758,
					"pmtu":	1500,
					"omitted":	false,
					"sender":	true
				}],
			"sum":	{
				"start":	50.00008,
				"end":	51.000162,
				"seconds":	1.0000820159912109,
				"bytes":	781920,
				"bits_per_second":	6254847.0025232155,
				"retransmits":	0,
				"omitted":	false,
				"sender":	true
			}
		}, {
			"streams":	[{
					"socket":	6,
					"start":	51.000162,
					"end":	52.00065,
					"seconds":	1.0004880428314209,
					"bytes":	456120,
					"bits_per_second":	3647180.0199363683,
					"retransmits":	4,
					"snd_cwnd":	107152,
					"snd_wnd":	707328,
					"rtt":	86172,
					"rttvar":	2899,
					"pmtu":	1500,
					"omitted":	false,
					"sender":	true
				}],
			"sum":	{
				"start":	51.000162,
				"end":	52.00065,
				"seconds":	1.0004880428314209,
				"bytes":	456120,
				"bits_per_second":	3647180.0199363683,
				"retransmits":	4,
				"omitted":	false,
				"sender":	true
			}
		}, {
			"streams":	[{
					"socket":	6,
					"start":	52.00065,
					"end":	53.000414,
					"seconds":	0.99976402521133423,
					"bytes":	781920,
					"bits_per_second":	6256836.45566034,
					"retransmits":	0,
					"snd_cwnd":	101360,
					"snd_wnd":	707328,
					"rtt":	121074,
					"rttvar":	1860,
					"pmtu":	1500,
					"omitted":	false,
					"sender":	true
				}],
			"sum":	{
				"start":	52.00065,
				"end":	53.000414,
				"seconds":	0.99976402521133423,
				"bytes":	781920,
				"bits_per_second":	6256836.45566034,
				"retransmits":	0,
				"omitted":	false,
				"sender":	true
			}
		}, {
			"streams":	[{
					"socket":	6,
					"start":	53.000414,
					"end":	54.000441,
					"seconds":	1.0000269412994385,
					"bytes":	781920,
					"bits_per_second":	6255191.4770133728,
					"retransmits":	0,
					"snd_cwnd":	101360,
					"snd_wnd":	707328,
					"rtt":	123257,
					"rttvar":	1360,
					"pmtu":	1500,
					"omitted":	false,
					"sender":	true
				}],
			"sum":	{
				"start":	53.000414,
				"end":	54.000441,
				"seconds":	1.0000269412994385,
				"bytes":	781920,
				"bits_per_second":	6255191.4770133728,
				"retransmits":	0,
				"omitted":	false,
				"sender":	true
			}
		}, {
			"streams":	[{
					"socket":	6,
					"start":	54.000441,
					"end":	55.000491,
					"seconds":	1.0000499486923218,
					"bytes":	781920,
					"bits_per_second":	6255047.56855354,
					"retransmits":	0,
					"snd_cwnd":	112944,
					"snd_wnd":	707328,
					"rtt":	114518,
					"rttvar":	1778,
					"pmtu":	1500,
					"omitted":	false,
					"sender":	true
				}],
			"sum":	{
				"start":	54.000441,
				"end":	55.000491,
				"seconds":	1.0000499486923218,
				"bytes":	781920,
				"bits_per_second":	6255047.56855354,
				"retransmits":	0,
				"omitted":	false,
				"sender":	true
			}
		}, {
			"streams":	[{
					"socket":	6,
					"start":	55.000491,
					"end":	56.000483,
					"seconds":	0.9999920129776,
					"bytes":	847080,
					"bits_per_second":	6776694.1256077783,
					"retransmits":	4,
					"snd_cwnd":	115840,
					"snd_wnd":	707328,
					"rtt":	110384,
					"rttvar":	1537,
					"pmtu":	1500,
					"omitted":	false,
					"sender":	true
				}],
			"sum":	{
				"start":	55.000491,
				"end":	56.000483,
				"seconds":	0.9999920129776,
				"bytes":	847080,
				"bits_per_second":	6776694.1256077783,
				"retransmits":	4,
				"omitted":	false,
				"sender":	true
			}
		}, {
			"streams":	[{
					"socket":	6,
					"start":	56.000483,
					"end":	57.000108,
					"seconds":	0.999625027179718,
					"bytes":	1172880,
					"bits_per_second":	9386559.70476524,
					"retransmits":	4,
					"snd_cwnd":	115840,
					"snd_wnd":	707328,
					"rtt":	106661,
					"rttvar":	911,
					"pmtu":	1500,
					"omitted":	false,
					"sender":	true
				}],
			"sum":	{
				"start":	56.000483,
				"end":	57.000108,
				"seconds":	0.999625027179718,
				"bytes":	1172880,
				"bits_per_second":	9386559.70476524,
				"retransmits":	4,
				"omitted":	false,
				"sender":	true
			}
		}, {
			"streams":	[{
					"socket":	6,
					"start":	57.000108,
					"end":	58.000243,
					"seconds":	1.0001349449157715,
					"bytes":	781920,
					"bits_per_second":	6254515.98486723,
					"retransmits":	0,
					"snd_cwnd":	115840,
					"snd_wnd":	707328,
					"rtt":	129244,
					"rttvar":	846,
					"pmtu":	1500,
					"omitted":	false,
					"sender":	true
				}],
			"sum":	{
				"start":	57.000108,
				"end":	58.000243,
				"seconds":	1.0001349449157715,
				"bytes":	781920,
				"bits_per_second":	6254515.98486723,
				"retransmits":	0,
				"omitted":	false,
				"sender":	true
			}
		}, {
			"streams":	[{
					"socket":	6,
					"start":	58.000243,
					"end":	59.000406,
					"seconds":	1.0001629590988159,
					"bytes":	781920,
					"bits_per_second":	6254340.7982598282,
					"retransmits":	0,
					"snd_cwnd":	118736,
					"snd_wnd":	707328,
					"rtt":	116821,
					"rttvar":	1504,
					"pmtu":	1500,
					"omitted":	false,
					"sender":	true
				}],
			"sum":	{
				"start":	58.000243,
				"end":	59.000406,
				"seconds":	1.0001629590988159,
				"bytes":	781920,
				"bits_per_second":	6254340.7982598282,
				"retransmits":	0,
				"omitted":	false,
				"sender":	true
			}
		}, {
			"streams":	[{
					"socket":	6,
					"start":	59.000406,
					"end":	60.000124,
					"seconds":	0.99971801042556763,
					"bytes":	1172880,
					"bits_per_second":	9385686.66578864,
					"retransmits":	0,
					"snd_cwnd":	112944,
					"snd_wnd":	707328,
					"rtt":	124904,
					"rttvar":	518,
					"pmtu":	1500,
					"omitted":	false,
					"sender":	true
				}],
			"sum":	{
				"start":	59.000406,
				"end":	60.000124,
				"seconds":	0.99971801042556763,
				"bytes":	1172880,
				"bits_per_second":	9385686.66578864,
				"retransmits":	0,
				"omitted":	false,
				"sender":	true
			}
		}],
	"end":	{
		"streams":	[{
				"sender":	{
					"socket":	6,
					"start":	0,
					"end":	60.000124,
					"seconds":	60.000124,
					"bytes":	47786896,
					"bits_per_second":	6371572.9654158717,
					"retransmits":	108,
					"max_snd_cwnd":	118736,
					"max_snd_wnd":	707328,
					"max_rtt":	129937,
					"min_rtt":	86172,
					"mean_rtt":	117787,
					"sender":	true
				},
				"receiver":	{
					"socket":	6,
					"start":	0,
					"end":	60.123743,
					"seconds":	60.000124,
					"bytes":	46903616,
					"bits_per_second":	6240944.24726684,
					"sender":	true
				}
			}],
		"sum_sent":	{
			"start":	0,
			"end":	60.000124,
			"seconds":	60.000124,
			"bytes":	47786896,
			"bits_per_second":	6371572.9654158717,
			"retransmits":	108,
			"sender":	true
		},
		"sum_received":	{
			"start":	0,
			"end":	60.123743,
			"seconds":	60.123743,
			"bytes":	46903616,
			"bits_per_second":	6240944.24726684,
			"sender":	true
		},
		"cpu_utilization_percent":	{
			"host_total":	0.10220818244181329,
			"host_user":	0.010493069972614366,
			"host_system":	0.091715112469198931,
			"remote_total":	0.5913768435078437,
			"remote_user":	0.031538279849126535,
			"remote_system":	0.5598385636587172
		},
		"sender_tcp_congestion":	"bbr",
		"receiver_tcp_congestion":	"bbr"
	}
}
