{
	"start":	{
		"connected":	[{
				"socket":	6,
				"local_host":	"192.168.101.210",
				"local_port":	39184,
				"remote_host":	"192.168.100.168",
				"remote_port":	5201
			}],
		"version":	"iperf 3.11",
		"system_info":	"Linux f1 6.0.10-300.fc37.x86_64 #1 SMP PREEMPT_DYNAMIC Sat Nov 26 16:55:13 UTC 2022 x86_64",
		"timestamp":	{
			"time":	"Sat, 10 Dec 2022 20:36:07 GMT",
			"timesecs":	1670704567
		},
		"connecting_to":	{
			"host":	"192.168.100.168",
			"port":	5201
		},
		"cookie":	"rhxtm263jtcfkkitxugdqwpagr5towgnnfcl",
		"tcp_mss_default":	1448,
		"target_bitrate":	0,
		"sock_bufsize":	0,
		"sndbuf_actual":	16384,
		"rcvbuf_actual":	131072,
		"test_start":	{
			"protocol":	"TCP",
			"num_streams":	1,
			"blksize":	131072,
			"omit":	0,
			"duration":	60,
			"bytes":	0,
			"blocks":	0,
			"reverse":	0,
			"tos":	0,
			"target_bitrate":	0
		}
	},
	"intervals":	[{
			"streams":	[{
					"socket":	6,
					"start":	0,
					"end":	1.000263,
					"seconds":	1.000262975692749,
					"bytes":	1600040,
					"bits_per_second":	12796954.711969541,
					"retransmits":	0,
					"snd_cwnd":	231680,
					"snd_wnd":	196352,
					"rtt":	200090,
					"rttvar":	33,
					"pmtu":	1500,
					"omitted":	false,
					"sender":	true
				}],
			"sum":	{
				"start":	0,
				"end":	1.000263,
				"seconds":	1.000262975692749,
				"bytes":	1600040,
				"bits_per_second":	12796954.711969541,
				"retransmits":	0,
				"omitted":	false,
				"sender":	true
			}
		}, {
			"streams":	[{
					"socket":	6,
					"start":	1.000263,
					"end":	2.000223,
					"seconds":	0.99996000528335571,
					"bytes":	7837144,
					"bits_per_second":	62699659.6551216,
					"retransmits":	0,
					"snd_cwnd":	6284320,
					"snd_wnd":	3141248,
					"rtt":	211988,
					"rttvar":	276,
					"pmtu":	1500,
					"omitted":	false,
					"sender":	true
				}],
			"sum":	{
				"start":	1.000263,
				"end":	2.000223,
				"seconds":	0.99996000528335571,
				"bytes":	7837144,
				"bits_per_second":	62699659.6551216,
				"retransmits":	0,
				"omitted":	false,
				"sender":	true
			}
		}, {
			"streams":	[{
					"socket":	6,
					"start":	2.000223,
					"end":	3.000244,
					"seconds":	1.0000209808349609,
					"bytes":	15728640,
					"bits_per_second":	125826480.05538824,
					"retransmits":	0,
					"snd_cwnd":	6284320,
					"snd_wnd":	3141248,
					"rtt":	201097,
					"rttvar":	733,
					"pmtu":	1500,
					"omitted":	false,
					"sender":	true
				}],
			"sum":	{
				"start":	2.000223,
				"end":	3.000244,
				"seconds":	1.0000209808349609,
				"bytes":	15728640,
				"bits_per_second":	125826480.05538824,
				"retransmits":	0,
				"omitted":	false,
				"sender":	true
			}
		}, {
			"streams":	[{
					"socket":	6,
					"start":	3.000244,
					"end":	4.000243,
					"seconds":	0.99999898672103882,
					"bytes":	15728640,
					"bits_per_second":	125829247.50012919,
					"retransmits":	0,
					"snd_cwnd":	6284320,
					"snd_wnd":	3141248,
					"rtt":	200083,
					"rttvar":	8,
					"pmtu":	1500,
					"omitted":	false,
					"sender":	true
				}],
			"sum":	{
				"start":	3.000244,
				"end":	4.000243,
				"seconds":	0.99999898672103882,
				"bytes":	15728640,
				"bits_per_second":	125829247.50012919,
				"retransmits":	0,
				"omitted":	false,
				"sender":	true
			}
		}, {
			"streams":	[{
					"socket":	6,
					"start":	4.000243,
					"end":	5.000217,
					"seconds":	0.999974012374878,
					"bytes":	14417920,
					"bits_per_second":	115346357.57789993,
					"retransmits":	0,
					"snd_cwnd":	6284320,
					"snd_wnd":	3141248,
					"rtt":	200181,
					"rttvar":	106,
					"pmtu":	1500,
					"omitted":	false,
					"sender":	true
				}],
			"sum":	{
				"start":	4.000243,
				"end":	5.000217,
				"seconds":	0.999974012374878,
				"bytes":	14417920,
				"bits_per_second":	115346357.57789993,
				"retransmits":	0,
				"omitted":	false,
				"sender":	true
			}
		}, {
			"streams":	[{
					"socket":	6,
					"start":	5.000217,
					"end":	6.000213,
					"seconds":	0.9999960064888,
					"bytes":	15728640,
					"bits_per_second":	125829622.50200675,
					"retransmits":	0,
					"snd_cwnd":	6284320,
					"snd_wnd":	3141248,
					"rtt":	200138,
					"rttvar":	69,
					"pmtu":	1500,
					"omitted":	false,
					"sender":	true
				}],
			"sum":	{
				"start":	5.000217,
				"end":	6.000213,
				"seconds":	0.9999960064888,
				"bytes":	15728640,
				"bits_per_second":	125829622.50200675,
				"retransmits":	0,
				"omitted":	false,
				"sender":	true
			}
		}, {
			"streams":	[{
					"socket":	6,
					"start":	6.000213,
					"end":	7.000234,
					"seconds":	1.0000209808349609,
					"bytes":	15728640,
					"bits_per_second":	125826480.05538824,
					"retransmits":	0,
					"snd_cwnd":	6284320,
					"snd_wnd":	3141248,
					"rtt":	200155,
					"rttvar":	127,
					"pmtu":	1500,
					"omitted":	false,
					"sender":	true
				}],
			"sum":	{
				"start":	6.000213,
				"end":	7.000234,
				"seconds":	1.0000209808349609,
				"bytes":	15728640,
				"bits_per_second":	125826480.05538824,
				"retransmits":	0,
				"omitted":	false,
				"sender":	true
			}
		}, {
			"streams":	[{
					"socket":	6,
					"start":	7.000234,
					"end":	8.000203,
					"seconds":	0.9999690055847168,
					"bytes":	14417920,
					"bits_per_second":	115346935.11080846,
					"retransmits":	0,
					"snd_cwnd":	6284320,
					"snd_wnd":	3141248,
					"rtt":	201007,
					"rttvar":	876,
					"pmtu":	1500,
					"omitted":	false,
					"sender":	true
				}],
			"sum":	{
				"start":	7.000234,
				"end":	8.000203,
				"seconds":	0.9999690055847168,
				"bytes":	14417920,
				"bits_per_second":	115346935.11080846,
				"retransmits":	0,
				"omitted":	false,
				"sender":	true
			}
		}, {
			"streams":	[{
					"socket":	6,
					"start":	8.000203,
					"end":	9.000222,
					"seconds":	1.0000189542770386,
					"bytes":	15728640,
					"bits_per_second":	125826735.04520509,
					"retransmits":	0,
					"snd_cwnd":	6284320,
					"snd_wnd":	3141248,
					"rtt":	200966,
					"rttvar":	726,
					"pmtu":	1500,
					"omitted":	false,
					"sender":	true
				}],
			"sum":	{
				"start":	8.000203,
				"end":	9.000222,
				"seconds":	1.0000189542770386,
				"bytes":	15728640,
				"bits_per_second":	125826735.04520509,
				"retransmits":	0,
				"omitted":	false,
				"sender":	true
			}
		}, {
			"streams":	[{
					"socket":	6,
					"start":	9.000222,
					"end":	10.000219,
					"seconds":	0.99999701976776123,
					"bytes":	15728640,
					"bits_per_second":	125829495.00111759,
					"retransmits":	0,
					"snd_cwnd":	6284320,
					"snd_wnd":	3141248,
					"rtt":	200086,
					"rttvar":	11,
					"pmtu":	1500,
					"omitted":	false,
					"sender":	true
				}],
			"sum":	{
				"start":	9.000222,
				"end":	10.000219,
				"seconds":	0.99999701976776123,
				"bytes":	15728640,
				"bits_per_second":	125829495.00111759,
				"retransmits":	0,
				"omitted":	false,
				"sender":	true
			}
		}, {
			"streams":	[{
					"socket":	6,
					"start":	10.000219,
					"end":	11.000237,
					"seconds":	1.0000180006027222,
					"bytes":	14417920,
					"bits_per_second":	115341283.78737308,
					"retransmits":	0,
					"snd_cwnd":	6284320,
					"snd_wnd":	3141248,
					"rtt":	200114,
					"rttvar":	12,
					"pmtu":	1500,
					"omitted":	false,
					"sender":	true
				}],
			"sum":	{
				"start":	10.000219,
				"end":	11.000237,
				"seconds":	1.0000180006027222,
				"bytes":	14417920,
				"bits_per_second":	115341283.78737308,
				"retransmits":	0,
				"omitted":	false,
				"sender":	true
			}
		}, {
			"streams":	[{
					"socket":	6,
					"start":	11.000237,
					"end":	12.000228,
					"seconds":	0.999990999698639,
					"bytes":	15728640,
					"bits_per_second":	125830252.51019293,
					"retransmits":	0,
					"snd_cwnd":	6284320,
					"snd_wnd":	3141248,
					"rtt":	200114,
					"rttvar":	20,
					"pmtu":	1500,
					"omitted":	false,
					"sender":	true
				}],
			"sum":	{
				"start":	11.000237,
				"end":	12.000228,
				"seconds":	0.999990999698639,
				"bytes":	15728640,
				"bits_per_second":	125830252.51019293,
				"retransmits":	0,
				"omitted":	false,
				"sender":	true
			}
		}, {
			"streams":	[{
					"socket":	6,
					"start":	12.000228,
					"end":	13.000211,
					"seconds":	0.999983012676239,
					"bytes":	15728640,
					"bits_per_second":	125831257.536311,
					"retransmits":	0,
					"snd_cwnd":	6610120,
					"snd_wnd":	3139200,
					"rtt":	200566,
					"rttvar":	451,
					"pmtu":	1500,
					"omitted":	false,
					"sender":	true
				}],
			"sum":	{
				"start":	12.000228,
				"end":	13.000211,
				"seconds":	0.999983012676239,
				"bytes":	15728640,
				"bits_per_second":	125831257.536311,
				"retransmits":	0,
				"omitted":	false,
				"sender":	true
			}
		}, {
			"streams":	[{
					"socket":	6,
					"start":	13.000211,
					"end":	14.000414,
					"seconds":	1.000203013420105,
					"bytes":	14417920,
					"bits_per_second":	115319948.5028481,
					"retransmits":	0,
					"snd_cwnd":	6610120,
					"snd_wnd":	3143552,
					"rtt":	200180,
					"rttvar":	152,
					"pmtu":	1500,
					"omitted":	false,
					"sender":	true
				}],
			"sum":	{
				"start":	13.000211,
				"end":	14.000414,
				"seconds":	1.000203013420105,
				"bytes":	14417920,
				"bits_per_second":	115319948.5028481,
				"retransmits":	0,
				"omitted":	false,
				"sender":	true
			}
		}, {
			"streams":	[{
					"socket":	6,
					"start":	14.000414,
					"end":	15.000211,
					"seconds":	0.999796986579895,
					"bytes":	15728640,
					"bits_per_second":	125854670.18703085,
					"retransmits":	0,
					"snd_cwnd":	6610120,
					"snd_wnd":	3143552,
					"rtt":	200103,
					"rttvar":	56,
					"pmtu":	1500,
					"omitted":	false,
					"sender":	true
				}],
			"sum":	{
				"start":	14.000414,
				"end":	15.000211,
				"seconds":	0.999796986579895,
				"bytes":	15728640,
				"bits_per_second":	125854670.18703085,
				"retransmits":	0,
				"omitted":	false,
				"sender":	true
			}
		}, {
			"streams":	[{
					"socket":	6,
					"start":	15.000211,
					"end":	16.000218,
					"seconds":	1.0000070333480835,
					"bytes":	15728640,
					"bits_per_second":	125828235.00622447,
					"retransmits":	0,
					"snd_cwnd":	6610120,
					"snd_wnd":	3143552,
					"rtt":	200248,
					"rttvar":	273,
					"pmtu":	1500,
					"omitted":	false,
					"sender":	true
				}],
			"sum":	{
				"start":	15.000211,
				"end":	16.000218,
				"seconds":	1.0000070333480835,
				"bytes":	15728640,
				"bits_per_second":	125828235.00622447,
				"retransmits":	0,
				"omitted":	false,
				"sender":	true
			}
		}, {
			"streams":	[{
					"socket":	6,
					"start":	16.000218,
					"end":	17.000235,
					"seconds":	1.0000170469284058,
					"bytes":	14417920,
					"bits_per_second":	115341393.78351796,
					"retransmits":	0,
					"snd_cwnd":	6610120,
					"snd_wnd":	3143552,
					"rtt":	200159,
					"rttvar":	81,
					"pmtu":	1500,
					"omitted":	false,
					"sender":	true
				}],
			"sum":	{
				"start":	16.000218,
				"end":	17.000235,
				"seconds":	1.0000170469284058,
				"bytes":	14417920,
				"bits_per_second":	115341393.78351796,
				"retransmits":	0,
				"omitted":	false,
				"sender":	true
			}
		}, {
			"streams":	[{
					"socket":	6,
					"start":	17.000235,
					"end":	18.00022,
					"seconds":	0.9999849796295166,
					"bytes":	15728640,
					"bits_per_second":	125831010.02838893,
					"retransmits":	0,
					"snd_cwnd":	6610120,
					"snd_wnd":	3112576,
					"rtt":	200528,
					"rttvar":	475,
					"pmtu":	1500,
					"omitted":	false,
					"sender":	true
				}],
			"sum":	{
				"start":	17.000235,
				"end":	18.00022,
				"seconds":	0.9999849796295166,
				"bytes":	15728640,
				"bits_per_second":	125831010.02838893,
				"retransmits":	0,
				"omitted":	false,
				"sender":	true
			}
		}, {
			"streams":	[{
					"socket":	6,
					"start":	18.00022,
					"end":	19.000183,
					"seconds":	0.99996298551559448,
					"bytes":	15728640,
					"bits_per_second":	125833777.67240134,
					"retransmits":	0,
					"snd_cwnd":	6610120,
					"snd_wnd":	3143552,
					"rtt":	200116,
					"rttvar":	21,
					"pmtu":	1500,
					"omitted":	false,
					"sender":	true
				}],
			"sum":	{
				"start":	18.00022,
				"end":	19.000183,
				"seconds":	0.99996298551559448,
				"bytes":	15728640,
				"bits_per_second":	125833777.67240134,
				"retransmits":	0,
				"omitted":	false,
				"sender":	true
			}
		}, {
			"streams":	[{
					"socket":	6,
					"start":	19.000183,
					"end":	20.000217,
					"seconds":	1.000033974647522,
					"bytes":	14417920,
					"bits_per_second":	115339441.38313362,
					"retransmits":	0,
					"snd_cwnd":	6610120,
					"snd_wnd":	3143552,
					"rtt":	200156,
					"rttvar":	72,
					"pmtu":	1500,
					"omitted":	false,
					"sender":	true
				}],
			"sum":	{
				"start":	19.000183,
				"end":	20.000217,
				"seconds":	1.000033974647522,
				"bytes":	14417920,
				"bits_per_second":	115339441.38313362,
				"retransmits":	0,
				"omitted":	false,
				"sender":	true
			}
		}, {
			"streams":	[{
					"socket":	6,
					"start":	20.000217,
					"end":	21.000201,
					"seconds":	0.9999840259552002,
					"bytes":	15728640,
					"bits_per_second":	125831130.03210834,
					"retransmits":	0,
					"snd_cwnd":	6610120,
					"snd_wnd":	3141248,
					"rtt":	200849,
					"rttvar":	734,
					"pmtu":	1500,
					"omitted":	false,
					"sender":	true
				}],
			"sum":	{
				"start":	20.000217,
				"end":	21.000201,
				"seconds":	0.9999840259552002,
				"bytes":	15728640,
				"bits_per_second":	125831130.03210834,
				"retransmits":	0,
				"omitted":	false,
				"sender":	true
			}
		}, {
			"streams":	[{
					"socket":	6,
					"start":	21.000201,
					"end":	22.000195,
					"seconds":	0.99999397993087769,
					"bytes":	15728640,
					"bits_per_second":	125829877.50456023,
					"retransmits":	0,
					"snd_cwnd":	6610120,
					"snd_wnd":	3143552,
					"rtt":	200978,
					"rttvar":	538,
					"pmtu":	1500,
					"omitted":	false,
					"sender":	true
				}],
			"sum":	{
				"start":	21.000201,
				"end":	22.000195,
				"seconds":	0.99999397993087769,
				"bytes":	15728640,
				"bits_per_second":	125829877.50456023,
				"retransmits":	0,
				"omitted":	false,
				"sender":	true
			}
		}, {
			"streams":	[{
					"socket":	6,
					"start":	22.000195,
					"end":	23.000202,
					"seconds":	1.0000070333480835,
					"bytes":	14417920,
					"bits_per_second":	115342548.75570576,
					"retransmits":	0,
					"snd_cwnd":	6610120,
					"snd_wnd":	3141248,
					"rtt":	200437,
					"rttvar":	317,
					"pmtu":	1500,
					"omitted":	false,
					"sender":	true
				}],
			"sum":	{
				"start":	22.000195,
				"end":	23.000202,
				"seconds":	1.0000070333480835,
				"bytes":	14417920,
				"bits_per_second":	115342548.75570576,
				"retransmits":	0,
				"omitted":	false,
				"sender":	true
			}
		}, {
			"streams":	[{
					"socket":	6,
					"start":	23.000202,
					"end":	24.000196,
					"seconds":	0.99999397993087769,
					"bytes":	15728640,
					"bits_per_second":	125829877.50456023,
					"retransmits":	0,
					"snd_cwnd":	6610120,
					"snd_wnd":	3143552,
					"rtt":	201182,
					"rttvar":	816,
					"pmtu":	1500,
					"omitted":	false,
					"sender":	true
				}],
			"sum":	{
				"start":	23.000202,
				"end":	24.000196,
				"seconds":	0.99999397993087769,
				"bytes":	15728640,
				"bits_per_second":	125829877.50456023,
				"retransmits":	0,
				"omitted":	false,
				"sender":	true
			}
		}, {
			"streams":	[{
					"socket":	6,
					"start":	24.000196,
					"end":	25.000175,
					"seconds":	0.999979019165039,
					"bytes":	15728640,
					"bits_per_second":	125831760.05539057,
					"retransmits":	0,
					"snd_cwnd":	6610120,
					"snd_wnd":	3143552,
					"rtt":	200214,
					"rttvar":	236,
					"pmtu":	1500,
					"omitted":	false,
					"sender":	true
				}],
			"sum":	{
				"start":	24.000196,
				"end":	25.000175,
				"seconds":	0.999979019165039,
				"bytes":	15728640,
				"bits_per_second":	125831760.05539057,
				"retransmits":	0,
				"omitted":	false,
				"sender":	true
			}
		}, {
			"streams":	[{
					"socket":	6,
					"start":	25.000175,
					"end":	26.000174,
					"seconds":	0.99999898672103882,
					"bytes":	14417920,
					"bits_per_second":	115343476.87511843,
					"retransmits":	0,
					"snd_cwnd":	6610120,
					"snd_wnd":	3143552,
					"rtt":	200269,
					"rttvar":	176,
					"pmtu":	1500,
					"omitted":	false,
					"sender":	true
				}],
			"sum":	{
				"start":	25.000175,
				"end":	26.000174,
				"seconds":	0.99999898672103882,
				"bytes":	14417920,
				"bits_per_second":	115343476.87511843,
				"retransmits":	0,
				"omitted":	false,
				"sender":	true
			}
		}, {
			"streams":	[{
					"socket":	6,
					"start":	26.000174,
					"end":	27.000188,
					"seconds":	1.0000139474868774,
					"bytes":	15728640,
					"bits_per_second":	125827365.0244775,
					"retransmits":	0,
					"snd_cwnd":	6610120,
					"snd_wnd":	3143552,
					"rtt":	200854,
					"rttvar":	735,
					"pmtu":	1500,
					"omitted":	false,
					"sender":	true
				}],
			"sum":	{
				"start":	26.000174,
				"end":	27.000188,
				"seconds":	1.0000139474868774,
				"bytes":	15728640,
				"bits_per_second":	125827365.0244775,
				"retransmits":	0,
				"omitted":	false,
				"sender":	true
			}
		}, {
			"streams":	[{
					"socket":	6,
					"start":	27.000188,
					"end":	28.00016,
					"seconds":	0.99997198581695557,
					"bytes":	15728640,
					"bits_per_second":	125832645.09875277,
					"retransmits":	0,
					"snd_cwnd":	6610120,
					"snd_wnd":	3143552,
					"rtt":	200117,
					"rttvar":	30,
					"pmtu":	1500,
					"omitted":	false,
					"sender":	true
				}],
			"sum":	{
				"start":	27.000188,
				"end":	28.00016,
				"seconds":	0.99997198581695557,
				"bytes":	15728640,
				"bits_per_second":	125832645.09875277,
				"retransmits":	0,
				"omitted":	false,
				"sender":	true
			}
		}, {
			"streams":	[{
					"socket":	6,
					"start":	28.00016,
					"end":	29.000201,
					"seconds":	1.0000410079956055,
					"bytes":	14417920,
					"bits_per_second":	115338630.19395986,
					"retransmits":	0,
					"snd_cwnd":	6610120,
					"snd_wnd":	3143552,
					"rtt":	200154,
					"rttvar":	47,
					"pmtu":	1500,
					"omitted":	false,
					"sender":	true
				}],
			"sum":	{
				"start":	28.00016,
				"end":	29.000201,
				"seconds":	1.0000410079956055,
				"bytes":	14417920,
				"bits_per_second":	115338630.19395986,
				"retransmits":	0,
				"omitted":	false,
				"sender":	true
			}
		}, {
			"streams":	[{
					"socket":	6,
					"start":	29.000201,
					"end":	30.000165,
					"seconds":	0.99996399879455566,
					"bytes":	15728640,
					"bits_per_second":	125833650.16309133,
					"retransmits":	0,
					"snd_cwnd":	6610120,
					"snd_wnd":	3143552,
					"rtt":	200926,
					"rttvar":	715,
					"pmtu":	1500,
					"omitted":	false,
					"sender":	true
				}],
			"sum":	{
				"start":	29.000201,
				"end":	30.000165,
				"seconds":	0.99996399879455566,
				"bytes":	15728640,
				"bits_per_second":	125833650.16309133,
				"retransmits":	0,
				"omitted":	false,
				"sender":	true
			}
		}, {
			"streams":	[{
					"socket":	6,
					"start":	30.000165,
					"end":	31.000157,
					"seconds":	0.9999920129776,
					"bytes":	15728640,
					"bits_per_second":	125830125.008027,
					"retransmits":	0,
					"snd_cwnd":	6610120,
					"snd_wnd":	3143552,
					"rtt":	200195,
					"rttvar":	215,
					"pmtu":	1500,
					"omitted":	false,
					"sender":	true
				}],
			"sum":	{
				"start":	30.000165,
				"end":	31.000157,
				"seconds":	0.9999920129776,
				"bytes":	15728640,
				"bits_per_second":	125830125.008027,
				"retransmits":	0,
				"omitted":	false,
				"sender":	true
			}
		}, {
			"streams":	[{
					"socket":	6,
					"start":	31.000157,
					"end":	32.000183,
					"seconds":	1.0000259876251221,
					"bytes":	14417920,
					"bits_per_second":	115340362.57789588,
					"retransmits":	0,
					"snd_cwnd":	6610120,
					"snd_wnd":	3141248,
					"rtt":	200458,
					"rttvar":	285,
					"pmtu":	1500,
					"omitted":	false,
					"sender":	true
				}],
			"sum":	{
				"start":	31.000157,
				"end":	32.000183,
				"seconds":	1.0000259876251221,
				"bytes":	14417920,
				"bits_per_second":	115340362.57789588,
				"retransmits":	0,
				"omitted":	false,
				"sender":	true
			}
		}, {
			"streams":	[{
					"socket":	6,
					"start":	32.000183,
					"end":	33.000155,
					"seconds":	0.99997198581695557,
					"bytes":	15728640,
					"bits_per_second":	125832645.09875277,
					"retransmits":	0,
					"snd_cwnd":	6610120,
					"snd_wnd":	3141248,
					"rtt":	201030,
					"rttvar":	871,
					"pmtu":	1500,
					"omitted":	false,
					"sender":	true
				}],
			"sum":	{
				"start":	32.000183,
				"end":	33.000155,
				"seconds":	0.99997198581695557,
				"bytes":	15728640,
				"bits_per_second":	125832645.09875277,
				"retransmits":	0,
				"omitted":	false,
				"sender":	true
			}
		}, {
			"streams":	[{
					"socket":	6,
					"start":	33.000155,
					"end":	34.000147,
					"seconds":	0.9999920129776,
					"bytes":	15728640,
					"bits_per_second":	125830125.008027,
					"retransmits":	0,
					"snd_cwnd":	6610120,
					"snd_wnd":	3143552,
					"rtt":	200150,
					"rttvar":	122,
					"pmtu":	1500,
					"omitted":	false,
					"sender":	true
				}],
			"sum":	{
				"start":	33.000155,
				"end":	34.000147,
				"seconds":	0.9999920129776,
				"bytes":	15728640,
				"bits_per_second":	125830125.008027,
				"retransmits":	0,
				"omitted":	false,
				"sender":	true
			}
		}, {
			"streams":	[{
					"socket":	6,
					"start":	34.000147,
					"end":	35.000157,
					"seconds":	1.0000100135803223,
					"bytes":	14417920,
					"bits_per_second":	115342205.01156557,
					"retransmits":	0,
					"snd_cwnd":	6610120,
					"snd_wnd":	3143552,
					"rtt":	200140,
					"rttvar":	49,
					"pmtu":	1500,
					"omitted":	false,
					"sender":	true
				}],
			"sum":	{
				"start":	34.000147,
				"end":	35.000157,
				"seconds":	1.0000100135803223,
				"bytes":	14417920,
				"bits_per_second":	115342205.01156557,
				"retransmits":	0,
				"omitted":	false,
				"sender":	true
			}
		}, {
			"streams":	[{
					"socket":	6,
					"start":	35.000157,
					"end":	36.000169,
					"seconds":	1.0000120401382446,
					"bytes":	15728640,
					"bits_per_second":	125827605.01824059,
					"retransmits":	0,
					"snd_cwnd":	6610120,
					"snd_wnd":	3141248,
					"rtt":	201173,
					"rttvar":	657,
					"pmtu":	1500,
					"omitted":	false,
					"sender":	true
				}],
			"sum":	{
				"start":	35.000157,
				"end":	36.000169,
				"seconds":	1.0000120401382446,
				"bytes":	15728640,
				"bits_per_second":	125827605.01824059,
				"retransmits":	0,
				"omitted":	false,
				"sender":	true
			}
		}, {
			"streams":	[{
					"socket":	6,
					"start":	36.000169,
					"end":	37.000147,
					"seconds":	0.999978005886078,
					"bytes":	15728640,
					"bits_per_second":	125831887.56087005,
					"retransmits":	0,
					"snd_cwnd":	6610120,
					"snd_wnd":	3137408,
					"rtt":	200119,
					"rttvar":	40,
					"pmtu":	1500,
					"omitted":	false,
					"sender":	true
				}],
			"sum":	{
				"start":	36.000169,
				"end":	37.000147,
				"seconds":	0.999978005886078,
				"bytes":	15728640,
				"bits_per_second":	125831887.56087005,
				"retransmits":	0,
				"omitted":	false,
				"sender":	true
			}
		}, {
			"streams":	[{
					"socket":	6,
					"start":	37.000147,
					"end":	38.000155,
					"seconds":	1.0000079870224,
					"bytes":	14417920,
					"bits_per_second":	115342438.757358,
					"retransmits":	0,
					"snd_cwnd":	6610120,
					"snd_wnd":	3143552,
					"rtt":	200198,
					"rttvar":	27,
					"pmtu":	1500,
					"omitted":	false,
					"sender":	true
				}],
			"sum":	{
				"start":	37.000147,
				"end":	38.000155,
				"seconds":	1.0000079870224,
				"bytes":	14417920,
				"bits_per_second":	115342438.757358,
				"retransmits":	0,
				"omitted":	false,
				"sender":	true
			}
		}, {
			"streams":	[{
					"socket":	6,
					"start":	38.000155,
					"end":	39.000166,
					"seconds":	1.0000109672546387,
					"bytes":	15728640,
					"bits_per_second":	125827740.01513465,
					"retransmits":	0,
					"snd_cwnd":	6610120,
					"snd_wnd":	3143552,
					"rtt":	206495,
					"rttvar":	11104,
					"pmtu":	1500,
					"omitted":	false,
					"sender":	true
				}],
			"sum":	{
				"start":	38.000155,
				"end":	39.000166,
				"seconds":	1.0000109672546387,
				"bytes":	15728640,
				"bits_per_second":	125827740.01513465,
				"retransmits":	0,
				"omitted":	false,
				"sender":	true
			}
		}, {
			"streams":	[{
					"socket":	6,
					"start":	39.000166,
					"end":	40.000144,
					"seconds":	0.999978005886078,
					"bytes":	15728640,
					"bits_per_second":	125831887.56087005,
					"retransmits":	0,
					"snd_cwnd":	6610120,
					"snd_wnd":	3143552,
					"rtt":	200110,
					"rttvar":	37,
					"pmtu":	1500,
					"omitted":	false,
					"sender":	true
				}],
			"sum":	{
				"start":	39.000166,
				"end":	40.000144,
				"seconds":	0.999978005886078,
				"bytes":	15728640,
				"bits_per_second":	125831887.56087005,
				"retransmits":	0,
				"omitted":	false,
				"sender":	true
			}
		}, {
			"streams":	[{
					"socket":	6,
					"start":	40.000144,
					"end":	41.000151,
					"seconds":	1.0000070333480835,
					"bytes":	14417920,
					"bits_per_second":	115342548.75570576,
					"retransmits":	0,
					"snd_cwnd":	6610120,
					"snd_wnd":	3143552,
					"rtt":	200267,
					"rttvar":	171,
					"pmtu":	1500,
					"omitted":	false,
					"sender":	true
				}],
			"sum":	{
				"start":	40.000144,
				"end":	41.000151,
				"seconds":	1.0000070333480835,
				"bytes":	14417920,
				"bits_per_second":	115342548.75570576,
				"retransmits":	0,
				"omitted":	false,
				"sender":	true
			}
		}, {
			"streams":	[{
					"socket":	6,
					"start":	41.000151,
					"end":	42.000143,
					"seconds":	0.9999920129776,
					"bytes":	15728640,
					"bits_per_second":	125830125.008027,
					"retransmits":	0,
					"snd_cwnd":	6610120,
					"snd_wnd":	3143552,
					"rtt":	200705,
					"rttvar":	683,
					"pmtu":	1500,
					"omitted":	false,
					"sender":	true
				}],
			"sum":	{
				"start":	41.000151,
				"end":	42.000143,
				"seconds":	0.9999920129776,
				"bytes":	15728640,
				"bits_per_second":	125830125.008027,
				"retransmits":	0,
				"omitted":	false,
				"sender":	true
			}
		}, {
			"streams":	[{
					"socket":	6,
					"start":	42.000143,
					"end":	43.000157,
					"seconds":	1.0000139474868774,
					"bytes":	15728640,
					"bits_per_second":	125827365.0244775,
					"retransmits":	0,
					"snd_cwnd":	6610120,
					"snd_wnd":	3137408,
					"rtt":	200373,
					"rttvar":	535,
					"pmtu":	1500,
					"omitted":	false,
					"sender":	true
				}],
			"sum":	{
				"start":	42.000143,
				"end":	43.000157,
				"seconds":	1.0000139474868774,
				"bytes":	15728640,
				"bits_per_second":	125827365.0244775,
				"retransmits":	0,
				"omitted":	false,
				"sender":	true
			}
		}, {
			"streams":	[{
					"socket":	6,
					"start":	43.000157,
					"end":	44.000142,
					"seconds":	0.9999849796295166,
					"bytes":	14417920,
					"bits_per_second":	115345092.52602318,
					"retransmits":	0,
					"snd_cwnd":	6610120,
					"snd_wnd":	3143552,
					"rtt":	200235,
					"rttvar":	196,
					"pmtu":	1500,
					"omitted":	false,
					"sender":	true
				}],
			"sum":	{
				"start":	43.000157,
				"end":	44.000142,
				"seconds":	0.9999849796295166,
				"bytes":	14417920,
				"bits_per_second":	115345092.52602318,
				"retransmits":	0,
				"omitted":	false,
				"sender":	true
			}
		}, {
			"streams":	[{
					"socket":	6,
					"start":	44.000142,
					"end":	45.000132,
					"seconds":	0.99998998641967773,
					"bytes":	15728640,
					"bits_per_second":	125830380.01261723,
					"retransmits":	0,
					"snd_cwnd":	6610120,
					"snd_wnd":	3143552,
					"rtt":	200716,
					"rttvar":	608,
					"pmtu":	1500,
					"omitted":	false,
					"sender":	true
				}],
			"sum":	{
				"start":	44.000142,
				"end":	45.000132,
				"seconds":	0.99998998641967773,
				"bytes":	15728640,
				"bits_per_second":	125830380.01261723,
				"retransmits":	0,
				"omitted":	false,
				"sender":	true
			}
		}, {
			"streams":	[{
					"socket":	6,
					"start":	45.000132,
					"end":	46.00013,
					"seconds":	0.99999797344207764,
					"bytes":	15728640,
					"bits_per_second":	125829375.00051677,
					"retransmits":	0,
					"snd_cwnd":	6610120,
					"snd_wnd":	3143552,
					"rtt":	200169,
					"rttvar":	97,
					"pmtu":	1500,
					"omitted":	false,
					"sender":	true
				}],
			"sum":	{
				"start":	45.000132,
				"end":	46.00013,
				"seconds":	0.99999797344207764,
				"bytes":	15728640,
				"bits_per_second":	125829375.00051677,
				"retransmits":	0,
				"omitted":	false,
				"sender":	true
			}
		}, {
			"streams":	[{
					"socket":	6,
					"start":	46.00013,
					"end":	47.000172,
					"seconds":	1.0000419616699219,
					"bytes":	14417920,
					"bits_per_second":	115338520.20308596,
					"retransmits":	0,
					"snd_cwnd":	6610120,
					"snd_wnd":	3143552,
					"rtt":	200150,
					"rttvar":	87,
					"pmtu":	1500,
					"omitted":	false,
					"sender":	true
				}],
			"sum":	{
				"start":	46.00013,
				"end":	47.000172,
				"seconds":	1.0000419616699219,
				"bytes":	14417920,
				"bits_per_second":	115338520.20308596,
				"retransmits":	0,
				"omitted":	false,
				"sender":	true
			}
		}, {
			"streams":	[{
					"socket":	6,
					"start":	47.000172,
					"end":	48.000155,
					"seconds":	0.999983012676239,
					"bytes":	15728640,
					"bits_per_second":	125831257.536311,
					"retransmits":	0,
					"snd_cwnd":	6610120,
					"snd_wnd":	3141248,
					"rtt":	200567,
					"rttvar":	472,
					"pmtu":	1500,
					"omitted":	false,
					"sender":	true
				}],
			"sum":	{
				"start":	47.000172,
				"end":	48.000155,
				"seconds":	0.999983012676239,
				"bytes":	15728640,
				"bits_per_second":	125831257.536311,
				"retransmits":	0,
				"omitted":	false,
				"sender":	true
			}
		}, {
			"streams":	[{
					"socket":	6,
					"start":	48.000155,
					"end":	49.000128,
					"seconds":	0.99997299909591675,
					"bytes":	15728640,
					"bits_per_second":	125832517.59173805,
					"retransmits":	0,
					"snd_cwnd":	6610120,
					"snd_wnd":	3139200,
					"rtt":	200238,
					"rttvar":	253,
					"pmtu":	1500,
					"omitted":	false,
					"sender":	true
				}],
			"sum":	{
				"start":	48.000155,
				"end":	49.000128,
				"seconds":	0.99997299909591675,
				"bytes":	15728640,
				"bits_per_second":	125832517.59173805,
				"retransmits":	0,
				"omitted":	false,
				"sender":	true
			}
		}, {
			"streams":	[{
					"socket":	6,
					"start":	49.000128,
					"end":	50.000129,
					"seconds":	1.0000009536743164,
					"bytes":	14417920,
					"bits_per_second":	115343250.0001049,
					"retransmits":	0,
					"snd_cwnd":	6610120,
					"snd_wnd":	3143552,
					"rtt":	200140,
					"rttvar":	87,
					"pmtu":	1500,
					"omitted":	false,
					"sender":	true
				}],
			"sum":	{
				"start":	49.000128,
				"end":	50.000129,
				"seconds":	1.0000009536743164,
				"bytes":	14417920,
				"bits_per_second":	115343250.0001049,
				"retransmits":	0,
				"omitted":	false,
				"sender":	true
			}
		}, {
			"streams":	[{
					"socket":	6,
					"start":	50.000129,
					"end":	51.000136,
					"seconds":	1.0000070333480835,
					"bytes":	15728640,
					"bits_per_second":	125828235.00622447,
					"retransmits":	0,
					"snd_cwnd":	6610120,
					"snd_wnd":	3143552,
					"rtt":	201776,
					"rttvar":	989,
					"pmtu":	1500,
					"omitted":	false,
					"sender":	true
				}],
			"sum":	{
				"start":	50.000129,
				"end":	51.000136,
				"seconds":	1.0000070333480835,
				"bytes":	15728640,
				"bits_per_second":	125828235.00622447,
				"retransmits":	0,
				"omitted":	false,
				"sender":	true
			}
		}, {
			"streams":	[{
					"socket":	6,
					"start":	51.000136,
					"end":	52.000118,
					"seconds":	0.99998199939727783,
					"bytes":	15728640,
					"bits_per_second":	125831385.0407721,
					"retransmits":	0,
					"snd_cwnd":	6610120,
					"snd_wnd":	3143552,
					"rtt":	200225,
					"rttvar":	206,
					"pmtu":	1500,
					"omitted":	false,
					"sender":	true
				}],
			"sum":	{
				"start":	51.000136,
				"end":	52.000118,
				"seconds":	0.99998199939727783,
				"bytes":	15728640,
				"bits_per_second":	125831385.0407721,
				"retransmits":	0,
				"omitted":	false,
				"sender":	true
			}
		}, {
			"streams":	[{
					"socket":	6,
					"start":	52.000118,
					"end":	53.000132,
					"seconds":	1.0000139474868774,
					"bytes":	14417920,
					"bits_per_second":	115341751.27243771,
					"retransmits":	0,
					"snd_cwnd":	6610120,
					"snd_wnd":	3141248,
					"rtt":	202363,
					"rttvar":	1283,
					"pmtu":	1500,
					"omitted":	false,
					"sender":	true
				}],
			"sum":	{
				"start":	52.000118,
				"end":	53.000132,
				"seconds":	1.0000139474868774,
				"bytes":	14417920,
				"bits_per_second":	115341751.27243771,
				"retransmits":	0,
				"omitted":	false,
				"sender":	true
			}
		}, {
			"streams":	[{
					"socket":	6,
					"start":	53.000132,
					"end":	54.000118,
					"seconds":	0.99998599290847778,
					"bytes":	15728640,
					"bits_per_second":	125830882.52468784,
					"retransmits":	0,
					"snd_cwnd":	6610120,
					"snd_wnd":	3143552,
					"rtt":	200214,
					"rttvar":	214,
					"pmtu":	1500,
					"omitted":	false,
					"sender":	true
				}],
			"sum":	{
				"start":	53.000132,
				"end":	54.000118,
				"seconds":	0.99998599290847778,
				"bytes":	15728640,
				"bits_per_second":	125830882.52468784,
				"retransmits":	0,
				"omitted":	false,
				"sender":	true
			}
		}, {
			"streams":	[{
					"socket":	6,
					"start":	54.000118,
					"end":	55.000135,
					"seconds":	1.0000170469284058,
					"bytes":	15728640,
					"bits_per_second":	125826975.03656504,
					"retransmits":	0,
					"snd_cwnd":	6610120,
					"snd_wnd":	3143552,
					"rtt":	200097,
					"rttvar":	22,
					"pmtu":	1500,
					"omitted":	false,
					"sender":	true
				}],
			"sum":	{
				"start":	54.000118,
				"end":	55.000135,
				"seconds":	1.0000170469284058,
				"bytes":	15728640,
				"bits_per_second":	125826975.03656504,
				"retransmits":	0,
				"omitted":	false,
				"sender":	true
			}
		}, {
			"streams":	[{
					"socket":	6,
					"start":	55.000135,
					"end":	56.000137,
					"seconds":	1.0000020265579224,
					"bytes":	14417920,
					"bits_per_second":	115343126.25047371,
					"retransmits":	0,
					"snd_cwnd":	6610120,
					"snd_wnd":	3143552,
					"rtt":	200207,
					"rttvar":	219,
					"pmtu":	1500,
					"omitted":	false,
					"sender":	true
				}],
			"sum":	{
				"start":	55.000135,
				"end":	56.000137,
				"seconds":	1.0000020265579224,
				"bytes":	14417920,
				"bits_per_second":	115343126.25047371,
				"retransmits":	0,
				"omitted":	false,
				"sender":	true
			}
		}, {
			"streams":	[{
					"socket":	6,
					"start":	56.000137,
					"end":	57.000135,
					"seconds":	0.99999797344207764,
					"bytes":	15728640,
					"bits_per_second":	125829375.00051677,
					"retransmits":	0,
					"snd_cwnd":	6610120,
					"snd_wnd":	3133184,
					"rtt":	200266,
					"rttvar":	367,
					"pmtu":	1500,
					"omitted":	false,
					"sender":	true
				}],
			"sum":	{
				"start":	56.000137,
				"end":	57.000135,
				"seconds":	0.99999797344207764,
				"bytes":	15728640,
				"bits_per_second":	125829375.00051677,
				"retransmits":	0,
				"omitted":	false,
				"sender":	true
			}
		}, {
			"streams":	[{
					"socket":	6,
					"start":	57.000135,
					"end":	58.000128,
					"seconds":	0.99999302625656128,
					"bytes":	15728640,
					"bits_per_second":	125829997.5061195,
					"retransmits":	0,
					"snd_cwnd":	6610120,
					"snd_wnd":	3128704,
					"rtt":	200094,
					"rttvar":	14,
					"pmtu":	1500,
					"omitted":	false,
					"sender":	true
				}],
			"sum":	{
				"start":	57.000135,
				"end":	58.000128,
				"seconds":	0.99999302625656128,
				"bytes":	15728640,
				"bits_per_second":	125829997.5061195,
				"retransmits":	0,
				"omitted":	false,
				"sender":	true
			}
		}, {
			"streams":	[{
					"socket":	6,
					"start":	58.000128,
					"end":	59.000132,
					"seconds":	1.0000040531158447,
					"bytes":	14417920,
					"bits_per_second":	115342892.50189482,
					"retransmits":	0,
					"snd_cwnd":	6610120,
					"snd_wnd":	3143552,
					"rtt":	200275,
					"rttvar":	394,
					"pmtu":	1500,
					"omitted":	false,
					"sender":	true
				}],
			"sum":	{
				"start":	58.000128,
				"end":	59.000132,
				"seconds":	1.0000040531158447,
				"bytes":	14417920,
				"bits_per_second":	115342892.50189482,
				"retransmits":	0,
				"omitted":	false,
				"sender":	true
			}
		}, {
			"streams":	[{
					"socket":	6,
					"start":	59.000132,
					"end":	60.000149,
					"seconds":	1.0000170469284058,
					"bytes":	15728640,
					"bits_per_second":	125826975.03656504,
					"retransmits":	0,
					"snd_cwnd":	6610120,
					"snd_wnd":	3112576,
					"rtt":	200286,
					"rttvar":	357,
					"pmtu":	1500,
					"omitted":	false,
					"sender":	true
				}],
			"sum":	{
				"start":	59.000132,
				"end":	60.000149,
				"seconds":	1.0000170469284058,
				"bytes":	15728640,
				"bits_per_second":	125826975.03656504,
				"retransmits":	0,
				"omitted":	false,
				"sender":	true
			}
		}],
	"end":	{
		"streams":	[{
				"sender":	{
					"socket":	6,
					"start":	0,
					"end":	60.000149,
					"seconds":	60.000149,
					"bytes":	896794624,
					"bits_per_second":	119572319.59540634,
					"retransmits":	0,
					"max_snd_cwnd":	6610120,
					"max_snd_wnd":	3143552,
					"max_rtt":	211988,
					"min_rtt":	200083,
					"mean_rtt":	200724,
					"sender":	true
				},
				"receiver":	{
					"socket":	6,
					"start":	0,
					"end":	60.200367,
					"seconds":	60.000149,
					"bytes":	896490264,
					"bits_per_second":	119134192.52078646,
					"sender":	true
				}
			}],
		"sum_sent":	{
			"start":	0,
			"end":	60.000149,
			"seconds":	60.000149,
			"bytes":	896794624,
			"bits_per_second":	119572319.59540634,
			"retransmits":	0,
			"sender":	true
		},
		"sum_received":	{
			"start":	0,
			"end":	60.200367,
			"seconds":	60.200367,
			"bytes":	896490264,
			"bits_per_second":	119134192.52078646,
			"sender":	true
		},
		"cpu_utilization_percent":	{
			"host_total":	0.56616597898772525,
			"host_user":	0.057566389044222455,
			"host_system":	0.508599589943503,
			"remote_total":	0.46472294927553948,
			"remote_user":	0.034192472925089645,
			"remote_system":	0.43052881523147762
		},
		"sender_tcp_congestion":	"cubic",
		"receiver_tcp_congestion":	"cubic"
	}
}
