{
	"start":	{
		"connected":	[{
				"socket":	6,
				"local_host":	"192.168.101.210",
				"local_port":	54854,
				"remote_host":	"192.168.100.168",
				"remote_port":	5202
			}],
		"version":	"iperf 3.11",
		"system_info":	"Linux f1 6.0.10-300.fc37.x86_64 #1 SMP PREEMPT_DYNAMIC Sat Nov 26 16:55:13 UTC 2022 x86_64",
		"timestamp":	{
			"time":	"Sat, 10 Dec 2022 20:10:07 GMT",
			"timesecs":	1670703007
		},
		"connecting_to":	{
			"host":	"192.168.100.168",
			"port":	5202
		},
		"cookie":	"qif4vdytzsqdpau4npo3snd7jblp4skwzbsu",
		"tcp_mss_default":	1448,
		"target_bitrate":	0,
		"sock_bufsize":	0,
		"sndbuf_actual":	16384,
		"rcvbuf_actual":	131072,
		"test_start":	{
			"protocol":	"TCP",
			"num_streams":	1,
			"blksize":	131072,
			"omit":	0,
			"duration":	60,
			"bytes":	0,
			"blocks":	0,
			"reverse":	0,
			"tos":	0,
			"target_bitrate":	0
		}
	},
	"intervals":	[{
			"streams":	[{
					"socket":	6,
					"start":	0,
					"end":	1.000146,
					"seconds":	1.0001460313797,
					"bytes":	789160,
					"bits_per_second":	6312358.1976232426,
					"retransmits":	0,
					"snd_cwnd":	26064,
					"snd_wnd":	225664,
					"rtt":	77570,
					"rttvar":	626,
					"pmtu":	1500,
					"omitted":	false,
					"sender":	true
				}],
			"sum":	{
				"start":	0,
				"end":	1.000146,
				"seconds":	1.0001460313797,
				"bytes":	789160,
				"bits_per_second":	6312358.1976232426,
				"retransmits":	0,
				"omitted":	false,
				"sender":	true
			}
		}, {
			"streams":	[{
					"socket":	6,
					"start":	1.000146,
					"end":	2.000392,
					"seconds":	1.0002460479736328,
					"bytes":	260640,
					"bits_per_second":	2084607.0866505092,
					"retransmits":	0,
					"snd_cwnd":	23168,
					"snd_wnd":	225664,
					"rtt":	74374,
					"rttvar":	1215,
					"pmtu":	1500,
					"omitted":	false,
					"sender":	true
				}],
			"sum":	{
				"start":	1.000146,
				"end":	2.000392,
				"seconds":	1.0002460479736328,
				"bytes":	260640,
				"bits_per_second":	2084607.0866505092,
				"retransmits":	0,
				"omitted":	false,
				"sender":	true
			}
		}, {
			"streams":	[{
					"socket":	6,
					"start":	2.000392,
					"end":	3.000459,
					"seconds":	1.0000669956207275,
					"bytes":	260640,
					"bits_per_second":	2084980.3154495617,
					"retransmits":	0,
					"snd_cwnd":	20272,
					"snd_wnd":	225664,
					"rtt":	81965,
					"rttvar":	2798,
					"pmtu":	1500,
					"omitted":	false,
					"sender":	true
				}],
			"sum":	{
				"start":	2.000392,
				"end":	3.000459,
				"seconds":	1.0000669956207275,
				"bytes":	260640,
				"bits_per_second":	2084980.3154495617,
				"retransmits":	0,
				"omitted":	false,
				"sender":	true
			}
		}, {
			"streams":	[{
					"socket":	6,
					"start":	3.000459,
					"end":	4.000195,
					"seconds":	0.99973601102828979,
					"bytes":	260640,
					"bits_per_second":	2085670.5940354457,
					"retransmits":	0,
					"snd_cwnd":	17376,
					"snd_wnd":	225664,
					"rtt":	68774,
					"rttvar":	1496,
					"pmtu":	1500,
					"omitted":	false,
					"sender":	true
				}],
			"sum":	{
				"start":	3.000459,
				"end":	4.000195,
				"seconds":	0.99973601102828979,
				"bytes":	260640,
				"bits_per_second":	2085670.5940354457,
				"retransmits":	0,
				"omitted":	false,
				"sender":	true
			}
		}, {
			"streams":	[{
					"socket":	6,
					"start":	4.000195,
					"end":	5.000336,
					"seconds":	1.0001410245895386,
					"bytes":	260640,
					"bits_per_second":	2084825.9882707447,
					"retransmits":	0,
					"snd_cwnd":	20272,
					"snd_wnd":	225664,
					"rtt":	80489,
					"rttvar":	1312,
					"pmtu":	1500,
					"omitted":	false,
					"sender":	true
				}],
			"sum":	{
				"start":	4.000195,
				"end":	5.000336,
				"seconds":	1.0001410245895386,
				"bytes":	260640,
				"bits_per_second":	2084825.9882707447,
				"retransmits":	0,
				"omitted":	false,
				"sender":	true
			}
		}, {
			"streams":	[{
					"socket":	6,
					"start":	5.000336,
					"end":	6.000252,
					"seconds":	0.99991601705551147,
					"bytes":	260640,
					"bits_per_second":	2085295.12922508,
					"retransmits":	0,
					"snd_cwnd":	20272,
					"snd_wnd":	225664,
					"rtt":	63544,
					"rttvar":	1884,
					"pmtu":	1500,
					"omitted":	false,
					"sender":	true
				}],
			"sum":	{
				"start":	5.000336,
				"end":	6.000252,
				"seconds":	0.99991601705551147,
				"bytes":	260640,
				"bits_per_second":	2085295.12922508,
				"retransmits":	0,
				"omitted":	false,
				"sender":	true
			}
		}, {
			"streams":	[{
					"socket":	6,
					"start":	6.000252,
					"end":	7.000249,
					"seconds":	0.99999701976776123,
					"bytes":	260640,
					"bits_per_second":	2085126.2141603653,
					"retransmits":	0,
					"snd_cwnd":	20272,
					"snd_wnd":	225664,
					"rtt":	76755,
					"rttvar":	3619,
					"pmtu":	1500,
					"omitted":	false,
					"sender":	true
				}],
			"sum":	{
				"start":	6.000252,
				"end":	7.000249,
				"seconds":	0.99999701976776123,
				"bytes":	260640,
				"bits_per_second":	2085126.2141603653,
				"retransmits":	0,
				"omitted":	false,
				"sender":	true
			}
		}, {
			"streams":	[{
					"socket":	6,
					"start":	7.000249,
					"end":	8.000136,
					"seconds":	0.999886989593506,
					"bytes":	260640,
					"bits_per_second":	2085355.6668916,
					"retransmits":	0,
					"snd_cwnd":	23168,
					"snd_wnd":	225664,
					"rtt":	83469,
					"rttvar":	601,
					"pmtu":	1500,
					"omitted":	false,
					"sender":	true
				}],
			"sum":	{
				"start":	7.000249,
				"end":	8.000136,
				"seconds":	0.999886989593506,
				"bytes":	260640,
				"bits_per_second":	2085355.6668916,
				"retransmits":	0,
				"omitted":	false,
				"sender":	true
			}
		}, {
			"streams":	[{
					"socket":	6,
					"start":	8.000136,
					"end":	9.000185,
					"seconds":	1.0000489950180054,
					"bytes":	260640,
					"bits_per_second":	2085017.8445131665,
					"retransmits":	0,
					"snd_cwnd":	20272,
					"snd_wnd":	225664,
					"rtt":	76284,
					"rttvar":	2362,
					"pmtu":	1500,
					"omitted":	false,
					"sender":	true
				}],
			"sum":	{
				"start":	8.000136,
				"end":	9.000185,
				"seconds":	1.0000489950180054,
				"bytes":	260640,
				"bits_per_second":	2085017.8445131665,
				"retransmits":	0,
				"omitted":	false,
				"sender":	true
			}
		}, {
			"streams":	[{
					"socket":	6,
					"start":	9.000185,
					"end":	10.000118,
					"seconds":	0.99993300437927246,
					"bytes":	260640,
					"bits_per_second":	2085259.7032681985,
					"retransmits":	0,
					"snd_cwnd":	20272,
					"snd_wnd":	225664,
					"rtt":	82524,
					"rttvar":	1556,
					"pmtu":	1500,
					"omitted":	false,
					"sender":	true
				}],
			"sum":	{
				"start":	9.000185,
				"end":	10.000118,
				"seconds":	0.99993300437927246,
				"bytes":	260640,
				"bits_per_second":	2085259.7032681985,
				"retransmits":	0,
				"omitted":	false,
				"sender":	true
			}
		}, {
			"streams":	[{
					"socket":	6,
					"start":	10.000118,
					"end":	11.000143,
					"seconds":	1.0000250339508057,
					"bytes":	456120,
					"bits_per_second":	3648868.6544016092,
					"retransmits":	4,
					"snd_cwnd":	66608,
					"snd_wnd":	226816,
					"rtt":	75105,
					"rttvar":	4204,
					"pmtu":	1500,
					"omitted":	false,
					"sender":	true
				}],
			"sum":	{
				"start":	10.000118,
				"end":	11.000143,
				"seconds":	1.0000250339508057,
				"bytes":	456120,
				"bits_per_second":	3648868.6544016092,
				"retransmits":	4,
				"omitted":	false,
				"sender":	true
			}
		}, {
			"streams":	[{
					"socket":	6,
					"start":	11.000143,
					"end":	12.000369,
					"seconds":	1.0002260208129883,
					"bytes":	586440,
					"bits_per_second":	4690459.8584495047,
					"retransmits":	0,
					"snd_cwnd":	89776,
					"snd_wnd":	226816,
					"rtt":	83824,
					"rttvar":	1148,
					"pmtu":	1500,
					"omitted":	false,
					"sender":	true
				}],
			"sum":	{
				"start":	11.000143,
				"end":	12.000369,
				"seconds":	1.0002260208129883,
				"bytes":	586440,
				"bits_per_second":	4690459.8584495047,
				"retransmits":	0,
				"omitted":	false,
				"sender":	true
			}
		}, {
			"streams":	[{
					"socket":	6,
					"start":	12.000369,
					"end":	13.0002,
					"seconds":	0.99983102083206177,
					"bytes":	651600,
					"bits_per_second":	5213681.003477863,
					"retransmits":	26,
					"snd_cwnd":	95568,
					"snd_wnd":	455168,
					"rtt":	70815,
					"rttvar":	1439,
					"pmtu":	1500,
					"omitted":	false,
					"sender":	true
				}],
			"sum":	{
				"start":	12.000369,
				"end":	13.0002,
				"seconds":	0.99983102083206177,
				"bytes":	651600,
				"bits_per_second":	5213681.003477863,
				"retransmits":	26,
				"omitted":	false,
				"sender":	true
			}
		}, {
			"streams":	[{
					"socket":	6,
					"start":	13.0002,
					"end":	14.000404,
					"seconds":	1.0002039670944214,
					"bytes":	716760,
					"bits_per_second":	5732910.67486707,
					"retransmits":	2,
					"snd_cwnd":	112944,
					"snd_wnd":	455168,
					"rtt":	81381,
					"rttvar":	1338,
					"pmtu":	1500,
					"omitted":	false,
					"sender":	true
				}],
			"sum":	{
				"start":	13.0002,
				"end":	14.000404,
				"seconds":	1.0002039670944214,
				"bytes":	716760,
				"bits_per_second":	5732910.67486707,
				"retransmits":	2,
				"omitted":	false,
				"sender":	true
			}
		}, {
			"streams":	[{
					"socket":	6,
					"start":	14.000404,
					"end":	15.000337,
					"seconds":	0.99993300437927246,
					"bytes":	781920,
					"bits_per_second":	6255779.1098045958,
					"retransmits":	30,
					"snd_cwnd":	115840,
					"snd_wnd":	455168,
					"rtt":	75832,
					"rttvar":	1133,
					"pmtu":	1500,
					"omitted":	false,
					"sender":	true
				}],
			"sum":	{
				"start":	14.000404,
				"end":	15.000337,
				"seconds":	0.99993300437927246,
				"bytes":	781920,
				"bits_per_second":	6255779.1098045958,
				"retransmits":	30,
				"omitted":	false,
				"sender":	true
			}
		}, {
			"streams":	[{
					"socket":	6,
					"start":	15.000337,
					"end":	16.000483,
					"seconds":	1.0001460313797,
					"bytes":	847080,
					"bits_per_second":	6775650.54240293,
					"retransmits":	8,
					"snd_cwnd":	97016,
					"snd_wnd":	381952,
					"rtt":	84487,
					"rttvar":	379,
					"pmtu":	1500,
					"omitted":	false,
					"sender":	true
				}],
			"sum":	{
				"start":	15.000337,
				"end":	16.000483,
				"seconds":	1.0001460313797,
				"bytes":	847080,
				"bits_per_second":	6775650.54240293,
				"retransmits":	8,
				"omitted":	false,
				"sender":	true
			}
		}, {
			"streams":	[{
					"socket":	6,
					"start":	16.000483,
					"end":	17.000334,
					"seconds":	0.99985098838806152,
					"bytes":	977400,
					"bits_per_second":	7820365.3252430623,
					"retransmits":	24,
					"snd_cwnd":	124528,
					"snd_wnd":	529664,
					"rtt":	79187,
					"rttvar":	1669,
					"pmtu":	1500,
					"omitted":	false,
					"sender":	true
				}],
			"sum":	{
				"start":	16.000483,
				"end":	17.000334,
				"seconds":	0.99985098838806152,
				"bytes":	977400,
				"bits_per_second":	7820365.3252430623,
				"retransmits":	24,
				"omitted":	false,
				"sender":	true
			}
		}, {
			"streams":	[{
					"socket":	6,
					"start":	17.000334,
					"end":	18.000274,
					"seconds":	0.99993997812271118,
					"bytes":	912240,
					"bits_per_second":	7298358.0611519562,
					"retransmits":	15,
					"snd_cwnd":	124528,
					"snd_wnd":	531200,
					"rtt":	73225,
					"rttvar":	3078,
					"pmtu":	1500,
					"omitted":	false,
					"sender":	true
				}],
			"sum":	{
				"start":	17.000334,
				"end":	18.000274,
				"seconds":	0.99993997812271118,
				"bytes":	912240,
				"bits_per_second":	7298358.0611519562,
				"retransmits":	15,
				"omitted":	false,
				"sender":	true
			}
		}, {
			"streams":	[{
					"socket":	6,
					"start":	18.000274,
					"end":	19.000137,
					"seconds":	0.999863028526306,
					"bytes":	912240,
					"bits_per_second":	7298919.74379368,
					"retransmits":	12,
					"snd_cwnd":	130320,
					"snd_wnd":	531200,
					"rtt":	79367,
					"rttvar":	1079,
					"pmtu":	1500,
					"omitted":	false,
					"sender":	true
				}],
			"sum":	{
				"start":	18.000274,
				"end":	19.000137,
				"seconds":	0.999863028526306,
				"bytes":	912240,
				"bits_per_second":	7298919.74379368,
				"retransmits":	12,
				"omitted":	false,
				"sender":	true
			}
		}, {
			"streams":	[{
					"socket":	6,
					"start":	19.000137,
					"end":	20.000235,
					"seconds":	1.0000979900360107,
					"bytes":	912240,
					"bits_per_second":	7297204.9466245025,
					"retransmits":	12,
					"snd_cwnd":	128872,
					"snd_wnd":	477824,
					"rtt":	80335,
					"rttvar":	1039,
					"pmtu":	1500,
					"omitted":	false,
					"sender":	true
				}],
			"sum":	{
				"start":	19.000137,
				"end":	20.000235,
				"seconds":	1.0000979900360107,
				"bytes":	912240,
				"bits_per_second":	7297204.9466245025,
				"retransmits":	12,
				"omitted":	false,
				"sender":	true
			}
		}, {
			"streams":	[{
					"socket":	6,
					"start":	20.000235,
					"end":	21.000346,
					"seconds":	1.0001109838485718,
					"bytes":	912240,
					"bits_per_second":	7297110.138633362,
					"retransmits":	6,
					"snd_cwnd":	40544,
					"snd_wnd":	531200,
					"rtt":	19024,
					"rttvar":	3610,
					"pmtu":	1500,
					"omitted":	false,
					"sender":	true
				}],
			"sum":	{
				"start":	20.000235,
				"end":	21.000346,
				"seconds":	1.0001109838485718,
				"bytes":	912240,
				"bits_per_second":	7297110.138633362,
				"retransmits":	6,
				"omitted":	false,
				"sender":	true
			}
		}, {
			"streams":	[{
					"socket":	6,
					"start":	21.000346,
					"end":	22.000674,
					"seconds":	1.0003279447555542,
					"bytes":	456120,
					"bits_per_second":	3647763.7350136014,
					"retransmits":	0,
					"snd_cwnd":	34752,
					"snd_wnd":	531200,
					"rtt":	55104,
					"rttvar":	1323,
					"pmtu":	1500,
					"omitted":	false,
					"sender":	true
				}],
			"sum":	{
				"start":	21.000346,
				"end":	22.000674,
				"seconds":	1.0003279447555542,
				"bytes":	456120,
				"bits_per_second":	3647763.7350136014,
				"retransmits":	0,
				"omitted":	false,
				"sender":	true
			}
		}, {
			"streams":	[{
					"socket":	6,
					"start":	22.000674,
					"end":	23.000169,
					"seconds":	0.999495029449463,
					"bytes":	912240,
					"bits_per_second":	7301607.0965553531,
					"retransmits":	0,
					"snd_cwnd":	31856,
					"snd_wnd":	531200,
					"rtt":	63936,
					"rttvar":	662,
					"pmtu":	1500,
					"omitted":	false,
					"sender":	true
				}],
			"sum":	{
				"start":	22.000674,
				"end":	23.000169,
				"seconds":	0.999495029449463,
				"bytes":	912240,
				"bits_per_second":	7301607.0965553531,
				"retransmits":	0,
				"omitted":	false,
				"sender":	true
			}
		}, {
			"streams":	[{
					"socket":	6,
					"start":	23.000169,
					"end":	24.000193,
					"seconds":	1.0000239610672,
					"bytes":	456120,
					"bits_per_second":	3648872.569119168,
					"retransmits":	0,
					"snd_cwnd":	28960,
					"snd_wnd":	531200,
					"rtt":	69300,
					"rttvar":	963,
					"pmtu":	1500,
					"omitted":	false,
					"sender":	true
				}],
			"sum":	{
				"start":	23.000169,
				"end":	24.000193,
				"seconds":	1.0000239610672,
				"bytes":	456120,
				"bits_per_second":	3648872.569119168,
				"retransmits":	0,
				"omitted":	false,
				"sender":	true
			}
		}, {
			"streams":	[{
					"socket":	6,
					"start":	24.000193,
					"end":	25.001021,
					"seconds":	1.00082802772522,
					"bytes":	0,
					"bits_per_second":	0,
					"retransmits":	0,
					"snd_cwnd":	26064,
					"snd_wnd":	531200,
					"rtt":	76040,
					"rttvar":	1403,
					"pmtu":	1500,
					"omitted":	false,
					"sender":	true
				}],
			"sum":	{
				"start":	24.000193,
				"end":	25.001021,
				"seconds":	1.00082802772522,
				"bytes":	0,
				"bits_per_second":	0,
				"retransmits":	0,
				"omitted":	false,
				"sender":	true
			}
		}, {
			"streams":	[{
					"socket":	6,
					"start":	25.001021,
					"end":	26.000976,
					"seconds":	0.99995499849319458,
					"bytes":	456120,
					"bits_per_second":	3649124.2160882442,
					"retransmits":	0,
					"snd_cwnd":	26064,
					"snd_wnd":	531200,
					"rtt":	83350,
					"rttvar":	1253,
					"pmtu":	1500,
					"omitted":	false,
					"sender":	true
				}],
			"sum":	{
				"start":	25.001021,
				"end":	26.000976,
				"seconds":	0.99995499849319458,
				"bytes":	456120,
				"bits_per_second":	3649124.2160882442,
				"retransmits":	0,
				"omitted":	false,
				"sender":	true
			}
		}, {
			"streams":	[{
					"socket":	6,
					"start":	26.000976,
					"end":	27.000553,
					"seconds":	0.999576985836029,
					"bytes":	456120,
					"bits_per_second":	3650504.2149885758,
					"retransmits":	0,
					"snd_cwnd":	23168,
					"snd_wnd":	531200,
					"rtt":	73315,
					"rttvar":	1521,
					"pmtu":	1500,
					"omitted":	false,
					"sender":	true
				}],
			"sum":	{
				"start":	26.000976,
				"end":	27.000553,
				"seconds":	0.999576985836029,
				"bytes":	456120,
				"bits_per_second":	3650504.2149885758,
				"retransmits":	0,
				"omitted":	false,
				"sender":	true
			}
		}, {
			"streams":	[{
					"socket":	6,
					"start":	27.000553,
					"end":	28.000093,
					"seconds":	0.99953997135162354,
					"bytes":	456120,
					"bits_per_second":	3650639.3987082979,
					"retransmits":	0,
					"snd_cwnd":	26064,
					"snd_wnd":	531200,
					"rtt":	83057,
					"rttvar":	947,
					"pmtu":	1500,
					"omitted":	false,
					"sender":	true
				}],
			"sum":	{
				"start":	27.000553,
				"end":	28.000093,
				"seconds":	0.99953997135162354,
				"bytes":	456120,
				"bits_per_second":	3650639.3987082979,
				"retransmits":	0,
				"omitted":	false,
				"sender":	true
			}
		}, {
			"streams":	[{
					"socket":	6,
					"start":	28.000093,
					"end":	29.001031,
					"seconds":	1.0009380578994751,
					"bytes":	0,
					"bits_per_second":	0,
					"retransmits":	0,
					"snd_cwnd":	31856,
					"snd_wnd":	531200,
					"rtt":	67559,
					"rttvar":	1029,
					"pmtu":	1500,
					"omitted":	false,
					"sender":	true
				}],
			"sum":	{
				"start":	28.000093,
				"end":	29.001031,
				"seconds":	1.0009380578994751,
				"bytes":	0,
				"bits_per_second":	0,
				"retransmits":	0,
				"omitted":	false,
				"sender":	true
			}
		}, {
			"streams":	[{
					"socket":	6,
					"start":	29.001031,
					"end":	30.000642,
					"seconds":	0.9996110200881958,
					"bytes":	456120,
					"bits_per_second":	3650379.9244610686,
					"retransmits":	0,
					"snd_cwnd":	28960,
					"snd_wnd":	531200,
					"rtt":	80090,
					"rttvar":	1303,
					"pmtu":	1500,
					"omitted":	false,
					"sender":	true
				}],
			"sum":	{
				"start":	29.001031,
				"end":	30.000642,
				"seconds":	0.9996110200881958,
				"bytes":	456120,
				"bits_per_second":	3650379.9244610686,
				"retransmits":	0,
				"omitted":	false,
				"sender":	true
			}
		}, {
			"streams":	[{
					"socket":	6,
					"start":	30.000642,
					"end":	31.000127,
					"seconds":	0.99948501586914062,
					"bytes":	456120,
					"bits_per_second":	3650840.12472854,
					"retransmits":	2,
					"snd_cwnd":	21720,
					"snd_wnd":	531200,
					"rtt":	82690,
					"rttvar":	353,
					"pmtu":	1500,
					"omitted":	false,
					"sender":	true
				}],
			"sum":	{
				"start":	30.000642,
				"end":	31.000127,
				"seconds":	0.99948501586914062,
				"bytes":	456120,
				"bits_per_second":	3650840.12472854,
				"retransmits":	2,
				"omitted":	false,
				"sender":	true
			}
		}, {
			"streams":	[{
					"socket":	6,
					"start":	31.000127,
					"end":	32.001032,
					"seconds":	1.0009050369262695,
					"bytes":	0,
					"bits_per_second":	0,
					"retransmits":	2,
					"snd_cwnd":	75296,
					"snd_wnd":	531200,
					"rtt":	79109,
					"rttvar":	3944,
					"pmtu":	1500,
					"omitted":	false,
					"sender":	true
				}],
			"sum":	{
				"start":	31.000127,
				"end":	32.001032,
				"seconds":	1.0009050369262695,
				"bytes":	0,
				"bits_per_second":	0,
				"retransmits":	2,
				"omitted":	false,
				"sender":	true
			}
		}, {
			"streams":	[{
					"socket":	6,
					"start":	32.001032,
					"end":	33.00034,
					"seconds":	0.99930799007415771,
					"bytes":	456120,
					"bits_per_second":	3651486.86515477,
					"retransmits":	4,
					"snd_cwnd":	98464,
					"snd_wnd":	531200,
					"rtt":	63615,
					"rttvar":	1599,
					"pmtu":	1500,
					"omitted":	false,
					"sender":	true
				}],
			"sum":	{
				"start":	32.001032,
				"end":	33.00034,
				"seconds":	0.99930799007415771,
				"bytes":	456120,
				"bits_per_second":	3651486.86515477,
				"retransmits":	4,
				"omitted":	false,
				"sender":	true
			}
		}, {
			"streams":	[{
					"socket":	6,
					"start":	33.00034,
					"end":	34.000176,
					"seconds":	0.999836027622223,
					"bytes":	912240,
					"bits_per_second":	7299116.85354615,
					"retransmits":	16,
					"snd_cwnd":	110048,
					"snd_wnd":	531200,
					"rtt":	69915,
					"rttvar":	998,
					"pmtu":	1500,
					"omitted":	false,
					"sender":	true
				}],
			"sum":	{
				"start":	33.00034,
				"end":	34.000176,
				"seconds":	0.999836027622223,
				"bytes":	912240,
				"bits_per_second":	7299116.85354615,
				"retransmits":	16,
				"omitted":	false,
				"sender":	true
			}
		}, {
			"streams":	[{
					"socket":	6,
					"start":	34.000176,
					"end":	35.000067,
					"seconds":	0.99989098310470581,
					"bytes":	912240,
					"bits_per_second":	7298715.68332343,
					"retransmits":	0,
					"snd_cwnd":	130320,
					"snd_wnd":	531200,
					"rtt":	78084,
					"rttvar":	1065,
					"pmtu":	1500,
					"omitted":	false,
					"sender":	true
				}],
			"sum":	{
				"start":	34.000176,
				"end":	35.000067,
				"seconds":	0.99989098310470581,
				"bytes":	912240,
				"bits_per_second":	7298715.68332343,
				"retransmits":	0,
				"omitted":	false,
				"sender":	true
			}
		}, {
			"streams":	[{
					"socket":	6,
					"start":	35.000067,
					"end":	36.000592,
					"seconds":	1.0005249977111816,
					"bytes":	912240,
					"bits_per_second":	7294090.61911981,
					"retransmits":	12,
					"snd_cwnd":	130320,
					"snd_wnd":	531200,
					"rtt":	69285,
					"rttvar":	620,
					"pmtu":	1500,
					"omitted":	false,
					"sender":	true
				}],
			"sum":	{
				"start":	35.000067,
				"end":	36.000592,
				"seconds":	1.0005249977111816,
				"bytes":	912240,
				"bits_per_second":	7294090.61911981,
				"retransmits":	12,
				"omitted":	false,
				"sender":	true
			}
		}, {
			"streams":	[{
					"socket":	6,
					"start":	36.000592,
					"end":	37.00007,
					"seconds":	0.999477982521057,
					"bytes":	912240,
					"bits_per_second":	7301731.6315382132,
					"retransmits":	7,
					"snd_cwnd":	133216,
					"snd_wnd":	531200,
					"rtt":	71475,
					"rttvar":	470,
					"pmtu":	1500,
					"omitted":	false,
					"sender":	true
				}],
			"sum":	{
				"start":	36.000592,
				"end":	37.00007,
				"seconds":	0.999477982521057,
				"bytes":	912240,
				"bits_per_second":	7301731.6315382132,
				"retransmits":	7,
				"omitted":	false,
				"sender":	true
			}
		}, {
			"streams":	[{
					"socket":	6,
					"start":	37.00007,
					"end":	38.000068,
					"seconds":	0.99999797344207764,
					"bytes":	912240,
					"bits_per_second":	7297934.7896875646,
					"retransmits":	14,
					"snd_cwnd":	133216,
					"snd_wnd":	531200,
					"rtt":	80273,
					"rttvar":	1617,
					"pmtu":	1500,
					"omitted":	false,
					"sender":	true
				}],
			"sum":	{
				"start":	37.00007,
				"end":	38.000068,
				"seconds":	0.99999797344207764,
				"bytes":	912240,
				"bits_per_second":	7297934.7896875646,
				"retransmits":	14,
				"omitted":	false,
				"sender":	true
			}
		}, {
			"streams":	[{
					"socket":	6,
					"start":	38.000068,
					"end":	39.00008,
					"seconds":	1.0000120401382446,
					"bytes":	912240,
					"bits_per_second":	7297832.13309223,
					"retransmits":	24,
					"snd_cwnd":	136112,
					"snd_wnd":	531200,
					"rtt":	76918,
					"rttvar":	1542,
					"pmtu":	1500,
					"omitted":	false,
					"sender":	true
				}],
			"sum":	{
				"start":	38.000068,
				"end":	39.00008,
				"seconds":	1.0000120401382446,
				"bytes":	912240,
				"bits_per_second":	7297832.13309223,
				"retransmits":	24,
				"omitted":	false,
				"sender":	true
			}
		}, {
			"streams":	[{
					"socket":	6,
					"start":	39.00008,
					"end":	40.000121,
					"seconds":	1.0000410079956055,
					"bytes":	912240,
					"bits_per_second":	7297620.7392007969,
					"retransmits":	10,
					"snd_cwnd":	144800,
					"snd_wnd":	531200,
					"rtt":	75115,
					"rttvar":	1407,
					"pmtu":	1500,
					"omitted":	false,
					"sender":	true
				}],
			"sum":	{
				"start":	39.00008,
				"end":	40.000121,
				"seconds":	1.0000410079956055,
				"bytes":	912240,
				"bits_per_second":	7297620.7392007969,
				"retransmits":	10,
				"omitted":	false,
				"sender":	true
			}
		}, {
			"streams":	[{
					"socket":	6,
					"start":	40.000121,
					"end":	41.000097,
					"seconds":	0.99997597932815552,
					"bytes":	977400,
					"bits_per_second":	7819387.8269490162,
					"retransmits":	44,
					"snd_cwnd":	139008,
					"snd_wnd":	531200,
					"rtt":	80903,
					"rttvar":	2382,
					"pmtu":	1500,
					"omitted":	false,
					"sender":	true
				}],
			"sum":	{
				"start":	40.000121,
				"end":	41.000097,
				"seconds":	0.99997597932815552,
				"bytes":	977400,
				"bits_per_second":	7819387.8269490162,
				"retransmits":	44,
				"omitted":	false,
				"sender":	true
			}
		}, {
			"streams":	[{
					"socket":	6,
					"start":	41.000097,
					"end":	42.000074,
					"seconds":	0.9999769926071167,
					"bytes":	912240,
					"bits_per_second":	7298087.9099758416,
					"retransmits":	31,
					"snd_cwnd":	136112,
					"snd_wnd":	531200,
					"rtt":	77773,
					"rttvar":	784,
					"pmtu":	1500,
					"omitted":	false,
					"sender":	true
				}],
			"sum":	{
				"start":	41.000097,
				"end":	42.000074,
				"seconds":	0.9999769926071167,
				"bytes":	912240,
				"bits_per_second":	7298087.9099758416,
				"retransmits":	31,
				"omitted":	false,
				"sender":	true
			}
		}, {
			"streams":	[{
					"socket":	6,
					"start":	42.000074,
					"end":	43.000068,
					"seconds":	0.99999397993087769,
					"bytes":	977400,
					"bits_per_second":	7819247.07240786,
					"retransmits":	20,
					"snd_cwnd":	144800,
					"snd_wnd":	531200,
					"rtt":	75327,
					"rttvar":	2249,
					"pmtu":	1500,
					"omitted":	false,
					"sender":	true
				}],
			"sum":	{
				"start":	42.000074,
				"end":	43.000068,
				"seconds":	0.99999397993087769,
				"bytes":	977400,
				"bits_per_second":	7819247.07240786,
				"retransmits":	20,
				"omitted":	false,
				"sender":	true
			}
		}, {
			"streams":	[{
					"socket":	6,
					"start":	43.000068,
					"end":	44.000271,
					"seconds":	1.000203013420105,
					"bytes":	456120,
					"bits_per_second":	3648219.3625099235,
					"retransmits":	0,
					"snd_cwnd":	55024,
					"snd_wnd":	531200,
					"rtt":	77302,
					"rttvar":	2295,
					"pmtu":	1500,
					"omitted":	false,
					"sender":	true
				}],
			"sum":	{
				"start":	43.000068,
				"end":	44.000271,
				"seconds":	1.000203013420105,
				"bytes":	456120,
				"bits_per_second":	3648219.3625099235,
				"retransmits":	0,
				"omitted":	false,
				"sender":	true
			}
		}, {
			"streams":	[{
					"socket":	6,
					"start":	44.000271,
					"end":	45.000547,
					"seconds":	1.00027596950531,
					"bytes":	456120,
					"bits_per_second":	3647953.27613899,
					"retransmits":	0,
					"snd_cwnd":	55024,
					"snd_wnd":	531200,
					"rtt":	80562,
					"rttvar":	1088,
					"pmtu":	1500,
					"omitted":	false,
					"sender":	true
				}],
			"sum":	{
				"start":	44.000271,
				"end":	45.000547,
				"seconds":	1.00027596950531,
				"bytes":	456120,
				"bits_per_second":	3647953.27613899,
				"retransmits":	0,
				"omitted":	false,
				"sender":	true
			}
		}, {
			"streams":	[{
					"socket":	6,
					"start":	45.000547,
					"end":	46.000167,
					"seconds":	0.999620020389557,
					"bytes":	912240,
					"bits_per_second":	7300694.1149057467,
					"retransmits":	0,
					"snd_cwnd":	55024,
					"snd_wnd":	531200,
					"rtt":	68152,
					"rttvar":	1730,
					"pmtu":	1500,
					"omitted":	false,
					"sender":	true
				}],
			"sum":	{
				"start":	45.000547,
				"end":	46.000167,
				"seconds":	0.999620020389557,
				"bytes":	912240,
				"bits_per_second":	7300694.1149057467,
				"retransmits":	0,
				"omitted":	false,
				"sender":	true
			}
		}, {
			"streams":	[{
					"socket":	6,
					"start":	46.000167,
					"end":	47.00045,
					"seconds":	1.0002830028533936,
					"bytes":	456120,
					"bits_per_second":	3647927.6260728482,
					"retransmits":	0,
					"snd_cwnd":	49232,
					"snd_wnd":	531200,
					"rtt":	83266,
					"rttvar":	336,
					"pmtu":	1500,
					"omitted":	false,
					"sender":	true
				}],
			"sum":	{
				"start":	46.000167,
				"end":	47.00045,
				"seconds":	1.0002830028533936,
				"bytes":	456120,
				"bits_per_second":	3647927.6260728482,
				"retransmits":	0,
				"omitted":	false,
				"sender":	true
			}
		}, {
			"streams":	[{
					"socket":	6,
					"start":	47.00045,
					"end":	48.0007,
					"seconds":	1.000249981880188,
					"bytes":	456120,
					"bits_per_second":	3648048.054088423,
					"retransmits":	0,
					"snd_cwnd":	46336,
					"snd_wnd":	531200,
					"rtt":	82857,
					"rttvar":	972,
					"pmtu":	1500,
					"omitted":	false,
					"sender":	true
				}],
			"sum":	{
				"start":	47.00045,
				"end":	48.0007,
				"seconds":	1.000249981880188,
				"bytes":	456120,
				"bits_per_second":	3648048.054088423,
				"retransmits":	0,
				"omitted":	false,
				"sender":	true
			}
		}, {
			"streams":	[{
					"socket":	6,
					"start":	48.0007,
					"end":	49.000071,
					"seconds":	0.9993709921836853,
					"bytes":	912240,
					"bits_per_second":	7302513.3379683243,
					"retransmits":	4,
					"snd_cwnd":	49232,
					"snd_wnd":	531200,
					"rtt":	77673,
					"rttvar":	665,
					"pmtu":	1500,
					"omitted":	false,
					"sender":	true
				}],
			"sum":	{
				"start":	48.0007,
				"end":	49.000071,
				"seconds":	0.9993709921836853,
				"bytes":	912240,
				"bits_per_second":	7302513.3379683243,
				"retransmits":	4,
				"omitted":	false,
				"sender":	true
			}
		}, {
			"streams":	[{
					"socket":	6,
					"start":	49.000071,
					"end":	50.000127,
					"seconds":	1.0000560283660889,
					"bytes":	521280,
					"bits_per_second":	4170006.3613569932,
					"retransmits":	6,
					"snd_cwnd":	46336,
					"snd_wnd":	531200,
					"rtt":	83043,
					"rttvar":	741,
					"pmtu":	1500,
					"omitted":	false,
					"sender":	true
				}],
			"sum":	{
				"start":	49.000071,
				"end":	50.000127,
				"seconds":	1.0000560283660889,
				"bytes":	521280,
				"bits_per_second":	4170006.3613569932,
				"retransmits":	6,
				"omitted":	false,
				"sender":	true
			}
		}, {
			"streams":	[{
					"socket":	6,
					"start":	50.000127,
					"end":	51.000351,
					"seconds":	1.0002239942550659,
					"bytes":	456120,
					"bits_per_second":	3648142.83696286,
					"retransmits":	0,
					"snd_cwnd":	49232,
					"snd_wnd":	531200,
					"rtt":	78536,
					"rttvar":	1620,
					"pmtu":	1500,
					"omitted":	false,
					"sender":	true
				}],
			"sum":	{
				"start":	50.000127,
				"end":	51.000351,
				"seconds":	1.0002239942550659,
				"bytes":	456120,
				"bits_per_second":	3648142.83696286,
				"retransmits":	0,
				"omitted":	false,
				"sender":	true
			}
		}, {
			"streams":	[{
					"socket":	6,
					"start":	51.000351,
					"end":	52.000587,
					"seconds":	1.0002360343933105,
					"bytes":	456120,
					"bits_per_second":	3648098.92318393,
					"retransmits":	0,
					"snd_cwnd":	55024,
					"snd_wnd":	531200,
					"rtt":	65764,
					"rttvar":	570,
					"pmtu":	1500,
					"omitted":	false,
					"sender":	true
				}],
			"sum":	{
				"start":	51.000351,
				"end":	52.000587,
				"seconds":	1.0002360343933105,
				"bytes":	456120,
				"bits_per_second":	3648098.92318393,
				"retransmits":	0,
				"omitted":	false,
				"sender":	true
			}
		}, {
			"streams":	[{
					"socket":	6,
					"start":	52.000587,
					"end":	53.000087,
					"seconds":	0.99949997663497925,
					"bytes":	912240,
					"bits_per_second":	7301570.9560793964,
					"retransmits":	0,
					"snd_cwnd":	49232,
					"snd_wnd":	531200,
					"rtt":	82504,
					"rttvar":	1799,
					"pmtu":	1500,
					"omitted":	false,
					"sender":	true
				}],
			"sum":	{
				"start":	52.000587,
				"end":	53.000087,
				"seconds":	0.99949997663497925,
				"bytes":	912240,
				"bits_per_second":	7301570.9560793964,
				"retransmits":	0,
				"omitted":	false,
				"sender":	true
			}
		}, {
			"streams":	[{
					"socket":	6,
					"start":	53.000087,
					"end":	54.000091,
					"seconds":	1.0000040531158447,
					"bytes":	456120,
					"bits_per_second":	3648945.2104023513,
					"retransmits":	4,
					"snd_cwnd":	75296,
					"snd_wnd":	531200,
					"rtt":	70387,
					"rttvar":	1269,
					"pmtu":	1500,
					"omitted":	false,
					"sender":	true
				}],
			"sum":	{
				"start":	53.000087,
				"end":	54.000091,
				"seconds":	1.0000040531158447,
				"bytes":	456120,
				"bits_per_second":	3648945.2104023513,
				"retransmits":	4,
				"omitted":	false,
				"sender":	true
			}
		}, {
			"streams":	[{
					"socket":	6,
					"start":	54.000091,
					"end":	55.000117,
					"seconds":	1.0000259876251221,
					"bytes":	456120,
					"bits_per_second":	3648865.17465972,
					"retransmits":	4,
					"snd_cwnd":	89776,
					"snd_wnd":	531200,
					"rtt":	76246,
					"rttvar":	1405,
					"pmtu":	1500,
					"omitted":	false,
					"sender":	true
				}],
			"sum":	{
				"start":	54.000091,
				"end":	55.000117,
				"seconds":	1.0000259876251221,
				"bytes":	456120,
				"bits_per_second":	3648865.17465972,
				"retransmits":	4,
				"omitted":	false,
				"sender":	true
			}
		}, {
			"streams":	[{
					"socket":	6,
					"start":	55.000117,
					"end":	56.000071,
					"seconds":	0.9999539852142334,
					"bytes":	912240,
					"bits_per_second":	7298255.82767838,
					"retransmits":	2,
					"snd_cwnd":	95568,
					"snd_wnd":	531200,
					"rtt":	71730,
					"rttvar":	1363,
					"pmtu":	1500,
					"omitted":	false,
					"sender":	true
				}],
			"sum":	{
				"start":	55.000117,
				"end":	56.000071,
				"seconds":	0.9999539852142334,
				"bytes":	912240,
				"bits_per_second":	7298255.82767838,
				"retransmits":	2,
				"omitted":	false,
				"sender":	true
			}
		}, {
			"streams":	[{
					"socket":	6,
					"start":	56.000071,
					"end":	57.000432,
					"seconds":	1.00036096572876,
					"bytes":	456120,
					"bits_per_second":	3647643.3257686584,
					"retransmits":	18,
					"snd_cwnd":	62264,
					"snd_wnd":	531200,
					"rtt":	84050,
					"rttvar":	1070,
					"pmtu":	1500,
					"omitted":	false,
					"sender":	true
				}],
			"sum":	{
				"start":	56.000071,
				"end":	57.000432,
				"seconds":	1.00036096572876,
				"bytes":	456120,
				"bits_per_second":	3647643.3257686584,
				"retransmits":	18,
				"omitted":	false,
				"sender":	true
			}
		}, {
			"streams":	[{
					"socket":	6,
					"start":	57.000432,
					"end":	58.000334,
					"seconds":	0.99990200996398926,
					"bytes":	912240,
					"bits_per_second":	7298635.1935254429,
					"retransmits":	4,
					"snd_cwnd":	104256,
					"snd_wnd":	531200,
					"rtt":	79923,
					"rttvar":	2378,
					"pmtu":	1500,
					"omitted":	false,
					"sender":	true
				}],
			"sum":	{
				"start":	57.000432,
				"end":	58.000334,
				"seconds":	0.99990200996398926,
				"bytes":	912240,
				"bits_per_second":	7298635.1935254429,
				"retransmits":	4,
				"omitted":	false,
				"sender":	true
			}
		}, {
			"streams":	[{
					"socket":	6,
					"start":	58.000334,
					"end":	59.000214,
					"seconds":	0.999880015850067,
					"bytes":	977400,
					"bits_per_second":	7820138.2926454,
					"retransmits":	19,
					"snd_cwnd":	73848,
					"snd_wnd":	531200,
					"rtt":	83162,
					"rttvar":	505,
					"pmtu":	1500,
					"omitted":	false,
					"sender":	true
				}],
			"sum":	{
				"start":	58.000334,
				"end":	59.000214,
				"seconds":	0.999880015850067,
				"bytes":	977400,
				"bits_per_second":	7820138.2926454,
				"retransmits":	19,
				"omitted":	false,
				"sender":	true
			}
		}, {
			"streams":	[{
					"socket":	6,
					"start":	59.000214,
					"end":	60.000169,
					"seconds":	0.99995499849319458,
					"bytes":	912240,
					"bits_per_second":	7298248.4321764885,
					"retransmits":	34,
					"snd_cwnd":	104256,
					"snd_wnd":	531200,
					"rtt":	73356,
					"rttvar":	1003,
					"pmtu":	1500,
					"omitted":	false,
					"sender":	true
				}],
			"sum":	{
				"start":	59.000214,
				"end":	60.000169,
				"seconds":	0.99995499849319458,
				"bytes":	912240,
				"bits_per_second":	7298248.4321764885,
				"retransmits":	34,
				"omitted":	false,
				"sender":	true
			}
		}],
	"end":	{
		"streams":	[{
				"sender":	{
					"socket":	6,
					"start":	0,
					"end":	60.000169,
					"seconds":	60.000169,
					"bytes":	36692320,
					"bits_per_second":	4892295.5533675244,
					"retransmits":	420,
					"max_snd_cwnd":	144800,
					"max_snd_wnd":	531200,
					"max_rtt":	84487,
					"min_rtt":	19024,
					"mean_rtt":	75317,
					"sender":	true
				},
				"receiver":	{
					"socket":	6,
					"start":	0,
					"end":	60.073969,
					"seconds":	60.000169,
					"bytes":	35565776,
					"bits_per_second":	4736264.5208276482,
					"sender":	true
				}
			}],
		"sum_sent":	{
			"start":	0,
			"end":	60.000169,
			"seconds":	60.000169,
			"bytes":	36692320,
			"bits_per_second":	4892295.5533675244,
			"retransmits":	420,
			"sender":	true
		},
		"sum_received":	{
			"start":	0,
			"end":	60.073969,
			"seconds":	60.073969,
			"bytes":	35565776,
			"bits_per_second":	4736264.5208276482,
			"sender":	true
		},
		"cpu_utilization_percent":	{
			"host_total":	0.023458323323004782,
			"host_user":	0.0058645808307511956,
			"host_system":	0.017593742492253588,
			"remote_total":	0.4020958088168306,
			"remote_user":	0.03153611019450997,
			"remote_system":	0.37055969862232058
		},
		"sender_tcp_congestion":	"bbr",
		"receiver_tcp_congestion":	"bbr"
	}
}
