{
	"start":	{
		"connected":	[{
				"socket":	6,
				"local_host":	"192.168.101.210",
				"local_port":	47638,
				"remote_host":	"192.168.100.168",
				"remote_port":	5201
			}],
		"version":	"iperf 3.11",
		"system_info":	"Linux f1 6.0.10-300.fc37.x86_64 #1 SMP PREEMPT_DYNAMIC Sat Nov 26 16:55:13 UTC 2022 x86_64",
		"timestamp":	{
			"time":	"Sat, 10 Dec 2022 20:24:44 GMT",
			"timesecs":	1670703884
		},
		"connecting_to":	{
			"host":	"192.168.100.168",
			"port":	5201
		},
		"cookie":	"6fuyqaoex7pngehksjpon5vkanwotdrwxxvu",
		"tcp_mss_default":	1448,
		"target_bitrate":	0,
		"sock_bufsize":	0,
		"sndbuf_actual":	16384,
		"rcvbuf_actual":	131072,
		"test_start":	{
			"protocol":	"TCP",
			"num_streams":	1,
			"blksize":	131072,
			"omit":	0,
			"duration":	60,
			"bytes":	0,
			"blocks":	0,
			"reverse":	0,
			"tos":	0,
			"target_bitrate":	0
		}
	},
	"intervals":	[{
			"streams":	[{
					"socket":	6,
					"start":	0,
					"end":	1.000121,
					"seconds":	1.000120997428894,
					"bytes":	8126464,
					"bits_per_second":	65003846.701680876,
					"retransmits":	0,
					"snd_cwnd":	988984,
					"snd_wnd":	3141248,
					"rtt":	160427,
					"rttvar":	251,
					"pmtu":	1500,
					"omitted":	false,
					"sender":	true
				}],
			"sum":	{
				"start":	0,
				"end":	1.000121,
				"seconds":	1.000120997428894,
				"bytes":	8126464,
				"bits_per_second":	65003846.701680876,
				"retransmits":	0,
				"omitted":	false,
				"sender":	true
			}
		}, {
			"streams":	[{
					"socket":	6,
					"start":	1.000121,
					"end":	2.000133,
					"seconds":	1.0000120401382446,
					"bytes":	6553600,
					"bits_per_second":	52428168.757600248,
					"retransmits":	0,
					"snd_cwnd":	1329264,
					"snd_wnd":	3141248,
					"rtt":	187707,
					"rttvar":	181,
					"pmtu":	1500,
					"omitted":	false,
					"sender":	true
				}],
			"sum":	{
				"start":	1.000121,
				"end":	2.000133,
				"seconds":	1.0000120401382446,
				"bytes":	6553600,
				"bits_per_second":	52428168.757600248,
				"retransmits":	0,
				"omitted":	false,
				"sender":	true
			}
		}, {
			"streams":	[{
					"socket":	6,
					"start":	2.000133,
					"end":	3.000091,
					"seconds":	0.99995797872543335,
					"bytes":	7864320,
					"bits_per_second":	62917203.861098416,
					"retransmits":	0,
					"snd_cwnd":	1707192,
					"snd_wnd":	3143552,
					"rtt":	189554,
					"rttvar":	263,
					"pmtu":	1500,
					"omitted":	false,
					"sender":	true
				}],
			"sum":	{
				"start":	2.000133,
				"end":	3.000091,
				"seconds":	0.99995797872543335,
				"bytes":	7864320,
				"bits_per_second":	62917203.861098416,
				"retransmits":	0,
				"omitted":	false,
				"sender":	true
			}
		}, {
			"streams":	[{
					"socket":	6,
					"start":	3.000091,
					"end":	4.000085,
					"seconds":	0.99999397993087769,
					"bytes":	9175040,
					"bits_per_second":	73400761.87766014,
					"retransmits":	0,
					"snd_cwnd":	2163312,
					"snd_wnd":	3143552,
					"rtt":	214520,
					"rttvar":	487,
					"pmtu":	1500,
					"omitted":	false,
					"sender":	true
				}],
			"sum":	{
				"start":	3.000091,
				"end":	4.000085,
				"seconds":	0.99999397993087769,
				"bytes":	9175040,
				"bits_per_second":	73400761.87766014,
				"retransmits":	0,
				"omitted":	false,
				"sender":	true
			}
		}, {
			"streams":	[{
					"socket":	6,
					"start":	4.000085,
					"end":	5.000135,
					"seconds":	1.0000499486923218,
					"bytes":	9175040,
					"bits_per_second":	73396653.933115244,
					"retransmits":	0,
					"snd_cwnd":	2651288,
					"snd_wnd":	3143552,
					"rtt":	253860,
					"rttvar":	400,
					"pmtu":	1500,
					"omitted":	false,
					"sender":	true
				}],
			"sum":	{
				"start":	4.000085,
				"end":	5.000135,
				"seconds":	1.0000499486923218,
				"bytes":	9175040,
				"bits_per_second":	73396653.933115244,
				"retransmits":	0,
				"omitted":	false,
				"sender":	true
			}
		}, {
			"streams":	[{
					"socket":	6,
					"start":	5.000135,
					"end":	6.000119,
					"seconds":	0.9999840259552002,
					"bytes":	10485760,
					"bits_per_second":	83887420.021405563,
					"retransmits":	0,
					"snd_cwnd":	3179808,
					"snd_wnd":	3143552,
					"rtt":	287798,
					"rttvar":	452,
					"pmtu":	1500,
					"omitted":	false,
					"sender":	true
				}],
			"sum":	{
				"start":	5.000135,
				"end":	6.000119,
				"seconds":	0.9999840259552002,
				"bytes":	10485760,
				"bits_per_second":	83887420.021405563,
				"retransmits":	0,
				"omitted":	false,
				"sender":	true
			}
		}, {
			"streams":	[{
					"socket":	6,
					"start":	6.000119,
					"end":	7.000132,
					"seconds":	1.000012993812561,
					"bytes":	10485760,
					"bits_per_second":	83884990.014163077,
					"retransmits":	0,
					"snd_cwnd":	3321712,
					"snd_wnd":	3143552,
					"rtt":	289060,
					"rttvar":	762,
					"pmtu":	1500,
					"omitted":	false,
					"sender":	true
				}],
			"sum":	{
				"start":	6.000119,
				"end":	7.000132,
				"seconds":	1.000012993812561,
				"bytes":	10485760,
				"bits_per_second":	83884990.014163077,
				"retransmits":	0,
				"omitted":	false,
				"sender":	true
			}
		}, {
			"streams":	[{
					"socket":	6,
					"start":	7.000132,
					"end":	8.000143,
					"seconds":	1.0000109672546387,
					"bytes":	10485760,
					"bits_per_second":	83885160.01008977,
					"retransmits":	0,
					"snd_cwnd":	3321712,
					"snd_wnd":	3143552,
					"rtt":	286557,
					"rttvar":	1570,
					"pmtu":	1500,
					"omitted":	false,
					"sender":	true
				}],
			"sum":	{
				"start":	7.000132,
				"end":	8.000143,
				"seconds":	1.0000109672546387,
				"bytes":	10485760,
				"bits_per_second":	83885160.01008977,
				"retransmits":	0,
				"omitted":	false,
				"sender":	true
			}
		}, {
			"streams":	[{
					"socket":	6,
					"start":	8.000143,
					"end":	9.000082,
					"seconds":	0.99993902444839478,
					"bytes":	11796480,
					"bits_per_second":	94377594.7258976,
					"retransmits":	0,
					"snd_cwnd":	3321712,
					"snd_wnd":	3143552,
					"rtt":	259724,
					"rttvar":	7011,
					"pmtu":	1500,
					"omitted":	false,
					"sender":	true
				}],
			"sum":	{
				"start":	8.000143,
				"end":	9.000082,
				"seconds":	0.99993902444839478,
				"bytes":	11796480,
				"bits_per_second":	94377594.7258976,
				"retransmits":	0,
				"omitted":	false,
				"sender":	true
			}
		}, {
			"streams":	[{
					"socket":	6,
					"start":	9.000082,
					"end":	10.000131,
					"seconds":	1.0000489950180054,
					"bytes":	10485760,
					"bits_per_second":	83881970.201359659,
					"retransmits":	0,
					"snd_cwnd":	3321712,
					"snd_wnd":	3143552,
					"rtt":	283113,
					"rttvar":	1797,
					"pmtu":	1500,
					"omitted":	false,
					"sender":	true
				}],
			"sum":	{
				"start":	9.000082,
				"end":	10.000131,
				"seconds":	1.0000489950180054,
				"bytes":	10485760,
				"bits_per_second":	83881970.201359659,
				"retransmits":	0,
				"omitted":	false,
				"sender":	true
			}
		}, {
			"streams":	[{
					"socket":	6,
					"start":	10.000131,
					"end":	11.000112,
					"seconds":	0.99998098611831665,
					"bytes":	11796480,
					"bits_per_second":	94373634.4091187,
					"retransmits":	0,
					"snd_cwnd":	3321712,
					"snd_wnd":	3143552,
					"rtt":	253714,
					"rttvar":	9986,
					"pmtu":	1500,
					"omitted":	false,
					"sender":	true
				}],
			"sum":	{
				"start":	10.000131,
				"end":	11.000112,
				"seconds":	0.99998098611831665,
				"bytes":	11796480,
				"bits_per_second":	94373634.4091187,
				"retransmits":	0,
				"omitted":	false,
				"sender":	true
			}
		}, {
			"streams":	[{
					"socket":	6,
					"start":	11.000112,
					"end":	12.000136,
					"seconds":	1.0000239610672,
					"bytes":	10485760,
					"bits_per_second":	83884070.0481606,
					"retransmits":	0,
					"snd_cwnd":	3321712,
					"snd_wnd":	3143552,
					"rtt":	290703,
					"rttvar":	1111,
					"pmtu":	1500,
					"omitted":	false,
					"sender":	true
				}],
			"sum":	{
				"start":	11.000112,
				"end":	12.000136,
				"seconds":	1.0000239610672,
				"bytes":	10485760,
				"bits_per_second":	83884070.0481606,
				"retransmits":	0,
				"omitted":	false,
				"sender":	true
			}
		}, {
			"streams":	[{
					"socket":	6,
					"start":	12.000136,
					"end":	13.000154,
					"seconds":	1.0000180006027222,
					"bytes":	10485760,
					"bits_per_second":	83884570.0271804,
					"retransmits":	0,
					"snd_cwnd":	3321712,
					"snd_wnd":	3143552,
					"rtt":	294185,
					"rttvar":	962,
					"pmtu":	1500,
					"omitted":	false,
					"sender":	true
				}],
			"sum":	{
				"start":	12.000136,
				"end":	13.000154,
				"seconds":	1.0000180006027222,
				"bytes":	10485760,
				"bits_per_second":	83884570.0271804,
				"retransmits":	0,
				"omitted":	false,
				"sender":	true
			}
		}, {
			"streams":	[{
					"socket":	6,
					"start":	13.000154,
					"end":	14.000163,
					"seconds":	1.0000089406967163,
					"bytes":	10485760,
					"bits_per_second":	83885330.006705463,
					"retransmits":	0,
					"snd_cwnd":	3321712,
					"snd_wnd":	3143552,
					"rtt":	292520,
					"rttvar":	674,
					"pmtu":	1500,
					"omitted":	false,
					"sender":	true
				}],
			"sum":	{
				"start":	13.000154,
				"end":	14.000163,
				"seconds":	1.0000089406967163,
				"bytes":	10485760,
				"bits_per_second":	83885330.006705463,
				"retransmits":	0,
				"omitted":	false,
				"sender":	true
			}
		}, {
			"streams":	[{
					"socket":	6,
					"start":	14.000163,
					"end":	15.000153,
					"seconds":	0.99998998641967773,
					"bytes":	10485760,
					"bits_per_second":	83886920.0084115,
					"retransmits":	0,
					"snd_cwnd":	3321712,
					"snd_wnd":	3143552,
					"rtt":	300575,
					"rttvar":	1148,
					"pmtu":	1500,
					"omitted":	false,
					"sender":	true
				}],
			"sum":	{
				"start":	14.000163,
				"end":	15.000153,
				"seconds":	0.99998998641967773,
				"bytes":	10485760,
				"bits_per_second":	83886920.0084115,
				"retransmits":	0,
				"omitted":	false,
				"sender":	true
			}
		}, {
			"streams":	[{
					"socket":	6,
					"start":	15.000153,
					"end":	16.000101,
					"seconds":	0.999948024749756,
					"bytes":	10485760,
					"bits_per_second":	83890440.226623863,
					"retransmits":	0,
					"snd_cwnd":	3321712,
					"snd_wnd":	3143552,
					"rtt":	299411,
					"rttvar":	1755,
					"pmtu":	1500,
					"omitted":	false,
					"sender":	true
				}],
			"sum":	{
				"start":	15.000153,
				"end":	16.000101,
				"seconds":	0.999948024749756,
				"bytes":	10485760,
				"bits_per_second":	83890440.226623863,
				"retransmits":	0,
				"omitted":	false,
				"sender":	true
			}
		}, {
			"streams":	[{
					"socket":	6,
					"start":	16.000101,
					"end":	17.00009,
					"seconds":	0.99998897314071655,
					"bytes":	10485760,
					"bits_per_second":	83887005.010199964,
					"retransmits":	0,
					"snd_cwnd":	3321712,
					"snd_wnd":	3143552,
					"rtt":	291847,
					"rttvar":	8302,
					"pmtu":	1500,
					"omitted":	false,
					"sender":	true
				}],
			"sum":	{
				"start":	16.000101,
				"end":	17.00009,
				"seconds":	0.99998897314071655,
				"bytes":	10485760,
				"bits_per_second":	83887005.010199964,
				"retransmits":	0,
				"omitted":	false,
				"sender":	true
			}
		}, {
			"streams":	[{
					"socket":	6,
					"start":	17.00009,
					"end":	18.000157,
					"seconds":	1.0000669956207275,
					"bytes":	9175040,
					"bits_per_second":	73395402.8294289,
					"retransmits":	0,
					"snd_cwnd":	3321712,
					"snd_wnd":	3143552,
					"rtt":	316944,
					"rttvar":	502,
					"pmtu":	1500,
					"omitted":	false,
					"sender":	true
				}],
			"sum":	{
				"start":	17.00009,
				"end":	18.000157,
				"seconds":	1.0000669956207275,
				"bytes":	9175040,
				"bits_per_second":	73395402.8294289,
				"retransmits":	0,
				"omitted":	false,
				"sender":	true
			}
		}, {
			"streams":	[{
					"socket":	6,
					"start":	18.000157,
					"end":	19.000115,
					"seconds":	0.99995797872543335,
					"bytes":	10485760,
					"bits_per_second":	83889605.1481312,
					"retransmits":	0,
					"snd_cwnd":	3321712,
					"snd_wnd":	3143552,
					"rtt":	308617,
					"rttvar":	6500,
					"pmtu":	1500,
					"omitted":	false,
					"sender":	true
				}],
			"sum":	{
				"start":	18.000157,
				"end":	19.000115,
				"seconds":	0.99995797872543335,
				"bytes":	10485760,
				"bits_per_second":	83889605.1481312,
				"retransmits":	0,
				"omitted":	false,
				"sender":	true
			}
		}, {
			"streams":	[{
					"socket":	6,
					"start":	19.000115,
					"end":	20.000134,
					"seconds":	1.0000189542770386,
					"bytes":	9175040,
					"bits_per_second":	73398928.776369631,
					"retransmits":	0,
					"snd_cwnd":	3321712,
					"snd_wnd":	3143552,
					"rtt":	327740,
					"rttvar":	1465,
					"pmtu":	1500,
					"omitted":	false,
					"sender":	true
				}],
			"sum":	{
				"start":	19.000115,
				"end":	20.000134,
				"seconds":	1.0000189542770386,
				"bytes":	9175040,
				"bits_per_second":	73398928.776369631,
				"retransmits":	0,
				"omitted":	false,
				"sender":	true
			}
		}, {
			"streams":	[{
					"socket":	6,
					"start":	20.000134,
					"end":	21.000182,
					"seconds":	1.000048041343689,
					"bytes":	9175040,
					"bits_per_second":	73396793.919397652,
					"retransmits":	0,
					"snd_cwnd":	3321712,
					"snd_wnd":	3143552,
					"rtt":	340405,
					"rttvar":	332,
					"pmtu":	1500,
					"omitted":	false,
					"sender":	true
				}],
			"sum":	{
				"start":	20.000134,
				"end":	21.000182,
				"seconds":	1.000048041343689,
				"bytes":	9175040,
				"bits_per_second":	73396793.919397652,
				"retransmits":	0,
				"omitted":	false,
				"sender":	true
			}
		}, {
			"streams":	[{
					"socket":	6,
					"start":	21.000182,
					"end":	22.000078,
					"seconds":	0.999895989894867,
					"bytes":	11796480,
					"bits_per_second":	94381656.6460304,
					"retransmits":	0,
					"snd_cwnd":	3321712,
					"snd_wnd":	3143552,
					"rtt":	281094,
					"rttvar":	2724,
					"pmtu":	1500,
					"omitted":	false,
					"sender":	true
				}],
			"sum":	{
				"start":	21.000182,
				"end":	22.000078,
				"seconds":	0.999895989894867,
				"bytes":	11796480,
				"bits_per_second":	94381656.6460304,
				"retransmits":	0,
				"omitted":	false,
				"sender":	true
			}
		}, {
			"streams":	[{
					"socket":	6,
					"start":	22.000078,
					"end":	23.000201,
					"seconds":	1.0001230239868164,
					"bytes":	7864320,
					"bits_per_second":	62906820.952088527,
					"retransmits":	0,
					"snd_cwnd":	3321712,
					"snd_wnd":	3143552,
					"rtt":	320579,
					"rttvar":	7262,
					"pmtu":	1500,
					"omitted":	false,
					"sender":	true
				}],
			"sum":	{
				"start":	22.000078,
				"end":	23.000201,
				"seconds":	1.0001230239868164,
				"bytes":	7864320,
				"bits_per_second":	62906820.952088527,
				"retransmits":	0,
				"omitted":	false,
				"sender":	true
			}
		}, {
			"streams":	[{
					"socket":	6,
					"start":	23.000201,
					"end":	24.000155,
					"seconds":	0.9999539852142334,
					"bytes":	9175040,
					"bits_per_second":	73403697.6554221,
					"retransmits":	0,
					"snd_cwnd":	3321712,
					"snd_wnd":	3143552,
					"rtt":	358141,
					"rttvar":	2480,
					"pmtu":	1500,
					"omitted":	false,
					"sender":	true
				}],
			"sum":	{
				"start":	23.000201,
				"end":	24.000155,
				"seconds":	0.9999539852142334,
				"bytes":	9175040,
				"bits_per_second":	73403697.6554221,
				"retransmits":	0,
				"omitted":	false,
				"sender":	true
			}
		}, {
			"streams":	[{
					"socket":	6,
					"start":	24.000155,
					"end":	25.000091,
					"seconds":	0.99993598461151123,
					"bytes":	9175040,
					"bits_per_second":	73405019.050811559,
					"retransmits":	0,
					"snd_cwnd":	3321712,
					"snd_wnd":	3143552,
					"rtt":	329304,
					"rttvar":	6231,
					"pmtu":	1500,
					"omitted":	false,
					"sender":	true
				}],
			"sum":	{
				"start":	24.000155,
				"end":	25.000091,
				"seconds":	0.99993598461151123,
				"bytes":	9175040,
				"bits_per_second":	73405019.050811559,
				"retransmits":	0,
				"omitted":	false,
				"sender":	true
			}
		}, {
			"streams":	[{
					"socket":	6,
					"start":	25.000091,
					"end":	26.000098,
					"seconds":	1.0000070333480835,
					"bytes":	7864320,
					"bits_per_second":	62914117.503112234,
					"retransmits":	0,
					"snd_cwnd":	3321712,
					"snd_wnd":	3143552,
					"rtt":	373231,
					"rttvar":	2316,
					"pmtu":	1500,
					"omitted":	false,
					"sender":	true
				}],
			"sum":	{
				"start":	25.000091,
				"end":	26.000098,
				"seconds":	1.0000070333480835,
				"bytes":	7864320,
				"bits_per_second":	62914117.503112234,
				"retransmits":	0,
				"omitted":	false,
				"sender":	true
			}
		}, {
			"streams":	[{
					"socket":	6,
					"start":	26.000098,
					"end":	27.000145,
					"seconds":	1.000046968460083,
					"bytes":	7864320,
					"bits_per_second":	62911605.13878528,
					"retransmits":	0,
					"snd_cwnd":	3321712,
					"snd_wnd":	3143552,
					"rtt":	387474,
					"rttvar":	2125,
					"pmtu":	1500,
					"omitted":	false,
					"sender":	true
				}],
			"sum":	{
				"start":	26.000098,
				"end":	27.000145,
				"seconds":	1.000046968460083,
				"bytes":	7864320,
				"bits_per_second":	62911605.13878528,
				"retransmits":	0,
				"omitted":	false,
				"sender":	true
			}
		}, {
			"streams":	[{
					"socket":	6,
					"start":	27.000145,
					"end":	28.000127,
					"seconds":	0.99998199939727783,
					"bytes":	7864320,
					"bits_per_second":	62915692.520386048,
					"retransmits":	0,
					"snd_cwnd":	3321712,
					"snd_wnd":	3143552,
					"rtt":	384148,
					"rttvar":	1723,
					"pmtu":	1500,
					"omitted":	false,
					"sender":	true
				}],
			"sum":	{
				"start":	27.000145,
				"end":	28.000127,
				"seconds":	0.99998199939727783,
				"bytes":	7864320,
				"bits_per_second":	62915692.520386048,
				"retransmits":	0,
				"omitted":	false,
				"sender":	true
			}
		}, {
			"streams":	[{
					"socket":	6,
					"start":	28.000127,
					"end":	29.000113,
					"seconds":	0.99998599290847778,
					"bytes":	7864320,
					"bits_per_second":	62915441.262343921,
					"retransmits":	0,
					"snd_cwnd":	3321712,
					"snd_wnd":	3143552,
					"rtt":	396001,
					"rttvar":	6105,
					"pmtu":	1500,
					"omitted":	false,
					"sender":	true
				}],
			"sum":	{
				"start":	28.000127,
				"end":	29.000113,
				"seconds":	0.99998599290847778,
				"bytes":	7864320,
				"bits_per_second":	62915441.262343921,
				"retransmits":	0,
				"omitted":	false,
				"sender":	true
			}
		}, {
			"streams":	[{
					"socket":	6,
					"start":	29.000113,
					"end":	30.000192,
					"seconds":	1.0000790357589722,
					"bytes":	6553600,
					"bits_per_second":	52424656.577478543,
					"retransmits":	0,
					"snd_cwnd":	3321712,
					"snd_wnd":	3143552,
					"rtt":	415820,
					"rttvar":	1217,
					"pmtu":	1500,
					"omitted":	false,
					"sender":	true
				}],
			"sum":	{
				"start":	29.000113,
				"end":	30.000192,
				"seconds":	1.0000790357589722,
				"bytes":	6553600,
				"bits_per_second":	52424656.577478543,
				"retransmits":	0,
				"omitted":	false,
				"sender":	true
			}
		}, {
			"streams":	[{
					"socket":	6,
					"start":	30.000192,
					"end":	31.000255,
					"seconds":	1.0000629425048828,
					"bytes":	6553600,
					"bits_per_second":	52425500.2076972,
					"retransmits":	0,
					"snd_cwnd":	3321712,
					"snd_wnd":	3143552,
					"rtt":	378550,
					"rttvar":	5145,
					"pmtu":	1500,
					"omitted":	false,
					"sender":	true
				}],
			"sum":	{
				"start":	30.000192,
				"end":	31.000255,
				"seconds":	1.0000629425048828,
				"bytes":	6553600,
				"bits_per_second":	52425500.2076972,
				"retransmits":	0,
				"omitted":	false,
				"sender":	true
			}
		}, {
			"streams":	[{
					"socket":	6,
					"start":	31.000255,
					"end":	32.000111,
					"seconds":	0.99985599517822266,
					"bytes":	7864320,
					"bits_per_second":	62923621.3048716,
					"retransmits":	0,
					"snd_cwnd":	3321712,
					"snd_wnd":	3143552,
					"rtt":	423337,
					"rttvar":	6196,
					"pmtu":	1500,
					"omitted":	false,
					"sender":	true
				}],
			"sum":	{
				"start":	31.000255,
				"end":	32.000111,
				"seconds":	0.99985599517822266,
				"bytes":	7864320,
				"bits_per_second":	62923621.3048716,
				"retransmits":	0,
				"omitted":	false,
				"sender":	true
			}
		}, {
			"streams":	[{
					"socket":	6,
					"start":	32.000111,
					"end":	33.000146,
					"seconds":	1.0000350475311279,
					"bytes":	9175040,
					"bits_per_second":	73397747.5901566,
					"retransmits":	0,
					"snd_cwnd":	3321712,
					"snd_wnd":	3143552,
					"rtt":	405988,
					"rttvar":	7193,
					"pmtu":	1500,
					"omitted":	false,
					"sender":	true
				}],
			"sum":	{
				"start":	32.000111,
				"end":	33.000146,
				"seconds":	1.0000350475311279,
				"bytes":	9175040,
				"bits_per_second":	73397747.5901566,
				"retransmits":	0,
				"omitted":	false,
				"sender":	true
			}
		}, {
			"streams":	[{
					"socket":	6,
					"start":	33.000146,
					"end":	34.000191,
					"seconds":	1.0000449419021606,
					"bytes":	6553600,
					"bits_per_second":	52426443.8558896,
					"retransmits":	0,
					"snd_cwnd":	3321712,
					"snd_wnd":	3143552,
					"rtt":	444443,
					"rttvar":	1437,
					"pmtu":	1500,
					"omitted":	false,
					"sender":	true
				}],
			"sum":	{
				"start":	33.000146,
				"end":	34.000191,
				"seconds":	1.0000449419021606,
				"bytes":	6553600,
				"bits_per_second":	52426443.8558896,
				"retransmits":	0,
				"omitted":	false,
				"sender":	true
			}
		}, {
			"streams":	[{
					"socket":	6,
					"start":	34.000191,
					"end":	35.000199,
					"seconds":	1.0000079870224,
					"bytes":	6553600,
					"bits_per_second":	52428381.253344536,
					"retransmits":	0,
					"snd_cwnd":	3321712,
					"snd_wnd":	3143552,
					"rtt":	447300,
					"rttvar":	1170,
					"pmtu":	1500,
					"omitted":	false,
					"sender":	true
				}],
			"sum":	{
				"start":	34.000191,
				"end":	35.000199,
				"seconds":	1.0000079870224,
				"bytes":	6553600,
				"bits_per_second":	52428381.253344536,
				"retransmits":	0,
				"omitted":	false,
				"sender":	true
			}
		}, {
			"streams":	[{
					"socket":	6,
					"start":	35.000199,
					"end":	36.000244,
					"seconds":	1.0000449419021606,
					"bytes":	6553600,
					"bits_per_second":	52426443.8558896,
					"retransmits":	0,
					"snd_cwnd":	3321712,
					"snd_wnd":	3143552,
					"rtt":	409428,
					"rttvar":	12294,
					"pmtu":	1500,
					"omitted":	false,
					"sender":	true
				}],
			"sum":	{
				"start":	35.000199,
				"end":	36.000244,
				"seconds":	1.0000449419021606,
				"bytes":	6553600,
				"bits_per_second":	52426443.8558896,
				"retransmits":	0,
				"omitted":	false,
				"sender":	true
			}
		}, {
			"streams":	[{
					"socket":	6,
					"start":	36.000244,
					"end":	37.000099,
					"seconds":	0.99985498189926147,
					"bytes":	7864320,
					"bits_per_second":	62923685.0733008,
					"retransmits":	0,
					"snd_cwnd":	3321712,
					"snd_wnd":	3143552,
					"rtt":	405258,
					"rttvar":	5296,
					"pmtu":	1500,
					"omitted":	false,
					"sender":	true
				}],
			"sum":	{
				"start":	36.000244,
				"end":	37.000099,
				"seconds":	0.99985498189926147,
				"bytes":	7864320,
				"bits_per_second":	62923685.0733008,
				"retransmits":	0,
				"omitted":	false,
				"sender":	true
			}
		}, {
			"streams":	[{
					"socket":	6,
					"start":	37.000099,
					"end":	38.000086,
					"seconds":	0.999987006187439,
					"bytes":	6553600,
					"bits_per_second":	52429481.258852147,
					"retransmits":	0,
					"snd_cwnd":	3321712,
					"snd_wnd":	3143552,
					"rtt":	422832,
					"rttvar":	3646,
					"pmtu":	1500,
					"omitted":	false,
					"sender":	true
				}],
			"sum":	{
				"start":	37.000099,
				"end":	38.000086,
				"seconds":	0.999987006187439,
				"bytes":	6553600,
				"bits_per_second":	52429481.258852147,
				"retransmits":	0,
				"omitted":	false,
				"sender":	true
			}
		}, {
			"streams":	[{
					"socket":	6,
					"start":	38.000086,
					"end":	39.000106,
					"seconds":	1.0000200271606445,
					"bytes":	6553600,
					"bits_per_second":	52427750.0210281,
					"retransmits":	0,
					"snd_cwnd":	3321712,
					"snd_wnd":	3143552,
					"rtt":	436209,
					"rttvar":	2734,
					"pmtu":	1500,
					"omitted":	false,
					"sender":	true
				}],
			"sum":	{
				"start":	38.000086,
				"end":	39.000106,
				"seconds":	1.0000200271606445,
				"bytes":	6553600,
				"bits_per_second":	52427750.0210281,
				"retransmits":	0,
				"omitted":	false,
				"sender":	true
			}
		}, {
			"streams":	[{
					"socket":	6,
					"start":	39.000106,
					"end":	40.000093,
					"seconds":	0.999987006187439,
					"bytes":	6553600,
					"bits_per_second":	52429481.258852147,
					"retransmits":	0,
					"snd_cwnd":	3321712,
					"snd_wnd":	3143552,
					"rtt":	442605,
					"rttvar":	3633,
					"pmtu":	1500,
					"omitted":	false,
					"sender":	true
				}],
			"sum":	{
				"start":	39.000106,
				"end":	40.000093,
				"seconds":	0.999987006187439,
				"bytes":	6553600,
				"bits_per_second":	52429481.258852147,
				"retransmits":	0,
				"omitted":	false,
				"sender":	true
			}
		}, {
			"streams":	[{
					"socket":	6,
					"start":	40.000093,
					"end":	41.000127,
					"seconds":	1.000033974647522,
					"bytes":	6553600,
					"bits_per_second":	52427018.810515285,
					"retransmits":	0,
					"snd_cwnd":	3321712,
					"snd_wnd":	3143552,
					"rtt":	446552,
					"rttvar":	2641,
					"pmtu":	1500,
					"omitted":	false,
					"sender":	true
				}],
			"sum":	{
				"start":	40.000093,
				"end":	41.000127,
				"seconds":	1.000033974647522,
				"bytes":	6553600,
				"bits_per_second":	52427018.810515285,
				"retransmits":	0,
				"omitted":	false,
				"sender":	true
			}
		}, {
			"streams":	[{
					"socket":	6,
					"start":	41.000127,
					"end":	42.000154,
					"seconds":	1.0000269412994385,
					"bytes":	6553600,
					"bits_per_second":	52427387.538053557,
					"retransmits":	0,
					"snd_cwnd":	3321712,
					"snd_wnd":	3143552,
					"rtt":	439385,
					"rttvar":	1855,
					"pmtu":	1500,
					"omitted":	false,
					"sender":	true
				}],
			"sum":	{
				"start":	41.000127,
				"end":	42.000154,
				"seconds":	1.0000269412994385,
				"bytes":	6553600,
				"bits_per_second":	52427387.538053557,
				"retransmits":	0,
				"omitted":	false,
				"sender":	true
			}
		}, {
			"streams":	[{
					"socket":	6,
					"start":	42.000154,
					"end":	43.000158,
					"seconds":	1.0000040531158447,
					"bytes":	6553600,
					"bits_per_second":	52428587.500861287,
					"retransmits":	0,
					"snd_cwnd":	3321712,
					"snd_wnd":	3143552,
					"rtt":	445184,
					"rttvar":	1920,
					"pmtu":	1500,
					"omitted":	false,
					"sender":	true
				}],
			"sum":	{
				"start":	42.000154,
				"end":	43.000158,
				"seconds":	1.0000040531158447,
				"bytes":	6553600,
				"bits_per_second":	52428587.500861287,
				"retransmits":	0,
				"omitted":	false,
				"sender":	true
			}
		}, {
			"streams":	[{
					"socket":	6,
					"start":	43.000158,
					"end":	44.000082,
					"seconds":	0.99992400407791138,
					"bytes":	10485760,
					"bits_per_second":	83892455.484510824,
					"retransmits":	0,
					"snd_cwnd":	3321712,
					"snd_wnd":	3143552,
					"rtt":	377608,
					"rttvar":	7219,
					"pmtu":	1500,
					"omitted":	false,
					"sender":	true
				}],
			"sum":	{
				"start":	43.000158,
				"end":	44.000082,
				"seconds":	0.99992400407791138,
				"bytes":	10485760,
				"bits_per_second":	83892455.484510824,
				"retransmits":	0,
				"omitted":	false,
				"sender":	true
			}
		}, {
			"streams":	[{
					"socket":	6,
					"start":	44.000082,
					"end":	45.00009,
					"seconds":	1.0000079870224,
					"bytes":	6553600,
					"bits_per_second":	52428381.253344536,
					"retransmits":	0,
					"snd_cwnd":	3321712,
					"snd_wnd":	3143552,
					"rtt":	410722,
					"rttvar":	5346,
					"pmtu":	1500,
					"omitted":	false,
					"sender":	true
				}],
			"sum":	{
				"start":	44.000082,
				"end":	45.00009,
				"seconds":	1.0000079870224,
				"bytes":	6553600,
				"bits_per_second":	52428381.253344536,
				"retransmits":	0,
				"omitted":	false,
				"sender":	true
			}
		}, {
			"streams":	[{
					"socket":	6,
					"start":	45.00009,
					"end":	46.000104,
					"seconds":	1.0000139474868774,
					"bytes":	6553600,
					"bits_per_second":	52428068.760198958,
					"retransmits":	0,
					"snd_cwnd":	3321712,
					"snd_wnd":	3143552,
					"rtt":	429818,
					"rttvar":	2833,
					"pmtu":	1500,
					"omitted":	false,
					"sender":	true
				}],
			"sum":	{
				"start":	45.00009,
				"end":	46.000104,
				"seconds":	1.0000139474868774,
				"bytes":	6553600,
				"bits_per_second":	52428068.760198958,
				"retransmits":	0,
				"omitted":	false,
				"sender":	true
			}
		}, {
			"streams":	[{
					"socket":	6,
					"start":	46.000104,
					"end":	47.000143,
					"seconds":	1.0000389814376831,
					"bytes":	6553600,
					"bits_per_second":	52426756.3296652,
					"retransmits":	0,
					"snd_cwnd":	3321712,
					"snd_wnd":	3143552,
					"rtt":	452495,
					"rttvar":	1901,
					"pmtu":	1500,
					"omitted":	false,
					"sender":	true
				}],
			"sum":	{
				"start":	46.000104,
				"end":	47.000143,
				"seconds":	1.0000389814376831,
				"bytes":	6553600,
				"bits_per_second":	52426756.3296652,
				"retransmits":	0,
				"omitted":	false,
				"sender":	true
			}
		}, {
			"streams":	[{
					"socket":	6,
					"start":	47.000143,
					"end":	48.000191,
					"seconds":	1.000048041343689,
					"bytes":	6553600,
					"bits_per_second":	52426281.370998323,
					"retransmits":	0,
					"snd_cwnd":	3321712,
					"snd_wnd":	3143552,
					"rtt":	467779,
					"rttvar":	1985,
					"pmtu":	1500,
					"omitted":	false,
					"sender":	true
				}],
			"sum":	{
				"start":	47.000143,
				"end":	48.000191,
				"seconds":	1.000048041343689,
				"bytes":	6553600,
				"bits_per_second":	52426281.370998323,
				"retransmits":	0,
				"omitted":	false,
				"sender":	true
			}
		}, {
			"streams":	[{
					"socket":	6,
					"start":	48.000191,
					"end":	49.000213,
					"seconds":	1.0000220537185669,
					"bytes":	6553600,
					"bits_per_second":	52427643.775499053,
					"retransmits":	0,
					"snd_cwnd":	3321712,
					"snd_wnd":	3143552,
					"rtt":	442470,
					"rttvar":	1808,
					"pmtu":	1500,
					"omitted":	false,
					"sender":	true
				}],
			"sum":	{
				"start":	48.000191,
				"end":	49.000213,
				"seconds":	1.0000220537185669,
				"bytes":	6553600,
				"bits_per_second":	52427643.775499053,
				"retransmits":	0,
				"omitted":	false,
				"sender":	true
			}
		}, {
			"streams":	[{
					"socket":	6,
					"start":	49.000213,
					"end":	50.000221,
					"seconds":	1.0000079870224,
					"bytes":	6553600,
					"bits_per_second":	52428381.253344536,
					"retransmits":	0,
					"snd_cwnd":	3321712,
					"snd_wnd":	3143552,
					"rtt":	385507,
					"rttvar":	12804,
					"pmtu":	1500,
					"omitted":	false,
					"sender":	true
				}],
			"sum":	{
				"start":	49.000213,
				"end":	50.000221,
				"seconds":	1.0000079870224,
				"bytes":	6553600,
				"bits_per_second":	52428381.253344536,
				"retransmits":	0,
				"omitted":	false,
				"sender":	true
			}
		}, {
			"streams":	[{
					"socket":	6,
					"start":	50.000221,
					"end":	51.000112,
					"seconds":	0.99989098310470581,
					"bytes":	7864320,
					"bits_per_second":	62921419.497801155,
					"retransmits":	0,
					"snd_cwnd":	3321712,
					"snd_wnd":	3143552,
					"rtt":	387737,
					"rttvar":	5200,
					"pmtu":	1500,
					"omitted":	false,
					"sender":	true
				}],
			"sum":	{
				"start":	50.000221,
				"end":	51.000112,
				"seconds":	0.99989098310470581,
				"bytes":	7864320,
				"bits_per_second":	62921419.497801155,
				"retransmits":	0,
				"omitted":	false,
				"sender":	true
			}
		}, {
			"streams":	[{
					"socket":	6,
					"start":	51.000112,
					"end":	52.000112,
					"seconds":	1,
					"bytes":	6553600,
					"bits_per_second":	52428800,
					"retransmits":	0,
					"snd_cwnd":	3321712,
					"snd_wnd":	3143552,
					"rtt":	401475,
					"rttvar":	5404,
					"pmtu":	1500,
					"omitted":	false,
					"sender":	true
				}],
			"sum":	{
				"start":	51.000112,
				"end":	52.000112,
				"seconds":	1,
				"bytes":	6553600,
				"bits_per_second":	52428800,
				"retransmits":	0,
				"omitted":	false,
				"sender":	true
			}
		}, {
			"streams":	[{
					"socket":	6,
					"start":	52.000112,
					"end":	53.000117,
					"seconds":	1.0000050067901611,
					"bytes":	6553600,
					"bits_per_second":	52428537.501314275,
					"retransmits":	0,
					"snd_cwnd":	3321712,
					"snd_wnd":	3143552,
					"rtt":	421562,
					"rttvar":	4231,
					"pmtu":	1500,
					"omitted":	false,
					"sender":	true
				}],
			"sum":	{
				"start":	52.000112,
				"end":	53.000117,
				"seconds":	1.0000050067901611,
				"bytes":	6553600,
				"bits_per_second":	52428537.501314275,
				"retransmits":	0,
				"omitted":	false,
				"sender":	true
			}
		}, {
			"streams":	[{
					"socket":	6,
					"start":	53.000117,
					"end":	54.000303,
					"seconds":	1.0001859664916992,
					"bytes":	6553600,
					"bits_per_second":	52419051.81283617,
					"retransmits":	0,
					"snd_cwnd":	3321712,
					"snd_wnd":	3143552,
					"rtt":	301226,
					"rttvar":	24001,
					"pmtu":	1500,
					"omitted":	false,
					"sender":	true
				}],
			"sum":	{
				"start":	53.000117,
				"end":	54.000303,
				"seconds":	1.0001859664916992,
				"bytes":	6553600,
				"bits_per_second":	52419051.81283617,
				"retransmits":	0,
				"omitted":	false,
				"sender":	true
			}
		}, {
			"streams":	[{
					"socket":	6,
					"start":	54.000303,
					"end":	55.000153,
					"seconds":	0.99984997510910034,
					"bytes":	9175040,
					"bits_per_second":	73411333.527303234,
					"retransmits":	0,
					"snd_cwnd":	3321712,
					"snd_wnd":	3143552,
					"rtt":	446827,
					"rttvar":	2665,
					"pmtu":	1500,
					"omitted":	false,
					"sender":	true
				}],
			"sum":	{
				"start":	54.000303,
				"end":	55.000153,
				"seconds":	0.99984997510910034,
				"bytes":	9175040,
				"bits_per_second":	73411333.527303234,
				"retransmits":	0,
				"omitted":	false,
				"sender":	true
			}
		}, {
			"streams":	[{
					"socket":	6,
					"start":	55.000153,
					"end":	56.000224,
					"seconds":	1.0000710487365723,
					"bytes":	6553600,
					"bits_per_second":	52425075.264637738,
					"retransmits":	0,
					"snd_cwnd":	3321712,
					"snd_wnd":	3143552,
					"rtt":	451177,
					"rttvar":	1791,
					"pmtu":	1500,
					"omitted":	false,
					"sender":	true
				}],
			"sum":	{
				"start":	55.000153,
				"end":	56.000224,
				"seconds":	1.0000710487365723,
				"bytes":	6553600,
				"bits_per_second":	52425075.264637738,
				"retransmits":	0,
				"omitted":	false,
				"sender":	true
			}
		}, {
			"streams":	[{
					"socket":	6,
					"start":	56.000224,
					"end":	57.000257,
					"seconds":	1.0000330209732056,
					"bytes":	6553600,
					"bits_per_second":	52427068.807165675,
					"retransmits":	0,
					"snd_cwnd":	3321712,
					"snd_wnd":	3143552,
					"rtt":	361118,
					"rttvar":	9944,
					"pmtu":	1500,
					"omitted":	false,
					"sender":	true
				}],
			"sum":	{
				"start":	56.000224,
				"end":	57.000257,
				"seconds":	1.0000330209732056,
				"bytes":	6553600,
				"bits_per_second":	52427068.807165675,
				"retransmits":	0,
				"omitted":	false,
				"sender":	true
			}
		}, {
			"streams":	[{
					"socket":	6,
					"start":	57.000257,
					"end":	58.000079,
					"seconds":	0.99982202053070068,
					"bytes":	7864320,
					"bits_per_second":	62925759.493279867,
					"retransmits":	0,
					"snd_cwnd":	3321712,
					"snd_wnd":	3143552,
					"rtt":	386389,
					"rttvar":	2530,
					"pmtu":	1500,
					"omitted":	false,
					"sender":	true
				}],
			"sum":	{
				"start":	57.000257,
				"end":	58.000079,
				"seconds":	0.99982202053070068,
				"bytes":	7864320,
				"bits_per_second":	62925759.493279867,
				"retransmits":	0,
				"omitted":	false,
				"sender":	true
			}
		}, {
			"streams":	[{
					"socket":	6,
					"start":	58.000079,
					"end":	59.000231,
					"seconds":	1.0001519918441772,
					"bytes":	5242880,
					"bits_per_second":	41936665.968800753,
					"retransmits":	0,
					"snd_cwnd":	3321712,
					"snd_wnd":	3143552,
					"rtt":	391686,
					"rttvar":	10313,
					"pmtu":	1500,
					"omitted":	false,
					"sender":	true
				}],
			"sum":	{
				"start":	58.000079,
				"end":	59.000231,
				"seconds":	1.0001519918441772,
				"bytes":	5242880,
				"bits_per_second":	41936665.968800753,
				"retransmits":	0,
				"omitted":	false,
				"sender":	true
			}
		}, {
			"streams":	[{
					"socket":	6,
					"start":	59.000231,
					"end":	60.000221,
					"seconds":	0.99998998641967773,
					"bytes":	6553600,
					"bits_per_second":	52429325.005257182,
					"retransmits":	0,
					"snd_cwnd":	3321712,
					"snd_wnd":	3143552,
					"rtt":	420721,
					"rttvar":	8506,
					"pmtu":	1500,
					"omitted":	false,
					"sender":	true
				}],
			"sum":	{
				"start":	59.000231,
				"end":	60.000221,
				"seconds":	0.99998998641967773,
				"bytes":	6553600,
				"bits_per_second":	52429325.005257182,
				"retransmits":	0,
				"omitted":	false,
				"sender":	true
			}
		}],
	"end":	{
		"streams":	[{
				"sender":	{
					"socket":	6,
					"start":	0,
					"end":	60.000221,
					"seconds":	60.000221,
					"bytes":	493092864,
					"bits_per_second":	65745473.037507638,
					"retransmits":	0,
					"max_snd_cwnd":	3321712,
					"max_snd_wnd":	3143552,
					"max_rtt":	467779,
					"min_rtt":	160427,
					"mean_rtt":	357636,
					"sender":	true
				},
				"receiver":	{
					"socket":	6,
					"start":	0,
					"end":	60.376113,
					"seconds":	60.000221,
					"bytes":	493092584,
					"bits_per_second":	65336115.161968112,
					"sender":	true
				}
			}],
		"sum_sent":	{
			"start":	0,
			"end":	60.000221,
			"seconds":	60.000221,
			"bytes":	493092864,
			"bits_per_second":	65745473.037507638,
			"retransmits":	0,
			"sender":	true
		},
		"sum_received":	{
			"start":	0,
			"end":	60.376113,
			"seconds":	60.376113,
			"bytes":	493092584,
			"bits_per_second":	65336115.161968112,
			"sender":	true
		},
		"cpu_utilization_percent":	{
			"host_total":	0.22229276076852025,
			"host_user":	0.019362664855475987,
			"host_system":	0.20292843487977191,
			"remote_total":	2.0311519790635146,
			"remote_user":	0.12629328424020272,
			"remote_system":	1.9048570385396666
		},
		"sender_tcp_congestion":	"cubic",
		"receiver_tcp_congestion":	"cubic"
	}
}
