{
	"start":	{
		"connected":	[{
				"socket":	6,
				"local_host":	"192.168.101.210",
				"local_port":	45068,
				"remote_host":	"192.168.100.168",
				"remote_port":	5202
			}],
		"version":	"iperf 3.11",
		"system_info":	"Linux f1 6.0.10-300.fc37.x86_64 #1 SMP PREEMPT_DYNAMIC Sat Nov 26 16:55:13 UTC 2022 x86_64",
		"timestamp":	{
			"time":	"Sat, 10 Dec 2022 20:34:00 GMT",
			"timesecs":	1670704440
		},
		"connecting_to":	{
			"host":	"192.168.100.168",
			"port":	5202
		},
		"cookie":	"tnivco5q57hd52v3lfhglcy6kxusr6egigb5",
		"tcp_mss_default":	1448,
		"target_bitrate":	0,
		"sock_bufsize":	0,
		"sndbuf_actual":	16384,
		"rcvbuf_actual":	131072,
		"test_start":	{
			"protocol":	"TCP",
			"num_streams":	1,
			"blksize":	131072,
			"omit":	0,
			"duration":	60,
			"bytes":	0,
			"blocks":	0,
			"reverse":	0,
			"tos":	0,
			"target_bitrate":	0
		}
	},
	"intervals":	[{
			"streams":	[{
					"socket":	6,
					"start":	0,
					"end":	1.000074,
					"seconds":	1.000074028968811,
					"bytes":	39190528,
					"bits_per_second":	313501015.843076,
					"retransmits":	0,
					"snd_cwnd":	9320776,
					"snd_wnd":	3143552,
					"rtt":	50519,
					"rttvar":	243,
					"pmtu":	1500,
					"omitted":	false,
					"sender":	true
				}],
			"sum":	{
				"start":	0,
				"end":	1.000074,
				"seconds":	1.000074028968811,
				"bytes":	39190528,
				"bits_per_second":	313501015.843076,
				"retransmits":	0,
				"omitted":	false,
				"sender":	true
			}
		}, {
			"streams":	[{
					"socket":	6,
					"start":	1.000074,
					"end":	2.000082,
					"seconds":	1.0000079870224,
					"bytes":	58982400,
					"bits_per_second":	471855431.28010082,
					"retransmits":	0,
					"snd_cwnd":	9320776,
					"snd_wnd":	3143552,
					"rtt":	51016,
					"rttvar":	676,
					"pmtu":	1500,
					"omitted":	false,
					"sender":	true
				}],
			"sum":	{
				"start":	1.000074,
				"end":	2.000082,
				"seconds":	1.0000079870224,
				"bytes":	58982400,
				"bits_per_second":	471855431.28010082,
				"retransmits":	0,
				"omitted":	false,
				"sender":	true
			}
		}, {
			"streams":	[{
					"socket":	6,
					"start":	2.000082,
					"end":	3.000071,
					"seconds":	0.99998897314071655,
					"bytes":	61603840,
					"bits_per_second":	492836154.43492472,
					"retransmits":	0,
					"snd_cwnd":	9320776,
					"snd_wnd":	3143552,
					"rtt":	51087,
					"rttvar":	632,
					"pmtu":	1500,
					"omitted":	false,
					"sender":	true
				}],
			"sum":	{
				"start":	2.000082,
				"end":	3.000071,
				"seconds":	0.99998897314071655,
				"bytes":	61603840,
				"bits_per_second":	492836154.43492472,
				"retransmits":	0,
				"omitted":	false,
				"sender":	true
			}
		}, {
			"streams":	[{
					"socket":	6,
					"start":	3.000071,
					"end":	4.000075,
					"seconds":	1.0000040531158447,
					"bytes":	57671680,
					"bits_per_second":	461371570.00757927,
					"retransmits":	0,
					"snd_cwnd":	9320776,
					"snd_wnd":	3143552,
					"rtt":	50740,
					"rttvar":	494,
					"pmtu":	1500,
					"omitted":	false,
					"sender":	true
				}],
			"sum":	{
				"start":	3.000071,
				"end":	4.000075,
				"seconds":	1.0000040531158447,
				"bytes":	57671680,
				"bits_per_second":	461371570.00757927,
				"retransmits":	0,
				"omitted":	false,
				"sender":	true
			}
		}, {
			"streams":	[{
					"socket":	6,
					"start":	4.000075,
					"end":	5.000072,
					"seconds":	0.99999701976776123,
					"bytes":	61603840,
					"bits_per_second":	492832188.75437725,
					"retransmits":	0,
					"snd_cwnd":	9320776,
					"snd_wnd":	3143552,
					"rtt":	51091,
					"rttvar":	655,
					"pmtu":	1500,
					"omitted":	false,
					"sender":	true
				}],
			"sum":	{
				"start":	4.000075,
				"end":	5.000072,
				"seconds":	0.99999701976776123,
				"bytes":	61603840,
				"bits_per_second":	492832188.75437725,
				"retransmits":	0,
				"omitted":	false,
				"sender":	true
			}
		}, {
			"streams":	[{
					"socket":	6,
					"start":	5.000072,
					"end":	6.000067,
					"seconds":	0.999994993209839,
					"bytes":	58982400,
					"bits_per_second":	471861562.5118286,
					"retransmits":	0,
					"snd_cwnd":	9320776,
					"snd_wnd":	3143552,
					"rtt":	50542,
					"rttvar":	268,
					"pmtu":	1500,
					"omitted":	false,
					"sender":	true
				}],
			"sum":	{
				"start":	5.000072,
				"end":	6.000067,
				"seconds":	0.999994993209839,
				"bytes":	58982400,
				"bits_per_second":	471861562.5118286,
				"retransmits":	0,
				"omitted":	false,
				"sender":	true
			}
		}, {
			"streams":	[{
					"socket":	6,
					"start":	6.000067,
					"end":	7.000069,
					"seconds":	1.0000020265579224,
					"bytes":	60293120,
					"bits_per_second":	482343982.501981,
					"retransmits":	0,
					"snd_cwnd":	9320776,
					"snd_wnd":	3143552,
					"rtt":	51105,
					"rttvar":	639,
					"pmtu":	1500,
					"omitted":	false,
					"sender":	true
				}],
			"sum":	{
				"start":	6.000067,
				"end":	7.000069,
				"seconds":	1.0000020265579224,
				"bytes":	60293120,
				"bits_per_second":	482343982.501981,
				"retransmits":	0,
				"omitted":	false,
				"sender":	true
			}
		}, {
			"streams":	[{
					"socket":	6,
					"start":	7.000069,
					"end":	8.000072,
					"seconds":	1.0000029802322388,
					"bytes":	58982400,
					"bits_per_second":	471857793.754191,
					"retransmits":	0,
					"snd_cwnd":	9320776,
					"snd_wnd":	3143552,
					"rtt":	50215,
					"rttvar":	186,
					"pmtu":	1500,
					"omitted":	false,
					"sender":	true
				}],
			"sum":	{
				"start":	7.000069,
				"end":	8.000072,
				"seconds":	1.0000029802322388,
				"bytes":	58982400,
				"bits_per_second":	471857793.754191,
				"retransmits":	0,
				"omitted":	false,
				"sender":	true
			}
		}, {
			"streams":	[{
					"socket":	6,
					"start":	8.000072,
					"end":	9.000068,
					"seconds":	0.9999960064888,
					"bytes":	60293120,
					"bits_per_second":	482346886.25769252,
					"retransmits":	0,
					"snd_cwnd":	9320776,
					"snd_wnd":	3143552,
					"rtt":	51120,
					"rttvar":	652,
					"pmtu":	1500,
					"omitted":	false,
					"sender":	true
				}],
			"sum":	{
				"start":	8.000072,
				"end":	9.000068,
				"seconds":	0.9999960064888,
				"bytes":	60293120,
				"bits_per_second":	482346886.25769252,
				"retransmits":	0,
				"omitted":	false,
				"sender":	true
			}
		}, {
			"streams":	[{
					"socket":	6,
					"start":	9.000068,
					"end":	10.000064,
					"seconds":	0.9999960064888,
					"bytes":	60293120,
					"bits_per_second":	482346886.25769252,
					"retransmits":	0,
					"snd_cwnd":	9320776,
					"snd_wnd":	3143552,
					"rtt":	50234,
					"rttvar":	188,
					"pmtu":	1500,
					"omitted":	false,
					"sender":	true
				}],
			"sum":	{
				"start":	9.000068,
				"end":	10.000064,
				"seconds":	0.9999960064888,
				"bytes":	60293120,
				"bits_per_second":	482346886.25769252,
				"retransmits":	0,
				"omitted":	false,
				"sender":	true
			}
		}, {
			"streams":	[{
					"socket":	6,
					"start":	10.000064,
					"end":	11.000076,
					"seconds":	1.0000120401382446,
					"bytes":	45875200,
					"bits_per_second":	366997181.30320174,
					"retransmits":	0,
					"snd_cwnd":	9320776,
					"snd_wnd":	3143552,
					"rtt":	51634,
					"rttvar":	902,
					"pmtu":	1500,
					"omitted":	false,
					"sender":	true
				}],
			"sum":	{
				"start":	10.000064,
				"end":	11.000076,
				"seconds":	1.0000120401382446,
				"bytes":	45875200,
				"bits_per_second":	366997181.30320174,
				"retransmits":	0,
				"omitted":	false,
				"sender":	true
			}
		}, {
			"streams":	[{
					"socket":	6,
					"start":	11.000076,
					"end":	12.000071,
					"seconds":	0.999994993209839,
					"bytes":	58982400,
					"bits_per_second":	471861562.5118286,
					"retransmits":	0,
					"snd_cwnd":	9320776,
					"snd_wnd":	3143552,
					"rtt":	50295,
					"rttvar":	250,
					"pmtu":	1500,
					"omitted":	false,
					"sender":	true
				}],
			"sum":	{
				"start":	11.000076,
				"end":	12.000071,
				"seconds":	0.999994993209839,
				"bytes":	58982400,
				"bits_per_second":	471861562.5118286,
				"retransmits":	0,
				"omitted":	false,
				"sender":	true
			}
		}, {
			"streams":	[{
					"socket":	6,
					"start":	12.000071,
					"end":	13.000069,
					"seconds":	0.99999797344207764,
					"bytes":	60293120,
					"bits_per_second":	482345937.501981,
					"retransmits":	0,
					"snd_cwnd":	9320776,
					"snd_wnd":	3143552,
					"rtt":	50626,
					"rttvar":	707,
					"pmtu":	1500,
					"omitted":	false,
					"sender":	true
				}],
			"sum":	{
				"start":	12.000071,
				"end":	13.000069,
				"seconds":	0.99999797344207764,
				"bytes":	60293120,
				"bits_per_second":	482345937.501981,
				"retransmits":	0,
				"omitted":	false,
				"sender":	true
			}
		}, {
			"streams":	[{
					"socket":	6,
					"start":	13.000069,
					"end":	14.000088,
					"seconds":	1.0000189542770386,
					"bytes":	60293120,
					"bits_per_second":	482335817.6732862,
					"retransmits":	0,
					"snd_cwnd":	9320776,
					"snd_wnd":	3143552,
					"rtt":	50895,
					"rttvar":	662,
					"pmtu":	1500,
					"omitted":	false,
					"sender":	true
				}],
			"sum":	{
				"start":	13.000069,
				"end":	14.000088,
				"seconds":	1.0000189542770386,
				"bytes":	60293120,
				"bits_per_second":	482335817.6732862,
				"retransmits":	0,
				"omitted":	false,
				"sender":	true
			}
		}, {
			"streams":	[{
					"socket":	6,
					"start":	14.000088,
					"end":	15.00007,
					"seconds":	0.99998199939727783,
					"bytes":	58982400,
					"bits_per_second":	471867693.90289539,
					"retransmits":	0,
					"snd_cwnd":	9320776,
					"snd_wnd":	3143552,
					"rtt":	51293,
					"rttvar":	671,
					"pmtu":	1500,
					"omitted":	false,
					"sender":	true
				}],
			"sum":	{
				"start":	14.000088,
				"end":	15.00007,
				"seconds":	0.99998199939727783,
				"bytes":	58982400,
				"bits_per_second":	471867693.90289539,
				"retransmits":	0,
				"omitted":	false,
				"sender":	true
			}
		}, {
			"streams":	[{
					"socket":	6,
					"start":	15.00007,
					"end":	16.000066,
					"seconds":	0.9999960064888,
					"bytes":	60293120,
					"bits_per_second":	482346886.25769252,
					"retransmits":	0,
					"snd_cwnd":	9320776,
					"snd_wnd":	3143552,
					"rtt":	50664,
					"rttvar":	537,
					"pmtu":	1500,
					"omitted":	false,
					"sender":	true
				}],
			"sum":	{
				"start":	15.00007,
				"end":	16.000066,
				"seconds":	0.9999960064888,
				"bytes":	60293120,
				"bits_per_second":	482346886.25769252,
				"retransmits":	0,
				"omitted":	false,
				"sender":	true
			}
		}, {
			"streams":	[{
					"socket":	6,
					"start":	16.000066,
					"end":	17.000074,
					"seconds":	1.0000079870224,
					"bytes":	58982400,
					"bits_per_second":	471855431.28010082,
					"retransmits":	0,
					"snd_cwnd":	9320776,
					"snd_wnd":	3143552,
					"rtt":	51417,
					"rttvar":	752,
					"pmtu":	1500,
					"omitted":	false,
					"sender":	true
				}],
			"sum":	{
				"start":	16.000066,
				"end":	17.000074,
				"seconds":	1.0000079870224,
				"bytes":	58982400,
				"bits_per_second":	471855431.28010082,
				"retransmits":	0,
				"omitted":	false,
				"sender":	true
			}
		}, {
			"streams":	[{
					"socket":	6,
					"start":	17.000074,
					"end":	18.000077,
					"seconds":	1.0000029802322388,
					"bytes":	60293120,
					"bits_per_second":	482343522.504284,
					"retransmits":	0,
					"snd_cwnd":	9320776,
					"snd_wnd":	3143552,
					"rtt":	50906,
					"rttvar":	551,
					"pmtu":	1500,
					"omitted":	false,
					"sender":	true
				}],
			"sum":	{
				"start":	17.000074,
				"end":	18.000077,
				"seconds":	1.0000029802322388,
				"bytes":	60293120,
				"bits_per_second":	482343522.504284,
				"retransmits":	0,
				"omitted":	false,
				"sender":	true
			}
		}, {
			"streams":	[{
					"socket":	6,
					"start":	18.000077,
					"end":	19.000068,
					"seconds":	0.999990999698639,
					"bytes":	58982400,
					"bits_per_second":	471863446.91322351,
					"retransmits":	0,
					"snd_cwnd":	9320776,
					"snd_wnd":	3143552,
					"rtt":	50971,
					"rttvar":	615,
					"pmtu":	1500,
					"omitted":	false,
					"sender":	true
				}],
			"sum":	{
				"start":	18.000077,
				"end":	19.000068,
				"seconds":	0.999990999698639,
				"bytes":	58982400,
				"bits_per_second":	471863446.91322351,
				"retransmits":	0,
				"omitted":	false,
				"sender":	true
			}
		}, {
			"streams":	[{
					"socket":	6,
					"start":	19.000068,
					"end":	20.000069,
					"seconds":	1.0000009536743164,
					"bytes":	60293120,
					"bits_per_second":	482344500.00043869,
					"retransmits":	0,
					"snd_cwnd":	9320776,
					"snd_wnd":	3143552,
					"rtt":	50748,
					"rttvar":	380,
					"pmtu":	1500,
					"omitted":	false,
					"sender":	true
				}],
			"sum":	{
				"start":	19.000068,
				"end":	20.000069,
				"seconds":	1.0000009536743164,
				"bytes":	60293120,
				"bits_per_second":	482344500.00043869,
				"retransmits":	0,
				"omitted":	false,
				"sender":	true
			}
		}, {
			"streams":	[{
					"socket":	6,
					"start":	20.000069,
					"end":	21.000081,
					"seconds":	1.0000120401382446,
					"bytes":	60293120,
					"bits_per_second":	482339152.56992227,
					"retransmits":	0,
					"snd_cwnd":	9320776,
					"snd_wnd":	3143552,
					"rtt":	51893,
					"rttvar":	707,
					"pmtu":	1500,
					"omitted":	false,
					"sender":	true
				}],
			"sum":	{
				"start":	20.000069,
				"end":	21.000081,
				"seconds":	1.0000120401382446,
				"bytes":	60293120,
				"bits_per_second":	482339152.56992227,
				"retransmits":	0,
				"omitted":	false,
				"sender":	true
			}
		}, {
			"streams":	[{
					"socket":	6,
					"start":	21.000081,
					"end":	22.000078,
					"seconds":	0.99999701976776123,
					"bytes":	58982400,
					"bits_per_second":	471860606.254191,
					"retransmits":	0,
					"snd_cwnd":	9320776,
					"snd_wnd":	3143552,
					"rtt":	50449,
					"rttvar":	391,
					"pmtu":	1500,
					"omitted":	false,
					"sender":	true
				}],
			"sum":	{
				"start":	21.000081,
				"end":	22.000078,
				"seconds":	0.99999701976776123,
				"bytes":	58982400,
				"bits_per_second":	471860606.254191,
				"retransmits":	0,
				"omitted":	false,
				"sender":	true
			}
		}, {
			"streams":	[{
					"socket":	6,
					"start":	22.000078,
					"end":	23.000087,
					"seconds":	1.0000089406967163,
					"bytes":	60293120,
					"bits_per_second":	482340647.5385564,
					"retransmits":	0,
					"snd_cwnd":	9320776,
					"snd_wnd":	3143552,
					"rtt":	51698,
					"rttvar":	625,
					"pmtu":	1500,
					"omitted":	false,
					"sender":	true
				}],
			"sum":	{
				"start":	22.000078,
				"end":	23.000087,
				"seconds":	1.0000089406967163,
				"bytes":	60293120,
				"bits_per_second":	482340647.5385564,
				"retransmits":	0,
				"omitted":	false,
				"sender":	true
			}
		}, {
			"streams":	[{
					"socket":	6,
					"start":	23.000087,
					"end":	24.000064,
					"seconds":	0.9999769926071167,
					"bytes":	60293120,
					"bits_per_second":	482356057.75533044,
					"retransmits":	0,
					"snd_cwnd":	9320776,
					"snd_wnd":	3143552,
					"rtt":	51528,
					"rttvar":	1114,
					"pmtu":	1500,
					"omitted":	false,
					"sender":	true
				}],
			"sum":	{
				"start":	23.000087,
				"end":	24.000064,
				"seconds":	0.9999769926071167,
				"bytes":	60293120,
				"bits_per_second":	482356057.75533044,
				"retransmits":	0,
				"omitted":	false,
				"sender":	true
			}
		}, {
			"streams":	[{
					"socket":	6,
					"start":	24.000064,
					"end":	25.000069,
					"seconds":	1.0000050067901611,
					"bytes":	58982400,
					"bits_per_second":	471856837.51182848,
					"retransmits":	0,
					"snd_cwnd":	9320776,
					"snd_wnd":	3143552,
					"rtt":	50380,
					"rttvar":	470,
					"pmtu":	1500,
					"omitted":	false,
					"sender":	true
				}],
			"sum":	{
				"start":	24.000064,
				"end":	25.000069,
				"seconds":	1.0000050067901611,
				"bytes":	58982400,
				"bits_per_second":	471856837.51182848,
				"retransmits":	0,
				"omitted":	false,
				"sender":	true
			}
		}, {
			"streams":	[{
					"socket":	6,
					"start":	25.000069,
					"end":	26.00007,
					"seconds":	1.0000009536743164,
					"bytes":	43253760,
					"bits_per_second":	346029750.00031471,
					"retransmits":	0,
					"snd_cwnd":	9320776,
					"snd_wnd":	3143552,
					"rtt":	51218,
					"rttvar":	385,
					"pmtu":	1500,
					"omitted":	false,
					"sender":	true
				}],
			"sum":	{
				"start":	25.000069,
				"end":	26.00007,
				"seconds":	1.0000009536743164,
				"bytes":	43253760,
				"bits_per_second":	346029750.00031471,
				"retransmits":	0,
				"omitted":	false,
				"sender":	true
			}
		}, {
			"streams":	[{
					"socket":	6,
					"start":	26.00007,
					"end":	27.000127,
					"seconds":	1.0000569820404053,
					"bytes":	60293120,
					"bits_per_second":	482317476.56606215,
					"retransmits":	0,
					"snd_cwnd":	9320776,
					"snd_wnd":	3143552,
					"rtt":	51104,
					"rttvar":	1331,
					"pmtu":	1500,
					"omitted":	false,
					"sender":	true
				}],
			"sum":	{
				"start":	26.00007,
				"end":	27.000127,
				"seconds":	1.0000569820404053,
				"bytes":	60293120,
				"bits_per_second":	482317476.56606215,
				"retransmits":	0,
				"omitted":	false,
				"sender":	true
			}
		}, {
			"streams":	[{
					"socket":	6,
					"start":	27.000127,
					"end":	28.000074,
					"seconds":	0.99994701147079468,
					"bytes":	58982400,
					"bits_per_second":	471884204.449949,
					"retransmits":	0,
					"snd_cwnd":	9320776,
					"snd_wnd":	3143552,
					"rtt":	50469,
					"rttvar":	175,
					"pmtu":	1500,
					"omitted":	false,
					"sender":	true
				}],
			"sum":	{
				"start":	27.000127,
				"end":	28.000074,
				"seconds":	0.99994701147079468,
				"bytes":	58982400,
				"bits_per_second":	471884204.449949,
				"retransmits":	0,
				"omitted":	false,
				"sender":	true
			}
		}, {
			"streams":	[{
					"socket":	6,
					"start":	28.000074,
					"end":	29.000069,
					"seconds":	0.999994993209839,
					"bytes":	60293120,
					"bits_per_second":	482347375.01209146,
					"retransmits":	0,
					"snd_cwnd":	9320776,
					"snd_wnd":	3143552,
					"rtt":	51100,
					"rttvar":	909,
					"pmtu":	1500,
					"omitted":	false,
					"sender":	true
				}],
			"sum":	{
				"start":	28.000074,
				"end":	29.000069,
				"seconds":	0.999994993209839,
				"bytes":	60293120,
				"bits_per_second":	482347375.01209146,
				"retransmits":	0,
				"omitted":	false,
				"sender":	true
			}
		}, {
			"streams":	[{
					"socket":	6,
					"start":	29.000069,
					"end":	30.000087,
					"seconds":	1.0000180006027222,
					"bytes":	58982400,
					"bits_per_second":	471850706.40288985,
					"retransmits":	0,
					"snd_cwnd":	9320776,
					"snd_wnd":	3143552,
					"rtt":	50519,
					"rttvar":	253,
					"pmtu":	1500,
					"omitted":	false,
					"sender":	true
				}],
			"sum":	{
				"start":	29.000069,
				"end":	30.000087,
				"seconds":	1.0000180006027222,
				"bytes":	58982400,
				"bits_per_second":	471850706.40288985,
				"retransmits":	0,
				"omitted":	false,
				"sender":	true
			}
		}, {
			"streams":	[{
					"socket":	6,
					"start":	30.000087,
					"end":	31.000072,
					"seconds":	0.9999849796295166,
					"bytes":	60293120,
					"bits_per_second":	482352205.10882419,
					"retransmits":	0,
					"snd_cwnd":	9320776,
					"snd_wnd":	3143552,
					"rtt":	50608,
					"rttvar":	453,
					"pmtu":	1500,
					"omitted":	false,
					"sender":	true
				}],
			"sum":	{
				"start":	30.000087,
				"end":	31.000072,
				"seconds":	0.9999849796295166,
				"bytes":	60293120,
				"bits_per_second":	482352205.10882419,
				"retransmits":	0,
				"omitted":	false,
				"sender":	true
			}
		}, {
			"streams":	[{
					"socket":	6,
					"start":	31.000072,
					"end":	32.000081,
					"seconds":	1.0000089406967163,
					"bytes":	58982400,
					"bits_per_second":	471854981.28771824,
					"retransmits":	0,
					"snd_cwnd":	9320776,
					"snd_wnd":	3143552,
					"rtt":	50949,
					"rttvar":	601,
					"pmtu":	1500,
					"omitted":	false,
					"sender":	true
				}],
			"sum":	{
				"start":	31.000072,
				"end":	32.000081,
				"seconds":	1.0000089406967163,
				"bytes":	58982400,
				"bits_per_second":	471854981.28771824,
				"retransmits":	0,
				"omitted":	false,
				"sender":	true
			}
		}, {
			"streams":	[{
					"socket":	6,
					"start":	32.000081,
					"end":	33.000072,
					"seconds":	0.999990999698639,
					"bytes":	60293120,
					"bits_per_second":	482349301.289073,
					"retransmits":	0,
					"snd_cwnd":	9320776,
					"snd_wnd":	3143552,
					"rtt":	51377,
					"rttvar":	764,
					"pmtu":	1500,
					"omitted":	false,
					"sender":	true
				}],
			"sum":	{
				"start":	32.000081,
				"end":	33.000072,
				"seconds":	0.999990999698639,
				"bytes":	60293120,
				"bits_per_second":	482349301.289073,
				"retransmits":	0,
				"omitted":	false,
				"sender":	true
			}
		}, {
			"streams":	[{
					"socket":	6,
					"start":	33.000072,
					"end":	34.000064,
					"seconds":	0.9999920129776,
					"bytes":	60293120,
					"bits_per_second":	482348812.53077024,
					"retransmits":	0,
					"snd_cwnd":	9320776,
					"snd_wnd":	3143552,
					"rtt":	51830,
					"rttvar":	760,
					"pmtu":	1500,
					"omitted":	false,
					"sender":	true
				}],
			"sum":	{
				"start":	33.000072,
				"end":	34.000064,
				"seconds":	0.9999920129776,
				"bytes":	60293120,
				"bits_per_second":	482348812.53077024,
				"retransmits":	0,
				"omitted":	false,
				"sender":	true
			}
		}, {
			"streams":	[{
					"socket":	6,
					"start":	34.000064,
					"end":	35.000072,
					"seconds":	1.0000079870224,
					"bytes":	58982400,
					"bits_per_second":	471855431.28010082,
					"retransmits":	0,
					"snd_cwnd":	9320776,
					"snd_wnd":	3143552,
					"rtt":	51380,
					"rttvar":	778,
					"pmtu":	1500,
					"omitted":	false,
					"sender":	true
				}],
			"sum":	{
				"start":	34.000064,
				"end":	35.000072,
				"seconds":	1.0000079870224,
				"bytes":	58982400,
				"bits_per_second":	471855431.28010082,
				"retransmits":	0,
				"omitted":	false,
				"sender":	true
			}
		}, {
			"streams":	[{
					"socket":	6,
					"start":	35.000072,
					"end":	36.000068,
					"seconds":	0.9999960064888,
					"bytes":	60293120,
					"bits_per_second":	482346886.25769252,
					"retransmits":	0,
					"snd_cwnd":	9320776,
					"snd_wnd":	3143552,
					"rtt":	50891,
					"rttvar":	642,
					"pmtu":	1500,
					"omitted":	false,
					"sender":	true
				}],
			"sum":	{
				"start":	35.000072,
				"end":	36.000068,
				"seconds":	0.9999960064888,
				"bytes":	60293120,
				"bits_per_second":	482346886.25769252,
				"retransmits":	0,
				"omitted":	false,
				"sender":	true
			}
		}, {
			"streams":	[{
					"socket":	6,
					"start":	36.000068,
					"end":	37.000071,
					"seconds":	1.0000029802322388,
					"bytes":	58982400,
					"bits_per_second":	471857793.754191,
					"retransmits":	0,
					"snd_cwnd":	9320776,
					"snd_wnd":	3143552,
					"rtt":	50926,
					"rttvar":	633,
					"pmtu":	1500,
					"omitted":	false,
					"sender":	true
				}],
			"sum":	{
				"start":	36.000068,
				"end":	37.000071,
				"seconds":	1.0000029802322388,
				"bytes":	58982400,
				"bits_per_second":	471857793.754191,
				"retransmits":	0,
				"omitted":	false,
				"sender":	true
			}
		}, {
			"streams":	[{
					"socket":	6,
					"start":	37.000071,
					"end":	38.00007,
					"seconds":	0.99999898672103882,
					"bytes":	60293120,
					"bits_per_second":	482345448.75049525,
					"retransmits":	0,
					"snd_cwnd":	9320776,
					"snd_wnd":	3143552,
					"rtt":	50804,
					"rttvar":	634,
					"pmtu":	1500,
					"omitted":	false,
					"sender":	true
				}],
			"sum":	{
				"start":	37.000071,
				"end":	38.00007,
				"seconds":	0.99999898672103882,
				"bytes":	60293120,
				"bits_per_second":	482345448.75049525,
				"retransmits":	0,
				"omitted":	false,
				"sender":	true
			}
		}, {
			"streams":	[{
					"socket":	6,
					"start":	38.00007,
					"end":	39.000068,
					"seconds":	0.99999797344207764,
					"bytes":	58982400,
					"bits_per_second":	471860156.251938,
					"retransmits":	0,
					"snd_cwnd":	9320776,
					"snd_wnd":	3143552,
					"rtt":	51373,
					"rttvar":	781,
					"pmtu":	1500,
					"omitted":	false,
					"sender":	true
				}],
			"sum":	{
				"start":	38.00007,
				"end":	39.000068,
				"seconds":	0.99999797344207764,
				"bytes":	58982400,
				"bits_per_second":	471860156.251938,
				"retransmits":	0,
				"omitted":	false,
				"sender":	true
			}
		}, {
			"streams":	[{
					"socket":	6,
					"start":	39.000068,
					"end":	40.000076,
					"seconds":	1.0000079870224,
					"bytes":	60293120,
					"bits_per_second":	482341107.53076977,
					"retransmits":	0,
					"snd_cwnd":	9320776,
					"snd_wnd":	3143552,
					"rtt":	50635,
					"rttvar":	628,
					"pmtu":	1500,
					"omitted":	false,
					"sender":	true
				}],
			"sum":	{
				"start":	39.000068,
				"end":	40.000076,
				"seconds":	1.0000079870224,
				"bytes":	60293120,
				"bits_per_second":	482341107.53076977,
				"retransmits":	0,
				"omitted":	false,
				"sender":	true
			}
		}, {
			"streams":	[{
					"socket":	6,
					"start":	40.000076,
					"end":	41.000073,
					"seconds":	0.99999701976776123,
					"bytes":	58982400,
					"bits_per_second":	471860606.254191,
					"retransmits":	0,
					"snd_cwnd":	9320776,
					"snd_wnd":	3143552,
					"rtt":	51145,
					"rttvar":	898,
					"pmtu":	1500,
					"omitted":	false,
					"sender":	true
				}],
			"sum":	{
				"start":	40.000076,
				"end":	41.000073,
				"seconds":	0.99999701976776123,
				"bytes":	58982400,
				"bits_per_second":	471860606.254191,
				"retransmits":	0,
				"omitted":	false,
				"sender":	true
			}
		}, {
			"streams":	[{
					"socket":	6,
					"start":	41.000073,
					"end":	42.000068,
					"seconds":	0.999994993209839,
					"bytes":	61603840,
					"bits_per_second":	492833187.51235431,
					"retransmits":	0,
					"snd_cwnd":	9320776,
					"snd_wnd":	3143552,
					"rtt":	51303,
					"rttvar":	678,
					"pmtu":	1500,
					"omitted":	false,
					"sender":	true
				}],
			"sum":	{
				"start":	41.000073,
				"end":	42.000068,
				"seconds":	0.999994993209839,
				"bytes":	61603840,
				"bits_per_second":	492833187.51235431,
				"retransmits":	0,
				"omitted":	false,
				"sender":	true
			}
		}, {
			"streams":	[{
					"socket":	6,
					"start":	42.000068,
					"end":	43.000081,
					"seconds":	1.000012993812561,
					"bytes":	41943040,
					"bits_per_second":	335539960.05665231,
					"retransmits":	0,
					"snd_cwnd":	9320776,
					"snd_wnd":	3143552,
					"rtt":	50997,
					"rttvar":	1144,
					"pmtu":	1500,
					"omitted":	false,
					"sender":	true
				}],
			"sum":	{
				"start":	42.000068,
				"end":	43.000081,
				"seconds":	1.000012993812561,
				"bytes":	41943040,
				"bits_per_second":	335539960.05665231,
				"retransmits":	0,
				"omitted":	false,
				"sender":	true
			}
		}, {
			"streams":	[{
					"socket":	6,
					"start":	43.000081,
					"end":	44.000072,
					"seconds":	0.999990999698639,
					"bytes":	60293120,
					"bits_per_second":	482349301.289073,
					"retransmits":	0,
					"snd_cwnd":	9320776,
					"snd_wnd":	3143552,
					"rtt":	51041,
					"rttvar":	774,
					"pmtu":	1500,
					"omitted":	false,
					"sender":	true
				}],
			"sum":	{
				"start":	43.000081,
				"end":	44.000072,
				"seconds":	0.999990999698639,
				"bytes":	60293120,
				"bits_per_second":	482349301.289073,
				"retransmits":	0,
				"omitted":	false,
				"sender":	true
			}
		}, {
			"streams":	[{
					"socket":	6,
					"start":	44.000072,
					"end":	45.000076,
					"seconds":	1.0000040531158447,
					"bytes":	58982400,
					"bits_per_second":	471857287.50775152,
					"retransmits":	0,
					"snd_cwnd":	9320776,
					"snd_wnd":	3143552,
					"rtt":	50786,
					"rttvar":	712,
					"pmtu":	1500,
					"omitted":	false,
					"sender":	true
				}],
			"sum":	{
				"start":	44.000072,
				"end":	45.000076,
				"seconds":	1.0000040531158447,
				"bytes":	58982400,
				"bits_per_second":	471857287.50775152,
				"retransmits":	0,
				"omitted":	false,
				"sender":	true
			}
		}, {
			"streams":	[{
					"socket":	6,
					"start":	45.000076,
					"end":	46.000074,
					"seconds":	0.99999797344207764,
					"bytes":	60293120,
					"bits_per_second":	482345937.501981,
					"retransmits":	0,
					"snd_cwnd":	9320776,
					"snd_wnd":	3143552,
					"rtt":	51139,
					"rttvar":	787,
					"pmtu":	1500,
					"omitted":	false,
					"sender":	true
				}],
			"sum":	{
				"start":	45.000076,
				"end":	46.000074,
				"seconds":	0.99999797344207764,
				"bytes":	60293120,
				"bits_per_second":	482345937.501981,
				"retransmits":	0,
				"omitted":	false,
				"sender":	true
			}
		}, {
			"streams":	[{
					"socket":	6,
					"start":	46.000074,
					"end":	47.000065,
					"seconds":	0.999990999698639,
					"bytes":	60293120,
					"bits_per_second":	482349301.289073,
					"retransmits":	0,
					"snd_cwnd":	9320776,
					"snd_wnd":	3143552,
					"rtt":	50758,
					"rttvar":	800,
					"pmtu":	1500,
					"omitted":	false,
					"sender":	true
				}],
			"sum":	{
				"start":	46.000074,
				"end":	47.000065,
				"seconds":	0.999990999698639,
				"bytes":	60293120,
				"bits_per_second":	482349301.289073,
				"retransmits":	0,
				"omitted":	false,
				"sender":	true
			}
		}, {
			"streams":	[{
					"socket":	6,
					"start":	47.000065,
					"end":	48.000069,
					"seconds":	1.0000040531158447,
					"bytes":	58982400,
					"bits_per_second":	471857287.50775152,
					"retransmits":	0,
					"snd_cwnd":	9320776,
					"snd_wnd":	3143552,
					"rtt":	51032,
					"rttvar":	123,
					"pmtu":	1500,
					"omitted":	false,
					"sender":	true
				}],
			"sum":	{
				"start":	47.000065,
				"end":	48.000069,
				"seconds":	1.0000040531158447,
				"bytes":	58982400,
				"bits_per_second":	471857287.50775152,
				"retransmits":	0,
				"omitted":	false,
				"sender":	true
			}
		}, {
			"streams":	[{
					"socket":	6,
					"start":	48.000069,
					"end":	49.000076,
					"seconds":	1.0000070333480835,
					"bytes":	60293120,
					"bits_per_second":	482341567.52386045,
					"retransmits":	0,
					"snd_cwnd":	9320776,
					"snd_wnd":	3143552,
					"rtt":	50829,
					"rttvar":	369,
					"pmtu":	1500,
					"omitted":	false,
					"sender":	true
				}],
			"sum":	{
				"start":	48.000069,
				"end":	49.000076,
				"seconds":	1.0000070333480835,
				"bytes":	60293120,
				"bits_per_second":	482341567.52386045,
				"retransmits":	0,
				"omitted":	false,
				"sender":	true
			}
		}, {
			"streams":	[{
					"socket":	6,
					"start":	49.000076,
					"end":	50.000071,
					"seconds":	0.999994993209839,
					"bytes":	60293120,
					"bits_per_second":	482347375.01209146,
					"retransmits":	0,
					"snd_cwnd":	9320776,
					"snd_wnd":	3143552,
					"rtt":	50670,
					"rttvar":	145,
					"pmtu":	1500,
					"omitted":	false,
					"sender":	true
				}],
			"sum":	{
				"start":	49.000076,
				"end":	50.000071,
				"seconds":	0.999994993209839,
				"bytes":	60293120,
				"bits_per_second":	482347375.01209146,
				"retransmits":	0,
				"omitted":	false,
				"sender":	true
			}
		}, {
			"streams":	[{
					"socket":	6,
					"start":	50.000071,
					"end":	51.000072,
					"seconds":	1.0000009536743164,
					"bytes":	58982400,
					"bits_per_second":	471858750.00042915,
					"retransmits":	0,
					"snd_cwnd":	9320776,
					"snd_wnd":	3143552,
					"rtt":	50517,
					"rttvar":	603,
					"pmtu":	1500,
					"omitted":	false,
					"sender":	true
				}],
			"sum":	{
				"start":	50.000071,
				"end":	51.000072,
				"seconds":	1.0000009536743164,
				"bytes":	58982400,
				"bits_per_second":	471858750.00042915,
				"retransmits":	0,
				"omitted":	false,
				"sender":	true
			}
		}, {
			"streams":	[{
					"socket":	6,
					"start":	51.000072,
					"end":	52.000071,
					"seconds":	0.99999898672103882,
					"bytes":	60293120,
					"bits_per_second":	482345448.75049525,
					"retransmits":	0,
					"snd_cwnd":	9320776,
					"snd_wnd":	3143552,
					"rtt":	50380,
					"rttvar":	187,
					"pmtu":	1500,
					"omitted":	false,
					"sender":	true
				}],
			"sum":	{
				"start":	51.000072,
				"end":	52.000071,
				"seconds":	0.99999898672103882,
				"bytes":	60293120,
				"bits_per_second":	482345448.75049525,
				"retransmits":	0,
				"omitted":	false,
				"sender":	true
			}
		}, {
			"streams":	[{
					"socket":	6,
					"start":	52.000071,
					"end":	53.00007,
					"seconds":	0.99999898672103882,
					"bytes":	58982400,
					"bits_per_second":	471859678.12548447,
					"retransmits":	0,
					"snd_cwnd":	9320776,
					"snd_wnd":	3143552,
					"rtt":	50858,
					"rttvar":	727,
					"pmtu":	1500,
					"omitted":	false,
					"sender":	true
				}],
			"sum":	{
				"start":	52.000071,
				"end":	53.00007,
				"seconds":	0.99999898672103882,
				"bytes":	58982400,
				"bits_per_second":	471859678.12548447,
				"retransmits":	0,
				"omitted":	false,
				"sender":	true
			}
		}, {
			"streams":	[{
					"socket":	6,
					"start":	53.00007,
					"end":	54.000075,
					"seconds":	1.0000050067901611,
					"bytes":	60293120,
					"bits_per_second":	482342545.01209134,
					"retransmits":	0,
					"snd_cwnd":	9320776,
					"snd_wnd":	3143552,
					"rtt":	50387,
					"rttvar":	198,
					"pmtu":	1500,
					"omitted":	false,
					"sender":	true
				}],
			"sum":	{
				"start":	53.00007,
				"end":	54.000075,
				"seconds":	1.0000050067901611,
				"bytes":	60293120,
				"bits_per_second":	482342545.01209134,
				"retransmits":	0,
				"omitted":	false,
				"sender":	true
			}
		}, {
			"streams":	[{
					"socket":	6,
					"start":	54.000075,
					"end":	55.00008,
					"seconds":	1.0000050067901611,
					"bytes":	60293120,
					"bits_per_second":	482342545.01209134,
					"retransmits":	0,
					"snd_cwnd":	9320776,
					"snd_wnd":	3143552,
					"rtt":	51177,
					"rttvar":	829,
					"pmtu":	1500,
					"omitted":	false,
					"sender":	true
				}],
			"sum":	{
				"start":	54.000075,
				"end":	55.00008,
				"seconds":	1.0000050067901611,
				"bytes":	60293120,
				"bits_per_second":	482342545.01209134,
				"retransmits":	0,
				"omitted":	false,
				"sender":	true
			}
		}, {
			"streams":	[{
					"socket":	6,
					"start":	55.00008,
					"end":	56.000072,
					"seconds":	0.9999920129776,
					"bytes":	58982400,
					"bits_per_second":	471862968.78010136,
					"retransmits":	0,
					"snd_cwnd":	9320776,
					"snd_wnd":	3143552,
					"rtt":	50300,
					"rttvar":	166,
					"pmtu":	1500,
					"omitted":	false,
					"sender":	true
				}],
			"sum":	{
				"start":	55.00008,
				"end":	56.000072,
				"seconds":	0.9999920129776,
				"bytes":	58982400,
				"bits_per_second":	471862968.78010136,
				"retransmits":	0,
				"omitted":	false,
				"sender":	true
			}
		}, {
			"streams":	[{
					"socket":	6,
					"start":	56.000072,
					"end":	57.000066,
					"seconds":	0.99999397993087769,
					"bytes":	60293120,
					"bits_per_second":	482347863.76748091,
					"retransmits":	0,
					"snd_cwnd":	9320776,
					"snd_wnd":	3143552,
					"rtt":	51668,
					"rttvar":	1023,
					"pmtu":	1500,
					"omitted":	false,
					"sender":	true
				}],
			"sum":	{
				"start":	56.000072,
				"end":	57.000066,
				"seconds":	0.99999397993087769,
				"bytes":	60293120,
				"bits_per_second":	482347863.76748091,
				"retransmits":	0,
				"omitted":	false,
				"sender":	true
			}
		}, {
			"streams":	[{
					"socket":	6,
					"start":	57.000066,
					"end":	58.000065,
					"seconds":	0.99999898672103882,
					"bytes":	60293120,
					"bits_per_second":	482345448.75049525,
					"retransmits":	0,
					"snd_cwnd":	9320776,
					"snd_wnd":	3143552,
					"rtt":	50408,
					"rttvar":	78,
					"pmtu":	1500,
					"omitted":	false,
					"sender":	true
				}],
			"sum":	{
				"start":	57.000066,
				"end":	58.000065,
				"seconds":	0.99999898672103882,
				"bytes":	60293120,
				"bits_per_second":	482345448.75049525,
				"retransmits":	0,
				"omitted":	false,
				"sender":	true
			}
		}, {
			"streams":	[{
					"socket":	6,
					"start":	58.000065,
					"end":	59.000074,
					"seconds":	1.0000089406967163,
					"bytes":	58982400,
					"bits_per_second":	471854981.28771824,
					"retransmits":	0,
					"snd_cwnd":	9320776,
					"snd_wnd":	3143552,
					"rtt":	50755,
					"rttvar":	352,
					"pmtu":	1500,
					"omitted":	false,
					"sender":	true
				}],
			"sum":	{
				"start":	58.000065,
				"end":	59.000074,
				"seconds":	1.0000089406967163,
				"bytes":	58982400,
				"bits_per_second":	471854981.28771824,
				"retransmits":	0,
				"omitted":	false,
				"sender":	true
			}
		}, {
			"streams":	[{
					"socket":	6,
					"start":	59.000074,
					"end":	60.000074,
					"seconds":	1,
					"bytes":	60293120,
					"bits_per_second":	482344960,
					"retransmits":	0,
					"snd_cwnd":	9320776,
					"snd_wnd":	3143552,
					"rtt":	50400,
					"rttvar":	311,
					"pmtu":	1500,
					"omitted":	false,
					"sender":	true
				}],
			"sum":	{
				"start":	59.000074,
				"end":	60.000074,
				"seconds":	1,
				"bytes":	60293120,
				"bits_per_second":	482344960,
				"retransmits":	0,
				"omitted":	false,
				"sender":	true
			}
		}],
	"end":	{
		"streams":	[{
				"sender":	{
					"socket":	6,
					"start":	0,
					"end":	60.000074,
					"seconds":	60.000074,
					"bytes":	3519152128,
					"bits_per_second":	469219705.0290305,
					"retransmits":	0,
					"max_snd_cwnd":	9320776,
					"max_snd_wnd":	3143552,
					"max_rtt":	51893,
					"min_rtt":	50215,
					"mean_rtt":	50913,
					"sender":	true
				},
				"receiver":	{
					"socket":	6,
					"start":	0,
					"end":	60.051237,
					"seconds":	60.000074,
					"bytes":	3518687928,
					"bits_per_second":	468758094.42526555,
					"sender":	true
				}
			}],
		"sum_sent":	{
			"start":	0,
			"end":	60.000074,
			"seconds":	60.000074,
			"bytes":	3519152128,
			"bits_per_second":	469219705.0290305,
			"retransmits":	0,
			"sender":	true
		},
		"sum_received":	{
			"start":	0,
			"end":	60.051237,
			"seconds":	60.051237,
			"bytes":	3518687928,
			"bits_per_second":	468758094.42526555,
			"sender":	true
		},
		"cpu_utilization_percent":	{
			"host_total":	0.659491307511121,
			"host_user":	0.015554455544223226,
			"host_system":	0.643938513057836,
			"remote_total":	2.2509172664709807,
			"remote_user":	0.11700338903841673,
			"remote_system":	2.1339138774325637
		},
		"sender_tcp_congestion":	"bbr",
		"receiver_tcp_congestion":	"bbr"
	}
}
