{
	"start":	{
		"connected":	[{
				"socket":	6,
				"local_host":	"192.168.101.210",
				"local_port":	43668,
				"remote_host":	"192.168.100.168",
				"remote_port":	5201
			}],
		"version":	"iperf 3.11",
		"system_info":	"Linux f1 6.0.10-300.fc37.x86_64 #1 SMP PREEMPT_DYNAMIC Sat Nov 26 16:55:13 UTC 2022 x86_64",
		"timestamp":	{
			"time":	"Sat, 10 Dec 2022 20:28:57 GMT",
			"timesecs":	1670704137
		},
		"connecting_to":	{
			"host":	"192.168.100.168",
			"port":	5201
		},
		"cookie":	"up3uzvp3kodvx5eriapgpylysjjlkeguihi7",
		"tcp_mss_default":	1448,
		"target_bitrate":	0,
		"sock_bufsize":	0,
		"sndbuf_actual":	16384,
		"rcvbuf_actual":	131072,
		"test_start":	{
			"protocol":	"TCP",
			"num_streams":	1,
			"blksize":	131072,
			"omit":	0,
			"duration":	60,
			"bytes":	0,
			"blocks":	0,
			"reverse":	0,
			"tos":	0,
			"target_bitrate":	0
		}
	},
	"intervals":	[{
			"streams":	[{
					"socket":	6,
					"start":	0,
					"end":	1.000068,
					"seconds":	1.0000679492950439,
					"bytes":	18874368,
					"bits_per_second":	150984684.69711241,
					"retransmits":	2590,
					"snd_cwnd":	53576,
					"snd_wnd":	3145728,
					"rtt":	5189,
					"rttvar":	118,
					"pmtu":	1500,
					"omitted":	false,
					"sender":	true
				}],
			"sum":	{
				"start":	0,
				"end":	1.000068,
				"seconds":	1.0000679492950439,
				"bytes":	18874368,
				"bits_per_second":	150984684.69711241,
				"retransmits":	2590,
				"omitted":	false,
				"sender":	true
			}
		}, {
			"streams":	[{
					"socket":	6,
					"start":	1.000068,
					"end":	2.000077,
					"seconds":	1.0000089406967163,
					"bytes":	10485760,
					"bits_per_second":	83885330.006705463,
					"retransmits":	40,
					"snd_cwnd":	79640,
					"snd_wnd":	3145728,
					"rtt":	5185,
					"rttvar":	98,
					"pmtu":	1500,
					"omitted":	false,
					"sender":	true
				}],
			"sum":	{
				"start":	1.000068,
				"end":	2.000077,
				"seconds":	1.0000089406967163,
				"bytes":	10485760,
				"bits_per_second":	83885330.006705463,
				"retransmits":	40,
				"omitted":	false,
				"sender":	true
			}
		}, {
			"streams":	[{
					"socket":	6,
					"start":	2.000077,
					"end":	3.000078,
					"seconds":	1.0000009536743164,
					"bytes":	11796480,
					"bits_per_second":	94371750.000085831,
					"retransmits":	40,
					"snd_cwnd":	102808,
					"snd_wnd":	3145728,
					"rtt":	5305,
					"rttvar":	262,
					"pmtu":	1500,
					"omitted":	false,
					"sender":	true
				}],
			"sum":	{
				"start":	2.000077,
				"end":	3.000078,
				"seconds":	1.0000009536743164,
				"bytes":	11796480,
				"bits_per_second":	94371750.000085831,
				"retransmits":	40,
				"omitted":	false,
				"sender":	true
			}
		}, {
			"streams":	[{
					"socket":	6,
					"start":	3.000078,
					"end":	4.000051,
					"seconds":	0.99997299909591675,
					"bytes":	11796480,
					"bits_per_second":	94374388.193803534,
					"retransmits":	59,
					"snd_cwnd":	81088,
					"snd_wnd":	3145728,
					"rtt":	5220,
					"rttvar":	166,
					"pmtu":	1500,
					"omitted":	false,
					"sender":	true
				}],
			"sum":	{
				"start":	3.000078,
				"end":	4.000051,
				"seconds":	0.99997299909591675,
				"bytes":	11796480,
				"bits_per_second":	94374388.193803534,
				"retransmits":	59,
				"omitted":	false,
				"sender":	true
			}
		}, {
			"streams":	[{
					"socket":	6,
					"start":	4.000051,
					"end":	5.000092,
					"seconds":	1.0000410079956055,
					"bytes":	11796480,
					"bits_per_second":	94367970.158694431,
					"retransmits":	55,
					"snd_cwnd":	63712,
					"snd_wnd":	3145728,
					"rtt":	5194,
					"rttvar":	125,
					"pmtu":	1500,
					"omitted":	false,
					"sender":	true
				}],
			"sum":	{
				"start":	4.000051,
				"end":	5.000092,
				"seconds":	1.0000410079956055,
				"bytes":	11796480,
				"bits_per_second":	94367970.158694431,
				"retransmits":	55,
				"omitted":	false,
				"sender":	true
			}
		}, {
			"streams":	[{
					"socket":	6,
					"start":	5.000092,
					"end":	6.000119,
					"seconds":	1.0000269412994385,
					"bytes":	9175040,
					"bits_per_second":	73398342.553275,
					"retransmits":	50,
					"snd_cwnd":	62264,
					"snd_wnd":	3145728,
					"rtt":	5249,
					"rttvar":	79,
					"pmtu":	1500,
					"omitted":	false,
					"sender":	true
				}],
			"sum":	{
				"start":	5.000092,
				"end":	6.000119,
				"seconds":	1.0000269412994385,
				"bytes":	9175040,
				"bits_per_second":	73398342.553275,
				"retransmits":	50,
				"omitted":	false,
				"sender":	true
			}
		}, {
			"streams":	[{
					"socket":	6,
					"start":	6.000119,
					"end":	7.000099,
					"seconds":	0.99997997283935547,
					"bytes":	10485760,
					"bits_per_second":	83887760.0336463,
					"retransmits":	49,
					"snd_cwnd":	59368,
					"snd_wnd":	3145728,
					"rtt":	5168,
					"rttvar":	119,
					"pmtu":	1500,
					"omitted":	false,
					"sender":	true
				}],
			"sum":	{
				"start":	6.000119,
				"end":	7.000099,
				"seconds":	0.99997997283935547,
				"bytes":	10485760,
				"bits_per_second":	83887760.0336463,
				"retransmits":	49,
				"omitted":	false,
				"sender":	true
			}
		}, {
			"streams":	[{
					"socket":	6,
					"start":	7.000099,
					"end":	8.000078,
					"seconds":	0.999979019165039,
					"bytes":	11796480,
					"bits_per_second":	94373820.0415429,
					"retransmits":	59,
					"snd_cwnd":	55024,
					"snd_wnd":	3145728,
					"rtt":	5222,
					"rttvar":	114,
					"pmtu":	1500,
					"omitted":	false,
					"sender":	true
				}],
			"sum":	{
				"start":	7.000099,
				"end":	8.000078,
				"seconds":	0.999979019165039,
				"bytes":	11796480,
				"bits_per_second":	94373820.0415429,
				"retransmits":	59,
				"omitted":	false,
				"sender":	true
			}
		}, {
			"streams":	[{
					"socket":	6,
					"start":	8.000078,
					"end":	9.000096,
					"seconds":	1.0000180006027222,
					"bytes":	10485760,
					"bits_per_second":	83884570.0271804,
					"retransmits":	40,
					"snd_cwnd":	81088,
					"snd_wnd":	3145728,
					"rtt":	5258,
					"rttvar":	144,
					"pmtu":	1500,
					"omitted":	false,
					"sender":	true
				}],
			"sum":	{
				"start":	8.000078,
				"end":	9.000096,
				"seconds":	1.0000180006027222,
				"bytes":	10485760,
				"bits_per_second":	83884570.0271804,
				"retransmits":	40,
				"omitted":	false,
				"sender":	true
			}
		}, {
			"streams":	[{
					"socket":	6,
					"start":	9.000096,
					"end":	10.000023,
					"seconds":	0.99992698431015,
					"bytes":	11796480,
					"bits_per_second":	94378731.128160477,
					"retransmits":	70,
					"snd_cwnd":	72400,
					"snd_wnd":	3145728,
					"rtt":	5294,
					"rttvar":	348,
					"pmtu":	1500,
					"omitted":	false,
					"sender":	true
				}],
			"sum":	{
				"start":	9.000096,
				"end":	10.000023,
				"seconds":	0.99992698431015,
				"bytes":	11796480,
				"bits_per_second":	94378731.128160477,
				"retransmits":	70,
				"omitted":	false,
				"sender":	true
			}
		}, {
			"streams":	[{
					"socket":	6,
					"start":	10.000023,
					"end":	11.000143,
					"seconds":	1.0001200437545776,
					"bytes":	10485760,
					"bits_per_second":	83876011.2086955,
					"retransmits":	98,
					"snd_cwnd":	55024,
					"snd_wnd":	3145728,
					"rtt":	5203,
					"rttvar":	100,
					"pmtu":	1500,
					"omitted":	false,
					"sender":	true
				}],
			"sum":	{
				"start":	10.000023,
				"end":	11.000143,
				"seconds":	1.0001200437545776,
				"bytes":	10485760,
				"bits_per_second":	83876011.2086955,
				"retransmits":	98,
				"omitted":	false,
				"sender":	true
			}
		}, {
			"streams":	[{
					"socket":	6,
					"start":	11.000143,
					"end":	12.00009,
					"seconds":	0.99994701147079468,
					"bytes":	9175040,
					"bits_per_second":	73404209.581103176,
					"retransmits":	37,
					"snd_cwnd":	60816,
					"snd_wnd":	3145728,
					"rtt":	5217,
					"rttvar":	123,
					"pmtu":	1500,
					"omitted":	false,
					"sender":	true
				}],
			"sum":	{
				"start":	11.000143,
				"end":	12.00009,
				"seconds":	0.99994701147079468,
				"bytes":	9175040,
				"bits_per_second":	73404209.581103176,
				"retransmits":	37,
				"omitted":	false,
				"sender":	true
			}
		}, {
			"streams":	[{
					"socket":	6,
					"start":	12.00009,
					"end":	13.00007,
					"seconds":	0.99997997283935547,
					"bytes":	11796480,
					"bits_per_second":	94373730.0378521,
					"retransmits":	49,
					"snd_cwnd":	73848,
					"snd_wnd":	3145728,
					"rtt":	5191,
					"rttvar":	113,
					"pmtu":	1500,
					"omitted":	false,
					"sender":	true
				}],
			"sum":	{
				"start":	12.00009,
				"end":	13.00007,
				"seconds":	0.99997997283935547,
				"bytes":	11796480,
				"bits_per_second":	94373730.0378521,
				"retransmits":	49,
				"omitted":	false,
				"sender":	true
			}
		}, {
			"streams":	[{
					"socket":	6,
					"start":	13.00007,
					"end":	14.000115,
					"seconds":	1.0000449419021606,
					"bytes":	11796480,
					"bits_per_second":	94367598.940601274,
					"retransmits":	48,
					"snd_cwnd":	60816,
					"snd_wnd":	3137152,
					"rtt":	5207,
					"rttvar":	197,
					"pmtu":	1500,
					"omitted":	false,
					"sender":	true
				}],
			"sum":	{
				"start":	13.00007,
				"end":	14.000115,
				"seconds":	1.0000449419021606,
				"bytes":	11796480,
				"bits_per_second":	94367598.940601274,
				"retransmits":	48,
				"omitted":	false,
				"sender":	true
			}
		}, {
			"streams":	[{
					"socket":	6,
					"start":	14.000115,
					"end":	15.000074,
					"seconds":	0.99995899200439453,
					"bytes":	11796480,
					"bits_per_second":	94375710.158707455,
					"retransmits":	44,
					"snd_cwnd":	41992,
					"snd_wnd":	3145728,
					"rtt":	5195,
					"rttvar":	36,
					"pmtu":	1500,
					"omitted":	false,
					"sender":	true
				}],
			"sum":	{
				"start":	14.000115,
				"end":	15.000074,
				"seconds":	0.99995899200439453,
				"bytes":	11796480,
				"bits_per_second":	94375710.158707455,
				"retransmits":	44,
				"omitted":	false,
				"sender":	true
			}
		}, {
			"streams":	[{
					"socket":	6,
					"start":	15.000074,
					"end":	16.000068,
					"seconds":	0.99999397993087769,
					"bytes":	9175040,
					"bits_per_second":	73400761.87766014,
					"retransmits":	53,
					"snd_cwnd":	60816,
					"snd_wnd":	3145728,
					"rtt":	5158,
					"rttvar":	85,
					"pmtu":	1500,
					"omitted":	false,
					"sender":	true
				}],
			"sum":	{
				"start":	15.000074,
				"end":	16.000068,
				"seconds":	0.99999397993087769,
				"bytes":	9175040,
				"bits_per_second":	73400761.87766014,
				"retransmits":	53,
				"omitted":	false,
				"sender":	true
			}
		}, {
			"streams":	[{
					"socket":	6,
					"start":	16.000068,
					"end":	17.000086,
					"seconds":	1.0000180006027222,
					"bytes":	10485760,
					"bits_per_second":	83884570.0271804,
					"retransmits":	42,
					"snd_cwnd":	82536,
					"snd_wnd":	3145728,
					"rtt":	5180,
					"rttvar":	185,
					"pmtu":	1500,
					"omitted":	false,
					"sender":	true
				}],
			"sum":	{
				"start":	16.000068,
				"end":	17.000086,
				"seconds":	1.0000180006027222,
				"bytes":	10485760,
				"bits_per_second":	83884570.0271804,
				"retransmits":	42,
				"omitted":	false,
				"sender":	true
			}
		}, {
			"streams":	[{
					"socket":	6,
					"start":	17.000086,
					"end":	18.000031,
					"seconds":	0.99994498491287231,
					"bytes":	10485760,
					"bits_per_second":	83890695.2539086,
					"retransmits":	71,
					"snd_cwnd":	68056,
					"snd_wnd":	3145728,
					"rtt":	5246,
					"rttvar":	71,
					"pmtu":	1500,
					"omitted":	false,
					"sender":	true
				}],
			"sum":	{
				"start":	17.000086,
				"end":	18.000031,
				"seconds":	0.99994498491287231,
				"bytes":	10485760,
				"bits_per_second":	83890695.2539086,
				"retransmits":	71,
				"omitted":	false,
				"sender":	true
			}
		}, {
			"streams":	[{
					"socket":	6,
					"start":	18.000031,
					"end":	19.000102,
					"seconds":	1.0000710487365723,
					"bytes":	10485760,
					"bits_per_second":	83880120.4234204,
					"retransmits":	51,
					"snd_cwnd":	63712,
					"snd_wnd":	3145728,
					"rtt":	5168,
					"rttvar":	132,
					"pmtu":	1500,
					"omitted":	false,
					"sender":	true
				}],
			"sum":	{
				"start":	18.000031,
				"end":	19.000102,
				"seconds":	1.0000710487365723,
				"bytes":	10485760,
				"bits_per_second":	83880120.4234204,
				"retransmits":	51,
				"omitted":	false,
				"sender":	true
			}
		}, {
			"streams":	[{
					"socket":	6,
					"start":	19.000102,
					"end":	20.000076,
					"seconds":	0.999974012374878,
					"bytes":	11796480,
					"bits_per_second":	94374292.5637363,
					"retransmits":	42,
					"snd_cwnd":	62264,
					"snd_wnd":	3145728,
					"rtt":	5221,
					"rttvar":	106,
					"pmtu":	1500,
					"omitted":	false,
					"sender":	true
				}],
			"sum":	{
				"start":	19.000102,
				"end":	20.000076,
				"seconds":	0.999974012374878,
				"bytes":	11796480,
				"bits_per_second":	94374292.5637363,
				"retransmits":	42,
				"omitted":	false,
				"sender":	true
			}
		}, {
			"streams":	[{
					"socket":	6,
					"start":	20.000076,
					"end":	21.000043,
					"seconds":	0.99996697902679443,
					"bytes":	14417920,
					"bits_per_second":	115347168.87577279,
					"retransmits":	41,
					"snd_cwnd":	81088,
					"snd_wnd":	3145728,
					"rtt":	5104,
					"rttvar":	13,
					"pmtu":	1500,
					"omitted":	false,
					"sender":	true
				}],
			"sum":	{
				"start":	20.000076,
				"end":	21.000043,
				"seconds":	0.99996697902679443,
				"bytes":	14417920,
				"bits_per_second":	115347168.87577279,
				"retransmits":	41,
				"omitted":	false,
				"sender":	true
			}
		}, {
			"streams":	[{
					"socket":	6,
					"start":	21.000043,
					"end":	22.000113,
					"seconds":	1.0000699758529663,
					"bytes":	10485760,
					"bits_per_second":	83880210.4107295,
					"retransmits":	89,
					"snd_cwnd":	53576,
					"snd_wnd":	3145728,
					"rtt":	5271,
					"rttvar":	31,
					"pmtu":	1500,
					"omitted":	false,
					"sender":	true
				}],
			"sum":	{
				"start":	21.000043,
				"end":	22.000113,
				"seconds":	1.0000699758529663,
				"bytes":	10485760,
				"bits_per_second":	83880210.4107295,
				"retransmits":	89,
				"omitted":	false,
				"sender":	true
			}
		}, {
			"streams":	[{
					"socket":	6,
					"start":	22.000113,
					"end":	23.000056,
					"seconds":	0.99994301795959473,
					"bytes":	10485760,
					"bits_per_second":	83890860.2723897,
					"retransmits":	34,
					"snd_cwnd":	86880,
					"snd_wnd":	3145728,
					"rtt":	5270,
					"rttvar":	190,
					"pmtu":	1500,
					"omitted":	false,
					"sender":	true
				}],
			"sum":	{
				"start":	22.000113,
				"end":	23.000056,
				"seconds":	0.99994301795959473,
				"bytes":	10485760,
				"bits_per_second":	83890860.2723897,
				"retransmits":	34,
				"omitted":	false,
				"sender":	true
			}
		}, {
			"streams":	[{
					"socket":	6,
					"start":	23.000056,
					"end":	24.000075,
					"seconds":	1.0000189542770386,
					"bytes":	11796480,
					"bits_per_second":	94370051.2839038,
					"retransmits":	64,
					"snd_cwnd":	59368,
					"snd_wnd":	3134208,
					"rtt":	5246,
					"rttvar":	159,
					"pmtu":	1500,
					"omitted":	false,
					"sender":	true
				}],
			"sum":	{
				"start":	23.000056,
				"end":	24.000075,
				"seconds":	1.0000189542770386,
				"bytes":	11796480,
				"bits_per_second":	94370051.2839038,
				"retransmits":	64,
				"omitted":	false,
				"sender":	true
			}
		}, {
			"streams":	[{
					"socket":	6,
					"start":	24.000075,
					"end":	25.000084,
					"seconds":	1.0000089406967163,
					"bytes":	10485760,
					"bits_per_second":	83885330.006705463,
					"retransmits":	41,
					"snd_cwnd":	60816,
					"snd_wnd":	3145728,
					"rtt":	5201,
					"rttvar":	134,
					"pmtu":	1500,
					"omitted":	false,
					"sender":	true
				}],
			"sum":	{
				"start":	24.000075,
				"end":	25.000084,
				"seconds":	1.0000089406967163,
				"bytes":	10485760,
				"bits_per_second":	83885330.006705463,
				"retransmits":	41,
				"omitted":	false,
				"sender":	true
			}
		}, {
			"streams":	[{
					"socket":	6,
					"start":	25.000084,
					"end":	26.000044,
					"seconds":	0.99996000528335571,
					"bytes":	10485760,
					"bits_per_second":	83889435.134187639,
					"retransmits":	40,
					"snd_cwnd":	43440,
					"snd_wnd":	3145728,
					"rtt":	5268,
					"rttvar":	179,
					"pmtu":	1500,
					"omitted":	false,
					"sender":	true
				}],
			"sum":	{
				"start":	25.000084,
				"end":	26.000044,
				"seconds":	0.99996000528335571,
				"bytes":	10485760,
				"bits_per_second":	83889435.134187639,
				"retransmits":	40,
				"omitted":	false,
				"sender":	true
			}
		}, {
			"streams":	[{
					"socket":	6,
					"start":	26.000044,
					"end":	27.00007,
					"seconds":	1.0000259876251221,
					"bytes":	10485760,
					"bits_per_second":	83883900.056651548,
					"retransmits":	42,
					"snd_cwnd":	75296,
					"snd_wnd":	3145728,
					"rtt":	5180,
					"rttvar":	96,
					"pmtu":	1500,
					"omitted":	false,
					"sender":	true
				}],
			"sum":	{
				"start":	26.000044,
				"end":	27.00007,
				"seconds":	1.0000259876251221,
				"bytes":	10485760,
				"bits_per_second":	83883900.056651548,
				"retransmits":	42,
				"omitted":	false,
				"sender":	true
			}
		}, {
			"streams":	[{
					"socket":	6,
					"start":	27.00007,
					"end":	28.000094,
					"seconds":	1.0000239610672,
					"bytes":	10485760,
					"bits_per_second":	83884070.0481606,
					"retransmits":	66,
					"snd_cwnd":	53576,
					"snd_wnd":	3145728,
					"rtt":	5206,
					"rttvar":	158,
					"pmtu":	1500,
					"omitted":	false,
					"sender":	true
				}],
			"sum":	{
				"start":	27.00007,
				"end":	28.000094,
				"seconds":	1.0000239610672,
				"bytes":	10485760,
				"bits_per_second":	83884070.0481606,
				"retransmits":	66,
				"omitted":	false,
				"sender":	true
			}
		}, {
			"streams":	[{
					"socket":	6,
					"start":	28.000094,
					"end":	29.000133,
					"seconds":	1.0000389814376831,
					"bytes":	10485760,
					"bits_per_second":	83882810.127464339,
					"retransmits":	44,
					"snd_cwnd":	78192,
					"snd_wnd":	3145728,
					"rtt":	5321,
					"rttvar":	163,
					"pmtu":	1500,
					"omitted":	false,
					"sender":	true
				}],
			"sum":	{
				"start":	28.000094,
				"end":	29.000133,
				"seconds":	1.0000389814376831,
				"bytes":	10485760,
				"bits_per_second":	83882810.127464339,
				"retransmits":	44,
				"omitted":	false,
				"sender":	true
			}
		}, {
			"streams":	[{
					"socket":	6,
					"start":	29.000133,
					"end":	30.000152,
					"seconds":	1.0000189542770386,
					"bytes":	10485760,
					"bits_per_second":	83884490.030136734,
					"retransmits":	57,
					"snd_cwnd":	59368,
					"snd_wnd":	3145728,
					"rtt":	5273,
					"rttvar":	116,
					"pmtu":	1500,
					"omitted":	false,
					"sender":	true
				}],
			"sum":	{
				"start":	29.000133,
				"end":	30.000152,
				"seconds":	1.0000189542770386,
				"bytes":	10485760,
				"bits_per_second":	83884490.030136734,
				"retransmits":	57,
				"omitted":	false,
				"sender":	true
			}
		}, {
			"streams":	[{
					"socket":	6,
					"start":	30.000152,
					"end":	31.000109,
					"seconds":	0.999957025051117,
					"bytes":	11796480,
					"bits_per_second":	94375895.799297765,
					"retransmits":	60,
					"snd_cwnd":	55024,
					"snd_wnd":	3145728,
					"rtt":	5098,
					"rttvar":	32,
					"pmtu":	1500,
					"omitted":	false,
					"sender":	true
				}],
			"sum":	{
				"start":	30.000152,
				"end":	31.000109,
				"seconds":	0.999957025051117,
				"bytes":	11796480,
				"bits_per_second":	94375895.799297765,
				"retransmits":	60,
				"omitted":	false,
				"sender":	true
			}
		}, {
			"streams":	[{
					"socket":	6,
					"start":	31.000109,
					"end":	32.000087,
					"seconds":	0.999978005886078,
					"bytes":	13107200,
					"bits_per_second":	104859906.30072504,
					"retransmits":	46,
					"snd_cwnd":	70952,
					"snd_wnd":	3145728,
					"rtt":	5217,
					"rttvar":	138,
					"pmtu":	1500,
					"omitted":	false,
					"sender":	true
				}],
			"sum":	{
				"start":	31.000109,
				"end":	32.000087,
				"seconds":	0.999978005886078,
				"bytes":	13107200,
				"bits_per_second":	104859906.30072504,
				"retransmits":	46,
				"omitted":	false,
				"sender":	true
			}
		}, {
			"streams":	[{
					"socket":	6,
					"start":	32.000087,
					"end":	33.00007,
					"seconds":	0.999983012676239,
					"bytes":	10485760,
					"bits_per_second":	83887505.024207354,
					"retransmits":	51,
					"snd_cwnd":	65160,
					"snd_wnd":	3145728,
					"rtt":	5203,
					"rttvar":	139,
					"pmtu":	1500,
					"omitted":	false,
					"sender":	true
				}],
			"sum":	{
				"start":	32.000087,
				"end":	33.00007,
				"seconds":	0.999983012676239,
				"bytes":	10485760,
				"bits_per_second":	83887505.024207354,
				"retransmits":	51,
				"omitted":	false,
				"sender":	true
			}
		}, {
			"streams":	[{
					"socket":	6,
					"start":	33.00007,
					"end":	34.000075,
					"seconds":	1.0000050067901611,
					"bytes":	10485760,
					"bits_per_second":	83885660.002102837,
					"retransmits":	41,
					"snd_cwnd":	79640,
					"snd_wnd":	3145728,
					"rtt":	5245,
					"rttvar":	182,
					"pmtu":	1500,
					"omitted":	false,
					"sender":	true
				}],
			"sum":	{
				"start":	33.00007,
				"end":	34.000075,
				"seconds":	1.0000050067901611,
				"bytes":	10485760,
				"bits_per_second":	83885660.002102837,
				"retransmits":	41,
				"omitted":	false,
				"sender":	true
			}
		}, {
			"streams":	[{
					"socket":	6,
					"start":	34.000075,
					"end":	35.00013,
					"seconds":	1.0000549554824829,
					"bytes":	9175040,
					"bits_per_second":	73396286.4716645,
					"retransmits":	54,
					"snd_cwnd":	43440,
					"snd_wnd":	3145728,
					"rtt":	5264,
					"rttvar":	65,
					"pmtu":	1500,
					"omitted":	false,
					"sender":	true
				}],
			"sum":	{
				"start":	34.000075,
				"end":	35.00013,
				"seconds":	1.0000549554824829,
				"bytes":	9175040,
				"bits_per_second":	73396286.4716645,
				"retransmits":	54,
				"omitted":	false,
				"sender":	true
			}
		}, {
			"streams":	[{
					"socket":	6,
					"start":	35.00013,
					"end":	36.000119,
					"seconds":	0.99998897314071655,
					"bytes":	10485760,
					"bits_per_second":	83887005.010199964,
					"retransmits":	43,
					"snd_cwnd":	50680,
					"snd_wnd":	3145728,
					"rtt":	5296,
					"rttvar":	44,
					"pmtu":	1500,
					"omitted":	false,
					"sender":	true
				}],
			"sum":	{
				"start":	35.00013,
				"end":	36.000119,
				"seconds":	0.99998897314071655,
				"bytes":	10485760,
				"bits_per_second":	83887005.010199964,
				"retransmits":	43,
				"omitted":	false,
				"sender":	true
			}
		}, {
			"streams":	[{
					"socket":	6,
					"start":	36.000119,
					"end":	37.000086,
					"seconds":	0.99996697902679443,
					"bytes":	10485760,
					"bits_per_second":	83888850.0914711,
					"retransmits":	29,
					"snd_cwnd":	60816,
					"snd_wnd":	3145728,
					"rtt":	5274,
					"rttvar":	102,
					"pmtu":	1500,
					"omitted":	false,
					"sender":	true
				}],
			"sum":	{
				"start":	36.000119,
				"end":	37.000086,
				"seconds":	0.99996697902679443,
				"bytes":	10485760,
				"bits_per_second":	83888850.0914711,
				"retransmits":	29,
				"omitted":	false,
				"sender":	true
			}
		}, {
			"streams":	[{
					"socket":	6,
					"start":	37.000086,
					"end":	38.000035,
					"seconds":	0.99994897842407227,
					"bytes":	10485760,
					"bits_per_second":	83890360.2183835,
					"retransmits":	48,
					"snd_cwnd":	41992,
					"snd_wnd":	3145728,
					"rtt":	5275,
					"rttvar":	237,
					"pmtu":	1500,
					"omitted":	false,
					"sender":	true
				}],
			"sum":	{
				"start":	37.000086,
				"end":	38.000035,
				"seconds":	0.99994897842407227,
				"bytes":	10485760,
				"bits_per_second":	83890360.2183835,
				"retransmits":	48,
				"omitted":	false,
				"sender":	true
			}
		}, {
			"streams":	[{
					"socket":	6,
					"start":	38.000035,
					"end":	39.000078,
					"seconds":	1.0000430345535278,
					"bytes":	10485760,
					"bits_per_second":	83882470.155348048,
					"retransmits":	36,
					"snd_cwnd":	57920,
					"snd_wnd":	3145728,
					"rtt":	5266,
					"rttvar":	119,
					"pmtu":	1500,
					"omitted":	false,
					"sender":	true
				}],
			"sum":	{
				"start":	38.000035,
				"end":	39.000078,
				"seconds":	1.0000430345535278,
				"bytes":	10485760,
				"bits_per_second":	83882470.155348048,
				"retransmits":	36,
				"omitted":	false,
				"sender":	true
			}
		}, {
			"streams":	[{
					"socket":	6,
					"start":	39.000078,
					"end":	40.000106,
					"seconds":	1.0000280141830444,
					"bytes":	10485760,
					"bits_per_second":	83883730.0658315,
					"retransmits":	43,
					"snd_cwnd":	79640,
					"snd_wnd":	3145728,
					"rtt":	5187,
					"rttvar":	157,
					"pmtu":	1500,
					"omitted":	false,
					"sender":	true
				}],
			"sum":	{
				"start":	39.000078,
				"end":	40.000106,
				"seconds":	1.0000280141830444,
				"bytes":	10485760,
				"bits_per_second":	83883730.0658315,
				"retransmits":	43,
				"omitted":	false,
				"sender":	true
			}
		}, {
			"streams":	[{
					"socket":	6,
					"start":	40.000106,
					"end":	41.000075,
					"seconds":	0.9999690055847168,
					"bytes":	13107200,
					"bits_per_second":	104860850.100735,
					"retransmits":	31,
					"snd_cwnd":	98464,
					"snd_wnd":	3145728,
					"rtt":	5075,
					"rttvar":	3,
					"pmtu":	1500,
					"omitted":	false,
					"sender":	true
				}],
			"sum":	{
				"start":	40.000106,
				"end":	41.000075,
				"seconds":	0.9999690055847168,
				"bytes":	13107200,
				"bits_per_second":	104860850.100735,
				"retransmits":	31,
				"omitted":	false,
				"sender":	true
			}
		}, {
			"streams":	[{
					"socket":	6,
					"start":	41.000075,
					"end":	42.000085,
					"seconds":	1.0000100135803223,
					"bytes":	13107200,
					"bits_per_second":	104856550.01051416,
					"retransmits":	73,
					"snd_cwnd":	69504,
					"snd_wnd":	3145728,
					"rtt":	5340,
					"rttvar":	134,
					"pmtu":	1500,
					"omitted":	false,
					"sender":	true
				}],
			"sum":	{
				"start":	41.000075,
				"end":	42.000085,
				"seconds":	1.0000100135803223,
				"bytes":	13107200,
				"bits_per_second":	104856550.01051416,
				"retransmits":	73,
				"omitted":	false,
				"sender":	true
			}
		}, {
			"streams":	[{
					"socket":	6,
					"start":	42.000085,
					"end":	43.000071,
					"seconds":	0.99998599290847778,
					"bytes":	11796480,
					"bits_per_second":	94373161.8935159,
					"retransmits":	66,
					"snd_cwnd":	70952,
					"snd_wnd":	3145728,
					"rtt":	5229,
					"rttvar":	131,
					"pmtu":	1500,
					"omitted":	false,
					"sender":	true
				}],
			"sum":	{
				"start":	42.000085,
				"end":	43.000071,
				"seconds":	0.99998599290847778,
				"bytes":	11796480,
				"bits_per_second":	94373161.8935159,
				"retransmits":	66,
				"omitted":	false,
				"sender":	true
			}
		}, {
			"streams":	[{
					"socket":	6,
					"start":	43.000071,
					"end":	44.000071,
					"seconds":	1,
					"bytes":	10485760,
					"bits_per_second":	83886080,
					"retransmits":	56,
					"snd_cwnd":	52128,
					"snd_wnd":	3145728,
					"rtt":	5204,
					"rttvar":	89,
					"pmtu":	1500,
					"omitted":	false,
					"sender":	true
				}],
			"sum":	{
				"start":	43.000071,
				"end":	44.000071,
				"seconds":	1,
				"bytes":	10485760,
				"bits_per_second":	83886080,
				"retransmits":	56,
				"omitted":	false,
				"sender":	true
			}
		}, {
			"streams":	[{
					"socket":	6,
					"start":	44.000071,
					"end":	45.000122,
					"seconds":	1.0000510215759277,
					"bytes":	9175040,
					"bits_per_second":	73396575.191066056,
					"retransmits":	50,
					"snd_cwnd":	43440,
					"snd_wnd":	3145728,
					"rtt":	5209,
					"rttvar":	147,
					"pmtu":	1500,
					"omitted":	false,
					"sender":	true
				}],
			"sum":	{
				"start":	44.000071,
				"end":	45.000122,
				"seconds":	1.0000510215759277,
				"bytes":	9175040,
				"bits_per_second":	73396575.191066056,
				"retransmits":	50,
				"omitted":	false,
				"sender":	true
			}
		}, {
			"streams":	[{
					"socket":	6,
					"start":	45.000122,
					"end":	46.000076,
					"seconds":	0.9999539852142334,
					"bytes":	11796480,
					"bits_per_second":	94376182.6998284,
					"retransmits":	34,
					"snd_cwnd":	46336,
					"snd_wnd":	3145728,
					"rtt":	5242,
					"rttvar":	70,
					"pmtu":	1500,
					"omitted":	false,
					"sender":	true
				}],
			"sum":	{
				"start":	45.000122,
				"end":	46.000076,
				"seconds":	0.9999539852142334,
				"bytes":	11796480,
				"bits_per_second":	94376182.6998284,
				"retransmits":	34,
				"omitted":	false,
				"sender":	true
			}
		}, {
			"streams":	[{
					"socket":	6,
					"start":	46.000076,
					"end":	47.000119,
					"seconds":	1.0000430345535278,
					"bytes":	10485760,
					"bits_per_second":	83882470.155348048,
					"retransmits":	47,
					"snd_cwnd":	50680,
					"snd_wnd":	3145728,
					"rtt":	5120,
					"rttvar":	52,
					"pmtu":	1500,
					"omitted":	false,
					"sender":	true
				}],
			"sum":	{
				"start":	46.000076,
				"end":	47.000119,
				"seconds":	1.0000430345535278,
				"bytes":	10485760,
				"bits_per_second":	83882470.155348048,
				"retransmits":	47,
				"omitted":	false,
				"sender":	true
			}
		}, {
			"streams":	[{
					"socket":	6,
					"start":	47.000119,
					"end":	48.000084,
					"seconds":	0.999965012073517,
					"bytes":	10485760,
					"bits_per_second":	83889015.102693155,
					"retransmits":	58,
					"snd_cwnd":	62264,
					"snd_wnd":	3145728,
					"rtt":	5137,
					"rttvar":	100,
					"pmtu":	1500,
					"omitted":	false,
					"sender":	true
				}],
			"sum":	{
				"start":	47.000119,
				"end":	48.000084,
				"seconds":	0.999965012073517,
				"bytes":	10485760,
				"bits_per_second":	83889015.102693155,
				"retransmits":	58,
				"omitted":	false,
				"sender":	true
			}
		}, {
			"streams":	[{
					"socket":	6,
					"start":	48.000084,
					"end":	49.00008,
					"seconds":	0.9999960064888,
					"bytes":	10485760,
					"bits_per_second":	83886415.001337826,
					"retransmits":	44,
					"snd_cwnd":	63712,
					"snd_wnd":	3145728,
					"rtt":	5212,
					"rttvar":	114,
					"pmtu":	1500,
					"omitted":	false,
					"sender":	true
				}],
			"sum":	{
				"start":	48.000084,
				"end":	49.00008,
				"seconds":	0.9999960064888,
				"bytes":	10485760,
				"bits_per_second":	83886415.001337826,
				"retransmits":	44,
				"omitted":	false,
				"sender":	true
			}
		}, {
			"streams":	[{
					"socket":	6,
					"start":	49.00008,
					"end":	50.00007,
					"seconds":	0.99998998641967773,
					"bytes":	11796480,
					"bits_per_second":	94372785.009462923,
					"retransmits":	49,
					"snd_cwnd":	59368,
					"snd_wnd":	3145728,
					"rtt":	5184,
					"rttvar":	112,
					"pmtu":	1500,
					"omitted":	false,
					"sender":	true
				}],
			"sum":	{
				"start":	49.00008,
				"end":	50.00007,
				"seconds":	0.99998998641967773,
				"bytes":	11796480,
				"bits_per_second":	94372785.009462923,
				"retransmits":	49,
				"omitted":	false,
				"sender":	true
			}
		}, {
			"streams":	[{
					"socket":	6,
					"start":	50.00007,
					"end":	51.000107,
					"seconds":	1.0000369548797607,
					"bytes":	9175040,
					"bits_per_second":	73397607.6002364,
					"retransmits":	34,
					"snd_cwnd":	75296,
					"snd_wnd":	3145728,
					"rtt":	5241,
					"rttvar":	135,
					"pmtu":	1500,
					"omitted":	false,
					"sender":	true
				}],
			"sum":	{
				"start":	50.00007,
				"end":	51.000107,
				"seconds":	1.0000369548797607,
				"bytes":	9175040,
				"bits_per_second":	73397607.6002364,
				"retransmits":	34,
				"omitted":	false,
				"sender":	true
			}
		}, {
			"streams":	[{
					"socket":	6,
					"start":	51.000107,
					"end":	52.000105,
					"seconds":	0.99999797344207764,
					"bytes":	13107200,
					"bits_per_second":	104857812.50043064,
					"retransmits":	47,
					"snd_cwnd":	79640,
					"snd_wnd":	3145728,
					"rtt":	5207,
					"rttvar":	131,
					"pmtu":	1500,
					"omitted":	false,
					"sender":	true
				}],
			"sum":	{
				"start":	51.000107,
				"end":	52.000105,
				"seconds":	0.99999797344207764,
				"bytes":	13107200,
				"bits_per_second":	104857812.50043064,
				"retransmits":	47,
				"omitted":	false,
				"sender":	true
			}
		}, {
			"streams":	[{
					"socket":	6,
					"start":	52.000105,
					"end":	53.000074,
					"seconds":	0.9999690055847168,
					"bytes":	11796480,
					"bits_per_second":	94374765.0906615,
					"retransmits":	71,
					"snd_cwnd":	49232,
					"snd_wnd":	3145728,
					"rtt":	5218,
					"rttvar":	50,
					"pmtu":	1500,
					"omitted":	false,
					"sender":	true
				}],
			"sum":	{
				"start":	52.000105,
				"end":	53.000074,
				"seconds":	0.9999690055847168,
				"bytes":	11796480,
				"bits_per_second":	94374765.0906615,
				"retransmits":	71,
				"omitted":	false,
				"sender":	true
			}
		}, {
			"streams":	[{
					"socket":	6,
					"start":	53.000074,
					"end":	54.000075,
					"seconds":	1.0000009536743164,
					"bytes":	10485760,
					"bits_per_second":	83886000.0000763,
					"retransmits":	36,
					"snd_cwnd":	79640,
					"snd_wnd":	3145728,
					"rtt":	5359,
					"rttvar":	195,
					"pmtu":	1500,
					"omitted":	false,
					"sender":	true
				}],
			"sum":	{
				"start":	53.000074,
				"end":	54.000075,
				"seconds":	1.0000009536743164,
				"bytes":	10485760,
				"bits_per_second":	83886000.0000763,
				"retransmits":	36,
				"omitted":	false,
				"sender":	true
			}
		}, {
			"streams":	[{
					"socket":	6,
					"start":	54.000075,
					"end":	55.000115,
					"seconds":	1.0000400543212891,
					"bytes":	9175040,
					"bits_per_second":	73397380.117755,
					"retransmits":	61,
					"snd_cwnd":	44888,
					"snd_wnd":	3145728,
					"rtt":	5252,
					"rttvar":	20,
					"pmtu":	1500,
					"omitted":	false,
					"sender":	true
				}],
			"sum":	{
				"start":	54.000075,
				"end":	55.000115,
				"seconds":	1.0000400543212891,
				"bytes":	9175040,
				"bits_per_second":	73397380.117755,
				"retransmits":	61,
				"omitted":	false,
				"sender":	true
			}
		}, {
			"streams":	[{
					"socket":	6,
					"start":	55.000115,
					"end":	56.000102,
					"seconds":	0.999987006187439,
					"bytes":	10485760,
					"bits_per_second":	83887170.014163435,
					"retransmits":	37,
					"snd_cwnd":	72400,
					"snd_wnd":	3145728,
					"rtt":	5179,
					"rttvar":	156,
					"pmtu":	1500,
					"omitted":	false,
					"sender":	true
				}],
			"sum":	{
				"start":	55.000115,
				"end":	56.000102,
				"seconds":	0.999987006187439,
				"bytes":	10485760,
				"bits_per_second":	83887170.014163435,
				"retransmits":	37,
				"omitted":	false,
				"sender":	true
			}
		}, {
			"streams":	[{
					"socket":	6,
					"start":	56.000102,
					"end":	57.000072,
					"seconds":	0.999970018863678,
					"bytes":	11796480,
					"bits_per_second":	94374669.4598304,
					"retransmits":	55,
					"snd_cwnd":	66608,
					"snd_wnd":	3145728,
					"rtt":	5186,
					"rttvar":	42,
					"pmtu":	1500,
					"omitted":	false,
					"sender":	true
				}],
			"sum":	{
				"start":	56.000102,
				"end":	57.000072,
				"seconds":	0.999970018863678,
				"bytes":	11796480,
				"bits_per_second":	94374669.4598304,
				"retransmits":	55,
				"omitted":	false,
				"sender":	true
			}
		}, {
			"streams":	[{
					"socket":	6,
					"start":	57.000072,
					"end":	58.000115,
					"seconds":	1.0000430345535278,
					"bytes":	10485760,
					"bits_per_second":	83882470.155348048,
					"retransmits":	51,
					"snd_cwnd":	65160,
					"snd_wnd":	3145728,
					"rtt":	5250,
					"rttvar":	195,
					"pmtu":	1500,
					"omitted":	false,
					"sender":	true
				}],
			"sum":	{
				"start":	57.000072,
				"end":	58.000115,
				"seconds":	1.0000430345535278,
				"bytes":	10485760,
				"bits_per_second":	83882470.155348048,
				"retransmits":	51,
				"omitted":	false,
				"sender":	true
			}
		}, {
			"streams":	[{
					"socket":	6,
					"start":	58.000115,
					"end":	59.000104,
					"seconds":	0.99998897314071655,
					"bytes":	11796480,
					"bits_per_second":	94372880.636474952,
					"retransmits":	59,
					"snd_cwnd":	62264,
					"snd_wnd":	3145728,
					"rtt":	5189,
					"rttvar":	134,
					"pmtu":	1500,
					"omitted":	false,
					"sender":	true
				}],
			"sum":	{
				"start":	58.000115,
				"end":	59.000104,
				"seconds":	0.99998897314071655,
				"bytes":	11796480,
				"bits_per_second":	94372880.636474952,
				"retransmits":	59,
				"omitted":	false,
				"sender":	true
			}
		}, {
			"streams":	[{
					"socket":	6,
					"start":	59.000104,
					"end":	60.000084,
					"seconds":	0.99997997283935547,
					"bytes":	10485760,
					"bits_per_second":	83887760.0336463,
					"retransmits":	37,
					"snd_cwnd":	75296,
					"snd_wnd":	3145728,
					"rtt":	5265,
					"rttvar":	170,
					"pmtu":	1500,
					"omitted":	false,
					"sender":	true
				}],
			"sum":	{
				"start":	59.000104,
				"end":	60.000084,
				"seconds":	0.99997997283935547,
				"bytes":	10485760,
				"bits_per_second":	83887760.0336463,
				"retransmits":	37,
				"omitted":	false,
				"sender":	true
			}
		}],
	"end":	{
		"streams":	[{
				"sender":	{
					"socket":	6,
					"start":	0,
					"end":	60.000084,
					"seconds":	60.000084,
					"bytes":	665059328,
					"bits_per_second":	88674452.922432572,
					"retransmits":	5552,
					"max_snd_cwnd":	102808,
					"max_snd_wnd":	3145728,
					"max_rtt":	5359,
					"min_rtt":	5075,
					"mean_rtt":	5220,
					"sender":	true
				},
				"receiver":	{
					"socket":	6,
					"start":	0,
					"end":	60.005253,
					"seconds":	60.000084,
					"bytes":	661281328,
					"bits_per_second":	88163125.051735044,
					"sender":	true
				}
			}],
		"sum_sent":	{
			"start":	0,
			"end":	60.000084,
			"seconds":	60.000084,
			"bytes":	665059328,
			"bits_per_second":	88674452.922432572,
			"retransmits":	5552,
			"sender":	true
		},
		"sum_received":	{
			"start":	0,
			"end":	60.005253,
			"seconds":	60.005253,
			"bytes":	661281328,
			"bits_per_second":	88163125.051735044,
			"sender":	true
		},
		"cpu_utilization_percent":	{
			"host_total":	0.17938473845380581,
			"host_user":	0.0017127261433700729,
			"host_system":	0.17767201231043575,
			"remote_total":	1.8256080449469869,
			"remote_user":	0.13248836752133161,
			"remote_system":	1.6931196774256554
		},
		"sender_tcp_congestion":	"cubic",
		"receiver_tcp_congestion":	"cubic"
	}
}
