{
	"start":	{
		"connected":	[{
				"socket":	6,
				"local_host":	"192.168.101.210",
				"local_port":	52318,
				"remote_host":	"192.168.100.168",
				"remote_port":	5201
			}],
		"version":	"iperf 3.11",
		"system_info":	"Linux f1 6.0.10-300.fc37.x86_64 #1 SMP PREEMPT_DYNAMIC Sat Nov 26 16:55:13 UTC 2022 x86_64",
		"timestamp":	{
			"time":	"Sat, 10 Dec 2022 20:11:07 GMT",
			"timesecs":	1670703067
		},
		"connecting_to":	{
			"host":	"192.168.100.168",
			"port":	5201
		},
		"cookie":	"oplknynobe2um3qz62dcoajcajjbtgdttfvi",
		"tcp_mss_default":	1448,
		"target_bitrate":	0,
		"sock_bufsize":	0,
		"sndbuf_actual":	16384,
		"rcvbuf_actual":	131072,
		"test_start":	{
			"protocol":	"TCP",
			"num_streams":	1,
			"blksize":	131072,
			"omit":	0,
			"duration":	60,
			"bytes":	0,
			"blocks":	0,
			"reverse":	0,
			"tos":	0,
			"target_bitrate":	0
		}
	},
	"intervals":	[{
			"streams":	[{
					"socket":	6,
					"start":	0,
					"end":	1.000074,
					"seconds":	1.000074028968811,
					"bytes":	1469720,
					"bits_per_second":	11756889.649582816,
					"retransmits":	0,
					"snd_cwnd":	107152,
					"snd_wnd":	789248,
					"rtt":	115661,
					"rttvar":	1044,
					"pmtu":	1500,
					"omitted":	false,
					"sender":	true
				}],
			"sum":	{
				"start":	0,
				"end":	1.000074,
				"seconds":	1.000074028968811,
				"bytes":	1469720,
				"bits_per_second":	11756889.649582816,
				"retransmits":	0,
				"omitted":	false,
				"sender":	true
			}
		}, {
			"streams":	[{
					"socket":	6,
					"start":	1.000074,
					"end":	2.000105,
					"seconds":	1.0000309944152832,
					"bytes":	1172880,
					"bits_per_second":	9382749.1871751938,
					"retransmits":	0,
					"snd_cwnd":	157832,
					"snd_wnd":	789248,
					"rtt":	141042,
					"rttvar":	1108,
					"pmtu":	1500,
					"omitted":	false,
					"sender":	true
				}],
			"sum":	{
				"start":	1.000074,
				"end":	2.000105,
				"seconds":	1.0000309944152832,
				"bytes":	1172880,
				"bits_per_second":	9382749.1871751938,
				"retransmits":	0,
				"omitted":	false,
				"sender":	true
			}
		}, {
			"streams":	[{
					"socket":	6,
					"start":	2.000105,
					"end":	3.000231,
					"seconds":	1.0001260042190552,
					"bytes":	1238040,
					"bits_per_second":	9903072.17112483,
					"retransmits":	0,
					"snd_cwnd":	211408,
					"snd_wnd":	789248,
					"rtt":	184583,
					"rttvar":	763,
					"pmtu":	1500,
					"omitted":	false,
					"sender":	true
				}],
			"sum":	{
				"start":	2.000105,
				"end":	3.000231,
				"seconds":	1.0001260042190552,
				"bytes":	1238040,
				"bits_per_second":	9903072.17112483,
				"retransmits":	0,
				"omitted":	false,
				"sender":	true
			}
		}, {
			"streams":	[{
					"socket":	6,
					"start":	3.000231,
					"end":	4.000124,
					"seconds":	0.99989300966262817,
					"bytes":	1498680,
					"bits_per_second":	11990722.891487492,
					"retransmits":	0,
					"snd_cwnd":	266432,
					"snd_wnd":	789376,
					"rtt":	224589,
					"rttvar":	680,
					"pmtu":	1500,
					"omitted":	false,
					"sender":	true
				}],
			"sum":	{
				"start":	3.000231,
				"end":	4.000124,
				"seconds":	0.99989300966262817,
				"bytes":	1498680,
				"bits_per_second":	11990722.891487492,
				"retransmits":	0,
				"omitted":	false,
				"sender":	true
			}
		}, {
			"streams":	[{
					"socket":	6,
					"start":	4.000124,
					"end":	5.000292,
					"seconds":	1.0001679658889771,
					"bytes":	1238040,
					"bits_per_second":	9902656.69146558,
					"retransmits":	0,
					"snd_cwnd":	322904,
					"snd_wnd":	789376,
					"rtt":	270135,
					"rttvar":	1334,
					"pmtu":	1500,
					"omitted":	false,
					"sender":	true
				}],
			"sum":	{
				"start":	4.000124,
				"end":	5.000292,
				"seconds":	1.0001679658889771,
				"bytes":	1238040,
				"bits_per_second":	9902656.69146558,
				"retransmits":	0,
				"omitted":	false,
				"sender":	true
			}
		}, {
			"streams":	[{
					"socket":	6,
					"start":	5.000292,
					"end":	6.000266,
					"seconds":	0.999974012374878,
					"bytes":	1498680,
					"bits_per_second":	11989751.5851695,
					"retransmits":	0,
					"snd_cwnd":	380824,
					"snd_wnd":	845952,
					"rtt":	311084,
					"rttvar":	2430,
					"pmtu":	1500,
					"omitted":	false,
					"sender":	true
				}],
			"sum":	{
				"start":	5.000292,
				"end":	6.000266,
				"seconds":	0.999974012374878,
				"bytes":	1498680,
				"bits_per_second":	11989751.5851695,
				"retransmits":	0,
				"omitted":	false,
				"sender":	true
			}
		}, {
			"streams":	[{
					"socket":	6,
					"start":	6.000266,
					"end":	7.000078,
					"seconds":	0.99981200695037842,
					"bytes":	1759320,
					"bits_per_second":	14077206.416964477,
					"retransmits":	0,
					"snd_cwnd":	438744,
					"snd_wnd":	964480,
					"rtt":	357147,
					"rttvar":	1470,
					"pmtu":	1500,
					"omitted":	false,
					"sender":	true
				}],
			"sum":	{
				"start":	6.000266,
				"end":	7.000078,
				"seconds":	0.99981200695037842,
				"bytes":	1759320,
				"bits_per_second":	14077206.416964477,
				"retransmits":	0,
				"omitted":	false,
				"sender":	true
			}
		}, {
			"streams":	[{
					"socket":	6,
					"start":	7.000078,
					"end":	8.000408,
					"seconds":	1.0003299713134766,
					"bytes":	977400,
					"bits_per_second":	7816620.7393876761,
					"retransmits":	0,
					"snd_cwnd":	496664,
					"snd_wnd":	1051904,
					"rtt":	404017,
					"rttvar":	1060,
					"pmtu":	1500,
					"omitted":	false,
					"sender":	true
				}],
			"sum":	{
				"start":	7.000078,
				"end":	8.000408,
				"seconds":	1.0003299713134766,
				"bytes":	977400,
				"bits_per_second":	7816620.7393876761,
				"retransmits":	0,
				"omitted":	false,
				"sender":	true
			}
		}, {
			"streams":	[{
					"socket":	6,
					"start":	8.000408,
					"end":	9.000695,
					"seconds":	1.0002870559692383,
					"bytes":	1042560,
					"bits_per_second":	8338086.5024974328,
					"retransmits":	0,
					"snd_cwnd":	554584,
					"snd_wnd":	1169792,
					"rtt":	450158,
					"rttvar":	486,
					"pmtu":	1500,
					"omitted":	false,
					"sender":	true
				}],
			"sum":	{
				"start":	8.000408,
				"end":	9.000695,
				"seconds":	1.0002870559692383,
				"bytes":	1042560,
				"bits_per_second":	8338086.5024974328,
				"retransmits":	0,
				"omitted":	false,
				"sender":	true
			}
		}, {
			"streams":	[{
					"socket":	6,
					"start":	9.000695,
					"end":	10.000126,
					"seconds":	0.999431014060974,
					"bytes":	2345760,
					"bits_per_second":	18776763.714533981,
					"retransmits":	0,
					"snd_cwnd":	613952,
					"snd_wnd":	1341184,
					"rtt":	497386,
					"rttvar":	716,
					"pmtu":	1500,
					"omitted":	false,
					"sender":	true
				}],
			"sum":	{
				"start":	9.000695,
				"end":	10.000126,
				"seconds":	0.999431014060974,
				"bytes":	2345760,
				"bits_per_second":	18776763.714533981,
				"retransmits":	0,
				"omitted":	false,
				"sender":	true
			}
		}, {
			"streams":	[{
					"socket":	6,
					"start":	10.000126,
					"end":	11.000333,
					"seconds":	1.00020694732666,
					"bytes":	1225416,
					"bits_per_second":	9801299.64724021,
					"retransmits":	0,
					"snd_cwnd":	732688,
					"snd_wnd":	1408512,
					"rtt":	549173,
					"rttvar":	1332,
					"pmtu":	1500,
					"omitted":	false,
					"sender":	true
				}],
			"sum":	{
				"start":	10.000126,
				"end":	11.000333,
				"seconds":	1.00020694732666,
				"bytes":	1225416,
				"bits_per_second":	9801299.64724021,
				"retransmits":	0,
				"omitted":	false,
				"sender":	true
			}
		}, {
			"streams":	[{
					"socket":	6,
					"start":	11.000333,
					"end":	12.000253,
					"seconds":	0.99992001056671143,
					"bytes":	1310720,
					"bits_per_second":	10486598.817096503,
					"retransmits":	0,
					"snd_cwnd":	916584,
					"snd_wnd":	1934592,
					"rtt":	671260,
					"rttvar":	2855,
					"pmtu":	1500,
					"omitted":	false,
					"sender":	true
				}],
			"sum":	{
				"start":	11.000333,
				"end":	12.000253,
				"seconds":	0.99992001056671143,
				"bytes":	1310720,
				"bits_per_second":	10486598.817096503,
				"retransmits":	0,
				"omitted":	false,
				"sender":	true
			}
		}, {
			"streams":	[{
					"socket":	6,
					"start":	12.000253,
					"end":	13.00009,
					"seconds":	0.99983698129653931,
					"bytes":	1310720,
					"bits_per_second":	10487469.65370553,
					"retransmits":	0,
					"snd_cwnd":	1130888,
					"snd_wnd":	2300160,
					"rtt":	810594,
					"rttvar":	2845,
					"pmtu":	1500,
					"omitted":	false,
					"sender":	true
				}],
			"sum":	{
				"start":	12.000253,
				"end":	13.00009,
				"seconds":	0.99983698129653931,
				"bytes":	1310720,
				"bits_per_second":	10487469.65370553,
				"retransmits":	0,
				"omitted":	false,
				"sender":	true
			}
		}, {
			"streams":	[{
					"socket":	6,
					"start":	13.00009,
					"end":	14.001023,
					"seconds":	1.000933051109314,
					"bytes":	0,
					"bits_per_second":	0,
					"retransmits":	0,
					"snd_cwnd":	1366912,
					"snd_wnd":	2744704,
					"rtt":	968632,
					"rttvar":	3026,
					"pmtu":	1500,
					"omitted":	false,
					"sender":	true
				}],
			"sum":	{
				"start":	13.00009,
				"end":	14.001023,
				"seconds":	1.000933051109314,
				"bytes":	0,
				"bits_per_second":	0,
				"retransmits":	0,
				"omitted":	false,
				"sender":	true
			}
		}, {
			"streams":	[{
					"socket":	6,
					"start":	14.001023,
					"end":	15.000816,
					"seconds":	0.999792993068695,
					"bytes":	1310720,
					"bits_per_second":	10487931.074427456,
					"retransmits":	0,
					"snd_cwnd":	1656512,
					"snd_wnd":	3143680,
					"rtt":	1134911,
					"rttvar":	3222,
					"pmtu":	1500,
					"omitted":	false,
					"sender":	true
				}],
			"sum":	{
				"start":	14.001023,
				"end":	15.000816,
				"seconds":	0.999792993068695,
				"bytes":	1310720,
				"bits_per_second":	10487931.074427456,
				"retransmits":	0,
				"omitted":	false,
				"sender":	true
			}
		}, {
			"streams":	[{
					"socket":	6,
					"start":	15.000816,
					"end":	16.000565,
					"seconds":	0.99974900484085083,
					"bytes":	1310720,
					"bits_per_second":	10488392.535753731,
					"retransmits":	0,
					"snd_cwnd":	1949008,
					"snd_wnd":	3143680,
					"rtt":	1329401,
					"rttvar":	4134,
					"pmtu":	1500,
					"omitted":	false,
					"sender":	true
				}],
			"sum":	{
				"start":	15.000816,
				"end":	16.000565,
				"seconds":	0.99974900484085083,
				"bytes":	1310720,
				"bits_per_second":	10488392.535753731,
				"retransmits":	0,
				"omitted":	false,
				"sender":	true
			}
		}, {
			"streams":	[{
					"socket":	6,
					"start":	16.000565,
					"end":	17.000398,
					"seconds":	0.99983298778533936,
					"bytes":	1310720,
					"bits_per_second":	10487511.542528996,
					"retransmits":	0,
					"snd_cwnd":	2311008,
					"snd_wnd":	3143680,
					"rtt":	1524937,
					"rttvar":	3601,
					"pmtu":	1500,
					"omitted":	false,
					"sender":	true
				}],
			"sum":	{
				"start":	16.000565,
				"end":	17.000398,
				"seconds":	0.99983298778533936,
				"bytes":	1310720,
				"bits_per_second":	10487511.542528996,
				"retransmits":	0,
				"omitted":	false,
				"sender":	true
			}
		}, {
			"streams":	[{
					"socket":	6,
					"start":	17.000398,
					"end":	18.000276,
					"seconds":	0.99987798929214478,
					"bytes":	1310720,
					"bits_per_second":	10487039.531116497,
					"retransmits":	0,
					"snd_cwnd":	2701968,
					"snd_wnd":	3143680,
					"rtt":	1725991,
					"rttvar":	5266,
					"pmtu":	1500,
					"omitted":	false,
					"sender":	true
				}],
			"sum":	{
				"start":	17.000398,
				"end":	18.000276,
				"seconds":	0.99987798929214478,
				"bytes":	1310720,
				"bits_per_second":	10487039.531116497,
				"retransmits":	0,
				"omitted":	false,
				"sender":	true
			}
		}, {
			"streams":	[{
					"socket":	6,
					"start":	18.000276,
					"end":	19.00017,
					"seconds":	0.99989402294158936,
					"bytes":	1310720,
					"bits_per_second":	10486871.367779488,
					"retransmits":	0,
					"snd_cwnd":	3094376,
					"snd_wnd":	3143680,
					"rtt":	1966344,
					"rttvar":	5125,
					"pmtu":	1500,
					"omitted":	false,
					"sender":	true
				}],
			"sum":	{
				"start":	18.000276,
				"end":	19.00017,
				"seconds":	0.99989402294158936,
				"bytes":	1310720,
				"bits_per_second":	10486871.367779488,
				"retransmits":	0,
				"omitted":	false,
				"sender":	true
			}
		}, {
			"streams":	[{
					"socket":	6,
					"start":	19.00017,
					"end":	20.000077,
					"seconds":	0.99990701675415039,
					"bytes":	1310720,
					"bits_per_second":	10486735.090667095,
					"retransmits":	0,
					"snd_cwnd":	3502712,
					"snd_wnd":	3143680,
					"rtt":	2211766,
					"rttvar":	7611,
					"pmtu":	1500,
					"omitted":	false,
					"sender":	true
				}],
			"sum":	{
				"start":	19.00017,
				"end":	20.000077,
				"seconds":	0.99990701675415039,
				"bytes":	1310720,
				"bits_per_second":	10486735.090667095,
				"retransmits":	0,
				"omitted":	false,
				"sender":	true
			}
		}, {
			"streams":	[{
					"socket":	6,
					"start":	20.000077,
					"end":	21.001048,
					"seconds":	1.0009709596633911,
					"bytes":	0,
					"bits_per_second":	0,
					"retransmits":	0,
					"snd_cwnd":	4048608,
					"snd_wnd":	3143808,
					"rtt":	2118697,
					"rttvar":	19722,
					"pmtu":	1500,
					"omitted":	false,
					"sender":	true
				}],
			"sum":	{
				"start":	20.000077,
				"end":	21.001048,
				"seconds":	1.0009709596633911,
				"bytes":	0,
				"bits_per_second":	0,
				"retransmits":	0,
				"omitted":	false,
				"sender":	true
			}
		}, {
			"streams":	[{
					"socket":	6,
					"start":	21.001048,
					"end":	22.000968,
					"seconds":	0.99992001056671143,
					"bytes":	1310720,
					"bits_per_second":	10486598.817096503,
					"retransmits":	0,
					"snd_cwnd":	4629256,
					"snd_wnd":	3144320,
					"rtt":	2007814,
					"rttvar":	19187,
					"pmtu":	1500,
					"omitted":	false,
					"sender":	true
				}],
			"sum":	{
				"start":	21.001048,
				"end":	22.000968,
				"seconds":	0.99992001056671143,
				"bytes":	1310720,
				"bits_per_second":	10486598.817096503,
				"retransmits":	0,
				"omitted":	false,
				"sender":	true
			}
		}, {
			"streams":	[{
					"socket":	6,
					"start":	22.000968,
					"end":	23.000853,
					"seconds":	0.99988502264022827,
					"bytes":	1310720,
					"bits_per_second":	10486965.76363552,
					"retransmits":	0,
					"snd_cwnd":	4746544,
					"snd_wnd":	3144320,
					"rtt":	1898967,
					"rttvar":	19493,
					"pmtu":	1500,
					"omitted":	false,
					"sender":	true
				}],
			"sum":	{
				"start":	22.000968,
				"end":	23.000853,
				"seconds":	0.99988502264022827,
				"bytes":	1310720,
				"bits_per_second":	10486965.76363552,
				"retransmits":	0,
				"omitted":	false,
				"sender":	true
			}
		}, {
			"streams":	[{
					"socket":	6,
					"start":	23.000853,
					"end":	24.000719,
					"seconds":	0.999866008758545,
					"bytes":	1310720,
					"bits_per_second":	10487165.188282922,
					"retransmits":	0,
					"snd_cwnd":	4746544,
					"snd_wnd":	3144320,
					"rtt":	1784542,
					"rttvar":	19773,
					"pmtu":	1500,
					"omitted":	false,
					"sender":	true
				}],
			"sum":	{
				"start":	23.000853,
				"end":	24.000719,
				"seconds":	0.999866008758545,
				"bytes":	1310720,
				"bits_per_second":	10487165.188282922,
				"retransmits":	0,
				"omitted":	false,
				"sender":	true
			}
		}, {
			"streams":	[{
					"socket":	6,
					"start":	24.000719,
					"end":	25.00063,
					"seconds":	0.99991101026535034,
					"bytes":	1310720,
					"bits_per_second":	10486693.208045937,
					"retransmits":	0,
					"snd_cwnd":	4746544,
					"snd_wnd":	3144320,
					"rtt":	1688715,
					"rttvar":	9853,
					"pmtu":	1500,
					"omitted":	false,
					"sender":	true
				}],
			"sum":	{
				"start":	24.000719,
				"end":	25.00063,
				"seconds":	0.99991101026535034,
				"bytes":	1310720,
				"bits_per_second":	10486693.208045937,
				"retransmits":	0,
				"omitted":	false,
				"sender":	true
			}
		}, {
			"streams":	[{
					"socket":	6,
					"start":	25.00063,
					"end":	26.000543,
					"seconds":	0.999912977218628,
					"bytes":	1310720,
					"bits_per_second":	10486672.5794152,
					"retransmits":	0,
					"snd_cwnd":	4746544,
					"snd_wnd":	3144320,
					"rtt":	2633165,
					"rttvar":	1590,
					"pmtu":	1500,
					"omitted":	false,
					"sender":	true
				}],
			"sum":	{
				"start":	25.00063,
				"end":	26.000543,
				"seconds":	0.999912977218628,
				"bytes":	1310720,
				"bits_per_second":	10486672.5794152,
				"retransmits":	0,
				"omitted":	false,
				"sender":	true
			}
		}, {
			"streams":	[{
					"socket":	6,
					"start":	26.000543,
					"end":	27.000449,
					"seconds":	0.99990600347518921,
					"bytes":	1310720,
					"bits_per_second":	10486745.717654034,
					"retransmits":	0,
					"snd_cwnd":	4746544,
					"snd_wnd":	3144320,
					"rtt":	2576281,
					"rttvar":	19534,
					"pmtu":	1500,
					"omitted":	false,
					"sender":	true
				}],
			"sum":	{
				"start":	26.000543,
				"end":	27.000449,
				"seconds":	0.99990600347518921,
				"bytes":	1310720,
				"bits_per_second":	10486745.717654034,
				"retransmits":	0,
				"omitted":	false,
				"sender":	true
			}
		}, {
			"streams":	[{
					"socket":	6,
					"start":	27.000449,
					"end":	28.000361,
					"seconds":	0.99991202354431152,
					"bytes":	1310720,
					"bits_per_second":	10486682.581165422,
					"retransmits":	0,
					"snd_cwnd":	4746544,
					"snd_wnd":	3144320,
					"rtt":	2477049,
					"rttvar":	19471,
					"pmtu":	1500,
					"omitted":	false,
					"sender":	true
				}],
			"sum":	{
				"start":	27.000449,
				"end":	28.000361,
				"seconds":	0.99991202354431152,
				"bytes":	1310720,
				"bits_per_second":	10486682.581165422,
				"retransmits":	0,
				"omitted":	false,
				"sender":	true
			}
		}, {
			"streams":	[{
					"socket":	6,
					"start":	28.000361,
					"end":	29.000201,
					"seconds":	0.999840021133423,
					"bytes":	1310720,
					"bits_per_second":	10487437.768407488,
					"retransmits":	0,
					"snd_cwnd":	4746544,
					"snd_wnd":	3144320,
					"rtt":	2380161,
					"rttvar":	19533,
					"pmtu":	1500,
					"omitted":	false,
					"sender":	true
				}],
			"sum":	{
				"start":	28.000361,
				"end":	29.000201,
				"seconds":	0.999840021133423,
				"bytes":	1310720,
				"bits_per_second":	10487437.768407488,
				"retransmits":	0,
				"omitted":	false,
				"sender":	true
			}
		}, {
			"streams":	[{
					"socket":	6,
					"start":	29.000201,
					"end":	30.00008,
					"seconds":	0.999879002571106,
					"bytes":	1310720,
					"bits_per_second":	10487028.903534066,
					"retransmits":	0,
					"snd_cwnd":	4746544,
					"snd_wnd":	3144320,
					"rtt":	2269143,
					"rttvar":	19656,
					"pmtu":	1500,
					"omitted":	false,
					"sender":	true
				}],
			"sum":	{
				"start":	29.000201,
				"end":	30.00008,
				"seconds":	0.999879002571106,
				"bytes":	1310720,
				"bits_per_second":	10487028.903534066,
				"retransmits":	0,
				"omitted":	false,
				"sender":	true
			}
		}, {
			"streams":	[{
					"socket":	6,
					"start":	30.00008,
					"end":	31.001031,
					"seconds":	1.0009510517120361,
					"bytes":	0,
					"bits_per_second":	0,
					"retransmits":	0,
					"snd_cwnd":	4746544,
					"snd_wnd":	3144448,
					"rtt":	2153128,
					"rttvar":	19791,
					"pmtu":	1500,
					"omitted":	false,
					"sender":	true
				}],
			"sum":	{
				"start":	30.00008,
				"end":	31.001031,
				"seconds":	1.0009510517120361,
				"bytes":	0,
				"bits_per_second":	0,
				"retransmits":	0,
				"omitted":	false,
				"sender":	true
			}
		}, {
			"streams":	[{
					"socket":	6,
					"start":	31.001031,
					"end":	32.000964,
					"seconds":	0.99993300437927246,
					"bytes":	1310720,
					"bits_per_second":	10486462.547067577,
					"retransmits":	0,
					"snd_cwnd":	4746544,
					"snd_wnd":	3144448,
					"rtt":	2043147,
					"rttvar":	20025,
					"pmtu":	1500,
					"omitted":	false,
					"sender":	true
				}],
			"sum":	{
				"start":	31.001031,
				"end":	32.000964,
				"seconds":	0.99993300437927246,
				"bytes":	1310720,
				"bits_per_second":	10486462.547067577,
				"retransmits":	0,
				"omitted":	false,
				"sender":	true
			}
		}, {
			"streams":	[{
					"socket":	6,
					"start":	32.000964,
					"end":	33.001049,
					"seconds":	1.00008499622345,
					"bytes":	1310720,
					"bits_per_second":	10484868.825746447,
					"retransmits":	0,
					"snd_cwnd":	4746544,
					"snd_wnd":	3144448,
					"rtt":	1922146,
					"rttvar":	19743,
					"pmtu":	1500,
					"omitted":	false,
					"sender":	true
				}],
			"sum":	{
				"start":	32.000964,
				"end":	33.001049,
				"seconds":	1.00008499622345,
				"bytes":	1310720,
				"bits_per_second":	10484868.825746447,
				"retransmits":	0,
				"omitted":	false,
				"sender":	true
			}
		}, {
			"streams":	[{
					"socket":	6,
					"start":	33.001049,
					"end":	34.000781,
					"seconds":	0.99973201751709,
					"bytes":	1310720,
					"bits_per_second":	10488570.75323263,
					"retransmits":	0,
					"snd_cwnd":	4746544,
					"snd_wnd":	3144448,
					"rtt":	1800878,
					"rttvar":	19140,
					"pmtu":	1500,
					"omitted":	false,
					"sender":	true
				}],
			"sum":	{
				"start":	33.001049,
				"end":	34.000781,
				"seconds":	0.99973201751709,
				"bytes":	1310720,
				"bits_per_second":	10488570.75323263,
				"retransmits":	0,
				"omitted":	false,
				"sender":	true
			}
		}, {
			"streams":	[{
					"socket":	6,
					"start":	34.000781,
					"end":	35.000605,
					"seconds":	0.99982398748397827,
					"bytes":	1310720,
					"bits_per_second":	10487605.949910289,
					"retransmits":	0,
					"snd_cwnd":	4746544,
					"snd_wnd":	3144448,
					"rtt":	1804102,
					"rttvar":	147543,
					"pmtu":	1500,
					"omitted":	false,
					"sender":	true
				}],
			"sum":	{
				"start":	34.000781,
				"end":	35.000605,
				"seconds":	0.99982398748397827,
				"bytes":	1310720,
				"bits_per_second":	10487605.949910289,
				"retransmits":	0,
				"omitted":	false,
				"sender":	true
			}
		}, {
			"streams":	[{
					"socket":	6,
					"start":	35.000605,
					"end":	36.000502,
					"seconds":	0.999897003173828,
					"bytes":	1310720,
					"bits_per_second":	10486840.111248031,
					"retransmits":	0,
					"snd_cwnd":	4746544,
					"snd_wnd":	3144448,
					"rtt":	2671620,
					"rttvar":	13459,
					"pmtu":	1500,
					"omitted":	false,
					"sender":	true
				}],
			"sum":	{
				"start":	35.000605,
				"end":	36.000502,
				"seconds":	0.999897003173828,
				"bytes":	1310720,
				"bits_per_second":	10486840.111248031,
				"retransmits":	0,
				"omitted":	false,
				"sender":	true
			}
		}, {
			"streams":	[{
					"socket":	6,
					"start":	36.000502,
					"end":	37.000383,
					"seconds":	0.99988102912902832,
					"bytes":	1310720,
					"bits_per_second":	10487007.648433821,
					"retransmits":	0,
					"snd_cwnd":	4746544,
					"snd_wnd":	3144448,
					"rtt":	2557000,
					"rttvar":	19602,
					"pmtu":	1500,
					"omitted":	false,
					"sender":	true
				}],
			"sum":	{
				"start":	36.000502,
				"end":	37.000383,
				"seconds":	0.99988102912902832,
				"bytes":	1310720,
				"bits_per_second":	10487007.648433821,
				"retransmits":	0,
				"omitted":	false,
				"sender":	true
			}
		}, {
			"streams":	[{
					"socket":	6,
					"start":	37.000383,
					"end":	38.000252,
					"seconds":	0.99986898899078369,
					"bytes":	1310720,
					"bits_per_second":	10487133.929999955,
					"retransmits":	0,
					"snd_cwnd":	4746544,
					"snd_wnd":	3144448,
					"rtt":	2433729,
					"rttvar":	19852,
					"pmtu":	1500,
					"omitted":	false,
					"sender":	true
				}],
			"sum":	{
				"start":	37.000383,
				"end":	38.000252,
				"seconds":	0.99986898899078369,
				"bytes":	1310720,
				"bits_per_second":	10487133.929999955,
				"retransmits":	0,
				"omitted":	false,
				"sender":	true
			}
		}, {
			"streams":	[{
					"socket":	6,
					"start":	38.000252,
					"end":	39.000119,
					"seconds":	0.999867022037506,
					"bytes":	1310720,
					"bits_per_second":	10487154.560445806,
					"retransmits":	0,
					"snd_cwnd":	4746544,
					"snd_wnd":	3144448,
					"rtt":	2312510,
					"rttvar":	20011,
					"pmtu":	1500,
					"omitted":	false,
					"sender":	true
				}],
			"sum":	{
				"start":	38.000252,
				"end":	39.000119,
				"seconds":	0.999867022037506,
				"bytes":	1310720,
				"bits_per_second":	10487154.560445806,
				"retransmits":	0,
				"omitted":	false,
				"sender":	true
			}
		}, {
			"streams":	[{
					"socket":	6,
					"start":	39.000119,
					"end":	40.001027,
					"seconds":	1.0009080171585083,
					"bytes":	0,
					"bits_per_second":	0,
					"retransmits":	0,
					"snd_cwnd":	4746544,
					"snd_wnd":	3144448,
					"rtt":	2193115,
					"rttvar":	20032,
					"pmtu":	1500,
					"omitted":	false,
					"sender":	true
				}],
			"sum":	{
				"start":	39.000119,
				"end":	40.001027,
				"seconds":	1.0009080171585083,
				"bytes":	0,
				"bits_per_second":	0,
				"retransmits":	0,
				"omitted":	false,
				"sender":	true
			}
		}, {
			"streams":	[{
					"socket":	6,
					"start":	40.001027,
					"end":	41.00104,
					"seconds":	1.000012993812561,
					"bytes":	1310720,
					"bits_per_second":	10485623.751770385,
					"retransmits":	0,
					"snd_cwnd":	4746544,
					"snd_wnd":	3144448,
					"rtt":	2071622,
					"rttvar":	19807,
					"pmtu":	1500,
					"omitted":	false,
					"sender":	true
				}],
			"sum":	{
				"start":	40.001027,
				"end":	41.00104,
				"seconds":	1.000012993812561,
				"bytes":	1310720,
				"bits_per_second":	10485623.751770385,
				"retransmits":	0,
				"omitted":	false,
				"sender":	true
			}
		}, {
			"streams":	[{
					"socket":	6,
					"start":	41.00104,
					"end":	42.00091,
					"seconds":	0.999870002269745,
					"bytes":	1310720,
					"bits_per_second":	10487123.302226195,
					"retransmits":	0,
					"snd_cwnd":	4746544,
					"snd_wnd":	3144448,
					"rtt":	1962954,
					"rttvar":	19607,
					"pmtu":	1500,
					"omitted":	false,
					"sender":	true
				}],
			"sum":	{
				"start":	41.00104,
				"end":	42.00091,
				"seconds":	0.999870002269745,
				"bytes":	1310720,
				"bits_per_second":	10487123.302226195,
				"retransmits":	0,
				"omitted":	false,
				"sender":	true
			}
		}, {
			"streams":	[{
					"socket":	6,
					"start":	42.00091,
					"end":	43.000834,
					"seconds":	0.99992400407791138,
					"bytes":	1310720,
					"bits_per_second":	10486556.935563853,
					"retransmits":	0,
					"snd_cwnd":	4746544,
					"snd_wnd":	3144448,
					"rtt":	1867562,
					"rttvar":	19512,
					"pmtu":	1500,
					"omitted":	false,
					"sender":	true
				}],
			"sum":	{
				"start":	42.00091,
				"end":	43.000834,
				"seconds":	0.99992400407791138,
				"bytes":	1310720,
				"bits_per_second":	10486556.935563853,
				"retransmits":	0,
				"omitted":	false,
				"sender":	true
			}
		}, {
			"streams":	[{
					"socket":	6,
					"start":	43.000834,
					"end":	44.000737,
					"seconds":	0.99990302324295044,
					"bytes":	1310720,
					"bits_per_second":	10486776.973622805,
					"retransmits":	0,
					"snd_cwnd":	4746544,
					"snd_wnd":	3144448,
					"rtt":	1766529,
					"rttvar":	19245,
					"pmtu":	1500,
					"omitted":	false,
					"sender":	true
				}],
			"sum":	{
				"start":	43.000834,
				"end":	44.000737,
				"seconds":	0.99990302324295044,
				"bytes":	1310720,
				"bits_per_second":	10486776.973622805,
				"retransmits":	0,
				"omitted":	false,
				"sender":	true
			}
		}, {
			"streams":	[{
					"socket":	6,
					"start":	44.000737,
					"end":	45.000624,
					"seconds":	0.999886989593506,
					"bytes":	1310720,
					"bits_per_second":	10486945.133932468,
					"retransmits":	0,
					"snd_cwnd":	4746544,
					"snd_wnd":	3144448,
					"rtt":	1783351,
					"rttvar":	139529,
					"pmtu":	1500,
					"omitted":	false,
					"sender":	true
				}],
			"sum":	{
				"start":	44.000737,
				"end":	45.000624,
				"seconds":	0.999886989593506,
				"bytes":	1310720,
				"bits_per_second":	10486945.133932468,
				"retransmits":	0,
				"omitted":	false,
				"sender":	true
			}
		}, {
			"streams":	[{
					"socket":	6,
					"start":	45.000624,
					"end":	46.000559,
					"seconds":	0.99993497133255,
					"bytes":	1310720,
					"bits_per_second":	10486441.919344306,
					"retransmits":	0,
					"snd_cwnd":	4746544,
					"snd_wnd":	3144448,
					"rtt":	2661143,
					"rttvar":	11961,
					"pmtu":	1500,
					"omitted":	false,
					"sender":	true
				}],
			"sum":	{
				"start":	45.000624,
				"end":	46.000559,
				"seconds":	0.99993497133255,
				"bytes":	1310720,
				"bits_per_second":	10486441.919344306,
				"retransmits":	0,
				"omitted":	false,
				"sender":	true
			}
		}, {
			"streams":	[{
					"socket":	6,
					"start":	46.000559,
					"end":	47.00036,
					"seconds":	0.999800980091095,
					"bytes":	1310720,
					"bits_per_second":	10487847.290412348,
					"retransmits":	0,
					"snd_cwnd":	4746544,
					"snd_wnd":	3144448,
					"rtt":	2556288,
					"rttvar":	19677,
					"pmtu":	1500,
					"omitted":	false,
					"sender":	true
				}],
			"sum":	{
				"start":	46.000559,
				"end":	47.00036,
				"seconds":	0.999800980091095,
				"bytes":	1310720,
				"bits_per_second":	10487847.290412348,
				"retransmits":	0,
				"omitted":	false,
				"sender":	true
			}
		}, {
			"streams":	[{
					"socket":	6,
					"start":	47.00036,
					"end":	48.000237,
					"seconds":	0.99987697601318359,
					"bytes":	1310720,
					"bits_per_second":	10487050.158720469,
					"retransmits":	0,
					"snd_cwnd":	4746544,
					"snd_wnd":	3144448,
					"rtt":	2433506,
					"rttvar":	19729,
					"pmtu":	1500,
					"omitted":	false,
					"sender":	true
				}],
			"sum":	{
				"start":	47.00036,
				"end":	48.000237,
				"seconds":	0.99987697601318359,
				"bytes":	1310720,
				"bits_per_second":	10487050.158720469,
				"retransmits":	0,
				"omitted":	false,
				"sender":	true
			}
		}, {
			"streams":	[{
					"socket":	6,
					"start":	48.000237,
					"end":	49.000127,
					"seconds":	0.9998900294303894,
					"bytes":	1310720,
					"bits_per_second":	10486913.251823761,
					"retransmits":	0,
					"snd_cwnd":	4746544,
					"snd_wnd":	3144448,
					"rtt":	2313539,
					"rttvar":	20011,
					"pmtu":	1500,
					"omitted":	false,
					"sender":	true
				}],
			"sum":	{
				"start":	48.000237,
				"end":	49.000127,
				"seconds":	0.9998900294303894,
				"bytes":	1310720,
				"bits_per_second":	10486913.251823761,
				"retransmits":	0,
				"omitted":	false,
				"sender":	true
			}
		}, {
			"streams":	[{
					"socket":	6,
					"start":	49.000127,
					"end":	50.001027,
					"seconds":	1.0009000301361084,
					"bytes":	0,
					"bits_per_second":	0,
					"retransmits":	0,
					"snd_cwnd":	4746544,
					"snd_wnd":	3144448,
					"rtt":	2191917,
					"rttvar":	19671,
					"pmtu":	1500,
					"omitted":	false,
					"sender":	true
				}],
			"sum":	{
				"start":	49.000127,
				"end":	50.001027,
				"seconds":	1.0009000301361084,
				"bytes":	0,
				"bits_per_second":	0,
				"retransmits":	0,
				"omitted":	false,
				"sender":	true
			}
		}, {
			"streams":	[{
					"socket":	6,
					"start":	50.001027,
					"end":	51.000999,
					"seconds":	0.99997198581695557,
					"bytes":	1310720,
					"bits_per_second":	10486053.7582294,
					"retransmits":	0,
					"snd_cwnd":	4746544,
					"snd_wnd":	3144448,
					"rtt":	2075030,
					"rttvar":	19559,
					"pmtu":	1500,
					"omitted":	false,
					"sender":	true
				}],
			"sum":	{
				"start":	50.001027,
				"end":	51.000999,
				"seconds":	0.99997198581695557,
				"bytes":	1310720,
				"bits_per_second":	10486053.7582294,
				"retransmits":	0,
				"omitted":	false,
				"sender":	true
			}
		}, {
			"streams":	[{
					"socket":	6,
					"start":	51.000999,
					"end":	52.000899,
					"seconds":	0.999899983406067,
					"bytes":	1310720,
					"bits_per_second":	10486808.854902895,
					"retransmits":	0,
					"snd_cwnd":	4746544,
					"snd_wnd":	3144448,
					"rtt":	1953022,
					"rttvar":	19672,
					"pmtu":	1500,
					"omitted":	false,
					"sender":	true
				}],
			"sum":	{
				"start":	51.000999,
				"end":	52.000899,
				"seconds":	0.999899983406067,
				"bytes":	1310720,
				"bits_per_second":	10486808.854902895,
				"retransmits":	0,
				"omitted":	false,
				"sender":	true
			}
		}, {
			"streams":	[{
					"socket":	6,
					"start":	52.000899,
					"end":	53.00078,
					"seconds":	0.99988102912902832,
					"bytes":	1310720,
					"bits_per_second":	10487007.648433821,
					"retransmits":	0,
					"snd_cwnd":	4746544,
					"snd_wnd":	3144448,
					"rtt":	1830949,
					"rttvar":	20206,
					"pmtu":	1500,
					"omitted":	false,
					"sender":	true
				}],
			"sum":	{
				"start":	52.000899,
				"end":	53.00078,
				"seconds":	0.99988102912902832,
				"bytes":	1310720,
				"bits_per_second":	10487007.648433821,
				"retransmits":	0,
				"omitted":	false,
				"sender":	true
			}
		}, {
			"streams":	[{
					"socket":	6,
					"start":	53.00078,
					"end":	54.000641,
					"seconds":	0.99986100196838379,
					"bytes":	1310720,
					"bits_per_second":	10487217.702617794,
					"retransmits":	0,
					"snd_cwnd":	4746544,
					"snd_wnd":	3144448,
					"rtt":	1733185,
					"rttvar":	24678,
					"pmtu":	1500,
					"omitted":	false,
					"sender":	true
				}],
			"sum":	{
				"start":	53.00078,
				"end":	54.000641,
				"seconds":	0.99986100196838379,
				"bytes":	1310720,
				"bits_per_second":	10487217.702617794,
				"retransmits":	0,
				"omitted":	false,
				"sender":	true
			}
		}, {
			"streams":	[{
					"socket":	6,
					"start":	54.000641,
					"end":	55.000516,
					"seconds":	0.999875009059906,
					"bytes":	1310720,
					"bits_per_second":	10487070.788836729,
					"retransmits":	0,
					"snd_cwnd":	4746544,
					"snd_wnd":	3144448,
					"rtt":	2678001,
					"rttvar":	3487,
					"pmtu":	1500,
					"omitted":	false,
					"sender":	true
				}],
			"sum":	{
				"start":	54.000641,
				"end":	55.000516,
				"seconds":	0.999875009059906,
				"bytes":	1310720,
				"bits_per_second":	10487070.788836729,
				"retransmits":	0,
				"omitted":	false,
				"sender":	true
			}
		}, {
			"streams":	[{
					"socket":	6,
					"start":	55.000516,
					"end":	56.000421,
					"seconds":	0.999904990196228,
					"bytes":	1310720,
					"bits_per_second":	10486756.344662512,
					"retransmits":	0,
					"snd_cwnd":	4746544,
					"snd_wnd":	3144448,
					"rtt":	2583638,
					"rttvar":	20001,
					"pmtu":	1500,
					"omitted":	false,
					"sender":	true
				}],
			"sum":	{
				"start":	55.000516,
				"end":	56.000421,
				"seconds":	0.999904990196228,
				"bytes":	1310720,
				"bits_per_second":	10486756.344662512,
				"retransmits":	0,
				"omitted":	false,
				"sender":	true
			}
		}, {
			"streams":	[{
					"socket":	6,
					"start":	56.000421,
					"end":	57.000278,
					"seconds":	0.999857008457184,
					"bytes":	1310720,
					"bits_per_second":	10487259.589428606,
					"retransmits":	0,
					"snd_cwnd":	4746544,
					"snd_wnd":	3144448,
					"rtt":	2463935,
					"rttvar":	20026,
					"pmtu":	1500,
					"omitted":	false,
					"sender":	true
				}],
			"sum":	{
				"start":	56.000421,
				"end":	57.000278,
				"seconds":	0.999857008457184,
				"bytes":	1310720,
				"bits_per_second":	10487259.589428606,
				"retransmits":	0,
				"omitted":	false,
				"sender":	true
			}
		}, {
			"streams":	[{
					"socket":	6,
					"start":	57.000278,
					"end":	58.000248,
					"seconds":	0.999970018863678,
					"bytes":	1310720,
					"bits_per_second":	10486074.384425603,
					"retransmits":	0,
					"snd_cwnd":	4746544,
					"snd_wnd":	3144448,
					"rtt":	2343031,
					"rttvar":	19814,
					"pmtu":	1500,
					"omitted":	false,
					"sender":	true
				}],
			"sum":	{
				"start":	57.000278,
				"end":	58.000248,
				"seconds":	0.999970018863678,
				"bytes":	1310720,
				"bits_per_second":	10486074.384425603,
				"retransmits":	0,
				"omitted":	false,
				"sender":	true
			}
		}, {
			"streams":	[{
					"socket":	6,
					"start":	58.000248,
					"end":	59.000073,
					"seconds":	0.99982500076293945,
					"bytes":	1310720,
					"bits_per_second":	10487595.321179805,
					"retransmits":	0,
					"snd_cwnd":	4746544,
					"snd_wnd":	3144448,
					"rtt":	2231118,
					"rttvar":	19640,
					"pmtu":	1500,
					"omitted":	false,
					"sender":	true
				}],
			"sum":	{
				"start":	58.000248,
				"end":	59.000073,
				"seconds":	0.99982500076293945,
				"bytes":	1310720,
				"bits_per_second":	10487595.321179805,
				"retransmits":	0,
				"omitted":	false,
				"sender":	true
			}
		}, {
			"streams":	[{
					"socket":	6,
					"start":	59.000073,
					"end":	60.001029,
					"seconds":	1.0009560585021973,
					"bytes":	0,
					"bits_per_second":	0,
					"retransmits":	0,
					"snd_cwnd":	4746544,
					"snd_wnd":	3144448,
					"rtt":	2135166,
					"rttvar":	19473,
					"pmtu":	1500,
					"omitted":	false,
					"sender":	true
				}],
			"sum":	{
				"start":	59.000073,
				"end":	60.001029,
				"seconds":	1.0009560585021973,
				"bytes":	0,
				"bits_per_second":	0,
				"retransmits":	0,
				"omitted":	false,
				"sender":	true
			}
		}],
	"end":	{
		"streams":	[{
				"sender":	{
					"socket":	6,
					"start":	0,
					"end":	60.001029,
					"seconds":	60.001029,
					"bytes":	71827456,
					"bits_per_second":	9576829.89070071,
					"retransmits":	0,
					"max_snd_cwnd":	4746544,
					"max_snd_wnd":	3144448,
					"max_rtt":	2678001,
					"min_rtt":	115661,
					"mean_rtt":	1720170,
					"sender":	true
				},
				"receiver":	{
					"socket":	6,
					"start":	0,
					"end":	61.691035,
					"seconds":	60.001029,
					"bytes":	71827176,
					"bits_per_second":	9314439.41571089,
					"sender":	true
				}
			}],
		"sum_sent":	{
			"start":	0,
			"end":	60.001029,
			"seconds":	60.001029,
			"bytes":	71827456,
			"bits_per_second":	9576829.89070071,
			"retransmits":	0,
			"sender":	true
		},
		"sum_received":	{
			"start":	0,
			"end":	61.691035,
			"seconds":	61.691035,
			"bytes":	71827176,
			"bits_per_second":	9314439.41571089,
			"sender":	true
		},
		"cpu_utilization_percent":	{
			"host_total":	0.047052718320772749,
			"host_user":	0.0075289014266543474,
			"host_system":	0.039525482948870927,
			"remote_total":	0.94162388387845852,
			"remote_user":	0.064185934415224924,
			"remote_system":	0.87743957044296472
		},
		"sender_tcp_congestion":	"cubic",
		"receiver_tcp_congestion":	"cubic"
	}
}
