{
	"start":	{
		"connected":	[{
				"socket":	6,
				"local_host":	"192.168.101.210",
				"local_port":	57652,
				"remote_host":	"192.168.100.168",
				"remote_port":	5201
			}],
		"version":	"iperf 3.11",
		"system_info":	"Linux f1 6.0.10-300.fc37.x86_64 #1 SMP PREEMPT_DYNAMIC Sat Nov 26 16:55:13 UTC 2022 x86_64",
		"timestamp":	{
			"time":	"Sat, 10 Dec 2022 20:23:42 GMT",
			"timesecs":	1670703822
		},
		"connecting_to":	{
			"host":	"192.168.100.168",
			"port":	5201
		},
		"cookie":	"iywzjuqfg3b4x2no7ux465zeflxcoxl3e756",
		"tcp_mss_default":	1448,
		"target_bitrate":	0,
		"sock_bufsize":	0,
		"sndbuf_actual":	16384,
		"rcvbuf_actual":	131072,
		"test_start":	{
			"protocol":	"TCP",
			"num_streams":	1,
			"blksize":	131072,
			"omit":	0,
			"duration":	60,
			"bytes":	0,
			"blocks":	0,
			"reverse":	0,
			"tos":	0,
			"target_bitrate":	0
		}
	},
	"intervals":	[{
			"streams":	[{
					"socket":	6,
					"start":	0,
					"end":	1.000078,
					"seconds":	1.0000779628753662,
					"bytes":	8781824,
					"bits_per_second":	70249115.17698887,
					"retransmits":	0,
					"snd_cwnd":	1048352,
					"snd_wnd":	3143552,
					"rtt":	159292,
					"rttvar":	240,
					"pmtu":	1500,
					"omitted":	false,
					"sender":	true
				}],
			"sum":	{
				"start":	0,
				"end":	1.000078,
				"seconds":	1.0000779628753662,
				"bytes":	8781824,
				"bits_per_second":	70249115.17698887,
				"retransmits":	0,
				"omitted":	false,
				"sender":	true
			}
		}, {
			"streams":	[{
					"socket":	6,
					"start":	1.000078,
					"end":	2.000125,
					"seconds":	1.000046968460083,
					"bytes":	6553600,
					"bits_per_second":	52426337.6156544,
					"retransmits":	0,
					"snd_cwnd":	1410352,
					"snd_wnd":	3143552,
					"rtt":	187883,
					"rttvar":	145,
					"pmtu":	1500,
					"omitted":	false,
					"sender":	true
				}],
			"sum":	{
				"start":	1.000078,
				"end":	2.000125,
				"seconds":	1.000046968460083,
				"bytes":	6553600,
				"bits_per_second":	52426337.6156544,
				"retransmits":	0,
				"omitted":	false,
				"sender":	true
			}
		}, {
			"streams":	[{
					"socket":	6,
					"start":	2.000125,
					"end":	3.000069,
					"seconds":	0.999943971633911,
					"bytes":	7864320,
					"bits_per_second":	62918085.197511055,
					"retransmits":	0,
					"snd_cwnd":	1808552,
					"snd_wnd":	3143552,
					"rtt":	192658,
					"rttvar":	253,
					"pmtu":	1500,
					"omitted":	false,
					"sender":	true
				}],
			"sum":	{
				"start":	2.000125,
				"end":	3.000069,
				"seconds":	0.999943971633911,
				"bytes":	7864320,
				"bits_per_second":	62918085.197511055,
				"retransmits":	0,
				"omitted":	false,
				"sender":	true
			}
		}, {
			"streams":	[{
					"socket":	6,
					"start":	3.000069,
					"end":	4.000124,
					"seconds":	1.0000549554824829,
					"bytes":	9175040,
					"bits_per_second":	73396286.4716645,
					"retransmits":	0,
					"snd_cwnd":	2276256,
					"snd_wnd":	3143552,
					"rtt":	226535,
					"rttvar":	453,
					"pmtu":	1500,
					"omitted":	false,
					"sender":	true
				}],
			"sum":	{
				"start":	3.000069,
				"end":	4.000124,
				"seconds":	1.0000549554824829,
				"bytes":	9175040,
				"bits_per_second":	73396286.4716645,
				"retransmits":	0,
				"omitted":	false,
				"sender":	true
			}
		}, {
			"streams":	[{
					"socket":	6,
					"start":	4.000124,
					"end":	5.000081,
					"seconds":	0.999957025051117,
					"bytes":	10485760,
					"bits_per_second":	83889685.154931352,
					"retransmits":	0,
					"snd_cwnd":	2778712,
					"snd_wnd":	3143552,
					"rtt":	260434,
					"rttvar":	428,
					"pmtu":	1500,
					"omitted":	false,
					"sender":	true
				}],
			"sum":	{
				"start":	4.000124,
				"end":	5.000081,
				"seconds":	0.999957025051117,
				"bytes":	10485760,
				"bits_per_second":	83889685.154931352,
				"retransmits":	0,
				"omitted":	false,
				"sender":	true
			}
		}, {
			"streams":	[{
					"socket":	6,
					"start":	5.000081,
					"end":	6.000075,
					"seconds":	0.99999397993087769,
					"bytes":	10485760,
					"bits_per_second":	83886585.00304015,
					"retransmits":	0,
					"snd_cwnd":	3298544,
					"snd_wnd":	3143552,
					"rtt":	277860,
					"rttvar":	8311,
					"pmtu":	1500,
					"omitted":	false,
					"sender":	true
				}],
			"sum":	{
				"start":	5.000081,
				"end":	6.000075,
				"seconds":	0.99999397993087769,
				"bytes":	10485760,
				"bits_per_second":	83886585.00304015,
				"retransmits":	0,
				"omitted":	false,
				"sender":	true
			}
		}, {
			"streams":	[{
					"socket":	6,
					"start":	6.000075,
					"end":	7.000071,
					"seconds":	0.9999960064888,
					"bytes":	10485760,
					"bits_per_second":	83886415.001337826,
					"retransmits":	0,
					"snd_cwnd":	3301440,
					"snd_wnd":	3143552,
					"rtt":	290710,
					"rttvar":	8439,
					"pmtu":	1500,
					"omitted":	false,
					"sender":	true
				}],
			"sum":	{
				"start":	6.000075,
				"end":	7.000071,
				"seconds":	0.9999960064888,
				"bytes":	10485760,
				"bits_per_second":	83886415.001337826,
				"retransmits":	0,
				"omitted":	false,
				"sender":	true
			}
		}, {
			"streams":	[{
					"socket":	6,
					"start":	7.000071,
					"end":	8.000097,
					"seconds":	1.0000259876251221,
					"bytes":	10485760,
					"bits_per_second":	83883900.056651548,
					"retransmits":	0,
					"snd_cwnd":	3301440,
					"snd_wnd":	3143552,
					"rtt":	287883,
					"rttvar":	2291,
					"pmtu":	1500,
					"omitted":	false,
					"sender":	true
				}],
			"sum":	{
				"start":	7.000071,
				"end":	8.000097,
				"seconds":	1.0000259876251221,
				"bytes":	10485760,
				"bits_per_second":	83883900.056651548,
				"retransmits":	0,
				"omitted":	false,
				"sender":	true
			}
		}, {
			"streams":	[{
					"socket":	6,
					"start":	8.000097,
					"end":	9.000136,
					"seconds":	1.0000389814376831,
					"bytes":	10485760,
					"bits_per_second":	83882810.127464339,
					"retransmits":	0,
					"snd_cwnd":	3301440,
					"snd_wnd":	3143552,
					"rtt":	288513,
					"rttvar":	727,
					"pmtu":	1500,
					"omitted":	false,
					"sender":	true
				}],
			"sum":	{
				"start":	8.000097,
				"end":	9.000136,
				"seconds":	1.0000389814376831,
				"bytes":	10485760,
				"bits_per_second":	83882810.127464339,
				"retransmits":	0,
				"omitted":	false,
				"sender":	true
			}
		}, {
			"streams":	[{
					"socket":	6,
					"start":	9.000136,
					"end":	10.000073,
					"seconds":	0.99993699789047241,
					"bytes":	11796480,
					"bits_per_second":	94377785.9996105,
					"retransmits":	0,
					"snd_cwnd":	3301440,
					"snd_wnd":	3143552,
					"rtt":	254373,
					"rttvar":	6184,
					"pmtu":	1500,
					"omitted":	false,
					"sender":	true
				}],
			"sum":	{
				"start":	9.000136,
				"end":	10.000073,
				"seconds":	0.99993699789047241,
				"bytes":	11796480,
				"bits_per_second":	94377785.9996105,
				"retransmits":	0,
				"omitted":	false,
				"sender":	true
			}
		}, {
			"streams":	[{
					"socket":	6,
					"start":	10.000073,
					"end":	11.000137,
					"seconds":	1.0000640153884888,
					"bytes":	10485760,
					"bits_per_second":	83880710.343740627,
					"retransmits":	0,
					"snd_cwnd":	3301440,
					"snd_wnd":	3143552,
					"rtt":	243484,
					"rttvar":	4708,
					"pmtu":	1500,
					"omitted":	false,
					"sender":	true
				}],
			"sum":	{
				"start":	10.000073,
				"end":	11.000137,
				"seconds":	1.0000640153884888,
				"bytes":	10485760,
				"bits_per_second":	83880710.343740627,
				"retransmits":	0,
				"omitted":	false,
				"sender":	true
			}
		}, {
			"streams":	[{
					"socket":	6,
					"start":	11.000137,
					"end":	12.00008,
					"seconds":	0.99994301795959473,
					"bytes":	11796480,
					"bits_per_second":	94377217.8064384,
					"retransmits":	0,
					"snd_cwnd":	3301440,
					"snd_wnd":	3143552,
					"rtt":	271661,
					"rttvar":	8003,
					"pmtu":	1500,
					"omitted":	false,
					"sender":	true
				}],
			"sum":	{
				"start":	11.000137,
				"end":	12.00008,
				"seconds":	0.99994301795959473,
				"bytes":	11796480,
				"bits_per_second":	94377217.8064384,
				"retransmits":	0,
				"omitted":	false,
				"sender":	true
			}
		}, {
			"streams":	[{
					"socket":	6,
					"start":	12.00008,
					"end":	13.000078,
					"seconds":	0.99999797344207764,
					"bytes":	10485760,
					"bits_per_second":	83886250.0003445,
					"retransmits":	0,
					"snd_cwnd":	3301440,
					"snd_wnd":	3143552,
					"rtt":	287822,
					"rttvar":	5893,
					"pmtu":	1500,
					"omitted":	false,
					"sender":	true
				}],
			"sum":	{
				"start":	12.00008,
				"end":	13.000078,
				"seconds":	0.99999797344207764,
				"bytes":	10485760,
				"bits_per_second":	83886250.0003445,
				"retransmits":	0,
				"omitted":	false,
				"sender":	true
			}
		}, {
			"streams":	[{
					"socket":	6,
					"start":	13.000078,
					"end":	14.000105,
					"seconds":	1.0000269412994385,
					"bytes":	10485760,
					"bits_per_second":	83883820.0608857,
					"retransmits":	0,
					"snd_cwnd":	3301440,
					"snd_wnd":	3143552,
					"rtt":	294959,
					"rttvar":	5229,
					"pmtu":	1500,
					"omitted":	false,
					"sender":	true
				}],
			"sum":	{
				"start":	13.000078,
				"end":	14.000105,
				"seconds":	1.0000269412994385,
				"bytes":	10485760,
				"bits_per_second":	83883820.0608857,
				"retransmits":	0,
				"omitted":	false,
				"sender":	true
			}
		}, {
			"streams":	[{
					"socket":	6,
					"start":	14.000105,
					"end":	15.000075,
					"seconds":	0.999970018863678,
					"bytes":	10485760,
					"bits_per_second":	83888595.075404823,
					"retransmits":	0,
					"snd_cwnd":	3301440,
					"snd_wnd":	3143552,
					"rtt":	289707,
					"rttvar":	8495,
					"pmtu":	1500,
					"omitted":	false,
					"sender":	true
				}],
			"sum":	{
				"start":	14.000105,
				"end":	15.000075,
				"seconds":	0.999970018863678,
				"bytes":	10485760,
				"bits_per_second":	83888595.075404823,
				"retransmits":	0,
				"omitted":	false,
				"sender":	true
			}
		}, {
			"streams":	[{
					"socket":	6,
					"start":	15.000075,
					"end":	16.00008,
					"seconds":	1.0000050067901611,
					"bytes":	10485760,
					"bits_per_second":	83885660.002102837,
					"retransmits":	0,
					"snd_cwnd":	3301440,
					"snd_wnd":	3143552,
					"rtt":	265886,
					"rttvar":	4850,
					"pmtu":	1500,
					"omitted":	false,
					"sender":	true
				}],
			"sum":	{
				"start":	15.000075,
				"end":	16.00008,
				"seconds":	1.0000050067901611,
				"bytes":	10485760,
				"bits_per_second":	83885660.002102837,
				"retransmits":	0,
				"omitted":	false,
				"sender":	true
			}
		}, {
			"streams":	[{
					"socket":	6,
					"start":	16.00008,
					"end":	17.000144,
					"seconds":	1.0000640153884888,
					"bytes":	9175040,
					"bits_per_second":	73395621.550773054,
					"retransmits":	0,
					"snd_cwnd":	3301440,
					"snd_wnd":	3143552,
					"rtt":	312275,
					"rttvar":	494,
					"pmtu":	1500,
					"omitted":	false,
					"sender":	true
				}],
			"sum":	{
				"start":	16.00008,
				"end":	17.000144,
				"seconds":	1.0000640153884888,
				"bytes":	9175040,
				"bits_per_second":	73395621.550773054,
				"retransmits":	0,
				"omitted":	false,
				"sender":	true
			}
		}, {
			"streams":	[{
					"socket":	6,
					"start":	17.000144,
					"end":	18.000085,
					"seconds":	0.99994099140167236,
					"bytes":	10485760,
					"bits_per_second":	83891030.2921098,
					"retransmits":	0,
					"snd_cwnd":	3301440,
					"snd_wnd":	3143552,
					"rtt":	304014,
					"rttvar":	6663,
					"pmtu":	1500,
					"omitted":	false,
					"sender":	true
				}],
			"sum":	{
				"start":	17.000144,
				"end":	18.000085,
				"seconds":	0.99994099140167236,
				"bytes":	10485760,
				"bits_per_second":	83891030.2921098,
				"retransmits":	0,
				"omitted":	false,
				"sender":	true
			}
		}, {
			"streams":	[{
					"socket":	6,
					"start":	18.000085,
					"end":	19.000133,
					"seconds":	1.000048041343689,
					"bytes":	9175040,
					"bits_per_second":	73396793.919397652,
					"retransmits":	0,
					"snd_cwnd":	3301440,
					"snd_wnd":	3143552,
					"rtt":	322618,
					"rttvar":	1015,
					"pmtu":	1500,
					"omitted":	false,
					"sender":	true
				}],
			"sum":	{
				"start":	18.000085,
				"end":	19.000133,
				"seconds":	1.000048041343689,
				"bytes":	9175040,
				"bits_per_second":	73396793.919397652,
				"retransmits":	0,
				"omitted":	false,
				"sender":	true
			}
		}, {
			"streams":	[{
					"socket":	6,
					"start":	19.000133,
					"end":	20.000068,
					"seconds":	0.99993497133255,
					"bytes":	10485760,
					"bits_per_second":	83891535.354754448,
					"retransmits":	0,
					"snd_cwnd":	3301440,
					"snd_wnd":	3143552,
					"rtt":	289492,
					"rttvar":	8128,
					"pmtu":	1500,
					"omitted":	false,
					"sender":	true
				}],
			"sum":	{
				"start":	19.000133,
				"end":	20.000068,
				"seconds":	0.99993497133255,
				"bytes":	10485760,
				"bits_per_second":	83891535.354754448,
				"retransmits":	0,
				"omitted":	false,
				"sender":	true
			}
		}, {
			"streams":	[{
					"socket":	6,
					"start":	20.000068,
					"end":	21.000072,
					"seconds":	1.0000040531158447,
					"bytes":	9175040,
					"bits_per_second":	73400022.5012058,
					"retransmits":	0,
					"snd_cwnd":	3301440,
					"snd_wnd":	3143552,
					"rtt":	297581,
					"rttvar":	4605,
					"pmtu":	1500,
					"omitted":	false,
					"sender":	true
				}],
			"sum":	{
				"start":	20.000068,
				"end":	21.000072,
				"seconds":	1.0000040531158447,
				"bytes":	9175040,
				"bits_per_second":	73400022.5012058,
				"retransmits":	0,
				"omitted":	false,
				"sender":	true
			}
		}, {
			"streams":	[{
					"socket":	6,
					"start":	21.000072,
					"end":	22.000073,
					"seconds":	1.0000009536743164,
					"bytes":	10485760,
					"bits_per_second":	83886000.0000763,
					"retransmits":	0,
					"snd_cwnd":	3301440,
					"snd_wnd":	3143552,
					"rtt":	282334,
					"rttvar":	10222,
					"pmtu":	1500,
					"omitted":	false,
					"sender":	true
				}],
			"sum":	{
				"start":	21.000072,
				"end":	22.000073,
				"seconds":	1.0000009536743164,
				"bytes":	10485760,
				"bits_per_second":	83886000.0000763,
				"retransmits":	0,
				"omitted":	false,
				"sender":	true
			}
		}, {
			"streams":	[{
					"socket":	6,
					"start":	22.000073,
					"end":	23.000078,
					"seconds":	1.0000050067901611,
					"bytes":	9175040,
					"bits_per_second":	73399952.50184,
					"retransmits":	0,
					"snd_cwnd":	3301440,
					"snd_wnd":	3143552,
					"rtt":	312321,
					"rttvar":	6504,
					"pmtu":	1500,
					"omitted":	false,
					"sender":	true
				}],
			"sum":	{
				"start":	22.000073,
				"end":	23.000078,
				"seconds":	1.0000050067901611,
				"bytes":	9175040,
				"bits_per_second":	73399952.50184,
				"retransmits":	0,
				"omitted":	false,
				"sender":	true
			}
		}, {
			"streams":	[{
					"socket":	6,
					"start":	23.000078,
					"end":	24.000169,
					"seconds":	1.0000909566879272,
					"bytes":	7864320,
					"bits_per_second":	62908838.0204523,
					"retransmits":	0,
					"snd_cwnd":	3301440,
					"snd_wnd":	3143552,
					"rtt":	359261,
					"rttvar":	1049,
					"pmtu":	1500,
					"omitted":	false,
					"sender":	true
				}],
			"sum":	{
				"start":	23.000078,
				"end":	24.000169,
				"seconds":	1.0000909566879272,
				"bytes":	7864320,
				"bits_per_second":	62908838.0204523,
				"retransmits":	0,
				"omitted":	false,
				"sender":	true
			}
		}, {
			"streams":	[{
					"socket":	6,
					"start":	24.000169,
					"end":	25.000078,
					"seconds":	0.999908983707428,
					"bytes":	9175040,
					"bits_per_second":	73407001.23310107,
					"retransmits":	0,
					"snd_cwnd":	3301440,
					"snd_wnd":	3143552,
					"rtt":	348591,
					"rttvar":	7056,
					"pmtu":	1500,
					"omitted":	false,
					"sender":	true
				}],
			"sum":	{
				"start":	24.000169,
				"end":	25.000078,
				"seconds":	0.999908983707428,
				"bytes":	9175040,
				"bits_per_second":	73407001.23310107,
				"retransmits":	0,
				"omitted":	false,
				"sender":	true
			}
		}, {
			"streams":	[{
					"socket":	6,
					"start":	25.000078,
					"end":	26.000121,
					"seconds":	1.0000430345535278,
					"bytes":	7864320,
					"bits_per_second":	62911852.616511039,
					"retransmits":	0,
					"snd_cwnd":	3301440,
					"snd_wnd":	3143552,
					"rtt":	376556,
					"rttvar":	2041,
					"pmtu":	1500,
					"omitted":	false,
					"sender":	true
				}],
			"sum":	{
				"start":	25.000078,
				"end":	26.000121,
				"seconds":	1.0000430345535278,
				"bytes":	7864320,
				"bits_per_second":	62911852.616511039,
				"retransmits":	0,
				"omitted":	false,
				"sender":	true
			}
		}, {
			"streams":	[{
					"socket":	6,
					"start":	26.000121,
					"end":	27.000131,
					"seconds":	1.0000100135803223,
					"bytes":	7864320,
					"bits_per_second":	62913930.0063085,
					"retransmits":	0,
					"snd_cwnd":	3301440,
					"snd_wnd":	3143552,
					"rtt":	391625,
					"rttvar":	1418,
					"pmtu":	1500,
					"omitted":	false,
					"sender":	true
				}],
			"sum":	{
				"start":	26.000121,
				"end":	27.000131,
				"seconds":	1.0000100135803223,
				"bytes":	7864320,
				"bits_per_second":	62913930.0063085,
				"retransmits":	0,
				"omitted":	false,
				"sender":	true
			}
		}, {
			"streams":	[{
					"socket":	6,
					"start":	27.000131,
					"end":	28.00012,
					"seconds":	0.99998897314071655,
					"bytes":	7864320,
					"bits_per_second":	62915253.757649966,
					"retransmits":	0,
					"snd_cwnd":	3301440,
					"snd_wnd":	3143552,
					"rtt":	399198,
					"rttvar":	2300,
					"pmtu":	1500,
					"omitted":	false,
					"sender":	true
				}],
			"sum":	{
				"start":	27.000131,
				"end":	28.00012,
				"seconds":	0.99998897314071655,
				"bytes":	7864320,
				"bits_per_second":	62915253.757649966,
				"retransmits":	0,
				"omitted":	false,
				"sender":	true
			}
		}, {
			"streams":	[{
					"socket":	6,
					"start":	28.00012,
					"end":	29.000078,
					"seconds":	0.99995797872543335,
					"bytes":	7864320,
					"bits_per_second":	62917203.861098416,
					"retransmits":	0,
					"snd_cwnd":	3301440,
					"snd_wnd":	3143552,
					"rtt":	368163,
					"rttvar":	6095,
					"pmtu":	1500,
					"omitted":	false,
					"sender":	true
				}],
			"sum":	{
				"start":	28.00012,
				"end":	29.000078,
				"seconds":	0.99995797872543335,
				"bytes":	7864320,
				"bits_per_second":	62917203.861098416,
				"retransmits":	0,
				"omitted":	false,
				"sender":	true
			}
		}, {
			"streams":	[{
					"socket":	6,
					"start":	29.000078,
					"end":	30.000171,
					"seconds":	1.0000929832458496,
					"bytes":	6553600,
					"bits_per_second":	52423925.453251176,
					"retransmits":	0,
					"snd_cwnd":	3301440,
					"snd_wnd":	3143552,
					"rtt":	432977,
					"rttvar":	1305,
					"pmtu":	1500,
					"omitted":	false,
					"sender":	true
				}],
			"sum":	{
				"start":	29.000078,
				"end":	30.000171,
				"seconds":	1.0000929832458496,
				"bytes":	6553600,
				"bits_per_second":	52423925.453251176,
				"retransmits":	0,
				"omitted":	false,
				"sender":	true
			}
		}, {
			"streams":	[{
					"socket":	6,
					"start":	30.000171,
					"end":	31.0002,
					"seconds":	1.0000289678573608,
					"bytes":	6553600,
					"bits_per_second":	52427281.293993659,
					"retransmits":	0,
					"snd_cwnd":	3301440,
					"snd_wnd":	3143552,
					"rtt":	435050,
					"rttvar":	1784,
					"pmtu":	1500,
					"omitted":	false,
					"sender":	true
				}],
			"sum":	{
				"start":	30.000171,
				"end":	31.0002,
				"seconds":	1.0000289678573608,
				"bytes":	6553600,
				"bits_per_second":	52427281.293993659,
				"retransmits":	0,
				"omitted":	false,
				"sender":	true
			}
		}, {
			"streams":	[{
					"socket":	6,
					"start":	31.0002,
					"end":	32.000078,
					"seconds":	0.99987798929214478,
					"bytes":	7864320,
					"bits_per_second":	62922237.186698981,
					"retransmits":	0,
					"snd_cwnd":	3301440,
					"snd_wnd":	3143552,
					"rtt":	395537,
					"rttvar":	4983,
					"pmtu":	1500,
					"omitted":	false,
					"sender":	true
				}],
			"sum":	{
				"start":	31.0002,
				"end":	32.000078,
				"seconds":	0.99987798929214478,
				"bytes":	7864320,
				"bits_per_second":	62922237.186698981,
				"retransmits":	0,
				"omitted":	false,
				"sender":	true
			}
		}, {
			"streams":	[{
					"socket":	6,
					"start":	32.000078,
					"end":	33.000129,
					"seconds":	1.0000510215759277,
					"bytes":	9175040,
					"bits_per_second":	73396575.191066056,
					"retransmits":	0,
					"snd_cwnd":	3301440,
					"snd_wnd":	3143552,
					"rtt":	332097,
					"rttvar":	4843,
					"pmtu":	1500,
					"omitted":	false,
					"sender":	true
				}],
			"sum":	{
				"start":	32.000078,
				"end":	33.000129,
				"seconds":	1.0000510215759277,
				"bytes":	9175040,
				"bits_per_second":	73396575.191066056,
				"retransmits":	0,
				"omitted":	false,
				"sender":	true
			}
		}, {
			"streams":	[{
					"socket":	6,
					"start":	33.000129,
					"end":	34.000203,
					"seconds":	1.000074028968811,
					"bytes":	6553600,
					"bits_per_second":	52424919.037303664,
					"retransmits":	0,
					"snd_cwnd":	3301440,
					"snd_wnd":	3143552,
					"rtt":	435987,
					"rttvar":	881,
					"pmtu":	1500,
					"omitted":	false,
					"sender":	true
				}],
			"sum":	{
				"start":	33.000129,
				"end":	34.000203,
				"seconds":	1.000074028968811,
				"bytes":	6553600,
				"bits_per_second":	52424919.037303664,
				"retransmits":	0,
				"omitted":	false,
				"sender":	true
			}
		}, {
			"streams":	[{
					"socket":	6,
					"start":	34.000203,
					"end":	35.000068,
					"seconds":	0.99986499547958374,
					"bytes":	7864320,
					"bits_per_second":	62923054.896849476,
					"retransmits":	0,
					"snd_cwnd":	3301440,
					"snd_wnd":	3143552,
					"rtt":	396684,
					"rttvar":	2344,
					"pmtu":	1500,
					"omitted":	false,
					"sender":	true
				}],
			"sum":	{
				"start":	34.000203,
				"end":	35.000068,
				"seconds":	0.99986499547958374,
				"bytes":	7864320,
				"bits_per_second":	62923054.896849476,
				"retransmits":	0,
				"omitted":	false,
				"sender":	true
			}
		}, {
			"streams":	[{
					"socket":	6,
					"start":	35.000068,
					"end":	36.000072,
					"seconds":	1.0000040531158447,
					"bytes":	6553600,
					"bits_per_second":	52428587.500861287,
					"retransmits":	0,
					"snd_cwnd":	3301440,
					"snd_wnd":	3143552,
					"rtt":	425089,
					"rttvar":	6126,
					"pmtu":	1500,
					"omitted":	false,
					"sender":	true
				}],
			"sum":	{
				"start":	35.000068,
				"end":	36.000072,
				"seconds":	1.0000040531158447,
				"bytes":	6553600,
				"bits_per_second":	52428587.500861287,
				"retransmits":	0,
				"omitted":	false,
				"sender":	true
			}
		}, {
			"streams":	[{
					"socket":	6,
					"start":	36.000072,
					"end":	37.000097,
					"seconds":	1.0000250339508057,
					"bytes":	6553600,
					"bits_per_second":	52427487.532856241,
					"retransmits":	0,
					"snd_cwnd":	3301440,
					"snd_wnd":	3143552,
					"rtt":	441181,
					"rttvar":	3417,
					"pmtu":	1500,
					"omitted":	false,
					"sender":	true
				}],
			"sum":	{
				"start":	36.000072,
				"end":	37.000097,
				"seconds":	1.0000250339508057,
				"bytes":	6553600,
				"bits_per_second":	52427487.532856241,
				"retransmits":	0,
				"omitted":	false,
				"sender":	true
			}
		}, {
			"streams":	[{
					"socket":	6,
					"start":	37.000097,
					"end":	38.000156,
					"seconds":	1.0000590085983276,
					"bytes":	6553600,
					"bits_per_second":	52425706.432547078,
					"retransmits":	0,
					"snd_cwnd":	3301440,
					"snd_wnd":	3143552,
					"rtt":	445796,
					"rttvar":	1932,
					"pmtu":	1500,
					"omitted":	false,
					"sender":	true
				}],
			"sum":	{
				"start":	37.000097,
				"end":	38.000156,
				"seconds":	1.0000590085983276,
				"bytes":	6553600,
				"bits_per_second":	52425706.432547078,
				"retransmits":	0,
				"omitted":	false,
				"sender":	true
			}
		}, {
			"streams":	[{
					"socket":	6,
					"start":	38.000156,
					"end":	39.000166,
					"seconds":	1.0000100135803223,
					"bytes":	6553600,
					"bits_per_second":	52428275.005257078,
					"retransmits":	0,
					"snd_cwnd":	3301440,
					"snd_wnd":	3143552,
					"rtt":	467475,
					"rttvar":	1417,
					"pmtu":	1500,
					"omitted":	false,
					"sender":	true
				}],
			"sum":	{
				"start":	38.000156,
				"end":	39.000166,
				"seconds":	1.0000100135803223,
				"bytes":	6553600,
				"bits_per_second":	52428275.005257078,
				"retransmits":	0,
				"omitted":	false,
				"sender":	true
			}
		}, {
			"streams":	[{
					"socket":	6,
					"start":	39.000166,
					"end":	40.000202,
					"seconds":	1.0000360012054443,
					"bytes":	6553600,
					"bits_per_second":	52426912.567949831,
					"retransmits":	0,
					"snd_cwnd":	3301440,
					"snd_wnd":	3143552,
					"rtt":	464949,
					"rttvar":	2106,
					"pmtu":	1500,
					"omitted":	false,
					"sender":	true
				}],
			"sum":	{
				"start":	39.000166,
				"end":	40.000202,
				"seconds":	1.0000360012054443,
				"bytes":	6553600,
				"bits_per_second":	52426912.567949831,
				"retransmits":	0,
				"omitted":	false,
				"sender":	true
			}
		}, {
			"streams":	[{
					"socket":	6,
					"start":	40.000202,
					"end":	41.000229,
					"seconds":	1.0000269412994385,
					"bytes":	6553600,
					"bits_per_second":	52427387.538053557,
					"retransmits":	0,
					"snd_cwnd":	3301440,
					"snd_wnd":	3143552,
					"rtt":	385021,
					"rttvar":	2557,
					"pmtu":	1500,
					"omitted":	false,
					"sender":	true
				}],
			"sum":	{
				"start":	40.000202,
				"end":	41.000229,
				"seconds":	1.0000269412994385,
				"bytes":	6553600,
				"bits_per_second":	52427387.538053557,
				"retransmits":	0,
				"omitted":	false,
				"sender":	true
			}
		}, {
			"streams":	[{
					"socket":	6,
					"start":	41.000229,
					"end":	42.000076,
					"seconds":	0.99984699487686157,
					"bytes":	7864320,
					"bits_per_second":	62924187.723090954,
					"retransmits":	0,
					"snd_cwnd":	3301440,
					"snd_wnd":	3143552,
					"rtt":	421547,
					"rttvar":	5381,
					"pmtu":	1500,
					"omitted":	false,
					"sender":	true
				}],
			"sum":	{
				"start":	41.000229,
				"end":	42.000076,
				"seconds":	0.99984699487686157,
				"bytes":	7864320,
				"bits_per_second":	62924187.723090954,
				"retransmits":	0,
				"omitted":	false,
				"sender":	true
			}
		}, {
			"streams":	[{
					"socket":	6,
					"start":	42.000076,
					"end":	43.000106,
					"seconds":	1.0000300407409668,
					"bytes":	6553600,
					"bits_per_second":	52427225.047312744,
					"retransmits":	0,
					"snd_cwnd":	3301440,
					"snd_wnd":	3143552,
					"rtt":	427256,
					"rttvar":	2769,
					"pmtu":	1500,
					"omitted":	false,
					"sender":	true
				}],
			"sum":	{
				"start":	42.000076,
				"end":	43.000106,
				"seconds":	1.0000300407409668,
				"bytes":	6553600,
				"bits_per_second":	52427225.047312744,
				"retransmits":	0,
				"omitted":	false,
				"sender":	true
			}
		}, {
			"streams":	[{
					"socket":	6,
					"start":	43.000106,
					"end":	44.000107,
					"seconds":	1.0000009536743164,
					"bytes":	9175040,
					"bits_per_second":	73400250.000066757,
					"retransmits":	0,
					"snd_cwnd":	3301440,
					"snd_wnd":	3143552,
					"rtt":	404756,
					"rttvar":	5006,
					"pmtu":	1500,
					"omitted":	false,
					"sender":	true
				}],
			"sum":	{
				"start":	43.000106,
				"end":	44.000107,
				"seconds":	1.0000009536743164,
				"bytes":	9175040,
				"bits_per_second":	73400250.000066757,
				"retransmits":	0,
				"omitted":	false,
				"sender":	true
			}
		}, {
			"streams":	[{
					"socket":	6,
					"start":	44.000107,
					"end":	45.000143,
					"seconds":	1.0000360012054443,
					"bytes":	6553600,
					"bits_per_second":	52426912.567949831,
					"retransmits":	0,
					"snd_cwnd":	3301440,
					"snd_wnd":	3143552,
					"rtt":	453679,
					"rttvar":	2111,
					"pmtu":	1500,
					"omitted":	false,
					"sender":	true
				}],
			"sum":	{
				"start":	44.000107,
				"end":	45.000143,
				"seconds":	1.0000360012054443,
				"bytes":	6553600,
				"bits_per_second":	52426912.567949831,
				"retransmits":	0,
				"omitted":	false,
				"sender":	true
			}
		}, {
			"streams":	[{
					"socket":	6,
					"start":	45.000143,
					"end":	46.000197,
					"seconds":	1.0000540018081665,
					"bytes":	6553600,
					"bits_per_second":	52425968.902884364,
					"retransmits":	0,
					"snd_cwnd":	3301440,
					"snd_wnd":	3143552,
					"rtt":	458960,
					"rttvar":	1341,
					"pmtu":	1500,
					"omitted":	false,
					"sender":	true
				}],
			"sum":	{
				"start":	45.000143,
				"end":	46.000197,
				"seconds":	1.0000540018081665,
				"bytes":	6553600,
				"bits_per_second":	52425968.902884364,
				"retransmits":	0,
				"omitted":	false,
				"sender":	true
			}
		}, {
			"streams":	[{
					"socket":	6,
					"start":	46.000197,
					"end":	47.000186,
					"seconds":	0.99998897314071655,
					"bytes":	6553600,
					"bits_per_second":	52429378.13137497,
					"retransmits":	0,
					"snd_cwnd":	3301440,
					"snd_wnd":	3143552,
					"rtt":	473319,
					"rttvar":	2248,
					"pmtu":	1500,
					"omitted":	false,
					"sender":	true
				}],
			"sum":	{
				"start":	46.000197,
				"end":	47.000186,
				"seconds":	0.99998897314071655,
				"bytes":	6553600,
				"bits_per_second":	52429378.13137497,
				"retransmits":	0,
				"omitted":	false,
				"sender":	true
			}
		}, {
			"streams":	[{
					"socket":	6,
					"start":	47.000186,
					"end":	48.000196,
					"seconds":	1.0000100135803223,
					"bytes":	6553600,
					"bits_per_second":	52428275.005257078,
					"retransmits":	0,
					"snd_cwnd":	3301440,
					"snd_wnd":	3143552,
					"rtt":	444346,
					"rttvar":	2063,
					"pmtu":	1500,
					"omitted":	false,
					"sender":	true
				}],
			"sum":	{
				"start":	47.000186,
				"end":	48.000196,
				"seconds":	1.0000100135803223,
				"bytes":	6553600,
				"bits_per_second":	52428275.005257078,
				"retransmits":	0,
				"omitted":	false,
				"sender":	true
			}
		}, {
			"streams":	[{
					"socket":	6,
					"start":	48.000196,
					"end":	49.000201,
					"seconds":	1.0000050067901611,
					"bytes":	6553600,
					"bits_per_second":	52428537.501314275,
					"retransmits":	0,
					"snd_cwnd":	3301440,
					"snd_wnd":	3143552,
					"rtt":	469090,
					"rttvar":	3859,
					"pmtu":	1500,
					"omitted":	false,
					"sender":	true
				}],
			"sum":	{
				"start":	48.000196,
				"end":	49.000201,
				"seconds":	1.0000050067901611,
				"bytes":	6553600,
				"bits_per_second":	52428537.501314275,
				"retransmits":	0,
				"omitted":	false,
				"sender":	true
			}
		}, {
			"streams":	[{
					"socket":	6,
					"start":	49.000201,
					"end":	50.000227,
					"seconds":	1.0000259876251221,
					"bytes":	6553600,
					"bits_per_second":	52427437.535407215,
					"retransmits":	0,
					"snd_cwnd":	3301440,
					"snd_wnd":	3143552,
					"rtt":	415418,
					"rttvar":	11544,
					"pmtu":	1500,
					"omitted":	false,
					"sender":	true
				}],
			"sum":	{
				"start":	49.000201,
				"end":	50.000227,
				"seconds":	1.0000259876251221,
				"bytes":	6553600,
				"bits_per_second":	52427437.535407215,
				"retransmits":	0,
				"omitted":	false,
				"sender":	true
			}
		}, {
			"streams":	[{
					"socket":	6,
					"start":	50.000227,
					"end":	51.000229,
					"seconds":	1.0000020265579224,
					"bytes":	6553600,
					"bits_per_second":	52428693.750215322,
					"retransmits":	0,
					"snd_cwnd":	3301440,
					"snd_wnd":	3143552,
					"rtt":	436715,
					"rttvar":	9806,
					"pmtu":	1500,
					"omitted":	false,
					"sender":	true
				}],
			"sum":	{
				"start":	50.000227,
				"end":	51.000229,
				"seconds":	1.0000020265579224,
				"bytes":	6553600,
				"bits_per_second":	52428693.750215322,
				"retransmits":	0,
				"omitted":	false,
				"sender":	true
			}
		}, {
			"streams":	[{
					"socket":	6,
					"start":	51.000229,
					"end":	52.000076,
					"seconds":	0.99984699487686157,
					"bytes":	7864320,
					"bits_per_second":	62924187.723090954,
					"retransmits":	0,
					"snd_cwnd":	3301440,
					"snd_wnd":	3143552,
					"rtt":	409610,
					"rttvar":	2479,
					"pmtu":	1500,
					"omitted":	false,
					"sender":	true
				}],
			"sum":	{
				"start":	51.000229,
				"end":	52.000076,
				"seconds":	0.99984699487686157,
				"bytes":	7864320,
				"bits_per_second":	62924187.723090954,
				"retransmits":	0,
				"omitted":	false,
				"sender":	true
			}
		}, {
			"streams":	[{
					"socket":	6,
					"start":	52.000076,
					"end":	53.000076,
					"seconds":	1,
					"bytes":	6553600,
					"bits_per_second":	52428800,
					"retransmits":	0,
					"snd_cwnd":	3301440,
					"snd_wnd":	3143552,
					"rtt":	397434,
					"rttvar":	5220,
					"pmtu":	1500,
					"omitted":	false,
					"sender":	true
				}],
			"sum":	{
				"start":	52.000076,
				"end":	53.000076,
				"seconds":	1,
				"bytes":	6553600,
				"bits_per_second":	52428800,
				"retransmits":	0,
				"omitted":	false,
				"sender":	true
			}
		}, {
			"streams":	[{
					"socket":	6,
					"start":	53.000076,
					"end":	54.000079,
					"seconds":	1.0000029802322388,
					"bytes":	6553600,
					"bits_per_second":	52428643.750465661,
					"retransmits":	0,
					"snd_cwnd":	3301440,
					"snd_wnd":	3143552,
					"rtt":	419255,
					"rttvar":	5821,
					"pmtu":	1500,
					"omitted":	false,
					"sender":	true
				}],
			"sum":	{
				"start":	53.000076,
				"end":	54.000079,
				"seconds":	1.0000029802322388,
				"bytes":	6553600,
				"bits_per_second":	52428643.750465661,
				"retransmits":	0,
				"omitted":	false,
				"sender":	true
			}
		}, {
			"streams":	[{
					"socket":	6,
					"start":	54.000079,
					"end":	55.000082,
					"seconds":	1.0000029802322388,
					"bytes":	9175040,
					"bits_per_second":	73400101.250651926,
					"retransmits":	0,
					"snd_cwnd":	3301440,
					"snd_wnd":	3143552,
					"rtt":	403865,
					"rttvar":	6117,
					"pmtu":	1500,
					"omitted":	false,
					"sender":	true
				}],
			"sum":	{
				"start":	54.000079,
				"end":	55.000082,
				"seconds":	1.0000029802322388,
				"bytes":	9175040,
				"bits_per_second":	73400101.250651926,
				"retransmits":	0,
				"omitted":	false,
				"sender":	true
			}
		}, {
			"streams":	[{
					"socket":	6,
					"start":	55.000082,
					"end":	56.000072,
					"seconds":	0.99998998641967773,
					"bytes":	6553600,
					"bits_per_second":	52429325.005257182,
					"retransmits":	0,
					"snd_cwnd":	3301440,
					"snd_wnd":	3143552,
					"rtt":	446736,
					"rttvar":	5369,
					"pmtu":	1500,
					"omitted":	false,
					"sender":	true
				}],
			"sum":	{
				"start":	55.000082,
				"end":	56.000072,
				"seconds":	0.99998998641967773,
				"bytes":	6553600,
				"bits_per_second":	52429325.005257182,
				"retransmits":	0,
				"omitted":	false,
				"sender":	true
			}
		}, {
			"streams":	[{
					"socket":	6,
					"start":	56.000072,
					"end":	57.00008,
					"seconds":	1.0000079870224,
					"bytes":	6553600,
					"bits_per_second":	52428381.253344536,
					"retransmits":	0,
					"snd_cwnd":	3301440,
					"snd_wnd":	3143552,
					"rtt":	443000,
					"rttvar":	5852,
					"pmtu":	1500,
					"omitted":	false,
					"sender":	true
				}],
			"sum":	{
				"start":	56.000072,
				"end":	57.00008,
				"seconds":	1.0000079870224,
				"bytes":	6553600,
				"bits_per_second":	52428381.253344536,
				"retransmits":	0,
				"omitted":	false,
				"sender":	true
			}
		}, {
			"streams":	[{
					"socket":	6,
					"start":	57.00008,
					"end":	58.000078,
					"seconds":	0.99999797344207764,
					"bytes":	6553600,
					"bits_per_second":	52428906.250215322,
					"retransmits":	0,
					"snd_cwnd":	3301440,
					"snd_wnd":	3143552,
					"rtt":	421925,
					"rttvar":	5499,
					"pmtu":	1500,
					"omitted":	false,
					"sender":	true
				}],
			"sum":	{
				"start":	57.00008,
				"end":	58.000078,
				"seconds":	0.99999797344207764,
				"bytes":	6553600,
				"bits_per_second":	52428906.250215322,
				"retransmits":	0,
				"omitted":	false,
				"sender":	true
			}
		}, {
			"streams":	[{
					"socket":	6,
					"start":	58.000078,
					"end":	59.000078,
					"seconds":	1,
					"bytes":	6553600,
					"bits_per_second":	52428800,
					"retransmits":	0,
					"snd_cwnd":	3301440,
					"snd_wnd":	3143552,
					"rtt":	422225,
					"rttvar":	4649,
					"pmtu":	1500,
					"omitted":	false,
					"sender":	true
				}],
			"sum":	{
				"start":	58.000078,
				"end":	59.000078,
				"seconds":	1,
				"bytes":	6553600,
				"bits_per_second":	52428800,
				"retransmits":	0,
				"omitted":	false,
				"sender":	true
			}
		}, {
			"streams":	[{
					"socket":	6,
					"start":	59.000078,
					"end":	60.000095,
					"seconds":	1.0000170469284058,
					"bytes":	6553600,
					"bits_per_second":	52427906.265235431,
					"retransmits":	0,
					"snd_cwnd":	3301440,
					"snd_wnd":	3143552,
					"rtt":	427420,
					"rttvar":	4923,
					"pmtu":	1500,
					"omitted":	false,
					"sender":	true
				}],
			"sum":	{
				"start":	59.000078,
				"end":	60.000095,
				"seconds":	1.0000170469284058,
				"bytes":	6553600,
				"bits_per_second":	52427906.265235431,
				"retransmits":	0,
				"omitted":	false,
				"sender":	true
			}
		}],
	"end":	{
		"streams":	[{
				"sender":	{
					"socket":	6,
					"start":	0,
					"end":	60.000095,
					"seconds":	60.000095,
					"bytes":	493748224,
					"bits_per_second":	65832992.2977622,
					"retransmits":	0,
					"max_snd_cwnd":	3301440,
					"max_snd_wnd":	3143552,
					"max_rtt":	473319,
					"min_rtt":	159292,
					"mean_rtt":	361634,
					"sender":	true
				},
				"receiver":	{
					"socket":	6,
					"start":	0,
					"end":	60.47412,
					"seconds":	60.000095,
					"bytes":	493744768,
					"bits_per_second":	65316504.7130905,
					"sender":	true
				}
			}],
		"sum_sent":	{
			"start":	0,
			"end":	60.000095,
			"seconds":	60.000095,
			"bytes":	493748224,
			"bits_per_second":	65832992.2977622,
			"retransmits":	0,
			"sender":	true
		},
		"sum_received":	{
			"start":	0,
			"end":	60.47412,
			"seconds":	60.47412,
			"bytes":	493744768,
			"bits_per_second":	65316504.7130905,
			"sender":	true
		},
		"cpu_utilization_percent":	{
			"host_total":	0.617499260711429,
			"host_user":	0.015068979199078108,
			"host_system":	0.60243194255503152,
			"remote_total":	2.067931949157042,
			"remote_user":	0.16828681656093744,
			"remote_system":	1.8996451325961048
		},
		"sender_tcp_congestion":	"cubic",
		"receiver_tcp_congestion":	"cubic"
	}
}
