{
	"start":	{
		"connected":	[{
				"socket":	6,
				"local_host":	"192.168.101.210",
				"local_port":	41344,
				"remote_host":	"192.168.100.168",
				"remote_port":	5202
			}],
		"version":	"iperf 3.11",
		"system_info":	"Linux f1 6.0.10-300.fc37.x86_64 #1 SMP PREEMPT_DYNAMIC Sat Nov 26 16:55:13 UTC 2022 x86_64",
		"timestamp":	{
			"time":	"Sat, 10 Dec 2022 20:36:07 GMT",
			"timesecs":	1670704567
		},
		"connecting_to":	{
			"host":	"192.168.100.168",
			"port":	5202
		},
		"cookie":	"pscps2srcjucgiyc2lrf3xwsht6immexgsjj",
		"tcp_mss_default":	1448,
		"target_bitrate":	0,
		"sock_bufsize":	0,
		"sndbuf_actual":	16384,
		"rcvbuf_actual":	131072,
		"test_start":	{
			"protocol":	"TCP",
			"num_streams":	1,
			"blksize":	131072,
			"omit":	0,
			"duration":	60,
			"bytes":	0,
			"blocks":	0,
			"reverse":	0,
			"tos":	0,
			"target_bitrate":	0
		}
	},
	"intervals":	[{
			"streams":	[{
					"socket":	6,
					"start":	0,
					"end":	1.000373,
					"seconds":	1.0003730058670044,
					"bytes":	1807104,
					"bits_per_second":	14451441.527523562,
					"retransmits":	0,
					"snd_cwnd":	209960,
					"snd_wnd":	342144,
					"rtt":	200176,
					"rttvar":	99,
					"pmtu":	1500,
					"omitted":	false,
					"sender":	true
				}],
			"sum":	{
				"start":	0,
				"end":	1.000373,
				"seconds":	1.0003730058670044,
				"bytes":	1807104,
				"bits_per_second":	14451441.527523562,
				"retransmits":	0,
				"omitted":	false,
				"sender":	true
			}
		}, {
			"streams":	[{
					"socket":	6,
					"start":	1.000373,
					"end":	2.000089,
					"seconds":	0.99971598386764526,
					"bytes":	7236864,
					"bits_per_second":	57911359.760418557,
					"retransmits":	0,
					"snd_cwnd":	6319072,
					"snd_wnd":	3143552,
					"rtt":	200089,
					"rttvar":	15,
					"pmtu":	1500,
					"omitted":	false,
					"sender":	true
				}],
			"sum":	{
				"start":	1.000373,
				"end":	2.000089,
				"seconds":	0.99971598386764526,
				"bytes":	7236864,
				"bits_per_second":	57911359.760418557,
				"retransmits":	0,
				"omitted":	false,
				"sender":	true
			}
		}, {
			"streams":	[{
					"socket":	6,
					"start":	2.000089,
					"end":	3.000089,
					"seconds":	1,
					"bytes":	15728640,
					"bits_per_second":	125829120,
					"retransmits":	0,
					"snd_cwnd":	9213624,
					"snd_wnd":	3143552,
					"rtt":	200088,
					"rttvar":	10,
					"pmtu":	1500,
					"omitted":	false,
					"sender":	true
				}],
			"sum":	{
				"start":	2.000089,
				"end":	3.000089,
				"seconds":	1,
				"bytes":	15728640,
				"bits_per_second":	125829120,
				"retransmits":	0,
				"omitted":	false,
				"sender":	true
			}
		}, {
			"streams":	[{
					"socket":	6,
					"start":	3.000089,
					"end":	4.000068,
					"seconds":	0.999979019165039,
					"bytes":	15728640,
					"bits_per_second":	125831760.05539057,
					"retransmits":	0,
					"snd_cwnd":	9213624,
					"snd_wnd":	3143552,
					"rtt":	200081,
					"rttvar":	12,
					"pmtu":	1500,
					"omitted":	false,
					"sender":	true
				}],
			"sum":	{
				"start":	3.000089,
				"end":	4.000068,
				"seconds":	0.999979019165039,
				"bytes":	15728640,
				"bits_per_second":	125831760.05539057,
				"retransmits":	0,
				"omitted":	false,
				"sender":	true
			}
		}, {
			"streams":	[{
					"socket":	6,
					"start":	4.000068,
					"end":	5.000087,
					"seconds":	1.0000189542770386,
					"bytes":	14417920,
					"bits_per_second":	115341173.791438,
					"retransmits":	0,
					"snd_cwnd":	9213624,
					"snd_wnd":	3143552,
					"rtt":	200095,
					"rttvar":	12,
					"pmtu":	1500,
					"omitted":	false,
					"sender":	true
				}],
			"sum":	{
				"start":	4.000068,
				"end":	5.000087,
				"seconds":	1.0000189542770386,
				"bytes":	14417920,
				"bits_per_second":	115341173.791438,
				"retransmits":	0,
				"omitted":	false,
				"sender":	true
			}
		}, {
			"streams":	[{
					"socket":	6,
					"start":	5.000087,
					"end":	6.000079,
					"seconds":	0.9999920129776,
					"bytes":	15728640,
					"bits_per_second":	125830125.008027,
					"retransmits":	0,
					"snd_cwnd":	9213624,
					"snd_wnd":	3143552,
					"rtt":	200094,
					"rttvar":	14,
					"pmtu":	1500,
					"omitted":	false,
					"sender":	true
				}],
			"sum":	{
				"start":	5.000087,
				"end":	6.000079,
				"seconds":	0.9999920129776,
				"bytes":	15728640,
				"bits_per_second":	125830125.008027,
				"retransmits":	0,
				"omitted":	false,
				"sender":	true
			}
		}, {
			"streams":	[{
					"socket":	6,
					"start":	6.000079,
					"end":	7.000123,
					"seconds":	1.0000439882278442,
					"bytes":	14417920,
					"bits_per_second":	115338286.47317545,
					"retransmits":	0,
					"snd_cwnd":	9213624,
					"snd_wnd":	3143552,
					"rtt":	200092,
					"rttvar":	6,
					"pmtu":	1500,
					"omitted":	false,
					"sender":	true
				}],
			"sum":	{
				"start":	6.000079,
				"end":	7.000123,
				"seconds":	1.0000439882278442,
				"bytes":	14417920,
				"bits_per_second":	115338286.47317545,
				"retransmits":	0,
				"omitted":	false,
				"sender":	true
			}
		}, {
			"streams":	[{
					"socket":	6,
					"start":	7.000123,
					"end":	8.000072,
					"seconds":	0.99994897842407227,
					"bytes":	15728640,
					"bits_per_second":	125835540.32757524,
					"retransmits":	0,
					"snd_cwnd":	9213624,
					"snd_wnd":	3143552,
					"rtt":	200098,
					"rttvar":	16,
					"pmtu":	1500,
					"omitted":	false,
					"sender":	true
				}],
			"sum":	{
				"start":	7.000123,
				"end":	8.000072,
				"seconds":	0.99994897842407227,
				"bytes":	15728640,
				"bits_per_second":	125835540.32757524,
				"retransmits":	0,
				"omitted":	false,
				"sender":	true
			}
		}, {
			"streams":	[{
					"socket":	6,
					"start":	8.000072,
					"end":	9.000119,
					"seconds":	1.000046968460083,
					"bytes":	14417920,
					"bits_per_second":	115337942.75443968,
					"retransmits":	0,
					"snd_cwnd":	9213624,
					"snd_wnd":	3143552,
					"rtt":	200157,
					"rttvar":	34,
					"pmtu":	1500,
					"omitted":	false,
					"sender":	true
				}],
			"sum":	{
				"start":	8.000072,
				"end":	9.000119,
				"seconds":	1.000046968460083,
				"bytes":	14417920,
				"bits_per_second":	115337942.75443968,
				"retransmits":	0,
				"omitted":	false,
				"sender":	true
			}
		}, {
			"streams":	[{
					"socket":	6,
					"start":	9.000119,
					"end":	10.000306,
					"seconds":	1.0001870393753052,
					"bytes":	15728640,
					"bits_per_second":	125805589.40114851,
					"retransmits":	0,
					"snd_cwnd":	9213624,
					"snd_wnd":	3143552,
					"rtt":	200107,
					"rttvar":	10,
					"pmtu":	1500,
					"omitted":	false,
					"sender":	true
				}],
			"sum":	{
				"start":	9.000119,
				"end":	10.000306,
				"seconds":	1.0001870393753052,
				"bytes":	15728640,
				"bits_per_second":	125805589.40114851,
				"retransmits":	0,
				"omitted":	false,
				"sender":	true
			}
		}, {
			"streams":	[{
					"socket":	6,
					"start":	10.000306,
					"end":	11.000136,
					"seconds":	0.99983000755310059,
					"bytes":	14417920,
					"bits_per_second":	115362970.83369361,
					"retransmits":	0,
					"snd_cwnd":	9213624,
					"snd_wnd":	3143552,
					"rtt":	200123,
					"rttvar":	9,
					"pmtu":	1500,
					"omitted":	false,
					"sender":	true
				}],
			"sum":	{
				"start":	10.000306,
				"end":	11.000136,
				"seconds":	0.99983000755310059,
				"bytes":	14417920,
				"bits_per_second":	115362970.83369361,
				"retransmits":	0,
				"omitted":	false,
				"sender":	true
			}
		}, {
			"streams":	[{
					"socket":	6,
					"start":	11.000136,
					"end":	12.000552,
					"seconds":	1.0004160404205322,
					"bytes":	10485760,
					"bits_per_second":	83851194.513772354,
					"retransmits":	0,
					"snd_cwnd":	5792,
					"snd_wnd":	3143552,
					"rtt":	200124,
					"rttvar":	19,
					"pmtu":	1500,
					"omitted":	false,
					"sender":	true
				}],
			"sum":	{
				"start":	11.000136,
				"end":	12.000552,
				"seconds":	1.0004160404205322,
				"bytes":	10485760,
				"bits_per_second":	83851194.513772354,
				"retransmits":	0,
				"omitted":	false,
				"sender":	true
			}
		}, {
			"streams":	[{
					"socket":	6,
					"start":	12.000552,
					"end":	13.000135,
					"seconds":	0.99958300590515137,
					"bytes":	11796480,
					"bits_per_second":	94411208.916605741,
					"retransmits":	0,
					"snd_cwnd":	9213624,
					"snd_wnd":	3143552,
					"rtt":	200116,
					"rttvar":	14,
					"pmtu":	1500,
					"omitted":	false,
					"sender":	true
				}],
			"sum":	{
				"start":	12.000552,
				"end":	13.000135,
				"seconds":	0.99958300590515137,
				"bytes":	11796480,
				"bits_per_second":	94411208.916605741,
				"retransmits":	0,
				"omitted":	false,
				"sender":	true
			}
		}, {
			"streams":	[{
					"socket":	6,
					"start":	13.000135,
					"end":	14.000115,
					"seconds":	0.99997997283935547,
					"bytes":	15728640,
					"bits_per_second":	125831640.05046946,
					"retransmits":	0,
					"snd_cwnd":	9213624,
					"snd_wnd":	3143552,
					"rtt":	200106,
					"rttvar":	22,
					"pmtu":	1500,
					"omitted":	false,
					"sender":	true
				}],
			"sum":	{
				"start":	13.000135,
				"end":	14.000115,
				"seconds":	0.99997997283935547,
				"bytes":	15728640,
				"bits_per_second":	125831640.05046946,
				"retransmits":	0,
				"omitted":	false,
				"sender":	true
			}
		}, {
			"streams":	[{
					"socket":	6,
					"start":	14.000115,
					"end":	15.000127,
					"seconds":	1.0000120401382446,
					"bytes":	14417920,
					"bits_per_second":	115341971.26672053,
					"retransmits":	0,
					"snd_cwnd":	9213624,
					"snd_wnd":	3143552,
					"rtt":	200103,
					"rttvar":	6,
					"pmtu":	1500,
					"omitted":	false,
					"sender":	true
				}],
			"sum":	{
				"start":	14.000115,
				"end":	15.000127,
				"seconds":	1.0000120401382446,
				"bytes":	14417920,
				"bits_per_second":	115341971.26672053,
				"retransmits":	0,
				"omitted":	false,
				"sender":	true
			}
		}, {
			"streams":	[{
					"socket":	6,
					"start":	15.000127,
					"end":	16.000121,
					"seconds":	0.99999397993087769,
					"bytes":	15728640,
					"bits_per_second":	125829877.50456023,
					"retransmits":	0,
					"snd_cwnd":	9213624,
					"snd_wnd":	3143552,
					"rtt":	200092,
					"rttvar":	13,
					"pmtu":	1500,
					"omitted":	false,
					"sender":	true
				}],
			"sum":	{
				"start":	15.000127,
				"end":	16.000121,
				"seconds":	0.99999397993087769,
				"bytes":	15728640,
				"bits_per_second":	125829877.50456023,
				"retransmits":	0,
				"omitted":	false,
				"sender":	true
			}
		}, {
			"streams":	[{
					"socket":	6,
					"start":	16.000121,
					"end":	17.000325,
					"seconds":	1.0002039670944214,
					"bytes":	15728640,
					"bits_per_second":	125803460.23374796,
					"retransmits":	0,
					"snd_cwnd":	9213624,
					"snd_wnd":	3143552,
					"rtt":	200107,
					"rttvar":	9,
					"pmtu":	1500,
					"omitted":	false,
					"sender":	true
				}],
			"sum":	{
				"start":	16.000121,
				"end":	17.000325,
				"seconds":	1.0002039670944214,
				"bytes":	15728640,
				"bits_per_second":	125803460.23374796,
				"retransmits":	0,
				"omitted":	false,
				"sender":	true
			}
		}, {
			"streams":	[{
					"socket":	6,
					"start":	17.000325,
					"end":	18.000116,
					"seconds":	0.99979102611541748,
					"bytes":	14417920,
					"bits_per_second":	115367468.7881071,
					"retransmits":	0,
					"snd_cwnd":	9213624,
					"snd_wnd":	3143552,
					"rtt":	200087,
					"rttvar":	11,
					"pmtu":	1500,
					"omitted":	false,
					"sender":	true
				}],
			"sum":	{
				"start":	17.000325,
				"end":	18.000116,
				"seconds":	0.99979102611541748,
				"bytes":	14417920,
				"bits_per_second":	115367468.7881071,
				"retransmits":	0,
				"omitted":	false,
				"sender":	true
			}
		}, {
			"streams":	[{
					"socket":	6,
					"start":	18.000116,
					"end":	19.000089,
					"seconds":	0.99997299909591675,
					"bytes":	15728640,
					"bits_per_second":	125832517.59173805,
					"retransmits":	0,
					"snd_cwnd":	9213624,
					"snd_wnd":	3143552,
					"rtt":	200087,
					"rttvar":	9,
					"pmtu":	1500,
					"omitted":	false,
					"sender":	true
				}],
			"sum":	{
				"start":	18.000116,
				"end":	19.000089,
				"seconds":	0.99997299909591675,
				"bytes":	15728640,
				"bits_per_second":	125832517.59173805,
				"retransmits":	0,
				"omitted":	false,
				"sender":	true
			}
		}, {
			"streams":	[{
					"socket":	6,
					"start":	19.000089,
					"end":	20.000077,
					"seconds":	0.9999880194664,
					"bytes":	15728640,
					"bits_per_second":	125830627.51806088,
					"retransmits":	0,
					"snd_cwnd":	9213624,
					"snd_wnd":	3143552,
					"rtt":	200087,
					"rttvar":	5,
					"pmtu":	1500,
					"omitted":	false,
					"sender":	true
				}],
			"sum":	{
				"start":	19.000089,
				"end":	20.000077,
				"seconds":	0.9999880194664,
				"bytes":	15728640,
				"bits_per_second":	125830627.51806088,
				"retransmits":	0,
				"omitted":	false,
				"sender":	true
			}
		}, {
			"streams":	[{
					"socket":	6,
					"start":	20.000077,
					"end":	21.000107,
					"seconds":	1.0000300407409668,
					"bytes":	14417920,
					"bits_per_second":	115339895.10408804,
					"retransmits":	0,
					"snd_cwnd":	9213624,
					"snd_wnd":	3143552,
					"rtt":	200084,
					"rttvar":	8,
					"pmtu":	1500,
					"omitted":	false,
					"sender":	true
				}],
			"sum":	{
				"start":	20.000077,
				"end":	21.000107,
				"seconds":	1.0000300407409668,
				"bytes":	14417920,
				"bits_per_second":	115339895.10408804,
				"retransmits":	0,
				"omitted":	false,
				"sender":	true
			}
		}, {
			"streams":	[{
					"socket":	6,
					"start":	21.000107,
					"end":	22.000084,
					"seconds":	0.9999769926071167,
					"bytes":	15728640,
					"bits_per_second":	125832015.06660794,
					"retransmits":	0,
					"snd_cwnd":	9213624,
					"snd_wnd":	3143552,
					"rtt":	200132,
					"rttvar":	32,
					"pmtu":	1500,
					"omitted":	false,
					"sender":	true
				}],
			"sum":	{
				"start":	21.000107,
				"end":	22.000084,
				"seconds":	0.9999769926071167,
				"bytes":	15728640,
				"bits_per_second":	125832015.06660794,
				"retransmits":	0,
				"omitted":	false,
				"sender":	true
			}
		}, {
			"streams":	[{
					"socket":	6,
					"start":	22.000084,
					"end":	23.00008,
					"seconds":	0.9999960064888,
					"bytes":	15728640,
					"bits_per_second":	125829622.50200675,
					"retransmits":	0,
					"snd_cwnd":	9213624,
					"snd_wnd":	3143552,
					"rtt":	200077,
					"rttvar":	3,
					"pmtu":	1500,
					"omitted":	false,
					"sender":	true
				}],
			"sum":	{
				"start":	22.000084,
				"end":	23.00008,
				"seconds":	0.9999960064888,
				"bytes":	15728640,
				"bits_per_second":	125829622.50200675,
				"retransmits":	0,
				"omitted":	false,
				"sender":	true
			}
		}, {
			"streams":	[{
					"socket":	6,
					"start":	23.00008,
					"end":	24.000075,
					"seconds":	0.999994993209839,
					"bytes":	14417920,
					"bits_per_second":	115343937.50289144,
					"retransmits":	0,
					"snd_cwnd":	9213624,
					"snd_wnd":	3143552,
					"rtt":	200075,
					"rttvar":	4,
					"pmtu":	1500,
					"omitted":	false,
					"sender":	true
				}],
			"sum":	{
				"start":	23.00008,
				"end":	24.000075,
				"seconds":	0.999994993209839,
				"bytes":	14417920,
				"bits_per_second":	115343937.50289144,
				"retransmits":	0,
				"omitted":	false,
				"sender":	true
			}
		}, {
			"streams":	[{
					"socket":	6,
					"start":	24.000075,
					"end":	25.000076,
					"seconds":	1.0000009536743164,
					"bytes":	15728640,
					"bits_per_second":	125829000.00011444,
					"retransmits":	0,
					"snd_cwnd":	9213624,
					"snd_wnd":	3143552,
					"rtt":	200095,
					"rttvar":	9,
					"pmtu":	1500,
					"omitted":	false,
					"sender":	true
				}],
			"sum":	{
				"start":	24.000075,
				"end":	25.000076,
				"seconds":	1.0000009536743164,
				"bytes":	15728640,
				"bits_per_second":	125829000.00011444,
				"retransmits":	0,
				"omitted":	false,
				"sender":	true
			}
		}, {
			"streams":	[{
					"socket":	6,
					"start":	25.000076,
					"end":	26.000086,
					"seconds":	1.0000100135803223,
					"bytes":	14417920,
					"bits_per_second":	115342205.01156557,
					"retransmits":	0,
					"snd_cwnd":	9213624,
					"snd_wnd":	3143552,
					"rtt":	200074,
					"rttvar":	2,
					"pmtu":	1500,
					"omitted":	false,
					"sender":	true
				}],
			"sum":	{
				"start":	25.000076,
				"end":	26.000086,
				"seconds":	1.0000100135803223,
				"bytes":	14417920,
				"bits_per_second":	115342205.01156557,
				"retransmits":	0,
				"omitted":	false,
				"sender":	true
			}
		}, {
			"streams":	[{
					"socket":	6,
					"start":	26.000086,
					"end":	27.000071,
					"seconds":	0.9999849796295166,
					"bytes":	15728640,
					"bits_per_second":	125831010.02838893,
					"retransmits":	0,
					"snd_cwnd":	9213624,
					"snd_wnd":	3143552,
					"rtt":	200073,
					"rttvar":	3,
					"pmtu":	1500,
					"omitted":	false,
					"sender":	true
				}],
			"sum":	{
				"start":	26.000086,
				"end":	27.000071,
				"seconds":	0.9999849796295166,
				"bytes":	15728640,
				"bits_per_second":	125831010.02838893,
				"retransmits":	0,
				"omitted":	false,
				"sender":	true
			}
		}, {
			"streams":	[{
					"socket":	6,
					"start":	27.000071,
					"end":	28.000074,
					"seconds":	1.0000029802322388,
					"bytes":	14417920,
					"bits_per_second":	115343016.25102445,
					"retransmits":	0,
					"snd_cwnd":	9213624,
					"snd_wnd":	3143552,
					"rtt":	200081,
					"rttvar":	2,
					"pmtu":	1500,
					"omitted":	false,
					"sender":	true
				}],
			"sum":	{
				"start":	27.000071,
				"end":	28.000074,
				"seconds":	1.0000029802322388,
				"bytes":	14417920,
				"bits_per_second":	115343016.25102445,
				"retransmits":	0,
				"omitted":	false,
				"sender":	true
			}
		}, {
			"streams":	[{
					"socket":	6,
					"start":	28.000074,
					"end":	29.000075,
					"seconds":	1.0000009536743164,
					"bytes":	15728640,
					"bits_per_second":	125829000.00011444,
					"retransmits":	0,
					"snd_cwnd":	9213624,
					"snd_wnd":	3143552,
					"rtt":	200082,
					"rttvar":	6,
					"pmtu":	1500,
					"omitted":	false,
					"sender":	true
				}],
			"sum":	{
				"start":	28.000074,
				"end":	29.000075,
				"seconds":	1.0000009536743164,
				"bytes":	15728640,
				"bits_per_second":	125829000.00011444,
				"retransmits":	0,
				"omitted":	false,
				"sender":	true
			}
		}, {
			"streams":	[{
					"socket":	6,
					"start":	29.000075,
					"end":	30.000328,
					"seconds":	1.0002529621124268,
					"bytes":	14417920,
					"bits_per_second":	115314189.87893544,
					"retransmits":	0,
					"snd_cwnd":	9213624,
					"snd_wnd":	3143552,
					"rtt":	200088,
					"rttvar":	6,
					"pmtu":	1500,
					"omitted":	false,
					"sender":	true
				}],
			"sum":	{
				"start":	29.000075,
				"end":	30.000328,
				"seconds":	1.0002529621124268,
				"bytes":	14417920,
				"bits_per_second":	115314189.87893544,
				"retransmits":	0,
				"omitted":	false,
				"sender":	true
			}
		}, {
			"streams":	[{
					"socket":	6,
					"start":	30.000328,
					"end":	31.000068,
					"seconds":	0.99974000453948975,
					"bytes":	15728640,
					"bits_per_second":	125861843.50796352,
					"retransmits":	0,
					"snd_cwnd":	9213624,
					"snd_wnd":	3143552,
					"rtt":	200077,
					"rttvar":	5,
					"pmtu":	1500,
					"omitted":	false,
					"sender":	true
				}],
			"sum":	{
				"start":	30.000328,
				"end":	31.000068,
				"seconds":	0.99974000453948975,
				"bytes":	15728640,
				"bits_per_second":	125861843.50796352,
				"retransmits":	0,
				"omitted":	false,
				"sender":	true
			}
		}, {
			"streams":	[{
					"socket":	6,
					"start":	31.000068,
					"end":	32.000102,
					"seconds":	1.000033974647522,
					"bytes":	14417920,
					"bits_per_second":	115339441.38313362,
					"retransmits":	0,
					"snd_cwnd":	9213624,
					"snd_wnd":	3143552,
					"rtt":	200095,
					"rttvar":	16,
					"pmtu":	1500,
					"omitted":	false,
					"sender":	true
				}],
			"sum":	{
				"start":	31.000068,
				"end":	32.000102,
				"seconds":	1.000033974647522,
				"bytes":	14417920,
				"bits_per_second":	115339441.38313362,
				"retransmits":	0,
				"omitted":	false,
				"sender":	true
			}
		}, {
			"streams":	[{
					"socket":	6,
					"start":	32.000102,
					"end":	33.000106,
					"seconds":	1.0000040531158447,
					"bytes":	15728640,
					"bits_per_second":	125828610.00206707,
					"retransmits":	0,
					"snd_cwnd":	5792,
					"snd_wnd":	3143552,
					"rtt":	200109,
					"rttvar":	29,
					"pmtu":	1500,
					"omitted":	false,
					"sender":	true
				}],
			"sum":	{
				"start":	32.000102,
				"end":	33.000106,
				"seconds":	1.0000040531158447,
				"bytes":	15728640,
				"bits_per_second":	125828610.00206707,
				"retransmits":	0,
				"omitted":	false,
				"sender":	true
			}
		}, {
			"streams":	[{
					"socket":	6,
					"start":	33.000106,
					"end":	34.000094,
					"seconds":	0.9999880194664,
					"bytes":	7864320,
					"bits_per_second":	62915313.759030439,
					"retransmits":	0,
					"snd_cwnd":	9213624,
					"snd_wnd":	3143552,
					"rtt":	200083,
					"rttvar":	7,
					"pmtu":	1500,
					"omitted":	false,
					"sender":	true
				}],
			"sum":	{
				"start":	33.000106,
				"end":	34.000094,
				"seconds":	0.9999880194664,
				"bytes":	7864320,
				"bits_per_second":	62915313.759030439,
				"retransmits":	0,
				"omitted":	false,
				"sender":	true
			}
		}, {
			"streams":	[{
					"socket":	6,
					"start":	34.000094,
					"end":	35.000075,
					"seconds":	0.99998098611831665,
					"bytes":	15728640,
					"bits_per_second":	125831512.54549158,
					"retransmits":	0,
					"snd_cwnd":	9213624,
					"snd_wnd":	3143552,
					"rtt":	200112,
					"rttvar":	22,
					"pmtu":	1500,
					"omitted":	false,
					"sender":	true
				}],
			"sum":	{
				"start":	34.000094,
				"end":	35.000075,
				"seconds":	0.99998098611831665,
				"bytes":	15728640,
				"bits_per_second":	125831512.54549158,
				"retransmits":	0,
				"omitted":	false,
				"sender":	true
			}
		}, {
			"streams":	[{
					"socket":	6,
					"start":	35.000075,
					"end":	36.000086,
					"seconds":	1.0000109672546387,
					"bytes":	14417920,
					"bits_per_second":	115342095.01387343,
					"retransmits":	0,
					"snd_cwnd":	9213624,
					"snd_wnd":	3143552,
					"rtt":	200091,
					"rttvar":	7,
					"pmtu":	1500,
					"omitted":	false,
					"sender":	true
				}],
			"sum":	{
				"start":	35.000075,
				"end":	36.000086,
				"seconds":	1.0000109672546387,
				"bytes":	14417920,
				"bits_per_second":	115342095.01387343,
				"retransmits":	0,
				"omitted":	false,
				"sender":	true
			}
		}, {
			"streams":	[{
					"socket":	6,
					"start":	36.000086,
					"end":	37.000079,
					"seconds":	0.99999302625656128,
					"bytes":	15728640,
					"bits_per_second":	125829997.5061195,
					"retransmits":	0,
					"snd_cwnd":	9213624,
					"snd_wnd":	3143552,
					"rtt":	200090,
					"rttvar":	6,
					"pmtu":	1500,
					"omitted":	false,
					"sender":	true
				}],
			"sum":	{
				"start":	36.000086,
				"end":	37.000079,
				"seconds":	0.99999302625656128,
				"bytes":	15728640,
				"bits_per_second":	125829997.5061195,
				"retransmits":	0,
				"omitted":	false,
				"sender":	true
			}
		}, {
			"streams":	[{
					"socket":	6,
					"start":	37.000079,
					"end":	38.000071,
					"seconds":	0.9999920129776,
					"bytes":	15728640,
					"bits_per_second":	125830125.008027,
					"retransmits":	0,
					"snd_cwnd":	9213624,
					"snd_wnd":	3143552,
					"rtt":	200093,
					"rttvar":	11,
					"pmtu":	1500,
					"omitted":	false,
					"sender":	true
				}],
			"sum":	{
				"start":	37.000079,
				"end":	38.000071,
				"seconds":	0.9999920129776,
				"bytes":	15728640,
				"bits_per_second":	125830125.008027,
				"retransmits":	0,
				"omitted":	false,
				"sender":	true
			}
		}, {
			"streams":	[{
					"socket":	6,
					"start":	38.000071,
					"end":	39.000093,
					"seconds":	1.0000220537185669,
					"bytes":	14417920,
					"bits_per_second":	115340816.30609791,
					"retransmits":	0,
					"snd_cwnd":	9213624,
					"snd_wnd":	3143552,
					"rtt":	200094,
					"rttvar":	14,
					"pmtu":	1500,
					"omitted":	false,
					"sender":	true
				}],
			"sum":	{
				"start":	38.000071,
				"end":	39.000093,
				"seconds":	1.0000220537185669,
				"bytes":	14417920,
				"bits_per_second":	115340816.30609791,
				"retransmits":	0,
				"omitted":	false,
				"sender":	true
			}
		}, {
			"streams":	[{
					"socket":	6,
					"start":	39.000093,
					"end":	40.000067,
					"seconds":	0.999974012374878,
					"bytes":	15728640,
					"bits_per_second":	125832390.08498174,
					"retransmits":	0,
					"snd_cwnd":	9213624,
					"snd_wnd":	3143552,
					"rtt":	200090,
					"rttvar":	21,
					"pmtu":	1500,
					"omitted":	false,
					"sender":	true
				}],
			"sum":	{
				"start":	39.000093,
				"end":	40.000067,
				"seconds":	0.999974012374878,
				"bytes":	15728640,
				"bits_per_second":	125832390.08498174,
				"retransmits":	0,
				"omitted":	false,
				"sender":	true
			}
		}, {
			"streams":	[{
					"socket":	6,
					"start":	40.000067,
					"end":	41.000085,
					"seconds":	1.0000180006027222,
					"bytes":	14417920,
					"bits_per_second":	115341283.78737308,
					"retransmits":	0,
					"snd_cwnd":	9213624,
					"snd_wnd":	3143552,
					"rtt":	200090,
					"rttvar":	7,
					"pmtu":	1500,
					"omitted":	false,
					"sender":	true
				}],
			"sum":	{
				"start":	40.000067,
				"end":	41.000085,
				"seconds":	1.0000180006027222,
				"bytes":	14417920,
				"bits_per_second":	115341283.78737308,
				"retransmits":	0,
				"omitted":	false,
				"sender":	true
			}
		}, {
			"streams":	[{
					"socket":	6,
					"start":	41.000085,
					"end":	42.000086,
					"seconds":	1.0000009536743164,
					"bytes":	15728640,
					"bits_per_second":	125829000.00011444,
					"retransmits":	0,
					"snd_cwnd":	9213624,
					"snd_wnd":	3143552,
					"rtt":	200078,
					"rttvar":	7,
					"pmtu":	1500,
					"omitted":	false,
					"sender":	true
				}],
			"sum":	{
				"start":	41.000085,
				"end":	42.000086,
				"seconds":	1.0000009536743164,
				"bytes":	15728640,
				"bits_per_second":	125829000.00011444,
				"retransmits":	0,
				"omitted":	false,
				"sender":	true
			}
		}, {
			"streams":	[{
					"socket":	6,
					"start":	42.000086,
					"end":	43.000082,
					"seconds":	0.9999960064888,
					"bytes":	14417920,
					"bits_per_second":	115343820.62683952,
					"retransmits":	0,
					"snd_cwnd":	9213624,
					"snd_wnd":	3143552,
					"rtt":	200079,
					"rttvar":	8,
					"pmtu":	1500,
					"omitted":	false,
					"sender":	true
				}],
			"sum":	{
				"start":	42.000086,
				"end":	43.000082,
				"seconds":	0.9999960064888,
				"bytes":	14417920,
				"bits_per_second":	115343820.62683952,
				"retransmits":	0,
				"omitted":	false,
				"sender":	true
			}
		}, {
			"streams":	[{
					"socket":	6,
					"start":	43.000082,
					"end":	44.000044,
					"seconds":	0.9999619722366333,
					"bytes":	15728640,
					"bits_per_second":	125833905.18196976,
					"retransmits":	0,
					"snd_cwnd":	9213624,
					"snd_wnd":	3143552,
					"rtt":	200077,
					"rttvar":	9,
					"pmtu":	1500,
					"omitted":	false,
					"sender":	true
				}],
			"sum":	{
				"start":	43.000082,
				"end":	44.000044,
				"seconds":	0.9999619722366333,
				"bytes":	15728640,
				"bits_per_second":	125833905.18196976,
				"retransmits":	0,
				"omitted":	false,
				"sender":	true
			}
		}, {
			"streams":	[{
					"socket":	6,
					"start":	44.000044,
					"end":	45.00008,
					"seconds":	1.0000360012054443,
					"bytes":	14417920,
					"bits_per_second":	115339207.64948963,
					"retransmits":	0,
					"snd_cwnd":	9213624,
					"snd_wnd":	3143552,
					"rtt":	200087,
					"rttvar":	8,
					"pmtu":	1500,
					"omitted":	false,
					"sender":	true
				}],
			"sum":	{
				"start":	44.000044,
				"end":	45.00008,
				"seconds":	1.0000360012054443,
				"bytes":	14417920,
				"bits_per_second":	115339207.64948963,
				"retransmits":	0,
				"omitted":	false,
				"sender":	true
			}
		}, {
			"streams":	[{
					"socket":	6,
					"start":	45.00008,
					"end":	46.000071,
					"seconds":	0.999990999698639,
					"bytes":	15728640,
					"bits_per_second":	125830252.51019293,
					"retransmits":	0,
					"snd_cwnd":	9213624,
					"snd_wnd":	3143552,
					"rtt":	200081,
					"rttvar":	13,
					"pmtu":	1500,
					"omitted":	false,
					"sender":	true
				}],
			"sum":	{
				"start":	45.00008,
				"end":	46.000071,
				"seconds":	0.999990999698639,
				"bytes":	15728640,
				"bits_per_second":	125830252.51019293,
				"retransmits":	0,
				"omitted":	false,
				"sender":	true
			}
		}, {
			"streams":	[{
					"socket":	6,
					"start":	46.000071,
					"end":	47.000088,
					"seconds":	1.0000170469284058,
					"bytes":	14417920,
					"bits_per_second":	115341393.78351796,
					"retransmits":	0,
					"snd_cwnd":	9213624,
					"snd_wnd":	3143552,
					"rtt":	200110,
					"rttvar":	17,
					"pmtu":	1500,
					"omitted":	false,
					"sender":	true
				}],
			"sum":	{
				"start":	46.000071,
				"end":	47.000088,
				"seconds":	1.0000170469284058,
				"bytes":	14417920,
				"bits_per_second":	115341393.78351796,
				"retransmits":	0,
				"omitted":	false,
				"sender":	true
			}
		}, {
			"streams":	[{
					"socket":	6,
					"start":	47.000088,
					"end":	48.00007,
					"seconds":	0.99998199939727783,
					"bytes":	15728640,
					"bits_per_second":	125831385.0407721,
					"retransmits":	0,
					"snd_cwnd":	9213624,
					"snd_wnd":	3143552,
					"rtt":	200090,
					"rttvar":	11,
					"pmtu":	1500,
					"omitted":	false,
					"sender":	true
				}],
			"sum":	{
				"start":	47.000088,
				"end":	48.00007,
				"seconds":	0.99998199939727783,
				"bytes":	15728640,
				"bits_per_second":	125831385.0407721,
				"retransmits":	0,
				"omitted":	false,
				"sender":	true
			}
		}, {
			"streams":	[{
					"socket":	6,
					"start":	48.00007,
					"end":	49.000162,
					"seconds":	1.0000920295715332,
					"bytes":	14417920,
					"bits_per_second":	115332745.976804,
					"retransmits":	0,
					"snd_cwnd":	9213624,
					"snd_wnd":	3143552,
					"rtt":	200097,
					"rttvar":	14,
					"pmtu":	1500,
					"omitted":	false,
					"sender":	true
				}],
			"sum":	{
				"start":	48.00007,
				"end":	49.000162,
				"seconds":	1.0000920295715332,
				"bytes":	14417920,
				"bits_per_second":	115332745.976804,
				"retransmits":	0,
				"omitted":	false,
				"sender":	true
			}
		}, {
			"streams":	[{
					"socket":	6,
					"start":	49.000162,
					"end":	50.000027,
					"seconds":	0.99986499547958374,
					"bytes":	15728640,
					"bits_per_second":	125846109.79369895,
					"retransmits":	0,
					"snd_cwnd":	9213624,
					"snd_wnd":	3143552,
					"rtt":	200113,
					"rttvar":	16,
					"pmtu":	1500,
					"omitted":	false,
					"sender":	true
				}],
			"sum":	{
				"start":	49.000162,
				"end":	50.000027,
				"seconds":	0.99986499547958374,
				"bytes":	15728640,
				"bits_per_second":	125846109.79369895,
				"retransmits":	0,
				"omitted":	false,
				"sender":	true
			}
		}, {
			"streams":	[{
					"socket":	6,
					"start":	50.000027,
					"end":	51.000159,
					"seconds":	1.0001319646835327,
					"bytes":	14417920,
					"bits_per_second":	115328140.75840241,
					"retransmits":	0,
					"snd_cwnd":	9213624,
					"snd_wnd":	3143552,
					"rtt":	200375,
					"rttvar":	428,
					"pmtu":	1500,
					"omitted":	false,
					"sender":	true
				}],
			"sum":	{
				"start":	50.000027,
				"end":	51.000159,
				"seconds":	1.0001319646835327,
				"bytes":	14417920,
				"bits_per_second":	115328140.75840241,
				"retransmits":	0,
				"omitted":	false,
				"sender":	true
			}
		}, {
			"streams":	[{
					"socket":	6,
					"start":	51.000159,
					"end":	52.000143,
					"seconds":	0.9999840259552002,
					"bytes":	15728640,
					"bits_per_second":	125831130.03210834,
					"retransmits":	0,
					"snd_cwnd":	9213624,
					"snd_wnd":	3143552,
					"rtt":	200086,
					"rttvar":	16,
					"pmtu":	1500,
					"omitted":	false,
					"sender":	true
				}],
			"sum":	{
				"start":	51.000159,
				"end":	52.000143,
				"seconds":	0.9999840259552002,
				"bytes":	15728640,
				"bits_per_second":	125831130.03210834,
				"retransmits":	0,
				"omitted":	false,
				"sender":	true
			}
		}, {
			"streams":	[{
					"socket":	6,
					"start":	52.000143,
					"end":	53.000174,
					"seconds":	1.0000309944152832,
					"bytes":	14417920,
					"bits_per_second":	115339785.11080161,
					"retransmits":	0,
					"snd_cwnd":	9213624,
					"snd_wnd":	3143552,
					"rtt":	200790,
					"rttvar":	807,
					"pmtu":	1500,
					"omitted":	false,
					"sender":	true
				}],
			"sum":	{
				"start":	52.000143,
				"end":	53.000174,
				"seconds":	1.0000309944152832,
				"bytes":	14417920,
				"bits_per_second":	115339785.11080161,
				"retransmits":	0,
				"omitted":	false,
				"sender":	true
			}
		}, {
			"streams":	[{
					"socket":	6,
					"start":	53.000174,
					"end":	54.000135,
					"seconds":	0.999961018562317,
					"bytes":	15728640,
					"bits_per_second":	125834025.1912114,
					"retransmits":	0,
					"snd_cwnd":	9213624,
					"snd_wnd":	3143552,
					"rtt":	200125,
					"rttvar":	78,
					"pmtu":	1500,
					"omitted":	false,
					"sender":	true
				}],
			"sum":	{
				"start":	53.000174,
				"end":	54.000135,
				"seconds":	0.999961018562317,
				"bytes":	15728640,
				"bits_per_second":	125834025.1912114,
				"retransmits":	0,
				"omitted":	false,
				"sender":	true
			}
		}, {
			"streams":	[{
					"socket":	6,
					"start":	54.000135,
					"end":	55.000073,
					"seconds":	0.99993801116943359,
					"bytes":	9175040,
					"bits_per_second":	73404870.282066658,
					"retransmits":	0,
					"snd_cwnd":	9213624,
					"snd_wnd":	3143552,
					"rtt":	200083,
					"rttvar":	3,
					"pmtu":	1500,
					"omitted":	false,
					"sender":	true
				}],
			"sum":	{
				"start":	54.000135,
				"end":	55.000073,
				"seconds":	0.99993801116943359,
				"bytes":	9175040,
				"bits_per_second":	73404870.282066658,
				"retransmits":	0,
				"omitted":	false,
				"sender":	true
			}
		}, {
			"streams":	[{
					"socket":	6,
					"start":	55.000073,
					"end":	56.000084,
					"seconds":	1.0000109672546387,
					"bytes":	14417920,
					"bits_per_second":	115342095.01387343,
					"retransmits":	0,
					"snd_cwnd":	9213624,
					"snd_wnd":	3143552,
					"rtt":	200083,
					"rttvar":	7,
					"pmtu":	1500,
					"omitted":	false,
					"sender":	true
				}],
			"sum":	{
				"start":	55.000073,
				"end":	56.000084,
				"seconds":	1.0000109672546387,
				"bytes":	14417920,
				"bits_per_second":	115342095.01387343,
				"retransmits":	0,
				"omitted":	false,
				"sender":	true
			}
		}, {
			"streams":	[{
					"socket":	6,
					"start":	56.000084,
					"end":	57.000069,
					"seconds":	0.9999849796295166,
					"bytes":	15728640,
					"bits_per_second":	125831010.02838893,
					"retransmits":	0,
					"snd_cwnd":	9213624,
					"snd_wnd":	3143552,
					"rtt":	200069,
					"rttvar":	2,
					"pmtu":	1500,
					"omitted":	false,
					"sender":	true
				}],
			"sum":	{
				"start":	56.000084,
				"end":	57.000069,
				"seconds":	0.9999849796295166,
				"bytes":	15728640,
				"bits_per_second":	125831010.02838893,
				"retransmits":	0,
				"omitted":	false,
				"sender":	true
			}
		}, {
			"streams":	[{
					"socket":	6,
					"start":	57.000069,
					"end":	58.000075,
					"seconds":	1.0000059604644775,
					"bytes":	14417920,
					"bits_per_second":	115342672.50409779,
					"retransmits":	0,
					"snd_cwnd":	9213624,
					"snd_wnd":	3143552,
					"rtt":	200077,
					"rttvar":	8,
					"pmtu":	1500,
					"omitted":	false,
					"sender":	true
				}],
			"sum":	{
				"start":	57.000069,
				"end":	58.000075,
				"seconds":	1.0000059604644775,
				"bytes":	14417920,
				"bits_per_second":	115342672.50409779,
				"retransmits":	0,
				"omitted":	false,
				"sender":	true
			}
		}, {
			"streams":	[{
					"socket":	6,
					"start":	58.000075,
					"end":	59.000067,
					"seconds":	0.9999920129776,
					"bytes":	15728640,
					"bits_per_second":	125830125.008027,
					"retransmits":	0,
					"snd_cwnd":	9213624,
					"snd_wnd":	3143552,
					"rtt":	200075,
					"rttvar":	6,
					"pmtu":	1500,
					"omitted":	false,
					"sender":	true
				}],
			"sum":	{
				"start":	58.000075,
				"end":	59.000067,
				"seconds":	0.9999920129776,
				"bytes":	15728640,
				"bits_per_second":	125830125.008027,
				"retransmits":	0,
				"omitted":	false,
				"sender":	true
			}
		}, {
			"streams":	[{
					"socket":	6,
					"start":	59.000067,
					"end":	60.000091,
					"seconds":	1.0000239610672,
					"bytes":	14417920,
					"bits_per_second":	115340596.31622082,
					"retransmits":	0,
					"snd_cwnd":	9213624,
					"snd_wnd":	3143552,
					"rtt":	200089,
					"rttvar":	5,
					"pmtu":	1500,
					"omitted":	false,
					"sender":	true
				}],
			"sum":	{
				"start":	59.000067,
				"end":	60.000091,
				"seconds":	1.0000239610672,
				"bytes":	14417920,
				"bits_per_second":	115340596.31622082,
				"retransmits":	0,
				"omitted":	false,
				"sender":	true
			}
		}],
	"end":	{
		"streams":	[{
				"sender":	{
					"socket":	6,
					"start":	0,
					"end":	60.000091,
					"seconds":	60.000091,
					"bytes":	866254848,
					"bits_per_second":	115500471.22428532,
					"retransmits":	0,
					"max_snd_cwnd":	9213624,
					"max_snd_wnd":	3143552,
					"max_rtt":	200790,
					"min_rtt":	200069,
					"mean_rtt":	200110,
					"sender":	true
				},
				"receiver":	{
					"socket":	6,
					"start":	0,
					"end":	60.20029,
					"seconds":	60.000091,
					"bytes":	865943248,
					"bits_per_second":	115074960.3365698,
					"sender":	true
				}
			}],
		"sum_sent":	{
			"start":	0,
			"end":	60.000091,
			"seconds":	60.000091,
			"bytes":	866254848,
			"bits_per_second":	115500471.22428532,
			"retransmits":	0,
			"sender":	true
		},
		"sum_received":	{
			"start":	0,
			"end":	60.20029,
			"seconds":	60.20029,
			"bytes":	865943248,
			"bits_per_second":	115074960.3365698,
			"sender":	true
		},
		"cpu_utilization_percent":	{
			"host_total":	1.1387459072027426,
			"host_user":	0.040874726717182175,
			"host_system":	1.0978711804855605,
			"remote_total":	1.082652286141996,
			"remote_user":	0.068581045608289,
			"remote_system":	1.0140729016548038
		},
		"sender_tcp_congestion":	"bbr",
		"receiver_tcp_congestion":	"bbr"
	}
}
