{
	"start":	{
		"connected":	[{
				"socket":	6,
				"local_host":	"192.168.101.210",
				"local_port":	43270,
				"remote_host":	"192.168.100.168",
				"remote_port":	5201
			}],
		"version":	"iperf 3.11",
		"system_info":	"Linux f1 6.0.10-300.fc37.x86_64 #1 SMP PREEMPT_DYNAMIC Sat Nov 26 16:55:13 UTC 2022 x86_64",
		"timestamp":	{
			"time":	"Sat, 10 Dec 2022 20:20:39 GMT",
			"timesecs":	1670703639
		},
		"connecting_to":	{
			"host":	"192.168.100.168",
			"port":	5201
		},
		"cookie":	"iaxtmsyp6xgr5mcm5acoshwis3xuttxmmacd",
		"tcp_mss_default":	1448,
		"target_bitrate":	0,
		"sock_bufsize":	0,
		"sndbuf_actual":	16384,
		"rcvbuf_actual":	131072,
		"test_start":	{
			"protocol":	"TCP",
			"num_streams":	1,
			"blksize":	131072,
			"omit":	0,
			"duration":	60,
			"bytes":	0,
			"blocks":	0,
			"reverse":	0,
			"tos":	0,
			"target_bitrate":	0
		}
	},
	"intervals":	[{
			"streams":	[{
					"socket":	6,
					"start":	0,
					"end":	1.000076,
					"seconds":	1.0000760555267334,
					"bytes":	13762560,
					"bits_per_second":	110092106.88682154,
					"retransmits":	0,
					"snd_cwnd":	1136680,
					"snd_wnd":	2614912,
					"rtt":	94619,
					"rttvar":	613,
					"pmtu":	1500,
					"omitted":	false,
					"sender":	true
				}],
			"sum":	{
				"start":	0,
				"end":	1.000076,
				"seconds":	1.0000760555267334,
				"bytes":	13762560,
				"bits_per_second":	110092106.88682154,
				"retransmits":	0,
				"omitted":	false,
				"sender":	true
			}
		}, {
			"streams":	[{
					"socket":	6,
					"start":	1.000076,
					"end":	2.000132,
					"seconds":	1.0000560283660889,
					"bytes":	10485760,
					"bits_per_second":	83881380.263318568,
					"retransmits":	0,
					"snd_cwnd":	1714432,
					"snd_wnd":	3141248,
					"rtt":	139350,
					"rttvar":	614,
					"pmtu":	1500,
					"omitted":	false,
					"sender":	true
				}],
			"sum":	{
				"start":	1.000076,
				"end":	2.000132,
				"seconds":	1.0000560283660889,
				"bytes":	10485760,
				"bits_per_second":	83881380.263318568,
				"retransmits":	0,
				"omitted":	false,
				"sender":	true
			}
		}, {
			"streams":	[{
					"socket":	6,
					"start":	2.000132,
					"end":	3.000128,
					"seconds":	0.9999960064888,
					"bytes":	11796480,
					"bits_per_second":	94372216.876505062,
					"retransmits":	0,
					"snd_cwnd":	2303768,
					"snd_wnd":	3141248,
					"rtt":	184677,
					"rttvar":	532,
					"pmtu":	1500,
					"omitted":	false,
					"sender":	true
				}],
			"sum":	{
				"start":	2.000132,
				"end":	3.000128,
				"seconds":	0.9999960064888,
				"bytes":	11796480,
				"bits_per_second":	94372216.876505062,
				"retransmits":	0,
				"omitted":	false,
				"sender":	true
			}
		}, {
			"streams":	[{
					"socket":	6,
					"start":	3.000128,
					"end":	4.00013,
					"seconds":	1.0000020265579224,
					"bytes":	11796480,
					"bits_per_second":	94371648.7503876,
					"retransmits":	0,
					"snd_cwnd":	2897448,
					"snd_wnd":	3141248,
					"rtt":	231656,
					"rttvar":	266,
					"pmtu":	1500,
					"omitted":	false,
					"sender":	true
				}],
			"sum":	{
				"start":	3.000128,
				"end":	4.00013,
				"seconds":	1.0000020265579224,
				"bytes":	11796480,
				"bits_per_second":	94371648.7503876,
				"retransmits":	0,
				"omitted":	false,
				"sender":	true
			}
		}, {
			"streams":	[{
					"socket":	6,
					"start":	4.00013,
					"end":	5.000073,
					"seconds":	0.99994301795959473,
					"bytes":	13107200,
					"bits_per_second":	104863575.34048709,
					"retransmits":	0,
					"snd_cwnd":	3294200,
					"snd_wnd":	3141248,
					"rtt":	238669,
					"rttvar":	6010,
					"pmtu":	1500,
					"omitted":	false,
					"sender":	true
				}],
			"sum":	{
				"start":	4.00013,
				"end":	5.000073,
				"seconds":	0.99994301795959473,
				"bytes":	13107200,
				"bits_per_second":	104863575.34048709,
				"retransmits":	0,
				"omitted":	false,
				"sender":	true
			}
		}, {
			"streams":	[{
					"socket":	6,
					"start":	5.000073,
					"end":	6.000076,
					"seconds":	1.0000029802322388,
					"bytes":	11796480,
					"bits_per_second":	94371558.7508382,
					"retransmits":	0,
					"snd_cwnd":	3294200,
					"snd_wnd":	3141248,
					"rtt":	233265,
					"rttvar":	6571,
					"pmtu":	1500,
					"omitted":	false,
					"sender":	true
				}],
			"sum":	{
				"start":	5.000073,
				"end":	6.000076,
				"seconds":	1.0000029802322388,
				"bytes":	11796480,
				"bits_per_second":	94371558.7508382,
				"retransmits":	0,
				"omitted":	false,
				"sender":	true
			}
		}, {
			"streams":	[{
					"socket":	6,
					"start":	6.000076,
					"end":	7.000079,
					"seconds":	1.0000029802322388,
					"bytes":	11796480,
					"bits_per_second":	94371558.7508382,
					"retransmits":	0,
					"snd_cwnd":	3294200,
					"snd_wnd":	3141248,
					"rtt":	232216,
					"rttvar":	2996,
					"pmtu":	1500,
					"omitted":	false,
					"sender":	true
				}],
			"sum":	{
				"start":	6.000076,
				"end":	7.000079,
				"seconds":	1.0000029802322388,
				"bytes":	11796480,
				"bits_per_second":	94371558.7508382,
				"retransmits":	0,
				"omitted":	false,
				"sender":	true
			}
		}, {
			"streams":	[{
					"socket":	6,
					"start":	7.000079,
					"end":	8.000078,
					"seconds":	0.99999898672103882,
					"bytes":	11796480,
					"bits_per_second":	94371935.6250969,
					"retransmits":	0,
					"snd_cwnd":	3294200,
					"snd_wnd":	3141248,
					"rtt":	237339,
					"rttvar":	6079,
					"pmtu":	1500,
					"omitted":	false,
					"sender":	true
				}],
			"sum":	{
				"start":	7.000079,
				"end":	8.000078,
				"seconds":	0.99999898672103882,
				"bytes":	11796480,
				"bits_per_second":	94371935.6250969,
				"retransmits":	0,
				"omitted":	false,
				"sender":	true
			}
		}, {
			"streams":	[{
					"socket":	6,
					"start":	8.000078,
					"end":	9.000078,
					"seconds":	1,
					"bytes":	11796480,
					"bits_per_second":	94371840,
					"retransmits":	0,
					"snd_cwnd":	3294200,
					"snd_wnd":	3141248,
					"rtt":	245287,
					"rttvar":	8933,
					"pmtu":	1500,
					"omitted":	false,
					"sender":	true
				}],
			"sum":	{
				"start":	8.000078,
				"end":	9.000078,
				"seconds":	1,
				"bytes":	11796480,
				"bits_per_second":	94371840,
				"retransmits":	0,
				"omitted":	false,
				"sender":	true
			}
		}, {
			"streams":	[{
					"socket":	6,
					"start":	9.000078,
					"end":	10.000079,
					"seconds":	1.0000009536743164,
					"bytes":	11796480,
					"bits_per_second":	94371750.000085831,
					"retransmits":	0,
					"snd_cwnd":	3294200,
					"snd_wnd":	3141248,
					"rtt":	253970,
					"rttvar":	9772,
					"pmtu":	1500,
					"omitted":	false,
					"sender":	true
				}],
			"sum":	{
				"start":	9.000078,
				"end":	10.000079,
				"seconds":	1.0000009536743164,
				"bytes":	11796480,
				"bits_per_second":	94371750.000085831,
				"retransmits":	0,
				"omitted":	false,
				"sender":	true
			}
		}, {
			"streams":	[{
					"socket":	6,
					"start":	10.000079,
					"end":	11.000082,
					"seconds":	1.0000029802322388,
					"bytes":	11796480,
					"bits_per_second":	94371558.7508382,
					"retransmits":	0,
					"snd_cwnd":	3294200,
					"snd_wnd":	3141248,
					"rtt":	259703,
					"rttvar":	5281,
					"pmtu":	1500,
					"omitted":	false,
					"sender":	true
				}],
			"sum":	{
				"start":	10.000079,
				"end":	11.000082,
				"seconds":	1.0000029802322388,
				"bytes":	11796480,
				"bits_per_second":	94371558.7508382,
				"retransmits":	0,
				"omitted":	false,
				"sender":	true
			}
		}, {
			"streams":	[{
					"socket":	6,
					"start":	11.000082,
					"end":	12.00009,
					"seconds":	1.0000079870224,
					"bytes":	11796480,
					"bits_per_second":	94371086.256020173,
					"retransmits":	0,
					"snd_cwnd":	3294200,
					"snd_wnd":	3141248,
					"rtt":	261610,
					"rttvar":	2457,
					"pmtu":	1500,
					"omitted":	false,
					"sender":	true
				}],
			"sum":	{
				"start":	11.000082,
				"end":	12.00009,
				"seconds":	1.0000079870224,
				"bytes":	11796480,
				"bits_per_second":	94371086.256020173,
				"retransmits":	0,
				"omitted":	false,
				"sender":	true
			}
		}, {
			"streams":	[{
					"socket":	6,
					"start":	12.00009,
					"end":	13.000095,
					"seconds":	1.0000050067901611,
					"bytes":	11796480,
					"bits_per_second":	94371367.5023657,
					"retransmits":	0,
					"snd_cwnd":	3294200,
					"snd_wnd":	3141248,
					"rtt":	263064,
					"rttvar":	1599,
					"pmtu":	1500,
					"omitted":	false,
					"sender":	true
				}],
			"sum":	{
				"start":	12.00009,
				"end":	13.000095,
				"seconds":	1.0000050067901611,
				"bytes":	11796480,
				"bits_per_second":	94371367.5023657,
				"retransmits":	0,
				"omitted":	false,
				"sender":	true
			}
		}, {
			"streams":	[{
					"socket":	6,
					"start":	13.000095,
					"end":	14.000105,
					"seconds":	1.0000100135803223,
					"bytes":	11796480,
					"bits_per_second":	94370895.009462744,
					"retransmits":	0,
					"snd_cwnd":	3294200,
					"snd_wnd":	3141248,
					"rtt":	263624,
					"rttvar":	870,
					"pmtu":	1500,
					"omitted":	false,
					"sender":	true
				}],
			"sum":	{
				"start":	13.000095,
				"end":	14.000105,
				"seconds":	1.0000100135803223,
				"bytes":	11796480,
				"bits_per_second":	94370895.009462744,
				"retransmits":	0,
				"omitted":	false,
				"sender":	true
			}
		}, {
			"streams":	[{
					"socket":	6,
					"start":	14.000105,
					"end":	15.000103,
					"seconds":	0.99999797344207764,
					"bytes":	11796480,
					"bits_per_second":	94372031.2503876,
					"retransmits":	0,
					"snd_cwnd":	3294200,
					"snd_wnd":	3143552,
					"rtt":	265446,
					"rttvar":	704,
					"pmtu":	1500,
					"omitted":	false,
					"sender":	true
				}],
			"sum":	{
				"start":	14.000105,
				"end":	15.000103,
				"seconds":	0.99999797344207764,
				"bytes":	11796480,
				"bits_per_second":	94372031.2503876,
				"retransmits":	0,
				"omitted":	false,
				"sender":	true
			}
		}, {
			"streams":	[{
					"socket":	6,
					"start":	15.000103,
					"end":	16.000107,
					"seconds":	1.0000040531158447,
					"bytes":	11796480,
					"bits_per_second":	94371457.5015503,
					"retransmits":	0,
					"snd_cwnd":	3294200,
					"snd_wnd":	3143552,
					"rtt":	265297,
					"rttvar":	515,
					"pmtu":	1500,
					"omitted":	false,
					"sender":	true
				}],
			"sum":	{
				"start":	15.000103,
				"end":	16.000107,
				"seconds":	1.0000040531158447,
				"bytes":	11796480,
				"bits_per_second":	94371457.5015503,
				"retransmits":	0,
				"omitted":	false,
				"sender":	true
			}
		}, {
			"streams":	[{
					"socket":	6,
					"start":	16.000107,
					"end":	17.000106,
					"seconds":	0.99999898672103882,
					"bytes":	11796480,
					"bits_per_second":	94371935.6250969,
					"retransmits":	0,
					"snd_cwnd":	3294200,
					"snd_wnd":	3143552,
					"rtt":	266428,
					"rttvar":	598,
					"pmtu":	1500,
					"omitted":	false,
					"sender":	true
				}],
			"sum":	{
				"start":	16.000107,
				"end":	17.000106,
				"seconds":	0.99999898672103882,
				"bytes":	11796480,
				"bits_per_second":	94371935.6250969,
				"retransmits":	0,
				"omitted":	false,
				"sender":	true
			}
		}, {
			"streams":	[{
					"socket":	6,
					"start":	17.000106,
					"end":	18.000103,
					"seconds":	0.99999701976776123,
					"bytes":	11796480,
					"bits_per_second":	94372121.2508382,
					"retransmits":	0,
					"snd_cwnd":	3294200,
					"snd_wnd":	3143552,
					"rtt":	266756,
					"rttvar":	440,
					"pmtu":	1500,
					"omitted":	false,
					"sender":	true
				}],
			"sum":	{
				"start":	17.000106,
				"end":	18.000103,
				"seconds":	0.99999701976776123,
				"bytes":	11796480,
				"bits_per_second":	94372121.2508382,
				"retransmits":	0,
				"omitted":	false,
				"sender":	true
			}
		}, {
			"streams":	[{
					"socket":	6,
					"start":	18.000103,
					"end":	19.000102,
					"seconds":	0.99999898672103882,
					"bytes":	11796480,
					"bits_per_second":	94371935.6250969,
					"retransmits":	0,
					"snd_cwnd":	3294200,
					"snd_wnd":	3143552,
					"rtt":	266364,
					"rttvar":	1444,
					"pmtu":	1500,
					"omitted":	false,
					"sender":	true
				}],
			"sum":	{
				"start":	18.000103,
				"end":	19.000102,
				"seconds":	0.99999898672103882,
				"bytes":	11796480,
				"bits_per_second":	94371935.6250969,
				"retransmits":	0,
				"omitted":	false,
				"sender":	true
			}
		}, {
			"streams":	[{
					"socket":	6,
					"start":	19.000102,
					"end":	20.000093,
					"seconds":	0.999990999698639,
					"bytes":	11796480,
					"bits_per_second":	94372689.3826447,
					"retransmits":	0,
					"snd_cwnd":	3294200,
					"snd_wnd":	3143552,
					"rtt":	266777,
					"rttvar":	2279,
					"pmtu":	1500,
					"omitted":	false,
					"sender":	true
				}],
			"sum":	{
				"start":	19.000102,
				"end":	20.000093,
				"seconds":	0.999990999698639,
				"bytes":	11796480,
				"bits_per_second":	94372689.3826447,
				"retransmits":	0,
				"omitted":	false,
				"sender":	true
			}
		}, {
			"streams":	[{
					"socket":	6,
					"start":	20.000093,
					"end":	21.000079,
					"seconds":	0.99998599290847778,
					"bytes":	11796480,
					"bits_per_second":	94373161.8935159,
					"retransmits":	0,
					"snd_cwnd":	3294200,
					"snd_wnd":	3143552,
					"rtt":	264759,
					"rttvar":	6378,
					"pmtu":	1500,
					"omitted":	false,
					"sender":	true
				}],
			"sum":	{
				"start":	20.000093,
				"end":	21.000079,
				"seconds":	0.99998599290847778,
				"bytes":	11796480,
				"bits_per_second":	94373161.8935159,
				"retransmits":	0,
				"omitted":	false,
				"sender":	true
			}
		}, {
			"streams":	[{
					"socket":	6,
					"start":	21.000079,
					"end":	22.000075,
					"seconds":	0.9999960064888,
					"bytes":	11796480,
					"bits_per_second":	94372216.876505062,
					"retransmits":	0,
					"snd_cwnd":	3294200,
					"snd_wnd":	3143552,
					"rtt":	257987,
					"rttvar":	7665,
					"pmtu":	1500,
					"omitted":	false,
					"sender":	true
				}],
			"sum":	{
				"start":	21.000079,
				"end":	22.000075,
				"seconds":	0.9999960064888,
				"bytes":	11796480,
				"bits_per_second":	94372216.876505062,
				"retransmits":	0,
				"omitted":	false,
				"sender":	true
			}
		}, {
			"streams":	[{
					"socket":	6,
					"start":	22.000075,
					"end":	23.000068,
					"seconds":	0.99999302625656128,
					"bytes":	11796480,
					"bits_per_second":	94372498.129589632,
					"retransmits":	0,
					"snd_cwnd":	3294200,
					"snd_wnd":	3143552,
					"rtt":	256181,
					"rttvar":	9809,
					"pmtu":	1500,
					"omitted":	false,
					"sender":	true
				}],
			"sum":	{
				"start":	22.000075,
				"end":	23.000068,
				"seconds":	0.99999302625656128,
				"bytes":	11796480,
				"bits_per_second":	94372498.129589632,
				"retransmits":	0,
				"omitted":	false,
				"sender":	true
			}
		}, {
			"streams":	[{
					"socket":	6,
					"start":	23.000068,
					"end":	24.000072,
					"seconds":	1.0000040531158447,
					"bytes":	11796480,
					"bits_per_second":	94371457.5015503,
					"retransmits":	0,
					"snd_cwnd":	3294200,
					"snd_wnd":	3143552,
					"rtt":	245480,
					"rttvar":	6665,
					"pmtu":	1500,
					"omitted":	false,
					"sender":	true
				}],
			"sum":	{
				"start":	23.000068,
				"end":	24.000072,
				"seconds":	1.0000040531158447,
				"bytes":	11796480,
				"bits_per_second":	94371457.5015503,
				"retransmits":	0,
				"omitted":	false,
				"sender":	true
			}
		}, {
			"streams":	[{
					"socket":	6,
					"start":	24.000072,
					"end":	25.000069,
					"seconds":	0.99999701976776123,
					"bytes":	11796480,
					"bits_per_second":	94372121.2508382,
					"retransmits":	0,
					"snd_cwnd":	3294200,
					"snd_wnd":	3143552,
					"rtt":	235886,
					"rttvar":	5236,
					"pmtu":	1500,
					"omitted":	false,
					"sender":	true
				}],
			"sum":	{
				"start":	24.000072,
				"end":	25.000069,
				"seconds":	0.99999701976776123,
				"bytes":	11796480,
				"bits_per_second":	94372121.2508382,
				"retransmits":	0,
				"omitted":	false,
				"sender":	true
			}
		}, {
			"streams":	[{
					"socket":	6,
					"start":	25.000069,
					"end":	26.000127,
					"seconds":	1.0000580549240112,
					"bytes":	10485760,
					"bits_per_second":	83881210.282711074,
					"retransmits":	0,
					"snd_cwnd":	3294200,
					"snd_wnd":	3143552,
					"rtt":	271550,
					"rttvar":	134,
					"pmtu":	1500,
					"omitted":	false,
					"sender":	true
				}],
			"sum":	{
				"start":	25.000069,
				"end":	26.000127,
				"seconds":	1.0000580549240112,
				"bytes":	10485760,
				"bits_per_second":	83881210.282711074,
				"retransmits":	0,
				"omitted":	false,
				"sender":	true
			}
		}, {
			"streams":	[{
					"socket":	6,
					"start":	26.000127,
					"end":	27.000101,
					"seconds":	0.999974012374878,
					"bytes":	11796480,
					"bits_per_second":	94374292.5637363,
					"retransmits":	0,
					"snd_cwnd":	3294200,
					"snd_wnd":	3143552,
					"rtt":	272804,
					"rttvar":	723,
					"pmtu":	1500,
					"omitted":	false,
					"sender":	true
				}],
			"sum":	{
				"start":	26.000127,
				"end":	27.000101,
				"seconds":	0.999974012374878,
				"bytes":	11796480,
				"bits_per_second":	94374292.5637363,
				"retransmits":	0,
				"omitted":	false,
				"sender":	true
			}
		}, {
			"streams":	[{
					"socket":	6,
					"start":	27.000101,
					"end":	28.000075,
					"seconds":	0.999974012374878,
					"bytes":	11796480,
					"bits_per_second":	94374292.5637363,
					"retransmits":	0,
					"snd_cwnd":	3294200,
					"snd_wnd":	3143552,
					"rtt":	267413,
					"rttvar":	7490,
					"pmtu":	1500,
					"omitted":	false,
					"sender":	true
				}],
			"sum":	{
				"start":	27.000101,
				"end":	28.000075,
				"seconds":	0.999974012374878,
				"bytes":	11796480,
				"bits_per_second":	94374292.5637363,
				"retransmits":	0,
				"omitted":	false,
				"sender":	true
			}
		}, {
			"streams":	[{
					"socket":	6,
					"start":	28.000075,
					"end":	29.000075,
					"seconds":	1,
					"bytes":	11796480,
					"bits_per_second":	94371840,
					"retransmits":	0,
					"snd_cwnd":	3294200,
					"snd_wnd":	3143552,
					"rtt":	240225,
					"rttvar":	2993,
					"pmtu":	1500,
					"omitted":	false,
					"sender":	true
				}],
			"sum":	{
				"start":	28.000075,
				"end":	29.000075,
				"seconds":	1,
				"bytes":	11796480,
				"bits_per_second":	94371840,
				"retransmits":	0,
				"omitted":	false,
				"sender":	true
			}
		}, {
			"streams":	[{
					"socket":	6,
					"start":	29.000075,
					"end":	30.000113,
					"seconds":	1.0000380277633667,
					"bytes":	10485760,
					"bits_per_second":	83882890.121303946,
					"retransmits":	0,
					"snd_cwnd":	3294200,
					"snd_wnd":	3143552,
					"rtt":	274675,
					"rttvar":	560,
					"pmtu":	1500,
					"omitted":	false,
					"sender":	true
				}],
			"sum":	{
				"start":	29.000075,
				"end":	30.000113,
				"seconds":	1.0000380277633667,
				"bytes":	10485760,
				"bits_per_second":	83882890.121303946,
				"retransmits":	0,
				"omitted":	false,
				"sender":	true
			}
		}, {
			"streams":	[{
					"socket":	6,
					"start":	30.000113,
					"end":	31.000078,
					"seconds":	0.999965012073517,
					"bytes":	11796480,
					"bits_per_second":	94375141.9905298,
					"retransmits":	0,
					"snd_cwnd":	3294200,
					"snd_wnd":	3143552,
					"rtt":	267726,
					"rttvar":	8445,
					"pmtu":	1500,
					"omitted":	false,
					"sender":	true
				}],
			"sum":	{
				"start":	30.000113,
				"end":	31.000078,
				"seconds":	0.999965012073517,
				"bytes":	11796480,
				"bits_per_second":	94375141.9905298,
				"retransmits":	0,
				"omitted":	false,
				"sender":	true
			}
		}, {
			"streams":	[{
					"socket":	6,
					"start":	31.000078,
					"end":	32.000137,
					"seconds":	1.0000590085983276,
					"bytes":	10485760,
					"bits_per_second":	83881130.2920753,
					"retransmits":	0,
					"snd_cwnd":	3294200,
					"snd_wnd":	3143552,
					"rtt":	274203,
					"rttvar":	1840,
					"pmtu":	1500,
					"omitted":	false,
					"sender":	true
				}],
			"sum":	{
				"start":	31.000078,
				"end":	32.000137,
				"seconds":	1.0000590085983276,
				"bytes":	10485760,
				"bits_per_second":	83881130.2920753,
				"retransmits":	0,
				"omitted":	false,
				"sender":	true
			}
		}, {
			"streams":	[{
					"socket":	6,
					"start":	32.000137,
					"end":	33.000116,
					"seconds":	0.999979019165039,
					"bytes":	11796480,
					"bits_per_second":	94373820.0415429,
					"retransmits":	0,
					"snd_cwnd":	3294200,
					"snd_wnd":	3143552,
					"rtt":	272810,
					"rttvar":	758,
					"pmtu":	1500,
					"omitted":	false,
					"sender":	true
				}],
			"sum":	{
				"start":	32.000137,
				"end":	33.000116,
				"seconds":	0.999979019165039,
				"bytes":	11796480,
				"bits_per_second":	94373820.0415429,
				"retransmits":	0,
				"omitted":	false,
				"sender":	true
			}
		}, {
			"streams":	[{
					"socket":	6,
					"start":	33.000116,
					"end":	34.000068,
					"seconds":	0.99995201826095581,
					"bytes":	11796480,
					"bits_per_second":	94376368.342277735,
					"retransmits":	0,
					"snd_cwnd":	3294200,
					"snd_wnd":	3143552,
					"rtt":	260072,
					"rttvar":	7822,
					"pmtu":	1500,
					"omitted":	false,
					"sender":	true
				}],
			"sum":	{
				"start":	33.000116,
				"end":	34.000068,
				"seconds":	0.99995201826095581,
				"bytes":	11796480,
				"bits_per_second":	94376368.342277735,
				"retransmits":	0,
				"omitted":	false,
				"sender":	true
			}
		}, {
			"streams":	[{
					"socket":	6,
					"start":	34.000068,
					"end":	35.000047,
					"seconds":	0.999979019165039,
					"bytes":	10485760,
					"bits_per_second":	83887840.036927044,
					"retransmits":	0,
					"snd_cwnd":	3294200,
					"snd_wnd":	3143552,
					"rtt":	283648,
					"rttvar":	737,
					"pmtu":	1500,
					"omitted":	false,
					"sender":	true
				}],
			"sum":	{
				"start":	34.000068,
				"end":	35.000047,
				"seconds":	0.999979019165039,
				"bytes":	10485760,
				"bits_per_second":	83887840.036927044,
				"retransmits":	0,
				"omitted":	false,
				"sender":	true
			}
		}, {
			"streams":	[{
					"socket":	6,
					"start":	35.000047,
					"end":	36.000077,
					"seconds":	1.0000300407409668,
					"bytes":	11796480,
					"bits_per_second":	94369005.085162938,
					"retransmits":	0,
					"snd_cwnd":	3294200,
					"snd_wnd":	3143552,
					"rtt":	251184,
					"rttvar":	3473,
					"pmtu":	1500,
					"omitted":	false,
					"sender":	true
				}],
			"sum":	{
				"start":	35.000047,
				"end":	36.000077,
				"seconds":	1.0000300407409668,
				"bytes":	11796480,
				"bits_per_second":	94369005.085162938,
				"retransmits":	0,
				"omitted":	false,
				"sender":	true
			}
		}, {
			"streams":	[{
					"socket":	6,
					"start":	36.000077,
					"end":	37.000079,
					"seconds":	1.0000020265579224,
					"bytes":	10485760,
					"bits_per_second":	83885910.0003445,
					"retransmits":	0,
					"snd_cwnd":	3294200,
					"snd_wnd":	3143552,
					"rtt":	283582,
					"rttvar":	3787,
					"pmtu":	1500,
					"omitted":	false,
					"sender":	true
				}],
			"sum":	{
				"start":	36.000077,
				"end":	37.000079,
				"seconds":	1.0000020265579224,
				"bytes":	10485760,
				"bits_per_second":	83885910.0003445,
				"retransmits":	0,
				"omitted":	false,
				"sender":	true
			}
		}, {
			"streams":	[{
					"socket":	6,
					"start":	37.000079,
					"end":	38.000112,
					"seconds":	1.0000330209732056,
					"bytes":	10485760,
					"bits_per_second":	83883310.091465071,
					"retransmits":	0,
					"snd_cwnd":	3294200,
					"snd_wnd":	3143552,
					"rtt":	292737,
					"rttvar":	950,
					"pmtu":	1500,
					"omitted":	false,
					"sender":	true
				}],
			"sum":	{
				"start":	37.000079,
				"end":	38.000112,
				"seconds":	1.0000330209732056,
				"bytes":	10485760,
				"bits_per_second":	83883310.091465071,
				"retransmits":	0,
				"omitted":	false,
				"sender":	true
			}
		}, {
			"streams":	[{
					"socket":	6,
					"start":	38.000112,
					"end":	39.000146,
					"seconds":	1.000033974647522,
					"bytes":	10485760,
					"bits_per_second":	83883230.096824452,
					"retransmits":	0,
					"snd_cwnd":	3294200,
					"snd_wnd":	3143552,
					"rtt":	293718,
					"rttvar":	416,
					"pmtu":	1500,
					"omitted":	false,
					"sender":	true
				}],
			"sum":	{
				"start":	38.000112,
				"end":	39.000146,
				"seconds":	1.000033974647522,
				"bytes":	10485760,
				"bits_per_second":	83883230.096824452,
				"retransmits":	0,
				"omitted":	false,
				"sender":	true
			}
		}, {
			"streams":	[{
					"socket":	6,
					"start":	39.000146,
					"end":	40.000067,
					"seconds":	0.99992102384567261,
					"bytes":	11796480,
					"bits_per_second":	94379293.713665634,
					"retransmits":	0,
					"snd_cwnd":	3294200,
					"snd_wnd":	3143552,
					"rtt":	256568,
					"rttvar":	8182,
					"pmtu":	1500,
					"omitted":	false,
					"sender":	true
				}],
			"sum":	{
				"start":	39.000146,
				"end":	40.000067,
				"seconds":	0.99992102384567261,
				"bytes":	11796480,
				"bits_per_second":	94379293.713665634,
				"retransmits":	0,
				"omitted":	false,
				"sender":	true
			}
		}, {
			"streams":	[{
					"socket":	6,
					"start":	40.000067,
					"end":	41.000152,
					"seconds":	1.00008499622345,
					"bytes":	9175040,
					"bits_per_second":	73394081.780225128,
					"retransmits":	0,
					"snd_cwnd":	3294200,
					"snd_wnd":	3143552,
					"rtt":	271153,
					"rttvar":	6697,
					"pmtu":	1500,
					"omitted":	false,
					"sender":	true
				}],
			"sum":	{
				"start":	40.000067,
				"end":	41.000152,
				"seconds":	1.00008499622345,
				"bytes":	9175040,
				"bits_per_second":	73394081.780225128,
				"retransmits":	0,
				"omitted":	false,
				"sender":	true
			}
		}, {
			"streams":	[{
					"socket":	6,
					"start":	41.000152,
					"end":	42.000143,
					"seconds":	0.999990999698639,
					"bytes":	10485760,
					"bits_per_second":	83886835.0067953,
					"retransmits":	0,
					"snd_cwnd":	3294200,
					"snd_wnd":	3143552,
					"rtt":	296499,
					"rttvar":	332,
					"pmtu":	1500,
					"omitted":	false,
					"sender":	true
				}],
			"sum":	{
				"start":	41.000152,
				"end":	42.000143,
				"seconds":	0.999990999698639,
				"bytes":	10485760,
				"bits_per_second":	83886835.0067953,
				"retransmits":	0,
				"omitted":	false,
				"sender":	true
			}
		}, {
			"streams":	[{
					"socket":	6,
					"start":	42.000143,
					"end":	43.000119,
					"seconds":	0.99997597932815552,
					"bytes":	10485760,
					"bits_per_second":	83888095.0484028,
					"retransmits":	0,
					"snd_cwnd":	3294200,
					"snd_wnd":	3143552,
					"rtt":	306068,
					"rttvar":	1443,
					"pmtu":	1500,
					"omitted":	false,
					"sender":	true
				}],
			"sum":	{
				"start":	42.000143,
				"end":	43.000119,
				"seconds":	0.99997597932815552,
				"bytes":	10485760,
				"bits_per_second":	83888095.0484028,
				"retransmits":	0,
				"omitted":	false,
				"sender":	true
			}
		}, {
			"streams":	[{
					"socket":	6,
					"start":	43.000119,
					"end":	44.000074,
					"seconds":	0.99995499849319458,
					"bytes":	11796480,
					"bits_per_second":	94376087.0661244,
					"retransmits":	0,
					"snd_cwnd":	3294200,
					"snd_wnd":	3143552,
					"rtt":	270232,
					"rttvar":	5276,
					"pmtu":	1500,
					"omitted":	false,
					"sender":	true
				}],
			"sum":	{
				"start":	43.000119,
				"end":	44.000074,
				"seconds":	0.99995499849319458,
				"bytes":	11796480,
				"bits_per_second":	94376087.0661244,
				"retransmits":	0,
				"omitted":	false,
				"sender":	true
			}
		}, {
			"streams":	[{
					"socket":	6,
					"start":	44.000074,
					"end":	45.000142,
					"seconds":	1.0000679492950439,
					"bytes":	9175040,
					"bits_per_second":	73395332.8388741,
					"retransmits":	0,
					"snd_cwnd":	3294200,
					"snd_wnd":	3143552,
					"rtt":	305296,
					"rttvar":	169,
					"pmtu":	1500,
					"omitted":	false,
					"sender":	true
				}],
			"sum":	{
				"start":	44.000074,
				"end":	45.000142,
				"seconds":	1.0000679492950439,
				"bytes":	9175040,
				"bits_per_second":	73395332.8388741,
				"retransmits":	0,
				"omitted":	false,
				"sender":	true
			}
		}, {
			"streams":	[{
					"socket":	6,
					"start":	45.000142,
					"end":	46.000081,
					"seconds":	0.99993902444839478,
					"bytes":	10485760,
					"bits_per_second":	83891195.31190896,
					"retransmits":	0,
					"snd_cwnd":	3294200,
					"snd_wnd":	3143552,
					"rtt":	308513,
					"rttvar":	4938,
					"pmtu":	1500,
					"omitted":	false,
					"sender":	true
				}],
			"sum":	{
				"start":	45.000142,
				"end":	46.000081,
				"seconds":	0.99993902444839478,
				"bytes":	10485760,
				"bits_per_second":	83891195.31190896,
				"retransmits":	0,
				"omitted":	false,
				"sender":	true
			}
		}, {
			"streams":	[{
					"socket":	6,
					"start":	46.000081,
					"end":	47.000145,
					"seconds":	1.0000640153884888,
					"bytes":	9175040,
					"bits_per_second":	73395621.550773054,
					"retransmits":	0,
					"snd_cwnd":	3294200,
					"snd_wnd":	3143552,
					"rtt":	318534,
					"rttvar":	784,
					"pmtu":	1500,
					"omitted":	false,
					"sender":	true
				}],
			"sum":	{
				"start":	46.000081,
				"end":	47.000145,
				"seconds":	1.0000640153884888,
				"bytes":	9175040,
				"bits_per_second":	73395621.550773054,
				"retransmits":	0,
				"omitted":	false,
				"sender":	true
			}
		}, {
			"streams":	[{
					"socket":	6,
					"start":	47.000145,
					"end":	48.000073,
					"seconds":	0.99992799758911133,
					"bytes":	10485760,
					"bits_per_second":	83892120.4349259,
					"retransmits":	0,
					"snd_cwnd":	3294200,
					"snd_wnd":	3143552,
					"rtt":	289486,
					"rttvar":	5369,
					"pmtu":	1500,
					"omitted":	false,
					"sender":	true
				}],
			"sum":	{
				"start":	47.000145,
				"end":	48.000073,
				"seconds":	0.99992799758911133,
				"bytes":	10485760,
				"bits_per_second":	83892120.4349259,
				"retransmits":	0,
				"omitted":	false,
				"sender":	true
			}
		}, {
			"streams":	[{
					"socket":	6,
					"start":	48.000073,
					"end":	49.000076,
					"seconds":	1.0000029802322388,
					"bytes":	9175040,
					"bits_per_second":	73400101.250651926,
					"retransmits":	0,
					"snd_cwnd":	3294200,
					"snd_wnd":	3143552,
					"rtt":	318340,
					"rttvar":	8331,
					"pmtu":	1500,
					"omitted":	false,
					"sender":	true
				}],
			"sum":	{
				"start":	48.000073,
				"end":	49.000076,
				"seconds":	1.0000029802322388,
				"bytes":	9175040,
				"bits_per_second":	73400101.250651926,
				"retransmits":	0,
				"omitted":	false,
				"sender":	true
			}
		}, {
			"streams":	[{
					"socket":	6,
					"start":	49.000076,
					"end":	50.000079,
					"seconds":	1.0000029802322388,
					"bytes":	9175040,
					"bits_per_second":	73400101.250651926,
					"retransmits":	0,
					"snd_cwnd":	3294200,
					"snd_wnd":	3143552,
					"rtt":	325568,
					"rttvar":	8469,
					"pmtu":	1500,
					"omitted":	false,
					"sender":	true
				}],
			"sum":	{
				"start":	49.000076,
				"end":	50.000079,
				"seconds":	1.0000029802322388,
				"bytes":	9175040,
				"bits_per_second":	73400101.250651926,
				"retransmits":	0,
				"omitted":	false,
				"sender":	true
			}
		}, {
			"streams":	[{
					"socket":	6,
					"start":	50.000079,
					"end":	51.000077,
					"seconds":	0.99999797344207764,
					"bytes":	9175040,
					"bits_per_second":	73400468.75030145,
					"retransmits":	0,
					"snd_cwnd":	3294200,
					"snd_wnd":	3143552,
					"rtt":	315854,
					"rttvar":	6289,
					"pmtu":	1500,
					"omitted":	false,
					"sender":	true
				}],
			"sum":	{
				"start":	50.000079,
				"end":	51.000077,
				"seconds":	0.99999797344207764,
				"bytes":	9175040,
				"bits_per_second":	73400468.75030145,
				"retransmits":	0,
				"omitted":	false,
				"sender":	true
			}
		}, {
			"streams":	[{
					"socket":	6,
					"start":	51.000077,
					"end":	52.000145,
					"seconds":	1.0000679492950439,
					"bytes":	7864320,
					"bits_per_second":	62910285.2904635,
					"retransmits":	0,
					"snd_cwnd":	3294200,
					"snd_wnd":	3143552,
					"rtt":	362558,
					"rttvar":	313,
					"pmtu":	1500,
					"omitted":	false,
					"sender":	true
				}],
			"sum":	{
				"start":	51.000077,
				"end":	52.000145,
				"seconds":	1.0000679492950439,
				"bytes":	7864320,
				"bits_per_second":	62910285.2904635,
				"retransmits":	0,
				"omitted":	false,
				"sender":	true
			}
		}, {
			"streams":	[{
					"socket":	6,
					"start":	52.000145,
					"end":	53.000077,
					"seconds":	0.99993199110031128,
					"bytes":	9175040,
					"bits_per_second":	73405312.214515,
					"retransmits":	0,
					"snd_cwnd":	3294200,
					"snd_wnd":	3143552,
					"rtt":	349601,
					"rttvar":	7100,
					"pmtu":	1500,
					"omitted":	false,
					"sender":	true
				}],
			"sum":	{
				"start":	52.000145,
				"end":	53.000077,
				"seconds":	0.99993199110031128,
				"bytes":	9175040,
				"bits_per_second":	73405312.214515,
				"retransmits":	0,
				"omitted":	false,
				"sender":	true
			}
		}, {
			"streams":	[{
					"socket":	6,
					"start":	53.000077,
					"end":	54.00012,
					"seconds":	1.0000430345535278,
					"bytes":	7864320,
					"bits_per_second":	62911852.616511039,
					"retransmits":	0,
					"snd_cwnd":	3294200,
					"snd_wnd":	3143552,
					"rtt":	362369,
					"rttvar":	2131,
					"pmtu":	1500,
					"omitted":	false,
					"sender":	true
				}],
			"sum":	{
				"start":	53.000077,
				"end":	54.00012,
				"seconds":	1.0000430345535278,
				"bytes":	7864320,
				"bits_per_second":	62911852.616511039,
				"retransmits":	0,
				"omitted":	false,
				"sender":	true
			}
		}, {
			"streams":	[{
					"socket":	6,
					"start":	54.00012,
					"end":	55.000106,
					"seconds":	0.99998599290847778,
					"bytes":	10485760,
					"bits_per_second":	83887255.016458556,
					"retransmits":	0,
					"snd_cwnd":	3294200,
					"snd_wnd":	3143552,
					"rtt":	356439,
					"rttvar":	3571,
					"pmtu":	1500,
					"omitted":	false,
					"sender":	true
				}],
			"sum":	{
				"start":	54.00012,
				"end":	55.000106,
				"seconds":	0.99998599290847778,
				"bytes":	10485760,
				"bits_per_second":	83887255.016458556,
				"retransmits":	0,
				"omitted":	false,
				"sender":	true
			}
		}, {
			"streams":	[{
					"socket":	6,
					"start":	55.000106,
					"end":	56.000088,
					"seconds":	0.99998199939727783,
					"bytes":	7864320,
					"bits_per_second":	62915692.520386048,
					"retransmits":	0,
					"snd_cwnd":	3294200,
					"snd_wnd":	3143552,
					"rtt":	389040,
					"rttvar":	3759,
					"pmtu":	1500,
					"omitted":	false,
					"sender":	true
				}],
			"sum":	{
				"start":	55.000106,
				"end":	56.000088,
				"seconds":	0.99998199939727783,
				"bytes":	7864320,
				"bits_per_second":	62915692.520386048,
				"retransmits":	0,
				"omitted":	false,
				"sender":	true
			}
		}, {
			"streams":	[{
					"socket":	6,
					"start":	56.000088,
					"end":	57.000203,
					"seconds":	1.0001150369644165,
					"bytes":	6553600,
					"bits_per_second":	52422769.443736888,
					"retransmits":	0,
					"snd_cwnd":	3294200,
					"snd_wnd":	3143552,
					"rtt":	416425,
					"rttvar":	3339,
					"pmtu":	1500,
					"omitted":	false,
					"sender":	true
				}],
			"sum":	{
				"start":	56.000088,
				"end":	57.000203,
				"seconds":	1.0001150369644165,
				"bytes":	6553600,
				"bits_per_second":	52422769.443736888,
				"retransmits":	0,
				"omitted":	false,
				"sender":	true
			}
		}, {
			"streams":	[{
					"socket":	6,
					"start":	57.000203,
					"end":	58.000093,
					"seconds":	0.9998900294303894,
					"bytes":	7864320,
					"bits_per_second":	62921479.510942563,
					"retransmits":	0,
					"snd_cwnd":	3294200,
					"snd_wnd":	3143552,
					"rtt":	423015,
					"rttvar":	2706,
					"pmtu":	1500,
					"omitted":	false,
					"sender":	true
				}],
			"sum":	{
				"start":	57.000203,
				"end":	58.000093,
				"seconds":	0.9998900294303894,
				"bytes":	7864320,
				"bits_per_second":	62921479.510942563,
				"retransmits":	0,
				"omitted":	false,
				"sender":	true
			}
		}, {
			"streams":	[{
					"socket":	6,
					"start":	58.000093,
					"end":	59.000132,
					"seconds":	1.0000389814376831,
					"bytes":	6553600,
					"bits_per_second":	52426756.3296652,
					"retransmits":	0,
					"snd_cwnd":	3294200,
					"snd_wnd":	3143552,
					"rtt":	453522,
					"rttvar":	680,
					"pmtu":	1500,
					"omitted":	false,
					"sender":	true
				}],
			"sum":	{
				"start":	58.000093,
				"end":	59.000132,
				"seconds":	1.0000389814376831,
				"bytes":	6553600,
				"bits_per_second":	52426756.3296652,
				"retransmits":	0,
				"omitted":	false,
				"sender":	true
			}
		}, {
			"streams":	[{
					"socket":	6,
					"start":	59.000132,
					"end":	60.000216,
					"seconds":	1.0000840425491333,
					"bytes":	6553600,
					"bits_per_second":	52424394.120281361,
					"retransmits":	0,
					"snd_cwnd":	3294200,
					"snd_wnd":	3143552,
					"rtt":	437287,
					"rttvar":	3736,
					"pmtu":	1500,
					"omitted":	false,
					"sender":	true
				}],
			"sum":	{
				"start":	59.000132,
				"end":	60.000216,
				"seconds":	1.0000840425491333,
				"bytes":	6553600,
				"bits_per_second":	52424394.120281361,
				"retransmits":	0,
				"omitted":	false,
				"sender":	true
			}
		}],
	"end":	{
		"streams":	[{
				"sender":	{
					"socket":	6,
					"start":	0,
					"end":	60.000216,
					"seconds":	60.000216,
					"bytes":	644218880,
					"bits_per_second":	85895541.4427175,
					"retransmits":	0,
					"max_snd_cwnd":	3294200,
					"max_snd_wnd":	3143552,
					"max_rtt":	453522,
					"min_rtt":	94619,
					"mean_rtt":	282252,
					"sender":	true
				},
				"receiver":	{
					"socket":	6,
					"start":	0,
					"end":	60.375367,
					"seconds":	60.000216,
					"bytes":	644218880,
					"bits_per_second":	85361817.179512963,
					"sender":	true
				}
			}],
		"sum_sent":	{
			"start":	0,
			"end":	60.000216,
			"seconds":	60.000216,
			"bytes":	644218880,
			"bits_per_second":	85895541.4427175,
			"retransmits":	0,
			"sender":	true
		},
		"sum_received":	{
			"start":	0,
			"end":	60.375367,
			"seconds":	60.375367,
			"bytes":	644218880,
			"bits_per_second":	85361817.179512963,
			"sender":	true
		},
		"cpu_utilization_percent":	{
			"host_total":	0.16690549262836157,
			"host_user":	0.0031988594999596142,
			"host_system":	0.16370663312840195,
			"remote_total":	2.1553536505988484,
			"remote_user":	0.14753695471442316,
			"remote_system":	2.0078166958844252
		},
		"sender_tcp_congestion":	"cubic",
		"receiver_tcp_congestion":	"cubic"
	}
}
