{
	"start":	{
		"connected":	[{
				"socket":	6,
				"local_host":	"192.168.101.210",
				"local_port":	34952,
				"remote_host":	"192.168.100.168",
				"remote_port":	5202
			}],
		"version":	"iperf 3.11",
		"system_info":	"Linux f1 6.0.10-300.fc37.x86_64 #1 SMP PREEMPT_DYNAMIC Sat Nov 26 16:55:13 UTC 2022 x86_64",
		"timestamp":	{
			"time":	"Sat, 10 Dec 2022 20:11:07 GMT",
			"timesecs":	1670703067
		},
		"connecting_to":	{
			"host":	"192.168.100.168",
			"port":	5202
		},
		"cookie":	"yukadbzitth6mfi6lzzlcuxvic7louijwaop",
		"tcp_mss_default":	1448,
		"target_bitrate":	0,
		"sock_bufsize":	0,
		"sndbuf_actual":	16384,
		"rcvbuf_actual":	131072,
		"test_start":	{
			"protocol":	"TCP",
			"num_streams":	1,
			"blksize":	131072,
			"omit":	0,
			"duration":	60,
			"bytes":	0,
			"blocks":	0,
			"reverse":	0,
			"tos":	0,
			"target_bitrate":	0
		}
	},
	"intervals":	[{
			"streams":	[{
					"socket":	6,
					"start":	0,
					"end":	1.00025,
					"seconds":	1.000249981880188,
					"bytes":	595128,
					"bits_per_second":	4759834.12771537,
					"retransmits":	0,
					"snd_cwnd":	37648,
					"snd_wnd":	153984,
					"rtt":	114726,
					"rttvar":	3146,
					"pmtu":	1500,
					"omitted":	false,
					"sender":	true
				}],
			"sum":	{
				"start":	0,
				"end":	1.00025,
				"seconds":	1.000249981880188,
				"bytes":	595128,
				"bits_per_second":	4759834.12771537,
				"retransmits":	0,
				"omitted":	false,
				"sender":	true
			}
		}, {
			"streams":	[{
					"socket":	6,
					"start":	1.00025,
					"end":	2.000227,
					"seconds":	0.9999769926071167,
					"bytes":	260640,
					"bits_per_second":	2085167.9742788118,
					"retransmits":	0,
					"snd_cwnd":	23168,
					"snd_wnd":	153984,
					"rtt":	135453,
					"rttvar":	4585,
					"pmtu":	1500,
					"omitted":	false,
					"sender":	true
				}],
			"sum":	{
				"start":	1.00025,
				"end":	2.000227,
				"seconds":	0.9999769926071167,
				"bytes":	260640,
				"bits_per_second":	2085167.9742788118,
				"retransmits":	0,
				"omitted":	false,
				"sender":	true
			}
		}, {
			"streams":	[{
					"socket":	6,
					"start":	2.000227,
					"end":	3.000175,
					"seconds":	0.999948024749756,
					"bytes":	130320,
					"bits_per_second":	1042614.1901334403,
					"retransmits":	0,
					"snd_cwnd":	17376,
					"snd_wnd":	153984,
					"rtt":	176179,
					"rttvar":	6411,
					"pmtu":	1500,
					"omitted":	false,
					"sender":	true
				}],
			"sum":	{
				"start":	2.000227,
				"end":	3.000175,
				"seconds":	0.999948024749756,
				"bytes":	130320,
				"bits_per_second":	1042614.1901334403,
				"retransmits":	0,
				"omitted":	false,
				"sender":	true
			}
		}, {
			"streams":	[{
					"socket":	6,
					"start":	3.000175,
					"end":	4.001051,
					"seconds":	1.0008759498596191,
					"bytes":	0,
					"bits_per_second":	0,
					"retransmits":	0,
					"snd_cwnd":	17376,
					"snd_wnd":	153984,
					"rtt":	218931,
					"rttvar":	12953,
					"pmtu":	1500,
					"omitted":	false,
					"sender":	true
				}],
			"sum":	{
				"start":	3.000175,
				"end":	4.001051,
				"seconds":	1.0008759498596191,
				"bytes":	0,
				"bits_per_second":	0,
				"retransmits":	0,
				"omitted":	false,
				"sender":	true
			}
		}, {
			"streams":	[{
					"socket":	6,
					"start":	4.001051,
					"end":	5.000536,
					"seconds":	0.99948501586914062,
					"bytes":	130320,
					"bits_per_second":	1043097.1784938686,
					"retransmits":	0,
					"snd_cwnd":	17376,
					"snd_wnd":	153984,
					"rtt":	260681,
					"rttvar":	16791,
					"pmtu":	1500,
					"omitted":	false,
					"sender":	true
				}],
			"sum":	{
				"start":	4.001051,
				"end":	5.000536,
				"seconds":	0.99948501586914062,
				"bytes":	130320,
				"bits_per_second":	1043097.1784938686,
				"retransmits":	0,
				"omitted":	false,
				"sender":	true
			}
		}, {
			"streams":	[{
					"socket":	6,
					"start":	5.000536,
					"end":	6.00103,
					"seconds":	1.0004940032958984,
					"bytes":	0,
					"bits_per_second":	0,
					"retransmits":	0,
					"snd_cwnd":	11584,
					"snd_wnd":	153984,
					"rtt":	296747,
					"rttvar":	23397,
					"pmtu":	1500,
					"omitted":	false,
					"sender":	true
				}],
			"sum":	{
				"start":	5.000536,
				"end":	6.00103,
				"seconds":	1.0004940032958984,
				"bytes":	0,
				"bits_per_second":	0,
				"retransmits":	0,
				"omitted":	false,
				"sender":	true
			}
		}, {
			"streams":	[{
					"socket":	6,
					"start":	6.00103,
					"end":	7.001032,
					"seconds":	1.0000020265579224,
					"bytes":	0,
					"bits_per_second":	0,
					"retransmits":	0,
					"snd_cwnd":	11584,
					"snd_wnd":	153984,
					"rtt":	337291,
					"rttvar":	29138,
					"pmtu":	1500,
					"omitted":	false,
					"sender":	true
				}],
			"sum":	{
				"start":	6.00103,
				"end":	7.001032,
				"seconds":	1.0000020265579224,
				"bytes":	0,
				"bits_per_second":	0,
				"retransmits":	0,
				"omitted":	false,
				"sender":	true
			}
		}, {
			"streams":	[{
					"socket":	6,
					"start":	7.001032,
					"end":	8.000526,
					"seconds":	0.99949401617050171,
					"bytes":	130320,
					"bits_per_second":	1043087.7855522366,
					"retransmits":	0,
					"snd_cwnd":	11584,
					"snd_wnd":	153728,
					"rtt":	387901,
					"rttvar":	18345,
					"pmtu":	1500,
					"omitted":	false,
					"sender":	true
				}],
			"sum":	{
				"start":	7.001032,
				"end":	8.000526,
				"seconds":	0.99949401617050171,
				"bytes":	130320,
				"bits_per_second":	1043087.7855522366,
				"retransmits":	0,
				"omitted":	false,
				"sender":	true
			}
		}, {
			"streams":	[{
					"socket":	6,
					"start":	8.000526,
					"end":	9.001049,
					"seconds":	1.0005229711532593,
					"bytes":	0,
					"bits_per_second":	0,
					"retransmits":	0,
					"snd_cwnd":	11584,
					"snd_wnd":	153728,
					"rtt":	427430,
					"rttvar":	18434,
					"pmtu":	1500,
					"omitted":	false,
					"sender":	true
				}],
			"sum":	{
				"start":	8.000526,
				"end":	9.001049,
				"seconds":	1.0005229711532593,
				"bytes":	0,
				"bits_per_second":	0,
				"retransmits":	0,
				"omitted":	false,
				"sender":	true
			}
		}, {
			"streams":	[{
					"socket":	6,
					"start":	9.001049,
					"end":	10.001034,
					"seconds":	0.9999849796295166,
					"bytes":	0,
					"bits_per_second":	0,
					"retransmits":	0,
					"snd_cwnd":	11584,
					"snd_wnd":	153600,
					"rtt":	470419,
					"rttvar":	20248,
					"pmtu":	1500,
					"omitted":	false,
					"sender":	true
				}],
			"sum":	{
				"start":	9.001049,
				"end":	10.001034,
				"seconds":	0.9999849796295166,
				"bytes":	0,
				"bits_per_second":	0,
				"retransmits":	0,
				"omitted":	false,
				"sender":	true
			}
		}, {
			"streams":	[{
					"socket":	6,
					"start":	10.001034,
					"end":	11.001045,
					"seconds":	1.0000109672546387,
					"bytes":	0,
					"bits_per_second":	0,
					"retransmits":	0,
					"snd_cwnd":	17376,
					"snd_wnd":	153600,
					"rtt":	508002,
					"rttvar":	27054,
					"pmtu":	1500,
					"omitted":	false,
					"sender":	true
				}],
			"sum":	{
				"start":	10.001034,
				"end":	11.001045,
				"seconds":	1.0000109672546387,
				"bytes":	0,
				"bits_per_second":	0,
				"retransmits":	0,
				"omitted":	false,
				"sender":	true
			}
		}, {
			"streams":	[{
					"socket":	6,
					"start":	11.001045,
					"end":	12.00104,
					"seconds":	0.999994993209839,
					"bytes":	0,
					"bits_per_second":	0,
					"retransmits":	0,
					"snd_cwnd":	37648,
					"snd_wnd":	153728,
					"rtt":	615965,
					"rttvar":	61391,
					"pmtu":	1500,
					"omitted":	false,
					"sender":	true
				}],
			"sum":	{
				"start":	11.001045,
				"end":	12.00104,
				"seconds":	0.999994993209839,
				"bytes":	0,
				"bits_per_second":	0,
				"retransmits":	0,
				"omitted":	false,
				"sender":	true
			}
		}, {
			"streams":	[{
					"socket":	6,
					"start":	12.00104,
					"end":	13.001027,
					"seconds":	0.999987006187439,
					"bytes":	0,
					"bits_per_second":	0,
					"retransmits":	0,
					"snd_cwnd":	37648,
					"snd_wnd":	153984,
					"rtt":	784862,
					"rttvar":	74114,
					"pmtu":	1500,
					"omitted":	false,
					"sender":	true
				}],
			"sum":	{
				"start":	12.00104,
				"end":	13.001027,
				"seconds":	0.999987006187439,
				"bytes":	0,
				"bits_per_second":	0,
				"retransmits":	0,
				"omitted":	false,
				"sender":	true
			}
		}, {
			"streams":	[{
					"socket":	6,
					"start":	13.001027,
					"end":	14.000082,
					"seconds":	0.999055027961731,
					"bytes":	130320,
					"bits_per_second":	1043546.1219058451,
					"retransmits":	0,
					"snd_cwnd":	40544,
					"snd_wnd":	153984,
					"rtt":	938366,
					"rttvar":	75057,
					"pmtu":	1500,
					"omitted":	false,
					"sender":	true
				}],
			"sum":	{
				"start":	13.001027,
				"end":	14.000082,
				"seconds":	0.999055027961731,
				"bytes":	130320,
				"bits_per_second":	1043546.1219058451,
				"retransmits":	0,
				"omitted":	false,
				"sender":	true
			}
		}, {
			"streams":	[{
					"socket":	6,
					"start":	14.000082,
					"end":	15.001028,
					"seconds":	1.000946044921875,
					"bytes":	0,
					"bits_per_second":	0,
					"retransmits":	0,
					"snd_cwnd":	37648,
					"snd_wnd":	153984,
					"rtt":	1095543,
					"rttvar":	79535,
					"pmtu":	1500,
					"omitted":	false,
					"sender":	true
				}],
			"sum":	{
				"start":	14.000082,
				"end":	15.001028,
				"seconds":	1.000946044921875,
				"bytes":	0,
				"bits_per_second":	0,
				"retransmits":	0,
				"omitted":	false,
				"sender":	true
			}
		}, {
			"streams":	[{
					"socket":	6,
					"start":	15.001028,
					"end":	16.001063,
					"seconds":	1.0000350475311279,
					"bytes":	0,
					"bits_per_second":	0,
					"retransmits":	0,
					"snd_cwnd":	37648,
					"snd_wnd":	153984,
					"rtt":	1272072,
					"rttvar":	82947,
					"pmtu":	1500,
					"omitted":	false,
					"sender":	true
				}],
			"sum":	{
				"start":	15.001028,
				"end":	16.001063,
				"seconds":	1.0000350475311279,
				"bytes":	0,
				"bits_per_second":	0,
				"retransmits":	0,
				"omitted":	false,
				"sender":	true
			}
		}, {
			"streams":	[{
					"socket":	6,
					"start":	16.001063,
					"end":	17.001045,
					"seconds":	0.99998199939727783,
					"bytes":	0,
					"bits_per_second":	0,
					"retransmits":	0,
					"snd_cwnd":	37648,
					"snd_wnd":	153984,
					"rtt":	1468853,
					"rttvar":	102907,
					"pmtu":	1500,
					"omitted":	false,
					"sender":	true
				}],
			"sum":	{
				"start":	16.001063,
				"end":	17.001045,
				"seconds":	0.99998199939727783,
				"bytes":	0,
				"bits_per_second":	0,
				"retransmits":	0,
				"omitted":	false,
				"sender":	true
			}
		}, {
			"streams":	[{
					"socket":	6,
					"start":	17.001045,
					"end":	18.001045,
					"seconds":	1,
					"bytes":	0,
					"bits_per_second":	0,
					"retransmits":	0,
					"snd_cwnd":	37648,
					"snd_wnd":	153984,
					"rtt":	1645830,
					"rttvar":	105104,
					"pmtu":	1500,
					"omitted":	false,
					"sender":	true
				}],
			"sum":	{
				"start":	17.001045,
				"end":	18.001045,
				"seconds":	1,
				"bytes":	0,
				"bits_per_second":	0,
				"retransmits":	0,
				"omitted":	false,
				"sender":	true
			}
		}, {
			"streams":	[{
					"socket":	6,
					"start":	18.001045,
					"end":	19.001044,
					"seconds":	0.99999898672103882,
					"bytes":	0,
					"bits_per_second":	0,
					"retransmits":	0,
					"snd_cwnd":	34752,
					"snd_wnd":	153600,
					"rtt":	1819378,
					"rttvar":	141671,
					"pmtu":	1500,
					"omitted":	false,
					"sender":	true
				}],
			"sum":	{
				"start":	18.001045,
				"end":	19.001044,
				"seconds":	0.99999898672103882,
				"bytes":	0,
				"bits_per_second":	0,
				"retransmits":	0,
				"omitted":	false,
				"sender":	true
			}
		}, {
			"streams":	[{
					"socket":	6,
					"start":	19.001044,
					"end":	20.001026,
					"seconds":	0.99998199939727783,
					"bytes":	0,
					"bits_per_second":	0,
					"retransmits":	0,
					"snd_cwnd":	34752,
					"snd_wnd":	153728,
					"rtt":	1882098,
					"rttvar":	96634,
					"pmtu":	1500,
					"omitted":	false,
					"sender":	true
				}],
			"sum":	{
				"start":	19.001044,
				"end":	20.001026,
				"seconds":	0.99998199939727783,
				"bytes":	0,
				"bits_per_second":	0,
				"retransmits":	0,
				"omitted":	false,
				"sender":	true
			}
		}, {
			"streams":	[{
					"socket":	6,
					"start":	20.001026,
					"end":	21.000547,
					"seconds":	0.999521017074585,
					"bytes":	130320,
					"bits_per_second":	1043059.6077422986,
					"retransmits":	0,
					"snd_cwnd":	34752,
					"snd_wnd":	153600,
					"rtt":	2033588,
					"rttvar":	153957,
					"pmtu":	1500,
					"omitted":	false,
					"sender":	true
				}],
			"sum":	{
				"start":	20.001026,
				"end":	21.000547,
				"seconds":	0.999521017074585,
				"bytes":	130320,
				"bits_per_second":	1043059.6077422986,
				"retransmits":	0,
				"omitted":	false,
				"sender":	true
			}
		}, {
			"streams":	[{
					"socket":	6,
					"start":	21.000547,
					"end":	22.001043,
					"seconds":	1.0004960298538208,
					"bytes":	0,
					"bits_per_second":	0,
					"retransmits":	0,
					"snd_cwnd":	5792,
					"snd_wnd":	153600,
					"rtt":	2118340,
					"rttvar":	131519,
					"pmtu":	1500,
					"omitted":	false,
					"sender":	true
				}],
			"sum":	{
				"start":	21.000547,
				"end":	22.001043,
				"seconds":	1.0004960298538208,
				"bytes":	0,
				"bits_per_second":	0,
				"retransmits":	0,
				"omitted":	false,
				"sender":	true
			}
		}, {
			"streams":	[{
					"socket":	6,
					"start":	22.001043,
					"end":	23.001029,
					"seconds":	0.99998599290847778,
					"bytes":	0,
					"bits_per_second":	0,
					"retransmits":	0,
					"snd_cwnd":	5792,
					"snd_wnd":	153600,
					"rtt":	2110197,
					"rttvar":	135594,
					"pmtu":	1500,
					"omitted":	false,
					"sender":	true
				}],
			"sum":	{
				"start":	22.001043,
				"end":	23.001029,
				"seconds":	0.99998599290847778,
				"bytes":	0,
				"bits_per_second":	0,
				"retransmits":	0,
				"omitted":	false,
				"sender":	true
			}
		}, {
			"streams":	[{
					"socket":	6,
					"start":	23.001029,
					"end":	24.001099,
					"seconds":	1.0000699758529663,
					"bytes":	0,
					"bits_per_second":	0,
					"retransmits":	0,
					"snd_cwnd":	5792,
					"snd_wnd":	153600,
					"rtt":	2110197,
					"rttvar":	135594,
					"pmtu":	1500,
					"omitted":	false,
					"sender":	true
				}],
			"sum":	{
				"start":	23.001029,
				"end":	24.001099,
				"seconds":	1.0000699758529663,
				"bytes":	0,
				"bits_per_second":	0,
				"retransmits":	0,
				"omitted":	false,
				"sender":	true
			}
		}, {
			"streams":	[{
					"socket":	6,
					"start":	24.001099,
					"end":	25.001044,
					"seconds":	0.99994498491287231,
					"bytes":	0,
					"bits_per_second":	0,
					"retransmits":	0,
					"snd_cwnd":	40544,
					"snd_wnd":	153600,
					"rtt":	2118752,
					"rttvar":	76231,
					"pmtu":	1500,
					"omitted":	false,
					"sender":	true
				}],
			"sum":	{
				"start":	24.001099,
				"end":	25.001044,
				"seconds":	0.99994498491287231,
				"bytes":	0,
				"bits_per_second":	0,
				"retransmits":	0,
				"omitted":	false,
				"sender":	true
			}
		}, {
			"streams":	[{
					"socket":	6,
					"start":	25.001044,
					"end":	26.00103,
					"seconds":	0.99998599290847778,
					"bytes":	0,
					"bits_per_second":	0,
					"retransmits":	0,
					"snd_cwnd":	40544,
					"snd_wnd":	153600,
					"rtt":	2118752,
					"rttvar":	76231,
					"pmtu":	1500,
					"omitted":	false,
					"sender":	true
				}],
			"sum":	{
				"start":	25.001044,
				"end":	26.00103,
				"seconds":	0.99998599290847778,
				"bytes":	0,
				"bits_per_second":	0,
				"retransmits":	0,
				"omitted":	false,
				"sender":	true
			}
		}, {
			"streams":	[{
					"socket":	6,
					"start":	26.00103,
					"end":	27.001185,
					"seconds":	1.000154972076416,
					"bytes":	0,
					"bits_per_second":	0,
					"retransmits":	0,
					"snd_cwnd":	40544,
					"snd_wnd":	153600,
					"rtt":	2118752,
					"rttvar":	76231,
					"pmtu":	1500,
					"omitted":	false,
					"sender":	true
				}],
			"sum":	{
				"start":	26.00103,
				"end":	27.001185,
				"seconds":	1.000154972076416,
				"bytes":	0,
				"bits_per_second":	0,
				"retransmits":	0,
				"omitted":	false,
				"sender":	true
			}
		}, {
			"streams":	[{
					"socket":	6,
					"start":	27.001185,
					"end":	28.000936,
					"seconds":	0.99975097179412842,
					"bytes":	195480,
					"bits_per_second":	1564229.5372752389,
					"retransmits":	0,
					"snd_cwnd":	57920,
					"snd_wnd":	153600,
					"rtt":	1904038,
					"rttvar":	93469,
					"pmtu":	1500,
					"omitted":	false,
					"sender":	true
				}],
			"sum":	{
				"start":	27.001185,
				"end":	28.000936,
				"seconds":	0.99975097179412842,
				"bytes":	195480,
				"bits_per_second":	1564229.5372752389,
				"retransmits":	0,
				"omitted":	false,
				"sender":	true
			}
		}, {
			"streams":	[{
					"socket":	6,
					"start":	28.000936,
					"end":	29.00103,
					"seconds":	1.0000940561294556,
					"bytes":	260640,
					"bits_per_second":	2084923.9001277445,
					"retransmits":	0,
					"snd_cwnd":	81088,
					"snd_wnd":	153600,
					"rtt":	2113081,
					"rttvar":	142054,
					"pmtu":	1500,
					"omitted":	false,
					"sender":	true
				}],
			"sum":	{
				"start":	28.000936,
				"end":	29.00103,
				"seconds":	1.0000940561294556,
				"bytes":	260640,
				"bits_per_second":	2084923.9001277445,
				"retransmits":	0,
				"omitted":	false,
				"sender":	true
			}
		}, {
			"streams":	[{
					"socket":	6,
					"start":	29.00103,
					"end":	30.001059,
					"seconds":	1.0000289678573608,
					"bytes":	0,
					"bits_per_second":	0,
					"retransmits":	0,
					"snd_cwnd":	95568,
					"snd_wnd":	153600,
					"rtt":	1926093,
					"rttvar":	109699,
					"pmtu":	1500,
					"omitted":	false,
					"sender":	true
				}],
			"sum":	{
				"start":	29.00103,
				"end":	30.001059,
				"seconds":	1.0000289678573608,
				"bytes":	0,
				"bits_per_second":	0,
				"retransmits":	0,
				"omitted":	false,
				"sender":	true
			}
		}, {
			"streams":	[{
					"socket":	6,
					"start":	30.001059,
					"end":	31.001044,
					"seconds":	0.9999849796295166,
					"bytes":	0,
					"bits_per_second":	0,
					"retransmits":	0,
					"snd_cwnd":	95568,
					"snd_wnd":	153600,
					"rtt":	2061897,
					"rttvar":	153313,
					"pmtu":	1500,
					"omitted":	false,
					"sender":	true
				}],
			"sum":	{
				"start":	30.001059,
				"end":	31.001044,
				"seconds":	0.9999849796295166,
				"bytes":	0,
				"bits_per_second":	0,
				"retransmits":	0,
				"omitted":	false,
				"sender":	true
			}
		}, {
			"streams":	[{
					"socket":	6,
					"start":	31.001044,
					"end":	32.001059,
					"seconds":	1.0000150203704834,
					"bytes":	0,
					"bits_per_second":	0,
					"retransmits":	0,
					"snd_cwnd":	95568,
					"snd_wnd":	153984,
					"rtt":	2052588,
					"rttvar":	160120,
					"pmtu":	1500,
					"omitted":	false,
					"sender":	true
				}],
			"sum":	{
				"start":	31.001044,
				"end":	32.001059,
				"seconds":	1.0000150203704834,
				"bytes":	0,
				"bits_per_second":	0,
				"retransmits":	0,
				"omitted":	false,
				"sender":	true
			}
		}, {
			"streams":	[{
					"socket":	6,
					"start":	32.001059,
					"end":	33.001031,
					"seconds":	0.99997198581695557,
					"bytes":	0,
					"bits_per_second":	0,
					"retransmits":	0,
					"snd_cwnd":	95568,
					"snd_wnd":	206208,
					"rtt":	2004304,
					"rttvar":	163244,
					"pmtu":	1500,
					"omitted":	false,
					"sender":	true
				}],
			"sum":	{
				"start":	32.001059,
				"end":	33.001031,
				"seconds":	0.99997198581695557,
				"bytes":	0,
				"bits_per_second":	0,
				"retransmits":	0,
				"omitted":	false,
				"sender":	true
			}
		}, {
			"streams":	[{
					"socket":	6,
					"start":	33.001031,
					"end":	34.001033,
					"seconds":	1.0000020265579224,
					"bytes":	0,
					"bits_per_second":	0,
					"retransmits":	0,
					"snd_cwnd":	95568,
					"snd_wnd":	265600,
					"rtt":	1986375,
					"rttvar":	169164,
					"pmtu":	1500,
					"omitted":	false,
					"sender":	true
				}],
			"sum":	{
				"start":	33.001031,
				"end":	34.001033,
				"seconds":	1.0000020265579224,
				"bytes":	0,
				"bits_per_second":	0,
				"retransmits":	0,
				"omitted":	false,
				"sender":	true
			}
		}, {
			"streams":	[{
					"socket":	6,
					"start":	34.001033,
					"end":	35.00106,
					"seconds":	1.0000269412994385,
					"bytes":	0,
					"bits_per_second":	0,
					"retransmits":	0,
					"snd_cwnd":	95568,
					"snd_wnd":	265600,
					"rtt":	2035468,
					"rttvar":	162481,
					"pmtu":	1500,
					"omitted":	false,
					"sender":	true
				}],
			"sum":	{
				"start":	34.001033,
				"end":	35.00106,
				"seconds":	1.0000269412994385,
				"bytes":	0,
				"bits_per_second":	0,
				"retransmits":	0,
				"omitted":	false,
				"sender":	true
			}
		}, {
			"streams":	[{
					"socket":	6,
					"start":	35.00106,
					"end":	36.001061,
					"seconds":	1.0000009536743164,
					"bytes":	0,
					"bits_per_second":	0,
					"retransmits":	0,
					"snd_cwnd":	95568,
					"snd_wnd":	265600,
					"rtt":	2035468,
					"rttvar":	162481,
					"pmtu":	1500,
					"omitted":	false,
					"sender":	true
				}],
			"sum":	{
				"start":	35.00106,
				"end":	36.001061,
				"seconds":	1.0000009536743164,
				"bytes":	0,
				"bits_per_second":	0,
				"retransmits":	0,
				"omitted":	false,
				"sender":	true
			}
		}, {
			"streams":	[{
					"socket":	6,
					"start":	36.001061,
					"end":	37.000994,
					"seconds":	0.99993300437927246,
					"bytes":	325800,
					"bits_per_second":	2606574.6290852483,
					"retransmits":	0,
					"snd_cwnd":	95568,
					"snd_wnd":	265600,
					"rtt":	2067445,
					"rttvar":	153927,
					"pmtu":	1500,
					"omitted":	false,
					"sender":	true
				}],
			"sum":	{
				"start":	36.001061,
				"end":	37.000994,
				"seconds":	0.99993300437927246,
				"bytes":	325800,
				"bits_per_second":	2606574.6290852483,
				"retransmits":	0,
				"omitted":	false,
				"sender":	true
			}
		}, {
			"streams":	[{
					"socket":	6,
					"start":	37.000994,
					"end":	38.001037,
					"seconds":	1.0000430345535278,
					"bytes":	0,
					"bits_per_second":	0,
					"retransmits":	0,
					"snd_cwnd":	5792,
					"snd_wnd":	265600,
					"rtt":	2049732,
					"rttvar":	160684,
					"pmtu":	1500,
					"omitted":	false,
					"sender":	true
				}],
			"sum":	{
				"start":	37.000994,
				"end":	38.001037,
				"seconds":	1.0000430345535278,
				"bytes":	0,
				"bits_per_second":	0,
				"retransmits":	0,
				"omitted":	false,
				"sender":	true
			}
		}, {
			"streams":	[{
					"socket":	6,
					"start":	38.001037,
					"end":	39.001036,
					"seconds":	0.99999898672103882,
					"bytes":	0,
					"bits_per_second":	0,
					"retransmits":	0,
					"snd_cwnd":	5792,
					"snd_wnd":	265600,
					"rtt":	2076539,
					"rttvar":	153354,
					"pmtu":	1500,
					"omitted":	false,
					"sender":	true
				}],
			"sum":	{
				"start":	38.001037,
				"end":	39.001036,
				"seconds":	0.99999898672103882,
				"bytes":	0,
				"bits_per_second":	0,
				"retransmits":	0,
				"omitted":	false,
				"sender":	true
			}
		}, {
			"streams":	[{
					"socket":	6,
					"start":	39.001036,
					"end":	40.001038,
					"seconds":	1.0000020265579224,
					"bytes":	0,
					"bits_per_second":	0,
					"retransmits":	0,
					"snd_cwnd":	5792,
					"snd_wnd":	265600,
					"rtt":	2347841,
					"rttvar":	126208,
					"pmtu":	1500,
					"omitted":	false,
					"sender":	true
				}],
			"sum":	{
				"start":	39.001036,
				"end":	40.001038,
				"seconds":	1.0000020265579224,
				"bytes":	0,
				"bits_per_second":	0,
				"retransmits":	0,
				"omitted":	false,
				"sender":	true
			}
		}, {
			"streams":	[{
					"socket":	6,
					"start":	40.001038,
					"end":	41.001037,
					"seconds":	0.99999898672103882,
					"bytes":	0,
					"bits_per_second":	0,
					"retransmits":	0,
					"snd_cwnd":	5792,
					"snd_wnd":	265600,
					"rtt":	2347841,
					"rttvar":	126208,
					"pmtu":	1500,
					"omitted":	false,
					"sender":	true
				}],
			"sum":	{
				"start":	40.001038,
				"end":	41.001037,
				"seconds":	0.99999898672103882,
				"bytes":	0,
				"bits_per_second":	0,
				"retransmits":	0,
				"omitted":	false,
				"sender":	true
			}
		}, {
			"streams":	[{
					"socket":	6,
					"start":	41.001037,
					"end":	42.001049,
					"seconds":	1.0000120401382446,
					"bytes":	0,
					"bits_per_second":	0,
					"retransmits":	0,
					"snd_cwnd":	98464,
					"snd_wnd":	265600,
					"rtt":	2257707,
					"rttvar":	132774,
					"pmtu":	1500,
					"omitted":	false,
					"sender":	true
				}],
			"sum":	{
				"start":	41.001037,
				"end":	42.001049,
				"seconds":	1.0000120401382446,
				"bytes":	0,
				"bits_per_second":	0,
				"retransmits":	0,
				"omitted":	false,
				"sender":	true
			}
		}, {
			"streams":	[{
					"socket":	6,
					"start":	42.001049,
					"end":	43.001048,
					"seconds":	0.99999898672103882,
					"bytes":	0,
					"bits_per_second":	0,
					"retransmits":	0,
					"snd_cwnd":	98464,
					"snd_wnd":	265600,
					"rtt":	2257707,
					"rttvar":	132774,
					"pmtu":	1500,
					"omitted":	false,
					"sender":	true
				}],
			"sum":	{
				"start":	42.001049,
				"end":	43.001048,
				"seconds":	0.99999898672103882,
				"bytes":	0,
				"bits_per_second":	0,
				"retransmits":	0,
				"omitted":	false,
				"sender":	true
			}
		}, {
			"streams":	[{
					"socket":	6,
					"start":	43.001048,
					"end":	44.001036,
					"seconds":	0.9999880194664,
					"bytes":	0,
					"bits_per_second":	0,
					"retransmits":	0,
					"snd_cwnd":	92672,
					"snd_wnd":	265600,
					"rtt":	1928349,
					"rttvar":	146427,
					"pmtu":	1500,
					"omitted":	false,
					"sender":	true
				}],
			"sum":	{
				"start":	43.001048,
				"end":	44.001036,
				"seconds":	0.9999880194664,
				"bytes":	0,
				"bits_per_second":	0,
				"retransmits":	0,
				"omitted":	false,
				"sender":	true
			}
		}, {
			"streams":	[{
					"socket":	6,
					"start":	44.001036,
					"end":	45.001048,
					"seconds":	1.0000120401382446,
					"bytes":	0,
					"bits_per_second":	0,
					"retransmits":	0,
					"snd_cwnd":	92672,
					"snd_wnd":	265600,
					"rtt":	2021345,
					"rttvar":	156778,
					"pmtu":	1500,
					"omitted":	false,
					"sender":	true
				}],
			"sum":	{
				"start":	44.001036,
				"end":	45.001048,
				"seconds":	1.0000120401382446,
				"bytes":	0,
				"bits_per_second":	0,
				"retransmits":	0,
				"omitted":	false,
				"sender":	true
			}
		}, {
			"streams":	[{
					"socket":	6,
					"start":	45.001048,
					"end":	46.001072,
					"seconds":	1.0000239610672,
					"bytes":	0,
					"bits_per_second":	0,
					"retransmits":	0,
					"snd_cwnd":	92672,
					"snd_wnd":	265600,
					"rtt":	2021345,
					"rttvar":	156778,
					"pmtu":	1500,
					"omitted":	false,
					"sender":	true
				}],
			"sum":	{
				"start":	45.001048,
				"end":	46.001072,
				"seconds":	1.0000239610672,
				"bytes":	0,
				"bits_per_second":	0,
				"retransmits":	0,
				"omitted":	false,
				"sender":	true
			}
		}, {
			"streams":	[{
					"socket":	6,
					"start":	46.001072,
					"end":	47.001302,
					"seconds":	1.0002299547195435,
					"bytes":	0,
					"bits_per_second":	0,
					"retransmits":	0,
					"snd_cwnd":	92672,
					"snd_wnd":	265600,
					"rtt":	2045137,
					"rttvar":	155195,
					"pmtu":	1500,
					"omitted":	false,
					"sender":	true
				}],
			"sum":	{
				"start":	46.001072,
				"end":	47.001302,
				"seconds":	1.0002299547195435,
				"bytes":	0,
				"bits_per_second":	0,
				"retransmits":	0,
				"omitted":	false,
				"sender":	true
			}
		}, {
			"streams":	[{
					"socket":	6,
					"start":	47.001302,
					"end":	48.001062,
					"seconds":	0.9997599720954895,
					"bytes":	0,
					"bits_per_second":	0,
					"retransmits":	0,
					"snd_cwnd":	92672,
					"snd_wnd":	265600,
					"rtt":	2062764,
					"rttvar":	154541,
					"pmtu":	1500,
					"omitted":	false,
					"sender":	true
				}],
			"sum":	{
				"start":	47.001302,
				"end":	48.001062,
				"seconds":	0.9997599720954895,
				"bytes":	0,
				"bits_per_second":	0,
				"retransmits":	0,
				"omitted":	false,
				"sender":	true
			}
		}, {
			"streams":	[{
					"socket":	6,
					"start":	48.001062,
					"end":	49.001059,
					"seconds":	0.99999701976776123,
					"bytes":	0,
					"bits_per_second":	0,
					"retransmits":	0,
					"snd_cwnd":	92672,
					"snd_wnd":	265600,
					"rtt":	2079318,
					"rttvar":	154418,
					"pmtu":	1500,
					"omitted":	false,
					"sender":	true
				}],
			"sum":	{
				"start":	48.001062,
				"end":	49.001059,
				"seconds":	0.99999701976776123,
				"bytes":	0,
				"bits_per_second":	0,
				"retransmits":	0,
				"omitted":	false,
				"sender":	true
			}
		}, {
			"streams":	[{
					"socket":	6,
					"start":	49.001059,
					"end":	50.001044,
					"seconds":	0.9999849796295166,
					"bytes":	0,
					"bits_per_second":	0,
					"retransmits":	0,
					"snd_cwnd":	92672,
					"snd_wnd":	265600,
					"rtt":	2046625,
					"rttvar":	161577,
					"pmtu":	1500,
					"omitted":	false,
					"sender":	true
				}],
			"sum":	{
				"start":	49.001059,
				"end":	50.001044,
				"seconds":	0.9999849796295166,
				"bytes":	0,
				"bits_per_second":	0,
				"retransmits":	0,
				"omitted":	false,
				"sender":	true
			}
		}, {
			"streams":	[{
					"socket":	6,
					"start":	50.001044,
					"end":	51.001058,
					"seconds":	1.0000139474868774,
					"bytes":	0,
					"bits_per_second":	0,
					"retransmits":	0,
					"snd_cwnd":	92672,
					"snd_wnd":	265600,
					"rtt":	2059390,
					"rttvar":	155142,
					"pmtu":	1500,
					"omitted":	false,
					"sender":	true
				}],
			"sum":	{
				"start":	50.001044,
				"end":	51.001058,
				"seconds":	1.0000139474868774,
				"bytes":	0,
				"bits_per_second":	0,
				"retransmits":	0,
				"omitted":	false,
				"sender":	true
			}
		}, {
			"streams":	[{
					"socket":	6,
					"start":	51.001058,
					"end":	52.000393,
					"seconds":	0.999334990978241,
					"bytes":	325800,
					"bits_per_second":	2608134.4329278576,
					"retransmits":	0,
					"snd_cwnd":	92672,
					"snd_wnd":	265600,
					"rtt":	2075662,
					"rttvar":	154361,
					"pmtu":	1500,
					"omitted":	false,
					"sender":	true
				}],
			"sum":	{
				"start":	51.001058,
				"end":	52.000393,
				"seconds":	0.999334990978241,
				"bytes":	325800,
				"bits_per_second":	2608134.4329278576,
				"retransmits":	0,
				"omitted":	false,
				"sender":	true
			}
		}, {
			"streams":	[{
					"socket":	6,
					"start":	52.000393,
					"end":	53.001058,
					"seconds":	1.0006649494171143,
					"bytes":	0,
					"bits_per_second":	0,
					"retransmits":	0,
					"snd_cwnd":	95568,
					"snd_wnd":	265600,
					"rtt":	2062168,
					"rttvar":	156937,
					"pmtu":	1500,
					"omitted":	false,
					"sender":	true
				}],
			"sum":	{
				"start":	52.000393,
				"end":	53.001058,
				"seconds":	1.0006649494171143,
				"bytes":	0,
				"bits_per_second":	0,
				"retransmits":	0,
				"omitted":	false,
				"sender":	true
			}
		}, {
			"streams":	[{
					"socket":	6,
					"start":	53.001058,
					"end":	54.001057,
					"seconds":	0.99999898672103882,
					"bytes":	0,
					"bits_per_second":	0,
					"retransmits":	0,
					"snd_cwnd":	5792,
					"snd_wnd":	265600,
					"rtt":	2057597,
					"rttvar":	155257,
					"pmtu":	1500,
					"omitted":	false,
					"sender":	true
				}],
			"sum":	{
				"start":	53.001058,
				"end":	54.001057,
				"seconds":	0.99999898672103882,
				"bytes":	0,
				"bits_per_second":	0,
				"retransmits":	0,
				"omitted":	false,
				"sender":	true
			}
		}, {
			"streams":	[{
					"socket":	6,
					"start":	54.001057,
					"end":	55.001042,
					"seconds":	0.9999849796295166,
					"bytes":	0,
					"bits_per_second":	0,
					"retransmits":	0,
					"snd_cwnd":	5792,
					"snd_wnd":	265600,
					"rtt":	2135246,
					"rttvar":	271740,
					"pmtu":	1500,
					"omitted":	false,
					"sender":	true
				}],
			"sum":	{
				"start":	54.001057,
				"end":	55.001042,
				"seconds":	0.9999849796295166,
				"bytes":	0,
				"bits_per_second":	0,
				"retransmits":	0,
				"omitted":	false,
				"sender":	true
			}
		}, {
			"streams":	[{
					"socket":	6,
					"start":	55.001042,
					"end":	56.001035,
					"seconds":	0.99999302625656128,
					"bytes":	0,
					"bits_per_second":	0,
					"retransmits":	0,
					"snd_cwnd":	5792,
					"snd_wnd":	265600,
					"rtt":	2031469,
					"rttvar":	154671,
					"pmtu":	1500,
					"omitted":	false,
					"sender":	true
				}],
			"sum":	{
				"start":	55.001042,
				"end":	56.001035,
				"seconds":	0.99999302625656128,
				"bytes":	0,
				"bits_per_second":	0,
				"retransmits":	0,
				"omitted":	false,
				"sender":	true
			}
		}, {
			"streams":	[{
					"socket":	6,
					"start":	56.001035,
					"end":	57.001034,
					"seconds":	0.99999898672103882,
					"bytes":	0,
					"bits_per_second":	0,
					"retransmits":	0,
					"snd_cwnd":	5792,
					"snd_wnd":	264960,
					"rtt":	2364793,
					"rttvar":	116395,
					"pmtu":	1500,
					"omitted":	false,
					"sender":	true
				}],
			"sum":	{
				"start":	56.001035,
				"end":	57.001034,
				"seconds":	0.99999898672103882,
				"bytes":	0,
				"bits_per_second":	0,
				"retransmits":	0,
				"omitted":	false,
				"sender":	true
			}
		}, {
			"streams":	[{
					"socket":	6,
					"start":	57.001034,
					"end":	58.001048,
					"seconds":	1.0000139474868774,
					"bytes":	0,
					"bits_per_second":	0,
					"retransmits":	0,
					"snd_cwnd":	5792,
					"snd_wnd":	264960,
					"rtt":	2364793,
					"rttvar":	116395,
					"pmtu":	1500,
					"omitted":	false,
					"sender":	true
				}],
			"sum":	{
				"start":	57.001034,
				"end":	58.001048,
				"seconds":	1.0000139474868774,
				"bytes":	0,
				"bits_per_second":	0,
				"retransmits":	0,
				"omitted":	false,
				"sender":	true
			}
		}, {
			"streams":	[{
					"socket":	6,
					"start":	58.001048,
					"end":	59.001263,
					"seconds":	1.0002150535583496,
					"bytes":	0,
					"bits_per_second":	0,
					"retransmits":	0,
					"snd_cwnd":	101360,
					"snd_wnd":	265600,
					"rtt":	2269488,
					"rttvar":	125344,
					"pmtu":	1500,
					"omitted":	false,
					"sender":	true
				}],
			"sum":	{
				"start":	58.001048,
				"end":	59.001263,
				"seconds":	1.0002150535583496,
				"bytes":	0,
				"bits_per_second":	0,
				"retransmits":	0,
				"omitted":	false,
				"sender":	true
			}
		}, {
			"streams":	[{
					"socket":	6,
					"start":	59.001263,
					"end":	60.001051,
					"seconds":	0.999787986278534,
					"bytes":	0,
					"bits_per_second":	0,
					"retransmits":	0,
					"snd_cwnd":	101360,
					"snd_wnd":	265600,
					"rtt":	2269488,
					"rttvar":	125344,
					"pmtu":	1500,
					"omitted":	false,
					"sender":	true
				}],
			"sum":	{
				"start":	59.001263,
				"end":	60.001051,
				"seconds":	0.999787986278534,
				"bytes":	0,
				"bits_per_second":	0,
				"retransmits":	0,
				"omitted":	false,
				"sender":	true
			}
		}],
	"end":	{
		"streams":	[{
				"sender":	{
					"socket":	6,
					"start":	0,
					"end":	60.001051,
					"seconds":	60.001051,
					"bytes":	2615088,
					"bits_per_second":	348672.29242367775,
					"retransmits":	0,
					"max_snd_cwnd":	101360,
					"max_snd_wnd":	265600,
					"max_rtt":	2364793,
					"min_rtt":	114726,
					"mean_rtt":	1650073,
					"sender":	true
				},
				"receiver":	{
					"socket":	6,
					"start":	0,
					"end":	61.681506,
					"seconds":	60.001051,
					"bytes":	1915704,
					"bits_per_second":	248463.97232908031,
					"sender":	true
				}
			}],
		"sum_sent":	{
			"start":	0,
			"end":	60.001051,
			"seconds":	60.001051,
			"bytes":	2615088,
			"bits_per_second":	348672.29242367775,
			"retransmits":	0,
			"sender":	true
		},
		"sum_received":	{
			"start":	0,
			"end":	61.681506,
			"seconds":	61.681506,
			"bytes":	1915704,
			"bits_per_second":	248463.97232908031,
			"sender":	true
		},
		"cpu_utilization_percent":	{
			"host_total":	0.021060956425310969,
			"host_user":	0.0030786780156600753,
			"host_system":	0.017980612458343721,
			"remote_total":	0.04040432469266806,
			"remote_user":	0.010730929505688543,
			"remote_system":	0.029671773955750373
		},
		"sender_tcp_congestion":	"bbr",
		"receiver_tcp_congestion":	"bbr"
	}
}
