{
	"start":	{
		"connected":	[{
				"socket":	6,
				"local_host":	"192.168.101.210",
				"local_port":	52826,
				"remote_host":	"192.168.100.168",
				"remote_port":	5201
			}],
		"version":	"iperf 3.11",
		"system_info":	"Linux f1 6.0.10-300.fc37.x86_64 #1 SMP PREEMPT_DYNAMIC Sat Nov 26 16:55:13 UTC 2022 x86_64",
		"timestamp":	{
			"time":	"Sat, 10 Dec 2022 20:29:57 GMT",
			"timesecs":	1670704197
		},
		"connecting_to":	{
			"host":	"192.168.100.168",
			"port":	5201
		},
		"cookie":	"jud4digwvafuwvexo45v4rz3ssfa4hgojagc",
		"tcp_mss_default":	1448,
		"target_bitrate":	0,
		"sock_bufsize":	0,
		"sndbuf_actual":	16384,
		"rcvbuf_actual":	131072,
		"test_start":	{
			"protocol":	"TCP",
			"num_streams":	1,
			"blksize":	131072,
			"omit":	0,
			"duration":	60,
			"bytes":	0,
			"blocks":	0,
			"reverse":	0,
			"tos":	0,
			"target_bitrate":	0
		}
	},
	"intervals":	[{
			"streams":	[{
					"socket":	6,
					"start":	0,
					"end":	1.000075,
					"seconds":	1.0000749826431274,
					"bytes":	96206848,
					"bits_per_second":	769597077.57698,
					"retransmits":	0,
					"snd_cwnd":	3297096,
					"snd_wnd":	3141248,
					"rtt":	26732,
					"rttvar":	634,
					"pmtu":	1500,
					"omitted":	false,
					"sender":	true
				}],
			"sum":	{
				"start":	0,
				"end":	1.000075,
				"seconds":	1.0000749826431274,
				"bytes":	96206848,
				"bits_per_second":	769597077.57698,
				"retransmits":	0,
				"omitted":	false,
				"sender":	true
			}
		}, {
			"streams":	[{
					"socket":	6,
					"start":	1.000075,
					"end":	2.000074,
					"seconds":	0.99999898672103882,
					"bytes":	117964800,
					"bits_per_second":	943719356.250969,
					"retransmits":	0,
					"snd_cwnd":	3297096,
					"snd_wnd":	3141248,
					"rtt":	25417,
					"rttvar":	325,
					"pmtu":	1500,
					"omitted":	false,
					"sender":	true
				}],
			"sum":	{
				"start":	1.000075,
				"end":	2.000074,
				"seconds":	0.99999898672103882,
				"bytes":	117964800,
				"bits_per_second":	943719356.250969,
				"retransmits":	0,
				"omitted":	false,
				"sender":	true
			}
		}, {
			"streams":	[{
					"socket":	6,
					"start":	2.000074,
					"end":	3.000078,
					"seconds":	1.0000040531158447,
					"bytes":	117964800,
					"bits_per_second":	943714575.015503,
					"retransmits":	0,
					"snd_cwnd":	3297096,
					"snd_wnd":	3141376,
					"rtt":	25184,
					"rttvar":	308,
					"pmtu":	1500,
					"omitted":	false,
					"sender":	true
				}],
			"sum":	{
				"start":	2.000074,
				"end":	3.000078,
				"seconds":	1.0000040531158447,
				"bytes":	117964800,
				"bits_per_second":	943714575.015503,
				"retransmits":	0,
				"omitted":	false,
				"sender":	true
			}
		}, {
			"streams":	[{
					"socket":	6,
					"start":	3.000078,
					"end":	4.000082,
					"seconds":	1.0000040531158447,
					"bytes":	117964800,
					"bits_per_second":	943714575.015503,
					"retransmits":	0,
					"snd_cwnd":	3297096,
					"snd_wnd":	3141376,
					"rtt":	25802,
					"rttvar":	764,
					"pmtu":	1500,
					"omitted":	false,
					"sender":	true
				}],
			"sum":	{
				"start":	3.000078,
				"end":	4.000082,
				"seconds":	1.0000040531158447,
				"bytes":	117964800,
				"bits_per_second":	943714575.015503,
				"retransmits":	0,
				"omitted":	false,
				"sender":	true
			}
		}, {
			"streams":	[{
					"socket":	6,
					"start":	4.000082,
					"end":	5.000101,
					"seconds":	1.0000189542770386,
					"bytes":	117964800,
					"bits_per_second":	943700512.83903825,
					"retransmits":	0,
					"snd_cwnd":	3297096,
					"snd_wnd":	3141376,
					"rtt":	26096,
					"rttvar":	554,
					"pmtu":	1500,
					"omitted":	false,
					"sender":	true
				}],
			"sum":	{
				"start":	4.000082,
				"end":	5.000101,
				"seconds":	1.0000189542770386,
				"bytes":	117964800,
				"bits_per_second":	943700512.83903825,
				"retransmits":	0,
				"omitted":	false,
				"sender":	true
			}
		}, {
			"streams":	[{
					"socket":	6,
					"start":	5.000101,
					"end":	6.0001,
					"seconds":	0.99999898672103882,
					"bytes":	119275520,
					"bits_per_second":	954205126.87597966,
					"retransmits":	0,
					"snd_cwnd":	3297096,
					"snd_wnd":	3141376,
					"rtt":	26276,
					"rttvar":	318,
					"pmtu":	1500,
					"omitted":	false,
					"sender":	true
				}],
			"sum":	{
				"start":	5.000101,
				"end":	6.0001,
				"seconds":	0.99999898672103882,
				"bytes":	119275520,
				"bits_per_second":	954205126.87597966,
				"retransmits":	0,
				"omitted":	false,
				"sender":	true
			}
		}, {
			"streams":	[{
					"socket":	6,
					"start":	6.0001,
					"end":	7.000073,
					"seconds":	0.99997299909591675,
					"bytes":	117964800,
					"bits_per_second":	943743881.93803537,
					"retransmits":	0,
					"snd_cwnd":	3297096,
					"snd_wnd":	3141376,
					"rtt":	25243,
					"rttvar":	320,
					"pmtu":	1500,
					"omitted":	false,
					"sender":	true
				}],
			"sum":	{
				"start":	6.0001,
				"end":	7.000073,
				"seconds":	0.99997299909591675,
				"bytes":	117964800,
				"bits_per_second":	943743881.93803537,
				"retransmits":	0,
				"omitted":	false,
				"sender":	true
			}
		}, {
			"streams":	[{
					"socket":	6,
					"start":	7.000073,
					"end":	8.000071,
					"seconds":	0.99999797344207764,
					"bytes":	117964800,
					"bits_per_second":	943720312.503876,
					"retransmits":	0,
					"snd_cwnd":	3297096,
					"snd_wnd":	3141376,
					"rtt":	25539,
					"rttvar":	544,
					"pmtu":	1500,
					"omitted":	false,
					"sender":	true
				}],
			"sum":	{
				"start":	7.000073,
				"end":	8.000071,
				"seconds":	0.99999797344207764,
				"bytes":	117964800,
				"bits_per_second":	943720312.503876,
				"retransmits":	0,
				"omitted":	false,
				"sender":	true
			}
		}, {
			"streams":	[{
					"socket":	6,
					"start":	8.000071,
					"end":	9.000073,
					"seconds":	1.0000020265579224,
					"bytes":	117964800,
					"bits_per_second":	943716487.50387573,
					"retransmits":	0,
					"snd_cwnd":	3297096,
					"snd_wnd":	3141376,
					"rtt":	25763,
					"rttvar":	360,
					"pmtu":	1500,
					"omitted":	false,
					"sender":	true
				}],
			"sum":	{
				"start":	8.000071,
				"end":	9.000073,
				"seconds":	1.0000020265579224,
				"bytes":	117964800,
				"bits_per_second":	943716487.50387573,
				"retransmits":	0,
				"omitted":	false,
				"sender":	true
			}
		}, {
			"streams":	[{
					"socket":	6,
					"start":	9.000073,
					"end":	10.000072,
					"seconds":	0.99999898672103882,
					"bytes":	119275520,
					"bits_per_second":	954205126.87597966,
					"retransmits":	0,
					"snd_cwnd":	3297096,
					"snd_wnd":	3141376,
					"rtt":	25862,
					"rttvar":	192,
					"pmtu":	1500,
					"omitted":	false,
					"sender":	true
				}],
			"sum":	{
				"start":	9.000073,
				"end":	10.000072,
				"seconds":	0.99999898672103882,
				"bytes":	119275520,
				"bits_per_second":	954205126.87597966,
				"retransmits":	0,
				"omitted":	false,
				"sender":	true
			}
		}, {
			"streams":	[{
					"socket":	6,
					"start":	10.000072,
					"end":	11.000072,
					"seconds":	1,
					"bytes":	116654080,
					"bits_per_second":	933232640,
					"retransmits":	0,
					"snd_cwnd":	3297096,
					"snd_wnd":	3141376,
					"rtt":	26084,
					"rttvar":	321,
					"pmtu":	1500,
					"omitted":	false,
					"sender":	true
				}],
			"sum":	{
				"start":	10.000072,
				"end":	11.000072,
				"seconds":	1,
				"bytes":	116654080,
				"bits_per_second":	933232640,
				"retransmits":	0,
				"omitted":	false,
				"sender":	true
			}
		}, {
			"streams":	[{
					"socket":	6,
					"start":	11.000072,
					"end":	12.000074,
					"seconds":	1.0000020265579224,
					"bytes":	110100480,
					"bits_per_second":	880802055.00361741,
					"retransmits":	0,
					"snd_cwnd":	3297096,
					"snd_wnd":	3141376,
					"rtt":	28714,
					"rttvar":	414,
					"pmtu":	1500,
					"omitted":	false,
					"sender":	true
				}],
			"sum":	{
				"start":	11.000072,
				"end":	12.000074,
				"seconds":	1.0000020265579224,
				"bytes":	110100480,
				"bits_per_second":	880802055.00361741,
				"retransmits":	0,
				"omitted":	false,
				"sender":	true
			}
		}, {
			"streams":	[{
					"socket":	6,
					"start":	12.000074,
					"end":	13.000082,
					"seconds":	1.0000079870224,
					"bytes":	96993280,
					"bits_per_second":	775940042.549499,
					"retransmits":	0,
					"snd_cwnd":	3297096,
					"snd_wnd":	3141376,
					"rtt":	34613,
					"rttvar":	348,
					"pmtu":	1500,
					"omitted":	false,
					"sender":	true
				}],
			"sum":	{
				"start":	12.000074,
				"end":	13.000082,
				"seconds":	1.0000079870224,
				"bytes":	96993280,
				"bits_per_second":	775940042.549499,
				"retransmits":	0,
				"omitted":	false,
				"sender":	true
			}
		}, {
			"streams":	[{
					"socket":	6,
					"start":	13.000082,
					"end":	14.000076,
					"seconds":	0.99999397993087769,
					"bytes":	74711040,
					"bits_per_second":	597691918.146661,
					"retransmits":	0,
					"snd_cwnd":	3297096,
					"snd_wnd":	3141376,
					"rtt":	49174,
					"rttvar":	785,
					"pmtu":	1500,
					"omitted":	false,
					"sender":	true
				}],
			"sum":	{
				"start":	13.000082,
				"end":	14.000076,
				"seconds":	0.99999397993087769,
				"bytes":	74711040,
				"bits_per_second":	597691918.146661,
				"retransmits":	0,
				"omitted":	false,
				"sender":	true
			}
		}, {
			"streams":	[{
					"socket":	6,
					"start":	14.000076,
					"end":	15.000082,
					"seconds":	1.0000059604644775,
					"bytes":	62914560,
					"bits_per_second":	503313480.01788127,
					"retransmits":	0,
					"snd_cwnd":	3297096,
					"snd_wnd":	3143552,
					"rtt":	48887,
					"rttvar":	1225,
					"pmtu":	1500,
					"omitted":	false,
					"sender":	true
				}],
			"sum":	{
				"start":	14.000076,
				"end":	15.000082,
				"seconds":	1.0000059604644775,
				"bytes":	62914560,
				"bits_per_second":	503313480.01788127,
				"retransmits":	0,
				"omitted":	false,
				"sender":	true
			}
		}, {
			"streams":	[{
					"socket":	6,
					"start":	15.000082,
					"end":	16.000082,
					"seconds":	1,
					"bytes":	62914560,
					"bits_per_second":	503316480,
					"retransmits":	0,
					"snd_cwnd":	3297096,
					"snd_wnd":	3143552,
					"rtt":	49077,
					"rttvar":	489,
					"pmtu":	1500,
					"omitted":	false,
					"sender":	true
				}],
			"sum":	{
				"start":	15.000082,
				"end":	16.000082,
				"seconds":	1,
				"bytes":	62914560,
				"bits_per_second":	503316480,
				"retransmits":	0,
				"omitted":	false,
				"sender":	true
			}
		}, {
			"streams":	[{
					"socket":	6,
					"start":	16.000082,
					"end":	17.000073,
					"seconds":	0.999990999698639,
					"bytes":	64225280,
					"bits_per_second":	513806864.41662115,
					"retransmits":	0,
					"snd_cwnd":	3297096,
					"snd_wnd":	3143552,
					"rtt":	48490,
					"rttvar":	378,
					"pmtu":	1500,
					"omitted":	false,
					"sender":	true
				}],
			"sum":	{
				"start":	16.000082,
				"end":	17.000073,
				"seconds":	0.999990999698639,
				"bytes":	64225280,
				"bits_per_second":	513806864.41662115,
				"retransmits":	0,
				"omitted":	false,
				"sender":	true
			}
		}, {
			"streams":	[{
					"socket":	6,
					"start":	17.000073,
					"end":	18.000102,
					"seconds":	1.0000289678573608,
					"bytes":	62914560,
					"bits_per_second":	503301900.42233914,
					"retransmits":	0,
					"snd_cwnd":	3297096,
					"snd_wnd":	3143552,
					"rtt":	49364,
					"rttvar":	297,
					"pmtu":	1500,
					"omitted":	false,
					"sender":	true
				}],
			"sum":	{
				"start":	17.000073,
				"end":	18.000102,
				"seconds":	1.0000289678573608,
				"bytes":	62914560,
				"bits_per_second":	503301900.42233914,
				"retransmits":	0,
				"omitted":	false,
				"sender":	true
			}
		}, {
			"streams":	[{
					"socket":	6,
					"start":	18.000102,
					"end":	19.000101,
					"seconds":	0.99999898672103882,
					"bytes":	61603840,
					"bits_per_second":	492831219.375506,
					"retransmits":	0,
					"snd_cwnd":	3297096,
					"snd_wnd":	3143552,
					"rtt":	49960,
					"rttvar":	495,
					"pmtu":	1500,
					"omitted":	false,
					"sender":	true
				}],
			"sum":	{
				"start":	18.000102,
				"end":	19.000101,
				"seconds":	0.99999898672103882,
				"bytes":	61603840,
				"bits_per_second":	492831219.375506,
				"retransmits":	0,
				"omitted":	false,
				"sender":	true
			}
		}, {
			"streams":	[{
					"socket":	6,
					"start":	19.000101,
					"end":	20.000075,
					"seconds":	0.999974012374878,
					"bytes":	62914560,
					"bits_per_second":	503329560.339927,
					"retransmits":	0,
					"snd_cwnd":	3297096,
					"snd_wnd":	3143552,
					"rtt":	47126,
					"rttvar":	553,
					"pmtu":	1500,
					"omitted":	false,
					"sender":	true
				}],
			"sum":	{
				"start":	19.000101,
				"end":	20.000075,
				"seconds":	0.999974012374878,
				"bytes":	62914560,
				"bits_per_second":	503329560.339927,
				"retransmits":	0,
				"omitted":	false,
				"sender":	true
			}
		}, {
			"streams":	[{
					"socket":	6,
					"start":	20.000075,
					"end":	21.000101,
					"seconds":	1.0000259876251221,
					"bytes":	77332480,
					"bits_per_second":	618643762.91780519,
					"retransmits":	0,
					"snd_cwnd":	3297096,
					"snd_wnd":	3143552,
					"rtt":	48383,
					"rttvar":	416,
					"pmtu":	1500,
					"omitted":	false,
					"sender":	true
				}],
			"sum":	{
				"start":	20.000075,
				"end":	21.000101,
				"seconds":	1.0000259876251221,
				"bytes":	77332480,
				"bits_per_second":	618643762.91780519,
				"retransmits":	0,
				"omitted":	false,
				"sender":	true
			}
		}, {
			"streams":	[{
					"socket":	6,
					"start":	21.000101,
					"end":	22.000083,
					"seconds":	0.99998199939727783,
					"bytes":	62914560,
					"bits_per_second":	503325540.16308838,
					"retransmits":	0,
					"snd_cwnd":	3297096,
					"snd_wnd":	3143552,
					"rtt":	48670,
					"rttvar":	773,
					"pmtu":	1500,
					"omitted":	false,
					"sender":	true
				}],
			"sum":	{
				"start":	21.000101,
				"end":	22.000083,
				"seconds":	0.99998199939727783,
				"bytes":	62914560,
				"bits_per_second":	503325540.16308838,
				"retransmits":	0,
				"omitted":	false,
				"sender":	true
			}
		}, {
			"streams":	[{
					"socket":	6,
					"start":	22.000083,
					"end":	23.000081,
					"seconds":	0.99999797344207764,
					"bytes":	62914560,
					"bits_per_second":	503317500.002067,
					"retransmits":	0,
					"snd_cwnd":	3297096,
					"snd_wnd":	3143552,
					"rtt":	48785,
					"rttvar":	822,
					"pmtu":	1500,
					"omitted":	false,
					"sender":	true
				}],
			"sum":	{
				"start":	22.000083,
				"end":	23.000081,
				"seconds":	0.99999797344207764,
				"bytes":	62914560,
				"bits_per_second":	503317500.002067,
				"retransmits":	0,
				"omitted":	false,
				"sender":	true
			}
		}, {
			"streams":	[{
					"socket":	6,
					"start":	23.000081,
					"end":	24.000087,
					"seconds":	1.0000059604644775,
					"bytes":	62914560,
					"bits_per_second":	503313480.01788127,
					"retransmits":	0,
					"snd_cwnd":	3297096,
					"snd_wnd":	3143552,
					"rtt":	49265,
					"rttvar":	803,
					"pmtu":	1500,
					"omitted":	false,
					"sender":	true
				}],
			"sum":	{
				"start":	23.000081,
				"end":	24.000087,
				"seconds":	1.0000059604644775,
				"bytes":	62914560,
				"bits_per_second":	503313480.01788127,
				"retransmits":	0,
				"omitted":	false,
				"sender":	true
			}
		}, {
			"streams":	[{
					"socket":	6,
					"start":	24.000087,
					"end":	25.000084,
					"seconds":	0.99999701976776123,
					"bytes":	62914560,
					"bits_per_second":	503317980.00447035,
					"retransmits":	0,
					"snd_cwnd":	3297096,
					"snd_wnd":	3143552,
					"rtt":	49350,
					"rttvar":	584,
					"pmtu":	1500,
					"omitted":	false,
					"sender":	true
				}],
			"sum":	{
				"start":	24.000087,
				"end":	25.000084,
				"seconds":	0.99999701976776123,
				"bytes":	62914560,
				"bits_per_second":	503317980.00447035,
				"retransmits":	0,
				"omitted":	false,
				"sender":	true
			}
		}, {
			"streams":	[{
					"socket":	6,
					"start":	25.000084,
					"end":	26.000069,
					"seconds":	0.9999849796295166,
					"bytes":	62914560,
					"bits_per_second":	503324040.11355573,
					"retransmits":	0,
					"snd_cwnd":	3297096,
					"snd_wnd":	3143552,
					"rtt":	50595,
					"rttvar":	1047,
					"pmtu":	1500,
					"omitted":	false,
					"sender":	true
				}],
			"sum":	{
				"start":	25.000084,
				"end":	26.000069,
				"seconds":	0.9999849796295166,
				"bytes":	62914560,
				"bits_per_second":	503324040.11355573,
				"retransmits":	0,
				"omitted":	false,
				"sender":	true
			}
		}, {
			"streams":	[{
					"socket":	6,
					"start":	26.000069,
					"end":	27.000071,
					"seconds":	1.0000020265579224,
					"bytes":	62914560,
					"bits_per_second":	503315460.002067,
					"retransmits":	0,
					"snd_cwnd":	3297096,
					"snd_wnd":	3143552,
					"rtt":	48712,
					"rttvar":	647,
					"pmtu":	1500,
					"omitted":	false,
					"sender":	true
				}],
			"sum":	{
				"start":	26.000069,
				"end":	27.000071,
				"seconds":	1.0000020265579224,
				"bytes":	62914560,
				"bits_per_second":	503315460.002067,
				"retransmits":	0,
				"omitted":	false,
				"sender":	true
			}
		}, {
			"streams":	[{
					"socket":	6,
					"start":	27.000071,
					"end":	28.000143,
					"seconds":	1.0000720024108887,
					"bytes":	62914560,
					"bits_per_second":	503280242.6091795,
					"retransmits":	0,
					"snd_cwnd":	3297096,
					"snd_wnd":	3143552,
					"rtt":	49033,
					"rttvar":	372,
					"pmtu":	1500,
					"omitted":	false,
					"sender":	true
				}],
			"sum":	{
				"start":	27.000071,
				"end":	28.000143,
				"seconds":	1.0000720024108887,
				"bytes":	62914560,
				"bits_per_second":	503280242.6091795,
				"retransmits":	0,
				"omitted":	false,
				"sender":	true
			}
		}, {
			"streams":	[{
					"socket":	6,
					"start":	28.000143,
					"end":	29.000083,
					"seconds":	0.99993997812271118,
					"bytes":	62914560,
					"bits_per_second":	503346691.81336975,
					"retransmits":	0,
					"snd_cwnd":	3297096,
					"snd_wnd":	3143552,
					"rtt":	49255,
					"rttvar":	663,
					"pmtu":	1500,
					"omitted":	false,
					"sender":	true
				}],
			"sum":	{
				"start":	28.000143,
				"end":	29.000083,
				"seconds":	0.99993997812271118,
				"bytes":	62914560,
				"bits_per_second":	503346691.81336975,
				"retransmits":	0,
				"omitted":	false,
				"sender":	true
			}
		}, {
			"streams":	[{
					"socket":	6,
					"start":	29.000083,
					"end":	30.00007,
					"seconds":	0.999987006187439,
					"bytes":	62914560,
					"bits_per_second":	503323020.08498067,
					"retransmits":	0,
					"snd_cwnd":	3297096,
					"snd_wnd":	3143552,
					"rtt":	49672,
					"rttvar":	1023,
					"pmtu":	1500,
					"omitted":	false,
					"sender":	true
				}],
			"sum":	{
				"start":	29.000083,
				"end":	30.00007,
				"seconds":	0.999987006187439,
				"bytes":	62914560,
				"bits_per_second":	503323020.08498067,
				"retransmits":	0,
				"omitted":	false,
				"sender":	true
			}
		}, {
			"streams":	[{
					"socket":	6,
					"start":	30.00007,
					"end":	31.000075,
					"seconds":	1.0000050067901611,
					"bytes":	77332480,
					"bits_per_second":	618656742.51550841,
					"retransmits":	0,
					"snd_cwnd":	3297096,
					"snd_wnd":	3143552,
					"rtt":	46852,
					"rttvar":	392,
					"pmtu":	1500,
					"omitted":	false,
					"sender":	true
				}],
			"sum":	{
				"start":	30.00007,
				"end":	31.000075,
				"seconds":	1.0000050067901611,
				"bytes":	77332480,
				"bits_per_second":	618656742.51550841,
				"retransmits":	0,
				"omitted":	false,
				"sender":	true
			}
		}, {
			"streams":	[{
					"socket":	6,
					"start":	31.000075,
					"end":	32.000086,
					"seconds":	1.0000109672546387,
					"bytes":	62914560,
					"bits_per_second":	503310960.06053859,
					"retransmits":	0,
					"snd_cwnd":	3297096,
					"snd_wnd":	3143552,
					"rtt":	48652,
					"rttvar":	278,
					"pmtu":	1500,
					"omitted":	false,
					"sender":	true
				}],
			"sum":	{
				"start":	31.000075,
				"end":	32.000086,
				"seconds":	1.0000109672546387,
				"bytes":	62914560,
				"bits_per_second":	503310960.06053859,
				"retransmits":	0,
				"omitted":	false,
				"sender":	true
			}
		}, {
			"streams":	[{
					"socket":	6,
					"start":	32.000086,
					"end":	33.000085,
					"seconds":	0.99999898672103882,
					"bytes":	62914560,
					"bits_per_second":	503316990.00051677,
					"retransmits":	0,
					"snd_cwnd":	3297096,
					"snd_wnd":	3143552,
					"rtt":	49620,
					"rttvar":	597,
					"pmtu":	1500,
					"omitted":	false,
					"sender":	true
				}],
			"sum":	{
				"start":	32.000086,
				"end":	33.000085,
				"seconds":	0.99999898672103882,
				"bytes":	62914560,
				"bits_per_second":	503316990.00051677,
				"retransmits":	0,
				"omitted":	false,
				"sender":	true
			}
		}, {
			"streams":	[{
					"socket":	6,
					"start":	33.000085,
					"end":	34.000075,
					"seconds":	0.99998998641967773,
					"bytes":	61603840,
					"bits_per_second":	492835655.0494175,
					"retransmits":	0,
					"snd_cwnd":	3297096,
					"snd_wnd":	3143552,
					"rtt":	49218,
					"rttvar":	884,
					"pmtu":	1500,
					"omitted":	false,
					"sender":	true
				}],
			"sum":	{
				"start":	33.000085,
				"end":	34.000075,
				"seconds":	0.99998998641967773,
				"bytes":	61603840,
				"bits_per_second":	492835655.0494175,
				"retransmits":	0,
				"omitted":	false,
				"sender":	true
			}
		}, {
			"streams":	[{
					"socket":	6,
					"start":	34.000075,
					"end":	35.000081,
					"seconds":	1.0000059604644775,
					"bytes":	62914560,
					"bits_per_second":	503313480.01788127,
					"retransmits":	0,
					"snd_cwnd":	3297096,
					"snd_wnd":	3143552,
					"rtt":	47776,
					"rttvar":	370,
					"pmtu":	1500,
					"omitted":	false,
					"sender":	true
				}],
			"sum":	{
				"start":	34.000075,
				"end":	35.000081,
				"seconds":	1.0000059604644775,
				"bytes":	62914560,
				"bits_per_second":	503313480.01788127,
				"retransmits":	0,
				"omitted":	false,
				"sender":	true
			}
		}, {
			"streams":	[{
					"socket":	6,
					"start":	35.000081,
					"end":	36.000083,
					"seconds":	1.0000020265579224,
					"bytes":	62914560,
					"bits_per_second":	503315460.002067,
					"retransmits":	0,
					"snd_cwnd":	3297096,
					"snd_wnd":	3143552,
					"rtt":	46466,
					"rttvar":	343,
					"pmtu":	1500,
					"omitted":	false,
					"sender":	true
				}],
			"sum":	{
				"start":	35.000081,
				"end":	36.000083,
				"seconds":	1.0000020265579224,
				"bytes":	62914560,
				"bits_per_second":	503315460.002067,
				"retransmits":	0,
				"omitted":	false,
				"sender":	true
			}
		}, {
			"streams":	[{
					"socket":	6,
					"start":	36.000083,
					"end":	37.000076,
					"seconds":	0.99999302625656128,
					"bytes":	62914560,
					"bits_per_second":	503319990.024478,
					"retransmits":	0,
					"snd_cwnd":	3297096,
					"snd_wnd":	3143552,
					"rtt":	48837,
					"rttvar":	1090,
					"pmtu":	1500,
					"omitted":	false,
					"sender":	true
				}],
			"sum":	{
				"start":	36.000083,
				"end":	37.000076,
				"seconds":	0.99999302625656128,
				"bytes":	62914560,
				"bits_per_second":	503319990.024478,
				"retransmits":	0,
				"omitted":	false,
				"sender":	true
			}
		}, {
			"streams":	[{
					"socket":	6,
					"start":	37.000076,
					"end":	38.000077,
					"seconds":	1.0000009536743164,
					"bytes":	62914560,
					"bits_per_second":	503316000.00045776,
					"retransmits":	0,
					"snd_cwnd":	3297096,
					"snd_wnd":	3143552,
					"rtt":	49850,
					"rttvar":	549,
					"pmtu":	1500,
					"omitted":	false,
					"sender":	true
				}],
			"sum":	{
				"start":	37.000076,
				"end":	38.000077,
				"seconds":	1.0000009536743164,
				"bytes":	62914560,
				"bits_per_second":	503316000.00045776,
				"retransmits":	0,
				"omitted":	false,
				"sender":	true
			}
		}, {
			"streams":	[{
					"socket":	6,
					"start":	38.000077,
					"end":	39.000083,
					"seconds":	1.0000059604644775,
					"bytes":	62914560,
					"bits_per_second":	503313480.01788127,
					"retransmits":	0,
					"snd_cwnd":	3297096,
					"snd_wnd":	3143552,
					"rtt":	49269,
					"rttvar":	835,
					"pmtu":	1500,
					"omitted":	false,
					"sender":	true
				}],
			"sum":	{
				"start":	38.000077,
				"end":	39.000083,
				"seconds":	1.0000059604644775,
				"bytes":	62914560,
				"bits_per_second":	503313480.01788127,
				"retransmits":	0,
				"omitted":	false,
				"sender":	true
			}
		}, {
			"streams":	[{
					"socket":	6,
					"start":	39.000083,
					"end":	40.000081,
					"seconds":	0.99999797344207764,
					"bytes":	62914560,
					"bits_per_second":	503317500.002067,
					"retransmits":	0,
					"snd_cwnd":	3297096,
					"snd_wnd":	3143552,
					"rtt":	49770,
					"rttvar":	634,
					"pmtu":	1500,
					"omitted":	false,
					"sender":	true
				}],
			"sum":	{
				"start":	39.000083,
				"end":	40.000081,
				"seconds":	0.99999797344207764,
				"bytes":	62914560,
				"bits_per_second":	503317500.002067,
				"retransmits":	0,
				"omitted":	false,
				"sender":	true
			}
		}, {
			"streams":	[{
					"socket":	6,
					"start":	40.000081,
					"end":	41.000139,
					"seconds":	1.0000580549240112,
					"bytes":	74711040,
					"bits_per_second":	597653623.26431632,
					"retransmits":	0,
					"snd_cwnd":	3297096,
					"snd_wnd":	3143552,
					"rtt":	25471,
					"rttvar":	447,
					"pmtu":	1500,
					"omitted":	false,
					"sender":	true
				}],
			"sum":	{
				"start":	40.000081,
				"end":	41.000139,
				"seconds":	1.0000580549240112,
				"bytes":	74711040,
				"bits_per_second":	597653623.26431632,
				"retransmits":	0,
				"omitted":	false,
				"sender":	true
			}
		}, {
			"streams":	[{
					"socket":	6,
					"start":	41.000139,
					"end":	42.00014,
					"seconds":	1.0000009536743164,
					"bytes":	64225280,
					"bits_per_second":	513801750.0004673,
					"retransmits":	0,
					"snd_cwnd":	3297096,
					"snd_wnd":	3143552,
					"rtt":	48960,
					"rttvar":	413,
					"pmtu":	1500,
					"omitted":	false,
					"sender":	true
				}],
			"sum":	{
				"start":	41.000139,
				"end":	42.00014,
				"seconds":	1.0000009536743164,
				"bytes":	64225280,
				"bits_per_second":	513801750.0004673,
				"retransmits":	0,
				"omitted":	false,
				"sender":	true
			}
		}, {
			"streams":	[{
					"socket":	6,
					"start":	42.00014,
					"end":	43.000086,
					"seconds":	0.9999459981918335,
					"bytes":	62914560,
					"bits_per_second":	503343661.46784842,
					"retransmits":	0,
					"snd_cwnd":	3297096,
					"snd_wnd":	3143552,
					"rtt":	49133,
					"rttvar":	580,
					"pmtu":	1500,
					"omitted":	false,
					"sender":	true
				}],
			"sum":	{
				"start":	42.00014,
				"end":	43.000086,
				"seconds":	0.9999459981918335,
				"bytes":	62914560,
				"bits_per_second":	503343661.46784842,
				"retransmits":	0,
				"omitted":	false,
				"sender":	true
			}
		}, {
			"streams":	[{
					"socket":	6,
					"start":	43.000086,
					"end":	44.000084,
					"seconds":	0.99999797344207764,
					"bytes":	62914560,
					"bits_per_second":	503317500.002067,
					"retransmits":	0,
					"snd_cwnd":	3297096,
					"snd_wnd":	3143552,
					"rtt":	49180,
					"rttvar":	653,
					"pmtu":	1500,
					"omitted":	false,
					"sender":	true
				}],
			"sum":	{
				"start":	43.000086,
				"end":	44.000084,
				"seconds":	0.99999797344207764,
				"bytes":	62914560,
				"bits_per_second":	503317500.002067,
				"retransmits":	0,
				"omitted":	false,
				"sender":	true
			}
		}, {
			"streams":	[{
					"socket":	6,
					"start":	44.000084,
					"end":	45.000109,
					"seconds":	1.0000250339508057,
					"bytes":	62914560,
					"bits_per_second":	503303880.31542,
					"retransmits":	0,
					"snd_cwnd":	3297096,
					"snd_wnd":	3143552,
					"rtt":	49374,
					"rttvar":	684,
					"pmtu":	1500,
					"omitted":	false,
					"sender":	true
				}],
			"sum":	{
				"start":	44.000084,
				"end":	45.000109,
				"seconds":	1.0000250339508057,
				"bytes":	62914560,
				"bits_per_second":	503303880.31542,
				"retransmits":	0,
				"omitted":	false,
				"sender":	true
			}
		}, {
			"streams":	[{
					"socket":	6,
					"start":	45.000109,
					"end":	46.000081,
					"seconds":	0.99997198581695557,
					"bytes":	62914560,
					"bits_per_second":	503330580.395011,
					"retransmits":	0,
					"snd_cwnd":	3297096,
					"snd_wnd":	3143552,
					"rtt":	48879,
					"rttvar":	323,
					"pmtu":	1500,
					"omitted":	false,
					"sender":	true
				}],
			"sum":	{
				"start":	45.000109,
				"end":	46.000081,
				"seconds":	0.99997198581695557,
				"bytes":	62914560,
				"bits_per_second":	503330580.395011,
				"retransmits":	0,
				"omitted":	false,
				"sender":	true
			}
		}, {
			"streams":	[{
					"socket":	6,
					"start":	46.000081,
					"end":	47.000108,
					"seconds":	1.0000269412994385,
					"bytes":	62914560,
					"bits_per_second":	503302920.36531419,
					"retransmits":	0,
					"snd_cwnd":	3297096,
					"snd_wnd":	3143552,
					"rtt":	48804,
					"rttvar":	454,
					"pmtu":	1500,
					"omitted":	false,
					"sender":	true
				}],
			"sum":	{
				"start":	46.000081,
				"end":	47.000108,
				"seconds":	1.0000269412994385,
				"bytes":	62914560,
				"bits_per_second":	503302920.36531419,
				"retransmits":	0,
				"omitted":	false,
				"sender":	true
			}
		}, {
			"streams":	[{
					"socket":	6,
					"start":	47.000108,
					"end":	48.000122,
					"seconds":	1.0000139474868774,
					"bytes":	62914560,
					"bits_per_second":	503309460.09791,
					"retransmits":	0,
					"snd_cwnd":	3297096,
					"snd_wnd":	3143552,
					"rtt":	49277,
					"rttvar":	794,
					"pmtu":	1500,
					"omitted":	false,
					"sender":	true
				}],
			"sum":	{
				"start":	47.000108,
				"end":	48.000122,
				"seconds":	1.0000139474868774,
				"bytes":	62914560,
				"bits_per_second":	503309460.09791,
				"retransmits":	0,
				"omitted":	false,
				"sender":	true
			}
		}, {
			"streams":	[{
					"socket":	6,
					"start":	48.000122,
					"end":	49.000108,
					"seconds":	0.99998599290847778,
					"bytes":	62914560,
					"bits_per_second":	503323530.09875137,
					"retransmits":	0,
					"snd_cwnd":	3297096,
					"snd_wnd":	3143552,
					"rtt":	48846,
					"rttvar":	492,
					"pmtu":	1500,
					"omitted":	false,
					"sender":	true
				}],
			"sum":	{
				"start":	48.000122,
				"end":	49.000108,
				"seconds":	0.99998599290847778,
				"bytes":	62914560,
				"bits_per_second":	503323530.09875137,
				"retransmits":	0,
				"omitted":	false,
				"sender":	true
			}
		}, {
			"streams":	[{
					"socket":	6,
					"start":	49.000108,
					"end":	50.000107,
					"seconds":	0.99999898672103882,
					"bytes":	61603840,
					"bits_per_second":	492831219.375506,
					"retransmits":	0,
					"snd_cwnd":	3297096,
					"snd_wnd":	3143552,
					"rtt":	48981,
					"rttvar":	389,
					"pmtu":	1500,
					"omitted":	false,
					"sender":	true
				}],
			"sum":	{
				"start":	49.000108,
				"end":	50.000107,
				"seconds":	0.99999898672103882,
				"bytes":	61603840,
				"bits_per_second":	492831219.375506,
				"retransmits":	0,
				"omitted":	false,
				"sender":	true
			}
		}, {
			"streams":	[{
					"socket":	6,
					"start":	50.000107,
					"end":	51.000074,
					"seconds":	0.99996697902679443,
					"bytes":	62914560,
					"bits_per_second":	503333100.54882669,
					"retransmits":	0,
					"snd_cwnd":	3297096,
					"snd_wnd":	3143552,
					"rtt":	49278,
					"rttvar":	662,
					"pmtu":	1500,
					"omitted":	false,
					"sender":	true
				}],
			"sum":	{
				"start":	50.000107,
				"end":	51.000074,
				"seconds":	0.99996697902679443,
				"bytes":	62914560,
				"bits_per_second":	503333100.54882669,
				"retransmits":	0,
				"omitted":	false,
				"sender":	true
			}
		}, {
			"streams":	[{
					"socket":	6,
					"start":	51.000074,
					"end":	52.000081,
					"seconds":	1.0000070333480835,
					"bytes":	77332480,
					"bits_per_second":	618655488.78060365,
					"retransmits":	0,
					"snd_cwnd":	3297096,
					"snd_wnd":	3143552,
					"rtt":	49697,
					"rttvar":	384,
					"pmtu":	1500,
					"omitted":	false,
					"sender":	true
				}],
			"sum":	{
				"start":	51.000074,
				"end":	52.000081,
				"seconds":	1.0000070333480835,
				"bytes":	77332480,
				"bits_per_second":	618655488.78060365,
				"retransmits":	0,
				"omitted":	false,
				"sender":	true
			}
		}, {
			"streams":	[{
					"socket":	6,
					"start":	52.000081,
					"end":	53.000136,
					"seconds":	1.0000549554824829,
					"bytes":	62914560,
					"bits_per_second":	503288821.51998514,
					"retransmits":	0,
					"snd_cwnd":	3297096,
					"snd_wnd":	3143552,
					"rtt":	49338,
					"rttvar":	530,
					"pmtu":	1500,
					"omitted":	false,
					"sender":	true
				}],
			"sum":	{
				"start":	52.000081,
				"end":	53.000136,
				"seconds":	1.0000549554824829,
				"bytes":	62914560,
				"bits_per_second":	503288821.51998514,
				"retransmits":	0,
				"omitted":	false,
				"sender":	true
			}
		}, {
			"streams":	[{
					"socket":	6,
					"start":	53.000136,
					"end":	54.000085,
					"seconds":	0.99994897842407227,
					"bytes":	62914560,
					"bits_per_second":	503342161.310301,
					"retransmits":	0,
					"snd_cwnd":	3297096,
					"snd_wnd":	3143552,
					"rtt":	49971,
					"rttvar":	819,
					"pmtu":	1500,
					"omitted":	false,
					"sender":	true
				}],
			"sum":	{
				"start":	53.000136,
				"end":	54.000085,
				"seconds":	0.99994897842407227,
				"bytes":	62914560,
				"bits_per_second":	503342161.310301,
				"retransmits":	0,
				"omitted":	false,
				"sender":	true
			}
		}, {
			"streams":	[{
					"socket":	6,
					"start":	54.000085,
					"end":	55.000084,
					"seconds":	0.99999898672103882,
					"bytes":	62914560,
					"bits_per_second":	503316990.00051677,
					"retransmits":	0,
					"snd_cwnd":	3297096,
					"snd_wnd":	3143552,
					"rtt":	50815,
					"rttvar":	926,
					"pmtu":	1500,
					"omitted":	false,
					"sender":	true
				}],
			"sum":	{
				"start":	54.000085,
				"end":	55.000084,
				"seconds":	0.99999898672103882,
				"bytes":	62914560,
				"bits_per_second":	503316990.00051677,
				"retransmits":	0,
				"omitted":	false,
				"sender":	true
			}
		}, {
			"streams":	[{
					"socket":	6,
					"start":	55.000084,
					"end":	56.000078,
					"seconds":	0.99999397993087769,
					"bytes":	62914560,
					"bits_per_second":	503319510.018241,
					"retransmits":	0,
					"snd_cwnd":	3297096,
					"snd_wnd":	3143552,
					"rtt":	49879,
					"rttvar":	696,
					"pmtu":	1500,
					"omitted":	false,
					"sender":	true
				}],
			"sum":	{
				"start":	55.000084,
				"end":	56.000078,
				"seconds":	0.99999397993087769,
				"bytes":	62914560,
				"bits_per_second":	503319510.018241,
				"retransmits":	0,
				"omitted":	false,
				"sender":	true
			}
		}, {
			"streams":	[{
					"socket":	6,
					"start":	56.000078,
					"end":	57.000077,
					"seconds":	0.99999898672103882,
					"bytes":	62914560,
					"bits_per_second":	503316990.00051677,
					"retransmits":	0,
					"snd_cwnd":	3297096,
					"snd_wnd":	3143552,
					"rtt":	49077,
					"rttvar":	340,
					"pmtu":	1500,
					"omitted":	false,
					"sender":	true
				}],
			"sum":	{
				"start":	56.000078,
				"end":	57.000077,
				"seconds":	0.99999898672103882,
				"bytes":	62914560,
				"bits_per_second":	503316990.00051677,
				"retransmits":	0,
				"omitted":	false,
				"sender":	true
			}
		}, {
			"streams":	[{
					"socket":	6,
					"start":	57.000077,
					"end":	58.000092,
					"seconds":	1.0000150203704834,
					"bytes":	62914560,
					"bits_per_second":	503308920.11355227,
					"retransmits":	0,
					"snd_cwnd":	3297096,
					"snd_wnd":	3143552,
					"rtt":	49593,
					"rttvar":	740,
					"pmtu":	1500,
					"omitted":	false,
					"sender":	true
				}],
			"sum":	{
				"start":	57.000077,
				"end":	58.000092,
				"seconds":	1.0000150203704834,
				"bytes":	62914560,
				"bits_per_second":	503308920.11355227,
				"retransmits":	0,
				"omitted":	false,
				"sender":	true
			}
		}, {
			"streams":	[{
					"socket":	6,
					"start":	58.000092,
					"end":	59.000086,
					"seconds":	0.99999397993087769,
					"bytes":	62914560,
					"bits_per_second":	503319510.018241,
					"retransmits":	0,
					"snd_cwnd":	3297096,
					"snd_wnd":	3143552,
					"rtt":	49436,
					"rttvar":	849,
					"pmtu":	1500,
					"omitted":	false,
					"sender":	true
				}],
			"sum":	{
				"start":	58.000092,
				"end":	59.000086,
				"seconds":	0.99999397993087769,
				"bytes":	62914560,
				"bits_per_second":	503319510.018241,
				"retransmits":	0,
				"omitted":	false,
				"sender":	true
			}
		}, {
			"streams":	[{
					"socket":	6,
					"start":	59.000086,
					"end":	60.000082,
					"seconds":	0.9999960064888,
					"bytes":	62914560,
					"bits_per_second":	503318490.008027,
					"retransmits":	0,
					"snd_cwnd":	3297096,
					"snd_wnd":	3143552,
					"rtt":	50832,
					"rttvar":	948,
					"pmtu":	1500,
					"omitted":	false,
					"sender":	true
				}],
			"sum":	{
				"start":	59.000086,
				"end":	60.000082,
				"seconds":	0.9999960064888,
				"bytes":	62914560,
				"bits_per_second":	503318490.008027,
				"retransmits":	0,
				"omitted":	false,
				"sender":	true
			}
		}],
	"end":	{
		"streams":	[{
				"sender":	{
					"socket":	6,
					"start":	0,
					"end":	60.000082,
					"seconds":	60.000082,
					"bytes":	4506779648,
					"bits_per_second":	600903131.83238649,
					"retransmits":	0,
					"max_snd_cwnd":	3297096,
					"max_snd_wnd":	3143552,
					"max_rtt":	50832,
					"min_rtt":	25184,
					"mean_rtt":	43870,
					"sender":	true
				},
				"receiver":	{
					"socket":	6,
					"start":	0,
					"end":	60.049063,
					"seconds":	60.000082,
					"bytes":	4506576368,
					"bits_per_second":	600385903.50693738,
					"sender":	true
				}
			}],
		"sum_sent":	{
			"start":	0,
			"end":	60.000082,
			"seconds":	60.000082,
			"bytes":	4506779648,
			"bits_per_second":	600903131.83238649,
			"retransmits":	0,
			"sender":	true
		},
		"sum_received":	{
			"start":	0,
			"end":	60.049063,
			"seconds":	60.049063,
			"bytes":	4506576368,
			"bits_per_second":	600385903.50693738,
			"sender":	true
		},
		"cpu_utilization_percent":	{
			"host_total":	0.81304615188171947,
			"host_user":	0.0478614278793159,
			"host_system":	0.76518305792422348,
			"remote_total":	2.90275569098256,
			"remote_user":	0.17782621371515836,
			"remote_system":	2.7249294772674024
		},
		"sender_tcp_congestion":	"cubic",
		"receiver_tcp_congestion":	"cubic"
	}
}
