{
	"start":	{
		"connected":	[{
				"socket":	6,
				"local_host":	"192.168.101.210",
				"local_port":	42700,
				"remote_host":	"192.168.100.168",
				"remote_port":	5201
			}],
		"version":	"iperf 3.11",
		"system_info":	"Linux f1 6.0.10-300.fc37.x86_64 #1 SMP PREEMPT_DYNAMIC Sat Nov 26 16:55:13 UTC 2022 x86_64",
		"timestamp":	{
			"time":	"Sat, 10 Dec 2022 20:30:57 GMT",
			"timesecs":	1670704257
		},
		"connecting_to":	{
			"host":	"192.168.100.168",
			"port":	5201
		},
		"cookie":	"4cuti6k4kzlod5kfeggje3uj56tluptwbozu",
		"tcp_mss_default":	1448,
		"target_bitrate":	0,
		"sock_bufsize":	0,
		"sndbuf_actual":	16384,
		"rcvbuf_actual":	131072,
		"test_start":	{
			"protocol":	"TCP",
			"num_streams":	1,
			"blksize":	131072,
			"omit":	0,
			"duration":	60,
			"bytes":	0,
			"blocks":	0,
			"reverse":	0,
			"tos":	0,
			"target_bitrate":	0
		}
	},
	"intervals":	[{
			"streams":	[{
					"socket":	6,
					"start":	0,
					"end":	1.00008,
					"seconds":	1.0000799894332886,
					"bytes":	101449728,
					"bits_per_second":	811532909.94243872,
					"retransmits":	0,
					"snd_cwnd":	3285512,
					"snd_wnd":	3141248,
					"rtt":	25619,
					"rttvar":	480,
					"pmtu":	1500,
					"omitted":	false,
					"sender":	true
				}],
			"sum":	{
				"start":	0,
				"end":	1.00008,
				"seconds":	1.0000799894332886,
				"bytes":	101449728,
				"bits_per_second":	811532909.94243872,
				"retransmits":	0,
				"omitted":	false,
				"sender":	true
			}
		}, {
			"streams":	[{
					"socket":	6,
					"start":	1.00008,
					"end":	2.00007,
					"seconds":	0.99998998641967773,
					"bytes":	117964800,
					"bits_per_second":	943727850.09462929,
					"retransmits":	0,
					"snd_cwnd":	3285512,
					"snd_wnd":	3141248,
					"rtt":	25936,
					"rttvar":	182,
					"pmtu":	1500,
					"omitted":	false,
					"sender":	true
				}],
			"sum":	{
				"start":	1.00008,
				"end":	2.00007,
				"seconds":	0.99998998641967773,
				"bytes":	117964800,
				"bits_per_second":	943727850.09462929,
				"retransmits":	0,
				"omitted":	false,
				"sender":	true
			}
		}, {
			"streams":	[{
					"socket":	6,
					"start":	2.00007,
					"end":	3.000071,
					"seconds":	1.0000009536743164,
					"bytes":	117964800,
					"bits_per_second":	943717500.00085831,
					"retransmits":	0,
					"snd_cwnd":	3285512,
					"snd_wnd":	3141248,
					"rtt":	25545,
					"rttvar":	274,
					"pmtu":	1500,
					"omitted":	false,
					"sender":	true
				}],
			"sum":	{
				"start":	2.00007,
				"end":	3.000071,
				"seconds":	1.0000009536743164,
				"bytes":	117964800,
				"bits_per_second":	943717500.00085831,
				"retransmits":	0,
				"omitted":	false,
				"sender":	true
			}
		}, {
			"streams":	[{
					"socket":	6,
					"start":	3.000071,
					"end":	4.000084,
					"seconds":	1.000012993812561,
					"bytes":	117964800,
					"bits_per_second":	943706137.65933454,
					"retransmits":	0,
					"snd_cwnd":	3285512,
					"snd_wnd":	3141248,
					"rtt":	25292,
					"rttvar":	423,
					"pmtu":	1500,
					"omitted":	false,
					"sender":	true
				}],
			"sum":	{
				"start":	3.000071,
				"end":	4.000084,
				"seconds":	1.000012993812561,
				"bytes":	117964800,
				"bits_per_second":	943706137.65933454,
				"retransmits":	0,
				"omitted":	false,
				"sender":	true
			}
		}, {
			"streams":	[{
					"socket":	6,
					"start":	4.000084,
					"end":	5.000078,
					"seconds":	0.99999397993087769,
					"bytes":	117964800,
					"bits_per_second":	943724081.28420174,
					"retransmits":	0,
					"snd_cwnd":	3285512,
					"snd_wnd":	3141248,
					"rtt":	25611,
					"rttvar":	524,
					"pmtu":	1500,
					"omitted":	false,
					"sender":	true
				}],
			"sum":	{
				"start":	4.000084,
				"end":	5.000078,
				"seconds":	0.99999397993087769,
				"bytes":	117964800,
				"bits_per_second":	943724081.28420174,
				"retransmits":	0,
				"omitted":	false,
				"sender":	true
			}
		}, {
			"streams":	[{
					"socket":	6,
					"start":	5.000078,
					"end":	6.000079,
					"seconds":	1.0000009536743164,
					"bytes":	117964800,
					"bits_per_second":	943717500.00085831,
					"retransmits":	0,
					"snd_cwnd":	3285512,
					"snd_wnd":	3141248,
					"rtt":	25813,
					"rttvar":	353,
					"pmtu":	1500,
					"omitted":	false,
					"sender":	true
				}],
			"sum":	{
				"start":	5.000078,
				"end":	6.000079,
				"seconds":	1.0000009536743164,
				"bytes":	117964800,
				"bits_per_second":	943717500.00085831,
				"retransmits":	0,
				"omitted":	false,
				"sender":	true
			}
		}, {
			"streams":	[{
					"socket":	6,
					"start":	6.000079,
					"end":	7.000073,
					"seconds":	0.99999397993087769,
					"bytes":	119275520,
					"bits_per_second":	954209904.40958178,
					"retransmits":	0,
					"snd_cwnd":	3285512,
					"snd_wnd":	3141248,
					"rtt":	25876,
					"rttvar":	219,
					"pmtu":	1500,
					"omitted":	false,
					"sender":	true
				}],
			"sum":	{
				"start":	6.000079,
				"end":	7.000073,
				"seconds":	0.99999397993087769,
				"bytes":	119275520,
				"bits_per_second":	954209904.40958178,
				"retransmits":	0,
				"omitted":	false,
				"sender":	true
			}
		}, {
			"streams":	[{
					"socket":	6,
					"start":	7.000073,
					"end":	8.000084,
					"seconds":	1.0000109672546387,
					"bytes":	117964800,
					"bits_per_second":	943708050.11351,
					"retransmits":	0,
					"snd_cwnd":	3285512,
					"snd_wnd":	3141248,
					"rtt":	25149,
					"rttvar":	318,
					"pmtu":	1500,
					"omitted":	false,
					"sender":	true
				}],
			"sum":	{
				"start":	7.000073,
				"end":	8.000084,
				"seconds":	1.0000109672546387,
				"bytes":	117964800,
				"bits_per_second":	943708050.11351,
				"retransmits":	0,
				"omitted":	false,
				"sender":	true
			}
		}, {
			"streams":	[{
					"socket":	6,
					"start":	8.000084,
					"end":	9.000077,
					"seconds":	0.99999302625656128,
					"bytes":	117964800,
					"bits_per_second":	943724981.29589629,
					"retransmits":	0,
					"snd_cwnd":	3285512,
					"snd_wnd":	3141248,
					"rtt":	25652,
					"rttvar":	480,
					"pmtu":	1500,
					"omitted":	false,
					"sender":	true
				}],
			"sum":	{
				"start":	8.000084,
				"end":	9.000077,
				"seconds":	0.99999302625656128,
				"bytes":	117964800,
				"bits_per_second":	943724981.29589629,
				"retransmits":	0,
				"omitted":	false,
				"sender":	true
			}
		}, {
			"streams":	[{
					"socket":	6,
					"start":	9.000077,
					"end":	10.000068,
					"seconds":	0.999990999698639,
					"bytes":	117964800,
					"bits_per_second":	943726893.826447,
					"retransmits":	0,
					"snd_cwnd":	3285512,
					"snd_wnd":	3141248,
					"rtt":	25862,
					"rttvar":	276,
					"pmtu":	1500,
					"omitted":	false,
					"sender":	true
				}],
			"sum":	{
				"start":	9.000077,
				"end":	10.000068,
				"seconds":	0.999990999698639,
				"bytes":	117964800,
				"bits_per_second":	943726893.826447,
				"retransmits":	0,
				"omitted":	false,
				"sender":	true
			}
		}, {
			"streams":	[{
					"socket":	6,
					"start":	10.000068,
					"end":	11.000105,
					"seconds":	1.0000369548797607,
					"bytes":	117964800,
					"bits_per_second":	943683526.28875375,
					"retransmits":	0,
					"snd_cwnd":	3285512,
					"snd_wnd":	3141248,
					"rtt":	26197,
					"rttvar":	283,
					"pmtu":	1500,
					"omitted":	false,
					"sender":	true
				}],
			"sum":	{
				"start":	10.000068,
				"end":	11.000105,
				"seconds":	1.0000369548797607,
				"bytes":	117964800,
				"bits_per_second":	943683526.28875375,
				"retransmits":	0,
				"omitted":	false,
				"sender":	true
			}
		}, {
			"streams":	[{
					"socket":	6,
					"start":	11.000105,
					"end":	12.000114,
					"seconds":	1.0000089406967163,
					"bytes":	110100480,
					"bits_per_second":	880795965.07040739,
					"retransmits":	0,
					"snd_cwnd":	3285512,
					"snd_wnd":	3141248,
					"rtt":	28276,
					"rttvar":	278,
					"pmtu":	1500,
					"omitted":	false,
					"sender":	true
				}],
			"sum":	{
				"start":	11.000105,
				"end":	12.000114,
				"seconds":	1.0000089406967163,
				"bytes":	110100480,
				"bits_per_second":	880795965.07040739,
				"retransmits":	0,
				"omitted":	false,
				"sender":	true
			}
		}, {
			"streams":	[{
					"socket":	6,
					"start":	12.000114,
					"end":	13.000077,
					"seconds":	0.99996298551559448,
					"bytes":	98304000,
					"bits_per_second":	786461110.45250845,
					"retransmits":	0,
					"snd_cwnd":	3285512,
					"snd_wnd":	3141248,
					"rtt":	33821,
					"rttvar":	346,
					"pmtu":	1500,
					"omitted":	false,
					"sender":	true
				}],
			"sum":	{
				"start":	12.000114,
				"end":	13.000077,
				"seconds":	0.99996298551559448,
				"bytes":	98304000,
				"bits_per_second":	786461110.45250845,
				"retransmits":	0,
				"omitted":	false,
				"sender":	true
			}
		}, {
			"streams":	[{
					"socket":	6,
					"start":	13.000077,
					"end":	14.000073,
					"seconds":	0.9999960064888,
					"bytes":	77332480,
					"bits_per_second":	618662310.63486648,
					"retransmits":	0,
					"snd_cwnd":	3285512,
					"snd_wnd":	3141248,
					"rtt":	45874,
					"rttvar":	528,
					"pmtu":	1500,
					"omitted":	false,
					"sender":	true
				}],
			"sum":	{
				"start":	13.000077,
				"end":	14.000073,
				"seconds":	0.9999960064888,
				"bytes":	77332480,
				"bits_per_second":	618662310.63486648,
				"retransmits":	0,
				"omitted":	false,
				"sender":	true
			}
		}, {
			"streams":	[{
					"socket":	6,
					"start":	14.000073,
					"end":	15.000071,
					"seconds":	0.99999797344207764,
					"bytes":	62914560,
					"bits_per_second":	503317500.002067,
					"retransmits":	0,
					"snd_cwnd":	3285512,
					"snd_wnd":	3143552,
					"rtt":	49055,
					"rttvar":	517,
					"pmtu":	1500,
					"omitted":	false,
					"sender":	true
				}],
			"sum":	{
				"start":	14.000073,
				"end":	15.000071,
				"seconds":	0.99999797344207764,
				"bytes":	62914560,
				"bits_per_second":	503317500.002067,
				"retransmits":	0,
				"omitted":	false,
				"sender":	true
			}
		}, {
			"streams":	[{
					"socket":	6,
					"start":	15.000071,
					"end":	16.000074,
					"seconds":	1.0000029802322388,
					"bytes":	62914560,
					"bits_per_second":	503314980.00447035,
					"retransmits":	0,
					"snd_cwnd":	3285512,
					"snd_wnd":	3143552,
					"rtt":	49224,
					"rttvar":	1170,
					"pmtu":	1500,
					"omitted":	false,
					"sender":	true
				}],
			"sum":	{
				"start":	15.000071,
				"end":	16.000074,
				"seconds":	1.0000029802322388,
				"bytes":	62914560,
				"bits_per_second":	503314980.00447035,
				"retransmits":	0,
				"omitted":	false,
				"sender":	true
			}
		}, {
			"streams":	[{
					"socket":	6,
					"start":	16.000074,
					"end":	17.00007,
					"seconds":	0.9999960064888,
					"bytes":	62914560,
					"bits_per_second":	503318490.008027,
					"retransmits":	0,
					"snd_cwnd":	3285512,
					"snd_wnd":	3143552,
					"rtt":	49535,
					"rttvar":	648,
					"pmtu":	1500,
					"omitted":	false,
					"sender":	true
				}],
			"sum":	{
				"start":	16.000074,
				"end":	17.00007,
				"seconds":	0.9999960064888,
				"bytes":	62914560,
				"bits_per_second":	503318490.008027,
				"retransmits":	0,
				"omitted":	false,
				"sender":	true
			}
		}, {
			"streams":	[{
					"socket":	6,
					"start":	17.00007,
					"end":	18.00007,
					"seconds":	1,
					"bytes":	62914560,
					"bits_per_second":	503316480,
					"retransmits":	0,
					"snd_cwnd":	3285512,
					"snd_wnd":	3143552,
					"rtt":	50735,
					"rttvar":	543,
					"pmtu":	1500,
					"omitted":	false,
					"sender":	true
				}],
			"sum":	{
				"start":	17.00007,
				"end":	18.00007,
				"seconds":	1,
				"bytes":	62914560,
				"bits_per_second":	503316480,
				"retransmits":	0,
				"omitted":	false,
				"sender":	true
			}
		}, {
			"streams":	[{
					"socket":	6,
					"start":	18.00007,
					"end":	19.00007,
					"seconds":	1,
					"bytes":	62914560,
					"bits_per_second":	503316480,
					"retransmits":	0,
					"snd_cwnd":	3285512,
					"snd_wnd":	3143552,
					"rtt":	49481,
					"rttvar":	852,
					"pmtu":	1500,
					"omitted":	false,
					"sender":	true
				}],
			"sum":	{
				"start":	18.00007,
				"end":	19.00007,
				"seconds":	1,
				"bytes":	62914560,
				"bits_per_second":	503316480,
				"retransmits":	0,
				"omitted":	false,
				"sender":	true
			}
		}, {
			"streams":	[{
					"socket":	6,
					"start":	19.00007,
					"end":	20.000074,
					"seconds":	1.0000040531158447,
					"bytes":	62914560,
					"bits_per_second":	503314440.0082683,
					"retransmits":	0,
					"snd_cwnd":	3285512,
					"snd_wnd":	3143552,
					"rtt":	48654,
					"rttvar":	615,
					"pmtu":	1500,
					"omitted":	false,
					"sender":	true
				}],
			"sum":	{
				"start":	19.00007,
				"end":	20.000074,
				"seconds":	1.0000040531158447,
				"bytes":	62914560,
				"bits_per_second":	503314440.0082683,
				"retransmits":	0,
				"omitted":	false,
				"sender":	true
			}
		}, {
			"streams":	[{
					"socket":	6,
					"start":	20.000074,
					"end":	21.00008,
					"seconds":	1.0000059604644775,
					"bytes":	77332480,
					"bits_per_second":	618656152.521979,
					"retransmits":	0,
					"snd_cwnd":	3285512,
					"snd_wnd":	3143552,
					"rtt":	49229,
					"rttvar":	793,
					"pmtu":	1500,
					"omitted":	false,
					"sender":	true
				}],
			"sum":	{
				"start":	20.000074,
				"end":	21.00008,
				"seconds":	1.0000059604644775,
				"bytes":	77332480,
				"bits_per_second":	618656152.521979,
				"retransmits":	0,
				"omitted":	false,
				"sender":	true
			}
		}, {
			"streams":	[{
					"socket":	6,
					"start":	21.00008,
					"end":	22.000078,
					"seconds":	0.99999797344207764,
					"bytes":	62914560,
					"bits_per_second":	503317500.002067,
					"retransmits":	0,
					"snd_cwnd":	3285512,
					"snd_wnd":	3143552,
					"rtt":	50057,
					"rttvar":	839,
					"pmtu":	1500,
					"omitted":	false,
					"sender":	true
				}],
			"sum":	{
				"start":	21.00008,
				"end":	22.000078,
				"seconds":	0.99999797344207764,
				"bytes":	62914560,
				"bits_per_second":	503317500.002067,
				"retransmits":	0,
				"omitted":	false,
				"sender":	true
			}
		}, {
			"streams":	[{
					"socket":	6,
					"start":	22.000078,
					"end":	23.000083,
					"seconds":	1.0000050067901611,
					"bytes":	62914560,
					"bits_per_second":	503313960.012617,
					"retransmits":	0,
					"snd_cwnd":	3285512,
					"snd_wnd":	3143552,
					"rtt":	48756,
					"rttvar":	450,
					"pmtu":	1500,
					"omitted":	false,
					"sender":	true
				}],
			"sum":	{
				"start":	22.000078,
				"end":	23.000083,
				"seconds":	1.0000050067901611,
				"bytes":	62914560,
				"bits_per_second":	503313960.012617,
				"retransmits":	0,
				"omitted":	false,
				"sender":	true
			}
		}, {
			"streams":	[{
					"socket":	6,
					"start":	23.000083,
					"end":	24.00008,
					"seconds":	0.99999701976776123,
					"bytes":	62914560,
					"bits_per_second":	503317980.00447035,
					"retransmits":	0,
					"snd_cwnd":	3285512,
					"snd_wnd":	3143552,
					"rtt":	49150,
					"rttvar":	858,
					"pmtu":	1500,
					"omitted":	false,
					"sender":	true
				}],
			"sum":	{
				"start":	23.000083,
				"end":	24.00008,
				"seconds":	0.99999701976776123,
				"bytes":	62914560,
				"bits_per_second":	503317980.00447035,
				"retransmits":	0,
				"omitted":	false,
				"sender":	true
			}
		}, {
			"streams":	[{
					"socket":	6,
					"start":	24.00008,
					"end":	25.000071,
					"seconds":	0.999990999698639,
					"bytes":	62914560,
					"bits_per_second":	503321010.04077172,
					"retransmits":	0,
					"snd_cwnd":	3285512,
					"snd_wnd":	3143552,
					"rtt":	49869,
					"rttvar":	969,
					"pmtu":	1500,
					"omitted":	false,
					"sender":	true
				}],
			"sum":	{
				"start":	24.00008,
				"end":	25.000071,
				"seconds":	0.999990999698639,
				"bytes":	62914560,
				"bits_per_second":	503321010.04077172,
				"retransmits":	0,
				"omitted":	false,
				"sender":	true
			}
		}, {
			"streams":	[{
					"socket":	6,
					"start":	25.000071,
					"end":	26.000077,
					"seconds":	1.0000059604644775,
					"bytes":	62914560,
					"bits_per_second":	503313480.01788127,
					"retransmits":	0,
					"snd_cwnd":	3285512,
					"snd_wnd":	3143552,
					"rtt":	49078,
					"rttvar":	236,
					"pmtu":	1500,
					"omitted":	false,
					"sender":	true
				}],
			"sum":	{
				"start":	25.000071,
				"end":	26.000077,
				"seconds":	1.0000059604644775,
				"bytes":	62914560,
				"bits_per_second":	503313480.01788127,
				"retransmits":	0,
				"omitted":	false,
				"sender":	true
			}
		}, {
			"streams":	[{
					"socket":	6,
					"start":	26.000077,
					"end":	27.000213,
					"seconds":	1.0001360177993774,
					"bytes":	62914560,
					"bits_per_second":	503248029.31051213,
					"retransmits":	0,
					"snd_cwnd":	3285512,
					"snd_wnd":	3143552,
					"rtt":	48917,
					"rttvar":	251,
					"pmtu":	1500,
					"omitted":	false,
					"sender":	true
				}],
			"sum":	{
				"start":	26.000077,
				"end":	27.000213,
				"seconds":	1.0001360177993774,
				"bytes":	62914560,
				"bits_per_second":	503248029.31051213,
				"retransmits":	0,
				"omitted":	false,
				"sender":	true
			}
		}, {
			"streams":	[{
					"socket":	6,
					"start":	27.000213,
					"end":	28.000077,
					"seconds":	0.99986398220062256,
					"bytes":	61603840,
					"bits_per_second":	492897762.8690235,
					"retransmits":	0,
					"snd_cwnd":	3285512,
					"snd_wnd":	3143552,
					"rtt":	49976,
					"rttvar":	485,
					"pmtu":	1500,
					"omitted":	false,
					"sender":	true
				}],
			"sum":	{
				"start":	27.000213,
				"end":	28.000077,
				"seconds":	0.99986398220062256,
				"bytes":	61603840,
				"bits_per_second":	492897762.8690235,
				"retransmits":	0,
				"omitted":	false,
				"sender":	true
			}
		}, {
			"streams":	[{
					"socket":	6,
					"start":	28.000077,
					"end":	29.0001,
					"seconds":	1.0000230073928833,
					"bytes":	62914560,
					"bits_per_second":	503304900.26641947,
					"retransmits":	0,
					"snd_cwnd":	3285512,
					"snd_wnd":	3143552,
					"rtt":	48372,
					"rttvar":	489,
					"pmtu":	1500,
					"omitted":	false,
					"sender":	true
				}],
			"sum":	{
				"start":	28.000077,
				"end":	29.0001,
				"seconds":	1.0000230073928833,
				"bytes":	62914560,
				"bits_per_second":	503304900.26641947,
				"retransmits":	0,
				"omitted":	false,
				"sender":	true
			}
		}, {
			"streams":	[{
					"socket":	6,
					"start":	29.0001,
					"end":	30.00008,
					"seconds":	0.99997997283935547,
					"bytes":	62914560,
					"bits_per_second":	503326560.20187783,
					"retransmits":	0,
					"snd_cwnd":	3285512,
					"snd_wnd":	3143552,
					"rtt":	48283,
					"rttvar":	643,
					"pmtu":	1500,
					"omitted":	false,
					"sender":	true
				}],
			"sum":	{
				"start":	29.0001,
				"end":	30.00008,
				"seconds":	0.99997997283935547,
				"bytes":	62914560,
				"bits_per_second":	503326560.20187783,
				"retransmits":	0,
				"omitted":	false,
				"sender":	true
			}
		}, {
			"streams":	[{
					"socket":	6,
					"start":	30.00008,
					"end":	31.000081,
					"seconds":	1.0000009536743164,
					"bytes":	77332480,
					"bits_per_second":	618659250.00056267,
					"retransmits":	0,
					"snd_cwnd":	3285512,
					"snd_wnd":	3143552,
					"rtt":	44090,
					"rttvar":	487,
					"pmtu":	1500,
					"omitted":	false,
					"sender":	true
				}],
			"sum":	{
				"start":	30.00008,
				"end":	31.000081,
				"seconds":	1.0000009536743164,
				"bytes":	77332480,
				"bits_per_second":	618659250.00056267,
				"retransmits":	0,
				"omitted":	false,
				"sender":	true
			}
		}, {
			"streams":	[{
					"socket":	6,
					"start":	31.000081,
					"end":	32.000078,
					"seconds":	0.99999701976776123,
					"bytes":	62914560,
					"bits_per_second":	503317980.00447035,
					"retransmits":	0,
					"snd_cwnd":	3285512,
					"snd_wnd":	3143552,
					"rtt":	48004,
					"rttvar":	602,
					"pmtu":	1500,
					"omitted":	false,
					"sender":	true
				}],
			"sum":	{
				"start":	31.000081,
				"end":	32.000078,
				"seconds":	0.99999701976776123,
				"bytes":	62914560,
				"bits_per_second":	503317980.00447035,
				"retransmits":	0,
				"omitted":	false,
				"sender":	true
			}
		}, {
			"streams":	[{
					"socket":	6,
					"start":	32.000078,
					"end":	33.000076,
					"seconds":	0.99999797344207764,
					"bytes":	62914560,
					"bits_per_second":	503317500.002067,
					"retransmits":	0,
					"snd_cwnd":	3285512,
					"snd_wnd":	3143552,
					"rtt":	48468,
					"rttvar":	568,
					"pmtu":	1500,
					"omitted":	false,
					"sender":	true
				}],
			"sum":	{
				"start":	32.000078,
				"end":	33.000076,
				"seconds":	0.99999797344207764,
				"bytes":	62914560,
				"bits_per_second":	503317500.002067,
				"retransmits":	0,
				"omitted":	false,
				"sender":	true
			}
		}, {
			"streams":	[{
					"socket":	6,
					"start":	33.000076,
					"end":	34.000078,
					"seconds":	1.0000020265579224,
					"bytes":	62914560,
					"bits_per_second":	503315460.002067,
					"retransmits":	0,
					"snd_cwnd":	3285512,
					"snd_wnd":	3143552,
					"rtt":	49144,
					"rttvar":	712,
					"pmtu":	1500,
					"omitted":	false,
					"sender":	true
				}],
			"sum":	{
				"start":	33.000076,
				"end":	34.000078,
				"seconds":	1.0000020265579224,
				"bytes":	62914560,
				"bits_per_second":	503315460.002067,
				"retransmits":	0,
				"omitted":	false,
				"sender":	true
			}
		}, {
			"streams":	[{
					"socket":	6,
					"start":	34.000078,
					"end":	35.000071,
					"seconds":	0.99999302625656128,
					"bytes":	62914560,
					"bits_per_second":	503319990.024478,
					"retransmits":	0,
					"snd_cwnd":	3285512,
					"snd_wnd":	3143552,
					"rtt":	48419,
					"rttvar":	575,
					"pmtu":	1500,
					"omitted":	false,
					"sender":	true
				}],
			"sum":	{
				"start":	34.000078,
				"end":	35.000071,
				"seconds":	0.99999302625656128,
				"bytes":	62914560,
				"bits_per_second":	503319990.024478,
				"retransmits":	0,
				"omitted":	false,
				"sender":	true
			}
		}, {
			"streams":	[{
					"socket":	6,
					"start":	35.000071,
					"end":	36.000095,
					"seconds":	1.0000239610672,
					"bytes":	62914560,
					"bits_per_second":	503304420.28896356,
					"retransmits":	0,
					"snd_cwnd":	3285512,
					"snd_wnd":	3143552,
					"rtt":	48929,
					"rttvar":	530,
					"pmtu":	1500,
					"omitted":	false,
					"sender":	true
				}],
			"sum":	{
				"start":	35.000071,
				"end":	36.000095,
				"seconds":	1.0000239610672,
				"bytes":	62914560,
				"bits_per_second":	503304420.28896356,
				"retransmits":	0,
				"omitted":	false,
				"sender":	true
			}
		}, {
			"streams":	[{
					"socket":	6,
					"start":	36.000095,
					"end":	37.000085,
					"seconds":	0.99998998641967773,
					"bytes":	62914560,
					"bits_per_second":	503321520.050469,
					"retransmits":	0,
					"snd_cwnd":	3285512,
					"snd_wnd":	3143552,
					"rtt":	48235,
					"rttvar":	226,
					"pmtu":	1500,
					"omitted":	false,
					"sender":	true
				}],
			"sum":	{
				"start":	36.000095,
				"end":	37.000085,
				"seconds":	0.99998998641967773,
				"bytes":	62914560,
				"bits_per_second":	503321520.050469,
				"retransmits":	0,
				"omitted":	false,
				"sender":	true
			}
		}, {
			"streams":	[{
					"socket":	6,
					"start":	37.000085,
					"end":	38.000079,
					"seconds":	0.99999397993087769,
					"bytes":	62914560,
					"bits_per_second":	503319510.018241,
					"retransmits":	0,
					"snd_cwnd":	3285512,
					"snd_wnd":	3143552,
					"rtt":	49225,
					"rttvar":	501,
					"pmtu":	1500,
					"omitted":	false,
					"sender":	true
				}],
			"sum":	{
				"start":	37.000085,
				"end":	38.000079,
				"seconds":	0.99999397993087769,
				"bytes":	62914560,
				"bits_per_second":	503319510.018241,
				"retransmits":	0,
				"omitted":	false,
				"sender":	true
			}
		}, {
			"streams":	[{
					"socket":	6,
					"start":	38.000079,
					"end":	39.000099,
					"seconds":	1.0000200271606445,
					"bytes":	62914560,
					"bits_per_second":	503306400.20186973,
					"retransmits":	0,
					"snd_cwnd":	3285512,
					"snd_wnd":	3143552,
					"rtt":	49541,
					"rttvar":	596,
					"pmtu":	1500,
					"omitted":	false,
					"sender":	true
				}],
			"sum":	{
				"start":	38.000079,
				"end":	39.000099,
				"seconds":	1.0000200271606445,
				"bytes":	62914560,
				"bits_per_second":	503306400.20186973,
				"retransmits":	0,
				"omitted":	false,
				"sender":	true
			}
		}, {
			"streams":	[{
					"socket":	6,
					"start":	39.000099,
					"end":	40.00008,
					"seconds":	0.99998098611831665,
					"bytes":	61603840,
					"bits_per_second":	492840090.80317533,
					"retransmits":	0,
					"snd_cwnd":	3285512,
					"snd_wnd":	3143552,
					"rtt":	50992,
					"rttvar":	585,
					"pmtu":	1500,
					"omitted":	false,
					"sender":	true
				}],
			"sum":	{
				"start":	39.000099,
				"end":	40.00008,
				"seconds":	0.99998098611831665,
				"bytes":	61603840,
				"bits_per_second":	492840090.80317533,
				"retransmits":	0,
				"omitted":	false,
				"sender":	true
			}
		}, {
			"streams":	[{
					"socket":	6,
					"start":	40.00008,
					"end":	41.000072,
					"seconds":	0.9999920129776,
					"bytes":	69468160,
					"bits_per_second":	555749718.78545272,
					"retransmits":	0,
					"snd_cwnd":	3285512,
					"snd_wnd":	3143552,
					"rtt":	25944,
					"rttvar":	599,
					"pmtu":	1500,
					"omitted":	false,
					"sender":	true
				}],
			"sum":	{
				"start":	40.00008,
				"end":	41.000072,
				"seconds":	0.9999920129776,
				"bytes":	69468160,
				"bits_per_second":	555749718.78545272,
				"retransmits":	0,
				"omitted":	false,
				"sender":	true
			}
		}, {
			"streams":	[{
					"socket":	6,
					"start":	41.000072,
					"end":	42.000074,
					"seconds":	1.0000020265579224,
					"bytes":	72089600,
					"bits_per_second":	576715631.25236857,
					"retransmits":	0,
					"snd_cwnd":	3285512,
					"snd_wnd":	3143552,
					"rtt":	49207,
					"rttvar":	625,
					"pmtu":	1500,
					"omitted":	false,
					"sender":	true
				}],
			"sum":	{
				"start":	41.000072,
				"end":	42.000074,
				"seconds":	1.0000020265579224,
				"bytes":	72089600,
				"bits_per_second":	576715631.25236857,
				"retransmits":	0,
				"omitted":	false,
				"sender":	true
			}
		}, {
			"streams":	[{
					"socket":	6,
					"start":	42.000074,
					"end":	43.000081,
					"seconds":	1.0000070333480835,
					"bytes":	62914560,
					"bits_per_second":	503312940.02489787,
					"retransmits":	0,
					"snd_cwnd":	3285512,
					"snd_wnd":	3143552,
					"rtt":	48353,
					"rttvar":	511,
					"pmtu":	1500,
					"omitted":	false,
					"sender":	true
				}],
			"sum":	{
				"start":	42.000074,
				"end":	43.000081,
				"seconds":	1.0000070333480835,
				"bytes":	62914560,
				"bits_per_second":	503312940.02489787,
				"retransmits":	0,
				"omitted":	false,
				"sender":	true
			}
		}, {
			"streams":	[{
					"socket":	6,
					"start":	43.000081,
					"end":	44.000111,
					"seconds":	1.0000300407409668,
					"bytes":	62914560,
					"bits_per_second":	503301360.45420235,
					"retransmits":	0,
					"snd_cwnd":	3285512,
					"snd_wnd":	3143552,
					"rtt":	49099,
					"rttvar":	789,
					"pmtu":	1500,
					"omitted":	false,
					"sender":	true
				}],
			"sum":	{
				"start":	43.000081,
				"end":	44.000111,
				"seconds":	1.0000300407409668,
				"bytes":	62914560,
				"bits_per_second":	503301360.45420235,
				"retransmits":	0,
				"omitted":	false,
				"sender":	true
			}
		}, {
			"streams":	[{
					"socket":	6,
					"start":	44.000111,
					"end":	45.000075,
					"seconds":	0.99996399879455566,
					"bytes":	62914560,
					"bits_per_second":	503334600.65236533,
					"retransmits":	0,
					"snd_cwnd":	3285512,
					"snd_wnd":	3143552,
					"rtt":	49831,
					"rttvar":	846,
					"pmtu":	1500,
					"omitted":	false,
					"sender":	true
				}],
			"sum":	{
				"start":	44.000111,
				"end":	45.000075,
				"seconds":	0.99996399879455566,
				"bytes":	62914560,
				"bits_per_second":	503334600.65236533,
				"retransmits":	0,
				"omitted":	false,
				"sender":	true
			}
		}, {
			"streams":	[{
					"socket":	6,
					"start":	45.000075,
					"end":	46.000078,
					"seconds":	1.0000029802322388,
					"bytes":	64225280,
					"bits_per_second":	513800708.75456345,
					"retransmits":	0,
					"snd_cwnd":	3285512,
					"snd_wnd":	3143552,
					"rtt":	48269,
					"rttvar":	257,
					"pmtu":	1500,
					"omitted":	false,
					"sender":	true
				}],
			"sum":	{
				"start":	45.000075,
				"end":	46.000078,
				"seconds":	1.0000029802322388,
				"bytes":	64225280,
				"bits_per_second":	513800708.75456345,
				"retransmits":	0,
				"omitted":	false,
				"sender":	true
			}
		}, {
			"streams":	[{
					"socket":	6,
					"start":	46.000078,
					"end":	47.000072,
					"seconds":	0.99999397993087769,
					"bytes":	62914560,
					"bits_per_second":	503319510.018241,
					"retransmits":	0,
					"snd_cwnd":	3285512,
					"snd_wnd":	3143552,
					"rtt":	47768,
					"rttvar":	360,
					"pmtu":	1500,
					"omitted":	false,
					"sender":	true
				}],
			"sum":	{
				"start":	46.000078,
				"end":	47.000072,
				"seconds":	0.99999397993087769,
				"bytes":	62914560,
				"bits_per_second":	503319510.018241,
				"retransmits":	0,
				"omitted":	false,
				"sender":	true
			}
		}, {
			"streams":	[{
					"socket":	6,
					"start":	47.000072,
					"end":	48.000076,
					"seconds":	1.0000040531158447,
					"bytes":	62914560,
					"bits_per_second":	503314440.0082683,
					"retransmits":	0,
					"snd_cwnd":	3285512,
					"snd_wnd":	3143552,
					"rtt":	48599,
					"rttvar":	973,
					"pmtu":	1500,
					"omitted":	false,
					"sender":	true
				}],
			"sum":	{
				"start":	47.000072,
				"end":	48.000076,
				"seconds":	1.0000040531158447,
				"bytes":	62914560,
				"bits_per_second":	503314440.0082683,
				"retransmits":	0,
				"omitted":	false,
				"sender":	true
			}
		}, {
			"streams":	[{
					"socket":	6,
					"start":	48.000076,
					"end":	49.000074,
					"seconds":	0.99999797344207764,
					"bytes":	62914560,
					"bits_per_second":	503317500.002067,
					"retransmits":	0,
					"snd_cwnd":	3285512,
					"snd_wnd":	3143552,
					"rtt":	49431,
					"rttvar":	454,
					"pmtu":	1500,
					"omitted":	false,
					"sender":	true
				}],
			"sum":	{
				"start":	48.000076,
				"end":	49.000074,
				"seconds":	0.99999797344207764,
				"bytes":	62914560,
				"bits_per_second":	503317500.002067,
				"retransmits":	0,
				"omitted":	false,
				"sender":	true
			}
		}, {
			"streams":	[{
					"socket":	6,
					"start":	49.000074,
					"end":	50.000085,
					"seconds":	1.0000109672546387,
					"bytes":	62914560,
					"bits_per_second":	503310960.06053859,
					"retransmits":	0,
					"snd_cwnd":	3285512,
					"snd_wnd":	3143552,
					"rtt":	49253,
					"rttvar":	259,
					"pmtu":	1500,
					"omitted":	false,
					"sender":	true
				}],
			"sum":	{
				"start":	49.000074,
				"end":	50.000085,
				"seconds":	1.0000109672546387,
				"bytes":	62914560,
				"bits_per_second":	503310960.06053859,
				"retransmits":	0,
				"omitted":	false,
				"sender":	true
			}
		}, {
			"streams":	[{
					"socket":	6,
					"start":	50.000085,
					"end":	51.000111,
					"seconds":	1.0000259876251221,
					"bytes":	61603840,
					"bits_per_second":	492817912.83282787,
					"retransmits":	0,
					"snd_cwnd":	3285512,
					"snd_wnd":	3143552,
					"rtt":	48892,
					"rttvar":	469,
					"pmtu":	1500,
					"omitted":	false,
					"sender":	true
				}],
			"sum":	{
				"start":	50.000085,
				"end":	51.000111,
				"seconds":	1.0000259876251221,
				"bytes":	61603840,
				"bits_per_second":	492817912.83282787,
				"retransmits":	0,
				"omitted":	false,
				"sender":	true
			}
		}, {
			"streams":	[{
					"socket":	6,
					"start":	51.000111,
					"end":	52.000112,
					"seconds":	1.0000009536743164,
					"bytes":	77332480,
					"bits_per_second":	618659250.00056267,
					"retransmits":	0,
					"snd_cwnd":	3285512,
					"snd_wnd":	3143552,
					"rtt":	47890,
					"rttvar":	583,
					"pmtu":	1500,
					"omitted":	false,
					"sender":	true
				}],
			"sum":	{
				"start":	51.000111,
				"end":	52.000112,
				"seconds":	1.0000009536743164,
				"bytes":	77332480,
				"bits_per_second":	618659250.00056267,
				"retransmits":	0,
				"omitted":	false,
				"sender":	true
			}
		}, {
			"streams":	[{
					"socket":	6,
					"start":	52.000112,
					"end":	53.000077,
					"seconds":	0.999965012073517,
					"bytes":	62914560,
					"bits_per_second":	503334090.616159,
					"retransmits":	0,
					"snd_cwnd":	3285512,
					"snd_wnd":	3143552,
					"rtt":	49485,
					"rttvar":	310,
					"pmtu":	1500,
					"omitted":	false,
					"sender":	true
				}],
			"sum":	{
				"start":	52.000112,
				"end":	53.000077,
				"seconds":	0.999965012073517,
				"bytes":	62914560,
				"bits_per_second":	503334090.616159,
				"retransmits":	0,
				"omitted":	false,
				"sender":	true
			}
		}, {
			"streams":	[{
					"socket":	6,
					"start":	53.000077,
					"end":	54.000075,
					"seconds":	0.99999797344207764,
					"bytes":	62914560,
					"bits_per_second":	503317500.002067,
					"retransmits":	0,
					"snd_cwnd":	3285512,
					"snd_wnd":	3143552,
					"rtt":	49598,
					"rttvar":	905,
					"pmtu":	1500,
					"omitted":	false,
					"sender":	true
				}],
			"sum":	{
				"start":	53.000077,
				"end":	54.000075,
				"seconds":	0.99999797344207764,
				"bytes":	62914560,
				"bits_per_second":	503317500.002067,
				"retransmits":	0,
				"omitted":	false,
				"sender":	true
			}
		}, {
			"streams":	[{
					"socket":	6,
					"start":	54.000075,
					"end":	55.000076,
					"seconds":	1.0000009536743164,
					"bytes":	62914560,
					"bits_per_second":	503316000.00045776,
					"retransmits":	0,
					"snd_cwnd":	3285512,
					"snd_wnd":	3143552,
					"rtt":	48994,
					"rttvar":	598,
					"pmtu":	1500,
					"omitted":	false,
					"sender":	true
				}],
			"sum":	{
				"start":	54.000075,
				"end":	55.000076,
				"seconds":	1.0000009536743164,
				"bytes":	62914560,
				"bits_per_second":	503316000.00045776,
				"retransmits":	0,
				"omitted":	false,
				"sender":	true
			}
		}, {
			"streams":	[{
					"socket":	6,
					"start":	55.000076,
					"end":	56.00008,
					"seconds":	1.0000040531158447,
					"bytes":	62914560,
					"bits_per_second":	503314440.0082683,
					"retransmits":	0,
					"snd_cwnd":	3285512,
					"snd_wnd":	3143552,
					"rtt":	49884,
					"rttvar":	490,
					"pmtu":	1500,
					"omitted":	false,
					"sender":	true
				}],
			"sum":	{
				"start":	55.000076,
				"end":	56.00008,
				"seconds":	1.0000040531158447,
				"bytes":	62914560,
				"bits_per_second":	503314440.0082683,
				"retransmits":	0,
				"omitted":	false,
				"sender":	true
			}
		}, {
			"streams":	[{
					"socket":	6,
					"start":	56.00008,
					"end":	57.000081,
					"seconds":	1.0000009536743164,
					"bytes":	62914560,
					"bits_per_second":	503316000.00045776,
					"retransmits":	0,
					"snd_cwnd":	3285512,
					"snd_wnd":	3143552,
					"rtt":	48939,
					"rttvar":	658,
					"pmtu":	1500,
					"omitted":	false,
					"sender":	true
				}],
			"sum":	{
				"start":	56.00008,
				"end":	57.000081,
				"seconds":	1.0000009536743164,
				"bytes":	62914560,
				"bits_per_second":	503316000.00045776,
				"retransmits":	0,
				"omitted":	false,
				"sender":	true
			}
		}, {
			"streams":	[{
					"socket":	6,
					"start":	57.000081,
					"end":	58.00008,
					"seconds":	0.99999898672103882,
					"bytes":	62914560,
					"bits_per_second":	503316990.00051677,
					"retransmits":	0,
					"snd_cwnd":	3285512,
					"snd_wnd":	3143552,
					"rtt":	48562,
					"rttvar":	436,
					"pmtu":	1500,
					"omitted":	false,
					"sender":	true
				}],
			"sum":	{
				"start":	57.000081,
				"end":	58.00008,
				"seconds":	0.99999898672103882,
				"bytes":	62914560,
				"bits_per_second":	503316990.00051677,
				"retransmits":	0,
				"omitted":	false,
				"sender":	true
			}
		}, {
			"streams":	[{
					"socket":	6,
					"start":	58.00008,
					"end":	59.000078,
					"seconds":	0.99999797344207764,
					"bytes":	62914560,
					"bits_per_second":	503317500.002067,
					"retransmits":	0,
					"snd_cwnd":	3285512,
					"snd_wnd":	3143552,
					"rtt":	49489,
					"rttvar":	550,
					"pmtu":	1500,
					"omitted":	false,
					"sender":	true
				}],
			"sum":	{
				"start":	58.00008,
				"end":	59.000078,
				"seconds":	0.99999797344207764,
				"bytes":	62914560,
				"bits_per_second":	503317500.002067,
				"retransmits":	0,
				"omitted":	false,
				"sender":	true
			}
		}, {
			"streams":	[{
					"socket":	6,
					"start":	59.000078,
					"end":	60.000086,
					"seconds":	1.0000079870224,
					"bytes":	62914560,
					"bits_per_second":	503312460.03210759,
					"retransmits":	0,
					"snd_cwnd":	3285512,
					"snd_wnd":	3143552,
					"rtt":	50282,
					"rttvar":	853,
					"pmtu":	1500,
					"omitted":	false,
					"sender":	true
				}],
			"sum":	{
				"start":	59.000078,
				"end":	60.000086,
				"seconds":	1.0000079870224,
				"bytes":	62914560,
				"bits_per_second":	503312460.03210759,
				"retransmits":	0,
				"omitted":	false,
				"sender":	true
			}
		}],
	"end":	{
		"streams":	[{
				"sender":	{
					"socket":	6,
					"start":	0,
					"end":	60.000086,
					"seconds":	60.000086,
					"bytes":	4518576128,
					"bits_per_second":	602475953.5178,
					"retransmits":	0,
					"max_snd_cwnd":	3285512,
					"max_snd_wnd":	3143552,
					"max_rtt":	50992,
					"min_rtt":	25149,
					"mean_rtt":	43695,
					"sender":	true
				},
				"receiver":	{
					"socket":	6,
					"start":	0,
					"end":	60.050364,
					"seconds":	60.000086,
					"bytes":	4517786128,
					"bits_per_second":	601866277.180268,
					"sender":	true
				}
			}],
		"sum_sent":	{
			"start":	0,
			"end":	60.000086,
			"seconds":	60.000086,
			"bytes":	4518576128,
			"bits_per_second":	602475953.5178,
			"retransmits":	0,
			"sender":	true
		},
		"sum_received":	{
			"start":	0,
			"end":	60.050364,
			"seconds":	60.050364,
			"bytes":	4517786128,
			"bits_per_second":	601866277.180268,
			"sender":	true
		},
		"cpu_utilization_percent":	{
			"host_total":	0.907649375500916,
			"host_user":	0.029476200159260117,
			"host_system":	0.87817317534165573,
			"remote_total":	3.1828961771883915,
			"remote_user":	0.23584342061801883,
			"remote_system":	2.9470544218372439
		},
		"sender_tcp_congestion":	"cubic",
		"receiver_tcp_congestion":	"cubic"
	}
}
