{
	"start":	{
		"connected":	[{
				"socket":	6,
				"local_host":	"192.168.101.210",
				"local_port":	57794,
				"remote_host":	"192.168.100.168",
				"remote_port":	5201
			}],
		"version":	"iperf 3.11",
		"system_info":	"Linux f1 6.0.10-300.fc37.x86_64 #1 SMP PREEMPT_DYNAMIC Sat Nov 26 16:55:13 UTC 2022 x86_64",
		"timestamp":	{
			"time":	"Sat, 10 Dec 2022 20:10:07 GMT",
			"timesecs":	1670703007
		},
		"connecting_to":	{
			"host":	"192.168.100.168",
			"port":	5201
		},
		"cookie":	"he5qxd6x65xq7aqrkjzwd7b5okia3exykd3m",
		"tcp_mss_default":	1448,
		"target_bitrate":	0,
		"sock_bufsize":	0,
		"sndbuf_actual":	16384,
		"rcvbuf_actual":	131072,
		"test_start":	{
			"protocol":	"TCP",
			"num_streams":	1,
			"blksize":	131072,
			"omit":	0,
			"duration":	60,
			"bytes":	0,
			"blocks":	0,
			"reverse":	0,
			"tos":	0,
			"target_bitrate":	0
		}
	},
	"intervals":	[{
			"streams":	[{
					"socket":	6,
					"start":	0,
					"end":	1.000323,
					"seconds":	1.0003230571746826,
					"bytes":	1219216,
					"bits_per_second":	9750578.00581792,
					"retransmits":	58,
					"snd_cwnd":	60816,
					"snd_wnd":	795520,
					"rtt":	78073,
					"rttvar":	1006,
					"pmtu":	1500,
					"omitted":	false,
					"sender":	true
				}],
			"sum":	{
				"start":	0,
				"end":	1.000323,
				"seconds":	1.0003230571746826,
				"bytes":	1219216,
				"bits_per_second":	9750578.00581792,
				"retransmits":	58,
				"omitted":	false,
				"sender":	true
			}
		}, {
			"streams":	[{
					"socket":	6,
					"start":	1.000323,
					"end":	2.000088,
					"seconds":	0.99976497888565063,
					"bytes":	1042560,
					"bits_per_second":	8342440.6496978858,
					"retransmits":	0,
					"snd_cwnd":	69504,
					"snd_wnd":	795520,
					"rtt":	75547,
					"rttvar":	1120,
					"pmtu":	1500,
					"omitted":	false,
					"sender":	true
				}],
			"sum":	{
				"start":	1.000323,
				"end":	2.000088,
				"seconds":	0.99976497888565063,
				"bytes":	1042560,
				"bits_per_second":	8342440.6496978858,
				"retransmits":	0,
				"omitted":	false,
				"sender":	true
			}
		}, {
			"streams":	[{
					"socket":	6,
					"start":	2.000088,
					"end":	3.000246,
					"seconds":	1.0001579523086548,
					"bytes":	781920,
					"bits_per_second":	6254372.1074864361,
					"retransmits":	0,
					"snd_cwnd":	79640,
					"snd_wnd":	795520,
					"rtt":	81053,
					"rttvar":	515,
					"pmtu":	1500,
					"omitted":	false,
					"sender":	true
				}],
			"sum":	{
				"start":	2.000088,
				"end":	3.000246,
				"seconds":	1.0001579523086548,
				"bytes":	781920,
				"bits_per_second":	6254372.1074864361,
				"retransmits":	0,
				"omitted":	false,
				"sender":	true
			}
		}, {
			"streams":	[{
					"socket":	6,
					"start":	3.000246,
					"end":	4.000081,
					"seconds":	0.99983501434326172,
					"bytes":	1107720,
					"bits_per_second":	8863222.3045527339,
					"retransmits":	2,
					"snd_cwnd":	68056,
					"snd_wnd":	796800,
					"rtt":	70511,
					"rttvar":	1240,
					"pmtu":	1500,
					"omitted":	false,
					"sender":	true
				}],
			"sum":	{
				"start":	3.000246,
				"end":	4.000081,
				"seconds":	0.99983501434326172,
				"bytes":	1107720,
				"bits_per_second":	8863222.3045527339,
				"retransmits":	2,
				"omitted":	false,
				"sender":	true
			}
		}, {
			"streams":	[{
					"socket":	6,
					"start":	4.000081,
					"end":	5.000256,
					"seconds":	1.0001749992370605,
					"bytes":	781920,
					"bits_per_second":	6254265.5083076721,
					"retransmits":	0,
					"snd_cwnd":	79640,
					"snd_wnd":	796800,
					"rtt":	80026,
					"rttvar":	1174,
					"pmtu":	1500,
					"omitted":	false,
					"sender":	true
				}],
			"sum":	{
				"start":	4.000081,
				"end":	5.000256,
				"seconds":	1.0001749992370605,
				"bytes":	781920,
				"bits_per_second":	6254265.5083076721,
				"retransmits":	0,
				"omitted":	false,
				"sender":	true
			}
		}, {
			"streams":	[{
					"socket":	6,
					"start":	5.000256,
					"end":	6.000161,
					"seconds":	0.999904990196228,
					"bytes":	1042560,
					"bits_per_second":	8341272.5026636869,
					"retransmits":	2,
					"snd_cwnd":	60816,
					"snd_wnd":	796800,
					"rtt":	63025,
					"rttvar":	1249,
					"pmtu":	1500,
					"omitted":	false,
					"sender":	true
				}],
			"sum":	{
				"start":	5.000256,
				"end":	6.000161,
				"seconds":	0.999904990196228,
				"bytes":	1042560,
				"bits_per_second":	8341272.5026636869,
				"retransmits":	2,
				"omitted":	false,
				"sender":	true
			}
		}, {
			"streams":	[{
					"socket":	6,
					"start":	6.000161,
					"end":	7.000077,
					"seconds":	0.99991601705551147,
					"bytes":	1042560,
					"bits_per_second":	8341180.51690032,
					"retransmits":	0,
					"snd_cwnd":	75296,
					"snd_wnd":	796800,
					"rtt":	75223,
					"rttvar":	521,
					"pmtu":	1500,
					"omitted":	false,
					"sender":	true
				}],
			"sum":	{
				"start":	6.000161,
				"end":	7.000077,
				"seconds":	0.99991601705551147,
				"bytes":	1042560,
				"bits_per_second":	8341180.51690032,
				"retransmits":	0,
				"omitted":	false,
				"sender":	true
			}
		}, {
			"streams":	[{
					"socket":	6,
					"start":	7.000077,
					"end":	8.000244,
					"seconds":	1.0001670122146606,
					"bytes":	781920,
					"bits_per_second":	6254315.45292502,
					"retransmits":	1,
					"snd_cwnd":	78192,
					"snd_wnd":	796800,
					"rtt":	83730,
					"rttvar":	454,
					"pmtu":	1500,
					"omitted":	false,
					"sender":	true
				}],
			"sum":	{
				"start":	7.000077,
				"end":	8.000244,
				"seconds":	1.0001670122146606,
				"bytes":	781920,
				"bits_per_second":	6254315.45292502,
				"retransmits":	1,
				"omitted":	false,
				"sender":	true
			}
		}, {
			"streams":	[{
					"socket":	6,
					"start":	8.000244,
					"end":	9.00012,
					"seconds":	0.99987602233886719,
					"bytes":	1042560,
					"bits_per_second":	8341514.16141604,
					"retransmits":	0,
					"snd_cwnd":	72400,
					"snd_wnd":	796800,
					"rtt":	75679,
					"rttvar":	625,
					"pmtu":	1500,
					"omitted":	false,
					"sender":	true
				}],
			"sum":	{
				"start":	8.000244,
				"end":	9.00012,
				"seconds":	0.99987602233886719,
				"bytes":	1042560,
				"bits_per_second":	8341514.16141604,
				"retransmits":	0,
				"omitted":	false,
				"sender":	true
			}
		}, {
			"streams":	[{
					"socket":	6,
					"start":	9.00012,
					"end":	10.000296,
					"seconds":	1.000175952911377,
					"bytes":	781920,
					"bits_per_second":	6254259.54482458,
					"retransmits":	0,
					"snd_cwnd":	81088,
					"snd_wnd":	796800,
					"rtt":	83451,
					"rttvar":	248,
					"pmtu":	1500,
					"omitted":	false,
					"sender":	true
				}],
			"sum":	{
				"start":	9.00012,
				"end":	10.000296,
				"seconds":	1.000175952911377,
				"bytes":	781920,
				"bits_per_second":	6254259.54482458,
				"retransmits":	0,
				"omitted":	false,
				"sender":	true
			}
		}, {
			"streams":	[{
					"socket":	6,
					"start":	10.000296,
					"end":	11.000244,
					"seconds":	0.999948024749756,
					"bytes":	1042560,
					"bits_per_second":	8340913.5210675225,
					"retransmits":	2,
					"snd_cwnd":	63712,
					"snd_wnd":	796800,
					"rtt":	75994,
					"rttvar":	1992,
					"pmtu":	1500,
					"omitted":	false,
					"sender":	true
				}],
			"sum":	{
				"start":	10.000296,
				"end":	11.000244,
				"seconds":	0.999948024749756,
				"bytes":	1042560,
				"bits_per_second":	8340913.5210675225,
				"retransmits":	2,
				"omitted":	false,
				"sender":	true
			}
		}, {
			"streams":	[{
					"socket":	6,
					"start":	11.000244,
					"end":	12.000168,
					"seconds":	0.99992400407791138,
					"bytes":	781920,
					"bits_per_second":	6255835.4179810239,
					"retransmits":	3,
					"snd_cwnd":	52128,
					"snd_wnd":	796800,
					"rtt":	82742,
					"rttvar":	1150,
					"pmtu":	1500,
					"omitted":	false,
					"sender":	true
				}],
			"sum":	{
				"start":	11.000244,
				"end":	12.000168,
				"seconds":	0.99992400407791138,
				"bytes":	781920,
				"bits_per_second":	6255835.4179810239,
				"retransmits":	3,
				"omitted":	false,
				"sender":	true
			}
		}, {
			"streams":	[{
					"socket":	6,
					"start":	12.000168,
					"end":	13.000357,
					"seconds":	1.000188946723938,
					"bytes":	521280,
					"bits_per_second":	4169452.1956670126,
					"retransmits":	4,
					"snd_cwnd":	41992,
					"snd_wnd":	796800,
					"rtt":	71822,
					"rttvar":	1810,
					"pmtu":	1500,
					"omitted":	false,
					"sender":	true
				}],
			"sum":	{
				"start":	12.000168,
				"end":	13.000357,
				"seconds":	1.000188946723938,
				"bytes":	521280,
				"bits_per_second":	4169452.1956670126,
				"retransmits":	4,
				"omitted":	false,
				"sender":	true
			}
		}, {
			"streams":	[{
					"socket":	6,
					"start":	13.000357,
					"end":	14.000419,
					"seconds":	1.0000619888305664,
					"bytes":	521280,
					"bits_per_second":	4169981.5077228528,
					"retransmits":	2,
					"snd_cwnd":	37648,
					"snd_wnd":	796800,
					"rtt":	81203,
					"rttvar":	1534,
					"pmtu":	1500,
					"omitted":	false,
					"sender":	true
				}],
			"sum":	{
				"start":	13.000357,
				"end":	14.000419,
				"seconds":	1.0000619888305664,
				"bytes":	521280,
				"bits_per_second":	4169981.5077228528,
				"retransmits":	2,
				"omitted":	false,
				"sender":	true
			}
		}, {
			"streams":	[{
					"socket":	6,
					"start":	14.000419,
					"end":	15.000311,
					"seconds":	0.999891996383667,
					"bytes":	521280,
					"bits_per_second":	4170690.4496511677,
					"retransmits":	2,
					"snd_cwnd":	31856,
					"snd_wnd":	796800,
					"rtt":	78735,
					"rttvar":	2222,
					"pmtu":	1500,
					"omitted":	false,
					"sender":	true
				}],
			"sum":	{
				"start":	14.000419,
				"end":	15.000311,
				"seconds":	0.999891996383667,
				"bytes":	521280,
				"bits_per_second":	4170690.4496511677,
				"retransmits":	2,
				"omitted":	false,
				"sender":	true
			}
		}, {
			"streams":	[{
					"socket":	6,
					"start":	15.000311,
					"end":	16.000653,
					"seconds":	1.0003420114517212,
					"bytes":	325800,
					"bits_per_second":	2605508.8861233843,
					"retransmits":	2,
					"snd_cwnd":	28960,
					"snd_wnd":	796800,
					"rtt":	85197,
					"rttvar":	1324,
					"pmtu":	1500,
					"omitted":	false,
					"sender":	true
				}],
			"sum":	{
				"start":	15.000311,
				"end":	16.000653,
				"seconds":	1.0003420114517212,
				"bytes":	325800,
				"bits_per_second":	2605508.8861233843,
				"retransmits":	2,
				"omitted":	false,
				"sender":	true
			}
		}, {
			"streams":	[{
					"socket":	6,
					"start":	16.000653,
					"end":	17.00076,
					"seconds":	1.0001070499420166,
					"bytes":	260640,
					"bits_per_second":	2084896.8119171737,
					"retransmits":	2,
					"snd_cwnd":	27512,
					"snd_wnd":	796800,
					"rtt":	77048,
					"rttvar":	1937,
					"pmtu":	1500,
					"omitted":	false,
					"sender":	true
				}],
			"sum":	{
				"start":	16.000653,
				"end":	17.00076,
				"seconds":	1.0001070499420166,
				"bytes":	260640,
				"bits_per_second":	2084896.8119171737,
				"retransmits":	2,
				"omitted":	false,
				"sender":	true
			}
		}, {
			"streams":	[{
					"socket":	6,
					"start":	17.00076,
					"end":	18.000226,
					"seconds":	0.99946600198745728,
					"bytes":	521280,
					"bits_per_second":	4172468.08966728,
					"retransmits":	1,
					"snd_cwnd":	24616,
					"snd_wnd":	796800,
					"rtt":	69867,
					"rttvar":	3103,
					"pmtu":	1500,
					"omitted":	false,
					"sender":	true
				}],
			"sum":	{
				"start":	17.00076,
				"end":	18.000226,
				"seconds":	0.99946600198745728,
				"bytes":	521280,
				"bits_per_second":	4172468.08966728,
				"retransmits":	1,
				"omitted":	false,
				"sender":	true
			}
		}, {
			"streams":	[{
					"socket":	6,
					"start":	18.000226,
					"end":	19.000397,
					"seconds":	1.0001709461212158,
					"bytes":	260640,
					"bits_per_second":	2084763.6177458945,
					"retransmits":	3,
					"snd_cwnd":	15928,
					"snd_wnd":	795264,
					"rtt":	83501,
					"rttvar":	6703,
					"pmtu":	1500,
					"omitted":	false,
					"sender":	true
				}],
			"sum":	{
				"start":	18.000226,
				"end":	19.000397,
				"seconds":	1.0001709461212158,
				"bytes":	260640,
				"bits_per_second":	2084763.6177458945,
				"retransmits":	3,
				"omitted":	false,
				"sender":	true
			}
		}, {
			"streams":	[{
					"socket":	6,
					"start":	19.000397,
					"end":	20.000404,
					"seconds":	1.0000070333480835,
					"bytes":	260640,
					"bits_per_second":	2085105.33472839,
					"retransmits":	0,
					"snd_cwnd":	26064,
					"snd_wnd":	796800,
					"rtt":	82664,
					"rttvar":	1545,
					"pmtu":	1500,
					"omitted":	false,
					"sender":	true
				}],
			"sum":	{
				"start":	19.000397,
				"end":	20.000404,
				"seconds":	1.0000070333480835,
				"bytes":	260640,
				"bits_per_second":	2085105.33472839,
				"retransmits":	0,
				"omitted":	false,
				"sender":	true
			}
		}, {
			"streams":	[{
					"socket":	6,
					"start":	20.000404,
					"end":	21.000209,
					"seconds":	0.999804973602295,
					"bytes":	260640,
					"bits_per_second":	2085526.7327660089,
					"retransmits":	6,
					"snd_cwnd":	17376,
					"snd_wnd":	796800,
					"rtt":	18008,
					"rttvar":	1919,
					"pmtu":	1500,
					"omitted":	false,
					"sender":	true
				}],
			"sum":	{
				"start":	20.000404,
				"end":	21.000209,
				"seconds":	0.999804973602295,
				"bytes":	260640,
				"bits_per_second":	2085526.7327660089,
				"retransmits":	6,
				"omitted":	false,
				"sender":	true
			}
		}, {
			"streams":	[{
					"socket":	6,
					"start":	21.000209,
					"end":	22.000244,
					"seconds":	1.0000350475311279,
					"bytes":	521280,
					"bits_per_second":	4170093.8485060381,
					"retransmits":	0,
					"snd_cwnd":	33304,
					"snd_wnd":	796800,
					"rtt":	55097,
					"rttvar":	1446,
					"pmtu":	1500,
					"omitted":	false,
					"sender":	true
				}],
			"sum":	{
				"start":	21.000209,
				"end":	22.000244,
				"seconds":	1.0000350475311279,
				"bytes":	521280,
				"bits_per_second":	4170093.8485060381,
				"retransmits":	0,
				"omitted":	false,
				"sender":	true
			}
		}, {
			"streams":	[{
					"socket":	6,
					"start":	22.000244,
					"end":	23.000379,
					"seconds":	1.0001349449157715,
					"bytes":	521280,
					"bits_per_second":	4169677.32324482,
					"retransmits":	0,
					"snd_cwnd":	46336,
					"snd_wnd":	796800,
					"rtt":	64696,
					"rttvar":	729,
					"pmtu":	1500,
					"omitted":	false,
					"sender":	true
				}],
			"sum":	{
				"start":	22.000244,
				"end":	23.000379,
				"seconds":	1.0001349449157715,
				"bytes":	521280,
				"bits_per_second":	4169677.32324482,
				"retransmits":	0,
				"omitted":	false,
				"sender":	true
			}
		}, {
			"streams":	[{
					"socket":	6,
					"start":	23.000379,
					"end":	24.000274,
					"seconds":	0.99989497661590576,
					"bytes":	781920,
					"bits_per_second":	6256017.02807924,
					"retransmits":	0,
					"snd_cwnd":	56472,
					"snd_wnd":	796800,
					"rtt":	69342,
					"rttvar":	811,
					"pmtu":	1500,
					"omitted":	false,
					"sender":	true
				}],
			"sum":	{
				"start":	23.000379,
				"end":	24.000274,
				"seconds":	0.99989497661590576,
				"bytes":	781920,
				"bits_per_second":	6256017.02807924,
				"retransmits":	0,
				"omitted":	false,
				"sender":	true
			}
		}, {
			"streams":	[{
					"socket":	6,
					"start":	24.000274,
					"end":	25.000299,
					"seconds":	1.0000250339508057,
					"bytes":	781920,
					"bits_per_second":	6255203.4075456159,
					"retransmits":	0,
					"snd_cwnd":	68056,
					"snd_wnd":	796800,
					"rtt":	75378,
					"rttvar":	534,
					"pmtu":	1500,
					"omitted":	false,
					"sender":	true
				}],
			"sum":	{
				"start":	24.000274,
				"end":	25.000299,
				"seconds":	1.0000250339508057,
				"bytes":	781920,
				"bits_per_second":	6255203.4075456159,
				"retransmits":	0,
				"omitted":	false,
				"sender":	true
			}
		}, {
			"streams":	[{
					"socket":	6,
					"start":	25.000299,
					"end":	26.000109,
					"seconds":	0.999809980392456,
					"bytes":	1042560,
					"bits_per_second":	8342065.15594704,
					"retransmits":	0,
					"snd_cwnd":	76744,
					"snd_wnd":	796800,
					"rtt":	83372,
					"rttvar":	834,
					"pmtu":	1500,
					"omitted":	false,
					"sender":	true
				}],
			"sum":	{
				"start":	25.000299,
				"end":	26.000109,
				"seconds":	0.999809980392456,
				"bytes":	1042560,
				"bits_per_second":	8342065.15594704,
				"retransmits":	0,
				"omitted":	false,
				"sender":	true
			}
		}, {
			"streams":	[{
					"socket":	6,
					"start":	26.000109,
					"end":	27.000205,
					"seconds":	1.0000959634780884,
					"bytes":	781920,
					"bits_per_second":	6254759.77149772,
					"retransmits":	4,
					"snd_cwnd":	66608,
					"snd_wnd":	796800,
					"rtt":	72973,
					"rttvar":	329,
					"pmtu":	1500,
					"omitted":	false,
					"sender":	true
				}],
			"sum":	{
				"start":	26.000109,
				"end":	27.000205,
				"seconds":	1.0000959634780884,
				"bytes":	781920,
				"bits_per_second":	6254759.77149772,
				"retransmits":	4,
				"omitted":	false,
				"sender":	true
			}
		}, {
			"streams":	[{
					"socket":	6,
					"start":	27.000205,
					"end":	28.00007,
					"seconds":	0.99986499547958374,
					"bytes":	1042560,
					"bits_per_second":	8341606.1545383949,
					"retransmits":	0,
					"snd_cwnd":	75296,
					"snd_wnd":	796800,
					"rtt":	84131,
					"rttvar":	884,
					"pmtu":	1500,
					"omitted":	false,
					"sender":	true
				}],
			"sum":	{
				"start":	27.000205,
				"end":	28.00007,
				"seconds":	0.99986499547958374,
				"bytes":	1042560,
				"bits_per_second":	8341606.1545383949,
				"retransmits":	0,
				"omitted":	false,
				"sender":	true
			}
		}, {
			"streams":	[{
					"socket":	6,
					"start":	28.00007,
					"end":	29.000149,
					"seconds":	1.0000790357589722,
					"bytes":	781920,
					"bits_per_second":	6254865.64194672,
					"retransmits":	2,
					"snd_cwnd":	62264,
					"snd_wnd":	796800,
					"rtt":	68232,
					"rttvar":	1031,
					"pmtu":	1500,
					"omitted":	false,
					"sender":	true
				}],
			"sum":	{
				"start":	28.00007,
				"end":	29.000149,
				"seconds":	1.0000790357589722,
				"bytes":	781920,
				"bits_per_second":	6254865.64194672,
				"retransmits":	2,
				"omitted":	false,
				"sender":	true
			}
		}, {
			"streams":	[{
					"socket":	6,
					"start":	29.000149,
					"end":	30.000242,
					"seconds":	1.0000929832458496,
					"bytes":	781920,
					"bits_per_second":	6254778.41040133,
					"retransmits":	0,
					"snd_cwnd":	73848,
					"snd_wnd":	796800,
					"rtt":	79933,
					"rttvar":	2054,
					"pmtu":	1500,
					"omitted":	false,
					"sender":	true
				}],
			"sum":	{
				"start":	29.000149,
				"end":	30.000242,
				"seconds":	1.0000929832458496,
				"bytes":	781920,
				"bits_per_second":	6254778.41040133,
				"retransmits":	0,
				"omitted":	false,
				"sender":	true
			}
		}, {
			"streams":	[{
					"socket":	6,
					"start":	30.000242,
					"end":	31.000099,
					"seconds":	0.999857008457184,
					"bytes":	1042560,
					"bits_per_second":	8341672.7886617184,
					"retransmits":	0,
					"snd_cwnd":	78192,
					"snd_wnd":	796800,
					"rtt":	82893,
					"rttvar":	299,
					"pmtu":	1500,
					"omitted":	false,
					"sender":	true
				}],
			"sum":	{
				"start":	30.000242,
				"end":	31.000099,
				"seconds":	0.999857008457184,
				"bytes":	1042560,
				"bits_per_second":	8341672.7886617184,
				"retransmits":	0,
				"omitted":	false,
				"sender":	true
			}
		}, {
			"streams":	[{
					"socket":	6,
					"start":	31.000099,
					"end":	32.000256,
					"seconds":	1.0001569986343384,
					"bytes":	847080,
					"bits_per_second":	6775576.24378287,
					"retransmits":	3,
					"snd_cwnd":	63712,
					"snd_wnd":	796800,
					"rtt":	80566,
					"rttvar":	1894,
					"pmtu":	1500,
					"omitted":	false,
					"sender":	true
				}],
			"sum":	{
				"start":	31.000099,
				"end":	32.000256,
				"seconds":	1.0001569986343384,
				"bytes":	847080,
				"bits_per_second":	6775576.24378287,
				"retransmits":	3,
				"omitted":	false,
				"sender":	true
			}
		}, {
			"streams":	[{
					"socket":	6,
					"start":	32.000256,
					"end":	33.000427,
					"seconds":	1.0001709461212158,
					"bytes":	586440,
					"bits_per_second":	4690718.1399282627,
					"retransmits":	3,
					"snd_cwnd":	37648,
					"snd_wnd":	796800,
					"rtt":	64554,
					"rttvar":	2396,
					"pmtu":	1500,
					"omitted":	false,
					"sender":	true
				}],
			"sum":	{
				"start":	32.000256,
				"end":	33.000427,
				"seconds":	1.0001709461212158,
				"bytes":	586440,
				"bits_per_second":	4690718.1399282627,
				"retransmits":	3,
				"omitted":	false,
				"sender":	true
			}
		}, {
			"streams":	[{
					"socket":	6,
					"start":	33.000427,
					"end":	34.000436,
					"seconds":	1.0000089406967163,
					"bytes":	521280,
					"bits_per_second":	4170202.7154822755,
					"retransmits":	1,
					"snd_cwnd":	33304,
					"snd_wnd":	796800,
					"rtt":	70212,
					"rttvar":	1552,
					"pmtu":	1500,
					"omitted":	false,
					"sender":	true
				}],
			"sum":	{
				"start":	33.000427,
				"end":	34.000436,
				"seconds":	1.0000089406967163,
				"bytes":	521280,
				"bits_per_second":	4170202.7154822755,
				"retransmits":	1,
				"omitted":	false,
				"sender":	true
			}
		}, {
			"streams":	[{
					"socket":	6,
					"start":	34.000436,
					"end":	35.000243,
					"seconds":	0.99980700016021729,
					"bytes":	521280,
					"bits_per_second":	4171045.0110188532,
					"retransmits":	1,
					"snd_cwnd":	30408,
					"snd_wnd":	796800,
					"rtt":	76765,
					"rttvar":	1245,
					"pmtu":	1500,
					"omitted":	false,
					"sender":	true
				}],
			"sum":	{
				"start":	34.000436,
				"end":	35.000243,
				"seconds":	0.99980700016021729,
				"bytes":	521280,
				"bits_per_second":	4171045.0110188532,
				"retransmits":	1,
				"omitted":	false,
				"sender":	true
			}
		}, {
			"streams":	[{
					"socket":	6,
					"start":	35.000243,
					"end":	36.000482,
					"seconds":	1.0002390146255493,
					"bytes":	260640,
					"bits_per_second":	2084621.7449142274,
					"retransmits":	4,
					"snd_cwnd":	20272,
					"snd_wnd":	796800,
					"rtt":	73288,
					"rttvar":	5022,
					"pmtu":	1500,
					"omitted":	false,
					"sender":	true
				}],
			"sum":	{
				"start":	35.000243,
				"end":	36.000482,
				"seconds":	1.0002390146255493,
				"bytes":	260640,
				"bits_per_second":	2084621.7449142274,
				"retransmits":	4,
				"omitted":	false,
				"sender":	true
			}
		}, {
			"streams":	[{
					"socket":	6,
					"start":	36.000482,
					"end":	37.000621,
					"seconds":	1.0001389980316162,
					"bytes":	260640,
					"bits_per_second":	2084830.21270418,
					"retransmits":	2,
					"snd_cwnd":	18824,
					"snd_wnd":	796800,
					"rtt":	76086,
					"rttvar":	2875,
					"pmtu":	1500,
					"omitted":	false,
					"sender":	true
				}],
			"sum":	{
				"start":	36.000482,
				"end":	37.000621,
				"seconds":	1.0001389980316162,
				"bytes":	260640,
				"bits_per_second":	2084830.21270418,
				"retransmits":	2,
				"omitted":	false,
				"sender":	true
			}
		}, {
			"streams":	[{
					"socket":	6,
					"start":	37.000621,
					"end":	38.000643,
					"seconds":	1.0000220537185669,
					"bytes":	260640,
					"bits_per_second":	2085074.016364452,
					"retransmits":	0,
					"snd_cwnd":	27512,
					"snd_wnd":	796800,
					"rtt":	80537,
					"rttvar":	2208,
					"pmtu":	1500,
					"omitted":	false,
					"sender":	true
				}],
			"sum":	{
				"start":	37.000621,
				"end":	38.000643,
				"seconds":	1.0000220537185669,
				"bytes":	260640,
				"bits_per_second":	2085074.016364452,
				"retransmits":	0,
				"omitted":	false,
				"sender":	true
			}
		}, {
			"streams":	[{
					"socket":	6,
					"start":	38.000643,
					"end":	39.000747,
					"seconds":	1.0001039505004883,
					"bytes":	260640,
					"bits_per_second":	2084903.2732612749,
					"retransmits":	1,
					"snd_cwnd":	26064,
					"snd_wnd":	796800,
					"rtt":	77399,
					"rttvar":	1081,
					"pmtu":	1500,
					"omitted":	false,
					"sender":	true
				}],
			"sum":	{
				"start":	38.000643,
				"end":	39.000747,
				"seconds":	1.0001039505004883,
				"bytes":	260640,
				"bits_per_second":	2084903.2732612749,
				"retransmits":	1,
				"omitted":	false,
				"sender":	true
			}
		}, {
			"streams":	[{
					"socket":	6,
					"start":	39.000747,
					"end":	40.000756,
					"seconds":	1.0000089406967163,
					"bytes":	260640,
					"bits_per_second":	2085101.3577411377,
					"retransmits":	6,
					"snd_cwnd":	17376,
					"snd_wnd":	796800,
					"rtt":	74925,
					"rttvar":	2687,
					"pmtu":	1500,
					"omitted":	false,
					"sender":	true
				}],
			"sum":	{
				"start":	39.000747,
				"end":	40.000756,
				"seconds":	1.0000089406967163,
				"bytes":	260640,
				"bits_per_second":	2085101.3577411377,
				"retransmits":	6,
				"omitted":	false,
				"sender":	true
			}
		}, {
			"streams":	[{
					"socket":	6,
					"start":	40.000756,
					"end":	41.000532,
					"seconds":	0.999776005744934,
					"bytes":	260640,
					"bits_per_second":	2085587.1595421766,
					"retransmits":	0,
					"snd_cwnd":	26064,
					"snd_wnd":	796800,
					"rtt":	80190,
					"rttvar":	2289,
					"pmtu":	1500,
					"omitted":	false,
					"sender":	true
				}],
			"sum":	{
				"start":	40.000756,
				"end":	41.000532,
				"seconds":	0.999776005744934,
				"bytes":	260640,
				"bits_per_second":	2085587.1595421766,
				"retransmits":	0,
				"omitted":	false,
				"sender":	true
			}
		}, {
			"streams":	[{
					"socket":	6,
					"start":	41.000532,
					"end":	42.000623,
					"seconds":	1.0000909566879272,
					"bytes":	260640,
					"bits_per_second":	2084930.3616397462,
					"retransmits":	3,
					"snd_cwnd":	26064,
					"snd_wnd":	796800,
					"rtt":	79929,
					"rttvar":	2670,
					"pmtu":	1500,
					"omitted":	false,
					"sender":	true
				}],
			"sum":	{
				"start":	41.000532,
				"end":	42.000623,
				"seconds":	1.0000909566879272,
				"bytes":	260640,
				"bits_per_second":	2084930.3616397462,
				"retransmits":	3,
				"omitted":	false,
				"sender":	true
			}
		}, {
			"streams":	[{
					"socket":	6,
					"start":	42.000623,
					"end":	43.000641,
					"seconds":	1.0000180006027222,
					"bytes":	260640,
					"bits_per_second":	2085082.4672588638,
					"retransmits":	4,
					"snd_cwnd":	23168,
					"snd_wnd":	796800,
					"rtt":	77662,
					"rttvar":	4795,
					"pmtu":	1500,
					"omitted":	false,
					"sender":	true
				}],
			"sum":	{
				"start":	42.000623,
				"end":	43.000641,
				"seconds":	1.0000180006027222,
				"bytes":	260640,
				"bits_per_second":	2085082.4672588638,
				"retransmits":	4,
				"omitted":	false,
				"sender":	true
			}
		}, {
			"streams":	[{
					"socket":	6,
					"start":	43.000641,
					"end":	44.000452,
					"seconds":	0.99981099367141724,
					"bytes":	521280,
					"bits_per_second":	4171028.3507549907,
					"retransmits":	0,
					"snd_cwnd":	37648,
					"snd_wnd":	796800,
					"rtt":	76214,
					"rttvar":	2420,
					"pmtu":	1500,
					"omitted":	false,
					"sender":	true
				}],
			"sum":	{
				"start":	43.000641,
				"end":	44.000452,
				"seconds":	0.99981099367141724,
				"bytes":	521280,
				"bits_per_second":	4171028.3507549907,
				"retransmits":	0,
				"omitted":	false,
				"sender":	true
			}
		}, {
			"streams":	[{
					"socket":	6,
					"start":	44.000452,
					"end":	45.000399,
					"seconds":	0.99994701147079468,
					"bytes":	521280,
					"bits_per_second":	4170460.9865937876,
					"retransmits":	0,
					"snd_cwnd":	47784,
					"snd_wnd":	796800,
					"rtt":	80930,
					"rttvar":	1566,
					"pmtu":	1500,
					"omitted":	false,
					"sender":	true
				}],
			"sum":	{
				"start":	44.000452,
				"end":	45.000399,
				"seconds":	0.99994701147079468,
				"bytes":	521280,
				"bits_per_second":	4170460.9865937876,
				"retransmits":	0,
				"omitted":	false,
				"sender":	true
			}
		}, {
			"streams":	[{
					"socket":	6,
					"start":	45.000399,
					"end":	46.000077,
					"seconds":	0.99967801570892334,
					"bytes":	781920,
					"bits_per_second":	6257374.7763813743,
					"retransmits":	2,
					"snd_cwnd":	39096,
					"snd_wnd":	796800,
					"rtt":	69338,
					"rttvar":	1910,
					"pmtu":	1500,
					"omitted":	false,
					"sender":	true
				}],
			"sum":	{
				"start":	45.000399,
				"end":	46.000077,
				"seconds":	0.99967801570892334,
				"bytes":	781920,
				"bits_per_second":	6257374.7763813743,
				"retransmits":	2,
				"omitted":	false,
				"sender":	true
			}
		}, {
			"streams":	[{
					"socket":	6,
					"start":	46.000077,
					"end":	47.000116,
					"seconds":	1.0000389814376831,
					"bytes":	521280,
					"bits_per_second":	4170077.4443859681,
					"retransmits":	0,
					"snd_cwnd":	50680,
					"snd_wnd":	796800,
					"rtt":	83288,
					"rttvar":	452,
					"pmtu":	1500,
					"omitted":	false,
					"sender":	true
				}],
			"sum":	{
				"start":	46.000077,
				"end":	47.000116,
				"seconds":	1.0000389814376831,
				"bytes":	521280,
				"bits_per_second":	4170077.4443859681,
				"retransmits":	0,
				"omitted":	false,
				"sender":	true
			}
		}, {
			"streams":	[{
					"socket":	6,
					"start":	47.000116,
					"end":	48.000266,
					"seconds":	1.0001499652862549,
					"bytes":	521280,
					"bits_per_second":	4169614.7025375613,
					"retransmits":	0,
					"snd_cwnd":	56472,
					"snd_wnd":	796800,
					"rtt":	83210,
					"rttvar":	1525,
					"pmtu":	1500,
					"omitted":	false,
					"sender":	true
				}],
			"sum":	{
				"start":	47.000116,
				"end":	48.000266,
				"seconds":	1.0001499652862549,
				"bytes":	521280,
				"bits_per_second":	4169614.7025375613,
				"retransmits":	0,
				"omitted":	false,
				"sender":	true
			}
		}, {
			"streams":	[{
					"socket":	6,
					"start":	48.000266,
					"end":	49.000076,
					"seconds":	0.999809980392456,
					"bytes":	781920,
					"bits_per_second":	6256548.86696028,
					"retransmits":	2,
					"snd_cwnd":	49232,
					"snd_wnd":	796800,
					"rtt":	78763,
					"rttvar":	2386,
					"pmtu":	1500,
					"omitted":	false,
					"sender":	true
				}],
			"sum":	{
				"start":	48.000266,
				"end":	49.000076,
				"seconds":	0.999809980392456,
				"bytes":	781920,
				"bits_per_second":	6256548.86696028,
				"retransmits":	2,
				"omitted":	false,
				"sender":	true
			}
		}, {
			"streams":	[{
					"socket":	6,
					"start":	49.000076,
					"end":	50.000219,
					"seconds":	1.0001430511474609,
					"bytes":	521280,
					"bits_per_second":	4169643.5277088583,
					"retransmits":	0,
					"snd_cwnd":	57920,
					"snd_wnd":	796800,
					"rtt":	83731,
					"rttvar":	612,
					"pmtu":	1500,
					"omitted":	false,
					"sender":	true
				}],
			"sum":	{
				"start":	49.000076,
				"end":	50.000219,
				"seconds":	1.0001430511474609,
				"bytes":	521280,
				"bits_per_second":	4169643.5277088583,
				"retransmits":	0,
				"omitted":	false,
				"sender":	true
			}
		}, {
			"streams":	[{
					"socket":	6,
					"start":	50.000219,
					"end":	51.000389,
					"seconds":	1.0001699924468994,
					"bytes":	521280,
					"bits_per_second":	4169531.2111869869,
					"retransmits":	2,
					"snd_cwnd":	47784,
					"snd_wnd":	796800,
					"rtt":	79118,
					"rttvar":	1795,
					"pmtu":	1500,
					"omitted":	false,
					"sender":	true
				}],
			"sum":	{
				"start":	50.000219,
				"end":	51.000389,
				"seconds":	1.0001699924468994,
				"bytes":	521280,
				"bits_per_second":	4169531.2111869869,
				"retransmits":	2,
				"omitted":	false,
				"sender":	true
			}
		}, {
			"streams":	[{
					"socket":	6,
					"start":	51.000389,
					"end":	52.000101,
					"seconds":	0.99971199035644531,
					"bytes":	781920,
					"bits_per_second":	6257162.12303272,
					"retransmits":	2,
					"snd_cwnd":	41992,
					"snd_wnd":	796800,
					"rtt":	65309,
					"rttvar":	1576,
					"pmtu":	1500,
					"omitted":	false,
					"sender":	true
				}],
			"sum":	{
				"start":	51.000389,
				"end":	52.000101,
				"seconds":	0.99971199035644531,
				"bytes":	781920,
				"bits_per_second":	6257162.12303272,
				"retransmits":	2,
				"omitted":	false,
				"sender":	true
			}
		}, {
			"streams":	[{
					"socket":	6,
					"start":	52.000101,
					"end":	53.000193,
					"seconds":	1.0000920295715332,
					"bytes":	521280,
					"bits_per_second":	4169856.2499159654,
					"retransmits":	0,
					"snd_cwnd":	50680,
					"snd_wnd":	796800,
					"rtt":	83092,
					"rttvar":	1729,
					"pmtu":	1500,
					"omitted":	false,
					"sender":	true
				}],
			"sum":	{
				"start":	52.000101,
				"end":	53.000193,
				"seconds":	1.0000920295715332,
				"bytes":	521280,
				"bits_per_second":	4169856.2499159654,
				"retransmits":	0,
				"omitted":	false,
				"sender":	true
			}
		}, {
			"streams":	[{
					"socket":	6,
					"start":	53.000193,
					"end":	54.000112,
					"seconds":	0.99991899728775024,
					"bytes":	781920,
					"bits_per_second":	6255866.74217359,
					"retransmits":	2,
					"snd_cwnd":	41992,
					"snd_wnd":	796800,
					"rtt":	72347,
					"rttvar":	1742,
					"pmtu":	1500,
					"omitted":	false,
					"sender":	true
				}],
			"sum":	{
				"start":	53.000193,
				"end":	54.000112,
				"seconds":	0.99991899728775024,
				"bytes":	781920,
				"bits_per_second":	6255866.74217359,
				"retransmits":	2,
				"omitted":	false,
				"sender":	true
			}
		}, {
			"streams":	[{
					"socket":	6,
					"start":	54.000112,
					"end":	55.00018,
					"seconds":	1.0000679492950439,
					"bytes":	521280,
					"bits_per_second":	4169956.65438497,
					"retransmits":	2,
					"snd_cwnd":	37648,
					"snd_wnd":	796800,
					"rtt":	77211,
					"rttvar":	1546,
					"pmtu":	1500,
					"omitted":	false,
					"sender":	true
				}],
			"sum":	{
				"start":	54.000112,
				"end":	55.00018,
				"seconds":	1.0000679492950439,
				"bytes":	521280,
				"bits_per_second":	4169956.65438497,
				"retransmits":	2,
				"omitted":	false,
				"sender":	true
			}
		}, {
			"streams":	[{
					"socket":	6,
					"start":	55.00018,
					"end":	56.00016,
					"seconds":	0.99997997283935547,
					"bytes":	521280,
					"bits_per_second":	4170323.51973907,
					"retransmits":	2,
					"snd_cwnd":	31856,
					"snd_wnd":	796800,
					"rtt":	71345,
					"rttvar":	1906,
					"pmtu":	1500,
					"omitted":	false,
					"sender":	true
				}],
			"sum":	{
				"start":	55.00018,
				"end":	56.00016,
				"seconds":	0.99997997283935547,
				"bytes":	521280,
				"bits_per_second":	4170323.51973907,
				"retransmits":	2,
				"omitted":	false,
				"sender":	true
			}
		}, {
			"streams":	[{
					"socket":	6,
					"start":	56.00016,
					"end":	57.000532,
					"seconds":	1.000372052192688,
					"bytes":	260640,
					"bits_per_second":	2084344.5150528573,
					"retransmits":	1,
					"snd_cwnd":	28960,
					"snd_wnd":	796800,
					"rtt":	85671,
					"rttvar":	2485,
					"pmtu":	1500,
					"omitted":	false,
					"sender":	true
				}],
			"sum":	{
				"start":	56.00016,
				"end":	57.000532,
				"seconds":	1.000372052192688,
				"bytes":	260640,
				"bits_per_second":	2084344.5150528573,
				"retransmits":	1,
				"omitted":	false,
				"sender":	true
			}
		}, {
			"streams":	[{
					"socket":	6,
					"start":	57.000532,
					"end":	58.000139,
					"seconds":	0.999607026576996,
					"bytes":	521280,
					"bits_per_second":	4171879.43774301,
					"retransmits":	4,
					"snd_cwnd":	27512,
					"snd_wnd":	796800,
					"rtt":	78507,
					"rttvar":	1642,
					"pmtu":	1500,
					"omitted":	false,
					"sender":	true
				}],
			"sum":	{
				"start":	57.000532,
				"end":	58.000139,
				"seconds":	0.999607026576996,
				"bytes":	521280,
				"bits_per_second":	4171879.43774301,
				"retransmits":	4,
				"omitted":	false,
				"sender":	true
			}
		}, {
			"streams":	[{
					"socket":	6,
					"start":	58.000139,
					"end":	59.000351,
					"seconds":	1.0002119541168213,
					"bytes":	260640,
					"bits_per_second":	2084678.1438851561,
					"retransmits":	2,
					"snd_cwnd":	26064,
					"snd_wnd":	796800,
					"rtt":	84674,
					"rttvar":	4430,
					"pmtu":	1500,
					"omitted":	false,
					"sender":	true
				}],
			"sum":	{
				"start":	58.000139,
				"end":	59.000351,
				"seconds":	1.0002119541168213,
				"bytes":	260640,
				"bits_per_second":	2084678.1438851561,
				"retransmits":	2,
				"omitted":	false,
				"sender":	true
			}
		}, {
			"streams":	[{
					"socket":	6,
					"start":	59.000351,
					"end":	60.000529,
					"seconds":	1.0001779794692993,
					"bytes":	260640,
					"bits_per_second":	2084748.9574869242,
					"retransmits":	2,
					"snd_cwnd":	24616,
					"snd_wnd":	796800,
					"rtt":	74061,
					"rttvar":	1443,
					"pmtu":	1500,
					"omitted":	false,
					"sender":	true
				}],
			"sum":	{
				"start":	59.000351,
				"end":	60.000529,
				"seconds":	1.0001779794692993,
				"bytes":	260640,
				"bits_per_second":	2084748.9574869242,
				"retransmits":	2,
				"omitted":	false,
				"sender":	true
			}
		}],
	"end":	{
		"streams":	[{
				"sender":	{
					"socket":	6,
					"start":	0,
					"end":	60.000529,
					"seconds":	60.000529,
					"bytes":	36666256,
					"bits_per_second":	4888791.0304924147,
					"retransmits":	147,
					"max_snd_cwnd":	81088,
					"max_snd_wnd":	796800,
					"max_rtt":	85671,
					"min_rtt":	18008,
					"mean_rtt":	75801,
					"sender":	true
				},
				"receiver":	{
					"socket":	6,
					"start":	0,
					"end":	60.07389,
					"seconds":	60.000529,
					"bytes":	36120360,
					"bits_per_second":	4810124.3318852838,
					"sender":	true
				}
			}],
		"sum_sent":	{
			"start":	0,
			"end":	60.000529,
			"seconds":	60.000529,
			"bytes":	36666256,
			"bits_per_second":	4888791.0304924147,
			"retransmits":	147,
			"sender":	true
		},
		"sum_received":	{
			"start":	0,
			"end":	60.07389,
			"seconds":	60.07389,
			"bytes":	36120360,
			"bits_per_second":	4810124.3318852838,
			"sender":	true
		},
		"cpu_utilization_percent":	{
			"host_total":	0.028478098779267047,
			"host_user":	0.0041834965210752672,
			"host_system":	0.0242962683261014,
			"remote_total":	0.49950639965888677,
			"remote_user":	0.04452182690637474,
			"remote_system":	0.45498290813623654
		},
		"sender_tcp_congestion":	"cubic",
		"receiver_tcp_congestion":	"cubic"
	}
}
