{
	"start":	{
		"connected":	[{
				"socket":	6,
				"local_host":	"192.168.101.210",
				"local_port":	39968,
				"remote_host":	"192.168.100.168",
				"remote_port":	5202
			}],
		"version":	"iperf 3.11",
		"system_info":	"Linux f1 6.0.10-300.fc37.x86_64 #1 SMP PREEMPT_DYNAMIC Sat Nov 26 16:55:13 UTC 2022 x86_64",
		"timestamp":	{
			"time":	"Sat, 10 Dec 2022 20:23:42 GMT",
			"timesecs":	1670703822
		},
		"connecting_to":	{
			"host":	"192.168.100.168",
			"port":	5202
		},
		"cookie":	"jlceercjgtzcedcwcsnbd2i2vvfzd2dih6mg",
		"tcp_mss_default":	1448,
		"target_bitrate":	0,
		"sock_bufsize":	0,
		"sndbuf_actual":	16384,
		"rcvbuf_actual":	131072,
		"test_start":	{
			"protocol":	"TCP",
			"num_streams":	1,
			"blksize":	131072,
			"omit":	0,
			"duration":	60,
			"bytes":	0,
			"blocks":	0,
			"reverse":	0,
			"tos":	0,
			"target_bitrate":	0
		}
	},
	"intervals":	[{
			"streams":	[{
					"socket":	6,
					"start":	0,
					"end":	1.000053,
					"seconds":	1.00005304813385,
					"bytes":	8257536,
					"bits_per_second":	66056783.8108907,
					"retransmits":	0,
					"snd_cwnd":	909344,
					"snd_wnd":	3143552,
					"rtt":	158988,
					"rttvar":	559,
					"pmtu":	1500,
					"omitted":	false,
					"sender":	true
				}],
			"sum":	{
				"start":	0,
				"end":	1.000053,
				"seconds":	1.00005304813385,
				"bytes":	8257536,
				"bits_per_second":	66056783.8108907,
				"retransmits":	0,
				"omitted":	false,
				"sender":	true
			}
		}, {
			"streams":	[{
					"socket":	6,
					"start":	1.000053,
					"end":	2.000168,
					"seconds":	1.0001150369644165,
					"bytes":	3932160,
					"bits_per_second":	31453661.66624213,
					"retransmits":	0,
					"snd_cwnd":	903552,
					"snd_wnd":	3143552,
					"rtt":	187960,
					"rttvar":	150,
					"pmtu":	1500,
					"omitted":	false,
					"sender":	true
				}],
			"sum":	{
				"start":	1.000053,
				"end":	2.000168,
				"seconds":	1.0001150369644165,
				"bytes":	3932160,
				"bits_per_second":	31453661.66624213,
				"retransmits":	0,
				"omitted":	false,
				"sender":	true
			}
		}, {
			"streams":	[{
					"socket":	6,
					"start":	2.000168,
					"end":	3.000306,
					"seconds":	1.0001380443573,
					"bytes":	3932160,
					"bits_per_second":	31452938.099374883,
					"retransmits":	0,
					"snd_cwnd":	587888,
					"snd_wnd":	3143552,
					"rtt":	192634,
					"rttvar":	301,
					"pmtu":	1500,
					"omitted":	false,
					"sender":	true
				}],
			"sum":	{
				"start":	2.000168,
				"end":	3.000306,
				"seconds":	1.0001380443573,
				"bytes":	3932160,
				"bits_per_second":	31452938.099374883,
				"retransmits":	0,
				"omitted":	false,
				"sender":	true
			}
		}, {
			"streams":	[{
					"socket":	6,
					"start":	3.000306,
					"end":	4.000372,
					"seconds":	1.0000660419464111,
					"bytes":	2621440,
					"bits_per_second":	20970135.091462057,
					"retransmits":	0,
					"snd_cwnd":	477840,
					"snd_wnd":	3143552,
					"rtt":	223506,
					"rttvar":	374,
					"pmtu":	1500,
					"omitted":	false,
					"sender":	true
				}],
			"sum":	{
				"start":	3.000306,
				"end":	4.000372,
				"seconds":	1.0000660419464111,
				"bytes":	2621440,
				"bits_per_second":	20970135.091462057,
				"retransmits":	0,
				"omitted":	false,
				"sender":	true
			}
		}, {
			"streams":	[{
					"socket":	6,
					"start":	4.000372,
					"end":	5.000157,
					"seconds":	0.999785006046295,
					"bytes":	2621440,
					"bits_per_second":	20976029.719562437,
					"retransmits":	0,
					"snd_cwnd":	477840,
					"snd_wnd":	3143552,
					"rtt":	256247,
					"rttvar":	520,
					"pmtu":	1500,
					"omitted":	false,
					"sender":	true
				}],
			"sum":	{
				"start":	4.000372,
				"end":	5.000157,
				"seconds":	0.999785006046295,
				"bytes":	2621440,
				"bits_per_second":	20976029.719562437,
				"retransmits":	0,
				"omitted":	false,
				"sender":	true
			}
		}, {
			"streams":	[{
					"socket":	6,
					"start":	5.000157,
					"end":	6.000356,
					"seconds":	1.00019896030426,
					"bytes":	1310720,
					"bits_per_second":	10483674.164998367,
					"retransmits":	0,
					"snd_cwnd":	445984,
					"snd_wnd":	3143552,
					"rtt":	246295,
					"rttvar":	8914,
					"pmtu":	1500,
					"omitted":	false,
					"sender":	true
				}],
			"sum":	{
				"start":	5.000157,
				"end":	6.000356,
				"seconds":	1.00019896030426,
				"bytes":	1310720,
				"bits_per_second":	10483674.164998367,
				"retransmits":	0,
				"omitted":	false,
				"sender":	true
			}
		}, {
			"streams":	[{
					"socket":	6,
					"start":	6.000356,
					"end":	7.00027,
					"seconds":	0.999913990497589,
					"bytes":	1310720,
					"bits_per_second":	10486661.952576492,
					"retransmits":	0,
					"snd_cwnd":	385168,
					"snd_wnd":	3143552,
					"rtt":	264569,
					"rttvar":	6387,
					"pmtu":	1500,
					"omitted":	false,
					"sender":	true
				}],
			"sum":	{
				"start":	6.000356,
				"end":	7.00027,
				"seconds":	0.999913990497589,
				"bytes":	1310720,
				"bits_per_second":	10486661.952576492,
				"retransmits":	0,
				"omitted":	false,
				"sender":	true
			}
		}, {
			"streams":	[{
					"socket":	6,
					"start":	7.00027,
					"end":	8.000384,
					"seconds":	1.0001139640808105,
					"bytes":	1310720,
					"bits_per_second":	10484565.136171557,
					"retransmits":	0,
					"snd_cwnd":	330144,
					"snd_wnd":	3143552,
					"rtt":	282557,
					"rttvar":	11176,
					"pmtu":	1500,
					"omitted":	false,
					"sender":	true
				}],
			"sum":	{
				"start":	7.00027,
				"end":	8.000384,
				"seconds":	1.0001139640808105,
				"bytes":	1310720,
				"bits_per_second":	10484565.136171557,
				"retransmits":	0,
				"omitted":	false,
				"sender":	true
			}
		}, {
			"streams":	[{
					"socket":	6,
					"start":	8.000384,
					"end":	9.000232,
					"seconds":	0.99984800815582275,
					"bytes":	1310720,
					"bits_per_second":	10487353.992273826,
					"retransmits":	0,
					"snd_cwnd":	278016,
					"snd_wnd":	3143552,
					"rtt":	286970,
					"rttvar":	3263,
					"pmtu":	1500,
					"omitted":	false,
					"sender":	true
				}],
			"sum":	{
				"start":	8.000384,
				"end":	9.000232,
				"seconds":	0.99984800815582275,
				"bytes":	1310720,
				"bits_per_second":	10487353.992273826,
				"retransmits":	0,
				"omitted":	false,
				"sender":	true
			}
		}, {
			"streams":	[{
					"socket":	6,
					"start":	9.000232,
					"end":	10.001039,
					"seconds":	1.0008070468902588,
					"bytes":	0,
					"bits_per_second":	0,
					"retransmits":	0,
					"snd_cwnd":	237472,
					"snd_wnd":	3143552,
					"rtt":	244785,
					"rttvar":	11880,
					"pmtu":	1500,
					"omitted":	false,
					"sender":	true
				}],
			"sum":	{
				"start":	9.000232,
				"end":	10.001039,
				"seconds":	1.0008070468902588,
				"bytes":	0,
				"bits_per_second":	0,
				"retransmits":	0,
				"omitted":	false,
				"sender":	true
			}
		}, {
			"streams":	[{
					"socket":	6,
					"start":	10.001039,
					"end":	11.000963,
					"seconds":	0.99992400407791138,
					"bytes":	1310720,
					"bits_per_second":	10486556.935563853,
					"retransmits":	0,
					"snd_cwnd":	228784,
					"snd_wnd":	3143552,
					"rtt":	240296,
					"rttvar":	17712,
					"pmtu":	1500,
					"omitted":	false,
					"sender":	true
				}],
			"sum":	{
				"start":	10.001039,
				"end":	11.000963,
				"seconds":	0.99992400407791138,
				"bytes":	1310720,
				"bits_per_second":	10486556.935563853,
				"retransmits":	0,
				"omitted":	false,
				"sender":	true
			}
		}, {
			"streams":	[{
					"socket":	6,
					"start":	11.000963,
					"end":	12.000075,
					"seconds":	0.99911201000213623,
					"bytes":	1310720,
					"bits_per_second":	10495079.525645558,
					"retransmits":	0,
					"snd_cwnd":	616848,
					"snd_wnd":	3143552,
					"rtt":	252450,
					"rttvar":	10493,
					"pmtu":	1500,
					"omitted":	false,
					"sender":	true
				}],
			"sum":	{
				"start":	11.000963,
				"end":	12.000075,
				"seconds":	0.99911201000213623,
				"bytes":	1310720,
				"bits_per_second":	10495079.525645558,
				"retransmits":	0,
				"omitted":	false,
				"sender":	true
			}
		}, {
			"streams":	[{
					"socket":	6,
					"start":	12.000075,
					"end":	13.000548,
					"seconds":	1.0004730224609375,
					"bytes":	0,
					"bits_per_second":	0,
					"retransmits":	0,
					"snd_cwnd":	700832,
					"snd_wnd":	3143552,
					"rtt":	269195,
					"rttvar":	22474,
					"pmtu":	1500,
					"omitted":	false,
					"sender":	true
				}],
			"sum":	{
				"start":	12.000075,
				"end":	13.000548,
				"seconds":	1.0004730224609375,
				"bytes":	0,
				"bits_per_second":	0,
				"retransmits":	0,
				"omitted":	false,
				"sender":	true
			}
		}, {
			"streams":	[{
					"socket":	6,
					"start":	13.000548,
					"end":	14.000103,
					"seconds":	0.999554991722107,
					"bytes":	2621440,
					"bits_per_second":	20980856.654888712,
					"retransmits":	0,
					"snd_cwnd":	822464,
					"snd_wnd":	3143552,
					"rtt":	272924,
					"rttvar":	21109,
					"pmtu":	1500,
					"omitted":	false,
					"sender":	true
				}],
			"sum":	{
				"start":	13.000548,
				"end":	14.000103,
				"seconds":	0.999554991722107,
				"bytes":	2621440,
				"bits_per_second":	20980856.654888712,
				"retransmits":	0,
				"omitted":	false,
				"sender":	true
			}
		}, {
			"streams":	[{
					"socket":	6,
					"start":	14.000103,
					"end":	15.000062,
					"seconds":	0.99995899200439453,
					"bytes":	1310720,
					"bits_per_second":	10486190.017634161,
					"retransmits":	0,
					"snd_cwnd":	825360,
					"snd_wnd":	3143552,
					"rtt":	262615,
					"rttvar":	14106,
					"pmtu":	1500,
					"omitted":	false,
					"sender":	true
				}],
			"sum":	{
				"start":	14.000103,
				"end":	15.000062,
				"seconds":	0.99995899200439453,
				"bytes":	1310720,
				"bits_per_second":	10486190.017634161,
				"retransmits":	0,
				"omitted":	false,
				"sender":	true
			}
		}, {
			"streams":	[{
					"socket":	6,
					"start":	15.000062,
					"end":	16.000446,
					"seconds":	1.0003839731216431,
					"bytes":	1310720,
					"bits_per_second":	10481735.2953784,
					"retransmits":	0,
					"snd_cwnd":	978848,
					"snd_wnd":	3143552,
					"rtt":	254171,
					"rttvar":	8845,
					"pmtu":	1500,
					"omitted":	false,
					"sender":	true
				}],
			"sum":	{
				"start":	15.000062,
				"end":	16.000446,
				"seconds":	1.0003839731216431,
				"bytes":	1310720,
				"bits_per_second":	10481735.2953784,
				"retransmits":	0,
				"omitted":	false,
				"sender":	true
			}
		}, {
			"streams":	[{
					"socket":	6,
					"start":	16.000446,
					"end":	17.000679,
					"seconds":	1.0002330541610718,
					"bytes":	1310720,
					"bits_per_second":	10483316.819393406,
					"retransmits":	0,
					"snd_cwnd":	978848,
					"snd_wnd":	3143552,
					"rtt":	311318,
					"rttvar":	1726,
					"pmtu":	1500,
					"omitted":	false,
					"sender":	true
				}],
			"sum":	{
				"start":	16.000446,
				"end":	17.000679,
				"seconds":	1.0002330541610718,
				"bytes":	1310720,
				"bits_per_second":	10483316.819393406,
				"retransmits":	0,
				"omitted":	false,
				"sender":	true
			}
		}, {
			"streams":	[{
					"socket":	6,
					"start":	17.000679,
					"end":	18.000369,
					"seconds":	0.99968999624252319,
					"bytes":	2621440,
					"bits_per_second":	20978023.266036909,
					"retransmits":	0,
					"snd_cwnd":	1149712,
					"snd_wnd":	3143552,
					"rtt":	287851,
					"rttvar":	25054,
					"pmtu":	1500,
					"omitted":	false,
					"sender":	true
				}],
			"sum":	{
				"start":	17.000679,
				"end":	18.000369,
				"seconds":	0.99968999624252319,
				"bytes":	2621440,
				"bits_per_second":	20978023.266036909,
				"retransmits":	0,
				"omitted":	false,
				"sender":	true
			}
		}, {
			"streams":	[{
					"socket":	6,
					"start":	18.000369,
					"end":	19.000142,
					"seconds":	0.99977302551269531,
					"bytes":	2621440,
					"bits_per_second":	20976281.080643836,
					"retransmits":	0,
					"snd_cwnd":	1149712,
					"snd_wnd":	3143552,
					"rtt":	322010,
					"rttvar":	1714,
					"pmtu":	1500,
					"omitted":	false,
					"sender":	true
				}],
			"sum":	{
				"start":	18.000369,
				"end":	19.000142,
				"seconds":	0.99977302551269531,
				"bytes":	2621440,
				"bits_per_second":	20976281.080643836,
				"retransmits":	0,
				"omitted":	false,
				"sender":	true
			}
		}, {
			"streams":	[{
					"socket":	6,
					"start":	19.000142,
					"end":	20.000099,
					"seconds":	0.999957025051117,
					"bytes":	2621440,
					"bits_per_second":	20972421.288732838,
					"retransmits":	0,
					"snd_cwnd":	1308992,
					"snd_wnd":	3143552,
					"rtt":	277195,
					"rttvar":	6057,
					"pmtu":	1500,
					"omitted":	false,
					"sender":	true
				}],
			"sum":	{
				"start":	19.000142,
				"end":	20.000099,
				"seconds":	0.999957025051117,
				"bytes":	2621440,
				"bits_per_second":	20972421.288732838,
				"retransmits":	0,
				"omitted":	false,
				"sender":	true
			}
		}, {
			"streams":	[{
					"socket":	6,
					"start":	20.000099,
					"end":	21.000069,
					"seconds":	0.999970018863678,
					"bytes":	2621440,
					"bits_per_second":	20972148.768851206,
					"retransmits":	0,
					"snd_cwnd":	1416144,
					"snd_wnd":	3143552,
					"rtt":	282618,
					"rttvar":	4246,
					"pmtu":	1500,
					"omitted":	false,
					"sender":	true
				}],
			"sum":	{
				"start":	20.000099,
				"end":	21.000069,
				"seconds":	0.999970018863678,
				"bytes":	2621440,
				"bits_per_second":	20972148.768851206,
				"retransmits":	0,
				"omitted":	false,
				"sender":	true
			}
		}, {
			"streams":	[{
					"socket":	6,
					"start":	21.000069,
					"end":	22.000071,
					"seconds":	1.0000020265579224,
					"bytes":	1310720,
					"bits_per_second":	10485738.750043064,
					"retransmits":	0,
					"snd_cwnd":	1529088,
					"snd_wnd":	3143680,
					"rtt":	259127,
					"rttvar":	21021,
					"pmtu":	1500,
					"omitted":	false,
					"sender":	true
				}],
			"sum":	{
				"start":	21.000069,
				"end":	22.000071,
				"seconds":	1.0000020265579224,
				"bytes":	1310720,
				"bits_per_second":	10485738.750043064,
				"retransmits":	0,
				"omitted":	false,
				"sender":	true
			}
		}, {
			"streams":	[{
					"socket":	6,
					"start":	22.000071,
					"end":	23.00008,
					"seconds":	1.0000089406967163,
					"bytes":	2621440,
					"bits_per_second":	20971332.501676366,
					"retransmits":	0,
					"snd_cwnd":	1529088,
					"snd_wnd":	3143680,
					"rtt":	291038,
					"rttvar":	9510,
					"pmtu":	1500,
					"omitted":	false,
					"sender":	true
				}],
			"sum":	{
				"start":	22.000071,
				"end":	23.00008,
				"seconds":	1.0000089406967163,
				"bytes":	2621440,
				"bits_per_second":	20971332.501676366,
				"retransmits":	0,
				"omitted":	false,
				"sender":	true
			}
		}, {
			"streams":	[{
					"socket":	6,
					"start":	23.00008,
					"end":	24.000067,
					"seconds":	0.999987006187439,
					"bytes":	2621440,
					"bits_per_second":	20971792.503540859,
					"retransmits":	0,
					"snd_cwnd":	1763664,
					"snd_wnd":	3143808,
					"rtt":	333004,
					"rttvar":	3674,
					"pmtu":	1500,
					"omitted":	false,
					"sender":	true
				}],
			"sum":	{
				"start":	23.00008,
				"end":	24.000067,
				"seconds":	0.999987006187439,
				"bytes":	2621440,
				"bits_per_second":	20971792.503540859,
				"retransmits":	0,
				"omitted":	false,
				"sender":	true
			}
		}, {
			"streams":	[{
					"socket":	6,
					"start":	24.000067,
					"end":	25.000102,
					"seconds":	1.0000350475311279,
					"bytes":	3932160,
					"bits_per_second":	31456177.538638547,
					"retransmits":	0,
					"snd_cwnd":	1908464,
					"snd_wnd":	3143936,
					"rtt":	313858,
					"rttvar":	6794,
					"pmtu":	1500,
					"omitted":	false,
					"sender":	true
				}],
			"sum":	{
				"start":	24.000067,
				"end":	25.000102,
				"seconds":	1.0000350475311279,
				"bytes":	3932160,
				"bits_per_second":	31456177.538638547,
				"retransmits":	0,
				"omitted":	false,
				"sender":	true
			}
		}, {
			"streams":	[{
					"socket":	6,
					"start":	25.000102,
					"end":	26.000325,
					"seconds":	1.0002230405807495,
					"bytes":	2621440,
					"bits_per_second":	20966843.543039676,
					"retransmits":	0,
					"snd_cwnd":	1975072,
					"snd_wnd":	3143936,
					"rtt":	376397,
					"rttvar":	2012,
					"pmtu":	1500,
					"omitted":	false,
					"sender":	true
				}],
			"sum":	{
				"start":	25.000102,
				"end":	26.000325,
				"seconds":	1.0002230405807495,
				"bytes":	2621440,
				"bits_per_second":	20966843.543039676,
				"retransmits":	0,
				"omitted":	false,
				"sender":	true
			}
		}, {
			"streams":	[{
					"socket":	6,
					"start":	26.000325,
					"end":	27.000153,
					"seconds":	0.99982798099517822,
					"bytes":	3932160,
					"bits_per_second":	31462692.18099799,
					"retransmits":	0,
					"snd_cwnd":	2267568,
					"snd_wnd":	3143936,
					"rtt":	391021,
					"rttvar":	1790,
					"pmtu":	1500,
					"omitted":	false,
					"sender":	true
				}],
			"sum":	{
				"start":	26.000325,
				"end":	27.000153,
				"seconds":	0.99982798099517822,
				"bytes":	3932160,
				"bits_per_second":	31462692.18099799,
				"retransmits":	0,
				"omitted":	false,
				"sender":	true
			}
		}, {
			"streams":	[{
					"socket":	6,
					"start":	27.000153,
					"end":	28.000131,
					"seconds":	0.999978005886078,
					"bytes":	5242880,
					"bits_per_second":	41943962.520290017,
					"retransmits":	0,
					"snd_cwnd":	2267568,
					"snd_wnd":	3143936,
					"rtt":	399387,
					"rttvar":	1820,
					"pmtu":	1500,
					"omitted":	false,
					"sender":	true
				}],
			"sum":	{
				"start":	27.000153,
				"end":	28.000131,
				"seconds":	0.999978005886078,
				"bytes":	5242880,
				"bits_per_second":	41943962.520290017,
				"retransmits":	0,
				"omitted":	false,
				"sender":	true
			}
		}, {
			"streams":	[{
					"socket":	6,
					"start":	28.000131,
					"end":	29.000271,
					"seconds":	1.0001399517059326,
					"bytes":	3932160,
					"bits_per_second":	31452878.116051167,
					"retransmits":	0,
					"snd_cwnd":	2531104,
					"snd_wnd":	3143936,
					"rtt":	329443,
					"rttvar":	6898,
					"pmtu":	1500,
					"omitted":	false,
					"sender":	true
				}],
			"sum":	{
				"start":	28.000131,
				"end":	29.000271,
				"seconds":	1.0001399517059326,
				"bytes":	3932160,
				"bits_per_second":	31452878.116051167,
				"retransmits":	0,
				"omitted":	false,
				"sender":	true
			}
		}, {
			"streams":	[{
					"socket":	6,
					"start":	29.000271,
					"end":	30.000163,
					"seconds":	0.999891996383667,
					"bytes":	5242880,
					"bits_per_second":	41947570.489309229,
					"retransmits":	0,
					"snd_cwnd":	2531104,
					"snd_wnd":	3143936,
					"rtt":	429051,
					"rttvar":	1426,
					"pmtu":	1500,
					"omitted":	false,
					"sender":	true
				}],
			"sum":	{
				"start":	29.000271,
				"end":	30.000163,
				"seconds":	0.999891996383667,
				"bytes":	5242880,
				"bits_per_second":	41947570.489309229,
				"retransmits":	0,
				"omitted":	false,
				"sender":	true
			}
		}, {
			"streams":	[{
					"socket":	6,
					"start":	30.000163,
					"end":	31.000077,
					"seconds":	0.999913990497589,
					"bytes":	5242880,
					"bits_per_second":	41946647.810305968,
					"retransmits":	0,
					"snd_cwnd":	2849664,
					"snd_wnd":	3143936,
					"rtt":	372875,
					"rttvar":	3357,
					"pmtu":	1500,
					"omitted":	false,
					"sender":	true
				}],
			"sum":	{
				"start":	30.000163,
				"end":	31.000077,
				"seconds":	0.999913990497589,
				"bytes":	5242880,
				"bits_per_second":	41946647.810305968,
				"retransmits":	0,
				"omitted":	false,
				"sender":	true
			}
		}, {
			"streams":	[{
					"socket":	6,
					"start":	31.000077,
					"end":	32.000101,
					"seconds":	1.0000239610672,
					"bytes":	5242880,
					"bits_per_second":	41942035.0240803,
					"retransmits":	0,
					"snd_cwnd":	5792,
					"snd_wnd":	3143936,
					"rtt":	373949,
					"rttvar":	4761,
					"pmtu":	1500,
					"omitted":	false,
					"sender":	true
				}],
			"sum":	{
				"start":	31.000077,
				"end":	32.000101,
				"seconds":	1.0000239610672,
				"bytes":	5242880,
				"bits_per_second":	41942035.0240803,
				"retransmits":	0,
				"omitted":	false,
				"sender":	true
			}
		}, {
			"streams":	[{
					"socket":	6,
					"start":	32.000101,
					"end":	33.000911,
					"seconds":	1.0008100271224976,
					"bytes":	1310720,
					"bits_per_second":	10477273.124599259,
					"retransmits":	0,
					"snd_cwnd":	2869936,
					"snd_wnd":	3143936,
					"rtt":	333917,
					"rttvar":	2772,
					"pmtu":	1500,
					"omitted":	false,
					"sender":	true
				}],
			"sum":	{
				"start":	32.000101,
				"end":	33.000911,
				"seconds":	1.0008100271224976,
				"bytes":	1310720,
				"bits_per_second":	10477273.124599259,
				"retransmits":	0,
				"omitted":	false,
				"sender":	true
			}
		}, {
			"streams":	[{
					"socket":	6,
					"start":	33.000911,
					"end":	34.000151,
					"seconds":	0.999239981174469,
					"bytes":	5242880,
					"bits_per_second":	41974941.745927475,
					"retransmits":	0,
					"snd_cwnd":	2901792,
					"snd_wnd":	3143936,
					"rtt":	375783,
					"rttvar":	3242,
					"pmtu":	1500,
					"omitted":	false,
					"sender":	true
				}],
			"sum":	{
				"start":	33.000911,
				"end":	34.000151,
				"seconds":	0.999239981174469,
				"bytes":	5242880,
				"bits_per_second":	41974941.745927475,
				"retransmits":	0,
				"omitted":	false,
				"sender":	true
			}
		}, {
			"streams":	[{
					"socket":	6,
					"start":	34.000151,
					"end":	35.000139,
					"seconds":	0.9999880194664,
					"bytes":	5242880,
					"bits_per_second":	41943542.5060203,
					"retransmits":	0,
					"snd_cwnd":	2910480,
					"snd_wnd":	3143936,
					"rtt":	385549,
					"rttvar":	5934,
					"pmtu":	1500,
					"omitted":	false,
					"sender":	true
				}],
			"sum":	{
				"start":	34.000151,
				"end":	35.000139,
				"seconds":	0.9999880194664,
				"bytes":	5242880,
				"bits_per_second":	41943542.5060203,
				"retransmits":	0,
				"omitted":	false,
				"sender":	true
			}
		}, {
			"streams":	[{
					"socket":	6,
					"start":	35.000139,
					"end":	36.000129,
					"seconds":	0.99998998641967773,
					"bytes":	5242880,
					"bits_per_second":	41943460.004205748,
					"retransmits":	0,
					"snd_cwnd":	2985776,
					"snd_wnd":	3143936,
					"rtt":	375614,
					"rttvar":	4222,
					"pmtu":	1500,
					"omitted":	false,
					"sender":	true
				}],
			"sum":	{
				"start":	35.000139,
				"end":	36.000129,
				"seconds":	0.99998998641967773,
				"bytes":	5242880,
				"bits_per_second":	41943460.004205748,
				"retransmits":	0,
				"omitted":	false,
				"sender":	true
			}
		}, {
			"streams":	[{
					"socket":	6,
					"start":	36.000129,
					"end":	37.000154,
					"seconds":	1.0000250339508057,
					"bytes":	5242880,
					"bits_per_second":	41941990.026285,
					"retransmits":	0,
					"snd_cwnd":	2985776,
					"snd_wnd":	3143936,
					"rtt":	437263,
					"rttvar":	10212,
					"pmtu":	1500,
					"omitted":	false,
					"sender":	true
				}],
			"sum":	{
				"start":	36.000129,
				"end":	37.000154,
				"seconds":	1.0000250339508057,
				"bytes":	5242880,
				"bits_per_second":	41941990.026285,
				"retransmits":	0,
				"omitted":	false,
				"sender":	true
			}
		}, {
			"streams":	[{
					"socket":	6,
					"start":	37.000154,
					"end":	38.000086,
					"seconds":	0.99993199110031128,
					"bytes":	5242880,
					"bits_per_second":	41945892.694008581,
					"retransmits":	0,
					"snd_cwnd":	2933648,
					"snd_wnd":	3143936,
					"rtt":	443614,
					"rttvar":	1102,
					"pmtu":	1500,
					"omitted":	false,
					"sender":	true
				}],
			"sum":	{
				"start":	37.000154,
				"end":	38.000086,
				"seconds":	0.99993199110031128,
				"bytes":	5242880,
				"bits_per_second":	41945892.694008581,
				"retransmits":	0,
				"omitted":	false,
				"sender":	true
			}
		}, {
			"streams":	[{
					"socket":	6,
					"start":	38.000086,
					"end":	39.000079,
					"seconds":	0.99999302625656128,
					"bytes":	5242880,
					"bits_per_second":	41943332.502039835,
					"retransmits":	0,
					"snd_cwnd":	2971296,
					"snd_wnd":	3143936,
					"rtt":	431490,
					"rttvar":	3321,
					"pmtu":	1500,
					"omitted":	false,
					"sender":	true
				}],
			"sum":	{
				"start":	38.000086,
				"end":	39.000079,
				"seconds":	0.99999302625656128,
				"bytes":	5242880,
				"bits_per_second":	41943332.502039835,
				"retransmits":	0,
				"omitted":	false,
				"sender":	true
			}
		}, {
			"streams":	[{
					"socket":	6,
					"start":	39.000079,
					"end":	40.000075,
					"seconds":	0.9999960064888,
					"bytes":	5242880,
					"bits_per_second":	41943207.500668913,
					"retransmits":	0,
					"snd_cwnd":	2982880,
					"snd_wnd":	3143936,
					"rtt":	407350,
					"rttvar":	3077,
					"pmtu":	1500,
					"omitted":	false,
					"sender":	true
				}],
			"sum":	{
				"start":	39.000079,
				"end":	40.000075,
				"seconds":	0.9999960064888,
				"bytes":	5242880,
				"bits_per_second":	41943207.500668913,
				"retransmits":	0,
				"omitted":	false,
				"sender":	true
			}
		}, {
			"streams":	[{
					"socket":	6,
					"start":	40.000075,
					"end":	41.000127,
					"seconds":	1.0000519752502441,
					"bytes":	5242880,
					"bits_per_second":	41940860.11330016,
					"retransmits":	0,
					"snd_cwnd":	3014736,
					"snd_wnd":	3143936,
					"rtt":	373868,
					"rttvar":	2609,
					"pmtu":	1500,
					"omitted":	false,
					"sender":	true
				}],
			"sum":	{
				"start":	40.000075,
				"end":	41.000127,
				"seconds":	1.0000519752502441,
				"bytes":	5242880,
				"bits_per_second":	41940860.11330016,
				"retransmits":	0,
				"omitted":	false,
				"sender":	true
			}
		}, {
			"streams":	[{
					"socket":	6,
					"start":	41.000127,
					"end":	42.000105,
					"seconds":	0.999978005886078,
					"bytes":	5242880,
					"bits_per_second":	41943962.520290017,
					"retransmits":	0,
					"snd_cwnd":	3017632,
					"snd_wnd":	3143936,
					"rtt":	380541,
					"rttvar":	19388,
					"pmtu":	1500,
					"omitted":	false,
					"sender":	true
				}],
			"sum":	{
				"start":	41.000127,
				"end":	42.000105,
				"seconds":	0.999978005886078,
				"bytes":	5242880,
				"bits_per_second":	41943962.520290017,
				"retransmits":	0,
				"omitted":	false,
				"sender":	true
			}
		}, {
			"streams":	[{
					"socket":	6,
					"start":	42.000105,
					"end":	43.000174,
					"seconds":	1.00006902217865,
					"bytes":	5242880,
					"bits_per_second":	41940145.199805416,
					"retransmits":	0,
					"snd_cwnd":	5792,
					"snd_wnd":	3143936,
					"rtt":	426287,
					"rttvar":	5232,
					"pmtu":	1500,
					"omitted":	false,
					"sender":	true
				}],
			"sum":	{
				"start":	42.000105,
				"end":	43.000174,
				"seconds":	1.00006902217865,
				"bytes":	5242880,
				"bits_per_second":	41940145.199805416,
				"retransmits":	0,
				"omitted":	false,
				"sender":	true
			}
		}, {
			"streams":	[{
					"socket":	6,
					"start":	43.000174,
					"end":	44.000124,
					"seconds":	0.99994999170303345,
					"bytes":	2621440,
					"bits_per_second":	20972568.802448824,
					"retransmits":	0,
					"snd_cwnd":	3032112,
					"snd_wnd":	3143936,
					"rtt":	406140,
					"rttvar":	2191,
					"pmtu":	1500,
					"omitted":	false,
					"sender":	true
				}],
			"sum":	{
				"start":	43.000174,
				"end":	44.000124,
				"seconds":	0.99994999170303345,
				"bytes":	2621440,
				"bits_per_second":	20972568.802448824,
				"retransmits":	0,
				"omitted":	false,
				"sender":	true
			}
		}, {
			"streams":	[{
					"socket":	6,
					"start":	44.000124,
					"end":	45.00007,
					"seconds":	0.9999459981918335,
					"bytes":	5242880,
					"bits_per_second":	41945305.1223207,
					"retransmits":	0,
					"snd_cwnd":	2979984,
					"snd_wnd":	3143936,
					"rtt":	454047,
					"rttvar":	1290,
					"pmtu":	1500,
					"omitted":	false,
					"sender":	true
				}],
			"sum":	{
				"start":	44.000124,
				"end":	45.00007,
				"seconds":	0.9999459981918335,
				"bytes":	5242880,
				"bits_per_second":	41945305.1223207,
				"retransmits":	0,
				"omitted":	false,
				"sender":	true
			}
		}, {
			"streams":	[{
					"socket":	6,
					"start":	45.00007,
					"end":	46.000078,
					"seconds":	1.0000079870224,
					"bytes":	5242880,
					"bits_per_second":	41942705.00267563,
					"retransmits":	0,
					"snd_cwnd":	3058176,
					"snd_wnd":	3143936,
					"rtt":	418275,
					"rttvar":	3250,
					"pmtu":	1500,
					"omitted":	false,
					"sender":	true
				}],
			"sum":	{
				"start":	45.00007,
				"end":	46.000078,
				"seconds":	1.0000079870224,
				"bytes":	5242880,
				"bits_per_second":	41942705.00267563,
				"retransmits":	0,
				"omitted":	false,
				"sender":	true
			}
		}, {
			"streams":	[{
					"socket":	6,
					"start":	46.000078,
					"end":	47.000075,
					"seconds":	0.99999701976776123,
					"bytes":	5242880,
					"bits_per_second":	41943165.000372529,
					"retransmits":	0,
					"snd_cwnd":	3063968,
					"snd_wnd":	3143936,
					"rtt":	439395,
					"rttvar":	3622,
					"pmtu":	1500,
					"omitted":	false,
					"sender":	true
				}],
			"sum":	{
				"start":	46.000078,
				"end":	47.000075,
				"seconds":	0.99999701976776123,
				"bytes":	5242880,
				"bits_per_second":	41943165.000372529,
				"retransmits":	0,
				"omitted":	false,
				"sender":	true
			}
		}, {
			"streams":	[{
					"socket":	6,
					"start":	47.000075,
					"end":	48.000081,
					"seconds":	1.0000059604644775,
					"bytes":	5242880,
					"bits_per_second":	41942790.0014901,
					"retransmits":	0,
					"snd_cwnd":	3069760,
					"snd_wnd":	3143936,
					"rtt":	393543,
					"rttvar":	3868,
					"pmtu":	1500,
					"omitted":	false,
					"sender":	true
				}],
			"sum":	{
				"start":	47.000075,
				"end":	48.000081,
				"seconds":	1.0000059604644775,
				"bytes":	5242880,
				"bits_per_second":	41942790.0014901,
				"retransmits":	0,
				"omitted":	false,
				"sender":	true
			}
		}, {
			"streams":	[{
					"socket":	6,
					"start":	48.000081,
					"end":	49.000124,
					"seconds":	1.0000430345535278,
					"bytes":	5242880,
					"bits_per_second":	41941235.077674024,
					"retransmits":	0,
					"snd_cwnd":	3063968,
					"snd_wnd":	3143936,
					"rtt":	421931,
					"rttvar":	3855,
					"pmtu":	1500,
					"omitted":	false,
					"sender":	true
				}],
			"sum":	{
				"start":	48.000081,
				"end":	49.000124,
				"seconds":	1.0000430345535278,
				"bytes":	5242880,
				"bits_per_second":	41941235.077674024,
				"retransmits":	0,
				"omitted":	false,
				"sender":	true
			}
		}, {
			"streams":	[{
					"socket":	6,
					"start":	49.000124,
					"end":	50.000138,
					"seconds":	1.0000139474868774,
					"bytes":	5242880,
					"bits_per_second":	41942455.008159168,
					"retransmits":	0,
					"snd_cwnd":	3121888,
					"snd_wnd":	3143936,
					"rtt":	391644,
					"rttvar":	3915,
					"pmtu":	1500,
					"omitted":	false,
					"sender":	true
				}],
			"sum":	{
				"start":	49.000124,
				"end":	50.000138,
				"seconds":	1.0000139474868774,
				"bytes":	5242880,
				"bits_per_second":	41942455.008159168,
				"retransmits":	0,
				"omitted":	false,
				"sender":	true
			}
		}, {
			"streams":	[{
					"socket":	6,
					"start":	50.000138,
					"end":	51.000065,
					"seconds":	0.99992698431015,
					"bytes":	5242880,
					"bits_per_second":	41946102.723626882,
					"retransmits":	0,
					"snd_cwnd":	3182704,
					"snd_wnd":	3143936,
					"rtt":	400556,
					"rttvar":	4325,
					"pmtu":	1500,
					"omitted":	false,
					"sender":	true
				}],
			"sum":	{
				"start":	50.000138,
				"end":	51.000065,
				"seconds":	0.99992698431015,
				"bytes":	5242880,
				"bits_per_second":	41946102.723626882,
				"retransmits":	0,
				"omitted":	false,
				"sender":	true
			}
		}, {
			"streams":	[{
					"socket":	6,
					"start":	51.000065,
					"end":	52.000149,
					"seconds":	1.0000840425491333,
					"bytes":	5242880,
					"bits_per_second":	41939515.2962251,
					"retransmits":	0,
					"snd_cwnd":	3182704,
					"snd_wnd":	3143936,
					"rtt":	397676,
					"rttvar":	5083,
					"pmtu":	1500,
					"omitted":	false,
					"sender":	true
				}],
			"sum":	{
				"start":	51.000065,
				"end":	52.000149,
				"seconds":	1.0000840425491333,
				"bytes":	5242880,
				"bits_per_second":	41939515.2962251,
				"retransmits":	0,
				"omitted":	false,
				"sender":	true
			}
		}, {
			"streams":	[{
					"socket":	6,
					"start":	52.000149,
					"end":	53.000254,
					"seconds":	1.0001050233840942,
					"bytes":	5242880,
					"bits_per_second":	41938635.462579422,
					"retransmits":	0,
					"snd_cwnd":	3127680,
					"snd_wnd":	3143936,
					"rtt":	373474,
					"rttvar":	6330,
					"pmtu":	1500,
					"omitted":	false,
					"sender":	true
				}],
			"sum":	{
				"start":	52.000149,
				"end":	53.000254,
				"seconds":	1.0001050233840942,
				"bytes":	5242880,
				"bits_per_second":	41938635.462579422,
				"retransmits":	0,
				"omitted":	false,
				"sender":	true
			}
		}, {
			"streams":	[{
					"socket":	6,
					"start":	53.000254,
					"end":	54.000098,
					"seconds":	0.9998440146446228,
					"bytes":	6553600,
					"bits_per_second":	52436979.400866754,
					"retransmits":	0,
					"snd_cwnd":	5792,
					"snd_wnd":	3143936,
					"rtt":	396704,
					"rttvar":	3893,
					"pmtu":	1500,
					"omitted":	false,
					"sender":	true
				}],
			"sum":	{
				"start":	53.000254,
				"end":	54.000098,
				"seconds":	0.9998440146446228,
				"bytes":	6553600,
				"bits_per_second":	52436979.400866754,
				"retransmits":	0,
				"omitted":	false,
				"sender":	true
			}
		}, {
			"streams":	[{
					"socket":	6,
					"start":	54.000098,
					"end":	55.000306,
					"seconds":	1.0002080202102661,
					"bytes":	1310720,
					"bits_per_second":	10483579.203649715,
					"retransmits":	0,
					"snd_cwnd":	3055280,
					"snd_wnd":	3143936,
					"rtt":	398778,
					"rttvar":	15721,
					"pmtu":	1500,
					"omitted":	false,
					"sender":	true
				}],
			"sum":	{
				"start":	54.000098,
				"end":	55.000306,
				"seconds":	1.0002080202102661,
				"bytes":	1310720,
				"bits_per_second":	10483579.203649715,
				"retransmits":	0,
				"omitted":	false,
				"sender":	true
			}
		}, {
			"streams":	[{
					"socket":	6,
					"start":	55.000306,
					"end":	56.000302,
					"seconds":	0.9999960064888,
					"bytes":	5242880,
					"bits_per_second":	41943207.500668913,
					"retransmits":	0,
					"snd_cwnd":	3058176,
					"snd_wnd":	3143936,
					"rtt":	407454,
					"rttvar":	25900,
					"pmtu":	1500,
					"omitted":	false,
					"sender":	true
				}],
			"sum":	{
				"start":	55.000306,
				"end":	56.000302,
				"seconds":	0.9999960064888,
				"bytes":	5242880,
				"bits_per_second":	41943207.500668913,
				"retransmits":	0,
				"omitted":	false,
				"sender":	true
			}
		}, {
			"streams":	[{
					"socket":	6,
					"start":	56.000302,
					"end":	57.00009,
					"seconds":	0.999787986278534,
					"bytes":	6553600,
					"bits_per_second":	52439917.98216477,
					"retransmits":	0,
					"snd_cwnd":	3052384,
					"snd_wnd":	3143936,
					"rtt":	398945,
					"rttvar":	10994,
					"pmtu":	1500,
					"omitted":	false,
					"sender":	true
				}],
			"sum":	{
				"start":	56.000302,
				"end":	57.00009,
				"seconds":	0.999787986278534,
				"bytes":	6553600,
				"bits_per_second":	52439917.98216477,
				"retransmits":	0,
				"omitted":	false,
				"sender":	true
			}
		}, {
			"streams":	[{
					"socket":	6,
					"start":	57.00009,
					"end":	58.000107,
					"seconds":	1.0000170469284058,
					"bytes":	5242880,
					"bits_per_second":	41942325.012188345,
					"retransmits":	0,
					"snd_cwnd":	3052384,
					"snd_wnd":	3143936,
					"rtt":	381327,
					"rttvar":	24542,
					"pmtu":	1500,
					"omitted":	false,
					"sender":	true
				}],
			"sum":	{
				"start":	57.00009,
				"end":	58.000107,
				"seconds":	1.0000170469284058,
				"bytes":	5242880,
				"bits_per_second":	41942325.012188345,
				"retransmits":	0,
				"omitted":	false,
				"sender":	true
			}
		}, {
			"streams":	[{
					"socket":	6,
					"start":	58.000107,
					"end":	59.000165,
					"seconds":	1.0000580549240112,
					"bytes":	5242880,
					"bits_per_second":	41940605.141355537,
					"retransmits":	0,
					"snd_cwnd":	3052384,
					"snd_wnd":	3143936,
					"rtt":	394284,
					"rttvar":	33461,
					"pmtu":	1500,
					"omitted":	false,
					"sender":	true
				}],
			"sum":	{
				"start":	58.000107,
				"end":	59.000165,
				"seconds":	1.0000580549240112,
				"bytes":	5242880,
				"bits_per_second":	41940605.141355537,
				"retransmits":	0,
				"omitted":	false,
				"sender":	true
			}
		}, {
			"streams":	[{
					"socket":	6,
					"start":	59.000165,
					"end":	60.000129,
					"seconds":	0.99996399879455566,
					"bytes":	5242880,
					"bits_per_second":	41944550.05436378,
					"retransmits":	0,
					"snd_cwnd":	3035008,
					"snd_wnd":	3143936,
					"rtt":	401256,
					"rttvar":	33338,
					"pmtu":	1500,
					"omitted":	false,
					"sender":	true
				}],
			"sum":	{
				"start":	59.000165,
				"end":	60.000129,
				"seconds":	0.99996399879455566,
				"bytes":	5242880,
				"bits_per_second":	41944550.05436378,
				"retransmits":	0,
				"omitted":	false,
				"sender":	true
			}
		}],
	"end":	{
		"streams":	[{
				"sender":	{
					"socket":	6,
					"start":	0,
					"end":	60.000129,
					"seconds":	60.000129,
					"bytes":	227147776,
					"bits_per_second":	30286305.017777544,
					"retransmits":	0,
					"max_snd_cwnd":	3182704,
					"max_snd_wnd":	3143936,
					"max_rtt":	454047,
					"min_rtt":	158988,
					"mean_rtt":	341550,
					"sender":	true
				},
				"receiver":	{
					"socket":	6,
					"start":	0,
					"end":	60.474153,
					"seconds":	60.000129,
					"bytes":	226558160,
					"bits_per_second":	29970908.067120839,
					"sender":	true
				}
			}],
		"sum_sent":	{
			"start":	0,
			"end":	60.000129,
			"seconds":	60.000129,
			"bytes":	227147776,
			"bits_per_second":	30286305.017777544,
			"retransmits":	0,
			"sender":	true
		},
		"sum_received":	{
			"start":	0,
			"end":	60.474153,
			"seconds":	60.474153,
			"bytes":	226558160,
			"bits_per_second":	29970908.067120839,
			"sender":	true
		},
		"cpu_utilization_percent":	{
			"host_total":	0.29979149489321449,
			"host_user":	0.022181677070992761,
			"host_system":	0.27760981782222177,
			"remote_total":	2.0644781410721,
			"remote_user":	0.18589424519417538,
			"remote_system":	1.8785838958779242
		},
		"sender_tcp_congestion":	"bbr",
		"receiver_tcp_congestion":	"bbr"
	}
}
