{
	"start":	{
		"connected":	[{
				"socket":	6,
				"local_host":	"192.168.101.210",
				"local_port":	32876,
				"remote_host":	"192.168.100.168",
				"remote_port":	5202
			}],
		"version":	"iperf 3.11",
		"system_info":	"Linux f1 6.0.10-300.fc37.x86_64 #1 SMP PREEMPT_DYNAMIC Sat Nov 26 16:55:13 UTC 2022 x86_64",
		"timestamp":	{
			"time":	"Sat, 10 Dec 2022 20:28:57 GMT",
			"timesecs":	1670704137
		},
		"connecting_to":	{
			"host":	"192.168.100.168",
			"port":	5202
		},
		"cookie":	"fu26rty5ykuldq7obwam4oghxloqhk4mvox7",
		"tcp_mss_default":	1448,
		"target_bitrate":	0,
		"sock_bufsize":	0,
		"sndbuf_actual":	16384,
		"rcvbuf_actual":	131072,
		"test_start":	{
			"protocol":	"TCP",
			"num_streams":	1,
			"blksize":	131072,
			"omit":	0,
			"duration":	60,
			"bytes":	0,
			"blocks":	0,
			"reverse":	0,
			"tos":	0,
			"target_bitrate":	0
		}
	},
	"intervals":	[{
			"streams":	[{
					"socket":	6,
					"start":	0,
					"end":	1.000087,
					"seconds":	1.0000870227813721,
					"bytes":	105250816,
					"bits_per_second":	841933260.62593067,
					"retransmits":	6705,
					"snd_cwnd":	716760,
					"snd_wnd":	2851968,
					"rtt":	5737,
					"rttvar":	221,
					"pmtu":	1500,
					"omitted":	false,
					"sender":	true
				}],
			"sum":	{
				"start":	0,
				"end":	1.000087,
				"seconds":	1.0000870227813721,
				"bytes":	105250816,
				"bits_per_second":	841933260.62593067,
				"retransmits":	6705,
				"omitted":	false,
				"sender":	true
			}
		}, {
			"streams":	[{
					"socket":	6,
					"start":	1.000087,
					"end":	2.000091,
					"seconds":	1.0000040531158447,
					"bytes":	108789760,
					"bits_per_second":	870314552.51429737,
					"retransmits":	6795,
					"snd_cwnd":	781920,
					"snd_wnd":	3112576,
					"rtt":	5506,
					"rttvar":	235,
					"pmtu":	1500,
					"omitted":	false,
					"sender":	true
				}],
			"sum":	{
				"start":	1.000087,
				"end":	2.000091,
				"seconds":	1.0000040531158447,
				"bytes":	108789760,
				"bits_per_second":	870314552.51429737,
				"retransmits":	6795,
				"omitted":	false,
				"sender":	true
			}
		}, {
			"streams":	[{
					"socket":	6,
					"start":	2.000091,
					"end":	3.000071,
					"seconds":	0.99997997283935547,
					"bytes":	107479040,
					"bits_per_second":	859849540.34487462,
					"retransmits":	6345,
					"snd_cwnd":	781920,
					"snd_wnd":	2947968,
					"rtt":	5506,
					"rttvar":	282,
					"pmtu":	1500,
					"omitted":	false,
					"sender":	true
				}],
			"sum":	{
				"start":	2.000091,
				"end":	3.000071,
				"seconds":	0.99997997283935547,
				"bytes":	107479040,
				"bits_per_second":	859849540.34487462,
				"retransmits":	6345,
				"omitted":	false,
				"sender":	true
			}
		}, {
			"streams":	[{
					"socket":	6,
					"start":	3.000071,
					"end":	4.000073,
					"seconds":	1.0000020265579224,
					"bytes":	107479040,
					"bits_per_second":	859830577.50353122,
					"retransmits":	5220,
					"snd_cwnd":	651600,
					"snd_wnd":	3112576,
					"rtt":	5682,
					"rttvar":	216,
					"pmtu":	1500,
					"omitted":	false,
					"sender":	true
				}],
			"sum":	{
				"start":	3.000071,
				"end":	4.000073,
				"seconds":	1.0000020265579224,
				"bytes":	107479040,
				"bits_per_second":	859830577.50353122,
				"retransmits":	5220,
				"omitted":	false,
				"sender":	true
			}
		}, {
			"streams":	[{
					"socket":	6,
					"start":	4.000073,
					"end":	5.000075,
					"seconds":	1.0000020265579224,
					"bytes":	108789760,
					"bits_per_second":	870316316.25357437,
					"retransmits":	6435,
					"snd_cwnd":	1491440,
					"snd_wnd":	3112576,
					"rtt":	5609,
					"rttvar":	219,
					"pmtu":	1500,
					"omitted":	false,
					"sender":	true
				}],
			"sum":	{
				"start":	4.000073,
				"end":	5.000075,
				"seconds":	1.0000020265579224,
				"bytes":	108789760,
				"bits_per_second":	870316316.25357437,
				"retransmits":	6435,
				"omitted":	false,
				"sender":	true
			}
		}, {
			"streams":	[{
					"socket":	6,
					"start":	5.000075,
					"end":	6.000074,
					"seconds":	0.99999898672103882,
					"bytes":	110100480,
					"bits_per_second":	880804732.50090432,
					"retransmits":	6210,
					"snd_cwnd":	1107720,
					"snd_wnd":	3112576,
					"rtt":	5513,
					"rttvar":	144,
					"pmtu":	1500,
					"omitted":	false,
					"sender":	true
				}],
			"sum":	{
				"start":	5.000075,
				"end":	6.000074,
				"seconds":	0.99999898672103882,
				"bytes":	110100480,
				"bits_per_second":	880804732.50090432,
				"retransmits":	6210,
				"omitted":	false,
				"sender":	true
			}
		}, {
			"streams":	[{
					"socket":	6,
					"start":	6.000074,
					"end":	7.00008,
					"seconds":	1.0000059604644775,
					"bytes":	108789760,
					"bits_per_second":	870312892.53091967,
					"retransmits":	5715,
					"snd_cwnd":	1491440,
					"snd_wnd":	3112576,
					"rtt":	5506,
					"rttvar":	134,
					"pmtu":	1500,
					"omitted":	false,
					"sender":	true
				}],
			"sum":	{
				"start":	6.000074,
				"end":	7.00008,
				"seconds":	1.0000059604644775,
				"bytes":	108789760,
				"bits_per_second":	870312892.53091967,
				"retransmits":	5715,
				"omitted":	false,
				"sender":	true
			}
		}, {
			"streams":	[{
					"socket":	6,
					"start":	7.00008,
					"end":	8.000072,
					"seconds":	0.9999920129776,
					"bytes":	107479040,
					"bits_per_second":	859839187.55485129,
					"retransmits":	6165,
					"snd_cwnd":	847080,
					"snd_wnd":	3112576,
					"rtt":	5585,
					"rttvar":	219,
					"pmtu":	1500,
					"omitted":	false,
					"sender":	true
				}],
			"sum":	{
				"start":	7.00008,
				"end":	8.000072,
				"seconds":	0.9999920129776,
				"bytes":	107479040,
				"bits_per_second":	859839187.55485129,
				"retransmits":	6165,
				"omitted":	false,
				"sender":	true
			}
		}, {
			"streams":	[{
					"socket":	6,
					"start":	8.000072,
					"end":	9.000072,
					"seconds":	1,
					"bytes":	110100480,
					"bits_per_second":	880803840,
					"retransmits":	5805,
					"snd_cwnd":	716760,
					"snd_wnd":	3112576,
					"rtt":	5586,
					"rttvar":	183,
					"pmtu":	1500,
					"omitted":	false,
					"sender":	true
				}],
			"sum":	{
				"start":	8.000072,
				"end":	9.000072,
				"seconds":	1,
				"bytes":	110100480,
				"bits_per_second":	880803840,
				"retransmits":	5805,
				"omitted":	false,
				"sender":	true
			}
		}, {
			"streams":	[{
					"socket":	6,
					"start":	9.000072,
					"end":	10.000071,
					"seconds":	0.99999898672103882,
					"bytes":	108789760,
					"bits_per_second":	870318961.87589359,
					"retransmits":	6345,
					"snd_cwnd":	1436416,
					"snd_wnd":	2784128,
					"rtt":	5640,
					"rttvar":	272,
					"pmtu":	1500,
					"omitted":	false,
					"sender":	true
				}],
			"sum":	{
				"start":	9.000072,
				"end":	10.000071,
				"seconds":	0.99999898672103882,
				"bytes":	108789760,
				"bits_per_second":	870318961.87589359,
				"retransmits":	6345,
				"omitted":	false,
				"sender":	true
			}
		}, {
			"streams":	[{
					"socket":	6,
					"start":	10.000071,
					"end":	11.000056,
					"seconds":	0.9999849796295166,
					"bytes":	87818240,
					"bits_per_second":	702556472.658505,
					"retransmits":	4905,
					"snd_cwnd":	1537776,
					"snd_wnd":	3112576,
					"rtt":	5448,
					"rttvar":	145,
					"pmtu":	1500,
					"omitted":	false,
					"sender":	true
				}],
			"sum":	{
				"start":	10.000071,
				"end":	11.000056,
				"seconds":	0.9999849796295166,
				"bytes":	87818240,
				"bits_per_second":	702556472.658505,
				"retransmits":	4905,
				"omitted":	false,
				"sender":	true
			}
		}, {
			"streams":	[{
					"socket":	6,
					"start":	11.000056,
					"end":	12.000081,
					"seconds":	1.0000250339508057,
					"bytes":	110100480,
					"bits_per_second":	880781790.55198479,
					"retransmits":	6660,
					"snd_cwnd":	1476960,
					"snd_wnd":	2882432,
					"rtt":	5356,
					"rttvar":	322,
					"pmtu":	1500,
					"omitted":	false,
					"sender":	true
				}],
			"sum":	{
				"start":	11.000056,
				"end":	12.000081,
				"seconds":	1.0000250339508057,
				"bytes":	110100480,
				"bits_per_second":	880781790.55198479,
				"retransmits":	6660,
				"omitted":	false,
				"sender":	true
			}
		}, {
			"streams":	[{
					"socket":	6,
					"start":	12.000081,
					"end":	13.00007,
					"seconds":	0.99998897314071655,
					"bytes":	107479040,
					"bits_per_second":	859841801.35454953,
					"retransmits":	5535,
					"snd_cwnd":	651600,
					"snd_wnd":	3112576,
					"rtt":	5534,
					"rttvar":	173,
					"pmtu":	1500,
					"omitted":	false,
					"sender":	true
				}],
			"sum":	{
				"start":	12.000081,
				"end":	13.00007,
				"seconds":	0.99998897314071655,
				"bytes":	107479040,
				"bits_per_second":	859841801.35454953,
				"retransmits":	5535,
				"omitted":	false,
				"sender":	true
			}
		}, {
			"streams":	[{
					"socket":	6,
					"start":	13.00007,
					"end":	14.000077,
					"seconds":	1.0000070333480835,
					"bytes":	107479040,
					"bits_per_second":	859826272.542534,
					"retransmits":	6075,
					"snd_cwnd":	977400,
					"snd_wnd":	3079808,
					"rtt":	5576,
					"rttvar":	218,
					"pmtu":	1500,
					"omitted":	false,
					"sender":	true
				}],
			"sum":	{
				"start":	13.00007,
				"end":	14.000077,
				"seconds":	1.0000070333480835,
				"bytes":	107479040,
				"bits_per_second":	859826272.542534,
				"retransmits":	6075,
				"omitted":	false,
				"sender":	true
			}
		}, {
			"streams":	[{
					"socket":	6,
					"start":	14.000077,
					"end":	15.000075,
					"seconds":	0.99999797344207764,
					"bytes":	108789760,
					"bits_per_second":	870319843.75357437,
					"retransmits":	5940,
					"snd_cwnd":	651600,
					"snd_wnd":	3112576,
					"rtt":	5437,
					"rttvar":	103,
					"pmtu":	1500,
					"omitted":	false,
					"sender":	true
				}],
			"sum":	{
				"start":	14.000077,
				"end":	15.000075,
				"seconds":	0.99999797344207764,
				"bytes":	108789760,
				"bits_per_second":	870319843.75357437,
				"retransmits":	5940,
				"omitted":	false,
				"sender":	true
			}
		}, {
			"streams":	[{
					"socket":	6,
					"start":	15.000075,
					"end":	16.000074,
					"seconds":	0.99999898672103882,
					"bytes":	111411200,
					"bits_per_second":	891290503.125915,
					"retransmits":	6255,
					"snd_cwnd":	1517504,
					"snd_wnd":	3112576,
					"rtt":	5499,
					"rttvar":	121,
					"pmtu":	1500,
					"omitted":	false,
					"sender":	true
				}],
			"sum":	{
				"start":	15.000075,
				"end":	16.000074,
				"seconds":	0.99999898672103882,
				"bytes":	111411200,
				"bits_per_second":	891290503.125915,
				"retransmits":	6255,
				"omitted":	false,
				"sender":	true
			}
		}, {
			"streams":	[{
					"socket":	6,
					"start":	16.000074,
					"end":	17.00007,
					"seconds":	0.9999960064888,
					"bytes":	107479040,
					"bits_per_second":	859835753.76371276,
					"retransmits":	6480,
					"snd_cwnd":	651600,
					"snd_wnd":	3112576,
					"rtt":	5559,
					"rttvar":	311,
					"pmtu":	1500,
					"omitted":	false,
					"sender":	true
				}],
			"sum":	{
				"start":	16.000074,
				"end":	17.00007,
				"seconds":	0.9999960064888,
				"bytes":	107479040,
				"bits_per_second":	859835753.76371276,
				"retransmits":	6480,
				"omitted":	false,
				"sender":	true
			}
		}, {
			"streams":	[{
					"socket":	6,
					"start":	17.00007,
					"end":	18.000068,
					"seconds":	0.99999797344207764,
					"bytes":	110100480,
					"bits_per_second":	880805625.00361741,
					"retransmits":	6255,
					"snd_cwnd":	651600,
					"snd_wnd":	3112576,
					"rtt":	5552,
					"rttvar":	278,
					"pmtu":	1500,
					"omitted":	false,
					"sender":	true
				}],
			"sum":	{
				"start":	17.00007,
				"end":	18.000068,
				"seconds":	0.99999797344207764,
				"bytes":	110100480,
				"bits_per_second":	880805625.00361741,
				"retransmits":	6255,
				"omitted":	false,
				"sender":	true
			}
		}, {
			"streams":	[{
					"socket":	6,
					"start":	18.000068,
					"end":	19.000074,
					"seconds":	1.0000059604644775,
					"bytes":	107479040,
					"bits_per_second":	859827195.030547,
					"retransmits":	6795,
					"snd_cwnd":	847080,
					"snd_wnd":	3112576,
					"rtt":	5575,
					"rttvar":	201,
					"pmtu":	1500,
					"omitted":	false,
					"sender":	true
				}],
			"sum":	{
				"start":	18.000068,
				"end":	19.000074,
				"seconds":	1.0000059604644775,
				"bytes":	107479040,
				"bits_per_second":	859827195.030547,
				"retransmits":	6795,
				"omitted":	false,
				"sender":	true
			}
		}, {
			"streams":	[{
					"socket":	6,
					"start":	19.000074,
					"end":	20.000065,
					"seconds":	0.999990999698639,
					"bytes":	110100480,
					"bits_per_second":	880811767.57135057,
					"retransmits":	5895,
					"snd_cwnd":	1505920,
					"snd_wnd":	3112576,
					"rtt":	5427,
					"rttvar":	73,
					"pmtu":	1500,
					"omitted":	false,
					"sender":	true
				}],
			"sum":	{
				"start":	19.000074,
				"end":	20.000065,
				"seconds":	0.999990999698639,
				"bytes":	110100480,
				"bits_per_second":	880811767.57135057,
				"retransmits":	5895,
				"omitted":	false,
				"sender":	true
			}
		}, {
			"streams":	[{
					"socket":	6,
					"start":	20.000065,
					"end":	21.000077,
					"seconds":	1.0000120401382446,
					"bytes":	61603840,
					"bits_per_second":	492824786.32144231,
					"retransmits":	2880,
					"snd_cwnd":	1329264,
					"snd_wnd":	3112576,
					"rtt":	5095,
					"rttvar":	9,
					"pmtu":	1500,
					"omitted":	false,
					"sender":	true
				}],
			"sum":	{
				"start":	20.000065,
				"end":	21.000077,
				"seconds":	1.0000120401382446,
				"bytes":	61603840,
				"bits_per_second":	492824786.32144231,
				"retransmits":	2880,
				"omitted":	false,
				"sender":	true
			}
		}, {
			"streams":	[{
					"socket":	6,
					"start":	21.000077,
					"end":	22.000083,
					"seconds":	1.0000059604644775,
					"bytes":	108789760,
					"bits_per_second":	870312892.53091967,
					"retransmits":	6525,
					"snd_cwnd":	651600,
					"snd_wnd":	3112576,
					"rtt":	5597,
					"rttvar":	216,
					"pmtu":	1500,
					"omitted":	false,
					"sender":	true
				}],
			"sum":	{
				"start":	21.000077,
				"end":	22.000083,
				"seconds":	1.0000059604644775,
				"bytes":	108789760,
				"bits_per_second":	870312892.53091967,
				"retransmits":	6525,
				"omitted":	false,
				"sender":	true
			}
		}, {
			"streams":	[{
					"socket":	6,
					"start":	22.000083,
					"end":	23.000081,
					"seconds":	0.99999797344207764,
					"bytes":	108789760,
					"bits_per_second":	870319843.75357437,
					"retransmits":	6705,
					"snd_cwnd":	651600,
					"snd_wnd":	3112576,
					"rtt":	5614,
					"rttvar":	350,
					"pmtu":	1500,
					"omitted":	false,
					"sender":	true
				}],
			"sum":	{
				"start":	22.000083,
				"end":	23.000081,
				"seconds":	0.99999797344207764,
				"bytes":	108789760,
				"bits_per_second":	870319843.75357437,
				"retransmits":	6705,
				"omitted":	false,
				"sender":	true
			}
		}, {
			"streams":	[{
					"socket":	6,
					"start":	23.000081,
					"end":	24.000077,
					"seconds":	0.9999960064888,
					"bytes":	108789760,
					"bits_per_second":	870321555.63888,
					"retransmits":	6705,
					"snd_cwnd":	1107720,
					"snd_wnd":	3014272,
					"rtt":	5343,
					"rttvar":	258,
					"pmtu":	1500,
					"omitted":	false,
					"sender":	true
				}],
			"sum":	{
				"start":	23.000081,
				"end":	24.000077,
				"seconds":	0.9999960064888,
				"bytes":	108789760,
				"bits_per_second":	870321555.63888,
				"retransmits":	6705,
				"omitted":	false,
				"sender":	true
			}
		}, {
			"streams":	[{
					"socket":	6,
					"start":	24.000077,
					"end":	25.000111,
					"seconds":	1.000033974647522,
					"bytes":	107479040,
					"bits_per_second":	859803108.49245071,
					"retransmits":	6975,
					"snd_cwnd":	781920,
					"snd_wnd":	3112576,
					"rtt":	5590,
					"rttvar":	201,
					"pmtu":	1500,
					"omitted":	false,
					"sender":	true
				}],
			"sum":	{
				"start":	24.000077,
				"end":	25.000111,
				"seconds":	1.000033974647522,
				"bytes":	107479040,
				"bits_per_second":	859803108.49245071,
				"retransmits":	6975,
				"omitted":	false,
				"sender":	true
			}
		}, {
			"streams":	[{
					"socket":	6,
					"start":	25.000111,
					"end":	26.000081,
					"seconds":	0.999970018863678,
					"bytes":	110100480,
					"bits_per_second":	880830248.29175055,
					"retransmits":	6885,
					"snd_cwnd":	651600,
					"snd_wnd":	3112576,
					"rtt":	5560,
					"rttvar":	310,
					"pmtu":	1500,
					"omitted":	false,
					"sender":	true
				}],
			"sum":	{
				"start":	25.000111,
				"end":	26.000081,
				"seconds":	0.999970018863678,
				"bytes":	110100480,
				"bits_per_second":	880830248.29175055,
				"retransmits":	6885,
				"omitted":	false,
				"sender":	true
			}
		}, {
			"streams":	[{
					"socket":	6,
					"start":	26.000081,
					"end":	27.000083,
					"seconds":	1.0000020265579224,
					"bytes":	110100480,
					"bits_per_second":	880802055.00361741,
					"retransmits":	6570,
					"snd_cwnd":	586440,
					"snd_wnd":	3112576,
					"rtt":	5495,
					"rttvar":	162,
					"pmtu":	1500,
					"omitted":	false,
					"sender":	true
				}],
			"sum":	{
				"start":	26.000081,
				"end":	27.000083,
				"seconds":	1.0000020265579224,
				"bytes":	110100480,
				"bits_per_second":	880802055.00361741,
				"retransmits":	6570,
				"omitted":	false,
				"sender":	true
			}
		}, {
			"streams":	[{
					"socket":	6,
					"start":	27.000083,
					"end":	28.00008,
					"seconds":	0.99999701976776123,
					"bytes":	108789760,
					"bits_per_second":	870320673.75773,
					"retransmits":	6075,
					"snd_cwnd":	651600,
					"snd_wnd":	3112576,
					"rtt":	5452,
					"rttvar":	212,
					"pmtu":	1500,
					"omitted":	false,
					"sender":	true
				}],
			"sum":	{
				"start":	27.000083,
				"end":	28.00008,
				"seconds":	0.99999701976776123,
				"bytes":	108789760,
				"bits_per_second":	870320673.75773,
				"retransmits":	6075,
				"omitted":	false,
				"sender":	true
			}
		}, {
			"streams":	[{
					"socket":	6,
					"start":	28.00008,
					"end":	29.00011,
					"seconds":	1.0000300407409668,
					"bytes":	107479040,
					"bits_per_second":	859806490.775929,
					"retransmits":	5940,
					"snd_cwnd":	716760,
					"snd_wnd":	3112576,
					"rtt":	5641,
					"rttvar":	250,
					"pmtu":	1500,
					"omitted":	false,
					"sender":	true
				}],
			"sum":	{
				"start":	28.00008,
				"end":	29.00011,
				"seconds":	1.0000300407409668,
				"bytes":	107479040,
				"bits_per_second":	859806490.775929,
				"retransmits":	5940,
				"omitted":	false,
				"sender":	true
			}
		}, {
			"streams":	[{
					"socket":	6,
					"start":	29.00011,
					"end":	30.000084,
					"seconds":	0.999974012374878,
					"bytes":	110100480,
					"bits_per_second":	880826730.59487224,
					"retransmits":	6255,
					"snd_cwnd":	651600,
					"snd_wnd":	3112576,
					"rtt":	5453,
					"rttvar":	89,
					"pmtu":	1500,
					"omitted":	false,
					"sender":	true
				}],
			"sum":	{
				"start":	29.00011,
				"end":	30.000084,
				"seconds":	0.999974012374878,
				"bytes":	110100480,
				"bits_per_second":	880826730.59487224,
				"retransmits":	6255,
				"omitted":	false,
				"sender":	true
			}
		}, {
			"streams":	[{
					"socket":	6,
					"start":	30.000084,
					"end":	31.000072,
					"seconds":	0.9999880194664,
					"bytes":	86507520,
					"bits_per_second":	692068451.349335,
					"retransmits":	6705,
					"snd_cwnd":	1410352,
					"snd_wnd":	3112576,
					"rtt":	5092,
					"rttvar":	32,
					"pmtu":	1500,
					"omitted":	false,
					"sender":	true
				}],
			"sum":	{
				"start":	30.000084,
				"end":	31.000072,
				"seconds":	0.9999880194664,
				"bytes":	86507520,
				"bits_per_second":	692068451.349335,
				"retransmits":	6705,
				"omitted":	false,
				"sender":	true
			}
		}, {
			"streams":	[{
					"socket":	6,
					"start":	31.000072,
					"end":	32.000079,
					"seconds":	1.0000070333480835,
					"bytes":	107479040,
					"bits_per_second":	859826272.542534,
					"retransmits":	3735,
					"snd_cwnd":	1419040,
					"snd_wnd":	3112576,
					"rtt":	5487,
					"rttvar":	211,
					"pmtu":	1500,
					"omitted":	false,
					"sender":	true
				}],
			"sum":	{
				"start":	31.000072,
				"end":	32.000079,
				"seconds":	1.0000070333480835,
				"bytes":	107479040,
				"bits_per_second":	859826272.542534,
				"retransmits":	3735,
				"omitted":	false,
				"sender":	true
			}
		}, {
			"streams":	[{
					"socket":	6,
					"start":	32.000079,
					"end":	33.000077,
					"seconds":	0.99999797344207764,
					"bytes":	108789760,
					"bits_per_second":	870319843.75357437,
					"retransmits":	5310,
					"snd_cwnd":	586440,
					"snd_wnd":	3112576,
					"rtt":	5313,
					"rttvar":	182,
					"pmtu":	1500,
					"omitted":	false,
					"sender":	true
				}],
			"sum":	{
				"start":	32.000079,
				"end":	33.000077,
				"seconds":	0.99999797344207764,
				"bytes":	108789760,
				"bits_per_second":	870319843.75357437,
				"retransmits":	5310,
				"omitted":	false,
				"sender":	true
			}
		}, {
			"streams":	[{
					"socket":	6,
					"start":	33.000077,
					"end":	34.000073,
					"seconds":	0.9999960064888,
					"bytes":	108789760,
					"bits_per_second":	870321555.63888,
					"retransmits":	5490,
					"snd_cwnd":	1468272,
					"snd_wnd":	3112576,
					"rtt":	5442,
					"rttvar":	245,
					"pmtu":	1500,
					"omitted":	false,
					"sender":	true
				}],
			"sum":	{
				"start":	33.000077,
				"end":	34.000073,
				"seconds":	0.9999960064888,
				"bytes":	108789760,
				"bits_per_second":	870321555.63888,
				"retransmits":	5490,
				"omitted":	false,
				"sender":	true
			}
		}, {
			"streams":	[{
					"socket":	6,
					"start":	34.000073,
					"end":	35.000079,
					"seconds":	1.0000059604644775,
					"bytes":	110100480,
					"bits_per_second":	880798590.0312922,
					"retransmits":	5850,
					"snd_cwnd":	1494336,
					"snd_wnd":	3112576,
					"rtt":	5484,
					"rttvar":	98,
					"pmtu":	1500,
					"omitted":	false,
					"sender":	true
				}],
			"sum":	{
				"start":	34.000073,
				"end":	35.000079,
				"seconds":	1.0000059604644775,
				"bytes":	110100480,
				"bits_per_second":	880798590.0312922,
				"retransmits":	5850,
				"omitted":	false,
				"sender":	true
			}
		}, {
			"streams":	[{
					"socket":	6,
					"start":	35.000079,
					"end":	36.000074,
					"seconds":	0.999994993209839,
					"bytes":	108789760,
					"bits_per_second":	870322437.52181721,
					"retransmits":	6075,
					"snd_cwnd":	651600,
					"snd_wnd":	3112576,
					"rtt":	5502,
					"rttvar":	95,
					"pmtu":	1500,
					"omitted":	false,
					"sender":	true
				}],
			"sum":	{
				"start":	35.000079,
				"end":	36.000074,
				"seconds":	0.999994993209839,
				"bytes":	108789760,
				"bits_per_second":	870322437.52181721,
				"retransmits":	6075,
				"omitted":	false,
				"sender":	true
			}
		}, {
			"streams":	[{
					"socket":	6,
					"start":	36.000074,
					"end":	37.00007,
					"seconds":	0.9999960064888,
					"bytes":	108789760,
					"bits_per_second":	870321555.63888,
					"retransmits":	6390,
					"snd_cwnd":	716760,
					"snd_wnd":	3112576,
					"rtt":	5660,
					"rttvar":	230,
					"pmtu":	1500,
					"omitted":	false,
					"sender":	true
				}],
			"sum":	{
				"start":	36.000074,
				"end":	37.00007,
				"seconds":	0.9999960064888,
				"bytes":	108789760,
				"bits_per_second":	870321555.63888,
				"retransmits":	6390,
				"omitted":	false,
				"sender":	true
			}
		}, {
			"streams":	[{
					"socket":	6,
					"start":	37.00007,
					"end":	38.000081,
					"seconds":	1.0000109672546387,
					"bytes":	108789760,
					"bits_per_second":	870308535.10468125,
					"retransmits":	6255,
					"snd_cwnd":	651600,
					"snd_wnd":	3112576,
					"rtt":	5492,
					"rttvar":	225,
					"pmtu":	1500,
					"omitted":	false,
					"sender":	true
				}],
			"sum":	{
				"start":	37.00007,
				"end":	38.000081,
				"seconds":	1.0000109672546387,
				"bytes":	108789760,
				"bits_per_second":	870308535.10468125,
				"retransmits":	6255,
				"omitted":	false,
				"sender":	true
			}
		}, {
			"streams":	[{
					"socket":	6,
					"start":	38.000081,
					"end":	39.000079,
					"seconds":	0.99999797344207764,
					"bytes":	110100480,
					"bits_per_second":	880805625.00361741,
					"retransmits":	6435,
					"snd_cwnd":	651600,
					"snd_wnd":	3112576,
					"rtt":	5662,
					"rttvar":	236,
					"pmtu":	1500,
					"omitted":	false,
					"sender":	true
				}],
			"sum":	{
				"start":	38.000081,
				"end":	39.000079,
				"seconds":	0.99999797344207764,
				"bytes":	110100480,
				"bits_per_second":	880805625.00361741,
				"retransmits":	6435,
				"omitted":	false,
				"sender":	true
			}
		}, {
			"streams":	[{
					"socket":	6,
					"start":	39.000079,
					"end":	40.00007,
					"seconds":	0.999990999698639,
					"bytes":	108789760,
					"bits_per_second":	870325913.195501,
					"retransmits":	6345,
					"snd_cwnd":	1465376,
					"snd_wnd":	3112576,
					"rtt":	5486,
					"rttvar":	238,
					"pmtu":	1500,
					"omitted":	false,
					"sender":	true
				}],
			"sum":	{
				"start":	39.000079,
				"end":	40.00007,
				"seconds":	0.999990999698639,
				"bytes":	108789760,
				"bits_per_second":	870325913.195501,
				"retransmits":	6345,
				"omitted":	false,
				"sender":	true
			}
		}, {
			"streams":	[{
					"socket":	6,
					"start":	40.00007,
					"end":	41.000135,
					"seconds":	1.0000649690628052,
					"bytes":	96993280,
					"bits_per_second":	775895830.77504,
					"retransmits":	5625,
					"snd_cwnd":	5792,
					"snd_wnd":	3145728,
					"rtt":	5120,
					"rttvar":	83,
					"pmtu":	1500,
					"omitted":	false,
					"sender":	true
				}],
			"sum":	{
				"start":	40.00007,
				"end":	41.000135,
				"seconds":	1.0000649690628052,
				"bytes":	96993280,
				"bits_per_second":	775895830.77504,
				"retransmits":	5625,
				"omitted":	false,
				"sender":	true
			}
		}, {
			"streams":	[{
					"socket":	6,
					"start":	41.000135,
					"end":	42.000082,
					"seconds":	0.99994701147079468,
					"bytes":	94371840,
					"bits_per_second":	755014727.11991847,
					"retransmits":	3735,
					"snd_cwnd":	586440,
					"snd_wnd":	3112576,
					"rtt":	5453,
					"rttvar":	119,
					"pmtu":	1500,
					"omitted":	false,
					"sender":	true
				}],
			"sum":	{
				"start":	41.000135,
				"end":	42.000082,
				"seconds":	0.99994701147079468,
				"bytes":	94371840,
				"bits_per_second":	755014727.11991847,
				"retransmits":	3735,
				"omitted":	false,
				"sender":	true
			}
		}, {
			"streams":	[{
					"socket":	6,
					"start":	42.000082,
					"end":	43.000066,
					"seconds":	0.9999840259552002,
					"bytes":	108789760,
					"bits_per_second":	870331982.72208273,
					"retransmits":	5265,
					"snd_cwnd":	1442208,
					"snd_wnd":	3112576,
					"rtt":	5503,
					"rttvar":	198,
					"pmtu":	1500,
					"omitted":	false,
					"sender":	true
				}],
			"sum":	{
				"start":	42.000082,
				"end":	43.000066,
				"seconds":	0.9999840259552002,
				"bytes":	108789760,
				"bits_per_second":	870331982.72208273,
				"retransmits":	5265,
				"omitted":	false,
				"sender":	true
			}
		}, {
			"streams":	[{
					"socket":	6,
					"start":	43.000066,
					"end":	44.000075,
					"seconds":	1.0000089406967163,
					"bytes":	108789760,
					"bits_per_second":	870310298.81956923,
					"retransmits":	5895,
					"snd_cwnd":	1534880,
					"snd_wnd":	3112576,
					"rtt":	5330,
					"rttvar":	79,
					"pmtu":	1500,
					"omitted":	false,
					"sender":	true
				}],
			"sum":	{
				"start":	43.000066,
				"end":	44.000075,
				"seconds":	1.0000089406967163,
				"bytes":	108789760,
				"bits_per_second":	870310298.81956923,
				"retransmits":	5895,
				"omitted":	false,
				"sender":	true
			}
		}, {
			"streams":	[{
					"socket":	6,
					"start":	44.000075,
					"end":	45.000077,
					"seconds":	1.0000020265579224,
					"bytes":	110100480,
					"bits_per_second":	880802055.00361741,
					"retransmits":	5760,
					"snd_cwnd":	1523296,
					"snd_wnd":	3112576,
					"rtt":	5488,
					"rttvar":	105,
					"pmtu":	1500,
					"omitted":	false,
					"sender":	true
				}],
			"sum":	{
				"start":	44.000075,
				"end":	45.000077,
				"seconds":	1.0000020265579224,
				"bytes":	110100480,
				"bits_per_second":	880802055.00361741,
				"retransmits":	5760,
				"omitted":	false,
				"sender":	true
			}
		}, {
			"streams":	[{
					"socket":	6,
					"start":	45.000077,
					"end":	46.000081,
					"seconds":	1.0000040531158447,
					"bytes":	107479040,
					"bits_per_second":	859828835.014125,
					"retransmits":	6660,
					"snd_cwnd":	716760,
					"snd_wnd":	3112576,
					"rtt":	5669,
					"rttvar":	265,
					"pmtu":	1500,
					"omitted":	false,
					"sender":	true
				}],
			"sum":	{
				"start":	45.000077,
				"end":	46.000081,
				"seconds":	1.0000040531158447,
				"bytes":	107479040,
				"bits_per_second":	859828835.014125,
				"retransmits":	6660,
				"omitted":	false,
				"sender":	true
			}
		}, {
			"streams":	[{
					"socket":	6,
					"start":	46.000081,
					"end":	47.000081,
					"seconds":	1,
					"bytes":	108789760,
					"bits_per_second":	870318080,
					"retransmits":	5445,
					"snd_cwnd":	651600,
					"snd_wnd":	3112576,
					"rtt":	5431,
					"rttvar":	185,
					"pmtu":	1500,
					"omitted":	false,
					"sender":	true
				}],
			"sum":	{
				"start":	46.000081,
				"end":	47.000081,
				"seconds":	1,
				"bytes":	108789760,
				"bits_per_second":	870318080,
				"retransmits":	5445,
				"omitted":	false,
				"sender":	true
			}
		}, {
			"streams":	[{
					"socket":	6,
					"start":	47.000081,
					"end":	48.000072,
					"seconds":	0.999990999698639,
					"bytes":	108789760,
					"bits_per_second":	870325913.195501,
					"retransmits":	5445,
					"snd_cwnd":	1497232,
					"snd_wnd":	3112576,
					"rtt":	5450,
					"rttvar":	159,
					"pmtu":	1500,
					"omitted":	false,
					"sender":	true
				}],
			"sum":	{
				"start":	47.000081,
				"end":	48.000072,
				"seconds":	0.999990999698639,
				"bytes":	108789760,
				"bits_per_second":	870325913.195501,
				"retransmits":	5445,
				"omitted":	false,
				"sender":	true
			}
		}, {
			"streams":	[{
					"socket":	6,
					"start":	48.000072,
					"end":	49.000096,
					"seconds":	1.0000239610672,
					"bytes":	108789760,
					"bits_per_second":	870297226.749666,
					"retransmits":	6480,
					"snd_cwnd":	716760,
					"snd_wnd":	2915200,
					"rtt":	5482,
					"rttvar":	270,
					"pmtu":	1500,
					"omitted":	false,
					"sender":	true
				}],
			"sum":	{
				"start":	48.000072,
				"end":	49.000096,
				"seconds":	1.0000239610672,
				"bytes":	108789760,
				"bits_per_second":	870297226.749666,
				"retransmits":	6480,
				"omitted":	false,
				"sender":	true
			}
		}, {
			"streams":	[{
					"socket":	6,
					"start":	49.000096,
					"end":	50.000068,
					"seconds":	0.99997198581695557,
					"bytes":	108789760,
					"bits_per_second":	870342461.93304,
					"retransmits":	5805,
					"snd_cwnd":	651600,
					"snd_wnd":	3112576,
					"rtt":	5503,
					"rttvar":	133,
					"pmtu":	1500,
					"omitted":	false,
					"sender":	true
				}],
			"sum":	{
				"start":	49.000096,
				"end":	50.000068,
				"seconds":	0.99997198581695557,
				"bytes":	108789760,
				"bits_per_second":	870342461.93304,
				"retransmits":	5805,
				"omitted":	false,
				"sender":	true
			}
		}, {
			"streams":	[{
					"socket":	6,
					"start":	50.000068,
					"end":	51.000076,
					"seconds":	1.0000079870224,
					"bytes":	110100480,
					"bits_per_second":	880796805.05618823,
					"retransmits":	6975,
					"snd_cwnd":	1479856,
					"snd_wnd":	3112576,
					"rtt":	5513,
					"rttvar":	128,
					"pmtu":	1500,
					"omitted":	false,
					"sender":	true
				}],
			"sum":	{
				"start":	50.000068,
				"end":	51.000076,
				"seconds":	1.0000079870224,
				"bytes":	110100480,
				"bits_per_second":	880796805.05618823,
				"retransmits":	6975,
				"omitted":	false,
				"sender":	true
			}
		}, {
			"streams":	[{
					"socket":	6,
					"start":	51.000076,
					"end":	52.00008,
					"seconds":	1.0000040531158447,
					"bytes":	85196800,
					"bits_per_second":	681571637.51119673,
					"retransmits":	4770,
					"snd_cwnd":	1416144,
					"snd_wnd":	2882432,
					"rtt":	5393,
					"rttvar":	222,
					"pmtu":	1500,
					"omitted":	false,
					"sender":	true
				}],
			"sum":	{
				"start":	51.000076,
				"end":	52.00008,
				"seconds":	1.0000040531158447,
				"bytes":	85196800,
				"bits_per_second":	681571637.51119673,
				"retransmits":	4770,
				"omitted":	false,
				"sender":	true
			}
		}, {
			"streams":	[{
					"socket":	6,
					"start":	52.00008,
					"end":	53.000086,
					"seconds":	1.0000059604644775,
					"bytes":	107479040,
					"bits_per_second":	859827195.030547,
					"retransmits":	5985,
					"snd_cwnd":	1042560,
					"snd_wnd":	3112576,
					"rtt":	5548,
					"rttvar":	175,
					"pmtu":	1500,
					"omitted":	false,
					"sender":	true
				}],
			"sum":	{
				"start":	52.00008,
				"end":	53.000086,
				"seconds":	1.0000059604644775,
				"bytes":	107479040,
				"bits_per_second":	859827195.030547,
				"retransmits":	5985,
				"omitted":	false,
				"sender":	true
			}
		}, {
			"streams":	[{
					"socket":	6,
					"start":	53.000086,
					"end":	54.000086,
					"seconds":	1,
					"bytes":	110100480,
					"bits_per_second":	880803840,
					"retransmits":	6165,
					"snd_cwnd":	651600,
					"snd_wnd":	3112576,
					"rtt":	5393,
					"rttvar":	148,
					"pmtu":	1500,
					"omitted":	false,
					"sender":	true
				}],
			"sum":	{
				"start":	53.000086,
				"end":	54.000086,
				"seconds":	1,
				"bytes":	110100480,
				"bits_per_second":	880803840,
				"retransmits":	6165,
				"omitted":	false,
				"sender":	true
			}
		}, {
			"streams":	[{
					"socket":	6,
					"start":	54.000086,
					"end":	55.000079,
					"seconds":	0.99999302625656128,
					"bytes":	110100480,
					"bits_per_second":	880809982.54283655,
					"retransmits":	5760,
					"snd_cwnd":	1479856,
					"snd_wnd":	3112576,
					"rtt":	5530,
					"rttvar":	113,
					"pmtu":	1500,
					"omitted":	false,
					"sender":	true
				}],
			"sum":	{
				"start":	54.000086,
				"end":	55.000079,
				"seconds":	0.99999302625656128,
				"bytes":	110100480,
				"bits_per_second":	880809982.54283655,
				"retransmits":	5760,
				"omitted":	false,
				"sender":	true
			}
		}, {
			"streams":	[{
					"socket":	6,
					"start":	55.000079,
					"end":	56.000074,
					"seconds":	0.999994993209839,
					"bytes":	107479040,
					"bits_per_second":	859836625.02155435,
					"retransmits":	6120,
					"snd_cwnd":	1172880,
					"snd_wnd":	3112576,
					"rtt":	5553,
					"rttvar":	145,
					"pmtu":	1500,
					"omitted":	false,
					"sender":	true
				}],
			"sum":	{
				"start":	55.000079,
				"end":	56.000074,
				"seconds":	0.999994993209839,
				"bytes":	107479040,
				"bits_per_second":	859836625.02155435,
				"retransmits":	6120,
				"omitted":	false,
				"sender":	true
			}
		}, {
			"streams":	[{
					"socket":	6,
					"start":	56.000074,
					"end":	57.000077,
					"seconds":	1.0000029802322388,
					"bytes":	108789760,
					"bits_per_second":	870315486.25773,
					"retransmits":	5715,
					"snd_cwnd":	1448000,
					"snd_wnd":	3112576,
					"rtt":	5385,
					"rttvar":	223,
					"pmtu":	1500,
					"omitted":	false,
					"sender":	true
				}],
			"sum":	{
				"start":	56.000074,
				"end":	57.000077,
				"seconds":	1.0000029802322388,
				"bytes":	108789760,
				"bits_per_second":	870315486.25773,
				"retransmits":	5715,
				"omitted":	false,
				"sender":	true
			}
		}, {
			"streams":	[{
					"socket":	6,
					"start":	57.000077,
					"end":	58.000065,
					"seconds":	0.9999880194664,
					"bytes":	108789760,
					"bits_per_second":	870328506.999921,
					"retransmits":	6255,
					"snd_cwnd":	1427728,
					"snd_wnd":	3112576,
					"rtt":	5404,
					"rttvar":	132,
					"pmtu":	1500,
					"omitted":	false,
					"sender":	true
				}],
			"sum":	{
				"start":	57.000077,
				"end":	58.000065,
				"seconds":	0.9999880194664,
				"bytes":	108789760,
				"bits_per_second":	870328506.999921,
				"retransmits":	6255,
				"omitted":	false,
				"sender":	true
			}
		}, {
			"streams":	[{
					"socket":	6,
					"start":	58.000065,
					"end":	59.000073,
					"seconds":	1.0000079870224,
					"bytes":	107479040,
					"bits_per_second":	859825452.55485046,
					"retransmits":	5940,
					"snd_cwnd":	1471168,
					"snd_wnd":	3112576,
					"rtt":	5411,
					"rttvar":	182,
					"pmtu":	1500,
					"omitted":	false,
					"sender":	true
				}],
			"sum":	{
				"start":	58.000065,
				"end":	59.000073,
				"seconds":	1.0000079870224,
				"bytes":	107479040,
				"bits_per_second":	859825452.55485046,
				"retransmits":	5940,
				"omitted":	false,
				"sender":	true
			}
		}, {
			"streams":	[{
					"socket":	6,
					"start":	59.000073,
					"end":	60.000097,
					"seconds":	1.0000239610672,
					"bytes":	110100480,
					"bits_per_second":	880782735.505686,
					"retransmits":	6435,
					"snd_cwnd":	586440,
					"snd_wnd":	3112576,
					"rtt":	5462,
					"rttvar":	137,
					"pmtu":	1500,
					"omitted":	false,
					"sender":	true
				}],
			"sum":	{
				"start":	59.000073,
				"end":	60.000097,
				"seconds":	1.0000239610672,
				"bytes":	110100480,
				"bits_per_second":	880782735.505686,
				"retransmits":	6435,
				"omitted":	false,
				"sender":	true
			}
		}],
	"end":	{
		"streams":	[{
				"sender":	{
					"socket":	6,
					"start":	0,
					"end":	60.000097,
					"seconds":	60.000097,
					"bytes":	6387531776,
					"bits_per_second":	851669526.600932,
					"retransmits":	358875,
					"max_snd_cwnd":	1537776,
					"max_snd_wnd":	3145728,
					"max_rtt":	5737,
					"min_rtt":	5092,
					"mean_rtt":	5488,
					"sender":	true
				},
				"receiver":	{
					"socket":	6,
					"start":	0,
					"end":	60.00553,
					"seconds":	60.000097,
					"bytes":	6385110936,
					"bits_per_second":	851269666.11244,
					"sender":	true
				}
			}],
		"sum_sent":	{
			"start":	0,
			"end":	60.000097,
			"seconds":	60.000097,
			"bytes":	6387531776,
			"bits_per_second":	851669526.600932,
			"retransmits":	358875,
			"sender":	true
		},
		"sum_received":	{
			"start":	0,
			"end":	60.00553,
			"seconds":	60.00553,
			"bytes":	6385110936,
			"bits_per_second":	851269666.11244,
			"sender":	true
		},
		"cpu_utilization_percent":	{
			"host_total":	1.0574950298873191,
			"host_user":	0.0293395966680148,
			"host_system":	1.0281554332193044,
			"remote_total":	1.9916993003179839,
			"remote_user":	0.160420177175629,
			"remote_system":	1.8312774566296743
		},
		"sender_tcp_congestion":	"bbr",
		"receiver_tcp_congestion":	"bbr"
	}
}
