{
	"start":	{
		"connected":	[{
				"socket":	6,
				"local_host":	"192.168.101.210",
				"local_port":	41368,
				"remote_host":	"192.168.100.168",
				"remote_port":	5201
			}],
		"version":	"iperf 3.11",
		"system_info":	"Linux f1 6.0.10-300.fc37.x86_64 #1 SMP PREEMPT_DYNAMIC Sat Nov 26 16:55:13 UTC 2022 x86_64",
		"timestamp":	{
			"time":	"Sat, 10 Dec 2022 20:32:59 GMT",
			"timesecs":	1670704379
		},
		"connecting_to":	{
			"host":	"192.168.100.168",
			"port":	5201
		},
		"cookie":	"zxc24btkc43iijxkakqljmizwn7k6wwo5qkw",
		"tcp_mss_default":	1448,
		"target_bitrate":	0,
		"sock_bufsize":	0,
		"sndbuf_actual":	16384,
		"rcvbuf_actual":	131072,
		"test_start":	{
			"protocol":	"TCP",
			"num_streams":	1,
			"blksize":	131072,
			"omit":	0,
			"duration":	60,
			"bytes":	0,
			"blocks":	0,
			"reverse":	0,
			"tos":	0,
			"target_bitrate":	0
		}
	},
	"intervals":	[{
			"streams":	[{
					"socket":	6,
					"start":	0,
					"end":	1.000075,
					"seconds":	1.0000749826431274,
					"bytes":	40501248,
					"bits_per_second":	323985690.69657612,
					"retransmits":	0,
					"snd_cwnd":	6355272,
					"snd_wnd":	3143552,
					"rtt":	51904,
					"rttvar":	455,
					"pmtu":	1500,
					"omitted":	false,
					"sender":	true
				}],
			"sum":	{
				"start":	0,
				"end":	1.000075,
				"seconds":	1.0000749826431274,
				"bytes":	40501248,
				"bits_per_second":	323985690.69657612,
				"retransmits":	0,
				"omitted":	false,
				"sender":	true
			}
		}, {
			"streams":	[{
					"socket":	6,
					"start":	1.000075,
					"end":	2.000069,
					"seconds":	0.99999397993087769,
					"bytes":	60293120,
					"bits_per_second":	482347863.76748091,
					"retransmits":	0,
					"snd_cwnd":	6355272,
					"snd_wnd":	3112576,
					"rtt":	51462,
					"rttvar":	543,
					"pmtu":	1500,
					"omitted":	false,
					"sender":	true
				}],
			"sum":	{
				"start":	1.000075,
				"end":	2.000069,
				"seconds":	0.99999397993087769,
				"bytes":	60293120,
				"bits_per_second":	482347863.76748091,
				"retransmits":	0,
				"omitted":	false,
				"sender":	true
			}
		}, {
			"streams":	[{
					"socket":	6,
					"start":	2.000069,
					"end":	3.000073,
					"seconds":	1.0000040531158447,
					"bytes":	58982400,
					"bits_per_second":	471857287.50775152,
					"retransmits":	0,
					"snd_cwnd":	6355272,
					"snd_wnd":	3143552,
					"rtt":	52147,
					"rttvar":	593,
					"pmtu":	1500,
					"omitted":	false,
					"sender":	true
				}],
			"sum":	{
				"start":	2.000069,
				"end":	3.000073,
				"seconds":	1.0000040531158447,
				"bytes":	58982400,
				"bits_per_second":	471857287.50775152,
				"retransmits":	0,
				"omitted":	false,
				"sender":	true
			}
		}, {
			"streams":	[{
					"socket":	6,
					"start":	3.000073,
					"end":	4.00009,
					"seconds":	1.0000170469284058,
					"bytes":	61603840,
					"bits_per_second":	492822318.89321309,
					"retransmits":	0,
					"snd_cwnd":	6355272,
					"snd_wnd":	3143552,
					"rtt":	51314,
					"rttvar":	486,
					"pmtu":	1500,
					"omitted":	false,
					"sender":	true
				}],
			"sum":	{
				"start":	3.000073,
				"end":	4.00009,
				"seconds":	1.0000170469284058,
				"bytes":	61603840,
				"bits_per_second":	492822318.89321309,
				"retransmits":	0,
				"omitted":	false,
				"sender":	true
			}
		}, {
			"streams":	[{
					"socket":	6,
					"start":	4.00009,
					"end":	5.000073,
					"seconds":	0.999983012676239,
					"bytes":	57671680,
					"bits_per_second":	461381277.63314039,
					"retransmits":	0,
					"snd_cwnd":	6355272,
					"snd_wnd":	3143552,
					"rtt":	51950,
					"rttvar":	513,
					"pmtu":	1500,
					"omitted":	false,
					"sender":	true
				}],
			"sum":	{
				"start":	4.00009,
				"end":	5.000073,
				"seconds":	0.999983012676239,
				"bytes":	57671680,
				"bits_per_second":	461381277.63314039,
				"retransmits":	0,
				"omitted":	false,
				"sender":	true
			}
		}, {
			"streams":	[{
					"socket":	6,
					"start":	5.000073,
					"end":	6.000079,
					"seconds":	1.0000059604644775,
					"bytes":	61603840,
					"bits_per_second":	492827782.51750875,
					"retransmits":	0,
					"snd_cwnd":	6355272,
					"snd_wnd":	3143552,
					"rtt":	51562,
					"rttvar":	550,
					"pmtu":	1500,
					"omitted":	false,
					"sender":	true
				}],
			"sum":	{
				"start":	5.000073,
				"end":	6.000079,
				"seconds":	1.0000059604644775,
				"bytes":	61603840,
				"bits_per_second":	492827782.51750875,
				"retransmits":	0,
				"omitted":	false,
				"sender":	true
			}
		}, {
			"streams":	[{
					"socket":	6,
					"start":	6.000079,
					"end":	7.000081,
					"seconds":	1.0000020265579224,
					"bytes":	58982400,
					"bits_per_second":	471858243.75193787,
					"retransmits":	0,
					"snd_cwnd":	6355272,
					"snd_wnd":	3143552,
					"rtt":	51568,
					"rttvar":	581,
					"pmtu":	1500,
					"omitted":	false,
					"sender":	true
				}],
			"sum":	{
				"start":	6.000079,
				"end":	7.000081,
				"seconds":	1.0000020265579224,
				"bytes":	58982400,
				"bits_per_second":	471858243.75193787,
				"retransmits":	0,
				"omitted":	false,
				"sender":	true
			}
		}, {
			"streams":	[{
					"socket":	6,
					"start":	7.000081,
					"end":	8.000076,
					"seconds":	0.999994993209839,
					"bytes":	60293120,
					"bits_per_second":	482347375.01209146,
					"retransmits":	0,
					"snd_cwnd":	6355272,
					"snd_wnd":	3143552,
					"rtt":	51768,
					"rttvar":	683,
					"pmtu":	1500,
					"omitted":	false,
					"sender":	true
				}],
			"sum":	{
				"start":	7.000081,
				"end":	8.000076,
				"seconds":	0.999994993209839,
				"bytes":	60293120,
				"bits_per_second":	482347375.01209146,
				"retransmits":	0,
				"omitted":	false,
				"sender":	true
			}
		}, {
			"streams":	[{
					"socket":	6,
					"start":	8.000076,
					"end":	9.000088,
					"seconds":	1.0000120401382446,
					"bytes":	58982400,
					"bits_per_second":	471853518.81840223,
					"retransmits":	0,
					"snd_cwnd":	6355272,
					"snd_wnd":	3143552,
					"rtt":	50506,
					"rttvar":	589,
					"pmtu":	1500,
					"omitted":	false,
					"sender":	true
				}],
			"sum":	{
				"start":	8.000076,
				"end":	9.000088,
				"seconds":	1.0000120401382446,
				"bytes":	58982400,
				"bits_per_second":	471853518.81840223,
				"retransmits":	0,
				"omitted":	false,
				"sender":	true
			}
		}, {
			"streams":	[{
					"socket":	6,
					"start":	9.000088,
					"end":	10.000076,
					"seconds":	0.9999880194664,
					"bytes":	60293120,
					"bits_per_second":	482350738.81923336,
					"retransmits":	0,
					"snd_cwnd":	6355272,
					"snd_wnd":	3143552,
					"rtt":	51605,
					"rttvar":	454,
					"pmtu":	1500,
					"omitted":	false,
					"sender":	true
				}],
			"sum":	{
				"start":	9.000088,
				"end":	10.000076,
				"seconds":	0.9999880194664,
				"bytes":	60293120,
				"bits_per_second":	482350738.81923336,
				"retransmits":	0,
				"omitted":	false,
				"sender":	true
			}
		}, {
			"streams":	[{
					"socket":	6,
					"start":	10.000076,
					"end":	11.000073,
					"seconds":	0.99999701976776123,
					"bytes":	60293120,
					"bits_per_second":	482346397.504284,
					"retransmits":	0,
					"snd_cwnd":	6355272,
					"snd_wnd":	3143552,
					"rtt":	50144,
					"rttvar":	50,
					"pmtu":	1500,
					"omitted":	false,
					"sender":	true
				}],
			"sum":	{
				"start":	10.000076,
				"end":	11.000073,
				"seconds":	0.99999701976776123,
				"bytes":	60293120,
				"bits_per_second":	482346397.504284,
				"retransmits":	0,
				"omitted":	false,
				"sender":	true
			}
		}, {
			"streams":	[{
					"socket":	6,
					"start":	11.000073,
					"end":	12.000079,
					"seconds":	1.0000059604644775,
					"bytes":	58982400,
					"bits_per_second":	471856387.51676369,
					"retransmits":	0,
					"snd_cwnd":	6355272,
					"snd_wnd":	3143552,
					"rtt":	51516,
					"rttvar":	707,
					"pmtu":	1500,
					"omitted":	false,
					"sender":	true
				}],
			"sum":	{
				"start":	11.000073,
				"end":	12.000079,
				"seconds":	1.0000059604644775,
				"bytes":	58982400,
				"bits_per_second":	471856387.51676369,
				"retransmits":	0,
				"omitted":	false,
				"sender":	true
			}
		}, {
			"streams":	[{
					"socket":	6,
					"start":	12.000079,
					"end":	13.000083,
					"seconds":	1.0000040531158447,
					"bytes":	61603840,
					"bits_per_second":	492828722.508096,
					"retransmits":	0,
					"snd_cwnd":	6355272,
					"snd_wnd":	3143552,
					"rtt":	50176,
					"rttvar":	127,
					"pmtu":	1500,
					"omitted":	false,
					"sender":	true
				}],
			"sum":	{
				"start":	12.000079,
				"end":	13.000083,
				"seconds":	1.0000040531158447,
				"bytes":	61603840,
				"bits_per_second":	492828722.508096,
				"retransmits":	0,
				"omitted":	false,
				"sender":	true
			}
		}, {
			"streams":	[{
					"socket":	6,
					"start":	13.000083,
					"end":	14.000077,
					"seconds":	0.99999397993087769,
					"bytes":	57671680,
					"bits_per_second":	461376217.51672083,
					"retransmits":	0,
					"snd_cwnd":	6355272,
					"snd_wnd":	3143552,
					"rtt":	51635,
					"rttvar":	440,
					"pmtu":	1500,
					"omitted":	false,
					"sender":	true
				}],
			"sum":	{
				"start":	13.000083,
				"end":	14.000077,
				"seconds":	0.99999397993087769,
				"bytes":	57671680,
				"bits_per_second":	461376217.51672083,
				"retransmits":	0,
				"omitted":	false,
				"sender":	true
			}
		}, {
			"streams":	[{
					"socket":	6,
					"start":	14.000077,
					"end":	15.000074,
					"seconds":	0.99999701976776123,
					"bytes":	61603840,
					"bits_per_second":	492832188.75437725,
					"retransmits":	0,
					"snd_cwnd":	6355272,
					"snd_wnd":	3141248,
					"rtt":	50176,
					"rttvar":	154,
					"pmtu":	1500,
					"omitted":	false,
					"sender":	true
				}],
			"sum":	{
				"start":	14.000077,
				"end":	15.000074,
				"seconds":	0.99999701976776123,
				"bytes":	61603840,
				"bits_per_second":	492832188.75437725,
				"retransmits":	0,
				"omitted":	false,
				"sender":	true
			}
		}, {
			"streams":	[{
					"socket":	6,
					"start":	15.000074,
					"end":	16.000084,
					"seconds":	1.0000100135803223,
					"bytes":	57671680,
					"bits_per_second":	461368820.04626226,
					"retransmits":	0,
					"snd_cwnd":	6355272,
					"snd_wnd":	3143552,
					"rtt":	52248,
					"rttvar":	421,
					"pmtu":	1500,
					"omitted":	false,
					"sender":	true
				}],
			"sum":	{
				"start":	15.000074,
				"end":	16.000084,
				"seconds":	1.0000100135803223,
				"bytes":	57671680,
				"bits_per_second":	461368820.04626226,
				"retransmits":	0,
				"omitted":	false,
				"sender":	true
			}
		}, {
			"streams":	[{
					"socket":	6,
					"start":	16.000084,
					"end":	17.000071,
					"seconds":	0.999987006187439,
					"bytes":	61603840,
					"bits_per_second":	492837123.83321023,
					"retransmits":	0,
					"snd_cwnd":	6355272,
					"snd_wnd":	3139200,
					"rtt":	50358,
					"rttvar":	64,
					"pmtu":	1500,
					"omitted":	false,
					"sender":	true
				}],
			"sum":	{
				"start":	16.000084,
				"end":	17.000071,
				"seconds":	0.999987006187439,
				"bytes":	61603840,
				"bits_per_second":	492837123.83321023,
				"retransmits":	0,
				"omitted":	false,
				"sender":	true
			}
		}, {
			"streams":	[{
					"socket":	6,
					"start":	17.000071,
					"end":	18.000073,
					"seconds":	1.0000020265579224,
					"bytes":	58982400,
					"bits_per_second":	471858243.75193787,
					"retransmits":	0,
					"snd_cwnd":	6355272,
					"snd_wnd":	3143552,
					"rtt":	51611,
					"rttvar":	409,
					"pmtu":	1500,
					"omitted":	false,
					"sender":	true
				}],
			"sum":	{
				"start":	17.000071,
				"end":	18.000073,
				"seconds":	1.0000020265579224,
				"bytes":	58982400,
				"bits_per_second":	471858243.75193787,
				"retransmits":	0,
				"omitted":	false,
				"sender":	true
			}
		}, {
			"streams":	[{
					"socket":	6,
					"start":	18.000073,
					"end":	19.000081,
					"seconds":	1.0000079870224,
					"bytes":	60293120,
					"bits_per_second":	482341107.53076977,
					"retransmits":	0,
					"snd_cwnd":	6355272,
					"snd_wnd":	3143552,
					"rtt":	50146,
					"rttvar":	75,
					"pmtu":	1500,
					"omitted":	false,
					"sender":	true
				}],
			"sum":	{
				"start":	18.000073,
				"end":	19.000081,
				"seconds":	1.0000079870224,
				"bytes":	60293120,
				"bits_per_second":	482341107.53076977,
				"retransmits":	0,
				"omitted":	false,
				"sender":	true
			}
		}, {
			"streams":	[{
					"socket":	6,
					"start":	19.000081,
					"end":	20.000076,
					"seconds":	0.999994993209839,
					"bytes":	58982400,
					"bits_per_second":	471861562.5118286,
					"retransmits":	0,
					"snd_cwnd":	6355272,
					"snd_wnd":	3143552,
					"rtt":	52124,
					"rttvar":	483,
					"pmtu":	1500,
					"omitted":	false,
					"sender":	true
				}],
			"sum":	{
				"start":	19.000081,
				"end":	20.000076,
				"seconds":	0.999994993209839,
				"bytes":	58982400,
				"bits_per_second":	471861562.5118286,
				"retransmits":	0,
				"omitted":	false,
				"sender":	true
			}
		}, {
			"streams":	[{
					"socket":	6,
					"start":	20.000076,
					"end":	21.000073,
					"seconds":	0.99999701976776123,
					"bytes":	60293120,
					"bits_per_second":	482346397.504284,
					"retransmits":	0,
					"snd_cwnd":	6355272,
					"snd_wnd":	3143552,
					"rtt":	50208,
					"rttvar":	103,
					"pmtu":	1500,
					"omitted":	false,
					"sender":	true
				}],
			"sum":	{
				"start":	20.000076,
				"end":	21.000073,
				"seconds":	0.99999701976776123,
				"bytes":	60293120,
				"bits_per_second":	482346397.504284,
				"retransmits":	0,
				"omitted":	false,
				"sender":	true
			}
		}, {
			"streams":	[{
					"socket":	6,
					"start":	21.000073,
					"end":	22.000091,
					"seconds":	1.0000180006027222,
					"bytes":	60293120,
					"bits_per_second":	482336277.65628743,
					"retransmits":	0,
					"snd_cwnd":	6355272,
					"snd_wnd":	3143552,
					"rtt":	51476,
					"rttvar":	310,
					"pmtu":	1500,
					"omitted":	false,
					"sender":	true
				}],
			"sum":	{
				"start":	21.000073,
				"end":	22.000091,
				"seconds":	1.0000180006027222,
				"bytes":	60293120,
				"bits_per_second":	482336277.65628743,
				"retransmits":	0,
				"omitted":	false,
				"sender":	true
			}
		}, {
			"streams":	[{
					"socket":	6,
					"start":	22.000091,
					"end":	23.000069,
					"seconds":	0.999978005886078,
					"bytes":	58982400,
					"bits_per_second":	471869578.35326266,
					"retransmits":	0,
					"snd_cwnd":	6355272,
					"snd_wnd":	3143552,
					"rtt":	50182,
					"rttvar":	67,
					"pmtu":	1500,
					"omitted":	false,
					"sender":	true
				}],
			"sum":	{
				"start":	22.000091,
				"end":	23.000069,
				"seconds":	0.999978005886078,
				"bytes":	58982400,
				"bits_per_second":	471869578.35326266,
				"retransmits":	0,
				"omitted":	false,
				"sender":	true
			}
		}, {
			"streams":	[{
					"socket":	6,
					"start":	23.000069,
					"end":	24.000069,
					"seconds":	1,
					"bytes":	60293120,
					"bits_per_second":	482344960,
					"retransmits":	0,
					"snd_cwnd":	6355272,
					"snd_wnd":	3143552,
					"rtt":	52059,
					"rttvar":	513,
					"pmtu":	1500,
					"omitted":	false,
					"sender":	true
				}],
			"sum":	{
				"start":	23.000069,
				"end":	24.000069,
				"seconds":	1,
				"bytes":	60293120,
				"bits_per_second":	482344960,
				"retransmits":	0,
				"omitted":	false,
				"sender":	true
			}
		}, {
			"streams":	[{
					"socket":	6,
					"start":	24.000069,
					"end":	25.00008,
					"seconds":	1.0000109672546387,
					"bytes":	58982400,
					"bits_per_second":	471854025.056755,
					"retransmits":	0,
					"snd_cwnd":	6355272,
					"snd_wnd":	3112576,
					"rtt":	50413,
					"rttvar":	189,
					"pmtu":	1500,
					"omitted":	false,
					"sender":	true
				}],
			"sum":	{
				"start":	24.000069,
				"end":	25.00008,
				"seconds":	1.0000109672546387,
				"bytes":	58982400,
				"bits_per_second":	471854025.056755,
				"retransmits":	0,
				"omitted":	false,
				"sender":	true
			}
		}, {
			"streams":	[{
					"socket":	6,
					"start":	25.00008,
					"end":	26.000075,
					"seconds":	0.999994993209839,
					"bytes":	60293120,
					"bits_per_second":	482347375.01209146,
					"retransmits":	0,
					"snd_cwnd":	6355272,
					"snd_wnd":	3143552,
					"rtt":	52190,
					"rttvar":	486,
					"pmtu":	1500,
					"omitted":	false,
					"sender":	true
				}],
			"sum":	{
				"start":	25.00008,
				"end":	26.000075,
				"seconds":	0.999994993209839,
				"bytes":	60293120,
				"bits_per_second":	482347375.01209146,
				"retransmits":	0,
				"omitted":	false,
				"sender":	true
			}
		}, {
			"streams":	[{
					"socket":	6,
					"start":	26.000075,
					"end":	27.000076,
					"seconds":	1.0000009536743164,
					"bytes":	58982400,
					"bits_per_second":	471858750.00042915,
					"retransmits":	0,
					"snd_cwnd":	6355272,
					"snd_wnd":	3143552,
					"rtt":	50490,
					"rttvar":	438,
					"pmtu":	1500,
					"omitted":	false,
					"sender":	true
				}],
			"sum":	{
				"start":	26.000075,
				"end":	27.000076,
				"seconds":	1.0000009536743164,
				"bytes":	58982400,
				"bits_per_second":	471858750.00042915,
				"retransmits":	0,
				"omitted":	false,
				"sender":	true
			}
		}, {
			"streams":	[{
					"socket":	6,
					"start":	27.000076,
					"end":	28.000077,
					"seconds":	1.0000009536743164,
					"bytes":	60293120,
					"bits_per_second":	482344500.00043869,
					"retransmits":	0,
					"snd_cwnd":	6355272,
					"snd_wnd":	3143552,
					"rtt":	52221,
					"rttvar":	497,
					"pmtu":	1500,
					"omitted":	false,
					"sender":	true
				}],
			"sum":	{
				"start":	27.000076,
				"end":	28.000077,
				"seconds":	1.0000009536743164,
				"bytes":	60293120,
				"bits_per_second":	482344500.00043869,
				"retransmits":	0,
				"omitted":	false,
				"sender":	true
			}
		}, {
			"streams":	[{
					"socket":	6,
					"start":	28.000077,
					"end":	29.000071,
					"seconds":	0.99999397993087769,
					"bytes":	60293120,
					"bits_per_second":	482347863.76748091,
					"retransmits":	0,
					"snd_cwnd":	6355272,
					"snd_wnd":	3143552,
					"rtt":	51485,
					"rttvar":	787,
					"pmtu":	1500,
					"omitted":	false,
					"sender":	true
				}],
			"sum":	{
				"start":	28.000077,
				"end":	29.000071,
				"seconds":	0.99999397993087769,
				"bytes":	60293120,
				"bits_per_second":	482347863.76748091,
				"retransmits":	0,
				"omitted":	false,
				"sender":	true
			}
		}, {
			"streams":	[{
					"socket":	6,
					"start":	29.000071,
					"end":	30.000068,
					"seconds":	0.99999701976776123,
					"bytes":	58982400,
					"bits_per_second":	471860606.254191,
					"retransmits":	0,
					"snd_cwnd":	6355272,
					"snd_wnd":	3143552,
					"rtt":	52224,
					"rttvar":	518,
					"pmtu":	1500,
					"omitted":	false,
					"sender":	true
				}],
			"sum":	{
				"start":	29.000071,
				"end":	30.000068,
				"seconds":	0.99999701976776123,
				"bytes":	58982400,
				"bits_per_second":	471860606.254191,
				"retransmits":	0,
				"omitted":	false,
				"sender":	true
			}
		}, {
			"streams":	[{
					"socket":	6,
					"start":	30.000068,
					"end":	31.000071,
					"seconds":	1.0000029802322388,
					"bytes":	60293120,
					"bits_per_second":	482343522.504284,
					"retransmits":	0,
					"snd_cwnd":	6355272,
					"snd_wnd":	3143552,
					"rtt":	51687,
					"rttvar":	701,
					"pmtu":	1500,
					"omitted":	false,
					"sender":	true
				}],
			"sum":	{
				"start":	30.000068,
				"end":	31.000071,
				"seconds":	1.0000029802322388,
				"bytes":	60293120,
				"bits_per_second":	482343522.504284,
				"retransmits":	0,
				"omitted":	false,
				"sender":	true
			}
		}, {
			"streams":	[{
					"socket":	6,
					"start":	31.000071,
					"end":	32.000072,
					"seconds":	1.0000009536743164,
					"bytes":	58982400,
					"bits_per_second":	471858750.00042915,
					"retransmits":	0,
					"snd_cwnd":	6355272,
					"snd_wnd":	3143552,
					"rtt":	52229,
					"rttvar":	512,
					"pmtu":	1500,
					"omitted":	false,
					"sender":	true
				}],
			"sum":	{
				"start":	31.000071,
				"end":	32.000072,
				"seconds":	1.0000009536743164,
				"bytes":	58982400,
				"bits_per_second":	471858750.00042915,
				"retransmits":	0,
				"omitted":	false,
				"sender":	true
			}
		}, {
			"streams":	[{
					"socket":	6,
					"start":	32.000072,
					"end":	33.00007,
					"seconds":	0.99999797344207764,
					"bytes":	60293120,
					"bits_per_second":	482345937.501981,
					"retransmits":	0,
					"snd_cwnd":	6355272,
					"snd_wnd":	3143552,
					"rtt":	51607,
					"rttvar":	515,
					"pmtu":	1500,
					"omitted":	false,
					"sender":	true
				}],
			"sum":	{
				"start":	32.000072,
				"end":	33.00007,
				"seconds":	0.99999797344207764,
				"bytes":	60293120,
				"bits_per_second":	482345937.501981,
				"retransmits":	0,
				"omitted":	false,
				"sender":	true
			}
		}, {
			"streams":	[{
					"socket":	6,
					"start":	33.00007,
					"end":	34.000081,
					"seconds":	1.0000109672546387,
					"bytes":	58982400,
					"bits_per_second":	471854025.056755,
					"retransmits":	0,
					"snd_cwnd":	6355272,
					"snd_wnd":	3143552,
					"rtt":	52236,
					"rttvar":	414,
					"pmtu":	1500,
					"omitted":	false,
					"sender":	true
				}],
			"sum":	{
				"start":	33.00007,
				"end":	34.000081,
				"seconds":	1.0000109672546387,
				"bytes":	58982400,
				"bits_per_second":	471854025.056755,
				"retransmits":	0,
				"omitted":	false,
				"sender":	true
			}
		}, {
			"streams":	[{
					"socket":	6,
					"start":	34.000081,
					"end":	35.000077,
					"seconds":	0.9999960064888,
					"bytes":	61603840,
					"bits_per_second":	492832688.13285977,
					"retransmits":	0,
					"snd_cwnd":	6355272,
					"snd_wnd":	3143552,
					"rtt":	51388,
					"rttvar":	469,
					"pmtu":	1500,
					"omitted":	false,
					"sender":	true
				}],
			"sum":	{
				"start":	34.000081,
				"end":	35.000077,
				"seconds":	0.9999960064888,
				"bytes":	61603840,
				"bits_per_second":	492832688.13285977,
				"retransmits":	0,
				"omitted":	false,
				"sender":	true
			}
		}, {
			"streams":	[{
					"socket":	6,
					"start":	35.000077,
					"end":	36.00007,
					"seconds":	0.99999302625656128,
					"bytes":	58982400,
					"bits_per_second":	471862490.64794815,
					"retransmits":	0,
					"snd_cwnd":	6355272,
					"snd_wnd":	3143552,
					"rtt":	50772,
					"rttvar":	768,
					"pmtu":	1500,
					"omitted":	false,
					"sender":	true
				}],
			"sum":	{
				"start":	35.000077,
				"end":	36.00007,
				"seconds":	0.99999302625656128,
				"bytes":	58982400,
				"bits_per_second":	471862490.64794815,
				"retransmits":	0,
				"omitted":	false,
				"sender":	true
			}
		}, {
			"streams":	[{
					"socket":	6,
					"start":	36.00007,
					"end":	37.000075,
					"seconds":	1.0000050067901611,
					"bytes":	58982400,
					"bits_per_second":	471856837.51182848,
					"retransmits":	0,
					"snd_cwnd":	6355272,
					"snd_wnd":	3143552,
					"rtt":	51787,
					"rttvar":	700,
					"pmtu":	1500,
					"omitted":	false,
					"sender":	true
				}],
			"sum":	{
				"start":	36.00007,
				"end":	37.000075,
				"seconds":	1.0000050067901611,
				"bytes":	58982400,
				"bits_per_second":	471856837.51182848,
				"retransmits":	0,
				"omitted":	false,
				"sender":	true
			}
		}, {
			"streams":	[{
					"socket":	6,
					"start":	37.000075,
					"end":	38.000069,
					"seconds":	0.99999397993087769,
					"bytes":	60293120,
					"bits_per_second":	482347863.76748091,
					"retransmits":	0,
					"snd_cwnd":	6355272,
					"snd_wnd":	3112576,
					"rtt":	50485,
					"rttvar":	607,
					"pmtu":	1500,
					"omitted":	false,
					"sender":	true
				}],
			"sum":	{
				"start":	37.000075,
				"end":	38.000069,
				"seconds":	0.99999397993087769,
				"bytes":	60293120,
				"bits_per_second":	482347863.76748091,
				"retransmits":	0,
				"omitted":	false,
				"sender":	true
			}
		}, {
			"streams":	[{
					"socket":	6,
					"start":	38.000069,
					"end":	39.000086,
					"seconds":	1.0000170469284058,
					"bytes":	58982400,
					"bits_per_second":	471851156.38711888,
					"retransmits":	0,
					"snd_cwnd":	6355272,
					"snd_wnd":	3143552,
					"rtt":	51726,
					"rttvar":	678,
					"pmtu":	1500,
					"omitted":	false,
					"sender":	true
				}],
			"sum":	{
				"start":	38.000069,
				"end":	39.000086,
				"seconds":	1.0000170469284058,
				"bytes":	58982400,
				"bits_per_second":	471851156.38711888,
				"retransmits":	0,
				"omitted":	false,
				"sender":	true
			}
		}, {
			"streams":	[{
					"socket":	6,
					"start":	39.000086,
					"end":	40.000088,
					"seconds":	1.0000020265579224,
					"bytes":	60293120,
					"bits_per_second":	482343982.501981,
					"retransmits":	0,
					"snd_cwnd":	6355272,
					"snd_wnd":	3143552,
					"rtt":	50626,
					"rttvar":	628,
					"pmtu":	1500,
					"omitted":	false,
					"sender":	true
				}],
			"sum":	{
				"start":	39.000086,
				"end":	40.000088,
				"seconds":	1.0000020265579224,
				"bytes":	60293120,
				"bits_per_second":	482343982.501981,
				"retransmits":	0,
				"omitted":	false,
				"sender":	true
			}
		}, {
			"streams":	[{
					"socket":	6,
					"start":	40.000088,
					"end":	41.000067,
					"seconds":	0.999979019165039,
					"bytes":	60293120,
					"bits_per_second":	482355080.21233052,
					"retransmits":	0,
					"snd_cwnd":	6355272,
					"snd_wnd":	3143552,
					"rtt":	51081,
					"rttvar":	549,
					"pmtu":	1500,
					"omitted":	false,
					"sender":	true
				}],
			"sum":	{
				"start":	40.000088,
				"end":	41.000067,
				"seconds":	0.999979019165039,
				"bytes":	60293120,
				"bits_per_second":	482355080.21233052,
				"retransmits":	0,
				"omitted":	false,
				"sender":	true
			}
		}, {
			"streams":	[{
					"socket":	6,
					"start":	41.000067,
					"end":	42.000072,
					"seconds":	1.0000050067901611,
					"bytes":	58982400,
					"bits_per_second":	471856837.51182848,
					"retransmits":	0,
					"snd_cwnd":	6355272,
					"snd_wnd":	3143552,
					"rtt":	50923,
					"rttvar":	889,
					"pmtu":	1500,
					"omitted":	false,
					"sender":	true
				}],
			"sum":	{
				"start":	41.000067,
				"end":	42.000072,
				"seconds":	1.0000050067901611,
				"bytes":	58982400,
				"bits_per_second":	471856837.51182848,
				"retransmits":	0,
				"omitted":	false,
				"sender":	true
			}
		}, {
			"streams":	[{
					"socket":	6,
					"start":	42.000072,
					"end":	43.000076,
					"seconds":	1.0000040531158447,
					"bytes":	60293120,
					"bits_per_second":	482343005.00792378,
					"retransmits":	0,
					"snd_cwnd":	6355272,
					"snd_wnd":	3112576,
					"rtt":	50876,
					"rttvar":	656,
					"pmtu":	1500,
					"omitted":	false,
					"sender":	true
				}],
			"sum":	{
				"start":	42.000072,
				"end":	43.000076,
				"seconds":	1.0000040531158447,
				"bytes":	60293120,
				"bits_per_second":	482343005.00792378,
				"retransmits":	0,
				"omitted":	false,
				"sender":	true
			}
		}, {
			"streams":	[{
					"socket":	6,
					"start":	43.000076,
					"end":	44.000077,
					"seconds":	1.0000009536743164,
					"bytes":	58982400,
					"bits_per_second":	471858750.00042915,
					"retransmits":	0,
					"snd_cwnd":	6355272,
					"snd_wnd":	3143552,
					"rtt":	50599,
					"rttvar":	664,
					"pmtu":	1500,
					"omitted":	false,
					"sender":	true
				}],
			"sum":	{
				"start":	43.000076,
				"end":	44.000077,
				"seconds":	1.0000009536743164,
				"bytes":	58982400,
				"bits_per_second":	471858750.00042915,
				"retransmits":	0,
				"omitted":	false,
				"sender":	true
			}
		}, {
			"streams":	[{
					"socket":	6,
					"start":	44.000077,
					"end":	45.000083,
					"seconds":	1.0000059604644775,
					"bytes":	60293120,
					"bits_per_second":	482342085.01713622,
					"retransmits":	0,
					"snd_cwnd":	6355272,
					"snd_wnd":	3112576,
					"rtt":	50934,
					"rttvar":	657,
					"pmtu":	1500,
					"omitted":	false,
					"sender":	true
				}],
			"sum":	{
				"start":	44.000077,
				"end":	45.000083,
				"seconds":	1.0000059604644775,
				"bytes":	60293120,
				"bits_per_second":	482342085.01713622,
				"retransmits":	0,
				"omitted":	false,
				"sender":	true
			}
		}, {
			"streams":	[{
					"socket":	6,
					"start":	45.000083,
					"end":	46.000071,
					"seconds":	0.9999880194664,
					"bytes":	60293120,
					"bits_per_second":	482350738.81923336,
					"retransmits":	0,
					"snd_cwnd":	6355272,
					"snd_wnd":	3143552,
					"rtt":	50623,
					"rttvar":	764,
					"pmtu":	1500,
					"omitted":	false,
					"sender":	true
				}],
			"sum":	{
				"start":	45.000083,
				"end":	46.000071,
				"seconds":	0.9999880194664,
				"bytes":	60293120,
				"bits_per_second":	482350738.81923336,
				"retransmits":	0,
				"omitted":	false,
				"sender":	true
			}
		}, {
			"streams":	[{
					"socket":	6,
					"start":	46.000071,
					"end":	47.000076,
					"seconds":	1.0000050067901611,
					"bytes":	58982400,
					"bits_per_second":	471856837.51182848,
					"retransmits":	0,
					"snd_cwnd":	6355272,
					"snd_wnd":	3112576,
					"rtt":	51402,
					"rttvar":	780,
					"pmtu":	1500,
					"omitted":	false,
					"sender":	true
				}],
			"sum":	{
				"start":	46.000071,
				"end":	47.000076,
				"seconds":	1.0000050067901611,
				"bytes":	58982400,
				"bits_per_second":	471856837.51182848,
				"retransmits":	0,
				"omitted":	false,
				"sender":	true
			}
		}, {
			"streams":	[{
					"socket":	6,
					"start":	47.000076,
					"end":	48.000073,
					"seconds":	0.99999701976776123,
					"bytes":	60293120,
					"bits_per_second":	482346397.504284,
					"retransmits":	0,
					"snd_cwnd":	6355272,
					"snd_wnd":	3143552,
					"rtt":	50724,
					"rttvar":	740,
					"pmtu":	1500,
					"omitted":	false,
					"sender":	true
				}],
			"sum":	{
				"start":	47.000076,
				"end":	48.000073,
				"seconds":	0.99999701976776123,
				"bytes":	60293120,
				"bits_per_second":	482346397.504284,
				"retransmits":	0,
				"omitted":	false,
				"sender":	true
			}
		}, {
			"streams":	[{
					"socket":	6,
					"start":	48.000073,
					"end":	49.000077,
					"seconds":	1.0000040531158447,
					"bytes":	60293120,
					"bits_per_second":	482343005.00792378,
					"retransmits":	0,
					"snd_cwnd":	6355272,
					"snd_wnd":	3141248,
					"rtt":	52114,
					"rttvar":	529,
					"pmtu":	1500,
					"omitted":	false,
					"sender":	true
				}],
			"sum":	{
				"start":	48.000073,
				"end":	49.000077,
				"seconds":	1.0000040531158447,
				"bytes":	60293120,
				"bits_per_second":	482343005.00792378,
				"retransmits":	0,
				"omitted":	false,
				"sender":	true
			}
		}, {
			"streams":	[{
					"socket":	6,
					"start":	49.000077,
					"end":	50.000076,
					"seconds":	0.99999898672103882,
					"bytes":	58982400,
					"bits_per_second":	471859678.12548447,
					"retransmits":	0,
					"snd_cwnd":	6355272,
					"snd_wnd":	3112576,
					"rtt":	50789,
					"rttvar":	810,
					"pmtu":	1500,
					"omitted":	false,
					"sender":	true
				}],
			"sum":	{
				"start":	49.000077,
				"end":	50.000076,
				"seconds":	0.99999898672103882,
				"bytes":	58982400,
				"bits_per_second":	471859678.12548447,
				"retransmits":	0,
				"omitted":	false,
				"sender":	true
			}
		}, {
			"streams":	[{
					"socket":	6,
					"start":	50.000076,
					"end":	51.000095,
					"seconds":	1.0000189542770386,
					"bytes":	60293120,
					"bits_per_second":	482335817.6732862,
					"retransmits":	0,
					"snd_cwnd":	6355272,
					"snd_wnd":	3112576,
					"rtt":	51419,
					"rttvar":	452,
					"pmtu":	1500,
					"omitted":	false,
					"sender":	true
				}],
			"sum":	{
				"start":	50.000076,
				"end":	51.000095,
				"seconds":	1.0000189542770386,
				"bytes":	60293120,
				"bits_per_second":	482335817.6732862,
				"retransmits":	0,
				"omitted":	false,
				"sender":	true
			}
		}, {
			"streams":	[{
					"socket":	6,
					"start":	51.000095,
					"end":	52.000072,
					"seconds":	0.9999769926071167,
					"bytes":	58982400,
					"bits_per_second":	471870056.49977976,
					"retransmits":	0,
					"snd_cwnd":	6355272,
					"snd_wnd":	3143552,
					"rtt":	51795,
					"rttvar":	718,
					"pmtu":	1500,
					"omitted":	false,
					"sender":	true
				}],
			"sum":	{
				"start":	51.000095,
				"end":	52.000072,
				"seconds":	0.9999769926071167,
				"bytes":	58982400,
				"bits_per_second":	471870056.49977976,
				"retransmits":	0,
				"omitted":	false,
				"sender":	true
			}
		}, {
			"streams":	[{
					"socket":	6,
					"start":	52.000072,
					"end":	53.000081,
					"seconds":	1.0000089406967163,
					"bytes":	60293120,
					"bits_per_second":	482340647.5385564,
					"retransmits":	0,
					"snd_cwnd":	6355272,
					"snd_wnd":	3143552,
					"rtt":	51182,
					"rttvar":	522,
					"pmtu":	1500,
					"omitted":	false,
					"sender":	true
				}],
			"sum":	{
				"start":	52.000072,
				"end":	53.000081,
				"seconds":	1.0000089406967163,
				"bytes":	60293120,
				"bits_per_second":	482340647.5385564,
				"retransmits":	0,
				"omitted":	false,
				"sender":	true
			}
		}, {
			"streams":	[{
					"socket":	6,
					"start":	53.000081,
					"end":	54.000071,
					"seconds":	0.99998998641967773,
					"bytes":	60293120,
					"bits_per_second":	482349790.048366,
					"retransmits":	0,
					"snd_cwnd":	6355272,
					"snd_wnd":	3143552,
					"rtt":	51840,
					"rttvar":	638,
					"pmtu":	1500,
					"omitted":	false,
					"sender":	true
				}],
			"sum":	{
				"start":	53.000081,
				"end":	54.000071,
				"seconds":	0.99998998641967773,
				"bytes":	60293120,
				"bits_per_second":	482349790.048366,
				"retransmits":	0,
				"omitted":	false,
				"sender":	true
			}
		}, {
			"streams":	[{
					"socket":	6,
					"start":	54.000071,
					"end":	55.000071,
					"seconds":	1,
					"bytes":	60293120,
					"bits_per_second":	482344960,
					"retransmits":	0,
					"snd_cwnd":	6355272,
					"snd_wnd":	3143552,
					"rtt":	51660,
					"rttvar":	410,
					"pmtu":	1500,
					"omitted":	false,
					"sender":	true
				}],
			"sum":	{
				"start":	54.000071,
				"end":	55.000071,
				"seconds":	1,
				"bytes":	60293120,
				"bits_per_second":	482344960,
				"retransmits":	0,
				"omitted":	false,
				"sender":	true
			}
		}, {
			"streams":	[{
					"socket":	6,
					"start":	55.000071,
					"end":	56.000073,
					"seconds":	1.0000020265579224,
					"bytes":	58982400,
					"bits_per_second":	471858243.75193787,
					"retransmits":	0,
					"snd_cwnd":	6355272,
					"snd_wnd":	3143552,
					"rtt":	51570,
					"rttvar":	412,
					"pmtu":	1500,
					"omitted":	false,
					"sender":	true
				}],
			"sum":	{
				"start":	55.000071,
				"end":	56.000073,
				"seconds":	1.0000020265579224,
				"bytes":	58982400,
				"bits_per_second":	471858243.75193787,
				"retransmits":	0,
				"omitted":	false,
				"sender":	true
			}
		}, {
			"streams":	[{
					"socket":	6,
					"start":	56.000073,
					"end":	57.000089,
					"seconds":	1.0000159740448,
					"bytes":	60293120,
					"bits_per_second":	482337255.123078,
					"retransmits":	0,
					"snd_cwnd":	6355272,
					"snd_wnd":	3143552,
					"rtt":	51626,
					"rttvar":	451,
					"pmtu":	1500,
					"omitted":	false,
					"sender":	true
				}],
			"sum":	{
				"start":	56.000073,
				"end":	57.000089,
				"seconds":	1.0000159740448,
				"bytes":	60293120,
				"bits_per_second":	482337255.123078,
				"retransmits":	0,
				"omitted":	false,
				"sender":	true
			}
		}, {
			"streams":	[{
					"socket":	6,
					"start":	57.000089,
					"end":	58.000072,
					"seconds":	0.999983012676239,
					"bytes":	58982400,
					"bits_per_second":	471867215.76116633,
					"retransmits":	0,
					"snd_cwnd":	6355272,
					"snd_wnd":	3141248,
					"rtt":	51793,
					"rttvar":	669,
					"pmtu":	1500,
					"omitted":	false,
					"sender":	true
				}],
			"sum":	{
				"start":	57.000089,
				"end":	58.000072,
				"seconds":	0.999983012676239,
				"bytes":	58982400,
				"bits_per_second":	471867215.76116633,
				"retransmits":	0,
				"omitted":	false,
				"sender":	true
			}
		}, {
			"streams":	[{
					"socket":	6,
					"start":	58.000072,
					"end":	59.00008,
					"seconds":	1.0000079870224,
					"bytes":	60293120,
					"bits_per_second":	482341107.53076977,
					"retransmits":	0,
					"snd_cwnd":	6355272,
					"snd_wnd":	3143552,
					"rtt":	51654,
					"rttvar":	412,
					"pmtu":	1500,
					"omitted":	false,
					"sender":	true
				}],
			"sum":	{
				"start":	58.000072,
				"end":	59.00008,
				"seconds":	1.0000079870224,
				"bytes":	60293120,
				"bits_per_second":	482341107.53076977,
				"retransmits":	0,
				"omitted":	false,
				"sender":	true
			}
		}, {
			"streams":	[{
					"socket":	6,
					"start":	59.00008,
					"end":	60.000105,
					"seconds":	1.0000250339508057,
					"bytes":	58982400,
					"bits_per_second":	471847387.79570615,
					"retransmits":	0,
					"snd_cwnd":	6355272,
					"snd_wnd":	3112576,
					"rtt":	51161,
					"rttvar":	457,
					"pmtu":	1500,
					"omitted":	false,
					"sender":	true
				}],
			"sum":	{
				"start":	59.00008,
				"end":	60.000105,
				"seconds":	1.0000250339508057,
				"bytes":	58982400,
				"bits_per_second":	471847387.79570615,
				"retransmits":	0,
				"omitted":	false,
				"sender":	true
			}
		}],
	"end":	{
		"streams":	[{
				"sender":	{
					"socket":	6,
					"start":	0,
					"end":	60.000105,
					"seconds":	60.000105,
					"bytes":	3567648768,
					"bits_per_second":	475685669.95007759,
					"retransmits":	0,
					"max_snd_cwnd":	6355272,
					"max_snd_wnd":	3143552,
					"max_rtt":	52248,
					"min_rtt":	50144,
					"mean_rtt":	51319,
					"sender":	true
				},
				"receiver":	{
					"socket":	6,
					"start":	0,
					"end":	60.050828,
					"seconds":	60.000105,
					"bytes":	3567184568,
					"bits_per_second":	475222032.64208114,
					"sender":	true
				}
			}],
		"sum_sent":	{
			"start":	0,
			"end":	60.000105,
			"seconds":	60.000105,
			"bytes":	3567648768,
			"bits_per_second":	475685669.95007759,
			"retransmits":	0,
			"sender":	true
		},
		"sum_received":	{
			"start":	0,
			"end":	60.050828,
			"seconds":	60.050828,
			"bytes":	3567184568,
			"bits_per_second":	475222032.64208114,
			"sender":	true
		},
		"cpu_utilization_percent":	{
			"host_total":	0.81084155888603948,
			"host_user":	0.034970873745445025,
			"host_system":	0.77586902405316061,
			"remote_total":	2.1652318852543,
			"remote_user":	0.14757994321578466,
			"remote_system":	2.0176519420385159
		},
		"sender_tcp_congestion":	"cubic",
		"receiver_tcp_congestion":	"cubic"
	}
}
