{
	"start":	{
		"connected":	[{
				"socket":	6,
				"local_host":	"192.168.101.210",
				"local_port":	51450,
				"remote_host":	"192.168.100.168",
				"remote_port":	5202
			}],
		"version":	"iperf 3.11",
		"system_info":	"Linux f1 6.0.10-300.fc37.x86_64 #1 SMP PREEMPT_DYNAMIC Sat Nov 26 16:55:13 UTC 2022 x86_64",
		"timestamp":	{
			"time":	"Sat, 10 Dec 2022 20:14:13 GMT",
			"timesecs":	1670703253
		},
		"connecting_to":	{
			"host":	"192.168.100.168",
			"port":	5202
		},
		"cookie":	"l5xtsbkwyd6pdoih3ylmnbqp4a732rlr2txv",
		"tcp_mss_default":	1448,
		"target_bitrate":	0,
		"sock_bufsize":	0,
		"sndbuf_actual":	16384,
		"rcvbuf_actual":	131072,
		"test_start":	{
			"protocol":	"TCP",
			"num_streams":	1,
			"blksize":	131072,
			"omit":	0,
			"duration":	60,
			"bytes":	0,
			"blocks":	0,
			"reverse":	0,
			"tos":	0,
			"target_bitrate":	0
		}
	},
	"intervals":	[{
			"streams":	[{
					"socket":	6,
					"start":	0,
					"end":	1.000319,
					"seconds":	1.0003190040588379,
					"bytes":	1448000,
					"bits_per_second":	11580305.835435912,
					"retransmits":	0,
					"snd_cwnd":	95568,
					"snd_wnd":	618880,
					"rtt":	160121,
					"rttvar":	4026,
					"pmtu":	1500,
					"omitted":	false,
					"sender":	true
				}],
			"sum":	{
				"start":	0,
				"end":	1.000319,
				"seconds":	1.0003190040588379,
				"bytes":	1448000,
				"bits_per_second":	11580305.835435912,
				"retransmits":	0,
				"omitted":	false,
				"sender":	true
			}
		}, {
			"streams":	[{
					"socket":	6,
					"start":	1.000319,
					"end":	2.000436,
					"seconds":	1.0001169443130493,
					"bytes":	390960,
					"bits_per_second":	3127314.2783800256,
					"retransmits":	0,
					"snd_cwnd":	95568,
					"snd_wnd":	619136,
					"rtt":	220533,
					"rttvar":	1288,
					"pmtu":	1500,
					"omitted":	false,
					"sender":	true
				}],
			"sum":	{
				"start":	1.000319,
				"end":	2.000436,
				"seconds":	1.0001169443130493,
				"bytes":	390960,
				"bits_per_second":	3127314.2783800256,
				"retransmits":	0,
				"omitted":	false,
				"sender":	true
			}
		}, {
			"streams":	[{
					"socket":	6,
					"start":	2.000436,
					"end":	3.000493,
					"seconds":	1.0000569820404053,
					"bytes":	390960,
					"bits_per_second":	3127501.7885667165,
					"retransmits":	0,
					"snd_cwnd":	66608,
					"snd_wnd":	619136,
					"rtt":	232902,
					"rttvar":	2363,
					"pmtu":	1500,
					"omitted":	false,
					"sender":	true
				}],
			"sum":	{
				"start":	2.000436,
				"end":	3.000493,
				"seconds":	1.0000569820404053,
				"bytes":	390960,
				"bits_per_second":	3127501.7885667165,
				"retransmits":	0,
				"omitted":	false,
				"sender":	true
			}
		}, {
			"streams":	[{
					"socket":	6,
					"start":	3.000493,
					"end":	4.000142,
					"seconds":	0.99964898824691772,
					"bytes":	390960,
					"bits_per_second":	3128778.237934303,
					"retransmits":	0,
					"snd_cwnd":	60816,
					"snd_wnd":	619136,
					"rtt":	263279,
					"rttvar":	1792,
					"pmtu":	1500,
					"omitted":	false,
					"sender":	true
				}],
			"sum":	{
				"start":	3.000493,
				"end":	4.000142,
				"seconds":	0.99964898824691772,
				"bytes":	390960,
				"bits_per_second":	3128778.237934303,
				"retransmits":	0,
				"omitted":	false,
				"sender":	true
			}
		}, {
			"streams":	[{
					"socket":	6,
					"start":	4.000142,
					"end":	5.001031,
					"seconds":	1.00088894367218,
					"bytes":	0,
					"bits_per_second":	0,
					"retransmits":	0,
					"snd_cwnd":	60816,
					"snd_wnd":	619136,
					"rtt":	299639,
					"rttvar":	3679,
					"pmtu":	1500,
					"omitted":	false,
					"sender":	true
				}],
			"sum":	{
				"start":	4.000142,
				"end":	5.001031,
				"seconds":	1.00088894367218,
				"bytes":	0,
				"bits_per_second":	0,
				"retransmits":	0,
				"omitted":	false,
				"sender":	true
			}
		}, {
			"streams":	[{
					"socket":	6,
					"start":	5.001031,
					"end":	6.000102,
					"seconds":	0.99907100200653076,
					"bytes":	390960,
					"bits_per_second":	3130588.3102586083,
					"retransmits":	0,
					"snd_cwnd":	52128,
					"snd_wnd":	619136,
					"rtt":	330194,
					"rttvar":	5541,
					"pmtu":	1500,
					"omitted":	false,
					"sender":	true
				}],
			"sum":	{
				"start":	5.001031,
				"end":	6.000102,
				"seconds":	0.99907100200653076,
				"bytes":	390960,
				"bits_per_second":	3130588.3102586083,
				"retransmits":	0,
				"omitted":	false,
				"sender":	true
			}
		}, {
			"streams":	[{
					"socket":	6,
					"start":	6.000102,
					"end":	7.001034,
					"seconds":	1.000931978225708,
					"bytes":	0,
					"bits_per_second":	0,
					"retransmits":	0,
					"snd_cwnd":	46336,
					"snd_wnd":	619136,
					"rtt":	367224,
					"rttvar":	7816,
					"pmtu":	1500,
					"omitted":	false,
					"sender":	true
				}],
			"sum":	{
				"start":	6.000102,
				"end":	7.001034,
				"seconds":	1.000931978225708,
				"bytes":	0,
				"bits_per_second":	0,
				"retransmits":	0,
				"omitted":	false,
				"sender":	true
			}
		}, {
			"streams":	[{
					"socket":	6,
					"start":	7.001034,
					"end":	8.001041,
					"seconds":	1.0000070333480835,
					"bytes":	0,
					"bits_per_second":	0,
					"retransmits":	0,
					"snd_cwnd":	37648,
					"snd_wnd":	619136,
					"rtt":	403118,
					"rttvar":	7117,
					"pmtu":	1500,
					"omitted":	false,
					"sender":	true
				}],
			"sum":	{
				"start":	7.001034,
				"end":	8.001041,
				"seconds":	1.0000070333480835,
				"bytes":	0,
				"bits_per_second":	0,
				"retransmits":	0,
				"omitted":	false,
				"sender":	true
			}
		}, {
			"streams":	[{
					"socket":	6,
					"start":	8.001041,
					"end":	9.001034,
					"seconds":	0.99999302625656128,
					"bytes":	0,
					"bits_per_second":	0,
					"retransmits":	0,
					"snd_cwnd":	40544,
					"snd_wnd":	619136,
					"rtt":	438867,
					"rttvar":	8758,
					"pmtu":	1500,
					"omitted":	false,
					"sender":	true
				}],
			"sum":	{
				"start":	8.001041,
				"end":	9.001034,
				"seconds":	0.99999302625656128,
				"bytes":	0,
				"bits_per_second":	0,
				"retransmits":	0,
				"omitted":	false,
				"sender":	true
			}
		}, {
			"streams":	[{
					"socket":	6,
					"start":	9.001034,
					"end":	10.000405,
					"seconds":	0.9993709921836853,
					"bytes":	390960,
					"bits_per_second":	3129648.5734149963,
					"retransmits":	0,
					"snd_cwnd":	31856,
					"snd_wnd":	619136,
					"rtt":	481783,
					"rttvar":	9627,
					"pmtu":	1500,
					"omitted":	false,
					"sender":	true
				}],
			"sum":	{
				"start":	9.001034,
				"end":	10.000405,
				"seconds":	0.9993709921836853,
				"bytes":	390960,
				"bits_per_second":	3129648.5734149963,
				"retransmits":	0,
				"omitted":	false,
				"sender":	true
			}
		}, {
			"streams":	[{
					"socket":	6,
					"start":	10.000405,
					"end":	11.001036,
					"seconds":	1.0006309747695923,
					"bytes":	0,
					"bits_per_second":	0,
					"retransmits":	0,
					"snd_cwnd":	5792,
					"snd_wnd":	619264,
					"rtt":	523696,
					"rttvar":	19452,
					"pmtu":	1500,
					"omitted":	false,
					"sender":	true
				}],
			"sum":	{
				"start":	10.000405,
				"end":	11.001036,
				"seconds":	1.0006309747695923,
				"bytes":	0,
				"bits_per_second":	0,
				"retransmits":	0,
				"omitted":	false,
				"sender":	true
			}
		}, {
			"streams":	[{
					"socket":	6,
					"start":	11.001036,
					"end":	12.001033,
					"seconds":	0.99999701976776123,
					"bytes":	0,
					"bits_per_second":	0,
					"retransmits":	0,
					"snd_cwnd":	60816,
					"snd_wnd":	617472,
					"rtt":	631182,
					"rttvar":	70686,
					"pmtu":	1500,
					"omitted":	false,
					"sender":	true
				}],
			"sum":	{
				"start":	11.001036,
				"end":	12.001033,
				"seconds":	0.99999701976776123,
				"bytes":	0,
				"bits_per_second":	0,
				"retransmits":	0,
				"omitted":	false,
				"sender":	true
			}
		}, {
			"streams":	[{
					"socket":	6,
					"start":	12.001033,
					"end":	13.001027,
					"seconds":	0.99999397993087769,
					"bytes":	0,
					"bits_per_second":	0,
					"retransmits":	0,
					"snd_cwnd":	133216,
					"snd_wnd":	617472,
					"rtt":	814641,
					"rttvar":	38323,
					"pmtu":	1500,
					"omitted":	false,
					"sender":	true
				}],
			"sum":	{
				"start":	12.001033,
				"end":	13.001027,
				"seconds":	0.99999397993087769,
				"bytes":	0,
				"bits_per_second":	0,
				"retransmits":	0,
				"omitted":	false,
				"sender":	true
			}
		}, {
			"streams":	[{
					"socket":	6,
					"start":	13.001027,
					"end":	14.001031,
					"seconds":	1.0000040531158447,
					"bytes":	0,
					"bits_per_second":	0,
					"retransmits":	0,
					"snd_cwnd":	98464,
					"snd_wnd":	617472,
					"rtt":	973166,
					"rttvar":	36677,
					"pmtu":	1500,
					"omitted":	false,
					"sender":	true
				}],
			"sum":	{
				"start":	13.001027,
				"end":	14.001031,
				"seconds":	1.0000040531158447,
				"bytes":	0,
				"bits_per_second":	0,
				"retransmits":	0,
				"omitted":	false,
				"sender":	true
			}
		}, {
			"streams":	[{
					"socket":	6,
					"start":	14.001031,
					"end":	15.000601,
					"seconds":	0.99957001209259033,
					"bytes":	456120,
					"bits_per_second":	3650529.6836195965,
					"retransmits":	0,
					"snd_cwnd":	101360,
					"snd_wnd":	619264,
					"rtt":	1136084,
					"rttvar":	49156,
					"pmtu":	1500,
					"omitted":	false,
					"sender":	true
				}],
			"sum":	{
				"start":	14.001031,
				"end":	15.000601,
				"seconds":	0.99957001209259033,
				"bytes":	456120,
				"bits_per_second":	3650529.6836195965,
				"retransmits":	0,
				"omitted":	false,
				"sender":	true
			}
		}, {
			"streams":	[{
					"socket":	6,
					"start":	15.000601,
					"end":	16.001038,
					"seconds":	1.0004370212554932,
					"bytes":	0,
					"bits_per_second":	0,
					"retransmits":	0,
					"snd_cwnd":	101360,
					"snd_wnd":	619264,
					"rtt":	1316943,
					"rttvar":	54874,
					"pmtu":	1500,
					"omitted":	false,
					"sender":	true
				}],
			"sum":	{
				"start":	15.000601,
				"end":	16.001038,
				"seconds":	1.0004370212554932,
				"bytes":	0,
				"bits_per_second":	0,
				"retransmits":	0,
				"omitted":	false,
				"sender":	true
			}
		}, {
			"streams":	[{
					"socket":	6,
					"start":	16.001038,
					"end":	17.001027,
					"seconds":	0.99998897314071655,
					"bytes":	0,
					"bits_per_second":	0,
					"retransmits":	0,
					"snd_cwnd":	101360,
					"snd_wnd":	619264,
					"rtt":	1511751,
					"rttvar":	82239,
					"pmtu":	1500,
					"omitted":	false,
					"sender":	true
				}],
			"sum":	{
				"start":	16.001038,
				"end":	17.001027,
				"seconds":	0.99998897314071655,
				"bytes":	0,
				"bits_per_second":	0,
				"retransmits":	0,
				"omitted":	false,
				"sender":	true
			}
		}, {
			"streams":	[{
					"socket":	6,
					"start":	17.001027,
					"end":	18.001038,
					"seconds":	1.0000109672546387,
					"bytes":	0,
					"bits_per_second":	0,
					"retransmits":	0,
					"snd_cwnd":	101360,
					"snd_wnd":	619264,
					"rtt":	1708644,
					"rttvar":	86787,
					"pmtu":	1500,
					"omitted":	false,
					"sender":	true
				}],
			"sum":	{
				"start":	17.001027,
				"end":	18.001038,
				"seconds":	1.0000109672546387,
				"bytes":	0,
				"bits_per_second":	0,
				"retransmits":	0,
				"omitted":	false,
				"sender":	true
			}
		}, {
			"streams":	[{
					"socket":	6,
					"start":	18.001038,
					"end":	19.001041,
					"seconds":	1.0000029802322388,
					"bytes":	0,
					"bits_per_second":	0,
					"retransmits":	0,
					"snd_cwnd":	101360,
					"snd_wnd":	619264,
					"rtt":	1886307,
					"rttvar":	110189,
					"pmtu":	1500,
					"omitted":	false,
					"sender":	true
				}],
			"sum":	{
				"start":	18.001038,
				"end":	19.001041,
				"seconds":	1.0000029802322388,
				"bytes":	0,
				"bits_per_second":	0,
				"retransmits":	0,
				"omitted":	false,
				"sender":	true
			}
		}, {
			"streams":	[{
					"socket":	6,
					"start":	19.001041,
					"end":	20.00103,
					"seconds":	0.99998897314071655,
					"bytes":	0,
					"bits_per_second":	0,
					"retransmits":	0,
					"snd_cwnd":	101360,
					"snd_wnd":	619264,
					"rtt":	1945912,
					"rttvar":	80186,
					"pmtu":	1500,
					"omitted":	false,
					"sender":	true
				}],
			"sum":	{
				"start":	19.001041,
				"end":	20.00103,
				"seconds":	0.99998897314071655,
				"bytes":	0,
				"bits_per_second":	0,
				"retransmits":	0,
				"omitted":	false,
				"sender":	true
			}
		}, {
			"streams":	[{
					"socket":	6,
					"start":	20.00103,
					"end":	21.001037,
					"seconds":	1.0000070333480835,
					"bytes":	0,
					"bits_per_second":	0,
					"retransmits":	0,
					"snd_cwnd":	101360,
					"snd_wnd":	619264,
					"rtt":	2085587,
					"rttvar":	96962,
					"pmtu":	1500,
					"omitted":	false,
					"sender":	true
				}],
			"sum":	{
				"start":	20.00103,
				"end":	21.001037,
				"seconds":	1.0000070333480835,
				"bytes":	0,
				"bits_per_second":	0,
				"retransmits":	0,
				"omitted":	false,
				"sender":	true
			}
		}, {
			"streams":	[{
					"socket":	6,
					"start":	21.001037,
					"end":	22.001036,
					"seconds":	0.99999898672103882,
					"bytes":	0,
					"bits_per_second":	0,
					"retransmits":	0,
					"snd_cwnd":	5792,
					"snd_wnd":	619264,
					"rtt":	2181779,
					"rttvar":	105243,
					"pmtu":	1500,
					"omitted":	false,
					"sender":	true
				}],
			"sum":	{
				"start":	21.001037,
				"end":	22.001036,
				"seconds":	0.99999898672103882,
				"bytes":	0,
				"bits_per_second":	0,
				"retransmits":	0,
				"omitted":	false,
				"sender":	true
			}
		}, {
			"streams":	[{
					"socket":	6,
					"start":	22.001036,
					"end":	23.000172,
					"seconds":	0.999135971069336,
					"bytes":	456120,
					"bits_per_second":	3652115.5334790535,
					"retransmits":	0,
					"snd_cwnd":	5792,
					"snd_wnd":	619264,
					"rtt":	2158439,
					"rttvar":	114728,
					"pmtu":	1500,
					"omitted":	false,
					"sender":	true
				}],
			"sum":	{
				"start":	22.001036,
				"end":	23.000172,
				"seconds":	0.999135971069336,
				"bytes":	456120,
				"bits_per_second":	3652115.5334790535,
				"retransmits":	0,
				"omitted":	false,
				"sender":	true
			}
		}, {
			"streams":	[{
					"socket":	6,
					"start":	23.000172,
					"end":	24.001063,
					"seconds":	1.0008909702301025,
					"bytes":	0,
					"bits_per_second":	0,
					"retransmits":	0,
					"snd_cwnd":	5792,
					"snd_wnd":	619264,
					"rtt":	2158439,
					"rttvar":	114728,
					"pmtu":	1500,
					"omitted":	false,
					"sender":	true
				}],
			"sum":	{
				"start":	23.000172,
				"end":	24.001063,
				"seconds":	1.0008909702301025,
				"bytes":	0,
				"bits_per_second":	0,
				"retransmits":	0,
				"omitted":	false,
				"sender":	true
			}
		}, {
			"streams":	[{
					"socket":	6,
					"start":	24.001063,
					"end":	25.001042,
					"seconds":	0.999979019165039,
					"bytes":	0,
					"bits_per_second":	0,
					"retransmits":	0,
					"snd_cwnd":	5792,
					"snd_wnd":	619264,
					"rtt":	2158439,
					"rttvar":	114728,
					"pmtu":	1500,
					"omitted":	false,
					"sender":	true
				}],
			"sum":	{
				"start":	24.001063,
				"end":	25.001042,
				"seconds":	0.999979019165039,
				"bytes":	0,
				"bits_per_second":	0,
				"retransmits":	0,
				"omitted":	false,
				"sender":	true
			}
		}, {
			"streams":	[{
					"socket":	6,
					"start":	25.001042,
					"end":	26.001042,
					"seconds":	1,
					"bytes":	0,
					"bits_per_second":	0,
					"retransmits":	0,
					"snd_cwnd":	107152,
					"snd_wnd":	619136,
					"rtt":	2166353,
					"rttvar":	47654,
					"pmtu":	1500,
					"omitted":	false,
					"sender":	true
				}],
			"sum":	{
				"start":	25.001042,
				"end":	26.001042,
				"seconds":	1,
				"bytes":	0,
				"bits_per_second":	0,
				"retransmits":	0,
				"omitted":	false,
				"sender":	true
			}
		}, {
			"streams":	[{
					"socket":	6,
					"start":	26.001042,
					"end":	27.001059,
					"seconds":	1.0000170469284058,
					"bytes":	0,
					"bits_per_second":	0,
					"retransmits":	0,
					"snd_cwnd":	107152,
					"snd_wnd":	619136,
					"rtt":	2166353,
					"rttvar":	47654,
					"pmtu":	1500,
					"omitted":	false,
					"sender":	true
				}],
			"sum":	{
				"start":	26.001042,
				"end":	27.001059,
				"seconds":	1.0000170469284058,
				"bytes":	0,
				"bits_per_second":	0,
				"retransmits":	0,
				"omitted":	false,
				"sender":	true
			}
		}, {
			"streams":	[{
					"socket":	6,
					"start":	27.001059,
					"end":	28.001042,
					"seconds":	0.999983012676239,
					"bytes":	0,
					"bits_per_second":	0,
					"retransmits":	0,
					"snd_cwnd":	159280,
					"snd_wnd":	619264,
					"rtt":	1860873,
					"rttvar":	74519,
					"pmtu":	1500,
					"omitted":	false,
					"sender":	true
				}],
			"sum":	{
				"start":	27.001059,
				"end":	28.001042,
				"seconds":	0.999983012676239,
				"bytes":	0,
				"bits_per_second":	0,
				"retransmits":	0,
				"omitted":	false,
				"sender":	true
			}
		}, {
			"streams":	[{
					"socket":	6,
					"start":	28.001042,
					"end":	29.000571,
					"seconds":	0.999529004096985,
					"bytes":	651600,
					"bits_per_second":	5215256.3643807974,
					"retransmits":	0,
					"snd_cwnd":	214304,
					"snd_wnd":	619264,
					"rtt":	2351394,
					"rttvar":	80596,
					"pmtu":	1500,
					"omitted":	false,
					"sender":	true
				}],
			"sum":	{
				"start":	28.001042,
				"end":	29.000571,
				"seconds":	0.999529004096985,
				"bytes":	651600,
				"bits_per_second":	5215256.3643807974,
				"retransmits":	0,
				"omitted":	false,
				"sender":	true
			}
		}, {
			"streams":	[{
					"socket":	6,
					"start":	29.000571,
					"end":	30.001153,
					"seconds":	1.0005819797515869,
					"bytes":	0,
					"bits_per_second":	0,
					"retransmits":	0,
					"snd_cwnd":	270776,
					"snd_wnd":	619264,
					"rtt":	1899955,
					"rttvar":	113395,
					"pmtu":	1500,
					"omitted":	false,
					"sender":	true
				}],
			"sum":	{
				"start":	29.000571,
				"end":	30.001153,
				"seconds":	1.0005819797515869,
				"bytes":	0,
				"bits_per_second":	0,
				"retransmits":	0,
				"omitted":	false,
				"sender":	true
			}
		}, {
			"streams":	[{
					"socket":	6,
					"start":	30.001153,
					"end":	31.000257,
					"seconds":	0.99910402297973633,
					"bytes":	912240,
					"bits_per_second":	7304464.63245601,
					"retransmits":	0,
					"snd_cwnd":	306976,
					"snd_wnd":	619264,
					"rtt":	1976159,
					"rttvar":	134398,
					"pmtu":	1500,
					"omitted":	false,
					"sender":	true
				}],
			"sum":	{
				"start":	30.001153,
				"end":	31.000257,
				"seconds":	0.99910402297973633,
				"bytes":	912240,
				"bits_per_second":	7304464.63245601,
				"retransmits":	0,
				"omitted":	false,
				"sender":	true
			}
		}, {
			"streams":	[{
					"socket":	6,
					"start":	31.000257,
					"end":	32.001043,
					"seconds":	1.0007859468460083,
					"bytes":	0,
					"bits_per_second":	0,
					"retransmits":	0,
					"snd_cwnd":	306976,
					"snd_wnd":	619264,
					"rtt":	2023356,
					"rttvar":	134173,
					"pmtu":	1500,
					"omitted":	false,
					"sender":	true
				}],
			"sum":	{
				"start":	31.000257,
				"end":	32.001043,
				"seconds":	1.0007859468460083,
				"bytes":	0,
				"bits_per_second":	0,
				"retransmits":	0,
				"omitted":	false,
				"sender":	true
			}
		}, {
			"streams":	[{
					"socket":	6,
					"start":	32.001043,
					"end":	33.001028,
					"seconds":	0.9999849796295166,
					"bytes":	0,
					"bits_per_second":	0,
					"retransmits":	0,
					"snd_cwnd":	306976,
					"snd_wnd":	619264,
					"rtt":	1998414,
					"rttvar":	136216,
					"pmtu":	1500,
					"omitted":	false,
					"sender":	true
				}],
			"sum":	{
				"start":	32.001043,
				"end":	33.001028,
				"seconds":	0.9999849796295166,
				"bytes":	0,
				"bits_per_second":	0,
				"retransmits":	0,
				"omitted":	false,
				"sender":	true
			}
		}, {
			"streams":	[{
					"socket":	6,
					"start":	33.001028,
					"end":	34.001044,
					"seconds":	1.0000159740448,
					"bytes":	0,
					"bits_per_second":	0,
					"retransmits":	0,
					"snd_cwnd":	306976,
					"snd_wnd":	822016,
					"rtt":	1891103,
					"rttvar":	104403,
					"pmtu":	1500,
					"omitted":	false,
					"sender":	true
				}],
			"sum":	{
				"start":	33.001028,
				"end":	34.001044,
				"seconds":	1.0000159740448,
				"bytes":	0,
				"bits_per_second":	0,
				"retransmits":	0,
				"omitted":	false,
				"sender":	true
			}
		}, {
			"streams":	[{
					"socket":	6,
					"start":	34.001044,
					"end":	35.001042,
					"seconds":	0.99999797344207764,
					"bytes":	0,
					"bits_per_second":	0,
					"retransmits":	0,
					"snd_cwnd":	309872,
					"snd_wnd":	942976,
					"rtt":	1960546,
					"rttvar":	105689,
					"pmtu":	1500,
					"omitted":	false,
					"sender":	true
				}],
			"sum":	{
				"start":	34.001044,
				"end":	35.001042,
				"seconds":	0.99999797344207764,
				"bytes":	0,
				"bits_per_second":	0,
				"retransmits":	0,
				"omitted":	false,
				"sender":	true
			}
		}, {
			"streams":	[{
					"socket":	6,
					"start":	35.001042,
					"end":	36.001242,
					"seconds":	1.0002000331878662,
					"bytes":	0,
					"bits_per_second":	0,
					"retransmits":	0,
					"snd_cwnd":	309872,
					"snd_wnd":	942976,
					"rtt":	2000590,
					"rttvar":	139956,
					"pmtu":	1500,
					"omitted":	false,
					"sender":	true
				}],
			"sum":	{
				"start":	35.001042,
				"end":	36.001242,
				"seconds":	1.0002000331878662,
				"bytes":	0,
				"bits_per_second":	0,
				"retransmits":	0,
				"omitted":	false,
				"sender":	true
			}
		}, {
			"streams":	[{
					"socket":	6,
					"start":	36.001242,
					"end":	37.001043,
					"seconds":	0.999800980091095,
					"bytes":	0,
					"bits_per_second":	0,
					"retransmits":	0,
					"snd_cwnd":	321456,
					"snd_wnd":	942976,
					"rtt":	1976254,
					"rttvar":	131633,
					"pmtu":	1500,
					"omitted":	false,
					"sender":	true
				}],
			"sum":	{
				"start":	36.001242,
				"end":	37.001043,
				"seconds":	0.999800980091095,
				"bytes":	0,
				"bits_per_second":	0,
				"retransmits":	0,
				"omitted":	false,
				"sender":	true
			}
		}, {
			"streams":	[{
					"socket":	6,
					"start":	37.001043,
					"end":	38.001044,
					"seconds":	1.0000009536743164,
					"bytes":	0,
					"bits_per_second":	0,
					"retransmits":	0,
					"snd_cwnd":	5792,
					"snd_wnd":	942976,
					"rtt":	2007061,
					"rttvar":	130138,
					"pmtu":	1500,
					"omitted":	false,
					"sender":	true
				}],
			"sum":	{
				"start":	37.001043,
				"end":	38.001044,
				"seconds":	1.0000009536743164,
				"bytes":	0,
				"bits_per_second":	0,
				"retransmits":	0,
				"omitted":	false,
				"sender":	true
			}
		}, {
			"streams":	[{
					"socket":	6,
					"start":	38.001044,
					"end":	39.001049,
					"seconds":	1.0000050067901611,
					"bytes":	0,
					"bits_per_second":	0,
					"retransmits":	0,
					"snd_cwnd":	5792,
					"snd_wnd":	942976,
					"rtt":	2384952,
					"rttvar":	484912,
					"pmtu":	1500,
					"omitted":	false,
					"sender":	true
				}],
			"sum":	{
				"start":	38.001044,
				"end":	39.001049,
				"seconds":	1.0000050067901611,
				"bytes":	0,
				"bits_per_second":	0,
				"retransmits":	0,
				"omitted":	false,
				"sender":	true
			}
		}, {
			"streams":	[{
					"socket":	6,
					"start":	39.001049,
					"end":	40.000984,
					"seconds":	0.99993497133255,
					"bytes":	977400,
					"bits_per_second":	7819708.505223942,
					"retransmits":	0,
					"snd_cwnd":	5792,
					"snd_wnd":	943232,
					"rtt":	2106723,
					"rttvar":	121582,
					"pmtu":	1500,
					"omitted":	false,
					"sender":	true
				}],
			"sum":	{
				"start":	39.001049,
				"end":	40.000984,
				"seconds":	0.99993497133255,
				"bytes":	977400,
				"bits_per_second":	7819708.505223942,
				"retransmits":	0,
				"omitted":	false,
				"sender":	true
			}
		}, {
			"streams":	[{
					"socket":	6,
					"start":	40.000984,
					"end":	41.001063,
					"seconds":	1.0000790357589722,
					"bytes":	0,
					"bits_per_second":	0,
					"retransmits":	0,
					"snd_cwnd":	5792,
					"snd_wnd":	943232,
					"rtt":	2582454,
					"rttvar":	63166,
					"pmtu":	1500,
					"omitted":	false,
					"sender":	true
				}],
			"sum":	{
				"start":	40.000984,
				"end":	41.001063,
				"seconds":	1.0000790357589722,
				"bytes":	0,
				"bits_per_second":	0,
				"retransmits":	0,
				"omitted":	false,
				"sender":	true
			}
		}, {
			"streams":	[{
					"socket":	6,
					"start":	41.001063,
					"end":	42.001037,
					"seconds":	0.999974012374878,
					"bytes":	0,
					"bits_per_second":	0,
					"retransmits":	0,
					"snd_cwnd":	5792,
					"snd_wnd":	943232,
					"rtt":	2582454,
					"rttvar":	63166,
					"pmtu":	1500,
					"omitted":	false,
					"sender":	true
				}],
			"sum":	{
				"start":	41.001063,
				"end":	42.001037,
				"seconds":	0.999974012374878,
				"bytes":	0,
				"bits_per_second":	0,
				"retransmits":	0,
				"omitted":	false,
				"sender":	true
			}
		}, {
			"streams":	[{
					"socket":	6,
					"start":	42.001037,
					"end":	43.00104,
					"seconds":	1.0000029802322388,
					"bytes":	0,
					"bits_per_second":	0,
					"retransmits":	0,
					"snd_cwnd":	327248,
					"snd_wnd":	942976,
					"rtt":	2415803,
					"rttvar":	95241,
					"pmtu":	1500,
					"omitted":	false,
					"sender":	true
				}],
			"sum":	{
				"start":	42.001037,
				"end":	43.00104,
				"seconds":	1.0000029802322388,
				"bytes":	0,
				"bits_per_second":	0,
				"retransmits":	0,
				"omitted":	false,
				"sender":	true
			}
		}, {
			"streams":	[{
					"socket":	6,
					"start":	43.00104,
					"end":	44.001036,
					"seconds":	0.9999960064888,
					"bytes":	0,
					"bits_per_second":	0,
					"retransmits":	0,
					"snd_cwnd":	327248,
					"snd_wnd":	942976,
					"rtt":	2415803,
					"rttvar":	95241,
					"pmtu":	1500,
					"omitted":	false,
					"sender":	true
				}],
			"sum":	{
				"start":	43.00104,
				"end":	44.001036,
				"seconds":	0.9999960064888,
				"bytes":	0,
				"bits_per_second":	0,
				"retransmits":	0,
				"omitted":	false,
				"sender":	true
			}
		}, {
			"streams":	[{
					"socket":	6,
					"start":	44.001036,
					"end":	45.001028,
					"seconds":	0.9999920129776,
					"bytes":	0,
					"bits_per_second":	0,
					"retransmits":	0,
					"snd_cwnd":	376480,
					"snd_wnd":	943232,
					"rtt":	1842990,
					"rttvar":	130560,
					"pmtu":	1500,
					"omitted":	false,
					"sender":	true
				}],
			"sum":	{
				"start":	44.001036,
				"end":	45.001028,
				"seconds":	0.9999920129776,
				"bytes":	0,
				"bits_per_second":	0,
				"retransmits":	0,
				"omitted":	false,
				"sender":	true
			}
		}, {
			"streams":	[{
					"socket":	6,
					"start":	45.001028,
					"end":	46.001039,
					"seconds":	1.0000109672546387,
					"bytes":	0,
					"bits_per_second":	0,
					"retransmits":	0,
					"snd_cwnd":	376480,
					"snd_wnd":	943232,
					"rtt":	1952025,
					"rttvar":	125465,
					"pmtu":	1500,
					"omitted":	false,
					"sender":	true
				}],
			"sum":	{
				"start":	45.001028,
				"end":	46.001039,
				"seconds":	1.0000109672546387,
				"bytes":	0,
				"bits_per_second":	0,
				"retransmits":	0,
				"omitted":	false,
				"sender":	true
			}
		}, {
			"streams":	[{
					"socket":	6,
					"start":	46.001039,
					"end":	47.001034,
					"seconds":	0.999994993209839,
					"bytes":	0,
					"bits_per_second":	0,
					"retransmits":	0,
					"snd_cwnd":	373584,
					"snd_wnd":	943232,
					"rtt":	2559942,
					"rttvar":	66020,
					"pmtu":	1500,
					"omitted":	false,
					"sender":	true
				}],
			"sum":	{
				"start":	46.001039,
				"end":	47.001034,
				"seconds":	0.999994993209839,
				"bytes":	0,
				"bits_per_second":	0,
				"retransmits":	0,
				"omitted":	false,
				"sender":	true
			}
		}, {
			"streams":	[{
					"socket":	6,
					"start":	47.001034,
					"end":	48.001041,
					"seconds":	1.0000070333480835,
					"bytes":	0,
					"bits_per_second":	0,
					"retransmits":	0,
					"snd_cwnd":	373584,
					"snd_wnd":	943232,
					"rtt":	1993472,
					"rttvar":	129607,
					"pmtu":	1500,
					"omitted":	false,
					"sender":	true
				}],
			"sum":	{
				"start":	47.001034,
				"end":	48.001041,
				"seconds":	1.0000070333480835,
				"bytes":	0,
				"bits_per_second":	0,
				"retransmits":	0,
				"omitted":	false,
				"sender":	true
			}
		}, {
			"streams":	[{
					"socket":	6,
					"start":	48.001041,
					"end":	49.000739,
					"seconds":	0.999697983264923,
					"bytes":	1238040,
					"bits_per_second":	9907312.1740762,
					"retransmits":	0,
					"snd_cwnd":	419920,
					"snd_wnd":	943360,
					"rtt":	2021184,
					"rttvar":	105319,
					"pmtu":	1500,
					"omitted":	false,
					"sender":	true
				}],
			"sum":	{
				"start":	48.001041,
				"end":	49.000739,
				"seconds":	0.999697983264923,
				"bytes":	1238040,
				"bits_per_second":	9907312.1740762,
				"retransmits":	0,
				"omitted":	false,
				"sender":	true
			}
		}, {
			"streams":	[{
					"socket":	6,
					"start":	49.000739,
					"end":	50.001026,
					"seconds":	1.0002870559692383,
					"bytes":	0,
					"bits_per_second":	0,
					"retransmits":	0,
					"snd_cwnd":	443088,
					"snd_wnd":	975744,
					"rtt":	2090174,
					"rttvar":	130923,
					"pmtu":	1500,
					"omitted":	false,
					"sender":	true
				}],
			"sum":	{
				"start":	49.000739,
				"end":	50.001026,
				"seconds":	1.0002870559692383,
				"bytes":	0,
				"bits_per_second":	0,
				"retransmits":	0,
				"omitted":	false,
				"sender":	true
			}
		}, {
			"streams":	[{
					"socket":	6,
					"start":	50.001026,
					"end":	51.001035,
					"seconds":	1.0000089406967163,
					"bytes":	0,
					"bits_per_second":	0,
					"retransmits":	0,
					"snd_cwnd":	443088,
					"snd_wnd":	975744,
					"rtt":	1974492,
					"rttvar":	132615,
					"pmtu":	1500,
					"omitted":	false,
					"sender":	true
				}],
			"sum":	{
				"start":	50.001026,
				"end":	51.001035,
				"seconds":	1.0000089406967163,
				"bytes":	0,
				"bits_per_second":	0,
				"retransmits":	0,
				"omitted":	false,
				"sender":	true
			}
		}, {
			"streams":	[{
					"socket":	6,
					"start":	51.001035,
					"end":	52.001029,
					"seconds":	0.99999397993087769,
					"bytes":	0,
					"bits_per_second":	0,
					"retransmits":	0,
					"snd_cwnd":	443088,
					"snd_wnd":	975744,
					"rtt":	1994980,
					"rttvar":	122933,
					"pmtu":	1500,
					"omitted":	false,
					"sender":	true
				}],
			"sum":	{
				"start":	51.001035,
				"end":	52.001029,
				"seconds":	0.99999397993087769,
				"bytes":	0,
				"bits_per_second":	0,
				"retransmits":	0,
				"omitted":	false,
				"sender":	true
			}
		}, {
			"streams":	[{
					"socket":	6,
					"start":	52.001029,
					"end":	53.001026,
					"seconds":	0.99999701976776123,
					"bytes":	0,
					"bits_per_second":	0,
					"retransmits":	0,
					"snd_cwnd":	443088,
					"snd_wnd":	975744,
					"rtt":	2419857,
					"rttvar":	497702,
					"pmtu":	1500,
					"omitted":	false,
					"sender":	true
				}],
			"sum":	{
				"start":	52.001029,
				"end":	53.001026,
				"seconds":	0.99999701976776123,
				"bytes":	0,
				"bits_per_second":	0,
				"retransmits":	0,
				"omitted":	false,
				"sender":	true
			}
		}, {
			"streams":	[{
					"socket":	6,
					"start":	53.001026,
					"end":	54.001054,
					"seconds":	1.0000280141830444,
					"bytes":	0,
					"bits_per_second":	0,
					"retransmits":	0,
					"snd_cwnd":	443088,
					"snd_wnd":	976128,
					"rtt":	2016934,
					"rttvar":	122870,
					"pmtu":	1500,
					"omitted":	false,
					"sender":	true
				}],
			"sum":	{
				"start":	53.001026,
				"end":	54.001054,
				"seconds":	1.0000280141830444,
				"bytes":	0,
				"bits_per_second":	0,
				"retransmits":	0,
				"omitted":	false,
				"sender":	true
			}
		}, {
			"streams":	[{
					"socket":	6,
					"start":	54.001054,
					"end":	55.001029,
					"seconds":	0.999975025653839,
					"bytes":	0,
					"bits_per_second":	0,
					"retransmits":	0,
					"snd_cwnd":	443088,
					"snd_wnd":	976128,
					"rtt":	2023008,
					"rttvar":	124238,
					"pmtu":	1500,
					"omitted":	false,
					"sender":	true
				}],
			"sum":	{
				"start":	54.001054,
				"end":	55.001029,
				"seconds":	0.999975025653839,
				"bytes":	0,
				"bits_per_second":	0,
				"retransmits":	0,
				"omitted":	false,
				"sender":	true
			}
		}, {
			"streams":	[{
					"socket":	6,
					"start":	55.001029,
					"end":	56.001032,
					"seconds":	1.0000029802322388,
					"bytes":	0,
					"bits_per_second":	0,
					"retransmits":	0,
					"snd_cwnd":	5792,
					"snd_wnd":	976128,
					"rtt":	2029438,
					"rttvar":	124179,
					"pmtu":	1500,
					"omitted":	false,
					"sender":	true
				}],
			"sum":	{
				"start":	55.001029,
				"end":	56.001032,
				"seconds":	1.0000029802322388,
				"bytes":	0,
				"bits_per_second":	0,
				"retransmits":	0,
				"omitted":	false,
				"sender":	true
			}
		}, {
			"streams":	[{
					"socket":	6,
					"start":	56.001032,
					"end":	57.00023,
					"seconds":	0.999198019504547,
					"bytes":	1211792,
					"bits_per_second":	9702116.90852524,
					"retransmits":	0,
					"snd_cwnd":	5792,
					"snd_wnd":	976128,
					"rtt":	2025179,
					"rttvar":	124170,
					"pmtu":	1500,
					"omitted":	false,
					"sender":	true
				}],
			"sum":	{
				"start":	56.001032,
				"end":	57.00023,
				"seconds":	0.999198019504547,
				"bytes":	1211792,
				"bits_per_second":	9702116.90852524,
				"retransmits":	0,
				"omitted":	false,
				"sender":	true
			}
		}, {
			"streams":	[{
					"socket":	6,
					"start":	57.00023,
					"end":	58.00103,
					"seconds":	1.0008000135421753,
					"bytes":	0,
					"bits_per_second":	0,
					"retransmits":	0,
					"snd_cwnd":	5792,
					"snd_wnd":	976128,
					"rtt":	2683081,
					"rttvar":	61416,
					"pmtu":	1500,
					"omitted":	false,
					"sender":	true
				}],
			"sum":	{
				"start":	57.00023,
				"end":	58.00103,
				"seconds":	1.0008000135421753,
				"bytes":	0,
				"bits_per_second":	0,
				"retransmits":	0,
				"omitted":	false,
				"sender":	true
			}
		}, {
			"streams":	[{
					"socket":	6,
					"start":	58.00103,
					"end":	59.001031,
					"seconds":	1.0000009536743164,
					"bytes":	0,
					"bits_per_second":	0,
					"retransmits":	0,
					"snd_cwnd":	5792,
					"snd_wnd":	976128,
					"rtt":	2683081,
					"rttvar":	61416,
					"pmtu":	1500,
					"omitted":	false,
					"sender":	true
				}],
			"sum":	{
				"start":	58.00103,
				"end":	59.001031,
				"seconds":	1.0000009536743164,
				"bytes":	0,
				"bits_per_second":	0,
				"retransmits":	0,
				"omitted":	false,
				"sender":	true
			}
		}, {
			"streams":	[{
					"socket":	6,
					"start":	59.001031,
					"end":	60.001031,
					"seconds":	1,
					"bytes":	0,
					"bits_per_second":	0,
					"retransmits":	0,
					"snd_cwnd":	5792,
					"snd_wnd":	976128,
					"rtt":	2683081,
					"rttvar":	61416,
					"pmtu":	1500,
					"omitted":	false,
					"sender":	true
				}],
			"sum":	{
				"start":	59.001031,
				"end":	60.001031,
				"seconds":	1,
				"bytes":	0,
				"bits_per_second":	0,
				"retransmits":	0,
				"omitted":	false,
				"sender":	true
			}
		}],
	"end":	{
		"streams":	[{
				"sender":	{
					"socket":	6,
					"start":	0,
					"end":	60.001031,
					"seconds":	60.001031,
					"bytes":	9306112,
					"bits_per_second":	1240793.6123630942,
					"retransmits":	0,
					"max_snd_cwnd":	443088,
					"max_snd_wnd":	976128,
					"max_rtt":	2683081,
					"min_rtt":	160121,
					"mean_rtt":	1702469,
					"sender":	true
				},
				"receiver":	{
					"socket":	6,
					"start":	0,
					"end":	62.349841,
					"seconds":	60.001031,
					"bytes":	5637064,
					"bits_per_second":	723281.908609839,
					"sender":	true
				}
			}],
		"sum_sent":	{
			"start":	0,
			"end":	60.001031,
			"seconds":	60.001031,
			"bytes":	9306112,
			"bits_per_second":	1240793.6123630942,
			"retransmits":	0,
			"sender":	true
		},
		"sum_received":	{
			"start":	0,
			"end":	62.349841,
			"seconds":	62.349841,
			"bytes":	5637064,
			"bits_per_second":	723281.908609839,
			"sender":	true
		},
		"cpu_utilization_percent":	{
			"host_total":	0.091616739452663576,
			"host_user":	0.0082869662979429,
			"host_system":	0.083333095249849123,
			"remote_total":	0.10202108566217058,
			"remote_user":	0.0081347421235423538,
			"remote_system":	0.093886343538628222
		},
		"sender_tcp_congestion":	"bbr",
		"receiver_tcp_congestion":	"bbr"
	}
}
