{
	"start":	{
		"connected":	[{
				"socket":	6,
				"local_host":	"192.168.101.210",
				"local_port":	33186,
				"remote_host":	"192.168.100.168",
				"remote_port":	5201
			}],
		"version":	"iperf 3.11",
		"system_info":	"Linux f1 6.0.10-300.fc37.x86_64 #1 SMP PREEMPT_DYNAMIC Sat Nov 26 16:55:13 UTC 2022 x86_64",
		"timestamp":	{
			"time":	"Sat, 10 Dec 2022 20:16:22 GMT",
			"timesecs":	1670703382
		},
		"connecting_to":	{
			"host":	"192.168.100.168",
			"port":	5201
		},
		"cookie":	"4yxvt5uy7jrjurrwxbp52htl3y25nsnojokm",
		"tcp_mss_default":	1448,
		"target_bitrate":	0,
		"sock_bufsize":	0,
		"sndbuf_actual":	16384,
		"rcvbuf_actual":	131072,
		"test_start":	{
			"protocol":	"TCP",
			"num_streams":	1,
			"blksize":	131072,
			"omit":	0,
			"duration":	60,
			"bytes":	0,
			"blocks":	0,
			"reverse":	0,
			"tos":	0,
			"target_bitrate":	0
		}
	},
	"intervals":	[{
			"streams":	[{
					"socket":	6,
					"start":	0,
					"end":	1.000178,
					"seconds":	1.0001779794692993,
					"bytes":	1162744,
					"bits_per_second":	9300296.7381222229,
					"retransmits":	0,
					"snd_cwnd":	208512,
					"snd_wnd":	353024,
					"rtt":	249250,
					"rttvar":	12818,
					"pmtu":	1500,
					"omitted":	false,
					"sender":	true
				}],
			"sum":	{
				"start":	0,
				"end":	1.000178,
				"seconds":	1.0001779794692993,
				"bytes":	1162744,
				"bits_per_second":	9300296.7381222229,
				"retransmits":	0,
				"omitted":	false,
				"sender":	true
			}
		}, {
			"streams":	[{
					"socket":	6,
					"start":	1.000178,
					"end":	2.000464,
					"seconds":	1.0002859830856323,
					"bytes":	456120,
					"bits_per_second":	3647916.7575095575,
					"retransmits":	81,
					"snd_cwnd":	118736,
					"snd_wnd":	826112,
					"rtt":	280973,
					"rttvar":	69,
					"pmtu":	1500,
					"omitted":	false,
					"sender":	true
				}],
			"sum":	{
				"start":	1.000178,
				"end":	2.000464,
				"seconds":	1.0002859830856323,
				"bytes":	456120,
				"bits_per_second":	3647916.7575095575,
				"retransmits":	81,
				"omitted":	false,
				"sender":	true
			}
		}, {
			"streams":	[{
					"socket":	6,
					"start":	2.000464,
					"end":	3.000807,
					"seconds":	1.0003429651260376,
					"bytes":	456120,
					"bits_per_second":	3647708.9630357441,
					"retransmits":	26,
					"snd_cwnd":	75296,
					"snd_wnd":	1344896,
					"rtt":	277980,
					"rttvar":	878,
					"pmtu":	1500,
					"omitted":	false,
					"sender":	true
				}],
			"sum":	{
				"start":	2.000464,
				"end":	3.000807,
				"seconds":	1.0003429651260376,
				"bytes":	456120,
				"bits_per_second":	3647708.9630357441,
				"retransmits":	26,
				"omitted":	false,
				"sender":	true
			}
		}, {
			"streams":	[{
					"socket":	6,
					"start":	3.000807,
					"end":	4.000439,
					"seconds":	0.99963200092315674,
					"bytes":	456120,
					"bits_per_second":	3650303.3082476328,
					"retransmits":	1,
					"snd_cwnd":	60816,
					"snd_wnd":	1889408,
					"rtt":	207290,
					"rttvar":	2888,
					"pmtu":	1500,
					"omitted":	false,
					"sender":	true
				}],
			"sum":	{
				"start":	3.000807,
				"end":	4.000439,
				"seconds":	0.99963200092315674,
				"bytes":	456120,
				"bits_per_second":	3650303.3082476328,
				"retransmits":	1,
				"omitted":	false,
				"sender":	true
			}
		}, {
			"streams":	[{
					"socket":	6,
					"start":	4.000439,
					"end":	5.001039,
					"seconds":	1.0005999803543091,
					"bytes":	0,
					"bits_per_second":	0,
					"retransmits":	0,
					"snd_cwnd":	66608,
					"snd_wnd":	2367232,
					"rtt":	234960,
					"rttvar":	2189,
					"pmtu":	1500,
					"omitted":	false,
					"sender":	true
				}],
			"sum":	{
				"start":	4.000439,
				"end":	5.001039,
				"seconds":	1.0005999803543091,
				"bytes":	0,
				"bits_per_second":	0,
				"retransmits":	0,
				"omitted":	false,
				"sender":	true
			}
		}, {
			"streams":	[{
					"socket":	6,
					"start":	5.001039,
					"end":	6.000816,
					"seconds":	0.99977701902389526,
					"bytes":	456120,
					"bits_per_second":	3649773.8301312043,
					"retransmits":	2,
					"snd_cwnd":	46336,
					"snd_wnd":	2813184,
					"rtt":	247514,
					"rttvar":	8139,
					"pmtu":	1500,
					"omitted":	false,
					"sender":	true
				}],
			"sum":	{
				"start":	5.001039,
				"end":	6.000816,
				"seconds":	0.99977701902389526,
				"bytes":	456120,
				"bits_per_second":	3649773.8301312043,
				"retransmits":	2,
				"omitted":	false,
				"sender":	true
			}
		}, {
			"streams":	[{
					"socket":	6,
					"start":	6.000816,
					"end":	7.001037,
					"seconds":	1.0002210140228271,
					"bytes":	0,
					"bits_per_second":	0,
					"retransmits":	0,
					"snd_cwnd":	60816,
					"snd_wnd":	3143680,
					"rtt":	223113,
					"rttvar":	1777,
					"pmtu":	1500,
					"omitted":	false,
					"sender":	true
				}],
			"sum":	{
				"start":	6.000816,
				"end":	7.001037,
				"seconds":	1.0002210140228271,
				"bytes":	0,
				"bits_per_second":	0,
				"retransmits":	0,
				"omitted":	false,
				"sender":	true
			}
		}, {
			"streams":	[{
					"socket":	6,
					"start":	7.001037,
					"end":	8.000958,
					"seconds":	0.99992102384567261,
					"bytes":	456120,
					"bits_per_second":	3649248.2035893057,
					"retransmits":	0,
					"snd_cwnd":	66608,
					"snd_wnd":	3143680,
					"rtt":	244413,
					"rttvar":	3518,
					"pmtu":	1500,
					"omitted":	false,
					"sender":	true
				}],
			"sum":	{
				"start":	7.001037,
				"end":	8.000958,
				"seconds":	0.99992102384567261,
				"bytes":	456120,
				"bits_per_second":	3649248.2035893057,
				"retransmits":	0,
				"omitted":	false,
				"sender":	true
			}
		}, {
			"streams":	[{
					"socket":	6,
					"start":	8.000958,
					"end":	9.001037,
					"seconds":	1.0000790357589722,
					"bytes":	0,
					"bits_per_second":	0,
					"retransmits":	3,
					"snd_cwnd":	49232,
					"snd_wnd":	3143936,
					"rtt":	273775,
					"rttvar":	6522,
					"pmtu":	1500,
					"omitted":	false,
					"sender":	true
				}],
			"sum":	{
				"start":	8.000958,
				"end":	9.001037,
				"seconds":	1.0000790357589722,
				"bytes":	0,
				"bits_per_second":	0,
				"retransmits":	3,
				"omitted":	false,
				"sender":	true
			}
		}, {
			"streams":	[{
					"socket":	6,
					"start":	9.001037,
					"end":	10.000832,
					"seconds":	0.99979501962661743,
					"bytes":	456120,
					"bits_per_second":	3649708.1185328742,
					"retransmits":	13,
					"snd_cwnd":	56472,
					"snd_wnd":	3143936,
					"rtt":	247582,
					"rttvar":	3608,
					"pmtu":	1500,
					"omitted":	false,
					"sender":	true
				}],
			"sum":	{
				"start":	9.001037,
				"end":	10.000832,
				"seconds":	0.99979501962661743,
				"bytes":	456120,
				"bits_per_second":	3649708.1185328742,
				"retransmits":	13,
				"omitted":	false,
				"sender":	true
			}
		}, {
			"streams":	[{
					"socket":	6,
					"start":	10.000832,
					"end":	11.001035,
					"seconds":	1.000203013420105,
					"bytes":	0,
					"bits_per_second":	0,
					"retransmits":	4,
					"snd_cwnd":	44888,
					"snd_wnd":	3143936,
					"rtt":	252067,
					"rttvar":	7909,
					"pmtu":	1500,
					"omitted":	false,
					"sender":	true
				}],
			"sum":	{
				"start":	10.000832,
				"end":	11.001035,
				"seconds":	1.000203013420105,
				"bytes":	0,
				"bits_per_second":	0,
				"retransmits":	4,
				"omitted":	false,
				"sender":	true
			}
		}, {
			"streams":	[{
					"socket":	6,
					"start":	11.001035,
					"end":	12.000799,
					"seconds":	0.99976402521133423,
					"bytes":	456120,
					"bits_per_second":	3649821.2658018656,
					"retransmits":	0,
					"snd_cwnd":	52128,
					"snd_wnd":	3143936,
					"rtt":	260808,
					"rttvar":	2013,
					"pmtu":	1500,
					"omitted":	false,
					"sender":	true
				}],
			"sum":	{
				"start":	11.001035,
				"end":	12.000799,
				"seconds":	0.99976402521133423,
				"bytes":	456120,
				"bits_per_second":	3649821.2658018656,
				"retransmits":	0,
				"omitted":	false,
				"sender":	true
			}
		}, {
			"streams":	[{
					"socket":	6,
					"start":	12.000799,
					"end":	13.001039,
					"seconds":	1.0002399682998657,
					"bytes":	0,
					"bits_per_second":	0,
					"retransmits":	1,
					"snd_cwnd":	43440,
					"snd_wnd":	3143936,
					"rtt":	231727,
					"rttvar":	5116,
					"pmtu":	1500,
					"omitted":	false,
					"sender":	true
				}],
			"sum":	{
				"start":	12.000799,
				"end":	13.001039,
				"seconds":	1.0002399682998657,
				"bytes":	0,
				"bits_per_second":	0,
				"retransmits":	1,
				"omitted":	false,
				"sender":	true
			}
		}, {
			"streams":	[{
					"socket":	6,
					"start":	13.001039,
					"end":	14.000343,
					"seconds":	0.99930399656295776,
					"bytes":	456120,
					"bits_per_second":	3651501.45756483,
					"retransmits":	0,
					"snd_cwnd":	50680,
					"snd_wnd":	3143936,
					"rtt":	202647,
					"rttvar":	4036,
					"pmtu":	1500,
					"omitted":	false,
					"sender":	true
				}],
			"sum":	{
				"start":	13.001039,
				"end":	14.000343,
				"seconds":	0.99930399656295776,
				"bytes":	456120,
				"bits_per_second":	3651501.45756483,
				"retransmits":	0,
				"omitted":	false,
				"sender":	true
			}
		}, {
			"streams":	[{
					"socket":	6,
					"start":	14.000343,
					"end":	15.001037,
					"seconds":	1.0006940364837646,
					"bytes":	0,
					"bits_per_second":	0,
					"retransmits":	0,
					"snd_cwnd":	52128,
					"snd_wnd":	3143936,
					"rtt":	235553,
					"rttvar":	2533,
					"pmtu":	1500,
					"omitted":	false,
					"sender":	true
				}],
			"sum":	{
				"start":	14.000343,
				"end":	15.001037,
				"seconds":	1.0006940364837646,
				"bytes":	0,
				"bits_per_second":	0,
				"retransmits":	0,
				"omitted":	false,
				"sender":	true
			}
		}, {
			"streams":	[{
					"socket":	6,
					"start":	15.001037,
					"end":	16.000178,
					"seconds":	0.999140977859497,
					"bytes":	456120,
					"bits_per_second":	3652097.2323818854,
					"retransmits":	8,
					"snd_cwnd":	37648,
					"snd_wnd":	3143936,
					"rtt":	233950,
					"rttvar":	6864,
					"pmtu":	1500,
					"omitted":	false,
					"sender":	true
				}],
			"sum":	{
				"start":	15.001037,
				"end":	16.000178,
				"seconds":	0.999140977859497,
				"bytes":	456120,
				"bits_per_second":	3652097.2323818854,
				"retransmits":	8,
				"omitted":	false,
				"sender":	true
			}
		}, {
			"streams":	[{
					"socket":	6,
					"start":	16.000178,
					"end":	17.001062,
					"seconds":	1.0008840560913086,
					"bytes":	0,
					"bits_per_second":	0,
					"retransmits":	0,
					"snd_cwnd":	49232,
					"snd_wnd":	3143936,
					"rtt":	247173,
					"rttvar":	4018,
					"pmtu":	1500,
					"omitted":	false,
					"sender":	true
				}],
			"sum":	{
				"start":	16.000178,
				"end":	17.001062,
				"seconds":	1.0008840560913086,
				"bytes":	0,
				"bits_per_second":	0,
				"retransmits":	0,
				"omitted":	false,
				"sender":	true
			}
		}, {
			"streams":	[{
					"socket":	6,
					"start":	17.001062,
					"end":	18.001061,
					"seconds":	0.99999898672103882,
					"bytes":	0,
					"bits_per_second":	0,
					"retransmits":	2,
					"snd_cwnd":	37648,
					"snd_wnd":	3143936,
					"rtt":	224847,
					"rttvar":	2051,
					"pmtu":	1500,
					"omitted":	false,
					"sender":	true
				}],
			"sum":	{
				"start":	17.001062,
				"end":	18.001061,
				"seconds":	0.99999898672103882,
				"bytes":	0,
				"bits_per_second":	0,
				"retransmits":	2,
				"omitted":	false,
				"sender":	true
			}
		}, {
			"streams":	[{
					"socket":	6,
					"start":	18.001061,
					"end":	19.000462,
					"seconds":	0.99940097332000732,
					"bytes":	456120,
					"bits_per_second":	3651147.1345461719,
					"retransmits":	0,
					"snd_cwnd":	40544,
					"snd_wnd":	3143936,
					"rtt":	246712,
					"rttvar":	13441,
					"pmtu":	1500,
					"omitted":	false,
					"sender":	true
				}],
			"sum":	{
				"start":	18.001061,
				"end":	19.000462,
				"seconds":	0.99940097332000732,
				"bytes":	456120,
				"bits_per_second":	3651147.1345461719,
				"retransmits":	0,
				"omitted":	false,
				"sender":	true
			}
		}, {
			"streams":	[{
					"socket":	6,
					"start":	19.000462,
					"end":	20.00104,
					"seconds":	1.0005780458450317,
					"bytes":	0,
					"bits_per_second":	0,
					"retransmits":	0,
					"snd_cwnd":	40544,
					"snd_wnd":	3143936,
					"rtt":	239671,
					"rttvar":	2293,
					"pmtu":	1500,
					"omitted":	false,
					"sender":	true
				}],
			"sum":	{
				"start":	19.000462,
				"end":	20.00104,
				"seconds":	1.0005780458450317,
				"bytes":	0,
				"bits_per_second":	0,
				"retransmits":	0,
				"omitted":	false,
				"sender":	true
			}
		}, {
			"streams":	[{
					"socket":	6,
					"start":	20.00104,
					"end":	21.001037,
					"seconds":	0.99999701976776123,
					"bytes":	0,
					"bits_per_second":	0,
					"retransmits":	4,
					"snd_cwnd":	31856,
					"snd_wnd":	3145728,
					"rtt":	233891,
					"rttvar":	9298,
					"pmtu":	1500,
					"omitted":	false,
					"sender":	true
				}],
			"sum":	{
				"start":	20.00104,
				"end":	21.001037,
				"seconds":	0.99999701976776123,
				"bytes":	0,
				"bits_per_second":	0,
				"retransmits":	4,
				"omitted":	false,
				"sender":	true
			}
		}, {
			"streams":	[{
					"socket":	6,
					"start":	21.001037,
					"end":	22.000468,
					"seconds":	0.999431014060974,
					"bytes":	456120,
					"bits_per_second":	3651037.3889371632,
					"retransmits":	0,
					"snd_cwnd":	40544,
					"snd_wnd":	3145728,
					"rtt":	246643,
					"rttvar":	15918,
					"pmtu":	1500,
					"omitted":	false,
					"sender":	true
				}],
			"sum":	{
				"start":	21.001037,
				"end":	22.000468,
				"seconds":	0.999431014060974,
				"bytes":	456120,
				"bits_per_second":	3651037.3889371632,
				"retransmits":	0,
				"omitted":	false,
				"sender":	true
			}
		}, {
			"streams":	[{
					"socket":	6,
					"start":	22.000468,
					"end":	23.001039,
					"seconds":	1.0005710124969482,
					"bytes":	0,
					"bits_per_second":	0,
					"retransmits":	0,
					"snd_cwnd":	41992,
					"snd_wnd":	3145728,
					"rtt":	246014,
					"rttvar":	4052,
					"pmtu":	1500,
					"omitted":	false,
					"sender":	true
				}],
			"sum":	{
				"start":	22.000468,
				"end":	23.001039,
				"seconds":	1.0005710124969482,
				"bytes":	0,
				"bits_per_second":	0,
				"retransmits":	0,
				"omitted":	false,
				"sender":	true
			}
		}, {
			"streams":	[{
					"socket":	6,
					"start":	23.001039,
					"end":	24.001037,
					"seconds":	0.99999797344207764,
					"bytes":	0,
					"bits_per_second":	0,
					"retransmits":	6,
					"snd_cwnd":	28960,
					"snd_wnd":	3141504,
					"rtt":	239580,
					"rttvar":	11754,
					"pmtu":	1500,
					"omitted":	false,
					"sender":	true
				}],
			"sum":	{
				"start":	23.001039,
				"end":	24.001037,
				"seconds":	0.99999797344207764,
				"bytes":	0,
				"bits_per_second":	0,
				"retransmits":	6,
				"omitted":	false,
				"sender":	true
			}
		}, {
			"streams":	[{
					"socket":	6,
					"start":	24.001037,
					"end":	25.000536,
					"seconds":	0.999499022960663,
					"bytes":	456120,
					"bits_per_second":	3650788.96144515,
					"retransmits":	0,
					"snd_cwnd":	39096,
					"snd_wnd":	3145728,
					"rtt":	224941,
					"rttvar":	20053,
					"pmtu":	1500,
					"omitted":	false,
					"sender":	true
				}],
			"sum":	{
				"start":	24.001037,
				"end":	25.000536,
				"seconds":	0.999499022960663,
				"bytes":	456120,
				"bits_per_second":	3650788.96144515,
				"retransmits":	0,
				"omitted":	false,
				"sender":	true
			}
		}, {
			"streams":	[{
					"socket":	6,
					"start":	25.000536,
					"end":	26.001036,
					"seconds":	1.000499963760376,
					"bytes":	0,
					"bits_per_second":	0,
					"retransmits":	0,
					"snd_cwnd":	41992,
					"snd_wnd":	3145728,
					"rtt":	249703,
					"rttvar":	9835,
					"pmtu":	1500,
					"omitted":	false,
					"sender":	true
				}],
			"sum":	{
				"start":	25.000536,
				"end":	26.001036,
				"seconds":	1.000499963760376,
				"bytes":	0,
				"bits_per_second":	0,
				"retransmits":	0,
				"omitted":	false,
				"sender":	true
			}
		}, {
			"streams":	[{
					"socket":	6,
					"start":	26.001036,
					"end":	27.001032,
					"seconds":	0.9999960064888,
					"bytes":	0,
					"bits_per_second":	0,
					"retransmits":	2,
					"snd_cwnd":	30408,
					"snd_wnd":	3145728,
					"rtt":	250134,
					"rttvar":	5778,
					"pmtu":	1500,
					"omitted":	false,
					"sender":	true
				}],
			"sum":	{
				"start":	26.001036,
				"end":	27.001032,
				"seconds":	0.9999960064888,
				"bytes":	0,
				"bits_per_second":	0,
				"retransmits":	2,
				"omitted":	false,
				"sender":	true
			}
		}, {
			"streams":	[{
					"socket":	6,
					"start":	27.001032,
					"end":	28.000595,
					"seconds":	0.999562978744507,
					"bytes":	456120,
					"bits_per_second":	3650555.3702911721,
					"retransmits":	0,
					"snd_cwnd":	39096,
					"snd_wnd":	3145728,
					"rtt":	245541,
					"rttvar":	2836,
					"pmtu":	1500,
					"omitted":	false,
					"sender":	true
				}],
			"sum":	{
				"start":	27.001032,
				"end":	28.000595,
				"seconds":	0.999562978744507,
				"bytes":	456120,
				"bits_per_second":	3650555.3702911721,
				"retransmits":	0,
				"omitted":	false,
				"sender":	true
			}
		}, {
			"streams":	[{
					"socket":	6,
					"start":	28.000595,
					"end":	29.001038,
					"seconds":	1.0004429817199707,
					"bytes":	0,
					"bits_per_second":	0,
					"retransmits":	1,
					"snd_cwnd":	31856,
					"snd_wnd":	3145728,
					"rtt":	228412,
					"rttvar":	5043,
					"pmtu":	1500,
					"omitted":	false,
					"sender":	true
				}],
			"sum":	{
				"start":	28.000595,
				"end":	29.001038,
				"seconds":	1.0004429817199707,
				"bytes":	0,
				"bits_per_second":	0,
				"retransmits":	1,
				"omitted":	false,
				"sender":	true
			}
		}, {
			"streams":	[{
					"socket":	6,
					"start":	29.001038,
					"end":	30.001036,
					"seconds":	0.99999797344207764,
					"bytes":	0,
					"bits_per_second":	0,
					"retransmits":	0,
					"snd_cwnd":	33304,
					"snd_wnd":	3145728,
					"rtt":	254832,
					"rttvar":	11467,
					"pmtu":	1500,
					"omitted":	false,
					"sender":	true
				}],
			"sum":	{
				"start":	29.001038,
				"end":	30.001036,
				"seconds":	0.99999797344207764,
				"bytes":	0,
				"bits_per_second":	0,
				"retransmits":	0,
				"omitted":	false,
				"sender":	true
			}
		}, {
			"streams":	[{
					"socket":	6,
					"start":	30.001036,
					"end":	31.000299,
					"seconds":	0.99926298856735229,
					"bytes":	456120,
					"bits_per_second":	3651651.3087626011,
					"retransmits":	0,
					"snd_cwnd":	34752,
					"snd_wnd":	3145728,
					"rtt":	234433,
					"rttvar":	797,
					"pmtu":	1500,
					"omitted":	false,
					"sender":	true
				}],
			"sum":	{
				"start":	30.001036,
				"end":	31.000299,
				"seconds":	0.99926298856735229,
				"bytes":	456120,
				"bits_per_second":	3651651.3087626011,
				"retransmits":	0,
				"omitted":	false,
				"sender":	true
			}
		}, {
			"streams":	[{
					"socket":	6,
					"start":	31.000299,
					"end":	32.001033,
					"seconds":	1.0007339715957642,
					"bytes":	0,
					"bits_per_second":	0,
					"retransmits":	2,
					"snd_cwnd":	27512,
					"snd_wnd":	3145728,
					"rtt":	238894,
					"rttvar":	11383,
					"pmtu":	1500,
					"omitted":	false,
					"sender":	true
				}],
			"sum":	{
				"start":	31.000299,
				"end":	32.001033,
				"seconds":	1.0007339715957642,
				"bytes":	0,
				"bits_per_second":	0,
				"retransmits":	2,
				"omitted":	false,
				"sender":	true
			}
		}, {
			"streams":	[{
					"socket":	6,
					"start":	32.001033,
					"end":	33.001031,
					"seconds":	0.99999797344207764,
					"bytes":	0,
					"bits_per_second":	0,
					"retransmits":	0,
					"snd_cwnd":	34752,
					"snd_wnd":	3145728,
					"rtt":	232216,
					"rttvar":	6669,
					"pmtu":	1500,
					"omitted":	false,
					"sender":	true
				}],
			"sum":	{
				"start":	32.001033,
				"end":	33.001031,
				"seconds":	0.99999797344207764,
				"bytes":	0,
				"bits_per_second":	0,
				"retransmits":	0,
				"omitted":	false,
				"sender":	true
			}
		}, {
			"streams":	[{
					"socket":	6,
					"start":	33.001031,
					"end":	34.001031,
					"seconds":	1,
					"bytes":	0,
					"bits_per_second":	0,
					"retransmits":	0,
					"snd_cwnd":	36200,
					"snd_wnd":	3145728,
					"rtt":	240710,
					"rttvar":	1660,
					"pmtu":	1500,
					"omitted":	false,
					"sender":	true
				}],
			"sum":	{
				"start":	33.001031,
				"end":	34.001031,
				"seconds":	1,
				"bytes":	0,
				"bits_per_second":	0,
				"retransmits":	0,
				"omitted":	false,
				"sender":	true
			}
		}, {
			"streams":	[{
					"socket":	6,
					"start":	34.001031,
					"end":	35.000914,
					"seconds":	0.999882996082306,
					"bytes":	456120,
					"bits_per_second":	3649386.992575313,
					"retransmits":	4,
					"snd_cwnd":	24616,
					"snd_wnd":	3142912,
					"rtt":	241091,
					"rttvar":	11149,
					"pmtu":	1500,
					"omitted":	false,
					"sender":	true
				}],
			"sum":	{
				"start":	34.001031,
				"end":	35.000914,
				"seconds":	0.999882996082306,
				"bytes":	456120,
				"bits_per_second":	3649386.992575313,
				"retransmits":	4,
				"omitted":	false,
				"sender":	true
			}
		}, {
			"streams":	[{
					"socket":	6,
					"start":	35.000914,
					"end":	36.001036,
					"seconds":	1.0001219511032104,
					"bytes":	0,
					"bits_per_second":	0,
					"retransmits":	0,
					"snd_cwnd":	33304,
					"snd_wnd":	3145728,
					"rtt":	209367,
					"rttvar":	3791,
					"pmtu":	1500,
					"omitted":	false,
					"sender":	true
				}],
			"sum":	{
				"start":	35.000914,
				"end":	36.001036,
				"seconds":	1.0001219511032104,
				"bytes":	0,
				"bits_per_second":	0,
				"retransmits":	0,
				"omitted":	false,
				"sender":	true
			}
		}, {
			"streams":	[{
					"socket":	6,
					"start":	36.001036,
					"end":	37.001025,
					"seconds":	0.99998897314071655,
					"bytes":	0,
					"bits_per_second":	0,
					"retransmits":	0,
					"snd_cwnd":	36200,
					"snd_wnd":	3145728,
					"rtt":	237304,
					"rttvar":	3106,
					"pmtu":	1500,
					"omitted":	false,
					"sender":	true
				}],
			"sum":	{
				"start":	36.001036,
				"end":	37.001025,
				"seconds":	0.99998897314071655,
				"bytes":	0,
				"bits_per_second":	0,
				"retransmits":	0,
				"omitted":	false,
				"sender":	true
			}
		}, {
			"streams":	[{
					"socket":	6,
					"start":	37.001025,
					"end":	38.00058,
					"seconds":	0.999554991722107,
					"bytes":	456120,
					"bits_per_second":	3650584.5403396,
					"retransmits":	2,
					"snd_cwnd":	24616,
					"snd_wnd":	3145728,
					"rtt":	261426,
					"rttvar":	13264,
					"pmtu":	1500,
					"omitted":	false,
					"sender":	true
				}],
			"sum":	{
				"start":	37.001025,
				"end":	38.00058,
				"seconds":	0.999554991722107,
				"bytes":	456120,
				"bits_per_second":	3650584.5403396,
				"retransmits":	2,
				"omitted":	false,
				"sender":	true
			}
		}, {
			"streams":	[{
					"socket":	6,
					"start":	38.00058,
					"end":	39.001028,
					"seconds":	1.0004479885101318,
					"bytes":	0,
					"bits_per_second":	0,
					"retransmits":	0,
					"snd_cwnd":	33304,
					"snd_wnd":	3145728,
					"rtt":	224713,
					"rttvar":	1206,
					"pmtu":	1500,
					"omitted":	false,
					"sender":	true
				}],
			"sum":	{
				"start":	38.00058,
				"end":	39.001028,
				"seconds":	1.0004479885101318,
				"bytes":	0,
				"bits_per_second":	0,
				"retransmits":	0,
				"omitted":	false,
				"sender":	true
			}
		}, {
			"streams":	[{
					"socket":	6,
					"start":	39.001028,
					"end":	40.001023,
					"seconds":	0.999994993209839,
					"bytes":	0,
					"bits_per_second":	0,
					"retransmits":	0,
					"snd_cwnd":	36200,
					"snd_wnd":	3145728,
					"rtt":	233551,
					"rttvar":	2392,
					"pmtu":	1500,
					"omitted":	false,
					"sender":	true
				}],
			"sum":	{
				"start":	39.001028,
				"end":	40.001023,
				"seconds":	0.999994993209839,
				"bytes":	0,
				"bits_per_second":	0,
				"retransmits":	0,
				"omitted":	false,
				"sender":	true
			}
		}, {
			"streams":	[{
					"socket":	6,
					"start":	40.001023,
					"end":	41.000254,
					"seconds":	0.999230980873108,
					"bytes":	456120,
					"bits_per_second":	3651768.2796540316,
					"retransmits":	0,
					"snd_cwnd":	36200,
					"snd_wnd":	3145728,
					"rtt":	249571,
					"rttvar":	6970,
					"pmtu":	1500,
					"omitted":	false,
					"sender":	true
				}],
			"sum":	{
				"start":	40.001023,
				"end":	41.000254,
				"seconds":	0.999230980873108,
				"bytes":	456120,
				"bits_per_second":	3651768.2796540316,
				"retransmits":	0,
				"omitted":	false,
				"sender":	true
			}
		}, {
			"streams":	[{
					"socket":	6,
					"start":	41.000254,
					"end":	42.001037,
					"seconds":	1.0007829666137695,
					"bytes":	0,
					"bits_per_second":	0,
					"retransmits":	0,
					"snd_cwnd":	37648,
					"snd_wnd":	3145728,
					"rtt":	238749,
					"rttvar":	4326,
					"pmtu":	1500,
					"omitted":	false,
					"sender":	true
				}],
			"sum":	{
				"start":	41.000254,
				"end":	42.001037,
				"seconds":	1.0007829666137695,
				"bytes":	0,
				"bits_per_second":	0,
				"retransmits":	0,
				"omitted":	false,
				"sender":	true
			}
		}, {
			"streams":	[{
					"socket":	6,
					"start":	42.001037,
					"end":	43.001024,
					"seconds":	0.999987006187439,
					"bytes":	0,
					"bits_per_second":	0,
					"retransmits":	2,
					"snd_cwnd":	28960,
					"snd_wnd":	3145728,
					"rtt":	246782,
					"rttvar":	8158,
					"pmtu":	1500,
					"omitted":	false,
					"sender":	true
				}],
			"sum":	{
				"start":	42.001037,
				"end":	43.001024,
				"seconds":	0.999987006187439,
				"bytes":	0,
				"bits_per_second":	0,
				"retransmits":	2,
				"omitted":	false,
				"sender":	true
			}
		}, {
			"streams":	[{
					"socket":	6,
					"start":	43.001024,
					"end":	44.000117,
					"seconds":	0.999092996120453,
					"bytes":	456120,
					"bits_per_second":	3652272.6254404383,
					"retransmits":	0,
					"snd_cwnd":	37648,
					"snd_wnd":	3145728,
					"rtt":	232385,
					"rttvar":	2924,
					"pmtu":	1500,
					"omitted":	false,
					"sender":	true
				}],
			"sum":	{
				"start":	43.001024,
				"end":	44.000117,
				"seconds":	0.999092996120453,
				"bytes":	456120,
				"bits_per_second":	3652272.6254404383,
				"retransmits":	0,
				"omitted":	false,
				"sender":	true
			}
		}, {
			"streams":	[{
					"socket":	6,
					"start":	44.000117,
					"end":	45.001037,
					"seconds":	1.0009200572967529,
					"bytes":	0,
					"bits_per_second":	0,
					"retransmits":	0,
					"snd_cwnd":	40544,
					"snd_wnd":	3145728,
					"rtt":	246829,
					"rttvar":	3261,
					"pmtu":	1500,
					"omitted":	false,
					"sender":	true
				}],
			"sum":	{
				"start":	44.000117,
				"end":	45.001037,
				"seconds":	1.0009200572967529,
				"bytes":	0,
				"bits_per_second":	0,
				"retransmits":	0,
				"omitted":	false,
				"sender":	true
			}
		}, {
			"streams":	[{
					"socket":	6,
					"start":	45.001037,
					"end":	46.001034,
					"seconds":	0.99999701976776123,
					"bytes":	0,
					"bits_per_second":	0,
					"retransmits":	0,
					"snd_cwnd":	40544,
					"snd_wnd":	3145728,
					"rtt":	210570,
					"rttvar":	11077,
					"pmtu":	1500,
					"omitted":	false,
					"sender":	true
				}],
			"sum":	{
				"start":	45.001037,
				"end":	46.001034,
				"seconds":	0.99999701976776123,
				"bytes":	0,
				"bits_per_second":	0,
				"retransmits":	0,
				"omitted":	false,
				"sender":	true
			}
		}, {
			"streams":	[{
					"socket":	6,
					"start":	46.001034,
					"end":	47.000338,
					"seconds":	0.99930399656295776,
					"bytes":	456120,
					"bits_per_second":	3651501.45756483,
					"retransmits":	0,
					"snd_cwnd":	41992,
					"snd_wnd":	3145728,
					"rtt":	236618,
					"rttvar":	3175,
					"pmtu":	1500,
					"omitted":	false,
					"sender":	true
				}],
			"sum":	{
				"start":	46.001034,
				"end":	47.000338,
				"seconds":	0.99930399656295776,
				"bytes":	456120,
				"bits_per_second":	3651501.45756483,
				"retransmits":	0,
				"omitted":	false,
				"sender":	true
			}
		}, {
			"streams":	[{
					"socket":	6,
					"start":	47.000338,
					"end":	48.001032,
					"seconds":	1.0006940364837646,
					"bytes":	0,
					"bits_per_second":	0,
					"retransmits":	2,
					"snd_cwnd":	30408,
					"snd_wnd":	3145728,
					"rtt":	251549,
					"rttvar":	8683,
					"pmtu":	1500,
					"omitted":	false,
					"sender":	true
				}],
			"sum":	{
				"start":	47.000338,
				"end":	48.001032,
				"seconds":	1.0006940364837646,
				"bytes":	0,
				"bits_per_second":	0,
				"retransmits":	2,
				"omitted":	false,
				"sender":	true
			}
		}, {
			"streams":	[{
					"socket":	6,
					"start":	48.001032,
					"end":	49.00103,
					"seconds":	0.99999797344207764,
					"bytes":	0,
					"bits_per_second":	0,
					"retransmits":	0,
					"snd_cwnd":	40544,
					"snd_wnd":	3145728,
					"rtt":	233054,
					"rttvar":	1344,
					"pmtu":	1500,
					"omitted":	false,
					"sender":	true
				}],
			"sum":	{
				"start":	48.001032,
				"end":	49.00103,
				"seconds":	0.99999797344207764,
				"bytes":	0,
				"bits_per_second":	0,
				"retransmits":	0,
				"omitted":	false,
				"sender":	true
			}
		}, {
			"streams":	[{
					"socket":	6,
					"start":	49.00103,
					"end":	50.000479,
					"seconds":	0.99944901466369629,
					"bytes":	456120,
					"bits_per_second":	3650971.6318324,
					"retransmits":	0,
					"snd_cwnd":	44888,
					"snd_wnd":	3145728,
					"rtt":	238996,
					"rttvar":	2919,
					"pmtu":	1500,
					"omitted":	false,
					"sender":	true
				}],
			"sum":	{
				"start":	49.00103,
				"end":	50.000479,
				"seconds":	0.99944901466369629,
				"bytes":	456120,
				"bits_per_second":	3650971.6318324,
				"retransmits":	0,
				"omitted":	false,
				"sender":	true
			}
		}, {
			"streams":	[{
					"socket":	6,
					"start":	50.000479,
					"end":	51.001056,
					"seconds":	1.0005769729614258,
					"bytes":	0,
					"bits_per_second":	0,
					"retransmits":	0,
					"snd_cwnd":	44888,
					"snd_wnd":	3145728,
					"rtt":	274336,
					"rttvar":	17482,
					"pmtu":	1500,
					"omitted":	false,
					"sender":	true
				}],
			"sum":	{
				"start":	50.000479,
				"end":	51.001056,
				"seconds":	1.0005769729614258,
				"bytes":	0,
				"bits_per_second":	0,
				"retransmits":	0,
				"omitted":	false,
				"sender":	true
			}
		}, {
			"streams":	[{
					"socket":	6,
					"start":	51.001056,
					"end":	52.001066,
					"seconds":	1.0000100135803223,
					"bytes":	0,
					"bits_per_second":	0,
					"retransmits":	4,
					"snd_cwnd":	39096,
					"snd_wnd":	3145728,
					"rtt":	230703,
					"rttvar":	2913,
					"pmtu":	1500,
					"omitted":	false,
					"sender":	true
				}],
			"sum":	{
				"start":	51.001056,
				"end":	52.001066,
				"seconds":	1.0000100135803223,
				"bytes":	0,
				"bits_per_second":	0,
				"retransmits":	4,
				"omitted":	false,
				"sender":	true
			}
		}, {
			"streams":	[{
					"socket":	6,
					"start":	52.001066,
					"end":	53.000678,
					"seconds":	0.99961197376251221,
					"bytes":	456120,
					"bits_per_second":	3650376.44183614,
					"retransmits":	0,
					"snd_cwnd":	44888,
					"snd_wnd":	3145728,
					"rtt":	239015,
					"rttvar":	5145,
					"pmtu":	1500,
					"omitted":	false,
					"sender":	true
				}],
			"sum":	{
				"start":	52.001066,
				"end":	53.000678,
				"seconds":	0.99961197376251221,
				"bytes":	456120,
				"bits_per_second":	3650376.44183614,
				"retransmits":	0,
				"omitted":	false,
				"sender":	true
			}
		}, {
			"streams":	[{
					"socket":	6,
					"start":	53.000678,
					"end":	54.001032,
					"seconds":	1.0003540515899658,
					"bytes":	0,
					"bits_per_second":	0,
					"retransmits":	0,
					"snd_cwnd":	44888,
					"snd_wnd":	3145728,
					"rtt":	255322,
					"rttvar":	2337,
					"pmtu":	1500,
					"omitted":	false,
					"sender":	true
				}],
			"sum":	{
				"start":	53.000678,
				"end":	54.001032,
				"seconds":	1.0003540515899658,
				"bytes":	0,
				"bits_per_second":	0,
				"retransmits":	0,
				"omitted":	false,
				"sender":	true
			}
		}, {
			"streams":	[{
					"socket":	6,
					"start":	54.001032,
					"end":	55.001035,
					"seconds":	1.0000029802322388,
					"bytes":	0,
					"bits_per_second":	0,
					"retransmits":	3,
					"snd_cwnd":	37648,
					"snd_wnd":	3145728,
					"rtt":	223993,
					"rttvar":	3041,
					"pmtu":	1500,
					"omitted":	false,
					"sender":	true
				}],
			"sum":	{
				"start":	54.001032,
				"end":	55.001035,
				"seconds":	1.0000029802322388,
				"bytes":	0,
				"bits_per_second":	0,
				"retransmits":	3,
				"omitted":	false,
				"sender":	true
			}
		}, {
			"streams":	[{
					"socket":	6,
					"start":	55.001035,
					"end":	56.000876,
					"seconds":	0.99984097480773926,
					"bytes":	456120,
					"bits_per_second":	3649540.3688588212,
					"retransmits":	0,
					"snd_cwnd":	44888,
					"snd_wnd":	3145728,
					"rtt":	258198,
					"rttvar":	10859,
					"pmtu":	1500,
					"omitted":	false,
					"sender":	true
				}],
			"sum":	{
				"start":	55.001035,
				"end":	56.000876,
				"seconds":	0.99984097480773926,
				"bytes":	456120,
				"bits_per_second":	3649540.3688588212,
				"retransmits":	0,
				"omitted":	false,
				"sender":	true
			}
		}, {
			"streams":	[{
					"socket":	6,
					"start":	56.000876,
					"end":	57.001042,
					"seconds":	1.0001660585403442,
					"bytes":	0,
					"bits_per_second":	0,
					"retransmits":	0,
					"snd_cwnd":	44888,
					"snd_wnd":	3145728,
					"rtt":	232887,
					"rttvar":	8913,
					"pmtu":	1500,
					"omitted":	false,
					"sender":	true
				}],
			"sum":	{
				"start":	56.000876,
				"end":	57.001042,
				"seconds":	1.0001660585403442,
				"bytes":	0,
				"bits_per_second":	0,
				"retransmits":	0,
				"omitted":	false,
				"sender":	true
			}
		}, {
			"streams":	[{
					"socket":	6,
					"start":	57.001042,
					"end":	58.000423,
					"seconds":	0.99938100576400757,
					"bytes":	456120,
					"bits_per_second":	3651220.084186451,
					"retransmits":	0,
					"snd_cwnd":	44888,
					"snd_wnd":	3145728,
					"rtt":	248210,
					"rttvar":	1639,
					"pmtu":	1500,
					"omitted":	false,
					"sender":	true
				}],
			"sum":	{
				"start":	57.001042,
				"end":	58.000423,
				"seconds":	0.99938100576400757,
				"bytes":	456120,
				"bits_per_second":	3651220.084186451,
				"retransmits":	0,
				"omitted":	false,
				"sender":	true
			}
		}, {
			"streams":	[{
					"socket":	6,
					"start":	58.000423,
					"end":	59.00103,
					"seconds":	1.0006070137023926,
					"bytes":	0,
					"bits_per_second":	0,
					"retransmits":	2,
					"snd_cwnd":	36200,
					"snd_wnd":	3145728,
					"rtt":	226816,
					"rttvar":	7249,
					"pmtu":	1500,
					"omitted":	false,
					"sender":	true
				}],
			"sum":	{
				"start":	58.000423,
				"end":	59.00103,
				"seconds":	1.0006070137023926,
				"bytes":	0,
				"bits_per_second":	0,
				"retransmits":	2,
				"omitted":	false,
				"sender":	true
			}
		}, {
			"streams":	[{
					"socket":	6,
					"start":	59.00103,
					"end":	60.001059,
					"seconds":	1.0000289678573608,
					"bytes":	0,
					"bits_per_second":	0,
					"retransmits":	0,
					"snd_cwnd":	43440,
					"snd_wnd":	3145728,
					"rtt":	247988,
					"rttvar":	19789,
					"pmtu":	1500,
					"omitted":	false,
					"sender":	true
				}],
			"sum":	{
				"start":	59.00103,
				"end":	60.001059,
				"seconds":	1.0000289678573608,
				"bytes":	0,
				"bits_per_second":	0,
				"retransmits":	0,
				"omitted":	false,
				"sender":	true
			}
		}],
	"end":	{
		"streams":	[{
				"sender":	{
					"socket":	6,
					"start":	0,
					"end":	60.001059,
					"seconds":	60.001059,
					"bytes":	11653504,
					"bits_per_second":	1553773.1092379554,
					"retransmits":	175,
					"max_snd_cwnd":	208512,
					"max_snd_wnd":	3145728,
					"max_rtt":	280973,
					"min_rtt":	202647,
					"mean_rtt":	240966,
					"sender":	true
				},
				"receiver":	{
					"socket":	6,
					"start":	0,
					"end":	60.228873,
					"seconds":	60.001059,
					"bytes":	10799184,
					"bits_per_second":	1434419.5349629072,
					"sender":	true
				}
			}],
		"sum_sent":	{
			"start":	0,
			"end":	60.001059,
			"seconds":	60.001059,
			"bytes":	11653504,
			"bits_per_second":	1553773.1092379554,
			"retransmits":	175,
			"sender":	true
		},
		"sum_received":	{
			"start":	0,
			"end":	60.228873,
			"seconds":	60.228873,
			"bytes":	10799184,
			"bits_per_second":	1434419.5349629072,
			"sender":	true
		},
		"cpu_utilization_percent":	{
			"host_total":	0.339669905399989,
			"host_user":	0.048448854634967016,
			"host_system":	0.29121940614522385,
			"remote_total":	0.15239032804324729,
			"remote_user":	0.019998708925192177,
			"remote_system":	0.13238995878522611
		},
		"sender_tcp_congestion":	"cubic",
		"receiver_tcp_congestion":	"cubic"
	}
}
