{
	"start":	{
		"connected":	[{
				"socket":	6,
				"local_host":	"192.168.101.210",
				"local_port":	37242,
				"remote_host":	"192.168.100.168",
				"remote_port":	5202
			}],
		"version":	"iperf 3.11",
		"system_info":	"Linux f1 6.0.10-300.fc37.x86_64 #1 SMP PREEMPT_DYNAMIC Sat Nov 26 16:55:13 UTC 2022 x86_64",
		"timestamp":	{
			"time":	"Sat, 10 Dec 2022 20:37:11 GMT",
			"timesecs":	1670704631
		},
		"connecting_to":	{
			"host":	"192.168.100.168",
			"port":	5202
		},
		"cookie":	"doxzesa6kni3gelka4fpygwqmf4f3gpobj2u",
		"tcp_mss_default":	1448,
		"target_bitrate":	0,
		"sock_bufsize":	0,
		"sndbuf_actual":	16384,
		"rcvbuf_actual":	131072,
		"test_start":	{
			"protocol":	"TCP",
			"num_streams":	1,
			"blksize":	131072,
			"omit":	0,
			"duration":	60,
			"bytes":	0,
			"blocks":	0,
			"reverse":	0,
			"tos":	0,
			"target_bitrate":	0
		}
	},
	"intervals":	[{
			"streams":	[{
					"socket":	6,
					"start":	0,
					"end":	1.000168,
					"seconds":	1.0001679658889771,
					"bytes":	1346640,
					"bits_per_second":	10771310.787208179,
					"retransmits":	0,
					"snd_cwnd":	209960,
					"snd_wnd":	342144,
					"rtt":	200166,
					"rttvar":	79,
					"pmtu":	1500,
					"omitted":	false,
					"sender":	true
				}],
			"sum":	{
				"start":	0,
				"end":	1.000168,
				"seconds":	1.0001679658889771,
				"bytes":	1346640,
				"bits_per_second":	10771310.787208179,
				"retransmits":	0,
				"omitted":	false,
				"sender":	true
			}
		}, {
			"streams":	[{
					"socket":	6,
					"start":	1.000168,
					"end":	2.000075,
					"seconds":	0.99990701675415039,
					"bytes":	8090544,
					"bits_per_second":	64730370.839985751,
					"retransmits":	0,
					"snd_cwnd":	5932456,
					"snd_wnd":	3143552,
					"rtt":	200098,
					"rttvar":	16,
					"pmtu":	1500,
					"omitted":	false,
					"sender":	true
				}],
			"sum":	{
				"start":	1.000168,
				"end":	2.000075,
				"seconds":	0.99990701675415039,
				"bytes":	8090544,
				"bits_per_second":	64730370.839985751,
				"retransmits":	0,
				"omitted":	false,
				"sender":	true
			}
		}, {
			"streams":	[{
					"socket":	6,
					"start":	2.000075,
					"end":	3.000068,
					"seconds":	0.99999302625656128,
					"bytes":	15728640,
					"bits_per_second":	125829997.5061195,
					"retransmits":	0,
					"snd_cwnd":	9223760,
					"snd_wnd":	3143552,
					"rtt":	200108,
					"rttvar":	22,
					"pmtu":	1500,
					"omitted":	false,
					"sender":	true
				}],
			"sum":	{
				"start":	2.000075,
				"end":	3.000068,
				"seconds":	0.99999302625656128,
				"bytes":	15728640,
				"bits_per_second":	125829997.5061195,
				"retransmits":	0,
				"omitted":	false,
				"sender":	true
			}
		}, {
			"streams":	[{
					"socket":	6,
					"start":	3.000068,
					"end":	4.000092,
					"seconds":	1.0000239610672,
					"bytes":	14417920,
					"bits_per_second":	115340596.31622082,
					"retransmits":	0,
					"snd_cwnd":	9223760,
					"snd_wnd":	3143552,
					"rtt":	200087,
					"rttvar":	12,
					"pmtu":	1500,
					"omitted":	false,
					"sender":	true
				}],
			"sum":	{
				"start":	3.000068,
				"end":	4.000092,
				"seconds":	1.0000239610672,
				"bytes":	14417920,
				"bits_per_second":	115340596.31622082,
				"retransmits":	0,
				"omitted":	false,
				"sender":	true
			}
		}, {
			"streams":	[{
					"socket":	6,
					"start":	4.000092,
					"end":	5.000076,
					"seconds":	0.9999840259552002,
					"bytes":	15728640,
					"bits_per_second":	125831130.03210834,
					"retransmits":	0,
					"snd_cwnd":	9223760,
					"snd_wnd":	3143552,
					"rtt":	200091,
					"rttvar":	19,
					"pmtu":	1500,
					"omitted":	false,
					"sender":	true
				}],
			"sum":	{
				"start":	4.000092,
				"end":	5.000076,
				"seconds":	0.9999840259552002,
				"bytes":	15728640,
				"bits_per_second":	125831130.03210834,
				"retransmits":	0,
				"omitted":	false,
				"sender":	true
			}
		}, {
			"streams":	[{
					"socket":	6,
					"start":	5.000076,
					"end":	6.000097,
					"seconds":	1.0000209808349609,
					"bytes":	14417920,
					"bits_per_second":	115340940.05077256,
					"retransmits":	0,
					"snd_cwnd":	9223760,
					"snd_wnd":	3143552,
					"rtt":	200101,
					"rttvar":	10,
					"pmtu":	1500,
					"omitted":	false,
					"sender":	true
				}],
			"sum":	{
				"start":	5.000076,
				"end":	6.000097,
				"seconds":	1.0000209808349609,
				"bytes":	14417920,
				"bits_per_second":	115340940.05077256,
				"retransmits":	0,
				"omitted":	false,
				"sender":	true
			}
		}, {
			"streams":	[{
					"socket":	6,
					"start":	6.000097,
					"end":	7.000086,
					"seconds":	0.99998897314071655,
					"bytes":	15728640,
					"bits_per_second":	125830507.51529993,
					"retransmits":	0,
					"snd_cwnd":	9223760,
					"snd_wnd":	3143552,
					"rtt":	200149,
					"rttvar":	49,
					"pmtu":	1500,
					"omitted":	false,
					"sender":	true
				}],
			"sum":	{
				"start":	6.000097,
				"end":	7.000086,
				"seconds":	0.99998897314071655,
				"bytes":	15728640,
				"bits_per_second":	125830507.51529993,
				"retransmits":	0,
				"omitted":	false,
				"sender":	true
			}
		}, {
			"streams":	[{
					"socket":	6,
					"start":	7.000086,
					"end":	8.000114,
					"seconds":	1.0000280141830444,
					"bytes":	14417920,
					"bits_per_second":	115340128.8405183,
					"retransmits":	0,
					"snd_cwnd":	9223760,
					"snd_wnd":	3143552,
					"rtt":	200091,
					"rttvar":	4,
					"pmtu":	1500,
					"omitted":	false,
					"sender":	true
				}],
			"sum":	{
				"start":	7.000086,
				"end":	8.000114,
				"seconds":	1.0000280141830444,
				"bytes":	14417920,
				"bits_per_second":	115340128.8405183,
				"retransmits":	0,
				"omitted":	false,
				"sender":	true
			}
		}, {
			"streams":	[{
					"socket":	6,
					"start":	8.000114,
					"end":	9.000073,
					"seconds":	0.99995899200439453,
					"bytes":	15728640,
					"bits_per_second":	125834280.21160993,
					"retransmits":	0,
					"snd_cwnd":	9223760,
					"snd_wnd":	3143552,
					"rtt":	200088,
					"rttvar":	8,
					"pmtu":	1500,
					"omitted":	false,
					"sender":	true
				}],
			"sum":	{
				"start":	8.000114,
				"end":	9.000073,
				"seconds":	0.99995899200439453,
				"bytes":	15728640,
				"bits_per_second":	125834280.21160993,
				"retransmits":	0,
				"omitted":	false,
				"sender":	true
			}
		}, {
			"streams":	[{
					"socket":	6,
					"start":	9.000073,
					"end":	10.000081,
					"seconds":	1.0000079870224,
					"bytes":	15728640,
					"bits_per_second":	125828115.0080269,
					"retransmits":	0,
					"snd_cwnd":	9223760,
					"snd_wnd":	3143552,
					"rtt":	200098,
					"rttvar":	8,
					"pmtu":	1500,
					"omitted":	false,
					"sender":	true
				}],
			"sum":	{
				"start":	9.000073,
				"end":	10.000081,
				"seconds":	1.0000079870224,
				"bytes":	15728640,
				"bits_per_second":	125828115.0080269,
				"retransmits":	0,
				"omitted":	false,
				"sender":	true
			}
		}, {
			"streams":	[{
					"socket":	6,
					"start":	10.000081,
					"end":	11.000072,
					"seconds":	0.999990999698639,
					"bytes":	14417920,
					"bits_per_second":	115344398.13434352,
					"retransmits":	0,
					"snd_cwnd":	9223760,
					"snd_wnd":	3143552,
					"rtt":	200080,
					"rttvar":	5,
					"pmtu":	1500,
					"omitted":	false,
					"sender":	true
				}],
			"sum":	{
				"start":	10.000081,
				"end":	11.000072,
				"seconds":	0.999990999698639,
				"bytes":	14417920,
				"bits_per_second":	115344398.13434352,
				"retransmits":	0,
				"omitted":	false,
				"sender":	true
			}
		}, {
			"streams":	[{
					"socket":	6,
					"start":	11.000072,
					"end":	12.000378,
					"seconds":	1.0003060102462769,
					"bytes":	11796480,
					"bits_per_second":	94342970.084489956,
					"retransmits":	0,
					"snd_cwnd":	5792,
					"snd_wnd":	3143552,
					"rtt":	200124,
					"rttvar":	78,
					"pmtu":	1500,
					"omitted":	false,
					"sender":	true
				}],
			"sum":	{
				"start":	11.000072,
				"end":	12.000378,
				"seconds":	1.0003060102462769,
				"bytes":	11796480,
				"bits_per_second":	94342970.084489956,
				"retransmits":	0,
				"omitted":	false,
				"sender":	true
			}
		}, {
			"streams":	[{
					"socket":	6,
					"start":	12.000378,
					"end":	13.000066,
					"seconds":	0.99968802928924561,
					"bytes":	11796480,
					"bits_per_second":	94401290.437673971,
					"retransmits":	0,
					"snd_cwnd":	9223760,
					"snd_wnd":	3143552,
					"rtt":	200089,
					"rttvar":	10,
					"pmtu":	1500,
					"omitted":	false,
					"sender":	true
				}],
			"sum":	{
				"start":	12.000378,
				"end":	13.000066,
				"seconds":	0.99968802928924561,
				"bytes":	11796480,
				"bits_per_second":	94401290.437673971,
				"retransmits":	0,
				"omitted":	false,
				"sender":	true
			}
		}, {
			"streams":	[{
					"socket":	6,
					"start":	13.000066,
					"end":	14.000073,
					"seconds":	1.0000070333480835,
					"bytes":	14417920,
					"bits_per_second":	115342548.75570576,
					"retransmits":	0,
					"snd_cwnd":	9223760,
					"snd_wnd":	3143552,
					"rtt":	200105,
					"rttvar":	8,
					"pmtu":	1500,
					"omitted":	false,
					"sender":	true
				}],
			"sum":	{
				"start":	13.000066,
				"end":	14.000073,
				"seconds":	1.0000070333480835,
				"bytes":	14417920,
				"bits_per_second":	115342548.75570576,
				"retransmits":	0,
				"omitted":	false,
				"sender":	true
			}
		}, {
			"streams":	[{
					"socket":	6,
					"start":	14.000073,
					"end":	15.000066,
					"seconds":	0.99999302625656128,
					"bytes":	15728640,
					"bits_per_second":	125829997.5061195,
					"retransmits":	0,
					"snd_cwnd":	9223760,
					"snd_wnd":	3143552,
					"rtt":	200077,
					"rttvar":	4,
					"pmtu":	1500,
					"omitted":	false,
					"sender":	true
				}],
			"sum":	{
				"start":	14.000073,
				"end":	15.000066,
				"seconds":	0.99999302625656128,
				"bytes":	15728640,
				"bits_per_second":	125829997.5061195,
				"retransmits":	0,
				"omitted":	false,
				"sender":	true
			}
		}, {
			"streams":	[{
					"socket":	6,
					"start":	15.000066,
					"end":	16.000105,
					"seconds":	1.0000389814376831,
					"bytes":	14417920,
					"bits_per_second":	115338863.92526346,
					"retransmits":	0,
					"snd_cwnd":	9223760,
					"snd_wnd":	3143552,
					"rtt":	200091,
					"rttvar":	8,
					"pmtu":	1500,
					"omitted":	false,
					"sender":	true
				}],
			"sum":	{
				"start":	15.000066,
				"end":	16.000105,
				"seconds":	1.0000389814376831,
				"bytes":	14417920,
				"bits_per_second":	115338863.92526346,
				"retransmits":	0,
				"omitted":	false,
				"sender":	true
			}
		}, {
			"streams":	[{
					"socket":	6,
					"start":	16.000105,
					"end":	17.00007,
					"seconds":	0.999965012073517,
					"bytes":	15728640,
					"bits_per_second":	125833522.65403974,
					"retransmits":	0,
					"snd_cwnd":	9223760,
					"snd_wnd":	3143552,
					"rtt":	200083,
					"rttvar":	4,
					"pmtu":	1500,
					"omitted":	false,
					"sender":	true
				}],
			"sum":	{
				"start":	16.000105,
				"end":	17.00007,
				"seconds":	0.999965012073517,
				"bytes":	15728640,
				"bits_per_second":	125833522.65403974,
				"retransmits":	0,
				"omitted":	false,
				"sender":	true
			}
		}, {
			"streams":	[{
					"socket":	6,
					"start":	17.00007,
					"end":	18.000099,
					"seconds":	1.0000289678573608,
					"bytes":	14417920,
					"bits_per_second":	115340018.84678605,
					"retransmits":	0,
					"snd_cwnd":	9223760,
					"snd_wnd":	3143552,
					"rtt":	200086,
					"rttvar":	13,
					"pmtu":	1500,
					"omitted":	false,
					"sender":	true
				}],
			"sum":	{
				"start":	17.00007,
				"end":	18.000099,
				"seconds":	1.0000289678573608,
				"bytes":	14417920,
				"bits_per_second":	115340018.84678605,
				"retransmits":	0,
				"omitted":	false,
				"sender":	true
			}
		}, {
			"streams":	[{
					"socket":	6,
					"start":	18.000099,
					"end":	19.000071,
					"seconds":	0.99997198581695557,
					"bytes":	15728640,
					"bits_per_second":	125832645.09875277,
					"retransmits":	0,
					"snd_cwnd":	9223760,
					"snd_wnd":	3143552,
					"rtt":	200095,
					"rttvar":	10,
					"pmtu":	1500,
					"omitted":	false,
					"sender":	true
				}],
			"sum":	{
				"start":	18.000099,
				"end":	19.000071,
				"seconds":	0.99997198581695557,
				"bytes":	15728640,
				"bits_per_second":	125832645.09875277,
				"retransmits":	0,
				"omitted":	false,
				"sender":	true
			}
		}, {
			"streams":	[{
					"socket":	6,
					"start":	19.000071,
					"end":	20.000083,
					"seconds":	1.0000120401382446,
					"bytes":	14417920,
					"bits_per_second":	115341971.26672053,
					"retransmits":	0,
					"snd_cwnd":	9223760,
					"snd_wnd":	3143552,
					"rtt":	200096,
					"rttvar":	18,
					"pmtu":	1500,
					"omitted":	false,
					"sender":	true
				}],
			"sum":	{
				"start":	19.000071,
				"end":	20.000083,
				"seconds":	1.0000120401382446,
				"bytes":	14417920,
				"bits_per_second":	115341971.26672053,
				"retransmits":	0,
				"omitted":	false,
				"sender":	true
			}
		}, {
			"streams":	[{
					"socket":	6,
					"start":	20.000083,
					"end":	21.000067,
					"seconds":	0.9999840259552002,
					"bytes":	15728640,
					"bits_per_second":	125831130.03210834,
					"retransmits":	0,
					"snd_cwnd":	9223760,
					"snd_wnd":	3143552,
					"rtt":	200082,
					"rttvar":	12,
					"pmtu":	1500,
					"omitted":	false,
					"sender":	true
				}],
			"sum":	{
				"start":	20.000083,
				"end":	21.000067,
				"seconds":	0.9999840259552002,
				"bytes":	15728640,
				"bits_per_second":	125831130.03210834,
				"retransmits":	0,
				"omitted":	false,
				"sender":	true
			}
		}, {
			"streams":	[{
					"socket":	6,
					"start":	21.000067,
					"end":	22.000166,
					"seconds":	1.0000989437103271,
					"bytes":	14417920,
					"bits_per_second":	115331948.62908338,
					"retransmits":	0,
					"snd_cwnd":	9223760,
					"snd_wnd":	3143552,
					"rtt":	200084,
					"rttvar":	10,
					"pmtu":	1500,
					"omitted":	false,
					"sender":	true
				}],
			"sum":	{
				"start":	21.000067,
				"end":	22.000166,
				"seconds":	1.0000989437103271,
				"bytes":	14417920,
				"bits_per_second":	115331948.62908338,
				"retransmits":	0,
				"omitted":	false,
				"sender":	true
			}
		}, {
			"streams":	[{
					"socket":	6,
					"start":	22.000166,
					"end":	23.000076,
					"seconds":	0.999909996986389,
					"bytes":	15728640,
					"bits_per_second":	125840446.01937588,
					"retransmits":	0,
					"snd_cwnd":	9223760,
					"snd_wnd":	3143552,
					"rtt":	200086,
					"rttvar":	17,
					"pmtu":	1500,
					"omitted":	false,
					"sender":	true
				}],
			"sum":	{
				"start":	22.000166,
				"end":	23.000076,
				"seconds":	0.999909996986389,
				"bytes":	15728640,
				"bits_per_second":	125840446.01937588,
				"retransmits":	0,
				"omitted":	false,
				"sender":	true
			}
		}, {
			"streams":	[{
					"socket":	6,
					"start":	23.000076,
					"end":	24.00015,
					"seconds":	1.000074028968811,
					"bytes":	14417920,
					"bits_per_second":	115334821.88206807,
					"retransmits":	0,
					"snd_cwnd":	9223760,
					"snd_wnd":	3143552,
					"rtt":	200099,
					"rttvar":	18,
					"pmtu":	1500,
					"omitted":	false,
					"sender":	true
				}],
			"sum":	{
				"start":	23.000076,
				"end":	24.00015,
				"seconds":	1.000074028968811,
				"bytes":	14417920,
				"bits_per_second":	115334821.88206807,
				"retransmits":	0,
				"omitted":	false,
				"sender":	true
			}
		}, {
			"streams":	[{
					"socket":	6,
					"start":	24.00015,
					"end":	25.000133,
					"seconds":	0.999983012676239,
					"bytes":	15728640,
					"bits_per_second":	125831257.536311,
					"retransmits":	0,
					"snd_cwnd":	9223760,
					"snd_wnd":	3143552,
					"rtt":	200079,
					"rttvar":	7,
					"pmtu":	1500,
					"omitted":	false,
					"sender":	true
				}],
			"sum":	{
				"start":	24.00015,
				"end":	25.000133,
				"seconds":	0.999983012676239,
				"bytes":	15728640,
				"bits_per_second":	125831257.536311,
				"retransmits":	0,
				"omitted":	false,
				"sender":	true
			}
		}, {
			"streams":	[{
					"socket":	6,
					"start":	25.000133,
					"end":	26.000154,
					"seconds":	1.0000209808349609,
					"bytes":	14417920,
					"bits_per_second":	115340940.05077256,
					"retransmits":	0,
					"snd_cwnd":	9223760,
					"snd_wnd":	3143552,
					"rtt":	200074,
					"rttvar":	5,
					"pmtu":	1500,
					"omitted":	false,
					"sender":	true
				}],
			"sum":	{
				"start":	25.000133,
				"end":	26.000154,
				"seconds":	1.0000209808349609,
				"bytes":	14417920,
				"bits_per_second":	115340940.05077256,
				"retransmits":	0,
				"omitted":	false,
				"sender":	true
			}
		}, {
			"streams":	[{
					"socket":	6,
					"start":	26.000154,
					"end":	27.000134,
					"seconds":	0.99997997283935547,
					"bytes":	15728640,
					"bits_per_second":	125831640.05046946,
					"retransmits":	0,
					"snd_cwnd":	9223760,
					"snd_wnd":	3143552,
					"rtt":	200075,
					"rttvar":	5,
					"pmtu":	1500,
					"omitted":	false,
					"sender":	true
				}],
			"sum":	{
				"start":	26.000154,
				"end":	27.000134,
				"seconds":	0.99997997283935547,
				"bytes":	15728640,
				"bits_per_second":	125831640.05046946,
				"retransmits":	0,
				"omitted":	false,
				"sender":	true
			}
		}, {
			"streams":	[{
					"socket":	6,
					"start":	27.000134,
					"end":	28.000114,
					"seconds":	0.99997997283935547,
					"bytes":	15728640,
					"bits_per_second":	125831640.05046946,
					"retransmits":	0,
					"snd_cwnd":	9223760,
					"snd_wnd":	3143552,
					"rtt":	200088,
					"rttvar":	13,
					"pmtu":	1500,
					"omitted":	false,
					"sender":	true
				}],
			"sum":	{
				"start":	27.000134,
				"end":	28.000114,
				"seconds":	0.99997997283935547,
				"bytes":	15728640,
				"bits_per_second":	125831640.05046946,
				"retransmits":	0,
				"omitted":	false,
				"sender":	true
			}
		}, {
			"streams":	[{
					"socket":	6,
					"start":	28.000114,
					"end":	29.000144,
					"seconds":	1.0000300407409668,
					"bytes":	14417920,
					"bits_per_second":	115339895.10408804,
					"retransmits":	0,
					"snd_cwnd":	9223760,
					"snd_wnd":	3143552,
					"rtt":	200094,
					"rttvar":	19,
					"pmtu":	1500,
					"omitted":	false,
					"sender":	true
				}],
			"sum":	{
				"start":	28.000114,
				"end":	29.000144,
				"seconds":	1.0000300407409668,
				"bytes":	14417920,
				"bits_per_second":	115339895.10408804,
				"retransmits":	0,
				"omitted":	false,
				"sender":	true
			}
		}, {
			"streams":	[{
					"socket":	6,
					"start":	29.000144,
					"end":	30.000123,
					"seconds":	0.999979019165039,
					"bytes":	15728640,
					"bits_per_second":	125831760.05539057,
					"retransmits":	0,
					"snd_cwnd":	9223760,
					"snd_wnd":	3143552,
					"rtt":	200081,
					"rttvar":	6,
					"pmtu":	1500,
					"omitted":	false,
					"sender":	true
				}],
			"sum":	{
				"start":	29.000144,
				"end":	30.000123,
				"seconds":	0.999979019165039,
				"bytes":	15728640,
				"bits_per_second":	125831760.05539057,
				"retransmits":	0,
				"omitted":	false,
				"sender":	true
			}
		}, {
			"streams":	[{
					"socket":	6,
					"start":	30.000123,
					"end":	31.000091,
					"seconds":	0.99996799230575562,
					"bytes":	15728640,
					"bits_per_second":	125833147.62891512,
					"retransmits":	0,
					"snd_cwnd":	9223760,
					"snd_wnd":	3143552,
					"rtt":	200085,
					"rttvar":	8,
					"pmtu":	1500,
					"omitted":	false,
					"sender":	true
				}],
			"sum":	{
				"start":	30.000123,
				"end":	31.000091,
				"seconds":	0.99996799230575562,
				"bytes":	15728640,
				"bits_per_second":	125833147.62891512,
				"retransmits":	0,
				"omitted":	false,
				"sender":	true
			}
		}, {
			"streams":	[{
					"socket":	6,
					"start":	31.000091,
					"end":	32.000114,
					"seconds":	1.0000230073928833,
					"bytes":	14417920,
					"bits_per_second":	115340706.31105447,
					"retransmits":	0,
					"snd_cwnd":	9223760,
					"snd_wnd":	3143552,
					"rtt":	200085,
					"rttvar":	8,
					"pmtu":	1500,
					"omitted":	false,
					"sender":	true
				}],
			"sum":	{
				"start":	31.000091,
				"end":	32.000114,
				"seconds":	1.0000230073928833,
				"bytes":	14417920,
				"bits_per_second":	115340706.31105447,
				"retransmits":	0,
				"omitted":	false,
				"sender":	true
			}
		}, {
			"streams":	[{
					"socket":	6,
					"start":	32.000114,
					"end":	33.000106,
					"seconds":	0.9999920129776,
					"bytes":	15728640,
					"bits_per_second":	125830125.008027,
					"retransmits":	0,
					"snd_cwnd":	9223760,
					"snd_wnd":	3143552,
					"rtt":	200082,
					"rttvar":	6,
					"pmtu":	1500,
					"omitted":	false,
					"sender":	true
				}],
			"sum":	{
				"start":	32.000114,
				"end":	33.000106,
				"seconds":	0.9999920129776,
				"bytes":	15728640,
				"bits_per_second":	125830125.008027,
				"retransmits":	0,
				"omitted":	false,
				"sender":	true
			}
		}, {
			"streams":	[{
					"socket":	6,
					"start":	33.000106,
					"end":	34.000085,
					"seconds":	0.999979019165039,
					"bytes":	15728640,
					"bits_per_second":	125831760.05539057,
					"retransmits":	0,
					"snd_cwnd":	9223760,
					"snd_wnd":	3143552,
					"rtt":	200084,
					"rttvar":	6,
					"pmtu":	1500,
					"omitted":	false,
					"sender":	true
				}],
			"sum":	{
				"start":	33.000106,
				"end":	34.000085,
				"seconds":	0.999979019165039,
				"bytes":	15728640,
				"bits_per_second":	125831760.05539057,
				"retransmits":	0,
				"omitted":	false,
				"sender":	true
			}
		}, {
			"streams":	[{
					"socket":	6,
					"start":	34.000085,
					"end":	35.000116,
					"seconds":	1.0000309944152832,
					"bytes":	14417920,
					"bits_per_second":	115339785.11080161,
					"retransmits":	0,
					"snd_cwnd":	9223760,
					"snd_wnd":	3143552,
					"rtt":	200086,
					"rttvar":	10,
					"pmtu":	1500,
					"omitted":	false,
					"sender":	true
				}],
			"sum":	{
				"start":	34.000085,
				"end":	35.000116,
				"seconds":	1.0000309944152832,
				"bytes":	14417920,
				"bits_per_second":	115339785.11080161,
				"retransmits":	0,
				"omitted":	false,
				"sender":	true
			}
		}, {
			"streams":	[{
					"socket":	6,
					"start":	35.000116,
					"end":	36.000089,
					"seconds":	0.99997299909591675,
					"bytes":	15728640,
					"bits_per_second":	125832517.59173805,
					"retransmits":	0,
					"snd_cwnd":	9223760,
					"snd_wnd":	3143552,
					"rtt":	200095,
					"rttvar":	8,
					"pmtu":	1500,
					"omitted":	false,
					"sender":	true
				}],
			"sum":	{
				"start":	35.000116,
				"end":	36.000089,
				"seconds":	0.99997299909591675,
				"bytes":	15728640,
				"bits_per_second":	125832517.59173805,
				"retransmits":	0,
				"omitted":	false,
				"sender":	true
			}
		}, {
			"streams":	[{
					"socket":	6,
					"start":	36.000089,
					"end":	37.000475,
					"seconds":	1.0003859996795654,
					"bytes":	9175040,
					"bits_per_second":	73371998.4321161,
					"retransmits":	0,
					"snd_cwnd":	5792,
					"snd_wnd":	3143552,
					"rtt":	200130,
					"rttvar":	85,
					"pmtu":	1500,
					"omitted":	false,
					"sender":	true
				}],
			"sum":	{
				"start":	36.000089,
				"end":	37.000475,
				"seconds":	1.0003859996795654,
				"bytes":	9175040,
				"bits_per_second":	73371998.4321161,
				"retransmits":	0,
				"omitted":	false,
				"sender":	true
			}
		}, {
			"streams":	[{
					"socket":	6,
					"start":	37.000475,
					"end":	38.000067,
					"seconds":	0.99959200620651245,
					"bytes":	13107200,
					"bits_per_second":	104900398.71160871,
					"retransmits":	0,
					"snd_cwnd":	9223760,
					"snd_wnd":	3143552,
					"rtt":	200099,
					"rttvar":	5,
					"pmtu":	1500,
					"omitted":	false,
					"sender":	true
				}],
			"sum":	{
				"start":	37.000475,
				"end":	38.000067,
				"seconds":	0.99959200620651245,
				"bytes":	13107200,
				"bits_per_second":	104900398.71160871,
				"retransmits":	0,
				"omitted":	false,
				"sender":	true
			}
		}, {
			"streams":	[{
					"socket":	6,
					"start":	38.000067,
					"end":	39.000097,
					"seconds":	1.0000300407409668,
					"bytes":	14417920,
					"bits_per_second":	115339895.10408804,
					"retransmits":	0,
					"snd_cwnd":	9223760,
					"snd_wnd":	3143552,
					"rtt":	200078,
					"rttvar":	5,
					"pmtu":	1500,
					"omitted":	false,
					"sender":	true
				}],
			"sum":	{
				"start":	38.000067,
				"end":	39.000097,
				"seconds":	1.0000300407409668,
				"bytes":	14417920,
				"bits_per_second":	115339895.10408804,
				"retransmits":	0,
				"omitted":	false,
				"sender":	true
			}
		}, {
			"streams":	[{
					"socket":	6,
					"start":	39.000097,
					"end":	40.000071,
					"seconds":	0.999974012374878,
					"bytes":	15728640,
					"bits_per_second":	125832390.08498174,
					"retransmits":	0,
					"snd_cwnd":	9223760,
					"snd_wnd":	3143552,
					"rtt":	200113,
					"rttvar":	22,
					"pmtu":	1500,
					"omitted":	false,
					"sender":	true
				}],
			"sum":	{
				"start":	39.000097,
				"end":	40.000071,
				"seconds":	0.999974012374878,
				"bytes":	15728640,
				"bits_per_second":	125832390.08498174,
				"retransmits":	0,
				"omitted":	false,
				"sender":	true
			}
		}, {
			"streams":	[{
					"socket":	6,
					"start":	40.000071,
					"end":	41.00009,
					"seconds":	1.0000189542770386,
					"bytes":	14417920,
					"bits_per_second":	115341173.791438,
					"retransmits":	0,
					"snd_cwnd":	9223760,
					"snd_wnd":	3143552,
					"rtt":	200098,
					"rttvar":	5,
					"pmtu":	1500,
					"omitted":	false,
					"sender":	true
				}],
			"sum":	{
				"start":	40.000071,
				"end":	41.00009,
				"seconds":	1.0000189542770386,
				"bytes":	14417920,
				"bits_per_second":	115341173.791438,
				"retransmits":	0,
				"omitted":	false,
				"sender":	true
			}
		}, {
			"streams":	[{
					"socket":	6,
					"start":	41.00009,
					"end":	42.00002,
					"seconds":	0.99993002414703369,
					"bytes":	15728640,
					"bits_per_second":	125837925.61618051,
					"retransmits":	0,
					"snd_cwnd":	9223760,
					"snd_wnd":	3143552,
					"rtt":	200083,
					"rttvar":	6,
					"pmtu":	1500,
					"omitted":	false,
					"sender":	true
				}],
			"sum":	{
				"start":	41.00009,
				"end":	42.00002,
				"seconds":	0.99993002414703369,
				"bytes":	15728640,
				"bits_per_second":	125837925.61618051,
				"retransmits":	0,
				"omitted":	false,
				"sender":	true
			}
		}, {
			"streams":	[{
					"socket":	6,
					"start":	42.00002,
					"end":	43.000073,
					"seconds":	1.00005304813385,
					"bytes":	14417920,
					"bits_per_second":	115337241.57457106,
					"retransmits":	0,
					"snd_cwnd":	9223760,
					"snd_wnd":	3143552,
					"rtt":	200080,
					"rttvar":	13,
					"pmtu":	1500,
					"omitted":	false,
					"sender":	true
				}],
			"sum":	{
				"start":	42.00002,
				"end":	43.000073,
				"seconds":	1.00005304813385,
				"bytes":	14417920,
				"bits_per_second":	115337241.57457106,
				"retransmits":	0,
				"omitted":	false,
				"sender":	true
			}
		}, {
			"streams":	[{
					"socket":	6,
					"start":	43.000073,
					"end":	44.000069,
					"seconds":	0.9999960064888,
					"bytes":	15728640,
					"bits_per_second":	125829622.50200675,
					"retransmits":	0,
					"snd_cwnd":	9223760,
					"snd_wnd":	3143552,
					"rtt":	200075,
					"rttvar":	7,
					"pmtu":	1500,
					"omitted":	false,
					"sender":	true
				}],
			"sum":	{
				"start":	43.000073,
				"end":	44.000069,
				"seconds":	0.9999960064888,
				"bytes":	15728640,
				"bits_per_second":	125829622.50200675,
				"retransmits":	0,
				"omitted":	false,
				"sender":	true
			}
		}, {
			"streams":	[{
					"socket":	6,
					"start":	44.000069,
					"end":	45.000074,
					"seconds":	1.0000050067901611,
					"bytes":	14417920,
					"bits_per_second":	115342782.50289141,
					"retransmits":	0,
					"snd_cwnd":	9223760,
					"snd_wnd":	3143552,
					"rtt":	200096,
					"rttvar":	11,
					"pmtu":	1500,
					"omitted":	false,
					"sender":	true
				}],
			"sum":	{
				"start":	44.000069,
				"end":	45.000074,
				"seconds":	1.0000050067901611,
				"bytes":	14417920,
				"bits_per_second":	115342782.50289141,
				"retransmits":	0,
				"omitted":	false,
				"sender":	true
			}
		}, {
			"streams":	[{
					"socket":	6,
					"start":	45.000074,
					"end":	46.000069,
					"seconds":	0.999994993209839,
					"bytes":	15728640,
					"bits_per_second":	125829750.00315429,
					"retransmits":	0,
					"snd_cwnd":	9223760,
					"snd_wnd":	3143552,
					"rtt":	200103,
					"rttvar":	17,
					"pmtu":	1500,
					"omitted":	false,
					"sender":	true
				}],
			"sum":	{
				"start":	45.000074,
				"end":	46.000069,
				"seconds":	0.999994993209839,
				"bytes":	15728640,
				"bits_per_second":	125829750.00315429,
				"retransmits":	0,
				"omitted":	false,
				"sender":	true
			}
		}, {
			"streams":	[{
					"socket":	6,
					"start":	46.000069,
					"end":	47.000074,
					"seconds":	1.0000050067901611,
					"bytes":	14417920,
					"bits_per_second":	115342782.50289141,
					"retransmits":	0,
					"snd_cwnd":	9223760,
					"snd_wnd":	3143552,
					"rtt":	200085,
					"rttvar":	14,
					"pmtu":	1500,
					"omitted":	false,
					"sender":	true
				}],
			"sum":	{
				"start":	46.000069,
				"end":	47.000074,
				"seconds":	1.0000050067901611,
				"bytes":	14417920,
				"bits_per_second":	115342782.50289141,
				"retransmits":	0,
				"omitted":	false,
				"sender":	true
			}
		}, {
			"streams":	[{
					"socket":	6,
					"start":	47.000074,
					"end":	48.000067,
					"seconds":	0.99999302625656128,
					"bytes":	15728640,
					"bits_per_second":	125829997.5061195,
					"retransmits":	0,
					"snd_cwnd":	9223760,
					"snd_wnd":	3143552,
					"rtt":	200081,
					"rttvar":	18,
					"pmtu":	1500,
					"omitted":	false,
					"sender":	true
				}],
			"sum":	{
				"start":	47.000074,
				"end":	48.000067,
				"seconds":	0.99999302625656128,
				"bytes":	15728640,
				"bits_per_second":	125829997.5061195,
				"retransmits":	0,
				"omitted":	false,
				"sender":	true
			}
		}, {
			"streams":	[{
					"socket":	6,
					"start":	48.000067,
					"end":	49.00016,
					"seconds":	1.0000929832458496,
					"bytes":	14417920,
					"bits_per_second":	115332635.9971526,
					"retransmits":	0,
					"snd_cwnd":	9223760,
					"snd_wnd":	3143552,
					"rtt":	200122,
					"rttvar":	18,
					"pmtu":	1500,
					"omitted":	false,
					"sender":	true
				}],
			"sum":	{
				"start":	48.000067,
				"end":	49.00016,
				"seconds":	1.0000929832458496,
				"bytes":	14417920,
				"bits_per_second":	115332635.9971526,
				"retransmits":	0,
				"omitted":	false,
				"sender":	true
			}
		}, {
			"streams":	[{
					"socket":	6,
					"start":	49.00016,
					"end":	50.000068,
					"seconds":	0.9999079704284668,
					"bytes":	15728640,
					"bits_per_second":	125840701.06580052,
					"retransmits":	0,
					"snd_cwnd":	9223760,
					"snd_wnd":	3143552,
					"rtt":	200130,
					"rttvar":	29,
					"pmtu":	1500,
					"omitted":	false,
					"sender":	true
				}],
			"sum":	{
				"start":	49.00016,
				"end":	50.000068,
				"seconds":	0.9999079704284668,
				"bytes":	15728640,
				"bits_per_second":	125840701.06580052,
				"retransmits":	0,
				"omitted":	false,
				"sender":	true
			}
		}, {
			"streams":	[{
					"socket":	6,
					"start":	50.000068,
					"end":	51.000148,
					"seconds":	1.0000799894332886,
					"bytes":	14417920,
					"bits_per_second":	115334134.48794349,
					"retransmits":	0,
					"snd_cwnd":	9223760,
					"snd_wnd":	3143552,
					"rtt":	200077,
					"rttvar":	6,
					"pmtu":	1500,
					"omitted":	false,
					"sender":	true
				}],
			"sum":	{
				"start":	50.000068,
				"end":	51.000148,
				"seconds":	1.0000799894332886,
				"bytes":	14417920,
				"bits_per_second":	115334134.48794349,
				"retransmits":	0,
				"omitted":	false,
				"sender":	true
			}
		}, {
			"streams":	[{
					"socket":	6,
					"start":	51.000148,
					"end":	52.000131,
					"seconds":	0.999983012676239,
					"bytes":	15728640,
					"bits_per_second":	125831257.536311,
					"retransmits":	0,
					"snd_cwnd":	9223760,
					"snd_wnd":	3143552,
					"rtt":	200239,
					"rttvar":	257,
					"pmtu":	1500,
					"omitted":	false,
					"sender":	true
				}],
			"sum":	{
				"start":	51.000148,
				"end":	52.000131,
				"seconds":	0.999983012676239,
				"bytes":	15728640,
				"bits_per_second":	125831257.536311,
				"retransmits":	0,
				"omitted":	false,
				"sender":	true
			}
		}, {
			"streams":	[{
					"socket":	6,
					"start":	52.000131,
					"end":	53.000177,
					"seconds":	1.0000460147857666,
					"bytes":	14417920,
					"bits_per_second":	115338052.74421224,
					"retransmits":	0,
					"snd_cwnd":	9223760,
					"snd_wnd":	3143552,
					"rtt":	200077,
					"rttvar":	5,
					"pmtu":	1500,
					"omitted":	false,
					"sender":	true
				}],
			"sum":	{
				"start":	52.000131,
				"end":	53.000177,
				"seconds":	1.0000460147857666,
				"bytes":	14417920,
				"bits_per_second":	115338052.74421224,
				"retransmits":	0,
				"omitted":	false,
				"sender":	true
			}
		}, {
			"streams":	[{
					"socket":	6,
					"start":	53.000177,
					"end":	54.00013,
					"seconds":	0.99995297193527222,
					"bytes":	15728640,
					"bits_per_second":	125835037.77830166,
					"retransmits":	0,
					"snd_cwnd":	9223760,
					"snd_wnd":	3143552,
					"rtt":	200097,
					"rttvar":	13,
					"pmtu":	1500,
					"omitted":	false,
					"sender":	true
				}],
			"sum":	{
				"start":	53.000177,
				"end":	54.00013,
				"seconds":	0.99995297193527222,
				"bytes":	15728640,
				"bits_per_second":	125835037.77830166,
				"retransmits":	0,
				"omitted":	false,
				"sender":	true
			}
		}, {
			"streams":	[{
					"socket":	6,
					"start":	54.00013,
					"end":	55.0001,
					"seconds":	0.999970018863678,
					"bytes":	15728640,
					"bits_per_second":	125832892.61310723,
					"retransmits":	0,
					"snd_cwnd":	9223760,
					"snd_wnd":	3143552,
					"rtt":	200095,
					"rttvar":	39,
					"pmtu":	1500,
					"omitted":	false,
					"sender":	true
				}],
			"sum":	{
				"start":	54.00013,
				"end":	55.0001,
				"seconds":	0.999970018863678,
				"bytes":	15728640,
				"bits_per_second":	125832892.61310723,
				"retransmits":	0,
				"omitted":	false,
				"sender":	true
			}
		}, {
			"streams":	[{
					"socket":	6,
					"start":	55.0001,
					"end":	56.000131,
					"seconds":	1.0000309944152832,
					"bytes":	14417920,
					"bits_per_second":	115339785.11080161,
					"retransmits":	0,
					"snd_cwnd":	9223760,
					"snd_wnd":	3143552,
					"rtt":	200078,
					"rttvar":	5,
					"pmtu":	1500,
					"omitted":	false,
					"sender":	true
				}],
			"sum":	{
				"start":	55.0001,
				"end":	56.000131,
				"seconds":	1.0000309944152832,
				"bytes":	14417920,
				"bits_per_second":	115339785.11080161,
				"retransmits":	0,
				"omitted":	false,
				"sender":	true
			}
		}, {
			"streams":	[{
					"socket":	6,
					"start":	56.000131,
					"end":	57.000121,
					"seconds":	0.99998998641967773,
					"bytes":	15728640,
					"bits_per_second":	125830380.01261723,
					"retransmits":	0,
					"snd_cwnd":	9223760,
					"snd_wnd":	3143552,
					"rtt":	200083,
					"rttvar":	9,
					"pmtu":	1500,
					"omitted":	false,
					"sender":	true
				}],
			"sum":	{
				"start":	56.000131,
				"end":	57.000121,
				"seconds":	0.99998998641967773,
				"bytes":	15728640,
				"bits_per_second":	125830380.01261723,
				"retransmits":	0,
				"omitted":	false,
				"sender":	true
			}
		}, {
			"streams":	[{
					"socket":	6,
					"start":	57.000121,
					"end":	58.000289,
					"seconds":	1.0001679658889771,
					"bytes":	15728640,
					"bits_per_second":	125807988.5493629,
					"retransmits":	0,
					"snd_cwnd":	9223760,
					"snd_wnd":	3143552,
					"rtt":	200081,
					"rttvar":	6,
					"pmtu":	1500,
					"omitted":	false,
					"sender":	true
				}],
			"sum":	{
				"start":	57.000121,
				"end":	58.000289,
				"seconds":	1.0001679658889771,
				"bytes":	15728640,
				"bits_per_second":	125807988.5493629,
				"retransmits":	0,
				"omitted":	false,
				"sender":	true
			}
		}, {
			"streams":	[{
					"socket":	6,
					"start":	58.000289,
					"end":	59.000107,
					"seconds":	0.99981802701950073,
					"bytes":	14417920,
					"bits_per_second":	115364353.1951943,
					"retransmits":	0,
					"snd_cwnd":	9223760,
					"snd_wnd":	3143552,
					"rtt":	200081,
					"rttvar":	6,
					"pmtu":	1500,
					"omitted":	false,
					"sender":	true
				}],
			"sum":	{
				"start":	58.000289,
				"end":	59.000107,
				"seconds":	0.99981802701950073,
				"bytes":	14417920,
				"bits_per_second":	115364353.1951943,
				"retransmits":	0,
				"omitted":	false,
				"sender":	true
			}
		}, {
			"streams":	[{
					"socket":	6,
					"start":	59.000107,
					"end":	60.000104,
					"seconds":	0.99999701976776123,
					"bytes":	15728640,
					"bits_per_second":	125829495.00111759,
					"retransmits":	0,
					"snd_cwnd":	9223760,
					"snd_wnd":	3143552,
					"rtt":	200109,
					"rttvar":	6,
					"pmtu":	1500,
					"omitted":	false,
					"sender":	true
				}],
			"sum":	{
				"start":	59.000107,
				"end":	60.000104,
				"seconds":	0.99999701976776123,
				"bytes":	15728640,
				"bits_per_second":	125829495.00111759,
				"retransmits":	0,
				"omitted":	false,
				"sender":	true
			}
		}],
	"end":	{
		"streams":	[{
				"sender":	{
					"socket":	6,
					"start":	0,
					"end":	60.000104,
					"seconds":	60.000104,
					"bytes":	873201664,
					"bits_per_second":	116426686.72707634,
					"retransmits":	0,
					"max_snd_cwnd":	9223760,
					"max_snd_wnd":	3143552,
					"max_rtt":	200239,
					"min_rtt":	200074,
					"mean_rtt":	200095,
					"sender":	true
				},
				"receiver":	{
					"socket":	6,
					"start":	0,
					"end":	60.200346,
					"seconds":	60.000104,
					"bytes":	872933832,
					"bits_per_second":	116003829.21387196,
					"sender":	true
				}
			}],
		"sum_sent":	{
			"start":	0,
			"end":	60.000104,
			"seconds":	60.000104,
			"bytes":	873201664,
			"bits_per_second":	116426686.72707634,
			"retransmits":	0,
			"sender":	true
		},
		"sum_received":	{
			"start":	0,
			"end":	60.200346,
			"seconds":	60.200346,
			"bytes":	872933832,
			"bits_per_second":	116003829.21387196,
			"sender":	true
		},
		"cpu_utilization_percent":	{
			"host_total":	1.0779108953285763,
			"host_user":	0.063302813176030759,
			"host_system":	1.0146080821525456,
			"remote_total":	1.0318542431380355,
			"remote_user":	0.047076128095772447,
			"remote_system":	0.984778115042263
		},
		"sender_tcp_congestion":	"bbr",
		"receiver_tcp_congestion":	"bbr"
	}
}
