{
	"start":	{
		"connected":	[{
				"socket":	6,
				"local_host":	"192.168.101.210",
				"local_port":	56196,
				"remote_host":	"192.168.100.168",
				"remote_port":	5201
			}],
		"version":	"iperf 3.11",
		"system_info":	"Linux f1 6.0.10-300.fc37.x86_64 #1 SMP PREEMPT_DYNAMIC Sat Nov 26 16:55:13 UTC 2022 x86_64",
		"timestamp":	{
			"time":	"Sat, 10 Dec 2022 20:13:12 GMT",
			"timesecs":	1670703192
		},
		"connecting_to":	{
			"host":	"192.168.100.168",
			"port":	5201
		},
		"cookie":	"zzzejxy2g2zwqcfz54hpp7ldzvamfrose3zg",
		"tcp_mss_default":	1448,
		"target_bitrate":	0,
		"sock_bufsize":	0,
		"sndbuf_actual":	16384,
		"rcvbuf_actual":	131072,
		"test_start":	{
			"protocol":	"TCP",
			"num_streams":	1,
			"blksize":	131072,
			"omit":	0,
			"duration":	60,
			"bytes":	0,
			"blocks":	0,
			"reverse":	0,
			"tos":	0,
			"target_bitrate":	0
		}
	},
	"intervals":	[{
			"streams":	[{
					"socket":	6,
					"start":	0,
					"end":	1.000312,
					"seconds":	1.0003119707107544,
					"bytes":	1080208,
					"bits_per_second":	8638968.8947337251,
					"retransmits":	39,
					"snd_cwnd":	59368,
					"snd_wnd":	732288,
					"rtt":	102123,
					"rttvar":	946,
					"pmtu":	1500,
					"omitted":	false,
					"sender":	true
				}],
			"sum":	{
				"start":	0,
				"end":	1.000312,
				"seconds":	1.0003119707107544,
				"bytes":	1080208,
				"bits_per_second":	8638968.8947337251,
				"retransmits":	39,
				"omitted":	false,
				"sender":	true
			}
		}, {
			"streams":	[{
					"socket":	6,
					"start":	1.000312,
					"end":	2.000349,
					"seconds":	1.0000369548797607,
					"bytes":	521280,
					"bits_per_second":	4170085.89497716,
					"retransmits":	0,
					"snd_cwnd":	66608,
					"snd_wnd":	1617664,
					"rtt":	123497,
					"rttvar":	1062,
					"pmtu":	1500,
					"omitted":	false,
					"sender":	true
				}],
			"sum":	{
				"start":	1.000312,
				"end":	2.000349,
				"seconds":	1.0000369548797607,
				"bytes":	521280,
				"bits_per_second":	4170085.89497716,
				"retransmits":	0,
				"omitted":	false,
				"sender":	true
			}
		}, {
			"streams":	[{
					"socket":	6,
					"start":	2.000349,
					"end":	3.000229,
					"seconds":	0.999880015850067,
					"bytes":	586440,
					"bits_per_second":	4692082.97558724,
					"retransmits":	2,
					"snd_cwnd":	56472,
					"snd_wnd":	1618432,
					"rtt":	109447,
					"rttvar":	1394,
					"pmtu":	1500,
					"omitted":	false,
					"sender":	true
				}],
			"sum":	{
				"start":	2.000349,
				"end":	3.000229,
				"seconds":	0.999880015850067,
				"bytes":	586440,
				"bits_per_second":	4692082.97558724,
				"retransmits":	2,
				"omitted":	false,
				"sender":	true
			}
		}, {
			"streams":	[{
					"socket":	6,
					"start":	3.000229,
					"end":	4.000104,
					"seconds":	0.999875009059906,
					"bytes":	521280,
					"bits_per_second":	4170761.3073767168,
					"retransmits":	2,
					"snd_cwnd":	44888,
					"snd_wnd":	1620352,
					"rtt":	119232,
					"rttvar":	2556,
					"pmtu":	1500,
					"omitted":	false,
					"sender":	true
				}],
			"sum":	{
				"start":	3.000229,
				"end":	4.000104,
				"seconds":	0.999875009059906,
				"bytes":	521280,
				"bits_per_second":	4170761.3073767168,
				"retransmits":	2,
				"omitted":	false,
				"sender":	true
			}
		}, {
			"streams":	[{
					"socket":	6,
					"start":	4.000104,
					"end":	5.000577,
					"seconds":	1.0004730224609375,
					"bytes":	260640,
					"bits_per_second":	2084134.1577317859,
					"retransmits":	0,
					"snd_cwnd":	53576,
					"snd_wnd":	1620352,
					"rtt":	116767,
					"rttvar":	2879,
					"pmtu":	1500,
					"omitted":	false,
					"sender":	true
				}],
			"sum":	{
				"start":	4.000104,
				"end":	5.000577,
				"seconds":	1.0004730224609375,
				"bytes":	260640,
				"bits_per_second":	2084134.1577317859,
				"retransmits":	0,
				"omitted":	false,
				"sender":	true
			}
		}, {
			"streams":	[{
					"socket":	6,
					"start":	5.000577,
					"end":	6.000406,
					"seconds":	0.9998289942741394,
					"bytes":	521280,
					"bits_per_second":	4170953.256889225,
					"retransmits":	0,
					"snd_cwnd":	57920,
					"snd_wnd":	1620352,
					"rtt":	127194,
					"rttvar":	1849,
					"pmtu":	1500,
					"omitted":	false,
					"sender":	true
				}],
			"sum":	{
				"start":	5.000577,
				"end":	6.000406,
				"seconds":	0.9998289942741394,
				"bytes":	521280,
				"bits_per_second":	4170953.256889225,
				"retransmits":	0,
				"omitted":	false,
				"sender":	true
			}
		}, {
			"streams":	[{
					"socket":	6,
					"start":	6.000406,
					"end":	7.000222,
					"seconds":	0.99981600046157837,
					"bytes":	521280,
					"bits_per_second":	4171007.4634480276,
					"retransmits":	2,
					"snd_cwnd":	49232,
					"snd_wnd":	1620352,
					"rtt":	108909,
					"rttvar":	2280,
					"pmtu":	1500,
					"omitted":	false,
					"sender":	true
				}],
			"sum":	{
				"start":	6.000406,
				"end":	7.000222,
				"seconds":	0.99981600046157837,
				"bytes":	521280,
				"bits_per_second":	4171007.4634480276,
				"retransmits":	2,
				"omitted":	false,
				"sender":	true
			}
		}, {
			"streams":	[{
					"socket":	6,
					"start":	7.000222,
					"end":	8.000589,
					"seconds":	1.0003670454025269,
					"bytes":	260640,
					"bits_per_second":	2084354.947099433,
					"retransmits":	2,
					"snd_cwnd":	53576,
					"snd_wnd":	1620352,
					"rtt":	127715,
					"rttvar":	823,
					"pmtu":	1500,
					"omitted":	false,
					"sender":	true
				}],
			"sum":	{
				"start":	7.000222,
				"end":	8.000589,
				"seconds":	1.0003670454025269,
				"bytes":	260640,
				"bits_per_second":	2084354.947099433,
				"retransmits":	2,
				"omitted":	false,
				"sender":	true
			}
		}, {
			"streams":	[{
					"socket":	6,
					"start":	8.000589,
					"end":	9.000168,
					"seconds":	0.99957901239395142,
					"bytes":	586440,
					"bits_per_second":	4693495.9036044572,
					"retransmits":	0,
					"snd_cwnd":	47784,
					"snd_wnd":	1620352,
					"rtt":	121418,
					"rttvar":	5909,
					"pmtu":	1500,
					"omitted":	false,
					"sender":	true
				}],
			"sum":	{
				"start":	8.000589,
				"end":	9.000168,
				"seconds":	0.99957901239395142,
				"bytes":	586440,
				"bits_per_second":	4693495.9036044572,
				"retransmits":	0,
				"omitted":	false,
				"sender":	true
			}
		}, {
			"streams":	[{
					"socket":	6,
					"start":	9.000168,
					"end":	10.000503,
					"seconds":	1.0003349781036377,
					"bytes":	260640,
					"bits_per_second":	2084421.7643501968,
					"retransmits":	0,
					"snd_cwnd":	52128,
					"snd_wnd":	1620352,
					"rtt":	124763,
					"rttvar":	3767,
					"pmtu":	1500,
					"omitted":	false,
					"sender":	true
				}],
			"sum":	{
				"start":	9.000168,
				"end":	10.000503,
				"seconds":	1.0003349781036377,
				"bytes":	260640,
				"bits_per_second":	2084421.7643501968,
				"retransmits":	0,
				"omitted":	false,
				"sender":	true
			}
		}, {
			"streams":	[{
					"socket":	6,
					"start":	10.000503,
					"end":	11.000111,
					"seconds":	0.99960798025131226,
					"bytes":	781920,
					"bits_per_second":	6257813.18635265,
					"retransmits":	0,
					"snd_cwnd":	60816,
					"snd_wnd":	1620352,
					"rtt":	118151,
					"rttvar":	842,
					"pmtu":	1500,
					"omitted":	false,
					"sender":	true
				}],
			"sum":	{
				"start":	10.000503,
				"end":	11.000111,
				"seconds":	0.99960798025131226,
				"bytes":	781920,
				"bits_per_second":	6257813.18635265,
				"retransmits":	0,
				"omitted":	false,
				"sender":	true
			}
		}, {
			"streams":	[{
					"socket":	6,
					"start":	11.000111,
					"end":	12.000594,
					"seconds":	1.00048303604126,
					"bytes":	260640,
					"bits_per_second":	2084113.2981629185,
					"retransmits":	2,
					"snd_cwnd":	46336,
					"snd_wnd":	1620352,
					"rtt":	124070,
					"rttvar":	1544,
					"pmtu":	1500,
					"omitted":	false,
					"sender":	true
				}],
			"sum":	{
				"start":	11.000111,
				"end":	12.000594,
				"seconds":	1.00048303604126,
				"bytes":	260640,
				"bits_per_second":	2084113.2981629185,
				"retransmits":	2,
				"omitted":	false,
				"sender":	true
			}
		}, {
			"streams":	[{
					"socket":	6,
					"start":	12.000594,
					"end":	13.000508,
					"seconds":	0.999913990497589,
					"bytes":	521280,
					"bits_per_second":	4170598.7111198991,
					"retransmits":	0,
					"snd_cwnd":	59368,
					"snd_wnd":	1620352,
					"rtt":	121219,
					"rttvar":	490,
					"pmtu":	1500,
					"omitted":	false,
					"sender":	true
				}],
			"sum":	{
				"start":	12.000594,
				"end":	13.000508,
				"seconds":	0.999913990497589,
				"bytes":	521280,
				"bits_per_second":	4170598.7111198991,
				"retransmits":	0,
				"omitted":	false,
				"sender":	true
			}
		}, {
			"streams":	[{
					"socket":	6,
					"start":	13.000508,
					"end":	14.000375,
					"seconds":	0.999867022037506,
					"bytes":	521280,
					"bits_per_second":	4170794.62377105,
					"retransmits":	2,
					"snd_cwnd":	49232,
					"snd_wnd":	1620352,
					"rtt":	113031,
					"rttvar":	1335,
					"pmtu":	1500,
					"omitted":	false,
					"sender":	true
				}],
			"sum":	{
				"start":	13.000508,
				"end":	14.000375,
				"seconds":	0.999867022037506,
				"bytes":	521280,
				"bits_per_second":	4170794.62377105,
				"retransmits":	2,
				"omitted":	false,
				"sender":	true
			}
		}, {
			"streams":	[{
					"socket":	6,
					"start":	14.000375,
					"end":	15.000097,
					"seconds":	0.99972200393676758,
					"bytes":	521280,
					"bits_per_second":	4171399.6326760533,
					"retransmits":	0,
					"snd_cwnd":	53576,
					"snd_wnd":	1620352,
					"rtt":	119183,
					"rttvar":	1903,
					"pmtu":	1500,
					"omitted":	false,
					"sender":	true
				}],
			"sum":	{
				"start":	14.000375,
				"end":	15.000097,
				"seconds":	0.99972200393676758,
				"bytes":	521280,
				"bits_per_second":	4171399.6326760533,
				"retransmits":	0,
				"omitted":	false,
				"sender":	true
			}
		}, {
			"streams":	[{
					"socket":	6,
					"start":	15.000097,
					"end":	16.000491,
					"seconds":	1.0003939867019653,
					"bytes":	260640,
					"bits_per_second":	2084298.813984368,
					"retransmits":	2,
					"snd_cwnd":	43440,
					"snd_wnd":	1620352,
					"rtt":	114313,
					"rttvar":	2560,
					"pmtu":	1500,
					"omitted":	false,
					"sender":	true
				}],
			"sum":	{
				"start":	15.000097,
				"end":	16.000491,
				"seconds":	1.0003939867019653,
				"bytes":	260640,
				"bits_per_second":	2084298.813984368,
				"retransmits":	2,
				"omitted":	false,
				"sender":	true
			}
		}, {
			"streams":	[{
					"socket":	6,
					"start":	16.000491,
					"end":	17.000196,
					"seconds":	0.99970501661300659,
					"bytes":	521280,
					"bits_per_second":	4171470.51450111,
					"retransmits":	2,
					"snd_cwnd":	50680,
					"snd_wnd":	1620352,
					"rtt":	128391,
					"rttvar":	937,
					"pmtu":	1500,
					"omitted":	false,
					"sender":	true
				}],
			"sum":	{
				"start":	16.000491,
				"end":	17.000196,
				"seconds":	0.99970501661300659,
				"bytes":	521280,
				"bits_per_second":	4171470.51450111,
				"retransmits":	2,
				"omitted":	false,
				"sender":	true
			}
		}, {
			"streams":	[{
					"socket":	6,
					"start":	17.000196,
					"end":	18.000495,
					"seconds":	1.0002989768981934,
					"bytes":	260640,
					"bits_per_second":	2084496.78361734,
					"retransmits":	0,
					"snd_cwnd":	44888,
					"snd_wnd":	1620352,
					"rtt":	121357,
					"rttvar":	822,
					"pmtu":	1500,
					"omitted":	false,
					"sender":	true
				}],
			"sum":	{
				"start":	17.000196,
				"end":	18.000495,
				"seconds":	1.0002989768981934,
				"bytes":	260640,
				"bits_per_second":	2084496.78361734,
				"retransmits":	0,
				"omitted":	false,
				"sender":	true
			}
		}, {
			"streams":	[{
					"socket":	6,
					"start":	18.000495,
					"end":	19.000074,
					"seconds":	0.99957901239395142,
					"bytes":	521280,
					"bits_per_second":	4171996.3587595178,
					"retransmits":	0,
					"snd_cwnd":	49232,
					"snd_wnd":	1620352,
					"rtt":	127420,
					"rttvar":	1709,
					"pmtu":	1500,
					"omitted":	false,
					"sender":	true
				}],
			"sum":	{
				"start":	18.000495,
				"end":	19.000074,
				"seconds":	0.99957901239395142,
				"bytes":	521280,
				"bits_per_second":	4171996.3587595178,
				"retransmits":	0,
				"omitted":	false,
				"sender":	true
			}
		}, {
			"streams":	[{
					"socket":	6,
					"start":	19.000074,
					"end":	20.000389,
					"seconds":	1.0003149509429932,
					"bytes":	260640,
					"bits_per_second":	2084463.4962562192,
					"retransmits":	2,
					"snd_cwnd":	41992,
					"snd_wnd":	1620352,
					"rtt":	113353,
					"rttvar":	2244,
					"pmtu":	1500,
					"omitted":	false,
					"sender":	true
				}],
			"sum":	{
				"start":	19.000074,
				"end":	20.000389,
				"seconds":	1.0003149509429932,
				"bytes":	260640,
				"bits_per_second":	2084463.4962562192,
				"retransmits":	2,
				"omitted":	false,
				"sender":	true
			}
		}, {
			"streams":	[{
					"socket":	6,
					"start":	20.000389,
					"end":	21.000259,
					"seconds":	0.999870002269745,
					"bytes":	521280,
					"bits_per_second":	4170782.1922183768,
					"retransmits":	0,
					"snd_cwnd":	50680,
					"snd_wnd":	1620352,
					"rtt":	94136,
					"rttvar":	5425,
					"pmtu":	1500,
					"omitted":	false,
					"sender":	true
				}],
			"sum":	{
				"start":	20.000389,
				"end":	21.000259,
				"seconds":	0.999870002269745,
				"bytes":	521280,
				"bits_per_second":	4170782.1922183768,
				"retransmits":	0,
				"omitted":	false,
				"sender":	true
			}
		}, {
			"streams":	[{
					"socket":	6,
					"start":	21.000259,
					"end":	22.000122,
					"seconds":	0.999863028526306,
					"bytes":	521280,
					"bits_per_second":	4170811.2821678175,
					"retransmits":	0,
					"snd_cwnd":	53576,
					"snd_wnd":	1620352,
					"rtt":	120052,
					"rttvar":	1351,
					"pmtu":	1500,
					"omitted":	false,
					"sender":	true
				}],
			"sum":	{
				"start":	21.000259,
				"end":	22.000122,
				"seconds":	0.999863028526306,
				"bytes":	521280,
				"bits_per_second":	4170811.2821678175,
				"retransmits":	0,
				"omitted":	false,
				"sender":	true
			}
		}, {
			"streams":	[{
					"socket":	6,
					"start":	22.000122,
					"end":	23.000528,
					"seconds":	1.00040602684021,
					"bytes":	260640,
					"bits_per_second":	2084273.7289237124,
					"retransmits":	2,
					"snd_cwnd":	43440,
					"snd_wnd":	1620352,
					"rtt":	109047,
					"rttvar":	3005,
					"pmtu":	1500,
					"omitted":	false,
					"sender":	true
				}],
			"sum":	{
				"start":	22.000122,
				"end":	23.000528,
				"seconds":	1.00040602684021,
				"bytes":	260640,
				"bits_per_second":	2084273.7289237124,
				"retransmits":	2,
				"omitted":	false,
				"sender":	true
			}
		}, {
			"streams":	[{
					"socket":	6,
					"start":	23.000528,
					"end":	24.000212,
					"seconds":	0.999683976173401,
					"bytes":	521280,
					"bits_per_second":	4171558.311820583,
					"retransmits":	2,
					"snd_cwnd":	36200,
					"snd_wnd":	1620352,
					"rtt":	123894,
					"rttvar":	1069,
					"pmtu":	1500,
					"omitted":	false,
					"sender":	true
				}],
			"sum":	{
				"start":	23.000528,
				"end":	24.000212,
				"seconds":	0.999683976173401,
				"bytes":	521280,
				"bits_per_second":	4171558.311820583,
				"retransmits":	2,
				"omitted":	false,
				"sender":	true
			}
		}, {
			"streams":	[{
					"socket":	6,
					"start":	24.000212,
					"end":	25.000489,
					"seconds":	1.000277042388916,
					"bytes":	260640,
					"bits_per_second":	2084542.4933678405,
					"retransmits":	0,
					"snd_cwnd":	43440,
					"snd_wnd":	1620352,
					"rtt":	117090,
					"rttvar":	1340,
					"pmtu":	1500,
					"omitted":	false,
					"sender":	true
				}],
			"sum":	{
				"start":	24.000212,
				"end":	25.000489,
				"seconds":	1.000277042388916,
				"bytes":	260640,
				"bits_per_second":	2084542.4933678405,
				"retransmits":	0,
				"omitted":	false,
				"sender":	true
			}
		}, {
			"streams":	[{
					"socket":	6,
					"start":	25.000489,
					"end":	26.000078,
					"seconds":	0.99958902597427368,
					"bytes":	521280,
					"bits_per_second":	4171954.56496271,
					"retransmits":	0,
					"snd_cwnd":	47784,
					"snd_wnd":	1620352,
					"rtt":	127319,
					"rttvar":	2351,
					"pmtu":	1500,
					"omitted":	false,
					"sender":	true
				}],
			"sum":	{
				"start":	25.000489,
				"end":	26.000078,
				"seconds":	0.99958902597427368,
				"bytes":	521280,
				"bits_per_second":	4171954.56496271,
				"retransmits":	0,
				"omitted":	false,
				"sender":	true
			}
		}, {
			"streams":	[{
					"socket":	6,
					"start":	26.000078,
					"end":	27.000387,
					"seconds":	1.0003089904785156,
					"bytes":	260640,
					"bits_per_second":	2084475.9167890172,
					"retransmits":	0,
					"snd_cwnd":	53576,
					"snd_wnd":	1620352,
					"rtt":	127257,
					"rttvar":	2299,
					"pmtu":	1500,
					"omitted":	false,
					"sender":	true
				}],
			"sum":	{
				"start":	26.000078,
				"end":	27.000387,
				"seconds":	1.0003089904785156,
				"bytes":	260640,
				"bits_per_second":	2084475.9167890172,
				"retransmits":	0,
				"omitted":	false,
				"sender":	true
			}
		}, {
			"streams":	[{
					"socket":	6,
					"start":	27.000387,
					"end":	28.000675,
					"seconds":	1.0002880096435547,
					"bytes":	325800,
					"bits_per_second":	2605649.5478025088,
					"retransmits":	2,
					"snd_cwnd":	46336,
					"snd_wnd":	1620352,
					"rtt":	116030,
					"rttvar":	2141,
					"pmtu":	1500,
					"omitted":	false,
					"sender":	true
				}],
			"sum":	{
				"start":	27.000387,
				"end":	28.000675,
				"seconds":	1.0002880096435547,
				"bytes":	325800,
				"bits_per_second":	2605649.5478025088,
				"retransmits":	2,
				"omitted":	false,
				"sender":	true
			}
		}, {
			"streams":	[{
					"socket":	6,
					"start":	28.000675,
					"end":	29.000129,
					"seconds":	0.99945402145385742,
					"bytes":	521280,
					"bits_per_second":	4172518.1053689229,
					"retransmits":	1,
					"snd_cwnd":	40544,
					"snd_wnd":	1620352,
					"rtt":	113049,
					"rttvar":	2441,
					"pmtu":	1500,
					"omitted":	false,
					"sender":	true
				}],
			"sum":	{
				"start":	28.000675,
				"end":	29.000129,
				"seconds":	0.99945402145385742,
				"bytes":	521280,
				"bits_per_second":	4172518.1053689229,
				"retransmits":	1,
				"omitted":	false,
				"sender":	true
			}
		}, {
			"streams":	[{
					"socket":	6,
					"start":	29.000129,
					"end":	30.000393,
					"seconds":	1.000264048576355,
					"bytes":	260640,
					"bits_per_second":	2084569.5723721022,
					"retransmits":	0,
					"snd_cwnd":	43440,
					"snd_wnd":	1620352,
					"rtt":	122540,
					"rttvar":	903,
					"pmtu":	1500,
					"omitted":	false,
					"sender":	true
				}],
			"sum":	{
				"start":	29.000129,
				"end":	30.000393,
				"seconds":	1.000264048576355,
				"bytes":	260640,
				"bits_per_second":	2084569.5723721022,
				"retransmits":	0,
				"omitted":	false,
				"sender":	true
			}
		}, {
			"streams":	[{
					"socket":	6,
					"start":	30.000393,
					"end":	31.00008,
					"seconds":	0.99968701601028442,
					"bytes":	521280,
					"bits_per_second":	4171545.626993617,
					"retransmits":	0,
					"snd_cwnd":	50680,
					"snd_wnd":	1620352,
					"rtt":	51548,
					"rttvar":	2803,
					"pmtu":	1500,
					"omitted":	false,
					"sender":	true
				}],
			"sum":	{
				"start":	30.000393,
				"end":	31.00008,
				"seconds":	0.99968701601028442,
				"bytes":	521280,
				"bits_per_second":	4171545.626993617,
				"retransmits":	0,
				"omitted":	false,
				"sender":	true
			}
		}, {
			"streams":	[{
					"socket":	6,
					"start":	31.00008,
					"end":	32.000265,
					"seconds":	1.0001850128173828,
					"bytes":	521280,
					"bits_per_second":	4169468.5948682744,
					"retransmits":	0,
					"snd_cwnd":	59368,
					"snd_wnd":	1620352,
					"rtt":	109977,
					"rttvar":	1888,
					"pmtu":	1500,
					"omitted":	false,
					"sender":	true
				}],
			"sum":	{
				"start":	31.00008,
				"end":	32.000265,
				"seconds":	1.0001850128173828,
				"bytes":	521280,
				"bits_per_second":	4169468.5948682744,
				"retransmits":	0,
				"omitted":	false,
				"sender":	true
			}
		}, {
			"streams":	[{
					"socket":	6,
					"start":	32.000265,
					"end":	33.000215,
					"seconds":	0.99994999170303345,
					"bytes":	521280,
					"bits_per_second":	4170448.5570299239,
					"retransmits":	0,
					"snd_cwnd":	66608,
					"snd_wnd":	1620352,
					"rtt":	126812,
					"rttvar":	1717,
					"pmtu":	1500,
					"omitted":	false,
					"sender":	true
				}],
			"sum":	{
				"start":	32.000265,
				"end":	33.000215,
				"seconds":	0.99994999170303345,
				"bytes":	521280,
				"bits_per_second":	4170448.5570299239,
				"retransmits":	0,
				"omitted":	false,
				"sender":	true
			}
		}, {
			"streams":	[{
					"socket":	6,
					"start":	33.000215,
					"end":	34.000145,
					"seconds":	0.99993002414703369,
					"bytes":	521280,
					"bits_per_second":	4170531.8365225838,
					"retransmits":	2,
					"snd_cwnd":	57920,
					"snd_wnd":	1620352,
					"rtt":	119756,
					"rttvar":	5312,
					"pmtu":	1500,
					"omitted":	false,
					"sender":	true
				}],
			"sum":	{
				"start":	33.000215,
				"end":	34.000145,
				"seconds":	0.99993002414703369,
				"bytes":	521280,
				"bits_per_second":	4170531.8365225838,
				"retransmits":	2,
				"omitted":	false,
				"sender":	true
			}
		}, {
			"streams":	[{
					"socket":	6,
					"start":	34.000145,
					"end":	35.000496,
					"seconds":	1.0003509521484375,
					"bytes":	325800,
					"bits_per_second":	2605485.5992312268,
					"retransmits":	2,
					"snd_cwnd":	49232,
					"snd_wnd":	1620352,
					"rtt":	105986,
					"rttvar":	1960,
					"pmtu":	1500,
					"omitted":	false,
					"sender":	true
				}],
			"sum":	{
				"start":	34.000145,
				"end":	35.000496,
				"seconds":	1.0003509521484375,
				"bytes":	325800,
				"bits_per_second":	2605485.5992312268,
				"retransmits":	2,
				"omitted":	false,
				"sender":	true
			}
		}, {
			"streams":	[{
					"socket":	6,
					"start":	35.000496,
					"end":	36.000195,
					"seconds":	0.99969899654388428,
					"bytes":	521280,
					"bits_per_second":	4171495.6346031874,
					"retransmits":	0,
					"snd_cwnd":	52128,
					"snd_wnd":	1620352,
					"rtt":	121764,
					"rttvar":	1075,
					"pmtu":	1500,
					"omitted":	false,
					"sender":	true
				}],
			"sum":	{
				"start":	35.000496,
				"end":	36.000195,
				"seconds":	0.99969899654388428,
				"bytes":	521280,
				"bits_per_second":	4171495.6346031874,
				"retransmits":	0,
				"omitted":	false,
				"sender":	true
			}
		}, {
			"streams":	[{
					"socket":	6,
					"start":	36.000195,
					"end":	37.000589,
					"seconds":	1.0003939867019653,
					"bytes":	260640,
					"bits_per_second":	2084298.813984368,
					"retransmits":	2,
					"snd_cwnd":	43440,
					"snd_wnd":	1620352,
					"rtt":	107858,
					"rttvar":	2272,
					"pmtu":	1500,
					"omitted":	false,
					"sender":	true
				}],
			"sum":	{
				"start":	36.000195,
				"end":	37.000589,
				"seconds":	1.0003939867019653,
				"bytes":	260640,
				"bits_per_second":	2084298.813984368,
				"retransmits":	2,
				"omitted":	false,
				"sender":	true
			}
		}, {
			"streams":	[{
					"socket":	6,
					"start":	37.000589,
					"end":	38.000344,
					"seconds":	0.999755024909973,
					"bytes":	521280,
					"bits_per_second":	4171261.855248515,
					"retransmits":	3,
					"snd_cwnd":	36200,
					"snd_wnd":	1620352,
					"rtt":	120283,
					"rttvar":	2903,
					"pmtu":	1500,
					"omitted":	false,
					"sender":	true
				}],
			"sum":	{
				"start":	37.000589,
				"end":	38.000344,
				"seconds":	0.999755024909973,
				"bytes":	521280,
				"bits_per_second":	4171261.855248515,
				"retransmits":	3,
				"omitted":	false,
				"sender":	true
			}
		}, {
			"streams":	[{
					"socket":	6,
					"start":	38.000344,
					"end":	39.000442,
					"seconds":	1.0000979900360107,
					"bytes":	260640,
					"bits_per_second":	2084915.6990355721,
					"retransmits":	0,
					"snd_cwnd":	43440,
					"snd_wnd":	1620352,
					"rtt":	124214,
					"rttvar":	1838,
					"pmtu":	1500,
					"omitted":	false,
					"sender":	true
				}],
			"sum":	{
				"start":	38.000344,
				"end":	39.000442,
				"seconds":	1.0000979900360107,
				"bytes":	260640,
				"bits_per_second":	2084915.6990355721,
				"retransmits":	0,
				"omitted":	false,
				"sender":	true
			}
		}, {
			"streams":	[{
					"socket":	6,
					"start":	39.000442,
					"end":	40.000692,
					"seconds":	1.000249981880188,
					"bytes":	260640,
					"bits_per_second":	2084598.8880505273,
					"retransmits":	0,
					"snd_cwnd":	47784,
					"snd_wnd":	1620352,
					"rtt":	123582,
					"rttvar":	1208,
					"pmtu":	1500,
					"omitted":	false,
					"sender":	true
				}],
			"sum":	{
				"start":	39.000442,
				"end":	40.000692,
				"seconds":	1.000249981880188,
				"bytes":	260640,
				"bits_per_second":	2084598.8880505273,
				"retransmits":	0,
				"omitted":	false,
				"sender":	true
			}
		}, {
			"streams":	[{
					"socket":	6,
					"start":	40.000692,
					"end":	41.000276,
					"seconds":	0.99958401918411255,
					"bytes":	521280,
					"bits_per_second":	4171975.4617564441,
					"retransmits":	2,
					"snd_cwnd":	39096,
					"snd_wnd":	1620352,
					"rtt":	112819,
					"rttvar":	4721,
					"pmtu":	1500,
					"omitted":	false,
					"sender":	true
				}],
			"sum":	{
				"start":	40.000692,
				"end":	41.000276,
				"seconds":	0.99958401918411255,
				"bytes":	521280,
				"bits_per_second":	4171975.4617564441,
				"retransmits":	2,
				"omitted":	false,
				"sender":	true
			}
		}, {
			"streams":	[{
					"socket":	6,
					"start":	41.000276,
					"end":	42.0003,
					"seconds":	1.0000239610672,
					"bytes":	521280,
					"bits_per_second":	4170140.0789933349,
					"retransmits":	0,
					"snd_cwnd":	49232,
					"snd_wnd":	1620352,
					"rtt":	121548,
					"rttvar":	5301,
					"pmtu":	1500,
					"omitted":	false,
					"sender":	true
				}],
			"sum":	{
				"start":	41.000276,
				"end":	42.0003,
				"seconds":	1.0000239610672,
				"bytes":	521280,
				"bits_per_second":	4170140.0789933349,
				"retransmits":	0,
				"omitted":	false,
				"sender":	true
			}
		}, {
			"streams":	[{
					"socket":	6,
					"start":	42.0003,
					"end":	43.000654,
					"seconds":	1.0003540515899658,
					"bytes":	260640,
					"bits_per_second":	2084382.0212312869,
					"retransmits":	0,
					"snd_cwnd":	52128,
					"snd_wnd":	1620352,
					"rtt":	121375,
					"rttvar":	2494,
					"pmtu":	1500,
					"omitted":	false,
					"sender":	true
				}],
			"sum":	{
				"start":	42.0003,
				"end":	43.000654,
				"seconds":	1.0003540515899658,
				"bytes":	260640,
				"bits_per_second":	2084382.0212312869,
				"retransmits":	0,
				"omitted":	false,
				"sender":	true
			}
		}, {
			"streams":	[{
					"socket":	6,
					"start":	43.000654,
					"end":	44.000352,
					"seconds":	0.999697983264923,
					"bytes":	521280,
					"bits_per_second":	4171499.8627689271,
					"retransmits":	1,
					"snd_cwnd":	43440,
					"snd_wnd":	1620352,
					"rtt":	108099,
					"rttvar":	768,
					"pmtu":	1500,
					"omitted":	false,
					"sender":	true
				}],
			"sum":	{
				"start":	43.000654,
				"end":	44.000352,
				"seconds":	0.999697983264923,
				"bytes":	521280,
				"bits_per_second":	4171499.8627689271,
				"retransmits":	1,
				"omitted":	false,
				"sender":	true
			}
		}, {
			"streams":	[{
					"socket":	6,
					"start":	44.000352,
					"end":	45.000616,
					"seconds":	1.000264048576355,
					"bytes":	260640,
					"bits_per_second":	2084569.5723721022,
					"retransmits":	3,
					"snd_cwnd":	36200,
					"snd_wnd":	1620352,
					"rtt":	129807,
					"rttvar":	1932,
					"pmtu":	1500,
					"omitted":	false,
					"sender":	true
				}],
			"sum":	{
				"start":	44.000352,
				"end":	45.000616,
				"seconds":	1.000264048576355,
				"bytes":	260640,
				"bits_per_second":	2084569.5723721022,
				"retransmits":	3,
				"omitted":	false,
				"sender":	true
			}
		}, {
			"streams":	[{
					"socket":	6,
					"start":	45.000616,
					"end":	46.000206,
					"seconds":	0.99958997964859,
					"bytes":	521280,
					"bits_per_second":	4171950.584644781,
					"retransmits":	1,
					"snd_cwnd":	41992,
					"snd_wnd":	1620352,
					"rtt":	119337,
					"rttvar":	1193,
					"pmtu":	1500,
					"omitted":	false,
					"sender":	true
				}],
			"sum":	{
				"start":	45.000616,
				"end":	46.000206,
				"seconds":	0.99958997964859,
				"bytes":	521280,
				"bits_per_second":	4171950.584644781,
				"retransmits":	1,
				"omitted":	false,
				"sender":	true
			}
		}, {
			"streams":	[{
					"socket":	6,
					"start":	46.000206,
					"end":	47.000433,
					"seconds":	1.0002269744873047,
					"bytes":	260640,
					"bits_per_second":	2084646.8383526537,
					"retransmits":	0,
					"snd_cwnd":	47784,
					"snd_wnd":	1620352,
					"rtt":	125520,
					"rttvar":	1262,
					"pmtu":	1500,
					"omitted":	false,
					"sender":	true
				}],
			"sum":	{
				"start":	46.000206,
				"end":	47.000433,
				"seconds":	1.0002269744873047,
				"bytes":	260640,
				"bits_per_second":	2084646.8383526537,
				"retransmits":	0,
				"omitted":	false,
				"sender":	true
			}
		}, {
			"streams":	[{
					"socket":	6,
					"start":	47.000433,
					"end":	48.000716,
					"seconds":	1.0002830028533936,
					"bytes":	260640,
					"bits_per_second":	2084530.0720416275,
					"retransmits":	2,
					"snd_cwnd":	40544,
					"snd_wnd":	1620352,
					"rtt":	109446,
					"rttvar":	2665,
					"pmtu":	1500,
					"omitted":	false,
					"sender":	true
				}],
			"sum":	{
				"start":	47.000433,
				"end":	48.000716,
				"seconds":	1.0002830028533936,
				"bytes":	260640,
				"bits_per_second":	2084530.0720416275,
				"retransmits":	2,
				"omitted":	false,
				"sender":	true
			}
		}, {
			"streams":	[{
					"socket":	6,
					"start":	48.000716,
					"end":	49.000254,
					"seconds":	0.999538004398346,
					"bytes":	521280,
					"bits_per_second":	4172167.5230450109,
					"retransmits":	0,
					"snd_cwnd":	49232,
					"snd_wnd":	1620352,
					"rtt":	126499,
					"rttvar":	2466,
					"pmtu":	1500,
					"omitted":	false,
					"sender":	true
				}],
			"sum":	{
				"start":	48.000716,
				"end":	49.000254,
				"seconds":	0.999538004398346,
				"bytes":	521280,
				"bits_per_second":	4172167.5230450109,
				"retransmits":	0,
				"omitted":	false,
				"sender":	true
			}
		}, {
			"streams":	[{
					"socket":	6,
					"start":	49.000254,
					"end":	50.000568,
					"seconds":	1.0003139972686768,
					"bytes":	260640,
					"bits_per_second":	2084465.48353152,
					"retransmits":	2,
					"snd_cwnd":	44888,
					"snd_wnd":	1620352,
					"rtt":	128963,
					"rttvar":	1042,
					"pmtu":	1500,
					"omitted":	false,
					"sender":	true
				}],
			"sum":	{
				"start":	49.000254,
				"end":	50.000568,
				"seconds":	1.0003139972686768,
				"bytes":	260640,
				"bits_per_second":	2084465.48353152,
				"retransmits":	2,
				"omitted":	false,
				"sender":	true
			}
		}, {
			"streams":	[{
					"socket":	6,
					"start":	50.000568,
					"end":	51.000135,
					"seconds":	0.99956697225570679,
					"bytes":	521280,
					"bits_per_second":	4172046.6119334516,
					"retransmits":	0,
					"snd_cwnd":	46336,
					"snd_wnd":	1620352,
					"rtt":	121191,
					"rttvar":	1211,
					"pmtu":	1500,
					"omitted":	false,
					"sender":	true
				}],
			"sum":	{
				"start":	50.000568,
				"end":	51.000135,
				"seconds":	0.99956697225570679,
				"bytes":	521280,
				"bits_per_second":	4172046.6119334516,
				"retransmits":	0,
				"omitted":	false,
				"sender":	true
			}
		}, {
			"streams":	[{
					"socket":	6,
					"start":	51.000135,
					"end":	52.000473,
					"seconds":	1.0003379583358765,
					"bytes":	260640,
					"bits_per_second":	2084415.5543879641,
					"retransmits":	2,
					"snd_cwnd":	39096,
					"snd_wnd":	1620352,
					"rtt":	85176,
					"rttvar":	7335,
					"pmtu":	1500,
					"omitted":	false,
					"sender":	true
				}],
			"sum":	{
				"start":	51.000135,
				"end":	52.000473,
				"seconds":	1.0003379583358765,
				"bytes":	260640,
				"bits_per_second":	2084415.5543879641,
				"retransmits":	2,
				"omitted":	false,
				"sender":	true
			}
		}, {
			"streams":	[{
					"socket":	6,
					"start":	52.000473,
					"end":	53.00035,
					"seconds":	0.99987697601318359,
					"bytes":	521280,
					"bits_per_second":	4170753.102674718,
					"retransmits":	0,
					"snd_cwnd":	46336,
					"snd_wnd":	1620352,
					"rtt":	120158,
					"rttvar":	4920,
					"pmtu":	1500,
					"omitted":	false,
					"sender":	true
				}],
			"sum":	{
				"start":	52.000473,
				"end":	53.00035,
				"seconds":	0.99987697601318359,
				"bytes":	521280,
				"bits_per_second":	4170753.102674718,
				"retransmits":	0,
				"omitted":	false,
				"sender":	true
			}
		}, {
			"streams":	[{
					"socket":	6,
					"start":	53.00035,
					"end":	54.000668,
					"seconds":	1.0003180503845215,
					"bytes":	260640,
					"bits_per_second":	2084457.0376376607,
					"retransmits":	0,
					"snd_cwnd":	53576,
					"snd_wnd":	1620352,
					"rtt":	123559,
					"rttvar":	2467,
					"pmtu":	1500,
					"omitted":	false,
					"sender":	true
				}],
			"sum":	{
				"start":	53.00035,
				"end":	54.000668,
				"seconds":	1.0003180503845215,
				"bytes":	260640,
				"bits_per_second":	2084457.0376376607,
				"retransmits":	0,
				"omitted":	false,
				"sender":	true
			}
		}, {
			"streams":	[{
					"socket":	6,
					"start":	54.000668,
					"end":	55.000331,
					"seconds":	0.99966299533844,
					"bytes":	521280,
					"bits_per_second":	4171645.86410258,
					"retransmits":	2,
					"snd_cwnd":	44888,
					"snd_wnd":	1620352,
					"rtt":	113293,
					"rttvar":	2908,
					"pmtu":	1500,
					"omitted":	false,
					"sender":	true
				}],
			"sum":	{
				"start":	54.000668,
				"end":	55.000331,
				"seconds":	0.99966299533844,
				"bytes":	521280,
				"bits_per_second":	4171645.86410258,
				"retransmits":	2,
				"omitted":	false,
				"sender":	true
			}
		}, {
			"streams":	[{
					"socket":	6,
					"start":	55.000331,
					"end":	56.000619,
					"seconds":	1.0002880096435547,
					"bytes":	260640,
					"bits_per_second":	2084519.6382420072,
					"retransmits":	2,
					"snd_cwnd":	39096,
					"snd_wnd":	1620352,
					"rtt":	113516,
					"rttvar":	4167,
					"pmtu":	1500,
					"omitted":	false,
					"sender":	true
				}],
			"sum":	{
				"start":	55.000331,
				"end":	56.000619,
				"seconds":	1.0002880096435547,
				"bytes":	260640,
				"bits_per_second":	2084519.6382420072,
				"retransmits":	2,
				"omitted":	false,
				"sender":	true
			}
		}, {
			"streams":	[{
					"socket":	6,
					"start":	56.000619,
					"end":	57.000831,
					"seconds":	1.0002119541168213,
					"bytes":	260640,
					"bits_per_second":	2084678.1438851561,
					"retransmits":	2,
					"snd_cwnd":	30408,
					"snd_wnd":	1620352,
					"rtt":	112739,
					"rttvar":	4106,
					"pmtu":	1500,
					"omitted":	false,
					"sender":	true
				}],
			"sum":	{
				"start":	56.000619,
				"end":	57.000831,
				"seconds":	1.0002119541168213,
				"bytes":	260640,
				"bits_per_second":	2084678.1438851561,
				"retransmits":	2,
				"omitted":	false,
				"sender":	true
			}
		}, {
			"streams":	[{
					"socket":	6,
					"start":	57.000831,
					"end":	58.000116,
					"seconds":	0.99928498268127441,
					"bytes":	521280,
					"bits_per_second":	4173223.9273829986,
					"retransmits":	2,
					"snd_cwnd":	36200,
					"snd_wnd":	1620352,
					"rtt":	127857,
					"rttvar":	2085,
					"pmtu":	1500,
					"omitted":	false,
					"sender":	true
				}],
			"sum":	{
				"start":	57.000831,
				"end":	58.000116,
				"seconds":	0.99928498268127441,
				"bytes":	521280,
				"bits_per_second":	4173223.9273829986,
				"retransmits":	2,
				"omitted":	false,
				"sender":	true
			}
		}, {
			"streams":	[{
					"socket":	6,
					"start":	58.000116,
					"end":	59.000148,
					"seconds":	1.0000319480895996,
					"bytes":	260640,
					"bits_per_second":	2085053.3865275872,
					"retransmits":	0,
					"snd_cwnd":	33304,
					"snd_wnd":	1620352,
					"rtt":	117751,
					"rttvar":	2363,
					"pmtu":	1500,
					"omitted":	false,
					"sender":	true
				}],
			"sum":	{
				"start":	58.000116,
				"end":	59.000148,
				"seconds":	1.0000319480895996,
				"bytes":	260640,
				"bits_per_second":	2085053.3865275872,
				"retransmits":	0,
				"omitted":	false,
				"sender":	true
			}
		}, {
			"streams":	[{
					"socket":	6,
					"start":	59.000148,
					"end":	60.000217,
					"seconds":	1.00006902217865,
					"bytes":	260640,
					"bits_per_second":	2084976.0904078071,
					"retransmits":	0,
					"snd_cwnd":	39096,
					"snd_wnd":	1620352,
					"rtt":	124023,
					"rttvar":	1913,
					"pmtu":	1500,
					"omitted":	false,
					"sender":	true
				}],
			"sum":	{
				"start":	59.000148,
				"end":	60.000217,
				"seconds":	1.00006902217865,
				"bytes":	260640,
				"bits_per_second":	2084976.0904078071,
				"retransmits":	0,
				"omitted":	false,
				"sender":	true
			}
		}],
	"end":	{
		"streams":	[{
				"sender":	{
					"socket":	6,
					"start":	0,
					"end":	60.000217,
					"seconds":	60.000217,
					"bytes":	25319728,
					"bits_per_second":	3375951.52364199,
					"retransmits":	94,
					"max_snd_cwnd":	66608,
					"max_snd_wnd":	1620352,
					"max_rtt":	129807,
					"min_rtt":	51548,
					"mean_rtt":	117107,
					"sender":	true
				},
				"receiver":	{
					"socket":	6,
					"start":	0,
					"end":	60.123065,
					"seconds":	60.000217,
					"bytes":	24699984,
					"bits_per_second":	3286590.1297613489,
					"sender":	true
				}
			}],
		"sum_sent":	{
			"start":	0,
			"end":	60.000217,
			"seconds":	60.000217,
			"bytes":	25319728,
			"bits_per_second":	3375951.52364199,
			"retransmits":	94,
			"sender":	true
		},
		"sum_received":	{
			"start":	0,
			"end":	60.123065,
			"seconds":	60.123065,
			"bytes":	24699984,
			"bits_per_second":	3286590.1297613489,
			"sender":	true
		},
		"cpu_utilization_percent":	{
			"host_total":	0.11123879231959327,
			"host_user":	0.016288489987545268,
			"host_system":	0.0949486412582169,
			"remote_total":	0.32868741920739919,
			"remote_user":	0.02291133454906169,
			"remote_system":	0.3057760846583375
		},
		"sender_tcp_congestion":	"cubic",
		"receiver_tcp_congestion":	"cubic"
	}
}
