{
	"start":	{
		"connected":	[{
				"socket":	6,
				"local_host":	"192.168.101.210",
				"local_port":	56096,
				"remote_host":	"192.168.100.168",
				"remote_port":	5202
			}],
		"version":	"iperf 3.11",
		"system_info":	"Linux f1 6.0.10-300.fc37.x86_64 #1 SMP PREEMPT_DYNAMIC Sat Nov 26 16:55:13 UTC 2022 x86_64",
		"timestamp":	{
			"time":	"Sat, 10 Dec 2022 20:21:40 GMT",
			"timesecs":	1670703700
		},
		"connecting_to":	{
			"host":	"192.168.100.168",
			"port":	5202
		},
		"cookie":	"obuplyo5cphhueqb22eanijslqrz7d36hnwh",
		"tcp_mss_default":	1448,
		"target_bitrate":	0,
		"sock_bufsize":	0,
		"sndbuf_actual":	16384,
		"rcvbuf_actual":	131072,
		"test_start":	{
			"protocol":	"TCP",
			"num_streams":	1,
			"blksize":	131072,
			"omit":	0,
			"duration":	60,
			"bytes":	0,
			"blocks":	0,
			"reverse":	0,
			"tos":	0,
			"target_bitrate":	0
		}
	},
	"intervals":	[{
			"streams":	[{
					"socket":	6,
					"start":	0,
					"end":	1.000196,
					"seconds":	1.0001959800720215,
					"bytes":	3231936,
					"bits_per_second":	25850421.832467489,
					"retransmits":	0,
					"snd_cwnd":	188240,
					"snd_wnd":	888576,
					"rtt":	125720,
					"rttvar":	610,
					"pmtu":	1500,
					"omitted":	false,
					"sender":	true
				}],
			"sum":	{
				"start":	0,
				"end":	1.000196,
				"seconds":	1.0001959800720215,
				"bytes":	3231936,
				"bits_per_second":	25850421.832467489,
				"retransmits":	0,
				"omitted":	false,
				"sender":	true
			}
		}, {
			"streams":	[{
					"socket":	6,
					"start":	1.000196,
					"end":	2.000635,
					"seconds":	1.0004390478134155,
					"bytes":	586440,
					"bits_per_second":	4689461.1023569126,
					"retransmits":	0,
					"snd_cwnd":	40544,
					"snd_wnd":	888576,
					"rtt":	156272,
					"rttvar":	4706,
					"pmtu":	1500,
					"omitted":	false,
					"sender":	true
				}],
			"sum":	{
				"start":	1.000196,
				"end":	2.000635,
				"seconds":	1.0004390478134155,
				"bytes":	586440,
				"bits_per_second":	4689461.1023569126,
				"retransmits":	0,
				"omitted":	false,
				"sender":	true
			}
		}, {
			"streams":	[{
					"socket":	6,
					"start":	2.000635,
					"end":	3.001028,
					"seconds":	1.0003930330276489,
					"bytes":	0,
					"bits_per_second":	0,
					"retransmits":	0,
					"snd_cwnd":	26064,
					"snd_wnd":	888576,
					"rtt":	202059,
					"rttvar":	4559,
					"pmtu":	1500,
					"omitted":	false,
					"sender":	true
				}],
			"sum":	{
				"start":	2.000635,
				"end":	3.001028,
				"seconds":	1.0003930330276489,
				"bytes":	0,
				"bits_per_second":	0,
				"retransmits":	0,
				"omitted":	false,
				"sender":	true
			}
		}, {
			"streams":	[{
					"socket":	6,
					"start":	3.001028,
					"end":	4.001024,
					"seconds":	0.9999960064888,
					"bytes":	0,
					"bits_per_second":	0,
					"retransmits":	0,
					"snd_cwnd":	28960,
					"snd_wnd":	888576,
					"rtt":	234537,
					"rttvar":	10827,
					"pmtu":	1500,
					"omitted":	false,
					"sender":	true
				}],
			"sum":	{
				"start":	3.001028,
				"end":	4.001024,
				"seconds":	0.9999960064888,
				"bytes":	0,
				"bits_per_second":	0,
				"retransmits":	0,
				"omitted":	false,
				"sender":	true
			}
		}, {
			"streams":	[{
					"socket":	6,
					"start":	4.001024,
					"end":	5.000522,
					"seconds":	0.99949800968170166,
					"bytes":	586440,
					"bits_per_second":	4693876.2804480754,
					"retransmits":	0,
					"snd_cwnd":	28960,
					"snd_wnd":	888576,
					"rtt":	248016,
					"rttvar":	14038,
					"pmtu":	1500,
					"omitted":	false,
					"sender":	true
				}],
			"sum":	{
				"start":	4.001024,
				"end":	5.000522,
				"seconds":	0.99949800968170166,
				"bytes":	586440,
				"bits_per_second":	4693876.2804480754,
				"retransmits":	0,
				"omitted":	false,
				"sender":	true
			}
		}, {
			"streams":	[{
					"socket":	6,
					"start":	5.000522,
					"end":	6.00103,
					"seconds":	1.0005079507827759,
					"bytes":	0,
					"bits_per_second":	0,
					"retransmits":	0,
					"snd_cwnd":	23168,
					"snd_wnd":	888576,
					"rtt":	246782,
					"rttvar":	17422,
					"pmtu":	1500,
					"omitted":	false,
					"sender":	true
				}],
			"sum":	{
				"start":	5.000522,
				"end":	6.00103,
				"seconds":	1.0005079507827759,
				"bytes":	0,
				"bits_per_second":	0,
				"retransmits":	0,
				"omitted":	false,
				"sender":	true
			}
		}, {
			"streams":	[{
					"socket":	6,
					"start":	6.00103,
					"end":	7.001029,
					"seconds":	0.99999898672103882,
					"bytes":	0,
					"bits_per_second":	0,
					"retransmits":	0,
					"snd_cwnd":	17376,
					"snd_wnd":	888576,
					"rtt":	257692,
					"rttvar":	13096,
					"pmtu":	1500,
					"omitted":	false,
					"sender":	true
				}],
			"sum":	{
				"start":	6.00103,
				"end":	7.001029,
				"seconds":	0.99999898672103882,
				"bytes":	0,
				"bits_per_second":	0,
				"retransmits":	0,
				"omitted":	false,
				"sender":	true
			}
		}, {
			"streams":	[{
					"socket":	6,
					"start":	7.001029,
					"end":	8.001029,
					"seconds":	1,
					"bytes":	0,
					"bits_per_second":	0,
					"retransmits":	0,
					"snd_cwnd":	17376,
					"snd_wnd":	888576,
					"rtt":	249162,
					"rttvar":	15020,
					"pmtu":	1500,
					"omitted":	false,
					"sender":	true
				}],
			"sum":	{
				"start":	7.001029,
				"end":	8.001029,
				"seconds":	1,
				"bytes":	0,
				"bits_per_second":	0,
				"retransmits":	0,
				"omitted":	false,
				"sender":	true
			}
		}, {
			"streams":	[{
					"socket":	6,
					"start":	8.001029,
					"end":	9.00103,
					"seconds":	1.0000009536743164,
					"bytes":	0,
					"bits_per_second":	0,
					"retransmits":	0,
					"snd_cwnd":	14480,
					"snd_wnd":	888576,
					"rtt":	260288,
					"rttvar":	14473,
					"pmtu":	1500,
					"omitted":	false,
					"sender":	true
				}],
			"sum":	{
				"start":	8.001029,
				"end":	9.00103,
				"seconds":	1.0000009536743164,
				"bytes":	0,
				"bits_per_second":	0,
				"retransmits":	0,
				"omitted":	false,
				"sender":	true
			}
		}, {
			"streams":	[{
					"socket":	6,
					"start":	9.00103,
					"end":	10.001028,
					"seconds":	0.99999797344207764,
					"bytes":	0,
					"bits_per_second":	0,
					"retransmits":	0,
					"snd_cwnd":	14480,
					"snd_wnd":	888576,
					"rtt":	265864,
					"rttvar":	11740,
					"pmtu":	1500,
					"omitted":	false,
					"sender":	true
				}],
			"sum":	{
				"start":	9.00103,
				"end":	10.001028,
				"seconds":	0.99999797344207764,
				"bytes":	0,
				"bits_per_second":	0,
				"retransmits":	0,
				"omitted":	false,
				"sender":	true
			}
		}, {
			"streams":	[{
					"socket":	6,
					"start":	10.001028,
					"end":	11.001032,
					"seconds":	1.0000040531158447,
					"bytes":	0,
					"bits_per_second":	0,
					"retransmits":	0,
					"snd_cwnd":	41992,
					"snd_wnd":	888576,
					"rtt":	271022,
					"rttvar":	16915,
					"pmtu":	1500,
					"omitted":	false,
					"sender":	true
				}],
			"sum":	{
				"start":	10.001028,
				"end":	11.001032,
				"seconds":	1.0000040531158447,
				"bytes":	0,
				"bits_per_second":	0,
				"retransmits":	0,
				"omitted":	false,
				"sender":	true
			}
		}, {
			"streams":	[{
					"socket":	6,
					"start":	11.001032,
					"end":	12.001029,
					"seconds":	0.99999701976776123,
					"bytes":	0,
					"bits_per_second":	0,
					"retransmits":	0,
					"snd_cwnd":	57920,
					"snd_wnd":	888576,
					"rtt":	268081,
					"rttvar":	9145,
					"pmtu":	1500,
					"omitted":	false,
					"sender":	true
				}],
			"sum":	{
				"start":	11.001032,
				"end":	12.001029,
				"seconds":	0.99999701976776123,
				"bytes":	0,
				"bits_per_second":	0,
				"retransmits":	0,
				"omitted":	false,
				"sender":	true
			}
		}, {
			"streams":	[{
					"socket":	6,
					"start":	12.001029,
					"end":	13.000575,
					"seconds":	0.999545991420746,
					"bytes":	586440,
					"bits_per_second":	4693650.9578028666,
					"retransmits":	0,
					"snd_cwnd":	63712,
					"snd_wnd":	888576,
					"rtt":	266559,
					"rttvar":	10475,
					"pmtu":	1500,
					"omitted":	false,
					"sender":	true
				}],
			"sum":	{
				"start":	12.001029,
				"end":	13.000575,
				"seconds":	0.999545991420746,
				"bytes":	586440,
				"bits_per_second":	4693650.9578028666,
				"retransmits":	0,
				"omitted":	false,
				"sender":	true
			}
		}, {
			"streams":	[{
					"socket":	6,
					"start":	13.000575,
					"end":	14.00103,
					"seconds":	1.0004550218582153,
					"bytes":	0,
					"bits_per_second":	0,
					"retransmits":	0,
					"snd_cwnd":	75296,
					"snd_wnd":	888576,
					"rtt":	265701,
					"rttvar":	10779,
					"pmtu":	1500,
					"omitted":	false,
					"sender":	true
				}],
			"sum":	{
				"start":	13.000575,
				"end":	14.00103,
				"seconds":	1.0004550218582153,
				"bytes":	0,
				"bits_per_second":	0,
				"retransmits":	0,
				"omitted":	false,
				"sender":	true
			}
		}, {
			"streams":	[{
					"socket":	6,
					"start":	14.00103,
					"end":	15.001025,
					"seconds":	0.999994993209839,
					"bytes":	0,
					"bits_per_second":	0,
					"retransmits":	0,
					"snd_cwnd":	75296,
					"snd_wnd":	888576,
					"rtt":	264896,
					"rttvar":	10331,
					"pmtu":	1500,
					"omitted":	false,
					"sender":	true
				}],
			"sum":	{
				"start":	14.00103,
				"end":	15.001025,
				"seconds":	0.999994993209839,
				"bytes":	0,
				"bits_per_second":	0,
				"retransmits":	0,
				"omitted":	false,
				"sender":	true
			}
		}, {
			"streams":	[{
					"socket":	6,
					"start":	15.001025,
					"end":	16.001028,
					"seconds":	1.0000029802322388,
					"bytes":	0,
					"bits_per_second":	0,
					"retransmits":	0,
					"snd_cwnd":	95568,
					"snd_wnd":	888576,
					"rtt":	255294,
					"rttvar":	12483,
					"pmtu":	1500,
					"omitted":	false,
					"sender":	true
				}],
			"sum":	{
				"start":	15.001025,
				"end":	16.001028,
				"seconds":	1.0000029802322388,
				"bytes":	0,
				"bits_per_second":	0,
				"retransmits":	0,
				"omitted":	false,
				"sender":	true
			}
		}, {
			"streams":	[{
					"socket":	6,
					"start":	16.001028,
					"end":	17.00036,
					"seconds":	0.9993320107460022,
					"bytes":	586440,
					"bits_per_second":	4694655.979745687,
					"retransmits":	0,
					"snd_cwnd":	92672,
					"snd_wnd":	888576,
					"rtt":	255276,
					"rttvar":	13699,
					"pmtu":	1500,
					"omitted":	false,
					"sender":	true
				}],
			"sum":	{
				"start":	16.001028,
				"end":	17.00036,
				"seconds":	0.9993320107460022,
				"bytes":	586440,
				"bits_per_second":	4694655.979745687,
				"retransmits":	0,
				"omitted":	false,
				"sender":	true
			}
		}, {
			"streams":	[{
					"socket":	6,
					"start":	17.00036,
					"end":	18.00103,
					"seconds":	1.0006699562072754,
					"bytes":	0,
					"bits_per_second":	0,
					"retransmits":	0,
					"snd_cwnd":	110048,
					"snd_wnd":	888576,
					"rtt":	256883,
					"rttvar":	10707,
					"pmtu":	1500,
					"omitted":	false,
					"sender":	true
				}],
			"sum":	{
				"start":	17.00036,
				"end":	18.00103,
				"seconds":	1.0006699562072754,
				"bytes":	0,
				"bits_per_second":	0,
				"retransmits":	0,
				"omitted":	false,
				"sender":	true
			}
		}, {
			"streams":	[{
					"socket":	6,
					"start":	18.00103,
					"end":	19.00103,
					"seconds":	1,
					"bytes":	0,
					"bits_per_second":	0,
					"retransmits":	0,
					"snd_cwnd":	127424,
					"snd_wnd":	888576,
					"rtt":	261385,
					"rttvar":	11442,
					"pmtu":	1500,
					"omitted":	false,
					"sender":	true
				}],
			"sum":	{
				"start":	18.00103,
				"end":	19.00103,
				"seconds":	1,
				"bytes":	0,
				"bits_per_second":	0,
				"retransmits":	0,
				"omitted":	false,
				"sender":	true
			}
		}, {
			"streams":	[{
					"socket":	6,
					"start":	19.00103,
					"end":	20.000463,
					"seconds":	0.99943298101425171,
					"bytes":	586440,
					"bits_per_second":	4694181.690140862,
					"retransmits":	0,
					"snd_cwnd":	127424,
					"snd_wnd":	888576,
					"rtt":	258297,
					"rttvar":	11291,
					"pmtu":	1500,
					"omitted":	false,
					"sender":	true
				}],
			"sum":	{
				"start":	19.00103,
				"end":	20.000463,
				"seconds":	0.99943298101425171,
				"bytes":	586440,
				"bits_per_second":	4694181.690140862,
				"retransmits":	0,
				"omitted":	false,
				"sender":	true
			}
		}, {
			"streams":	[{
					"socket":	6,
					"start":	20.000463,
					"end":	21.001037,
					"seconds":	1.000573992729187,
					"bytes":	0,
					"bits_per_second":	0,
					"retransmits":	0,
					"snd_cwnd":	150592,
					"snd_wnd":	888576,
					"rtt":	256952,
					"rttvar":	13359,
					"pmtu":	1500,
					"omitted":	false,
					"sender":	true
				}],
			"sum":	{
				"start":	20.000463,
				"end":	21.001037,
				"seconds":	1.000573992729187,
				"bytes":	0,
				"bits_per_second":	0,
				"retransmits":	0,
				"omitted":	false,
				"sender":	true
			}
		}, {
			"streams":	[{
					"socket":	6,
					"start":	21.001037,
					"end":	22.000217,
					"seconds":	0.999180018901825,
					"bytes":	586440,
					"bits_per_second":	4695370.114743025,
					"retransmits":	0,
					"snd_cwnd":	153488,
					"snd_wnd":	888576,
					"rtt":	254103,
					"rttvar":	15041,
					"pmtu":	1500,
					"omitted":	false,
					"sender":	true
				}],
			"sum":	{
				"start":	21.001037,
				"end":	22.000217,
				"seconds":	0.999180018901825,
				"bytes":	586440,
				"bits_per_second":	4695370.114743025,
				"retransmits":	0,
				"omitted":	false,
				"sender":	true
			}
		}, {
			"streams":	[{
					"socket":	6,
					"start":	22.000217,
					"end":	23.001028,
					"seconds":	1.000810980796814,
					"bytes":	0,
					"bits_per_second":	0,
					"retransmits":	0,
					"snd_cwnd":	176656,
					"snd_wnd":	888576,
					"rtt":	251292,
					"rttvar":	12746,
					"pmtu":	1500,
					"omitted":	false,
					"sender":	true
				}],
			"sum":	{
				"start":	22.000217,
				"end":	23.001028,
				"seconds":	1.000810980796814,
				"bytes":	0,
				"bits_per_second":	0,
				"retransmits":	0,
				"omitted":	false,
				"sender":	true
			}
		}, {
			"streams":	[{
					"socket":	6,
					"start":	23.001028,
					"end":	24.000327,
					"seconds":	0.99929898977279663,
					"bytes":	586440,
					"bits_per_second":	4694811.11060332,
					"retransmits":	0,
					"snd_cwnd":	205616,
					"snd_wnd":	888576,
					"rtt":	254565,
					"rttvar":	7669,
					"pmtu":	1500,
					"omitted":	false,
					"sender":	true
				}],
			"sum":	{
				"start":	23.001028,
				"end":	24.000327,
				"seconds":	0.99929898977279663,
				"bytes":	586440,
				"bits_per_second":	4694811.11060332,
				"retransmits":	0,
				"omitted":	false,
				"sender":	true
			}
		}, {
			"streams":	[{
					"socket":	6,
					"start":	24.000327,
					"end":	25.000079,
					"seconds":	0.9997519850730896,
					"bytes":	651600,
					"bits_per_second":	5214093.17293719,
					"retransmits":	0,
					"snd_cwnd":	208512,
					"snd_wnd":	888576,
					"rtt":	250929,
					"rttvar":	9837,
					"pmtu":	1500,
					"omitted":	false,
					"sender":	true
				}],
			"sum":	{
				"start":	24.000327,
				"end":	25.000079,
				"seconds":	0.9997519850730896,
				"bytes":	651600,
				"bits_per_second":	5214093.17293719,
				"retransmits":	0,
				"omitted":	false,
				"sender":	true
			}
		}, {
			"streams":	[{
					"socket":	6,
					"start":	25.000079,
					"end":	26.001032,
					"seconds":	1.0009529590606689,
					"bytes":	0,
					"bits_per_second":	0,
					"retransmits":	0,
					"snd_cwnd":	5792,
					"snd_wnd":	888576,
					"rtt":	263054,
					"rttvar":	11350,
					"pmtu":	1500,
					"omitted":	false,
					"sender":	true
				}],
			"sum":	{
				"start":	25.000079,
				"end":	26.001032,
				"seconds":	1.0009529590606689,
				"bytes":	0,
				"bits_per_second":	0,
				"retransmits":	0,
				"omitted":	false,
				"sender":	true
			}
		}, {
			"streams":	[{
					"socket":	6,
					"start":	26.001032,
					"end":	27.000928,
					"seconds":	0.999895989894867,
					"bytes":	781920,
					"bits_per_second":	6256010.688329407,
					"retransmits":	0,
					"snd_cwnd":	251952,
					"snd_wnd":	888576,
					"rtt":	265344,
					"rttvar":	11877,
					"pmtu":	1500,
					"omitted":	false,
					"sender":	true
				}],
			"sum":	{
				"start":	26.001032,
				"end":	27.000928,
				"seconds":	0.999895989894867,
				"bytes":	781920,
				"bits_per_second":	6256010.688329407,
				"retransmits":	0,
				"omitted":	false,
				"sender":	true
			}
		}, {
			"streams":	[{
					"socket":	6,
					"start":	27.000928,
					"end":	28.000069,
					"seconds":	0.999140977859497,
					"bytes":	912240,
					"bits_per_second":	7304194.46476377,
					"retransmits":	0,
					"snd_cwnd":	286704,
					"snd_wnd":	888576,
					"rtt":	260948,
					"rttvar":	16772,
					"pmtu":	1500,
					"omitted":	false,
					"sender":	true
				}],
			"sum":	{
				"start":	27.000928,
				"end":	28.000069,
				"seconds":	0.999140977859497,
				"bytes":	912240,
				"bits_per_second":	7304194.46476377,
				"retransmits":	0,
				"omitted":	false,
				"sender":	true
			}
		}, {
			"streams":	[{
					"socket":	6,
					"start":	28.000069,
					"end":	29.00103,
					"seconds":	1.0009609460830688,
					"bytes":	0,
					"bits_per_second":	0,
					"retransmits":	0,
					"snd_cwnd":	304080,
					"snd_wnd":	888576,
					"rtt":	246209,
					"rttvar":	9458,
					"pmtu":	1500,
					"omitted":	false,
					"sender":	true
				}],
			"sum":	{
				"start":	28.000069,
				"end":	29.00103,
				"seconds":	1.0009609460830688,
				"bytes":	0,
				"bits_per_second":	0,
				"retransmits":	0,
				"omitted":	false,
				"sender":	true
			}
		}, {
			"streams":	[{
					"socket":	6,
					"start":	29.00103,
					"end":	30.000066,
					"seconds":	0.99903601408004761,
					"bytes":	977400,
					"bits_per_second":	7826744.8718555281,
					"retransmits":	0,
					"snd_cwnd":	338832,
					"snd_wnd":	888576,
					"rtt":	250958,
					"rttvar":	8673,
					"pmtu":	1500,
					"omitted":	false,
					"sender":	true
				}],
			"sum":	{
				"start":	29.00103,
				"end":	30.000066,
				"seconds":	0.99903601408004761,
				"bytes":	977400,
				"bits_per_second":	7826744.8718555281,
				"retransmits":	0,
				"omitted":	false,
				"sender":	true
			}
		}, {
			"streams":	[{
					"socket":	6,
					"start":	30.000066,
					"end":	31.000645,
					"seconds":	1.0005789995193481,
					"bytes":	1042560,
					"bits_per_second":	8335653.6605370967,
					"retransmits":	0,
					"snd_cwnd":	399648,
					"snd_wnd":	888576,
					"rtt":	261378,
					"rttvar":	17313,
					"pmtu":	1500,
					"omitted":	false,
					"sender":	true
				}],
			"sum":	{
				"start":	30.000066,
				"end":	31.000645,
				"seconds":	1.0005789995193481,
				"bytes":	1042560,
				"bits_per_second":	8335653.6605370967,
				"retransmits":	0,
				"omitted":	false,
				"sender":	true
			}
		}, {
			"streams":	[{
					"socket":	6,
					"start":	31.000645,
					"end":	32.000573,
					"seconds":	0.99992799758911133,
					"bytes":	1238040,
					"bits_per_second":	9905033.1862693429,
					"retransmits":	0,
					"snd_cwnd":	399648,
					"snd_wnd":	888576,
					"rtt":	249040,
					"rttvar":	9004,
					"pmtu":	1500,
					"omitted":	false,
					"sender":	true
				}],
			"sum":	{
				"start":	31.000645,
				"end":	32.000573,
				"seconds":	0.99992799758911133,
				"bytes":	1238040,
				"bits_per_second":	9905033.1862693429,
				"retransmits":	0,
				"omitted":	false,
				"sender":	true
			}
		}, {
			"streams":	[{
					"socket":	6,
					"start":	32.000573,
					"end":	33.000571,
					"seconds":	0.99999797344207764,
					"bytes":	1215000,
					"bits_per_second":	9720019.6981829256,
					"retransmits":	0,
					"snd_cwnd":	469152,
					"snd_wnd":	888576,
					"rtt":	268820,
					"rttvar":	17551,
					"pmtu":	1500,
					"omitted":	false,
					"sender":	true
				}],
			"sum":	{
				"start":	32.000573,
				"end":	33.000571,
				"seconds":	0.99999797344207764,
				"bytes":	1215000,
				"bits_per_second":	9720019.6981829256,
				"retransmits":	0,
				"omitted":	false,
				"sender":	true
			}
		}, {
			"streams":	[{
					"socket":	6,
					"start":	33.000571,
					"end":	34.000276,
					"seconds":	0.99970501661300659,
					"bytes":	1310720,
					"bits_per_second":	10488854.037689717,
					"retransmits":	0,
					"snd_cwnd":	469152,
					"snd_wnd":	888576,
					"rtt":	250951,
					"rttvar":	8627,
					"pmtu":	1500,
					"omitted":	false,
					"sender":	true
				}],
			"sum":	{
				"start":	33.000571,
				"end":	34.000276,
				"seconds":	0.99970501661300659,
				"bytes":	1310720,
				"bits_per_second":	10488854.037689717,
				"retransmits":	0,
				"omitted":	false,
				"sender":	true
			}
		}, {
			"streams":	[{
					"socket":	6,
					"start":	34.000276,
					"end":	35.000474,
					"seconds":	1.0001980066299438,
					"bytes":	0,
					"bits_per_second":	0,
					"retransmits":	0,
					"snd_cwnd":	550240,
					"snd_wnd":	893056,
					"rtt":	251846,
					"rttvar":	8136,
					"pmtu":	1500,
					"omitted":	false,
					"sender":	true
				}],
			"sum":	{
				"start":	34.000276,
				"end":	35.000474,
				"seconds":	1.0001980066299438,
				"bytes":	0,
				"bits_per_second":	0,
				"retransmits":	0,
				"omitted":	false,
				"sender":	true
			}
		}, {
			"streams":	[{
					"socket":	6,
					"start":	35.000474,
					"end":	36.000957,
					"seconds":	1.00048303604126,
					"bytes":	1310720,
					"bits_per_second":	10480697.445396334,
					"retransmits":	0,
					"snd_cwnd":	590784,
					"snd_wnd":	893056,
					"rtt":	280958,
					"rttvar":	12870,
					"pmtu":	1500,
					"omitted":	false,
					"sender":	true
				}],
			"sum":	{
				"start":	35.000474,
				"end":	36.000957,
				"seconds":	1.00048303604126,
				"bytes":	1310720,
				"bits_per_second":	10480697.445396334,
				"retransmits":	0,
				"omitted":	false,
				"sender":	true
			}
		}, {
			"streams":	[{
					"socket":	6,
					"start":	36.000957,
					"end":	37.000103,
					"seconds":	0.9991459846496582,
					"bytes":	1310720,
					"bits_per_second":	10494722.654244304,
					"retransmits":	0,
					"snd_cwnd":	654496,
					"snd_wnd":	893056,
					"rtt":	280743,
					"rttvar":	7625,
					"pmtu":	1500,
					"omitted":	false,
					"sender":	true
				}],
			"sum":	{
				"start":	36.000957,
				"end":	37.000103,
				"seconds":	0.9991459846496582,
				"bytes":	1310720,
				"bits_per_second":	10494722.654244304,
				"retransmits":	0,
				"omitted":	false,
				"sender":	true
			}
		}, {
			"streams":	[{
					"socket":	6,
					"start":	37.000103,
					"end":	38.00021,
					"seconds":	1.0001070499420166,
					"bytes":	1310720,
					"bits_per_second":	10484637.6201507,
					"retransmits":	0,
					"snd_cwnd":	724000,
					"snd_wnd":	893056,
					"rtt":	267205,
					"rttvar":	21894,
					"pmtu":	1500,
					"omitted":	false,
					"sender":	true
				}],
			"sum":	{
				"start":	37.000103,
				"end":	38.00021,
				"seconds":	1.0001070499420166,
				"bytes":	1310720,
				"bits_per_second":	10484637.6201507,
				"retransmits":	0,
				"omitted":	false,
				"sender":	true
			}
		}, {
			"streams":	[{
					"socket":	6,
					"start":	38.00021,
					"end":	39.000344,
					"seconds":	1.0001339912414551,
					"bytes":	1310720,
					"bits_per_second":	10484355.188232472,
					"retransmits":	0,
					"snd_cwnd":	767440,
					"snd_wnd":	1327232,
					"rtt":	270992,
					"rttvar":	24705,
					"pmtu":	1500,
					"omitted":	false,
					"sender":	true
				}],
			"sum":	{
				"start":	38.00021,
				"end":	39.000344,
				"seconds":	1.0001339912414551,
				"bytes":	1310720,
				"bits_per_second":	10484355.188232472,
				"retransmits":	0,
				"omitted":	false,
				"sender":	true
			}
		}, {
			"streams":	[{
					"socket":	6,
					"start":	39.000344,
					"end":	40.000458,
					"seconds":	1.0001139640808105,
					"bytes":	1310720,
					"bits_per_second":	10484565.136171557,
					"retransmits":	0,
					"snd_cwnd":	848528,
					"snd_wnd":	1370496,
					"rtt":	258826,
					"rttvar":	7560,
					"pmtu":	1500,
					"omitted":	false,
					"sender":	true
				}],
			"sum":	{
				"start":	39.000344,
				"end":	40.000458,
				"seconds":	1.0001139640808105,
				"bytes":	1310720,
				"bits_per_second":	10484565.136171557,
				"retransmits":	0,
				"omitted":	false,
				"sender":	true
			}
		}, {
			"streams":	[{
					"socket":	6,
					"start":	40.000458,
					"end":	41.000091,
					"seconds":	0.999633014202118,
					"bytes":	1310720,
					"bits_per_second":	10489609.537725674,
					"retransmits":	0,
					"snd_cwnd":	993328,
					"snd_wnd":	1370496,
					"rtt":	264512,
					"rttvar":	6688,
					"pmtu":	1500,
					"omitted":	false,
					"sender":	true
				}],
			"sum":	{
				"start":	40.000458,
				"end":	41.000091,
				"seconds":	0.999633014202118,
				"bytes":	1310720,
				"bits_per_second":	10489609.537725674,
				"retransmits":	0,
				"omitted":	false,
				"sender":	true
			}
		}, {
			"streams":	[{
					"socket":	6,
					"start":	41.000091,
					"end":	42.000146,
					"seconds":	1.0000549554824829,
					"bytes":	2621440,
					"bits_per_second":	20970367.563332714,
					"retransmits":	0,
					"snd_cwnd":	993328,
					"snd_wnd":	1370496,
					"rtt":	311999,
					"rttvar":	2482,
					"pmtu":	1500,
					"omitted":	false,
					"sender":	true
				}],
			"sum":	{
				"start":	41.000091,
				"end":	42.000146,
				"seconds":	1.0000549554824829,
				"bytes":	2621440,
				"bits_per_second":	20970367.563332714,
				"retransmits":	0,
				"omitted":	false,
				"sender":	true
			}
		}, {
			"streams":	[{
					"socket":	6,
					"start":	42.000146,
					"end":	43.000345,
					"seconds":	1.00019896030426,
					"bytes":	1310720,
					"bits_per_second":	10483674.164998367,
					"retransmits":	0,
					"snd_cwnd":	1167088,
					"snd_wnd":	1897216,
					"rtt":	271409,
					"rttvar":	8586,
					"pmtu":	1500,
					"omitted":	false,
					"sender":	true
				}],
			"sum":	{
				"start":	42.000146,
				"end":	43.000345,
				"seconds":	1.00019896030426,
				"bytes":	1310720,
				"bits_per_second":	10483674.164998367,
				"retransmits":	0,
				"omitted":	false,
				"sender":	true
			}
		}, {
			"streams":	[{
					"socket":	6,
					"start":	43.000345,
					"end":	44.000275,
					"seconds":	0.99993002414703369,
					"bytes":	2621440,
					"bits_per_second":	20972987.60269675,
					"retransmits":	0,
					"snd_cwnd":	1167088,
					"snd_wnd":	1897216,
					"rtt":	322508,
					"rttvar":	1689,
					"pmtu":	1500,
					"omitted":	false,
					"sender":	true
				}],
			"sum":	{
				"start":	43.000345,
				"end":	44.000275,
				"seconds":	0.99993002414703369,
				"bytes":	2621440,
				"bits_per_second":	20972987.60269675,
				"retransmits":	0,
				"omitted":	false,
				"sender":	true
			}
		}, {
			"streams":	[{
					"socket":	6,
					"start":	44.000275,
					"end":	45.000197,
					"seconds":	0.999921977519989,
					"bytes":	2621440,
					"bits_per_second":	20973156.377674244,
					"retransmits":	0,
					"snd_cwnd":	1332160,
					"snd_wnd":	2224000,
					"rtt":	269043,
					"rttvar":	5936,
					"pmtu":	1500,
					"omitted":	false,
					"sender":	true
				}],
			"sum":	{
				"start":	44.000275,
				"end":	45.000197,
				"seconds":	0.999921977519989,
				"bytes":	2621440,
				"bits_per_second":	20973156.377674244,
				"retransmits":	0,
				"omitted":	false,
				"sender":	true
			}
		}, {
			"streams":	[{
					"socket":	6,
					"start":	45.000197,
					"end":	46.000109,
					"seconds":	0.99991202354431152,
					"bytes":	2621440,
					"bits_per_second":	20973365.162330844,
					"retransmits":	0,
					"snd_cwnd":	1335056,
					"snd_wnd":	2224000,
					"rtt":	280076,
					"rttvar":	6007,
					"pmtu":	1500,
					"omitted":	false,
					"sender":	true
				}],
			"sum":	{
				"start":	45.000197,
				"end":	46.000109,
				"seconds":	0.99991202354431152,
				"bytes":	2621440,
				"bits_per_second":	20973365.162330844,
				"retransmits":	0,
				"omitted":	false,
				"sender":	true
			}
		}, {
			"streams":	[{
					"socket":	6,
					"start":	46.000109,
					"end":	47.000192,
					"seconds":	1.0000829696655273,
					"bytes":	2621440,
					"bits_per_second":	20969780.144355241,
					"retransmits":	0,
					"snd_cwnd":	1560944,
					"snd_wnd":	2224000,
					"rtt":	286590,
					"rttvar":	5188,
					"pmtu":	1500,
					"omitted":	false,
					"sender":	true
				}],
			"sum":	{
				"start":	46.000109,
				"end":	47.000192,
				"seconds":	1.0000829696655273,
				"bytes":	2621440,
				"bits_per_second":	20969780.144355241,
				"retransmits":	0,
				"omitted":	false,
				"sender":	true
			}
		}, {
			"streams":	[{
					"socket":	6,
					"start":	47.000192,
					"end":	48.000523,
					"seconds":	1.0003310441970825,
					"bytes":	1310720,
					"bits_per_second":	10482289.89875688,
					"retransmits":	0,
					"snd_cwnd":	1560944,
					"snd_wnd":	2234496,
					"rtt":	248071,
					"rttvar":	4354,
					"pmtu":	1500,
					"omitted":	false,
					"sender":	true
				}],
			"sum":	{
				"start":	47.000192,
				"end":	48.000523,
				"seconds":	1.0003310441970825,
				"bytes":	1310720,
				"bits_per_second":	10482289.89875688,
				"retransmits":	0,
				"omitted":	false,
				"sender":	true
			}
		}, {
			"streams":	[{
					"socket":	6,
					"start":	48.000523,
					"end":	49.000334,
					"seconds":	0.99981099367141724,
					"bytes":	2621440,
					"bits_per_second":	20975484.499315459,
					"retransmits":	0,
					"snd_cwnd":	1789728,
					"snd_wnd":	2941824,
					"rtt":	318239,
					"rttvar":	5806,
					"pmtu":	1500,
					"omitted":	false,
					"sender":	true
				}],
			"sum":	{
				"start":	48.000523,
				"end":	49.000334,
				"seconds":	0.99981099367141724,
				"bytes":	2621440,
				"bits_per_second":	20975484.499315459,
				"retransmits":	0,
				"omitted":	false,
				"sender":	true
			}
		}, {
			"streams":	[{
					"socket":	6,
					"start":	49.000334,
					"end":	50.000113,
					"seconds":	0.999778985977173,
					"bytes":	3932160,
					"bits_per_second":	31464234.036939681,
					"retransmits":	0,
					"snd_cwnd":	1789728,
					"snd_wnd":	2941952,
					"rtt":	350006,
					"rttvar":	13780,
					"pmtu":	1500,
					"omitted":	false,
					"sender":	true
				}],
			"sum":	{
				"start":	49.000334,
				"end":	50.000113,
				"seconds":	0.999778985977173,
				"bytes":	3932160,
				"bits_per_second":	31464234.036939681,
				"retransmits":	0,
				"omitted":	false,
				"sender":	true
			}
		}, {
			"streams":	[{
					"socket":	6,
					"start":	50.000113,
					"end":	51.000474,
					"seconds":	1.00036096572876,
					"bytes":	2621440,
					"bits_per_second":	20963952.731524579,
					"retransmits":	0,
					"snd_cwnd":	2021408,
					"snd_wnd":	3019392,
					"rtt":	357298,
					"rttvar":	1488,
					"pmtu":	1500,
					"omitted":	false,
					"sender":	true
				}],
			"sum":	{
				"start":	50.000113,
				"end":	51.000474,
				"seconds":	1.00036096572876,
				"bytes":	2621440,
				"bits_per_second":	20963952.731524579,
				"retransmits":	0,
				"omitted":	false,
				"sender":	true
			}
		}, {
			"streams":	[{
					"socket":	6,
					"start":	51.000474,
					"end":	52.000074,
					"seconds":	0.99959999322891235,
					"bytes":	5242880,
					"bits_per_second":	41959824.213799164,
					"retransmits":	0,
					"snd_cwnd":	2044576,
					"snd_wnd":	3019520,
					"rtt":	341406,
					"rttvar":	3716,
					"pmtu":	1500,
					"omitted":	false,
					"sender":	true
				}],
			"sum":	{
				"start":	51.000474,
				"end":	52.000074,
				"seconds":	0.99959999322891235,
				"bytes":	5242880,
				"bits_per_second":	41959824.213799164,
				"retransmits":	0,
				"omitted":	false,
				"sender":	true
			}
		}, {
			"streams":	[{
					"socket":	6,
					"start":	52.000074,
					"end":	53.000075,
					"seconds":	1.0000009536743164,
					"bytes":	3932160,
					"bits_per_second":	31457250.00002861,
					"retransmits":	0,
					"snd_cwnd":	2328384,
					"snd_wnd":	3143936,
					"rtt":	358080,
					"rttvar":	3944,
					"pmtu":	1500,
					"omitted":	false,
					"sender":	true
				}],
			"sum":	{
				"start":	52.000074,
				"end":	53.000075,
				"seconds":	1.0000009536743164,
				"bytes":	3932160,
				"bits_per_second":	31457250.00002861,
				"retransmits":	0,
				"omitted":	false,
				"sender":	true
			}
		}, {
			"streams":	[{
					"socket":	6,
					"start":	53.000075,
					"end":	54.000161,
					"seconds":	1.0000859498977661,
					"bytes":	3932160,
					"bits_per_second":	31454576.482367065,
					"retransmits":	0,
					"snd_cwnd":	2325488,
					"snd_wnd":	3143936,
					"rtt":	406292,
					"rttvar":	3315,
					"pmtu":	1500,
					"omitted":	false,
					"sender":	true
				}],
			"sum":	{
				"start":	53.000075,
				"end":	54.000161,
				"seconds":	1.0000859498977661,
				"bytes":	3932160,
				"bits_per_second":	31454576.482367065,
				"retransmits":	0,
				"omitted":	false,
				"sender":	true
			}
		}, {
			"streams":	[{
					"socket":	6,
					"start":	54.000161,
					"end":	55.000076,
					"seconds":	0.99991500377655029,
					"bytes":	5242880,
					"bits_per_second":	41946605.3030373,
					"retransmits":	0,
					"snd_cwnd":	2612192,
					"snd_wnd":	3143936,
					"rtt":	354359,
					"rttvar":	3847,
					"pmtu":	1500,
					"omitted":	false,
					"sender":	true
				}],
			"sum":	{
				"start":	54.000161,
				"end":	55.000076,
				"seconds":	0.99991500377655029,
				"bytes":	5242880,
				"bits_per_second":	41946605.3030373,
				"retransmits":	0,
				"omitted":	false,
				"sender":	true
			}
		}, {
			"streams":	[{
					"socket":	6,
					"start":	55.000076,
					"end":	56.00031,
					"seconds":	1.0002340078353882,
					"bytes":	3932160,
					"bits_per_second":	31449920.472187173,
					"retransmits":	0,
					"snd_cwnd":	2777264,
					"snd_wnd":	3143936,
					"rtt":	420264,
					"rttvar":	27312,
					"pmtu":	1500,
					"omitted":	false,
					"sender":	true
				}],
			"sum":	{
				"start":	55.000076,
				"end":	56.00031,
				"seconds":	1.0002340078353882,
				"bytes":	3932160,
				"bits_per_second":	31449920.472187173,
				"retransmits":	0,
				"omitted":	false,
				"sender":	true
			}
		}, {
			"streams":	[{
					"socket":	6,
					"start":	56.00031,
					"end":	57.00022,
					"seconds":	0.999909996986389,
					"bytes":	5242880,
					"bits_per_second":	41946815.339791961,
					"retransmits":	0,
					"snd_cwnd":	2898896,
					"snd_wnd":	3143936,
					"rtt":	451336,
					"rttvar":	3270,
					"pmtu":	1500,
					"omitted":	false,
					"sender":	true
				}],
			"sum":	{
				"start":	56.00031,
				"end":	57.00022,
				"seconds":	0.999909996986389,
				"bytes":	5242880,
				"bits_per_second":	41946815.339791961,
				"retransmits":	0,
				"omitted":	false,
				"sender":	true
			}
		}, {
			"streams":	[{
					"socket":	6,
					"start":	57.00022,
					"end":	58.000222,
					"seconds":	1.0000020265579224,
					"bytes":	5242880,
					"bits_per_second":	41942955.000172257,
					"retransmits":	0,
					"snd_cwnd":	5792,
					"snd_wnd":	3143936,
					"rtt":	417706,
					"rttvar":	2903,
					"pmtu":	1500,
					"omitted":	false,
					"sender":	true
				}],
			"sum":	{
				"start":	57.00022,
				"end":	58.000222,
				"seconds":	1.0000020265579224,
				"bytes":	5242880,
				"bits_per_second":	41942955.000172257,
				"retransmits":	0,
				"omitted":	false,
				"sender":	true
			}
		}, {
			"streams":	[{
					"socket":	6,
					"start":	58.000222,
					"end":	59.000073,
					"seconds":	0.99985098838806152,
					"bytes":	3932160,
					"bits_per_second":	31461968.19859603,
					"retransmits":	0,
					"snd_cwnd":	3092928,
					"snd_wnd":	3143936,
					"rtt":	328692,
					"rttvar":	3110,
					"pmtu":	1500,
					"omitted":	false,
					"sender":	true
				}],
			"sum":	{
				"start":	58.000222,
				"end":	59.000073,
				"seconds":	0.99985098838806152,
				"bytes":	3932160,
				"bits_per_second":	31461968.19859603,
				"retransmits":	0,
				"omitted":	false,
				"sender":	true
			}
		}, {
			"streams":	[{
					"socket":	6,
					"start":	59.000073,
					"end":	60.000081,
					"seconds":	1.0000079870224,
					"bytes":	5242880,
					"bits_per_second":	41942705.00267563,
					"retransmits":	0,
					"snd_cwnd":	3116096,
					"snd_wnd":	3143936,
					"rtt":	388050,
					"rttvar":	2794,
					"pmtu":	1500,
					"omitted":	false,
					"sender":	true
				}],
			"sum":	{
				"start":	59.000073,
				"end":	60.000081,
				"seconds":	1.0000079870224,
				"bytes":	5242880,
				"bits_per_second":	41942705.00267563,
				"retransmits":	0,
				"omitted":	false,
				"sender":	true
			}
		}],
	"end":	{
		"streams":	[{
				"sender":	{
					"socket":	6,
					"start":	0,
					"end":	60.000081,
					"seconds":	60.000081,
					"bytes":	90177536,
					"bits_per_second":	12023655.2347321,
					"retransmits":	0,
					"max_snd_cwnd":	3116096,
					"max_snd_wnd":	3143936,
					"max_rtt":	451336,
					"min_rtt":	125720,
					"mean_rtt":	280180,
					"sender":	true
				},
				"receiver":	{
					"socket":	6,
					"start":	0,
					"end":	60.381683,
					"seconds":	60.000081,
					"bytes":	88685536,
					"bits_per_second":	11749991.93049985,
					"sender":	true
				}
			}],
		"sum_sent":	{
			"start":	0,
			"end":	60.000081,
			"seconds":	60.000081,
			"bytes":	90177536,
			"bits_per_second":	12023655.2347321,
			"retransmits":	0,
			"sender":	true
		},
		"sum_received":	{
			"start":	0,
			"end":	60.381683,
			"seconds":	60.381683,
			"bytes":	88685536,
			"bits_per_second":	11749991.93049985,
			"sender":	true
		},
		"cpu_utilization_percent":	{
			"host_total":	0.0963060473030233,
			"host_user":	0.00667264755810339,
			"host_system":	0.089633399744919934,
			"remote_total":	0.96243404623811823,
			"remote_user":	0.1059410454452952,
			"remote_system":	0.856493000792823
		},
		"sender_tcp_congestion":	"bbr",
		"receiver_tcp_congestion":	"bbr"
	}
}
