{
	"start":	{
		"connected":	[{
				"socket":	6,
				"local_host":	"192.168.101.210",
				"local_port":	48218,
				"remote_host":	"192.168.100.168",
				"remote_port":	5201
			}],
		"version":	"iperf 3.11",
		"system_info":	"Linux f1 6.0.10-300.fc37.x86_64 #1 SMP PREEMPT_DYNAMIC Sat Nov 26 16:55:13 UTC 2022 x86_64",
		"timestamp":	{
			"time":	"Sat, 10 Dec 2022 20:18:33 GMT",
			"timesecs":	1670703513
		},
		"connecting_to":	{
			"host":	"192.168.100.168",
			"port":	5201
		},
		"cookie":	"mmaty6f4vt56hkzs6rrv5ygajolekvibbljn",
		"tcp_mss_default":	1448,
		"target_bitrate":	0,
		"sock_bufsize":	0,
		"sndbuf_actual":	16384,
		"rcvbuf_actual":	131072,
		"test_start":	{
			"protocol":	"TCP",
			"num_streams":	1,
			"blksize":	131072,
			"omit":	0,
			"duration":	60,
			"bytes":	0,
			"blocks":	0,
			"reverse":	0,
			"tos":	0,
			"target_bitrate":	0
		}
	},
	"intervals":	[{
			"streams":	[{
					"socket":	6,
					"start":	0,
					"end":	1.00041,
					"seconds":	1.0004099607467651,
					"bytes":	1181568,
					"bits_per_second":	9448670.41602031,
					"retransmits":	0,
					"snd_cwnd":	208512,
					"snd_wnd":	398592,
					"rtt":	248884,
					"rttvar":	11117,
					"pmtu":	1500,
					"omitted":	false,
					"sender":	true
				}],
			"sum":	{
				"start":	0,
				"end":	1.00041,
				"seconds":	1.0004099607467651,
				"bytes":	1181568,
				"bits_per_second":	9448670.41602031,
				"retransmits":	0,
				"omitted":	false,
				"sender":	true
			}
		}, {
			"streams":	[{
					"socket":	6,
					"start":	1.00041,
					"end":	2.000112,
					"seconds":	0.999701976776123,
					"bytes":	977400,
					"bits_per_second":	7821530.997883643,
					"retransmits":	0,
					"snd_cwnd":	238920,
					"snd_wnd":	929536,
					"rtt":	483408,
					"rttvar":	3848,
					"pmtu":	1500,
					"omitted":	false,
					"sender":	true
				}],
			"sum":	{
				"start":	1.00041,
				"end":	2.000112,
				"seconds":	0.999701976776123,
				"bytes":	977400,
				"bits_per_second":	7821530.997883643,
				"retransmits":	0,
				"omitted":	false,
				"sender":	true
			}
		}, {
			"streams":	[{
					"socket":	6,
					"start":	2.000112,
					"end":	3.001034,
					"seconds":	1.0009219646453857,
					"bytes":	0,
					"bits_per_second":	0,
					"retransmits":	0,
					"snd_cwnd":	257744,
					"snd_wnd":	929536,
					"rtt":	583053,
					"rttvar":	6117,
					"pmtu":	1500,
					"omitted":	false,
					"sender":	true
				}],
			"sum":	{
				"start":	2.000112,
				"end":	3.001034,
				"seconds":	1.0009219646453857,
				"bytes":	0,
				"bits_per_second":	0,
				"retransmits":	0,
				"omitted":	false,
				"sender":	true
			}
		}, {
			"streams":	[{
					"socket":	6,
					"start":	3.001034,
					"end":	4.001175,
					"seconds":	1.0001410245895386,
					"bytes":	521280,
					"bits_per_second":	4169651.97654149,
					"retransmits":	0,
					"snd_cwnd":	280912,
					"snd_wnd":	929536,
					"rtt":	608958,
					"rttvar":	855,
					"pmtu":	1500,
					"omitted":	false,
					"sender":	true
				}],
			"sum":	{
				"start":	3.001034,
				"end":	4.001175,
				"seconds":	1.0001410245895386,
				"bytes":	521280,
				"bits_per_second":	4169651.97654149,
				"retransmits":	0,
				"omitted":	false,
				"sender":	true
			}
		}, {
			"streams":	[{
					"socket":	6,
					"start":	4.001175,
					"end":	5.000963,
					"seconds":	0.999787986278534,
					"bytes":	586440,
					"bits_per_second":	4692514.8775422229,
					"retransmits":	0,
					"snd_cwnd":	304080,
					"snd_wnd":	929536,
					"rtt":	627563,
					"rttvar":	889,
					"pmtu":	1500,
					"omitted":	false,
					"sender":	true
				}],
			"sum":	{
				"start":	4.001175,
				"end":	5.000963,
				"seconds":	0.999787986278534,
				"bytes":	586440,
				"bits_per_second":	4692514.8775422229,
				"retransmits":	0,
				"omitted":	false,
				"sender":	true
			}
		}, {
			"streams":	[{
					"socket":	6,
					"start":	5.000963,
					"end":	6.000154,
					"seconds":	0.99919098615646362,
					"bytes":	1368360,
					"bits_per_second":	10955743.348034792,
					"retransmits":	0,
					"snd_cwnd":	338832,
					"snd_wnd":	929536,
					"rtt":	523795,
					"rttvar":	6479,
					"pmtu":	1500,
					"omitted":	false,
					"sender":	true
				}],
			"sum":	{
				"start":	5.000963,
				"end":	6.000154,
				"seconds":	0.99919098615646362,
				"bytes":	1368360,
				"bits_per_second":	10955743.348034792,
				"retransmits":	0,
				"omitted":	false,
				"sender":	true
			}
		}, {
			"streams":	[{
					"socket":	6,
					"start":	6.000154,
					"end":	7.001036,
					"seconds":	1.0008820295333862,
					"bytes":	0,
					"bits_per_second":	0,
					"retransmits":	0,
					"snd_cwnd":	364896,
					"snd_wnd":	929536,
					"rtt":	619506,
					"rttvar":	1156,
					"pmtu":	1500,
					"omitted":	false,
					"sender":	true
				}],
			"sum":	{
				"start":	6.000154,
				"end":	7.001036,
				"seconds":	1.0008820295333862,
				"bytes":	0,
				"bits_per_second":	0,
				"retransmits":	0,
				"omitted":	false,
				"sender":	true
			}
		}, {
			"streams":	[{
					"socket":	6,
					"start":	7.001036,
					"end":	8.001507,
					"seconds":	1.0004709959030151,
					"bytes":	781920,
					"bits_per_second":	6252415.1380860116,
					"retransmits":	0,
					"snd_cwnd":	399648,
					"snd_wnd":	929536,
					"rtt":	642318,
					"rttvar":	2134,
					"pmtu":	1500,
					"omitted":	false,
					"sender":	true
				}],
			"sum":	{
				"start":	7.001036,
				"end":	8.001507,
				"seconds":	1.0004709959030151,
				"bytes":	781920,
				"bits_per_second":	6252415.1380860116,
				"retransmits":	0,
				"omitted":	false,
				"sender":	true
			}
		}, {
			"streams":	[{
					"socket":	6,
					"start":	8.001507,
					"end":	9.000905,
					"seconds":	0.99939799308776855,
					"bytes":	847080,
					"bits_per_second":	6780722.0415389268,
					"retransmits":	0,
					"snd_cwnd":	476392,
					"snd_wnd":	972800,
					"rtt":	679890,
					"rttvar":	2406,
					"pmtu":	1500,
					"omitted":	false,
					"sender":	true
				}],
			"sum":	{
				"start":	8.001507,
				"end":	9.000905,
				"seconds":	0.99939799308776855,
				"bytes":	847080,
				"bits_per_second":	6780722.0415389268,
				"retransmits":	0,
				"omitted":	false,
				"sender":	true
			}
		}, {
			"streams":	[{
					"socket":	6,
					"start":	9.000905,
					"end":	10.000081,
					"seconds":	0.999176025390625,
					"bytes":	2150280,
					"bits_per_second":	17216425.897803977,
					"retransmits":	0,
					"snd_cwnd":	583544,
					"snd_wnd":	1157760,
					"rtt":	744902,
					"rttvar":	1324,
					"pmtu":	1500,
					"omitted":	false,
					"sender":	true
				}],
			"sum":	{
				"start":	9.000905,
				"end":	10.000081,
				"seconds":	0.999176025390625,
				"bytes":	2150280,
				"bits_per_second":	17216425.897803977,
				"retransmits":	0,
				"omitted":	false,
				"sender":	true
			}
		}, {
			"streams":	[{
					"socket":	6,
					"start":	10.000081,
					"end":	11.000101,
					"seconds":	1.0000200271606445,
					"bytes":	1285000,
					"bits_per_second":	10279794.124911668,
					"retransmits":	0,
					"snd_cwnd":	722552,
					"snd_wnd":	1566976,
					"rtt":	772795,
					"rttvar":	1076,
					"pmtu":	1500,
					"omitted":	false,
					"sender":	true
				}],
			"sum":	{
				"start":	10.000081,
				"end":	11.000101,
				"seconds":	1.0000200271606445,
				"bytes":	1285000,
				"bits_per_second":	10279794.124911668,
				"retransmits":	0,
				"omitted":	false,
				"sender":	true
			}
		}, {
			"streams":	[{
					"socket":	6,
					"start":	11.000101,
					"end":	12.001037,
					"seconds":	1.0009360313415527,
					"bytes":	0,
					"bits_per_second":	0,
					"retransmits":	0,
					"snd_cwnd":	899208,
					"snd_wnd":	2019584,
					"rtt":	813625,
					"rttvar":	4943,
					"pmtu":	1500,
					"omitted":	false,
					"sender":	true
				}],
			"sum":	{
				"start":	11.000101,
				"end":	12.001037,
				"seconds":	1.0009360313415527,
				"bytes":	0,
				"bits_per_second":	0,
				"retransmits":	0,
				"omitted":	false,
				"sender":	true
			}
		}, {
			"streams":	[{
					"socket":	6,
					"start":	12.001037,
					"end":	13.000673,
					"seconds":	0.99963599443435669,
					"bytes":	1310720,
					"bits_per_second":	10489578.264869664,
					"retransmits":	0,
					"snd_cwnd":	1107720,
					"snd_wnd":	2541824,
					"rtt":	789247,
					"rttvar":	2767,
					"pmtu":	1500,
					"omitted":	false,
					"sender":	true
				}],
			"sum":	{
				"start":	12.001037,
				"end":	13.000673,
				"seconds":	0.99963599443435669,
				"bytes":	1310720,
				"bits_per_second":	10489578.264869664,
				"retransmits":	0,
				"omitted":	false,
				"sender":	true
			}
		}, {
			"streams":	[{
					"socket":	6,
					"start":	13.000673,
					"end":	14.000354,
					"seconds":	0.999680995941162,
					"bytes":	1310720,
					"bits_per_second":	10489106.067409085,
					"retransmits":	0,
					"snd_cwnd":	1304648,
					"snd_wnd":	2756608,
					"rtt":	1090136,
					"rttvar":	11889,
					"pmtu":	1500,
					"omitted":	false,
					"sender":	true
				}],
			"sum":	{
				"start":	13.000673,
				"end":	14.000354,
				"seconds":	0.999680995941162,
				"bytes":	1310720,
				"bits_per_second":	10489106.067409085,
				"retransmits":	0,
				"omitted":	false,
				"sender":	true
			}
		}, {
			"streams":	[{
					"socket":	6,
					"start":	14.000354,
					"end":	15.001034,
					"seconds":	1.0006799697875977,
					"bytes":	0,
					"bits_per_second":	0,
					"retransmits":	0,
					"snd_cwnd":	1536328,
					"snd_wnd":	3143680,
					"rtt":	1367310,
					"rttvar":	10874,
					"pmtu":	1500,
					"omitted":	false,
					"sender":	true
				}],
			"sum":	{
				"start":	14.000354,
				"end":	15.001034,
				"seconds":	1.0006799697875977,
				"bytes":	0,
				"bits_per_second":	0,
				"retransmits":	0,
				"omitted":	false,
				"sender":	true
			}
		}, {
			"streams":	[{
					"socket":	6,
					"start":	15.001034,
					"end":	16.000621,
					"seconds":	0.99958699941635132,
					"bytes":	1310720,
					"bits_per_second":	10490092.414289631,
					"retransmits":	0,
					"snd_cwnd":	1778144,
					"snd_wnd":	3143936,
					"rtt":	1680885,
					"rttvar":	7557,
					"pmtu":	1500,
					"omitted":	false,
					"sender":	true
				}],
			"sum":	{
				"start":	15.001034,
				"end":	16.000621,
				"seconds":	0.99958699941635132,
				"bytes":	1310720,
				"bits_per_second":	10490092.414289631,
				"retransmits":	0,
				"omitted":	false,
				"sender":	true
			}
		}, {
			"streams":	[{
					"socket":	6,
					"start":	16.000621,
					"end":	17.001066,
					"seconds":	1.0004450082778931,
					"bytes":	0,
					"bits_per_second":	0,
					"retransmits":	0,
					"snd_cwnd":	2090912,
					"snd_wnd":	3143936,
					"rtt":	1832704,
					"rttvar":	5661,
					"pmtu":	1500,
					"omitted":	false,
					"sender":	true
				}],
			"sum":	{
				"start":	16.000621,
				"end":	17.001066,
				"seconds":	1.0004450082778931,
				"bytes":	0,
				"bits_per_second":	0,
				"retransmits":	0,
				"omitted":	false,
				"sender":	true
			}
		}, {
			"streams":	[{
					"socket":	6,
					"start":	17.001066,
					"end":	18.000999,
					"seconds":	0.99993300437927246,
					"bytes":	1310720,
					"bits_per_second":	10486462.547067577,
					"retransmits":	0,
					"snd_cwnd":	2415264,
					"snd_wnd":	3143936,
					"rtt":	2049038,
					"rttvar":	8759,
					"pmtu":	1500,
					"omitted":	false,
					"sender":	true
				}],
			"sum":	{
				"start":	17.001066,
				"end":	18.000999,
				"seconds":	0.99993300437927246,
				"bytes":	1310720,
				"bits_per_second":	10486462.547067577,
				"retransmits":	0,
				"omitted":	false,
				"sender":	true
			}
		}, {
			"streams":	[{
					"socket":	6,
					"start":	18.000999,
					"end":	19.000453,
					"seconds":	0.99945402145385742,
					"bytes":	1310720,
					"bits_per_second":	10491488.12743469,
					"retransmits":	0,
					"snd_cwnd":	2827944,
					"snd_wnd":	3143936,
					"rtt":	2359391,
					"rttvar":	5004,
					"pmtu":	1500,
					"omitted":	false,
					"sender":	true
				}],
			"sum":	{
				"start":	18.000999,
				"end":	19.000453,
				"seconds":	0.99945402145385742,
				"bytes":	1310720,
				"bits_per_second":	10491488.12743469,
				"retransmits":	0,
				"omitted":	false,
				"sender":	true
			}
		}, {
			"streams":	[{
					"socket":	6,
					"start":	19.000453,
					"end":	20.001261,
					"seconds":	1.0008080005645752,
					"bytes":	0,
					"bits_per_second":	0,
					"retransmits":	0,
					"snd_cwnd":	3237728,
					"snd_wnd":	3143936,
					"rtt":	2531388,
					"rttvar":	5991,
					"pmtu":	1500,
					"omitted":	false,
					"sender":	true
				}],
			"sum":	{
				"start":	19.000453,
				"end":	20.001261,
				"seconds":	1.0008080005645752,
				"bytes":	0,
				"bits_per_second":	0,
				"retransmits":	0,
				"omitted":	false,
				"sender":	true
			}
		}, {
			"streams":	[{
					"socket":	6,
					"start":	20.001261,
					"end":	21.000927,
					"seconds":	0.99966597557067871,
					"bytes":	1310720,
					"bits_per_second":	10489263.670311477,
					"retransmits":	0,
					"snd_cwnd":	3656200,
					"snd_wnd":	3143936,
					"rtt":	2375674,
					"rttvar":	14059,
					"pmtu":	1500,
					"omitted":	false,
					"sender":	true
				}],
			"sum":	{
				"start":	20.001261,
				"end":	21.000927,
				"seconds":	0.99966597557067871,
				"bytes":	1310720,
				"bits_per_second":	10489263.670311477,
				"retransmits":	0,
				"omitted":	false,
				"sender":	true
			}
		}, {
			"streams":	[{
					"socket":	6,
					"start":	21.000927,
					"end":	22.000578,
					"seconds":	0.99965101480484,
					"bytes":	1310720,
					"bits_per_second":	10489420.652513532,
					"retransmits":	0,
					"snd_cwnd":	4215128,
					"snd_wnd":	3143936,
					"rtt":	3034291,
					"rttvar":	6464,
					"pmtu":	1500,
					"omitted":	false,
					"sender":	true
				}],
			"sum":	{
				"start":	21.000927,
				"end":	22.000578,
				"seconds":	0.99965101480484,
				"bytes":	1310720,
				"bits_per_second":	10489420.652513532,
				"retransmits":	0,
				"omitted":	false,
				"sender":	true
			}
		}, {
			"streams":	[{
					"socket":	6,
					"start":	22.000578,
					"end":	23.001044,
					"seconds":	1.000465989112854,
					"bytes":	0,
					"bits_per_second":	0,
					"retransmits":	0,
					"snd_cwnd":	4257120,
					"snd_wnd":	3143936,
					"rtt":	2846076,
					"rttvar":	19699,
					"pmtu":	1500,
					"omitted":	false,
					"sender":	true
				}],
			"sum":	{
				"start":	22.000578,
				"end":	23.001044,
				"seconds":	1.000465989112854,
				"bytes":	0,
				"bits_per_second":	0,
				"retransmits":	0,
				"omitted":	false,
				"sender":	true
			}
		}, {
			"streams":	[{
					"socket":	6,
					"start":	23.001044,
					"end":	24.001156,
					"seconds":	1.0001120567321777,
					"bytes":	1310720,
					"bits_per_second":	10484585.131651908,
					"retransmits":	0,
					"snd_cwnd":	4257120,
					"snd_wnd":	3143936,
					"rtt":	2488050,
					"rttvar":	19205,
					"pmtu":	1500,
					"omitted":	false,
					"sender":	true
				}],
			"sum":	{
				"start":	23.001044,
				"end":	24.001156,
				"seconds":	1.0001120567321777,
				"bytes":	1310720,
				"bits_per_second":	10484585.131651908,
				"retransmits":	0,
				"omitted":	false,
				"sender":	true
			}
		}, {
			"streams":	[{
					"socket":	6,
					"start":	24.001156,
					"end":	25.000646,
					"seconds":	0.99949002265930176,
					"bytes":	1310720,
					"bits_per_second":	10491110.2284953,
					"retransmits":	0,
					"snd_cwnd":	4257120,
					"snd_wnd":	3143936,
					"rtt":	3360443,
					"rttvar":	674,
					"pmtu":	1500,
					"omitted":	false,
					"sender":	true
				}],
			"sum":	{
				"start":	24.001156,
				"end":	25.000646,
				"seconds":	0.99949002265930176,
				"bytes":	1310720,
				"bits_per_second":	10491110.2284953,
				"retransmits":	0,
				"omitted":	false,
				"sender":	true
			}
		}, {
			"streams":	[{
					"socket":	6,
					"start":	25.000646,
					"end":	26.000089,
					"seconds":	0.999442994594574,
					"bytes":	1310720,
					"bits_per_second":	10491603.880072789,
					"retransmits":	0,
					"snd_cwnd":	4257120,
					"snd_wnd":	3143936,
					"rtt":	2925946,
					"rttvar":	19444,
					"pmtu":	1500,
					"omitted":	false,
					"sender":	true
				}],
			"sum":	{
				"start":	25.000646,
				"end":	26.000089,
				"seconds":	0.999442994594574,
				"bytes":	1310720,
				"bits_per_second":	10491603.880072789,
				"retransmits":	0,
				"omitted":	false,
				"sender":	true
			}
		}, {
			"streams":	[{
					"socket":	6,
					"start":	26.000089,
					"end":	27.001051,
					"seconds":	1.0009620189666748,
					"bytes":	0,
					"bits_per_second":	0,
					"retransmits":	0,
					"snd_cwnd":	4257120,
					"snd_wnd":	3143936,
					"rtt":	2562187,
					"rttvar":	20038,
					"pmtu":	1500,
					"omitted":	false,
					"sender":	true
				}],
			"sum":	{
				"start":	26.000089,
				"end":	27.001051,
				"seconds":	1.0009620189666748,
				"bytes":	0,
				"bits_per_second":	0,
				"retransmits":	0,
				"omitted":	false,
				"sender":	true
			}
		}, {
			"streams":	[{
					"socket":	6,
					"start":	27.001051,
					"end":	28.000958,
					"seconds":	0.99990701675415039,
					"bytes":	1310720,
					"bits_per_second":	10486735.090667095,
					"retransmits":	0,
					"snd_cwnd":	4257120,
					"snd_wnd":	3143936,
					"rtt":	2003331,
					"rttvar":	19936,
					"pmtu":	1500,
					"omitted":	false,
					"sender":	true
				}],
			"sum":	{
				"start":	27.001051,
				"end":	28.000958,
				"seconds":	0.99990701675415039,
				"bytes":	1310720,
				"bits_per_second":	10486735.090667095,
				"retransmits":	0,
				"omitted":	false,
				"sender":	true
			}
		}, {
			"streams":	[{
					"socket":	6,
					"start":	28.000958,
					"end":	29.00089,
					"seconds":	0.99993199110031128,
					"bytes":	1310720,
					"bits_per_second":	10486473.173502145,
					"retransmits":	0,
					"snd_cwnd":	4257120,
					"snd_wnd":	3143936,
					"rtt":	1907297,
					"rttvar":	19710,
					"pmtu":	1500,
					"omitted":	false,
					"sender":	true
				}],
			"sum":	{
				"start":	28.000958,
				"end":	29.00089,
				"seconds":	0.99993199110031128,
				"bytes":	1310720,
				"bits_per_second":	10486473.173502145,
				"retransmits":	0,
				"omitted":	false,
				"sender":	true
			}
		}, {
			"streams":	[{
					"socket":	6,
					"start":	29.00089,
					"end":	30.00079,
					"seconds":	0.999899983406067,
					"bytes":	1310720,
					"bits_per_second":	10486808.854902895,
					"retransmits":	0,
					"snd_cwnd":	4257120,
					"snd_wnd":	3143936,
					"rtt":	2579205,
					"rttvar":	14250,
					"pmtu":	1500,
					"omitted":	false,
					"sender":	true
				}],
			"sum":	{
				"start":	29.00089,
				"end":	30.00079,
				"seconds":	0.999899983406067,
				"bytes":	1310720,
				"bits_per_second":	10486808.854902895,
				"retransmits":	0,
				"omitted":	false,
				"sender":	true
			}
		}, {
			"streams":	[{
					"socket":	6,
					"start":	30.00079,
					"end":	31.000421,
					"seconds":	0.99963098764419556,
					"bytes":	1310720,
					"bits_per_second":	10489630.803374272,
					"retransmits":	0,
					"snd_cwnd":	4257120,
					"snd_wnd":	3143936,
					"rtt":	2801423,
					"rttvar":	19896,
					"pmtu":	1500,
					"omitted":	false,
					"sender":	true
				}],
			"sum":	{
				"start":	30.00079,
				"end":	31.000421,
				"seconds":	0.99963098764419556,
				"bytes":	1310720,
				"bits_per_second":	10489630.803374272,
				"retransmits":	0,
				"omitted":	false,
				"sender":	true
			}
		}, {
			"streams":	[{
					"socket":	6,
					"start":	31.000421,
					"end":	32.001041,
					"seconds":	1.0006200075149536,
					"bytes":	0,
					"bits_per_second":	0,
					"retransmits":	0,
					"snd_cwnd":	4257120,
					"snd_wnd":	3143936,
					"rtt":	2709890,
					"rttvar":	19479,
					"pmtu":	1500,
					"omitted":	false,
					"sender":	true
				}],
			"sum":	{
				"start":	31.000421,
				"end":	32.001041,
				"seconds":	1.0006200075149536,
				"bytes":	0,
				"bits_per_second":	0,
				"retransmits":	0,
				"omitted":	false,
				"sender":	true
			}
		}, {
			"streams":	[{
					"socket":	6,
					"start":	32.001041,
					"end":	33.000861,
					"seconds":	0.99981999397277832,
					"bytes":	1310720,
					"bits_per_second":	10487647.839822546,
					"retransmits":	0,
					"snd_cwnd":	4257120,
					"snd_wnd":	3143936,
					"rtt":	3310706,
					"rttvar":	14256,
					"pmtu":	1500,
					"omitted":	false,
					"sender":	true
				}],
			"sum":	{
				"start":	32.001041,
				"end":	33.000861,
				"seconds":	0.99981999397277832,
				"bytes":	1310720,
				"bits_per_second":	10487647.839822546,
				"retransmits":	0,
				"omitted":	false,
				"sender":	true
			}
		}, {
			"streams":	[{
					"socket":	6,
					"start":	33.000861,
					"end":	34.000365,
					"seconds":	0.999504029750824,
					"bytes":	1310720,
					"bits_per_second":	10490963.205635196,
					"retransmits":	0,
					"snd_cwnd":	4257120,
					"snd_wnd":	3143936,
					"rtt":	3334455,
					"rttvar":	19902,
					"pmtu":	1500,
					"omitted":	false,
					"sender":	true
				}],
			"sum":	{
				"start":	33.000861,
				"end":	34.000365,
				"seconds":	0.999504029750824,
				"bytes":	1310720,
				"bits_per_second":	10490963.205635196,
				"retransmits":	0,
				"omitted":	false,
				"sender":	true
			}
		}, {
			"streams":	[{
					"socket":	6,
					"start":	34.000365,
					"end":	35.001267,
					"seconds":	1.0009020566940308,
					"bytes":	0,
					"bits_per_second":	0,
					"retransmits":	0,
					"snd_cwnd":	4257120,
					"snd_wnd":	3143936,
					"rtt":	2782678,
					"rttvar":	17529,
					"pmtu":	1500,
					"omitted":	false,
					"sender":	true
				}],
			"sum":	{
				"start":	34.000365,
				"end":	35.001267,
				"seconds":	1.0009020566940308,
				"bytes":	0,
				"bits_per_second":	0,
				"retransmits":	0,
				"omitted":	false,
				"sender":	true
			}
		}, {
			"streams":	[{
					"socket":	6,
					"start":	35.001267,
					"end":	36.000581,
					"seconds":	0.99931401014328,
					"bytes":	1310720,
					"bits_per_second":	10492958.062798068,
					"retransmits":	0,
					"snd_cwnd":	4257120,
					"snd_wnd":	3143936,
					"rtt":	3721096,
					"rttvar":	9615,
					"pmtu":	1500,
					"omitted":	false,
					"sender":	true
				}],
			"sum":	{
				"start":	35.001267,
				"end":	36.000581,
				"seconds":	0.99931401014328,
				"bytes":	1310720,
				"bits_per_second":	10492958.062798068,
				"retransmits":	0,
				"omitted":	false,
				"sender":	true
			}
		}, {
			"streams":	[{
					"socket":	6,
					"start":	36.000581,
					"end":	37.001042,
					"seconds":	1.0004609823226929,
					"bytes":	0,
					"bits_per_second":	0,
					"retransmits":	0,
					"snd_cwnd":	4257120,
					"snd_wnd":	3143936,
					"rtt":	3281868,
					"rttvar":	20045,
					"pmtu":	1500,
					"omitted":	false,
					"sender":	true
				}],
			"sum":	{
				"start":	36.000581,
				"end":	37.001042,
				"seconds":	1.0004609823226929,
				"bytes":	0,
				"bits_per_second":	0,
				"retransmits":	0,
				"omitted":	false,
				"sender":	true
			}
		}, {
			"streams":	[{
					"socket":	6,
					"start":	37.001042,
					"end":	38.00096,
					"seconds":	0.999917984008789,
					"bytes":	1310720,
					"bits_per_second":	10486620.070539538,
					"retransmits":	0,
					"snd_cwnd":	4257120,
					"snd_wnd":	3143936,
					"rtt":	3827657,
					"rttvar":	6452,
					"pmtu":	1500,
					"omitted":	false,
					"sender":	true
				}],
			"sum":	{
				"start":	37.001042,
				"end":	38.00096,
				"seconds":	0.999917984008789,
				"bytes":	1310720,
				"bits_per_second":	10486620.070539538,
				"retransmits":	0,
				"omitted":	false,
				"sender":	true
			}
		}, {
			"streams":	[{
					"socket":	6,
					"start":	38.00096,
					"end":	39.000437,
					"seconds":	0.99947702884674072,
					"bytes":	1310720,
					"bits_per_second":	10491246.619343646,
					"retransmits":	0,
					"snd_cwnd":	4257120,
					"snd_wnd":	3143936,
					"rtt":	3514620,
					"rttvar":	21020,
					"pmtu":	1500,
					"omitted":	false,
					"sender":	true
				}],
			"sum":	{
				"start":	38.00096,
				"end":	39.000437,
				"seconds":	0.99947702884674072,
				"bytes":	1310720,
				"bits_per_second":	10491246.619343646,
				"retransmits":	0,
				"omitted":	false,
				"sender":	true
			}
		}, {
			"streams":	[{
					"socket":	6,
					"start":	39.000437,
					"end":	40.00106,
					"seconds":	1.0006229877471924,
					"bytes":	0,
					"bits_per_second":	0,
					"retransmits":	0,
					"snd_cwnd":	4257120,
					"snd_wnd":	3143936,
					"rtt":	2906148,
					"rttvar":	19987,
					"pmtu":	1500,
					"omitted":	false,
					"sender":	true
				}],
			"sum":	{
				"start":	39.000437,
				"end":	40.00106,
				"seconds":	1.0006229877471924,
				"bytes":	0,
				"bits_per_second":	0,
				"retransmits":	0,
				"omitted":	false,
				"sender":	true
			}
		}, {
			"streams":	[{
					"socket":	6,
					"start":	40.00106,
					"end":	41.000748,
					"seconds":	0.99968802928924561,
					"bytes":	1310720,
					"bits_per_second":	10489032.270852664,
					"retransmits":	0,
					"snd_cwnd":	4257120,
					"snd_wnd":	3143936,
					"rtt":	3670185,
					"rttvar":	8045,
					"pmtu":	1500,
					"omitted":	false,
					"sender":	true
				}],
			"sum":	{
				"start":	40.00106,
				"end":	41.000748,
				"seconds":	0.99968802928924561,
				"bytes":	1310720,
				"bits_per_second":	10489032.270852664,
				"retransmits":	0,
				"omitted":	false,
				"sender":	true
			}
		}, {
			"streams":	[{
					"socket":	6,
					"start":	41.000748,
					"end":	42.000086,
					"seconds":	0.99933797121047974,
					"bytes":	1310720,
					"bits_per_second":	10492706.473765619,
					"retransmits":	0,
					"snd_cwnd":	4257120,
					"snd_wnd":	3143936,
					"rtt":	3358324,
					"rttvar":	19454,
					"pmtu":	1500,
					"omitted":	false,
					"sender":	true
				}],
			"sum":	{
				"start":	41.000748,
				"end":	42.000086,
				"seconds":	0.99933797121047974,
				"bytes":	1310720,
				"bits_per_second":	10492706.473765619,
				"retransmits":	0,
				"omitted":	false,
				"sender":	true
			}
		}, {
			"streams":	[{
					"socket":	6,
					"start":	42.000086,
					"end":	43.001043,
					"seconds":	1.0009570121765137,
					"bytes":	0,
					"bits_per_second":	0,
					"retransmits":	0,
					"snd_cwnd":	4257120,
					"snd_wnd":	3143936,
					"rtt":	3765637,
					"rttvar":	20510,
					"pmtu":	1500,
					"omitted":	false,
					"sender":	true
				}],
			"sum":	{
				"start":	42.000086,
				"end":	43.001043,
				"seconds":	1.0009570121765137,
				"bytes":	0,
				"bits_per_second":	0,
				"retransmits":	0,
				"omitted":	false,
				"sender":	true
			}
		}, {
			"streams":	[{
					"socket":	6,
					"start":	43.001043,
					"end":	44.000317,
					"seconds":	0.99927401542663574,
					"bytes":	1310720,
					"bits_per_second":	10493378.030572675,
					"retransmits":	0,
					"snd_cwnd":	4257120,
					"snd_wnd":	3143936,
					"rtt":	3692670,
					"rttvar":	19579,
					"pmtu":	1500,
					"omitted":	false,
					"sender":	true
				}],
			"sum":	{
				"start":	43.001043,
				"end":	44.000317,
				"seconds":	0.99927401542663574,
				"bytes":	1310720,
				"bits_per_second":	10493378.030572675,
				"retransmits":	0,
				"omitted":	false,
				"sender":	true
			}
		}, {
			"streams":	[{
					"socket":	6,
					"start":	44.000317,
					"end":	45.000082,
					"seconds":	0.99976497888565063,
					"bytes":	1310720,
					"bits_per_second":	10488224.954316311,
					"retransmits":	0,
					"snd_cwnd":	4257120,
					"snd_wnd":	3143936,
					"rtt":	2999996,
					"rttvar":	19521,
					"pmtu":	1500,
					"omitted":	false,
					"sender":	true
				}],
			"sum":	{
				"start":	44.000317,
				"end":	45.000082,
				"seconds":	0.99976497888565063,
				"bytes":	1310720,
				"bits_per_second":	10488224.954316311,
				"retransmits":	0,
				"omitted":	false,
				"sender":	true
			}
		}, {
			"streams":	[{
					"socket":	6,
					"start":	45.000082,
					"end":	46.00104,
					"seconds":	1.00095796585083,
					"bytes":	0,
					"bits_per_second":	0,
					"retransmits":	0,
					"snd_cwnd":	4257120,
					"snd_wnd":	3143936,
					"rtt":	2260304,
					"rttvar":	19698,
					"pmtu":	1500,
					"omitted":	false,
					"sender":	true
				}],
			"sum":	{
				"start":	45.000082,
				"end":	46.00104,
				"seconds":	1.00095796585083,
				"bytes":	0,
				"bits_per_second":	0,
				"retransmits":	0,
				"omitted":	false,
				"sender":	true
			}
		}, {
			"streams":	[{
					"socket":	6,
					"start":	46.00104,
					"end":	47.000978,
					"seconds":	0.99993801116943359,
					"bytes":	1310720,
					"bits_per_second":	10486410.040295238,
					"retransmits":	0,
					"snd_cwnd":	4257120,
					"snd_wnd":	3143936,
					"rtt":	1993308,
					"rttvar":	20041,
					"pmtu":	1500,
					"omitted":	false,
					"sender":	true
				}],
			"sum":	{
				"start":	46.00104,
				"end":	47.000978,
				"seconds":	0.99993801116943359,
				"bytes":	1310720,
				"bits_per_second":	10486410.040295238,
				"retransmits":	0,
				"omitted":	false,
				"sender":	true
			}
		}, {
			"streams":	[{
					"socket":	6,
					"start":	47.000978,
					"end":	48.000855,
					"seconds":	0.99987697601318359,
					"bytes":	1310720,
					"bits_per_second":	10487050.158720469,
					"retransmits":	0,
					"snd_cwnd":	4257120,
					"snd_wnd":	3143936,
					"rtt":	1897211,
					"rttvar":	19892,
					"pmtu":	1500,
					"omitted":	false,
					"sender":	true
				}],
			"sum":	{
				"start":	47.000978,
				"end":	48.000855,
				"seconds":	0.99987697601318359,
				"bytes":	1310720,
				"bits_per_second":	10487050.158720469,
				"retransmits":	0,
				"omitted":	false,
				"sender":	true
			}
		}, {
			"streams":	[{
					"socket":	6,
					"start":	48.000855,
					"end":	49.000759,
					"seconds":	0.999903976917267,
					"bytes":	1310720,
					"bits_per_second":	10486766.971692527,
					"retransmits":	0,
					"snd_cwnd":	4257120,
					"snd_wnd":	3143936,
					"rtt":	2633685,
					"rttvar":	675,
					"pmtu":	1500,
					"omitted":	false,
					"sender":	true
				}],
			"sum":	{
				"start":	48.000855,
				"end":	49.000759,
				"seconds":	0.999903976917267,
				"bytes":	1310720,
				"bits_per_second":	10486766.971692527,
				"retransmits":	0,
				"omitted":	false,
				"sender":	true
			}
		}, {
			"streams":	[{
					"socket":	6,
					"start":	49.000759,
					"end":	50.000431,
					"seconds":	0.999671995639801,
					"bytes":	1310720,
					"bits_per_second":	10489200.503500149,
					"retransmits":	0,
					"snd_cwnd":	4257120,
					"snd_wnd":	3143936,
					"rtt":	2794837,
					"rttvar":	19644,
					"pmtu":	1500,
					"omitted":	false,
					"sender":	true
				}],
			"sum":	{
				"start":	49.000759,
				"end":	50.000431,
				"seconds":	0.999671995639801,
				"bytes":	1310720,
				"bits_per_second":	10489200.503500149,
				"retransmits":	0,
				"omitted":	false,
				"sender":	true
			}
		}, {
			"streams":	[{
					"socket":	6,
					"start":	50.000431,
					"end":	51.001038,
					"seconds":	1.0006070137023926,
					"bytes":	0,
					"bits_per_second":	0,
					"retransmits":	0,
					"snd_cwnd":	4257120,
					"snd_wnd":	3143936,
					"rtt":	2698022,
					"rttvar":	20047,
					"pmtu":	1500,
					"omitted":	false,
					"sender":	true
				}],
			"sum":	{
				"start":	50.000431,
				"end":	51.001038,
				"seconds":	1.0006070137023926,
				"bytes":	0,
				"bits_per_second":	0,
				"retransmits":	0,
				"omitted":	false,
				"sender":	true
			}
		}, {
			"streams":	[{
					"socket":	6,
					"start":	51.001038,
					"end":	52.000929,
					"seconds":	0.99989098310470581,
					"bytes":	1310720,
					"bits_per_second":	10486903.249633526,
					"retransmits":	0,
					"snd_cwnd":	4257120,
					"snd_wnd":	3143936,
					"rtt":	3304093,
					"rttvar":	8162,
					"pmtu":	1500,
					"omitted":	false,
					"sender":	true
				}],
			"sum":	{
				"start":	51.001038,
				"end":	52.000929,
				"seconds":	0.99989098310470581,
				"bytes":	1310720,
				"bits_per_second":	10486903.249633526,
				"retransmits":	0,
				"omitted":	false,
				"sender":	true
			}
		}, {
			"streams":	[{
					"socket":	6,
					"start":	52.000929,
					"end":	53.000321,
					"seconds":	0.99939197301864624,
					"bytes":	1310720,
					"bits_per_second":	10492139.503910506,
					"retransmits":	0,
					"snd_cwnd":	4257120,
					"snd_wnd":	3143936,
					"rtt":	3371362,
					"rttvar":	19890,
					"pmtu":	1500,
					"omitted":	false,
					"sender":	true
				}],
			"sum":	{
				"start":	52.000929,
				"end":	53.000321,
				"seconds":	0.99939197301864624,
				"bytes":	1310720,
				"bits_per_second":	10492139.503910506,
				"retransmits":	0,
				"omitted":	false,
				"sender":	true
			}
		}, {
			"streams":	[{
					"socket":	6,
					"start":	53.000321,
					"end":	54.001058,
					"seconds":	1.0007369518280029,
					"bytes":	0,
					"bits_per_second":	0,
					"retransmits":	0,
					"snd_cwnd":	4257120,
					"snd_wnd":	3143936,
					"rtt":	2853730,
					"rttvar":	19256,
					"pmtu":	1500,
					"omitted":	false,
					"sender":	true
				}],
			"sum":	{
				"start":	53.000321,
				"end":	54.001058,
				"seconds":	1.0007369518280029,
				"bytes":	0,
				"bits_per_second":	0,
				"retransmits":	0,
				"omitted":	false,
				"sender":	true
			}
		}, {
			"streams":	[{
					"socket":	6,
					"start":	54.001058,
					"end":	55.000626,
					"seconds":	0.999567985534668,
					"bytes":	1310720,
					"bits_per_second":	10490291.957871357,
					"retransmits":	0,
					"snd_cwnd":	4257120,
					"snd_wnd":	3143936,
					"rtt":	3750140,
					"rttvar":	8266,
					"pmtu":	1500,
					"omitted":	false,
					"sender":	true
				}],
			"sum":	{
				"start":	54.001058,
				"end":	55.000626,
				"seconds":	0.999567985534668,
				"bytes":	1310720,
				"bits_per_second":	10490291.957871357,
				"retransmits":	0,
				"omitted":	false,
				"sender":	true
			}
		}, {
			"streams":	[{
					"socket":	6,
					"start":	55.000626,
					"end":	56.001039,
					"seconds":	1.0004129409790039,
					"bytes":	0,
					"bits_per_second":	0,
					"retransmits":	0,
					"snd_cwnd":	4257120,
					"snd_wnd":	3143936,
					"rtt":	3243263,
					"rttvar":	20814,
					"pmtu":	1500,
					"omitted":	false,
					"sender":	true
				}],
			"sum":	{
				"start":	55.000626,
				"end":	56.001039,
				"seconds":	1.0004129409790039,
				"bytes":	0,
				"bits_per_second":	0,
				"retransmits":	0,
				"omitted":	false,
				"sender":	true
			}
		}, {
			"streams":	[{
					"socket":	6,
					"start":	56.001039,
					"end":	57.000903,
					"seconds":	0.99986398220062256,
					"bytes":	1310720,
					"bits_per_second":	10487186.444021776,
					"retransmits":	0,
					"snd_cwnd":	4257120,
					"snd_wnd":	3143936,
					"rtt":	3804976,
					"rttvar":	20930,
					"pmtu":	1500,
					"omitted":	false,
					"sender":	true
				}],
			"sum":	{
				"start":	56.001039,
				"end":	57.000903,
				"seconds":	0.99986398220062256,
				"bytes":	1310720,
				"bits_per_second":	10487186.444021776,
				"retransmits":	0,
				"omitted":	false,
				"sender":	true
			}
		}, {
			"streams":	[{
					"socket":	6,
					"start":	57.000903,
					"end":	58.000178,
					"seconds":	0.999275028705597,
					"bytes":	1310720,
					"bits_per_second":	10493367.390139477,
					"retransmits":	0,
					"snd_cwnd":	4257120,
					"snd_wnd":	3143936,
					"rtt":	3558359,
					"rttvar":	19635,
					"pmtu":	1500,
					"omitted":	false,
					"sender":	true
				}],
			"sum":	{
				"start":	57.000903,
				"end":	58.000178,
				"seconds":	0.999275028705597,
				"bytes":	1310720,
				"bits_per_second":	10493367.390139477,
				"retransmits":	0,
				"omitted":	false,
				"sender":	true
			}
		}, {
			"streams":	[{
					"socket":	6,
					"start":	58.000178,
					"end":	59.001063,
					"seconds":	1.000885009765625,
					"bytes":	0,
					"bits_per_second":	0,
					"retransmits":	0,
					"snd_cwnd":	4257120,
					"snd_wnd":	3143936,
					"rtt":	3921473,
					"rttvar":	7575,
					"pmtu":	1500,
					"omitted":	false,
					"sender":	true
				}],
			"sum":	{
				"start":	58.000178,
				"end":	59.001063,
				"seconds":	1.000885009765625,
				"bytes":	0,
				"bits_per_second":	0,
				"retransmits":	0,
				"omitted":	false,
				"sender":	true
			}
		}, {
			"streams":	[{
					"socket":	6,
					"start":	59.001063,
					"end":	60.000332,
					"seconds":	0.99926900863647461,
					"bytes":	1310720,
					"bits_per_second":	10493430.607147578,
					"retransmits":	0,
					"snd_cwnd":	4257120,
					"snd_wnd":	3143936,
					"rtt":	3839786,
					"rttvar":	20483,
					"pmtu":	1500,
					"omitted":	false,
					"sender":	true
				}],
			"sum":	{
				"start":	59.001063,
				"end":	60.000332,
				"seconds":	0.99926900863647461,
				"bytes":	1310720,
				"bits_per_second":	10493430.607147578,
				"retransmits":	0,
				"omitted":	false,
				"sender":	true
			}
		}],
	"end":	{
		"streams":	[{
				"sender":	{
					"socket":	6,
					"start":	0,
					"end":	60.000332,
					"seconds":	60.000332,
					"bytes":	52953088,
					"bits_per_second":	7060372.6659379154,
					"retransmits":	0,
					"max_snd_cwnd":	4257120,
					"max_snd_wnd":	3143936,
					"max_rtt":	3921473,
					"min_rtt":	248884,
					"mean_rtt":	2378886,
					"sender":	true
				},
				"receiver":	{
					"socket":	6,
					"start":	0,
					"end":	63.297041,
					"seconds":	60.000332,
					"bytes":	52952528,
					"bits_per_second":	6692575.47126097,
					"sender":	true
				}
			}],
		"sum_sent":	{
			"start":	0,
			"end":	60.000332,
			"seconds":	60.000332,
			"bytes":	52953088,
			"bits_per_second":	7060372.6659379154,
			"retransmits":	0,
			"sender":	true
		},
		"sum_received":	{
			"start":	0,
			"end":	63.297041,
			"seconds":	63.297041,
			"bytes":	52952528,
			"bits_per_second":	6692575.47126097,
			"sender":	true
		},
		"cpu_utilization_percent":	{
			"host_total":	0.35117294203304472,
			"host_user":	0.066417677127922278,
			"host_system":	0.28475362025186551,
			"remote_total":	0.800075137776947,
			"remote_user":	0.049108129912205242,
			"remote_system":	0.750967007864742
		},
		"sender_tcp_congestion":	"cubic",
		"receiver_tcp_congestion":	"cubic"
	}
}
