{
	"start":	{
		"connected":	[{
				"socket":	6,
				"local_host":	"192.168.101.210",
				"local_port":	51236,
				"remote_host":	"192.168.100.168",
				"remote_port":	5202
			}],
		"version":	"iperf 3.11",
		"system_info":	"Linux f1 6.0.10-300.fc37.x86_64 #1 SMP PREEMPT_DYNAMIC Sat Nov 26 16:55:13 UTC 2022 x86_64",
		"timestamp":	{
			"time":	"Sat, 10 Dec 2022 20:26:50 GMT",
			"timesecs":	1670704010
		},
		"connecting_to":	{
			"host":	"192.168.100.168",
			"port":	5202
		},
		"cookie":	"pjzlnhfdrzy5zfz7jefkhqg2eow3k4hdi5yl",
		"tcp_mss_default":	1448,
		"target_bitrate":	0,
		"sock_bufsize":	0,
		"sndbuf_actual":	16384,
		"rcvbuf_actual":	131072,
		"test_start":	{
			"protocol":	"TCP",
			"num_streams":	1,
			"blksize":	131072,
			"omit":	0,
			"duration":	60,
			"bytes":	0,
			"blocks":	0,
			"reverse":	0,
			"tos":	0,
			"target_bitrate":	0
		}
	},
	"intervals":	[{
			"streams":	[{
					"socket":	6,
					"start":	0,
					"end":	1.00017,
					"seconds":	1.0001699924468994,
					"bytes":	1384288,
					"bits_per_second":	11072421.771929888,
					"retransmits":	0,
					"snd_cwnd":	209960,
					"snd_wnd":	337280,
					"rtt":	200240,
					"rttvar":	164,
					"pmtu":	1500,
					"omitted":	false,
					"sender":	true
				}],
			"sum":	{
				"start":	0,
				"end":	1.00017,
				"seconds":	1.0001699924468994,
				"bytes":	1384288,
				"bits_per_second":	11072421.771929888,
				"retransmits":	0,
				"omitted":	false,
				"sender":	true
			}
		}, {
			"streams":	[{
					"socket":	6,
					"start":	1.00017,
					"end":	2.00017,
					"seconds":	1,
					"bytes":	5562528,
					"bits_per_second":	44500224,
					"retransmits":	0,
					"snd_cwnd":	3310128,
					"snd_wnd":	3044608,
					"rtt":	286734,
					"rttvar":	29978,
					"pmtu":	1500,
					"omitted":	false,
					"sender":	true
				}],
			"sum":	{
				"start":	1.00017,
				"end":	2.00017,
				"seconds":	1,
				"bytes":	5562528,
				"bits_per_second":	44500224,
				"retransmits":	0,
				"omitted":	false,
				"sender":	true
			}
		}, {
			"streams":	[{
					"socket":	6,
					"start":	2.00017,
					"end":	3.000336,
					"seconds":	1.0001660585403442,
					"bytes":	5242880,
					"bits_per_second":	41936076.1564057,
					"retransmits":	0,
					"snd_cwnd":	3976208,
					"snd_wnd":	3143552,
					"rtt":	482620,
					"rttvar":	6151,
					"pmtu":	1500,
					"omitted":	false,
					"sender":	true
				}],
			"sum":	{
				"start":	2.00017,
				"end":	3.000336,
				"seconds":	1.0001660585403442,
				"bytes":	5242880,
				"bits_per_second":	41936076.1564057,
				"retransmits":	0,
				"omitted":	false,
				"sender":	true
			}
		}, {
			"streams":	[{
					"socket":	6,
					"start":	3.000336,
					"end":	4.000155,
					"seconds":	0.999818980693817,
					"bytes":	6553600,
					"bits_per_second":	52438292.3432974,
					"retransmits":	0,
					"snd_cwnd":	3976208,
					"snd_wnd":	3143552,
					"rtt":	474839,
					"rttvar":	4184,
					"pmtu":	1500,
					"omitted":	false,
					"sender":	true
				}],
			"sum":	{
				"start":	3.000336,
				"end":	4.000155,
				"seconds":	0.999818980693817,
				"bytes":	6553600,
				"bits_per_second":	52438292.3432974,
				"retransmits":	0,
				"omitted":	false,
				"sender":	true
			}
		}, {
			"streams":	[{
					"socket":	6,
					"start":	4.000155,
					"end":	5.000074,
					"seconds":	0.99991899728775024,
					"bytes":	6553600,
					"bits_per_second":	52433047.219036259,
					"retransmits":	0,
					"snd_cwnd":	3976208,
					"snd_wnd":	3143552,
					"rtt":	445936,
					"rttvar":	2065,
					"pmtu":	1500,
					"omitted":	false,
					"sender":	true
				}],
			"sum":	{
				"start":	4.000155,
				"end":	5.000074,
				"seconds":	0.99991899728775024,
				"bytes":	6553600,
				"bits_per_second":	52433047.219036259,
				"retransmits":	0,
				"omitted":	false,
				"sender":	true
			}
		}, {
			"streams":	[{
					"socket":	6,
					"start":	5.000074,
					"end":	6.000206,
					"seconds":	1.0001319646835327,
					"bytes":	5242880,
					"bits_per_second":	41937505.730328143,
					"retransmits":	0,
					"snd_cwnd":	3976208,
					"snd_wnd":	3143552,
					"rtt":	474863,
					"rttvar":	4180,
					"pmtu":	1500,
					"omitted":	false,
					"sender":	true
				}],
			"sum":	{
				"start":	5.000074,
				"end":	6.000206,
				"seconds":	1.0001319646835327,
				"bytes":	5242880,
				"bits_per_second":	41937505.730328143,
				"retransmits":	0,
				"omitted":	false,
				"sender":	true
			}
		}, {
			"streams":	[{
					"socket":	6,
					"start":	6.000206,
					"end":	7.000077,
					"seconds":	0.999871015548706,
					"bytes":	6553600,
					"bits_per_second":	52435563.372369871,
					"retransmits":	0,
					"snd_cwnd":	3976208,
					"snd_wnd":	3143552,
					"rtt":	452495,
					"rttvar":	3508,
					"pmtu":	1500,
					"omitted":	false,
					"sender":	true
				}],
			"sum":	{
				"start":	6.000206,
				"end":	7.000077,
				"seconds":	0.999871015548706,
				"bytes":	6553600,
				"bits_per_second":	52435563.372369871,
				"retransmits":	0,
				"omitted":	false,
				"sender":	true
			}
		}, {
			"streams":	[{
					"socket":	6,
					"start":	7.000077,
					"end":	8.000202,
					"seconds":	1.0001250505447388,
					"bytes":	5242880,
					"bits_per_second":	41937795.6558081,
					"retransmits":	0,
					"snd_cwnd":	3976208,
					"snd_wnd":	3143552,
					"rtt":	474851,
					"rttvar":	4179,
					"pmtu":	1500,
					"omitted":	false,
					"sender":	true
				}],
			"sum":	{
				"start":	7.000077,
				"end":	8.000202,
				"seconds":	1.0001250505447388,
				"bytes":	5242880,
				"bits_per_second":	41937795.6558081,
				"retransmits":	0,
				"omitted":	false,
				"sender":	true
			}
		}, {
			"streams":	[{
					"socket":	6,
					"start":	8.000202,
					"end":	9.000098,
					"seconds":	0.999895989894867,
					"bytes":	6553600,
					"bits_per_second":	52434253.6922391,
					"retransmits":	0,
					"snd_cwnd":	3976208,
					"snd_wnd":	3143552,
					"rtt":	462865,
					"rttvar":	4041,
					"pmtu":	1500,
					"omitted":	false,
					"sender":	true
				}],
			"sum":	{
				"start":	8.000202,
				"end":	9.000098,
				"seconds":	0.999895989894867,
				"bytes":	6553600,
				"bits_per_second":	52434253.6922391,
				"retransmits":	0,
				"omitted":	false,
				"sender":	true
			}
		}, {
			"streams":	[{
					"socket":	6,
					"start":	9.000098,
					"end":	10.000225,
					"seconds":	1.0001269578933716,
					"bytes":	5242880,
					"bits_per_second":	41937715.675964966,
					"retransmits":	0,
					"snd_cwnd":	3976208,
					"snd_wnd":	3143552,
					"rtt":	474849,
					"rttvar":	4175,
					"pmtu":	1500,
					"omitted":	false,
					"sender":	true
				}],
			"sum":	{
				"start":	9.000098,
				"end":	10.000225,
				"seconds":	1.0001269578933716,
				"bytes":	5242880,
				"bits_per_second":	41937715.675964966,
				"retransmits":	0,
				"omitted":	false,
				"sender":	true
			}
		}, {
			"streams":	[{
					"socket":	6,
					"start":	10.000225,
					"end":	11.000132,
					"seconds":	0.99990701675415039,
					"bytes":	6553600,
					"bits_per_second":	52433675.453335479,
					"retransmits":	0,
					"snd_cwnd":	3976208,
					"snd_wnd":	3143552,
					"rtt":	472781,
					"rttvar":	4240,
					"pmtu":	1500,
					"omitted":	false,
					"sender":	true
				}],
			"sum":	{
				"start":	10.000225,
				"end":	11.000132,
				"seconds":	0.99990701675415039,
				"bytes":	6553600,
				"bits_per_second":	52433675.453335479,
				"retransmits":	0,
				"omitted":	false,
				"sender":	true
			}
		}, {
			"streams":	[{
					"socket":	6,
					"start":	11.000132,
					"end":	12.000408,
					"seconds":	1.00027596950531,
					"bytes":	5242880,
					"bits_per_second":	41931468.193465725,
					"retransmits":	0,
					"snd_cwnd":	5792,
					"snd_wnd":	3143552,
					"rtt":	450401,
					"rttvar":	8377,
					"pmtu":	1500,
					"omitted":	false,
					"sender":	true
				}],
			"sum":	{
				"start":	11.000132,
				"end":	12.000408,
				"seconds":	1.00027596950531,
				"bytes":	5242880,
				"bits_per_second":	41931468.193465725,
				"retransmits":	0,
				"omitted":	false,
				"sender":	true
			}
		}, {
			"streams":	[{
					"socket":	6,
					"start":	12.000408,
					"end":	13.000152,
					"seconds":	0.9997439980506897,
					"bytes":	3932160,
					"bits_per_second":	31465335.187143613,
					"retransmits":	0,
					"snd_cwnd":	4358480,
					"snd_wnd":	3143552,
					"rtt":	479217,
					"rttvar":	3349,
					"pmtu":	1500,
					"omitted":	false,
					"sender":	true
				}],
			"sum":	{
				"start":	12.000408,
				"end":	13.000152,
				"seconds":	0.9997439980506897,
				"bytes":	3932160,
				"bits_per_second":	31465335.187143613,
				"retransmits":	0,
				"omitted":	false,
				"sender":	true
			}
		}, {
			"streams":	[{
					"socket":	6,
					"start":	13.000152,
					"end":	14.000082,
					"seconds":	0.99993002414703369,
					"bytes":	6553600,
					"bits_per_second":	52432469.006741874,
					"retransmits":	0,
					"snd_cwnd":	4358480,
					"snd_wnd":	3143552,
					"rtt":	447695,
					"rttvar":	1902,
					"pmtu":	1500,
					"omitted":	false,
					"sender":	true
				}],
			"sum":	{
				"start":	13.000152,
				"end":	14.000082,
				"seconds":	0.99993002414703369,
				"bytes":	6553600,
				"bits_per_second":	52432469.006741874,
				"retransmits":	0,
				"omitted":	false,
				"sender":	true
			}
		}, {
			"streams":	[{
					"socket":	6,
					"start":	14.000082,
					"end":	15.000182,
					"seconds":	1.0001000165939331,
					"bytes":	5242880,
					"bits_per_second":	41938845.41952765,
					"retransmits":	0,
					"snd_cwnd":	4358480,
					"snd_wnd":	3143552,
					"rtt":	470333,
					"rttvar":	5185,
					"pmtu":	1500,
					"omitted":	false,
					"sender":	true
				}],
			"sum":	{
				"start":	14.000082,
				"end":	15.000182,
				"seconds":	1.0001000165939331,
				"bytes":	5242880,
				"bits_per_second":	41938845.41952765,
				"retransmits":	0,
				"omitted":	false,
				"sender":	true
			}
		}, {
			"streams":	[{
					"socket":	6,
					"start":	15.000182,
					"end":	16.000086,
					"seconds":	0.999903976917267,
					"bytes":	6553600,
					"bits_per_second":	52433834.858462632,
					"retransmits":	0,
					"snd_cwnd":	4358480,
					"snd_wnd":	3143552,
					"rtt":	456718,
					"rttvar":	3910,
					"pmtu":	1500,
					"omitted":	false,
					"sender":	true
				}],
			"sum":	{
				"start":	15.000182,
				"end":	16.000086,
				"seconds":	0.999903976917267,
				"bytes":	6553600,
				"bits_per_second":	52433834.858462632,
				"retransmits":	0,
				"omitted":	false,
				"sender":	true
			}
		}, {
			"streams":	[{
					"socket":	6,
					"start":	16.000086,
					"end":	17.000218,
					"seconds":	1.0001319646835327,
					"bytes":	5242880,
					"bits_per_second":	41937505.730328143,
					"retransmits":	0,
					"snd_cwnd":	4358480,
					"snd_wnd":	3143552,
					"rtt":	474880,
					"rttvar":	4184,
					"pmtu":	1500,
					"omitted":	false,
					"sender":	true
				}],
			"sum":	{
				"start":	16.000086,
				"end":	17.000218,
				"seconds":	1.0001319646835327,
				"bytes":	5242880,
				"bits_per_second":	41937505.730328143,
				"retransmits":	0,
				"omitted":	false,
				"sender":	true
			}
		}, {
			"streams":	[{
					"socket":	6,
					"start":	17.000218,
					"end":	18.000116,
					"seconds":	0.99989801645278931,
					"bytes":	6553600,
					"bits_per_second":	52434147.4203489,
					"retransmits":	0,
					"snd_cwnd":	4358480,
					"snd_wnd":	3143552,
					"rtt":	466584,
					"rttvar":	4234,
					"pmtu":	1500,
					"omitted":	false,
					"sender":	true
				}],
			"sum":	{
				"start":	17.000218,
				"end":	18.000116,
				"seconds":	0.99989801645278931,
				"bytes":	6553600,
				"bits_per_second":	52434147.4203489,
				"retransmits":	0,
				"omitted":	false,
				"sender":	true
			}
		}, {
			"streams":	[{
					"socket":	6,
					"start":	18.000116,
					"end":	19.000244,
					"seconds":	1.0001280307769775,
					"bytes":	5242880,
					"bits_per_second":	41937670.687437259,
					"retransmits":	0,
					"snd_cwnd":	4358480,
					"snd_wnd":	3143552,
					"rtt":	470341,
					"rttvar":	5192,
					"pmtu":	1500,
					"omitted":	false,
					"sender":	true
				}],
			"sum":	{
				"start":	18.000116,
				"end":	19.000244,
				"seconds":	1.0001280307769775,
				"bytes":	5242880,
				"bits_per_second":	41937670.687437259,
				"retransmits":	0,
				"omitted":	false,
				"sender":	true
			}
		}, {
			"streams":	[{
					"socket":	6,
					"start":	19.000244,
					"end":	20.00014,
					"seconds":	0.999895989894867,
					"bytes":	6553600,
					"bits_per_second":	52434253.6922391,
					"retransmits":	0,
					"snd_cwnd":	4358480,
					"snd_wnd":	3143552,
					"rtt":	474870,
					"rttvar":	4177,
					"pmtu":	1500,
					"omitted":	false,
					"sender":	true
				}],
			"sum":	{
				"start":	19.000244,
				"end":	20.00014,
				"seconds":	0.999895989894867,
				"bytes":	6553600,
				"bits_per_second":	52434253.6922391,
				"retransmits":	0,
				"omitted":	false,
				"sender":	true
			}
		}, {
			"streams":	[{
					"socket":	6,
					"start":	20.00014,
					"end":	21.000068,
					"seconds":	0.99992799758911133,
					"bytes":	6553600,
					"bits_per_second":	52432575.271828674,
					"retransmits":	0,
					"snd_cwnd":	4358480,
					"snd_wnd":	3143552,
					"rtt":	447304,
					"rttvar":	6606,
					"pmtu":	1500,
					"omitted":	false,
					"sender":	true
				}],
			"sum":	{
				"start":	20.00014,
				"end":	21.000068,
				"seconds":	0.99992799758911133,
				"bytes":	6553600,
				"bits_per_second":	52432575.271828674,
				"retransmits":	0,
				"omitted":	false,
				"sender":	true
			}
		}, {
			"streams":	[{
					"socket":	6,
					"start":	21.000068,
					"end":	22.000172,
					"seconds":	1.0001039505004883,
					"bytes":	5242880,
					"bits_per_second":	41938680.453177072,
					"retransmits":	0,
					"snd_cwnd":	4358480,
					"snd_wnd":	3143552,
					"rtt":	470329,
					"rttvar":	5184,
					"pmtu":	1500,
					"omitted":	false,
					"sender":	true
				}],
			"sum":	{
				"start":	21.000068,
				"end":	22.000172,
				"seconds":	1.0001039505004883,
				"bytes":	5242880,
				"bits_per_second":	41938680.453177072,
				"retransmits":	0,
				"omitted":	false,
				"sender":	true
			}
		}, {
			"streams":	[{
					"socket":	6,
					"start":	22.000172,
					"end":	23.000663,
					"seconds":	1.00049102306366,
					"bytes":	3932160,
					"bits_per_second":	31441841.330742676,
					"retransmits":	0,
					"snd_cwnd":	4358480,
					"snd_wnd":	3143552,
					"rtt":	319896,
					"rttvar":	12347,
					"pmtu":	1500,
					"omitted":	false,
					"sender":	true
				}],
			"sum":	{
				"start":	22.000172,
				"end":	23.000663,
				"seconds":	1.00049102306366,
				"bytes":	3932160,
				"bits_per_second":	31441841.330742676,
				"retransmits":	0,
				"omitted":	false,
				"sender":	true
			}
		}, {
			"streams":	[{
					"socket":	6,
					"start":	23.000663,
					"end":	24.000081,
					"seconds":	0.999418020248413,
					"bytes":	6553600,
					"bits_per_second":	52459330.267997786,
					"retransmits":	0,
					"snd_cwnd":	4358480,
					"snd_wnd":	3143552,
					"rtt":	455332,
					"rttvar":	3764,
					"pmtu":	1500,
					"omitted":	false,
					"sender":	true
				}],
			"sum":	{
				"start":	23.000663,
				"end":	24.000081,
				"seconds":	0.999418020248413,
				"bytes":	6553600,
				"bits_per_second":	52459330.267997786,
				"retransmits":	0,
				"omitted":	false,
				"sender":	true
			}
		}, {
			"streams":	[{
					"socket":	6,
					"start":	24.000081,
					"end":	25.000211,
					"seconds":	1.0001300573349,
					"bytes":	5242880,
					"bits_per_second":	41937585.7093705,
					"retransmits":	0,
					"snd_cwnd":	4358480,
					"snd_wnd":	3143552,
					"rtt":	474856,
					"rttvar":	4181,
					"pmtu":	1500,
					"omitted":	false,
					"sender":	true
				}],
			"sum":	{
				"start":	24.000081,
				"end":	25.000211,
				"seconds":	1.0001300573349,
				"bytes":	5242880,
				"bits_per_second":	41937585.7093705,
				"retransmits":	0,
				"omitted":	false,
				"sender":	true
			}
		}, {
			"streams":	[{
					"socket":	6,
					"start":	25.000211,
					"end":	26.000109,
					"seconds":	0.99989801645278931,
					"bytes":	6553600,
					"bits_per_second":	52434147.4203489,
					"retransmits":	0,
					"snd_cwnd":	4358480,
					"snd_wnd":	3143552,
					"rtt":	464940,
					"rttvar":	4058,
					"pmtu":	1500,
					"omitted":	false,
					"sender":	true
				}],
			"sum":	{
				"start":	25.000211,
				"end":	26.000109,
				"seconds":	0.99989801645278931,
				"bytes":	6553600,
				"bits_per_second":	52434147.4203489,
				"retransmits":	0,
				"omitted":	false,
				"sender":	true
			}
		}, {
			"streams":	[{
					"socket":	6,
					"start":	26.000109,
					"end":	27.000234,
					"seconds":	1.0001250505447388,
					"bytes":	5242880,
					"bits_per_second":	41937795.6558081,
					"retransmits":	0,
					"snd_cwnd":	4358480,
					"snd_wnd":	3143552,
					"rtt":	470323,
					"rttvar":	5188,
					"pmtu":	1500,
					"omitted":	false,
					"sender":	true
				}],
			"sum":	{
				"start":	26.000109,
				"end":	27.000234,
				"seconds":	1.0001250505447388,
				"bytes":	5242880,
				"bits_per_second":	41937795.6558081,
				"retransmits":	0,
				"omitted":	false,
				"sender":	true
			}
		}, {
			"streams":	[{
					"socket":	6,
					"start":	27.000234,
					"end":	28.000169,
					"seconds":	0.99993497133255,
					"bytes":	6553600,
					"bits_per_second":	52432209.59672153,
					"retransmits":	0,
					"snd_cwnd":	4358480,
					"snd_wnd":	3143552,
					"rtt":	474868,
					"rttvar":	4176,
					"pmtu":	1500,
					"omitted":	false,
					"sender":	true
				}],
			"sum":	{
				"start":	27.000234,
				"end":	28.000169,
				"seconds":	0.99993497133255,
				"bytes":	6553600,
				"bits_per_second":	52432209.59672153,
				"retransmits":	0,
				"omitted":	false,
				"sender":	true
			}
		}, {
			"streams":	[{
					"socket":	6,
					"start":	28.000169,
					"end":	29.000073,
					"seconds":	0.999903976917267,
					"bytes":	6553600,
					"bits_per_second":	52433834.858462632,
					"retransmits":	0,
					"snd_cwnd":	4358480,
					"snd_wnd":	3143552,
					"rtt":	449361,
					"rttvar":	8347,
					"pmtu":	1500,
					"omitted":	false,
					"sender":	true
				}],
			"sum":	{
				"start":	28.000169,
				"end":	29.000073,
				"seconds":	0.999903976917267,
				"bytes":	6553600,
				"bits_per_second":	52433834.858462632,
				"retransmits":	0,
				"omitted":	false,
				"sender":	true
			}
		}, {
			"streams":	[{
					"socket":	6,
					"start":	29.000073,
					"end":	30.000167,
					"seconds":	1.0000940561294556,
					"bytes":	5242880,
					"bits_per_second":	41939095.371016532,
					"retransmits":	0,
					"snd_cwnd":	4358480,
					"snd_wnd":	3143552,
					"rtt":	470310,
					"rttvar":	5186,
					"pmtu":	1500,
					"omitted":	false,
					"sender":	true
				}],
			"sum":	{
				"start":	29.000073,
				"end":	30.000167,
				"seconds":	1.0000940561294556,
				"bytes":	5242880,
				"bits_per_second":	41939095.371016532,
				"retransmits":	0,
				"omitted":	false,
				"sender":	true
			}
		}, {
			"streams":	[{
					"socket":	6,
					"start":	30.000167,
					"end":	31.000076,
					"seconds":	0.999908983707428,
					"bytes":	6553600,
					"bits_per_second":	52433572.3093579,
					"retransmits":	0,
					"snd_cwnd":	4358480,
					"snd_wnd":	3143552,
					"rtt":	449051,
					"rttvar":	2737,
					"pmtu":	1500,
					"omitted":	false,
					"sender":	true
				}],
			"sum":	{
				"start":	30.000167,
				"end":	31.000076,
				"seconds":	0.999908983707428,
				"bytes":	6553600,
				"bits_per_second":	52433572.3093579,
				"retransmits":	0,
				"omitted":	false,
				"sender":	true
			}
		}, {
			"streams":	[{
					"socket":	6,
					"start":	31.000076,
					"end":	32.000196,
					"seconds":	1.0001200437545776,
					"bytes":	5242880,
					"bits_per_second":	41938005.604347758,
					"retransmits":	0,
					"snd_cwnd":	4358480,
					"snd_wnd":	3143552,
					"rtt":	474876,
					"rttvar":	4182,
					"pmtu":	1500,
					"omitted":	false,
					"sender":	true
				}],
			"sum":	{
				"start":	31.000076,
				"end":	32.000196,
				"seconds":	1.0001200437545776,
				"bytes":	5242880,
				"bits_per_second":	41938005.604347758,
				"retransmits":	0,
				"omitted":	false,
				"sender":	true
			}
		}, {
			"streams":	[{
					"socket":	6,
					"start":	32.000196,
					"end":	33.000212,
					"seconds":	1.0000159740448,
					"bytes":	6553600,
					"bits_per_second":	52427962.513378046,
					"retransmits":	0,
					"snd_cwnd":	5792,
					"snd_wnd":	3143552,
					"rtt":	458781,
					"rttvar":	3958,
					"pmtu":	1500,
					"omitted":	false,
					"sender":	true
				}],
			"sum":	{
				"start":	32.000196,
				"end":	33.000212,
				"seconds":	1.0000159740448,
				"bytes":	6553600,
				"bits_per_second":	52427962.513378046,
				"retransmits":	0,
				"omitted":	false,
				"sender":	true
			}
		}, {
			"streams":	[{
					"socket":	6,
					"start":	33.000212,
					"end":	34.000149,
					"seconds":	0.99993699789047241,
					"bytes":	3932160,
					"bits_per_second":	31459261.999870174,
					"retransmits":	0,
					"snd_cwnd":	4664008,
					"snd_wnd":	3143552,
					"rtt":	483799,
					"rttvar":	5154,
					"pmtu":	1500,
					"omitted":	false,
					"sender":	true
				}],
			"sum":	{
				"start":	33.000212,
				"end":	34.000149,
				"seconds":	0.99993699789047241,
				"bytes":	3932160,
				"bits_per_second":	31459261.999870174,
				"retransmits":	0,
				"omitted":	false,
				"sender":	true
			}
		}, {
			"streams":	[{
					"socket":	6,
					"start":	34.000149,
					"end":	35.00009,
					"seconds":	0.99994099140167236,
					"bytes":	5242880,
					"bits_per_second":	41945515.1460549,
					"retransmits":	0,
					"snd_cwnd":	3541808,
					"snd_wnd":	3143936,
					"rtt":	346955,
					"rttvar":	3253,
					"pmtu":	1500,
					"omitted":	false,
					"sender":	true
				}],
			"sum":	{
				"start":	34.000149,
				"end":	35.00009,
				"seconds":	0.99994099140167236,
				"bytes":	5242880,
				"bits_per_second":	41945515.1460549,
				"retransmits":	0,
				"omitted":	false,
				"sender":	true
			}
		}, {
			"streams":	[{
					"socket":	6,
					"start":	35.00009,
					"end":	36.000104,
					"seconds":	1.0000139474868774,
					"bytes":	5242880,
					"bits_per_second":	41942455.008159168,
					"retransmits":	0,
					"snd_cwnd":	3533120,
					"snd_wnd":	3143936,
					"rtt":	388392,
					"rttvar":	3309,
					"pmtu":	1500,
					"omitted":	false,
					"sender":	true
				}],
			"sum":	{
				"start":	35.00009,
				"end":	36.000104,
				"seconds":	1.0000139474868774,
				"bytes":	5242880,
				"bits_per_second":	41942455.008159168,
				"retransmits":	0,
				"omitted":	false,
				"sender":	true
			}
		}, {
			"streams":	[{
					"socket":	6,
					"start":	36.000104,
					"end":	37.000152,
					"seconds":	1.000048041343689,
					"bytes":	5242880,
					"bits_per_second":	41941025.096798658,
					"retransmits":	0,
					"snd_cwnd":	3315920,
					"snd_wnd":	3143936,
					"rtt":	428079,
					"rttvar":	3312,
					"pmtu":	1500,
					"omitted":	false,
					"sender":	true
				}],
			"sum":	{
				"start":	36.000104,
				"end":	37.000152,
				"seconds":	1.000048041343689,
				"bytes":	5242880,
				"bits_per_second":	41941025.096798658,
				"retransmits":	0,
				"omitted":	false,
				"sender":	true
			}
		}, {
			"streams":	[{
					"socket":	6,
					"start":	37.000152,
					"end":	38.000163,
					"seconds":	1.0000109672546387,
					"bytes":	5242880,
					"bits_per_second":	41942580.005044885,
					"retransmits":	0,
					"snd_cwnd":	3443344,
					"snd_wnd":	3143936,
					"rtt":	396529,
					"rttvar":	3554,
					"pmtu":	1500,
					"omitted":	false,
					"sender":	true
				}],
			"sum":	{
				"start":	37.000152,
				"end":	38.000163,
				"seconds":	1.0000109672546387,
				"bytes":	5242880,
				"bits_per_second":	41942580.005044885,
				"retransmits":	0,
				"omitted":	false,
				"sender":	true
			}
		}, {
			"streams":	[{
					"socket":	6,
					"start":	38.000163,
					"end":	39.000077,
					"seconds":	0.999913990497589,
					"bytes":	6553600,
					"bits_per_second":	52433309.762882464,
					"retransmits":	0,
					"snd_cwnd":	3443344,
					"snd_wnd":	3143936,
					"rtt":	393926,
					"rttvar":	2347,
					"pmtu":	1500,
					"omitted":	false,
					"sender":	true
				}],
			"sum":	{
				"start":	38.000163,
				"end":	39.000077,
				"seconds":	0.999913990497589,
				"bytes":	6553600,
				"bits_per_second":	52433309.762882464,
				"retransmits":	0,
				"omitted":	false,
				"sender":	true
			}
		}, {
			"streams":	[{
					"socket":	6,
					"start":	39.000077,
					"end":	40.000074,
					"seconds":	0.99999701976776123,
					"bytes":	5242880,
					"bits_per_second":	41943165.000372529,
					"retransmits":	0,
					"snd_cwnd":	3124784,
					"snd_wnd":	3143936,
					"rtt":	367213,
					"rttvar":	3143,
					"pmtu":	1500,
					"omitted":	false,
					"sender":	true
				}],
			"sum":	{
				"start":	39.000077,
				"end":	40.000074,
				"seconds":	0.99999701976776123,
				"bytes":	5242880,
				"bits_per_second":	41943165.000372529,
				"retransmits":	0,
				"omitted":	false,
				"sender":	true
			}
		}, {
			"streams":	[{
					"socket":	6,
					"start":	40.000074,
					"end":	41.000261,
					"seconds":	1.0001870393753052,
					"bytes":	3932160,
					"bits_per_second":	31451397.350287128,
					"retransmits":	0,
					"snd_cwnd":	3046592,
					"snd_wnd":	3143936,
					"rtt":	362651,
					"rttvar":	2767,
					"pmtu":	1500,
					"omitted":	false,
					"sender":	true
				}],
			"sum":	{
				"start":	40.000074,
				"end":	41.000261,
				"seconds":	1.0001870393753052,
				"bytes":	3932160,
				"bits_per_second":	31451397.350287128,
				"retransmits":	0,
				"omitted":	false,
				"sender":	true
			}
		}, {
			"streams":	[{
					"socket":	6,
					"start":	41.000261,
					"end":	42.000204,
					"seconds":	0.99994301795959473,
					"bytes":	5242880,
					"bits_per_second":	41945430.13619484,
					"retransmits":	0,
					"snd_cwnd":	3046592,
					"snd_wnd":	3143936,
					"rtt":	420295,
					"rttvar":	29101,
					"pmtu":	1500,
					"omitted":	false,
					"sender":	true
				}],
			"sum":	{
				"start":	41.000261,
				"end":	42.000204,
				"seconds":	0.99994301795959473,
				"bytes":	5242880,
				"bits_per_second":	41945430.13619484,
				"retransmits":	0,
				"omitted":	false,
				"sender":	true
			}
		}, {
			"streams":	[{
					"socket":	6,
					"start":	42.000204,
					"end":	43.000193,
					"seconds":	0.99998897314071655,
					"bytes":	5242880,
					"bits_per_second":	41943502.505099982,
					"retransmits":	0,
					"snd_cwnd":	3035008,
					"snd_wnd":	3143936,
					"rtt":	449721,
					"rttvar":	7044,
					"pmtu":	1500,
					"omitted":	false,
					"sender":	true
				}],
			"sum":	{
				"start":	42.000204,
				"end":	43.000193,
				"seconds":	0.99998897314071655,
				"bytes":	5242880,
				"bits_per_second":	41943502.505099982,
				"retransmits":	0,
				"omitted":	false,
				"sender":	true
			}
		}, {
			"streams":	[{
					"socket":	6,
					"start":	43.000193,
					"end":	44.00058,
					"seconds":	1.0003869533538818,
					"bytes":	3932160,
					"bits_per_second":	31445112.20836778,
					"retransmits":	0,
					"snd_cwnd":	3035008,
					"snd_wnd":	3143936,
					"rtt":	368482,
					"rttvar":	12308,
					"pmtu":	1500,
					"omitted":	false,
					"sender":	true
				}],
			"sum":	{
				"start":	43.000193,
				"end":	44.00058,
				"seconds":	1.0003869533538818,
				"bytes":	3932160,
				"bits_per_second":	31445112.20836778,
				"retransmits":	0,
				"omitted":	false,
				"sender":	true
			}
		}, {
			"streams":	[{
					"socket":	6,
					"start":	44.00058,
					"end":	45.000175,
					"seconds":	0.99959498643875122,
					"bytes":	3932160,
					"bits_per_second":	31470025.787216671,
					"retransmits":	0,
					"snd_cwnd":	2965504,
					"snd_wnd":	3143936,
					"rtt":	396994,
					"rttvar":	4150,
					"pmtu":	1500,
					"omitted":	false,
					"sender":	true
				}],
			"sum":	{
				"start":	44.00058,
				"end":	45.000175,
				"seconds":	0.99959498643875122,
				"bytes":	3932160,
				"bits_per_second":	31470025.787216671,
				"retransmits":	0,
				"omitted":	false,
				"sender":	true
			}
		}, {
			"streams":	[{
					"socket":	6,
					"start":	45.000175,
					"end":	46.000232,
					"seconds":	1.0000569820404053,
					"bytes":	5242880,
					"bits_per_second":	41940650.136179321,
					"retransmits":	0,
					"snd_cwnd":	3107408,
					"snd_wnd":	3143936,
					"rtt":	389155,
					"rttvar":	3801,
					"pmtu":	1500,
					"omitted":	false,
					"sender":	true
				}],
			"sum":	{
				"start":	45.000175,
				"end":	46.000232,
				"seconds":	1.0000569820404053,
				"bytes":	5242880,
				"bits_per_second":	41940650.136179321,
				"retransmits":	0,
				"omitted":	false,
				"sender":	true
			}
		}, {
			"streams":	[{
					"socket":	6,
					"start":	46.000232,
					"end":	47.000075,
					"seconds":	0.99984300136566162,
					"bytes":	6553600,
					"bits_per_second":	52437032.542497933,
					"retransmits":	0,
					"snd_cwnd":	3133472,
					"snd_wnd":	3143936,
					"rtt":	393397,
					"rttvar":	2769,
					"pmtu":	1500,
					"omitted":	false,
					"sender":	true
				}],
			"sum":	{
				"start":	46.000232,
				"end":	47.000075,
				"seconds":	0.99984300136566162,
				"bytes":	6553600,
				"bits_per_second":	52437032.542497933,
				"retransmits":	0,
				"omitted":	false,
				"sender":	true
			}
		}, {
			"streams":	[{
					"socket":	6,
					"start":	47.000075,
					"end":	48.000073,
					"seconds":	0.99999797344207764,
					"bytes":	5242880,
					"bits_per_second":	41943125.000172257,
					"retransmits":	0,
					"snd_cwnd":	3133472,
					"snd_wnd":	3143936,
					"rtt":	370314,
					"rttvar":	3714,
					"pmtu":	1500,
					"omitted":	false,
					"sender":	true
				}],
			"sum":	{
				"start":	47.000075,
				"end":	48.000073,
				"seconds":	0.99999797344207764,
				"bytes":	5242880,
				"bits_per_second":	41943125.000172257,
				"retransmits":	0,
				"omitted":	false,
				"sender":	true
			}
		}, {
			"streams":	[{
					"socket":	6,
					"start":	48.000073,
					"end":	49.000071,
					"seconds":	0.99999797344207764,
					"bytes":	5242880,
					"bits_per_second":	41943125.000172257,
					"retransmits":	0,
					"snd_cwnd":	3220352,
					"snd_wnd":	3141248,
					"rtt":	367527,
					"rttvar":	4651,
					"pmtu":	1500,
					"omitted":	false,
					"sender":	true
				}],
			"sum":	{
				"start":	48.000073,
				"end":	49.000071,
				"seconds":	0.99999797344207764,
				"bytes":	5242880,
				"bits_per_second":	41943125.000172257,
				"retransmits":	0,
				"omitted":	false,
				"sender":	true
			}
		}, {
			"streams":	[{
					"socket":	6,
					"start":	49.000071,
					"end":	50.000074,
					"seconds":	1.0000029802322388,
					"bytes":	5242880,
					"bits_per_second":	41942915.000372529,
					"retransmits":	0,
					"snd_cwnd":	3182704,
					"snd_wnd":	3141248,
					"rtt":	370200,
					"rttvar":	2962,
					"pmtu":	1500,
					"omitted":	false,
					"sender":	true
				}],
			"sum":	{
				"start":	49.000071,
				"end":	50.000074,
				"seconds":	1.0000029802322388,
				"bytes":	5242880,
				"bits_per_second":	41942915.000372529,
				"retransmits":	0,
				"omitted":	false,
				"sender":	true
			}
		}, {
			"streams":	[{
					"socket":	6,
					"start":	50.000074,
					"end":	51.000081,
					"seconds":	1.0000070333480835,
					"bytes":	5242880,
					"bits_per_second":	41942745.002074823,
					"retransmits":	0,
					"snd_cwnd":	3182704,
					"snd_wnd":	3143936,
					"rtt":	411172,
					"rttvar":	3820,
					"pmtu":	1500,
					"omitted":	false,
					"sender":	true
				}],
			"sum":	{
				"start":	50.000074,
				"end":	51.000081,
				"seconds":	1.0000070333480835,
				"bytes":	5242880,
				"bits_per_second":	41942745.002074823,
				"retransmits":	0,
				"omitted":	false,
				"sender":	true
			}
		}, {
			"streams":	[{
					"socket":	6,
					"start":	51.000081,
					"end":	52.000114,
					"seconds":	1.0000330209732056,
					"bytes":	5242880,
					"bits_per_second":	41941655.045732535,
					"retransmits":	0,
					"snd_cwnd":	3176912,
					"snd_wnd":	3143936,
					"rtt":	424377,
					"rttvar":	3767,
					"pmtu":	1500,
					"omitted":	false,
					"sender":	true
				}],
			"sum":	{
				"start":	51.000081,
				"end":	52.000114,
				"seconds":	1.0000330209732056,
				"bytes":	5242880,
				"bits_per_second":	41941655.045732535,
				"retransmits":	0,
				"omitted":	false,
				"sender":	true
			}
		}, {
			"streams":	[{
					"socket":	6,
					"start":	52.000114,
					"end":	53.000142,
					"seconds":	1.0000280141830444,
					"bytes":	5242880,
					"bits_per_second":	41941865.032915741,
					"retransmits":	0,
					"snd_cwnd":	3130576,
					"snd_wnd":	3143936,
					"rtt":	401729,
					"rttvar":	3778,
					"pmtu":	1500,
					"omitted":	false,
					"sender":	true
				}],
			"sum":	{
				"start":	52.000114,
				"end":	53.000142,
				"seconds":	1.0000280141830444,
				"bytes":	5242880,
				"bits_per_second":	41941865.032915741,
				"retransmits":	0,
				"omitted":	false,
				"sender":	true
			}
		}, {
			"streams":	[{
					"socket":	6,
					"start":	53.000142,
					"end":	54.000237,
					"seconds":	1.000095009803772,
					"bytes":	5242880,
					"bits_per_second":	41939055.3785781,
					"retransmits":	0,
					"snd_cwnd":	3130576,
					"snd_wnd":	3143936,
					"rtt":	403368,
					"rttvar":	3292,
					"pmtu":	1500,
					"omitted":	false,
					"sender":	true
				}],
			"sum":	{
				"start":	53.000142,
				"end":	54.000237,
				"seconds":	1.000095009803772,
				"bytes":	5242880,
				"bits_per_second":	41939055.3785781,
				"retransmits":	0,
				"omitted":	false,
				"sender":	true
			}
		}, {
			"streams":	[{
					"socket":	6,
					"start":	54.000237,
					"end":	55.000539,
					"seconds":	1.0003019571304321,
					"bytes":	3932160,
					"bits_per_second":	31447784.117349476,
					"retransmits":	0,
					"snd_cwnd":	3217456,
					"snd_wnd":	3143936,
					"rtt":	257088,
					"rttvar":	37610,
					"pmtu":	1500,
					"omitted":	false,
					"sender":	true
				}],
			"sum":	{
				"start":	54.000237,
				"end":	55.000539,
				"seconds":	1.0003019571304321,
				"bytes":	3932160,
				"bits_per_second":	31447784.117349476,
				"retransmits":	0,
				"omitted":	false,
				"sender":	true
			}
		}, {
			"streams":	[{
					"socket":	6,
					"start":	55.000539,
					"end":	56.000125,
					"seconds":	0.99958598613739,
					"bytes":	3932160,
					"bits_per_second":	31470309.144246336,
					"retransmits":	0,
					"snd_cwnd":	3208768,
					"snd_wnd":	3143936,
					"rtt":	399762,
					"rttvar":	5942,
					"pmtu":	1500,
					"omitted":	false,
					"sender":	true
				}],
			"sum":	{
				"start":	55.000539,
				"end":	56.000125,
				"seconds":	0.99958598613739,
				"bytes":	3932160,
				"bits_per_second":	31470309.144246336,
				"retransmits":	0,
				"omitted":	false,
				"sender":	true
			}
		}, {
			"streams":	[{
					"socket":	6,
					"start":	56.000125,
					"end":	57.000209,
					"seconds":	1.0000840425491333,
					"bytes":	5242880,
					"bits_per_second":	41939515.2962251,
					"retransmits":	0,
					"snd_cwnd":	3185600,
					"snd_wnd":	3143936,
					"rtt":	393856,
					"rttvar":	3732,
					"pmtu":	1500,
					"omitted":	false,
					"sender":	true
				}],
			"sum":	{
				"start":	56.000125,
				"end":	57.000209,
				"seconds":	1.0000840425491333,
				"bytes":	5242880,
				"bits_per_second":	41939515.2962251,
				"retransmits":	0,
				"omitted":	false,
				"sender":	true
			}
		}, {
			"streams":	[{
					"socket":	6,
					"start":	57.000209,
					"end":	58.00022,
					"seconds":	1.0000109672546387,
					"bytes":	5242880,
					"bits_per_second":	41942580.005044885,
					"retransmits":	0,
					"snd_cwnd":	3188496,
					"snd_wnd":	3143936,
					"rtt":	391951,
					"rttvar":	3668,
					"pmtu":	1500,
					"omitted":	false,
					"sender":	true
				}],
			"sum":	{
				"start":	57.000209,
				"end":	58.00022,
				"seconds":	1.0000109672546387,
				"bytes":	5242880,
				"bits_per_second":	41942580.005044885,
				"retransmits":	0,
				"omitted":	false,
				"sender":	true
			}
		}, {
			"streams":	[{
					"socket":	6,
					"start":	58.00022,
					"end":	59.000075,
					"seconds":	0.99985498189926147,
					"bytes":	6553600,
					"bits_per_second":	52436404.227750666,
					"retransmits":	0,
					"snd_cwnd":	3220352,
					"snd_wnd":	3143936,
					"rtt":	393120,
					"rttvar":	2623,
					"pmtu":	1500,
					"omitted":	false,
					"sender":	true
				}],
			"sum":	{
				"start":	58.00022,
				"end":	59.000075,
				"seconds":	0.99985498189926147,
				"bytes":	6553600,
				"bits_per_second":	52436404.227750666,
				"retransmits":	0,
				"omitted":	false,
				"sender":	true
			}
		}, {
			"streams":	[{
					"socket":	6,
					"start":	59.000075,
					"end":	60.000092,
					"seconds":	1.0000170469284058,
					"bytes":	5242880,
					"bits_per_second":	41942325.012188345,
					"retransmits":	0,
					"snd_cwnd":	3124784,
					"snd_wnd":	3143936,
					"rtt":	368923,
					"rttvar":	3654,
					"pmtu":	1500,
					"omitted":	false,
					"sender":	true
				}],
			"sum":	{
				"start":	59.000075,
				"end":	60.000092,
				"seconds":	1.0000170469284058,
				"bytes":	5242880,
				"bits_per_second":	41942325.012188345,
				"retransmits":	0,
				"omitted":	false,
				"sender":	true
			}
		}],
	"end":	{
		"streams":	[{
				"sender":	{
					"socket":	6,
					"start":	0,
					"end":	60.000092,
					"seconds":	60.000092,
					"bytes":	325451776,
					"bits_per_second":	43393503.596627817,
					"retransmits":	0,
					"max_snd_cwnd":	4664008,
					"max_snd_wnd":	3143936,
					"max_rtt":	483799,
					"min_rtt":	200240,
					"mean_rtt":	421888,
					"sender":	true
				},
				"receiver":	{
					"socket":	6,
					"start":	0,
					"end":	60.46376,
					"seconds":	60.000092,
					"bytes":	324536080,
					"bits_per_second":	42939582.983261377,
					"sender":	true
				}
			}],
		"sum_sent":	{
			"start":	0,
			"end":	60.000092,
			"seconds":	60.000092,
			"bytes":	325451776,
			"bits_per_second":	43393503.596627817,
			"retransmits":	0,
			"sender":	true
		},
		"sum_received":	{
			"start":	0,
			"end":	60.46376,
			"seconds":	60.46376,
			"bytes":	324536080,
			"bits_per_second":	42939582.983261377,
			"sender":	true
		},
		"cpu_utilization_percent":	{
			"host_total":	0.46646812501253,
			"host_user":	0.053376098681329955,
			"host_system":	0.41309038171253776,
			"remote_total":	1.4431286941440915,
			"remote_user":	0.12913187730655692,
			"remote_system":	1.3140001246035455
		},
		"sender_tcp_congestion":	"bbr",
		"receiver_tcp_congestion":	"bbr"
	}
}
