{
	"start":	{
		"connected":	[{
				"socket":	6,
				"local_host":	"192.168.101.210",
				"local_port":	51532,
				"remote_host":	"192.168.100.168",
				"remote_port":	5202
			}],
		"version":	"iperf 3.11",
		"system_info":	"Linux f1 6.0.10-300.fc37.x86_64 #1 SMP PREEMPT_DYNAMIC Sat Nov 26 16:55:13 UTC 2022 x86_64",
		"timestamp":	{
			"time":	"Sat, 10 Dec 2022 20:22:41 GMT",
			"timesecs":	1670703761
		},
		"connecting_to":	{
			"host":	"192.168.100.168",
			"port":	5202
		},
		"cookie":	"s2mtrtt3x3aq4jawnpmlh2l7ecq4ihlbmixn",
		"tcp_mss_default":	1448,
		"target_bitrate":	0,
		"sock_bufsize":	0,
		"sndbuf_actual":	16384,
		"rcvbuf_actual":	131072,
		"test_start":	{
			"protocol":	"TCP",
			"num_streams":	1,
			"blksize":	131072,
			"omit":	0,
			"duration":	60,
			"bytes":	0,
			"blocks":	0,
			"reverse":	0,
			"tos":	0,
			"target_bitrate":	0
		}
	},
	"intervals":	[{
			"streams":	[{
					"socket":	6,
					"start":	0,
					"end":	1.000104,
					"seconds":	1.0001039505004883,
					"bytes":	9437184,
					"bits_per_second":	75489624.81571874,
					"retransmits":	660,
					"snd_cwnd":	975952,
					"snd_wnd":	3141248,
					"rtt":	50069,
					"rttvar":	5,
					"pmtu":	1500,
					"omitted":	false,
					"sender":	true
				}],
			"sum":	{
				"start":	0,
				"end":	1.000104,
				"seconds":	1.0001039505004883,
				"bytes":	9437184,
				"bits_per_second":	75489624.81571874,
				"retransmits":	660,
				"omitted":	false,
				"sender":	true
			}
		}, {
			"streams":	[{
					"socket":	6,
					"start":	1.000104,
					"end":	2.000126,
					"seconds":	1.0000220537185669,
					"bytes":	7864320,
					"bits_per_second":	62913172.530598857,
					"retransmits":	0,
					"snd_cwnd":	915136,
					"snd_wnd":	3141248,
					"rtt":	50102,
					"rttvar":	18,
					"pmtu":	1500,
					"omitted":	false,
					"sender":	true
				}],
			"sum":	{
				"start":	1.000104,
				"end":	2.000126,
				"seconds":	1.0000220537185669,
				"bytes":	7864320,
				"bits_per_second":	62913172.530598857,
				"retransmits":	0,
				"omitted":	false,
				"sender":	true
			}
		}, {
			"streams":	[{
					"socket":	6,
					"start":	2.000126,
					"end":	3.000152,
					"seconds":	1.0000259876251221,
					"bytes":	7864320,
					"bits_per_second":	62912925.042488664,
					"retransmits":	0,
					"snd_cwnd":	848528,
					"snd_wnd":	3141248,
					"rtt":	50065,
					"rttvar":	2,
					"pmtu":	1500,
					"omitted":	false,
					"sender":	true
				}],
			"sum":	{
				"start":	2.000126,
				"end":	3.000152,
				"seconds":	1.0000259876251221,
				"bytes":	7864320,
				"bits_per_second":	62912925.042488664,
				"retransmits":	0,
				"omitted":	false,
				"sender":	true
			}
		}, {
			"streams":	[{
					"socket":	6,
					"start":	3.000152,
					"end":	4.000137,
					"seconds":	0.9999849796295166,
					"bytes":	9175040,
					"bits_per_second":	73401422.5165602,
					"retransmits":	95,
					"snd_cwnd":	771784,
					"snd_wnd":	3126528,
					"rtt":	57539,
					"rttvar":	208,
					"pmtu":	1500,
					"omitted":	false,
					"sender":	true
				}],
			"sum":	{
				"start":	3.000152,
				"end":	4.000137,
				"seconds":	0.9999849796295166,
				"bytes":	9175040,
				"bits_per_second":	73401422.5165602,
				"retransmits":	95,
				"omitted":	false,
				"sender":	true
			}
		}, {
			"streams":	[{
					"socket":	6,
					"start":	4.000137,
					"end":	5.000084,
					"seconds":	0.99994701147079468,
					"bytes":	11796480,
					"bits_per_second":	94376840.8899898,
					"retransmits":	433,
					"snd_cwnd":	1346640,
					"snd_wnd":	3145728,
					"rtt":	52626,
					"rttvar":	826,
					"pmtu":	1500,
					"omitted":	false,
					"sender":	true
				}],
			"sum":	{
				"start":	4.000137,
				"end":	5.000084,
				"seconds":	0.99994701147079468,
				"bytes":	11796480,
				"bits_per_second":	94376840.8899898,
				"retransmits":	433,
				"omitted":	false,
				"sender":	true
			}
		}, {
			"streams":	[{
					"socket":	6,
					"start":	5.000084,
					"end":	6.000128,
					"seconds":	1.0000439882278442,
					"bytes":	10485760,
					"bits_per_second":	83882390.162309423,
					"retransmits":	272,
					"snd_cwnd":	1288720,
					"snd_wnd":	3145728,
					"rtt":	54355,
					"rttvar":	230,
					"pmtu":	1500,
					"omitted":	false,
					"sender":	true
				}],
			"sum":	{
				"start":	5.000084,
				"end":	6.000128,
				"seconds":	1.0000439882278442,
				"bytes":	10485760,
				"bits_per_second":	83882390.162309423,
				"retransmits":	272,
				"omitted":	false,
				"sender":	true
			}
		}, {
			"streams":	[{
					"socket":	6,
					"start":	6.000128,
					"end":	7.000081,
					"seconds":	0.99995297193527222,
					"bytes":	11796480,
					"bits_per_second":	94376278.333726242,
					"retransmits":	296,
					"snd_cwnd":	1268448,
					"snd_wnd":	3145728,
					"rtt":	52064,
					"rttvar":	529,
					"pmtu":	1500,
					"omitted":	false,
					"sender":	true
				}],
			"sum":	{
				"start":	6.000128,
				"end":	7.000081,
				"seconds":	0.99995297193527222,
				"bytes":	11796480,
				"bits_per_second":	94376278.333726242,
				"retransmits":	296,
				"omitted":	false,
				"sender":	true
			}
		}, {
			"streams":	[{
					"socket":	6,
					"start":	7.000081,
					"end":	8.000084,
					"seconds":	1.0000029802322388,
					"bytes":	11796480,
					"bits_per_second":	94371558.7508382,
					"retransmits":	212,
					"snd_cwnd":	1262656,
					"snd_wnd":	3145728,
					"rtt":	50082,
					"rttvar":	7,
					"pmtu":	1500,
					"omitted":	false,
					"sender":	true
				}],
			"sum":	{
				"start":	7.000081,
				"end":	8.000084,
				"seconds":	1.0000029802322388,
				"bytes":	11796480,
				"bits_per_second":	94371558.7508382,
				"retransmits":	212,
				"omitted":	false,
				"sender":	true
			}
		}, {
			"streams":	[{
					"socket":	6,
					"start":	8.000084,
					"end":	9.000072,
					"seconds":	0.9999880194664,
					"bytes":	11796480,
					"bits_per_second":	94372970.638545647,
					"retransmits":	225,
					"snd_cwnd":	907896,
					"snd_wnd":	2886144,
					"rtt":	50162,
					"rttvar":	221,
					"pmtu":	1500,
					"omitted":	false,
					"sender":	true
				}],
			"sum":	{
				"start":	8.000084,
				"end":	9.000072,
				"seconds":	0.9999880194664,
				"bytes":	11796480,
				"bits_per_second":	94372970.638545647,
				"retransmits":	225,
				"omitted":	false,
				"sender":	true
			}
		}, {
			"streams":	[{
					"socket":	6,
					"start":	9.000072,
					"end":	10.000074,
					"seconds":	1.0000020265579224,
					"bytes":	11796480,
					"bits_per_second":	94371648.7503876,
					"retransmits":	218,
					"snd_cwnd":	1274240,
					"snd_wnd":	3145728,
					"rtt":	56879,
					"rttvar":	346,
					"pmtu":	1500,
					"omitted":	false,
					"sender":	true
				}],
			"sum":	{
				"start":	9.000072,
				"end":	10.000074,
				"seconds":	1.0000020265579224,
				"bytes":	11796480,
				"bits_per_second":	94371648.7503876,
				"retransmits":	218,
				"omitted":	false,
				"sender":	true
			}
		}, {
			"streams":	[{
					"socket":	6,
					"start":	10.000074,
					"end":	11.000308,
					"seconds":	1.0002340078353882,
					"bytes":	7864320,
					"bits_per_second":	62899840.944374345,
					"retransmits":	177,
					"snd_cwnd":	1239488,
					"snd_wnd":	3145728,
					"rtt":	50084,
					"rttvar":	7,
					"pmtu":	1500,
					"omitted":	false,
					"sender":	true
				}],
			"sum":	{
				"start":	10.000074,
				"end":	11.000308,
				"seconds":	1.0002340078353882,
				"bytes":	7864320,
				"bits_per_second":	62899840.944374345,
				"retransmits":	177,
				"omitted":	false,
				"sender":	true
			}
		}, {
			"streams":	[{
					"socket":	6,
					"start":	11.000308,
					"end":	12.000098,
					"seconds":	0.9997900128364563,
					"bytes":	11796480,
					"bits_per_second":	94391661.037163377,
					"retransmits":	164,
					"snd_cwnd":	1242384,
					"snd_wnd":	3145728,
					"rtt":	57206,
					"rttvar":	268,
					"pmtu":	1500,
					"omitted":	false,
					"sender":	true
				}],
			"sum":	{
				"start":	11.000308,
				"end":	12.000098,
				"seconds":	0.9997900128364563,
				"bytes":	11796480,
				"bits_per_second":	94391661.037163377,
				"retransmits":	164,
				"omitted":	false,
				"sender":	true
			}
		}, {
			"streams":	[{
					"socket":	6,
					"start":	12.000098,
					"end":	13.000113,
					"seconds":	1.0000150203704834,
					"bytes":	11796480,
					"bits_per_second":	94370422.521291062,
					"retransmits":	311,
					"snd_cwnd":	1285824,
					"snd_wnd":	3145728,
					"rtt":	52610,
					"rttvar":	251,
					"pmtu":	1500,
					"omitted":	false,
					"sender":	true
				}],
			"sum":	{
				"start":	12.000098,
				"end":	13.000113,
				"seconds":	1.0000150203704834,
				"bytes":	11796480,
				"bits_per_second":	94370422.521291062,
				"retransmits":	311,
				"omitted":	false,
				"sender":	true
			}
		}, {
			"streams":	[{
					"socket":	6,
					"start":	13.000113,
					"end":	14.000191,
					"seconds":	1.0000779628753662,
					"bytes":	10485760,
					"bits_per_second":	83879540.509837463,
					"retransmits":	253,
					"snd_cwnd":	860112,
					"snd_wnd":	3073280,
					"rtt":	57595,
					"rttvar":	179,
					"pmtu":	1500,
					"omitted":	false,
					"sender":	true
				}],
			"sum":	{
				"start":	13.000113,
				"end":	14.000191,
				"seconds":	1.0000779628753662,
				"bytes":	10485760,
				"bits_per_second":	83879540.509837463,
				"retransmits":	253,
				"omitted":	false,
				"sender":	true
			}
		}, {
			"streams":	[{
					"socket":	6,
					"start":	14.000191,
					"end":	15.000098,
					"seconds":	0.99990701675415039,
					"bytes":	11796480,
					"bits_per_second":	94380615.816003859,
					"retransmits":	307,
					"snd_cwnd":	1268448,
					"snd_wnd":	3145728,
					"rtt":	50091,
					"rttvar":	7,
					"pmtu":	1500,
					"omitted":	false,
					"sender":	true
				}],
			"sum":	{
				"start":	14.000191,
				"end":	15.000098,
				"seconds":	0.99990701675415039,
				"bytes":	11796480,
				"bits_per_second":	94380615.816003859,
				"retransmits":	307,
				"omitted":	false,
				"sender":	true
			}
		}, {
			"streams":	[{
					"socket":	6,
					"start":	15.000098,
					"end":	16.000106,
					"seconds":	1.0000079870224,
					"bytes":	11796480,
					"bits_per_second":	94371086.256020173,
					"retransmits":	149,
					"snd_cwnd":	1274240,
					"snd_wnd":	3145728,
					"rtt":	50133,
					"rttvar":	23,
					"pmtu":	1500,
					"omitted":	false,
					"sender":	true
				}],
			"sum":	{
				"start":	15.000098,
				"end":	16.000106,
				"seconds":	1.0000079870224,
				"bytes":	11796480,
				"bits_per_second":	94371086.256020173,
				"retransmits":	149,
				"omitted":	false,
				"sender":	true
			}
		}, {
			"streams":	[{
					"socket":	6,
					"start":	16.000106,
					"end":	17.0001,
					"seconds":	0.99999397993087769,
					"bytes":	11796480,
					"bits_per_second":	94372408.128420174,
					"retransmits":	268,
					"snd_cwnd":	1294512,
					"snd_wnd":	3145728,
					"rtt":	50444,
					"rttvar":	440,
					"pmtu":	1500,
					"omitted":	false,
					"sender":	true
				}],
			"sum":	{
				"start":	16.000106,
				"end":	17.0001,
				"seconds":	0.99999397993087769,
				"bytes":	11796480,
				"bits_per_second":	94372408.128420174,
				"retransmits":	268,
				"omitted":	false,
				"sender":	true
			}
		}, {
			"streams":	[{
					"socket":	6,
					"start":	17.0001,
					"end":	18.000134,
					"seconds":	1.000033974647522,
					"bytes":	11796480,
					"bits_per_second":	94368633.8589275,
					"retransmits":	262,
					"snd_cwnd":	1285824,
					"snd_wnd":	3145728,
					"rtt":	57136,
					"rttvar":	233,
					"pmtu":	1500,
					"omitted":	false,
					"sender":	true
				}],
			"sum":	{
				"start":	17.0001,
				"end":	18.000134,
				"seconds":	1.000033974647522,
				"bytes":	11796480,
				"bits_per_second":	94368633.8589275,
				"retransmits":	262,
				"omitted":	false,
				"sender":	true
			}
		}, {
			"streams":	[{
					"socket":	6,
					"start":	18.000134,
					"end":	19.000072,
					"seconds":	0.99993801116943359,
					"bytes":	11796480,
					"bits_per_second":	94377690.362657145,
					"retransmits":	287,
					"snd_cwnd":	1259760,
					"snd_wnd":	3145728,
					"rtt":	50076,
					"rttvar":	8,
					"pmtu":	1500,
					"omitted":	false,
					"sender":	true
				}],
			"sum":	{
				"start":	18.000134,
				"end":	19.000072,
				"seconds":	0.99993801116943359,
				"bytes":	11796480,
				"bits_per_second":	94377690.362657145,
				"retransmits":	287,
				"omitted":	false,
				"sender":	true
			}
		}, {
			"streams":	[{
					"socket":	6,
					"start":	19.000072,
					"end":	20.000072,
					"seconds":	1,
					"bytes":	11796480,
					"bits_per_second":	94371840,
					"retransmits":	167,
					"snd_cwnd":	1274240,
					"snd_wnd":	3145728,
					"rtt":	50595,
					"rttvar":	124,
					"pmtu":	1500,
					"omitted":	false,
					"sender":	true
				}],
			"sum":	{
				"start":	19.000072,
				"end":	20.000072,
				"seconds":	1,
				"bytes":	11796480,
				"bits_per_second":	94371840,
				"retransmits":	167,
				"omitted":	false,
				"sender":	true
			}
		}, {
			"streams":	[{
					"socket":	6,
					"start":	20.000072,
					"end":	21.000461,
					"seconds":	1.0003889799118042,
					"bytes":	9175040,
					"bits_per_second":	73371779.851544425,
					"retransmits":	157,
					"snd_cwnd":	5792,
					"snd_wnd":	3080704,
					"rtt":	54509,
					"rttvar":	992,
					"pmtu":	1500,
					"omitted":	false,
					"sender":	true
				}],
			"sum":	{
				"start":	20.000072,
				"end":	21.000461,
				"seconds":	1.0003889799118042,
				"bytes":	9175040,
				"bits_per_second":	73371779.851544425,
				"retransmits":	157,
				"omitted":	false,
				"sender":	true
			}
		}, {
			"streams":	[{
					"socket":	6,
					"start":	21.000461,
					"end":	22.000073,
					"seconds":	0.99961197376251221,
					"bytes":	10485760,
					"bits_per_second":	83918642.6351568,
					"retransmits":	626,
					"snd_cwnd":	1268448,
					"snd_wnd":	3116288,
					"rtt":	57768,
					"rttvar":	156,
					"pmtu":	1500,
					"omitted":	false,
					"sender":	true
				}],
			"sum":	{
				"start":	21.000461,
				"end":	22.000073,
				"seconds":	0.99961197376251221,
				"bytes":	10485760,
				"bits_per_second":	83918642.6351568,
				"retransmits":	626,
				"omitted":	false,
				"sender":	true
			}
		}, {
			"streams":	[{
					"socket":	6,
					"start":	22.000073,
					"end":	23.000081,
					"seconds":	1.0000079870224,
					"bytes":	11796480,
					"bits_per_second":	94371086.256020173,
					"retransmits":	246,
					"snd_cwnd":	1285824,
					"snd_wnd":	3145728,
					"rtt":	54777,
					"rttvar":	170,
					"pmtu":	1500,
					"omitted":	false,
					"sender":	true
				}],
			"sum":	{
				"start":	22.000073,
				"end":	23.000081,
				"seconds":	1.0000079870224,
				"bytes":	11796480,
				"bits_per_second":	94371086.256020173,
				"retransmits":	246,
				"omitted":	false,
				"sender":	true
			}
		}, {
			"streams":	[{
					"socket":	6,
					"start":	23.000081,
					"end":	24.000115,
					"seconds":	1.000033974647522,
					"bytes":	11796480,
					"bits_per_second":	94368633.8589275,
					"retransmits":	286,
					"snd_cwnd":	1337952,
					"snd_wnd":	3145728,
					"rtt":	56833,
					"rttvar":	337,
					"pmtu":	1500,
					"omitted":	false,
					"sender":	true
				}],
			"sum":	{
				"start":	23.000081,
				"end":	24.000115,
				"seconds":	1.000033974647522,
				"bytes":	11796480,
				"bits_per_second":	94368633.8589275,
				"retransmits":	286,
				"omitted":	false,
				"sender":	true
			}
		}, {
			"streams":	[{
					"socket":	6,
					"start":	24.000115,
					"end":	25.000121,
					"seconds":	1.0000059604644775,
					"bytes":	11796480,
					"bits_per_second":	94371277.503352746,
					"retransmits":	271,
					"snd_cwnd":	1227904,
					"snd_wnd":	3145728,
					"rtt":	53697,
					"rttvar":	47,
					"pmtu":	1500,
					"omitted":	false,
					"sender":	true
				}],
			"sum":	{
				"start":	24.000115,
				"end":	25.000121,
				"seconds":	1.0000059604644775,
				"bytes":	11796480,
				"bits_per_second":	94371277.503352746,
				"retransmits":	271,
				"omitted":	false,
				"sender":	true
			}
		}, {
			"streams":	[{
					"socket":	6,
					"start":	25.000121,
					"end":	26.000183,
					"seconds":	1.0000619888305664,
					"bytes":	10485760,
					"bits_per_second":	83880880.322321936,
					"retransmits":	242,
					"snd_cwnd":	1004912,
					"snd_wnd":	2893952,
					"rtt":	57707,
					"rttvar":	200,
					"pmtu":	1500,
					"omitted":	false,
					"sender":	true
				}],
			"sum":	{
				"start":	25.000121,
				"end":	26.000183,
				"seconds":	1.0000619888305664,
				"bytes":	10485760,
				"bits_per_second":	83880880.322321936,
				"retransmits":	242,
				"omitted":	false,
				"sender":	true
			}
		}, {
			"streams":	[{
					"socket":	6,
					"start":	26.000183,
					"end":	27.000088,
					"seconds":	0.999904990196228,
					"bytes":	11796480,
					"bits_per_second":	94380807.1019626,
					"retransmits":	370,
					"snd_cwnd":	1274240,
					"snd_wnd":	3145728,
					"rtt":	53974,
					"rttvar":	291,
					"pmtu":	1500,
					"omitted":	false,
					"sender":	true
				}],
			"sum":	{
				"start":	26.000183,
				"end":	27.000088,
				"seconds":	0.999904990196228,
				"bytes":	11796480,
				"bits_per_second":	94380807.1019626,
				"retransmits":	370,
				"omitted":	false,
				"sender":	true
			}
		}, {
			"streams":	[{
					"socket":	6,
					"start":	27.000088,
					"end":	28.000099,
					"seconds":	1.0000109672546387,
					"bytes":	11796480,
					"bits_per_second":	94370805.011351,
					"retransmits":	173,
					"snd_cwnd":	1248176,
					"snd_wnd":	3145728,
					"rtt":	50104,
					"rttvar":	7,
					"pmtu":	1500,
					"omitted":	false,
					"sender":	true
				}],
			"sum":	{
				"start":	27.000088,
				"end":	28.000099,
				"seconds":	1.0000109672546387,
				"bytes":	11796480,
				"bits_per_second":	94370805.011351,
				"retransmits":	173,
				"omitted":	false,
				"sender":	true
			}
		}, {
			"streams":	[{
					"socket":	6,
					"start":	28.000099,
					"end":	29.000115,
					"seconds":	1.0000159740448,
					"bytes":	11796480,
					"bits_per_second":	94370332.5240805,
					"retransmits":	497,
					"snd_cwnd":	916584,
					"snd_wnd":	2856960,
					"rtt":	50442,
					"rttvar":	502,
					"pmtu":	1500,
					"omitted":	false,
					"sender":	true
				}],
			"sum":	{
				"start":	28.000099,
				"end":	29.000115,
				"seconds":	1.0000159740448,
				"bytes":	11796480,
				"bits_per_second":	94370332.5240805,
				"retransmits":	497,
				"omitted":	false,
				"sender":	true
			}
		}, {
			"streams":	[{
					"socket":	6,
					"start":	29.000115,
					"end":	30.000084,
					"seconds":	0.9999690055847168,
					"bytes":	11796480,
					"bits_per_second":	94374765.0906615,
					"retransmits":	200,
					"snd_cwnd":	1285824,
					"snd_wnd":	3145728,
					"rtt":	55292,
					"rttvar":	216,
					"pmtu":	1500,
					"omitted":	false,
					"sender":	true
				}],
			"sum":	{
				"start":	29.000115,
				"end":	30.000084,
				"seconds":	0.9999690055847168,
				"bytes":	11796480,
				"bits_per_second":	94374765.0906615,
				"retransmits":	200,
				"omitted":	false,
				"sender":	true
			}
		}, {
			"streams":	[{
					"socket":	6,
					"start":	30.000084,
					"end":	31.000098,
					"seconds":	1.0000139474868774,
					"bytes":	11796480,
					"bits_per_second":	94370523.768358126,
					"retransmits":	221,
					"snd_cwnd":	1245280,
					"snd_wnd":	3145728,
					"rtt":	52431,
					"rttvar":	347,
					"pmtu":	1500,
					"omitted":	false,
					"sender":	true
				}],
			"sum":	{
				"start":	30.000084,
				"end":	31.000098,
				"seconds":	1.0000139474868774,
				"bytes":	11796480,
				"bits_per_second":	94370523.768358126,
				"retransmits":	221,
				"omitted":	false,
				"sender":	true
			}
		}, {
			"streams":	[{
					"socket":	6,
					"start":	31.000098,
					"end":	32.000089,
					"seconds":	0.999990999698639,
					"bytes":	7864320,
					"bits_per_second":	62915126.255096465,
					"retransmits":	68,
					"snd_cwnd":	1251072,
					"snd_wnd":	3145728,
					"rtt":	50088,
					"rttvar":	8,
					"pmtu":	1500,
					"omitted":	false,
					"sender":	true
				}],
			"sum":	{
				"start":	31.000098,
				"end":	32.000089,
				"seconds":	0.999990999698639,
				"bytes":	7864320,
				"bits_per_second":	62915126.255096465,
				"retransmits":	68,
				"omitted":	false,
				"sender":	true
			}
		}, {
			"streams":	[{
					"socket":	6,
					"start":	32.000089,
					"end":	33.00018,
					"seconds":	1.0000909566879272,
					"bytes":	10485760,
					"bits_per_second":	83878450.6939364,
					"retransmits":	225,
					"snd_cwnd":	608160,
					"snd_wnd":	3145728,
					"rtt":	57478,
					"rttvar":	512,
					"pmtu":	1500,
					"omitted":	false,
					"sender":	true
				}],
			"sum":	{
				"start":	32.000089,
				"end":	33.00018,
				"seconds":	1.0000909566879272,
				"bytes":	10485760,
				"bits_per_second":	83878450.6939364,
				"retransmits":	225,
				"omitted":	false,
				"sender":	true
			}
		}, {
			"streams":	[{
					"socket":	6,
					"start":	33.00018,
					"end":	34.000081,
					"seconds":	0.999900996685028,
					"bytes":	13107200,
					"bits_per_second":	104867982.27787992,
					"retransmits":	205,
					"snd_cwnd":	1262656,
					"snd_wnd":	3145728,
					"rtt":	50783,
					"rttvar":	153,
					"pmtu":	1500,
					"omitted":	false,
					"sender":	true
				}],
			"sum":	{
				"start":	33.00018,
				"end":	34.000081,
				"seconds":	0.999900996685028,
				"bytes":	13107200,
				"bits_per_second":	104867982.27787992,
				"retransmits":	205,
				"omitted":	false,
				"sender":	true
			}
		}, {
			"streams":	[{
					"socket":	6,
					"start":	34.000081,
					"end":	35.000163,
					"seconds":	1.0000820159912109,
					"bytes":	10485760,
					"bits_per_second":	83879200.564223751,
					"retransmits":	230,
					"snd_cwnd":	690696,
					"snd_wnd":	3015680,
					"rtt":	53129,
					"rttvar":	1422,
					"pmtu":	1500,
					"omitted":	false,
					"sender":	true
				}],
			"sum":	{
				"start":	34.000081,
				"end":	35.000163,
				"seconds":	1.0000820159912109,
				"bytes":	10485760,
				"bits_per_second":	83879200.564223751,
				"retransmits":	230,
				"omitted":	false,
				"sender":	true
			}
		}, {
			"streams":	[{
					"socket":	6,
					"start":	35.000163,
					"end":	36.000101,
					"seconds":	0.99993801116943359,
					"bytes":	11796480,
					"bits_per_second":	94377690.362657145,
					"retransmits":	162,
					"snd_cwnd":	1259760,
					"snd_wnd":	3145728,
					"rtt":	50079,
					"rttvar":	5,
					"pmtu":	1500,
					"omitted":	false,
					"sender":	true
				}],
			"sum":	{
				"start":	35.000163,
				"end":	36.000101,
				"seconds":	0.99993801116943359,
				"bytes":	11796480,
				"bits_per_second":	94377690.362657145,
				"retransmits":	162,
				"omitted":	false,
				"sender":	true
			}
		}, {
			"streams":	[{
					"socket":	6,
					"start":	36.000101,
					"end":	37.000089,
					"seconds":	0.9999880194664,
					"bytes":	11796480,
					"bits_per_second":	94372970.638545647,
					"retransmits":	225,
					"snd_cwnd":	602368,
					"snd_wnd":	3145728,
					"rtt":	56043,
					"rttvar":	882,
					"pmtu":	1500,
					"omitted":	false,
					"sender":	true
				}],
			"sum":	{
				"start":	36.000101,
				"end":	37.000089,
				"seconds":	0.9999880194664,
				"bytes":	11796480,
				"bits_per_second":	94372970.638545647,
				"retransmits":	225,
				"omitted":	false,
				"sender":	true
			}
		}, {
			"streams":	[{
					"socket":	6,
					"start":	37.000089,
					"end":	38.000079,
					"seconds":	0.99998998641967773,
					"bytes":	11796480,
					"bits_per_second":	94372785.009462923,
					"retransmits":	144,
					"snd_cwnd":	1256864,
					"snd_wnd":	3145728,
					"rtt":	50783,
					"rttvar":	421,
					"pmtu":	1500,
					"omitted":	false,
					"sender":	true
				}],
			"sum":	{
				"start":	37.000089,
				"end":	38.000079,
				"seconds":	0.99998998641967773,
				"bytes":	11796480,
				"bits_per_second":	94372785.009462923,
				"retransmits":	144,
				"omitted":	false,
				"sender":	true
			}
		}, {
			"streams":	[{
					"socket":	6,
					"start":	38.000079,
					"end":	39.000173,
					"seconds":	1.0000940561294556,
					"bytes":	10485760,
					"bits_per_second":	83878190.742033064,
					"retransmits":	261,
					"snd_cwnd":	777576,
					"snd_wnd":	2921856,
					"rtt":	53024,
					"rttvar":	1195,
					"pmtu":	1500,
					"omitted":	false,
					"sender":	true
				}],
			"sum":	{
				"start":	38.000079,
				"end":	39.000173,
				"seconds":	1.0000940561294556,
				"bytes":	10485760,
				"bits_per_second":	83878190.742033064,
				"retransmits":	261,
				"omitted":	false,
				"sender":	true
			}
		}, {
			"streams":	[{
					"socket":	6,
					"start":	39.000173,
					"end":	40.000097,
					"seconds":	0.99992400407791138,
					"bytes":	13107200,
					"bits_per_second":	104865569.35563853,
					"retransmits":	219,
					"snd_cwnd":	1291616,
					"snd_wnd":	3145728,
					"rtt":	56781,
					"rttvar":	431,
					"pmtu":	1500,
					"omitted":	false,
					"sender":	true
				}],
			"sum":	{
				"start":	39.000173,
				"end":	40.000097,
				"seconds":	0.99992400407791138,
				"bytes":	13107200,
				"bits_per_second":	104865569.35563853,
				"retransmits":	219,
				"omitted":	false,
				"sender":	true
			}
		}, {
			"streams":	[{
					"socket":	6,
					"start":	40.000097,
					"end":	41.000144,
					"seconds":	1.000046968460083,
					"bytes":	10485760,
					"bits_per_second":	83882140.185047045,
					"retransmits":	316,
					"snd_cwnd":	748616,
					"snd_wnd":	2936320,
					"rtt":	53798,
					"rttvar":	993,
					"pmtu":	1500,
					"omitted":	false,
					"sender":	true
				}],
			"sum":	{
				"start":	40.000097,
				"end":	41.000144,
				"seconds":	1.000046968460083,
				"bytes":	10485760,
				"bits_per_second":	83882140.185047045,
				"retransmits":	316,
				"omitted":	false,
				"sender":	true
			}
		}, {
			"streams":	[{
					"socket":	6,
					"start":	41.000144,
					"end":	42.000258,
					"seconds":	1.0001139640808105,
					"bytes":	10485760,
					"bits_per_second":	83876521.089372456,
					"retransmits":	180,
					"snd_cwnd":	5792,
					"snd_wnd":	3145728,
					"rtt":	50133,
					"rttvar":	77,
					"pmtu":	1500,
					"omitted":	false,
					"sender":	true
				}],
			"sum":	{
				"start":	41.000144,
				"end":	42.000258,
				"seconds":	1.0001139640808105,
				"bytes":	10485760,
				"bits_per_second":	83876521.089372456,
				"retransmits":	180,
				"omitted":	false,
				"sender":	true
			}
		}, {
			"streams":	[{
					"socket":	6,
					"start":	42.000258,
					"end":	43.000095,
					"seconds":	0.99983698129653931,
					"bytes":	10485760,
					"bits_per_second":	83899757.229644239,
					"retransmits":	226,
					"snd_cwnd":	1326368,
					"snd_wnd":	3145728,
					"rtt":	57053,
					"rttvar":	299,
					"pmtu":	1500,
					"omitted":	false,
					"sender":	true
				}],
			"sum":	{
				"start":	42.000258,
				"end":	43.000095,
				"seconds":	0.99983698129653931,
				"bytes":	10485760,
				"bits_per_second":	83899757.229644239,
				"retransmits":	226,
				"omitted":	false,
				"sender":	true
			}
		}, {
			"streams":	[{
					"socket":	6,
					"start":	43.000095,
					"end":	44.000156,
					"seconds":	1.00006103515625,
					"bytes":	10485760,
					"bits_per_second":	83880960.312480927,
					"retransmits":	301,
					"snd_cwnd":	590784,
					"snd_wnd":	3145728,
					"rtt":	57934,
					"rttvar":	993,
					"pmtu":	1500,
					"omitted":	false,
					"sender":	true
				}],
			"sum":	{
				"start":	43.000095,
				"end":	44.000156,
				"seconds":	1.00006103515625,
				"bytes":	10485760,
				"bits_per_second":	83880960.312480927,
				"retransmits":	301,
				"omitted":	false,
				"sender":	true
			}
		}, {
			"streams":	[{
					"socket":	6,
					"start":	44.000156,
					"end":	45.000093,
					"seconds":	0.99993699789047241,
					"bytes":	11796480,
					"bits_per_second":	94377785.9996105,
					"retransmits":	148,
					"snd_cwnd":	1288720,
					"snd_wnd":	3145728,
					"rtt":	53563,
					"rttvar":	379,
					"pmtu":	1500,
					"omitted":	false,
					"sender":	true
				}],
			"sum":	{
				"start":	44.000156,
				"end":	45.000093,
				"seconds":	0.99993699789047241,
				"bytes":	11796480,
				"bits_per_second":	94377785.9996105,
				"retransmits":	148,
				"omitted":	false,
				"sender":	true
			}
		}, {
			"streams":	[{
					"socket":	6,
					"start":	45.000093,
					"end":	46.000078,
					"seconds":	0.9999849796295166,
					"bytes":	11796480,
					"bits_per_second":	94373257.5212917,
					"retransmits":	159,
					"snd_cwnd":	734136,
					"snd_wnd":	3145728,
					"rtt":	56546,
					"rttvar":	1464,
					"pmtu":	1500,
					"omitted":	false,
					"sender":	true
				}],
			"sum":	{
				"start":	45.000093,
				"end":	46.000078,
				"seconds":	0.9999849796295166,
				"bytes":	11796480,
				"bits_per_second":	94373257.5212917,
				"retransmits":	159,
				"omitted":	false,
				"sender":	true
			}
		}, {
			"streams":	[{
					"socket":	6,
					"start":	46.000078,
					"end":	47.000086,
					"seconds":	1.0000079870224,
					"bytes":	11796480,
					"bits_per_second":	94371086.256020173,
					"retransmits":	297,
					"snd_cwnd":	1268448,
					"snd_wnd":	3145728,
					"rtt":	50950,
					"rttvar":	309,
					"pmtu":	1500,
					"omitted":	false,
					"sender":	true
				}],
			"sum":	{
				"start":	46.000078,
				"end":	47.000086,
				"seconds":	1.0000079870224,
				"bytes":	11796480,
				"bits_per_second":	94371086.256020173,
				"retransmits":	297,
				"omitted":	false,
				"sender":	true
			}
		}, {
			"streams":	[{
					"socket":	6,
					"start":	47.000086,
					"end":	48.000142,
					"seconds":	1.0000560283660889,
					"bytes":	10485760,
					"bits_per_second":	83881380.263318568,
					"retransmits":	241,
					"snd_cwnd":	677664,
					"snd_wnd":	3145728,
					"rtt":	58298,
					"rttvar":	887,
					"pmtu":	1500,
					"omitted":	false,
					"sender":	true
				}],
			"sum":	{
				"start":	47.000086,
				"end":	48.000142,
				"seconds":	1.0000560283660889,
				"bytes":	10485760,
				"bits_per_second":	83881380.263318568,
				"retransmits":	241,
				"omitted":	false,
				"sender":	true
			}
		}, {
			"streams":	[{
					"socket":	6,
					"start":	48.000142,
					"end":	49.000151,
					"seconds":	1.0000089406967163,
					"bytes":	11796480,
					"bits_per_second":	94370996.257543638,
					"retransmits":	300,
					"snd_cwnd":	1285824,
					"snd_wnd":	3145728,
					"rtt":	55651,
					"rttvar":	504,
					"pmtu":	1500,
					"omitted":	false,
					"sender":	true
				}],
			"sum":	{
				"start":	48.000142,
				"end":	49.000151,
				"seconds":	1.0000089406967163,
				"bytes":	11796480,
				"bits_per_second":	94370996.257543638,
				"retransmits":	300,
				"omitted":	false,
				"sender":	true
			}
		}, {
			"streams":	[{
					"socket":	6,
					"start":	49.000151,
					"end":	50.000119,
					"seconds":	0.99996799230575562,
					"bytes":	11796480,
					"bits_per_second":	94374860.721686333,
					"retransmits":	320,
					"snd_cwnd":	705176,
					"snd_wnd":	3145728,
					"rtt":	58260,
					"rttvar":	320,
					"pmtu":	1500,
					"omitted":	false,
					"sender":	true
				}],
			"sum":	{
				"start":	49.000151,
				"end":	50.000119,
				"seconds":	0.99996799230575562,
				"bytes":	11796480,
				"bits_per_second":	94374860.721686333,
				"retransmits":	320,
				"omitted":	false,
				"sender":	true
			}
		}, {
			"streams":	[{
					"socket":	6,
					"start":	50.000119,
					"end":	51.000116,
					"seconds":	0.99999701976776123,
					"bytes":	11796480,
					"bits_per_second":	94372121.2508382,
					"retransmits":	250,
					"snd_cwnd":	1262656,
					"snd_wnd":	3145728,
					"rtt":	50085,
					"rttvar":	8,
					"pmtu":	1500,
					"omitted":	false,
					"sender":	true
				}],
			"sum":	{
				"start":	50.000119,
				"end":	51.000116,
				"seconds":	0.99999701976776123,
				"bytes":	11796480,
				"bits_per_second":	94372121.2508382,
				"retransmits":	250,
				"omitted":	false,
				"sender":	true
			}
		}, {
			"streams":	[{
					"socket":	6,
					"start":	51.000116,
					"end":	52.000164,
					"seconds":	1.000048041343689,
					"bytes":	10485760,
					"bits_per_second":	83882050.1935973,
					"retransmits":	211,
					"snd_cwnd":	1259760,
					"snd_wnd":	2875904,
					"rtt":	57584,
					"rttvar":	327,
					"pmtu":	1500,
					"omitted":	false,
					"sender":	true
				}],
			"sum":	{
				"start":	51.000116,
				"end":	52.000164,
				"seconds":	1.000048041343689,
				"bytes":	10485760,
				"bits_per_second":	83882050.1935973,
				"retransmits":	211,
				"omitted":	false,
				"sender":	true
			}
		}, {
			"streams":	[{
					"socket":	6,
					"start":	52.000164,
					"end":	53.000104,
					"seconds":	0.99993997812271118,
					"bytes":	9175040,
					"bits_per_second":	73404725.88944976,
					"retransmits":	131,
					"snd_cwnd":	1262656,
					"snd_wnd":	3145728,
					"rtt":	54474,
					"rttvar":	88,
					"pmtu":	1500,
					"omitted":	false,
					"sender":	true
				}],
			"sum":	{
				"start":	52.000164,
				"end":	53.000104,
				"seconds":	0.99993997812271118,
				"bytes":	9175040,
				"bits_per_second":	73404725.88944976,
				"retransmits":	131,
				"omitted":	false,
				"sender":	true
			}
		}, {
			"streams":	[{
					"socket":	6,
					"start":	53.000104,
					"end":	54.000074,
					"seconds":	0.999970018863678,
					"bytes":	11796480,
					"bits_per_second":	94374669.4598304,
					"retransmits":	328,
					"snd_cwnd":	1268448,
					"snd_wnd":	3145728,
					"rtt":	50101,
					"rttvar":	44,
					"pmtu":	1500,
					"omitted":	false,
					"sender":	true
				}],
			"sum":	{
				"start":	53.000104,
				"end":	54.000074,
				"seconds":	0.999970018863678,
				"bytes":	11796480,
				"bits_per_second":	94374669.4598304,
				"retransmits":	328,
				"omitted":	false,
				"sender":	true
			}
		}, {
			"streams":	[{
					"socket":	6,
					"start":	54.000074,
					"end":	55.000075,
					"seconds":	1.0000009536743164,
					"bytes":	11796480,
					"bits_per_second":	94371750.000085831,
					"retransmits":	167,
					"snd_cwnd":	1265552,
					"snd_wnd":	3145728,
					"rtt":	50111,
					"rttvar":	5,
					"pmtu":	1500,
					"omitted":	false,
					"sender":	true
				}],
			"sum":	{
				"start":	54.000074,
				"end":	55.000075,
				"seconds":	1.0000009536743164,
				"bytes":	11796480,
				"bits_per_second":	94371750.000085831,
				"retransmits":	167,
				"omitted":	false,
				"sender":	true
			}
		}, {
			"streams":	[{
					"socket":	6,
					"start":	55.000075,
					"end":	56.000076,
					"seconds":	1.0000009536743164,
					"bytes":	11796480,
					"bits_per_second":	94371750.000085831,
					"retransmits":	221,
					"snd_cwnd":	1262656,
					"snd_wnd":	3139200,
					"rtt":	50302,
					"rttvar":	354,
					"pmtu":	1500,
					"omitted":	false,
					"sender":	true
				}],
			"sum":	{
				"start":	55.000075,
				"end":	56.000076,
				"seconds":	1.0000009536743164,
				"bytes":	11796480,
				"bits_per_second":	94371750.000085831,
				"retransmits":	221,
				"omitted":	false,
				"sender":	true
			}
		}, {
			"streams":	[{
					"socket":	6,
					"start":	56.000076,
					"end":	57.000131,
					"seconds":	1.0000549554824829,
					"bytes":	10485760,
					"bits_per_second":	83881470.253330857,
					"retransmits":	176,
					"snd_cwnd":	1268448,
					"snd_wnd":	3145728,
					"rtt":	53152,
					"rttvar":	430,
					"pmtu":	1500,
					"omitted":	false,
					"sender":	true
				}],
			"sum":	{
				"start":	56.000076,
				"end":	57.000131,
				"seconds":	1.0000549554824829,
				"bytes":	10485760,
				"bits_per_second":	83881470.253330857,
				"retransmits":	176,
				"omitted":	false,
				"sender":	true
			}
		}, {
			"streams":	[{
					"socket":	6,
					"start":	57.000131,
					"end":	58.000067,
					"seconds":	0.99993598461151123,
					"bytes":	11796480,
					"bits_per_second":	94377881.636757731,
					"retransmits":	305,
					"snd_cwnd":	1268448,
					"snd_wnd":	3145728,
					"rtt":	50065,
					"rttvar":	7,
					"pmtu":	1500,
					"omitted":	false,
					"sender":	true
				}],
			"sum":	{
				"start":	57.000131,
				"end":	58.000067,
				"seconds":	0.99993598461151123,
				"bytes":	11796480,
				"bits_per_second":	94377881.636757731,
				"retransmits":	305,
				"omitted":	false,
				"sender":	true
			}
		}, {
			"streams":	[{
					"socket":	6,
					"start":	58.000067,
					"end":	59.000075,
					"seconds":	1.0000079870224,
					"bytes":	11796480,
					"bits_per_second":	94371086.256020173,
					"retransmits":	223,
					"snd_cwnd":	1271344,
					"snd_wnd":	3145728,
					"rtt":	53875,
					"rttvar":	461,
					"pmtu":	1500,
					"omitted":	false,
					"sender":	true
				}],
			"sum":	{
				"start":	58.000067,
				"end":	59.000075,
				"seconds":	1.0000079870224,
				"bytes":	11796480,
				"bits_per_second":	94371086.256020173,
				"retransmits":	223,
				"omitted":	false,
				"sender":	true
			}
		}, {
			"streams":	[{
					"socket":	6,
					"start":	59.000075,
					"end":	60.000075,
					"seconds":	1,
					"bytes":	11796480,
					"bits_per_second":	94371840,
					"retransmits":	223,
					"snd_cwnd":	1242384,
					"snd_wnd":	3145728,
					"rtt":	50182,
					"rttvar":	62,
					"pmtu":	1500,
					"omitted":	false,
					"sender":	true
				}],
			"sum":	{
				"start":	59.000075,
				"end":	60.000075,
				"seconds":	1,
				"bytes":	11796480,
				"bits_per_second":	94371840,
				"retransmits":	223,
				"omitted":	false,
				"sender":	true
			}
		}],
	"end":	{
		"streams":	[{
				"sender":	{
					"socket":	6,
					"start":	0,
					"end":	60.000075,
					"seconds":	60.000075,
					"bytes":	666107904,
					"bits_per_second":	88814276.182154775,
					"retransmits":	14507,
					"max_snd_cwnd":	1346640,
					"max_snd_wnd":	3145728,
					"max_rtt":	58298,
					"min_rtt":	50065,
					"mean_rtt":	53295,
					"sender":	true
				},
				"receiver":	{
					"socket":	6,
					"start":	0,
					"end":	60.050182,
					"seconds":	60.000075,
					"bytes":	663179656,
					"bits_per_second":	88350061.087242,
					"sender":	true
				}
			}],
		"sum_sent":	{
			"start":	0,
			"end":	60.000075,
			"seconds":	60.000075,
			"bytes":	666107904,
			"bits_per_second":	88814276.182154775,
			"retransmits":	14507,
			"sender":	true
		},
		"sum_received":	{
			"start":	0,
			"end":	60.050182,
			"seconds":	60.050182,
			"bytes":	663179656,
			"bits_per_second":	88350061.087242,
			"sender":	true
		},
		"cpu_utilization_percent":	{
			"host_total":	0.26805676016143171,
			"host_user":	0.013796929201554465,
			"host_system":	0.25425983095987725,
			"remote_total":	1.974757851755959,
			"remote_user":	0.12163323757900016,
			"remote_system":	1.8531229489035157
		},
		"sender_tcp_congestion":	"bbr",
		"receiver_tcp_congestion":	"bbr"
	}
}
