{
	"start":	{
		"connected":	[{
				"socket":	6,
				"local_host":	"192.168.101.210",
				"local_port":	41670,
				"remote_host":	"192.168.100.168",
				"remote_port":	5201
			}],
		"version":	"iperf 3.11",
		"system_info":	"Linux f1 6.0.10-300.fc37.x86_64 #1 SMP PREEMPT_DYNAMIC Sat Nov 26 16:55:13 UTC 2022 x86_64",
		"timestamp":	{
			"time":	"Sat, 10 Dec 2022 20:15:17 GMT",
			"timesecs":	1670703317
		},
		"connecting_to":	{
			"host":	"192.168.100.168",
			"port":	5201
		},
		"cookie":	"6emf4jqfzlxhtoer2lo3l5bnuo5ehyb2getz",
		"tcp_mss_default":	1448,
		"target_bitrate":	0,
		"sock_bufsize":	0,
		"sndbuf_actual":	16384,
		"rcvbuf_actual":	131072,
		"test_start":	{
			"protocol":	"TCP",
			"num_streams":	1,
			"blksize":	131072,
			"omit":	0,
			"duration":	60,
			"bytes":	0,
			"blocks":	0,
			"reverse":	0,
			"tos":	0,
			"target_bitrate":	0
		}
	},
	"intervals":	[{
			"streams":	[{
					"socket":	6,
					"start":	0,
					"end":	1.000172,
					"seconds":	1.0001720190048218,
					"bytes":	1320576,
					"bits_per_second":	10562790.999204176,
					"retransmits":	0,
					"snd_cwnd":	141904,
					"snd_wnd":	1043456,
					"rtt":	156049,
					"rttvar":	2033,
					"pmtu":	1500,
					"omitted":	false,
					"sender":	true
				}],
			"sum":	{
				"start":	0,
				"end":	1.000172,
				"seconds":	1.0001720190048218,
				"bytes":	1320576,
				"bits_per_second":	10562790.999204176,
				"retransmits":	0,
				"omitted":	false,
				"sender":	true
			}
		}, {
			"streams":	[{
					"socket":	6,
					"start":	1.000172,
					"end":	2.000111,
					"seconds":	0.99993902444839478,
					"bytes":	1042560,
					"bits_per_second":	8340988.596380597,
					"retransmits":	0,
					"snd_cwnd":	179552,
					"snd_wnd":	1045888,
					"rtt":	220088,
					"rttvar":	1245,
					"pmtu":	1500,
					"omitted":	false,
					"sender":	true
				}],
			"sum":	{
				"start":	1.000172,
				"end":	2.000111,
				"seconds":	0.99993902444839478,
				"bytes":	1042560,
				"bits_per_second":	8340988.596380597,
				"retransmits":	0,
				"omitted":	false,
				"sender":	true
			}
		}, {
			"streams":	[{
					"socket":	6,
					"start":	2.000111,
					"end":	3.00027,
					"seconds":	1.0001590251922607,
					"bytes":	847080,
					"bits_per_second":	6775562.5148683982,
					"retransmits":	0,
					"snd_cwnd":	221544,
					"snd_wnd":	1045888,
					"rtt":	236947,
					"rttvar":	786,
					"pmtu":	1500,
					"omitted":	false,
					"sender":	true
				}],
			"sum":	{
				"start":	2.000111,
				"end":	3.00027,
				"seconds":	1.0001590251922607,
				"bytes":	847080,
				"bits_per_second":	6775562.5148683982,
				"retransmits":	0,
				"omitted":	false,
				"sender":	true
			}
		}, {
			"streams":	[{
					"socket":	6,
					"start":	3.00027,
					"end":	4.000407,
					"seconds":	1.0001369714736938,
					"bytes":	977400,
					"bits_per_second":	7818129.1393302567,
					"retransmits":	0,
					"snd_cwnd":	267880,
					"snd_wnd":	1045888,
					"rtt":	267609,
					"rttvar":	1697,
					"pmtu":	1500,
					"omitted":	false,
					"sender":	true
				}],
			"sum":	{
				"start":	3.00027,
				"end":	4.000407,
				"seconds":	1.0001369714736938,
				"bytes":	977400,
				"bits_per_second":	7818129.1393302567,
				"retransmits":	0,
				"omitted":	false,
				"sender":	true
			}
		}, {
			"streams":	[{
					"socket":	6,
					"start":	4.000407,
					"end":	5.000444,
					"seconds":	1.0000369548797607,
					"bytes":	1172880,
					"bits_per_second":	9382693.26369861,
					"retransmits":	0,
					"snd_cwnd":	317112,
					"snd_wnd":	1045888,
					"rtt":	301714,
					"rttvar":	630,
					"pmtu":	1500,
					"omitted":	false,
					"sender":	true
				}],
			"sum":	{
				"start":	4.000407,
				"end":	5.000444,
				"seconds":	1.0000369548797607,
				"bytes":	1172880,
				"bits_per_second":	9382693.26369861,
				"retransmits":	0,
				"omitted":	false,
				"sender":	true
			}
		}, {
			"streams":	[{
					"socket":	6,
					"start":	5.000444,
					"end":	6.000423,
					"seconds":	0.999979019165039,
					"bytes":	1368360,
					"bits_per_second":	10947109.679501485,
					"retransmits":	0,
					"snd_cwnd":	367792,
					"snd_wnd":	1045888,
					"rtt":	333193,
					"rttvar":	1545,
					"pmtu":	1500,
					"omitted":	false,
					"sender":	true
				}],
			"sum":	{
				"start":	5.000444,
				"end":	6.000423,
				"seconds":	0.999979019165039,
				"bytes":	1368360,
				"bits_per_second":	10947109.679501485,
				"retransmits":	0,
				"omitted":	false,
				"sender":	true
			}
		}, {
			"streams":	[{
					"socket":	6,
					"start":	6.000423,
					"end":	7.000206,
					"seconds":	0.9997829794883728,
					"bytes":	1629000,
					"bits_per_second":	13034828.825220622,
					"retransmits":	0,
					"snd_cwnd":	421368,
					"snd_wnd":	1045888,
					"rtt":	370996,
					"rttvar":	831,
					"pmtu":	1500,
					"omitted":	false,
					"sender":	true
				}],
			"sum":	{
				"start":	6.000423,
				"end":	7.000206,
				"seconds":	0.9997829794883728,
				"bytes":	1629000,
				"bits_per_second":	13034828.825220622,
				"retransmits":	0,
				"omitted":	false,
				"sender":	true
			}
		}, {
			"streams":	[{
					"socket":	6,
					"start":	7.000206,
					"end":	8.000556,
					"seconds":	1.0003499984741211,
					"bytes":	912240,
					"bits_per_second":	7295366.6328103626,
					"retransmits":	0,
					"snd_cwnd":	476392,
					"snd_wnd":	1053312,
					"rtt":	405362,
					"rttvar":	1381,
					"pmtu":	1500,
					"omitted":	false,
					"sender":	true
				}],
			"sum":	{
				"start":	7.000206,
				"end":	8.000556,
				"seconds":	1.0003499984741211,
				"bytes":	912240,
				"bits_per_second":	7295366.6328103626,
				"retransmits":	0,
				"omitted":	false,
				"sender":	true
			}
		}, {
			"streams":	[{
					"socket":	6,
					"start":	8.000556,
					"end":	9.000088,
					"seconds":	0.99953198432922363,
					"bytes":	2085120,
					"bits_per_second":	16688770.60616968,
					"retransmits":	0,
					"snd_cwnd":	531416,
					"snd_wnd":	1132416,
					"rtt":	453022,
					"rttvar":	1414,
					"pmtu":	1500,
					"omitted":	false,
					"sender":	true
				}],
			"sum":	{
				"start":	8.000556,
				"end":	9.000088,
				"seconds":	0.99953198432922363,
				"bytes":	2085120,
				"bits_per_second":	16688770.60616968,
				"retransmits":	0,
				"omitted":	false,
				"sender":	true
			}
		}, {
			"streams":	[{
					"socket":	6,
					"start":	9.000088,
					"end":	10.000248,
					"seconds":	1.0001599788665771,
					"bytes":	1172880,
					"bits_per_second":	9381539.1519997139,
					"retransmits":	0,
					"snd_cwnd":	602368,
					"snd_wnd":	1259264,
					"rtt":	496849,
					"rttvar":	906,
					"pmtu":	1500,
					"omitted":	false,
					"sender":	true
				}],
			"sum":	{
				"start":	9.000088,
				"end":	10.000248,
				"seconds":	1.0001599788665771,
				"bytes":	1172880,
				"bits_per_second":	9381539.1519997139,
				"retransmits":	0,
				"omitted":	false,
				"sender":	true
			}
		}, {
			"streams":	[{
					"socket":	6,
					"start":	10.000248,
					"end":	11.000497,
					"seconds":	1.0002490282058716,
					"bytes":	1234464,
					"bits_per_second":	9873253.2814492043,
					"retransmits":	0,
					"snd_cwnd":	750064,
					"snd_wnd":	1586560,
					"rtt":	558739,
					"rttvar":	748,
					"pmtu":	1500,
					"omitted":	false,
					"sender":	true
				}],
			"sum":	{
				"start":	10.000248,
				"end":	11.000497,
				"seconds":	1.0002490282058716,
				"bytes":	1234464,
				"bits_per_second":	9873253.2814492043,
				"retransmits":	0,
				"omitted":	false,
				"sender":	true
			}
		}, {
			"streams":	[{
					"socket":	6,
					"start":	11.000497,
					"end":	12.000478,
					"seconds":	0.99998098611831665,
					"bytes":	1310720,
					"bits_per_second":	10485959.378790965,
					"retransmits":	0,
					"snd_cwnd":	926720,
					"snd_wnd":	1848064,
					"rtt":	696282,
					"rttvar":	2241,
					"pmtu":	1500,
					"omitted":	false,
					"sender":	true
				}],
			"sum":	{
				"start":	11.000497,
				"end":	12.000478,
				"seconds":	0.99998098611831665,
				"bytes":	1310720,
				"bits_per_second":	10485959.378790965,
				"retransmits":	0,
				"omitted":	false,
				"sender":	true
			}
		}, {
			"streams":	[{
					"socket":	6,
					"start":	12.000478,
					"end":	13.000208,
					"seconds":	0.99972999095916748,
					"bytes":	1310720,
					"bits_per_second":	10488592.014669565,
					"retransmits":	0,
					"snd_cwnd":	1132336,
					"snd_wnd":	2364544,
					"rtt":	854282,
					"rttvar":	3216,
					"pmtu":	1500,
					"omitted":	false,
					"sender":	true
				}],
			"sum":	{
				"start":	12.000478,
				"end":	13.000208,
				"seconds":	0.99972999095916748,
				"bytes":	1310720,
				"bits_per_second":	10488592.014669565,
				"retransmits":	0,
				"omitted":	false,
				"sender":	true
			}
		}, {
			"streams":	[{
					"socket":	6,
					"start":	13.000208,
					"end":	14.001035,
					"seconds":	1.0008269548416138,
					"bytes":	0,
					"bits_per_second":	0,
					"retransmits":	0,
					"snd_cwnd":	1366912,
					"snd_wnd":	2771712,
					"rtt":	999602,
					"rttvar":	4510,
					"pmtu":	1500,
					"omitted":	false,
					"sender":	true
				}],
			"sum":	{
				"start":	13.000208,
				"end":	14.001035,
				"seconds":	1.0008269548416138,
				"bytes":	0,
				"bits_per_second":	0,
				"retransmits":	0,
				"omitted":	false,
				"sender":	true
			}
		}, {
			"streams":	[{
					"socket":	6,
					"start":	14.001035,
					"end":	15.000937,
					"seconds":	0.99990200996398926,
					"bytes":	1310720,
					"bits_per_second":	10486787.600694628,
					"retransmits":	0,
					"snd_cwnd":	1640584,
					"snd_wnd":	3143808,
					"rtt":	1193568,
					"rttvar":	4074,
					"pmtu":	1500,
					"omitted":	false,
					"sender":	true
				}],
			"sum":	{
				"start":	14.001035,
				"end":	15.000937,
				"seconds":	0.99990200996398926,
				"bytes":	1310720,
				"bits_per_second":	10486787.600694628,
				"retransmits":	0,
				"omitted":	false,
				"sender":	true
			}
		}, {
			"streams":	[{
					"socket":	6,
					"start":	15.000937,
					"end":	16.000622,
					"seconds":	0.999684989452362,
					"bytes":	1310720,
					"bits_per_second":	10489064.165847093,
					"retransmits":	0,
					"snd_cwnd":	1924392,
					"snd_wnd":	3144320,
					"rtt":	1372187,
					"rttvar":	3985,
					"pmtu":	1500,
					"omitted":	false,
					"sender":	true
				}],
			"sum":	{
				"start":	15.000937,
				"end":	16.000622,
				"seconds":	0.999684989452362,
				"bytes":	1310720,
				"bits_per_second":	10489064.165847093,
				"retransmits":	0,
				"omitted":	false,
				"sender":	true
			}
		}, {
			"streams":	[{
					"socket":	6,
					"start":	16.000622,
					"end":	17.000379,
					"seconds":	0.99975699186325073,
					"bytes":	1310720,
					"bits_per_second":	10488308.744365619,
					"retransmits":	0,
					"snd_cwnd":	2289288,
					"snd_wnd":	3144320,
					"rtt":	1556368,
					"rttvar":	4300,
					"pmtu":	1500,
					"omitted":	false,
					"sender":	true
				}],
			"sum":	{
				"start":	16.000622,
				"end":	17.000379,
				"seconds":	0.99975699186325073,
				"bytes":	1310720,
				"bits_per_second":	10488308.744365619,
				"retransmits":	0,
				"omitted":	false,
				"sender":	true
			}
		}, {
			"streams":	[{
					"socket":	6,
					"start":	17.000379,
					"end":	18.000226,
					"seconds":	0.99984699487686157,
					"bytes":	1310720,
					"bits_per_second":	10487364.62051516,
					"retransmits":	0,
					"snd_cwnd":	2670112,
					"snd_wnd":	3144320,
					"rtt":	1767696,
					"rttvar":	4376,
					"pmtu":	1500,
					"omitted":	false,
					"sender":	true
				}],
			"sum":	{
				"start":	17.000379,
				"end":	18.000226,
				"seconds":	0.99984699487686157,
				"bytes":	1310720,
				"bits_per_second":	10487364.62051516,
				"retransmits":	0,
				"omitted":	false,
				"sender":	true
			}
		}, {
			"streams":	[{
					"socket":	6,
					"start":	18.000226,
					"end":	19.000085,
					"seconds":	0.99985897541046143,
					"bytes":	1310720,
					"bits_per_second":	10487238.958569525,
					"retransmits":	0,
					"snd_cwnd":	3048040,
					"snd_wnd":	3144320,
					"rtt":	2002946,
					"rttvar":	5207,
					"pmtu":	1500,
					"omitted":	false,
					"sender":	true
				}],
			"sum":	{
				"start":	18.000226,
				"end":	19.000085,
				"seconds":	0.99985897541046143,
				"bytes":	1310720,
				"bits_per_second":	10487238.958569525,
				"retransmits":	0,
				"omitted":	false,
				"sender":	true
			}
		}, {
			"streams":	[{
					"socket":	6,
					"start":	19.000085,
					"end":	20.001061,
					"seconds":	1.0009759664535522,
					"bytes":	0,
					"bits_per_second":	0,
					"retransmits":	0,
					"snd_cwnd":	3466512,
					"snd_wnd":	3144320,
					"rtt":	2173803,
					"rttvar":	19532,
					"pmtu":	1500,
					"omitted":	false,
					"sender":	true
				}],
			"sum":	{
				"start":	19.000085,
				"end":	20.001061,
				"seconds":	1.0009759664535522,
				"bytes":	0,
				"bits_per_second":	0,
				"retransmits":	0,
				"omitted":	false,
				"sender":	true
			}
		}, {
			"streams":	[{
					"socket":	6,
					"start":	20.001061,
					"end":	21.000956,
					"seconds":	0.99989497661590576,
					"bytes":	1310720,
					"bits_per_second":	10486861.36566915,
					"retransmits":	0,
					"snd_cwnd":	4000824,
					"snd_wnd":	3144448,
					"rtt":	2024419,
					"rttvar":	18940,
					"pmtu":	1500,
					"omitted":	false,
					"sender":	true
				}],
			"sum":	{
				"start":	20.001061,
				"end":	21.000956,
				"seconds":	0.99989497661590576,
				"bytes":	1310720,
				"bits_per_second":	10486861.36566915,
				"retransmits":	0,
				"omitted":	false,
				"sender":	true
			}
		}, {
			"streams":	[{
					"socket":	6,
					"start":	21.000956,
					"end":	22.000777,
					"seconds":	0.9998210072517395,
					"bytes":	1310720,
					"bits_per_second":	10487637.211007157,
					"retransmits":	0,
					"snd_cwnd":	4565544,
					"snd_wnd":	3144448,
					"rtt":	1885774,
					"rttvar":	19765,
					"pmtu":	1500,
					"omitted":	false,
					"sender":	true
				}],
			"sum":	{
				"start":	21.000956,
				"end":	22.000777,
				"seconds":	0.9998210072517395,
				"bytes":	1310720,
				"bits_per_second":	10487637.211007157,
				"retransmits":	0,
				"omitted":	false,
				"sender":	true
			}
		}, {
			"streams":	[{
					"socket":	6,
					"start":	22.000777,
					"end":	23.000641,
					"seconds":	0.99986398220062256,
					"bytes":	1310720,
					"bits_per_second":	10487186.444021776,
					"retransmits":	0,
					"snd_cwnd":	4797224,
					"snd_wnd":	3144448,
					"rtt":	1812717,
					"rttvar":	106634,
					"pmtu":	1500,
					"omitted":	false,
					"sender":	true
				}],
			"sum":	{
				"start":	22.000777,
				"end":	23.000641,
				"seconds":	0.99986398220062256,
				"bytes":	1310720,
				"bits_per_second":	10487186.444021776,
				"retransmits":	0,
				"omitted":	false,
				"sender":	true
			}
		}, {
			"streams":	[{
					"socket":	6,
					"start":	23.000641,
					"end":	24.000485,
					"seconds":	0.9998440146446228,
					"bytes":	1310720,
					"bits_per_second":	10487395.88017335,
					"retransmits":	0,
					"snd_cwnd":	4797224,
					"snd_wnd":	3144448,
					"rtt":	2721125,
					"rttvar":	10467,
					"pmtu":	1500,
					"omitted":	false,
					"sender":	true
				}],
			"sum":	{
				"start":	23.000641,
				"end":	24.000485,
				"seconds":	0.9998440146446228,
				"bytes":	1310720,
				"bits_per_second":	10487395.88017335,
				"retransmits":	0,
				"omitted":	false,
				"sender":	true
			}
		}, {
			"streams":	[{
					"socket":	6,
					"start":	24.000485,
					"end":	25.000405,
					"seconds":	0.99992001056671143,
					"bytes":	1310720,
					"bits_per_second":	10486598.817096503,
					"retransmits":	0,
					"snd_cwnd":	4797224,
					"snd_wnd":	3144448,
					"rtt":	2591487,
					"rttvar":	20045,
					"pmtu":	1500,
					"omitted":	false,
					"sender":	true
				}],
			"sum":	{
				"start":	24.000485,
				"end":	25.000405,
				"seconds":	0.99992001056671143,
				"bytes":	1310720,
				"bits_per_second":	10486598.817096503,
				"retransmits":	0,
				"omitted":	false,
				"sender":	true
			}
		}, {
			"streams":	[{
					"socket":	6,
					"start":	25.000405,
					"end":	26.000297,
					"seconds":	0.999891996383667,
					"bytes":	1310720,
					"bits_per_second":	10486892.622327307,
					"retransmits":	0,
					"snd_cwnd":	4797224,
					"snd_wnd":	3144448,
					"rtt":	2440553,
					"rttvar":	19891,
					"pmtu":	1500,
					"omitted":	false,
					"sender":	true
				}],
			"sum":	{
				"start":	25.000405,
				"end":	26.000297,
				"seconds":	0.999891996383667,
				"bytes":	1310720,
				"bits_per_second":	10486892.622327307,
				"retransmits":	0,
				"omitted":	false,
				"sender":	true
			}
		}, {
			"streams":	[{
					"socket":	6,
					"start":	26.000297,
					"end":	27.0002,
					"seconds":	0.99990302324295044,
					"bytes":	1310720,
					"bits_per_second":	10486776.973622805,
					"retransmits":	0,
					"snd_cwnd":	4797224,
					"snd_wnd":	3144448,
					"rtt":	2344184,
					"rttvar":	19686,
					"pmtu":	1500,
					"omitted":	false,
					"sender":	true
				}],
			"sum":	{
				"start":	26.000297,
				"end":	27.0002,
				"seconds":	0.99990302324295044,
				"bytes":	1310720,
				"bits_per_second":	10486776.973622805,
				"retransmits":	0,
				"omitted":	false,
				"sender":	true
			}
		}, {
			"streams":	[{
					"socket":	6,
					"start":	27.0002,
					"end":	28.000086,
					"seconds":	0.99988597631454468,
					"bytes":	1310720,
					"bits_per_second":	10486955.761345116,
					"retransmits":	0,
					"snd_cwnd":	4797224,
					"snd_wnd":	3144448,
					"rtt":	2243138,
					"rttvar":	19477,
					"pmtu":	1500,
					"omitted":	false,
					"sender":	true
				}],
			"sum":	{
				"start":	27.0002,
				"end":	28.000086,
				"seconds":	0.99988597631454468,
				"bytes":	1310720,
				"bits_per_second":	10486955.761345116,
				"retransmits":	0,
				"omitted":	false,
				"sender":	true
			}
		}, {
			"streams":	[{
					"socket":	6,
					"start":	28.000086,
					"end":	29.001029,
					"seconds":	1.0009429454803467,
					"bytes":	0,
					"bits_per_second":	0,
					"retransmits":	0,
					"snd_cwnd":	4797224,
					"snd_wnd":	3144576,
					"rtt":	2147274,
					"rttvar":	20048,
					"pmtu":	1500,
					"omitted":	false,
					"sender":	true
				}],
			"sum":	{
				"start":	28.000086,
				"end":	29.001029,
				"seconds":	1.0009429454803467,
				"bytes":	0,
				"bits_per_second":	0,
				"retransmits":	0,
				"omitted":	false,
				"sender":	true
			}
		}, {
			"streams":	[{
					"socket":	6,
					"start":	29.001029,
					"end":	30.000908,
					"seconds":	0.999879002571106,
					"bytes":	1310720,
					"bits_per_second":	10487028.903534066,
					"retransmits":	0,
					"snd_cwnd":	4797224,
					"snd_wnd":	3144576,
					"rtt":	2002868,
					"rttvar":	19802,
					"pmtu":	1500,
					"omitted":	false,
					"sender":	true
				}],
			"sum":	{
				"start":	29.001029,
				"end":	30.000908,
				"seconds":	0.999879002571106,
				"bytes":	1310720,
				"bits_per_second":	10487028.903534066,
				"retransmits":	0,
				"omitted":	false,
				"sender":	true
			}
		}, {
			"streams":	[{
					"socket":	6,
					"start":	30.000908,
					"end":	31.000769,
					"seconds":	0.99986100196838379,
					"bytes":	1310720,
					"bits_per_second":	10487217.702617794,
					"retransmits":	0,
					"snd_cwnd":	4797224,
					"snd_wnd":	3144576,
					"rtt":	1857820,
					"rttvar":	15911,
					"pmtu":	1500,
					"omitted":	false,
					"sender":	true
				}],
			"sum":	{
				"start":	30.000908,
				"end":	31.000769,
				"seconds":	0.99986100196838379,
				"bytes":	1310720,
				"bits_per_second":	10487217.702617794,
				"retransmits":	0,
				"omitted":	false,
				"sender":	true
			}
		}, {
			"streams":	[{
					"socket":	6,
					"start":	31.000769,
					"end":	32.000567,
					"seconds":	0.9997979998588562,
					"bytes":	1310720,
					"bits_per_second":	10487878.552947994,
					"retransmits":	0,
					"snd_cwnd":	4797224,
					"snd_wnd":	3144704,
					"rtt":	2782743,
					"rttvar":	2177,
					"pmtu":	1500,
					"omitted":	false,
					"sender":	true
				}],
			"sum":	{
				"start":	31.000769,
				"end":	32.000567,
				"seconds":	0.9997979998588562,
				"bytes":	1310720,
				"bits_per_second":	10487878.552947994,
				"retransmits":	0,
				"omitted":	false,
				"sender":	true
			}
		}, {
			"streams":	[{
					"socket":	6,
					"start":	32.000567,
					"end":	33.000361,
					"seconds":	0.99979400634765625,
					"bytes":	1310720,
					"bits_per_second":	10487920.445037965,
					"retransmits":	0,
					"snd_cwnd":	4797224,
					"snd_wnd":	3144704,
					"rtt":	2700981,
					"rttvar":	19579,
					"pmtu":	1500,
					"omitted":	false,
					"sender":	true
				}],
			"sum":	{
				"start":	32.000567,
				"end":	33.000361,
				"seconds":	0.99979400634765625,
				"bytes":	1310720,
				"bits_per_second":	10487920.445037965,
				"retransmits":	0,
				"omitted":	false,
				"sender":	true
			}
		}, {
			"streams":	[{
					"socket":	6,
					"start":	33.000361,
					"end":	34.000178,
					"seconds":	0.99981701374053955,
					"bytes":	1310720,
					"bits_per_second":	10487679.101169145,
					"retransmits":	0,
					"snd_cwnd":	4797224,
					"snd_wnd":	3144704,
					"rtt":	2509798,
					"rttvar":	20047,
					"pmtu":	1500,
					"omitted":	false,
					"sender":	true
				}],
			"sum":	{
				"start":	33.000361,
				"end":	34.000178,
				"seconds":	0.99981701374053955,
				"bytes":	1310720,
				"bits_per_second":	10487679.101169145,
				"retransmits":	0,
				"omitted":	false,
				"sender":	true
			}
		}, {
			"streams":	[{
					"socket":	6,
					"start":	34.000178,
					"end":	35.001042,
					"seconds":	1.0008640289306641,
					"bytes":	0,
					"bits_per_second":	0,
					"retransmits":	0,
					"snd_cwnd":	4797224,
					"snd_wnd":	3144704,
					"rtt":	2318264,
					"rttvar":	19996,
					"pmtu":	1500,
					"omitted":	false,
					"sender":	true
				}],
			"sum":	{
				"start":	34.000178,
				"end":	35.001042,
				"seconds":	1.0008640289306641,
				"bytes":	0,
				"bits_per_second":	0,
				"retransmits":	0,
				"omitted":	false,
				"sender":	true
			}
		}, {
			"streams":	[{
					"socket":	6,
					"start":	35.001042,
					"end":	36.000975,
					"seconds":	0.99993300437927246,
					"bytes":	1310720,
					"bits_per_second":	10486462.547067577,
					"retransmits":	0,
					"snd_cwnd":	4797224,
					"snd_wnd":	3144704,
					"rtt":	2125123,
					"rttvar":	20002,
					"pmtu":	1500,
					"omitted":	false,
					"sender":	true
				}],
			"sum":	{
				"start":	35.001042,
				"end":	36.000975,
				"seconds":	0.99993300437927246,
				"bytes":	1310720,
				"bits_per_second":	10486462.547067577,
				"retransmits":	0,
				"omitted":	false,
				"sender":	true
			}
		}, {
			"streams":	[{
					"socket":	6,
					"start":	36.000975,
					"end":	37.000738,
					"seconds":	0.999763011932373,
					"bytes":	1310720,
					"bits_per_second":	10488245.589054948,
					"retransmits":	0,
					"snd_cwnd":	4797224,
					"snd_wnd":	3144704,
					"rtt":	1917347,
					"rttvar":	12505,
					"pmtu":	1500,
					"omitted":	false,
					"sender":	true
				}],
			"sum":	{
				"start":	36.000975,
				"end":	37.000738,
				"seconds":	0.999763011932373,
				"bytes":	1310720,
				"bits_per_second":	10488245.589054948,
				"retransmits":	0,
				"omitted":	false,
				"sender":	true
			}
		}, {
			"streams":	[{
					"socket":	6,
					"start":	37.000738,
					"end":	38.000553,
					"seconds":	0.99981498718261719,
					"bytes":	1310720,
					"bits_per_second":	10487700.358991284,
					"retransmits":	0,
					"snd_cwnd":	4797224,
					"snd_wnd":	3144704,
					"rtt":	2853655,
					"rttvar":	1778,
					"pmtu":	1500,
					"omitted":	false,
					"sender":	true
				}],
			"sum":	{
				"start":	37.000738,
				"end":	38.000553,
				"seconds":	0.99981498718261719,
				"bytes":	1310720,
				"bits_per_second":	10487700.358991284,
				"retransmits":	0,
				"omitted":	false,
				"sender":	true
			}
		}, {
			"streams":	[{
					"socket":	6,
					"start":	38.000553,
					"end":	39.000356,
					"seconds":	0.99980300664901733,
					"bytes":	1310720,
					"bits_per_second":	10487826.031994566,
					"retransmits":	0,
					"snd_cwnd":	4797224,
					"snd_wnd":	3144704,
					"rtt":	2688771,
					"rttvar":	19801,
					"pmtu":	1500,
					"omitted":	false,
					"sender":	true
				}],
			"sum":	{
				"start":	38.000553,
				"end":	39.000356,
				"seconds":	0.99980300664901733,
				"bytes":	1310720,
				"bits_per_second":	10487826.031994566,
				"retransmits":	0,
				"omitted":	false,
				"sender":	true
			}
		}, {
			"streams":	[{
					"socket":	6,
					"start":	39.000356,
					"end":	40.000145,
					"seconds":	0.999788999557495,
					"bytes":	1310720,
					"bits_per_second":	10487972.966937004,
					"retransmits":	0,
					"snd_cwnd":	4797224,
					"snd_wnd":	3144704,
					"rtt":	2495461,
					"rttvar":	19774,
					"pmtu":	1500,
					"omitted":	false,
					"sender":	true
				}],
			"sum":	{
				"start":	39.000356,
				"end":	40.000145,
				"seconds":	0.999788999557495,
				"bytes":	1310720,
				"bits_per_second":	10487972.966937004,
				"retransmits":	0,
				"omitted":	false,
				"sender":	true
			}
		}, {
			"streams":	[{
					"socket":	6,
					"start":	40.000145,
					"end":	41.001037,
					"seconds":	1.0008920431137085,
					"bytes":	0,
					"bits_per_second":	0,
					"retransmits":	0,
					"snd_cwnd":	4797224,
					"snd_wnd":	3144704,
					"rtt":	2301102,
					"rttvar":	19409,
					"pmtu":	1500,
					"omitted":	false,
					"sender":	true
				}],
			"sum":	{
				"start":	40.000145,
				"end":	41.001037,
				"seconds":	1.0008920431137085,
				"bytes":	0,
				"bits_per_second":	0,
				"retransmits":	0,
				"omitted":	false,
				"sender":	true
			}
		}, {
			"streams":	[{
					"socket":	6,
					"start":	41.001037,
					"end":	42.000999,
					"seconds":	0.9999619722366333,
					"bytes":	1310720,
					"bits_per_second":	10486158.765164148,
					"retransmits":	0,
					"snd_cwnd":	4797224,
					"snd_wnd":	3144704,
					"rtt":	2084616,
					"rttvar":	19967,
					"pmtu":	1500,
					"omitted":	false,
					"sender":	true
				}],
			"sum":	{
				"start":	41.001037,
				"end":	42.000999,
				"seconds":	0.9999619722366333,
				"bytes":	1310720,
				"bits_per_second":	10486158.765164148,
				"retransmits":	0,
				"omitted":	false,
				"sender":	true
			}
		}, {
			"streams":	[{
					"socket":	6,
					"start":	42.000999,
					"end":	43.000931,
					"seconds":	0.99993199110031128,
					"bytes":	1310720,
					"bits_per_second":	10486473.173502145,
					"retransmits":	0,
					"snd_cwnd":	4797224,
					"snd_wnd":	3144704,
					"rtt":	1945809,
					"rttvar":	19914,
					"pmtu":	1500,
					"omitted":	false,
					"sender":	true
				}],
			"sum":	{
				"start":	42.000999,
				"end":	43.000931,
				"seconds":	0.99993199110031128,
				"bytes":	1310720,
				"bits_per_second":	10486473.173502145,
				"retransmits":	0,
				"omitted":	false,
				"sender":	true
			}
		}, {
			"streams":	[{
					"socket":	6,
					"start":	43.000931,
					"end":	44.000806,
					"seconds":	0.999875009059906,
					"bytes":	1310720,
					"bits_per_second":	10487070.788836729,
					"retransmits":	0,
					"snd_cwnd":	4797224,
					"snd_wnd":	3144704,
					"rtt":	1849808,
					"rttvar":	19688,
					"pmtu":	1500,
					"omitted":	false,
					"sender":	true
				}],
			"sum":	{
				"start":	43.000931,
				"end":	44.000806,
				"seconds":	0.999875009059906,
				"bytes":	1310720,
				"bits_per_second":	10487070.788836729,
				"retransmits":	0,
				"omitted":	false,
				"sender":	true
			}
		}, {
			"streams":	[{
					"socket":	6,
					"start":	44.000806,
					"end":	45.00071,
					"seconds":	0.999903976917267,
					"bytes":	1310720,
					"bits_per_second":	10486766.971692527,
					"retransmits":	0,
					"snd_cwnd":	4797224,
					"snd_wnd":	3144704,
					"rtt":	1753191,
					"rttvar":	11150,
					"pmtu":	1500,
					"omitted":	false,
					"sender":	true
				}],
			"sum":	{
				"start":	44.000806,
				"end":	45.00071,
				"seconds":	0.999903976917267,
				"bytes":	1310720,
				"bits_per_second":	10486766.971692527,
				"retransmits":	0,
				"omitted":	false,
				"sender":	true
			}
		}, {
			"streams":	[{
					"socket":	6,
					"start":	45.00071,
					"end":	46.00055,
					"seconds":	0.999840021133423,
					"bytes":	1310720,
					"bits_per_second":	10487437.768407488,
					"retransmits":	0,
					"snd_cwnd":	4797224,
					"snd_wnd":	3144704,
					"rtt":	2693945,
					"rttvar":	2679,
					"pmtu":	1500,
					"omitted":	false,
					"sender":	true
				}],
			"sum":	{
				"start":	45.00071,
				"end":	46.00055,
				"seconds":	0.999840021133423,
				"bytes":	1310720,
				"bits_per_second":	10487437.768407488,
				"retransmits":	0,
				"omitted":	false,
				"sender":	true
			}
		}, {
			"streams":	[{
					"socket":	6,
					"start":	46.00055,
					"end":	47.000339,
					"seconds":	0.999788999557495,
					"bytes":	1310720,
					"bits_per_second":	10487972.966937004,
					"retransmits":	0,
					"snd_cwnd":	4797224,
					"snd_wnd":	3144704,
					"rtt":	2647809,
					"rttvar":	20037,
					"pmtu":	1500,
					"omitted":	false,
					"sender":	true
				}],
			"sum":	{
				"start":	46.00055,
				"end":	47.000339,
				"seconds":	0.999788999557495,
				"bytes":	1310720,
				"bits_per_second":	10487972.966937004,
				"retransmits":	0,
				"omitted":	false,
				"sender":	true
			}
		}, {
			"streams":	[{
					"socket":	6,
					"start":	47.000339,
					"end":	48.000127,
					"seconds":	0.999787986278534,
					"bytes":	1310720,
					"bits_per_second":	10487983.596432954,
					"retransmits":	0,
					"snd_cwnd":	4797224,
					"snd_wnd":	3144704,
					"rtt":	2492406,
					"rttvar":	19982,
					"pmtu":	1500,
					"omitted":	false,
					"sender":	true
				}],
			"sum":	{
				"start":	47.000339,
				"end":	48.000127,
				"seconds":	0.999787986278534,
				"bytes":	1310720,
				"bits_per_second":	10487983.596432954,
				"retransmits":	0,
				"omitted":	false,
				"sender":	true
			}
		}, {
			"streams":	[{
					"socket":	6,
					"start":	48.000127,
					"end":	49.001045,
					"seconds":	1.0009180307388306,
					"bytes":	0,
					"bits_per_second":	0,
					"retransmits":	0,
					"snd_cwnd":	4797224,
					"snd_wnd":	3144704,
					"rtt":	2286738,
					"rttvar":	20002,
					"pmtu":	1500,
					"omitted":	false,
					"sender":	true
				}],
			"sum":	{
				"start":	48.000127,
				"end":	49.001045,
				"seconds":	1.0009180307388306,
				"bytes":	0,
				"bits_per_second":	0,
				"retransmits":	0,
				"omitted":	false,
				"sender":	true
			}
		}, {
			"streams":	[{
					"socket":	6,
					"start":	49.001045,
					"end":	50.000918,
					"seconds":	0.99987298250198364,
					"bytes":	1310720,
					"bits_per_second":	10487092.044192921,
					"retransmits":	0,
					"snd_cwnd":	4797224,
					"snd_wnd":	3144704,
					"rtt":	2075196,
					"rttvar":	19992,
					"pmtu":	1500,
					"omitted":	false,
					"sender":	true
				}],
			"sum":	{
				"start":	49.001045,
				"end":	50.000918,
				"seconds":	0.99987298250198364,
				"bytes":	1310720,
				"bits_per_second":	10487092.044192921,
				"retransmits":	0,
				"omitted":	false,
				"sender":	true
			}
		}, {
			"streams":	[{
					"socket":	6,
					"start":	50.000918,
					"end":	51.000701,
					"seconds":	0.9997829794883728,
					"bytes":	1310720,
					"bits_per_second":	10488036.1189645,
					"retransmits":	0,
					"snd_cwnd":	4797224,
					"snd_wnd":	3144704,
					"rtt":	2119303,
					"rttvar":	159309,
					"pmtu":	1500,
					"omitted":	false,
					"sender":	true
				}],
			"sum":	{
				"start":	50.000918,
				"end":	51.000701,
				"seconds":	0.9997829794883728,
				"bytes":	1310720,
				"bits_per_second":	10488036.1189645,
				"retransmits":	0,
				"omitted":	false,
				"sender":	true
			}
		}, {
			"streams":	[{
					"socket":	6,
					"start":	51.000701,
					"end":	52.000478,
					"seconds":	0.99977701902389526,
					"bytes":	1310720,
					"bits_per_second":	10488098.646473674,
					"retransmits":	0,
					"snd_cwnd":	4797224,
					"snd_wnd":	3144704,
					"rtt":	2854011,
					"rttvar":	19652,
					"pmtu":	1500,
					"omitted":	false,
					"sender":	true
				}],
			"sum":	{
				"start":	51.000701,
				"end":	52.000478,
				"seconds":	0.99977701902389526,
				"bytes":	1310720,
				"bits_per_second":	10488098.646473674,
				"retransmits":	0,
				"omitted":	false,
				"sender":	true
			}
		}, {
			"streams":	[{
					"socket":	6,
					"start":	52.000478,
					"end":	53.000254,
					"seconds":	0.999776005744934,
					"bytes":	1310720,
					"bits_per_second":	10488109.276224378,
					"retransmits":	0,
					"snd_cwnd":	4797224,
					"snd_wnd":	3144704,
					"rtt":	2637641,
					"rttvar":	19656,
					"pmtu":	1500,
					"omitted":	false,
					"sender":	true
				}],
			"sum":	{
				"start":	52.000478,
				"end":	53.000254,
				"seconds":	0.999776005744934,
				"bytes":	1310720,
				"bits_per_second":	10488109.276224378,
				"retransmits":	0,
				"omitted":	false,
				"sender":	true
			}
		}, {
			"streams":	[{
					"socket":	6,
					"start":	53.000254,
					"end":	54.000088,
					"seconds":	0.99983400106430054,
					"bytes":	1310720,
					"bits_per_second":	10487500.91398987,
					"retransmits":	0,
					"snd_cwnd":	4797224,
					"snd_wnd":	3144704,
					"rtt":	2420391,
					"rttvar":	19648,
					"pmtu":	1500,
					"omitted":	false,
					"sender":	true
				}],
			"sum":	{
				"start":	53.000254,
				"end":	54.000088,
				"seconds":	0.99983400106430054,
				"bytes":	1310720,
				"bits_per_second":	10487500.91398987,
				"retransmits":	0,
				"omitted":	false,
				"sender":	true
			}
		}, {
			"streams":	[{
					"socket":	6,
					"start":	54.000088,
					"end":	55.001035,
					"seconds":	1.0009469985961914,
					"bytes":	0,
					"bits_per_second":	0,
					"retransmits":	0,
					"snd_cwnd":	4797224,
					"snd_wnd":	3144704,
					"rtt":	2202239,
					"rttvar":	19651,
					"pmtu":	1500,
					"omitted":	false,
					"sender":	true
				}],
			"sum":	{
				"start":	54.000088,
				"end":	55.001035,
				"seconds":	1.0009469985961914,
				"bytes":	0,
				"bits_per_second":	0,
				"retransmits":	0,
				"omitted":	false,
				"sender":	true
			}
		}, {
			"streams":	[{
					"socket":	6,
					"start":	55.001035,
					"end":	56.000827,
					"seconds":	0.999791979789734,
					"bytes":	1310720,
					"bits_per_second":	10487941.703838492,
					"retransmits":	0,
					"snd_cwnd":	4797224,
					"snd_wnd":	3144704,
					"rtt":	1985671,
					"rttvar":	18422,
					"pmtu":	1500,
					"omitted":	false,
					"sender":	true
				}],
			"sum":	{
				"start":	55.001035,
				"end":	56.000827,
				"seconds":	0.999791979789734,
				"bytes":	1310720,
				"bits_per_second":	10487941.703838492,
				"retransmits":	0,
				"omitted":	false,
				"sender":	true
			}
		}, {
			"streams":	[{
					"socket":	6,
					"start":	56.000827,
					"end":	57.000588,
					"seconds":	0.99976098537445068,
					"bytes":	1310720,
					"bits_per_second":	10488266.849173617,
					"retransmits":	0,
					"snd_cwnd":	4797224,
					"snd_wnd":	3144704,
					"rtt":	2899157,
					"rttvar":	3047,
					"pmtu":	1500,
					"omitted":	false,
					"sender":	true
				}],
			"sum":	{
				"start":	56.000827,
				"end":	57.000588,
				"seconds":	0.99976098537445068,
				"bytes":	1310720,
				"bits_per_second":	10488266.849173617,
				"retransmits":	0,
				"omitted":	false,
				"sender":	true
			}
		}, {
			"streams":	[{
					"socket":	6,
					"start":	57.000588,
					"end":	58.00034,
					"seconds":	0.9997519850730896,
					"bytes":	1310720,
					"bits_per_second":	10488361.270153828,
					"retransmits":	0,
					"snd_cwnd":	4797224,
					"snd_wnd":	3144704,
					"rtt":	2761343,
					"rttvar":	19432,
					"pmtu":	1500,
					"omitted":	false,
					"sender":	true
				}],
			"sum":	{
				"start":	57.000588,
				"end":	58.00034,
				"seconds":	0.9997519850730896,
				"bytes":	1310720,
				"bits_per_second":	10488361.270153828,
				"retransmits":	0,
				"omitted":	false,
				"sender":	true
			}
		}, {
			"streams":	[{
					"socket":	6,
					"start":	58.00034,
					"end":	59.000218,
					"seconds":	0.99987798929214478,
					"bytes":	1310720,
					"bits_per_second":	10487039.531116497,
					"retransmits":	0,
					"snd_cwnd":	4797224,
					"snd_wnd":	3144704,
					"rtt":	2525483,
					"rttvar":	19454,
					"pmtu":	1500,
					"omitted":	false,
					"sender":	true
				}],
			"sum":	{
				"start":	58.00034,
				"end":	59.000218,
				"seconds":	0.99987798929214478,
				"bytes":	1310720,
				"bits_per_second":	10487039.531116497,
				"retransmits":	0,
				"omitted":	false,
				"sender":	true
			}
		}, {
			"streams":	[{
					"socket":	6,
					"start":	59.000218,
					"end":	60.000124,
					"seconds":	0.99990600347518921,
					"bytes":	1310720,
					"bits_per_second":	10486745.717654034,
					"retransmits":	0,
					"snd_cwnd":	4797224,
					"snd_wnd":	3144704,
					"rtt":	2276911,
					"rttvar":	20036,
					"pmtu":	1500,
					"omitted":	false,
					"sender":	true
				}],
			"sum":	{
				"start":	59.000218,
				"end":	60.000124,
				"seconds":	0.99990600347518921,
				"bytes":	1310720,
				"bits_per_second":	10486745.717654034,
				"retransmits":	0,
				"omitted":	false,
				"sender":	true
			}
		}],
	"end":	{
		"streams":	[{
				"sender":	{
					"socket":	6,
					"start":	0,
					"end":	60.000124,
					"seconds":	60.000124,
					"bytes":	68812800,
					"bits_per_second":	9175021.0382898543,
					"retransmits":	0,
					"max_snd_cwnd":	4797224,
					"max_snd_wnd":	3144704,
					"max_rtt":	2899157,
					"min_rtt":	156049,
					"mean_rtt":	1828226,
					"sender":	true
				},
				"receiver":	{
					"socket":	6,
					"start":	0,
					"end":	62.622866,
					"seconds":	60.000124,
					"bytes":	68812240,
					"bits_per_second":	8790685.49816931,
					"sender":	true
				}
			}],
		"sum_sent":	{
			"start":	0,
			"end":	60.000124,
			"seconds":	60.000124,
			"bytes":	68812800,
			"bits_per_second":	9175021.0382898543,
			"retransmits":	0,
			"sender":	true
		},
		"sum_received":	{
			"start":	0,
			"end":	62.622866,
			"seconds":	62.622866,
			"bytes":	68812240,
			"bits_per_second":	8790685.49816931,
			"sender":	true
		},
		"cpu_utilization_percent":	{
			"host_total":	0.11063967946834219,
			"host_user":	0.018153963651110421,
			"host_system":	0.092487376899092047,
			"remote_total":	0.9028632696911012,
			"remote_user":	0.0627422417256363,
			"remote_system":	0.84012102796546473
		},
		"sender_tcp_congestion":	"cubic",
		"receiver_tcp_congestion":	"cubic"
	}
}
