{
	"start":	{
		"connected":	[{
				"socket":	6,
				"local_host":	"192.168.101.210",
				"local_port":	43104,
				"remote_host":	"192.168.100.168",
				"remote_port":	5201
			}],
		"version":	"iperf 3.11",
		"system_info":	"Linux f1 6.0.10-300.fc37.x86_64 #1 SMP PREEMPT_DYNAMIC Sat Nov 26 16:55:13 UTC 2022 x86_64",
		"timestamp":	{
			"time":	"Sat, 10 Dec 2022 20:35:03 GMT",
			"timesecs":	1670704503
		},
		"connecting_to":	{
			"host":	"192.168.100.168",
			"port":	5201
		},
		"cookie":	"njefbpcqvtu5uhluifmvv5ypwz4rust7cdzp",
		"tcp_mss_default":	1448,
		"target_bitrate":	0,
		"sock_bufsize":	0,
		"sndbuf_actual":	16384,
		"rcvbuf_actual":	131072,
		"test_start":	{
			"protocol":	"TCP",
			"num_streams":	1,
			"blksize":	131072,
			"omit":	0,
			"duration":	60,
			"bytes":	0,
			"blocks":	0,
			"reverse":	0,
			"tos":	0,
			"target_bitrate":	0
		}
	},
	"intervals":	[{
			"streams":	[{
					"socket":	6,
					"start":	0,
					"end":	1.000217,
					"seconds":	1.0002169609069824,
					"bytes":	1436416,
					"bits_per_second":	11488835.37185755,
					"retransmits":	0,
					"snd_cwnd":	208512,
					"snd_wnd":	362368,
					"rtt":	200115,
					"rttvar":	13,
					"pmtu":	1500,
					"omitted":	false,
					"sender":	true
				}],
			"sum":	{
				"start":	0,
				"end":	1.000217,
				"seconds":	1.0002169609069824,
				"bytes":	1436416,
				"bits_per_second":	11488835.37185755,
				"retransmits":	0,
				"omitted":	false,
				"sender":	true
			}
		}, {
			"streams":	[{
					"socket":	6,
					"start":	1.000217,
					"end":	2.000427,
					"seconds":	1.0002100467681885,
					"bytes":	5117184,
					"bits_per_second":	40928875.022076026,
					"retransmits":	783,
					"snd_cwnd":	1352432,
					"snd_wnd":	3143040,
					"rtt":	200763,
					"rttvar":	424,
					"pmtu":	1500,
					"omitted":	false,
					"sender":	true
				}],
			"sum":	{
				"start":	1.000217,
				"end":	2.000427,
				"seconds":	1.0002100467681885,
				"bytes":	5117184,
				"bits_per_second":	40928875.022076026,
				"retransmits":	783,
				"omitted":	false,
				"sender":	true
			}
		}, {
			"streams":	[{
					"socket":	6,
					"start":	2.000427,
					"end":	3.000217,
					"seconds":	0.9997900128364563,
					"bytes":	6553600,
					"bits_per_second":	52439811.687312983,
					"retransmits":	840,
					"snd_cwnd":	1463928,
					"snd_wnd":	3145728,
					"rtt":	200509,
					"rttvar":	88,
					"pmtu":	1500,
					"omitted":	false,
					"sender":	true
				}],
			"sum":	{
				"start":	2.000427,
				"end":	3.000217,
				"seconds":	0.9997900128364563,
				"bytes":	6553600,
				"bits_per_second":	52439811.687312983,
				"retransmits":	840,
				"omitted":	false,
				"sender":	true
			}
		}, {
			"streams":	[{
					"socket":	6,
					"start":	3.000217,
					"end":	4.000442,
					"seconds":	1.0002249479293823,
					"bytes":	5242880,
					"bits_per_second":	41933607.1219064,
					"retransmits":	133,
					"snd_cwnd":	1083104,
					"snd_wnd":	3145728,
					"rtt":	200082,
					"rttvar":	34,
					"pmtu":	1500,
					"omitted":	false,
					"sender":	true
				}],
			"sum":	{
				"start":	3.000217,
				"end":	4.000442,
				"seconds":	1.0002249479293823,
				"bytes":	5242880,
				"bits_per_second":	41933607.1219064,
				"retransmits":	133,
				"omitted":	false,
				"sender":	true
			}
		}, {
			"streams":	[{
					"socket":	6,
					"start":	4.000442,
					"end":	5.000252,
					"seconds":	0.999809980392456,
					"bytes":	5242880,
					"bits_per_second":	41951011.5147441,
					"retransmits":	0,
					"snd_cwnd":	1148264,
					"snd_wnd":	3145728,
					"rtt":	200070,
					"rttvar":	21,
					"pmtu":	1500,
					"omitted":	false,
					"sender":	true
				}],
			"sum":	{
				"start":	4.000442,
				"end":	5.000252,
				"seconds":	0.999809980392456,
				"bytes":	5242880,
				"bits_per_second":	41951011.5147441,
				"retransmits":	0,
				"omitted":	false,
				"sender":	true
			}
		}, {
			"streams":	[{
					"socket":	6,
					"start":	5.000252,
					"end":	6.000214,
					"seconds":	0.9999619722366333,
					"bytes":	6553600,
					"bits_per_second":	52430793.825820737,
					"retransmits":	0,
					"snd_cwnd":	1191704,
					"snd_wnd":	3145728,
					"rtt":	200082,
					"rttvar":	22,
					"pmtu":	1500,
					"omitted":	false,
					"sender":	true
				}],
			"sum":	{
				"start":	5.000252,
				"end":	6.000214,
				"seconds":	0.9999619722366333,
				"bytes":	6553600,
				"bits_per_second":	52430793.825820737,
				"retransmits":	0,
				"omitted":	false,
				"sender":	true
			}
		}, {
			"streams":	[{
					"socket":	6,
					"start":	6.000214,
					"end":	7.000322,
					"seconds":	1.000108003616333,
					"bytes":	5242880,
					"bits_per_second":	41938510.48920355,
					"retransmits":	0,
					"snd_cwnd":	1219216,
					"snd_wnd":	3145728,
					"rtt":	200095,
					"rttvar":	26,
					"pmtu":	1500,
					"omitted":	false,
					"sender":	true
				}],
			"sum":	{
				"start":	6.000214,
				"end":	7.000322,
				"seconds":	1.000108003616333,
				"bytes":	5242880,
				"bits_per_second":	41938510.48920355,
				"retransmits":	0,
				"omitted":	false,
				"sender":	true
			}
		}, {
			"streams":	[{
					"socket":	6,
					"start":	7.000322,
					"end":	8.000217,
					"seconds":	0.99989497661590576,
					"bytes":	6553600,
					"bits_per_second":	52434306.828345746,
					"retransmits":	0,
					"snd_cwnd":	1235144,
					"snd_wnd":	3145728,
					"rtt":	200131,
					"rttvar":	88,
					"pmtu":	1500,
					"omitted":	false,
					"sender":	true
				}],
			"sum":	{
				"start":	7.000322,
				"end":	8.000217,
				"seconds":	0.99989497661590576,
				"bytes":	6553600,
				"bits_per_second":	52434306.828345746,
				"retransmits":	0,
				"omitted":	false,
				"sender":	true
			}
		}, {
			"streams":	[{
					"socket":	6,
					"start":	8.000217,
					"end":	9.000216,
					"seconds":	0.99999898672103882,
					"bytes":	6553600,
					"bits_per_second":	52428853.12505383,
					"retransmits":	0,
					"snd_cwnd":	1243832,
					"snd_wnd":	3145728,
					"rtt":	200086,
					"rttvar":	20,
					"pmtu":	1500,
					"omitted":	false,
					"sender":	true
				}],
			"sum":	{
				"start":	8.000217,
				"end":	9.000216,
				"seconds":	0.99999898672103882,
				"bytes":	6553600,
				"bits_per_second":	52428853.12505383,
				"retransmits":	0,
				"omitted":	false,
				"sender":	true
			}
		}, {
			"streams":	[{
					"socket":	6,
					"start":	9.000216,
					"end":	10.000195,
					"seconds":	0.999979019165039,
					"bytes":	6553600,
					"bits_per_second":	52429900.0230794,
					"retransmits":	0,
					"snd_cwnd":	1243832,
					"snd_wnd":	3145728,
					"rtt":	200069,
					"rttvar":	17,
					"pmtu":	1500,
					"omitted":	false,
					"sender":	true
				}],
			"sum":	{
				"start":	9.000216,
				"end":	10.000195,
				"seconds":	0.999979019165039,
				"bytes":	6553600,
				"bits_per_second":	52429900.0230794,
				"retransmits":	0,
				"omitted":	false,
				"sender":	true
			}
		}, {
			"streams":	[{
					"socket":	6,
					"start":	10.000195,
					"end":	11.000217,
					"seconds":	1.0000220537185669,
					"bytes":	5242880,
					"bits_per_second":	41942115.020399243,
					"retransmits":	0,
					"snd_cwnd":	1243832,
					"snd_wnd":	3145728,
					"rtt":	200083,
					"rttvar":	34,
					"pmtu":	1500,
					"omitted":	false,
					"sender":	true
				}],
			"sum":	{
				"start":	10.000195,
				"end":	11.000217,
				"seconds":	1.0000220537185669,
				"bytes":	5242880,
				"bits_per_second":	41942115.020399243,
				"retransmits":	0,
				"omitted":	false,
				"sender":	true
			}
		}, {
			"streams":	[{
					"socket":	6,
					"start":	11.000217,
					"end":	12.000207,
					"seconds":	0.99998998641967773,
					"bytes":	6553600,
					"bits_per_second":	52429325.005257182,
					"retransmits":	0,
					"snd_cwnd":	1245280,
					"snd_wnd":	3145728,
					"rtt":	200092,
					"rttvar":	31,
					"pmtu":	1500,
					"omitted":	false,
					"sender":	true
				}],
			"sum":	{
				"start":	11.000217,
				"end":	12.000207,
				"seconds":	0.99998998641967773,
				"bytes":	6553600,
				"bits_per_second":	52429325.005257182,
				"retransmits":	0,
				"omitted":	false,
				"sender":	true
			}
		}, {
			"streams":	[{
					"socket":	6,
					"start":	12.000207,
					"end":	13.000204,
					"seconds":	0.99999701976776123,
					"bytes":	6553600,
					"bits_per_second":	52428956.250465661,
					"retransmits":	0,
					"snd_cwnd":	1252520,
					"snd_wnd":	3145728,
					"rtt":	200158,
					"rttvar":	111,
					"pmtu":	1500,
					"omitted":	false,
					"sender":	true
				}],
			"sum":	{
				"start":	12.000207,
				"end":	13.000204,
				"seconds":	0.99999701976776123,
				"bytes":	6553600,
				"bits_per_second":	52428956.250465661,
				"retransmits":	0,
				"omitted":	false,
				"sender":	true
			}
		}, {
			"streams":	[{
					"socket":	6,
					"start":	13.000204,
					"end":	14.000134,
					"seconds":	0.99993002414703369,
					"bytes":	6553600,
					"bits_per_second":	52432469.006741874,
					"retransmits":	0,
					"snd_cwnd":	1268448,
					"snd_wnd":	3145728,
					"rtt":	200102,
					"rttvar":	89,
					"pmtu":	1500,
					"omitted":	false,
					"sender":	true
				}],
			"sum":	{
				"start":	13.000204,
				"end":	14.000134,
				"seconds":	0.99993002414703369,
				"bytes":	6553600,
				"bits_per_second":	52432469.006741874,
				"retransmits":	0,
				"omitted":	false,
				"sender":	true
			}
		}, {
			"streams":	[{
					"socket":	6,
					"start":	14.000134,
					"end":	15.000198,
					"seconds":	1.0000640153884888,
					"bytes":	5242880,
					"bits_per_second":	41940355.171870314,
					"retransmits":	0,
					"snd_cwnd":	1295960,
					"snd_wnd":	3145728,
					"rtt":	200099,
					"rttvar":	76,
					"pmtu":	1500,
					"omitted":	false,
					"sender":	true
				}],
			"sum":	{
				"start":	14.000134,
				"end":	15.000198,
				"seconds":	1.0000640153884888,
				"bytes":	5242880,
				"bits_per_second":	41940355.171870314,
				"retransmits":	0,
				"omitted":	false,
				"sender":	true
			}
		}, {
			"streams":	[{
					"socket":	6,
					"start":	15.000198,
					"end":	16.000202,
					"seconds":	1.0000040531158447,
					"bytes":	6553600,
					"bits_per_second":	52428587.500861287,
					"retransmits":	0,
					"snd_cwnd":	1339400,
					"snd_wnd":	3145728,
					"rtt":	200103,
					"rttvar":	53,
					"pmtu":	1500,
					"omitted":	false,
					"sender":	true
				}],
			"sum":	{
				"start":	15.000198,
				"end":	16.000202,
				"seconds":	1.0000040531158447,
				"bytes":	6553600,
				"bits_per_second":	52428587.500861287,
				"retransmits":	0,
				"omitted":	false,
				"sender":	true
			}
		}, {
			"streams":	[{
					"socket":	6,
					"start":	16.000202,
					"end":	17.000163,
					"seconds":	0.999961018562317,
					"bytes":	7864320,
					"bits_per_second":	62917012.5956057,
					"retransmits":	0,
					"snd_cwnd":	1403112,
					"snd_wnd":	3145728,
					"rtt":	200127,
					"rttvar":	105,
					"pmtu":	1500,
					"omitted":	false,
					"sender":	true
				}],
			"sum":	{
				"start":	16.000202,
				"end":	17.000163,
				"seconds":	0.999961018562317,
				"bytes":	7864320,
				"bits_per_second":	62917012.5956057,
				"retransmits":	0,
				"omitted":	false,
				"sender":	true
			}
		}, {
			"streams":	[{
					"socket":	6,
					"start":	17.000163,
					"end":	18.000212,
					"seconds":	1.0000489950180054,
					"bytes":	6553600,
					"bits_per_second":	52426231.375849783,
					"retransmits":	0,
					"snd_cwnd":	1487096,
					"snd_wnd":	3145728,
					"rtt":	200084,
					"rttvar":	51,
					"pmtu":	1500,
					"omitted":	false,
					"sender":	true
				}],
			"sum":	{
				"start":	17.000163,
				"end":	18.000212,
				"seconds":	1.0000489950180054,
				"bytes":	6553600,
				"bits_per_second":	52426231.375849783,
				"retransmits":	0,
				"omitted":	false,
				"sender":	true
			}
		}, {
			"streams":	[{
					"socket":	6,
					"start":	18.000212,
					"end":	19.000202,
					"seconds":	0.99998998641967773,
					"bytes":	5242880,
					"bits_per_second":	41943460.004205748,
					"retransmits":	68,
					"snd_cwnd":	771784,
					"snd_wnd":	3145728,
					"rtt":	204554,
					"rttvar":	8853,
					"pmtu":	1500,
					"omitted":	false,
					"sender":	true
				}],
			"sum":	{
				"start":	18.000212,
				"end":	19.000202,
				"seconds":	0.99998998641967773,
				"bytes":	5242880,
				"bits_per_second":	41943460.004205748,
				"retransmits":	68,
				"omitted":	false,
				"sender":	true
			}
		}, {
			"streams":	[{
					"socket":	6,
					"start":	19.000202,
					"end":	20.000218,
					"seconds":	1.0000159740448,
					"bytes":	3932160,
					"bits_per_second":	31456777.508026831,
					"retransmits":	0,
					"snd_cwnd":	832600,
					"snd_wnd":	3145728,
					"rtt":	200097,
					"rttvar":	29,
					"pmtu":	1500,
					"omitted":	false,
					"sender":	true
				}],
			"sum":	{
				"start":	19.000202,
				"end":	20.000218,
				"seconds":	1.0000159740448,
				"bytes":	3932160,
				"bits_per_second":	31456777.508026831,
				"retransmits":	0,
				"omitted":	false,
				"sender":	true
			}
		}, {
			"streams":	[{
					"socket":	6,
					"start":	20.000218,
					"end":	21.000395,
					"seconds":	1.0001770257949829,
					"bytes":	3932160,
					"bits_per_second":	31451712.235637911,
					"retransmits":	0,
					"snd_cwnd":	874592,
					"snd_wnd":	3145728,
					"rtt":	200085,
					"rttvar":	47,
					"pmtu":	1500,
					"omitted":	false,
					"sender":	true
				}],
			"sum":	{
				"start":	20.000218,
				"end":	21.000395,
				"seconds":	1.0001770257949829,
				"bytes":	3932160,
				"bits_per_second":	31451712.235637911,
				"retransmits":	0,
				"omitted":	false,
				"sender":	true
			}
		}, {
			"streams":	[{
					"socket":	6,
					"start":	21.000395,
					"end":	22.000199,
					"seconds":	0.99980401992797852,
					"bytes":	5242880,
					"bits_per_second":	41951261.61127197,
					"retransmits":	0,
					"snd_cwnd":	902104,
					"snd_wnd":	3145728,
					"rtt":	200092,
					"rttvar":	44,
					"pmtu":	1500,
					"omitted":	false,
					"sender":	true
				}],
			"sum":	{
				"start":	21.000395,
				"end":	22.000199,
				"seconds":	0.99980401992797852,
				"bytes":	5242880,
				"bits_per_second":	41951261.61127197,
				"retransmits":	0,
				"omitted":	false,
				"sender":	true
			}
		}, {
			"streams":	[{
					"socket":	6,
					"start":	22.000199,
					"end":	23.000396,
					"seconds":	1.0001970529556274,
					"bytes":	2621440,
					"bits_per_second":	20967388.314160906,
					"retransmits":	69,
					"snd_cwnd":	668976,
					"snd_wnd":	3145728,
					"rtt":	201410,
					"rttvar":	2614,
					"pmtu":	1500,
					"omitted":	false,
					"sender":	true
				}],
			"sum":	{
				"start":	22.000199,
				"end":	23.000396,
				"seconds":	1.0001970529556274,
				"bytes":	2621440,
				"bits_per_second":	20967388.314160906,
				"retransmits":	69,
				"omitted":	false,
				"sender":	true
			}
		}, {
			"streams":	[{
					"socket":	6,
					"start":	23.000396,
					"end":	24.00032,
					"seconds":	0.99992400407791138,
					"bytes":	3932160,
					"bits_per_second":	31459670.806691561,
					"retransmits":	0,
					"snd_cwnd":	713864,
					"snd_wnd":	3145728,
					"rtt":	200078,
					"rttvar":	30,
					"pmtu":	1500,
					"omitted":	false,
					"sender":	true
				}],
			"sum":	{
				"start":	23.000396,
				"end":	24.00032,
				"seconds":	0.99992400407791138,
				"bytes":	3932160,
				"bits_per_second":	31459670.806691561,
				"retransmits":	0,
				"omitted":	false,
				"sender":	true
			}
		}, {
			"streams":	[{
					"socket":	6,
					"start":	24.00032,
					"end":	25.000191,
					"seconds":	0.999871015548706,
					"bytes":	3932160,
					"bits_per_second":	31461338.023421925,
					"retransmits":	0,
					"snd_cwnd":	744272,
					"snd_wnd":	3145728,
					"rtt":	200063,
					"rttvar":	18,
					"pmtu":	1500,
					"omitted":	false,
					"sender":	true
				}],
			"sum":	{
				"start":	24.00032,
				"end":	25.000191,
				"seconds":	0.999871015548706,
				"bytes":	3932160,
				"bits_per_second":	31461338.023421925,
				"retransmits":	0,
				"omitted":	false,
				"sender":	true
			}
		}, {
			"streams":	[{
					"socket":	6,
					"start":	25.000191,
					"end":	26.000118,
					"seconds":	0.99992698431015,
					"bytes":	3932160,
					"bits_per_second":	31459577.042720158,
					"retransmits":	66,
					"snd_cwnd":	537208,
					"snd_wnd":	3145728,
					"rtt":	200102,
					"rttvar":	50,
					"pmtu":	1500,
					"omitted":	false,
					"sender":	true
				}],
			"sum":	{
				"start":	25.000191,
				"end":	26.000118,
				"seconds":	0.99992698431015,
				"bytes":	3932160,
				"bits_per_second":	31459577.042720158,
				"retransmits":	66,
				"omitted":	false,
				"sender":	true
			}
		}, {
			"streams":	[{
					"socket":	6,
					"start":	26.000118,
					"end":	27.000197,
					"seconds":	1.0000790357589722,
					"bytes":	2621440,
					"bits_per_second":	20969862.630991418,
					"retransmits":	0,
					"snd_cwnd":	584992,
					"snd_wnd":	3145728,
					"rtt":	200121,
					"rttvar":	47,
					"pmtu":	1500,
					"omitted":	false,
					"sender":	true
				}],
			"sum":	{
				"start":	26.000118,
				"end":	27.000197,
				"seconds":	1.0000790357589722,
				"bytes":	2621440,
				"bits_per_second":	20969862.630991418,
				"retransmits":	0,
				"omitted":	false,
				"sender":	true
			}
		}, {
			"streams":	[{
					"socket":	6,
					"start":	27.000197,
					"end":	28.000186,
					"seconds":	0.99998897314071655,
					"bytes":	2621440,
					"bits_per_second":	20971751.252549991,
					"retransmits":	0,
					"snd_cwnd":	615400,
					"snd_wnd":	3145728,
					"rtt":	200097,
					"rttvar":	40,
					"pmtu":	1500,
					"omitted":	false,
					"sender":	true
				}],
			"sum":	{
				"start":	27.000197,
				"end":	28.000186,
				"seconds":	0.99998897314071655,
				"bytes":	2621440,
				"bits_per_second":	20971751.252549991,
				"retransmits":	0,
				"omitted":	false,
				"sender":	true
			}
		}, {
			"streams":	[{
					"socket":	6,
					"start":	28.000186,
					"end":	29.000383,
					"seconds":	1.0001970529556274,
					"bytes":	2621440,
					"bits_per_second":	20967388.314160906,
					"retransmits":	0,
					"snd_cwnd":	632776,
					"snd_wnd":	3145728,
					"rtt":	200084,
					"rttvar":	23,
					"pmtu":	1500,
					"omitted":	false,
					"sender":	true
				}],
			"sum":	{
				"start":	28.000186,
				"end":	29.000383,
				"seconds":	1.0001970529556274,
				"bytes":	2621440,
				"bits_per_second":	20967388.314160906,
				"retransmits":	0,
				"omitted":	false,
				"sender":	true
			}
		}, {
			"streams":	[{
					"socket":	6,
					"start":	29.000383,
					"end":	30.000185,
					"seconds":	0.999801993370056,
					"bytes":	3932160,
					"bits_per_second":	31463509.983578052,
					"retransmits":	0,
					"snd_cwnd":	641464,
					"snd_wnd":	3145728,
					"rtt":	200088,
					"rttvar":	32,
					"pmtu":	1500,
					"omitted":	false,
					"sender":	true
				}],
			"sum":	{
				"start":	29.000383,
				"end":	30.000185,
				"seconds":	0.999801993370056,
				"bytes":	3932160,
				"bits_per_second":	31463509.983578052,
				"retransmits":	0,
				"omitted":	false,
				"sender":	true
			}
		}, {
			"streams":	[{
					"socket":	6,
					"start":	30.000185,
					"end":	31.000388,
					"seconds":	1.000203013420105,
					"bytes":	2621440,
					"bits_per_second":	20967263.3641542,
					"retransmits":	0,
					"snd_cwnd":	642912,
					"snd_wnd":	3145728,
					"rtt":	200086,
					"rttvar":	21,
					"pmtu":	1500,
					"omitted":	false,
					"sender":	true
				}],
			"sum":	{
				"start":	30.000185,
				"end":	31.000388,
				"seconds":	1.000203013420105,
				"bytes":	2621440,
				"bits_per_second":	20967263.3641542,
				"retransmits":	0,
				"omitted":	false,
				"sender":	true
			}
		}, {
			"streams":	[{
					"socket":	6,
					"start":	31.000388,
					"end":	32.000147,
					"seconds":	0.999759018421173,
					"bytes":	3932160,
					"bits_per_second":	31464862.45223131,
					"retransmits":	0,
					"snd_cwnd":	642912,
					"snd_wnd":	3145728,
					"rtt":	200086,
					"rttvar":	49,
					"pmtu":	1500,
					"omitted":	false,
					"sender":	true
				}],
			"sum":	{
				"start":	31.000388,
				"end":	32.000147,
				"seconds":	0.999759018421173,
				"bytes":	3932160,
				"bits_per_second":	31464862.45223131,
				"retransmits":	0,
				"omitted":	false,
				"sender":	true
			}
		}, {
			"streams":	[{
					"socket":	6,
					"start":	32.000147,
					"end":	33.000335,
					"seconds":	1.0001879930496216,
					"bytes":	2621440,
					"bits_per_second":	20967578.241023291,
					"retransmits":	0,
					"snd_cwnd":	644360,
					"snd_wnd":	3145728,
					"rtt":	200132,
					"rttvar":	60,
					"pmtu":	1500,
					"omitted":	false,
					"sender":	true
				}],
			"sum":	{
				"start":	32.000147,
				"end":	33.000335,
				"seconds":	1.0001879930496216,
				"bytes":	2621440,
				"bits_per_second":	20967578.241023291,
				"retransmits":	0,
				"omitted":	false,
				"sender":	true
			}
		}, {
			"streams":	[{
					"socket":	6,
					"start":	33.000335,
					"end":	34.000075,
					"seconds":	0.99974000453948975,
					"bytes":	3932160,
					"bits_per_second":	31465460.876990881,
					"retransmits":	0,
					"snd_cwnd":	650152,
					"snd_wnd":	3145728,
					"rtt":	200126,
					"rttvar":	62,
					"pmtu":	1500,
					"omitted":	false,
					"sender":	true
				}],
			"sum":	{
				"start":	33.000335,
				"end":	34.000075,
				"seconds":	0.99974000453948975,
				"bytes":	3932160,
				"bits_per_second":	31465460.876990881,
				"retransmits":	0,
				"omitted":	false,
				"sender":	true
			}
		}, {
			"streams":	[{
					"socket":	6,
					"start":	34.000075,
					"end":	35.00018,
					"seconds":	1.0001050233840942,
					"bytes":	2621440,
					"bits_per_second":	20969317.731289711,
					"retransmits":	0,
					"snd_cwnd":	664632,
					"snd_wnd":	3145728,
					"rtt":	200097,
					"rttvar":	32,
					"pmtu":	1500,
					"omitted":	false,
					"sender":	true
				}],
			"sum":	{
				"start":	34.000075,
				"end":	35.00018,
				"seconds":	1.0001050233840942,
				"bytes":	2621440,
				"bits_per_second":	20969317.731289711,
				"retransmits":	0,
				"omitted":	false,
				"sender":	true
			}
		}, {
			"streams":	[{
					"socket":	6,
					"start":	35.00018,
					"end":	36.000123,
					"seconds":	0.99994301795959473,
					"bytes":	3932160,
					"bits_per_second":	31459072.602146126,
					"retransmits":	0,
					"snd_cwnd":	690696,
					"snd_wnd":	3145728,
					"rtt":	200085,
					"rttvar":	21,
					"pmtu":	1500,
					"omitted":	false,
					"sender":	true
				}],
			"sum":	{
				"start":	35.00018,
				"end":	36.000123,
				"seconds":	0.99994301795959473,
				"bytes":	3932160,
				"bits_per_second":	31459072.602146126,
				"retransmits":	0,
				"omitted":	false,
				"sender":	true
			}
		}, {
			"streams":	[{
					"socket":	6,
					"start":	36.000123,
					"end":	37.000603,
					"seconds":	1.000480055809021,
					"bytes":	2621440,
					"bits_per_second":	20961457.330642879,
					"retransmits":	0,
					"snd_cwnd":	731240,
					"snd_wnd":	3145728,
					"rtt":	200148,
					"rttvar":	130,
					"pmtu":	1500,
					"omitted":	false,
					"sender":	true
				}],
			"sum":	{
				"start":	36.000123,
				"end":	37.000603,
				"seconds":	1.000480055809021,
				"bytes":	2621440,
				"bits_per_second":	20961457.330642879,
				"retransmits":	0,
				"omitted":	false,
				"sender":	true
			}
		}, {
			"streams":	[{
					"socket":	6,
					"start":	37.000603,
					"end":	38.000299,
					"seconds":	0.99969601631164551,
					"bytes":	3932160,
					"bits_per_second":	31466845.407727923,
					"retransmits":	0,
					"snd_cwnd":	790608,
					"snd_wnd":	3145728,
					"rtt":	200111,
					"rttvar":	83,
					"pmtu":	1500,
					"omitted":	false,
					"sender":	true
				}],
			"sum":	{
				"start":	37.000603,
				"end":	38.000299,
				"seconds":	0.99969601631164551,
				"bytes":	3932160,
				"bits_per_second":	31466845.407727923,
				"retransmits":	0,
				"omitted":	false,
				"sender":	true
			}
		}, {
			"streams":	[{
					"socket":	6,
					"start":	38.000299,
					"end":	39.000343,
					"seconds":	1.0000439882278442,
					"bytes":	3932160,
					"bits_per_second":	31455896.310866032,
					"retransmits":	0,
					"snd_cwnd":	873144,
					"snd_wnd":	3145728,
					"rtt":	200084,
					"rttvar":	36,
					"pmtu":	1500,
					"omitted":	false,
					"sender":	true
				}],
			"sum":	{
				"start":	38.000299,
				"end":	39.000343,
				"seconds":	1.0000439882278442,
				"bytes":	3932160,
				"bits_per_second":	31455896.310866032,
				"retransmits":	0,
				"omitted":	false,
				"sender":	true
			}
		}, {
			"streams":	[{
					"socket":	6,
					"start":	39.000343,
					"end":	40.000217,
					"seconds":	0.99987399578094482,
					"bytes":	5242880,
					"bits_per_second":	41948325.666016221,
					"retransmits":	0,
					"snd_cwnd":	980296,
					"snd_wnd":	3145728,
					"rtt":	200177,
					"rttvar":	222,
					"pmtu":	1500,
					"omitted":	false,
					"sender":	true
				}],
			"sum":	{
				"start":	39.000343,
				"end":	40.000217,
				"seconds":	0.99987399578094482,
				"bytes":	5242880,
				"bits_per_second":	41948325.666016221,
				"retransmits":	0,
				"omitted":	false,
				"sender":	true
			}
		}, {
			"streams":	[{
					"socket":	6,
					"start":	40.000217,
					"end":	41.000218,
					"seconds":	1.0000009536743164,
					"bytes":	5242880,
					"bits_per_second":	41943000.000038147,
					"retransmits":	0,
					"snd_cwnd":	1117856,
					"snd_wnd":	3145728,
					"rtt":	201694,
					"rttvar":	2958,
					"pmtu":	1500,
					"omitted":	false,
					"sender":	true
				}],
			"sum":	{
				"start":	40.000217,
				"end":	41.000218,
				"seconds":	1.0000009536743164,
				"bytes":	5242880,
				"bits_per_second":	41943000.000038147,
				"retransmits":	0,
				"omitted":	false,
				"sender":	true
			}
		}, {
			"streams":	[{
					"socket":	6,
					"start":	41.000218,
					"end":	42.000194,
					"seconds":	0.99997597932815552,
					"bytes":	5242880,
					"bits_per_second":	41944047.5242014,
					"retransmits":	0,
					"snd_cwnd":	1287272,
					"snd_wnd":	3145728,
					"rtt":	200102,
					"rttvar":	54,
					"pmtu":	1500,
					"omitted":	false,
					"sender":	true
				}],
			"sum":	{
				"start":	41.000218,
				"end":	42.000194,
				"seconds":	0.99997597932815552,
				"bytes":	5242880,
				"bits_per_second":	41944047.5242014,
				"retransmits":	0,
				"omitted":	false,
				"sender":	true
			}
		}, {
			"streams":	[{
					"socket":	6,
					"start":	42.000194,
					"end":	43.000183,
					"seconds":	0.99998897314071655,
					"bytes":	6553600,
					"bits_per_second":	52429378.13137497,
					"retransmits":	0,
					"snd_cwnd":	1492888,
					"snd_wnd":	3145728,
					"rtt":	200097,
					"rttvar":	24,
					"pmtu":	1500,
					"omitted":	false,
					"sender":	true
				}],
			"sum":	{
				"start":	42.000194,
				"end":	43.000183,
				"seconds":	0.99998897314071655,
				"bytes":	6553600,
				"bits_per_second":	52429378.13137497,
				"retransmits":	0,
				"omitted":	false,
				"sender":	true
			}
		}, {
			"streams":	[{
					"socket":	6,
					"start":	43.000183,
					"end":	44.000365,
					"seconds":	1.000182032585144,
					"bytes":	7864320,
					"bits_per_second":	62903109.584348761,
					"retransmits":	12,
					"snd_cwnd":	1178672,
					"snd_wnd":	3145728,
					"rtt":	200211,
					"rttvar":	204,
					"pmtu":	1500,
					"omitted":	false,
					"sender":	true
				}],
			"sum":	{
				"start":	43.000183,
				"end":	44.000365,
				"seconds":	1.000182032585144,
				"bytes":	7864320,
				"bits_per_second":	62903109.584348761,
				"retransmits":	12,
				"omitted":	false,
				"sender":	true
			}
		}, {
			"streams":	[{
					"socket":	6,
					"start":	44.000365,
					"end":	45.000178,
					"seconds":	0.9998130202293396,
					"bytes":	6553600,
					"bits_per_second":	52438604.958328858,
					"retransmits":	0,
					"snd_cwnd":	1327816,
					"snd_wnd":	3145728,
					"rtt":	200077,
					"rttvar":	18,
					"pmtu":	1500,
					"omitted":	false,
					"sender":	true
				}],
			"sum":	{
				"start":	44.000365,
				"end":	45.000178,
				"seconds":	0.9998130202293396,
				"bytes":	6553600,
				"bits_per_second":	52438604.958328858,
				"retransmits":	0,
				"omitted":	false,
				"sender":	true
			}
		}, {
			"streams":	[{
					"socket":	6,
					"start":	45.000178,
					"end":	46.000389,
					"seconds":	1.0002110004425049,
					"bytes":	6553600,
					"bits_per_second":	52417739.833699986,
					"retransmits":	0,
					"snd_cwnd":	1436416,
					"snd_wnd":	3145728,
					"rtt":	200075,
					"rttvar":	15,
					"pmtu":	1500,
					"omitted":	false,
					"sender":	true
				}],
			"sum":	{
				"start":	45.000178,
				"end":	46.000389,
				"seconds":	1.0002110004425049,
				"bytes":	6553600,
				"bits_per_second":	52417739.833699986,
				"retransmits":	0,
				"omitted":	false,
				"sender":	true
			}
		}, {
			"streams":	[{
					"socket":	6,
					"start":	46.000389,
					"end":	47.000164,
					"seconds":	0.999774992465973,
					"bytes":	7864320,
					"bits_per_second":	62928719.435979776,
					"retransmits":	0,
					"snd_cwnd":	1520400,
					"snd_wnd":	3145728,
					"rtt":	200186,
					"rttvar":	93,
					"pmtu":	1500,
					"omitted":	false,
					"sender":	true
				}],
			"sum":	{
				"start":	46.000389,
				"end":	47.000164,
				"seconds":	0.999774992465973,
				"bytes":	7864320,
				"bits_per_second":	62928719.435979776,
				"retransmits":	0,
				"omitted":	false,
				"sender":	true
			}
		}, {
			"streams":	[{
					"socket":	6,
					"start":	47.000164,
					"end":	48.000092,
					"seconds":	0.99992799758911133,
					"bytes":	6553600,
					"bits_per_second":	52432575.271828674,
					"retransmits":	36,
					"snd_cwnd":	1132336,
					"snd_wnd":	3143552,
					"rtt":	200226,
					"rttvar":	85,
					"pmtu":	1500,
					"omitted":	false,
					"sender":	true
				}],
			"sum":	{
				"start":	47.000164,
				"end":	48.000092,
				"seconds":	0.99992799758911133,
				"bytes":	6553600,
				"bits_per_second":	52432575.271828674,
				"retransmits":	36,
				"omitted":	false,
				"sender":	true
			}
		}, {
			"streams":	[{
					"socket":	6,
					"start":	48.000092,
					"end":	49.00016,
					"seconds":	1.0000679492950439,
					"bytes":	5242880,
					"bits_per_second":	41940190.193642333,
					"retransmits":	0,
					"snd_cwnd":	1197496,
					"snd_wnd":	3145728,
					"rtt":	200127,
					"rttvar":	64,
					"pmtu":	1500,
					"omitted":	false,
					"sender":	true
				}],
			"sum":	{
				"start":	48.000092,
				"end":	49.00016,
				"seconds":	1.0000679492950439,
				"bytes":	5242880,
				"bits_per_second":	41940190.193642333,
				"retransmits":	0,
				"omitted":	false,
				"sender":	true
			}
		}, {
			"streams":	[{
					"socket":	6,
					"start":	49.00016,
					"end":	50.000161,
					"seconds":	1.0000009536743164,
					"bytes":	6553600,
					"bits_per_second":	52428750.000047684,
					"retransmits":	0,
					"snd_cwnd":	1243832,
					"snd_wnd":	3145728,
					"rtt":	200179,
					"rttvar":	144,
					"pmtu":	1500,
					"omitted":	false,
					"sender":	true
				}],
			"sum":	{
				"start":	49.00016,
				"end":	50.000161,
				"seconds":	1.0000009536743164,
				"bytes":	6553600,
				"bits_per_second":	52428750.000047684,
				"retransmits":	0,
				"omitted":	false,
				"sender":	true
			}
		}, {
			"streams":	[{
					"socket":	6,
					"start":	50.000161,
					"end":	51.000204,
					"seconds":	1.0000430345535278,
					"bytes":	5242880,
					"bits_per_second":	41941235.077674024,
					"retransmits":	0,
					"snd_cwnd":	1274240,
					"snd_wnd":	3145728,
					"rtt":	200184,
					"rttvar":	165,
					"pmtu":	1500,
					"omitted":	false,
					"sender":	true
				}],
			"sum":	{
				"start":	50.000161,
				"end":	51.000204,
				"seconds":	1.0000430345535278,
				"bytes":	5242880,
				"bits_per_second":	41941235.077674024,
				"retransmits":	0,
				"omitted":	false,
				"sender":	true
			}
		}, {
			"streams":	[{
					"socket":	6,
					"start":	51.000204,
					"end":	52.000192,
					"seconds":	0.9999880194664,
					"bytes":	6553600,
					"bits_per_second":	52429428.132525362,
					"retransmits":	0,
					"snd_cwnd":	1291616,
					"snd_wnd":	3145728,
					"rtt":	200149,
					"rttvar":	87,
					"pmtu":	1500,
					"omitted":	false,
					"sender":	true
				}],
			"sum":	{
				"start":	51.000204,
				"end":	52.000192,
				"seconds":	0.9999880194664,
				"bytes":	6553600,
				"bits_per_second":	52429428.132525362,
				"retransmits":	0,
				"omitted":	false,
				"sender":	true
			}
		}, {
			"streams":	[{
					"socket":	6,
					"start":	52.000192,
					"end":	53.000189,
					"seconds":	0.99999701976776123,
					"bytes":	6553600,
					"bits_per_second":	52428956.250465661,
					"retransmits":	0,
					"snd_cwnd":	1300304,
					"snd_wnd":	3145728,
					"rtt":	200225,
					"rttvar":	199,
					"pmtu":	1500,
					"omitted":	false,
					"sender":	true
				}],
			"sum":	{
				"start":	52.000192,
				"end":	53.000189,
				"seconds":	0.99999701976776123,
				"bytes":	6553600,
				"bits_per_second":	52428956.250465661,
				"retransmits":	0,
				"omitted":	false,
				"sender":	true
			}
		}, {
			"streams":	[{
					"socket":	6,
					"start":	53.000189,
					"end":	54.00019,
					"seconds":	1.0000009536743164,
					"bytes":	6553600,
					"bits_per_second":	52428750.000047684,
					"retransmits":	0,
					"snd_cwnd":	1301752,
					"snd_wnd":	3145728,
					"rtt":	200107,
					"rttvar":	42,
					"pmtu":	1500,
					"omitted":	false,
					"sender":	true
				}],
			"sum":	{
				"start":	53.000189,
				"end":	54.00019,
				"seconds":	1.0000009536743164,
				"bytes":	6553600,
				"bits_per_second":	52428750.000047684,
				"retransmits":	0,
				"omitted":	false,
				"sender":	true
			}
		}, {
			"streams":	[{
					"socket":	6,
					"start":	54.00019,
					"end":	55.000189,
					"seconds":	0.99999898672103882,
					"bytes":	6553600,
					"bits_per_second":	52428853.12505383,
					"retransmits":	0,
					"snd_cwnd":	1301752,
					"snd_wnd":	3145728,
					"rtt":	200122,
					"rttvar":	66,
					"pmtu":	1500,
					"omitted":	false,
					"sender":	true
				}],
			"sum":	{
				"start":	54.00019,
				"end":	55.000189,
				"seconds":	0.99999898672103882,
				"bytes":	6553600,
				"bits_per_second":	52428853.12505383,
				"retransmits":	0,
				"omitted":	false,
				"sender":	true
			}
		}, {
			"streams":	[{
					"socket":	6,
					"start":	55.000189,
					"end":	56.000204,
					"seconds":	1.0000150203704834,
					"bytes":	6553600,
					"bits_per_second":	52428012.511828363,
					"retransmits":	0,
					"snd_cwnd":	1303200,
					"snd_wnd":	3145728,
					"rtt":	200137,
					"rttvar":	66,
					"pmtu":	1500,
					"omitted":	false,
					"sender":	true
				}],
			"sum":	{
				"start":	55.000189,
				"end":	56.000204,
				"seconds":	1.0000150203704834,
				"bytes":	6553600,
				"bits_per_second":	52428012.511828363,
				"retransmits":	0,
				"omitted":	false,
				"sender":	true
			}
		}, {
			"streams":	[{
					"socket":	6,
					"start":	56.000204,
					"end":	57.000162,
					"seconds":	0.99995797872543335,
					"bytes":	6553600,
					"bits_per_second":	52431003.217582,
					"retransmits":	0,
					"snd_cwnd":	1308992,
					"snd_wnd":	3145728,
					"rtt":	200108,
					"rttvar":	31,
					"pmtu":	1500,
					"omitted":	false,
					"sender":	true
				}],
			"sum":	{
				"start":	56.000204,
				"end":	57.000162,
				"seconds":	0.99995797872543335,
				"bytes":	6553600,
				"bits_per_second":	52431003.217582,
				"retransmits":	0,
				"omitted":	false,
				"sender":	true
			}
		}, {
			"streams":	[{
					"socket":	6,
					"start":	57.000162,
					"end":	58.000188,
					"seconds":	1.0000259876251221,
					"bytes":	6553600,
					"bits_per_second":	52427437.535407215,
					"retransmits":	0,
					"snd_cwnd":	1323472,
					"snd_wnd":	3145728,
					"rtt":	200194,
					"rttvar":	206,
					"pmtu":	1500,
					"omitted":	false,
					"sender":	true
				}],
			"sum":	{
				"start":	57.000162,
				"end":	58.000188,
				"seconds":	1.0000259876251221,
				"bytes":	6553600,
				"bits_per_second":	52427437.535407215,
				"retransmits":	0,
				"omitted":	false,
				"sender":	true
			}
		}, {
			"streams":	[{
					"socket":	6,
					"start":	58.000188,
					"end":	59.000164,
					"seconds":	0.99997597932815552,
					"bytes":	6553600,
					"bits_per_second":	52430059.405251764,
					"retransmits":	0,
					"snd_cwnd":	1349536,
					"snd_wnd":	3145728,
					"rtt":	200135,
					"rttvar":	73,
					"pmtu":	1500,
					"omitted":	false,
					"sender":	true
				}],
			"sum":	{
				"start":	58.000188,
				"end":	59.000164,
				"seconds":	0.99997597932815552,
				"bytes":	6553600,
				"bits_per_second":	52430059.405251764,
				"retransmits":	0,
				"omitted":	false,
				"sender":	true
			}
		}, {
			"streams":	[{
					"socket":	6,
					"start":	59.000164,
					"end":	60.000209,
					"seconds":	1.0000449419021606,
					"bytes":	6553600,
					"bits_per_second":	52426443.8558896,
					"retransmits":	0,
					"snd_cwnd":	1391528,
					"snd_wnd":	3145728,
					"rtt":	200166,
					"rttvar":	73,
					"pmtu":	1500,
					"omitted":	false,
					"sender":	true
				}],
			"sum":	{
				"start":	59.000164,
				"end":	60.000209,
				"seconds":	1.0000449419021606,
				"bytes":	6553600,
				"bits_per_second":	52426443.8558896,
				"retransmits":	0,
				"omitted":	false,
				"sender":	true
			}
		}],
	"end":	{
		"streams":	[{
				"sender":	{
					"socket":	6,
					"start":	0,
					"end":	60.000209,
					"seconds":	60.000209,
					"bytes":	314572800,
					"bits_per_second":	41942893.8989196,
					"retransmits":	2007,
					"max_snd_cwnd":	1520400,
					"max_snd_wnd":	3145728,
					"max_rtt":	204554,
					"min_rtt":	200063,
					"mean_rtt":	200255,
					"sender":	true
				},
				"receiver":	{
					"socket":	6,
					"start":	0,
					"end":	60.200371,
					"seconds":	60.000209,
					"bytes":	313180352,
					"bits_per_second":	41618394.943114221,
					"sender":	true
				}
			}],
		"sum_sent":	{
			"start":	0,
			"end":	60.000209,
			"seconds":	60.000209,
			"bytes":	314572800,
			"bits_per_second":	41942893.8989196,
			"retransmits":	2007,
			"sender":	true
		},
		"sum_received":	{
			"start":	0,
			"end":	60.200371,
			"seconds":	60.200371,
			"bytes":	313180352,
			"bits_per_second":	41618394.943114221,
			"sender":	true
		},
		"cpu_utilization_percent":	{
			"host_total":	0.4977648835075047,
			"host_user":	0.0561575074586117,
			"host_system":	0.44160573137156223,
			"remote_total":	0.641432753580139,
			"remote_user":	0.042106041610662732,
			"remote_system":	0.59932505085058674
		},
		"sender_tcp_congestion":	"cubic",
		"receiver_tcp_congestion":	"cubic"
	}
}
