,bandwidth,delay,buffer_size,algorithm,bytes_sent,time_elapsed,goodput,retransmits,host_cpu,remote_cpu
0,10,5,100,bbr,3108856,10.00057,2486943.044246478,4,0.0718635100205792,0.2881807768385035
1,10,5,100,cubic,9776896,10.00008,7821454.228366173,7,0.4255593928033343,0.8522142469398574
2,10,5,1000,bbr,1246728,10.001067,997275.9906517974,0,0.0932475431995578,0.10321845974560866
3,10,5,1000,cubic,14241080,10.000126,11392720.451722309,0,0.0875620655387342,0.960419855674612
4,10,5,10000,bbr,1307544,10.001037,1045926.7373973319,0,0.06561530512912925,0.08621158710698545
5,10,5,10000,cubic,13349112,10.000761,10678476.967902742,0,0.08157125291349067,0.8911578262274524
6,10,5,20000,bbr,1307544,10.001026,1045927.8877987119,0,0.0669416840049187,0.0985639532984791
7,10,5,20000,cubic,13349112,10.000804,10678431.054143246,0,0.08664968263705597,0.9404193767217484
8,10,5,50000,bbr,1503024,10.000408,1202370.1432981533,0,0.069150103321031,0.10825964989872208
9,10,5,50000,cubic,13224584,10.000782,10578839.934717106,0,0.0842748733856338,0.9537777957618763
10,10,10,100,bbr,3299992,10.000178,2639946.60895036,2,0.1229836394612462,0.2765649678686662
11,10,10,100,cubic,9407656,10.000107,7526044.271326297,7,0.13558132359798217,0.7805206578944758
12,10,10,1000,bbr,1436416,10.001037,1149013.6472847764,0,0.12171184831933493,0.10934042738332682
13,10,10,1000,cubic,13382416,10.000617,10705272.284700034,0,0.138654503627532,0.9229870973515457
14,10,10,10000,bbr,1531984,10.001026,1225461.467653419,0,0.11835943428054074,0.11580296125666524
15,10,10,10000,cubic,13457712,10.000437,10765699.138947628,0,0.13379419216690028,0.9152740042145933
16,10,10,20000,bbr,1459584,10.001032,1167546.7091796126,0,0.11691584349588031,0.12394005884065219
17,10,10,20000,cubic,13226032,10.000772,10580008.823318841,0,0.13416830439365596,0.8971026440595
18,10,10,50000,bbr,1531984,10.001036,1225460.2423188959,0,0.11842017213744228,0.142119032631831
19,10,10,50000,cubic,13457712,10.00044,10765695.909379989,0,0.13548591792929318,0.940646313390684
20,10,25,100,bbr,4859488,10.000545,3887378.537869686,4,0.28337111053898417,0.4469615229937917
21,10,25,100,cubic,8026264,10.000093,6420951.485151188,10,0.28478323775386044,0.6535759376160416
22,10,25,1000,bbr,2221232,10.001031,1776802.4116713568,0,0.2669719735851178,0.19459009818630144
23,10,25,1000,cubic,13227480,10.000168,10581806.225655409,0,0.285185650829729,0.928973829877829
24,10,25,10000,bbr,2106840,10.001035,1685297.571701329,0,0.27092794926022645,0.16329323769686083
25,10,25,10000,cubic,12950912,10.000359,10360357.663159894,0,0.2992744591607327,0.938853724550157
26,10,25,20000,bbr,2173448,10.001039,1738577.761770552,0,0.2680776991762763,0.1798411479364828
27,10,25,20000,cubic,12391984,10.000729,9912864.55217415,0,0.2956946537681988,0.889583036161319
28,10,25,50000,bbr,2416712,10.001039,1933168.7437675225,0,0.2681001770506486,0.1922460231133211
29,10,25,50000,cubic,12949464,10.00032,10359239.70432946,0,0.32701552744642687,0.958256485242309
30,10,50,100,bbr,8447632,10.000133,6758015.718390945,40,0.5254447548839328,0.6186891469994865
31,10,50,100,cubic,5036144,10.000211,4028830.1916829553,57,0.5184594521344194,0.39596630316093545
32,10,50,1000,bbr,2952472,10.000088,2361956.81478003,0,0.4999078547005866,0.19682035338264517
33,10,50,1000,cubic,12431080,10.000559,9944308.11317647,0,0.5257959027811265,0.9601627904085825
34,10,50,10000,bbr,2704864,10.001038,2163666.6114057363,0,0.509513559714103,0.2035443112938194
35,10,50,10000,cubic,12426736,10.000585,9940807.26277513,0,0.5217589048454082,0.9247329092372515
36,10,50,20000,bbr,2833736,10.001031,2266755.0975494427,0,0.509244202561453,0.22523567660996535
37,10,50,20000,cubic,12147272,10.000754,9717084.931796143,0,0.514062342250151,0.9177873036987095
38,10,50,50000,bbr,2804776,10.001069,2243580.961195248,0,0.512049748640727,0.21131702565093521
39,10,50,50000,cubic,12426736,10.000598,9940794.34049844,0,0.520821642357442,0.986586036471509
40,10,75,100,bbr,10570400,10.000256,8456103.52374979,136,0.7639875672324493,0.727523188031342
41,10,75,100,cubic,3472304,10.000287,2777763.478188176,95,0.753633801280204,0.26180857644905176
42,10,75,1000,bbr,4800120,10.001069,3839685.537616029,0,0.749932200250854,0.32332941407387467
43,10,75,1000,cubic,11355216,10.000231,9083962.960455613,0,0.7584341213618848,0.823024564014071
44,10,75,10000,bbr,3026320,10.001037,2420804.962525386,0,0.7460893717281604,0.20148277612302917
45,10,75,10000,cubic,12189696,10.000938,9750842.17100436,0,0.7609375429212784,0.8911347532759122
46,10,75,20000,bbr,2816360,10.001039,2252853.928476831,0,0.7483874449588073,0.20401896641693337
47,10,75,20000,cubic,12189696,10.000965,9750815.846270835,0,0.7617298594299935,0.9343905506314457
48,10,75,50000,bbr,4800120,10.001042,3839695.903686836,0,0.7520179963282863,0.3528015986334299
49,10,75,50000,cubic,11355216,10.000213,9083979.31124067,0,0.7605383244936984,0.8345310878749155
50,10,100,100,bbr,8514240,10.000162,6811281.6572371535,125,0.9926056417240467,0.627847128456688
51,10,100,100,cubic,5622584,10.001039,4497599.899370455,121,0.987987320830985,0.47469953921849734
52,10,100,1000,bbr,4177480,10.001055,3341631.4578811936,0,0.9886896085027153,0.2965573688657147
53,10,100,1000,cubic,12184920,10.000097,9747841.445937974,0,0.9956728393928227,0.8458207567499145
54,10,100,10000,bbr,4771160,10.000132,3816877.6172154527,0,0.9860786688312905,0.2788708559023296
55,10,100,10000,cubic,11272192,10.000591,9017220.68225768,0,0.992254617062684,0.8079307936024972
56,10,100,20000,bbr,4255672,10.001039,3404183.90529224,0,0.9827074482310708,0.2843407404250231
57,10,100,20000,cubic,11272192,10.000746,9017080.92576294,0,0.9920656093439556,0.8554955173087125
58,10,100,50000,bbr,4474320,10.001029,3579087.7118744478,0,0.9856328051573746,0.29035843708865966
59,10,100,50000,cubic,11272192,10.000776,9017053.876619175,0,0.992230571237195,0.852338555303353
60,10,150,100,bbr,12058624,10.000954,9645978.97360592,228,1.441999841733335,0.6163257485349368
61,10,150,100,cubic,3470856,10.00095,2776421.0400012,235,1.4331078472605465,0.1952160976507983
62,10,150,1000,bbr,6979360,10.001042,5582906.261167587,0,1.43639750212407,0.446897127641402
63,10,150,1000,cubic,9885496,10.000222,7908221.237488527,0,1.4441997236279258,0.666152696683938
64,10,150,10000,bbr,7703360,10.000442,6162415.6212295415,0,1.440213139093991,0.418629264572515
65,10,150,10000,cubic,10182336,10.000099,8145788.156697248,0,1.4432655750150027,0.6350033262435935
66,10,150,20000,bbr,6599984,10.001048,5279433.915325673,0,1.438588833249516,0.4307662315265396
67,10,150,20000,cubic,9322224,10.00062,7457316.846355526,0,1.4469854438481804,0.655267435075421
68,10,150,50000,bbr,7377560,10.001038,5901435.431002262,0,1.4393418793245476,0.4587738590668227
69,10,150,50000,cubic,9345392,10.000596,7475868.03826492,0,1.4428693006228757,0.682198619909689
70,10,200,100,bbr,10747904,10.001036,8597432.50599238,315,1.8788858225863605,0.5994878266679194
71,10,200,100,cubic,4300560,10.000086,3440418.4124016534,120,1.8717511264243012,0.2506220328955107
72,10,200,1000,bbr,8912896,10.001036,7129578.175700998,0,1.8722700632301124,0.5286676586040154
73,10,200,1000,cubic,8395504,10.000105,6716332.678506876,0,1.8757030449309942,0.49469681518881065
74,10,200,10000,bbr,9306112,10.001043,7444113.178995431,0,1.875590478583181,0.595299620596802
75,10,200,10000,cubic,8443288,10.000087,6754571.635226773,0,1.9023904216488337,0.5609904787405278
76,10,200,20000,bbr,8650752,10.001051,6919874.32120884,0,1.87649911730862,0.6095204067927702
77,10,200,20000,cubic,7865536,10.000555,6292079.589582778,0,1.8200568111074649,0.5973786235420685
78,10,200,50000,bbr,9437184,10.000771,7549165.159366213,0,1.8809464280309052,0.5142445747197367
79,10,200,50000,cubic,7930696,10.000429,6344284.630189365,0,1.8771555698406481,0.516139435107915
80,20,5,100,bbr,6485592,10.000181,5188379.690327605,21,0.07769571241609617,0.5025116615884112
81,20,5,100,cubic,18414216,10.00014,14731166.56366811,60,0.13710902722242857,1.3885235421469315
82,20,5,1000,bbr,1505920,10.001032,1204611.6840742035,2,0.0662838110547188,0.10384127941860447
83,20,5,1000,cubic,25559040,10.000456,20446299.64873602,32,0.12354159353388826,1.88837093401759
84,20,5,10000,bbr,1831720,10.001035,1465224.3492798496,0,0.06826909798581217,0.13443141453894447
85,20,5,10000,cubic,25690112,10.000223,20551631.298622042,0,0.1092382666397529,1.941650248928789
86,20,5,20000,bbr,1831720,10.001038,1465223.909758167,0,0.06776993026641805,0.11725311568037927
87,20,5,20000,cubic,25559040,10.000309,20446600.20005382,0,0.17507614240550728,1.9266087427799137
88,20,5,50000,bbr,1859232,10.00105,1487229.4409087047,0,0.0678100989951613,0.13926961688227282
89,20,5,50000,cubic,24772608,10.000566,19816964.7597946,0,0.1250708225756527,1.8423850534060568
90,20,10,100,bbr,7913320,10.000367,6330423.673451184,16,0.1340419298293485,0.7100170320421517
91,20,10,100,cubic,17160248,10.000078,13728091.320887696,60,0.14978255138841157,1.5053132481488707
92,20,10,1000,bbr,2118424,10.00073,1694615.493069006,1,0.11978633439974937,0.14768730342468117
93,20,10,1000,cubic,25690112,10.000244,20551588.14124935,33,0.15006819244460576,1.8202535171544854
94,20,10,10000,bbr,2700520,10.001055,2160188.1001554336,0,0.11825291205886934,0.19430925697582924
95,20,10,10000,cubic,25296896,10.000095,20237324.545416817,0,0.1536438376900444,1.91883491598697
96,20,10,20000,bbr,2374720,10.001053,1899575.9746498691,0,0.11856006776226685,0.1590239345353533
97,20,10,20000,cubic,25690112,10.000085,20551914.908723276,0,0.19700693268810293,1.8415808467363282
98,20,10,50000,bbr,1631896,10.001032,1305382.0845688723,0,0.11616053435638252,0.12215419651017002
99,20,10,50000,cubic,24903680,10.000587,19921774.59183146,0,0.23897889351716722,1.9151766337751581
100,20,25,100,bbr,17310840,10.000158,13848453.194439527,55,0.2914358026987832,1.3118677330171615
101,20,25,100,cubic,7942280,10.000258,6353660.07557005,48,0.2770999296137866,0.5803673561142134
102,20,25,1000,bbr,2746856,10.00104,2197256.285346324,2,0.2727539987587243,0.18912904278068407
103,20,25,1000,cubic,25165824,10.000144,20132369.293882165,37,0.3394416596527138,1.6500168249709055
104,20,25,10000,bbr,3547600,10.001035,2837786.289119076,0,0.26549980454518324,0.24355100259382964
105,20,25,10000,cubic,23986176,10.000321,19188324.85477216,0,0.2961504597974464,1.668956726168812
106,20,25,20000,bbr,3551944,10.001052,2841256.2998372572,0,0.2703335149414947,0.2727385366277623
107,20,25,20000,cubic,24510464,10.000147,19608082.96118047,0,0.36595892037614164,1.854965979846891
108,20,25,50000,bbr,3547600,10.001035,2837786.289119076,0,0.2686729799834571,0.255742897232586
109,20,25,50000,cubic,23986176,10.000341,19188286.47943105,0,0.2943449226738247,1.9607747822145054
110,20,50,100,bbr,21104600,10.000161,16883408.17712835,218,0.5318170786074536,1.4528465133062374
111,20,50,100,cubic,5461856,10.001045,4369028.23654928,201,0.5174413846269205,0.4167400160170187
112,20,50,1000,bbr,4829080,10.001047,3862859.5586042143,0,0.513253444029214,0.33196102184919374
113,20,50,1000,cubic,23330816,10.000305,18664083.54545186,31,0.5394964680027466,1.7015490381048566
114,20,50,10000,bbr,4503280,10.001044,3602247.925316597,0,0.5103592098430284,0.2848804720443272
115,20,50,10000,cubic,23592960,10.000165,18874056.57806646,0,0.5445433820345186,1.6244738791160551
116,20,50,20000,bbr,5085376,10.001035,4067879.774443345,0,0.513766402915734,0.36825733243464065
117,20,50,20000,cubic,23199744,10.000115,18559581.7648097,0,0.527011508618598,1.5740744263554978
118,20,50,50000,bbr,4645184,10.001047,3715758.1601206353,0,0.5124546314158154,0.2818864369489934
119,20,50,50000,cubic,22806528,10.000561,18244198.900441688,0,0.5354333764972133,1.7983999648193945
120,20,75,100,bbr,20709376,10.000105,16567326.843068149,409,0.7695310289274045,1.32910261038181
121,20,75,100,cubic,7587520,10.000702,6069589.914787982,276,0.7545665038053025,0.502097096862168
122,20,75,1000,bbr,7738112,10.001031,6189851.426317947,0,0.7304999653968592,0.4955019063527614
123,20,75,1000,cubic,19791872,10.000839,15832169.280997327,22,0.8469849560360284,1.5313128608246753
124,20,75,10000,bbr,5228728,10.001034,4182549.9243378234,0,0.7506968260297475,0.28537158832171367
125,20,75,10000,cubic,23461888,10.000213,18769110.61794384,0,0.773594526277821,1.7248028746433
126,20,75,20000,bbr,9385936,10.001036,7507970.9742070725,0,0.7572863367572875,0.5544314378956517
127,20,75,20000,cubic,19660800,10.000445,15727940.106665256,0,0.7671510632366223,1.4182341112924264
128,20,75,50000,bbr,8993528,10.001047,7194069.180956754,0,0.7567041013245815,0.6090314913844325
129,20,75,50000,cubic,19398656,10.000557,15518060.444033267,0,0.7988107960154096,1.5033249004315166
130,20,100,100,bbr,23330816,10.000075,18664512.816153876,353,1.03766395293311,1.3867799965363539
131,20,100,100,cubic,5593624,10.00102,4474442.806833703,259,0.9836275798318423,0.2791975764415667
132,20,100,1000,bbr,7982824,10.000649,6385844.758675163,4,0.9864921490428802,0.4065670428929331
133,20,100,1000,cubic,21364736,10.000242,17091375.18872043,18,1.0061630067705596,1.3895000182262447
134,20,100,10000,bbr,7471680,10.001053,5976714.65194715,0,0.9858627608828866,0.46531921678582544
135,20,100,10000,cubic,20316160,10.000611,16251935.006771088,0,1.0510676505535326,1.5653302350919465
136,20,100,20000,bbr,7982824,10.000422,6385989.711234186,0,0.9841102808020432,0.4153205202014159
137,20,100,20000,cubic,20709376,10.000546,16566596.263843995,0,0.9997798498171985,1.2668185470416018
138,20,100,50000,bbr,12976128,10.001037,10379826.01204255,0,0.9908834416889304,0.6951017504982117
139,20,100,50000,cubic,16515072,10.000418,13211505.359075991,0,0.9978378049971584,0.9460137320742678
140,20,150,100,bbr,21102592,10.000499,16881231.2265618,803,1.449772123420736,0.8946300696661103
141,20,150,100,cubic,5946936,10.001028,4757059.774255207,349,1.4359286425161488,0.2016921766520767
142,20,150,1000,bbr,10747904,10.001036,8597432.50599238,23,1.4400907968415013,0.592415336812019
143,20,150,1000,cubic,18087936,10.000455,14469690.429085476,99,1.450668152645041,0.879402856088869
144,20,150,10000,bbr,10354688,10.00104,8282888.979546128,0,1.4401151918603587,0.6392605848906097
145,20,150,10000,cubic,17432576,10.000541,13945306.358925981,0,1.4535116509851604,1.2549442599181
146,20,150,20000,bbr,12058624,10.001032,9645903.74273375,0,1.4440317444777604,0.7590280962316444
147,20,150,20000,cubic,15990784,10.000555,12791917.2485927,0,1.4516476042320332,1.126286583424069
148,20,150,50000,bbr,12976128,10.000392,10380495.484577006,0,1.44281268676088,0.7002614695195817
149,20,150,50000,cubic,16777216,10.000086,13421657.373746587,0,1.4501268585109048,1.0463649634926087
150,20,200,100,bbr,18743296,10.000062,14994543.833828231,884,1.8860335001068331,0.9646086316551274
151,20,200,100,cubic,7132848,10.001041,5705684.438249977,323,1.8772382513040013,0.32546139134475227
152,20,200,1000,bbr,16515072,10.000197,13211797.327592647,6,1.8819889611607576,0.8101057767039616
153,20,200,1000,cubic,11885184,10.000141,9508013.13701477,10,1.8807420391653382,0.589418022501915
154,20,200,10000,bbr,9306112,10.001061,7444099.7810132345,0,1.8758966662760168,0.4774355467518533
155,20,200,10000,cubic,18087936,10.000451,14469696.216700627,0,1.945410055960465,1.0872282640618391
156,20,200,20000,bbr,18481152,10.000378,14784362.75108801,0,1.8856498877340269,1.0468622854668408
157,20,200,20000,cubic,9225208,10.000473,7379817.334640072,0,1.9026178643497982,0.580264210610134
158,20,200,50000,bbr,18874368,10.000139,15099284.51994517,0,1.8881383609008175,1.02088254998896
159,20,200,50000,cubic,8796600,10.000747,7036754.354449722,0,1.8618974747797365,0.585338247288731
160,50,5,100,bbr,24006392,10.00007,19204979.165145844,69,0.0961472734738803,1.587078357296496
161,50,5,100,cubic,37526368,10.000086,30020836.2208085,179,0.13514787786200128,1.885665132143284
162,50,5,1000,bbr,2445672,10.001034,1956335.3149284362,0,0.066576076112029,0.12010408889905602
163,50,5,1000,cubic,61079552,10.000137,48862972.17728117,36,0.13161045938426782,1.9791330092384263
164,50,5,10000,bbr,1859232,10.001039,1487231.0766911318,0,0.0658539228283821,0.07196884319939073
165,50,5,10000,cubic,62128128,10.00009,49702055.08150426,0,0.31765568052138915,1.3807172103174183
166,50,5,20000,bbr,2185032,10.001033,1747845.0476065823,0,0.0696440738829834,0.0915561199558933
167,50,5,20000,cubic,60686336,10.000237,48547918.21433832,0,0.24131363707937756,1.7843376913630642
168,50,5,50000,bbr,1537776,10.001044,1230092.3783556996,0,0.06665255122617746,0.10983939888999791
169,50,5,50000,cubic,61734912,10.000122,49387327.0746097,0,0.1995356873608272,1.7067536703739057
170,50,10,100,bbr,46541616,10.000086,37232972.59643567,394,0.24279093956279307,2.3590475169921623
171,50,10,100,cubic,15131600,10.000405,12104789.75601488,156,0.14087514275732865,1.06261677450047
172,50,10,1000,bbr,4467080,10.001032,3573295.2359316517,0,0.12046231158781316,0.2612486645238476
173,50,10,1000,cubic,60030976,10.000088,48024358.185647964,36,0.1865962785310709,2.222823821226724
174,50,10,10000,bbr,3405696,10.001039,2724273.7479575872,0,0.11578306275129317,0.16136709955961515
175,50,10,10000,cubic,61079552,10.000081,48863245.80770896,0,0.2020974595155258,1.919236614275029
176,50,10,20000,bbr,3385424,10.00103,2708060.2697922112,0,0.1169484073696218,0.1809375297719602
177,50,10,20000,cubic,60686336,10.000091,48548627.00749423,0,0.3760705891726088,1.7798622789171574
178,50,10,50000,bbr,5686296,10.00104,4548563.7493700655,0,0.12061173010815124,0.23926637770104137
179,50,10,50000,cubic,58589184,10.000237,46870236.3753979,0,0.19100034726430518,2.0383211046670136
180,50,25,100,bbr,51441648,10.000086,41152964.48450544,665,0.3223727138618683,2.258609181838492
181,50,25,100,cubic,12025640,10.000513,9620018.49305131,260,0.2846291827369045,0.7395746735656834
182,50,25,1000,bbr,8405640,10.001037,6723814.74041142,4,0.270508460281524,0.4933879825198003
183,50,25,1000,cubic,55574528,10.000251,44458506.49148706,33,0.5025631054966738,2.1568837478863108
184,50,25,10000,bbr,6668040,10.001039,5333877.81009553,0,0.269507359631666,0.2715370318899718
185,50,25,10000,cubic,58589184,10.000175,46870526.9657781,0,0.5499486443341707,2.2550156727990416
186,50,25,20000,bbr,7775760,10.001039,6219961.745974593,0,0.27244749374636834,0.34885086248250086
187,50,25,20000,cubic,56885248,10.000192,45507324.65936654,0,0.42892856262502543,2.12871348113583
188,50,25,50000,bbr,8152240,10.001036,6521116.412339682,0,0.2727606945850345,0.40383107778863375
189,50,25,50000,cubic,56885248,10.000076,45507852.5403207,0,0.4209769159127195,2.21266147447612
190,50,50,100,bbr,53870592,10.000208,43095577.211993985,500,0.665546770060237,2.265447662322114
191,50,50,100,cubic,9623408,10.001035,7697929.664279747,259,0.5144244284314597,0.503041109905213
192,50,50,1000,bbr,16908288,10.001032,13525234.595789714,0,0.523612964743263,0.9747218203076203
193,50,50,1000,cubic,48627712,10.000118,38901710.5598154,12,0.642650577300352,2.2345189975430437
194,50,50,10000,bbr,13893632,10.001048,11113740.87995578,0,0.520355038807559,0.7216923491432772
195,50,50,10000,cubic,50724864,10.00015,40579282.51076234,0,0.5588161715749743,2.2373536029373877
196,50,50,20000,bbr,15597568,10.000457,12477484.17897302,0,0.5230405339504857,0.8264178602470875
197,50,50,20000,cubic,49938432,10.000148,39950154.3377158,0,0.5495110893272883,2.1492714211931423
198,50,50,50000,bbr,14680064,10.000437,11743538.007389078,0,0.52411210739255,0.7678190791228268
199,50,50,50000,cubic,50987008,10.000141,40789031.27465903,0,0.571648373709586,1.8486543048989008
200,50,75,100,bbr,55443456,10.000071,44354449.88340583,1150,0.915445212301434,1.850517256113363
201,50,75,100,cubic,7257376,10.001036,5805299.370985166,273,0.7458571445904464,0.27536384778153267
202,50,75,1000,bbr,25296896,10.000665,20236171.09462221,72,0.771565211752843,1.62006095699294
203,50,75,1000,cubic,38797312,10.00015,31037384.039239414,138,0.7719671153386163,2.112025972751927
204,50,75,10000,bbr,15597568,10.00044,12477505.38976285,0,0.7596759427829863,0.7860190153401342
205,50,75,10000,cubic,49152000,10.000131,39321084.8937879,0,0.828575813546319,2.0582775800711746
206,50,75,20000,bbr,14286848,10.00104,11428289.857854784,0,0.7909443400766553,0.7816549658234122
207,50,75,20000,cubic,49676288,10.000181,39740311.10036909,0,0.828514963593569,1.8155384388682576
208,50,75,50000,bbr,10354688,10.001035,8282893.120562022,0,0.7551714685736073,0.455552875795403
209,50,75,50000,cubic,54919168,10.000079,43934987.31360023,0,0.8263946137181816,1.8188543995478927
210,50,100,100,bbr,53608448,10.000223,42885802.046614364,1274,1.2182108271135836,2.050540060279678
211,50,100,100,cubic,8113144,10.001037,6489842.20336351,194,0.989907509617652,0.31072535760723075
212,50,100,1000,bbr,34340864,10.000369,27471677.495100435,101,1.0140756351600442,1.9800222232102687
213,50,100,1000,cubic,28704768,10.000248,22963244.9115262,47,1.0087076240021613,1.6441363052427036
214,50,100,10000,bbr,21364736,10.000244,17091371.7705288,0,0.9899942055169593,1.2141533780320617
215,50,100,10000,cubic,41811968,10.000275,33448654.561999545,0,1.020846975247035,2.160834727236851
216,50,100,20000,bbr,22544384,10.000923,18033842.676320974,0,1.000401941200069,1.2561272874634688
217,50,100,20000,cubic,40894464,10.00009,32715276.762509137,0,1.1577599470224094,2.0621251373763467
218,50,100,50000,bbr,22675456,10.000715,18139067.85664825,0,1.0005439473503572,1.2588816413867714
219,50,100,50000,cubic,39976960,10.000284,31980659.74926312,0,1.1336719656598095,2.1313750145936083
220,50,150,100,bbr,37879808,10.000332,30302840.34570052,1524,1.4696214225333966,2.0599967311803717
221,50,150,100,cubic,11497120,10.000448,9197283.961678516,124,1.4527905097645748,0.43564938170120887
222,50,150,1000,bbr,31850496,10.00014,25480040.079438888,416,1.479994823352566,1.6100661941194485
223,50,150,1000,cubic,29753344,10.000294,23801975.421922594,906,1.46370732531877,1.377087095773311
224,50,150,10000,bbr,18219008,10.000307,14574758.954900086,0,1.4466987048486182,0.871008530494938
225,50,150,10000,cubic,43122688,10.000215,34497408.705712825,0,1.6743099232542709,1.7163015893151352
226,50,150,20000,bbr,21233664,10.000204,16986584.673672657,0,1.451666365761139,1.0870999316633325
227,50,150,20000,cubic,40501248,10.000124,32400596.632601757,0,1.487913263385871,1.9244072693923147
228,50,150,50000,bbr,17432576,10.000936,13944755.570878567,0,1.4447698012692847,0.8821033059262983
229,50,150,50000,cubic,42729472,10.000293,34182576.050521724,0,1.522579486481964,1.6364289621766492
230,50,200,100,bbr,50987008,10.000106,40789174.03475523,3751,1.9177201777236605,1.4765054876687622
231,50,200,100,cubic,5984584,10.001027,4787175.55707029,285,1.8791785146920144,0.1440615253288413
232,50,200,1000,bbr,32636928,10.000341,26108652.09496356,882,1.8998279599876204,1.709074059616984
233,50,200,1000,cubic,25559040,10.000491,20446228.09020077,309,1.8842661733224562,1.3594619053537582
234,50,200,10000,bbr,25165824,10.000078,20132502.1664831,0,1.8918337163846437,1.3632514491412944
235,50,200,10000,cubic,34078720,10.00023,27262348.965973783,0,1.9182085758343788,1.86884719379401
236,50,200,20000,bbr,27394048,10.000178,21914848.31569998,0,1.98798394229863,1.4616152190095952
237,50,200,20000,cubic,32112640,10.000082,25689901.342808988,0,1.9236669461982805,1.9144219814188537
238,50,200,50000,bbr,24772608,10.000545,19817006.373152662,0,1.8919547946821151,1.2133576091647555
239,50,200,50000,cubic,33947648,10.000085,27157887.557955757,0,1.921916834235055,1.8397479027935937
240,100,5,100,bbr,102010152,10.000096,81607338.1695536,2501,0.18046843558663916,1.8547221238057632
241,100,5,100,cubic,20700608,10.000326,16559946.54574261,341,0.0935400021214641,1.323047558390399
242,100,5,1000,bbr,6012096,10.000473,4809449.313047493,6,0.07066837393688102,0.30727111128033
243,100,5,1000,cubic,118751232,10.000082,95000206.5983059,118,0.47777423323975954,2.2193264043917713
244,100,5,10000,bbr,5230176,10.001036,4183707.367916684,0,0.0705918108111533,0.19053805284590142
245,100,5,10000,cubic,118620160,10.000121,94894979.77074477,0,0.27875996916636936,2.019008026494888
246,100,5,20000,bbr,4986912,10.001039,3989115.1309378953,0,0.07031528527780326,0.22755977219470178
247,100,5,20000,cubic,119406592,10.000087,95524442.53734992,0,0.23904685418131918,1.9836478565897109
248,100,5,50000,bbr,4167344,10.00104,3333528.5130346445,0,0.07106312105396127,0.1326020390469729
249,100,5,50000,cubic,119668736,10.000117,95733868.71373606,0,0.6449633932009573,1.925534315438537
250,100,10,100,bbr,98847720,10.000122,79077211.25802265,1857,0.323393479428219,1.9314328843300286
251,100,10,100,cubic,24042592,10.000088,19233904.3416418,249,0.15170440138954977,1.1767598125060785
252,100,10,1000,bbr,8748816,10.000774,6998511.11523968,10,0.12370197324663507,0.42081945761510825
253,100,10,1000,cubic,116785152,10.000082,93427355.4956849,42,0.5211607850385794,1.9637090723150716
254,100,10,10000,bbr,6769400,10.001036,5414959.010246539,0,0.12060268480636205,0.2756396348615114
255,100,10,10000,cubic,117964800,10.000079,94371094.4683537,0,0.7421861267442853,2.038757982265324
256,100,10,20000,bbr,5881776,10.001048,4704927.72357457,0,0.12204244241022671,0.29413932160062156
257,100,10,20000,cubic,118489088,10.000111,94790218.22857766,0,0.30248439949133465,1.8815930113262955
258,100,10,50000,bbr,9175040,10.000614,7339581.349705128,0,0.12595251088441609,0.35665972270772356
259,100,10,50000,cubic,115736576,10.000129,92588066.41394326,0,0.29657186073919983,2.017754920820245
260,100,25,100,bbr,112984064,10.000083,90386500.99204177,1529,0.6680158716880483,2.108025838714404
261,100,25,100,cubic,11725904,10.000264,9380475.555445336,304,0.27714095471123784,0.6199646449790753
262,100,25,1000,bbr,29097984,10.000577,23277044.11455459,30,0.38221691552374615,1.3126761156490612
263,100,25,1000,cubic,96075776,10.000098,76859867.5732978,20,0.63728601869338,2.1053477371993665
264,100,25,10000,bbr,15990784,10.001045,12791290.510141691,0,0.2808202139872006,0.59436204753942
265,100,25,10000,cubic,109051904,10.000083,87240799.10136746,0,0.7674686888040392,2.0326294880594875
266,100,25,20000,bbr,15990784,10.001041,12791295.626125319,0,0.277051690116279,0.591291251456753
267,100,25,20000,cubic,109051904,10.000078,87240842.72142677,0,0.46909756435365385,2.0312612007517554
268,100,25,50000,bbr,16908288,10.001051,13525208.900544552,0,0.337585714233391,0.6106795884847006
269,100,25,50000,cubic,108134400,10.000093,86506715.48754597,0,0.7513998969833424,2.055837721657955
270,100,50,100,bbr,111542272,10.000079,89233112.65841,3341,0.837486866939428,1.7169166314652613
271,100,50,100,cubic,10512480,10.001042,8409107.770970264,216,0.520354774782157,0.4088117668230956
272,100,50,1000,bbr,81526784,10.000117,65220664.11822982,310,0.7747057100542644,2.1884291760857826
273,100,50,1000,cubic,41287680,10.000327,33029063.949608847,92,0.544997429793768,1.85552364461842
274,100,50,10000,bbr,26083328,10.001039,20864494.57901324,0,0.531384658271234,1.063041139751438
275,100,50,10000,cubic,97255424,10.000097,77803584.5052303,0,0.6556203607073614,1.9725491809585172
276,100,50,20000,bbr,15466496,10.001037,12371913.832535567,0,0.5221229084011337,0.6437844923670965
277,100,50,20000,cubic,107479040,10.000081,85982535.54146212,0,0.7005409135734214,2.085597748681376
278,100,50,50000,bbr,26083328,10.000744,20865110.035813335,0,0.5336664284381873,1.1193732506144225
279,100,50,50000,cubic,97255424,10.000108,77803498.92221163,0,1.0039895500627807,2.0439562705708814
280,100,75,100,bbr,110231552,10.000101,88184350.9380555,4474,0.9820096278841886,1.5275765271598045
281,100,75,100,cubic,8992080,10.000729,7193139.620121693,280,0.748564911654353,0.3142100425180656
282,100,75,1000,bbr,69861376,10.000223,55887854.50084463,523,0.8161537004691846,1.9994420886763242
283,100,75,1000,cubic,50462720,10.000312,40368916.48980552,989,0.8753461904729547,1.941867225337865
284,100,75,10000,bbr,41025536,10.000126,32820015.267807625,0,0.7838753627591977,1.572702292348798
285,100,75,10000,cubic,80609280,10.00008,64486908.10473516,0,0.8964108812616695,1.907415014817005
286,100,75,20000,bbr,33161216,10.000376,26527975.34812691,0,0.8017284275149787,1.5809575735691663
287,100,75,20000,cubic,88080384,10.000115,70463496.869786,0,0.887928781640599,1.931006160802803
288,100,75,50000,bbr,34340864,10.000078,27472476.914680064,0,0.7783103283212445,1.564941931082072
289,100,75,50000,cubic,88211456,10.000074,70568642.5920448,0,0.882994985725437,1.9449229365853478
290,100,100,100,bbr,107347968,10.000077,85877713.1416088,4479,1.383710090887905,1.422808732763417
291,100,100,100,cubic,8285456,10.001033,6627680.160639406,240,1.0111604200916209,0.2629490979457937
292,100,100,1000,bbr,71041024,10.000069,56832427.056253314,1075,1.103056716586651,2.1260111778792337
293,100,100,1000,cubic,49152000,10.000102,39321198.92377098,375,1.0281209905872388,1.8787212485209477
294,100,100,10000,bbr,44957696,10.000199,35965441.08772235,0,1.090318778379948,1.864400393560248
295,100,100,10000,cubic,73531392,10.000182,58824043.002417356,0,1.2616634236821542,1.9185471793329394
296,100,100,20000,bbr,42336256,10.000102,33868659.33967473,0,1.0866074903359684,1.6981564894592134
297,100,100,20000,cubic,76283904,10.000135,61026299.34495884,0,1.0903370485786577,1.8173516300385577
298,100,100,50000,bbr,43122688,10.000354,34496929.208706014,0,1.0204139513039752,1.7731257191897676
299,100,100,50000,cubic,75104256,10.000128,60082635.7422625,0,1.07051183318229,1.82261258059603
300,100,150,100,bbr,90701824,10.000079,72560885.96900085,5649,1.6766215145455232,1.427136895988086
301,100,150,100,cubic,6217712,10.001042,4973651.345529796,240,1.4410597815424828,0.1618605233864523
302,100,150,1000,bbr,79036416,10.000139,63228253.9272704,6883,1.4897597235980922,1.1084933147436655
303,100,150,1000,cubic,27000832,10.000449,21599695.773659762,2611,1.490391054918229,0.659400550839448
304,100,150,10000,bbr,57933824,10.000092,46346632.81097814,0,1.4349668344438826,0.9246318907215106
305,100,150,10000,cubic,56492032,10.000153,45192934.148107536,0,1.515023598843711,1.5773571827907378
306,100,150,20000,bbr,47579136,10.000138,38062783.53358724,0,1.528495969964356,2.027249223695443
307,100,150,20000,cubic,67239936,10.000083,53791502.33053066,0,1.539080771814657,1.4239091696724282
308,100,150,50000,bbr,48889856,10.000082,39111564.0851745,0,1.4863554009808235,2.0380844522421135
309,100,150,50000,cubic,65798144,10.000123,52637867.754226625,0,1.530039490458477,1.6824149399668629
310,100,200,100,bbr,77201408,10.000113,61760428.50715786,5630,1.9639600721661425,1.470742355338702
311,100,200,100,cubic,7526704,10.000242,6021217.486536826,231,1.8799883277805118,0.24512764205325283
312,100,200,1000,bbr,69730304,10.000077,55783813.66463479,2685,2.1337591322470932,1.4544927770919414
313,100,200,1000,cubic,37224448,10.000093,29779281.45268249,1725,1.928866034454042,1.4369464906583456
314,100,200,10000,bbr,53608448,10.00022,42885814.91207193,0,2.1131824489537823,0.9768645243397905
315,100,200,10000,cubic,55705600,10.000089,44564083.379657924,0,1.9763149935328528,1.5728219153388352
316,100,200,20000,bbr,54132736,10.000163,43305482.9206284,0,1.9164370315199988,0.9334786846526045
317,100,200,20000,cubic,55967744,10.000094,44773774.32652133,0,1.9597221611437594,1.5049974509031738
318,100,200,50000,bbr,53870592,10.000223,43095512.570069686,0,1.9243007815559536,0.9538756863151747
319,100,200,50000,cubic,55312384,10.000091,44249504.529508784,0,1.953529856529753,1.5197621195416124
320,250,5,100,bbr,240254976,10.000072,192202596.941302,11605,0.627329158456869,2.0719620249559254
321,250,5,100,cubic,62820032,10.000179,50255126.033244,736,0.147897507356706,1.9063458521710819
322,250,5,1000,bbr,23986176,10.001027,19186970.29815038,261,0.08792397350107935,1.112216039255716
323,250,5,1000,cubic,280887296,10.000085,224707926.78262234,118,0.636836466107453,2.3495388422809085
324,250,5,10000,bbr,12189696,10.001035,9750747.597623646,0,0.0764813204477525,0.37039147925146587
325,250,5,10000,cubic,292421632,10.000086,233935293.7564737,0,0.44914883750681184,2.3249026225410425
326,250,5,20000,bbr,12189696,10.001041,9750741.747784056,0,0.07851647858233304,0.3770252934002756
327,250,5,20000,cubic,292552704,10.000077,234040361.08921963,0,0.9264265808905298,2.2895020199217373
328,250,5,50000,bbr,17432576,10.001033,13944620.32072087,0,0.08621634945748355,0.39587853515528815
329,250,5,50000,cubic,288358400,10.00008,230684874.5210038,0,1.6225200522339014,2.383880581121364
330,250,10,100,bbr,250347520,10.000085,200276313.651334,8641,0.677074697112969,1.98147607322796
331,250,10,100,cubic,53920624,10.000182,43135714.130002834,681,0.17194166909997574,1.8469441697085693
332,250,10,1000,bbr,73793536,10.000245,59033382.4821292,369,0.3598351368908145,2.2373337348592646
333,250,10,1000,cubic,230293504,10.000081,184233310.91018164,632,0.6393735812031337,2.3096572458835074
334,250,10,10000,bbr,14811136,10.001046,11847669.533766767,0,0.12719541040958954,0.47276285103218885
335,250,10,10000,cubic,288882688,10.000091,231104047.3531691,0,0.464260034219222,2.2060557511491226
336,250,10,20000,bbr,13500416,10.001029,10799221.560101464,0,0.12846688056901837,0.5513686423721332
337,250,10,20000,cubic,290717696,10.000079,232572319.47867614,0,1.52994529073472,2.2024830012623617
338,250,10,50000,bbr,17432576,10.001032,13944621.715039007,0,0.13084968547778608,0.513179104821758
339,250,10,50000,cubic,287309824,10.00008,229846020.43183655,0,0.49019412567756365,2.286864058004262
340,250,25,100,bbr,280887296,10.000095,224707702.07683027,10860,0.8544564890480875,1.8501380684420932
341,250,25,100,cubic,21233664,10.001046,16985154.552833773,660,0.338160592872405,0.640992266840771
342,250,25,1000,bbr,190447616,10.000087,152356767.29612452,594,0.765439996578641,2.709449865782347
343,250,25,1000,cubic,111149056,10.000118,88918195.56529233,1285,0.43831886559006833,2.1298775915725607
344,250,25,10000,bbr,43253760,10.001033,34599433.87848035,0,0.3788023147259536,1.2976179286120664
345,250,25,10000,cubic,258080768,10.000086,206462838.81958616,0,0.6142644908120687,2.3332539541281854
346,250,25,20000,bbr,43253760,10.000372,34601720.81598564,0,0.3102458752266901,1.1555920001084365
347,250,25,20000,cubic,259391488,10.000076,207511613.31173882,0,0.77290857005727,2.4724609323983864
348,250,25,50000,bbr,40894464,10.000267,32714697.717570942,0,0.363664910726625,1.135746458139089
349,250,25,50000,cubic,262012928,10.000102,209608204.39631516,0,0.8237763809257932,2.2971130349914852
350,250,50,100,bbr,263716864,10.000073,210971951.10475692,14722,1.0140466328526954,1.5650862048813174
351,250,50,100,cubic,16777216,10.001035,13420383.790277706,678,0.537903805230538,0.49808905882106025
352,250,50,1000,bbr,207093760,10.000075,165673765.44675913,1200,1.289295182751365,2.3611849793429127
353,250,50,1000,cubic,88735744,10.000288,70986550.78733733,1623,0.6644857290987738,1.910802630367505
354,250,50,10000,bbr,92930048,10.000156,74342878.65109304,0,0.8721734081801152,2.0369697863357983
355,250,50,10000,cubic,203423744,10.000086,162737595.65667737,0,0.8030758499082173,1.71073717038493
356,250,50,20000,bbr,93323264,10.000084,74657984.0729338,0,0.860479711214155,1.9985046177034238
357,250,50,20000,cubic,204603392,10.000076,163681469.6208309,0,0.7810905526283544,2.1903811991778754
358,250,50,50000,bbr,92012544,10.000131,73609070.92117094,0,0.8669478497162307,1.7855131766185977
359,250,50,50000,cubic,204734464,10.000097,163785982.47597,0,0.777537348122992,1.6143153052298984
360,250,75,100,bbr,206962688,10.000077,165568875.5196585,12738,1.4215065886569733,1.3336827065706487
361,250,75,100,cubic,14024704,10.000349,11219371.643929627,477,0.7623372102527424,0.2871227401329286
362,250,75,1000,bbr,225312768,10.000074,180248880.55828387,4206,1.2615166507267328,2.0787440472054737
363,250,75,1000,cubic,56098816,10.000093,44878635.428690515,2618,0.972343892217987,1.6202537015446077
364,250,75,10000,bbr,151912448,10.000116,121528548.66883543,0,0.8907294475799955,1.1527207182015036
365,250,75,10000,cubic,137887744,10.000101,110309081.0782811,0,0.9616865932829782,1.7533956415647336
366,250,75,20000,bbr,151912448,10.000104,121528694.50157718,0,0.895426501463692,1.2088803640256223
367,250,75,20000,cubic,138149888,10.000111,110518683.64261156,0,1.0074549530855856,1.7757710747768611
368,250,75,50000,bbr,151912448,10.000071,121529095.54342164,0,0.905988016976597,1.1190275918305164
369,250,75,50000,cubic,138936320,10.000094,111148011.20869464,0,0.922169231392001,1.7997053060138293
370,250,100,100,bbr,196476928,10.000073,157180394.98311663,5189,1.1672451439777325,1.63837885056752
371,250,100,100,cubic,24772608,10.000189,19817711.845246125,483,0.9955794752285252,0.5283100987513463
372,250,100,1000,bbr,198311936,10.000072,158648406.531473,2203,1.1847699003665746,1.8430080840080374
373,250,100,1000,cubic,74448896,10.000178,59558056.66659133,1740,1.088050661544724,1.5906751374715427
374,250,100,10000,bbr,148504576,10.000141,118801985.69200175,0,1.1354179565610987,1.1680078921492547
375,250,100,10000,cubic,135921664,10.000079,108736472.18186978,0,1.2378080783598036,1.6620062675010254
376,250,100,20000,bbr,141426688,10.000129,113139890.89540745,0,1.126266961400076,1.1357404698478575
377,250,100,20000,cubic,143523840,10.000088,114818061.60105792,0,1.8032902410972587,1.4867669098634695
378,250,100,50000,bbr,140640256,10.000149,112510528.39312693,0,1.6584463980802069,1.166982069433566
379,250,100,50000,cubic,144179200,10.000088,115342344.98736411,0,1.4169485046483319,1.1364462880721171
380,250,150,100,bbr,145883136,10.000077,116705610.16680172,4678,1.5902389504168242,1.496580758376876
381,250,150,100,cubic,14417920,10.001027,11533151.545336293,430,1.5068473125459478,0.28617373987013917
382,250,150,1000,bbr,138805248,10.000073,111043387.78326918,912,1.5753134888275022,1.8507857369124188
383,250,150,1000,cubic,121765888,10.000089,97411843.43459344,1175,1.816973943083135,1.766927906933278
384,250,150,10000,bbr,135135232,10.000097,108107136.96077147,0,1.5759134745992935,1.1086684078477542
385,250,150,10000,cubic,137756672,10.000133,110203871.88850388,0,1.8654156233392678,1.0720020377473094
386,250,150,20000,bbr,135397376,10.000077,108317066.75858597,0,1.5691791253277572,1.0826988886863247
387,250,150,20000,cubic,137887744,10.00008,110309312.72549818,0,1.740128815563513,1.0136628380835349
388,250,150,50000,bbr,135266304,10.00009,108212069.29137638,0,1.5628880796001992,1.0329594019971626
389,250,150,50000,cubic,137101312,10.000082,109680150.22276816,0,1.608862828601616,0.9957222786762815
390,250,200,100,bbr,96075776,10.000131,76859613.9390574,1920,2.265909360662911,1.2064103065598026
391,250,200,100,cubic,26738688,10.000218,21390484.0874469,474,1.9057113384843818,0.5456747329197612
392,250,200,1000,bbr,102498304,10.000103,81997798.6226742,620,2.0148580656999653,1.2296041826443318
393,250,200,1000,cubic,70909952,10.000083,56727490.76182668,2337,2.046183128474004,1.165428357371102
394,250,200,10000,bbr,126222336,10.000082,100977040.78826553,0,1.984745361635249,0.9851197779108203
395,250,200,10000,cubic,127270912,10.000104,101815670.71702453,0,2.040213784207862,0.7942629549562127
396,250,200,20000,bbr,125829120,10.000122,100662067.92277135,0,2.375889039632591,0.964337746470212
397,250,200,20000,cubic,128581632,10.00008,102864482.68413852,0,2.0374171293351737,0.796022726438067
398,250,200,50000,bbr,126353408,10.000124,101081472.98973493,0,1.9906975917411338,1.0567565510649106
399,250,200,50000,cubic,129892352,10.000088,103912967.16588894,0,2.49299093086678,0.876199214485313
400,500,5,100,bbr,485359616,10.00007,388284974.8051764,37975,0.8369412084500616,2.024731391612284
401,500,5,100,cubic,118489088,10.000154,94789810.6369162,1931,0.2754548512594695,1.7879032194391051
402,500,5,1000,bbr,202244096,10.000079,161793998.62741086,1133,0.5775075017302475,2.475874433838671
403,500,5,1000,cubic,401604608,10.000082,321281051.8953744,396,0.7838241261000152,3.015159158636296
404,500,5,10000,bbr,23986176,10.000108,19188733.56167753,0,0.0918641181408882,0.6914491498222075
405,500,5,10000,cubic,580255744,10.000087,464200556.655157,0,1.693552901674723,2.2808610475781084
406,500,5,20000,bbr,23986176,10.000297,19188370.905384112,0,0.09287201543749035,0.4603907499060467
407,500,5,20000,cubic,580124672,10.000076,464096210.4688004,0,0.607759362218393,2.4537945162705115
408,500,5,50000,bbr,22675456,10.000545,18139376.20399688,0,0.08792000486947706,0.6627321105128812
409,500,5,50000,cubic,581173248,10.000086,464934599.9624404,0,1.9327470718107995,2.3144141216357
410,500,10,100,bbr,497025024,10.000081,397616798.5039321,29347,0.9036693529031093,1.9759343493702075
411,500,10,100,cubic,104071168,10.000159,83255610.6357909,1274,0.4915904197928433,1.9256792463272276
412,500,10,1000,bbr,336199680,10.000076,268957699.9214806,1177,0.7773542964871414,2.56919953061665
413,500,10,1000,cubic,267255808,10.000084,213802850.45605618,657,0.7168351338945732,2.3801168237257744
414,500,10,10000,bbr,23986176,10.000974,19187071.97918923,0,0.13881336085568777,0.7347471329840582
415,500,10,10000,cubic,577765376,10.000082,462208510.6902123,0,2.004663815395371,2.56070451734117
416,500,10,20000,bbr,31457280,10.000449,25164694.105234675,0,0.14396262707893595,0.7305934347151788
417,500,10,20000,cubic,571604992,10.000074,457280609.723488,0,0.7336311079906186,2.5361439407022113
418,500,10,50000,bbr,25296896,10.001032,20235428.50377841,0,0.1417599584478818,0.7280175235109094
419,500,10,50000,cubic,576978944,10.000076,461579647.19468135,0,1.166972539924527,2.684846435605576
420,500,25,100,bbr,518914048,10.000085,415127709.81446654,35826,1.6831099568347545,1.3880277284356113
421,500,25,100,cubic,48496640,10.000086,38796978.345986225,1821,0.3838632878830119,1.5211413996779128
422,500,25,1000,bbr,443809792,10.000081,355044957.73584235,2903,2.225299537468827,3.10231102035976
423,500,25,1000,cubic,151781376,10.000098,121423910.84567373,1749,0.729724533740355,2.097225051109298
424,500,25,10000,bbr,154927104,10.000109,123940332.25037847,0,0.7342543083278086,2.196614923386794
425,500,25,10000,cubic,441450496,10.000087,353157324.3312783,0,0.9187912046789368,3.1276264743043845
426,500,25,20000,bbr,155844608,10.000113,124674277.58066332,0,0.7376913910495966,2.2365282222529115
427,500,25,20000,cubic,440270848,10.000081,352213825.4680137,0,2.7181719283764254,3.052242528886266
428,500,25,50000,bbr,158859264,10.00008,127086394.50884393,0,0.734191959686266,2.383104037697083
429,500,25,50000,cubic,437780480,10.000078,350221652.27111226,0,0.8599018847415478,3.087915844368525
430,500,50,100,bbr,459931648,10.00007,367942742.80080044,4602,0.964536137167755,2.6470484344799967
431,500,50,100,cubic,39321600,10.000096,31456978.01301108,1109,0.6774069651105318,0.7468506603150862
432,500,50,1000,bbr,448528384,10.000073,358820087.813359,1704,0.960968025894536,2.19483881868282
433,500,50,1000,cubic,124649472,10.00008,99718779.8497612,2458,0.8251029712235413,1.9724577658809719
434,500,50,10000,bbr,291373056,10.000086,233096440.17061454,0,0.80585056509135,1.213653092442603
435,500,50,10000,cubic,293076992,10.000086,234459577.2476357,0,0.9053685440378706,1.9546274938126378
436,500,50,20000,bbr,291241984,10.000092,232991443.67871815,0,0.805624550178909,1.2917536159986969
437,500,50,20000,cubic,293601280,10.000088,234878957.06517783,0,0.8779478750185393,1.9503003023657723
438,500,50,50000,bbr,290848768,10.000088,232676966.84269178,0,0.8070970903470565,1.2288460782732844
439,500,50,50000,cubic,293470208,10.00008,234774288.20569435,0,0.8144669963680566,1.194050533740549
440,500,75,100,bbr,360316928,10.000086,288251063.44085443,1222,1.0961020912347654,2.4133765813550476
441,500,75,100,cubic,84672512,10.000115,67737230.62184785,665,0.9634410205438888,0.9003949779881284
442,500,75,1000,bbr,353763328,10.000071,283008653.03856343,1735,2.265247511633088,2.265347788586464
443,500,75,1000,cubic,115474432,10.000108,92378547.91168255,1140,1.1432634646980167,0.9572565487450387
444,500,75,10000,bbr,285605888,10.000075,228482996.77752414,0,1.0077933495055293,1.264704228497751
445,500,75,10000,cubic,286654464,10.000086,229321599.03424832,0,1.0896732902242765,1.2085040303259589
446,500,75,20000,bbr,284426240,10.000084,227539080.67172238,0,2.203720072928293,1.2735283695283361
447,500,75,20000,cubic,285605888,10.000104,228482334.1837245,0,1.0656399411798283,1.2219580137750767
448,500,75,50000,bbr,284295168,10.000085,227434201.2092897,0,1.0635003773983431,1.2838351108090413
449,500,75,50000,cubic,286130176,10.000083,228902240.91140044,0,1.0828801472458387,1.208026161411522
450,500,100,100,bbr,264634368,10.000077,211705864.26484516,1222,1.9579123357129844,1.6419720218335556
451,500,100,100,cubic,44302336,10.000213,35441113.90427384,897,1.0987647068946504,0.618623964389247
452,500,100,1000,bbr,267780096,10.00007,214222577.24195933,690,2.068131538292107,1.805176464251712
453,500,100,1000,cubic,262144000,10.000079,209713543.26300824,845,1.6135532899950178,1.44826863790195
454,500,100,10000,bbr,278134784,10.000075,222506158.403812,0,1.255687063405337,1.130311943055153
455,500,100,10000,cubic,279314432,10.000082,223449713.3123508,0,2.1438686063527324,1.2004428184063545
456,500,100,20000,bbr,278265856,10.000087,222610748.08649164,0,1.2625485713934106,1.1983632199036451
457,500,100,20000,cubic,277741568,10.000096,222191121.3652349,0,1.277826233091595,1.145786233840699
458,500,100,50000,bbr,278003712,10.000088,222401012.47109026,0,1.2607811178183685,1.2574959249925408
459,500,100,50000,cubic,279314432,10.000094,223449445.17521533,0,1.322925804244669,1.0778128936615692
460,500,150,100,bbr,169476096,10.000093,135579615.909572,126,1.598496992683621,1.8176412131216957
461,500,150,100,cubic,56623104,10.000143,45297835.4409532,787,1.50612581088561,0.8603255219724573
462,500,150,1000,bbr,181141504,10.000078,144912072.88583148,0,1.6268233421756668,1.3461794424488092
463,500,150,1000,cubic,133955584,10.000085,107163556.30977136,798,1.8262294642804926,1.1507936977079887
464,500,150,10000,bbr,180748288,10.000092,144597300.104839,0,1.6264813849867203,1.35143962003556
465,500,150,10000,cubic,184549376,10.000077,147638363.98459733,0,1.655266884324029,0.5634032285486267
466,500,150,20000,bbr,181272576,10.000075,145016973.17270118,0,1.6182834534825215,1.323256407930299
467,500,150,20000,cubic,183762944,10.000095,147008958.61489317,0,1.64339449665036,0.5734717943615323
468,500,150,50000,bbr,181272576,10.000078,145016929.66794857,0,1.6382710810068675,1.4637094093283132
469,500,150,50000,cubic,183500800,10.000076,146799524.32361513,0,1.7026009372648323,0.6072346483287306
470,500,200,100,bbr,126222336,10.000105,100976808.5435103,17,1.9999257496851535,0.9625398456222632
471,500,200,100,cubic,43253760,10.000254,34602129.1059207,742,1.949956324155774,0.780173987004649
472,500,200,1000,bbr,107872256,10.000125,86296726.09092386,41,1.9762508458463977,1.4674817698327975
473,500,200,1000,cubic,109838336,10.000185,87869043.22270037,564,2.0316523419396493,1.069450982875726
474,500,200,10000,bbr,131465216,10.000079,105171341.94639863,0,1.9989403199019233,1.1303201984038167
475,500,200,10000,cubic,130416640,10.000169,104331548.79682533,0,2.084139178139212,0.587108974315612
476,500,200,20000,bbr,130154496,10.000118,104122368.15605575,0,2.0051712848066265,1.1234492219480576
477,500,200,20000,cubic,132251648,10.00017,105799519.80816326,0,2.47750792138901,0.6215700756977884
478,500,200,50000,bbr,130940928,10.000078,104751925.33498238,0,2.495735968503564,0.991842033102642
479,500,200,50000,cubic,131858432,10.000179,105484857.42105217,0,2.563322299292224,0.67204675298804
480,750,5,100,bbr,777650176,10.00009,622114541.769124,40062,1.1070881999954305,1.9130264263367436
481,750,5,100,cubic,125042688,10.000126,100032889.98558618,2540,0.487958114974264,1.8726466732318858
482,750,5,1000,bbr,619053056,10.000087,495238136.2282148,2309,0.9289729925854995,3.3627680821565655
483,750,5,1000,cubic,282329088,10.000077,225861531.26620927,854,0.618437922104463,2.1119917387891416
484,750,5,10000,bbr,22675456,10.001029,18138498.348519936,0,0.08339583697321205,0.8113782679005075
485,750,5,10000,cubic,879099904,10.000072,703274859.6210108,0,1.1560614040742458,3.3639439641298363
486,750,5,20000,bbr,38404096,10.000386,30722090.9272902,0,0.10247049794634912,0.7879047375821452
487,750,5,20000,cubic,864026624,10.00008,691215769.473844,0,1.0461349567381872,3.2263732645076515
488,750,5,50000,bbr,31850496,10.001033,25477764.94688099,0,0.0956497427355188,0.6742333578733247
489,750,5,50000,cubic,869662720,10.000082,695724471.0593373,0,0.9665724130003002,2.995512606052017
490,750,10,100,bbr,806486016,10.000075,645183973.9201956,41628,1.0822971253069784,1.2318928533431635
491,750,10,100,cubic,93585408,10.000113,74867480.3974715,2363,0.47876323448115077,1.786230689340583
492,750,10,1000,bbr,759169024,10.000074,607330724.9526354,6841,1.1274548858702147,2.38030120610605
493,750,10,1000,cubic,141295616,10.000072,113035678.94311161,1795,0.5243677695024566,2.0827438563397784
494,750,10,10000,bbr,80347136,10.000742,64272939.7478707,0,0.384938063469571,1.6537332224168806
495,750,10,10000,cubic,819068928,10.000074,655250293.5478277,0,1.70477643743971,3.100332736522736
496,750,10,20000,bbr,54001664,10.000369,43199737.129699916,0,0.304622214874782,1.4092365543941987
497,750,10,20000,cubic,845283328,10.000078,676221387.8731745,0,1.379296470961755,3.2346110708909914
498,750,10,50000,bbr,64225280,10.000641,51376930.73873965,0,0.18114412180851744,1.567174926237665
499,750,10,50000,cubic,835584000,10.000073,668462320.2250624,0,1.018432511044339,3.130230603988643
500,750,25,100,bbr,681836544,10.000068,545465526.034423,53168,0.886062615804311,1.6054460419648948
501,750,25,100,cubic,37879808,10.000349,30302788.83266974,2140,0.3091819883276672,0.8333064850840602
502,750,25,1000,bbr,742260736,10.000068,593804550.9290537,4971,0.9652074474304183,2.4420229398557947
503,750,25,1000,cubic,71827456,10.000115,57461303.995004065,2432,0.34547011139547473,1.3107699127393593
504,750,25,10000,bbr,444596224,10.000076,355674276.0755018,0,0.7427408361440082,1.7250357476748988
505,750,25,10000,cubic,445644800,10.00009,356512631.3863175,0,0.8344464863386848,1.7264091827245258
506,750,25,20000,bbr,444596224,10.000082,355674062.672686,0,0.7456398743245518,1.8541220223405521
507,750,25,20000,cubic,445382656,10.000085,356303096.2236821,0,0.7834291396832328,1.764609314736977
508,750,25,50000,bbr,442892288,10.000087,354310747.89649326,0,0.733639144185015,1.8386374792141804
509,750,25,50000,cubic,446300160,10.000096,357036700.4476757,0,0.7600898667818216,1.827740291976414
510,750,50,100,bbr,566624256,10.000076,453295959.7507059,1169,1.0524114838717646,2.250508747511983
511,750,50,100,cubic,142606336,10.000109,114083825.28630438,1312,1.0183810670970312,0.9546448190737923
512,750,50,1000,bbr,511442944,10.000071,409151450.2247034,162,1.034373035780314,2.270073680220542
513,750,50,1000,cubic,347209728,10.000083,277765476.94654137,744,1.1368838595116066,2.3939566319122614
514,750,50,10000,bbr,434110464,10.000085,347285419.27393615,0,0.9256838600528802,1.8321414382201033
515,750,50,10000,cubic,436207616,10.000076,348963440.67785084,0,2.034515958469808,1.8343889326445866
516,750,50,20000,bbr,434110464,10.00008,347285592.9152567,0,0.891179381721819,1.7758185084399951
517,750,50,20000,cubic,436338688,10.000079,349068192.7612772,0,1.0520275308687117,1.7484473990140081
518,750,50,50000,bbr,434110464,10.00008,347285592.9152567,0,0.924071833042435,1.688393956404783
519,750,50,50000,cubic,436600832,10.000086,349277661.81210846,0,0.9843166321102375,1.7312901717247666
520,750,75,100,bbr,365690880,10.000078,292550422.1067076,872,2.635799634806565,2.571920954764837
521,750,75,100,cubic,118358016,10.000105,94685418.60310467,1141,0.9474877832680547,0.753304248089271
522,750,75,1000,bbr,370802688,10.000083,296639688.2905872,140,1.1200171318665435,2.656776524019284
523,750,75,1000,cubic,211812352,10.000097,169448237.95209187,657,1.275214121266978,1.2264754329735195
524,750,75,10000,bbr,384172032,10.000085,307335013.25238734,0,1.1251706613194081,1.6783434862839883
525,750,75,10000,cubic,386400256,10.000079,309117762.7696741,0,1.1463364983534525,1.036973000012903
526,750,75,20000,bbr,382599168,10.000081,306076855.177473,0,1.0937818218035305,1.569015844986725
527,750,75,20000,cubic,386269184,10.000096,309012380.6811455,0,1.194026779058449,1.0477179133659567
528,750,75,50000,bbr,383909888,10.000082,307125391.9717858,0,1.12911566552851,1.4982621695278489
529,750,75,50000,cubic,386662400,10.000081,309327414.447943,0,1.2121996960958126,0.9084373700089518
530,750,100,100,bbr,281673728,10.000073,225337337.4374367,45,1.2567194460439215,1.1547597690183438
531,750,100,100,cubic,101187584,10.000176,80948642.50389193,730,1.130417310010787,0.641433725709486
532,750,100,1000,bbr,279445504,10.000103,223554100.5927639,15,1.2480539267439041,1.0567561255173017
533,750,100,1000,cubic,275382272,10.000074,220304187.34901363,517,1.4102386488935994,0.874288665850644
534,750,100,10000,bbr,282591232,10.00008,226071177.03058374,0,1.2489977137297354,1.2282822434360974
535,750,100,10000,cubic,284688384,10.000091,227748634.68742436,0,1.29691153491114,0.758231384183406
536,750,100,20000,bbr,283639808,10.000011,226911596.7972435,0,1.2580841574405977,1.1843943311842786
537,750,100,20000,cubic,285212672,10.000087,228168152.53707293,0,1.3102779735569736,0.732122739120805
538,750,100,50000,bbr,283508736,10.000069,226805423.8425755,0,1.2658821746799336,1.1672669037912708
539,750,100,50000,cubic,285343744,10.000089,228272963.57062423,0,1.3087604141339473,0.7122694982797455
540,750,150,100,bbr,168034304,10.000093,134426193.03640476,88,1.5823212862391467,1.666748273908319
541,750,150,100,cubic,69861376,10.000143,55888301.59728716,1845,1.5404928830164517,0.6768692276120558
542,750,150,1000,bbr,169476096,10.000077,135579832.83528718,55,1.5835559364811767,1.7333742647274695
543,750,150,1000,cubic,177340416,10.000083,141871155.26941127,1193,1.6809814110656356,0.7657762790039194
544,750,150,10000,bbr,181272576,10.000087,145016799.15384737,0,1.6205095059300991,1.259018534398507
545,750,150,10000,cubic,183894016,10.000088,147113918.19751987,0,1.6533890641429083,0.4682566908520638
546,750,150,20000,bbr,180748288,10.000078,144597502.53948018,0,1.6193871402153246,1.4033234845850178
547,750,150,20000,cubic,183369728,10.00008,146694608.84312925,0,1.595937449122372,0.47205864068785885
548,750,150,50000,bbr,180748288,10.000108,144597068.75165746,0,1.6154943475525776,1.2917683388189005
549,750,150,50000,cubic,183894016,10.000091,147113874.063746,0,1.6299777966982,0.5081365692028077
550,750,200,100,bbr,128581632,10.000131,102863958.08214913,7,2.0017818428491636,0.940601077263912
551,750,200,100,cubic,50987008,10.000226,40788684.57572859,1588,1.943906679444031,0.487020212348577
552,750,200,1000,bbr,111280128,10.000152,89022749.25421134,45,2.4037606062149064,1.4452000418026183
553,750,200,1000,cubic,95420416,10.00015,76335187.7721834,1149,2.2582194271030214,0.8904471921718135
554,750,200,10000,bbr,130940928,10.000093,104751768.20855567,0,2.492562113848355,1.0852579270621654
555,750,200,10000,cubic,132644864,10.000191,106113864.4251895,0,2.5061781875100855,0.6037761819428306
556,750,200,20000,bbr,131465216,10.000078,105171352.46345079,0,1.9985424276319577,0.995500381022053
557,750,200,20000,cubic,132120576,10.000209,105694251.79013759,0,2.03310794884438,0.4588188490520201
558,750,200,50000,bbr,130940928,10.000087,104751831.05906978,0,2.0055720518632434,1.011232198806517
559,750,200,50000,cubic,131989504,10.000233,105589142.97296873,0,2.0294323940386416,0.497952232349082
560,1000,5,100,bbr,1088290816,10.000083,870625426.6089592,63090,1.342252277567912,1.4751418007716024
561,1000,5,100,cubic,111542272,10.000088,89233032.34931533,1838,0.2981621004326988,1.89431249489641
562,1000,5,1000,bbr,1016201216,10.000083,812954225.27993,2250,1.2943460487404257,2.812905187407651
563,1000,5,1000,cubic,184680448,10.000075,147743250.32562256,1709,0.5301700687467793,2.0555194203306186
564,1000,5,10000,bbr,38404096,10.00034,30722232.2441037,0,0.12695849924935523,1.0338618169777345
565,1000,5,10000,cubic,1162346496,10.000079,929869850.8281785,0,1.3190854923347473,4.138073415082955
566,1000,5,20000,bbr,35782656,10.000844,28623708.95896386,0,0.09980093694340923,1.0222390828559866
567,1000,5,20000,cubic,1164443648,10.000075,931547931.7905115,0,1.8071246784805923,3.959572163498652
568,1000,5,50000,bbr,39714816,10.000361,31770705.877517823,0,0.13602846379639155,0.8814504336021027
569,1000,5,50000,cubic,1160511488,10.000083,928401484.6676773,0,1.2386427478737427,4.16666500424317
570,1000,10,100,bbr,1096155136,10.000075,876917531.9185106,67722,1.7807552748688036,2.7464346787839338
571,1000,10,100,cubic,81788928,10.000086,65430579.6970146,5122,0.4775915110688276,1.2410942080172433
572,1000,10,1000,bbr,1005584384,10.000076,804461393.293411,4526,1.3303708454543373,3.4062911691584143
573,1000,10,1000,cubic,190447616,10.000089,152356736.82504228,2281,0.5753885934509513,2.05171809484247
574,1000,10,10000,bbr,182845440,10.000099,146274903.8784516,0,0.5811659450061417,2.2875309323199144
575,1000,10,10000,cubic,1013710848,10.000073,810962758.371864,0,1.89835371839986,3.8911818809838716
576,1000,10,20000,bbr,187432960,10.000085,149945093.46670553,0,0.5850933938524063,2.386655509216916
577,1000,10,20000,cubic,1009123328,10.000088,807291558.2342875,0,1.202028221575459,3.641953272239562
578,1000,10,50000,bbr,189005824,10.000093,151203253.009747,0,0.611574654603083,2.418443967819002
579,1000,10,50000,cubic,1007157248,10.000081,805719272.073896,0,1.2366875679327665,3.8236421396406755
580,1000,25,100,bbr,992477184,10.000047,793978015.503327,5726,1.098326033632578,3.248516407866168
581,1000,25,100,cubic,64487424,10.000259,51588603.05518087,3739,0.461045597005639,0.836247436756026
582,1000,25,1000,bbr,941359104,10.000068,753082162.2412968,1535,1.0888832239813686,3.652168832028692
583,1000,25,1000,cubic,235667456,10.000083,188532399.98108014,2084,0.8144015949060895,2.0905971630736175
584,1000,25,10000,bbr,589692928,10.000076,471750757.0942461,0,0.8589982119342057,2.3610049144228022
585,1000,25,10000,cubic,592183296,10.000095,473742136.2497056,0,0.8888169085082064,2.346690131379108
586,1000,25,20000,bbr,591003648,10.000088,472798757.7709316,0,0.833232768311356,2.3420951019532232
587,1000,25,20000,cubic,592183296,10.000086,473742562.6139615,0,1.1772272839455695,2.332823192311492
588,1000,25,50000,bbr,590217216,10.000074,472170278.73993737,0,0.8116571658021148,2.325186249773309
589,1000,25,50000,cubic,593231872,10.000181,474576907.7579696,0,0.8837928478661612,2.3104063788807414
590,1000,50,100,bbr,551682048,10.000077,441342240.06475157,418,1.0298430488020422,2.27688933248413
591,1000,50,100,cubic,166854656,10.000116,133482176.40675367,1685,0.9404922480924113,0.855916452078947
592,1000,50,1000,bbr,575275008,10.000083,460216186.6056512,551,1.0534536770644536,2.3287508351828
593,1000,50,1000,cubic,431489024,10.00007,345188802.8783799,1200,1.3488764248157894,1.6071954148473788
594,1000,50,10000,bbr,577896448,10.000076,462313644.8162994,0,1.0536795460614257,2.068499236581217
595,1000,50,10000,cubic,578813952,10.000075,463047688.7423344,0,2.329407186265625,2.1907360104053817
596,1000,50,20000,bbr,576585728,10.000085,461264661.650376,0,1.0595096341915653,2.264619571592989
597,1000,50,20000,cubic,579076096,10.000085,463256939.1160175,0,1.3979379709137385,2.0195285335630064
598,1000,50,50000,bbr,576978944,10.000084,461579277.9340654,0,1.0221155298646947,2.4520804302437247
599,1000,50,50000,cubic,579338240,10.000074,463467162.3429987,0,2.270214399280392,2.120352380254059
600,1000,75,100,bbr,381288448,10.000085,305028165.6605919,45,1.1121563008437885,1.5446848963900843
601,1000,75,100,cubic,125698048,10.000108,100557352.38059428,1559,1.21411828479533,0.7121636038860915
602,1000,75,1000,bbr,367263744,10.000094,293808233.402606,110,1.1107131278186437,2.4804398986861735
603,1000,75,1000,cubic,288489472,10.000101,230789246.628609,590,1.3379332544827194,1.177575915057
604,1000,75,10000,bbr,383123456,10.000084,306496190.232002,0,1.1280008860846367,1.4489309961538313
605,1000,75,10000,cubic,386269184,10.00008,309012875.0969992,0,1.156789804663155,0.8816394541571206
606,1000,75,20000,bbr,384040960,10.000093,307229910.76183,0,2.7194240022863463,1.6135053106104917
607,1000,75,20000,cubic,386924544,10.000086,309536973.1820306,0,1.122117401182428,1.0942876738297787
608,1000,75,50000,bbr,384434176,10.000088,307544634.4072172,0,1.1504552692247245,1.659067507884181
609,1000,75,50000,cubic,386924544,10.000086,309536973.1820306,0,1.1900304589164774,0.9701029823768594
610,1000,100,100,bbr,268959744,10.000132,215164955.02259368,105,2.16621086009863,1.8752573570579867
611,1000,100,100,cubic,116260864,10.000198,93006849.66437665,1976,1.4068955465692914,0.6938284033323248
612,1000,100,1000,bbr,281673728,10.000116,225336368.4981254,14,1.2504807063691672,1.0927698992248178
613,1000,100,1000,cubic,281280512,10.000078,225022654.4232955,264,1.3284283120382676,0.8773670276489027
614,1000,100,10000,bbr,282984448,10.000084,226385656.76048324,0,1.270462370005605,1.1544590874582237
615,1000,100,10000,cubic,285999104,10.000091,228797201.14546958,0,1.2889213640864907,0.691507567485204
616,1000,100,20000,bbr,282984448,10.000086,226385611.48374125,0,1.2539009246849937,1.1685512334954984
617,1000,100,20000,cubic,285999104,10.000081,228797429.94081748,0,1.3195800048917132,0.6355793341025565
618,1000,100,50000,bbr,283508736,10.000073,226805333.1210682,0,1.2527421942283985,1.328773036626925
619,1000,100,50000,cubic,285868032,10.000081,228692573.19015718,0,1.3515019321385895,0.774310173168574
620,1000,150,100,bbr,181010432,10.00011,144806752.72572,0,1.6402895423170158,1.3522484108812762
621,1000,150,100,cubic,77594624,10.000139,62074836.3597746,1810,1.6218776376959843,0.5767035300320897
622,1000,150,1000,bbr,180748288,10.000109,144597054.2921082,0,1.6297348025710967,1.3368104131117564
623,1000,150,1000,cubic,176947200,10.000115,141556132.1044808,547,1.6693551331000762,0.780157970462211
624,1000,150,10000,bbr,181141504,10.000087,144911942.46610054,0,1.6376417445741456,1.4751100123287895
625,1000,150,10000,cubic,183500800,10.000093,146799274.76674467,0,1.6399467340154172,0.51488483365551
626,1000,150,20000,bbr,181403648,10.00008,145121757.42594057,0,1.6479882403920725,1.49372323145725
627,1000,150,20000,cubic,184418304,10.000105,147533094.10251194,0,1.686340084101478,0.5233264445121165
628,1000,150,50000,bbr,181272576,10.000115,145016393.11147922,0,1.6524242267896838,1.5074384757442292
629,1000,150,50000,cubic,182845440,10.000102,146274859.996428,0,1.6708798962641942,0.5107252801427666
630,1000,200,100,bbr,128712704,10.000138,102968742.23135722,45,2.0283587732131267,1.1490564735537314
631,1000,200,100,cubic,71434240,10.000219,57146140.499523066,1182,2.064592492860533,0.5817114553540845
632,1000,200,1000,bbr,131334144,10.000075,105066527.201046,0,2.0181922993641113,1.0685855285571
633,1000,200,1000,cubic,111542272,10.000196,89232068.6514544,916,2.0573832451441154,0.6461754261579483
634,1000,200,10000,bbr,130940928,10.000085,104751852.00925791,0,2.011478001145745,1.0867481934506096
635,1000,200,10000,cubic,132644864,10.000241,106113333.86865376,0,2.0745202645276675,0.47707643045971837
636,1000,200,20000,bbr,131465216,10.000073,105171405.04874314,0,2.011073275675722,1.08223255720933
637,1000,200,20000,cubic,132120576,10.000217,105694167.23657097,0,2.0611726133354713,0.47177575539461847
638,1000,200,50000,bbr,131334144,10.000081,105066464.16164029,0,2.022202037467119,1.1927519223252465
639,1000,200,50000,cubic,132513792,10.000198,106008934.62309447,0,2.0714974328458355,0.49555065159401074
