{
	"start":	{
		"connected":	[{
				"socket":	6,
				"local_host":	"192.168.101.210",
				"local_port":	59734,
				"remote_host":	"192.168.100.168",
				"remote_port":	5201
			}],
		"version":	"iperf 3.11",
		"system_info":	"Linux f1 6.0.10-300.fc37.x86_64 #1 SMP PREEMPT_DYNAMIC Sat Nov 26 16:55:13 UTC 2022 x86_64",
		"timestamp":	{
			"time":	"Sat, 10 Dec 2022 17:17:27 GMT",
			"timesecs":	1670692647
		},
		"connecting_to":	{
			"host":	"192.168.100.168",
			"port":	5201
		},
		"cookie":	"hnnanbhbgdjqjfxw4cxtdo3kclxfqzlfvfq5",
		"tcp_mss_default":	1448,
		"target_bitrate":	0,
		"sock_bufsize":	0,
		"sndbuf_actual":	16384,
		"rcvbuf_actual":	131072,
		"test_start":	{
			"protocol":	"TCP",
			"num_streams":	1,
			"blksize":	131072,
			"omit":	0,
			"duration":	60,
			"bytes":	0,
			"blocks":	0,
			"reverse":	0,
			"tos":	0,
			"target_bitrate":	0
		}
	},
	"intervals":	[{
			"streams":	[{
					"socket":	6,
					"start":	0,
					"end":	1.00025,
					"seconds":	1.000249981880188,
					"bytes":	1145368,
					"bits_per_second":	9160654.0024887063,
					"retransmits":	34,
					"snd_cwnd":	59368,
					"snd_wnd":	761344,
					"rtt":	97966,
					"rttvar":	1640,
					"pmtu":	1500,
					"omitted":	false,
					"sender":	true
				}],
			"sum":	{
				"start":	0,
				"end":	1.00025,
				"seconds":	1.000249981880188,
				"bytes":	1145368,
				"bits_per_second":	9160654.0024887063,
				"retransmits":	34,
				"omitted":	false,
				"sender":	true
			}
		}, {
			"streams":	[{
					"socket":	6,
					"start":	1.00025,
					"end":	2.000303,
					"seconds":	1.00005304813385,
					"bytes":	521280,
					"bits_per_second":	4170018.7882851618,
					"retransmits":	0,
					"snd_cwnd":	68056,
					"snd_wnd":	1835264,
					"rtt":	125414,
					"rttvar":	3081,
					"pmtu":	1500,
					"omitted":	false,
					"sender":	true
				}],
			"sum":	{
				"start":	1.00025,
				"end":	2.000303,
				"seconds":	1.00005304813385,
				"bytes":	521280,
				"bits_per_second":	4170018.7882851618,
				"retransmits":	0,
				"omitted":	false,
				"sender":	true
			}
		}, {
			"streams":	[{
					"socket":	6,
					"start":	2.000303,
					"end":	3.000346,
					"seconds":	1.0000430345535278,
					"bytes":	521280,
					"bits_per_second":	4170060.5433063349,
					"retransmits":	1,
					"snd_cwnd":	56472,
					"snd_wnd":	1838208,
					"rtt":	102075,
					"rttvar":	1872,
					"pmtu":	1500,
					"omitted":	false,
					"sender":	true
				}],
			"sum":	{
				"start":	2.000303,
				"end":	3.000346,
				"seconds":	1.0000430345535278,
				"bytes":	521280,
				"bits_per_second":	4170060.5433063349,
				"retransmits":	1,
				"omitted":	false,
				"sender":	true
			}
		}, {
			"streams":	[{
					"socket":	6,
					"start":	3.000346,
					"end":	4.000224,
					"seconds":	0.99987798929214478,
					"bytes":	586440,
					"bits_per_second":	4692092.4855254814,
					"retransmits":	4,
					"snd_cwnd":	44888,
					"snd_wnd":	1838208,
					"rtt":	108131,
					"rttvar":	2182,
					"pmtu":	1500,
					"omitted":	false,
					"sender":	true
				}],
			"sum":	{
				"start":	3.000346,
				"end":	4.000224,
				"seconds":	0.99987798929214478,
				"bytes":	586440,
				"bits_per_second":	4692092.4855254814,
				"retransmits":	4,
				"omitted":	false,
				"sender":	true
			}
		}, {
			"streams":	[{
					"socket":	6,
					"start":	4.000224,
					"end":	5.000522,
					"seconds":	1.000298023223877,
					"bytes":	260640,
					"bits_per_second":	2084498.7709561121,
					"retransmits":	0,
					"snd_cwnd":	52128,
					"snd_wnd":	1838208,
					"rtt":	124358,
					"rttvar":	2969,
					"pmtu":	1500,
					"omitted":	false,
					"sender":	true
				}],
			"sum":	{
				"start":	4.000224,
				"end":	5.000522,
				"seconds":	1.000298023223877,
				"bytes":	260640,
				"bits_per_second":	2084498.7709561121,
				"retransmits":	0,
				"omitted":	false,
				"sender":	true
			}
		}, {
			"streams":	[{
					"socket":	6,
					"start":	5.000522,
					"end":	6.0003,
					"seconds":	0.99977797269821167,
					"bytes":	521280,
					"bits_per_second":	4171166.1127573266,
					"retransmits":	0,
					"snd_cwnd":	56472,
					"snd_wnd":	1838208,
					"rtt":	125156,
					"rttvar":	3607,
					"pmtu":	1500,
					"omitted":	false,
					"sender":	true
				}],
			"sum":	{
				"start":	5.000522,
				"end":	6.0003,
				"seconds":	0.99977797269821167,
				"bytes":	521280,
				"bits_per_second":	4171166.1127573266,
				"retransmits":	0,
				"omitted":	false,
				"sender":	true
			}
		}, {
			"streams":	[{
					"socket":	6,
					"start":	6.0003,
					"end":	7.000147,
					"seconds":	0.99984699487686157,
					"bytes":	521280,
					"bits_per_second":	4170878.1657273425,
					"retransmits":	2,
					"snd_cwnd":	55024,
					"snd_wnd":	1838208,
					"rtt":	128813,
					"rttvar":	1253,
					"pmtu":	1500,
					"omitted":	false,
					"sender":	true
				}],
			"sum":	{
				"start":	6.0003,
				"end":	7.000147,
				"seconds":	0.99984699487686157,
				"bytes":	521280,
				"bits_per_second":	4170878.1657273425,
				"retransmits":	2,
				"omitted":	false,
				"sender":	true
			}
		}, {
			"streams":	[{
					"socket":	6,
					"start":	7.000147,
					"end":	8.000561,
					"seconds":	1.00041401386261,
					"bytes":	260640,
					"bits_per_second":	2084257.0886720468,
					"retransmits":	0,
					"snd_cwnd":	56472,
					"snd_wnd":	1838208,
					"rtt":	118731,
					"rttvar":	1183,
					"pmtu":	1500,
					"omitted":	false,
					"sender":	true
				}],
			"sum":	{
				"start":	7.000147,
				"end":	8.000561,
				"seconds":	1.00041401386261,
				"bytes":	260640,
				"bits_per_second":	2084257.0886720468,
				"retransmits":	0,
				"omitted":	false,
				"sender":	true
			}
		}, {
			"streams":	[{
					"socket":	6,
					"start":	8.000561,
					"end":	9.000362,
					"seconds":	0.999800980091095,
					"bytes":	521280,
					"bits_per_second":	4171070.1259965124,
					"retransmits":	2,
					"snd_cwnd":	46336,
					"snd_wnd":	1838208,
					"rtt":	109595,
					"rttvar":	3468,
					"pmtu":	1500,
					"omitted":	false,
					"sender":	true
				}],
			"sum":	{
				"start":	8.000561,
				"end":	9.000362,
				"seconds":	0.999800980091095,
				"bytes":	521280,
				"bits_per_second":	4171070.1259965124,
				"retransmits":	2,
				"omitted":	false,
				"sender":	true
			}
		}, {
			"streams":	[{
					"socket":	6,
					"start":	9.000362,
					"end":	10.000076,
					"seconds":	0.99971401691436768,
					"bytes":	521280,
					"bits_per_second":	4171432.9592692,
					"retransmits":	0,
					"snd_cwnd":	49232,
					"snd_wnd":	1838208,
					"rtt":	125064,
					"rttvar":	1978,
					"pmtu":	1500,
					"omitted":	false,
					"sender":	true
				}],
			"sum":	{
				"start":	9.000362,
				"end":	10.000076,
				"seconds":	0.99971401691436768,
				"bytes":	521280,
				"bits_per_second":	4171432.9592692,
				"retransmits":	0,
				"omitted":	false,
				"sender":	true
			}
		}, {
			"streams":	[{
					"socket":	6,
					"start":	10.000076,
					"end":	11.00025,
					"seconds":	1.0001740455627441,
					"bytes":	521280,
					"bits_per_second":	4169514.3145347568,
					"retransmits":	0,
					"snd_cwnd":	59368,
					"snd_wnd":	1838208,
					"rtt":	124506,
					"rttvar":	3528,
					"pmtu":	1500,
					"omitted":	false,
					"sender":	true
				}],
			"sum":	{
				"start":	10.000076,
				"end":	11.00025,
				"seconds":	1.0001740455627441,
				"bytes":	521280,
				"bits_per_second":	4169514.3145347568,
				"retransmits":	0,
				"omitted":	false,
				"sender":	true
			}
		}, {
			"streams":	[{
					"socket":	6,
					"start":	11.00025,
					"end":	12.000144,
					"seconds":	0.99989402294158936,
					"bytes":	521280,
					"bits_per_second":	4170681.9966095667,
					"retransmits":	2,
					"snd_cwnd":	57920,
					"snd_wnd":	1838208,
					"rtt":	128268,
					"rttvar":	1180,
					"pmtu":	1500,
					"omitted":	false,
					"sender":	true
				}],
			"sum":	{
				"start":	11.00025,
				"end":	12.000144,
				"seconds":	0.99989402294158936,
				"bytes":	521280,
				"bits_per_second":	4170681.9966095667,
				"retransmits":	2,
				"omitted":	false,
				"sender":	true
			}
		}, {
			"streams":	[{
					"socket":	6,
					"start":	12.000144,
					"end":	13.000568,
					"seconds":	1.0004240274429321,
					"bytes":	260640,
					"bits_per_second":	2084236.2266423504,
					"retransmits":	0,
					"snd_cwnd":	57920,
					"snd_wnd":	1838208,
					"rtt":	125175,
					"rttvar":	2255,
					"pmtu":	1500,
					"omitted":	false,
					"sender":	true
				}],
			"sum":	{
				"start":	12.000144,
				"end":	13.000568,
				"seconds":	1.0004240274429321,
				"bytes":	260640,
				"bits_per_second":	2084236.2266423504,
				"retransmits":	0,
				"omitted":	false,
				"sender":	true
			}
		}, {
			"streams":	[{
					"socket":	6,
					"start":	13.000568,
					"end":	14.000373,
					"seconds":	0.999804973602295,
					"bytes":	521280,
					"bits_per_second":	4171053.4655320179,
					"retransmits":	4,
					"snd_cwnd":	47784,
					"snd_wnd":	1838208,
					"rtt":	108861,
					"rttvar":	1313,
					"pmtu":	1500,
					"omitted":	false,
					"sender":	true
				}],
			"sum":	{
				"start":	13.000568,
				"end":	14.000373,
				"seconds":	0.999804973602295,
				"bytes":	521280,
				"bits_per_second":	4171053.4655320179,
				"retransmits":	4,
				"omitted":	false,
				"sender":	true
			}
		}, {
			"streams":	[{
					"socket":	6,
					"start":	14.000373,
					"end":	15.00014,
					"seconds":	0.999767005443573,
					"bytes":	521280,
					"bits_per_second":	4171211.8696593344,
					"retransmits":	0,
					"snd_cwnd":	52128,
					"snd_wnd":	1838208,
					"rtt":	122085,
					"rttvar":	2297,
					"pmtu":	1500,
					"omitted":	false,
					"sender":	true
				}],
			"sum":	{
				"start":	14.000373,
				"end":	15.00014,
				"seconds":	0.999767005443573,
				"bytes":	521280,
				"bits_per_second":	4171211.8696593344,
				"retransmits":	0,
				"omitted":	false,
				"sender":	true
			}
		}, {
			"streams":	[{
					"socket":	6,
					"start":	15.00014,
					"end":	16.0005,
					"seconds":	1.0003600120544434,
					"bytes":	260640,
					"bits_per_second":	2084369.6018174305,
					"retransmits":	0,
					"snd_cwnd":	57920,
					"snd_wnd":	1838208,
					"rtt":	127687,
					"rttvar":	2194,
					"pmtu":	1500,
					"omitted":	false,
					"sender":	true
				}],
			"sum":	{
				"start":	15.00014,
				"end":	16.0005,
				"seconds":	1.0003600120544434,
				"bytes":	260640,
				"bits_per_second":	2084369.6018174305,
				"retransmits":	0,
				"omitted":	false,
				"sender":	true
			}
		}, {
			"streams":	[{
					"socket":	6,
					"start":	16.0005,
					"end":	17.00008,
					"seconds":	0.9995800256729126,
					"bytes":	586440,
					"bits_per_second":	4693491.1457856419,
					"retransmits":	2,
					"snd_cwnd":	50680,
					"snd_wnd":	1838208,
					"rtt":	122472,
					"rttvar":	4712,
					"pmtu":	1500,
					"omitted":	false,
					"sender":	true
				}],
			"sum":	{
				"start":	16.0005,
				"end":	17.00008,
				"seconds":	0.9995800256729126,
				"bytes":	586440,
				"bits_per_second":	4693491.1457856419,
				"retransmits":	2,
				"omitted":	false,
				"sender":	true
			}
		}, {
			"streams":	[{
					"socket":	6,
					"start":	17.00008,
					"end":	18.000375,
					"seconds":	1.0002950429916382,
					"bytes":	260640,
					"bits_per_second":	2084504.9814141989,
					"retransmits":	2,
					"snd_cwnd":	41992,
					"snd_wnd":	1838208,
					"rtt":	110364,
					"rttvar":	1620,
					"pmtu":	1500,
					"omitted":	false,
					"sender":	true
				}],
			"sum":	{
				"start":	17.00008,
				"end":	18.000375,
				"seconds":	1.0002950429916382,
				"bytes":	260640,
				"bits_per_second":	2084504.9814141989,
				"retransmits":	2,
				"omitted":	false,
				"sender":	true
			}
		}, {
			"streams":	[{
					"socket":	6,
					"start":	18.000375,
					"end":	19.000632,
					"seconds":	1.0002570152282715,
					"bytes":	260640,
					"bits_per_second":	2084584.2301082476,
					"retransmits":	0,
					"snd_cwnd":	44888,
					"snd_wnd":	1838208,
					"rtt":	122461,
					"rttvar":	1723,
					"pmtu":	1500,
					"omitted":	false,
					"sender":	true
				}],
			"sum":	{
				"start":	18.000375,
				"end":	19.000632,
				"seconds":	1.0002570152282715,
				"bytes":	260640,
				"bits_per_second":	2084584.2301082476,
				"retransmits":	0,
				"omitted":	false,
				"sender":	true
			}
		}, {
			"streams":	[{
					"socket":	6,
					"start":	19.000632,
					"end":	20.000217,
					"seconds":	0.999584972858429,
					"bytes":	521280,
					"bits_per_second":	4171971.48139864,
					"retransmits":	2,
					"snd_cwnd":	41992,
					"snd_wnd":	1836800,
					"rtt":	126994,
					"rttvar":	1772,
					"pmtu":	1500,
					"omitted":	false,
					"sender":	true
				}],
			"sum":	{
				"start":	19.000632,
				"end":	20.000217,
				"seconds":	0.999584972858429,
				"bytes":	521280,
				"bits_per_second":	4171971.48139864,
				"retransmits":	2,
				"omitted":	false,
				"sender":	true
			}
		}, {
			"streams":	[{
					"socket":	6,
					"start":	20.000217,
					"end":	21.000123,
					"seconds":	0.99990600347518921,
					"bytes":	521280,
					"bits_per_second":	4170632.024916607,
					"retransmits":	0,
					"snd_cwnd":	46336,
					"snd_wnd":	1838208,
					"rtt":	83776,
					"rttvar":	9583,
					"pmtu":	1500,
					"omitted":	false,
					"sender":	true
				}],
			"sum":	{
				"start":	20.000217,
				"end":	21.000123,
				"seconds":	0.99990600347518921,
				"bytes":	521280,
				"bits_per_second":	4170632.024916607,
				"retransmits":	0,
				"omitted":	false,
				"sender":	true
			}
		}, {
			"streams":	[{
					"socket":	6,
					"start":	21.000123,
					"end":	22.000502,
					"seconds":	1.0003789663314819,
					"bytes":	260640,
					"bits_per_second":	2084330.1090649704,
					"retransmits":	2,
					"snd_cwnd":	41992,
					"snd_wnd":	1838208,
					"rtt":	125224,
					"rttvar":	1701,
					"pmtu":	1500,
					"omitted":	false,
					"sender":	true
				}],
			"sum":	{
				"start":	21.000123,
				"end":	22.000502,
				"seconds":	1.0003789663314819,
				"bytes":	260640,
				"bits_per_second":	2084330.1090649704,
				"retransmits":	2,
				"omitted":	false,
				"sender":	true
			}
		}, {
			"streams":	[{
					"socket":	6,
					"start":	22.000502,
					"end":	23.000086,
					"seconds":	0.99958401918411255,
					"bytes":	521280,
					"bits_per_second":	4171975.4617564441,
					"retransmits":	0,
					"snd_cwnd":	46336,
					"snd_wnd":	1838208,
					"rtt":	119252,
					"rttvar":	1485,
					"pmtu":	1500,
					"omitted":	false,
					"sender":	true
				}],
			"sum":	{
				"start":	22.000502,
				"end":	23.000086,
				"seconds":	0.99958401918411255,
				"bytes":	521280,
				"bits_per_second":	4171975.4617564441,
				"retransmits":	0,
				"omitted":	false,
				"sender":	true
			}
		}, {
			"streams":	[{
					"socket":	6,
					"start":	23.000086,
					"end":	24.00029,
					"seconds":	1.0002039670944214,
					"bytes":	260640,
					"bits_per_second":	2084694.7908607528,
					"retransmits":	2,
					"snd_cwnd":	39096,
					"snd_wnd":	1838208,
					"rtt":	112029,
					"rttvar":	1465,
					"pmtu":	1500,
					"omitted":	false,
					"sender":	true
				}],
			"sum":	{
				"start":	23.000086,
				"end":	24.00029,
				"seconds":	1.0002039670944214,
				"bytes":	260640,
				"bits_per_second":	2084694.7908607528,
				"retransmits":	2,
				"omitted":	false,
				"sender":	true
			}
		}, {
			"streams":	[{
					"socket":	6,
					"start":	24.00029,
					"end":	25.000504,
					"seconds":	1.0002139806747437,
					"bytes":	260640,
					"bits_per_second":	2084673.9200679634,
					"retransmits":	0,
					"snd_cwnd":	43440,
					"snd_wnd":	1838208,
					"rtt":	119154,
					"rttvar":	2550,
					"pmtu":	1500,
					"omitted":	false,
					"sender":	true
				}],
			"sum":	{
				"start":	24.00029,
				"end":	25.000504,
				"seconds":	1.0002139806747437,
				"bytes":	260640,
				"bits_per_second":	2084673.9200679634,
				"retransmits":	0,
				"omitted":	false,
				"sender":	true
			}
		}, {
			"streams":	[{
					"socket":	6,
					"start":	25.000504,
					"end":	26.000627,
					"seconds":	1.0001230239868164,
					"bytes":	325800,
					"bits_per_second":	2606079.3897235161,
					"retransmits":	2,
					"snd_cwnd":	37648,
					"snd_wnd":	1838208,
					"rtt":	111906,
					"rttvar":	2133,
					"pmtu":	1500,
					"omitted":	false,
					"sender":	true
				}],
			"sum":	{
				"start":	25.000504,
				"end":	26.000627,
				"seconds":	1.0001230239868164,
				"bytes":	325800,
				"bits_per_second":	2606079.3897235161,
				"retransmits":	2,
				"omitted":	false,
				"sender":	true
			}
		}, {
			"streams":	[{
					"socket":	6,
					"start":	26.000627,
					"end":	27.000658,
					"seconds":	1.0000309944152832,
					"bytes":	260640,
					"bits_per_second":	2085055.3749278211,
					"retransmits":	2,
					"snd_cwnd":	36200,
					"snd_wnd":	1838208,
					"rtt":	127504,
					"rttvar":	2206,
					"pmtu":	1500,
					"omitted":	false,
					"sender":	true
				}],
			"sum":	{
				"start":	26.000627,
				"end":	27.000658,
				"seconds":	1.0000309944152832,
				"bytes":	260640,
				"bits_per_second":	2085055.3749278211,
				"retransmits":	2,
				"omitted":	false,
				"sender":	true
			}
		}, {
			"streams":	[{
					"socket":	6,
					"start":	27.000658,
					"end":	28.000873,
					"seconds":	1.0002150535583496,
					"bytes":	260640,
					"bits_per_second":	2084671.6839363789,
					"retransmits":	0,
					"snd_cwnd":	41992,
					"snd_wnd":	1838208,
					"rtt":	126039,
					"rttvar":	5483,
					"pmtu":	1500,
					"omitted":	false,
					"sender":	true
				}],
			"sum":	{
				"start":	27.000658,
				"end":	28.000873,
				"seconds":	1.0002150535583496,
				"bytes":	260640,
				"bits_per_second":	2084671.6839363789,
				"retransmits":	0,
				"omitted":	false,
				"sender":	true
			}
		}, {
			"streams":	[{
					"socket":	6,
					"start":	28.000873,
					"end":	29.000082,
					"seconds":	0.99920898675918579,
					"bytes":	521280,
					"bits_per_second":	4173541.3264503074,
					"retransmits":	2,
					"snd_cwnd":	33304,
					"snd_wnd":	1838208,
					"rtt":	116007,
					"rttvar":	1744,
					"pmtu":	1500,
					"omitted":	false,
					"sender":	true
				}],
			"sum":	{
				"start":	28.000873,
				"end":	29.000082,
				"seconds":	0.99920898675918579,
				"bytes":	521280,
				"bits_per_second":	4173541.3264503074,
				"retransmits":	2,
				"omitted":	false,
				"sender":	true
			}
		}, {
			"streams":	[{
					"socket":	6,
					"start":	29.000082,
					"end":	30.000124,
					"seconds":	1.0000419616699219,
					"bytes":	260640,
					"bits_per_second":	2085032.5085540996,
					"retransmits":	0,
					"snd_cwnd":	39096,
					"snd_wnd":	1838208,
					"rtt":	119923,
					"rttvar":	2177,
					"pmtu":	1500,
					"omitted":	false,
					"sender":	true
				}],
			"sum":	{
				"start":	29.000082,
				"end":	30.000124,
				"seconds":	1.0000419616699219,
				"bytes":	260640,
				"bits_per_second":	2085032.5085540996,
				"retransmits":	0,
				"omitted":	false,
				"sender":	true
			}
		}, {
			"streams":	[{
					"socket":	6,
					"start":	30.000124,
					"end":	31.000307,
					"seconds":	1.0001829862594604,
					"bytes":	260640,
					"bits_per_second":	2084738.5214959984,
					"retransmits":	0,
					"snd_cwnd":	44888,
					"snd_wnd":	1838208,
					"rtt":	54462,
					"rttvar":	7543,
					"pmtu":	1500,
					"omitted":	false,
					"sender":	true
				}],
			"sum":	{
				"start":	30.000124,
				"end":	31.000307,
				"seconds":	1.0001829862594604,
				"bytes":	260640,
				"bits_per_second":	2084738.5214959984,
				"retransmits":	0,
				"omitted":	false,
				"sender":	true
			}
		}, {
			"streams":	[{
					"socket":	6,
					"start":	31.000307,
					"end":	32.000356,
					"seconds":	1.0000489950180054,
					"bytes":	521280,
					"bits_per_second":	4170035.6890263329,
					"retransmits":	2,
					"snd_cwnd":	37648,
					"snd_wnd":	1838208,
					"rtt":	120230,
					"rttvar":	4818,
					"pmtu":	1500,
					"omitted":	false,
					"sender":	true
				}],
			"sum":	{
				"start":	31.000307,
				"end":	32.000356,
				"seconds":	1.0000489950180054,
				"bytes":	521280,
				"bits_per_second":	4170035.6890263329,
				"retransmits":	2,
				"omitted":	false,
				"sender":	true
			}
		}, {
			"streams":	[{
					"socket":	6,
					"start":	32.000356,
					"end":	33.000612,
					"seconds":	1.0002559423446655,
					"bytes":	260640,
					"bits_per_second":	2084586.4660522207,
					"retransmits":	0,
					"snd_cwnd":	49232,
					"snd_wnd":	1838208,
					"rtt":	128317,
					"rttvar":	944,
					"pmtu":	1500,
					"omitted":	false,
					"sender":	true
				}],
			"sum":	{
				"start":	32.000356,
				"end":	33.000612,
				"seconds":	1.0002559423446655,
				"bytes":	260640,
				"bits_per_second":	2084586.4660522207,
				"retransmits":	0,
				"omitted":	false,
				"sender":	true
			}
		}, {
			"streams":	[{
					"socket":	6,
					"start":	33.000612,
					"end":	34.000085,
					"seconds":	0.999472975730896,
					"bytes":	521280,
					"bits_per_second":	4172438.9766020249,
					"retransmits":	2,
					"snd_cwnd":	39096,
					"snd_wnd":	1838208,
					"rtt":	118531,
					"rttvar":	2093,
					"pmtu":	1500,
					"omitted":	false,
					"sender":	true
				}],
			"sum":	{
				"start":	33.000612,
				"end":	34.000085,
				"seconds":	0.999472975730896,
				"bytes":	521280,
				"bits_per_second":	4172438.9766020249,
				"retransmits":	2,
				"omitted":	false,
				"sender":	true
			}
		}, {
			"streams":	[{
					"socket":	6,
					"start":	34.000085,
					"end":	35.000279,
					"seconds":	1.0001939535140991,
					"bytes":	260640,
					"bits_per_second":	2084715.6620714439,
					"retransmits":	0,
					"snd_cwnd":	44888,
					"snd_wnd":	1838208,
					"rtt":	123013,
					"rttvar":	1437,
					"pmtu":	1500,
					"omitted":	false,
					"sender":	true
				}],
			"sum":	{
				"start":	34.000085,
				"end":	35.000279,
				"seconds":	1.0001939535140991,
				"bytes":	260640,
				"bits_per_second":	2084715.6620714439,
				"retransmits":	0,
				"omitted":	false,
				"sender":	true
			}
		}, {
			"streams":	[{
					"socket":	6,
					"start":	35.000279,
					"end":	36.000523,
					"seconds":	1.0002440214157104,
					"bytes":	260640,
					"bits_per_second":	2084611.31019688,
					"retransmits":	2,
					"snd_cwnd":	43440,
					"snd_wnd":	1838208,
					"rtt":	129651,
					"rttvar":	819,
					"pmtu":	1500,
					"omitted":	false,
					"sender":	true
				}],
			"sum":	{
				"start":	35.000279,
				"end":	36.000523,
				"seconds":	1.0002440214157104,
				"bytes":	260640,
				"bits_per_second":	2084611.31019688,
				"retransmits":	2,
				"omitted":	false,
				"sender":	true
			}
		}, {
			"streams":	[{
					"socket":	6,
					"start":	36.000523,
					"end":	37.0001,
					"seconds":	0.999576985836029,
					"bytes":	521280,
					"bits_per_second":	4172004.817129801,
					"retransmits":	0,
					"snd_cwnd":	44888,
					"snd_wnd":	1838208,
					"rtt":	121497,
					"rttvar":	1918,
					"pmtu":	1500,
					"omitted":	false,
					"sender":	true
				}],
			"sum":	{
				"start":	36.000523,
				"end":	37.0001,
				"seconds":	0.999576985836029,
				"bytes":	521280,
				"bits_per_second":	4172004.817129801,
				"retransmits":	0,
				"omitted":	false,
				"sender":	true
			}
		}, {
			"streams":	[{
					"socket":	6,
					"start":	37.0001,
					"end":	38.00026,
					"seconds":	1.0001599788665771,
					"bytes":	260640,
					"bits_per_second":	2084786.4782221587,
					"retransmits":	2,
					"snd_cwnd":	34752,
					"snd_wnd":	1838208,
					"rtt":	117211,
					"rttvar":	4420,
					"pmtu":	1500,
					"omitted":	false,
					"sender":	true
				}],
			"sum":	{
				"start":	37.0001,
				"end":	38.00026,
				"seconds":	1.0001599788665771,
				"bytes":	260640,
				"bits_per_second":	2084786.4782221587,
				"retransmits":	2,
				"omitted":	false,
				"sender":	true
			}
		}, {
			"streams":	[{
					"socket":	6,
					"start":	38.00026,
					"end":	39.000469,
					"seconds":	1.0002089738845825,
					"bytes":	260640,
					"bits_per_second":	2084684.3554121212,
					"retransmits":	0,
					"snd_cwnd":	40544,
					"snd_wnd":	1838208,
					"rtt":	122807,
					"rttvar":	3348,
					"pmtu":	1500,
					"omitted":	false,
					"sender":	true
				}],
			"sum":	{
				"start":	38.00026,
				"end":	39.000469,
				"seconds":	1.0002089738845825,
				"bytes":	260640,
				"bits_per_second":	2084684.3554121212,
				"retransmits":	0,
				"omitted":	false,
				"sender":	true
			}
		}, {
			"streams":	[{
					"socket":	6,
					"start":	39.000469,
					"end":	40.000655,
					"seconds":	1.0001859664916992,
					"bytes":	260640,
					"bits_per_second":	2084732.309646243,
					"retransmits":	0,
					"snd_cwnd":	46336,
					"snd_wnd":	1838208,
					"rtt":	125012,
					"rttvar":	1288,
					"pmtu":	1500,
					"omitted":	false,
					"sender":	true
				}],
			"sum":	{
				"start":	39.000469,
				"end":	40.000655,
				"seconds":	1.0001859664916992,
				"bytes":	260640,
				"bits_per_second":	2084732.309646243,
				"retransmits":	0,
				"omitted":	false,
				"sender":	true
			}
		}, {
			"streams":	[{
					"socket":	6,
					"start":	40.000655,
					"end":	41.00017,
					"seconds":	0.99951499700546265,
					"bytes":	521280,
					"bits_per_second":	4172263.5603207545,
					"retransmits":	2,
					"snd_cwnd":	37648,
					"snd_wnd":	1838208,
					"rtt":	111647,
					"rttvar":	2770,
					"pmtu":	1500,
					"omitted":	false,
					"sender":	true
				}],
			"sum":	{
				"start":	40.000655,
				"end":	41.00017,
				"seconds":	0.99951499700546265,
				"bytes":	521280,
				"bits_per_second":	4172263.5603207545,
				"retransmits":	2,
				"omitted":	false,
				"sender":	true
			}
		}, {
			"streams":	[{
					"socket":	6,
					"start":	41.00017,
					"end":	42.0001,
					"seconds":	0.99993002414703369,
					"bytes":	521280,
					"bits_per_second":	4170531.8365225838,
					"retransmits":	0,
					"snd_cwnd":	47784,
					"snd_wnd":	1838208,
					"rtt":	121793,
					"rttvar":	3121,
					"pmtu":	1500,
					"omitted":	false,
					"sender":	true
				}],
			"sum":	{
				"start":	41.00017,
				"end":	42.0001,
				"seconds":	0.99993002414703369,
				"bytes":	521280,
				"bits_per_second":	4170531.8365225838,
				"retransmits":	0,
				"omitted":	false,
				"sender":	true
			}
		}, {
			"streams":	[{
					"socket":	6,
					"start":	42.0001,
					"end":	43.000425,
					"seconds":	1.0003249645233154,
					"bytes":	260640,
					"bits_per_second":	2084442.6300943331,
					"retransmits":	0,
					"snd_cwnd":	49232,
					"snd_wnd":	1838208,
					"rtt":	121009,
					"rttvar":	1772,
					"pmtu":	1500,
					"omitted":	false,
					"sender":	true
				}],
			"sum":	{
				"start":	42.0001,
				"end":	43.000425,
				"seconds":	1.0003249645233154,
				"bytes":	260640,
				"bits_per_second":	2084442.6300943331,
				"retransmits":	0,
				"omitted":	false,
				"sender":	true
			}
		}, {
			"streams":	[{
					"socket":	6,
					"start":	43.000425,
					"end":	44.000088,
					"seconds":	0.99966299533844,
					"bytes":	521280,
					"bits_per_second":	4171645.86410258,
					"retransmits":	2,
					"snd_cwnd":	39096,
					"snd_wnd":	1838208,
					"rtt":	112757,
					"rttvar":	2727,
					"pmtu":	1500,
					"omitted":	false,
					"sender":	true
				}],
			"sum":	{
				"start":	43.000425,
				"end":	44.000088,
				"seconds":	0.99966299533844,
				"bytes":	521280,
				"bits_per_second":	4171645.86410258,
				"retransmits":	2,
				"omitted":	false,
				"sender":	true
			}
		}, {
			"streams":	[{
					"socket":	6,
					"start":	44.000088,
					"end":	45.000379,
					"seconds":	1.0002909898757935,
					"bytes":	260640,
					"bits_per_second":	2084513.4276965847,
					"retransmits":	2,
					"snd_cwnd":	41992,
					"snd_wnd":	1838208,
					"rtt":	127130,
					"rttvar":	1422,
					"pmtu":	1500,
					"omitted":	false,
					"sender":	true
				}],
			"sum":	{
				"start":	44.000088,
				"end":	45.000379,
				"seconds":	1.0002909898757935,
				"bytes":	260640,
				"bits_per_second":	2084513.4276965847,
				"retransmits":	2,
				"omitted":	false,
				"sender":	true
			}
		}, {
			"streams":	[{
					"socket":	6,
					"start":	45.000379,
					"end":	46.000619,
					"seconds":	1.0002399682998657,
					"bytes":	260640,
					"bits_per_second":	2084619.7573409644,
					"retransmits":	0,
					"snd_cwnd":	41992,
					"snd_wnd":	1838208,
					"rtt":	121832,
					"rttvar":	1609,
					"pmtu":	1500,
					"omitted":	false,
					"sender":	true
				}],
			"sum":	{
				"start":	45.000379,
				"end":	46.000619,
				"seconds":	1.0002399682998657,
				"bytes":	260640,
				"bits_per_second":	2084619.7573409644,
				"retransmits":	0,
				"omitted":	false,
				"sender":	true
			}
		}, {
			"streams":	[{
					"socket":	6,
					"start":	46.000619,
					"end":	47.000079,
					"seconds":	0.999459981918335,
					"bytes":	521280,
					"bits_per_second":	4172493.2217853889,
					"retransmits":	0,
					"snd_cwnd":	46336,
					"snd_wnd":	1838208,
					"rtt":	126467,
					"rttvar":	1088,
					"pmtu":	1500,
					"omitted":	false,
					"sender":	true
				}],
			"sum":	{
				"start":	46.000619,
				"end":	47.000079,
				"seconds":	0.999459981918335,
				"bytes":	521280,
				"bits_per_second":	4172493.2217853889,
				"retransmits":	0,
				"omitted":	false,
				"sender":	true
			}
		}, {
			"streams":	[{
					"socket":	6,
					"start":	47.000079,
					"end":	48.000346,
					"seconds":	1.0002670288085938,
					"bytes":	260640,
					"bits_per_second":	2084563.3615291326,
					"retransmits":	1,
					"snd_cwnd":	39096,
					"snd_wnd":	1838208,
					"rtt":	108409,
					"rttvar":	3054,
					"pmtu":	1500,
					"omitted":	false,
					"sender":	true
				}],
			"sum":	{
				"start":	47.000079,
				"end":	48.000346,
				"seconds":	1.0002670288085938,
				"bytes":	260640,
				"bits_per_second":	2084563.3615291326,
				"retransmits":	1,
				"omitted":	false,
				"sender":	true
			}
		}, {
			"streams":	[{
					"socket":	6,
					"start":	48.000346,
					"end":	49.000593,
					"seconds":	1.0002470016479492,
					"bytes":	260640,
					"bits_per_second":	2084605.0991051977,
					"retransmits":	0,
					"snd_cwnd":	47784,
					"snd_wnd":	1838208,
					"rtt":	123274,
					"rttvar":	1976,
					"pmtu":	1500,
					"omitted":	false,
					"sender":	true
				}],
			"sum":	{
				"start":	48.000346,
				"end":	49.000593,
				"seconds":	1.0002470016479492,
				"bytes":	260640,
				"bits_per_second":	2084605.0991051977,
				"retransmits":	0,
				"omitted":	false,
				"sender":	true
			}
		}, {
			"streams":	[{
					"socket":	6,
					"start":	49.000593,
					"end":	50.000199,
					"seconds":	0.99960601329803467,
					"bytes":	521280,
					"bits_per_second":	4171883.6666868208,
					"retransmits":	0,
					"snd_cwnd":	49232,
					"snd_wnd":	1838208,
					"rtt":	126554,
					"rttvar":	1955,
					"pmtu":	1500,
					"omitted":	false,
					"sender":	true
				}],
			"sum":	{
				"start":	49.000593,
				"end":	50.000199,
				"seconds":	0.99960601329803467,
				"bytes":	521280,
				"bits_per_second":	4171883.6666868208,
				"retransmits":	0,
				"omitted":	false,
				"sender":	true
			}
		}, {
			"streams":	[{
					"socket":	6,
					"start":	50.000199,
					"end":	51.000515,
					"seconds":	1.0003160238265991,
					"bytes":	260640,
					"bits_per_second":	2084461.2605760351,
					"retransmits":	0,
					"snd_cwnd":	53576,
					"snd_wnd":	1838208,
					"rtt":	121908,
					"rttvar":	889,
					"pmtu":	1500,
					"omitted":	false,
					"sender":	true
				}],
			"sum":	{
				"start":	50.000199,
				"end":	51.000515,
				"seconds":	1.0003160238265991,
				"bytes":	260640,
				"bits_per_second":	2084461.2605760351,
				"retransmits":	0,
				"omitted":	false,
				"sender":	true
			}
		}, {
			"streams":	[{
					"socket":	6,
					"start":	51.000515,
					"end":	52.000338,
					"seconds":	0.999822974205017,
					"bytes":	521280,
					"bits_per_second":	4170978.3707619407,
					"retransmits":	2,
					"snd_cwnd":	47784,
					"snd_wnd":	1838208,
					"rtt":	84834,
					"rttvar":	2898,
					"pmtu":	1500,
					"omitted":	false,
					"sender":	true
				}],
			"sum":	{
				"start":	51.000515,
				"end":	52.000338,
				"seconds":	0.999822974205017,
				"bytes":	521280,
				"bits_per_second":	4170978.3707619407,
				"retransmits":	2,
				"omitted":	false,
				"sender":	true
			}
		}, {
			"streams":	[{
					"socket":	6,
					"start":	52.000338,
					"end":	53.000293,
					"seconds":	0.99995499849319458,
					"bytes":	521280,
					"bits_per_second":	4170427.6755294218,
					"retransmits":	0,
					"snd_cwnd":	53576,
					"snd_wnd":	1838208,
					"rtt":	123586,
					"rttvar":	3501,
					"pmtu":	1500,
					"omitted":	false,
					"sender":	true
				}],
			"sum":	{
				"start":	52.000338,
				"end":	53.000293,
				"seconds":	0.99995499849319458,
				"bytes":	521280,
				"bits_per_second":	4170427.6755294218,
				"retransmits":	0,
				"omitted":	false,
				"sender":	true
			}
		}, {
			"streams":	[{
					"socket":	6,
					"start":	53.000293,
					"end":	54.000102,
					"seconds":	0.99980902671813965,
					"bytes":	521280,
					"bits_per_second":	4171036.5565399621,
					"retransmits":	0,
					"snd_cwnd":	56472,
					"snd_wnd":	1838208,
					"rtt":	126223,
					"rttvar":	728,
					"pmtu":	1500,
					"omitted":	false,
					"sender":	true
				}],
			"sum":	{
				"start":	53.000293,
				"end":	54.000102,
				"seconds":	0.99980902671813965,
				"bytes":	521280,
				"bits_per_second":	4171036.5565399621,
				"retransmits":	0,
				"omitted":	false,
				"sender":	true
			}
		}, {
			"streams":	[{
					"socket":	6,
					"start":	54.000102,
					"end":	55.000435,
					"seconds":	1.0003329515457153,
					"bytes":	260640,
					"bits_per_second":	2084425.9871456507,
					"retransmits":	2,
					"snd_cwnd":	49232,
					"snd_wnd":	1838208,
					"rtt":	120771,
					"rttvar":	1685,
					"pmtu":	1500,
					"omitted":	false,
					"sender":	true
				}],
			"sum":	{
				"start":	54.000102,
				"end":	55.000435,
				"seconds":	1.0003329515457153,
				"bytes":	260640,
				"bits_per_second":	2084425.9871456507,
				"retransmits":	2,
				"omitted":	false,
				"sender":	true
			}
		}, {
			"streams":	[{
					"socket":	6,
					"start":	55.000435,
					"end":	56.000139,
					"seconds":	0.99970400333404541,
					"bytes":	521280,
					"bits_per_second":	4171474.7426159279,
					"retransmits":	0,
					"snd_cwnd":	56472,
					"snd_wnd":	1838208,
					"rtt":	128070,
					"rttvar":	3223,
					"pmtu":	1500,
					"omitted":	false,
					"sender":	true
				}],
			"sum":	{
				"start":	55.000435,
				"end":	56.000139,
				"seconds":	0.99970400333404541,
				"bytes":	521280,
				"bits_per_second":	4171474.7426159279,
				"retransmits":	0,
				"omitted":	false,
				"sender":	true
			}
		}, {
			"streams":	[{
					"socket":	6,
					"start":	56.000139,
					"end":	57.000509,
					"seconds":	1.0003700256347656,
					"bytes":	260640,
					"bits_per_second":	2084348.7375353205,
					"retransmits":	2,
					"snd_cwnd":	49232,
					"snd_wnd":	1838208,
					"rtt":	122393,
					"rttvar":	3497,
					"pmtu":	1500,
					"omitted":	false,
					"sender":	true
				}],
			"sum":	{
				"start":	56.000139,
				"end":	57.000509,
				"seconds":	1.0003700256347656,
				"bytes":	260640,
				"bits_per_second":	2084348.7375353205,
				"retransmits":	2,
				"omitted":	false,
				"sender":	true
			}
		}, {
			"streams":	[{
					"socket":	6,
					"start":	57.000509,
					"end":	58.000777,
					"seconds":	1.00026798248291,
					"bytes":	260640,
					"bits_per_second":	2084561.374067199,
					"retransmits":	1,
					"snd_cwnd":	39096,
					"snd_wnd":	1838208,
					"rtt":	116286,
					"rttvar":	1248,
					"pmtu":	1500,
					"omitted":	false,
					"sender":	true
				}],
			"sum":	{
				"start":	57.000509,
				"end":	58.000777,
				"seconds":	1.00026798248291,
				"bytes":	260640,
				"bits_per_second":	2084561.374067199,
				"retransmits":	1,
				"omitted":	false,
				"sender":	true
			}
		}, {
			"streams":	[{
					"socket":	6,
					"start":	58.000777,
					"end":	59.000191,
					"seconds":	0.999414026737213,
					"bytes":	521280,
					"bits_per_second":	4172685.0818920182,
					"retransmits":	0,
					"snd_cwnd":	44888,
					"snd_wnd":	1838208,
					"rtt":	124138,
					"rttvar":	1882,
					"pmtu":	1500,
					"omitted":	false,
					"sender":	true
				}],
			"sum":	{
				"start":	58.000777,
				"end":	59.000191,
				"seconds":	0.999414026737213,
				"bytes":	521280,
				"bits_per_second":	4172685.0818920182,
				"retransmits":	0,
				"omitted":	false,
				"sender":	true
			}
		}, {
			"streams":	[{
					"socket":	6,
					"start":	59.000191,
					"end":	60.000413,
					"seconds":	1.0002219676971436,
					"bytes":	260640,
					"bits_per_second":	2084657.2734256841,
					"retransmits":	2,
					"snd_cwnd":	37648,
					"snd_wnd":	1838208,
					"rtt":	113496,
					"rttvar":	3093,
					"pmtu":	1500,
					"omitted":	false,
					"sender":	true
				}],
			"sum":	{
				"start":	59.000191,
				"end":	60.000413,
				"seconds":	1.0002219676971436,
				"bytes":	260640,
				"bits_per_second":	2084657.2734256841,
				"retransmits":	2,
				"omitted":	false,
				"sender":	true
			}
		}],
	"end":	{
		"streams":	[{
				"sender":	{
					"socket":	6,
					"start":	0,
					"end":	60.000413,
					"seconds":	60.000413,
					"bytes":	24277168,
					"bits_per_second":	3236933.4524414022,
					"retransmits":	89,
					"max_snd_cwnd":	68056,
					"max_snd_wnd":	1838208,
					"max_rtt":	129651,
					"min_rtt":	54462,
					"mean_rtt":	118138,
					"sender":	true
				},
				"receiver":	{
					"socket":	6,
					"start":	0,
					"end":	60.113466,
					"seconds":	60.000413,
					"bytes":	23742856,
					"bits_per_second":	3159738.7513805972,
					"sender":	true
				}
			}],
		"sum_sent":	{
			"start":	0,
			"end":	60.000413,
			"seconds":	60.000413,
			"bytes":	24277168,
			"bits_per_second":	3236933.4524414022,
			"retransmits":	89,
			"sender":	true
		},
		"sum_received":	{
			"start":	0,
			"end":	60.113466,
			"seconds":	60.113466,
			"bytes":	23742856,
			"bits_per_second":	3159738.7513805972,
			"sender":	true
		},
		"cpu_utilization_percent":	{
			"host_total":	0.1083161623999598,
			"host_user":	0.026693668411350659,
			"host_system":	0.081622493988609129,
			"remote_total":	0.32870164894795645,
			"remote_user":	0.0227087169134111,
			"remote_system":	0.30599126851415021
		},
		"sender_tcp_congestion":	"cubic",
		"receiver_tcp_congestion":	"cubic"
	}
}
