{
	"start":	{
		"connected":	[{
				"socket":	6,
				"local_host":	"192.168.101.210",
				"local_port":	41734,
				"remote_host":	"192.168.100.168",
				"remote_port":	5202
			}],
		"version":	"iperf 3.11",
		"system_info":	"Linux f1 6.0.10-300.fc37.x86_64 #1 SMP PREEMPT_DYNAMIC Sat Nov 26 16:55:13 UTC 2022 x86_64",
		"timestamp":	{
			"time":	"Sat, 10 Dec 2022 17:28:58 GMT",
			"timesecs":	1670693338
		},
		"connecting_to":	{
			"host":	"192.168.100.168",
			"port":	5202
		},
		"cookie":	"qu7jipacnkj7ocigw6pl4sjofamqxjyi2izn",
		"tcp_mss_default":	1448,
		"target_bitrate":	0,
		"sock_bufsize":	0,
		"sndbuf_actual":	16384,
		"rcvbuf_actual":	131072,
		"test_start":	{
			"protocol":	"TCP",
			"num_streams":	1,
			"blksize":	131072,
			"omit":	0,
			"duration":	60,
			"bytes":	0,
			"blocks":	0,
			"reverse":	0,
			"tos":	0,
			"target_bitrate":	0
		}
	},
	"intervals":	[{
			"streams":	[{
					"socket":	6,
					"start":	0,
					"end":	1.00024,
					"seconds":	1.0002399682998657,
					"bytes":	7340032,
					"bits_per_second":	58706168.380582079,
					"retransmits":	0,
					"snd_cwnd":	918032,
					"snd_wnd":	3143552,
					"rtt":	135611,
					"rttvar":	941,
					"pmtu":	1500,
					"omitted":	false,
					"sender":	true
				}],
			"sum":	{
				"start":	0,
				"end":	1.00024,
				"seconds":	1.0002399682998657,
				"bytes":	7340032,
				"bits_per_second":	58706168.380582079,
				"retransmits":	0,
				"omitted":	false,
				"sender":	true
			}
		}, {
			"streams":	[{
					"socket":	6,
					"start":	1.00024,
					"end":	2.000103,
					"seconds":	0.999863028526306,
					"bytes":	5242880,
					"bits_per_second":	41948785.787008911,
					"retransmits":	0,
					"snd_cwnd":	918032,
					"snd_wnd":	3143552,
					"rtt":	188871,
					"rttvar":	374,
					"pmtu":	1500,
					"omitted":	false,
					"sender":	true
				}],
			"sum":	{
				"start":	1.00024,
				"end":	2.000103,
				"seconds":	0.999863028526306,
				"bytes":	5242880,
				"bits_per_second":	41948785.787008911,
				"retransmits":	0,
				"omitted":	false,
				"sender":	true
			}
		}, {
			"streams":	[{
					"socket":	6,
					"start":	2.000103,
					"end":	3.000111,
					"seconds":	1.0000079870224,
					"bytes":	3932160,
					"bits_per_second":	31457028.752006724,
					"retransmits":	0,
					"snd_cwnd":	564720,
					"snd_wnd":	3143552,
					"rtt":	191234,
					"rttvar":	289,
					"pmtu":	1500,
					"omitted":	false,
					"sender":	true
				}],
			"sum":	{
				"start":	2.000103,
				"end":	3.000111,
				"seconds":	1.0000079870224,
				"bytes":	3932160,
				"bits_per_second":	31457028.752006724,
				"retransmits":	0,
				"omitted":	false,
				"sender":	true
			}
		}, {
			"streams":	[{
					"socket":	6,
					"start":	3.000111,
					"end":	4.00015,
					"seconds":	1.0000389814376831,
					"bytes":	2621440,
					"bits_per_second":	20970702.531866085,
					"retransmits":	0,
					"snd_cwnd":	385168,
					"snd_wnd":	3143552,
					"rtt":	224840,
					"rttvar":	514,
					"pmtu":	1500,
					"omitted":	false,
					"sender":	true
				}],
			"sum":	{
				"start":	3.000111,
				"end":	4.00015,
				"seconds":	1.0000389814376831,
				"bytes":	2621440,
				"bits_per_second":	20970702.531866085,
				"retransmits":	0,
				"omitted":	false,
				"sender":	true
			}
		}, {
			"streams":	[{
					"socket":	6,
					"start":	4.00015,
					"end":	5.000278,
					"seconds":	1.0001280307769775,
					"bytes":	1310720,
					"bits_per_second":	10484417.671859315,
					"retransmits":	0,
					"snd_cwnd":	385168,
					"snd_wnd":	3143552,
					"rtt":	251071,
					"rttvar":	797,
					"pmtu":	1500,
					"omitted":	false,
					"sender":	true
				}],
			"sum":	{
				"start":	4.00015,
				"end":	5.000278,
				"seconds":	1.0001280307769775,
				"bytes":	1310720,
				"bits_per_second":	10484417.671859315,
				"retransmits":	0,
				"omitted":	false,
				"sender":	true
			}
		}, {
			"streams":	[{
					"socket":	6,
					"start":	5.000278,
					"end":	6.000393,
					"seconds":	1.0001150369644165,
					"bytes":	1310720,
					"bits_per_second":	10484553.888747377,
					"retransmits":	0,
					"snd_cwnd":	393856,
					"snd_wnd":	3143552,
					"rtt":	250472,
					"rttvar":	5531,
					"pmtu":	1500,
					"omitted":	false,
					"sender":	true
				}],
			"sum":	{
				"start":	5.000278,
				"end":	6.000393,
				"seconds":	1.0001150369644165,
				"bytes":	1310720,
				"bits_per_second":	10484553.888747377,
				"retransmits":	0,
				"omitted":	false,
				"sender":	true
			}
		}, {
			"streams":	[{
					"socket":	6,
					"start":	6.000393,
					"end":	7.000477,
					"seconds":	1.0000840425491333,
					"bytes":	1310720,
					"bits_per_second":	10484878.824056273,
					"retransmits":	0,
					"snd_cwnd":	309872,
					"snd_wnd":	3143552,
					"rtt":	262702,
					"rttvar":	25566,
					"pmtu":	1500,
					"omitted":	false,
					"sender":	true
				}],
			"sum":	{
				"start":	6.000393,
				"end":	7.000477,
				"seconds":	1.0000840425491333,
				"bytes":	1310720,
				"bits_per_second":	10484878.824056273,
				"retransmits":	0,
				"omitted":	false,
				"sender":	true
			}
		}, {
			"streams":	[{
					"socket":	6,
					"start":	7.000477,
					"end":	8.000276,
					"seconds":	0.99979901313781738,
					"bytes":	1310720,
					"bits_per_second":	10487867.923664963,
					"retransmits":	0,
					"snd_cwnd":	309872,
					"snd_wnd":	3143552,
					"rtt":	280863,
					"rttvar":	11708,
					"pmtu":	1500,
					"omitted":	false,
					"sender":	true
				}],
			"sum":	{
				"start":	7.000477,
				"end":	8.000276,
				"seconds":	0.99979901313781738,
				"bytes":	1310720,
				"bits_per_second":	10487867.923664963,
				"retransmits":	0,
				"omitted":	false,
				"sender":	true
			}
		}, {
			"streams":	[{
					"socket":	6,
					"start":	8.000276,
					"end":	9.001064,
					"seconds":	1.0007879734039307,
					"bytes":	0,
					"bits_per_second":	0,
					"retransmits":	0,
					"snd_cwnd":	254848,
					"snd_wnd":	3143552,
					"rtt":	249383,
					"rttvar":	7890,
					"pmtu":	1500,
					"omitted":	false,
					"sender":	true
				}],
			"sum":	{
				"start":	8.000276,
				"end":	9.001064,
				"seconds":	1.0007879734039307,
				"bytes":	0,
				"bits_per_second":	0,
				"retransmits":	0,
				"omitted":	false,
				"sender":	true
			}
		}, {
			"streams":	[{
					"socket":	6,
					"start":	9.001064,
					"end":	10.000962,
					"seconds":	0.99989801645278931,
					"bytes":	1310720,
					"bits_per_second":	10486829.48406978,
					"retransmits":	0,
					"snd_cwnd":	199824,
					"snd_wnd":	3143552,
					"rtt":	259868,
					"rttvar":	23850,
					"pmtu":	1500,
					"omitted":	false,
					"sender":	true
				}],
			"sum":	{
				"start":	9.001064,
				"end":	10.000962,
				"seconds":	0.99989801645278931,
				"bytes":	1310720,
				"bits_per_second":	10486829.48406978,
				"retransmits":	0,
				"omitted":	false,
				"sender":	true
			}
		}, {
			"streams":	[{
					"socket":	6,
					"start":	10.000962,
					"end":	11.000075,
					"seconds":	0.99911302328109741,
					"bytes":	0,
					"bits_per_second":	0,
					"retransmits":	0,
					"snd_cwnd":	237472,
					"snd_wnd":	3143552,
					"rtt":	233264,
					"rttvar":	20566,
					"pmtu":	1500,
					"omitted":	false,
					"sender":	true
				}],
			"sum":	{
				"start":	10.000962,
				"end":	11.000075,
				"seconds":	0.99911302328109741,
				"bytes":	0,
				"bits_per_second":	0,
				"retransmits":	0,
				"omitted":	false,
				"sender":	true
			}
		}, {
			"streams":	[{
					"socket":	6,
					"start":	11.000075,
					"end":	12.000795,
					"seconds":	1.0007200241088867,
					"bytes":	1310720,
					"bits_per_second":	10478215.432270655,
					"retransmits":	0,
					"snd_cwnd":	700832,
					"snd_wnd":	3143552,
					"rtt":	285015,
					"rttvar":	9941,
					"pmtu":	1500,
					"omitted":	false,
					"sender":	true
				}],
			"sum":	{
				"start":	11.000075,
				"end":	12.000795,
				"seconds":	1.0007200241088867,
				"bytes":	1310720,
				"bits_per_second":	10478215.432270655,
				"retransmits":	0,
				"omitted":	false,
				"sender":	true
			}
		}, {
			"streams":	[{
					"socket":	6,
					"start":	12.000795,
					"end":	13.000636,
					"seconds":	0.99984097480773926,
					"bytes":	1310720,
					"bits_per_second":	10487427.765216684,
					"retransmits":	0,
					"snd_cwnd":	700832,
					"snd_wnd":	3143552,
					"rtt":	290282,
					"rttvar":	5705,
					"pmtu":	1500,
					"omitted":	false,
					"sender":	true
				}],
			"sum":	{
				"start":	12.000795,
				"end":	13.000636,
				"seconds":	0.99984097480773926,
				"bytes":	1310720,
				"bits_per_second":	10487427.765216684,
				"retransmits":	0,
				"omitted":	false,
				"sender":	true
			}
		}, {
			"streams":	[{
					"socket":	6,
					"start":	13.000636,
					"end":	14.000198,
					"seconds":	0.99956202507019043,
					"bytes":	1310720,
					"bits_per_second":	10490354.512281194,
					"retransmits":	0,
					"snd_cwnd":	764544,
					"snd_wnd":	3143552,
					"rtt":	297112,
					"rttvar":	3710,
					"pmtu":	1500,
					"omitted":	false,
					"sender":	true
				}],
			"sum":	{
				"start":	13.000636,
				"end":	14.000198,
				"seconds":	0.99956202507019043,
				"bytes":	1310720,
				"bits_per_second":	10490354.512281194,
				"retransmits":	0,
				"omitted":	false,
				"sender":	true
			}
		}, {
			"streams":	[{
					"socket":	6,
					"start":	14.000198,
					"end":	15.000764,
					"seconds":	1.0005660057067871,
					"bytes":	1310720,
					"bits_per_second":	10479828.357343594,
					"retransmits":	0,
					"snd_cwnd":	848528,
					"snd_wnd":	3143552,
					"rtt":	301570,
					"rttvar":	4369,
					"pmtu":	1500,
					"omitted":	false,
					"sender":	true
				}],
			"sum":	{
				"start":	14.000198,
				"end":	15.000764,
				"seconds":	1.0005660057067871,
				"bytes":	1310720,
				"bits_per_second":	10479828.357343594,
				"retransmits":	0,
				"omitted":	false,
				"sender":	true
			}
		}, {
			"streams":	[{
					"socket":	6,
					"start":	15.000764,
					"end":	16.000122,
					"seconds":	0.99935799837112427,
					"bytes":	2621440,
					"bits_per_second":	20984992.3993023,
					"retransmits":	0,
					"snd_cwnd":	894864,
					"snd_wnd":	3143552,
					"rtt":	296584,
					"rttvar":	12393,
					"pmtu":	1500,
					"omitted":	false,
					"sender":	true
				}],
			"sum":	{
				"start":	15.000764,
				"end":	16.000122,
				"seconds":	0.99935799837112427,
				"bytes":	2621440,
				"bits_per_second":	20984992.3993023,
				"retransmits":	0,
				"omitted":	false,
				"sender":	true
			}
		}, {
			"streams":	[{
					"socket":	6,
					"start":	16.000122,
					"end":	17.000456,
					"seconds":	1.0003340244293213,
					"bytes":	1310720,
					"bits_per_second":	10482258.669529913,
					"retransmits":	0,
					"snd_cwnd":	1045456,
					"snd_wnd":	3143552,
					"rtt":	255929,
					"rttvar":	8731,
					"pmtu":	1500,
					"omitted":	false,
					"sender":	true
				}],
			"sum":	{
				"start":	16.000122,
				"end":	17.000456,
				"seconds":	1.0003340244293213,
				"bytes":	1310720,
				"bits_per_second":	10482258.669529913,
				"retransmits":	0,
				"omitted":	false,
				"sender":	true
			}
		}, {
			"streams":	[{
					"socket":	6,
					"start":	17.000456,
					"end":	18.000077,
					"seconds":	0.99962097406387329,
					"bytes":	2621440,
					"bits_per_second":	20979471.763924766,
					"retransmits":	0,
					"snd_cwnd":	1045456,
					"snd_wnd":	3143552,
					"rtt":	315050,
					"rttvar":	1195,
					"pmtu":	1500,
					"omitted":	false,
					"sender":	true
				}],
			"sum":	{
				"start":	17.000456,
				"end":	18.000077,
				"seconds":	0.99962097406387329,
				"bytes":	2621440,
				"bits_per_second":	20979471.763924766,
				"retransmits":	0,
				"omitted":	false,
				"sender":	true
			}
		}, {
			"streams":	[{
					"socket":	6,
					"start":	18.000077,
					"end":	19.000275,
					"seconds":	1.0001980066299438,
					"bytes":	1310720,
					"bits_per_second":	10483684.161029879,
					"retransmits":	0,
					"snd_cwnd":	1230800,
					"snd_wnd":	3143552,
					"rtt":	269029,
					"rttvar":	9452,
					"pmtu":	1500,
					"omitted":	false,
					"sender":	true
				}],
			"sum":	{
				"start":	18.000077,
				"end":	19.000275,
				"seconds":	1.0001980066299438,
				"bytes":	1310720,
				"bits_per_second":	10483684.161029879,
				"retransmits":	0,
				"omitted":	false,
				"sender":	true
			}
		}, {
			"streams":	[{
					"socket":	6,
					"start":	19.000275,
					"end":	20.000273,
					"seconds":	0.99999797344207764,
					"bytes":	2621440,
					"bits_per_second":	20971562.500086129,
					"retransmits":	0,
					"snd_cwnd":	1227904,
					"snd_wnd":	3143552,
					"rtt":	321388,
					"rttvar":	4744,
					"pmtu":	1500,
					"omitted":	false,
					"sender":	true
				}],
			"sum":	{
				"start":	19.000275,
				"end":	20.000273,
				"seconds":	0.99999797344207764,
				"bytes":	2621440,
				"bits_per_second":	20971562.500086129,
				"retransmits":	0,
				"omitted":	false,
				"sender":	true
			}
		}, {
			"streams":	[{
					"socket":	6,
					"start":	20.000273,
					"end":	21.000297,
					"seconds":	1.0000239610672,
					"bytes":	2621440,
					"bits_per_second":	20971017.512040149,
					"retransmits":	0,
					"snd_cwnd":	5792,
					"snd_wnd":	3143552,
					"rtt":	334810,
					"rttvar":	1840,
					"pmtu":	1500,
					"omitted":	false,
					"sender":	true
				}],
			"sum":	{
				"start":	20.000273,
				"end":	21.000297,
				"seconds":	1.0000239610672,
				"bytes":	2621440,
				"bits_per_second":	20971017.512040149,
				"retransmits":	0,
				"omitted":	false,
				"sender":	true
			}
		}, {
			"streams":	[{
					"socket":	6,
					"start":	21.000297,
					"end":	22.000871,
					"seconds":	1.000573992729187,
					"bytes":	1310720,
					"bits_per_second":	10479744.702736894,
					"retransmits":	0,
					"snd_cwnd":	1421936,
					"snd_wnd":	3143552,
					"rtt":	310449,
					"rttvar":	1811,
					"pmtu":	1500,
					"omitted":	false,
					"sender":	true
				}],
			"sum":	{
				"start":	21.000297,
				"end":	22.000871,
				"seconds":	1.000573992729187,
				"bytes":	1310720,
				"bits_per_second":	10479744.702736894,
				"retransmits":	0,
				"omitted":	false,
				"sender":	true
			}
		}, {
			"streams":	[{
					"socket":	6,
					"start":	22.000871,
					"end":	23.000215,
					"seconds":	0.999343991279602,
					"bytes":	2621440,
					"bits_per_second":	20985286.530964363,
					"retransmits":	0,
					"snd_cwnd":	1416144,
					"snd_wnd":	3143552,
					"rtt":	323591,
					"rttvar":	3283,
					"pmtu":	1500,
					"omitted":	false,
					"sender":	true
				}],
			"sum":	{
				"start":	22.000871,
				"end":	23.000215,
				"seconds":	0.999343991279602,
				"bytes":	2621440,
				"bits_per_second":	20985286.530964363,
				"retransmits":	0,
				"omitted":	false,
				"sender":	true
			}
		}, {
			"streams":	[{
					"socket":	6,
					"start":	23.000215,
					"end":	24.0003,
					"seconds":	1.00008499622345,
					"bytes":	2621440,
					"bits_per_second":	20969737.651492894,
					"retransmits":	0,
					"snd_cwnd":	1607280,
					"snd_wnd":	3143808,
					"rtt":	342976,
					"rttvar":	934,
					"pmtu":	1500,
					"omitted":	false,
					"sender":	true
				}],
			"sum":	{
				"start":	23.000215,
				"end":	24.0003,
				"seconds":	1.00008499622345,
				"bytes":	2621440,
				"bits_per_second":	20969737.651492894,
				"retransmits":	0,
				"omitted":	false,
				"sender":	true
			}
		}, {
			"streams":	[{
					"socket":	6,
					"start":	24.0003,
					"end":	25.000432,
					"seconds":	1.0001319646835327,
					"bytes":	2621440,
					"bits_per_second":	20968752.865164071,
					"retransmits":	0,
					"snd_cwnd":	1607280,
					"snd_wnd":	3143808,
					"rtt":	346106,
					"rttvar":	4487,
					"pmtu":	1500,
					"omitted":	false,
					"sender":	true
				}],
			"sum":	{
				"start":	24.0003,
				"end":	25.000432,
				"seconds":	1.0001319646835327,
				"bytes":	2621440,
				"bits_per_second":	20968752.865164071,
				"retransmits":	0,
				"omitted":	false,
				"sender":	true
			}
		}, {
			"streams":	[{
					"socket":	6,
					"start":	25.000432,
					"end":	26.000225,
					"seconds":	0.999792993068695,
					"bytes":	3932160,
					"bits_per_second":	31463793.223282363,
					"retransmits":	0,
					"snd_cwnd":	1812896,
					"snd_wnd":	3143936,
					"rtt":	292979,
					"rttvar":	4410,
					"pmtu":	1500,
					"omitted":	false,
					"sender":	true
				}],
			"sum":	{
				"start":	25.000432,
				"end":	26.000225,
				"seconds":	0.999792993068695,
				"bytes":	3932160,
				"bits_per_second":	31463793.223282363,
				"retransmits":	0,
				"omitted":	false,
				"sender":	true
			}
		}, {
			"streams":	[{
					"socket":	6,
					"start":	26.000225,
					"end":	27.000128,
					"seconds":	0.99990302324295044,
					"bytes":	3932160,
					"bits_per_second":	31460330.920868412,
					"retransmits":	0,
					"snd_cwnd":	1821584,
					"snd_wnd":	3143936,
					"rtt":	363947,
					"rttvar":	2354,
					"pmtu":	1500,
					"omitted":	false,
					"sender":	true
				}],
			"sum":	{
				"start":	26.000225,
				"end":	27.000128,
				"seconds":	0.99990302324295044,
				"bytes":	3932160,
				"bits_per_second":	31460330.920868412,
				"retransmits":	0,
				"omitted":	false,
				"sender":	true
			}
		}, {
			"streams":	[{
					"socket":	6,
					"start":	27.000128,
					"end":	28.000352,
					"seconds":	1.0002239942550659,
					"bytes":	2621440,
					"bits_per_second":	20966823.551977377,
					"retransmits":	0,
					"snd_cwnd":	2050368,
					"snd_wnd":	3143936,
					"rtt":	350274,
					"rttvar":	3163,
					"pmtu":	1500,
					"omitted":	false,
					"sender":	true
				}],
			"sum":	{
				"start":	27.000128,
				"end":	28.000352,
				"seconds":	1.0002239942550659,
				"bytes":	2621440,
				"bits_per_second":	20966823.551977377,
				"retransmits":	0,
				"omitted":	false,
				"sender":	true
			}
		}, {
			"streams":	[{
					"socket":	6,
					"start":	28.000352,
					"end":	29.000072,
					"seconds":	0.99971997737884521,
					"bytes":	5242880,
					"bits_per_second":	41954788.2897869,
					"retransmits":	0,
					"snd_cwnd":	2064848,
					"snd_wnd":	3143936,
					"rtt":	343783,
					"rttvar":	3678,
					"pmtu":	1500,
					"omitted":	false,
					"sender":	true
				}],
			"sum":	{
				"start":	28.000352,
				"end":	29.000072,
				"seconds":	0.99971997737884521,
				"bytes":	5242880,
				"bits_per_second":	41954788.2897869,
				"retransmits":	0,
				"omitted":	false,
				"sender":	true
			}
		}, {
			"streams":	[{
					"socket":	6,
					"start":	29.000072,
					"end":	30.000169,
					"seconds":	1.0000970363616943,
					"bytes":	3932160,
					"bits_per_second":	31454227.796174753,
					"retransmits":	0,
					"snd_cwnd":	2287840,
					"snd_wnd":	3143936,
					"rtt":	390887,
					"rttvar":	2367,
					"pmtu":	1500,
					"omitted":	false,
					"sender":	true
				}],
			"sum":	{
				"start":	29.000072,
				"end":	30.000169,
				"seconds":	1.0000970363616943,
				"bytes":	3932160,
				"bits_per_second":	31454227.796174753,
				"retransmits":	0,
				"omitted":	false,
				"sender":	true
			}
		}, {
			"streams":	[{
					"socket":	6,
					"start":	30.000169,
					"end":	31.000196,
					"seconds":	1.0000269412994385,
					"bytes":	3932160,
					"bits_per_second":	31456432.522832137,
					"retransmits":	0,
					"snd_cwnd":	2516624,
					"snd_wnd":	3143936,
					"rtt":	405254,
					"rttvar":	12920,
					"pmtu":	1500,
					"omitted":	false,
					"sender":	true
				}],
			"sum":	{
				"start":	30.000169,
				"end":	31.000196,
				"seconds":	1.0000269412994385,
				"bytes":	3932160,
				"bits_per_second":	31456432.522832137,
				"retransmits":	0,
				"omitted":	false,
				"sender":	true
			}
		}, {
			"streams":	[{
					"socket":	6,
					"start":	31.000196,
					"end":	32.000147,
					"seconds":	0.99995100498199463,
					"bytes":	5242880,
					"bits_per_second":	41945095.1006897,
					"retransmits":	0,
					"snd_cwnd":	5792,
					"snd_wnd":	3143936,
					"rtt":	363875,
					"rttvar":	3945,
					"pmtu":	1500,
					"omitted":	false,
					"sender":	true
				}],
			"sum":	{
				"start":	31.000196,
				"end":	32.000147,
				"seconds":	0.99995100498199463,
				"bytes":	5242880,
				"bits_per_second":	41945095.1006897,
				"retransmits":	0,
				"omitted":	false,
				"sender":	true
			}
		}, {
			"streams":	[{
					"socket":	6,
					"start":	32.000147,
					"end":	33.000929,
					"seconds":	1.0007820129394531,
					"bytes":	1310720,
					"bits_per_second":	10477566.407495359,
					"retransmits":	0,
					"snd_cwnd":	2591920,
					"snd_wnd":	3143936,
					"rtt":	364766,
					"rttvar":	3225,
					"pmtu":	1500,
					"omitted":	false,
					"sender":	true
				}],
			"sum":	{
				"start":	32.000147,
				"end":	33.000929,
				"seconds":	1.0007820129394531,
				"bytes":	1310720,
				"bits_per_second":	10477566.407495359,
				"retransmits":	0,
				"omitted":	false,
				"sender":	true
			}
		}, {
			"streams":	[{
					"socket":	6,
					"start":	33.000929,
					"end":	34.000186,
					"seconds":	0.99925702810287476,
					"bytes":	5242880,
					"bits_per_second":	41974225.67007646,
					"retransmits":	0,
					"snd_cwnd":	2785952,
					"snd_wnd":	3143936,
					"rtt":	392304,
					"rttvar":	4774,
					"pmtu":	1500,
					"omitted":	false,
					"sender":	true
				}],
			"sum":	{
				"start":	33.000929,
				"end":	34.000186,
				"seconds":	0.99925702810287476,
				"bytes":	5242880,
				"bits_per_second":	41974225.67007646,
				"retransmits":	0,
				"omitted":	false,
				"sender":	true
			}
		}, {
			"streams":	[{
					"socket":	6,
					"start":	34.000186,
					"end":	35.000086,
					"seconds":	0.999899983406067,
					"bytes":	5242880,
					"bits_per_second":	41947235.419611581,
					"retransmits":	0,
					"snd_cwnd":	2806224,
					"snd_wnd":	3143936,
					"rtt":	378761,
					"rttvar":	4541,
					"pmtu":	1500,
					"omitted":	false,
					"sender":	true
				}],
			"sum":	{
				"start":	34.000186,
				"end":	35.000086,
				"seconds":	0.999899983406067,
				"bytes":	5242880,
				"bits_per_second":	41947235.419611581,
				"retransmits":	0,
				"omitted":	false,
				"sender":	true
			}
		}, {
			"streams":	[{
					"socket":	6,
					"start":	35.000086,
					"end":	36.000128,
					"seconds":	1.0000419616699219,
					"bytes":	5242880,
					"bits_per_second":	41941280.07384944,
					"retransmits":	0,
					"snd_cwnd":	2988672,
					"snd_wnd":	3143936,
					"rtt":	392828,
					"rttvar":	27933,
					"pmtu":	1500,
					"omitted":	false,
					"sender":	true
				}],
			"sum":	{
				"start":	35.000086,
				"end":	36.000128,
				"seconds":	1.0000419616699219,
				"bytes":	5242880,
				"bits_per_second":	41941280.07384944,
				"retransmits":	0,
				"omitted":	false,
				"sender":	true
			}
		}, {
			"streams":	[{
					"socket":	6,
					"start":	36.000128,
					"end":	37.000146,
					"seconds":	1.0000180006027222,
					"bytes":	5242880,
					"bits_per_second":	41942285.0135902,
					"retransmits":	0,
					"snd_cwnd":	2982880,
					"snd_wnd":	3143936,
					"rtt":	430232,
					"rttvar":	3518,
					"pmtu":	1500,
					"omitted":	false,
					"sender":	true
				}],
			"sum":	{
				"start":	36.000128,
				"end":	37.000146,
				"seconds":	1.0000180006027222,
				"bytes":	5242880,
				"bits_per_second":	41942285.0135902,
				"retransmits":	0,
				"omitted":	false,
				"sender":	true
			}
		}, {
			"streams":	[{
					"socket":	6,
					"start":	37.000146,
					"end":	38.000165,
					"seconds":	1.0000189542770386,
					"bytes":	5242880,
					"bits_per_second":	41942245.015068367,
					"retransmits":	0,
					"snd_cwnd":	3121888,
					"snd_wnd":	3143936,
					"rtt":	434328,
					"rttvar":	4210,
					"pmtu":	1500,
					"omitted":	false,
					"sender":	true
				}],
			"sum":	{
				"start":	37.000146,
				"end":	38.000165,
				"seconds":	1.0000189542770386,
				"bytes":	5242880,
				"bits_per_second":	41942245.015068367,
				"retransmits":	0,
				"omitted":	false,
				"sender":	true
			}
		}, {
			"streams":	[{
					"socket":	6,
					"start":	38.000165,
					"end":	39.000183,
					"seconds":	1.0000180006027222,
					"bytes":	5242880,
					"bits_per_second":	41942285.0135902,
					"retransmits":	0,
					"snd_cwnd":	3020528,
					"snd_wnd":	3143936,
					"rtt":	449635,
					"rttvar":	5102,
					"pmtu":	1500,
					"omitted":	false,
					"sender":	true
				}],
			"sum":	{
				"start":	38.000165,
				"end":	39.000183,
				"seconds":	1.0000180006027222,
				"bytes":	5242880,
				"bits_per_second":	41942285.0135902,
				"retransmits":	0,
				"omitted":	false,
				"sender":	true
			}
		}, {
			"streams":	[{
					"socket":	6,
					"start":	39.000183,
					"end":	40.000194,
					"seconds":	1.0000109672546387,
					"bytes":	5242880,
					"bits_per_second":	41942580.005044885,
					"retransmits":	0,
					"snd_cwnd":	3035008,
					"snd_wnd":	3143936,
					"rtt":	435828,
					"rttvar":	2134,
					"pmtu":	1500,
					"omitted":	false,
					"sender":	true
				}],
			"sum":	{
				"start":	39.000183,
				"end":	40.000194,
				"seconds":	1.0000109672546387,
				"bytes":	5242880,
				"bits_per_second":	41942580.005044885,
				"retransmits":	0,
				"omitted":	false,
				"sender":	true
			}
		}, {
			"streams":	[{
					"socket":	6,
					"start":	40.000194,
					"end":	41.000117,
					"seconds":	0.9999229907989502,
					"bytes":	5242880,
					"bits_per_second":	41946270.248758875,
					"retransmits":	0,
					"snd_cwnd":	3058176,
					"snd_wnd":	3143936,
					"rtt":	434244,
					"rttvar":	2556,
					"pmtu":	1500,
					"omitted":	false,
					"sender":	true
				}],
			"sum":	{
				"start":	40.000194,
				"end":	41.000117,
				"seconds":	0.9999229907989502,
				"bytes":	5242880,
				"bits_per_second":	41946270.248758875,
				"retransmits":	0,
				"omitted":	false,
				"sender":	true
			}
		}, {
			"streams":	[{
					"socket":	6,
					"start":	41.000117,
					"end":	42.000209,
					"seconds":	1.0000920295715332,
					"bytes":	5242880,
					"bits_per_second":	41939180.35520146,
					"retransmits":	0,
					"snd_cwnd":	3037904,
					"snd_wnd":	3143936,
					"rtt":	421364,
					"rttvar":	6676,
					"pmtu":	1500,
					"omitted":	false,
					"sender":	true
				}],
			"sum":	{
				"start":	41.000117,
				"end":	42.000209,
				"seconds":	1.0000920295715332,
				"bytes":	5242880,
				"bits_per_second":	41939180.35520146,
				"retransmits":	0,
				"omitted":	false,
				"sender":	true
			}
		}, {
			"streams":	[{
					"socket":	6,
					"start":	42.000209,
					"end":	43.00008,
					"seconds":	0.999871015548706,
					"bytes":	6553600,
					"bits_per_second":	52435563.372369871,
					"retransmits":	0,
					"snd_cwnd":	5792,
					"snd_wnd":	3143936,
					"rtt":	402135,
					"rttvar":	2845,
					"pmtu":	1500,
					"omitted":	false,
					"sender":	true
				}],
			"sum":	{
				"start":	42.000209,
				"end":	43.00008,
				"seconds":	0.999871015548706,
				"bytes":	6553600,
				"bits_per_second":	52435563.372369871,
				"retransmits":	0,
				"omitted":	false,
				"sender":	true
			}
		}, {
			"streams":	[{
					"socket":	6,
					"start":	43.00008,
					"end":	44.000245,
					"seconds":	1.0001649856567383,
					"bytes":	1310720,
					"bits_per_second":	10484030.2853781,
					"retransmits":	0,
					"snd_cwnd":	3182704,
					"snd_wnd":	3143936,
					"rtt":	373015,
					"rttvar":	4492,
					"pmtu":	1500,
					"omitted":	false,
					"sender":	true
				}],
			"sum":	{
				"start":	43.00008,
				"end":	44.000245,
				"seconds":	1.0001649856567383,
				"bytes":	1310720,
				"bits_per_second":	10484030.2853781,
				"retransmits":	0,
				"omitted":	false,
				"sender":	true
			}
		}, {
			"streams":	[{
					"socket":	6,
					"start":	44.000245,
					"end":	45.000072,
					"seconds":	0.99982702732086182,
					"bytes":	6553600,
					"bits_per_second":	52437870.318917364,
					"retransmits":	0,
					"snd_cwnd":	3176912,
					"snd_wnd":	3143936,
					"rtt":	383931,
					"rttvar":	3008,
					"pmtu":	1500,
					"omitted":	false,
					"sender":	true
				}],
			"sum":	{
				"start":	44.000245,
				"end":	45.000072,
				"seconds":	0.99982702732086182,
				"bytes":	6553600,
				"bits_per_second":	52437870.318917364,
				"retransmits":	0,
				"omitted":	false,
				"sender":	true
			}
		}, {
			"streams":	[{
					"socket":	6,
					"start":	45.000072,
					"end":	46.000073,
					"seconds":	1.0000009536743164,
					"bytes":	5242880,
					"bits_per_second":	41943000.000038147,
					"retransmits":	0,
					"snd_cwnd":	3200080,
					"snd_wnd":	3143936,
					"rtt":	360054,
					"rttvar":	2881,
					"pmtu":	1500,
					"omitted":	false,
					"sender":	true
				}],
			"sum":	{
				"start":	45.000072,
				"end":	46.000073,
				"seconds":	1.0000009536743164,
				"bytes":	5242880,
				"bits_per_second":	41943000.000038147,
				"retransmits":	0,
				"omitted":	false,
				"sender":	true
			}
		}, {
			"streams":	[{
					"socket":	6,
					"start":	46.000073,
					"end":	47.000073,
					"seconds":	1,
					"bytes":	5242880,
					"bits_per_second":	41943040,
					"retransmits":	0,
					"snd_cwnd":	3197184,
					"snd_wnd":	3143936,
					"rtt":	378445,
					"rttvar":	3626,
					"pmtu":	1500,
					"omitted":	false,
					"sender":	true
				}],
			"sum":	{
				"start":	46.000073,
				"end":	47.000073,
				"seconds":	1,
				"bytes":	5242880,
				"bits_per_second":	41943040,
				"retransmits":	0,
				"omitted":	false,
				"sender":	true
			}
		}, {
			"streams":	[{
					"socket":	6,
					"start":	47.000073,
					"end":	48.000079,
					"seconds":	1.0000059604644775,
					"bytes":	5242880,
					"bits_per_second":	41942790.0014901,
					"retransmits":	0,
					"snd_cwnd":	3220352,
					"snd_wnd":	3143936,
					"rtt":	429835,
					"rttvar":	3538,
					"pmtu":	1500,
					"omitted":	false,
					"sender":	true
				}],
			"sum":	{
				"start":	47.000073,
				"end":	48.000079,
				"seconds":	1.0000059604644775,
				"bytes":	5242880,
				"bits_per_second":	41942790.0014901,
				"retransmits":	0,
				"omitted":	false,
				"sender":	true
			}
		}, {
			"streams":	[{
					"socket":	6,
					"start":	48.000079,
					"end":	49.000128,
					"seconds":	1.0000489950180054,
					"bytes":	5242880,
					"bits_per_second":	41940985.10067983,
					"retransmits":	0,
					"snd_cwnd":	3214560,
					"snd_wnd":	3143936,
					"rtt":	433022,
					"rttvar":	3519,
					"pmtu":	1500,
					"omitted":	false,
					"sender":	true
				}],
			"sum":	{
				"start":	48.000079,
				"end":	49.000128,
				"seconds":	1.0000489950180054,
				"bytes":	5242880,
				"bits_per_second":	41940985.10067983,
				"retransmits":	0,
				"omitted":	false,
				"sender":	true
			}
		}, {
			"streams":	[{
					"socket":	6,
					"start":	49.000128,
					"end":	50.000129,
					"seconds":	1.0000009536743164,
					"bytes":	5242880,
					"bits_per_second":	41943000.000038147,
					"retransmits":	0,
					"snd_cwnd":	3156640,
					"snd_wnd":	3143936,
					"rtt":	415592,
					"rttvar":	3597,
					"pmtu":	1500,
					"omitted":	false,
					"sender":	true
				}],
			"sum":	{
				"start":	49.000128,
				"end":	50.000129,
				"seconds":	1.0000009536743164,
				"bytes":	5242880,
				"bits_per_second":	41943000.000038147,
				"retransmits":	0,
				"omitted":	false,
				"sender":	true
			}
		}, {
			"streams":	[{
					"socket":	6,
					"start":	50.000129,
					"end":	51.00023,
					"seconds":	1.0001009702682495,
					"bytes":	5242880,
					"bits_per_second":	41938805.427565917,
					"retransmits":	0,
					"snd_cwnd":	3202976,
					"snd_wnd":	3143936,
					"rtt":	408905,
					"rttvar":	5160,
					"pmtu":	1500,
					"omitted":	false,
					"sender":	true
				}],
			"sum":	{
				"start":	50.000129,
				"end":	51.00023,
				"seconds":	1.0001009702682495,
				"bytes":	5242880,
				"bits_per_second":	41938805.427565917,
				"retransmits":	0,
				"omitted":	false,
				"sender":	true
			}
		}, {
			"streams":	[{
					"socket":	6,
					"start":	51.00023,
					"end":	52.000108,
					"seconds":	0.99987798929214478,
					"bytes":	5242880,
					"bits_per_second":	41948158.124465987,
					"retransmits":	0,
					"snd_cwnd":	3202976,
					"snd_wnd":	3143936,
					"rtt":	388294,
					"rttvar":	3803,
					"pmtu":	1500,
					"omitted":	false,
					"sender":	true
				}],
			"sum":	{
				"start":	51.00023,
				"end":	52.000108,
				"seconds":	0.99987798929214478,
				"bytes":	5242880,
				"bits_per_second":	41948158.124465987,
				"retransmits":	0,
				"omitted":	false,
				"sender":	true
			}
		}, {
			"streams":	[{
					"socket":	6,
					"start":	52.000108,
					"end":	53.00007,
					"seconds":	0.9999619722366333,
					"bytes":	6553600,
					"bits_per_second":	52430793.825820737,
					"retransmits":	0,
					"snd_cwnd":	3168224,
					"snd_wnd":	3143936,
					"rtt":	369128,
					"rttvar":	4302,
					"pmtu":	1500,
					"omitted":	false,
					"sender":	true
				}],
			"sum":	{
				"start":	52.000108,
				"end":	53.00007,
				"seconds":	0.9999619722366333,
				"bytes":	6553600,
				"bits_per_second":	52430793.825820737,
				"retransmits":	0,
				"omitted":	false,
				"sender":	true
			}
		}, {
			"streams":	[{
					"socket":	6,
					"start":	53.00007,
					"end":	54.000216,
					"seconds":	1.0001460313797,
					"bytes":	5242880,
					"bits_per_second":	41936915.8943116,
					"retransmits":	0,
					"snd_cwnd":	5792,
					"snd_wnd":	3143936,
					"rtt":	416107,
					"rttvar":	3758,
					"pmtu":	1500,
					"omitted":	false,
					"sender":	true
				}],
			"sum":	{
				"start":	53.00007,
				"end":	54.000216,
				"seconds":	1.0001460313797,
				"bytes":	5242880,
				"bits_per_second":	41936915.8943116,
				"retransmits":	0,
				"omitted":	false,
				"sender":	true
			}
		}, {
			"streams":	[{
					"socket":	6,
					"start":	54.000216,
					"end":	55.000074,
					"seconds":	0.999858021736145,
					"bytes":	2621440,
					"bits_per_second":	20974497.92280031,
					"retransmits":	0,
					"snd_cwnd":	2945232,
					"snd_wnd":	3143936,
					"rtt":	386919,
					"rttvar":	3406,
					"pmtu":	1500,
					"omitted":	false,
					"sender":	true
				}],
			"sum":	{
				"start":	54.000216,
				"end":	55.000074,
				"seconds":	0.999858021736145,
				"bytes":	2621440,
				"bits_per_second":	20974497.92280031,
				"retransmits":	0,
				"omitted":	false,
				"sender":	true
			}
		}, {
			"streams":	[{
					"socket":	6,
					"start":	55.000074,
					"end":	56.000076,
					"seconds":	1.0000020265579224,
					"bytes":	5242880,
					"bits_per_second":	41942955.000172257,
					"retransmits":	0,
					"snd_cwnd":	3101616,
					"snd_wnd":	3143936,
					"rtt":	356356,
					"rttvar":	6038,
					"pmtu":	1500,
					"omitted":	false,
					"sender":	true
				}],
			"sum":	{
				"start":	55.000074,
				"end":	56.000076,
				"seconds":	1.0000020265579224,
				"bytes":	5242880,
				"bits_per_second":	41942955.000172257,
				"retransmits":	0,
				"omitted":	false,
				"sender":	true
			}
		}, {
			"streams":	[{
					"socket":	6,
					"start":	56.000076,
					"end":	57.000082,
					"seconds":	1.0000059604644775,
					"bytes":	5242880,
					"bits_per_second":	41942790.0014901,
					"retransmits":	0,
					"snd_cwnd":	3116096,
					"snd_wnd":	3143936,
					"rtt":	373385,
					"rttvar":	5628,
					"pmtu":	1500,
					"omitted":	false,
					"sender":	true
				}],
			"sum":	{
				"start":	56.000076,
				"end":	57.000082,
				"seconds":	1.0000059604644775,
				"bytes":	5242880,
				"bits_per_second":	41942790.0014901,
				"retransmits":	0,
				"omitted":	false,
				"sender":	true
			}
		}, {
			"streams":	[{
					"socket":	6,
					"start":	57.000082,
					"end":	58.000096,
					"seconds":	1.0000139474868774,
					"bytes":	5242880,
					"bits_per_second":	41942455.008159168,
					"retransmits":	0,
					"snd_cwnd":	3110304,
					"snd_wnd":	3143936,
					"rtt":	391694,
					"rttvar":	3580,
					"pmtu":	1500,
					"omitted":	false,
					"sender":	true
				}],
			"sum":	{
				"start":	57.000082,
				"end":	58.000096,
				"seconds":	1.0000139474868774,
				"bytes":	5242880,
				"bits_per_second":	41942455.008159168,
				"retransmits":	0,
				"omitted":	false,
				"sender":	true
			}
		}, {
			"streams":	[{
					"socket":	6,
					"start":	58.000096,
					"end":	59.000146,
					"seconds":	1.0000499486923218,
					"bytes":	5242880,
					"bits_per_second":	41940945.104637288,
					"retransmits":	0,
					"snd_cwnd":	3104512,
					"snd_wnd":	3143936,
					"rtt":	416371,
					"rttvar":	3736,
					"pmtu":	1500,
					"omitted":	false,
					"sender":	true
				}],
			"sum":	{
				"start":	58.000096,
				"end":	59.000146,
				"seconds":	1.0000499486923218,
				"bytes":	5242880,
				"bits_per_second":	41940945.104637288,
				"retransmits":	0,
				"omitted":	false,
				"sender":	true
			}
		}, {
			"streams":	[{
					"socket":	6,
					"start":	59.000146,
					"end":	60.000148,
					"seconds":	1.0000020265579224,
					"bytes":	5242880,
					"bits_per_second":	41942955.000172257,
					"retransmits":	0,
					"snd_cwnd":	3147952,
					"snd_wnd":	3143936,
					"rtt":	398443,
					"rttvar":	3752,
					"pmtu":	1500,
					"omitted":	false,
					"sender":	true
				}],
			"sum":	{
				"start":	59.000146,
				"end":	60.000148,
				"seconds":	1.0000020265579224,
				"bytes":	5242880,
				"bits_per_second":	41942955.000172257,
				"retransmits":	0,
				"omitted":	false,
				"sender":	true
			}
		}],
	"end":	{
		"streams":	[{
				"sender":	{
					"socket":	6,
					"start":	0,
					"end":	60.000148,
					"seconds":	60.000148,
					"bytes":	222298112,
					"bits_per_second":	29639675.15546795,
					"retransmits":	0,
					"max_snd_cwnd":	3220352,
					"max_snd_wnd":	3143936,
					"max_rtt":	449635,
					"min_rtt":	135611,
					"mean_rtt":	342416,
					"sender":	true
				},
				"receiver":	{
					"socket":	6,
					"start":	0,
					"end":	60.368197,
					"seconds":	60.000148,
					"bytes":	221715736,
					"bits_per_second":	29381793.3306837,
					"sender":	true
				}
			}],
		"sum_sent":	{
			"start":	0,
			"end":	60.000148,
			"seconds":	60.000148,
			"bytes":	222298112,
			"bits_per_second":	29639675.15546795,
			"retransmits":	0,
			"sender":	true
		},
		"sum_received":	{
			"start":	0,
			"end":	60.368197,
			"seconds":	60.368197,
			"bytes":	221715736,
			"bits_per_second":	29381793.3306837,
			"sender":	true
		},
		"cpu_utilization_percent":	{
			"host_total":	0.28625059476355591,
			"host_user":	0.014275155871862122,
			"host_system":	0.27197543889169379,
			"remote_total":	1.9618304752535909,
			"remote_user":	0.15795233163519351,
			"remote_system":	1.8038781436183975
		},
		"sender_tcp_congestion":	"bbr",
		"receiver_tcp_congestion":	"bbr"
	}
}
