{
	"start":	{
		"connected":	[{
				"socket":	6,
				"local_host":	"192.168.101.210",
				"local_port":	38992,
				"remote_host":	"192.168.100.168",
				"remote_port":	5201
			}],
		"version":	"iperf 3.11",
		"system_info":	"Linux f1 6.0.10-300.fc37.x86_64 #1 SMP PREEMPT_DYNAMIC Sat Nov 26 16:55:13 UTC 2022 x86_64",
		"timestamp":	{
			"time":	"Sat, 10 Dec 2022 17:33:11 GMT",
			"timesecs":	1670693591
		},
		"connecting_to":	{
			"host":	"192.168.100.168",
			"port":	5201
		},
		"cookie":	"czx45mxs6kq53zeksi7w7nxxspg3g5ysgjht",
		"tcp_mss_default":	1448,
		"target_bitrate":	0,
		"sock_bufsize":	0,
		"sndbuf_actual":	16384,
		"rcvbuf_actual":	131072,
		"test_start":	{
			"protocol":	"TCP",
			"num_streams":	1,
			"blksize":	131072,
			"omit":	0,
			"duration":	60,
			"bytes":	0,
			"blocks":	0,
			"reverse":	0,
			"tos":	0,
			"target_bitrate":	0
		}
	},
	"intervals":	[{
			"streams":	[{
					"socket":	6,
					"start":	0,
					"end":	1.000084,
					"seconds":	1.0000840425491333,
					"bytes":	20709376,
					"bits_per_second":	165661085.4200891,
					"retransmits":	3193,
					"snd_cwnd":	78192,
					"snd_wnd":	3145728,
					"rtt":	5264,
					"rttvar":	112,
					"pmtu":	1500,
					"omitted":	false,
					"sender":	true
				}],
			"sum":	{
				"start":	0,
				"end":	1.000084,
				"seconds":	1.0000840425491333,
				"bytes":	20709376,
				"bits_per_second":	165661085.4200891,
				"retransmits":	3193,
				"omitted":	false,
				"sender":	true
			}
		}, {
			"streams":	[{
					"socket":	6,
					"start":	1.000084,
					"end":	2.000085,
					"seconds":	1.0000009536743164,
					"bytes":	10485760,
					"bits_per_second":	83886000.0000763,
					"retransmits":	55,
					"snd_cwnd":	75296,
					"snd_wnd":	3145728,
					"rtt":	5419,
					"rttvar":	567,
					"pmtu":	1500,
					"omitted":	false,
					"sender":	true
				}],
			"sum":	{
				"start":	1.000084,
				"end":	2.000085,
				"seconds":	1.0000009536743164,
				"bytes":	10485760,
				"bits_per_second":	83886000.0000763,
				"retransmits":	55,
				"omitted":	false,
				"sender":	true
			}
		}, {
			"streams":	[{
					"socket":	6,
					"start":	2.000085,
					"end":	3.000109,
					"seconds":	1.0000239610672,
					"bytes":	10485760,
					"bits_per_second":	83884070.0481606,
					"retransmits":	42,
					"snd_cwnd":	56472,
					"snd_wnd":	3145728,
					"rtt":	5200,
					"rttvar":	120,
					"pmtu":	1500,
					"omitted":	false,
					"sender":	true
				}],
			"sum":	{
				"start":	2.000085,
				"end":	3.000109,
				"seconds":	1.0000239610672,
				"bytes":	10485760,
				"bits_per_second":	83884070.0481606,
				"retransmits":	42,
				"omitted":	false,
				"sender":	true
			}
		}, {
			"streams":	[{
					"socket":	6,
					"start":	3.000109,
					"end":	4.000109,
					"seconds":	1,
					"bytes":	10485760,
					"bits_per_second":	83886080,
					"retransmits":	48,
					"snd_cwnd":	60816,
					"snd_wnd":	3145728,
					"rtt":	5338,
					"rttvar":	36,
					"pmtu":	1500,
					"omitted":	false,
					"sender":	true
				}],
			"sum":	{
				"start":	3.000109,
				"end":	4.000109,
				"seconds":	1,
				"bytes":	10485760,
				"bits_per_second":	83886080,
				"retransmits":	48,
				"omitted":	false,
				"sender":	true
			}
		}, {
			"streams":	[{
					"socket":	6,
					"start":	4.000109,
					"end":	5.000119,
					"seconds":	1.0000100135803223,
					"bytes":	10485760,
					"bits_per_second":	83885240.0084113,
					"retransmits":	46,
					"snd_cwnd":	60816,
					"snd_wnd":	3145728,
					"rtt":	5200,
					"rttvar":	59,
					"pmtu":	1500,
					"omitted":	false,
					"sender":	true
				}],
			"sum":	{
				"start":	4.000109,
				"end":	5.000119,
				"seconds":	1.0000100135803223,
				"bytes":	10485760,
				"bits_per_second":	83885240.0084113,
				"retransmits":	46,
				"omitted":	false,
				"sender":	true
			}
		}, {
			"streams":	[{
					"socket":	6,
					"start":	5.000119,
					"end":	6.00014,
					"seconds":	1.0000209808349609,
					"bytes":	10485760,
					"bits_per_second":	83884320.0369255,
					"retransmits":	44,
					"snd_cwnd":	44888,
					"snd_wnd":	3145728,
					"rtt":	5099,
					"rttvar":	31,
					"pmtu":	1500,
					"omitted":	false,
					"sender":	true
				}],
			"sum":	{
				"start":	5.000119,
				"end":	6.00014,
				"seconds":	1.0000209808349609,
				"bytes":	10485760,
				"bits_per_second":	83884320.0369255,
				"retransmits":	44,
				"omitted":	false,
				"sender":	true
			}
		}, {
			"streams":	[{
					"socket":	6,
					"start":	6.00014,
					"end":	7.000112,
					"seconds":	0.99997198581695557,
					"bytes":	10485760,
					"bits_per_second":	83888430.0658352,
					"retransmits":	50,
					"snd_cwnd":	57920,
					"snd_wnd":	3145728,
					"rtt":	5218,
					"rttvar":	98,
					"pmtu":	1500,
					"omitted":	false,
					"sender":	true
				}],
			"sum":	{
				"start":	6.00014,
				"end":	7.000112,
				"seconds":	0.99997198581695557,
				"bytes":	10485760,
				"bits_per_second":	83888430.0658352,
				"retransmits":	50,
				"omitted":	false,
				"sender":	true
			}
		}, {
			"streams":	[{
					"socket":	6,
					"start":	7.000112,
					"end":	8.000094,
					"seconds":	0.99998199939727783,
					"bytes":	9175040,
					"bits_per_second":	73401641.273783728,
					"retransmits":	31,
					"snd_cwnd":	73848,
					"snd_wnd":	3145728,
					"rtt":	5418,
					"rttvar":	119,
					"pmtu":	1500,
					"omitted":	false,
					"sender":	true
				}],
			"sum":	{
				"start":	7.000112,
				"end":	8.000094,
				"seconds":	0.99998199939727783,
				"bytes":	9175040,
				"bits_per_second":	73401641.273783728,
				"retransmits":	31,
				"omitted":	false,
				"sender":	true
			}
		}, {
			"streams":	[{
					"socket":	6,
					"start":	8.000094,
					"end":	9.000163,
					"seconds":	1.00006902217865,
					"bytes":	9175040,
					"bits_per_second":	73395254.099659473,
					"retransmits":	62,
					"snd_cwnd":	41992,
					"snd_wnd":	3145728,
					"rtt":	5136,
					"rttvar":	45,
					"pmtu":	1500,
					"omitted":	false,
					"sender":	true
				}],
			"sum":	{
				"start":	8.000094,
				"end":	9.000163,
				"seconds":	1.00006902217865,
				"bytes":	9175040,
				"bits_per_second":	73395254.099659473,
				"retransmits":	62,
				"omitted":	false,
				"sender":	true
			}
		}, {
			"streams":	[{
					"socket":	6,
					"start":	9.000163,
					"end":	10.00008,
					"seconds":	0.999916970729828,
					"bytes":	10485760,
					"bits_per_second":	83893045.5783469,
					"retransmits":	39,
					"snd_cwnd":	49232,
					"snd_wnd":	3145728,
					"rtt":	5249,
					"rttvar":	40,
					"pmtu":	1500,
					"omitted":	false,
					"sender":	true
				}],
			"sum":	{
				"start":	9.000163,
				"end":	10.00008,
				"seconds":	0.999916970729828,
				"bytes":	10485760,
				"bits_per_second":	83893045.5783469,
				"retransmits":	39,
				"omitted":	false,
				"sender":	true
			}
		}, {
			"streams":	[{
					"socket":	6,
					"start":	10.00008,
					"end":	11.00008,
					"seconds":	1,
					"bytes":	11796480,
					"bits_per_second":	94371840,
					"retransmits":	56,
					"snd_cwnd":	46336,
					"snd_wnd":	3145728,
					"rtt":	5251,
					"rttvar":	209,
					"pmtu":	1500,
					"omitted":	false,
					"sender":	true
				}],
			"sum":	{
				"start":	10.00008,
				"end":	11.00008,
				"seconds":	1,
				"bytes":	11796480,
				"bits_per_second":	94371840,
				"retransmits":	56,
				"omitted":	false,
				"sender":	true
			}
		}, {
			"streams":	[{
					"socket":	6,
					"start":	11.00008,
					"end":	12.000113,
					"seconds":	1.0000330209732056,
					"bytes":	9175040,
					"bits_per_second":	73397896.330031946,
					"retransmits":	40,
					"snd_cwnd":	47784,
					"snd_wnd":	3145728,
					"rtt":	5209,
					"rttvar":	76,
					"pmtu":	1500,
					"omitted":	false,
					"sender":	true
				}],
			"sum":	{
				"start":	11.00008,
				"end":	12.000113,
				"seconds":	1.0000330209732056,
				"bytes":	9175040,
				"bits_per_second":	73397896.330031946,
				"retransmits":	40,
				"omitted":	false,
				"sender":	true
			}
		}, {
			"streams":	[{
					"socket":	6,
					"start":	12.000113,
					"end":	13.000085,
					"seconds":	0.99997198581695557,
					"bytes":	9175040,
					"bits_per_second":	73402376.307605773,
					"retransmits":	31,
					"snd_cwnd":	68056,
					"snd_wnd":	3145728,
					"rtt":	5291,
					"rttvar":	179,
					"pmtu":	1500,
					"omitted":	false,
					"sender":	true
				}],
			"sum":	{
				"start":	12.000113,
				"end":	13.000085,
				"seconds":	0.99997198581695557,
				"bytes":	9175040,
				"bits_per_second":	73402376.307605773,
				"retransmits":	31,
				"omitted":	false,
				"sender":	true
			}
		}, {
			"streams":	[{
					"socket":	6,
					"start":	13.000085,
					"end":	14.000108,
					"seconds":	1.0000230073928833,
					"bytes":	10485760,
					"bits_per_second":	83884150.04440324,
					"retransmits":	48,
					"snd_cwnd":	60816,
					"snd_wnd":	3145728,
					"rtt":	5249,
					"rttvar":	96,
					"pmtu":	1500,
					"omitted":	false,
					"sender":	true
				}],
			"sum":	{
				"start":	13.000085,
				"end":	14.000108,
				"seconds":	1.0000230073928833,
				"bytes":	10485760,
				"bits_per_second":	83884150.04440324,
				"retransmits":	48,
				"omitted":	false,
				"sender":	true
			}
		}, {
			"streams":	[{
					"socket":	6,
					"start":	14.000108,
					"end":	15.000133,
					"seconds":	1.0000250339508057,
					"bytes":	10485760,
					"bits_per_second":	83883980.05257,
					"retransmits":	41,
					"snd_cwnd":	85432,
					"snd_wnd":	3145728,
					"rtt":	5230,
					"rttvar":	216,
					"pmtu":	1500,
					"omitted":	false,
					"sender":	true
				}],
			"sum":	{
				"start":	14.000108,
				"end":	15.000133,
				"seconds":	1.0000250339508057,
				"bytes":	10485760,
				"bits_per_second":	83883980.05257,
				"retransmits":	41,
				"omitted":	false,
				"sender":	true
			}
		}, {
			"streams":	[{
					"socket":	6,
					"start":	15.000133,
					"end":	16.000113,
					"seconds":	0.99997997283935547,
					"bytes":	11796480,
					"bits_per_second":	94373730.0378521,
					"retransmits":	56,
					"snd_cwnd":	55024,
					"snd_wnd":	3145728,
					"rtt":	5273,
					"rttvar":	94,
					"pmtu":	1500,
					"omitted":	false,
					"sender":	true
				}],
			"sum":	{
				"start":	15.000133,
				"end":	16.000113,
				"seconds":	0.99997997283935547,
				"bytes":	11796480,
				"bits_per_second":	94373730.0378521,
				"retransmits":	56,
				"omitted":	false,
				"sender":	true
			}
		}, {
			"streams":	[{
					"socket":	6,
					"start":	16.000113,
					"end":	17.000095,
					"seconds":	0.99998199939727783,
					"bytes":	10485760,
					"bits_per_second":	83887590.0271814,
					"retransmits":	53,
					"snd_cwnd":	59368,
					"snd_wnd":	3145728,
					"rtt":	5181,
					"rttvar":	116,
					"pmtu":	1500,
					"omitted":	false,
					"sender":	true
				}],
			"sum":	{
				"start":	16.000113,
				"end":	17.000095,
				"seconds":	0.99998199939727783,
				"bytes":	10485760,
				"bits_per_second":	83887590.0271814,
				"retransmits":	53,
				"omitted":	false,
				"sender":	true
			}
		}, {
			"streams":	[{
					"socket":	6,
					"start":	17.000095,
					"end":	18.000132,
					"seconds":	1.0000369548797607,
					"bytes":	9175040,
					"bits_per_second":	73397607.6002364,
					"retransmits":	42,
					"snd_cwnd":	69504,
					"snd_wnd":	3145728,
					"rtt":	5276,
					"rttvar":	166,
					"pmtu":	1500,
					"omitted":	false,
					"sender":	true
				}],
			"sum":	{
				"start":	17.000095,
				"end":	18.000132,
				"seconds":	1.0000369548797607,
				"bytes":	9175040,
				"bits_per_second":	73397607.6002364,
				"retransmits":	42,
				"omitted":	false,
				"sender":	true
			}
		}, {
			"streams":	[{
					"socket":	6,
					"start":	18.000132,
					"end":	19.000077,
					"seconds":	0.99994498491287231,
					"bytes":	11796480,
					"bits_per_second":	94377032.160647169,
					"retransmits":	52,
					"snd_cwnd":	63712,
					"snd_wnd":	3145728,
					"rtt":	5305,
					"rttvar":	54,
					"pmtu":	1500,
					"omitted":	false,
					"sender":	true
				}],
			"sum":	{
				"start":	18.000132,
				"end":	19.000077,
				"seconds":	0.99994498491287231,
				"bytes":	11796480,
				"bits_per_second":	94377032.160647169,
				"retransmits":	52,
				"omitted":	false,
				"sender":	true
			}
		}, {
			"streams":	[{
					"socket":	6,
					"start":	19.000077,
					"end":	20.000178,
					"seconds":	1.0001009702682495,
					"bytes":	9175040,
					"bits_per_second":	73392909.498240352,
					"retransmits":	64,
					"snd_cwnd":	69504,
					"snd_wnd":	3145728,
					"rtt":	5197,
					"rttvar":	144,
					"pmtu":	1500,
					"omitted":	false,
					"sender":	true
				}],
			"sum":	{
				"start":	19.000077,
				"end":	20.000178,
				"seconds":	1.0001009702682495,
				"bytes":	9175040,
				"bits_per_second":	73392909.498240352,
				"retransmits":	64,
				"omitted":	false,
				"sender":	true
			}
		}, {
			"streams":	[{
					"socket":	6,
					"start":	20.000178,
					"end":	21.00013,
					"seconds":	0.99995201826095581,
					"bytes":	10485760,
					"bits_per_second":	83890105.193135768,
					"retransmits":	92,
					"snd_cwnd":	60816,
					"snd_wnd":	3145728,
					"rtt":	5273,
					"rttvar":	69,
					"pmtu":	1500,
					"omitted":	false,
					"sender":	true
				}],
			"sum":	{
				"start":	20.000178,
				"end":	21.00013,
				"seconds":	0.99995201826095581,
				"bytes":	10485760,
				"bits_per_second":	83890105.193135768,
				"retransmits":	92,
				"omitted":	false,
				"sender":	true
			}
		}, {
			"streams":	[{
					"socket":	6,
					"start":	21.00013,
					"end":	22.00011,
					"seconds":	0.99997997283935547,
					"bytes":	10485760,
					"bits_per_second":	83887760.0336463,
					"retransmits":	40,
					"snd_cwnd":	75296,
					"snd_wnd":	3145728,
					"rtt":	5318,
					"rttvar":	109,
					"pmtu":	1500,
					"omitted":	false,
					"sender":	true
				}],
			"sum":	{
				"start":	21.00013,
				"end":	22.00011,
				"seconds":	0.99997997283935547,
				"bytes":	10485760,
				"bits_per_second":	83887760.0336463,
				"retransmits":	40,
				"omitted":	false,
				"sender":	true
			}
		}, {
			"streams":	[{
					"socket":	6,
					"start":	22.00011,
					"end":	23.000173,
					"seconds":	1.0000629425048828,
					"bytes":	9175040,
					"bits_per_second":	73395700.290776074,
					"retransmits":	68,
					"snd_cwnd":	68056,
					"snd_wnd":	3145728,
					"rtt":	5313,
					"rttvar":	155,
					"pmtu":	1500,
					"omitted":	false,
					"sender":	true
				}],
			"sum":	{
				"start":	22.00011,
				"end":	23.000173,
				"seconds":	1.0000629425048828,
				"bytes":	9175040,
				"bits_per_second":	73395700.290776074,
				"retransmits":	68,
				"omitted":	false,
				"sender":	true
			}
		}, {
			"streams":	[{
					"socket":	6,
					"start":	23.000173,
					"end":	24.000155,
					"seconds":	0.99998199939727783,
					"bytes":	10485760,
					"bits_per_second":	83887590.0271814,
					"retransmits":	49,
					"snd_cwnd":	47784,
					"snd_wnd":	3145728,
					"rtt":	5307,
					"rttvar":	122,
					"pmtu":	1500,
					"omitted":	false,
					"sender":	true
				}],
			"sum":	{
				"start":	23.000173,
				"end":	24.000155,
				"seconds":	0.99998199939727783,
				"bytes":	10485760,
				"bits_per_second":	83887590.0271814,
				"retransmits":	49,
				"omitted":	false,
				"sender":	true
			}
		}, {
			"streams":	[{
					"socket":	6,
					"start":	24.000155,
					"end":	25.000134,
					"seconds":	0.999979019165039,
					"bytes":	11796480,
					"bits_per_second":	94373820.0415429,
					"retransmits":	36,
					"snd_cwnd":	63712,
					"snd_wnd":	3145728,
					"rtt":	5223,
					"rttvar":	130,
					"pmtu":	1500,
					"omitted":	false,
					"sender":	true
				}],
			"sum":	{
				"start":	24.000155,
				"end":	25.000134,
				"seconds":	0.999979019165039,
				"bytes":	11796480,
				"bits_per_second":	94373820.0415429,
				"retransmits":	36,
				"omitted":	false,
				"sender":	true
			}
		}, {
			"streams":	[{
					"socket":	6,
					"start":	25.000134,
					"end":	26.00009,
					"seconds":	0.99995601177215576,
					"bytes":	11796480,
					"bits_per_second":	94375991.432614163,
					"retransmits":	51,
					"snd_cwnd":	65160,
					"snd_wnd":	3145728,
					"rtt":	5220,
					"rttvar":	123,
					"pmtu":	1500,
					"omitted":	false,
					"sender":	true
				}],
			"sum":	{
				"start":	25.000134,
				"end":	26.00009,
				"seconds":	0.99995601177215576,
				"bytes":	11796480,
				"bits_per_second":	94375991.432614163,
				"retransmits":	51,
				"omitted":	false,
				"sender":	true
			}
		}, {
			"streams":	[{
					"socket":	6,
					"start":	26.00009,
					"end":	27.000134,
					"seconds":	1.0000439882278442,
					"bytes":	10485760,
					"bits_per_second":	83882390.162309423,
					"retransmits":	40,
					"snd_cwnd":	59368,
					"snd_wnd":	3145728,
					"rtt":	5277,
					"rttvar":	97,
					"pmtu":	1500,
					"omitted":	false,
					"sender":	true
				}],
			"sum":	{
				"start":	26.00009,
				"end":	27.000134,
				"seconds":	1.0000439882278442,
				"bytes":	10485760,
				"bits_per_second":	83882390.162309423,
				"retransmits":	40,
				"omitted":	false,
				"sender":	true
			}
		}, {
			"streams":	[{
					"socket":	6,
					"start":	27.000134,
					"end":	28.000141,
					"seconds":	1.0000070333480835,
					"bytes":	10485760,
					"bits_per_second":	83885490.004149646,
					"retransmits":	42,
					"snd_cwnd":	62264,
					"snd_wnd":	3145728,
					"rtt":	5186,
					"rttvar":	108,
					"pmtu":	1500,
					"omitted":	false,
					"sender":	true
				}],
			"sum":	{
				"start":	27.000134,
				"end":	28.000141,
				"seconds":	1.0000070333480835,
				"bytes":	10485760,
				"bits_per_second":	83885490.004149646,
				"retransmits":	42,
				"omitted":	false,
				"sender":	true
			}
		}, {
			"streams":	[{
					"socket":	6,
					"start":	28.000141,
					"end":	29.000085,
					"seconds":	0.999943971633911,
					"bytes":	11796480,
					"bits_per_second":	94377127.7962666,
					"retransmits":	59,
					"snd_cwnd":	60816,
					"snd_wnd":	3145728,
					"rtt":	5328,
					"rttvar":	182,
					"pmtu":	1500,
					"omitted":	false,
					"sender":	true
				}],
			"sum":	{
				"start":	28.000141,
				"end":	29.000085,
				"seconds":	0.999943971633911,
				"bytes":	11796480,
				"bits_per_second":	94377127.7962666,
				"retransmits":	59,
				"omitted":	false,
				"sender":	true
			}
		}, {
			"streams":	[{
					"socket":	6,
					"start":	29.000085,
					"end":	30.0001,
					"seconds":	1.0000150203704834,
					"bytes":	10485760,
					"bits_per_second":	83884820.0189254,
					"retransmits":	47,
					"snd_cwnd":	59368,
					"snd_wnd":	3145728,
					"rtt":	5125,
					"rttvar":	88,
					"pmtu":	1500,
					"omitted":	false,
					"sender":	true
				}],
			"sum":	{
				"start":	29.000085,
				"end":	30.0001,
				"seconds":	1.0000150203704834,
				"bytes":	10485760,
				"bits_per_second":	83884820.0189254,
				"retransmits":	47,
				"omitted":	false,
				"sender":	true
			}
		}, {
			"streams":	[{
					"socket":	6,
					"start":	30.0001,
					"end":	31.000109,
					"seconds":	1.0000089406967163,
					"bytes":	13107200,
					"bits_per_second":	104856662.50838183,
					"retransmits":	52,
					"snd_cwnd":	66608,
					"snd_wnd":	3145728,
					"rtt":	5097,
					"rttvar":	18,
					"pmtu":	1500,
					"omitted":	false,
					"sender":	true
				}],
			"sum":	{
				"start":	30.0001,
				"end":	31.000109,
				"seconds":	1.0000089406967163,
				"bytes":	13107200,
				"bits_per_second":	104856662.50838183,
				"retransmits":	52,
				"omitted":	false,
				"sender":	true
			}
		}, {
			"streams":	[{
					"socket":	6,
					"start":	31.000109,
					"end":	32.000117,
					"seconds":	1.0000079870224,
					"bytes":	11796480,
					"bits_per_second":	94371086.256020173,
					"retransmits":	74,
					"snd_cwnd":	46336,
					"snd_wnd":	3145728,
					"rtt":	5145,
					"rttvar":	34,
					"pmtu":	1500,
					"omitted":	false,
					"sender":	true
				}],
			"sum":	{
				"start":	31.000109,
				"end":	32.000117,
				"seconds":	1.0000079870224,
				"bytes":	11796480,
				"bits_per_second":	94371086.256020173,
				"retransmits":	74,
				"omitted":	false,
				"sender":	true
			}
		}, {
			"streams":	[{
					"socket":	6,
					"start":	32.000117,
					"end":	33.000117,
					"seconds":	1,
					"bytes":	9175040,
					"bits_per_second":	73400320,
					"retransmits":	53,
					"snd_cwnd":	44888,
					"snd_wnd":	3145728,
					"rtt":	5218,
					"rttvar":	24,
					"pmtu":	1500,
					"omitted":	false,
					"sender":	true
				}],
			"sum":	{
				"start":	32.000117,
				"end":	33.000117,
				"seconds":	1,
				"bytes":	9175040,
				"bits_per_second":	73400320,
				"retransmits":	53,
				"omitted":	false,
				"sender":	true
			}
		}, {
			"streams":	[{
					"socket":	6,
					"start":	33.000117,
					"end":	34.000086,
					"seconds":	0.9999690055847168,
					"bytes":	10485760,
					"bits_per_second":	83888680.080588,
					"retransmits":	41,
					"snd_cwnd":	50680,
					"snd_wnd":	3145728,
					"rtt":	5188,
					"rttvar":	120,
					"pmtu":	1500,
					"omitted":	false,
					"sender":	true
				}],
			"sum":	{
				"start":	33.000117,
				"end":	34.000086,
				"seconds":	0.9999690055847168,
				"bytes":	10485760,
				"bits_per_second":	83888680.080588,
				"retransmits":	41,
				"omitted":	false,
				"sender":	true
			}
		}, {
			"streams":	[{
					"socket":	6,
					"start":	34.000086,
					"end":	35.00008,
					"seconds":	0.99999397993087769,
					"bytes":	10485760,
					"bits_per_second":	83886585.00304015,
					"retransmits":	30,
					"snd_cwnd":	91224,
					"snd_wnd":	3145728,
					"rtt":	5245,
					"rttvar":	200,
					"pmtu":	1500,
					"omitted":	false,
					"sender":	true
				}],
			"sum":	{
				"start":	34.000086,
				"end":	35.00008,
				"seconds":	0.99999397993087769,
				"bytes":	10485760,
				"bits_per_second":	83886585.00304015,
				"retransmits":	30,
				"omitted":	false,
				"sender":	true
			}
		}, {
			"streams":	[{
					"socket":	6,
					"start":	35.00008,
					"end":	36.000079,
					"seconds":	0.99999898672103882,
					"bytes":	11796480,
					"bits_per_second":	94371935.6250969,
					"retransmits":	65,
					"snd_cwnd":	62264,
					"snd_wnd":	3145728,
					"rtt":	5318,
					"rttvar":	71,
					"pmtu":	1500,
					"omitted":	false,
					"sender":	true
				}],
			"sum":	{
				"start":	35.00008,
				"end":	36.000079,
				"seconds":	0.99999898672103882,
				"bytes":	11796480,
				"bits_per_second":	94371935.6250969,
				"retransmits":	65,
				"omitted":	false,
				"sender":	true
			}
		}, {
			"streams":	[{
					"socket":	6,
					"start":	36.000079,
					"end":	37.000078,
					"seconds":	0.99999898672103882,
					"bytes":	10485760,
					"bits_per_second":	83886165.000086129,
					"retransmits":	53,
					"snd_cwnd":	50680,
					"snd_wnd":	3145728,
					"rtt":	5194,
					"rttvar":	59,
					"pmtu":	1500,
					"omitted":	false,
					"sender":	true
				}],
			"sum":	{
				"start":	36.000079,
				"end":	37.000078,
				"seconds":	0.99999898672103882,
				"bytes":	10485760,
				"bits_per_second":	83886165.000086129,
				"retransmits":	53,
				"omitted":	false,
				"sender":	true
			}
		}, {
			"streams":	[{
					"socket":	6,
					"start":	37.000078,
					"end":	38.000138,
					"seconds":	1.000059962272644,
					"bytes":	10485760,
					"bits_per_second":	83881050.301592141,
					"retransmits":	49,
					"snd_cwnd":	60816,
					"snd_wnd":	3145728,
					"rtt":	5160,
					"rttvar":	67,
					"pmtu":	1500,
					"omitted":	false,
					"sender":	true
				}],
			"sum":	{
				"start":	37.000078,
				"end":	38.000138,
				"seconds":	1.000059962272644,
				"bytes":	10485760,
				"bits_per_second":	83881050.301592141,
				"retransmits":	49,
				"omitted":	false,
				"sender":	true
			}
		}, {
			"streams":	[{
					"socket":	6,
					"start":	38.000138,
					"end":	39.000153,
					"seconds":	1.0000150203704834,
					"bytes":	10485760,
					"bits_per_second":	83884820.0189254,
					"retransmits":	37,
					"snd_cwnd":	43440,
					"snd_wnd":	3145728,
					"rtt":	5270,
					"rttvar":	92,
					"pmtu":	1500,
					"omitted":	false,
					"sender":	true
				}],
			"sum":	{
				"start":	38.000138,
				"end":	39.000153,
				"seconds":	1.0000150203704834,
				"bytes":	10485760,
				"bits_per_second":	83884820.0189254,
				"retransmits":	37,
				"omitted":	false,
				"sender":	true
			}
		}, {
			"streams":	[{
					"socket":	6,
					"start":	39.000153,
					"end":	40.000089,
					"seconds":	0.99993598461151123,
					"bytes":	10485760,
					"bits_per_second":	83891450.343784645,
					"retransmits":	46,
					"snd_cwnd":	36200,
					"snd_wnd":	3145728,
					"rtt":	5221,
					"rttvar":	74,
					"pmtu":	1500,
					"omitted":	false,
					"sender":	true
				}],
			"sum":	{
				"start":	39.000153,
				"end":	40.000089,
				"seconds":	0.99993598461151123,
				"bytes":	10485760,
				"bits_per_second":	83891450.343784645,
				"retransmits":	46,
				"omitted":	false,
				"sender":	true
			}
		}, {
			"streams":	[{
					"socket":	6,
					"start":	40.000089,
					"end":	41.000112,
					"seconds":	1.0000230073928833,
					"bytes":	11796480,
					"bits_per_second":	94369668.799953654,
					"retransmits":	25,
					"snd_cwnd":	105704,
					"snd_wnd":	3145728,
					"rtt":	5106,
					"rttvar":	7,
					"pmtu":	1500,
					"omitted":	false,
					"sender":	true
				}],
			"sum":	{
				"start":	40.000089,
				"end":	41.000112,
				"seconds":	1.0000230073928833,
				"bytes":	11796480,
				"bits_per_second":	94369668.799953654,
				"retransmits":	25,
				"omitted":	false,
				"sender":	true
			}
		}, {
			"streams":	[{
					"socket":	6,
					"start":	41.000112,
					"end":	42.000136,
					"seconds":	1.0000239610672,
					"bytes":	10485760,
					"bits_per_second":	83884070.0481606,
					"retransmits":	96,
					"snd_cwnd":	39096,
					"snd_wnd":	3145728,
					"rtt":	5222,
					"rttvar":	91,
					"pmtu":	1500,
					"omitted":	false,
					"sender":	true
				}],
			"sum":	{
				"start":	41.000112,
				"end":	42.000136,
				"seconds":	1.0000239610672,
				"bytes":	10485760,
				"bits_per_second":	83884070.0481606,
				"retransmits":	96,
				"omitted":	false,
				"sender":	true
			}
		}, {
			"streams":	[{
					"socket":	6,
					"start":	42.000136,
					"end":	43.000112,
					"seconds":	0.99997597932815552,
					"bytes":	11796480,
					"bits_per_second":	94374106.929453164,
					"retransmits":	36,
					"snd_cwnd":	55024,
					"snd_wnd":	3145728,
					"rtt":	5221,
					"rttvar":	97,
					"pmtu":	1500,
					"omitted":	false,
					"sender":	true
				}],
			"sum":	{
				"start":	42.000136,
				"end":	43.000112,
				"seconds":	0.99997597932815552,
				"bytes":	11796480,
				"bits_per_second":	94374106.929453164,
				"retransmits":	36,
				"omitted":	false,
				"sender":	true
			}
		}, {
			"streams":	[{
					"socket":	6,
					"start":	43.000112,
					"end":	44.000111,
					"seconds":	0.99999898672103882,
					"bytes":	10485760,
					"bits_per_second":	83886165.000086129,
					"retransmits":	56,
					"snd_cwnd":	78192,
					"snd_wnd":	3145728,
					"rtt":	5289,
					"rttvar":	205,
					"pmtu":	1500,
					"omitted":	false,
					"sender":	true
				}],
			"sum":	{
				"start":	43.000112,
				"end":	44.000111,
				"seconds":	0.99999898672103882,
				"bytes":	10485760,
				"bits_per_second":	83886165.000086129,
				"retransmits":	56,
				"omitted":	false,
				"sender":	true
			}
		}, {
			"streams":	[{
					"socket":	6,
					"start":	44.000111,
					"end":	45.000144,
					"seconds":	1.0000330209732056,
					"bytes":	10485760,
					"bits_per_second":	83883310.091465071,
					"retransmits":	49,
					"snd_cwnd":	73848,
					"snd_wnd":	3145728,
					"rtt":	5265,
					"rttvar":	175,
					"pmtu":	1500,
					"omitted":	false,
					"sender":	true
				}],
			"sum":	{
				"start":	44.000111,
				"end":	45.000144,
				"seconds":	1.0000330209732056,
				"bytes":	10485760,
				"bits_per_second":	83883310.091465071,
				"retransmits":	49,
				"omitted":	false,
				"sender":	true
			}
		}, {
			"streams":	[{
					"socket":	6,
					"start":	45.000144,
					"end":	46.00008,
					"seconds":	0.99993598461151123,
					"bytes":	13107200,
					"bits_per_second":	104864312.9297308,
					"retransmits":	53,
					"snd_cwnd":	62264,
					"snd_wnd":	3145728,
					"rtt":	5176,
					"rttvar":	117,
					"pmtu":	1500,
					"omitted":	false,
					"sender":	true
				}],
			"sum":	{
				"start":	45.000144,
				"end":	46.00008,
				"seconds":	0.99993598461151123,
				"bytes":	13107200,
				"bits_per_second":	104864312.9297308,
				"retransmits":	53,
				"omitted":	false,
				"sender":	true
			}
		}, {
			"streams":	[{
					"socket":	6,
					"start":	46.00008,
					"end":	47.00008,
					"seconds":	1,
					"bytes":	10485760,
					"bits_per_second":	83886080,
					"retransmits":	42,
					"snd_cwnd":	83984,
					"snd_wnd":	3145728,
					"rtt":	5185,
					"rttvar":	130,
					"pmtu":	1500,
					"omitted":	false,
					"sender":	true
				}],
			"sum":	{
				"start":	46.00008,
				"end":	47.00008,
				"seconds":	1,
				"bytes":	10485760,
				"bits_per_second":	83886080,
				"retransmits":	42,
				"omitted":	false,
				"sender":	true
			}
		}, {
			"streams":	[{
					"socket":	6,
					"start":	47.00008,
					"end":	48.000102,
					"seconds":	1.0000220537185669,
					"bytes":	11796480,
					"bits_per_second":	94369758.7958983,
					"retransmits":	88,
					"snd_cwnd":	44888,
					"snd_wnd":	3145728,
					"rtt":	5121,
					"rttvar":	76,
					"pmtu":	1500,
					"omitted":	false,
					"sender":	true
				}],
			"sum":	{
				"start":	47.00008,
				"end":	48.000102,
				"seconds":	1.0000220537185669,
				"bytes":	11796480,
				"bits_per_second":	94369758.7958983,
				"retransmits":	88,
				"omitted":	false,
				"sender":	true
			}
		}, {
			"streams":	[{
					"socket":	6,
					"start":	48.000102,
					"end":	49.000113,
					"seconds":	1.0000109672546387,
					"bytes":	10485760,
					"bits_per_second":	83885160.01008977,
					"retransmits":	38,
					"snd_cwnd":	46336,
					"snd_wnd":	3145728,
					"rtt":	5100,
					"rttvar":	43,
					"pmtu":	1500,
					"omitted":	false,
					"sender":	true
				}],
			"sum":	{
				"start":	48.000102,
				"end":	49.000113,
				"seconds":	1.0000109672546387,
				"bytes":	10485760,
				"bits_per_second":	83885160.01008977,
				"retransmits":	38,
				"omitted":	false,
				"sender":	true
			}
		}, {
			"streams":	[{
					"socket":	6,
					"start":	49.000113,
					"end":	50.000078,
					"seconds":	0.999965012073517,
					"bytes":	10485760,
					"bits_per_second":	83889015.102693155,
					"retransmits":	25,
					"snd_cwnd":	85432,
					"snd_wnd":	3145728,
					"rtt":	5227,
					"rttvar":	180,
					"pmtu":	1500,
					"omitted":	false,
					"sender":	true
				}],
			"sum":	{
				"start":	49.000113,
				"end":	50.000078,
				"seconds":	0.999965012073517,
				"bytes":	10485760,
				"bits_per_second":	83889015.102693155,
				"retransmits":	25,
				"omitted":	false,
				"sender":	true
			}
		}, {
			"streams":	[{
					"socket":	6,
					"start":	50.000078,
					"end":	51.000126,
					"seconds":	1.000048041343689,
					"bytes":	9175040,
					"bits_per_second":	73396793.919397652,
					"retransmits":	64,
					"snd_cwnd":	49232,
					"snd_wnd":	3145728,
					"rtt":	5242,
					"rttvar":	32,
					"pmtu":	1500,
					"omitted":	false,
					"sender":	true
				}],
			"sum":	{
				"start":	50.000078,
				"end":	51.000126,
				"seconds":	1.000048041343689,
				"bytes":	9175040,
				"bits_per_second":	73396793.919397652,
				"retransmits":	64,
				"omitted":	false,
				"sender":	true
			}
		}, {
			"streams":	[{
					"socket":	6,
					"start":	51.000126,
					"end":	52.000075,
					"seconds":	0.99994897842407227,
					"bytes":	11796480,
					"bits_per_second":	94376655.2456814,
					"retransmits":	48,
					"snd_cwnd":	75296,
					"snd_wnd":	3143552,
					"rtt":	5171,
					"rttvar":	85,
					"pmtu":	1500,
					"omitted":	false,
					"sender":	true
				}],
			"sum":	{
				"start":	51.000126,
				"end":	52.000075,
				"seconds":	0.99994897842407227,
				"bytes":	11796480,
				"bits_per_second":	94376655.2456814,
				"retransmits":	48,
				"omitted":	false,
				"sender":	true
			}
		}, {
			"streams":	[{
					"socket":	6,
					"start":	52.000075,
					"end":	53.00012,
					"seconds":	1.0000449419021606,
					"bytes":	10485760,
					"bits_per_second":	83882310.169423357,
					"retransmits":	55,
					"snd_cwnd":	66608,
					"snd_wnd":	3145728,
					"rtt":	5248,
					"rttvar":	152,
					"pmtu":	1500,
					"omitted":	false,
					"sender":	true
				}],
			"sum":	{
				"start":	52.000075,
				"end":	53.00012,
				"seconds":	1.0000449419021606,
				"bytes":	10485760,
				"bits_per_second":	83882310.169423357,
				"retransmits":	55,
				"omitted":	false,
				"sender":	true
			}
		}, {
			"streams":	[{
					"socket":	6,
					"start":	53.00012,
					"end":	54.000069,
					"seconds":	0.99994897842407227,
					"bytes":	11796480,
					"bits_per_second":	94376655.2456814,
					"retransmits":	64,
					"snd_cwnd":	44888,
					"snd_wnd":	3145728,
					"rtt":	5285,
					"rttvar":	70,
					"pmtu":	1500,
					"omitted":	false,
					"sender":	true
				}],
			"sum":	{
				"start":	53.00012,
				"end":	54.000069,
				"seconds":	0.99994897842407227,
				"bytes":	11796480,
				"bits_per_second":	94376655.2456814,
				"retransmits":	64,
				"omitted":	false,
				"sender":	true
			}
		}, {
			"streams":	[{
					"socket":	6,
					"start":	54.000069,
					"end":	55.000156,
					"seconds":	1.0000870227813721,
					"bytes":	9175040,
					"bits_per_second":	73393933.055809647,
					"retransmits":	51,
					"snd_cwnd":	31856,
					"snd_wnd":	3145728,
					"rtt":	5192,
					"rttvar":	100,
					"pmtu":	1500,
					"omitted":	false,
					"sender":	true
				}],
			"sum":	{
				"start":	54.000069,
				"end":	55.000156,
				"seconds":	1.0000870227813721,
				"bytes":	9175040,
				"bits_per_second":	73393933.055809647,
				"retransmits":	51,
				"omitted":	false,
				"sender":	true
			}
		}, {
			"streams":	[{
					"socket":	6,
					"start":	55.000156,
					"end":	56.000071,
					"seconds":	0.99991500377655029,
					"bytes":	10485760,
					"bits_per_second":	83893210.6060746,
					"retransmits":	54,
					"snd_cwnd":	44888,
					"snd_wnd":	3145728,
					"rtt":	5250,
					"rttvar":	20,
					"pmtu":	1500,
					"omitted":	false,
					"sender":	true
				}],
			"sum":	{
				"start":	55.000156,
				"end":	56.000071,
				"seconds":	0.99991500377655029,
				"bytes":	10485760,
				"bits_per_second":	83893210.6060746,
				"retransmits":	54,
				"omitted":	false,
				"sender":	true
			}
		}, {
			"streams":	[{
					"socket":	6,
					"start":	56.000071,
					"end":	57.000104,
					"seconds":	1.0000330209732056,
					"bytes":	10485760,
					"bits_per_second":	83883310.091465071,
					"retransmits":	32,
					"snd_cwnd":	69504,
					"snd_wnd":	3145728,
					"rtt":	5122,
					"rttvar":	41,
					"pmtu":	1500,
					"omitted":	false,
					"sender":	true
				}],
			"sum":	{
				"start":	56.000071,
				"end":	57.000104,
				"seconds":	1.0000330209732056,
				"bytes":	10485760,
				"bits_per_second":	83883310.091465071,
				"retransmits":	32,
				"omitted":	false,
				"sender":	true
			}
		}, {
			"streams":	[{
					"socket":	6,
					"start":	57.000104,
					"end":	58.000114,
					"seconds":	1.0000100135803223,
					"bytes":	10485760,
					"bits_per_second":	83885240.0084113,
					"retransmits":	37,
					"snd_cwnd":	44888,
					"snd_wnd":	3145728,
					"rtt":	5185,
					"rttvar":	128,
					"pmtu":	1500,
					"omitted":	false,
					"sender":	true
				}],
			"sum":	{
				"start":	57.000104,
				"end":	58.000114,
				"seconds":	1.0000100135803223,
				"bytes":	10485760,
				"bits_per_second":	83885240.0084113,
				"retransmits":	37,
				"omitted":	false,
				"sender":	true
			}
		}, {
			"streams":	[{
					"socket":	6,
					"start":	58.000114,
					"end":	59.000042,
					"seconds":	0.99992799758911133,
					"bytes":	11796480,
					"bits_per_second":	94378635.4892916,
					"retransmits":	53,
					"snd_cwnd":	47784,
					"snd_wnd":	3145728,
					"rtt":	5219,
					"rttvar":	66,
					"pmtu":	1500,
					"omitted":	false,
					"sender":	true
				}],
			"sum":	{
				"start":	58.000114,
				"end":	59.000042,
				"seconds":	0.99992799758911133,
				"bytes":	11796480,
				"bits_per_second":	94378635.4892916,
				"retransmits":	53,
				"omitted":	false,
				"sender":	true
			}
		}, {
			"streams":	[{
					"socket":	6,
					"start":	59.000042,
					"end":	60.00008,
					"seconds":	1.0000380277633667,
					"bytes":	10485760,
					"bits_per_second":	83882890.121303946,
					"retransmits":	54,
					"snd_cwnd":	46336,
					"snd_wnd":	3145728,
					"rtt":	5195,
					"rttvar":	74,
					"pmtu":	1500,
					"omitted":	false,
					"sender":	true
				}],
			"sum":	{
				"start":	59.000042,
				"end":	60.00008,
				"seconds":	1.0000380277633667,
				"bytes":	10485760,
				"bits_per_second":	83882890.121303946,
				"retransmits":	54,
				"omitted":	false,
				"sender":	true
			}
		}],
	"end":	{
		"streams":	[{
				"sender":	{
					"socket":	6,
					"start":	0,
					"end":	60.00008,
					"seconds":	60.00008,
					"bytes":	649854976,
					"bits_per_second":	86647214.60371387,
					"retransmits":	6137,
					"max_snd_cwnd":	105704,
					"max_snd_wnd":	3145728,
					"max_rtt":	5419,
					"min_rtt":	5097,
					"mean_rtt":	5227,
					"sender":	true
				},
				"receiver":	{
					"socket":	6,
					"start":	0,
					"end":	60.005308,
					"seconds":	60.00008,
					"bytes":	646117872,
					"bits_per_second":	86141428.954918459,
					"sender":	true
				}
			}],
		"sum_sent":	{
			"start":	0,
			"end":	60.00008,
			"seconds":	60.00008,
			"bytes":	649854976,
			"bits_per_second":	86647214.60371387,
			"retransmits":	6137,
			"sender":	true
		},
		"sum_received":	{
			"start":	0,
			"end":	60.005308,
			"seconds":	60.005308,
			"bytes":	646117872,
			"bits_per_second":	86141428.954918459,
			"sender":	true
		},
		"cpu_utilization_percent":	{
			"host_total":	0.19517028842581244,
			"host_user":	0.0043684396661585754,
			"host_system":	0.19080184875965386,
			"remote_total":	2.0084084873603629,
			"remote_user":	0.1664718978347971,
			"remote_system":	1.8419365895255657
		},
		"sender_tcp_congestion":	"cubic",
		"receiver_tcp_congestion":	"cubic"
	}
}
