{
	"start":	{
		"connected":	[{
				"socket":	6,
				"local_host":	"192.168.101.210",
				"local_port":	56620,
				"remote_host":	"192.168.100.168",
				"remote_port":	5201
			}],
		"version":	"iperf 3.11",
		"system_info":	"Linux f1 6.0.10-300.fc37.x86_64 #1 SMP PREEMPT_DYNAMIC Sat Nov 26 16:55:13 UTC 2022 x86_64",
		"timestamp":	{
			"time":	"Sat, 10 Dec 2022 17:18:28 GMT",
			"timesecs":	1670692708
		},
		"connecting_to":	{
			"host":	"192.168.100.168",
			"port":	5201
		},
		"cookie":	"e432mcysbb6svhelvnf7qabvee5qzdpk6nw5",
		"tcp_mss_default":	1448,
		"target_bitrate":	0,
		"sock_bufsize":	0,
		"sndbuf_actual":	16384,
		"rcvbuf_actual":	131072,
		"test_start":	{
			"protocol":	"TCP",
			"num_streams":	1,
			"blksize":	131072,
			"omit":	0,
			"duration":	60,
			"bytes":	0,
			"blocks":	0,
			"reverse":	0,
			"tos":	0,
			"target_bitrate":	0
		}
	},
	"intervals":	[{
			"streams":	[{
					"socket":	6,
					"start":	0,
					"end":	1.000207,
					"seconds":	1.00020694732666,
					"bytes":	1377048,
					"bits_per_second":	11014104.660484957,
					"retransmits":	0,
					"snd_cwnd":	146248,
					"snd_wnd":	1020544,
					"rtt":	160793,
					"rttvar":	4506,
					"pmtu":	1500,
					"omitted":	false,
					"sender":	true
				}],
			"sum":	{
				"start":	0,
				"end":	1.000207,
				"seconds":	1.00020694732666,
				"bytes":	1377048,
				"bits_per_second":	11014104.660484957,
				"retransmits":	0,
				"omitted":	false,
				"sender":	true
			}
		}, {
			"streams":	[{
					"socket":	6,
					"start":	1.000207,
					"end":	2.000096,
					"seconds":	0.99988901615142822,
					"bytes":	1107720,
					"bits_per_second":	8862743.621396007,
					"retransmits":	0,
					"snd_cwnd":	185344,
					"snd_wnd":	1020544,
					"rtt":	216944,
					"rttvar":	1355,
					"pmtu":	1500,
					"omitted":	false,
					"sender":	true
				}],
			"sum":	{
				"start":	1.000207,
				"end":	2.000096,
				"seconds":	0.99988901615142822,
				"bytes":	1107720,
				"bits_per_second":	8862743.621396007,
				"retransmits":	0,
				"omitted":	false,
				"sender":	true
			}
		}, {
			"streams":	[{
					"socket":	6,
					"start":	2.000096,
					"end":	3.000266,
					"seconds":	1.0001699924468994,
					"bytes":	912240,
					"bits_per_second":	7296679.6195772272,
					"retransmits":	0,
					"snd_cwnd":	230232,
					"snd_wnd":	1020544,
					"rtt":	233917,
					"rttvar":	768,
					"pmtu":	1500,
					"omitted":	false,
					"sender":	true
				}],
			"sum":	{
				"start":	2.000096,
				"end":	3.000266,
				"seconds":	1.0001699924468994,
				"bytes":	912240,
				"bits_per_second":	7296679.6195772272,
				"retransmits":	0,
				"omitted":	false,
				"sender":	true
			}
		}, {
			"streams":	[{
					"socket":	6,
					"start":	3.000266,
					"end":	4.000392,
					"seconds":	1.0001260042190552,
					"bytes":	1042560,
					"bits_per_second":	8339429.1967367,
					"retransmits":	0,
					"snd_cwnd":	278016,
					"snd_wnd":	1020544,
					"rtt":	267386,
					"rttvar":	576,
					"pmtu":	1500,
					"omitted":	false,
					"sender":	true
				}],
			"sum":	{
				"start":	3.000266,
				"end":	4.000392,
				"seconds":	1.0001260042190552,
				"bytes":	1042560,
				"bits_per_second":	8339429.1967367,
				"retransmits":	0,
				"omitted":	false,
				"sender":	true
			}
		}, {
			"streams":	[{
					"socket":	6,
					"start":	4.000392,
					"end":	5.000445,
					"seconds":	1.00005304813385,
					"bytes":	1238040,
					"bits_per_second":	9903794.62217726,
					"retransmits":	0,
					"snd_cwnd":	328696,
					"snd_wnd":	1020544,
					"rtt":	304119,
					"rttvar":	1112,
					"pmtu":	1500,
					"omitted":	false,
					"sender":	true
				}],
			"sum":	{
				"start":	4.000392,
				"end":	5.000445,
				"seconds":	1.00005304813385,
				"bytes":	1238040,
				"bits_per_second":	9903794.62217726,
				"retransmits":	0,
				"omitted":	false,
				"sender":	true
			}
		}, {
			"streams":	[{
					"socket":	6,
					"start":	5.000445,
					"end":	6.000334,
					"seconds":	0.99988901615142822,
					"bytes":	1498680,
					"bits_per_second":	11990770.781888716,
					"retransmits":	0,
					"snd_cwnd":	382272,
					"snd_wnd":	1020544,
					"rtt":	342098,
					"rttvar":	890,
					"pmtu":	1500,
					"omitted":	false,
					"sender":	true
				}],
			"sum":	{
				"start":	5.000445,
				"end":	6.000334,
				"seconds":	0.99988901615142822,
				"bytes":	1498680,
				"bits_per_second":	11990770.781888716,
				"retransmits":	0,
				"omitted":	false,
				"sender":	true
			}
		}, {
			"streams":	[{
					"socket":	6,
					"start":	6.000334,
					"end":	7.000703,
					"seconds":	1.00036895275116,
					"bytes":	847080,
					"bits_per_second":	6774140.66216595,
					"retransmits":	0,
					"snd_cwnd":	434400,
					"snd_wnd":	1020544,
					"rtt":	379181,
					"rttvar":	460,
					"pmtu":	1500,
					"omitted":	false,
					"sender":	true
				}],
			"sum":	{
				"start":	6.000334,
				"end":	7.000703,
				"seconds":	1.00036895275116,
				"bytes":	847080,
				"bits_per_second":	6774140.66216595,
				"retransmits":	0,
				"omitted":	false,
				"sender":	true
			}
		}, {
			"streams":	[{
					"socket":	6,
					"start":	7.000703,
					"end":	8.000329,
					"seconds":	0.99962598085403442,
					"bytes":	1889640,
					"bits_per_second":	15122776.207841886,
					"retransmits":	0,
					"snd_cwnd":	490872,
					"snd_wnd":	1053312,
					"rtt":	422584,
					"rttvar":	276,
					"pmtu":	1500,
					"omitted":	false,
					"sender":	true
				}],
			"sum":	{
				"start":	7.000703,
				"end":	8.000329,
				"seconds":	0.99962598085403442,
				"bytes":	1889640,
				"bits_per_second":	15122776.207841886,
				"retransmits":	0,
				"omitted":	false,
				"sender":	true
			}
		}, {
			"streams":	[{
					"socket":	6,
					"start":	8.000329,
					"end":	9.000586,
					"seconds":	1.0002570152282715,
					"bytes":	1042560,
					"bits_per_second":	8338336.92043299,
					"retransmits":	0,
					"snd_cwnd":	545896,
					"snd_wnd":	1138432,
					"rtt":	460726,
					"rttvar":	1405,
					"pmtu":	1500,
					"omitted":	false,
					"sender":	true
				}],
			"sum":	{
				"start":	8.000329,
				"end":	9.000586,
				"seconds":	1.0002570152282715,
				"bytes":	1042560,
				"bits_per_second":	8338336.92043299,
				"retransmits":	0,
				"omitted":	false,
				"sender":	true
			}
		}, {
			"streams":	[{
					"socket":	6,
					"start":	9.000586,
					"end":	10.000777,
					"seconds":	1.0001909732818604,
					"bytes":	1107720,
					"bits_per_second":	8860067.96374346,
					"retransmits":	0,
					"snd_cwnd":	611056,
					"snd_wnd":	1251840,
					"rtt":	503221,
					"rttvar":	1009,
					"pmtu":	1500,
					"omitted":	false,
					"sender":	true
				}],
			"sum":	{
				"start":	9.000586,
				"end":	10.000777,
				"seconds":	1.0001909732818604,
				"bytes":	1107720,
				"bits_per_second":	8860067.96374346,
				"retransmits":	0,
				"omitted":	false,
				"sender":	true
			}
		}, {
			"streams":	[{
					"socket":	6,
					"start":	10.000777,
					"end":	11.000147,
					"seconds":	0.999369978904724,
					"bytes":	2485704,
					"bits_per_second":	19898168.26576478,
					"retransmits":	0,
					"snd_cwnd":	754408,
					"snd_wnd":	1451776,
					"rtt":	559439,
					"rttvar":	2330,
					"pmtu":	1500,
					"omitted":	false,
					"sender":	true
				}],
			"sum":	{
				"start":	10.000777,
				"end":	11.000147,
				"seconds":	0.999369978904724,
				"bytes":	2485704,
				"bits_per_second":	19898168.26576478,
				"retransmits":	0,
				"omitted":	false,
				"sender":	true
			}
		}, {
			"streams":	[{
					"socket":	6,
					"start":	11.000147,
					"end":	12.001038,
					"seconds":	1.0008909702301025,
					"bytes":	0,
					"bits_per_second":	0,
					"retransmits":	0,
					"snd_cwnd":	932512,
					"snd_wnd":	2046592,
					"rtt":	699515,
					"rttvar":	2356,
					"pmtu":	1500,
					"omitted":	false,
					"sender":	true
				}],
			"sum":	{
				"start":	11.000147,
				"end":	12.001038,
				"seconds":	1.0008909702301025,
				"bytes":	0,
				"bits_per_second":	0,
				"retransmits":	0,
				"omitted":	false,
				"sender":	true
			}
		}, {
			"streams":	[{
					"socket":	6,
					"start":	12.001038,
					"end":	13.00101,
					"seconds":	0.99997198581695557,
					"bytes":	1310720,
					"bits_per_second":	10486053.7582294,
					"retransmits":	0,
					"snd_cwnd":	1141024,
					"snd_wnd":	2398592,
					"rtt":	856699,
					"rttvar":	2861,
					"pmtu":	1500,
					"omitted":	false,
					"sender":	true
				}],
			"sum":	{
				"start":	12.001038,
				"end":	13.00101,
				"seconds":	0.99997198581695557,
				"bytes":	1310720,
				"bits_per_second":	10486053.7582294,
				"retransmits":	0,
				"omitted":	false,
				"sender":	true
			}
		}, {
			"streams":	[{
					"socket":	6,
					"start":	13.00101,
					"end":	14.000752,
					"seconds":	0.99974197149276733,
					"bytes":	1310720,
					"bits_per_second":	10488466.323308563,
					"retransmits":	0,
					"snd_cwnd":	1374152,
					"snd_wnd":	2972416,
					"rtt":	1004363,
					"rttvar":	4683,
					"pmtu":	1500,
					"omitted":	false,
					"sender":	true
				}],
			"sum":	{
				"start":	13.00101,
				"end":	14.000752,
				"seconds":	0.99974197149276733,
				"bytes":	1310720,
				"bits_per_second":	10488466.323308563,
				"retransmits":	0,
				"omitted":	false,
				"sender":	true
			}
		}, {
			"streams":	[{
					"socket":	6,
					"start":	14.000752,
					"end":	15.000455,
					"seconds":	0.99970299005508423,
					"bytes":	1310720,
					"bits_per_second":	10488875.300275164,
					"retransmits":	0,
					"snd_cwnd":	1652168,
					"snd_wnd":	3143040,
					"rtt":	1181931,
					"rttvar":	3243,
					"pmtu":	1500,
					"omitted":	false,
					"sender":	true
				}],
			"sum":	{
				"start":	14.000752,
				"end":	15.000455,
				"seconds":	0.99970299005508423,
				"bytes":	1310720,
				"bits_per_second":	10488875.300275164,
				"retransmits":	0,
				"omitted":	false,
				"sender":	true
			}
		}, {
			"streams":	[{
					"socket":	6,
					"start":	15.000455,
					"end":	16.000157,
					"seconds":	0.999701976776123,
					"bytes":	1310720,
					"bits_per_second":	10488885.931600213,
					"retransmits":	0,
					"snd_cwnd":	1931632,
					"snd_wnd":	3143936,
					"rtt":	1377700,
					"rttvar":	4105,
					"pmtu":	1500,
					"omitted":	false,
					"sender":	true
				}],
			"sum":	{
				"start":	15.000455,
				"end":	16.000157,
				"seconds":	0.999701976776123,
				"bytes":	1310720,
				"bits_per_second":	10488885.931600213,
				"retransmits":	0,
				"omitted":	false,
				"sender":	true
			}
		}, {
			"streams":	[{
					"socket":	6,
					"start":	16.000157,
					"end":	17.00103,
					"seconds":	1.0008729696273804,
					"bytes":	0,
					"bits_per_second":	0,
					"retransmits":	0,
					"snd_cwnd":	2299424,
					"snd_wnd":	3143936,
					"rtt":	1569574,
					"rttvar":	4047,
					"pmtu":	1500,
					"omitted":	false,
					"sender":	true
				}],
			"sum":	{
				"start":	16.000157,
				"end":	17.00103,
				"seconds":	1.0008729696273804,
				"bytes":	0,
				"bits_per_second":	0,
				"retransmits":	0,
				"omitted":	false,
				"sender":	true
			}
		}, {
			"streams":	[{
					"socket":	6,
					"start":	17.00103,
					"end":	18.000969,
					"seconds":	0.99993902444839478,
					"bytes":	1310720,
					"bits_per_second":	10486399.41398862,
					"retransmits":	0,
					"snd_cwnd":	2677352,
					"snd_wnd":	3143936,
					"rtt":	1771705,
					"rttvar":	5368,
					"pmtu":	1500,
					"omitted":	false,
					"sender":	true
				}],
			"sum":	{
				"start":	17.00103,
				"end":	18.000969,
				"seconds":	0.99993902444839478,
				"bytes":	1310720,
				"bits_per_second":	10486399.41398862,
				"retransmits":	0,
				"omitted":	false,
				"sender":	true
			}
		}, {
			"streams":	[{
					"socket":	6,
					"start":	18.000969,
					"end":	19.000812,
					"seconds":	0.99984300136566162,
					"bytes":	1310720,
					"bits_per_second":	10487406.508499585,
					"retransmits":	0,
					"snd_cwnd":	3059624,
					"snd_wnd":	3144192,
					"rtt":	1916502,
					"rttvar":	20063,
					"pmtu":	1500,
					"omitted":	false,
					"sender":	true
				}],
			"sum":	{
				"start":	18.000969,
				"end":	19.000812,
				"seconds":	0.99984300136566162,
				"bytes":	1310720,
				"bits_per_second":	10487406.508499585,
				"retransmits":	0,
				"omitted":	false,
				"sender":	true
			}
		}, {
			"streams":	[{
					"socket":	6,
					"start":	19.000812,
					"end":	20.000694,
					"seconds":	0.99988198280334473,
					"bytes":	1310720,
					"bits_per_second":	10486997.64606352,
					"retransmits":	0,
					"snd_cwnd":	3472304,
					"snd_wnd":	3144320,
					"rtt":	1771675,
					"rttvar":	11016,
					"pmtu":	1500,
					"omitted":	false,
					"sender":	true
				}],
			"sum":	{
				"start":	19.000812,
				"end":	20.000694,
				"seconds":	0.99988198280334473,
				"bytes":	1310720,
				"bits_per_second":	10486997.64606352,
				"retransmits":	0,
				"omitted":	false,
				"sender":	true
			}
		}, {
			"streams":	[{
					"socket":	6,
					"start":	20.000694,
					"end":	21.000766,
					"seconds":	1.0000720024108887,
					"bytes":	1310720,
					"bits_per_second":	10485005.054357907,
					"retransmits":	0,
					"snd_cwnd":	4016752,
					"snd_wnd":	3144448,
					"rtt":	2486219,
					"rttvar":	4432,
					"pmtu":	1500,
					"omitted":	false,
					"sender":	true
				}],
			"sum":	{
				"start":	20.000694,
				"end":	21.000766,
				"seconds":	1.0000720024108887,
				"bytes":	1310720,
				"bits_per_second":	10485005.054357907,
				"retransmits":	0,
				"omitted":	false,
				"sender":	true
			}
		}, {
			"streams":	[{
					"socket":	6,
					"start":	21.000766,
					"end":	22.000396,
					"seconds":	0.99962997436523438,
					"bytes":	1310720,
					"bits_per_second":	10489641.436230905,
					"retransmits":	0,
					"snd_cwnd":	4031232,
					"snd_wnd":	3144448,
					"rtt":	2623139,
					"rttvar":	19998,
					"pmtu":	1500,
					"omitted":	false,
					"sender":	true
				}],
			"sum":	{
				"start":	21.000766,
				"end":	22.000396,
				"seconds":	0.99962997436523438,
				"bytes":	1310720,
				"bits_per_second":	10489641.436230905,
				"retransmits":	0,
				"omitted":	false,
				"sender":	true
			}
		}, {
			"streams":	[{
					"socket":	6,
					"start":	22.000396,
					"end":	23.000257,
					"seconds":	0.99986100196838379,
					"bytes":	1310720,
					"bits_per_second":	10487217.702617794,
					"retransmits":	0,
					"snd_cwnd":	4031232,
					"snd_wnd":	3144448,
					"rtt":	2481054,
					"rttvar":	19563,
					"pmtu":	1500,
					"omitted":	false,
					"sender":	true
				}],
			"sum":	{
				"start":	22.000396,
				"end":	23.000257,
				"seconds":	0.99986100196838379,
				"bytes":	1310720,
				"bits_per_second":	10487217.702617794,
				"retransmits":	0,
				"omitted":	false,
				"sender":	true
			}
		}, {
			"streams":	[{
					"socket":	6,
					"start":	23.000257,
					"end":	24.000155,
					"seconds":	0.99989801645278931,
					"bytes":	1310720,
					"bits_per_second":	10486829.48406978,
					"retransmits":	0,
					"snd_cwnd":	4031232,
					"snd_wnd":	3144448,
					"rtt":	2346036,
					"rttvar":	19469,
					"pmtu":	1500,
					"omitted":	false,
					"sender":	true
				}],
			"sum":	{
				"start":	23.000257,
				"end":	24.000155,
				"seconds":	0.99989801645278931,
				"bytes":	1310720,
				"bits_per_second":	10486829.48406978,
				"retransmits":	0,
				"omitted":	false,
				"sender":	true
			}
		}, {
			"streams":	[{
					"socket":	6,
					"start":	24.000155,
					"end":	25.000086,
					"seconds":	0.99993097782135,
					"bytes":	1310720,
					"bits_per_second":	10486483.79995825,
					"retransmits":	0,
					"snd_cwnd":	4031232,
					"snd_wnd":	3144448,
					"rtt":	2204989,
					"rttvar":	19418,
					"pmtu":	1500,
					"omitted":	false,
					"sender":	true
				}],
			"sum":	{
				"start":	24.000155,
				"end":	25.000086,
				"seconds":	0.99993097782135,
				"bytes":	1310720,
				"bits_per_second":	10486483.79995825,
				"retransmits":	0,
				"omitted":	false,
				"sender":	true
			}
		}, {
			"streams":	[{
					"socket":	6,
					"start":	25.000086,
					"end":	26.001032,
					"seconds":	1.000946044921875,
					"bytes":	0,
					"bits_per_second":	0,
					"retransmits":	0,
					"snd_cwnd":	4031232,
					"snd_wnd":	3144448,
					"rtt":	2100905,
					"rttvar":	19989,
					"pmtu":	1500,
					"omitted":	false,
					"sender":	true
				}],
			"sum":	{
				"start":	25.000086,
				"end":	26.001032,
				"seconds":	1.000946044921875,
				"bytes":	0,
				"bits_per_second":	0,
				"retransmits":	0,
				"omitted":	false,
				"sender":	true
			}
		}, {
			"streams":	[{
					"socket":	6,
					"start":	26.001032,
					"end":	27.000953,
					"seconds":	0.99992102384567261,
					"bytes":	1310720,
					"bits_per_second":	10486588.190407293,
					"retransmits":	0,
					"snd_cwnd":	4031232,
					"snd_wnd":	3144448,
					"rtt":	2005865,
					"rttvar":	19901,
					"pmtu":	1500,
					"omitted":	false,
					"sender":	true
				}],
			"sum":	{
				"start":	26.001032,
				"end":	27.000953,
				"seconds":	0.99992102384567261,
				"bytes":	1310720,
				"bits_per_second":	10486588.190407293,
				"retransmits":	0,
				"omitted":	false,
				"sender":	true
			}
		}, {
			"streams":	[{
					"socket":	6,
					"start":	27.000953,
					"end":	28.000862,
					"seconds":	0.999908983707428,
					"bytes":	1310720,
					"bits_per_second":	10486714.461871581,
					"retransmits":	0,
					"snd_cwnd":	4031232,
					"snd_wnd":	3144448,
					"rtt":	1906313,
					"rttvar":	19603,
					"pmtu":	1500,
					"omitted":	false,
					"sender":	true
				}],
			"sum":	{
				"start":	27.000953,
				"end":	28.000862,
				"seconds":	0.999908983707428,
				"bytes":	1310720,
				"bits_per_second":	10486714.461871581,
				"retransmits":	0,
				"omitted":	false,
				"sender":	true
			}
		}, {
			"streams":	[{
					"socket":	6,
					"start":	28.000862,
					"end":	29.000711,
					"seconds":	0.999849021434784,
					"bytes":	1310720,
					"bits_per_second":	10487343.364054034,
					"retransmits":	0,
					"snd_cwnd":	4031232,
					"snd_wnd":	3144576,
					"rtt":	1810173,
					"rttvar":	18390,
					"pmtu":	1500,
					"omitted":	false,
					"sender":	true
				}],
			"sum":	{
				"start":	28.000862,
				"end":	29.000711,
				"seconds":	0.999849021434784,
				"bytes":	1310720,
				"bits_per_second":	10487343.364054034,
				"retransmits":	0,
				"omitted":	false,
				"sender":	true
			}
		}, {
			"streams":	[{
					"socket":	6,
					"start":	29.000711,
					"end":	30.000576,
					"seconds":	0.99986499547958374,
					"bytes":	1310720,
					"bits_per_second":	10487175.816141579,
					"retransmits":	0,
					"snd_cwnd":	4031232,
					"snd_wnd":	3144576,
					"rtt":	2661554,
					"rttvar":	14198,
					"pmtu":	1500,
					"omitted":	false,
					"sender":	true
				}],
			"sum":	{
				"start":	29.000711,
				"end":	30.000576,
				"seconds":	0.99986499547958374,
				"bytes":	1310720,
				"bits_per_second":	10487175.816141579,
				"retransmits":	0,
				"omitted":	false,
				"sender":	true
			}
		}, {
			"streams":	[{
					"socket":	6,
					"start":	30.000576,
					"end":	31.000426,
					"seconds":	0.99984997510910034,
					"bytes":	1310720,
					"bits_per_second":	10487333.361043319,
					"retransmits":	0,
					"snd_cwnd":	4031232,
					"snd_wnd":	3144576,
					"rtt":	2657412,
					"rttvar":	19525,
					"pmtu":	1500,
					"omitted":	false,
					"sender":	true
				}],
			"sum":	{
				"start":	30.000576,
				"end":	31.000426,
				"seconds":	0.99984997510910034,
				"bytes":	1310720,
				"bits_per_second":	10487333.361043319,
				"retransmits":	0,
				"omitted":	false,
				"sender":	true
			}
		}, {
			"streams":	[{
					"socket":	6,
					"start":	31.000426,
					"end":	32.000252,
					"seconds":	0.99982601404190063,
					"bytes":	1310720,
					"bits_per_second":	10487584.692470867,
					"retransmits":	0,
					"snd_cwnd":	4031232,
					"snd_wnd":	3144704,
					"rtt":	2526820,
					"rttvar":	19975,
					"pmtu":	1500,
					"omitted":	false,
					"sender":	true
				}],
			"sum":	{
				"start":	31.000426,
				"end":	32.000252,
				"seconds":	0.99982601404190063,
				"bytes":	1310720,
				"bits_per_second":	10487584.692470867,
				"retransmits":	0,
				"omitted":	false,
				"sender":	true
			}
		}, {
			"streams":	[{
					"socket":	6,
					"start":	32.000252,
					"end":	33.0001,
					"seconds":	0.99984800815582275,
					"bytes":	1310720,
					"bits_per_second":	10487353.992273826,
					"retransmits":	0,
					"snd_cwnd":	4031232,
					"snd_wnd":	3144704,
					"rtt":	2373550,
					"rttvar":	19907,
					"pmtu":	1500,
					"omitted":	false,
					"sender":	true
				}],
			"sum":	{
				"start":	32.000252,
				"end":	33.0001,
				"seconds":	0.99984800815582275,
				"bytes":	1310720,
				"bits_per_second":	10487353.992273826,
				"retransmits":	0,
				"omitted":	false,
				"sender":	true
			}
		}, {
			"streams":	[{
					"socket":	6,
					"start":	33.0001,
					"end":	34.001048,
					"seconds":	1.0009479522705078,
					"bytes":	0,
					"bits_per_second":	0,
					"retransmits":	0,
					"snd_cwnd":	4031232,
					"snd_wnd":	3144704,
					"rtt":	2183432,
					"rttvar":	20010,
					"pmtu":	1500,
					"omitted":	false,
					"sender":	true
				}],
			"sum":	{
				"start":	33.0001,
				"end":	34.001048,
				"seconds":	1.0009479522705078,
				"bytes":	0,
				"bits_per_second":	0,
				"retransmits":	0,
				"omitted":	false,
				"sender":	true
			}
		}, {
			"streams":	[{
					"socket":	6,
					"start":	34.001048,
					"end":	35.00094,
					"seconds":	0.999891996383667,
					"bytes":	1310720,
					"bits_per_second":	10486892.622327307,
					"retransmits":	0,
					"snd_cwnd":	4031232,
					"snd_wnd":	3144704,
					"rtt":	2028999,
					"rttvar":	20010,
					"pmtu":	1500,
					"omitted":	false,
					"sender":	true
				}],
			"sum":	{
				"start":	34.001048,
				"end":	35.00094,
				"seconds":	0.999891996383667,
				"bytes":	1310720,
				"bits_per_second":	10486892.622327307,
				"retransmits":	0,
				"omitted":	false,
				"sender":	true
			}
		}, {
			"streams":	[{
					"socket":	6,
					"start":	35.00094,
					"end":	36.000734,
					"seconds":	0.99979400634765625,
					"bytes":	1310720,
					"bits_per_second":	10487920.445037965,
					"retransmits":	0,
					"snd_cwnd":	4031232,
					"snd_wnd":	3144704,
					"rtt":	1866468,
					"rttvar":	13730,
					"pmtu":	1500,
					"omitted":	false,
					"sender":	true
				}],
			"sum":	{
				"start":	35.00094,
				"end":	36.000734,
				"seconds":	0.99979400634765625,
				"bytes":	1310720,
				"bits_per_second":	10487920.445037965,
				"retransmits":	0,
				"omitted":	false,
				"sender":	true
			}
		}, {
			"streams":	[{
					"socket":	6,
					"start":	36.000734,
					"end":	37.000557,
					"seconds":	0.999822974205017,
					"bytes":	1310720,
					"bits_per_second":	10487616.578662314,
					"retransmits":	0,
					"snd_cwnd":	4031232,
					"snd_wnd":	3144704,
					"rtt":	2798836,
					"rttvar":	1736,
					"pmtu":	1500,
					"omitted":	false,
					"sender":	true
				}],
			"sum":	{
				"start":	36.000734,
				"end":	37.000557,
				"seconds":	0.999822974205017,
				"bytes":	1310720,
				"bits_per_second":	10487616.578662314,
				"retransmits":	0,
				"omitted":	false,
				"sender":	true
			}
		}, {
			"streams":	[{
					"socket":	6,
					"start":	37.000557,
					"end":	38.000372,
					"seconds":	0.99981498718261719,
					"bytes":	1310720,
					"bits_per_second":	10487700.358991284,
					"retransmits":	0,
					"snd_cwnd":	4031232,
					"snd_wnd":	3144704,
					"rtt":	2682541,
					"rttvar":	19525,
					"pmtu":	1500,
					"omitted":	false,
					"sender":	true
				}],
			"sum":	{
				"start":	37.000557,
				"end":	38.000372,
				"seconds":	0.99981498718261719,
				"bytes":	1310720,
				"bits_per_second":	10487700.358991284,
				"retransmits":	0,
				"omitted":	false,
				"sender":	true
			}
		}, {
			"streams":	[{
					"socket":	6,
					"start":	38.000372,
					"end":	39.00022,
					"seconds":	0.99984800815582275,
					"bytes":	1310720,
					"bits_per_second":	10487353.992273826,
					"retransmits":	0,
					"snd_cwnd":	4031232,
					"snd_wnd":	3144704,
					"rtt":	2501163,
					"rttvar":	19840,
					"pmtu":	1500,
					"omitted":	false,
					"sender":	true
				}],
			"sum":	{
				"start":	38.000372,
				"end":	39.00022,
				"seconds":	0.99984800815582275,
				"bytes":	1310720,
				"bits_per_second":	10487353.992273826,
				"retransmits":	0,
				"omitted":	false,
				"sender":	true
			}
		}, {
			"streams":	[{
					"socket":	6,
					"start":	39.00022,
					"end":	40.001031,
					"seconds":	1.000810980796814,
					"bytes":	0,
					"bits_per_second":	0,
					"retransmits":	0,
					"snd_cwnd":	4031232,
					"snd_wnd":	3144704,
					"rtt":	2320611,
					"rttvar":	19969,
					"pmtu":	1500,
					"omitted":	false,
					"sender":	true
				}],
			"sum":	{
				"start":	39.00022,
				"end":	40.001031,
				"seconds":	1.000810980796814,
				"bytes":	0,
				"bits_per_second":	0,
				"retransmits":	0,
				"omitted":	false,
				"sender":	true
			}
		}, {
			"streams":	[{
					"socket":	6,
					"start":	40.001031,
					"end":	41.001219,
					"seconds":	1.0001879930496216,
					"bytes":	1310720,
					"bits_per_second":	10483789.120511645,
					"retransmits":	0,
					"snd_cwnd":	4031232,
					"snd_wnd":	3144704,
					"rtt":	2139166,
					"rttvar":	19552,
					"pmtu":	1500,
					"omitted":	false,
					"sender":	true
				}],
			"sum":	{
				"start":	40.001031,
				"end":	41.001219,
				"seconds":	1.0001879930496216,
				"bytes":	1310720,
				"bits_per_second":	10483789.120511645,
				"retransmits":	0,
				"omitted":	false,
				"sender":	true
			}
		}, {
			"streams":	[{
					"socket":	6,
					"start":	41.001219,
					"end":	42.000879,
					"seconds":	0.99966001510620117,
					"bytes":	1310720,
					"bits_per_second":	10489326.212458365,
					"retransmits":	0,
					"snd_cwnd":	4031232,
					"snd_wnd":	3144704,
					"rtt":	1956959,
					"rttvar":	19438,
					"pmtu":	1500,
					"omitted":	false,
					"sender":	true
				}],
			"sum":	{
				"start":	41.001219,
				"end":	42.000879,
				"seconds":	0.99966001510620117,
				"bytes":	1310720,
				"bits_per_second":	10489326.212458365,
				"retransmits":	0,
				"omitted":	false,
				"sender":	true
			}
		}, {
			"streams":	[{
					"socket":	6,
					"start":	42.000879,
					"end":	43.000809,
					"seconds":	0.99993002414703369,
					"bytes":	1310720,
					"bits_per_second":	10486493.801348375,
					"retransmits":	0,
					"snd_cwnd":	4031232,
					"snd_wnd":	3144704,
					"rtt":	1828314,
					"rttvar":	19986,
					"pmtu":	1500,
					"omitted":	false,
					"sender":	true
				}],
			"sum":	{
				"start":	42.000879,
				"end":	43.000809,
				"seconds":	0.99993002414703369,
				"bytes":	1310720,
				"bits_per_second":	10486493.801348375,
				"retransmits":	0,
				"omitted":	false,
				"sender":	true
			}
		}, {
			"streams":	[{
					"socket":	6,
					"start":	43.000809,
					"end":	44.000698,
					"seconds":	0.99988901615142822,
					"bytes":	1310720,
					"bits_per_second":	10486923.879171791,
					"retransmits":	0,
					"snd_cwnd":	4031232,
					"snd_wnd":	3144704,
					"rtt":	1730319,
					"rttvar":	18557,
					"pmtu":	1500,
					"omitted":	false,
					"sender":	true
				}],
			"sum":	{
				"start":	43.000809,
				"end":	44.000698,
				"seconds":	0.99988901615142822,
				"bytes":	1310720,
				"bits_per_second":	10486923.879171791,
				"retransmits":	0,
				"omitted":	false,
				"sender":	true
			}
		}, {
			"streams":	[{
					"socket":	6,
					"start":	44.000698,
					"end":	45.000602,
					"seconds":	0.999903976917267,
					"bytes":	1310720,
					"bits_per_second":	10486766.971692527,
					"retransmits":	0,
					"snd_cwnd":	4031232,
					"snd_wnd":	3144704,
					"rtt":	2633936,
					"rttvar":	621,
					"pmtu":	1500,
					"omitted":	false,
					"sender":	true
				}],
			"sum":	{
				"start":	44.000698,
				"end":	45.000602,
				"seconds":	0.999903976917267,
				"bytes":	1310720,
				"bits_per_second":	10486766.971692527,
				"retransmits":	0,
				"omitted":	false,
				"sender":	true
			}
		}, {
			"streams":	[{
					"socket":	6,
					"start":	45.000602,
					"end":	46.000655,
					"seconds":	1.00005304813385,
					"bytes":	1310720,
					"bits_per_second":	10485203.77950646,
					"retransmits":	0,
					"snd_cwnd":	4031232,
					"snd_wnd":	3144704,
					"rtt":	2625480,
					"rttvar":	19904,
					"pmtu":	1500,
					"omitted":	false,
					"sender":	true
				}],
			"sum":	{
				"start":	45.000602,
				"end":	46.000655,
				"seconds":	1.00005304813385,
				"bytes":	1310720,
				"bits_per_second":	10485203.77950646,
				"retransmits":	0,
				"omitted":	false,
				"sender":	true
			}
		}, {
			"streams":	[{
					"socket":	6,
					"start":	46.000655,
					"end":	47.000284,
					"seconds":	0.999629020690918,
					"bytes":	1310720,
					"bits_per_second":	10489651.443645075,
					"retransmits":	0,
					"snd_cwnd":	4031232,
					"snd_wnd":	3144704,
					"rtt":	2528390,
					"rttvar":	19449,
					"pmtu":	1500,
					"omitted":	false,
					"sender":	true
				}],
			"sum":	{
				"start":	46.000655,
				"end":	47.000284,
				"seconds":	0.999629020690918,
				"bytes":	1310720,
				"bits_per_second":	10489651.443645075,
				"retransmits":	0,
				"omitted":	false,
				"sender":	true
			}
		}, {
			"streams":	[{
					"socket":	6,
					"start":	47.000284,
					"end":	48.000116,
					"seconds":	0.99983197450637817,
					"bytes":	1310720,
					"bits_per_second":	10487522.171089668,
					"retransmits":	0,
					"snd_cwnd":	4031232,
					"snd_wnd":	3144704,
					"rtt":	2390172,
					"rttvar":	19689,
					"pmtu":	1500,
					"omitted":	false,
					"sender":	true
				}],
			"sum":	{
				"start":	47.000284,
				"end":	48.000116,
				"seconds":	0.99983197450637817,
				"bytes":	1310720,
				"bits_per_second":	10487522.171089668,
				"retransmits":	0,
				"omitted":	false,
				"sender":	true
			}
		}, {
			"streams":	[{
					"socket":	6,
					"start":	48.000116,
					"end":	49.001052,
					"seconds":	1.0009360313415527,
					"bytes":	0,
					"bits_per_second":	0,
					"retransmits":	0,
					"snd_cwnd":	4031232,
					"snd_wnd":	3144704,
					"rtt":	2213940,
					"rttvar":	20064,
					"pmtu":	1500,
					"omitted":	false,
					"sender":	true
				}],
			"sum":	{
				"start":	48.000116,
				"end":	49.001052,
				"seconds":	1.0009360313415527,
				"bytes":	0,
				"bits_per_second":	0,
				"retransmits":	0,
				"omitted":	false,
				"sender":	true
			}
		}, {
			"streams":	[{
					"socket":	6,
					"start":	49.001052,
					"end":	50.00092,
					"seconds":	0.99986797571182251,
					"bytes":	1310720,
					"bits_per_second":	10487144.557795258,
					"retransmits":	0,
					"snd_cwnd":	4031232,
					"snd_wnd":	3144704,
					"rtt":	2036973,
					"rttvar":	19488,
					"pmtu":	1500,
					"omitted":	false,
					"sender":	true
				}],
			"sum":	{
				"start":	49.001052,
				"end":	50.00092,
				"seconds":	0.99986797571182251,
				"bytes":	1310720,
				"bits_per_second":	10487144.557795258,
				"retransmits":	0,
				"omitted":	false,
				"sender":	true
			}
		}, {
			"streams":	[{
					"socket":	6,
					"start":	50.00092,
					"end":	51.000736,
					"seconds":	0.99981600046157837,
					"bytes":	1310720,
					"bits_per_second":	10487689.730069442,
					"retransmits":	0,
					"snd_cwnd":	4031232,
					"snd_wnd":	3144704,
					"rtt":	1861661,
					"rttvar":	9746,
					"pmtu":	1500,
					"omitted":	false,
					"sender":	true
				}],
			"sum":	{
				"start":	50.00092,
				"end":	51.000736,
				"seconds":	0.99981600046157837,
				"bytes":	1310720,
				"bits_per_second":	10487689.730069442,
				"retransmits":	0,
				"omitted":	false,
				"sender":	true
			}
		}, {
			"streams":	[{
					"socket":	6,
					"start":	51.000736,
					"end":	52.000556,
					"seconds":	0.99981999397277832,
					"bytes":	1310720,
					"bits_per_second":	10487647.839822546,
					"retransmits":	0,
					"snd_cwnd":	4031232,
					"snd_wnd":	3144704,
					"rtt":	2804157,
					"rttvar":	2624,
					"pmtu":	1500,
					"omitted":	false,
					"sender":	true
				}],
			"sum":	{
				"start":	51.000736,
				"end":	52.000556,
				"seconds":	0.99981999397277832,
				"bytes":	1310720,
				"bits_per_second":	10487647.839822546,
				"retransmits":	0,
				"omitted":	false,
				"sender":	true
			}
		}, {
			"streams":	[{
					"socket":	6,
					"start":	52.000556,
					"end":	53.000373,
					"seconds":	0.99981701374053955,
					"bytes":	1310720,
					"bits_per_second":	10487679.101169145,
					"retransmits":	0,
					"snd_cwnd":	4031232,
					"snd_wnd":	3144704,
					"rtt":	2669229,
					"rttvar":	19758,
					"pmtu":	1500,
					"omitted":	false,
					"sender":	true
				}],
			"sum":	{
				"start":	52.000556,
				"end":	53.000373,
				"seconds":	0.99981701374053955,
				"bytes":	1310720,
				"bits_per_second":	10487679.101169145,
				"retransmits":	0,
				"omitted":	false,
				"sender":	true
			}
		}, {
			"streams":	[{
					"socket":	6,
					"start":	53.000373,
					"end":	54.000188,
					"seconds":	0.99981498718261719,
					"bytes":	1310720,
					"bits_per_second":	10487700.358991284,
					"retransmits":	0,
					"snd_cwnd":	4031232,
					"snd_wnd":	3144704,
					"rtt":	2485425,
					"rttvar":	19911,
					"pmtu":	1500,
					"omitted":	false,
					"sender":	true
				}],
			"sum":	{
				"start":	53.000373,
				"end":	54.000188,
				"seconds":	0.99981498718261719,
				"bytes":	1310720,
				"bits_per_second":	10487700.358991284,
				"retransmits":	0,
				"omitted":	false,
				"sender":	true
			}
		}, {
			"streams":	[{
					"socket":	6,
					"start":	54.000188,
					"end":	55.001049,
					"seconds":	1.0008610486984253,
					"bytes":	0,
					"bits_per_second":	0,
					"retransmits":	0,
					"snd_cwnd":	4031232,
					"snd_wnd":	3144704,
					"rtt":	2304995,
					"rttvar":	19530,
					"pmtu":	1500,
					"omitted":	false,
					"sender":	true
				}],
			"sum":	{
				"start":	54.000188,
				"end":	55.001049,
				"seconds":	1.0008610486984253,
				"bytes":	0,
				"bits_per_second":	0,
				"retransmits":	0,
				"omitted":	false,
				"sender":	true
			}
		}, {
			"streams":	[{
					"socket":	6,
					"start":	55.001049,
					"end":	56.001009,
					"seconds":	0.99996000528335571,
					"bytes":	1310720,
					"bits_per_second":	10486179.391773455,
					"retransmits":	0,
					"snd_cwnd":	4031232,
					"snd_wnd":	3144704,
					"rtt":	2121297,
					"rttvar":	19855,
					"pmtu":	1500,
					"omitted":	false,
					"sender":	true
				}],
			"sum":	{
				"start":	55.001049,
				"end":	56.001009,
				"seconds":	0.99996000528335571,
				"bytes":	1310720,
				"bits_per_second":	10486179.391773455,
				"retransmits":	0,
				"omitted":	false,
				"sender":	true
			}
		}, {
			"streams":	[{
					"socket":	6,
					"start":	56.001009,
					"end":	57.000535,
					"seconds":	0.999526023864746,
					"bytes":	1310720,
					"bits_per_second":	10490732.356778448,
					"retransmits":	0,
					"snd_cwnd":	4031232,
					"snd_wnd":	3144704,
					"rtt":	1938468,
					"rttvar":	19757,
					"pmtu":	1500,
					"omitted":	false,
					"sender":	true
				}],
			"sum":	{
				"start":	56.001009,
				"end":	57.000535,
				"seconds":	0.999526023864746,
				"bytes":	1310720,
				"bits_per_second":	10490732.356778448,
				"retransmits":	0,
				"omitted":	false,
				"sender":	true
			}
		}, {
			"streams":	[{
					"socket":	6,
					"start":	57.000535,
					"end":	58.000654,
					"seconds":	1.0001189708709717,
					"bytes":	1310720,
					"bits_per_second":	10484512.648398506,
					"retransmits":	0,
					"snd_cwnd":	4031232,
					"snd_wnd":	3144704,
					"rtt":	1839003,
					"rttvar":	113878,
					"pmtu":	1500,
					"omitted":	false,
					"sender":	true
				}],
			"sum":	{
				"start":	57.000535,
				"end":	58.000654,
				"seconds":	1.0001189708709717,
				"bytes":	1310720,
				"bits_per_second":	10484512.648398506,
				"retransmits":	0,
				"omitted":	false,
				"sender":	true
			}
		}, {
			"streams":	[{
					"socket":	6,
					"start":	58.000654,
					"end":	59.000523,
					"seconds":	0.99986898899078369,
					"bytes":	1310720,
					"bits_per_second":	10487133.929999955,
					"retransmits":	0,
					"snd_cwnd":	4031232,
					"snd_wnd":	3144704,
					"rtt":	2743558,
					"rttvar":	9044,
					"pmtu":	1500,
					"omitted":	false,
					"sender":	true
				}],
			"sum":	{
				"start":	58.000654,
				"end":	59.000523,
				"seconds":	0.99986898899078369,
				"bytes":	1310720,
				"bits_per_second":	10487133.929999955,
				"retransmits":	0,
				"omitted":	false,
				"sender":	true
			}
		}, {
			"streams":	[{
					"socket":	6,
					"start":	59.000523,
					"end":	60.000422,
					"seconds":	0.99989902973175049,
					"bytes":	1310720,
					"bits_per_second":	10486818.856913067,
					"retransmits":	0,
					"snd_cwnd":	4031232,
					"snd_wnd":	3144704,
					"rtt":	2572072,
					"rttvar":	19992,
					"pmtu":	1500,
					"omitted":	false,
					"sender":	true
				}],
			"sum":	{
				"start":	59.000523,
				"end":	60.000422,
				"seconds":	0.99989902973175049,
				"bytes":	1310720,
				"bits_per_second":	10486818.856913067,
				"retransmits":	0,
				"omitted":	false,
				"sender":	true
			}
		}],
	"end":	{
		"streams":	[{
				"sender":	{
					"socket":	6,
					"start":	0,
					"end":	60.000422,
					"seconds":	60.000422,
					"bytes":	69599232,
					"bits_per_second":	9279832.33184593,
					"retransmits":	0,
					"max_snd_cwnd":	4031232,
					"max_snd_wnd":	3144704,
					"max_rtt":	2804157,
					"min_rtt":	160793,
					"mean_rtt":	1799827,
					"sender":	true
				},
				"receiver":	{
					"socket":	6,
					"start":	0,
					"end":	62.343213,
					"seconds":	60.000422,
					"bytes":	69598672,
					"bits_per_second":	8931034.33729025,
					"sender":	true
				}
			}],
		"sum_sent":	{
			"start":	0,
			"end":	60.000422,
			"seconds":	60.000422,
			"bytes":	69599232,
			"bits_per_second":	9279832.33184593,
			"retransmits":	0,
			"sender":	true
		},
		"sum_received":	{
			"start":	0,
			"end":	62.343213,
			"seconds":	62.343213,
			"bytes":	69598672,
			"bits_per_second":	8931034.33729025,
			"sender":	true
		},
		"cpu_utilization_percent":	{
			"host_total":	0.10868040464630821,
			"host_user":	0.017555835371810716,
			"host_system":	0.0911245692744975,
			"remote_total":	0.90920862983239548,
			"remote_user":	0.0525638494779874,
			"remote_system":	0.8566463843778892
		},
		"sender_tcp_congestion":	"cubic",
		"receiver_tcp_congestion":	"cubic"
	}
}
