{
	"start":	{
		"connected":	[{
				"socket":	6,
				"local_host":	"192.168.101.210",
				"local_port":	60038,
				"remote_host":	"192.168.100.168",
				"remote_port":	5202
			}],
		"version":	"iperf 3.11",
		"system_info":	"Linux f1 6.0.10-300.fc37.x86_64 #1 SMP PREEMPT_DYNAMIC Sat Nov 26 16:55:13 UTC 2022 x86_64",
		"timestamp":	{
			"time":	"Sat, 10 Dec 2022 17:18:28 GMT",
			"timesecs":	1670692708
		},
		"connecting_to":	{
			"host":	"192.168.100.168",
			"port":	5202
		},
		"cookie":	"kc3rtey2gylbrvlxt4k6pf4ws5u7rrlecxhe",
		"tcp_mss_default":	1448,
		"target_bitrate":	0,
		"sock_bufsize":	0,
		"sndbuf_actual":	16384,
		"rcvbuf_actual":	131072,
		"test_start":	{
			"protocol":	"TCP",
			"num_streams":	1,
			"blksize":	131072,
			"omit":	0,
			"duration":	60,
			"bytes":	0,
			"blocks":	0,
			"reverse":	0,
			"tos":	0,
			"target_bitrate":	0
		}
	},
	"intervals":	[{
			"streams":	[{
					"socket":	6,
					"start":	0,
					"end":	1.0001,
					"seconds":	1.0001000165939331,
					"bytes":	1317680,
					"bits_per_second":	10540385.786514891,
					"retransmits":	0,
					"snd_cwnd":	83984,
					"snd_wnd":	442624,
					"rtt":	158251,
					"rttvar":	4698,
					"pmtu":	1500,
					"omitted":	false,
					"sender":	true
				}],
			"sum":	{
				"start":	0,
				"end":	1.0001,
				"seconds":	1.0001000165939331,
				"bytes":	1317680,
				"bits_per_second":	10540385.786514891,
				"retransmits":	0,
				"omitted":	false,
				"sender":	true
			}
		}, {
			"streams":	[{
					"socket":	6,
					"start":	1.0001,
					"end":	2.000241,
					"seconds":	1.0001410245895386,
					"bytes":	325800,
					"bits_per_second":	2606032.4853384309,
					"retransmits":	0,
					"snd_cwnd":	83984,
					"snd_wnd":	443136,
					"rtt":	216089,
					"rttvar":	2383,
					"pmtu":	1500,
					"omitted":	false,
					"sender":	true
				}],
			"sum":	{
				"start":	1.0001,
				"end":	2.000241,
				"seconds":	1.0001410245895386,
				"bytes":	325800,
				"bits_per_second":	2606032.4853384309,
				"retransmits":	0,
				"omitted":	false,
				"sender":	true
			}
		}, {
			"streams":	[{
					"socket":	6,
					"start":	2.000241,
					"end":	3.000348,
					"seconds":	1.0001070499420166,
					"bytes":	325800,
					"bits_per_second":	2606121.0148964669,
					"retransmits":	0,
					"snd_cwnd":	60816,
					"snd_wnd":	443136,
					"rtt":	230793,
					"rttvar":	2298,
					"pmtu":	1500,
					"omitted":	false,
					"sender":	true
				}],
			"sum":	{
				"start":	2.000241,
				"end":	3.000348,
				"seconds":	1.0001070499420166,
				"bytes":	325800,
				"bits_per_second":	2606121.0148964669,
				"retransmits":	0,
				"omitted":	false,
				"sender":	true
			}
		}, {
			"streams":	[{
					"socket":	6,
					"start":	3.000348,
					"end":	4.00103,
					"seconds":	1.00068199634552,
					"bytes":	0,
					"bits_per_second":	0,
					"retransmits":	0,
					"snd_cwnd":	60816,
					"snd_wnd":	443136,
					"rtt":	264347,
					"rttvar":	2709,
					"pmtu":	1500,
					"omitted":	false,
					"sender":	true
				}],
			"sum":	{
				"start":	3.000348,
				"end":	4.00103,
				"seconds":	1.00068199634552,
				"bytes":	0,
				"bits_per_second":	0,
				"retransmits":	0,
				"omitted":	false,
				"sender":	true
			}
		}, {
			"streams":	[{
					"socket":	6,
					"start":	4.00103,
					"end":	5.000901,
					"seconds":	0.999871015548706,
					"bytes":	325800,
					"bits_per_second":	2606736.2284420938,
					"retransmits":	0,
					"snd_cwnd":	49232,
					"snd_wnd":	443136,
					"rtt":	291948,
					"rttvar":	3886,
					"pmtu":	1500,
					"omitted":	false,
					"sender":	true
				}],
			"sum":	{
				"start":	4.00103,
				"end":	5.000901,
				"seconds":	0.999871015548706,
				"bytes":	325800,
				"bits_per_second":	2606736.2284420938,
				"retransmits":	0,
				"omitted":	false,
				"sender":	true
			}
		}, {
			"streams":	[{
					"socket":	6,
					"start":	5.000901,
					"end":	6.001049,
					"seconds":	1.0001480579376221,
					"bytes":	0,
					"bits_per_second":	0,
					"retransmits":	0,
					"snd_cwnd":	40544,
					"snd_wnd":	443136,
					"rtt":	333534,
					"rttvar":	5896,
					"pmtu":	1500,
					"omitted":	false,
					"sender":	true
				}],
			"sum":	{
				"start":	5.000901,
				"end":	6.001049,
				"seconds":	1.0001480579376221,
				"bytes":	0,
				"bits_per_second":	0,
				"retransmits":	0,
				"omitted":	false,
				"sender":	true
			}
		}, {
			"streams":	[{
					"socket":	6,
					"start":	6.001049,
					"end":	7.000927,
					"seconds":	0.99987798929214478,
					"bytes":	325800,
					"bits_per_second":	2606718.047514156,
					"retransmits":	0,
					"snd_cwnd":	40544,
					"snd_wnd":	443136,
					"rtt":	373812,
					"rttvar":	6475,
					"pmtu":	1500,
					"omitted":	false,
					"sender":	true
				}],
			"sum":	{
				"start":	6.001049,
				"end":	7.000927,
				"seconds":	0.99987798929214478,
				"bytes":	325800,
				"bits_per_second":	2606718.047514156,
				"retransmits":	0,
				"omitted":	false,
				"sender":	true
			}
		}, {
			"streams":	[{
					"socket":	6,
					"start":	7.000927,
					"end":	8.001034,
					"seconds":	1.0001070499420166,
					"bytes":	0,
					"bits_per_second":	0,
					"retransmits":	0,
					"snd_cwnd":	40544,
					"snd_wnd":	443136,
					"rtt":	412167,
					"rttvar":	10807,
					"pmtu":	1500,
					"omitted":	false,
					"sender":	true
				}],
			"sum":	{
				"start":	7.000927,
				"end":	8.001034,
				"seconds":	1.0001070499420166,
				"bytes":	0,
				"bits_per_second":	0,
				"retransmits":	0,
				"omitted":	false,
				"sender":	true
			}
		}, {
			"streams":	[{
					"socket":	6,
					"start":	8.001034,
					"end":	9.001028,
					"seconds":	0.99999397993087769,
					"bytes":	0,
					"bits_per_second":	0,
					"retransmits":	0,
					"snd_cwnd":	28960,
					"snd_wnd":	443136,
					"rtt":	453470,
					"rttvar":	9818,
					"pmtu":	1500,
					"omitted":	false,
					"sender":	true
				}],
			"sum":	{
				"start":	8.001034,
				"end":	9.001028,
				"seconds":	0.99999397993087769,
				"bytes":	0,
				"bits_per_second":	0,
				"retransmits":	0,
				"omitted":	false,
				"sender":	true
			}
		}, {
			"streams":	[{
					"socket":	6,
					"start":	9.001028,
					"end":	10.000222,
					"seconds":	0.99919402599334717,
					"bytes":	325800,
					"bits_per_second":	2608502.3851186978,
					"retransmits":	0,
					"snd_cwnd":	28960,
					"snd_wnd":	443264,
					"rtt":	497333,
					"rttvar":	13502,
					"pmtu":	1500,
					"omitted":	false,
					"sender":	true
				}],
			"sum":	{
				"start":	9.001028,
				"end":	10.000222,
				"seconds":	0.99919402599334717,
				"bytes":	325800,
				"bits_per_second":	2608502.3851186978,
				"retransmits":	0,
				"omitted":	false,
				"sender":	true
			}
		}, {
			"streams":	[{
					"socket":	6,
					"start":	10.000222,
					"end":	11.001031,
					"seconds":	1.0008089542388916,
					"bytes":	0,
					"bits_per_second":	0,
					"retransmits":	0,
					"snd_cwnd":	30408,
					"snd_wnd":	443136,
					"rtt":	531829,
					"rttvar":	31053,
					"pmtu":	1500,
					"omitted":	false,
					"sender":	true
				}],
			"sum":	{
				"start":	10.000222,
				"end":	11.001031,
				"seconds":	1.0008089542388916,
				"bytes":	0,
				"bits_per_second":	0,
				"retransmits":	0,
				"omitted":	false,
				"sender":	true
			}
		}, {
			"streams":	[{
					"socket":	6,
					"start":	11.001031,
					"end":	12.001033,
					"seconds":	1.0000020265579224,
					"bytes":	0,
					"bits_per_second":	0,
					"retransmits":	0,
					"snd_cwnd":	69504,
					"snd_wnd":	443136,
					"rtt":	654445,
					"rttvar":	36828,
					"pmtu":	1500,
					"omitted":	false,
					"sender":	true
				}],
			"sum":	{
				"start":	11.001031,
				"end":	12.001033,
				"seconds":	1.0000020265579224,
				"bytes":	0,
				"bits_per_second":	0,
				"retransmits":	0,
				"omitted":	false,
				"sender":	true
			}
		}, {
			"streams":	[{
					"socket":	6,
					"start":	12.001033,
					"end":	13.001028,
					"seconds":	0.999994993209839,
					"bytes":	0,
					"bits_per_second":	0,
					"retransmits":	0,
					"snd_cwnd":	110048,
					"snd_wnd":	443264,
					"rtt":	785308,
					"rttvar":	33203,
					"pmtu":	1500,
					"omitted":	false,
					"sender":	true
				}],
			"sum":	{
				"start":	12.001033,
				"end":	13.001028,
				"seconds":	0.999994993209839,
				"bytes":	0,
				"bits_per_second":	0,
				"retransmits":	0,
				"omitted":	false,
				"sender":	true
			}
		}, {
			"streams":	[{
					"socket":	6,
					"start":	13.001028,
					"end":	14.001028,
					"seconds":	1,
					"bytes":	0,
					"bits_per_second":	0,
					"retransmits":	0,
					"snd_cwnd":	110048,
					"snd_wnd":	443264,
					"rtt":	968301,
					"rttvar":	53192,
					"pmtu":	1500,
					"omitted":	false,
					"sender":	true
				}],
			"sum":	{
				"start":	13.001028,
				"end":	14.001028,
				"seconds":	1,
				"bytes":	0,
				"bits_per_second":	0,
				"retransmits":	0,
				"omitted":	false,
				"sender":	true
			}
		}, {
			"streams":	[{
					"socket":	6,
					"start":	14.001028,
					"end":	15.001027,
					"seconds":	0.99999898672103882,
					"bytes":	0,
					"bits_per_second":	0,
					"retransmits":	0,
					"snd_cwnd":	110048,
					"snd_wnd":	443264,
					"rtt":	1154085,
					"rttvar":	50011,
					"pmtu":	1500,
					"omitted":	false,
					"sender":	true
				}],
			"sum":	{
				"start":	14.001028,
				"end":	15.001027,
				"seconds":	0.99999898672103882,
				"bytes":	0,
				"bits_per_second":	0,
				"retransmits":	0,
				"omitted":	false,
				"sender":	true
			}
		}, {
			"streams":	[{
					"socket":	6,
					"start":	15.001027,
					"end":	16.000082,
					"seconds":	0.999055027961731,
					"bytes":	390960,
					"bits_per_second":	3130638.3657175354,
					"retransmits":	0,
					"snd_cwnd":	112944,
					"snd_wnd":	443264,
					"rtt":	1337940,
					"rttvar":	59390,
					"pmtu":	1500,
					"omitted":	false,
					"sender":	true
				}],
			"sum":	{
				"start":	15.001027,
				"end":	16.000082,
				"seconds":	0.999055027961731,
				"bytes":	390960,
				"bits_per_second":	3130638.3657175354,
				"retransmits":	0,
				"omitted":	false,
				"sender":	true
			}
		}, {
			"streams":	[{
					"socket":	6,
					"start":	16.000082,
					"end":	17.001035,
					"seconds":	1.0009529590606689,
					"bytes":	0,
					"bits_per_second":	0,
					"retransmits":	0,
					"snd_cwnd":	110048,
					"snd_wnd":	443264,
					"rtt":	1516467,
					"rttvar":	66924,
					"pmtu":	1500,
					"omitted":	false,
					"sender":	true
				}],
			"sum":	{
				"start":	16.000082,
				"end":	17.001035,
				"seconds":	1.0009529590606689,
				"bytes":	0,
				"bits_per_second":	0,
				"retransmits":	0,
				"omitted":	false,
				"sender":	true
			}
		}, {
			"streams":	[{
					"socket":	6,
					"start":	17.001035,
					"end":	18.001031,
					"seconds":	0.9999960064888,
					"bytes":	0,
					"bits_per_second":	0,
					"retransmits":	0,
					"snd_cwnd":	107152,
					"snd_wnd":	443264,
					"rtt":	1707107,
					"rttvar":	73167,
					"pmtu":	1500,
					"omitted":	false,
					"sender":	true
				}],
			"sum":	{
				"start":	17.001035,
				"end":	18.001031,
				"seconds":	0.9999960064888,
				"bytes":	0,
				"bits_per_second":	0,
				"retransmits":	0,
				"omitted":	false,
				"sender":	true
			}
		}, {
			"streams":	[{
					"socket":	6,
					"start":	18.001031,
					"end":	19.001035,
					"seconds":	1.0000040531158447,
					"bytes":	0,
					"bits_per_second":	0,
					"retransmits":	0,
					"snd_cwnd":	107152,
					"snd_wnd":	443264,
					"rtt":	1840331,
					"rttvar":	66654,
					"pmtu":	1500,
					"omitted":	false,
					"sender":	true
				}],
			"sum":	{
				"start":	18.001031,
				"end":	19.001035,
				"seconds":	1.0000040531158447,
				"bytes":	0,
				"bits_per_second":	0,
				"retransmits":	0,
				"omitted":	false,
				"sender":	true
			}
		}, {
			"streams":	[{
					"socket":	6,
					"start":	19.001035,
					"end":	20.001051,
					"seconds":	1.0000159740448,
					"bytes":	0,
					"bits_per_second":	0,
					"retransmits":	0,
					"snd_cwnd":	95568,
					"snd_wnd":	443264,
					"rtt":	1982742,
					"rttvar":	84790,
					"pmtu":	1500,
					"omitted":	false,
					"sender":	true
				}],
			"sum":	{
				"start":	19.001035,
				"end":	20.001051,
				"seconds":	1.0000159740448,
				"bytes":	0,
				"bits_per_second":	0,
				"retransmits":	0,
				"omitted":	false,
				"sender":	true
			}
		}, {
			"streams":	[{
					"socket":	6,
					"start":	20.001051,
					"end":	21.00105,
					"seconds":	0.99999898672103882,
					"bytes":	0,
					"bits_per_second":	0,
					"retransmits":	0,
					"snd_cwnd":	5792,
					"snd_wnd":	443136,
					"rtt":	2335829,
					"rttvar":	220900,
					"pmtu":	1500,
					"omitted":	false,
					"sender":	true
				}],
			"sum":	{
				"start":	20.001051,
				"end":	21.00105,
				"seconds":	0.99999898672103882,
				"bytes":	0,
				"bits_per_second":	0,
				"retransmits":	0,
				"omitted":	false,
				"sender":	true
			}
		}, {
			"streams":	[{
					"socket":	6,
					"start":	21.00105,
					"end":	22.001037,
					"seconds":	0.999987006187439,
					"bytes":	0,
					"bits_per_second":	0,
					"retransmits":	0,
					"snd_cwnd":	5792,
					"snd_wnd":	443264,
					"rtt":	2233506,
					"rttvar":	90534,
					"pmtu":	1500,
					"omitted":	false,
					"sender":	true
				}],
			"sum":	{
				"start":	21.00105,
				"end":	22.001037,
				"seconds":	0.999987006187439,
				"bytes":	0,
				"bits_per_second":	0,
				"retransmits":	0,
				"omitted":	false,
				"sender":	true
			}
		}, {
			"streams":	[{
					"socket":	6,
					"start":	22.001037,
					"end":	23.000883,
					"seconds":	0.99984598159790039,
					"bytes":	390960,
					"bits_per_second":	3128161.7944810949,
					"retransmits":	0,
					"snd_cwnd":	5792,
					"snd_wnd":	443264,
					"rtt":	2173790,
					"rttvar":	103714,
					"pmtu":	1500,
					"omitted":	false,
					"sender":	true
				}],
			"sum":	{
				"start":	22.001037,
				"end":	23.000883,
				"seconds":	0.99984598159790039,
				"bytes":	390960,
				"bits_per_second":	3128161.7944810949,
				"retransmits":	0,
				"omitted":	false,
				"sender":	true
			}
		}, {
			"streams":	[{
					"socket":	6,
					"start":	23.000883,
					"end":	24.001051,
					"seconds":	1.0001679658889771,
					"bytes":	0,
					"bits_per_second":	0,
					"retransmits":	0,
					"snd_cwnd":	5792,
					"snd_wnd":	443136,
					"rtt":	2404870,
					"rttvar":	147803,
					"pmtu":	1500,
					"omitted":	false,
					"sender":	true
				}],
			"sum":	{
				"start":	23.000883,
				"end":	24.001051,
				"seconds":	1.0001679658889771,
				"bytes":	0,
				"bits_per_second":	0,
				"retransmits":	0,
				"omitted":	false,
				"sender":	true
			}
		}, {
			"streams":	[{
					"socket":	6,
					"start":	24.001051,
					"end":	25.001035,
					"seconds":	0.9999840259552002,
					"bytes":	0,
					"bits_per_second":	0,
					"retransmits":	0,
					"snd_cwnd":	5792,
					"snd_wnd":	443136,
					"rtt":	2404870,
					"rttvar":	147803,
					"pmtu":	1500,
					"omitted":	false,
					"sender":	true
				}],
			"sum":	{
				"start":	24.001051,
				"end":	25.001035,
				"seconds":	0.9999840259552002,
				"bytes":	0,
				"bits_per_second":	0,
				"retransmits":	0,
				"omitted":	false,
				"sender":	true
			}
		}, {
			"streams":	[{
					"socket":	6,
					"start":	25.001035,
					"end":	26.001033,
					"seconds":	0.99999797344207764,
					"bytes":	0,
					"bits_per_second":	0,
					"retransmits":	0,
					"snd_cwnd":	104256,
					"snd_wnd":	443136,
					"rtt":	2310837,
					"rttvar":	152557,
					"pmtu":	1500,
					"omitted":	false,
					"sender":	true
				}],
			"sum":	{
				"start":	25.001035,
				"end":	26.001033,
				"seconds":	0.99999797344207764,
				"bytes":	0,
				"bits_per_second":	0,
				"retransmits":	0,
				"omitted":	false,
				"sender":	true
			}
		}, {
			"streams":	[{
					"socket":	6,
					"start":	26.001033,
					"end":	27.001054,
					"seconds":	1.0000209808349609,
					"bytes":	0,
					"bits_per_second":	0,
					"retransmits":	0,
					"snd_cwnd":	104256,
					"snd_wnd":	443136,
					"rtt":	2310837,
					"rttvar":	152557,
					"pmtu":	1500,
					"omitted":	false,
					"sender":	true
				}],
			"sum":	{
				"start":	26.001033,
				"end":	27.001054,
				"seconds":	1.0000209808349609,
				"bytes":	0,
				"bits_per_second":	0,
				"retransmits":	0,
				"omitted":	false,
				"sender":	true
			}
		}, {
			"streams":	[{
					"socket":	6,
					"start":	27.001054,
					"end":	28.001052,
					"seconds":	0.99999797344207764,
					"bytes":	0,
					"bits_per_second":	0,
					"retransmits":	0,
					"snd_cwnd":	165072,
					"snd_wnd":	443264,
					"rtt":	1845278,
					"rttvar":	123720,
					"pmtu":	1500,
					"omitted":	false,
					"sender":	true
				}],
			"sum":	{
				"start":	27.001054,
				"end":	28.001052,
				"seconds":	0.99999797344207764,
				"bytes":	0,
				"bits_per_second":	0,
				"retransmits":	0,
				"omitted":	false,
				"sender":	true
			}
		}, {
			"streams":	[{
					"socket":	6,
					"start":	28.001052,
					"end":	29.000214,
					"seconds":	0.99916201829910278,
					"bytes":	586440,
					"bits_per_second":	4695454.7051202822,
					"retransmits":	0,
					"snd_cwnd":	208512,
					"snd_wnd":	443136,
					"rtt":	2474688,
					"rttvar":	65140,
					"pmtu":	1500,
					"omitted":	false,
					"sender":	true
				}],
			"sum":	{
				"start":	28.001052,
				"end":	29.000214,
				"seconds":	0.99916201829910278,
				"bytes":	586440,
				"bits_per_second":	4695454.7051202822,
				"retransmits":	0,
				"omitted":	false,
				"sender":	true
			}
		}, {
			"streams":	[{
					"socket":	6,
					"start":	29.000214,
					"end":	30.001035,
					"seconds":	1.0008209943771362,
					"bytes":	0,
					"bits_per_second":	0,
					"retransmits":	0,
					"snd_cwnd":	254848,
					"snd_wnd":	443264,
					"rtt":	2044912,
					"rttvar":	106434,
					"pmtu":	1500,
					"omitted":	false,
					"sender":	true
				}],
			"sum":	{
				"start":	29.000214,
				"end":	30.001035,
				"seconds":	1.0008209943771362,
				"bytes":	0,
				"bits_per_second":	0,
				"retransmits":	0,
				"omitted":	false,
				"sender":	true
			}
		}, {
			"streams":	[{
					"socket":	6,
					"start":	30.001035,
					"end":	31.001026,
					"seconds":	0.999990999698639,
					"bytes":	847080,
					"bits_per_second":	6776700.992351165,
					"retransmits":	0,
					"snd_cwnd":	273672,
					"snd_wnd":	443264,
					"rtt":	1885693,
					"rttvar":	121453,
					"pmtu":	1500,
					"omitted":	false,
					"sender":	true
				}],
			"sum":	{
				"start":	30.001035,
				"end":	31.001026,
				"seconds":	0.999990999698639,
				"bytes":	847080,
				"bits_per_second":	6776700.992351165,
				"retransmits":	0,
				"omitted":	false,
				"sender":	true
			}
		}, {
			"streams":	[{
					"socket":	6,
					"start":	31.001026,
					"end":	32.001038,
					"seconds":	1.0000120401382446,
					"bytes":	0,
					"bits_per_second":	0,
					"retransmits":	0,
					"snd_cwnd":	283808,
					"snd_wnd":	443264,
					"rtt":	1950504,
					"rttvar":	131199,
					"pmtu":	1500,
					"omitted":	false,
					"sender":	true
				}],
			"sum":	{
				"start":	31.001026,
				"end":	32.001038,
				"seconds":	1.0000120401382446,
				"bytes":	0,
				"bits_per_second":	0,
				"retransmits":	0,
				"omitted":	false,
				"sender":	true
			}
		}, {
			"streams":	[{
					"socket":	6,
					"start":	32.001038,
					"end":	33.001029,
					"seconds":	0.999990999698639,
					"bytes":	0,
					"bits_per_second":	0,
					"retransmits":	0,
					"snd_cwnd":	306976,
					"snd_wnd":	519168,
					"rtt":	1968837,
					"rttvar":	131304,
					"pmtu":	1500,
					"omitted":	false,
					"sender":	true
				}],
			"sum":	{
				"start":	32.001038,
				"end":	33.001029,
				"seconds":	0.999990999698639,
				"bytes":	0,
				"bits_per_second":	0,
				"retransmits":	0,
				"omitted":	false,
				"sender":	true
			}
		}, {
			"streams":	[{
					"socket":	6,
					"start":	33.001029,
					"end":	34.001047,
					"seconds":	1.0000180006027222,
					"bytes":	0,
					"bits_per_second":	0,
					"retransmits":	0,
					"snd_cwnd":	306976,
					"snd_wnd":	519168,
					"rtt":	1982319,
					"rttvar":	142801,
					"pmtu":	1500,
					"omitted":	false,
					"sender":	true
				}],
			"sum":	{
				"start":	33.001029,
				"end":	34.001047,
				"seconds":	1.0000180006027222,
				"bytes":	0,
				"bits_per_second":	0,
				"retransmits":	0,
				"omitted":	false,
				"sender":	true
			}
		}, {
			"streams":	[{
					"socket":	6,
					"start":	34.001047,
					"end":	35.001026,
					"seconds":	0.999979019165039,
					"bytes":	0,
					"bits_per_second":	0,
					"retransmits":	0,
					"snd_cwnd":	306976,
					"snd_wnd":	519168,
					"rtt":	1977219,
					"rttvar":	136175,
					"pmtu":	1500,
					"omitted":	false,
					"sender":	true
				}],
			"sum":	{
				"start":	34.001047,
				"end":	35.001026,
				"seconds":	0.999979019165039,
				"bytes":	0,
				"bits_per_second":	0,
				"retransmits":	0,
				"omitted":	false,
				"sender":	true
			}
		}, {
			"streams":	[{
					"socket":	6,
					"start":	35.001026,
					"end":	36.001033,
					"seconds":	1.0000070333480835,
					"bytes":	0,
					"bits_per_second":	0,
					"retransmits":	0,
					"snd_cwnd":	306976,
					"snd_wnd":	519168,
					"rtt":	2005421,
					"rttvar":	137358,
					"pmtu":	1500,
					"omitted":	false,
					"sender":	true
				}],
			"sum":	{
				"start":	35.001026,
				"end":	36.001033,
				"seconds":	1.0000070333480835,
				"bytes":	0,
				"bits_per_second":	0,
				"retransmits":	0,
				"omitted":	false,
				"sender":	true
			}
		}, {
			"streams":	[{
					"socket":	6,
					"start":	36.001033,
					"end":	37.001032,
					"seconds":	0.99999898672103882,
					"bytes":	0,
					"bits_per_second":	0,
					"retransmits":	0,
					"snd_cwnd":	306976,
					"snd_wnd":	545280,
					"rtt":	2613220,
					"rttvar":	153820,
					"pmtu":	1500,
					"omitted":	false,
					"sender":	true
				}],
			"sum":	{
				"start":	36.001033,
				"end":	37.001032,
				"seconds":	0.99999898672103882,
				"bytes":	0,
				"bits_per_second":	0,
				"retransmits":	0,
				"omitted":	false,
				"sender":	true
			}
		}, {
			"streams":	[{
					"socket":	6,
					"start":	37.001032,
					"end":	38.001025,
					"seconds":	0.99999302625656128,
					"bytes":	0,
					"bits_per_second":	0,
					"retransmits":	0,
					"snd_cwnd":	306976,
					"snd_wnd":	608768,
					"rtt":	1982409,
					"rttvar":	115749,
					"pmtu":	1500,
					"omitted":	false,
					"sender":	true
				}],
			"sum":	{
				"start":	37.001032,
				"end":	38.001025,
				"seconds":	0.99999302625656128,
				"bytes":	0,
				"bits_per_second":	0,
				"retransmits":	0,
				"omitted":	false,
				"sender":	true
			}
		}, {
			"streams":	[{
					"socket":	6,
					"start":	38.001025,
					"end":	39.00082,
					"seconds":	0.99979501962661743,
					"bytes":	912240,
					"bits_per_second":	7299416.2370657483,
					"retransmits":	0,
					"snd_cwnd":	5792,
					"snd_wnd":	608768,
					"rtt":	2001479,
					"rttvar":	139355,
					"pmtu":	1500,
					"omitted":	false,
					"sender":	true
				}],
			"sum":	{
				"start":	38.001025,
				"end":	39.00082,
				"seconds":	0.99979501962661743,
				"bytes":	912240,
				"bits_per_second":	7299416.2370657483,
				"retransmits":	0,
				"omitted":	false,
				"sender":	true
			}
		}, {
			"streams":	[{
					"socket":	6,
					"start":	39.00082,
					"end":	40.001028,
					"seconds":	1.0002080202102661,
					"bytes":	0,
					"bits_per_second":	0,
					"retransmits":	0,
					"snd_cwnd":	5792,
					"snd_wnd":	608768,
					"rtt":	2004677,
					"rttvar":	139234,
					"pmtu":	1500,
					"omitted":	false,
					"sender":	true
				}],
			"sum":	{
				"start":	39.00082,
				"end":	40.001028,
				"seconds":	1.0002080202102661,
				"bytes":	0,
				"bits_per_second":	0,
				"retransmits":	0,
				"omitted":	false,
				"sender":	true
			}
		}, {
			"streams":	[{
					"socket":	6,
					"start":	40.001028,
					"end":	41.001034,
					"seconds":	1.0000059604644775,
					"bytes":	0,
					"bits_per_second":	0,
					"retransmits":	0,
					"snd_cwnd":	5792,
					"snd_wnd":	608768,
					"rtt":	2581056,
					"rttvar":	64939,
					"pmtu":	1500,
					"omitted":	false,
					"sender":	true
				}],
			"sum":	{
				"start":	40.001028,
				"end":	41.001034,
				"seconds":	1.0000059604644775,
				"bytes":	0,
				"bits_per_second":	0,
				"retransmits":	0,
				"omitted":	false,
				"sender":	true
			}
		}, {
			"streams":	[{
					"socket":	6,
					"start":	41.001034,
					"end":	42.001026,
					"seconds":	0.9999920129776,
					"bytes":	0,
					"bits_per_second":	0,
					"retransmits":	0,
					"snd_cwnd":	5792,
					"snd_wnd":	608768,
					"rtt":	2581056,
					"rttvar":	64939,
					"pmtu":	1500,
					"omitted":	false,
					"sender":	true
				}],
			"sum":	{
				"start":	41.001034,
				"end":	42.001026,
				"seconds":	0.9999920129776,
				"bytes":	0,
				"bits_per_second":	0,
				"retransmits":	0,
				"omitted":	false,
				"sender":	true
			}
		}, {
			"streams":	[{
					"socket":	6,
					"start":	42.001026,
					"end":	43.001033,
					"seconds":	1.0000070333480835,
					"bytes":	0,
					"bits_per_second":	0,
					"retransmits":	0,
					"snd_cwnd":	312768,
					"snd_wnd":	608768,
					"rtt":	2414359,
					"rttvar":	96815,
					"pmtu":	1500,
					"omitted":	false,
					"sender":	true
				}],
			"sum":	{
				"start":	42.001026,
				"end":	43.001033,
				"seconds":	1.0000070333480835,
				"bytes":	0,
				"bits_per_second":	0,
				"retransmits":	0,
				"omitted":	false,
				"sender":	true
			}
		}, {
			"streams":	[{
					"socket":	6,
					"start":	43.001033,
					"end":	44.001029,
					"seconds":	0.9999960064888,
					"bytes":	0,
					"bits_per_second":	0,
					"retransmits":	0,
					"snd_cwnd":	312768,
					"snd_wnd":	608768,
					"rtt":	2414359,
					"rttvar":	96815,
					"pmtu":	1500,
					"omitted":	false,
					"sender":	true
				}],
			"sum":	{
				"start":	43.001033,
				"end":	44.001029,
				"seconds":	0.9999960064888,
				"bytes":	0,
				"bits_per_second":	0,
				"retransmits":	0,
				"omitted":	false,
				"sender":	true
			}
		}, {
			"streams":	[{
					"socket":	6,
					"start":	44.001029,
					"end":	45.001029,
					"seconds":	1,
					"bytes":	0,
					"bits_per_second":	0,
					"retransmits":	0,
					"snd_cwnd":	306976,
					"snd_wnd":	608768,
					"rtt":	1869807,
					"rttvar":	137297,
					"pmtu":	1500,
					"omitted":	false,
					"sender":	true
				}],
			"sum":	{
				"start":	44.001029,
				"end":	45.001029,
				"seconds":	1,
				"bytes":	0,
				"bits_per_second":	0,
				"retransmits":	0,
				"omitted":	false,
				"sender":	true
			}
		}, {
			"streams":	[{
					"socket":	6,
					"start":	45.001029,
					"end":	46.001028,
					"seconds":	0.99999898672103882,
					"bytes":	0,
					"bits_per_second":	0,
					"retransmits":	0,
					"snd_cwnd":	306976,
					"snd_wnd":	608896,
					"rtt":	1894245,
					"rttvar":	151849,
					"pmtu":	1500,
					"omitted":	false,
					"sender":	true
				}],
			"sum":	{
				"start":	45.001029,
				"end":	46.001028,
				"seconds":	0.99999898672103882,
				"bytes":	0,
				"bits_per_second":	0,
				"retransmits":	0,
				"omitted":	false,
				"sender":	true
			}
		}, {
			"streams":	[{
					"socket":	6,
					"start":	46.001028,
					"end":	47.001028,
					"seconds":	1,
					"bytes":	0,
					"bits_per_second":	0,
					"retransmits":	0,
					"snd_cwnd":	306976,
					"snd_wnd":	608896,
					"rtt":	1970713,
					"rttvar":	116364,
					"pmtu":	1500,
					"omitted":	false,
					"sender":	true
				}],
			"sum":	{
				"start":	46.001028,
				"end":	47.001028,
				"seconds":	1,
				"bytes":	0,
				"bits_per_second":	0,
				"retransmits":	0,
				"omitted":	false,
				"sender":	true
			}
		}, {
			"streams":	[{
					"socket":	6,
					"start":	47.001028,
					"end":	48.001033,
					"seconds":	1.0000050067901611,
					"bytes":	0,
					"bits_per_second":	0,
					"retransmits":	0,
					"snd_cwnd":	306976,
					"snd_wnd":	608896,
					"rtt":	2006061,
					"rttvar":	133908,
					"pmtu":	1500,
					"omitted":	false,
					"sender":	true
				}],
			"sum":	{
				"start":	47.001028,
				"end":	48.001033,
				"seconds":	1.0000050067901611,
				"bytes":	0,
				"bits_per_second":	0,
				"retransmits":	0,
				"omitted":	false,
				"sender":	true
			}
		}, {
			"streams":	[{
					"socket":	6,
					"start":	48.001033,
					"end":	49.00105,
					"seconds":	1.0000170469284058,
					"bytes":	0,
					"bits_per_second":	0,
					"retransmits":	0,
					"snd_cwnd":	306976,
					"snd_wnd":	608896,
					"rtt":	2000387,
					"rttvar":	139160,
					"pmtu":	1500,
					"omitted":	false,
					"sender":	true
				}],
			"sum":	{
				"start":	48.001033,
				"end":	49.00105,
				"seconds":	1.0000170469284058,
				"bytes":	0,
				"bits_per_second":	0,
				"retransmits":	0,
				"omitted":	false,
				"sender":	true
			}
		}, {
			"streams":	[{
					"socket":	6,
					"start":	49.00105,
					"end":	50.001051,
					"seconds":	1.0000009536743164,
					"bytes":	0,
					"bits_per_second":	0,
					"retransmits":	0,
					"snd_cwnd":	306976,
					"snd_wnd":	608896,
					"rtt":	2003026,
					"rttvar":	139308,
					"pmtu":	1500,
					"omitted":	false,
					"sender":	true
				}],
			"sum":	{
				"start":	49.00105,
				"end":	50.001051,
				"seconds":	1.0000009536743164,
				"bytes":	0,
				"bits_per_second":	0,
				"retransmits":	0,
				"omitted":	false,
				"sender":	true
			}
		}, {
			"streams":	[{
					"socket":	6,
					"start":	50.001051,
					"end":	51.000129,
					"seconds":	0.99907797574996948,
					"bytes":	977400,
					"bits_per_second":	7826416.14547696,
					"retransmits":	0,
					"snd_cwnd":	306976,
					"snd_wnd":	608896,
					"rtt":	2006230,
					"rttvar":	139224,
					"pmtu":	1500,
					"omitted":	false,
					"sender":	true
				}],
			"sum":	{
				"start":	50.001051,
				"end":	51.000129,
				"seconds":	0.99907797574996948,
				"bytes":	977400,
				"bits_per_second":	7826416.14547696,
				"retransmits":	0,
				"omitted":	false,
				"sender":	true
			}
		}, {
			"streams":	[{
					"socket":	6,
					"start":	51.000129,
					"end":	52.001023,
					"seconds":	1.0008939504623413,
					"bytes":	0,
					"bits_per_second":	0,
					"retransmits":	0,
					"snd_cwnd":	306976,
					"snd_wnd":	608768,
					"rtt":	2336222,
					"rttvar":	474620,
					"pmtu":	1500,
					"omitted":	false,
					"sender":	true
				}],
			"sum":	{
				"start":	51.000129,
				"end":	52.001023,
				"seconds":	1.0008939504623413,
				"bytes":	0,
				"bits_per_second":	0,
				"retransmits":	0,
				"omitted":	false,
				"sender":	true
			}
		}, {
			"streams":	[{
					"socket":	6,
					"start":	52.001023,
					"end":	53.001022,
					"seconds":	0.99999898672103882,
					"bytes":	0,
					"bits_per_second":	0,
					"retransmits":	0,
					"snd_cwnd":	306976,
					"snd_wnd":	608896,
					"rtt":	2008919,
					"rttvar":	139302,
					"pmtu":	1500,
					"omitted":	false,
					"sender":	true
				}],
			"sum":	{
				"start":	52.001023,
				"end":	53.001022,
				"seconds":	0.99999898672103882,
				"bytes":	0,
				"bits_per_second":	0,
				"retransmits":	0,
				"omitted":	false,
				"sender":	true
			}
		}, {
			"streams":	[{
					"socket":	6,
					"start":	53.001022,
					"end":	54.001019,
					"seconds":	0.99999701976776123,
					"bytes":	0,
					"bits_per_second":	0,
					"retransmits":	0,
					"snd_cwnd":	306976,
					"snd_wnd":	608768,
					"rtt":	2048730,
					"rttvar":	177682,
					"pmtu":	1500,
					"omitted":	false,
					"sender":	true
				}],
			"sum":	{
				"start":	53.001022,
				"end":	54.001019,
				"seconds":	0.99999701976776123,
				"bytes":	0,
				"bits_per_second":	0,
				"retransmits":	0,
				"omitted":	false,
				"sender":	true
			}
		}, {
			"streams":	[{
					"socket":	6,
					"start":	54.001019,
					"end":	55.001053,
					"seconds":	1.000033974647522,
					"bytes":	0,
					"bits_per_second":	0,
					"retransmits":	0,
					"snd_cwnd":	306976,
					"snd_wnd":	608896,
					"rtt":	1999468,
					"rttvar":	138757,
					"pmtu":	1500,
					"omitted":	false,
					"sender":	true
				}],
			"sum":	{
				"start":	54.001019,
				"end":	55.001053,
				"seconds":	1.000033974647522,
				"bytes":	0,
				"bits_per_second":	0,
				"retransmits":	0,
				"omitted":	false,
				"sender":	true
			}
		}, {
			"streams":	[{
					"socket":	6,
					"start":	55.001053,
					"end":	56.001042,
					"seconds":	0.99998897314071655,
					"bytes":	0,
					"bits_per_second":	0,
					"retransmits":	0,
					"snd_cwnd":	5792,
					"snd_wnd":	608896,
					"rtt":	2002453,
					"rttvar":	139238,
					"pmtu":	1500,
					"omitted":	false,
					"sender":	true
				}],
			"sum":	{
				"start":	55.001053,
				"end":	56.001042,
				"seconds":	0.99998897314071655,
				"bytes":	0,
				"bits_per_second":	0,
				"retransmits":	0,
				"omitted":	false,
				"sender":	true
			}
		}, {
			"streams":	[{
					"socket":	6,
					"start":	56.001042,
					"end":	57.001021,
					"seconds":	0.999979019165039,
					"bytes":	0,
					"bits_per_second":	0,
					"retransmits":	0,
					"snd_cwnd":	5792,
					"snd_wnd":	608896,
					"rtt":	2005224,
					"rttvar":	139302,
					"pmtu":	1500,
					"omitted":	false,
					"sender":	true
				}],
			"sum":	{
				"start":	56.001042,
				"end":	57.001021,
				"seconds":	0.999979019165039,
				"bytes":	0,
				"bits_per_second":	0,
				"retransmits":	0,
				"omitted":	false,
				"sender":	true
			}
		}, {
			"streams":	[{
					"socket":	6,
					"start":	57.001021,
					"end":	58.001021,
					"seconds":	1,
					"bytes":	0,
					"bits_per_second":	0,
					"retransmits":	0,
					"snd_cwnd":	5792,
					"snd_wnd":	608896,
					"rtt":	2581470,
					"rttvar":	64994,
					"pmtu":	1500,
					"omitted":	false,
					"sender":	true
				}],
			"sum":	{
				"start":	57.001021,
				"end":	58.001021,
				"seconds":	1,
				"bytes":	0,
				"bits_per_second":	0,
				"retransmits":	0,
				"omitted":	false,
				"sender":	true
			}
		}, {
			"streams":	[{
					"socket":	6,
					"start":	58.001021,
					"end":	59.001025,
					"seconds":	1.0000040531158447,
					"bytes":	0,
					"bits_per_second":	0,
					"retransmits":	0,
					"snd_cwnd":	5792,
					"snd_wnd":	608896,
					"rtt":	2581470,
					"rttvar":	64994,
					"pmtu":	1500,
					"omitted":	false,
					"sender":	true
				}],
			"sum":	{
				"start":	58.001021,
				"end":	59.001025,
				"seconds":	1.0000040531158447,
				"bytes":	0,
				"bits_per_second":	0,
				"retransmits":	0,
				"omitted":	false,
				"sender":	true
			}
		}, {
			"streams":	[{
					"socket":	6,
					"start":	59.001025,
					"end":	60.001026,
					"seconds":	1.0000009536743164,
					"bytes":	0,
					"bits_per_second":	0,
					"retransmits":	0,
					"snd_cwnd":	5792,
					"snd_wnd":	608896,
					"rtt":	2581470,
					"rttvar":	64994,
					"pmtu":	1500,
					"omitted":	false,
					"sender":	true
				}],
			"sum":	{
				"start":	59.001025,
				"end":	60.001026,
				"seconds":	1.0000009536743164,
				"bytes":	0,
				"bits_per_second":	0,
				"retransmits":	0,
				"omitted":	false,
				"sender":	true
			}
		}],
	"end":	{
		"streams":	[{
				"sender":	{
					"socket":	6,
					"start":	0,
					"end":	60.001026,
					"seconds":	60.001026,
					"bytes":	7051760,
					"bits_per_second":	940218.588928796,
					"retransmits":	0,
					"max_snd_cwnd":	312768,
					"max_snd_wnd":	608896,
					"max_rtt":	2613220,
					"min_rtt":	158251,
					"mean_rtt":	1708470,
					"sender":	true
				},
				"receiver":	{
					"socket":	6,
					"start":	0,
					"end":	62.337715,
					"seconds":	60.001026,
					"bytes":	4842112,
					"bits_per_second":	621403.84837654058,
					"sender":	true
				}
			}],
		"sum_sent":	{
			"start":	0,
			"end":	60.001026,
			"seconds":	60.001026,
			"bytes":	7051760,
			"bits_per_second":	940218.588928796,
			"retransmits":	0,
			"sender":	true
		},
		"sum_received":	{
			"start":	0,
			"end":	62.337715,
			"seconds":	62.337715,
			"bytes":	4842112,
			"bits_per_second":	621403.84837654058,
			"sender":	true
		},
		"cpu_utilization_percent":	{
			"host_total":	0.0905493461545879,
			"host_user":	0.010031139387440725,
			"host_system":	0.08051986782682384,
			"remote_total":	0.092050191753854357,
			"remote_user":	0.010815279927581578,
			"remote_system":	0.0812349118262728
		},
		"sender_tcp_congestion":	"bbr",
		"receiver_tcp_congestion":	"bbr"
	}
}
