{
	"start":	{
		"connected":	[{
				"socket":	6,
				"local_host":	"192.168.101.210",
				"local_port":	43558,
				"remote_host":	"192.168.100.168",
				"remote_port":	5201
			}],
		"version":	"iperf 3.11",
		"system_info":	"Linux f1 6.0.10-300.fc37.x86_64 #1 SMP PREEMPT_DYNAMIC Sat Nov 26 16:55:13 UTC 2022 x86_64",
		"timestamp":	{
			"time":	"Sat, 10 Dec 2022 17:32:09 GMT",
			"timesecs":	1670693529
		},
		"connecting_to":	{
			"host":	"192.168.100.168",
			"port":	5201
		},
		"cookie":	"fzwwrxyvw5zobyi2seyki3ozqaju4anr7acq",
		"tcp_mss_default":	1448,
		"target_bitrate":	0,
		"sock_bufsize":	0,
		"sndbuf_actual":	16384,
		"rcvbuf_actual":	131072,
		"test_start":	{
			"protocol":	"TCP",
			"num_streams":	1,
			"blksize":	131072,
			"omit":	0,
			"duration":	60,
			"bytes":	0,
			"blocks":	0,
			"reverse":	0,
			"tos":	0,
			"target_bitrate":	0
		}
	},
	"intervals":	[{
			"streams":	[{
					"socket":	6,
					"start":	0,
					"end":	1.000218,
					"seconds":	1.0002180337905884,
					"bytes":	1240936,
					"bits_per_second":	9925323.94399767,
					"retransmits":	0,
					"snd_cwnd":	185344,
					"snd_wnd":	339328,
					"rtt":	200087,
					"rttvar":	17,
					"pmtu":	1500,
					"omitted":	false,
					"sender":	true
				}],
			"sum":	{
				"start":	0,
				"end":	1.000218,
				"seconds":	1.0002180337905884,
				"bytes":	1240936,
				"bits_per_second":	9925323.94399767,
				"retransmits":	0,
				"omitted":	false,
				"sender":	true
			}
		}, {
			"streams":	[{
					"socket":	6,
					"start":	1.000218,
					"end":	2.000075,
					"seconds":	0.999857008457184,
					"bytes":	7016600,
					"bits_per_second":	56140827.663562588,
					"retransmits":	0,
					"snd_cwnd":	2775816,
					"snd_wnd":	3143552,
					"rtt":	325175,
					"rttvar":	5662,
					"pmtu":	1500,
					"omitted":	false,
					"sender":	true
				}],
			"sum":	{
				"start":	1.000218,
				"end":	2.000075,
				"seconds":	0.999857008457184,
				"bytes":	7016600,
				"bits_per_second":	56140827.663562588,
				"retransmits":	0,
				"omitted":	false,
				"sender":	true
			}
		}, {
			"streams":	[{
					"socket":	6,
					"start":	2.000075,
					"end":	3.000075,
					"seconds":	1,
					"bytes":	5242880,
					"bits_per_second":	41943040,
					"retransmits":	0,
					"snd_cwnd":	3071208,
					"snd_wnd":	3143552,
					"rtt":	485067,
					"rttvar":	411,
					"pmtu":	1500,
					"omitted":	false,
					"sender":	true
				}],
			"sum":	{
				"start":	2.000075,
				"end":	3.000075,
				"seconds":	1,
				"bytes":	5242880,
				"bits_per_second":	41943040,
				"retransmits":	0,
				"omitted":	false,
				"sender":	true
			}
		}, {
			"streams":	[{
					"socket":	6,
					"start":	3.000075,
					"end":	4.000208,
					"seconds":	1.0001330375671387,
					"bytes":	5242880,
					"bits_per_second":	41937460.742250875,
					"retransmits":	0,
					"snd_cwnd":	3297096,
					"snd_wnd":	3143552,
					"rtt":	476469,
					"rttvar":	1380,
					"pmtu":	1500,
					"omitted":	false,
					"sender":	true
				}],
			"sum":	{
				"start":	3.000075,
				"end":	4.000208,
				"seconds":	1.0001330375671387,
				"bytes":	5242880,
				"bits_per_second":	41937460.742250875,
				"retransmits":	0,
				"omitted":	false,
				"sender":	true
			}
		}, {
			"streams":	[{
					"socket":	6,
					"start":	4.000208,
					"end":	5.000105,
					"seconds":	0.999897003173828,
					"bytes":	6553600,
					"bits_per_second":	52434200.556240149,
					"retransmits":	0,
					"snd_cwnd":	3297096,
					"snd_wnd":	3143552,
					"rtt":	481891,
					"rttvar":	121,
					"pmtu":	1500,
					"omitted":	false,
					"sender":	true
				}],
			"sum":	{
				"start":	4.000208,
				"end":	5.000105,
				"seconds":	0.999897003173828,
				"bytes":	6553600,
				"bits_per_second":	52434200.556240149,
				"retransmits":	0,
				"omitted":	false,
				"sender":	true
			}
		}, {
			"streams":	[{
					"socket":	6,
					"start":	5.000105,
					"end":	6.000235,
					"seconds":	1.0001300573349,
					"bytes":	5242880,
					"bits_per_second":	41937585.7093705,
					"retransmits":	0,
					"snd_cwnd":	3297096,
					"snd_wnd":	3143552,
					"rtt":	433220,
					"rttvar":	5457,
					"pmtu":	1500,
					"omitted":	false,
					"sender":	true
				}],
			"sum":	{
				"start":	5.000105,
				"end":	6.000235,
				"seconds":	1.0001300573349,
				"bytes":	5242880,
				"bits_per_second":	41937585.7093705,
				"retransmits":	0,
				"omitted":	false,
				"sender":	true
			}
		}, {
			"streams":	[{
					"socket":	6,
					"start":	6.000235,
					"end":	7.000139,
					"seconds":	0.999903976917267,
					"bytes":	6553600,
					"bits_per_second":	52433834.858462632,
					"retransmits":	0,
					"snd_cwnd":	3297096,
					"snd_wnd":	3143552,
					"rtt":	476449,
					"rttvar":	1523,
					"pmtu":	1500,
					"omitted":	false,
					"sender":	true
				}],
			"sum":	{
				"start":	6.000235,
				"end":	7.000139,
				"seconds":	0.999903976917267,
				"bytes":	6553600,
				"bits_per_second":	52433834.858462632,
				"retransmits":	0,
				"omitted":	false,
				"sender":	true
			}
		}, {
			"streams":	[{
					"socket":	6,
					"start":	7.000139,
					"end":	8.000074,
					"seconds":	0.99993497133255,
					"bytes":	6553600,
					"bits_per_second":	52432209.59672153,
					"retransmits":	0,
					"snd_cwnd":	3297096,
					"snd_wnd":	3143552,
					"rtt":	451966,
					"rttvar":	5315,
					"pmtu":	1500,
					"omitted":	false,
					"sender":	true
				}],
			"sum":	{
				"start":	7.000139,
				"end":	8.000074,
				"seconds":	0.99993497133255,
				"bytes":	6553600,
				"bits_per_second":	52432209.59672153,
				"retransmits":	0,
				"omitted":	false,
				"sender":	true
			}
		}, {
			"streams":	[{
					"socket":	6,
					"start":	8.000074,
					"end":	9.000165,
					"seconds":	1.0000909566879272,
					"bytes":	5242880,
					"bits_per_second":	41939225.3469682,
					"retransmits":	0,
					"snd_cwnd":	3297096,
					"snd_wnd":	3143552,
					"rtt":	481871,
					"rttvar":	169,
					"pmtu":	1500,
					"omitted":	false,
					"sender":	true
				}],
			"sum":	{
				"start":	8.000074,
				"end":	9.000165,
				"seconds":	1.0000909566879272,
				"bytes":	5242880,
				"bits_per_second":	41939225.3469682,
				"retransmits":	0,
				"omitted":	false,
				"sender":	true
			}
		}, {
			"streams":	[{
					"socket":	6,
					"start":	9.000165,
					"end":	10.000074,
					"seconds":	0.999908983707428,
					"bytes":	6553600,
					"bits_per_second":	52433572.3093579,
					"retransmits":	0,
					"snd_cwnd":	3297096,
					"snd_wnd":	3143552,
					"rtt":	478140,
					"rttvar":	5154,
					"pmtu":	1500,
					"omitted":	false,
					"sender":	true
				}],
			"sum":	{
				"start":	9.000165,
				"end":	10.000074,
				"seconds":	0.999908983707428,
				"bytes":	6553600,
				"bits_per_second":	52433572.3093579,
				"retransmits":	0,
				"omitted":	false,
				"sender":	true
			}
		}, {
			"streams":	[{
					"socket":	6,
					"start":	10.000074,
					"end":	11.000189,
					"seconds":	1.0001150369644165,
					"bytes":	5242880,
					"bits_per_second":	41938215.5549895,
					"retransmits":	0,
					"snd_cwnd":	3297096,
					"snd_wnd":	3143552,
					"rtt":	476449,
					"rttvar":	1521,
					"pmtu":	1500,
					"omitted":	false,
					"sender":	true
				}],
			"sum":	{
				"start":	10.000074,
				"end":	11.000189,
				"seconds":	1.0001150369644165,
				"bytes":	5242880,
				"bits_per_second":	41938215.5549895,
				"retransmits":	0,
				"omitted":	false,
				"sender":	true
			}
		}, {
			"streams":	[{
					"socket":	6,
					"start":	11.000189,
					"end":	12.000094,
					"seconds":	0.999904990196228,
					"bytes":	6553600,
					"bits_per_second":	52433781.723312557,
					"retransmits":	0,
					"snd_cwnd":	3297096,
					"snd_wnd":	3143552,
					"rtt":	481912,
					"rttvar":	128,
					"pmtu":	1500,
					"omitted":	false,
					"sender":	true
				}],
			"sum":	{
				"start":	11.000189,
				"end":	12.000094,
				"seconds":	0.999904990196228,
				"bytes":	6553600,
				"bits_per_second":	52433781.723312557,
				"retransmits":	0,
				"omitted":	false,
				"sender":	true
			}
		}, {
			"streams":	[{
					"socket":	6,
					"start":	12.000094,
					"end":	13.000153,
					"seconds":	1.0000590085983276,
					"bytes":	7864320,
					"bits_per_second":	62910847.7190565,
					"retransmits":	0,
					"snd_cwnd":	3297096,
					"snd_wnd":	3143552,
					"rtt":	525047,
					"rttvar":	344,
					"pmtu":	1500,
					"omitted":	false,
					"sender":	true
				}],
			"sum":	{
				"start":	12.000094,
				"end":	13.000153,
				"seconds":	1.0000590085983276,
				"bytes":	7864320,
				"bits_per_second":	62910847.7190565,
				"retransmits":	0,
				"omitted":	false,
				"sender":	true
			}
		}, {
			"streams":	[{
					"socket":	6,
					"start":	13.000153,
					"end":	14.00023,
					"seconds":	1.00007700920105,
					"bytes":	5242880,
					"bits_per_second":	41939810.248720564,
					"retransmits":	0,
					"snd_cwnd":	3297096,
					"snd_wnd":	3143552,
					"rtt":	436231,
					"rttvar":	9384,
					"pmtu":	1500,
					"omitted":	false,
					"sender":	true
				}],
			"sum":	{
				"start":	13.000153,
				"end":	14.00023,
				"seconds":	1.00007700920105,
				"bytes":	5242880,
				"bits_per_second":	41939810.248720564,
				"retransmits":	0,
				"omitted":	false,
				"sender":	true
			}
		}, {
			"streams":	[{
					"socket":	6,
					"start":	14.00023,
					"end":	15.000135,
					"seconds":	0.999904990196228,
					"bytes":	6553600,
					"bits_per_second":	52433781.723312557,
					"retransmits":	0,
					"snd_cwnd":	3297096,
					"snd_wnd":	3143552,
					"rtt":	481859,
					"rttvar":	173,
					"pmtu":	1500,
					"omitted":	false,
					"sender":	true
				}],
			"sum":	{
				"start":	14.00023,
				"end":	15.000135,
				"seconds":	0.999904990196228,
				"bytes":	6553600,
				"bits_per_second":	52433781.723312557,
				"retransmits":	0,
				"omitted":	false,
				"sender":	true
			}
		}, {
			"streams":	[{
					"socket":	6,
					"start":	15.000135,
					"end":	16.000074,
					"seconds":	0.99993902444839478,
					"bytes":	6553600,
					"bits_per_second":	52431997.0699431,
					"retransmits":	0,
					"snd_cwnd":	3297096,
					"snd_wnd":	3143552,
					"rtt":	448673,
					"rttvar":	5350,
					"pmtu":	1500,
					"omitted":	false,
					"sender":	true
				}],
			"sum":	{
				"start":	15.000135,
				"end":	16.000074,
				"seconds":	0.99993902444839478,
				"bytes":	6553600,
				"bits_per_second":	52431997.0699431,
				"retransmits":	0,
				"omitted":	false,
				"sender":	true
			}
		}, {
			"streams":	[{
					"socket":	6,
					"start":	16.000074,
					"end":	17.00016,
					"seconds":	1.0000859498977661,
					"bytes":	5242880,
					"bits_per_second":	41939435.309822753,
					"retransmits":	0,
					"snd_cwnd":	3297096,
					"snd_wnd":	3143552,
					"rtt":	481855,
					"rttvar":	172,
					"pmtu":	1500,
					"omitted":	false,
					"sender":	true
				}],
			"sum":	{
				"start":	16.000074,
				"end":	17.00016,
				"seconds":	1.0000859498977661,
				"bytes":	5242880,
				"bits_per_second":	41939435.309822753,
				"retransmits":	0,
				"omitted":	false,
				"sender":	true
			}
		}, {
			"streams":	[{
					"socket":	6,
					"start":	17.00016,
					"end":	18.000073,
					"seconds":	0.999912977218628,
					"bytes":	6553600,
					"bits_per_second":	52433362.897076,
					"retransmits":	0,
					"snd_cwnd":	3297096,
					"snd_wnd":	3143552,
					"rtt":	474805,
					"rttvar":	5430,
					"pmtu":	1500,
					"omitted":	false,
					"sender":	true
				}],
			"sum":	{
				"start":	17.00016,
				"end":	18.000073,
				"seconds":	0.999912977218628,
				"bytes":	6553600,
				"bits_per_second":	52433362.897076,
				"retransmits":	0,
				"omitted":	false,
				"sender":	true
			}
		}, {
			"streams":	[{
					"socket":	6,
					"start":	18.000073,
					"end":	19.000185,
					"seconds":	1.0001120567321777,
					"bytes":	5242880,
					"bits_per_second":	41938340.526607633,
					"retransmits":	0,
					"snd_cwnd":	3297096,
					"snd_wnd":	3143552,
					"rtt":	481852,
					"rttvar":	171,
					"pmtu":	1500,
					"omitted":	false,
					"sender":	true
				}],
			"sum":	{
				"start":	18.000073,
				"end":	19.000185,
				"seconds":	1.0001120567321777,
				"bytes":	5242880,
				"bits_per_second":	41938340.526607633,
				"retransmits":	0,
				"omitted":	false,
				"sender":	true
			}
		}, {
			"streams":	[{
					"socket":	6,
					"start":	19.000185,
					"end":	20.000086,
					"seconds":	0.999900996685028,
					"bytes":	6553600,
					"bits_per_second":	52433991.138939962,
					"retransmits":	0,
					"snd_cwnd":	3297096,
					"snd_wnd":	3143552,
					"rtt":	481829,
					"rttvar":	153,
					"pmtu":	1500,
					"omitted":	false,
					"sender":	true
				}],
			"sum":	{
				"start":	19.000185,
				"end":	20.000086,
				"seconds":	0.999900996685028,
				"bytes":	6553600,
				"bits_per_second":	52433991.138939962,
				"retransmits":	0,
				"omitted":	false,
				"sender":	true
			}
		}, {
			"streams":	[{
					"socket":	6,
					"start":	20.000086,
					"end":	21.000212,
					"seconds":	1.0001260042190552,
					"bytes":	5242880,
					"bits_per_second":	41937755.6658484,
					"retransmits":	0,
					"snd_cwnd":	3297096,
					"snd_wnd":	3143552,
					"rtt":	481857,
					"rttvar":	173,
					"pmtu":	1500,
					"omitted":	false,
					"sender":	true
				}],
			"sum":	{
				"start":	20.000086,
				"end":	21.000212,
				"seconds":	1.0001260042190552,
				"bytes":	5242880,
				"bits_per_second":	41937755.6658484,
				"retransmits":	0,
				"omitted":	false,
				"sender":	true
			}
		}, {
			"streams":	[{
					"socket":	6,
					"start":	21.000212,
					"end":	22.00013,
					"seconds":	0.999917984008789,
					"bytes":	6553600,
					"bits_per_second":	52433100.352697685,
					"retransmits":	0,
					"snd_cwnd":	3297096,
					"snd_wnd":	3143552,
					"rtt":	481856,
					"rttvar":	176,
					"pmtu":	1500,
					"omitted":	false,
					"sender":	true
				}],
			"sum":	{
				"start":	21.000212,
				"end":	22.00013,
				"seconds":	0.999917984008789,
				"bytes":	6553600,
				"bits_per_second":	52433100.352697685,
				"retransmits":	0,
				"omitted":	false,
				"sender":	true
			}
		}, {
			"streams":	[{
					"socket":	6,
					"start":	22.00013,
					"end":	23.00014,
					"seconds":	1.0000100135803223,
					"bytes":	7864320,
					"bits_per_second":	62913930.0063085,
					"retransmits":	0,
					"snd_cwnd":	3297096,
					"snd_wnd":	3143552,
					"rtt":	257731,
					"rttvar":	1453,
					"pmtu":	1500,
					"omitted":	false,
					"sender":	true
				}],
			"sum":	{
				"start":	22.00013,
				"end":	23.00014,
				"seconds":	1.0000100135803223,
				"bytes":	7864320,
				"bits_per_second":	62913930.0063085,
				"retransmits":	0,
				"omitted":	false,
				"sender":	true
			}
		}, {
			"streams":	[{
					"socket":	6,
					"start":	23.00014,
					"end":	24.000066,
					"seconds":	0.999925971031189,
					"bytes":	6553600,
					"bits_per_second":	52432681.5373462,
					"retransmits":	0,
					"snd_cwnd":	3297096,
					"snd_wnd":	3143552,
					"rtt":	491543,
					"rttvar":	4893,
					"pmtu":	1500,
					"omitted":	false,
					"sender":	true
				}],
			"sum":	{
				"start":	23.00014,
				"end":	24.000066,
				"seconds":	0.999925971031189,
				"bytes":	6553600,
				"bits_per_second":	52432681.5373462,
				"retransmits":	0,
				"omitted":	false,
				"sender":	true
			}
		}, {
			"streams":	[{
					"socket":	6,
					"start":	24.000066,
					"end":	25.000135,
					"seconds":	1.00006902217865,
					"bytes":	6553600,
					"bits_per_second":	52425181.499756768,
					"retransmits":	0,
					"snd_cwnd":	3297096,
					"snd_wnd":	3143552,
					"rtt":	468966,
					"rttvar":	2930,
					"pmtu":	1500,
					"omitted":	false,
					"sender":	true
				}],
			"sum":	{
				"start":	24.000066,
				"end":	25.000135,
				"seconds":	1.00006902217865,
				"bytes":	6553600,
				"bits_per_second":	52425181.499756768,
				"retransmits":	0,
				"omitted":	false,
				"sender":	true
			}
		}, {
			"streams":	[{
					"socket":	6,
					"start":	25.000135,
					"end":	26.000138,
					"seconds":	1.0000029802322388,
					"bytes":	6553600,
					"bits_per_second":	52428643.750465661,
					"retransmits":	0,
					"snd_cwnd":	3297096,
					"snd_wnd":	3143552,
					"rtt":	442974,
					"rttvar":	1412,
					"pmtu":	1500,
					"omitted":	false,
					"sender":	true
				}],
			"sum":	{
				"start":	25.000135,
				"end":	26.000138,
				"seconds":	1.0000029802322388,
				"bytes":	6553600,
				"bits_per_second":	52428643.750465661,
				"retransmits":	0,
				"omitted":	false,
				"sender":	true
			}
		}, {
			"streams":	[{
					"socket":	6,
					"start":	26.000138,
					"end":	27.000137,
					"seconds":	0.99999898672103882,
					"bytes":	6553600,
					"bits_per_second":	52428853.12505383,
					"retransmits":	0,
					"snd_cwnd":	3297096,
					"snd_wnd":	3143552,
					"rtt":	450623,
					"rttvar":	2985,
					"pmtu":	1500,
					"omitted":	false,
					"sender":	true
				}],
			"sum":	{
				"start":	26.000138,
				"end":	27.000137,
				"seconds":	0.99999898672103882,
				"bytes":	6553600,
				"bits_per_second":	52428853.12505383,
				"retransmits":	0,
				"omitted":	false,
				"sender":	true
			}
		}, {
			"streams":	[{
					"socket":	6,
					"start":	27.000137,
					"end":	28.000085,
					"seconds":	0.999948024749756,
					"bytes":	6553600,
					"bits_per_second":	52431525.141639918,
					"retransmits":	0,
					"snd_cwnd":	3297096,
					"snd_wnd":	3143552,
					"rtt":	460916,
					"rttvar":	158,
					"pmtu":	1500,
					"omitted":	false,
					"sender":	true
				}],
			"sum":	{
				"start":	27.000137,
				"end":	28.000085,
				"seconds":	0.999948024749756,
				"bytes":	6553600,
				"bits_per_second":	52431525.141639918,
				"retransmits":	0,
				"omitted":	false,
				"sender":	true
			}
		}, {
			"streams":	[{
					"socket":	6,
					"start":	28.000085,
					"end":	29.000102,
					"seconds":	1.0000170469284058,
					"bytes":	6553600,
					"bits_per_second":	52427906.265235431,
					"retransmits":	0,
					"snd_cwnd":	3297096,
					"snd_wnd":	3143552,
					"rtt":	456722,
					"rttvar":	68,
					"pmtu":	1500,
					"omitted":	false,
					"sender":	true
				}],
			"sum":	{
				"start":	28.000085,
				"end":	29.000102,
				"seconds":	1.0000170469284058,
				"bytes":	6553600,
				"bits_per_second":	52427906.265235431,
				"retransmits":	0,
				"omitted":	false,
				"sender":	true
			}
		}, {
			"streams":	[{
					"socket":	6,
					"start":	29.000102,
					"end":	30.000151,
					"seconds":	1.0000489950180054,
					"bytes":	6553600,
					"bits_per_second":	52426231.375849783,
					"retransmits":	0,
					"snd_cwnd":	3297096,
					"snd_wnd":	3143552,
					"rtt":	461597,
					"rttvar":	2076,
					"pmtu":	1500,
					"omitted":	false,
					"sender":	true
				}],
			"sum":	{
				"start":	29.000102,
				"end":	30.000151,
				"seconds":	1.0000489950180054,
				"bytes":	6553600,
				"bits_per_second":	52426231.375849783,
				"retransmits":	0,
				"omitted":	false,
				"sender":	true
			}
		}, {
			"streams":	[{
					"socket":	6,
					"start":	30.000151,
					"end":	31.000196,
					"seconds":	1.0000449419021606,
					"bytes":	6553600,
					"bits_per_second":	52426443.8558896,
					"retransmits":	0,
					"snd_cwnd":	3297096,
					"snd_wnd":	3143552,
					"rtt":	445659,
					"rttvar":	1867,
					"pmtu":	1500,
					"omitted":	false,
					"sender":	true
				}],
			"sum":	{
				"start":	30.000151,
				"end":	31.000196,
				"seconds":	1.0000449419021606,
				"bytes":	6553600,
				"bits_per_second":	52426443.8558896,
				"retransmits":	0,
				"omitted":	false,
				"sender":	true
			}
		}, {
			"streams":	[{
					"socket":	6,
					"start":	31.000196,
					"end":	32.000218,
					"seconds":	1.0000220537185669,
					"bytes":	6553600,
					"bits_per_second":	52427643.775499053,
					"retransmits":	0,
					"snd_cwnd":	3297096,
					"snd_wnd":	3143552,
					"rtt":	418351,
					"rttvar":	7531,
					"pmtu":	1500,
					"omitted":	false,
					"sender":	true
				}],
			"sum":	{
				"start":	31.000196,
				"end":	32.000218,
				"seconds":	1.0000220537185669,
				"bytes":	6553600,
				"bits_per_second":	52427643.775499053,
				"retransmits":	0,
				"omitted":	false,
				"sender":	true
			}
		}, {
			"streams":	[{
					"socket":	6,
					"start":	32.000218,
					"end":	33.000071,
					"seconds":	0.999853014945984,
					"bytes":	7864320,
					"bits_per_second":	62923808.8594441,
					"retransmits":	0,
					"snd_cwnd":	3297096,
					"snd_wnd":	3143552,
					"rtt":	403004,
					"rttvar":	4487,
					"pmtu":	1500,
					"omitted":	false,
					"sender":	true
				}],
			"sum":	{
				"start":	32.000218,
				"end":	33.000071,
				"seconds":	0.999853014945984,
				"bytes":	7864320,
				"bits_per_second":	62923808.8594441,
				"retransmits":	0,
				"omitted":	false,
				"sender":	true
			}
		}, {
			"streams":	[{
					"socket":	6,
					"start":	33.000071,
					"end":	34.000083,
					"seconds":	1.0000120401382446,
					"bytes":	9175040,
					"bits_per_second":	73399436.260640338,
					"retransmits":	0,
					"snd_cwnd":	3297096,
					"snd_wnd":	3143552,
					"rtt":	389589,
					"rttvar":	10406,
					"pmtu":	1500,
					"omitted":	false,
					"sender":	true
				}],
			"sum":	{
				"start":	33.000071,
				"end":	34.000083,
				"seconds":	1.0000120401382446,
				"bytes":	9175040,
				"bits_per_second":	73399436.260640338,
				"retransmits":	0,
				"omitted":	false,
				"sender":	true
			}
		}, {
			"streams":	[{
					"socket":	6,
					"start":	34.000083,
					"end":	35.000077,
					"seconds":	0.99999397993087769,
					"bytes":	6553600,
					"bits_per_second":	52429115.6269001,
					"retransmits":	0,
					"snd_cwnd":	3297096,
					"snd_wnd":	3143552,
					"rtt":	454136,
					"rttvar":	3848,
					"pmtu":	1500,
					"omitted":	false,
					"sender":	true
				}],
			"sum":	{
				"start":	34.000083,
				"end":	35.000077,
				"seconds":	0.99999397993087769,
				"bytes":	6553600,
				"bits_per_second":	52429115.6269001,
				"retransmits":	0,
				"omitted":	false,
				"sender":	true
			}
		}, {
			"streams":	[{
					"socket":	6,
					"start":	35.000077,
					"end":	36.000084,
					"seconds":	1.0000070333480835,
					"bytes":	6553600,
					"bits_per_second":	52428431.252593532,
					"retransmits":	0,
					"snd_cwnd":	3297096,
					"snd_wnd":	3143552,
					"rtt":	462685,
					"rttvar":	307,
					"pmtu":	1500,
					"omitted":	false,
					"sender":	true
				}],
			"sum":	{
				"start":	35.000077,
				"end":	36.000084,
				"seconds":	1.0000070333480835,
				"bytes":	6553600,
				"bits_per_second":	52428431.252593532,
				"retransmits":	0,
				"omitted":	false,
				"sender":	true
			}
		}, {
			"streams":	[{
					"socket":	6,
					"start":	36.000084,
					"end":	37.000094,
					"seconds":	1.0000100135803223,
					"bytes":	6553600,
					"bits_per_second":	52428275.005257078,
					"retransmits":	0,
					"snd_cwnd":	3297096,
					"snd_wnd":	3143552,
					"rtt":	462416,
					"rttvar":	325,
					"pmtu":	1500,
					"omitted":	false,
					"sender":	true
				}],
			"sum":	{
				"start":	36.000084,
				"end":	37.000094,
				"seconds":	1.0000100135803223,
				"bytes":	6553600,
				"bits_per_second":	52428275.005257078,
				"retransmits":	0,
				"omitted":	false,
				"sender":	true
			}
		}, {
			"streams":	[{
					"socket":	6,
					"start":	37.000094,
					"end":	38.000129,
					"seconds":	1.0000350475311279,
					"bytes":	6553600,
					"bits_per_second":	52426962.564397581,
					"retransmits":	0,
					"snd_cwnd":	3297096,
					"snd_wnd":	3143552,
					"rtt":	452815,
					"rttvar":	2652,
					"pmtu":	1500,
					"omitted":	false,
					"sender":	true
				}],
			"sum":	{
				"start":	37.000094,
				"end":	38.000129,
				"seconds":	1.0000350475311279,
				"bytes":	6553600,
				"bits_per_second":	52426962.564397581,
				"retransmits":	0,
				"omitted":	false,
				"sender":	true
			}
		}, {
			"streams":	[{
					"socket":	6,
					"start":	38.000129,
					"end":	39.000113,
					"seconds":	0.9999840259552002,
					"bytes":	6553600,
					"bits_per_second":	52429637.513378479,
					"retransmits":	0,
					"snd_cwnd":	3297096,
					"snd_wnd":	3143552,
					"rtt":	466759,
					"rttvar":	2801,
					"pmtu":	1500,
					"omitted":	false,
					"sender":	true
				}],
			"sum":	{
				"start":	38.000129,
				"end":	39.000113,
				"seconds":	0.9999840259552002,
				"bytes":	6553600,
				"bits_per_second":	52429637.513378479,
				"retransmits":	0,
				"omitted":	false,
				"sender":	true
			}
		}, {
			"streams":	[{
					"socket":	6,
					"start":	39.000113,
					"end":	40.000134,
					"seconds":	1.0000209808349609,
					"bytes":	6553600,
					"bits_per_second":	52427700.023078434,
					"retransmits":	0,
					"snd_cwnd":	3297096,
					"snd_wnd":	3143552,
					"rtt":	460790,
					"rttvar":	2747,
					"pmtu":	1500,
					"omitted":	false,
					"sender":	true
				}],
			"sum":	{
				"start":	39.000113,
				"end":	40.000134,
				"seconds":	1.0000209808349609,
				"bytes":	6553600,
				"bits_per_second":	52427700.023078434,
				"retransmits":	0,
				"omitted":	false,
				"sender":	true
			}
		}, {
			"streams":	[{
					"socket":	6,
					"start":	40.000134,
					"end":	41.000133,
					"seconds":	0.99999898672103882,
					"bytes":	6553600,
					"bits_per_second":	52428853.12505383,
					"retransmits":	0,
					"snd_cwnd":	3297096,
					"snd_wnd":	3143552,
					"rtt":	463453,
					"rttvar":	2712,
					"pmtu":	1500,
					"omitted":	false,
					"sender":	true
				}],
			"sum":	{
				"start":	40.000134,
				"end":	41.000133,
				"seconds":	0.99999898672103882,
				"bytes":	6553600,
				"bits_per_second":	52428853.12505383,
				"retransmits":	0,
				"omitted":	false,
				"sender":	true
			}
		}, {
			"streams":	[{
					"socket":	6,
					"start":	41.000133,
					"end":	42.000137,
					"seconds":	1.0000040531158447,
					"bytes":	6553600,
					"bits_per_second":	52428587.500861287,
					"retransmits":	0,
					"snd_cwnd":	3297096,
					"snd_wnd":	3143552,
					"rtt":	453397,
					"rttvar":	2797,
					"pmtu":	1500,
					"omitted":	false,
					"sender":	true
				}],
			"sum":	{
				"start":	41.000133,
				"end":	42.000137,
				"seconds":	1.0000040531158447,
				"bytes":	6553600,
				"bits_per_second":	52428587.500861287,
				"retransmits":	0,
				"omitted":	false,
				"sender":	true
			}
		}, {
			"streams":	[{
					"socket":	6,
					"start":	42.000137,
					"end":	43.000132,
					"seconds":	0.999994993209839,
					"bytes":	6553600,
					"bits_per_second":	52429062.5013143,
					"retransmits":	0,
					"snd_cwnd":	3297096,
					"snd_wnd":	3143552,
					"rtt":	449495,
					"rttvar":	2030,
					"pmtu":	1500,
					"omitted":	false,
					"sender":	true
				}],
			"sum":	{
				"start":	42.000137,
				"end":	43.000132,
				"seconds":	0.999994993209839,
				"bytes":	6553600,
				"bits_per_second":	52429062.5013143,
				"retransmits":	0,
				"omitted":	false,
				"sender":	true
			}
		}, {
			"streams":	[{
					"socket":	6,
					"start":	43.000132,
					"end":	44.000144,
					"seconds":	1.0000120401382446,
					"bytes":	6553600,
					"bits_per_second":	52428168.757600248,
					"retransmits":	0,
					"snd_cwnd":	3297096,
					"snd_wnd":	3143552,
					"rtt":	452910,
					"rttvar":	2599,
					"pmtu":	1500,
					"omitted":	false,
					"sender":	true
				}],
			"sum":	{
				"start":	43.000132,
				"end":	44.000144,
				"seconds":	1.0000120401382446,
				"bytes":	6553600,
				"bits_per_second":	52428168.757600248,
				"retransmits":	0,
				"omitted":	false,
				"sender":	true
			}
		}, {
			"streams":	[{
					"socket":	6,
					"start":	44.000144,
					"end":	45.000216,
					"seconds":	1.0000720024108887,
					"bytes":	9175040,
					"bits_per_second":	73395035.380505338,
					"retransmits":	0,
					"snd_cwnd":	3297096,
					"snd_wnd":	3143552,
					"rtt":	380665,
					"rttvar":	6735,
					"pmtu":	1500,
					"omitted":	false,
					"sender":	true
				}],
			"sum":	{
				"start":	44.000144,
				"end":	45.000216,
				"seconds":	1.0000720024108887,
				"bytes":	9175040,
				"bits_per_second":	73395035.380505338,
				"retransmits":	0,
				"omitted":	false,
				"sender":	true
			}
		}, {
			"streams":	[{
					"socket":	6,
					"start":	45.000216,
					"end":	46.000076,
					"seconds":	0.99985998868942261,
					"bytes":	7864320,
					"bits_per_second":	62923369.983497337,
					"retransmits":	0,
					"snd_cwnd":	3297096,
					"snd_wnd":	3143552,
					"rtt":	395234,
					"rttvar":	4953,
					"pmtu":	1500,
					"omitted":	false,
					"sender":	true
				}],
			"sum":	{
				"start":	45.000216,
				"end":	46.000076,
				"seconds":	0.99985998868942261,
				"bytes":	7864320,
				"bits_per_second":	62923369.983497337,
				"retransmits":	0,
				"omitted":	false,
				"sender":	true
			}
		}, {
			"streams":	[{
					"socket":	6,
					"start":	46.000076,
					"end":	47.00009,
					"seconds":	1.0000139474868774,
					"bytes":	6553600,
					"bits_per_second":	52428068.760198958,
					"retransmits":	0,
					"snd_cwnd":	3297096,
					"snd_wnd":	3143552,
					"rtt":	425587,
					"rttvar":	2743,
					"pmtu":	1500,
					"omitted":	false,
					"sender":	true
				}],
			"sum":	{
				"start":	46.000076,
				"end":	47.00009,
				"seconds":	1.0000139474868774,
				"bytes":	6553600,
				"bits_per_second":	52428068.760198958,
				"retransmits":	0,
				"omitted":	false,
				"sender":	true
			}
		}, {
			"streams":	[{
					"socket":	6,
					"start":	47.00009,
					"end":	48.000138,
					"seconds":	1.000048041343689,
					"bytes":	6553600,
					"bits_per_second":	52426281.370998323,
					"retransmits":	0,
					"snd_cwnd":	3297096,
					"snd_wnd":	3143552,
					"rtt":	428935,
					"rttvar":	2438,
					"pmtu":	1500,
					"omitted":	false,
					"sender":	true
				}],
			"sum":	{
				"start":	47.00009,
				"end":	48.000138,
				"seconds":	1.000048041343689,
				"bytes":	6553600,
				"bits_per_second":	52426281.370998323,
				"retransmits":	0,
				"omitted":	false,
				"sender":	true
			}
		}, {
			"streams":	[{
					"socket":	6,
					"start":	48.000138,
					"end":	49.000164,
					"seconds":	1.0000259876251221,
					"bytes":	6553600,
					"bits_per_second":	52427437.535407215,
					"retransmits":	0,
					"snd_cwnd":	3297096,
					"snd_wnd":	3143552,
					"rtt":	448947,
					"rttvar":	417,
					"pmtu":	1500,
					"omitted":	false,
					"sender":	true
				}],
			"sum":	{
				"start":	48.000138,
				"end":	49.000164,
				"seconds":	1.0000259876251221,
				"bytes":	6553600,
				"bits_per_second":	52427437.535407215,
				"retransmits":	0,
				"omitted":	false,
				"sender":	true
			}
		}, {
			"streams":	[{
					"socket":	6,
					"start":	49.000164,
					"end":	50.000195,
					"seconds":	1.0000309944152832,
					"bytes":	6553600,
					"bits_per_second":	52427175.05036436,
					"retransmits":	0,
					"snd_cwnd":	3297096,
					"snd_wnd":	3143552,
					"rtt":	396871,
					"rttvar":	13306,
					"pmtu":	1500,
					"omitted":	false,
					"sender":	true
				}],
			"sum":	{
				"start":	49.000164,
				"end":	50.000195,
				"seconds":	1.0000309944152832,
				"bytes":	6553600,
				"bits_per_second":	52427175.05036436,
				"retransmits":	0,
				"omitted":	false,
				"sender":	true
			}
		}, {
			"streams":	[{
					"socket":	6,
					"start":	50.000195,
					"end":	51.000084,
					"seconds":	0.99988901615142822,
					"bytes":	7864320,
					"bits_per_second":	62921543.27503074,
					"retransmits":	0,
					"snd_cwnd":	3297096,
					"snd_wnd":	3143552,
					"rtt":	377719,
					"rttvar":	2129,
					"pmtu":	1500,
					"omitted":	false,
					"sender":	true
				}],
			"sum":	{
				"start":	50.000195,
				"end":	51.000084,
				"seconds":	0.99988901615142822,
				"bytes":	7864320,
				"bits_per_second":	62921543.27503074,
				"retransmits":	0,
				"omitted":	false,
				"sender":	true
			}
		}, {
			"streams":	[{
					"socket":	6,
					"start":	51.000084,
					"end":	52.000081,
					"seconds":	0.99999701976776123,
					"bytes":	6553600,
					"bits_per_second":	52428956.250465661,
					"retransmits":	0,
					"snd_cwnd":	3297096,
					"snd_wnd":	3143552,
					"rtt":	399096,
					"rttvar":	5385,
					"pmtu":	1500,
					"omitted":	false,
					"sender":	true
				}],
			"sum":	{
				"start":	51.000084,
				"end":	52.000081,
				"seconds":	0.99999701976776123,
				"bytes":	6553600,
				"bits_per_second":	52428956.250465661,
				"retransmits":	0,
				"omitted":	false,
				"sender":	true
			}
		}, {
			"streams":	[{
					"socket":	6,
					"start":	52.000081,
					"end":	53.000077,
					"seconds":	0.9999960064888,
					"bytes":	6553600,
					"bits_per_second":	52429009.375836141,
					"retransmits":	0,
					"snd_cwnd":	3297096,
					"snd_wnd":	3143552,
					"rtt":	442775,
					"rttvar":	5388,
					"pmtu":	1500,
					"omitted":	false,
					"sender":	true
				}],
			"sum":	{
				"start":	52.000081,
				"end":	53.000077,
				"seconds":	0.9999960064888,
				"bytes":	6553600,
				"bits_per_second":	52429009.375836141,
				"retransmits":	0,
				"omitted":	false,
				"sender":	true
			}
		}, {
			"streams":	[{
					"socket":	6,
					"start":	53.000077,
					"end":	54.000102,
					"seconds":	1.0000250339508057,
					"bytes":	6553600,
					"bits_per_second":	52427487.532856241,
					"retransmits":	0,
					"snd_cwnd":	3297096,
					"snd_wnd":	3143552,
					"rtt":	452478,
					"rttvar":	2944,
					"pmtu":	1500,
					"omitted":	false,
					"sender":	true
				}],
			"sum":	{
				"start":	53.000077,
				"end":	54.000102,
				"seconds":	1.0000250339508057,
				"bytes":	6553600,
				"bits_per_second":	52427487.532856241,
				"retransmits":	0,
				"omitted":	false,
				"sender":	true
			}
		}, {
			"streams":	[{
					"socket":	6,
					"start":	54.000102,
					"end":	55.000078,
					"seconds":	0.99997597932815552,
					"bytes":	7864320,
					"bits_per_second":	62916071.286302112,
					"retransmits":	0,
					"snd_cwnd":	3297096,
					"snd_wnd":	3143552,
					"rtt":	282642,
					"rttvar":	2179,
					"pmtu":	1500,
					"omitted":	false,
					"sender":	true
				}],
			"sum":	{
				"start":	54.000102,
				"end":	55.000078,
				"seconds":	0.99997597932815552,
				"bytes":	7864320,
				"bits_per_second":	62916071.286302112,
				"retransmits":	0,
				"omitted":	false,
				"sender":	true
			}
		}, {
			"streams":	[{
					"socket":	6,
					"start":	55.000078,
					"end":	56.000186,
					"seconds":	1.000108003616333,
					"bytes":	7864320,
					"bits_per_second":	62907765.733805321,
					"retransmits":	0,
					"snd_cwnd":	3297096,
					"snd_wnd":	3143552,
					"rtt":	422942,
					"rttvar":	3207,
					"pmtu":	1500,
					"omitted":	false,
					"sender":	true
				}],
			"sum":	{
				"start":	55.000078,
				"end":	56.000186,
				"seconds":	1.000108003616333,
				"bytes":	7864320,
				"bits_per_second":	62907765.733805321,
				"retransmits":	0,
				"omitted":	false,
				"sender":	true
			}
		}, {
			"streams":	[{
					"socket":	6,
					"start":	56.000186,
					"end":	57.000217,
					"seconds":	1.0000309944152832,
					"bytes":	6553600,
					"bits_per_second":	52427175.05036436,
					"retransmits":	0,
					"snd_cwnd":	3297096,
					"snd_wnd":	3143552,
					"rtt":	437655,
					"rttvar":	1587,
					"pmtu":	1500,
					"omitted":	false,
					"sender":	true
				}],
			"sum":	{
				"start":	56.000186,
				"end":	57.000217,
				"seconds":	1.0000309944152832,
				"bytes":	6553600,
				"bits_per_second":	52427175.05036436,
				"retransmits":	0,
				"omitted":	false,
				"sender":	true
			}
		}, {
			"streams":	[{
					"socket":	6,
					"start":	57.000217,
					"end":	58.000084,
					"seconds":	0.999867022037506,
					"bytes":	7864320,
					"bits_per_second":	62922927.36267484,
					"retransmits":	0,
					"snd_cwnd":	3297096,
					"snd_wnd":	3143552,
					"rtt":	400133,
					"rttvar":	4509,
					"pmtu":	1500,
					"omitted":	false,
					"sender":	true
				}],
			"sum":	{
				"start":	57.000217,
				"end":	58.000084,
				"seconds":	0.999867022037506,
				"bytes":	7864320,
				"bits_per_second":	62922927.36267484,
				"retransmits":	0,
				"omitted":	false,
				"sender":	true
			}
		}, {
			"streams":	[{
					"socket":	6,
					"start":	58.000084,
					"end":	59.000077,
					"seconds":	0.99999302625656128,
					"bytes":	6553600,
					"bits_per_second":	52429165.6275498,
					"retransmits":	0,
					"snd_cwnd":	3297096,
					"snd_wnd":	3143552,
					"rtt":	432633,
					"rttvar":	6193,
					"pmtu":	1500,
					"omitted":	false,
					"sender":	true
				}],
			"sum":	{
				"start":	58.000084,
				"end":	59.000077,
				"seconds":	0.99999302625656128,
				"bytes":	6553600,
				"bits_per_second":	52429165.6275498,
				"retransmits":	0,
				"omitted":	false,
				"sender":	true
			}
		}, {
			"streams":	[{
					"socket":	6,
					"start":	59.000077,
					"end":	60.000099,
					"seconds":	1.0000220537185669,
					"bytes":	6553600,
					"bits_per_second":	52427643.775499053,
					"retransmits":	0,
					"snd_cwnd":	3297096,
					"snd_wnd":	3143552,
					"rtt":	426674,
					"rttvar":	3174,
					"pmtu":	1500,
					"omitted":	false,
					"sender":	true
				}],
			"sum":	{
				"start":	59.000077,
				"end":	60.000099,
				"seconds":	1.0000220537185669,
				"bytes":	6553600,
				"bits_per_second":	52427643.775499053,
				"retransmits":	0,
				"omitted":	false,
				"sender":	true
			}
		}],
	"end":	{
		"streams":	[{
				"sender":	{
					"socket":	6,
					"start":	0,
					"end":	60.000099,
					"seconds":	60.000099,
					"bytes":	392298496,
					"bits_per_second":	52306379.827806622,
					"retransmits":	0,
					"max_snd_cwnd":	3297096,
					"max_snd_wnd":	3143552,
					"max_rtt":	525047,
					"min_rtt":	200087,
					"mean_rtt":	438367,
					"sender":	true
				},
				"receiver":	{
					"socket":	6,
					"start":	0,
					"end":	60.435801,
					"seconds":	60.000099,
					"bytes":	392298216,
					"bits_per_second":	51929248.492958672,
					"sender":	true
				}
			}],
		"sum_sent":	{
			"start":	0,
			"end":	60.000099,
			"seconds":	60.000099,
			"bytes":	392298496,
			"bits_per_second":	52306379.827806622,
			"retransmits":	0,
			"sender":	true
		},
		"sum_received":	{
			"start":	0,
			"end":	60.435801,
			"seconds":	60.435801,
			"bytes":	392298216,
			"bits_per_second":	51929248.492958672,
			"sender":	true
		},
		"cpu_utilization_percent":	{
			"host_total":	0.42397639226398176,
			"host_user":	0.056933568556341865,
			"host_system":	0.36704446837842469,
			"remote_total":	1.6407258934607496,
			"remote_user":	0.10578165319896178,
			"remote_system":	1.5349458949098904
		},
		"sender_tcp_congestion":	"cubic",
		"receiver_tcp_congestion":	"cubic"
	}
}
