{
	"start":	{
		"connected":	[{
				"socket":	6,
				"local_host":	"192.168.101.210",
				"local_port":	57468,
				"remote_host":	"192.168.100.168",
				"remote_port":	5202
			}],
		"version":	"iperf 3.11",
		"system_info":	"Linux f1 6.0.10-300.fc37.x86_64 #1 SMP PREEMPT_DYNAMIC Sat Nov 26 16:55:13 UTC 2022 x86_64",
		"timestamp":	{
			"time":	"Sat, 10 Dec 2022 17:16:24 GMT",
			"timesecs":	1670692584
		},
		"connecting_to":	{
			"host":	"192.168.100.168",
			"port":	5202
		},
		"cookie":	"hgimtdrld5fgnxf2jpa6kwxbhnhi5fmlb75i",
		"tcp_mss_default":	1448,
		"target_bitrate":	0,
		"sock_bufsize":	0,
		"sndbuf_actual":	16384,
		"rcvbuf_actual":	131072,
		"test_start":	{
			"protocol":	"TCP",
			"num_streams":	1,
			"blksize":	131072,
			"omit":	0,
			"duration":	60,
			"bytes":	0,
			"blocks":	0,
			"reverse":	0,
			"tos":	0,
			"target_bitrate":	0
		}
	},
	"intervals":	[{
			"streams":	[{
					"socket":	6,
					"start":	0,
					"end":	1.000424,
					"seconds":	1.0004240274429321,
					"bytes":	721104,
					"bits_per_second":	5766386.8937105024,
					"retransmits":	0,
					"snd_cwnd":	40544,
					"snd_wnd":	261504,
					"rtt":	124024,
					"rttvar":	2454,
					"pmtu":	1500,
					"omitted":	false,
					"sender":	true
				}],
			"sum":	{
				"start":	0,
				"end":	1.000424,
				"seconds":	1.0004240274429321,
				"bytes":	721104,
				"bits_per_second":	5766386.8937105024,
				"retransmits":	0,
				"omitted":	false,
				"sender":	true
			}
		}, {
			"streams":	[{
					"socket":	6,
					"start":	1.000424,
					"end":	2.000881,
					"seconds":	1.0004570484161377,
					"bytes":	195480,
					"bits_per_second":	1563125.5759312962,
					"retransmits":	0,
					"snd_cwnd":	20272,
					"snd_wnd":	261504,
					"rtt":	143844,
					"rttvar":	5354,
					"pmtu":	1500,
					"omitted":	false,
					"sender":	true
				}],
			"sum":	{
				"start":	1.000424,
				"end":	2.000881,
				"seconds":	1.0004570484161377,
				"bytes":	195480,
				"bits_per_second":	1563125.5759312962,
				"retransmits":	0,
				"omitted":	false,
				"sender":	true
			}
		}, {
			"streams":	[{
					"socket":	6,
					"start":	2.000881,
					"end":	3.000569,
					"seconds":	0.99968802928924561,
					"bytes":	195480,
					"bits_per_second":	1564328.0245256643,
					"retransmits":	0,
					"snd_cwnd":	20272,
					"snd_wnd":	261504,
					"rtt":	181353,
					"rttvar":	8677,
					"pmtu":	1500,
					"omitted":	false,
					"sender":	true
				}],
			"sum":	{
				"start":	2.000881,
				"end":	3.000569,
				"seconds":	0.99968802928924561,
				"bytes":	195480,
				"bits_per_second":	1564328.0245256643,
				"retransmits":	0,
				"omitted":	false,
				"sender":	true
			}
		}, {
			"streams":	[{
					"socket":	6,
					"start":	3.000569,
					"end":	4.001023,
					"seconds":	1.0004539489746094,
					"bytes":	0,
					"bits_per_second":	0,
					"retransmits":	0,
					"snd_cwnd":	17376,
					"snd_wnd":	261504,
					"rtt":	227511,
					"rttvar":	13024,
					"pmtu":	1500,
					"omitted":	false,
					"sender":	true
				}],
			"sum":	{
				"start":	3.000569,
				"end":	4.001023,
				"seconds":	1.0004539489746094,
				"bytes":	0,
				"bits_per_second":	0,
				"retransmits":	0,
				"omitted":	false,
				"sender":	true
			}
		}, {
			"streams":	[{
					"socket":	6,
					"start":	4.001023,
					"end":	5.000234,
					"seconds":	0.999211013317108,
					"bytes":	195480,
					"bits_per_second":	1565074.8231932288,
					"retransmits":	0,
					"snd_cwnd":	14480,
					"snd_wnd":	261504,
					"rtt":	263931,
					"rttvar":	18313,
					"pmtu":	1500,
					"omitted":	false,
					"sender":	true
				}],
			"sum":	{
				"start":	4.001023,
				"end":	5.000234,
				"seconds":	0.999211013317108,
				"bytes":	195480,
				"bits_per_second":	1565074.8231932288,
				"retransmits":	0,
				"omitted":	false,
				"sender":	true
			}
		}, {
			"streams":	[{
					"socket":	6,
					"start":	5.000234,
					"end":	6.00103,
					"seconds":	1.0007959604263306,
					"bytes":	0,
					"bits_per_second":	0,
					"retransmits":	0,
					"snd_cwnd":	11584,
					"snd_wnd":	261120,
					"rtt":	307275,
					"rttvar":	16416,
					"pmtu":	1500,
					"omitted":	false,
					"sender":	true
				}],
			"sum":	{
				"start":	5.000234,
				"end":	6.00103,
				"seconds":	1.0007959604263306,
				"bytes":	0,
				"bits_per_second":	0,
				"retransmits":	0,
				"omitted":	false,
				"sender":	true
			}
		}, {
			"streams":	[{
					"socket":	6,
					"start":	6.00103,
					"end":	7.001025,
					"seconds":	0.999994993209839,
					"bytes":	0,
					"bits_per_second":	0,
					"retransmits":	0,
					"snd_cwnd":	11584,
					"snd_wnd":	260224,
					"rtt":	346531,
					"rttvar":	16412,
					"pmtu":	1500,
					"omitted":	false,
					"sender":	true
				}],
			"sum":	{
				"start":	6.00103,
				"end":	7.001025,
				"seconds":	0.999994993209839,
				"bytes":	0,
				"bits_per_second":	0,
				"retransmits":	0,
				"omitted":	false,
				"sender":	true
			}
		}, {
			"streams":	[{
					"socket":	6,
					"start":	7.001025,
					"end":	8.00102,
					"seconds":	0.999994993209839,
					"bytes":	0,
					"bits_per_second":	0,
					"retransmits":	0,
					"snd_cwnd":	11584,
					"snd_wnd":	261120,
					"rtt":	397447,
					"rttvar":	17845,
					"pmtu":	1500,
					"omitted":	false,
					"sender":	true
				}],
			"sum":	{
				"start":	7.001025,
				"end":	8.00102,
				"seconds":	0.999994993209839,
				"bytes":	0,
				"bits_per_second":	0,
				"retransmits":	0,
				"omitted":	false,
				"sender":	true
			}
		}, {
			"streams":	[{
					"socket":	6,
					"start":	8.00102,
					"end":	9.001035,
					"seconds":	1.0000150203704834,
					"bytes":	0,
					"bits_per_second":	0,
					"retransmits":	0,
					"snd_cwnd":	8688,
					"snd_wnd":	261120,
					"rtt":	438397,
					"rttvar":	19310,
					"pmtu":	1500,
					"omitted":	false,
					"sender":	true
				}],
			"sum":	{
				"start":	8.00102,
				"end":	9.001035,
				"seconds":	1.0000150203704834,
				"bytes":	0,
				"bits_per_second":	0,
				"retransmits":	0,
				"omitted":	false,
				"sender":	true
			}
		}, {
			"streams":	[{
					"socket":	6,
					"start":	9.001035,
					"end":	10.00103,
					"seconds":	0.999994993209839,
					"bytes":	0,
					"bits_per_second":	0,
					"retransmits":	0,
					"snd_cwnd":	8688,
					"snd_wnd":	261120,
					"rtt":	475916,
					"rttvar":	24934,
					"pmtu":	1500,
					"omitted":	false,
					"sender":	true
				}],
			"sum":	{
				"start":	9.001035,
				"end":	10.00103,
				"seconds":	0.999994993209839,
				"bytes":	0,
				"bits_per_second":	0,
				"retransmits":	0,
				"omitted":	false,
				"sender":	true
			}
		}, {
			"streams":	[{
					"socket":	6,
					"start":	10.00103,
					"end":	11.001034,
					"seconds":	1.0000040531158447,
					"bytes":	0,
					"bits_per_second":	0,
					"retransmits":	0,
					"snd_cwnd":	14480,
					"snd_wnd":	261120,
					"rtt":	516790,
					"rttvar":	33776,
					"pmtu":	1500,
					"omitted":	false,
					"sender":	true
				}],
			"sum":	{
				"start":	10.00103,
				"end":	11.001034,
				"seconds":	1.0000040531158447,
				"bytes":	0,
				"bits_per_second":	0,
				"retransmits":	0,
				"omitted":	false,
				"sender":	true
			}
		}, {
			"streams":	[{
					"socket":	6,
					"start":	11.001034,
					"end":	12.001032,
					"seconds":	0.99999797344207764,
					"bytes":	0,
					"bits_per_second":	0,
					"retransmits":	0,
					"snd_cwnd":	28960,
					"snd_wnd":	261120,
					"rtt":	590524,
					"rttvar":	54379,
					"pmtu":	1500,
					"omitted":	false,
					"sender":	true
				}],
			"sum":	{
				"start":	11.001034,
				"end":	12.001032,
				"seconds":	0.99999797344207764,
				"bytes":	0,
				"bits_per_second":	0,
				"retransmits":	0,
				"omitted":	false,
				"sender":	true
			}
		}, {
			"streams":	[{
					"socket":	6,
					"start":	12.001032,
					"end":	13.000437,
					"seconds":	0.999405026435852,
					"bytes":	195480,
					"bits_per_second":	1564770.9973773849,
					"retransmits":	0,
					"snd_cwnd":	43440,
					"snd_wnd":	261504,
					"rtt":	772808,
					"rttvar":	79653,
					"pmtu":	1500,
					"omitted":	false,
					"sender":	true
				}],
			"sum":	{
				"start":	12.001032,
				"end":	13.000437,
				"seconds":	0.999405026435852,
				"bytes":	195480,
				"bits_per_second":	1564770.9973773849,
				"retransmits":	0,
				"omitted":	false,
				"sender":	true
			}
		}, {
			"streams":	[{
					"socket":	6,
					"start":	13.000437,
					"end":	14.001027,
					"seconds":	1.0005899667739868,
					"bytes":	0,
					"bits_per_second":	0,
					"retransmits":	0,
					"snd_cwnd":	40544,
					"snd_wnd":	261504,
					"rtt":	948819,
					"rttvar":	62715,
					"pmtu":	1500,
					"omitted":	false,
					"sender":	true
				}],
			"sum":	{
				"start":	13.000437,
				"end":	14.001027,
				"seconds":	1.0005899667739868,
				"bytes":	0,
				"bits_per_second":	0,
				"retransmits":	0,
				"omitted":	false,
				"sender":	true
			}
		}, {
			"streams":	[{
					"socket":	6,
					"start":	14.001027,
					"end":	15.001028,
					"seconds":	1.0000009536743164,
					"bytes":	0,
					"bits_per_second":	0,
					"retransmits":	0,
					"snd_cwnd":	40544,
					"snd_wnd":	261504,
					"rtt":	1087271,
					"rttvar":	79932,
					"pmtu":	1500,
					"omitted":	false,
					"sender":	true
				}],
			"sum":	{
				"start":	14.001027,
				"end":	15.001028,
				"seconds":	1.0000009536743164,
				"bytes":	0,
				"bits_per_second":	0,
				"retransmits":	0,
				"omitted":	false,
				"sender":	true
			}
		}, {
			"streams":	[{
					"socket":	6,
					"start":	15.001028,
					"end":	16.001023,
					"seconds":	0.999994993209839,
					"bytes":	0,
					"bits_per_second":	0,
					"retransmits":	0,
					"snd_cwnd":	40544,
					"snd_wnd":	261504,
					"rtt":	1275500,
					"rttvar":	88415,
					"pmtu":	1500,
					"omitted":	false,
					"sender":	true
				}],
			"sum":	{
				"start":	15.001028,
				"end":	16.001023,
				"seconds":	0.999994993209839,
				"bytes":	0,
				"bits_per_second":	0,
				"retransmits":	0,
				"omitted":	false,
				"sender":	true
			}
		}, {
			"streams":	[{
					"socket":	6,
					"start":	16.001023,
					"end":	17.001045,
					"seconds":	1.0000220537185669,
					"bytes":	0,
					"bits_per_second":	0,
					"retransmits":	0,
					"snd_cwnd":	43440,
					"snd_wnd":	261504,
					"rtt":	1463619,
					"rttvar":	94599,
					"pmtu":	1500,
					"omitted":	false,
					"sender":	true
				}],
			"sum":	{
				"start":	16.001023,
				"end":	17.001045,
				"seconds":	1.0000220537185669,
				"bytes":	0,
				"bits_per_second":	0,
				"retransmits":	0,
				"omitted":	false,
				"sender":	true
			}
		}, {
			"streams":	[{
					"socket":	6,
					"start":	17.001045,
					"end":	18.001031,
					"seconds":	0.99998599290847778,
					"bytes":	0,
					"bits_per_second":	0,
					"retransmits":	0,
					"snd_cwnd":	40544,
					"snd_wnd":	261504,
					"rtt":	1659613,
					"rttvar":	103429,
					"pmtu":	1500,
					"omitted":	false,
					"sender":	true
				}],
			"sum":	{
				"start":	17.001045,
				"end":	18.001031,
				"seconds":	0.99998599290847778,
				"bytes":	0,
				"bits_per_second":	0,
				"retransmits":	0,
				"omitted":	false,
				"sender":	true
			}
		}, {
			"streams":	[{
					"socket":	6,
					"start":	18.001031,
					"end":	19.001027,
					"seconds":	0.9999960064888,
					"bytes":	0,
					"bits_per_second":	0,
					"retransmits":	0,
					"snd_cwnd":	40544,
					"snd_wnd":	261504,
					"rtt":	1778027,
					"rttvar":	85115,
					"pmtu":	1500,
					"omitted":	false,
					"sender":	true
				}],
			"sum":	{
				"start":	18.001031,
				"end":	19.001027,
				"seconds":	0.9999960064888,
				"bytes":	0,
				"bits_per_second":	0,
				"retransmits":	0,
				"omitted":	false,
				"sender":	true
			}
		}, {
			"streams":	[{
					"socket":	6,
					"start":	19.001027,
					"end":	20.001031,
					"seconds":	1.0000040531158447,
					"bytes":	0,
					"bits_per_second":	0,
					"retransmits":	0,
					"snd_cwnd":	40544,
					"snd_wnd":	261120,
					"rtt":	1912618,
					"rttvar":	117401,
					"pmtu":	1500,
					"omitted":	false,
					"sender":	true
				}],
			"sum":	{
				"start":	19.001027,
				"end":	20.001031,
				"seconds":	1.0000040531158447,
				"bytes":	0,
				"bits_per_second":	0,
				"retransmits":	0,
				"omitted":	false,
				"sender":	true
			}
		}, {
			"streams":	[{
					"socket":	6,
					"start":	20.001031,
					"end":	21.000167,
					"seconds":	0.999135971069336,
					"bytes":	195480,
					"bits_per_second":	1565192.3714910229,
					"retransmits":	0,
					"snd_cwnd":	5792,
					"snd_wnd":	261504,
					"rtt":	2010705,
					"rttvar":	126038,
					"pmtu":	1500,
					"omitted":	false,
					"sender":	true
				}],
			"sum":	{
				"start":	20.001031,
				"end":	21.000167,
				"seconds":	0.999135971069336,
				"bytes":	195480,
				"bits_per_second":	1565192.3714910229,
				"retransmits":	0,
				"omitted":	false,
				"sender":	true
			}
		}, {
			"streams":	[{
					"socket":	6,
					"start":	21.000167,
					"end":	22.001066,
					"seconds":	1.0008989572525024,
					"bytes":	0,
					"bits_per_second":	0,
					"retransmits":	0,
					"snd_cwnd":	5792,
					"snd_wnd":	261120,
					"rtt":	2210363,
					"rttvar":	154192,
					"pmtu":	1500,
					"omitted":	false,
					"sender":	true
				}],
			"sum":	{
				"start":	21.000167,
				"end":	22.001066,
				"seconds":	1.0008989572525024,
				"bytes":	0,
				"bits_per_second":	0,
				"retransmits":	0,
				"omitted":	false,
				"sender":	true
			}
		}, {
			"streams":	[{
					"socket":	6,
					"start":	22.001066,
					"end":	23.001028,
					"seconds":	0.9999619722366333,
					"bytes":	0,
					"bits_per_second":	0,
					"retransmits":	0,
					"snd_cwnd":	5792,
					"snd_wnd":	261120,
					"rtt":	2135378,
					"rttvar":	121657,
					"pmtu":	1500,
					"omitted":	false,
					"sender":	true
				}],
			"sum":	{
				"start":	22.001066,
				"end":	23.001028,
				"seconds":	0.9999619722366333,
				"bytes":	0,
				"bits_per_second":	0,
				"retransmits":	0,
				"omitted":	false,
				"sender":	true
			}
		}, {
			"streams":	[{
					"socket":	6,
					"start":	23.001028,
					"end":	24.001029,
					"seconds":	1.0000009536743164,
					"bytes":	0,
					"bits_per_second":	0,
					"retransmits":	0,
					"snd_cwnd":	5792,
					"snd_wnd":	261120,
					"rtt":	2264664,
					"rttvar":	234213,
					"pmtu":	1500,
					"omitted":	false,
					"sender":	true
				}],
			"sum":	{
				"start":	23.001028,
				"end":	24.001029,
				"seconds":	1.0000009536743164,
				"bytes":	0,
				"bits_per_second":	0,
				"retransmits":	0,
				"omitted":	false,
				"sender":	true
			}
		}, {
			"streams":	[{
					"socket":	6,
					"start":	24.001029,
					"end":	25.00102,
					"seconds":	0.999990999698639,
					"bytes":	0,
					"bits_per_second":	0,
					"retransmits":	0,
					"snd_cwnd":	41992,
					"snd_wnd":	260480,
					"rtt":	2256315,
					"rttvar":	192357,
					"pmtu":	1500,
					"omitted":	false,
					"sender":	true
				}],
			"sum":	{
				"start":	24.001029,
				"end":	25.00102,
				"seconds":	0.999990999698639,
				"bytes":	0,
				"bits_per_second":	0,
				"retransmits":	0,
				"omitted":	false,
				"sender":	true
			}
		}, {
			"streams":	[{
					"socket":	6,
					"start":	25.00102,
					"end":	26.001031,
					"seconds":	1.0000109672546387,
					"bytes":	0,
					"bits_per_second":	0,
					"retransmits":	0,
					"snd_cwnd":	46336,
					"snd_wnd":	261120,
					"rtt":	2226144,
					"rttvar":	130549,
					"pmtu":	1500,
					"omitted":	false,
					"sender":	true
				}],
			"sum":	{
				"start":	25.00102,
				"end":	26.001031,
				"seconds":	1.0000109672546387,
				"bytes":	0,
				"bits_per_second":	0,
				"retransmits":	0,
				"omitted":	false,
				"sender":	true
			}
		}, {
			"streams":	[{
					"socket":	6,
					"start":	26.001031,
					"end":	27.00103,
					"seconds":	0.99999898672103882,
					"bytes":	0,
					"bits_per_second":	0,
					"retransmits":	0,
					"snd_cwnd":	69504,
					"snd_wnd":	261120,
					"rtt":	1889630,
					"rttvar":	124683,
					"pmtu":	1500,
					"omitted":	false,
					"sender":	true
				}],
			"sum":	{
				"start":	26.001031,
				"end":	27.00103,
				"seconds":	0.99999898672103882,
				"bytes":	0,
				"bits_per_second":	0,
				"retransmits":	0,
				"omitted":	false,
				"sender":	true
			}
		}, {
			"streams":	[{
					"socket":	6,
					"start":	27.00103,
					"end":	28.000506,
					"seconds":	0.99947601556777954,
					"bytes":	260640,
					"bits_per_second":	2086213.1432093354,
					"retransmits":	0,
					"snd_cwnd":	92672,
					"snd_wnd":	260480,
					"rtt":	2228883,
					"rttvar":	161316,
					"pmtu":	1500,
					"omitted":	false,
					"sender":	true
				}],
			"sum":	{
				"start":	27.00103,
				"end":	28.000506,
				"seconds":	0.99947601556777954,
				"bytes":	260640,
				"bits_per_second":	2086213.1432093354,
				"retransmits":	0,
				"omitted":	false,
				"sender":	true
			}
		}, {
			"streams":	[{
					"socket":	6,
					"start":	28.000506,
					"end":	29.000385,
					"seconds":	0.999879002571106,
					"bytes":	390960,
					"bits_per_second":	3128058.4870343613,
					"retransmits":	0,
					"snd_cwnd":	112944,
					"snd_wnd":	261504,
					"rtt":	1893018,
					"rttvar":	122645,
					"pmtu":	1500,
					"omitted":	false,
					"sender":	true
				}],
			"sum":	{
				"start":	28.000506,
				"end":	29.000385,
				"seconds":	0.999879002571106,
				"bytes":	390960,
				"bits_per_second":	3128058.4870343613,
				"retransmits":	0,
				"omitted":	false,
				"sender":	true
			}
		}, {
			"streams":	[{
					"socket":	6,
					"start":	29.000385,
					"end":	30.001035,
					"seconds":	1.0006500482559204,
					"bytes":	0,
					"bits_per_second":	0,
					"retransmits":	0,
					"snd_cwnd":	112944,
					"snd_wnd":	261504,
					"rtt":	2048995,
					"rttvar":	141417,
					"pmtu":	1500,
					"omitted":	false,
					"sender":	true
				}],
			"sum":	{
				"start":	29.000385,
				"end":	30.001035,
				"seconds":	1.0006500482559204,
				"bytes":	0,
				"bits_per_second":	0,
				"retransmits":	0,
				"omitted":	false,
				"sender":	true
			}
		}, {
			"streams":	[{
					"socket":	6,
					"start":	30.001035,
					"end":	31.001311,
					"seconds":	1.00027596950531,
					"bytes":	0,
					"bits_per_second":	0,
					"retransmits":	0,
					"snd_cwnd":	121632,
					"snd_wnd":	261504,
					"rtt":	2163816,
					"rttvar":	133285,
					"pmtu":	1500,
					"omitted":	false,
					"sender":	true
				}],
			"sum":	{
				"start":	30.001035,
				"end":	31.001311,
				"seconds":	1.00027596950531,
				"bytes":	0,
				"bits_per_second":	0,
				"retransmits":	0,
				"omitted":	false,
				"sender":	true
			}
		}, {
			"streams":	[{
					"socket":	6,
					"start":	31.001311,
					"end":	32.001025,
					"seconds":	0.99971401691436768,
					"bytes":	0,
					"bits_per_second":	0,
					"retransmits":	0,
					"snd_cwnd":	121632,
					"snd_wnd":	260480,
					"rtt":	2229883,
					"rttvar":	232098,
					"pmtu":	1500,
					"omitted":	false,
					"sender":	true
				}],
			"sum":	{
				"start":	31.001311,
				"end":	32.001025,
				"seconds":	0.99971401691436768,
				"bytes":	0,
				"bits_per_second":	0,
				"retransmits":	0,
				"omitted":	false,
				"sender":	true
			}
		}, {
			"streams":	[{
					"socket":	6,
					"start":	32.001025,
					"end":	33.001028,
					"seconds":	1.0000029802322388,
					"bytes":	0,
					"bits_per_second":	0,
					"retransmits":	0,
					"snd_cwnd":	121632,
					"snd_wnd":	319360,
					"rtt":	1954256,
					"rttvar":	171862,
					"pmtu":	1500,
					"omitted":	false,
					"sender":	true
				}],
			"sum":	{
				"start":	32.001025,
				"end":	33.001028,
				"seconds":	1.0000029802322388,
				"bytes":	0,
				"bits_per_second":	0,
				"retransmits":	0,
				"omitted":	false,
				"sender":	true
			}
		}, {
			"streams":	[{
					"socket":	6,
					"start":	33.001028,
					"end":	34.000823,
					"seconds":	0.99979501962661743,
					"bytes":	0,
					"bits_per_second":	0,
					"retransmits":	0,
					"snd_cwnd":	121632,
					"snd_wnd":	391808,
					"rtt":	1932257,
					"rttvar":	160512,
					"pmtu":	1500,
					"omitted":	false,
					"sender":	true
				}],
			"sum":	{
				"start":	33.001028,
				"end":	34.000823,
				"seconds":	0.99979501962661743,
				"bytes":	0,
				"bits_per_second":	0,
				"retransmits":	0,
				"omitted":	false,
				"sender":	true
			}
		}, {
			"streams":	[{
					"socket":	6,
					"start":	34.000823,
					"end":	35.001029,
					"seconds":	1.0002059936523438,
					"bytes":	0,
					"bits_per_second":	0,
					"retransmits":	0,
					"snd_cwnd":	121632,
					"snd_wnd":	467072,
					"rtt":	1950077,
					"rttvar":	154389,
					"pmtu":	1500,
					"omitted":	false,
					"sender":	true
				}],
			"sum":	{
				"start":	34.000823,
				"end":	35.001029,
				"seconds":	1.0002059936523438,
				"bytes":	0,
				"bits_per_second":	0,
				"retransmits":	0,
				"omitted":	false,
				"sender":	true
			}
		}, {
			"streams":	[{
					"socket":	6,
					"start":	35.001029,
					"end":	36.001024,
					"seconds":	0.999994993209839,
					"bytes":	0,
					"bits_per_second":	0,
					"retransmits":	0,
					"snd_cwnd":	121632,
					"snd_wnd":	545280,
					"rtt":	1989906,
					"rttvar":	159714,
					"pmtu":	1500,
					"omitted":	false,
					"sender":	true
				}],
			"sum":	{
				"start":	35.001029,
				"end":	36.001024,
				"seconds":	0.999994993209839,
				"bytes":	0,
				"bits_per_second":	0,
				"retransmits":	0,
				"omitted":	false,
				"sender":	true
			}
		}, {
			"streams":	[{
					"socket":	6,
					"start":	36.001024,
					"end":	37.001027,
					"seconds":	1.0000029802322388,
					"bytes":	0,
					"bits_per_second":	0,
					"retransmits":	0,
					"snd_cwnd":	5792,
					"snd_wnd":	620544,
					"rtt":	1946893,
					"rttvar":	155179,
					"pmtu":	1500,
					"omitted":	false,
					"sender":	true
				}],
			"sum":	{
				"start":	36.001024,
				"end":	37.001027,
				"seconds":	1.0000029802322388,
				"bytes":	0,
				"bits_per_second":	0,
				"retransmits":	0,
				"omitted":	false,
				"sender":	true
			}
		}, {
			"streams":	[{
					"socket":	6,
					"start":	37.001027,
					"end":	38.000362,
					"seconds":	0.999334990978241,
					"bytes":	390960,
					"bits_per_second":	3129761.319513429,
					"retransmits":	0,
					"snd_cwnd":	5792,
					"snd_wnd":	695936,
					"rtt":	1962848,
					"rttvar":	154405,
					"pmtu":	1500,
					"omitted":	false,
					"sender":	true
				}],
			"sum":	{
				"start":	37.001027,
				"end":	38.000362,
				"seconds":	0.999334990978241,
				"bytes":	390960,
				"bits_per_second":	3129761.319513429,
				"retransmits":	0,
				"omitted":	false,
				"sender":	true
			}
		}, {
			"streams":	[{
					"socket":	6,
					"start":	38.000362,
					"end":	39.001024,
					"seconds":	1.0006619691848755,
					"bytes":	0,
					"bits_per_second":	0,
					"retransmits":	0,
					"snd_cwnd":	5792,
					"snd_wnd":	696704,
					"rtt":	2365876,
					"rttvar":	116698,
					"pmtu":	1500,
					"omitted":	false,
					"sender":	true
				}],
			"sum":	{
				"start":	38.000362,
				"end":	39.001024,
				"seconds":	1.0006619691848755,
				"bytes":	0,
				"bits_per_second":	0,
				"retransmits":	0,
				"omitted":	false,
				"sender":	true
			}
		}, {
			"streams":	[{
					"socket":	6,
					"start":	39.001024,
					"end":	40.001025,
					"seconds":	1.0000009536743164,
					"bytes":	0,
					"bits_per_second":	0,
					"retransmits":	0,
					"snd_cwnd":	5792,
					"snd_wnd":	696704,
					"rtt":	2365876,
					"rttvar":	116698,
					"pmtu":	1500,
					"omitted":	false,
					"sender":	true
				}],
			"sum":	{
				"start":	39.001024,
				"end":	40.001025,
				"seconds":	1.0000009536743164,
				"bytes":	0,
				"bits_per_second":	0,
				"retransmits":	0,
				"omitted":	false,
				"sender":	true
			}
		}, {
			"streams":	[{
					"socket":	6,
					"start":	40.001025,
					"end":	41.00102,
					"seconds":	0.999994993209839,
					"bytes":	0,
					"bits_per_second":	0,
					"retransmits":	0,
					"snd_cwnd":	124528,
					"snd_wnd":	696704,
					"rtt":	2274969,
					"rttvar":	124526,
					"pmtu":	1500,
					"omitted":	false,
					"sender":	true
				}],
			"sum":	{
				"start":	40.001025,
				"end":	41.00102,
				"seconds":	0.999994993209839,
				"bytes":	0,
				"bits_per_second":	0,
				"retransmits":	0,
				"omitted":	false,
				"sender":	true
			}
		}, {
			"streams":	[{
					"socket":	6,
					"start":	41.00102,
					"end":	42.001023,
					"seconds":	1.0000029802322388,
					"bytes":	0,
					"bits_per_second":	0,
					"retransmits":	0,
					"snd_cwnd":	124528,
					"snd_wnd":	696704,
					"rtt":	2274969,
					"rttvar":	124526,
					"pmtu":	1500,
					"omitted":	false,
					"sender":	true
				}],
			"sum":	{
				"start":	41.00102,
				"end":	42.001023,
				"seconds":	1.0000029802322388,
				"bytes":	0,
				"bits_per_second":	0,
				"retransmits":	0,
				"omitted":	false,
				"sender":	true
			}
		}, {
			"streams":	[{
					"socket":	6,
					"start":	42.001023,
					"end":	43.001021,
					"seconds":	0.99999797344207764,
					"bytes":	0,
					"bits_per_second":	0,
					"retransmits":	0,
					"snd_cwnd":	124528,
					"snd_wnd":	696704,
					"rtt":	2274969,
					"rttvar":	124526,
					"pmtu":	1500,
					"omitted":	false,
					"sender":	true
				}],
			"sum":	{
				"start":	42.001023,
				"end":	43.001021,
				"seconds":	0.99999797344207764,
				"bytes":	0,
				"bits_per_second":	0,
				"retransmits":	0,
				"omitted":	false,
				"sender":	true
			}
		}, {
			"streams":	[{
					"socket":	6,
					"start":	43.001021,
					"end":	44.001022,
					"seconds":	1.0000009536743164,
					"bytes":	0,
					"bits_per_second":	0,
					"retransmits":	0,
					"snd_cwnd":	121632,
					"snd_wnd":	696704,
					"rtt":	1891739,
					"rttvar":	147857,
					"pmtu":	1500,
					"omitted":	false,
					"sender":	true
				}],
			"sum":	{
				"start":	43.001021,
				"end":	44.001022,
				"seconds":	1.0000009536743164,
				"bytes":	0,
				"bits_per_second":	0,
				"retransmits":	0,
				"omitted":	false,
				"sender":	true
			}
		}, {
			"streams":	[{
					"socket":	6,
					"start":	44.001022,
					"end":	45.00102,
					"seconds":	0.99999797344207764,
					"bytes":	0,
					"bits_per_second":	0,
					"retransmits":	0,
					"snd_cwnd":	121632,
					"snd_wnd":	696832,
					"rtt":	2052082,
					"rttvar":	120451,
					"pmtu":	1500,
					"omitted":	false,
					"sender":	true
				}],
			"sum":	{
				"start":	44.001022,
				"end":	45.00102,
				"seconds":	0.99999797344207764,
				"bytes":	0,
				"bits_per_second":	0,
				"retransmits":	0,
				"omitted":	false,
				"sender":	true
			}
		}, {
			"streams":	[{
					"socket":	6,
					"start":	45.00102,
					"end":	46.001025,
					"seconds":	1.0000050067901611,
					"bytes":	0,
					"bits_per_second":	0,
					"retransmits":	0,
					"snd_cwnd":	121632,
					"snd_wnd":	696832,
					"rtt":	2067485,
					"rttvar":	143295,
					"pmtu":	1500,
					"omitted":	false,
					"sender":	true
				}],
			"sum":	{
				"start":	45.00102,
				"end":	46.001025,
				"seconds":	1.0000050067901611,
				"bytes":	0,
				"bits_per_second":	0,
				"retransmits":	0,
				"omitted":	false,
				"sender":	true
			}
		}, {
			"streams":	[{
					"socket":	6,
					"start":	46.001025,
					"end":	47.001027,
					"seconds":	1.0000020265579224,
					"bytes":	0,
					"bits_per_second":	0,
					"retransmits":	0,
					"snd_cwnd":	121632,
					"snd_wnd":	696832,
					"rtt":	2085418,
					"rttvar":	143943,
					"pmtu":	1500,
					"omitted":	false,
					"sender":	true
				}],
			"sum":	{
				"start":	46.001025,
				"end":	47.001027,
				"seconds":	1.0000020265579224,
				"bytes":	0,
				"bits_per_second":	0,
				"retransmits":	0,
				"omitted":	false,
				"sender":	true
			}
		}, {
			"streams":	[{
					"socket":	6,
					"start":	47.001027,
					"end":	48.001026,
					"seconds":	0.99999898672103882,
					"bytes":	0,
					"bits_per_second":	0,
					"retransmits":	0,
					"snd_cwnd":	124528,
					"snd_wnd":	696704,
					"rtt":	2103562,
					"rttvar":	143561,
					"pmtu":	1500,
					"omitted":	false,
					"sender":	true
				}],
			"sum":	{
				"start":	47.001027,
				"end":	48.001026,
				"seconds":	0.99999898672103882,
				"bytes":	0,
				"bits_per_second":	0,
				"retransmits":	0,
				"omitted":	false,
				"sender":	true
			}
		}, {
			"streams":	[{
					"socket":	6,
					"start":	48.001026,
					"end":	49.00102,
					"seconds":	0.99999397993087769,
					"bytes":	0,
					"bits_per_second":	0,
					"retransmits":	0,
					"snd_cwnd":	124528,
					"snd_wnd":	696832,
					"rtt":	2071491,
					"rttvar":	150018,
					"pmtu":	1500,
					"omitted":	false,
					"sender":	true
				}],
			"sum":	{
				"start":	48.001026,
				"end":	49.00102,
				"seconds":	0.99999397993087769,
				"bytes":	0,
				"bits_per_second":	0,
				"retransmits":	0,
				"omitted":	false,
				"sender":	true
			}
		}, {
			"streams":	[{
					"socket":	6,
					"start":	49.00102,
					"end":	50.001025,
					"seconds":	1.0000050067901611,
					"bytes":	0,
					"bits_per_second":	0,
					"retransmits":	0,
					"snd_cwnd":	127424,
					"snd_wnd":	696704,
					"rtt":	2053041,
					"rttvar":	147474,
					"pmtu":	1500,
					"omitted":	false,
					"sender":	true
				}],
			"sum":	{
				"start":	49.00102,
				"end":	50.001025,
				"seconds":	1.0000050067901611,
				"bytes":	0,
				"bits_per_second":	0,
				"retransmits":	0,
				"omitted":	false,
				"sender":	true
			}
		}, {
			"streams":	[{
					"socket":	6,
					"start":	50.001025,
					"end":	51.001025,
					"seconds":	1,
					"bytes":	0,
					"bits_per_second":	0,
					"retransmits":	0,
					"snd_cwnd":	127424,
					"snd_wnd":	696704,
					"rtt":	2053041,
					"rttvar":	147474,
					"pmtu":	1500,
					"omitted":	false,
					"sender":	true
				}],
			"sum":	{
				"start":	50.001025,
				"end":	51.001025,
				"seconds":	1,
				"bytes":	0,
				"bits_per_second":	0,
				"retransmits":	0,
				"omitted":	false,
				"sender":	true
			}
		}, {
			"streams":	[{
					"socket":	6,
					"start":	51.001025,
					"end":	52.000922,
					"seconds":	0.999897003173828,
					"bytes":	456120,
					"bits_per_second":	3649335.8700122465,
					"retransmits":	0,
					"snd_cwnd":	140456,
					"snd_wnd":	696832,
					"rtt":	2057147,
					"rttvar":	143400,
					"pmtu":	1500,
					"omitted":	false,
					"sender":	true
				}],
			"sum":	{
				"start":	51.001025,
				"end":	52.000922,
				"seconds":	0.999897003173828,
				"bytes":	456120,
				"bits_per_second":	3649335.8700122465,
				"retransmits":	0,
				"omitted":	false,
				"sender":	true
			}
		}, {
			"streams":	[{
					"socket":	6,
					"start":	52.000922,
					"end":	53.001022,
					"seconds":	1.0001000165939331,
					"bytes":	0,
					"bits_per_second":	0,
					"retransmits":	0,
					"snd_cwnd":	141904,
					"snd_wnd":	696704,
					"rtt":	2178362,
					"rttvar":	129953,
					"pmtu":	1500,
					"omitted":	false,
					"sender":	true
				}],
			"sum":	{
				"start":	52.000922,
				"end":	53.001022,
				"seconds":	1.0001000165939331,
				"bytes":	0,
				"bits_per_second":	0,
				"retransmits":	0,
				"omitted":	false,
				"sender":	true
			}
		}, {
			"streams":	[{
					"socket":	6,
					"start":	53.001022,
					"end":	54.00102,
					"seconds":	0.99999797344207764,
					"bytes":	0,
					"bits_per_second":	0,
					"retransmits":	0,
					"snd_cwnd":	5792,
					"snd_wnd":	696832,
					"rtt":	2022856,
					"rttvar":	162298,
					"pmtu":	1500,
					"omitted":	false,
					"sender":	true
				}],
			"sum":	{
				"start":	53.001022,
				"end":	54.00102,
				"seconds":	0.99999797344207764,
				"bytes":	0,
				"bits_per_second":	0,
				"retransmits":	0,
				"omitted":	false,
				"sender":	true
			}
		}, {
			"streams":	[{
					"socket":	6,
					"start":	54.00102,
					"end":	55.00102,
					"seconds":	1,
					"bytes":	0,
					"bits_per_second":	0,
					"retransmits":	0,
					"snd_cwnd":	5792,
					"snd_wnd":	696832,
					"rtt":	2048432,
					"rttvar":	144185,
					"pmtu":	1500,
					"omitted":	false,
					"sender":	true
				}],
			"sum":	{
				"start":	54.00102,
				"end":	55.00102,
				"seconds":	1,
				"bytes":	0,
				"bits_per_second":	0,
				"retransmits":	0,
				"omitted":	false,
				"sender":	true
			}
		}, {
			"streams":	[{
					"socket":	6,
					"start":	55.00102,
					"end":	56.001019,
					"seconds":	0.99999898672103882,
					"bytes":	0,
					"bits_per_second":	0,
					"retransmits":	0,
					"snd_cwnd":	5792,
					"snd_wnd":	696704,
					"rtt":	2416929,
					"rttvar":	102809,
					"pmtu":	1500,
					"omitted":	false,
					"sender":	true
				}],
			"sum":	{
				"start":	55.00102,
				"end":	56.001019,
				"seconds":	0.99999898672103882,
				"bytes":	0,
				"bits_per_second":	0,
				"retransmits":	0,
				"omitted":	false,
				"sender":	true
			}
		}, {
			"streams":	[{
					"socket":	6,
					"start":	56.001019,
					"end":	57.00102,
					"seconds":	1.0000009536743164,
					"bytes":	0,
					"bits_per_second":	0,
					"retransmits":	0,
					"snd_cwnd":	5792,
					"snd_wnd":	696704,
					"rtt":	2416929,
					"rttvar":	102809,
					"pmtu":	1500,
					"omitted":	false,
					"sender":	true
				}],
			"sum":	{
				"start":	56.001019,
				"end":	57.00102,
				"seconds":	1.0000009536743164,
				"bytes":	0,
				"bits_per_second":	0,
				"retransmits":	0,
				"omitted":	false,
				"sender":	true
			}
		}, {
			"streams":	[{
					"socket":	6,
					"start":	57.00102,
					"end":	58.001016,
					"seconds":	0.9999960064888,
					"bytes":	0,
					"bits_per_second":	0,
					"retransmits":	0,
					"snd_cwnd":	147696,
					"snd_wnd":	696704,
					"rtt":	2308360,
					"rttvar":	116456,
					"pmtu":	1500,
					"omitted":	false,
					"sender":	true
				}],
			"sum":	{
				"start":	57.00102,
				"end":	58.001016,
				"seconds":	0.9999960064888,
				"bytes":	0,
				"bits_per_second":	0,
				"retransmits":	0,
				"omitted":	false,
				"sender":	true
			}
		}, {
			"streams":	[{
					"socket":	6,
					"start":	58.001016,
					"end":	59.001017,
					"seconds":	1.0000009536743164,
					"bytes":	0,
					"bits_per_second":	0,
					"retransmits":	0,
					"snd_cwnd":	147696,
					"snd_wnd":	696704,
					"rtt":	2308360,
					"rttvar":	116456,
					"pmtu":	1500,
					"omitted":	false,
					"sender":	true
				}],
			"sum":	{
				"start":	58.001016,
				"end":	59.001017,
				"seconds":	1.0000009536743164,
				"bytes":	0,
				"bits_per_second":	0,
				"retransmits":	0,
				"omitted":	false,
				"sender":	true
			}
		}, {
			"streams":	[{
					"socket":	6,
					"start":	59.001017,
					"end":	60.001022,
					"seconds":	1.0000050067901611,
					"bytes":	0,
					"bits_per_second":	0,
					"retransmits":	0,
					"snd_cwnd":	147696,
					"snd_wnd":	696704,
					"rtt":	2263668,
					"rttvar":	115154,
					"pmtu":	1500,
					"omitted":	false,
					"sender":	true
				}],
			"sum":	{
				"start":	59.001017,
				"end":	60.001022,
				"seconds":	1.0000050067901611,
				"bytes":	0,
				"bits_per_second":	0,
				"retransmits":	0,
				"omitted":	false,
				"sender":	true
			}
		}],
	"end":	{
		"streams":	[{
				"sender":	{
					"socket":	6,
					"start":	0,
					"end":	60.001022,
					"seconds":	60.001022,
					"bytes":	3197184,
					"bits_per_second":	426283.938963573,
					"retransmits":	0,
					"max_snd_cwnd":	147696,
					"max_snd_wnd":	696832,
					"max_rtt":	2416929,
					"min_rtt":	124024,
					"mean_rtt":	1669356,
					"sender":	true
				},
				"receiver":	{
					"socket":	6,
					"start":	0,
					"end":	62.266665,
					"seconds":	60.001022,
					"bytes":	2212544,
					"bits_per_second":	284266.90268380358,
					"sender":	true
				}
			}],
		"sum_sent":	{
			"start":	0,
			"end":	60.001022,
			"seconds":	60.001022,
			"bytes":	3197184,
			"bits_per_second":	426283.938963573,
			"retransmits":	0,
			"sender":	true
		},
		"sum_received":	{
			"start":	0,
			"end":	62.266665,
			"seconds":	62.266665,
			"bytes":	2212544,
			"bits_per_second":	284266.90268380358,
			"sender":	true
		},
		"cpu_utilization_percent":	{
			"host_total":	0.015237727627301375,
			"host_user":	0.0054779847407136371,
			"host_system":	0.00975974288658774,
			"remote_total":	0.0509887495682482,
			"remote_user":	0.011802460568114145,
			"remote_system":	0.039186289000134052
		},
		"sender_tcp_congestion":	"bbr",
		"receiver_tcp_congestion":	"bbr"
	}
}
