{
	"start":	{
		"connected":	[{
				"socket":	6,
				"local_host":	"192.168.101.210",
				"local_port":	60004,
				"remote_host":	"192.168.100.168",
				"remote_port":	5202
			}],
		"version":	"iperf 3.11",
		"system_info":	"Linux f1 6.0.10-300.fc37.x86_64 #1 SMP PREEMPT_DYNAMIC Sat Nov 26 16:55:13 UTC 2022 x86_64",
		"timestamp":	{
			"time":	"Sat, 10 Dec 2022 17:40:21 GMT",
			"timesecs":	1670694021
		},
		"connecting_to":	{
			"host":	"192.168.100.168",
			"port":	5202
		},
		"cookie":	"fve7s2jlipnppkbd3or5nsfpmvutqdaqpiy4",
		"tcp_mss_default":	1448,
		"target_bitrate":	0,
		"sock_bufsize":	0,
		"sndbuf_actual":	16384,
		"rcvbuf_actual":	131072,
		"test_start":	{
			"protocol":	"TCP",
			"num_streams":	1,
			"blksize":	131072,
			"omit":	0,
			"duration":	60,
			"bytes":	0,
			"blocks":	0,
			"reverse":	0,
			"tos":	0,
			"target_bitrate":	0
		}
	},
	"intervals":	[{
			"streams":	[{
					"socket":	6,
					"start":	0,
					"end":	1.000092,
					"seconds":	1.0000920295715332,
					"bytes":	1807104,
					"bits_per_second":	14455501.666375346,
					"retransmits":	0,
					"snd_cwnd":	209960,
					"snd_wnd":	342144,
					"rtt":	200190,
					"rttvar":	39,
					"pmtu":	1500,
					"omitted":	false,
					"sender":	true
				}],
			"sum":	{
				"start":	0,
				"end":	1.000092,
				"seconds":	1.0000920295715332,
				"bytes":	1807104,
				"bits_per_second":	14455501.666375346,
				"retransmits":	0,
				"omitted":	false,
				"sender":	true
			}
		}, {
			"streams":	[{
					"socket":	6,
					"start":	1.000092,
					"end":	2.000118,
					"seconds":	1.0000259876251221,
					"bytes":	7236864,
					"bits_per_second":	57893407.487829164,
					"retransmits":	0,
					"snd_cwnd":	6297352,
					"snd_wnd":	3143552,
					"rtt":	200087,
					"rttvar":	7,
					"pmtu":	1500,
					"omitted":	false,
					"sender":	true
				}],
			"sum":	{
				"start":	1.000092,
				"end":	2.000118,
				"seconds":	1.0000259876251221,
				"bytes":	7236864,
				"bits_per_second":	57893407.487829164,
				"retransmits":	0,
				"omitted":	false,
				"sender":	true
			}
		}, {
			"streams":	[{
					"socket":	6,
					"start":	2.000118,
					"end":	3.000108,
					"seconds":	0.99998998641967773,
					"bytes":	15728640,
					"bits_per_second":	125830380.01261723,
					"retransmits":	0,
					"snd_cwnd":	9213624,
					"snd_wnd":	3143552,
					"rtt":	200095,
					"rttvar":	5,
					"pmtu":	1500,
					"omitted":	false,
					"sender":	true
				}],
			"sum":	{
				"start":	2.000118,
				"end":	3.000108,
				"seconds":	0.99998998641967773,
				"bytes":	15728640,
				"bits_per_second":	125830380.01261723,
				"retransmits":	0,
				"omitted":	false,
				"sender":	true
			}
		}, {
			"streams":	[{
					"socket":	6,
					"start":	3.000108,
					"end":	4.000072,
					"seconds":	0.99996399879455566,
					"bytes":	15728640,
					"bits_per_second":	125833650.16309133,
					"retransmits":	0,
					"snd_cwnd":	9213624,
					"snd_wnd":	3143552,
					"rtt":	200100,
					"rttvar":	7,
					"pmtu":	1500,
					"omitted":	false,
					"sender":	true
				}],
			"sum":	{
				"start":	3.000108,
				"end":	4.000072,
				"seconds":	0.99996399879455566,
				"bytes":	15728640,
				"bits_per_second":	125833650.16309133,
				"retransmits":	0,
				"omitted":	false,
				"sender":	true
			}
		}, {
			"streams":	[{
					"socket":	6,
					"start":	4.000072,
					"end":	5.000071,
					"seconds":	0.99999898672103882,
					"bytes":	14417920,
					"bits_per_second":	115343476.87511843,
					"retransmits":	0,
					"snd_cwnd":	9213624,
					"snd_wnd":	3143552,
					"rtt":	200110,
					"rttvar":	18,
					"pmtu":	1500,
					"omitted":	false,
					"sender":	true
				}],
			"sum":	{
				"start":	4.000072,
				"end":	5.000071,
				"seconds":	0.99999898672103882,
				"bytes":	14417920,
				"bits_per_second":	115343476.87511843,
				"retransmits":	0,
				"omitted":	false,
				"sender":	true
			}
		}, {
			"streams":	[{
					"socket":	6,
					"start":	5.000071,
					"end":	6.000073,
					"seconds":	1.0000020265579224,
					"bytes":	15728640,
					"bits_per_second":	125828865.00051677,
					"retransmits":	0,
					"snd_cwnd":	9213624,
					"snd_wnd":	3143552,
					"rtt":	200093,
					"rttvar":	5,
					"pmtu":	1500,
					"omitted":	false,
					"sender":	true
				}],
			"sum":	{
				"start":	5.000071,
				"end":	6.000073,
				"seconds":	1.0000020265579224,
				"bytes":	15728640,
				"bits_per_second":	125828865.00051677,
				"retransmits":	0,
				"omitted":	false,
				"sender":	true
			}
		}, {
			"streams":	[{
					"socket":	6,
					"start":	6.000073,
					"end":	7.000104,
					"seconds":	1.0000309944152832,
					"bytes":	14417920,
					"bits_per_second":	115339785.11080161,
					"retransmits":	0,
					"snd_cwnd":	9213624,
					"snd_wnd":	3143552,
					"rtt":	200095,
					"rttvar":	12,
					"pmtu":	1500,
					"omitted":	false,
					"sender":	true
				}],
			"sum":	{
				"start":	6.000073,
				"end":	7.000104,
				"seconds":	1.0000309944152832,
				"bytes":	14417920,
				"bits_per_second":	115339785.11080161,
				"retransmits":	0,
				"omitted":	false,
				"sender":	true
			}
		}, {
			"streams":	[{
					"socket":	6,
					"start":	7.000104,
					"end":	8.000076,
					"seconds":	0.99997198581695557,
					"bytes":	15728640,
					"bits_per_second":	125832645.09875277,
					"retransmits":	0,
					"snd_cwnd":	9213624,
					"snd_wnd":	3143552,
					"rtt":	200157,
					"rttvar":	23,
					"pmtu":	1500,
					"omitted":	false,
					"sender":	true
				}],
			"sum":	{
				"start":	7.000104,
				"end":	8.000076,
				"seconds":	0.99997198581695557,
				"bytes":	15728640,
				"bits_per_second":	125832645.09875277,
				"retransmits":	0,
				"omitted":	false,
				"sender":	true
			}
		}, {
			"streams":	[{
					"socket":	6,
					"start":	8.000076,
					"end":	9.000128,
					"seconds":	1.0000519752502441,
					"bytes":	14417920,
					"bits_per_second":	115337365.31157543,
					"retransmits":	0,
					"snd_cwnd":	9213624,
					"snd_wnd":	3143552,
					"rtt":	200140,
					"rttvar":	45,
					"pmtu":	1500,
					"omitted":	false,
					"sender":	true
				}],
			"sum":	{
				"start":	8.000076,
				"end":	9.000128,
				"seconds":	1.0000519752502441,
				"bytes":	14417920,
				"bits_per_second":	115337365.31157543,
				"retransmits":	0,
				"omitted":	false,
				"sender":	true
			}
		}, {
			"streams":	[{
					"socket":	6,
					"start":	9.000128,
					"end":	10.000111,
					"seconds":	0.999983012676239,
					"bytes":	15728640,
					"bits_per_second":	125831257.536311,
					"retransmits":	0,
					"snd_cwnd":	9213624,
					"snd_wnd":	3143552,
					"rtt":	200092,
					"rttvar":	10,
					"pmtu":	1500,
					"omitted":	false,
					"sender":	true
				}],
			"sum":	{
				"start":	9.000128,
				"end":	10.000111,
				"seconds":	0.999983012676239,
				"bytes":	15728640,
				"bits_per_second":	125831257.536311,
				"retransmits":	0,
				"omitted":	false,
				"sender":	true
			}
		}, {
			"streams":	[{
					"socket":	6,
					"start":	10.000111,
					"end":	11.000131,
					"seconds":	1.0000200271606445,
					"bytes":	14417920,
					"bits_per_second":	115341050.04626182,
					"retransmits":	0,
					"snd_cwnd":	9213624,
					"snd_wnd":	3143552,
					"rtt":	200090,
					"rttvar":	7,
					"pmtu":	1500,
					"omitted":	false,
					"sender":	true
				}],
			"sum":	{
				"start":	10.000111,
				"end":	11.000131,
				"seconds":	1.0000200271606445,
				"bytes":	14417920,
				"bits_per_second":	115341050.04626182,
				"retransmits":	0,
				"omitted":	false,
				"sender":	true
			}
		}, {
			"streams":	[{
					"socket":	6,
					"start":	11.000131,
					"end":	12.000463,
					"seconds":	1.0003319978713989,
					"bytes":	10485760,
					"bits_per_second":	83858239.243072033,
					"retransmits":	0,
					"snd_cwnd":	5792,
					"snd_wnd":	3143552,
					"rtt":	200104,
					"rttvar":	33,
					"pmtu":	1500,
					"omitted":	false,
					"sender":	true
				}],
			"sum":	{
				"start":	11.000131,
				"end":	12.000463,
				"seconds":	1.0003319978713989,
				"bytes":	10485760,
				"bits_per_second":	83858239.243072033,
				"retransmits":	0,
				"omitted":	false,
				"sender":	true
			}
		}, {
			"streams":	[{
					"socket":	6,
					"start":	12.000463,
					"end":	13.000118,
					"seconds":	0.99965500831604,
					"bytes":	13107200,
					"bits_per_second":	104893787.48438117,
					"retransmits":	0,
					"snd_cwnd":	9213624,
					"snd_wnd":	3143552,
					"rtt":	200092,
					"rttvar":	6,
					"pmtu":	1500,
					"omitted":	false,
					"sender":	true
				}],
			"sum":	{
				"start":	12.000463,
				"end":	13.000118,
				"seconds":	0.99965500831604,
				"bytes":	13107200,
				"bits_per_second":	104893787.48438117,
				"retransmits":	0,
				"omitted":	false,
				"sender":	true
			}
		}, {
			"streams":	[{
					"socket":	6,
					"start":	13.000118,
					"end":	14.000131,
					"seconds":	1.000012993812561,
					"bytes":	14417920,
					"bits_per_second":	115341861.26947422,
					"retransmits":	0,
					"snd_cwnd":	9213624,
					"snd_wnd":	3143552,
					"rtt":	200096,
					"rttvar":	4,
					"pmtu":	1500,
					"omitted":	false,
					"sender":	true
				}],
			"sum":	{
				"start":	13.000118,
				"end":	14.000131,
				"seconds":	1.000012993812561,
				"bytes":	14417920,
				"bits_per_second":	115341861.26947422,
				"retransmits":	0,
				"omitted":	false,
				"sender":	true
			}
		}, {
			"streams":	[{
					"socket":	6,
					"start":	14.000131,
					"end":	15.000114,
					"seconds":	0.999983012676239,
					"bytes":	15728640,
					"bits_per_second":	125831257.536311,
					"retransmits":	0,
					"snd_cwnd":	9213624,
					"snd_wnd":	3143552,
					"rtt":	200095,
					"rttvar":	14,
					"pmtu":	1500,
					"omitted":	false,
					"sender":	true
				}],
			"sum":	{
				"start":	14.000131,
				"end":	15.000114,
				"seconds":	0.999983012676239,
				"bytes":	15728640,
				"bits_per_second":	125831257.536311,
				"retransmits":	0,
				"omitted":	false,
				"sender":	true
			}
		}, {
			"streams":	[{
					"socket":	6,
					"start":	15.000114,
					"end":	16.000113,
					"seconds":	0.99999898672103882,
					"bytes":	15728640,
					"bits_per_second":	125829247.50012919,
					"retransmits":	0,
					"snd_cwnd":	9213624,
					"snd_wnd":	3143552,
					"rtt":	200091,
					"rttvar":	3,
					"pmtu":	1500,
					"omitted":	false,
					"sender":	true
				}],
			"sum":	{
				"start":	15.000114,
				"end":	16.000113,
				"seconds":	0.99999898672103882,
				"bytes":	15728640,
				"bits_per_second":	125829247.50012919,
				"retransmits":	0,
				"omitted":	false,
				"sender":	true
			}
		}, {
			"streams":	[{
					"socket":	6,
					"start":	16.000113,
					"end":	17.000112,
					"seconds":	0.99999898672103882,
					"bytes":	14417920,
					"bits_per_second":	115343476.87511843,
					"retransmits":	0,
					"snd_cwnd":	9213624,
					"snd_wnd":	3143552,
					"rtt":	200089,
					"rttvar":	7,
					"pmtu":	1500,
					"omitted":	false,
					"sender":	true
				}],
			"sum":	{
				"start":	16.000113,
				"end":	17.000112,
				"seconds":	0.99999898672103882,
				"bytes":	14417920,
				"bits_per_second":	115343476.87511843,
				"retransmits":	0,
				"omitted":	false,
				"sender":	true
			}
		}, {
			"streams":	[{
					"socket":	6,
					"start":	17.000112,
					"end":	18.000085,
					"seconds":	0.99997299909591675,
					"bytes":	15728640,
					"bits_per_second":	125832517.59173805,
					"retransmits":	0,
					"snd_cwnd":	9213624,
					"snd_wnd":	3143552,
					"rtt":	200091,
					"rttvar":	6,
					"pmtu":	1500,
					"omitted":	false,
					"sender":	true
				}],
			"sum":	{
				"start":	17.000112,
				"end":	18.000085,
				"seconds":	0.99997299909591675,
				"bytes":	15728640,
				"bits_per_second":	125832517.59173805,
				"retransmits":	0,
				"omitted":	false,
				"sender":	true
			}
		}, {
			"streams":	[{
					"socket":	6,
					"start":	18.000085,
					"end":	19.000077,
					"seconds":	0.9999920129776,
					"bytes":	15728640,
					"bits_per_second":	125830125.008027,
					"retransmits":	0,
					"snd_cwnd":	9213624,
					"snd_wnd":	3143552,
					"rtt":	200115,
					"rttvar":	9,
					"pmtu":	1500,
					"omitted":	false,
					"sender":	true
				}],
			"sum":	{
				"start":	18.000085,
				"end":	19.000077,
				"seconds":	0.9999920129776,
				"bytes":	15728640,
				"bits_per_second":	125830125.008027,
				"retransmits":	0,
				"omitted":	false,
				"sender":	true
			}
		}, {
			"streams":	[{
					"socket":	6,
					"start":	19.000077,
					"end":	20.000082,
					"seconds":	1.0000050067901611,
					"bytes":	14417920,
					"bits_per_second":	115342782.50289141,
					"retransmits":	0,
					"snd_cwnd":	9213624,
					"snd_wnd":	3143552,
					"rtt":	200095,
					"rttvar":	8,
					"pmtu":	1500,
					"omitted":	false,
					"sender":	true
				}],
			"sum":	{
				"start":	19.000077,
				"end":	20.000082,
				"seconds":	1.0000050067901611,
				"bytes":	14417920,
				"bits_per_second":	115342782.50289141,
				"retransmits":	0,
				"omitted":	false,
				"sender":	true
			}
		}, {
			"streams":	[{
					"socket":	6,
					"start":	20.000082,
					"end":	21.000073,
					"seconds":	0.999990999698639,
					"bytes":	15728640,
					"bits_per_second":	125830252.51019293,
					"retransmits":	0,
					"snd_cwnd":	9213624,
					"snd_wnd":	3143552,
					"rtt":	200103,
					"rttvar":	4,
					"pmtu":	1500,
					"omitted":	false,
					"sender":	true
				}],
			"sum":	{
				"start":	20.000082,
				"end":	21.000073,
				"seconds":	0.999990999698639,
				"bytes":	15728640,
				"bits_per_second":	125830252.51019293,
				"retransmits":	0,
				"omitted":	false,
				"sender":	true
			}
		}, {
			"streams":	[{
					"socket":	6,
					"start":	21.000073,
					"end":	22.000087,
					"seconds":	1.0000139474868774,
					"bytes":	14417920,
					"bits_per_second":	115341751.27243771,
					"retransmits":	0,
					"snd_cwnd":	9213624,
					"snd_wnd":	3143552,
					"rtt":	200098,
					"rttvar":	11,
					"pmtu":	1500,
					"omitted":	false,
					"sender":	true
				}],
			"sum":	{
				"start":	21.000073,
				"end":	22.000087,
				"seconds":	1.0000139474868774,
				"bytes":	14417920,
				"bits_per_second":	115341751.27243771,
				"retransmits":	0,
				"omitted":	false,
				"sender":	true
			}
		}, {
			"streams":	[{
					"socket":	6,
					"start":	22.000087,
					"end":	23.000106,
					"seconds":	1.0000189542770386,
					"bytes":	15728640,
					"bits_per_second":	125826735.04520509,
					"retransmits":	0,
					"snd_cwnd":	9213624,
					"snd_wnd":	3143552,
					"rtt":	200097,
					"rttvar":	5,
					"pmtu":	1500,
					"omitted":	false,
					"sender":	true
				}],
			"sum":	{
				"start":	22.000087,
				"end":	23.000106,
				"seconds":	1.0000189542770386,
				"bytes":	15728640,
				"bits_per_second":	125826735.04520509,
				"retransmits":	0,
				"omitted":	false,
				"sender":	true
			}
		}, {
			"streams":	[{
					"socket":	6,
					"start":	23.000106,
					"end":	24.000088,
					"seconds":	0.99998199939727783,
					"bytes":	14417920,
					"bits_per_second":	115345436.28737442,
					"retransmits":	0,
					"snd_cwnd":	9213624,
					"snd_wnd":	3143552,
					"rtt":	200112,
					"rttvar":	25,
					"pmtu":	1500,
					"omitted":	false,
					"sender":	true
				}],
			"sum":	{
				"start":	23.000106,
				"end":	24.000088,
				"seconds":	0.99998199939727783,
				"bytes":	14417920,
				"bits_per_second":	115345436.28737442,
				"retransmits":	0,
				"omitted":	false,
				"sender":	true
			}
		}, {
			"streams":	[{
					"socket":	6,
					"start":	24.000088,
					"end":	25.000296,
					"seconds":	1.0002080202102661,
					"bytes":	13107200,
					"bits_per_second":	104835792.03649715,
					"retransmits":	0,
					"snd_cwnd":	5792,
					"snd_wnd":	3143552,
					"rtt":	200698,
					"rttvar":	669,
					"pmtu":	1500,
					"omitted":	false,
					"sender":	true
				}],
			"sum":	{
				"start":	24.000088,
				"end":	25.000296,
				"seconds":	1.0002080202102661,
				"bytes":	13107200,
				"bits_per_second":	104835792.03649715,
				"retransmits":	0,
				"omitted":	false,
				"sender":	true
			}
		}, {
			"streams":	[{
					"socket":	6,
					"start":	25.000296,
					"end":	26.000139,
					"seconds":	0.99984300136566162,
					"bytes":	13107200,
					"bits_per_second":	104874065.08499587,
					"retransmits":	0,
					"snd_cwnd":	9213624,
					"snd_wnd":	3143552,
					"rtt":	200093,
					"rttvar":	2,
					"pmtu":	1500,
					"omitted":	false,
					"sender":	true
				}],
			"sum":	{
				"start":	25.000296,
				"end":	26.000139,
				"seconds":	0.99984300136566162,
				"bytes":	13107200,
				"bits_per_second":	104874065.08499587,
				"retransmits":	0,
				"omitted":	false,
				"sender":	true
			}
		}, {
			"streams":	[{
					"socket":	6,
					"start":	26.000139,
					"end":	27.000145,
					"seconds":	1.0000059604644775,
					"bytes":	14417920,
					"bits_per_second":	115342672.50409779,
					"retransmits":	0,
					"snd_cwnd":	9213624,
					"snd_wnd":	3143552,
					"rtt":	200101,
					"rttvar":	6,
					"pmtu":	1500,
					"omitted":	false,
					"sender":	true
				}],
			"sum":	{
				"start":	26.000139,
				"end":	27.000145,
				"seconds":	1.0000059604644775,
				"bytes":	14417920,
				"bits_per_second":	115342672.50409779,
				"retransmits":	0,
				"omitted":	false,
				"sender":	true
			}
		}, {
			"streams":	[{
					"socket":	6,
					"start":	27.000145,
					"end":	28.000121,
					"seconds":	0.99997597932815552,
					"bytes":	15728640,
					"bits_per_second":	125832142.57260422,
					"retransmits":	0,
					"snd_cwnd":	9213624,
					"snd_wnd":	3143552,
					"rtt":	200102,
					"rttvar":	7,
					"pmtu":	1500,
					"omitted":	false,
					"sender":	true
				}],
			"sum":	{
				"start":	27.000145,
				"end":	28.000121,
				"seconds":	0.99997597932815552,
				"bytes":	15728640,
				"bits_per_second":	125832142.57260422,
				"retransmits":	0,
				"omitted":	false,
				"sender":	true
			}
		}, {
			"streams":	[{
					"socket":	6,
					"start":	28.000121,
					"end":	29.000087,
					"seconds":	0.999966025352478,
					"bytes":	15728640,
					"bits_per_second":	125833395.14524655,
					"retransmits":	0,
					"snd_cwnd":	9213624,
					"snd_wnd":	3143552,
					"rtt":	200099,
					"rttvar":	12,
					"pmtu":	1500,
					"omitted":	false,
					"sender":	true
				}],
			"sum":	{
				"start":	28.000121,
				"end":	29.000087,
				"seconds":	0.999966025352478,
				"bytes":	15728640,
				"bits_per_second":	125833395.14524655,
				"retransmits":	0,
				"omitted":	false,
				"sender":	true
			}
		}, {
			"streams":	[{
					"socket":	6,
					"start":	29.000087,
					"end":	30.000099,
					"seconds":	1.0000120401382446,
					"bytes":	14417920,
					"bits_per_second":	115341971.26672053,
					"retransmits":	0,
					"snd_cwnd":	9213624,
					"snd_wnd":	3143552,
					"rtt":	200092,
					"rttvar":	7,
					"pmtu":	1500,
					"omitted":	false,
					"sender":	true
				}],
			"sum":	{
				"start":	29.000087,
				"end":	30.000099,
				"seconds":	1.0000120401382446,
				"bytes":	14417920,
				"bits_per_second":	115341971.26672053,
				"retransmits":	0,
				"omitted":	false,
				"sender":	true
			}
		}, {
			"streams":	[{
					"socket":	6,
					"start":	30.000099,
					"end":	31.000074,
					"seconds":	0.999975025653839,
					"bytes":	15728640,
					"bits_per_second":	125832262.57848385,
					"retransmits":	0,
					"snd_cwnd":	9213624,
					"snd_wnd":	3143552,
					"rtt":	200091,
					"rttvar":	9,
					"pmtu":	1500,
					"omitted":	false,
					"sender":	true
				}],
			"sum":	{
				"start":	30.000099,
				"end":	31.000074,
				"seconds":	0.999975025653839,
				"bytes":	15728640,
				"bits_per_second":	125832262.57848385,
				"retransmits":	0,
				"omitted":	false,
				"sender":	true
			}
		}, {
			"streams":	[{
					"socket":	6,
					"start":	31.000074,
					"end":	32.000086,
					"seconds":	1.0000120401382446,
					"bytes":	15728640,
					"bits_per_second":	125827605.01824059,
					"retransmits":	0,
					"snd_cwnd":	9213624,
					"snd_wnd":	3143552,
					"rtt":	200091,
					"rttvar":	10,
					"pmtu":	1500,
					"omitted":	false,
					"sender":	true
				}],
			"sum":	{
				"start":	31.000074,
				"end":	32.000086,
				"seconds":	1.0000120401382446,
				"bytes":	15728640,
				"bits_per_second":	125827605.01824059,
				"retransmits":	0,
				"omitted":	false,
				"sender":	true
			}
		}, {
			"streams":	[{
					"socket":	6,
					"start":	32.000086,
					"end":	33.000112,
					"seconds":	1.0000259876251221,
					"bytes":	14417920,
					"bits_per_second":	115340362.57789588,
					"retransmits":	0,
					"snd_cwnd":	9213624,
					"snd_wnd":	3143552,
					"rtt":	200111,
					"rttvar":	4,
					"pmtu":	1500,
					"omitted":	false,
					"sender":	true
				}],
			"sum":	{
				"start":	32.000086,
				"end":	33.000112,
				"seconds":	1.0000259876251221,
				"bytes":	14417920,
				"bits_per_second":	115340362.57789588,
				"retransmits":	0,
				"omitted":	false,
				"sender":	true
			}
		}, {
			"streams":	[{
					"socket":	6,
					"start":	33.000112,
					"end":	34.000085,
					"seconds":	0.99997299909591675,
					"bytes":	15728640,
					"bits_per_second":	125832517.59173805,
					"retransmits":	0,
					"snd_cwnd":	9213624,
					"snd_wnd":	3143552,
					"rtt":	200119,
					"rttvar":	15,
					"pmtu":	1500,
					"omitted":	false,
					"sender":	true
				}],
			"sum":	{
				"start":	33.000112,
				"end":	34.000085,
				"seconds":	0.99997299909591675,
				"bytes":	15728640,
				"bits_per_second":	125832517.59173805,
				"retransmits":	0,
				"omitted":	false,
				"sender":	true
			}
		}, {
			"streams":	[{
					"socket":	6,
					"start":	34.000085,
					"end":	35.00011,
					"seconds":	1.0000250339508057,
					"bytes":	14417920,
					"bits_per_second":	115340472.57228373,
					"retransmits":	0,
					"snd_cwnd":	9213624,
					"snd_wnd":	3143552,
					"rtt":	200095,
					"rttvar":	3,
					"pmtu":	1500,
					"omitted":	false,
					"sender":	true
				}],
			"sum":	{
				"start":	34.000085,
				"end":	35.00011,
				"seconds":	1.0000250339508057,
				"bytes":	14417920,
				"bits_per_second":	115340472.57228373,
				"retransmits":	0,
				"omitted":	false,
				"sender":	true
			}
		}, {
			"streams":	[{
					"socket":	6,
					"start":	35.00011,
					"end":	36.000647,
					"seconds":	1.0005370378494263,
					"bytes":	6553600,
					"bits_per_second":	52400658.86285577,
					"retransmits":	0,
					"snd_cwnd":	9213624,
					"snd_wnd":	3143552,
					"rtt":	200306,
					"rttvar":	314,
					"pmtu":	1500,
					"omitted":	false,
					"sender":	true
				}],
			"sum":	{
				"start":	35.00011,
				"end":	36.000647,
				"seconds":	1.0005370378494263,
				"bytes":	6553600,
				"bits_per_second":	52400658.86285577,
				"retransmits":	0,
				"omitted":	false,
				"sender":	true
			}
		}, {
			"streams":	[{
					"socket":	6,
					"start":	36.000647,
					"end":	37.000143,
					"seconds":	0.9994959831237793,
					"bytes":	15728640,
					"bits_per_second":	125892571.98086919,
					"retransmits":	0,
					"snd_cwnd":	9213624,
					"snd_wnd":	3143552,
					"rtt":	200140,
					"rttvar":	83,
					"pmtu":	1500,
					"omitted":	false,
					"sender":	true
				}],
			"sum":	{
				"start":	36.000647,
				"end":	37.000143,
				"seconds":	0.9994959831237793,
				"bytes":	15728640,
				"bits_per_second":	125892571.98086919,
				"retransmits":	0,
				"omitted":	false,
				"sender":	true
			}
		}, {
			"streams":	[{
					"socket":	6,
					"start":	37.000143,
					"end":	38.000119,
					"seconds":	0.99997597932815552,
					"bytes":	15728640,
					"bits_per_second":	125832142.57260422,
					"retransmits":	0,
					"snd_cwnd":	9213624,
					"snd_wnd":	3143552,
					"rtt":	200090,
					"rttvar":	6,
					"pmtu":	1500,
					"omitted":	false,
					"sender":	true
				}],
			"sum":	{
				"start":	37.000143,
				"end":	38.000119,
				"seconds":	0.99997597932815552,
				"bytes":	15728640,
				"bits_per_second":	125832142.57260422,
				"retransmits":	0,
				"omitted":	false,
				"sender":	true
			}
		}, {
			"streams":	[{
					"socket":	6,
					"start":	38.000119,
					"end":	39.00013,
					"seconds":	1.0000109672546387,
					"bytes":	14417920,
					"bits_per_second":	115342095.01387343,
					"retransmits":	0,
					"snd_cwnd":	9213624,
					"snd_wnd":	3143552,
					"rtt":	200108,
					"rttvar":	6,
					"pmtu":	1500,
					"omitted":	false,
					"sender":	true
				}],
			"sum":	{
				"start":	38.000119,
				"end":	39.00013,
				"seconds":	1.0000109672546387,
				"bytes":	14417920,
				"bits_per_second":	115342095.01387343,
				"retransmits":	0,
				"omitted":	false,
				"sender":	true
			}
		}, {
			"streams":	[{
					"socket":	6,
					"start":	39.00013,
					"end":	40.000111,
					"seconds":	0.99998098611831665,
					"bytes":	15728640,
					"bits_per_second":	125831512.54549158,
					"retransmits":	0,
					"snd_cwnd":	9213624,
					"snd_wnd":	3143552,
					"rtt":	200101,
					"rttvar":	5,
					"pmtu":	1500,
					"omitted":	false,
					"sender":	true
				}],
			"sum":	{
				"start":	39.00013,
				"end":	40.000111,
				"seconds":	0.99998098611831665,
				"bytes":	15728640,
				"bits_per_second":	125831512.54549158,
				"retransmits":	0,
				"omitted":	false,
				"sender":	true
			}
		}, {
			"streams":	[{
					"socket":	6,
					"start":	40.000111,
					"end":	41.000089,
					"seconds":	0.999978005886078,
					"bytes":	15728640,
					"bits_per_second":	125831887.56087005,
					"retransmits":	0,
					"snd_cwnd":	9213624,
					"snd_wnd":	3143552,
					"rtt":	200090,
					"rttvar":	3,
					"pmtu":	1500,
					"omitted":	false,
					"sender":	true
				}],
			"sum":	{
				"start":	40.000111,
				"end":	41.000089,
				"seconds":	0.999978005886078,
				"bytes":	15728640,
				"bits_per_second":	125831887.56087005,
				"retransmits":	0,
				"omitted":	false,
				"sender":	true
			}
		}, {
			"streams":	[{
					"socket":	6,
					"start":	41.000089,
					"end":	42.000112,
					"seconds":	1.0000230073928833,
					"bytes":	14417920,
					"bits_per_second":	115340706.31105447,
					"retransmits":	0,
					"snd_cwnd":	9213624,
					"snd_wnd":	3143552,
					"rtt":	200093,
					"rttvar":	14,
					"pmtu":	1500,
					"omitted":	false,
					"sender":	true
				}],
			"sum":	{
				"start":	41.000089,
				"end":	42.000112,
				"seconds":	1.0000230073928833,
				"bytes":	14417920,
				"bits_per_second":	115340706.31105447,
				"retransmits":	0,
				"omitted":	false,
				"sender":	true
			}
		}, {
			"streams":	[{
					"socket":	6,
					"start":	42.000112,
					"end":	43.000117,
					"seconds":	1.0000050067901611,
					"bytes":	15728640,
					"bits_per_second":	125828490.00315426,
					"retransmits":	0,
					"snd_cwnd":	9213624,
					"snd_wnd":	3143552,
					"rtt":	200094,
					"rttvar":	4,
					"pmtu":	1500,
					"omitted":	false,
					"sender":	true
				}],
			"sum":	{
				"start":	42.000112,
				"end":	43.000117,
				"seconds":	1.0000050067901611,
				"bytes":	15728640,
				"bits_per_second":	125828490.00315426,
				"retransmits":	0,
				"omitted":	false,
				"sender":	true
			}
		}, {
			"streams":	[{
					"socket":	6,
					"start":	43.000117,
					"end":	44.000082,
					"seconds":	0.999965012073517,
					"bytes":	15728640,
					"bits_per_second":	125833522.65403974,
					"retransmits":	0,
					"snd_cwnd":	9213624,
					"snd_wnd":	3143552,
					"rtt":	200102,
					"rttvar":	24,
					"pmtu":	1500,
					"omitted":	false,
					"sender":	true
				}],
			"sum":	{
				"start":	43.000117,
				"end":	44.000082,
				"seconds":	0.999965012073517,
				"bytes":	15728640,
				"bits_per_second":	125833522.65403974,
				"retransmits":	0,
				"omitted":	false,
				"sender":	true
			}
		}, {
			"streams":	[{
					"socket":	6,
					"start":	44.000082,
					"end":	45.000102,
					"seconds":	1.0000200271606445,
					"bytes":	14417920,
					"bits_per_second":	115341050.04626182,
					"retransmits":	0,
					"snd_cwnd":	9213624,
					"snd_wnd":	3143552,
					"rtt":	200103,
					"rttvar":	6,
					"pmtu":	1500,
					"omitted":	false,
					"sender":	true
				}],
			"sum":	{
				"start":	44.000082,
				"end":	45.000102,
				"seconds":	1.0000200271606445,
				"bytes":	14417920,
				"bits_per_second":	115341050.04626182,
				"retransmits":	0,
				"omitted":	false,
				"sender":	true
			}
		}, {
			"streams":	[{
					"socket":	6,
					"start":	45.000102,
					"end":	46.000087,
					"seconds":	0.9999849796295166,
					"bytes":	15728640,
					"bits_per_second":	125831010.02838893,
					"retransmits":	0,
					"snd_cwnd":	9213624,
					"snd_wnd":	3143552,
					"rtt":	200091,
					"rttvar":	7,
					"pmtu":	1500,
					"omitted":	false,
					"sender":	true
				}],
			"sum":	{
				"start":	45.000102,
				"end":	46.000087,
				"seconds":	0.9999849796295166,
				"bytes":	15728640,
				"bits_per_second":	125831010.02838893,
				"retransmits":	0,
				"omitted":	false,
				"sender":	true
			}
		}, {
			"streams":	[{
					"socket":	6,
					"start":	46.000087,
					"end":	47.000072,
					"seconds":	0.9999849796295166,
					"bytes":	15728640,
					"bits_per_second":	125831010.02838893,
					"retransmits":	0,
					"snd_cwnd":	9213624,
					"snd_wnd":	3143552,
					"rtt":	200089,
					"rttvar":	5,
					"pmtu":	1500,
					"omitted":	false,
					"sender":	true
				}],
			"sum":	{
				"start":	46.000087,
				"end":	47.000072,
				"seconds":	0.9999849796295166,
				"bytes":	15728640,
				"bits_per_second":	125831010.02838893,
				"retransmits":	0,
				"omitted":	false,
				"sender":	true
			}
		}, {
			"streams":	[{
					"socket":	6,
					"start":	47.000072,
					"end":	48.000108,
					"seconds":	1.0000360012054443,
					"bytes":	14417920,
					"bits_per_second":	115339207.64948963,
					"retransmits":	0,
					"snd_cwnd":	9213624,
					"snd_wnd":	3143552,
					"rtt":	200097,
					"rttvar":	20,
					"pmtu":	1500,
					"omitted":	false,
					"sender":	true
				}],
			"sum":	{
				"start":	47.000072,
				"end":	48.000108,
				"seconds":	1.0000360012054443,
				"bytes":	14417920,
				"bits_per_second":	115339207.64948963,
				"retransmits":	0,
				"omitted":	false,
				"sender":	true
			}
		}, {
			"streams":	[{
					"socket":	6,
					"start":	48.000108,
					"end":	49.000074,
					"seconds":	0.999966025352478,
					"bytes":	15728640,
					"bits_per_second":	125833395.14524655,
					"retransmits":	0,
					"snd_cwnd":	9213624,
					"snd_wnd":	3143552,
					"rtt":	200092,
					"rttvar":	6,
					"pmtu":	1500,
					"omitted":	false,
					"sender":	true
				}],
			"sum":	{
				"start":	48.000108,
				"end":	49.000074,
				"seconds":	0.999966025352478,
				"bytes":	15728640,
				"bits_per_second":	125833395.14524655,
				"retransmits":	0,
				"omitted":	false,
				"sender":	true
			}
		}, {
			"streams":	[{
					"socket":	6,
					"start":	49.000074,
					"end":	50.000081,
					"seconds":	1.0000070333480835,
					"bytes":	14417920,
					"bits_per_second":	115342548.75570576,
					"retransmits":	0,
					"snd_cwnd":	9213624,
					"snd_wnd":	3143552,
					"rtt":	200110,
					"rttvar":	11,
					"pmtu":	1500,
					"omitted":	false,
					"sender":	true
				}],
			"sum":	{
				"start":	49.000074,
				"end":	50.000081,
				"seconds":	1.0000070333480835,
				"bytes":	14417920,
				"bits_per_second":	115342548.75570576,
				"retransmits":	0,
				"omitted":	false,
				"sender":	true
			}
		}, {
			"streams":	[{
					"socket":	6,
					"start":	50.000081,
					"end":	51.000075,
					"seconds":	0.99999397993087769,
					"bytes":	15728640,
					"bits_per_second":	125829877.50456023,
					"retransmits":	0,
					"snd_cwnd":	9213624,
					"snd_wnd":	3143552,
					"rtt":	200101,
					"rttvar":	13,
					"pmtu":	1500,
					"omitted":	false,
					"sender":	true
				}],
			"sum":	{
				"start":	50.000081,
				"end":	51.000075,
				"seconds":	0.99999397993087769,
				"bytes":	15728640,
				"bits_per_second":	125829877.50456023,
				"retransmits":	0,
				"omitted":	false,
				"sender":	true
			}
		}, {
			"streams":	[{
					"socket":	6,
					"start":	51.000075,
					"end":	52.000091,
					"seconds":	1.0000159740448,
					"bytes":	14417920,
					"bits_per_second":	115341517.5294317,
					"retransmits":	0,
					"snd_cwnd":	9213624,
					"snd_wnd":	3143552,
					"rtt":	200098,
					"rttvar":	7,
					"pmtu":	1500,
					"omitted":	false,
					"sender":	true
				}],
			"sum":	{
				"start":	51.000075,
				"end":	52.000091,
				"seconds":	1.0000159740448,
				"bytes":	14417920,
				"bits_per_second":	115341517.5294317,
				"retransmits":	0,
				"omitted":	false,
				"sender":	true
			}
		}, {
			"streams":	[{
					"socket":	6,
					"start":	52.000091,
					"end":	53.000113,
					"seconds":	1.0000220537185669,
					"bytes":	14417920,
					"bits_per_second":	115340816.30609791,
					"retransmits":	0,
					"snd_cwnd":	5792,
					"snd_wnd":	3143552,
					"rtt":	200121,
					"rttvar":	27,
					"pmtu":	1500,
					"omitted":	false,
					"sender":	true
				}],
			"sum":	{
				"start":	52.000091,
				"end":	53.000113,
				"seconds":	1.0000220537185669,
				"bytes":	14417920,
				"bits_per_second":	115340816.30609791,
				"retransmits":	0,
				"omitted":	false,
				"sender":	true
			}
		}, {
			"streams":	[{
					"socket":	6,
					"start":	53.000113,
					"end":	54.000075,
					"seconds":	0.9999619722366333,
					"bytes":	7864320,
					"bits_per_second":	62916952.590984881,
					"retransmits":	0,
					"snd_cwnd":	9213624,
					"snd_wnd":	3143552,
					"rtt":	200102,
					"rttvar":	15,
					"pmtu":	1500,
					"omitted":	false,
					"sender":	true
				}],
			"sum":	{
				"start":	53.000113,
				"end":	54.000075,
				"seconds":	0.9999619722366333,
				"bytes":	7864320,
				"bits_per_second":	62916952.590984881,
				"retransmits":	0,
				"omitted":	false,
				"sender":	true
			}
		}, {
			"streams":	[{
					"socket":	6,
					"start":	54.000075,
					"end":	55.000084,
					"seconds":	1.0000089406967163,
					"bytes":	14417920,
					"bits_per_second":	115342328.75922,
					"retransmits":	0,
					"snd_cwnd":	9213624,
					"snd_wnd":	3143552,
					"rtt":	200096,
					"rttvar":	14,
					"pmtu":	1500,
					"omitted":	false,
					"sender":	true
				}],
			"sum":	{
				"start":	54.000075,
				"end":	55.000084,
				"seconds":	1.0000089406967163,
				"bytes":	14417920,
				"bits_per_second":	115342328.75922,
				"retransmits":	0,
				"omitted":	false,
				"sender":	true
			}
		}, {
			"streams":	[{
					"socket":	6,
					"start":	55.000084,
					"end":	56.000071,
					"seconds":	0.999987006187439,
					"bytes":	15728640,
					"bits_per_second":	125830755.02124517,
					"retransmits":	0,
					"snd_cwnd":	9213624,
					"snd_wnd":	3143552,
					"rtt":	200141,
					"rttvar":	43,
					"pmtu":	1500,
					"omitted":	false,
					"sender":	true
				}],
			"sum":	{
				"start":	55.000084,
				"end":	56.000071,
				"seconds":	0.999987006187439,
				"bytes":	15728640,
				"bits_per_second":	125830755.02124517,
				"retransmits":	0,
				"omitted":	false,
				"sender":	true
			}
		}, {
			"streams":	[{
					"socket":	6,
					"start":	56.000071,
					"end":	57.000073,
					"seconds":	1.0000020265579224,
					"bytes":	14417920,
					"bits_per_second":	115343126.25047371,
					"retransmits":	0,
					"snd_cwnd":	9213624,
					"snd_wnd":	3143552,
					"rtt":	200096,
					"rttvar":	11,
					"pmtu":	1500,
					"omitted":	false,
					"sender":	true
				}],
			"sum":	{
				"start":	56.000071,
				"end":	57.000073,
				"seconds":	1.0000020265579224,
				"bytes":	14417920,
				"bits_per_second":	115343126.25047371,
				"retransmits":	0,
				"omitted":	false,
				"sender":	true
			}
		}, {
			"streams":	[{
					"socket":	6,
					"start":	57.000073,
					"end":	58.000076,
					"seconds":	1.0000029802322388,
					"bytes":	15728640,
					"bits_per_second":	125828745.00111759,
					"retransmits":	0,
					"snd_cwnd":	9213624,
					"snd_wnd":	3143552,
					"rtt":	200090,
					"rttvar":	7,
					"pmtu":	1500,
					"omitted":	false,
					"sender":	true
				}],
			"sum":	{
				"start":	57.000073,
				"end":	58.000076,
				"seconds":	1.0000029802322388,
				"bytes":	15728640,
				"bits_per_second":	125828745.00111759,
				"retransmits":	0,
				"omitted":	false,
				"sender":	true
			}
		}, {
			"streams":	[{
					"socket":	6,
					"start":	58.000076,
					"end":	59.000169,
					"seconds":	1.0000929832458496,
					"bytes":	14417920,
					"bits_per_second":	115332635.9971526,
					"retransmits":	0,
					"snd_cwnd":	9213624,
					"snd_wnd":	3143552,
					"rtt":	200094,
					"rttvar":	13,
					"pmtu":	1500,
					"omitted":	false,
					"sender":	true
				}],
			"sum":	{
				"start":	58.000076,
				"end":	59.000169,
				"seconds":	1.0000929832458496,
				"bytes":	14417920,
				"bits_per_second":	115332635.9971526,
				"retransmits":	0,
				"omitted":	false,
				"sender":	true
			}
		}, {
			"streams":	[{
					"socket":	6,
					"start":	59.000169,
					"end":	60.000079,
					"seconds":	0.999909996986389,
					"bytes":	15728640,
					"bits_per_second":	125840446.01937588,
					"retransmits":	0,
					"snd_cwnd":	9213624,
					"snd_wnd":	3143552,
					"rtt":	200171,
					"rttvar":	45,
					"pmtu":	1500,
					"omitted":	false,
					"sender":	true
				}],
			"sum":	{
				"start":	59.000169,
				"end":	60.000079,
				"seconds":	0.999909996986389,
				"bytes":	15728640,
				"bits_per_second":	125840446.01937588,
				"retransmits":	0,
				"omitted":	false,
				"sender":	true
			}
		}],
	"end":	{
		"streams":	[{
				"sender":	{
					"socket":	6,
					"start":	0,
					"end":	60.000079,
					"seconds":	60.000079,
					"bytes":	861011968,
					"bits_per_second":	114801444.57809797,
					"retransmits":	0,
					"max_snd_cwnd":	9213624,
					"max_snd_wnd":	3143552,
					"max_rtt":	200698,
					"min_rtt":	200087,
					"mean_rtt":	200117,
					"sender":	true
				},
				"receiver":	{
					"socket":	6,
					"start":	0,
					"end":	60.200247,
					"seconds":	60.000079,
					"bytes":	860113368,
					"bits_per_second":	114300310.82762833,
					"sender":	true
				}
			}],
		"sum_sent":	{
			"start":	0,
			"end":	60.000079,
			"seconds":	60.000079,
			"bytes":	861011968,
			"bits_per_second":	114801444.57809797,
			"retransmits":	0,
			"sender":	true
		},
		"sum_received":	{
			"start":	0,
			"end":	60.200247,
			"seconds":	60.200247,
			"bytes":	860113368,
			"bits_per_second":	114300310.82762833,
			"sender":	true
		},
		"cpu_utilization_percent":	{
			"host_total":	1.2494445008283335,
			"host_user":	0.06045219067525822,
			"host_system":	1.188992310153075,
			"remote_total":	1.1872787478740336,
			"remote_user":	0.0915145412390101,
			"remote_system":	1.0957642066350235
		},
		"sender_tcp_congestion":	"bbr",
		"receiver_tcp_congestion":	"bbr"
	}
}
