{
	"start":	{
		"connected":	[{
				"socket":	6,
				"local_host":	"192.168.101.210",
				"local_port":	47834,
				"remote_host":	"192.168.100.168",
				"remote_port":	5201
			}],
		"version":	"iperf 3.11",
		"system_info":	"Linux f1 6.0.10-300.fc37.x86_64 #1 SMP PREEMPT_DYNAMIC Sat Nov 26 16:55:13 UTC 2022 x86_64",
		"timestamp":	{
			"time":	"Sat, 10 Dec 2022 17:38:15 GMT",
			"timesecs":	1670693895
		},
		"connecting_to":	{
			"host":	"192.168.100.168",
			"port":	5201
		},
		"cookie":	"mh4jovycywg4dpw5xrxstrgfmbdje2oxvwc4",
		"tcp_mss_default":	1448,
		"target_bitrate":	0,
		"sock_bufsize":	0,
		"sndbuf_actual":	16384,
		"rcvbuf_actual":	131072,
		"test_start":	{
			"protocol":	"TCP",
			"num_streams":	1,
			"blksize":	131072,
			"omit":	0,
			"duration":	60,
			"bytes":	0,
			"blocks":	0,
			"reverse":	0,
			"tos":	0,
			"target_bitrate":	0
		}
	},
	"intervals":	[{
			"streams":	[{
					"socket":	6,
					"start":	0,
					"end":	1.000082,
					"seconds":	1.0000820159912109,
					"bytes":	40370176,
					"bits_per_second":	322934922.17226142,
					"retransmits":	0,
					"snd_cwnd":	6304592,
					"snd_wnd":	3141248,
					"rtt":	51680,
					"rttvar":	702,
					"pmtu":	1500,
					"omitted":	false,
					"sender":	true
				}],
			"sum":	{
				"start":	0,
				"end":	1.000082,
				"seconds":	1.0000820159912109,
				"bytes":	40370176,
				"bits_per_second":	322934922.17226142,
				"retransmits":	0,
				"omitted":	false,
				"sender":	true
			}
		}, {
			"streams":	[{
					"socket":	6,
					"start":	1.000082,
					"end":	2.000083,
					"seconds":	1.0000009536743164,
					"bytes":	60293120,
					"bits_per_second":	482344500.00043869,
					"retransmits":	0,
					"snd_cwnd":	6304592,
					"snd_wnd":	3141248,
					"rtt":	50224,
					"rttvar":	189,
					"pmtu":	1500,
					"omitted":	false,
					"sender":	true
				}],
			"sum":	{
				"start":	1.000082,
				"end":	2.000083,
				"seconds":	1.0000009536743164,
				"bytes":	60293120,
				"bits_per_second":	482344500.00043869,
				"retransmits":	0,
				"omitted":	false,
				"sender":	true
			}
		}, {
			"streams":	[{
					"socket":	6,
					"start":	2.000083,
					"end":	3.000091,
					"seconds":	1.0000079870224,
					"bytes":	58982400,
					"bits_per_second":	471855431.28010082,
					"retransmits":	0,
					"snd_cwnd":	6304592,
					"snd_wnd":	3141248,
					"rtt":	51406,
					"rttvar":	457,
					"pmtu":	1500,
					"omitted":	false,
					"sender":	true
				}],
			"sum":	{
				"start":	2.000083,
				"end":	3.000091,
				"seconds":	1.0000079870224,
				"bytes":	58982400,
				"bits_per_second":	471855431.28010082,
				"retransmits":	0,
				"omitted":	false,
				"sender":	true
			}
		}, {
			"streams":	[{
					"socket":	6,
					"start":	3.000091,
					"end":	4.000083,
					"seconds":	0.9999920129776,
					"bytes":	60293120,
					"bits_per_second":	482348812.53077024,
					"retransmits":	0,
					"snd_cwnd":	6304592,
					"snd_wnd":	3141248,
					"rtt":	50160,
					"rttvar":	107,
					"pmtu":	1500,
					"omitted":	false,
					"sender":	true
				}],
			"sum":	{
				"start":	3.000091,
				"end":	4.000083,
				"seconds":	0.9999920129776,
				"bytes":	60293120,
				"bits_per_second":	482348812.53077024,
				"retransmits":	0,
				"omitted":	false,
				"sender":	true
			}
		}, {
			"streams":	[{
					"socket":	6,
					"start":	4.000083,
					"end":	5.000088,
					"seconds":	1.0000050067901611,
					"bytes":	58982400,
					"bits_per_second":	471856837.51182848,
					"retransmits":	0,
					"snd_cwnd":	6304592,
					"snd_wnd":	3141248,
					"rtt":	51082,
					"rttvar":	566,
					"pmtu":	1500,
					"omitted":	false,
					"sender":	true
				}],
			"sum":	{
				"start":	4.000083,
				"end":	5.000088,
				"seconds":	1.0000050067901611,
				"bytes":	58982400,
				"bits_per_second":	471856837.51182848,
				"retransmits":	0,
				"omitted":	false,
				"sender":	true
			}
		}, {
			"streams":	[{
					"socket":	6,
					"start":	5.000088,
					"end":	6.000081,
					"seconds":	0.99999302625656128,
					"bytes":	61603840,
					"bits_per_second":	492834156.898968,
					"retransmits":	0,
					"snd_cwnd":	6304592,
					"snd_wnd":	3141248,
					"rtt":	50127,
					"rttvar":	54,
					"pmtu":	1500,
					"omitted":	false,
					"sender":	true
				}],
			"sum":	{
				"start":	5.000088,
				"end":	6.000081,
				"seconds":	0.99999302625656128,
				"bytes":	61603840,
				"bits_per_second":	492834156.898968,
				"retransmits":	0,
				"omitted":	false,
				"sender":	true
			}
		}, {
			"streams":	[{
					"socket":	6,
					"start":	6.000081,
					"end":	7.000078,
					"seconds":	0.99999701976776123,
					"bytes":	58982400,
					"bits_per_second":	471860606.254191,
					"retransmits":	0,
					"snd_cwnd":	6304592,
					"snd_wnd":	3141248,
					"rtt":	51403,
					"rttvar":	369,
					"pmtu":	1500,
					"omitted":	false,
					"sender":	true
				}],
			"sum":	{
				"start":	6.000081,
				"end":	7.000078,
				"seconds":	0.99999701976776123,
				"bytes":	58982400,
				"bits_per_second":	471860606.254191,
				"retransmits":	0,
				"omitted":	false,
				"sender":	true
			}
		}, {
			"streams":	[{
					"socket":	6,
					"start":	7.000078,
					"end":	8.000109,
					"seconds":	1.0000309944152832,
					"bytes":	60293120,
					"bits_per_second":	482330010.46335214,
					"retransmits":	0,
					"snd_cwnd":	6304592,
					"snd_wnd":	3143552,
					"rtt":	50210,
					"rttvar":	95,
					"pmtu":	1500,
					"omitted":	false,
					"sender":	true
				}],
			"sum":	{
				"start":	7.000078,
				"end":	8.000109,
				"seconds":	1.0000309944152832,
				"bytes":	60293120,
				"bits_per_second":	482330010.46335214,
				"retransmits":	0,
				"omitted":	false,
				"sender":	true
			}
		}, {
			"streams":	[{
					"socket":	6,
					"start":	8.000109,
					"end":	9.000113,
					"seconds":	1.0000040531158447,
					"bytes":	58982400,
					"bits_per_second":	471857287.50775152,
					"retransmits":	0,
					"snd_cwnd":	6304592,
					"snd_wnd":	3143552,
					"rtt":	51215,
					"rttvar":	491,
					"pmtu":	1500,
					"omitted":	false,
					"sender":	true
				}],
			"sum":	{
				"start":	8.000109,
				"end":	9.000113,
				"seconds":	1.0000040531158447,
				"bytes":	58982400,
				"bits_per_second":	471857287.50775152,
				"retransmits":	0,
				"omitted":	false,
				"sender":	true
			}
		}, {
			"streams":	[{
					"socket":	6,
					"start":	9.000113,
					"end":	10.000075,
					"seconds":	0.9999619722366333,
					"bytes":	60293120,
					"bits_per_second":	482363303.19755077,
					"retransmits":	0,
					"snd_cwnd":	6304592,
					"snd_wnd":	3143552,
					"rtt":	50329,
					"rttvar":	53,
					"pmtu":	1500,
					"omitted":	false,
					"sender":	true
				}],
			"sum":	{
				"start":	9.000113,
				"end":	10.000075,
				"seconds":	0.9999619722366333,
				"bytes":	60293120,
				"bits_per_second":	482363303.19755077,
				"retransmits":	0,
				"omitted":	false,
				"sender":	true
			}
		}, {
			"streams":	[{
					"socket":	6,
					"start":	10.000075,
					"end":	11.000083,
					"seconds":	1.0000079870224,
					"bytes":	58982400,
					"bits_per_second":	471855431.28010082,
					"retransmits":	0,
					"snd_cwnd":	6304592,
					"snd_wnd":	3143552,
					"rtt":	50910,
					"rttvar":	438,
					"pmtu":	1500,
					"omitted":	false,
					"sender":	true
				}],
			"sum":	{
				"start":	10.000075,
				"end":	11.000083,
				"seconds":	1.0000079870224,
				"bytes":	58982400,
				"bits_per_second":	471855431.28010082,
				"retransmits":	0,
				"omitted":	false,
				"sender":	true
			}
		}, {
			"streams":	[{
					"socket":	6,
					"start":	11.000083,
					"end":	12.00011,
					"seconds":	1.0000269412994385,
					"bytes":	60293120,
					"bits_per_second":	482331965.35009277,
					"retransmits":	0,
					"snd_cwnd":	6304592,
					"snd_wnd":	3143552,
					"rtt":	51229,
					"rttvar":	979,
					"pmtu":	1500,
					"omitted":	false,
					"sender":	true
				}],
			"sum":	{
				"start":	11.000083,
				"end":	12.00011,
				"seconds":	1.0000269412994385,
				"bytes":	60293120,
				"bits_per_second":	482331965.35009277,
				"retransmits":	0,
				"omitted":	false,
				"sender":	true
			}
		}, {
			"streams":	[{
					"socket":	6,
					"start":	12.00011,
					"end":	13.000112,
					"seconds":	1.0000020265579224,
					"bytes":	58982400,
					"bits_per_second":	471858243.75193787,
					"retransmits":	0,
					"snd_cwnd":	6304592,
					"snd_wnd":	3143552,
					"rtt":	51453,
					"rttvar":	797,
					"pmtu":	1500,
					"omitted":	false,
					"sender":	true
				}],
			"sum":	{
				"start":	12.00011,
				"end":	13.000112,
				"seconds":	1.0000020265579224,
				"bytes":	58982400,
				"bits_per_second":	471858243.75193787,
				"retransmits":	0,
				"omitted":	false,
				"sender":	true
			}
		}, {
			"streams":	[{
					"socket":	6,
					"start":	13.000112,
					"end":	14.000079,
					"seconds":	0.99996697902679443,
					"bytes":	60293120,
					"bits_per_second":	482360888.0259589,
					"retransmits":	0,
					"snd_cwnd":	6304592,
					"snd_wnd":	3143552,
					"rtt":	51501,
					"rttvar":	966,
					"pmtu":	1500,
					"omitted":	false,
					"sender":	true
				}],
			"sum":	{
				"start":	13.000112,
				"end":	14.000079,
				"seconds":	0.99996697902679443,
				"bytes":	60293120,
				"bits_per_second":	482360888.0259589,
				"retransmits":	0,
				"omitted":	false,
				"sender":	true
			}
		}, {
			"streams":	[{
					"socket":	6,
					"start":	14.000079,
					"end":	15.000078,
					"seconds":	0.99999898672103882,
					"bytes":	58982400,
					"bits_per_second":	471859678.12548447,
					"retransmits":	0,
					"snd_cwnd":	6304592,
					"snd_wnd":	3143552,
					"rtt":	51729,
					"rttvar":	898,
					"pmtu":	1500,
					"omitted":	false,
					"sender":	true
				}],
			"sum":	{
				"start":	14.000079,
				"end":	15.000078,
				"seconds":	0.99999898672103882,
				"bytes":	58982400,
				"bits_per_second":	471859678.12548447,
				"retransmits":	0,
				"omitted":	false,
				"sender":	true
			}
		}, {
			"streams":	[{
					"socket":	6,
					"start":	15.000078,
					"end":	16.000087,
					"seconds":	1.0000089406967163,
					"bytes":	60293120,
					"bits_per_second":	482340647.5385564,
					"retransmits":	0,
					"snd_cwnd":	6304592,
					"snd_wnd":	3143552,
					"rtt":	51536,
					"rttvar":	685,
					"pmtu":	1500,
					"omitted":	false,
					"sender":	true
				}],
			"sum":	{
				"start":	15.000078,
				"end":	16.000087,
				"seconds":	1.0000089406967163,
				"bytes":	60293120,
				"bits_per_second":	482340647.5385564,
				"retransmits":	0,
				"omitted":	false,
				"sender":	true
			}
		}, {
			"streams":	[{
					"socket":	6,
					"start":	16.000087,
					"end":	17.000077,
					"seconds":	0.99998998641967773,
					"bytes":	60293120,
					"bits_per_second":	482349790.048366,
					"retransmits":	0,
					"snd_cwnd":	6304592,
					"snd_wnd":	3143552,
					"rtt":	51666,
					"rttvar":	582,
					"pmtu":	1500,
					"omitted":	false,
					"sender":	true
				}],
			"sum":	{
				"start":	16.000087,
				"end":	17.000077,
				"seconds":	0.99998998641967773,
				"bytes":	60293120,
				"bits_per_second":	482349790.048366,
				"retransmits":	0,
				"omitted":	false,
				"sender":	true
			}
		}, {
			"streams":	[{
					"socket":	6,
					"start":	17.000077,
					"end":	18.000082,
					"seconds":	1.0000050067901611,
					"bytes":	58982400,
					"bits_per_second":	471856837.51182848,
					"retransmits":	0,
					"snd_cwnd":	6304592,
					"snd_wnd":	3143552,
					"rtt":	51823,
					"rttvar":	404,
					"pmtu":	1500,
					"omitted":	false,
					"sender":	true
				}],
			"sum":	{
				"start":	17.000077,
				"end":	18.000082,
				"seconds":	1.0000050067901611,
				"bytes":	58982400,
				"bits_per_second":	471856837.51182848,
				"retransmits":	0,
				"omitted":	false,
				"sender":	true
			}
		}, {
			"streams":	[{
					"socket":	6,
					"start":	18.000082,
					"end":	19.000114,
					"seconds":	1.0000319480895996,
					"bytes":	60293120,
					"bits_per_second":	482329550.49230433,
					"retransmits":	0,
					"snd_cwnd":	6304592,
					"snd_wnd":	3143552,
					"rtt":	51459,
					"rttvar":	591,
					"pmtu":	1500,
					"omitted":	false,
					"sender":	true
				}],
			"sum":	{
				"start":	18.000082,
				"end":	19.000114,
				"seconds":	1.0000319480895996,
				"bytes":	60293120,
				"bits_per_second":	482329550.49230433,
				"retransmits":	0,
				"omitted":	false,
				"sender":	true
			}
		}, {
			"streams":	[{
					"socket":	6,
					"start":	19.000114,
					"end":	20.000109,
					"seconds":	0.999994993209839,
					"bytes":	60293120,
					"bits_per_second":	482347375.01209146,
					"retransmits":	0,
					"snd_cwnd":	6304592,
					"snd_wnd":	3143552,
					"rtt":	52202,
					"rttvar":	393,
					"pmtu":	1500,
					"omitted":	false,
					"sender":	true
				}],
			"sum":	{
				"start":	19.000114,
				"end":	20.000109,
				"seconds":	0.999994993209839,
				"bytes":	60293120,
				"bits_per_second":	482347375.01209146,
				"retransmits":	0,
				"omitted":	false,
				"sender":	true
			}
		}, {
			"streams":	[{
					"socket":	6,
					"start":	20.000109,
					"end":	21.000313,
					"seconds":	1.0002039670944214,
					"bytes":	58982400,
					"bits_per_second":	471762975.87655485,
					"retransmits":	0,
					"snd_cwnd":	6304592,
					"snd_wnd":	3047040,
					"rtt":	50145,
					"rttvar":	30,
					"pmtu":	1500,
					"omitted":	false,
					"sender":	true
				}],
			"sum":	{
				"start":	20.000109,
				"end":	21.000313,
				"seconds":	1.0002039670944214,
				"bytes":	58982400,
				"bits_per_second":	471762975.87655485,
				"retransmits":	0,
				"omitted":	false,
				"sender":	true
			}
		}, {
			"streams":	[{
					"socket":	6,
					"start":	21.000313,
					"end":	22.000114,
					"seconds":	0.999800980091095,
					"bytes":	60293120,
					"bits_per_second":	482440975.358968,
					"retransmits":	0,
					"snd_cwnd":	6304592,
					"snd_wnd":	3143552,
					"rtt":	50205,
					"rttvar":	214,
					"pmtu":	1500,
					"omitted":	false,
					"sender":	true
				}],
			"sum":	{
				"start":	21.000313,
				"end":	22.000114,
				"seconds":	0.999800980091095,
				"bytes":	60293120,
				"bits_per_second":	482440975.358968,
				"retransmits":	0,
				"omitted":	false,
				"sender":	true
			}
		}, {
			"streams":	[{
					"socket":	6,
					"start":	22.000114,
					"end":	23.000115,
					"seconds":	1.0000009536743164,
					"bytes":	58982400,
					"bits_per_second":	471858750.00042915,
					"retransmits":	0,
					"snd_cwnd":	6304592,
					"snd_wnd":	3143552,
					"rtt":	51270,
					"rttvar":	871,
					"pmtu":	1500,
					"omitted":	false,
					"sender":	true
				}],
			"sum":	{
				"start":	22.000114,
				"end":	23.000115,
				"seconds":	1.0000009536743164,
				"bytes":	58982400,
				"bits_per_second":	471858750.00042915,
				"retransmits":	0,
				"omitted":	false,
				"sender":	true
			}
		}, {
			"streams":	[{
					"socket":	6,
					"start":	23.000115,
					"end":	24.000113,
					"seconds":	0.99999797344207764,
					"bytes":	60293120,
					"bits_per_second":	482345937.501981,
					"retransmits":	0,
					"snd_cwnd":	6304592,
					"snd_wnd":	3141248,
					"rtt":	50455,
					"rttvar":	142,
					"pmtu":	1500,
					"omitted":	false,
					"sender":	true
				}],
			"sum":	{
				"start":	23.000115,
				"end":	24.000113,
				"seconds":	0.99999797344207764,
				"bytes":	60293120,
				"bits_per_second":	482345937.501981,
				"retransmits":	0,
				"omitted":	false,
				"sender":	true
			}
		}, {
			"streams":	[{
					"socket":	6,
					"start":	24.000113,
					"end":	25.000111,
					"seconds":	0.99999797344207764,
					"bytes":	58982400,
					"bits_per_second":	471860156.251938,
					"retransmits":	0,
					"snd_cwnd":	6304592,
					"snd_wnd":	3143552,
					"rtt":	51411,
					"rttvar":	715,
					"pmtu":	1500,
					"omitted":	false,
					"sender":	true
				}],
			"sum":	{
				"start":	24.000113,
				"end":	25.000111,
				"seconds":	0.99999797344207764,
				"bytes":	58982400,
				"bits_per_second":	471860156.251938,
				"retransmits":	0,
				"omitted":	false,
				"sender":	true
			}
		}, {
			"streams":	[{
					"socket":	6,
					"start":	25.000111,
					"end":	26.000076,
					"seconds":	0.999965012073517,
					"bytes":	60293120,
					"bits_per_second":	482361836.84048563,
					"retransmits":	0,
					"snd_cwnd":	6304592,
					"snd_wnd":	3143552,
					"rtt":	50460,
					"rttvar":	219,
					"pmtu":	1500,
					"omitted":	false,
					"sender":	true
				}],
			"sum":	{
				"start":	25.000111,
				"end":	26.000076,
				"seconds":	0.999965012073517,
				"bytes":	60293120,
				"bits_per_second":	482361836.84048563,
				"retransmits":	0,
				"omitted":	false,
				"sender":	true
			}
		}, {
			"streams":	[{
					"socket":	6,
					"start":	26.000076,
					"end":	27.000083,
					"seconds":	1.0000070333480835,
					"bytes":	58982400,
					"bits_per_second":	471855881.27334177,
					"retransmits":	0,
					"snd_cwnd":	6304592,
					"snd_wnd":	3143552,
					"rtt":	51638,
					"rttvar":	714,
					"pmtu":	1500,
					"omitted":	false,
					"sender":	true
				}],
			"sum":	{
				"start":	26.000076,
				"end":	27.000083,
				"seconds":	1.0000070333480835,
				"bytes":	58982400,
				"bits_per_second":	471855881.27334177,
				"retransmits":	0,
				"omitted":	false,
				"sender":	true
			}
		}, {
			"streams":	[{
					"socket":	6,
					"start":	27.000083,
					"end":	28.000073,
					"seconds":	0.99998998641967773,
					"bytes":	60293120,
					"bits_per_second":	482349790.048366,
					"retransmits":	0,
					"snd_cwnd":	6304592,
					"snd_wnd":	3143552,
					"rtt":	50440,
					"rttvar":	111,
					"pmtu":	1500,
					"omitted":	false,
					"sender":	true
				}],
			"sum":	{
				"start":	27.000083,
				"end":	28.000073,
				"seconds":	0.99998998641967773,
				"bytes":	60293120,
				"bits_per_second":	482349790.048366,
				"retransmits":	0,
				"omitted":	false,
				"sender":	true
			}
		}, {
			"streams":	[{
					"socket":	6,
					"start":	28.000073,
					"end":	29.000079,
					"seconds":	1.0000059604644775,
					"bytes":	60293120,
					"bits_per_second":	482342085.01713622,
					"retransmits":	0,
					"snd_cwnd":	6304592,
					"snd_wnd":	3143552,
					"rtt":	51842,
					"rttvar":	383,
					"pmtu":	1500,
					"omitted":	false,
					"sender":	true
				}],
			"sum":	{
				"start":	28.000073,
				"end":	29.000079,
				"seconds":	1.0000059604644775,
				"bytes":	60293120,
				"bits_per_second":	482342085.01713622,
				"retransmits":	0,
				"omitted":	false,
				"sender":	true
			}
		}, {
			"streams":	[{
					"socket":	6,
					"start":	29.000079,
					"end":	30.000089,
					"seconds":	1.0000100135803223,
					"bytes":	58982400,
					"bits_per_second":	471854475.04731369,
					"retransmits":	0,
					"snd_cwnd":	6304592,
					"snd_wnd":	3143552,
					"rtt":	50632,
					"rttvar":	768,
					"pmtu":	1500,
					"omitted":	false,
					"sender":	true
				}],
			"sum":	{
				"start":	29.000079,
				"end":	30.000089,
				"seconds":	1.0000100135803223,
				"bytes":	58982400,
				"bits_per_second":	471854475.04731369,
				"retransmits":	0,
				"omitted":	false,
				"sender":	true
			}
		}, {
			"streams":	[{
					"socket":	6,
					"start":	30.000089,
					"end":	31.000075,
					"seconds":	0.99998599290847778,
					"bytes":	60293120,
					"bits_per_second":	482351716.34463674,
					"retransmits":	0,
					"snd_cwnd":	6304592,
					"snd_wnd":	3143552,
					"rtt":	51692,
					"rttvar":	320,
					"pmtu":	1500,
					"omitted":	false,
					"sender":	true
				}],
			"sum":	{
				"start":	30.000089,
				"end":	31.000075,
				"seconds":	0.99998599290847778,
				"bytes":	60293120,
				"bits_per_second":	482351716.34463674,
				"retransmits":	0,
				"omitted":	false,
				"sender":	true
			}
		}, {
			"streams":	[{
					"socket":	6,
					"start":	31.000075,
					"end":	32.000078,
					"seconds":	1.0000029802322388,
					"bytes":	58982400,
					"bits_per_second":	471857793.754191,
					"retransmits":	0,
					"snd_cwnd":	6304592,
					"snd_wnd":	3112576,
					"rtt":	50634,
					"rttvar":	695,
					"pmtu":	1500,
					"omitted":	false,
					"sender":	true
				}],
			"sum":	{
				"start":	31.000075,
				"end":	32.000078,
				"seconds":	1.0000029802322388,
				"bytes":	58982400,
				"bits_per_second":	471857793.754191,
				"retransmits":	0,
				"omitted":	false,
				"sender":	true
			}
		}, {
			"streams":	[{
					"socket":	6,
					"start":	32.000078,
					"end":	33.000112,
					"seconds":	1.000033974647522,
					"bytes":	60293120,
					"bits_per_second":	482328573.05674064,
					"retransmits":	0,
					"snd_cwnd":	6304592,
					"snd_wnd":	3143552,
					"rtt":	51412,
					"rttvar":	324,
					"pmtu":	1500,
					"omitted":	false,
					"sender":	true
				}],
			"sum":	{
				"start":	32.000078,
				"end":	33.000112,
				"seconds":	1.000033974647522,
				"bytes":	60293120,
				"bits_per_second":	482328573.05674064,
				"retransmits":	0,
				"omitted":	false,
				"sender":	true
			}
		}, {
			"streams":	[{
					"socket":	6,
					"start":	33.000112,
					"end":	34.000112,
					"seconds":	1,
					"bytes":	60293120,
					"bits_per_second":	482344960,
					"retransmits":	0,
					"snd_cwnd":	6304592,
					"snd_wnd":	3141248,
					"rtt":	50366,
					"rttvar":	482,
					"pmtu":	1500,
					"omitted":	false,
					"sender":	true
				}],
			"sum":	{
				"start":	33.000112,
				"end":	34.000112,
				"seconds":	1,
				"bytes":	60293120,
				"bits_per_second":	482344960,
				"retransmits":	0,
				"omitted":	false,
				"sender":	true
			}
		}, {
			"streams":	[{
					"socket":	6,
					"start":	34.000112,
					"end":	35.00011,
					"seconds":	0.99999797344207764,
					"bytes":	58982400,
					"bits_per_second":	471860156.251938,
					"retransmits":	0,
					"snd_cwnd":	6304592,
					"snd_wnd":	3143552,
					"rtt":	51775,
					"rttvar":	533,
					"pmtu":	1500,
					"omitted":	false,
					"sender":	true
				}],
			"sum":	{
				"start":	34.000112,
				"end":	35.00011,
				"seconds":	0.99999797344207764,
				"bytes":	58982400,
				"bits_per_second":	471860156.251938,
				"retransmits":	0,
				"omitted":	false,
				"sender":	true
			}
		}, {
			"streams":	[{
					"socket":	6,
					"start":	35.00011,
					"end":	36.000076,
					"seconds":	0.999966025352478,
					"bytes":	60293120,
					"bits_per_second":	482361348.05677843,
					"retransmits":	0,
					"snd_cwnd":	6304592,
					"snd_wnd":	3143552,
					"rtt":	50403,
					"rttvar":	509,
					"pmtu":	1500,
					"omitted":	false,
					"sender":	true
				}],
			"sum":	{
				"start":	35.00011,
				"end":	36.000076,
				"seconds":	0.999966025352478,
				"bytes":	60293120,
				"bits_per_second":	482361348.05677843,
				"retransmits":	0,
				"omitted":	false,
				"sender":	true
			}
		}, {
			"streams":	[{
					"socket":	6,
					"start":	36.000076,
					"end":	37.000074,
					"seconds":	0.99999797344207764,
					"bytes":	60293120,
					"bits_per_second":	482345937.501981,
					"retransmits":	0,
					"snd_cwnd":	6304592,
					"snd_wnd":	3143552,
					"rtt":	51908,
					"rttvar":	304,
					"pmtu":	1500,
					"omitted":	false,
					"sender":	true
				}],
			"sum":	{
				"start":	36.000076,
				"end":	37.000074,
				"seconds":	0.99999797344207764,
				"bytes":	60293120,
				"bits_per_second":	482345937.501981,
				"retransmits":	0,
				"omitted":	false,
				"sender":	true
			}
		}, {
			"streams":	[{
					"socket":	6,
					"start":	37.000074,
					"end":	38.000079,
					"seconds":	1.0000050067901611,
					"bytes":	58982400,
					"bits_per_second":	471856837.51182848,
					"retransmits":	0,
					"snd_cwnd":	6304592,
					"snd_wnd":	3141248,
					"rtt":	50448,
					"rttvar":	619,
					"pmtu":	1500,
					"omitted":	false,
					"sender":	true
				}],
			"sum":	{
				"start":	37.000074,
				"end":	38.000079,
				"seconds":	1.0000050067901611,
				"bytes":	58982400,
				"bits_per_second":	471856837.51182848,
				"retransmits":	0,
				"omitted":	false,
				"sender":	true
			}
		}, {
			"streams":	[{
					"socket":	6,
					"start":	38.000079,
					"end":	39.000083,
					"seconds":	1.0000040531158447,
					"bytes":	60293120,
					"bits_per_second":	482343005.00792378,
					"retransmits":	0,
					"snd_cwnd":	6304592,
					"snd_wnd":	3143552,
					"rtt":	51904,
					"rttvar":	316,
					"pmtu":	1500,
					"omitted":	false,
					"sender":	true
				}],
			"sum":	{
				"start":	38.000079,
				"end":	39.000083,
				"seconds":	1.0000040531158447,
				"bytes":	60293120,
				"bits_per_second":	482343005.00792378,
				"retransmits":	0,
				"omitted":	false,
				"sender":	true
			}
		}, {
			"streams":	[{
					"socket":	6,
					"start":	39.000083,
					"end":	40.000079,
					"seconds":	0.9999960064888,
					"bytes":	58982400,
					"bits_per_second":	471861084.38252532,
					"retransmits":	0,
					"snd_cwnd":	6304592,
					"snd_wnd":	3143552,
					"rtt":	50791,
					"rttvar":	771,
					"pmtu":	1500,
					"omitted":	false,
					"sender":	true
				}],
			"sum":	{
				"start":	39.000083,
				"end":	40.000079,
				"seconds":	0.9999960064888,
				"bytes":	58982400,
				"bits_per_second":	471861084.38252532,
				"retransmits":	0,
				"omitted":	false,
				"sender":	true
			}
		}, {
			"streams":	[{
					"socket":	6,
					"start":	40.000079,
					"end":	41.000112,
					"seconds":	1.0000330209732056,
					"bytes":	60293120,
					"bits_per_second":	482329033.02592421,
					"retransmits":	0,
					"snd_cwnd":	6304592,
					"snd_wnd":	3112576,
					"rtt":	51502,
					"rttvar":	506,
					"pmtu":	1500,
					"omitted":	false,
					"sender":	true
				}],
			"sum":	{
				"start":	40.000079,
				"end":	41.000112,
				"seconds":	1.0000330209732056,
				"bytes":	60293120,
				"bits_per_second":	482329033.02592421,
				"retransmits":	0,
				"omitted":	false,
				"sender":	true
			}
		}, {
			"streams":	[{
					"socket":	6,
					"start":	41.000112,
					"end":	42.000112,
					"seconds":	1,
					"bytes":	58982400,
					"bits_per_second":	471859200,
					"retransmits":	0,
					"snd_cwnd":	6304592,
					"snd_wnd":	3143552,
					"rtt":	50927,
					"rttvar":	999,
					"pmtu":	1500,
					"omitted":	false,
					"sender":	true
				}],
			"sum":	{
				"start":	41.000112,
				"end":	42.000112,
				"seconds":	1,
				"bytes":	58982400,
				"bits_per_second":	471859200,
				"retransmits":	0,
				"omitted":	false,
				"sender":	true
			}
		}, {
			"streams":	[{
					"socket":	6,
					"start":	42.000112,
					"end":	43.000111,
					"seconds":	0.99999898672103882,
					"bytes":	60293120,
					"bits_per_second":	482345448.75049525,
					"retransmits":	0,
					"snd_cwnd":	6304592,
					"snd_wnd":	3143552,
					"rtt":	51274,
					"rttvar":	357,
					"pmtu":	1500,
					"omitted":	false,
					"sender":	true
				}],
			"sum":	{
				"start":	42.000112,
				"end":	43.000111,
				"seconds":	0.99999898672103882,
				"bytes":	60293120,
				"bits_per_second":	482345448.75049525,
				"retransmits":	0,
				"omitted":	false,
				"sender":	true
			}
		}, {
			"streams":	[{
					"socket":	6,
					"start":	43.000111,
					"end":	44.000081,
					"seconds":	0.999970018863678,
					"bytes":	58982400,
					"bits_per_second":	471873347.299152,
					"retransmits":	0,
					"snd_cwnd":	6304592,
					"snd_wnd":	3112576,
					"rtt":	51362,
					"rttvar":	747,
					"pmtu":	1500,
					"omitted":	false,
					"sender":	true
				}],
			"sum":	{
				"start":	43.000111,
				"end":	44.000081,
				"seconds":	0.999970018863678,
				"bytes":	58982400,
				"bits_per_second":	471873347.299152,
				"retransmits":	0,
				"omitted":	false,
				"sender":	true
			}
		}, {
			"streams":	[{
					"socket":	6,
					"start":	44.000081,
					"end":	45.000082,
					"seconds":	1.0000009536743164,
					"bytes":	60293120,
					"bits_per_second":	482344500.00043869,
					"retransmits":	0,
					"snd_cwnd":	6304592,
					"snd_wnd":	3112576,
					"rtt":	51882,
					"rttvar":	666,
					"pmtu":	1500,
					"omitted":	false,
					"sender":	true
				}],
			"sum":	{
				"start":	44.000081,
				"end":	45.000082,
				"seconds":	1.0000009536743164,
				"bytes":	60293120,
				"bits_per_second":	482344500.00043869,
				"retransmits":	0,
				"omitted":	false,
				"sender":	true
			}
		}, {
			"streams":	[{
					"socket":	6,
					"start":	45.000082,
					"end":	46.000076,
					"seconds":	0.99999397993087769,
					"bytes":	60293120,
					"bits_per_second":	482347863.76748091,
					"retransmits":	0,
					"snd_cwnd":	6304592,
					"snd_wnd":	3143552,
					"rtt":	51310,
					"rttvar":	563,
					"pmtu":	1500,
					"omitted":	false,
					"sender":	true
				}],
			"sum":	{
				"start":	45.000082,
				"end":	46.000076,
				"seconds":	0.99999397993087769,
				"bytes":	60293120,
				"bits_per_second":	482347863.76748091,
				"retransmits":	0,
				"omitted":	false,
				"sender":	true
			}
		}, {
			"streams":	[{
					"socket":	6,
					"start":	46.000076,
					"end":	47.000111,
					"seconds":	1.0000350475311279,
					"bytes":	58982400,
					"bits_per_second":	471842663.07957822,
					"retransmits":	0,
					"snd_cwnd":	6304592,
					"snd_wnd":	3112576,
					"rtt":	51855,
					"rttvar":	583,
					"pmtu":	1500,
					"omitted":	false,
					"sender":	true
				}],
			"sum":	{
				"start":	46.000076,
				"end":	47.000111,
				"seconds":	1.0000350475311279,
				"bytes":	58982400,
				"bits_per_second":	471842663.07957822,
				"retransmits":	0,
				"omitted":	false,
				"sender":	true
			}
		}, {
			"streams":	[{
					"socket":	6,
					"start":	47.000111,
					"end":	48.00008,
					"seconds":	0.9999690055847168,
					"bytes":	60293120,
					"bits_per_second":	482359910.46338087,
					"retransmits":	0,
					"snd_cwnd":	6304592,
					"snd_wnd":	3143552,
					"rtt":	51448,
					"rttvar":	727,
					"pmtu":	1500,
					"omitted":	false,
					"sender":	true
				}],
			"sum":	{
				"start":	47.000111,
				"end":	48.00008,
				"seconds":	0.9999690055847168,
				"bytes":	60293120,
				"bits_per_second":	482359910.46338087,
				"retransmits":	0,
				"omitted":	false,
				"sender":	true
			}
		}, {
			"streams":	[{
					"socket":	6,
					"start":	48.00008,
					"end":	49.000086,
					"seconds":	1.0000059604644775,
					"bytes":	58982400,
					"bits_per_second":	471856387.51676369,
					"retransmits":	0,
					"snd_cwnd":	6304592,
					"snd_wnd":	3112576,
					"rtt":	51740,
					"rttvar":	399,
					"pmtu":	1500,
					"omitted":	false,
					"sender":	true
				}],
			"sum":	{
				"start":	48.00008,
				"end":	49.000086,
				"seconds":	1.0000059604644775,
				"bytes":	58982400,
				"bits_per_second":	471856387.51676369,
				"retransmits":	0,
				"omitted":	false,
				"sender":	true
			}
		}, {
			"streams":	[{
					"socket":	6,
					"start":	49.000086,
					"end":	50.000086,
					"seconds":	1,
					"bytes":	60293120,
					"bits_per_second":	482344960,
					"retransmits":	0,
					"snd_cwnd":	6304592,
					"snd_wnd":	3112576,
					"rtt":	51208,
					"rttvar":	471,
					"pmtu":	1500,
					"omitted":	false,
					"sender":	true
				}],
			"sum":	{
				"start":	49.000086,
				"end":	50.000086,
				"seconds":	1,
				"bytes":	60293120,
				"bits_per_second":	482344960,
				"retransmits":	0,
				"omitted":	false,
				"sender":	true
			}
		}, {
			"streams":	[{
					"socket":	6,
					"start":	50.000086,
					"end":	51.000113,
					"seconds":	1.0000269412994385,
					"bytes":	58982400,
					"bits_per_second":	471846487.842482,
					"retransmits":	0,
					"snd_cwnd":	6304592,
					"snd_wnd":	3112576,
					"rtt":	51904,
					"rttvar":	712,
					"pmtu":	1500,
					"omitted":	false,
					"sender":	true
				}],
			"sum":	{
				"start":	50.000086,
				"end":	51.000113,
				"seconds":	1.0000269412994385,
				"bytes":	58982400,
				"bits_per_second":	471846487.842482,
				"retransmits":	0,
				"omitted":	false,
				"sender":	true
			}
		}, {
			"streams":	[{
					"socket":	6,
					"start":	51.000113,
					"end":	52.000111,
					"seconds":	0.99999797344207764,
					"bytes":	61603840,
					"bits_per_second":	492831718.752024,
					"retransmits":	0,
					"snd_cwnd":	6304592,
					"snd_wnd":	3143552,
					"rtt":	51662,
					"rttvar":	441,
					"pmtu":	1500,
					"omitted":	false,
					"sender":	true
				}],
			"sum":	{
				"start":	51.000113,
				"end":	52.000111,
				"seconds":	0.99999797344207764,
				"bytes":	61603840,
				"bits_per_second":	492831718.752024,
				"retransmits":	0,
				"omitted":	false,
				"sender":	true
			}
		}, {
			"streams":	[{
					"socket":	6,
					"start":	52.000111,
					"end":	53.00008,
					"seconds":	0.9999690055847168,
					"bytes":	58982400,
					"bits_per_second":	471873825.45330739,
					"retransmits":	0,
					"snd_cwnd":	6304592,
					"snd_wnd":	3141248,
					"rtt":	51364,
					"rttvar":	694,
					"pmtu":	1500,
					"omitted":	false,
					"sender":	true
				}],
			"sum":	{
				"start":	52.000111,
				"end":	53.00008,
				"seconds":	0.9999690055847168,
				"bytes":	58982400,
				"bits_per_second":	471873825.45330739,
				"retransmits":	0,
				"omitted":	false,
				"sender":	true
			}
		}, {
			"streams":	[{
					"socket":	6,
					"start":	53.00008,
					"end":	54.000111,
					"seconds":	1.0000309944152832,
					"bytes":	60293120,
					"bits_per_second":	482330010.46335214,
					"retransmits":	0,
					"snd_cwnd":	6304592,
					"snd_wnd":	3143552,
					"rtt":	52648,
					"rttvar":	493,
					"pmtu":	1500,
					"omitted":	false,
					"sender":	true
				}],
			"sum":	{
				"start":	53.00008,
				"end":	54.000111,
				"seconds":	1.0000309944152832,
				"bytes":	60293120,
				"bits_per_second":	482330010.46335214,
				"retransmits":	0,
				"omitted":	false,
				"sender":	true
			}
		}, {
			"streams":	[{
					"socket":	6,
					"start":	54.000111,
					"end":	55.000076,
					"seconds":	0.999965012073517,
					"bytes":	58982400,
					"bits_per_second":	471875709.952649,
					"retransmits":	0,
					"snd_cwnd":	6304592,
					"snd_wnd":	3143552,
					"rtt":	51960,
					"rttvar":	232,
					"pmtu":	1500,
					"omitted":	false,
					"sender":	true
				}],
			"sum":	{
				"start":	54.000111,
				"end":	55.000076,
				"seconds":	0.999965012073517,
				"bytes":	58982400,
				"bits_per_second":	471875709.952649,
				"retransmits":	0,
				"omitted":	false,
				"sender":	true
			}
		}, {
			"streams":	[{
					"socket":	6,
					"start":	55.000076,
					"end":	56.000077,
					"seconds":	1.0000009536743164,
					"bytes":	60293120,
					"bits_per_second":	482344500.00043869,
					"retransmits":	0,
					"snd_cwnd":	6304592,
					"snd_wnd":	3143552,
					"rtt":	51472,
					"rttvar":	527,
					"pmtu":	1500,
					"omitted":	false,
					"sender":	true
				}],
			"sum":	{
				"start":	55.000076,
				"end":	56.000077,
				"seconds":	1.0000009536743164,
				"bytes":	60293120,
				"bits_per_second":	482344500.00043869,
				"retransmits":	0,
				"omitted":	false,
				"sender":	true
			}
		}, {
			"streams":	[{
					"socket":	6,
					"start":	56.000077,
					"end":	57.000076,
					"seconds":	0.99999898672103882,
					"bytes":	58982400,
					"bits_per_second":	471859678.12548447,
					"retransmits":	0,
					"snd_cwnd":	6304592,
					"snd_wnd":	3112576,
					"rtt":	51045,
					"rttvar":	549,
					"pmtu":	1500,
					"omitted":	false,
					"sender":	true
				}],
			"sum":	{
				"start":	56.000077,
				"end":	57.000076,
				"seconds":	0.99999898672103882,
				"bytes":	58982400,
				"bits_per_second":	471859678.12548447,
				"retransmits":	0,
				"omitted":	false,
				"sender":	true
			}
		}, {
			"streams":	[{
					"socket":	6,
					"start":	57.000076,
					"end":	58.000081,
					"seconds":	1.0000050067901611,
					"bytes":	60293120,
					"bits_per_second":	482342545.01209134,
					"retransmits":	0,
					"snd_cwnd":	6304592,
					"snd_wnd":	3143552,
					"rtt":	51712,
					"rttvar":	684,
					"pmtu":	1500,
					"omitted":	false,
					"sender":	true
				}],
			"sum":	{
				"start":	57.000076,
				"end":	58.000081,
				"seconds":	1.0000050067901611,
				"bytes":	60293120,
				"bits_per_second":	482342545.01209134,
				"retransmits":	0,
				"omitted":	false,
				"sender":	true
			}
		}, {
			"streams":	[{
					"socket":	6,
					"start":	58.000081,
					"end":	59.000075,
					"seconds":	0.99999397993087769,
					"bytes":	58982400,
					"bits_per_second":	471862040.64210087,
					"retransmits":	0,
					"snd_cwnd":	6304592,
					"snd_wnd":	3143552,
					"rtt":	50588,
					"rttvar":	247,
					"pmtu":	1500,
					"omitted":	false,
					"sender":	true
				}],
			"sum":	{
				"start":	58.000081,
				"end":	59.000075,
				"seconds":	0.99999397993087769,
				"bytes":	58982400,
				"bits_per_second":	471862040.64210087,
				"retransmits":	0,
				"omitted":	false,
				"sender":	true
			}
		}, {
			"streams":	[{
					"socket":	6,
					"start":	59.000075,
					"end":	60.000092,
					"seconds":	1.0000170469284058,
					"bytes":	60293120,
					"bits_per_second":	482336737.640166,
					"retransmits":	0,
					"snd_cwnd":	6304592,
					"snd_wnd":	3143552,
					"rtt":	51467,
					"rttvar":	503,
					"pmtu":	1500,
					"omitted":	false,
					"sender":	true
				}],
			"sum":	{
				"start":	59.000075,
				"end":	60.000092,
				"seconds":	1.0000170469284058,
				"bytes":	60293120,
				"bits_per_second":	482336737.640166,
				"retransmits":	0,
				"omitted":	false,
				"sender":	true
			}
		}],
	"end":	{
		"streams":	[{
				"sender":	{
					"socket":	6,
					"start":	0,
					"end":	60.000092,
					"seconds":	60.000092,
					"bytes":	3566206976,
					"bits_per_second":	475493534.3765806,
					"retransmits":	0,
					"max_snd_cwnd":	6304592,
					"max_snd_wnd":	3143552,
					"max_rtt":	52648,
					"min_rtt":	50127,
					"mean_rtt":	51225,
					"sender":	true
				},
				"receiver":	{
					"socket":	6,
					"start":	0,
					"end":	60.051297,
					"seconds":	60.000092,
					"bytes":	3565938536,
					"bits_per_second":	475052325.48099673,
					"sender":	true
				}
			}],
		"sum_sent":	{
			"start":	0,
			"end":	60.000092,
			"seconds":	60.000092,
			"bytes":	3566206976,
			"bits_per_second":	475493534.3765806,
			"retransmits":	0,
			"sender":	true
		},
		"sum_received":	{
			"start":	0,
			"end":	60.051297,
			"seconds":	60.051297,
			"bytes":	3565938536,
			"bits_per_second":	475052325.48099673,
			"sender":	true
		},
		"cpu_utilization_percent":	{
			"host_total":	0.88838747700737153,
			"host_user":	0.028653320354237427,
			"host_system":	0.859734156653134,
			"remote_total":	2.4018275436903846,
			"remote_user":	0.14733399505629469,
			"remote_system":	2.2544952138765857
		},
		"sender_tcp_congestion":	"cubic",
		"receiver_tcp_congestion":	"cubic"
	}
}
