{
	"start":	{
		"connected":	[{
				"socket":	6,
				"local_host":	"192.168.101.210",
				"local_port":	49766,
				"remote_host":	"192.168.100.168",
				"remote_port":	5202
			}],
		"version":	"iperf 3.11",
		"system_info":	"Linux f1 6.0.10-300.fc37.x86_64 #1 SMP PREEMPT_DYNAMIC Sat Nov 26 16:55:13 UTC 2022 x86_64",
		"timestamp":	{
			"time":	"Sat, 10 Dec 2022 17:26:55 GMT",
			"timesecs":	1670693215
		},
		"connecting_to":	{
			"host":	"192.168.100.168",
			"port":	5202
		},
		"cookie":	"ls23fhoygyjrlqpgxfe25fm566eivxxgjblz",
		"tcp_mss_default":	1448,
		"target_bitrate":	0,
		"sock_bufsize":	0,
		"sndbuf_actual":	16384,
		"rcvbuf_actual":	131072,
		"test_start":	{
			"protocol":	"TCP",
			"num_streams":	1,
			"blksize":	131072,
			"omit":	0,
			"duration":	60,
			"bytes":	0,
			"blocks":	0,
			"reverse":	0,
			"tos":	0,
			"target_bitrate":	0
		}
	},
	"intervals":	[{
			"streams":	[{
					"socket":	6,
					"start":	0,
					"end":	1.000075,
					"seconds":	1.0000749826431274,
					"bytes":	9043968,
					"bits_per_second":	72346319.2817597,
					"retransmits":	584,
					"snd_cwnd":	619744,
					"snd_wnd":	2903424,
					"rtt":	50566,
					"rttvar":	546,
					"pmtu":	1500,
					"omitted":	false,
					"sender":	true
				}],
			"sum":	{
				"start":	0,
				"end":	1.000075,
				"seconds":	1.0000749826431274,
				"bytes":	9043968,
				"bits_per_second":	72346319.2817597,
				"retransmits":	584,
				"omitted":	false,
				"sender":	true
			}
		}, {
			"streams":	[{
					"socket":	6,
					"start":	1.000075,
					"end":	2.00013,
					"seconds":	1.0000549554824829,
					"bytes":	9175040,
					"bits_per_second":	73396286.4716645,
					"retransmits":	192,
					"snd_cwnd":	881832,
					"snd_wnd":	2764544,
					"rtt":	57823,
					"rttvar":	451,
					"pmtu":	1500,
					"omitted":	false,
					"sender":	true
				}],
			"sum":	{
				"start":	1.000075,
				"end":	2.00013,
				"seconds":	1.0000549554824829,
				"bytes":	9175040,
				"bits_per_second":	73396286.4716645,
				"retransmits":	192,
				"omitted":	false,
				"sender":	true
			}
		}, {
			"streams":	[{
					"socket":	6,
					"start":	2.00013,
					"end":	3.000084,
					"seconds":	0.9999539852142334,
					"bytes":	11796480,
					"bits_per_second":	94376182.6998284,
					"retransmits":	254,
					"snd_cwnd":	708072,
					"snd_wnd":	3145728,
					"rtt":	57333,
					"rttvar":	1263,
					"pmtu":	1500,
					"omitted":	false,
					"sender":	true
				}],
			"sum":	{
				"start":	2.00013,
				"end":	3.000084,
				"seconds":	0.9999539852142334,
				"bytes":	11796480,
				"bits_per_second":	94376182.6998284,
				"retransmits":	254,
				"omitted":	false,
				"sender":	true
			}
		}, {
			"streams":	[{
					"socket":	6,
					"start":	3.000084,
					"end":	4.000084,
					"seconds":	1,
					"bytes":	11796480,
					"bits_per_second":	94371840,
					"retransmits":	299,
					"snd_cwnd":	1274240,
					"snd_wnd":	3145728,
					"rtt":	51452,
					"rttvar":	455,
					"pmtu":	1500,
					"omitted":	false,
					"sender":	true
				}],
			"sum":	{
				"start":	3.000084,
				"end":	4.000084,
				"seconds":	1,
				"bytes":	11796480,
				"bits_per_second":	94371840,
				"retransmits":	299,
				"omitted":	false,
				"sender":	true
			}
		}, {
			"streams":	[{
					"socket":	6,
					"start":	4.000084,
					"end":	5.000138,
					"seconds":	1.0000540018081665,
					"bytes":	10485760,
					"bits_per_second":	83881550.244615,
					"retransmits":	202,
					"snd_cwnd":	684904,
					"snd_wnd":	3145728,
					"rtt":	57027,
					"rttvar":	1619,
					"pmtu":	1500,
					"omitted":	false,
					"sender":	true
				}],
			"sum":	{
				"start":	4.000084,
				"end":	5.000138,
				"seconds":	1.0000540018081665,
				"bytes":	10485760,
				"bits_per_second":	83881550.244615,
				"retransmits":	202,
				"omitted":	false,
				"sender":	true
			}
		}, {
			"streams":	[{
					"socket":	6,
					"start":	5.000138,
					"end":	6.000118,
					"seconds":	0.99997997283935547,
					"bytes":	11796480,
					"bits_per_second":	94373730.0378521,
					"retransmits":	226,
					"snd_cwnd":	1271344,
					"snd_wnd":	3145728,
					"rtt":	50093,
					"rttvar":	23,
					"pmtu":	1500,
					"omitted":	false,
					"sender":	true
				}],
			"sum":	{
				"start":	5.000138,
				"end":	6.000118,
				"seconds":	0.99997997283935547,
				"bytes":	11796480,
				"bits_per_second":	94373730.0378521,
				"retransmits":	226,
				"omitted":	false,
				"sender":	true
			}
		}, {
			"streams":	[{
					"socket":	6,
					"start":	6.000118,
					"end":	7.000097,
					"seconds":	0.999979019165039,
					"bytes":	11796480,
					"bits_per_second":	94373820.0415429,
					"retransmits":	232,
					"snd_cwnd":	763096,
					"snd_wnd":	3145728,
					"rtt":	57750,
					"rttvar":	407,
					"pmtu":	1500,
					"omitted":	false,
					"sender":	true
				}],
			"sum":	{
				"start":	6.000118,
				"end":	7.000097,
				"seconds":	0.999979019165039,
				"bytes":	11796480,
				"bits_per_second":	94373820.0415429,
				"retransmits":	232,
				"omitted":	false,
				"sender":	true
			}
		}, {
			"streams":	[{
					"socket":	6,
					"start":	7.000097,
					"end":	8.000068,
					"seconds":	0.99997097253799438,
					"bytes":	11796480,
					"bits_per_second":	94374579.4545194,
					"retransmits":	244,
					"snd_cwnd":	1320576,
					"snd_wnd":	3145728,
					"rtt":	51010,
					"rttvar":	303,
					"pmtu":	1500,
					"omitted":	false,
					"sender":	true
				}],
			"sum":	{
				"start":	7.000097,
				"end":	8.000068,
				"seconds":	0.99997097253799438,
				"bytes":	11796480,
				"bits_per_second":	94374579.4545194,
				"retransmits":	244,
				"omitted":	false,
				"sender":	true
			}
		}, {
			"streams":	[{
					"socket":	6,
					"start":	8.000068,
					"end":	9.000073,
					"seconds":	1.0000050067901611,
					"bytes":	11796480,
					"bits_per_second":	94371367.5023657,
					"retransmits":	250,
					"snd_cwnd":	1233696,
					"snd_wnd":	3145728,
					"rtt":	53914,
					"rttvar":	391,
					"pmtu":	1500,
					"omitted":	false,
					"sender":	true
				}],
			"sum":	{
				"start":	8.000068,
				"end":	9.000073,
				"seconds":	1.0000050067901611,
				"bytes":	11796480,
				"bits_per_second":	94371367.5023657,
				"retransmits":	250,
				"omitted":	false,
				"sender":	true
			}
		}, {
			"streams":	[{
					"socket":	6,
					"start":	9.000073,
					"end":	10.000076,
					"seconds":	1.0000029802322388,
					"bytes":	11796480,
					"bits_per_second":	94371558.7508382,
					"retransmits":	343,
					"snd_cwnd":	1329264,
					"snd_wnd":	3145728,
					"rtt":	52477,
					"rttvar":	386,
					"pmtu":	1500,
					"omitted":	false,
					"sender":	true
				}],
			"sum":	{
				"start":	9.000073,
				"end":	10.000076,
				"seconds":	1.0000029802322388,
				"bytes":	11796480,
				"bits_per_second":	94371558.7508382,
				"retransmits":	343,
				"omitted":	false,
				"sender":	true
			}
		}, {
			"streams":	[{
					"socket":	6,
					"start":	10.000076,
					"end":	11.000076,
					"seconds":	1,
					"bytes":	9175040,
					"bits_per_second":	73400320,
					"retransmits":	142,
					"snd_cwnd":	1297408,
					"snd_wnd":	3145728,
					"rtt":	54476,
					"rttvar":	290,
					"pmtu":	1500,
					"omitted":	false,
					"sender":	true
				}],
			"sum":	{
				"start":	10.000076,
				"end":	11.000076,
				"seconds":	1,
				"bytes":	9175040,
				"bits_per_second":	73400320,
				"retransmits":	142,
				"omitted":	false,
				"sender":	true
			}
		}, {
			"streams":	[{
					"socket":	6,
					"start":	11.000076,
					"end":	12.000075,
					"seconds":	0.99999898672103882,
					"bytes":	11796480,
					"bits_per_second":	94371935.6250969,
					"retransmits":	364,
					"snd_cwnd":	1288720,
					"snd_wnd":	3145728,
					"rtt":	52695,
					"rttvar":	460,
					"pmtu":	1500,
					"omitted":	false,
					"sender":	true
				}],
			"sum":	{
				"start":	11.000076,
				"end":	12.000075,
				"seconds":	0.99999898672103882,
				"bytes":	11796480,
				"bits_per_second":	94371935.6250969,
				"retransmits":	364,
				"omitted":	false,
				"sender":	true
			}
		}, {
			"streams":	[{
					"socket":	6,
					"start":	12.000075,
					"end":	13.000114,
					"seconds":	1.0000389814376831,
					"bytes":	10485760,
					"bits_per_second":	83882810.127464339,
					"retransmits":	219,
					"snd_cwnd":	1248176,
					"snd_wnd":	3145728,
					"rtt":	50082,
					"rttvar":	7,
					"pmtu":	1500,
					"omitted":	false,
					"sender":	true
				}],
			"sum":	{
				"start":	12.000075,
				"end":	13.000114,
				"seconds":	1.0000389814376831,
				"bytes":	10485760,
				"bits_per_second":	83882810.127464339,
				"retransmits":	219,
				"omitted":	false,
				"sender":	true
			}
		}, {
			"streams":	[{
					"socket":	6,
					"start":	13.000114,
					"end":	14.000081,
					"seconds":	0.99996697902679443,
					"bytes":	11796480,
					"bits_per_second":	94374956.352905,
					"retransmits":	297,
					"snd_cwnd":	1271344,
					"snd_wnd":	3145728,
					"rtt":	50350,
					"rttvar":	189,
					"pmtu":	1500,
					"omitted":	false,
					"sender":	true
				}],
			"sum":	{
				"start":	13.000114,
				"end":	14.000081,
				"seconds":	0.99996697902679443,
				"bytes":	11796480,
				"bits_per_second":	94374956.352905,
				"retransmits":	297,
				"omitted":	false,
				"sender":	true
			}
		}, {
			"streams":	[{
					"socket":	6,
					"start":	14.000081,
					"end":	15.000081,
					"seconds":	1,
					"bytes":	11796480,
					"bits_per_second":	94371840,
					"retransmits":	149,
					"snd_cwnd":	1222112,
					"snd_wnd":	3145728,
					"rtt":	54174,
					"rttvar":	430,
					"pmtu":	1500,
					"omitted":	false,
					"sender":	true
				}],
			"sum":	{
				"start":	14.000081,
				"end":	15.000081,
				"seconds":	1,
				"bytes":	11796480,
				"bits_per_second":	94371840,
				"retransmits":	149,
				"omitted":	false,
				"sender":	true
			}
		}, {
			"streams":	[{
					"socket":	6,
					"start":	15.000081,
					"end":	16.000076,
					"seconds":	0.999994993209839,
					"bytes":	11796480,
					"bits_per_second":	94372312.502365723,
					"retransmits":	345,
					"snd_cwnd":	1300304,
					"snd_wnd":	3145728,
					"rtt":	53142,
					"rttvar":	420,
					"pmtu":	1500,
					"omitted":	false,
					"sender":	true
				}],
			"sum":	{
				"start":	15.000081,
				"end":	16.000076,
				"seconds":	0.999994993209839,
				"bytes":	11796480,
				"bits_per_second":	94372312.502365723,
				"retransmits":	345,
				"omitted":	false,
				"sender":	true
			}
		}, {
			"streams":	[{
					"socket":	6,
					"start":	16.000076,
					"end":	17.00007,
					"seconds":	0.99999397993087769,
					"bytes":	11796480,
					"bits_per_second":	94372408.128420174,
					"retransmits":	179,
					"snd_cwnd":	1213424,
					"snd_wnd":	3145728,
					"rtt":	55888,
					"rttvar":	1545,
					"pmtu":	1500,
					"omitted":	false,
					"sender":	true
				}],
			"sum":	{
				"start":	16.000076,
				"end":	17.00007,
				"seconds":	0.99999397993087769,
				"bytes":	11796480,
				"bits_per_second":	94372408.128420174,
				"retransmits":	179,
				"omitted":	false,
				"sender":	true
			}
		}, {
			"streams":	[{
					"socket":	6,
					"start":	17.00007,
					"end":	18.000125,
					"seconds":	1.0000549554824829,
					"bytes":	10485760,
					"bits_per_second":	83881470.253330857,
					"retransmits":	244,
					"snd_cwnd":	1248176,
					"snd_wnd":	3145728,
					"rtt":	53041,
					"rttvar":	188,
					"pmtu":	1500,
					"omitted":	false,
					"sender":	true
				}],
			"sum":	{
				"start":	17.00007,
				"end":	18.000125,
				"seconds":	1.0000549554824829,
				"bytes":	10485760,
				"bits_per_second":	83881470.253330857,
				"retransmits":	244,
				"omitted":	false,
				"sender":	true
			}
		}, {
			"streams":	[{
					"socket":	6,
					"start":	18.000125,
					"end":	19.000094,
					"seconds":	0.9999690055847168,
					"bytes":	11796480,
					"bits_per_second":	94374765.0906615,
					"retransmits":	257,
					"snd_cwnd":	682008,
					"snd_wnd":	3145728,
					"rtt":	58281,
					"rttvar":	409,
					"pmtu":	1500,
					"omitted":	false,
					"sender":	true
				}],
			"sum":	{
				"start":	18.000125,
				"end":	19.000094,
				"seconds":	0.9999690055847168,
				"bytes":	11796480,
				"bits_per_second":	94374765.0906615,
				"retransmits":	257,
				"omitted":	false,
				"sender":	true
			}
		}, {
			"streams":	[{
					"socket":	6,
					"start":	19.000094,
					"end":	20.000078,
					"seconds":	0.9999840259552002,
					"bytes":	11796480,
					"bits_per_second":	94373347.52408126,
					"retransmits":	401,
					"snd_cwnd":	1271344,
					"snd_wnd":	3145728,
					"rtt":	50116,
					"rttvar":	43,
					"pmtu":	1500,
					"omitted":	false,
					"sender":	true
				}],
			"sum":	{
				"start":	19.000094,
				"end":	20.000078,
				"seconds":	0.9999840259552002,
				"bytes":	11796480,
				"bits_per_second":	94373347.52408126,
				"retransmits":	401,
				"omitted":	false,
				"sender":	true
			}
		}, {
			"streams":	[{
					"socket":	6,
					"start":	20.000078,
					"end":	21.000078,
					"seconds":	1,
					"bytes":	11796480,
					"bits_per_second":	94371840,
					"retransmits":	154,
					"snd_cwnd":	1251072,
					"snd_wnd":	3145728,
					"rtt":	50078,
					"rttvar":	4,
					"pmtu":	1500,
					"omitted":	false,
					"sender":	true
				}],
			"sum":	{
				"start":	20.000078,
				"end":	21.000078,
				"seconds":	1,
				"bytes":	11796480,
				"bits_per_second":	94371840,
				"retransmits":	154,
				"omitted":	false,
				"sender":	true
			}
		}, {
			"streams":	[{
					"socket":	6,
					"start":	21.000078,
					"end":	22.000135,
					"seconds":	1.0000569820404053,
					"bytes":	7864320,
					"bits_per_second":	62910975.204268977,
					"retransmits":	216,
					"snd_cwnd":	1285824,
					"snd_wnd":	3145728,
					"rtt":	56252,
					"rttvar":	286,
					"pmtu":	1500,
					"omitted":	false,
					"sender":	true
				}],
			"sum":	{
				"start":	21.000078,
				"end":	22.000135,
				"seconds":	1.0000569820404053,
				"bytes":	7864320,
				"bits_per_second":	62910975.204268977,
				"retransmits":	216,
				"omitted":	false,
				"sender":	true
			}
		}, {
			"streams":	[{
					"socket":	6,
					"start":	22.000135,
					"end":	23.000109,
					"seconds":	0.999974012374878,
					"bytes":	11796480,
					"bits_per_second":	94374292.5637363,
					"retransmits":	369,
					"snd_cwnd":	648704,
					"snd_wnd":	3145728,
					"rtt":	58060,
					"rttvar":	226,
					"pmtu":	1500,
					"omitted":	false,
					"sender":	true
				}],
			"sum":	{
				"start":	22.000135,
				"end":	23.000109,
				"seconds":	0.999974012374878,
				"bytes":	11796480,
				"bits_per_second":	94374292.5637363,
				"retransmits":	369,
				"omitted":	false,
				"sender":	true
			}
		}, {
			"streams":	[{
					"socket":	6,
					"start":	23.000109,
					"end":	24.000092,
					"seconds":	0.999983012676239,
					"bytes":	11796480,
					"bits_per_second":	94373443.152233273,
					"retransmits":	210,
					"snd_cwnd":	1268448,
					"snd_wnd":	3145728,
					"rtt":	53290,
					"rttvar":	352,
					"pmtu":	1500,
					"omitted":	false,
					"sender":	true
				}],
			"sum":	{
				"start":	23.000109,
				"end":	24.000092,
				"seconds":	0.999983012676239,
				"bytes":	11796480,
				"bits_per_second":	94373443.152233273,
				"retransmits":	210,
				"omitted":	false,
				"sender":	true
			}
		}, {
			"streams":	[{
					"socket":	6,
					"start":	24.000092,
					"end":	25.000072,
					"seconds":	0.99997997283935547,
					"bytes":	11796480,
					"bits_per_second":	94373730.0378521,
					"retransmits":	280,
					"snd_cwnd":	584992,
					"snd_wnd":	3145728,
					"rtt":	54195,
					"rttvar":	1099,
					"pmtu":	1500,
					"omitted":	false,
					"sender":	true
				}],
			"sum":	{
				"start":	24.000092,
				"end":	25.000072,
				"seconds":	0.99997997283935547,
				"bytes":	11796480,
				"bits_per_second":	94373730.0378521,
				"retransmits":	280,
				"omitted":	false,
				"sender":	true
			}
		}, {
			"streams":	[{
					"socket":	6,
					"start":	25.000072,
					"end":	26.000077,
					"seconds":	1.0000050067901611,
					"bytes":	11796480,
					"bits_per_second":	94371367.5023657,
					"retransmits":	196,
					"snd_cwnd":	1256864,
					"snd_wnd":	3145728,
					"rtt":	50101,
					"rttvar":	10,
					"pmtu":	1500,
					"omitted":	false,
					"sender":	true
				}],
			"sum":	{
				"start":	25.000072,
				"end":	26.000077,
				"seconds":	1.0000050067901611,
				"bytes":	11796480,
				"bits_per_second":	94371367.5023657,
				"retransmits":	196,
				"omitted":	false,
				"sender":	true
			}
		}, {
			"streams":	[{
					"socket":	6,
					"start":	26.000077,
					"end":	27.000142,
					"seconds":	1.0000649690628052,
					"bytes":	10485760,
					"bits_per_second":	83880630.3540584,
					"retransmits":	225,
					"snd_cwnd":	712416,
					"snd_wnd":	3002624,
					"rtt":	51962,
					"rttvar":	1129,
					"pmtu":	1500,
					"omitted":	false,
					"sender":	true
				}],
			"sum":	{
				"start":	26.000077,
				"end":	27.000142,
				"seconds":	1.0000649690628052,
				"bytes":	10485760,
				"bits_per_second":	83880630.3540584,
				"retransmits":	225,
				"omitted":	false,
				"sender":	true
			}
		}, {
			"streams":	[{
					"socket":	6,
					"start":	27.000142,
					"end":	28.000129,
					"seconds":	0.999987006187439,
					"bytes":	11796480,
					"bits_per_second":	94373066.265933871,
					"retransmits":	135,
					"snd_cwnd":	1265552,
					"snd_wnd":	3145728,
					"rtt":	50096,
					"rttvar":	30,
					"pmtu":	1500,
					"omitted":	false,
					"sender":	true
				}],
			"sum":	{
				"start":	27.000142,
				"end":	28.000129,
				"seconds":	0.999987006187439,
				"bytes":	11796480,
				"bits_per_second":	94373066.265933871,
				"retransmits":	135,
				"omitted":	false,
				"sender":	true
			}
		}, {
			"streams":	[{
					"socket":	6,
					"start":	28.000129,
					"end":	29.000142,
					"seconds":	1.000012993812561,
					"bytes":	11796480,
					"bits_per_second":	94370613.765933454,
					"retransmits":	285,
					"snd_cwnd":	1077312,
					"snd_wnd":	2907264,
					"rtt":	56581,
					"rttvar":	404,
					"pmtu":	1500,
					"omitted":	false,
					"sender":	true
				}],
			"sum":	{
				"start":	28.000129,
				"end":	29.000142,
				"seconds":	1.000012993812561,
				"bytes":	11796480,
				"bits_per_second":	94370613.765933454,
				"retransmits":	285,
				"omitted":	false,
				"sender":	true
			}
		}, {
			"streams":	[{
					"socket":	6,
					"start":	29.000142,
					"end":	30.000114,
					"seconds":	0.99997198581695557,
					"bytes":	11796480,
					"bits_per_second":	94374483.824064568,
					"retransmits":	237,
					"snd_cwnd":	1274240,
					"snd_wnd":	3145728,
					"rtt":	50088,
					"rttvar":	15,
					"pmtu":	1500,
					"omitted":	false,
					"sender":	true
				}],
			"sum":	{
				"start":	29.000142,
				"end":	30.000114,
				"seconds":	0.99997198581695557,
				"bytes":	11796480,
				"bits_per_second":	94374483.824064568,
				"retransmits":	237,
				"omitted":	false,
				"sender":	true
			}
		}, {
			"streams":	[{
					"socket":	6,
					"start":	30.000114,
					"end":	31.000073,
					"seconds":	0.99995899200439453,
					"bytes":	11796480,
					"bits_per_second":	94375710.158707455,
					"retransmits":	335,
					"snd_cwnd":	912240,
					"snd_wnd":	2860416,
					"rtt":	50660,
					"rttvar":	586,
					"pmtu":	1500,
					"omitted":	false,
					"sender":	true
				}],
			"sum":	{
				"start":	30.000114,
				"end":	31.000073,
				"seconds":	0.99995899200439453,
				"bytes":	11796480,
				"bits_per_second":	94375710.158707455,
				"retransmits":	335,
				"omitted":	false,
				"sender":	true
			}
		}, {
			"streams":	[{
					"socket":	6,
					"start":	31.000073,
					"end":	32.000091,
					"seconds":	1.0000180006027222,
					"bytes":	9175040,
					"bits_per_second":	73398998.773782864,
					"retransmits":	150,
					"snd_cwnd":	1326368,
					"snd_wnd":	3145728,
					"rtt":	56923,
					"rttvar":	626,
					"pmtu":	1500,
					"omitted":	false,
					"sender":	true
				}],
			"sum":	{
				"start":	31.000073,
				"end":	32.000091,
				"seconds":	1.0000180006027222,
				"bytes":	9175040,
				"bits_per_second":	73398998.773782864,
				"retransmits":	150,
				"omitted":	false,
				"sender":	true
			}
		}, {
			"streams":	[{
					"socket":	6,
					"start":	32.000091,
					"end":	33.00008,
					"seconds":	0.99998897314071655,
					"bytes":	10485760,
					"bits_per_second":	83887005.010199964,
					"retransmits":	303,
					"snd_cwnd":	848528,
					"snd_wnd":	2869120,
					"rtt":	50617,
					"rttvar":	525,
					"pmtu":	1500,
					"omitted":	false,
					"sender":	true
				}],
			"sum":	{
				"start":	32.000091,
				"end":	33.00008,
				"seconds":	0.99998897314071655,
				"bytes":	10485760,
				"bits_per_second":	83887005.010199964,
				"retransmits":	303,
				"omitted":	false,
				"sender":	true
			}
		}, {
			"streams":	[{
					"socket":	6,
					"start":	33.00008,
					"end":	34.000073,
					"seconds":	0.99999302625656128,
					"bytes":	13107200,
					"bits_per_second":	104858331.25509958,
					"retransmits":	165,
					"snd_cwnd":	1268448,
					"snd_wnd":	3145728,
					"rtt":	53927,
					"rttvar":	291,
					"pmtu":	1500,
					"omitted":	false,
					"sender":	true
				}],
			"sum":	{
				"start":	33.00008,
				"end":	34.000073,
				"seconds":	0.99999302625656128,
				"bytes":	13107200,
				"bits_per_second":	104858331.25509958,
				"retransmits":	165,
				"omitted":	false,
				"sender":	true
			}
		}, {
			"streams":	[{
					"socket":	6,
					"start":	34.000073,
					"end":	35.000127,
					"seconds":	1.0000540018081665,
					"bytes":	10485760,
					"bits_per_second":	83881550.244615,
					"retransmits":	298,
					"snd_cwnd":	1245280,
					"snd_wnd":	3145728,
					"rtt":	50119,
					"rttvar":	65,
					"pmtu":	1500,
					"omitted":	false,
					"sender":	true
				}],
			"sum":	{
				"start":	34.000073,
				"end":	35.000127,
				"seconds":	1.0000540018081665,
				"bytes":	10485760,
				"bits_per_second":	83881550.244615,
				"retransmits":	298,
				"omitted":	false,
				"sender":	true
			}
		}, {
			"streams":	[{
					"socket":	6,
					"start":	35.000127,
					"end":	36.000099,
					"seconds":	0.99997198581695557,
					"bytes":	11796480,
					"bits_per_second":	94374483.824064568,
					"retransmits":	185,
					"snd_cwnd":	686352,
					"snd_wnd":	3145728,
					"rtt":	56803,
					"rttvar":	410,
					"pmtu":	1500,
					"omitted":	false,
					"sender":	true
				}],
			"sum":	{
				"start":	35.000127,
				"end":	36.000099,
				"seconds":	0.99997198581695557,
				"bytes":	11796480,
				"bits_per_second":	94374483.824064568,
				"retransmits":	185,
				"omitted":	false,
				"sender":	true
			}
		}, {
			"streams":	[{
					"socket":	6,
					"start":	36.000099,
					"end":	37.000079,
					"seconds":	0.99997997283935547,
					"bytes":	11796480,
					"bits_per_second":	94373730.0378521,
					"retransmits":	310,
					"snd_cwnd":	1291616,
					"snd_wnd":	3077376,
					"rtt":	54536,
					"rttvar":	362,
					"pmtu":	1500,
					"omitted":	false,
					"sender":	true
				}],
			"sum":	{
				"start":	36.000099,
				"end":	37.000079,
				"seconds":	0.99997997283935547,
				"bytes":	11796480,
				"bits_per_second":	94373730.0378521,
				"retransmits":	310,
				"omitted":	false,
				"sender":	true
			}
		}, {
			"streams":	[{
					"socket":	6,
					"start":	37.000079,
					"end":	38.00007,
					"seconds":	0.999990999698639,
					"bytes":	11796480,
					"bits_per_second":	94372689.3826447,
					"retransmits":	146,
					"snd_cwnd":	1259760,
					"snd_wnd":	3145728,
					"rtt":	51570,
					"rttvar":	26,
					"pmtu":	1500,
					"omitted":	false,
					"sender":	true
				}],
			"sum":	{
				"start":	37.000079,
				"end":	38.00007,
				"seconds":	0.999990999698639,
				"bytes":	11796480,
				"bits_per_second":	94372689.3826447,
				"retransmits":	146,
				"omitted":	false,
				"sender":	true
			}
		}, {
			"streams":	[{
					"socket":	6,
					"start":	38.00007,
					"end":	39.00007,
					"seconds":	1,
					"bytes":	11796480,
					"bits_per_second":	94371840,
					"retransmits":	297,
					"snd_cwnd":	1262656,
					"snd_wnd":	3145728,
					"rtt":	50079,
					"rttvar":	6,
					"pmtu":	1500,
					"omitted":	false,
					"sender":	true
				}],
			"sum":	{
				"start":	38.00007,
				"end":	39.00007,
				"seconds":	1,
				"bytes":	11796480,
				"bits_per_second":	94371840,
				"retransmits":	297,
				"omitted":	false,
				"sender":	true
			}
		}, {
			"streams":	[{
					"socket":	6,
					"start":	39.00007,
					"end":	40.000116,
					"seconds":	1.0000460147857666,
					"bytes":	10485760,
					"bits_per_second":	83882220.1776089,
					"retransmits":	200,
					"snd_cwnd":	1274240,
					"snd_wnd":	3145728,
					"rtt":	55605,
					"rttvar":	193,
					"pmtu":	1500,
					"omitted":	false,
					"sender":	true
				}],
			"sum":	{
				"start":	39.00007,
				"end":	40.000116,
				"seconds":	1.0000460147857666,
				"bytes":	10485760,
				"bits_per_second":	83882220.1776089,
				"retransmits":	200,
				"omitted":	false,
				"sender":	true
			}
		}, {
			"streams":	[{
					"socket":	6,
					"start":	40.000116,
					"end":	41.000075,
					"seconds":	0.99995899200439453,
					"bytes":	11796480,
					"bits_per_second":	94375710.158707455,
					"retransmits":	237,
					"snd_cwnd":	1230800,
					"snd_wnd":	3145728,
					"rtt":	50089,
					"rttvar":	11,
					"pmtu":	1500,
					"omitted":	false,
					"sender":	true
				}],
			"sum":	{
				"start":	40.000116,
				"end":	41.000075,
				"seconds":	0.99995899200439453,
				"bytes":	11796480,
				"bits_per_second":	94375710.158707455,
				"retransmits":	237,
				"omitted":	false,
				"sender":	true
			}
		}, {
			"streams":	[{
					"socket":	6,
					"start":	41.000075,
					"end":	42.000295,
					"seconds":	1.0002199411392212,
					"bytes":	9175040,
					"bits_per_second":	73384179.799894,
					"retransmits":	103,
					"snd_cwnd":	5792,
					"snd_wnd":	3145728,
					"rtt":	52178,
					"rttvar":	898,
					"pmtu":	1500,
					"omitted":	false,
					"sender":	true
				}],
			"sum":	{
				"start":	41.000075,
				"end":	42.000295,
				"seconds":	1.0002199411392212,
				"bytes":	9175040,
				"bits_per_second":	73384179.799894,
				"retransmits":	103,
				"omitted":	false,
				"sender":	true
			}
		}, {
			"streams":	[{
					"socket":	6,
					"start":	42.000295,
					"end":	43.000069,
					"seconds":	0.99977397918701172,
					"bytes":	10485760,
					"bits_per_second":	83905044.2863234,
					"retransmits":	302,
					"snd_cwnd":	825360,
					"snd_wnd":	3145728,
					"rtt":	58021,
					"rttvar":	787,
					"pmtu":	1500,
					"omitted":	false,
					"sender":	true
				}],
			"sum":	{
				"start":	42.000295,
				"end":	43.000069,
				"seconds":	0.99977397918701172,
				"bytes":	10485760,
				"bits_per_second":	83905044.2863234,
				"retransmits":	302,
				"omitted":	false,
				"sender":	true
			}
		}, {
			"streams":	[{
					"socket":	6,
					"start":	43.000069,
					"end":	44.000101,
					"seconds":	1.0000319480895996,
					"bytes":	11796480,
					"bits_per_second":	94368825.0963204,
					"retransmits":	257,
					"snd_cwnd":	1288720,
					"snd_wnd":	3145728,
					"rtt":	51072,
					"rttvar":	238,
					"pmtu":	1500,
					"omitted":	false,
					"sender":	true
				}],
			"sum":	{
				"start":	43.000069,
				"end":	44.000101,
				"seconds":	1.0000319480895996,
				"bytes":	11796480,
				"bits_per_second":	94368825.0963204,
				"retransmits":	257,
				"omitted":	false,
				"sender":	true
			}
		}, {
			"streams":	[{
					"socket":	6,
					"start":	44.000101,
					"end":	45.000085,
					"seconds":	0.9999840259552002,
					"bytes":	11796480,
					"bits_per_second":	94373347.52408126,
					"retransmits":	259,
					"snd_cwnd":	1259760,
					"snd_wnd":	3145728,
					"rtt":	56731,
					"rttvar":	332,
					"pmtu":	1500,
					"omitted":	false,
					"sender":	true
				}],
			"sum":	{
				"start":	44.000101,
				"end":	45.000085,
				"seconds":	0.9999840259552002,
				"bytes":	11796480,
				"bits_per_second":	94373347.52408126,
				"retransmits":	259,
				"omitted":	false,
				"sender":	true
			}
		}, {
			"streams":	[{
					"socket":	6,
					"start":	45.000085,
					"end":	46.000088,
					"seconds":	1.0000029802322388,
					"bytes":	11796480,
					"bits_per_second":	94371558.7508382,
					"retransmits":	278,
					"snd_cwnd":	1262656,
					"snd_wnd":	3145728,
					"rtt":	50082,
					"rttvar":	5,
					"pmtu":	1500,
					"omitted":	false,
					"sender":	true
				}],
			"sum":	{
				"start":	45.000085,
				"end":	46.000088,
				"seconds":	1.0000029802322388,
				"bytes":	11796480,
				"bits_per_second":	94371558.7508382,
				"retransmits":	278,
				"omitted":	false,
				"sender":	true
			}
		}, {
			"streams":	[{
					"socket":	6,
					"start":	46.000088,
					"end":	47.000086,
					"seconds":	0.99999797344207764,
					"bytes":	11796480,
					"bits_per_second":	94372031.2503876,
					"retransmits":	144,
					"snd_cwnd":	1268448,
					"snd_wnd":	3145728,
					"rtt":	53260,
					"rttvar":	31,
					"pmtu":	1500,
					"omitted":	false,
					"sender":	true
				}],
			"sum":	{
				"start":	46.000088,
				"end":	47.000086,
				"seconds":	0.99999797344207764,
				"bytes":	11796480,
				"bits_per_second":	94372031.2503876,
				"retransmits":	144,
				"omitted":	false,
				"sender":	true
			}
		}, {
			"streams":	[{
					"socket":	6,
					"start":	47.000086,
					"end":	48.00011,
					"seconds":	1.0000239610672,
					"bytes":	10485760,
					"bits_per_second":	83884070.0481606,
					"retransmits":	225,
					"snd_cwnd":	1268448,
					"snd_wnd":	3145728,
					"rtt":	50086,
					"rttvar":	8,
					"pmtu":	1500,
					"omitted":	false,
					"sender":	true
				}],
			"sum":	{
				"start":	47.000086,
				"end":	48.00011,
				"seconds":	1.0000239610672,
				"bytes":	10485760,
				"bits_per_second":	83884070.0481606,
				"retransmits":	225,
				"omitted":	false,
				"sender":	true
			}
		}, {
			"streams":	[{
					"socket":	6,
					"start":	48.00011,
					"end":	49.000123,
					"seconds":	1.000012993812561,
					"bytes":	11796480,
					"bits_per_second":	94370613.765933454,
					"retransmits":	149,
					"snd_cwnd":	1277136,
					"snd_wnd":	3145728,
					"rtt":	50837,
					"rttvar":	52,
					"pmtu":	1500,
					"omitted":	false,
					"sender":	true
				}],
			"sum":	{
				"start":	48.00011,
				"end":	49.000123,
				"seconds":	1.000012993812561,
				"bytes":	11796480,
				"bits_per_second":	94370613.765933454,
				"retransmits":	149,
				"omitted":	false,
				"sender":	true
			}
		}, {
			"streams":	[{
					"socket":	6,
					"start":	49.000123,
					"end":	50.000098,
					"seconds":	0.999975025653839,
					"bytes":	11796480,
					"bits_per_second":	94374196.9338629,
					"retransmits":	216,
					"snd_cwnd":	1274240,
					"snd_wnd":	3145728,
					"rtt":	50084,
					"rttvar":	7,
					"pmtu":	1500,
					"omitted":	false,
					"sender":	true
				}],
			"sum":	{
				"start":	49.000123,
				"end":	50.000098,
				"seconds":	0.999975025653839,
				"bytes":	11796480,
				"bits_per_second":	94374196.9338629,
				"retransmits":	216,
				"omitted":	false,
				"sender":	true
			}
		}, {
			"streams":	[{
					"socket":	6,
					"start":	50.000098,
					"end":	51.000208,
					"seconds":	1.0001100301742554,
					"bytes":	10485760,
					"bits_per_second":	83876851.0154668,
					"retransmits":	213,
					"snd_cwnd":	1259760,
					"snd_wnd":	3145728,
					"rtt":	57286,
					"rttvar":	156,
					"pmtu":	1500,
					"omitted":	false,
					"sender":	true
				}],
			"sum":	{
				"start":	50.000098,
				"end":	51.000208,
				"seconds":	1.0001100301742554,
				"bytes":	10485760,
				"bits_per_second":	83876851.0154668,
				"retransmits":	213,
				"omitted":	false,
				"sender":	true
			}
		}, {
			"streams":	[{
					"socket":	6,
					"start":	51.000208,
					"end":	52.000074,
					"seconds":	0.999866008758545,
					"bytes":	13107200,
					"bits_per_second":	104871651.88282922,
					"retransmits":	585,
					"snd_cwnd":	1430624,
					"snd_wnd":	3145728,
					"rtt":	55926,
					"rttvar":	803,
					"pmtu":	1500,
					"omitted":	false,
					"sender":	true
				}],
			"sum":	{
				"start":	51.000208,
				"end":	52.000074,
				"seconds":	0.999866008758545,
				"bytes":	13107200,
				"bits_per_second":	104871651.88282922,
				"retransmits":	585,
				"omitted":	false,
				"sender":	true
			}
		}, {
			"streams":	[{
					"socket":	6,
					"start":	52.000074,
					"end":	53.000078,
					"seconds":	1.0000040531158447,
					"bytes":	9175040,
					"bits_per_second":	73400022.5012058,
					"retransmits":	452,
					"snd_cwnd":	1413248,
					"snd_wnd":	3141248,
					"rtt":	57586,
					"rttvar":	1047,
					"pmtu":	1500,
					"omitted":	false,
					"sender":	true
				}],
			"sum":	{
				"start":	52.000074,
				"end":	53.000078,
				"seconds":	1.0000040531158447,
				"bytes":	9175040,
				"bits_per_second":	73400022.5012058,
				"retransmits":	452,
				"omitted":	false,
				"sender":	true
			}
		}, {
			"streams":	[{
					"socket":	6,
					"start":	53.000078,
					"end":	54.000159,
					"seconds":	1.000080943107605,
					"bytes":	10485760,
					"bits_per_second":	83879290.5495592,
					"retransmits":	614,
					"snd_cwnd":	747168,
					"snd_wnd":	2937600,
					"rtt":	51905,
					"rttvar":	1331,
					"pmtu":	1500,
					"omitted":	false,
					"sender":	true
				}],
			"sum":	{
				"start":	53.000078,
				"end":	54.000159,
				"seconds":	1.000080943107605,
				"bytes":	10485760,
				"bits_per_second":	83879290.5495592,
				"retransmits":	614,
				"omitted":	false,
				"sender":	true
			}
		}, {
			"streams":	[{
					"socket":	6,
					"start":	54.000159,
					"end":	55.00015,
					"seconds":	0.999990999698639,
					"bytes":	11796480,
					"bits_per_second":	94372689.3826447,
					"retransmits":	203,
					"snd_cwnd":	674768,
					"snd_wnd":	3145728,
					"rtt":	58218,
					"rttvar":	201,
					"pmtu":	1500,
					"omitted":	false,
					"sender":	true
				}],
			"sum":	{
				"start":	54.000159,
				"end":	55.00015,
				"seconds":	0.999990999698639,
				"bytes":	11796480,
				"bits_per_second":	94372689.3826447,
				"retransmits":	203,
				"omitted":	false,
				"sender":	true
			}
		}, {
			"streams":	[{
					"socket":	6,
					"start":	55.00015,
					"end":	56.000079,
					"seconds":	0.99992901086807251,
					"bytes":	11796480,
					"bits_per_second":	94378539.850616574,
					"retransmits":	390,
					"snd_cwnd":	674768,
					"snd_wnd":	3143552,
					"rtt":	58274,
					"rttvar":	341,
					"pmtu":	1500,
					"omitted":	false,
					"sender":	true
				}],
			"sum":	{
				"start":	55.00015,
				"end":	56.000079,
				"seconds":	0.99992901086807251,
				"bytes":	11796480,
				"bits_per_second":	94378539.850616574,
				"retransmits":	390,
				"omitted":	false,
				"sender":	true
			}
		}, {
			"streams":	[{
					"socket":	6,
					"start":	56.000079,
					"end":	57.000114,
					"seconds":	1.0000350475311279,
					"bytes":	11796480,
					"bits_per_second":	94368532.615915641,
					"retransmits":	276,
					"snd_cwnd":	1268448,
					"snd_wnd":	3145728,
					"rtt":	52183,
					"rttvar":	247,
					"pmtu":	1500,
					"omitted":	false,
					"sender":	true
				}],
			"sum":	{
				"start":	56.000079,
				"end":	57.000114,
				"seconds":	1.0000350475311279,
				"bytes":	11796480,
				"bits_per_second":	94368532.615915641,
				"retransmits":	276,
				"omitted":	false,
				"sender":	true
			}
		}, {
			"streams":	[{
					"socket":	6,
					"start":	57.000114,
					"end":	58.00006,
					"seconds":	0.9999459981918335,
					"bytes":	11796480,
					"bits_per_second":	94376936.525221571,
					"retransmits":	175,
					"snd_cwnd":	729792,
					"snd_wnd":	3145728,
					"rtt":	56280,
					"rttvar":	1692,
					"pmtu":	1500,
					"omitted":	false,
					"sender":	true
				}],
			"sum":	{
				"start":	57.000114,
				"end":	58.00006,
				"seconds":	0.9999459981918335,
				"bytes":	11796480,
				"bits_per_second":	94376936.525221571,
				"retransmits":	175,
				"omitted":	false,
				"sender":	true
			}
		}, {
			"streams":	[{
					"socket":	6,
					"start":	58.00006,
					"end":	59.000088,
					"seconds":	1.0000280141830444,
					"bytes":	11796480,
					"bits_per_second":	94369196.324060425,
					"retransmits":	340,
					"snd_cwnd":	1259760,
					"snd_wnd":	3145728,
					"rtt":	50079,
					"rttvar":	10,
					"pmtu":	1500,
					"omitted":	false,
					"sender":	true
				}],
			"sum":	{
				"start":	58.00006,
				"end":	59.000088,
				"seconds":	1.0000280141830444,
				"bytes":	11796480,
				"bits_per_second":	94369196.324060425,
				"retransmits":	340,
				"omitted":	false,
				"sender":	true
			}
		}, {
			"streams":	[{
					"socket":	6,
					"start":	59.000088,
					"end":	60.00008,
					"seconds":	0.9999920129776,
					"bytes":	11796480,
					"bits_per_second":	94372593.756020263,
					"retransmits":	176,
					"snd_cwnd":	1245280,
					"snd_wnd":	3145728,
					"rtt":	53408,
					"rttvar":	340,
					"pmtu":	1500,
					"omitted":	false,
					"sender":	true
				}],
			"sum":	{
				"start":	59.000088,
				"end":	60.00008,
				"seconds":	0.9999920129776,
				"bytes":	11796480,
				"bits_per_second":	94372593.756020263,
				"retransmits":	176,
				"omitted":	false,
				"sender":	true
			}
		}],
	"end":	{
		"streams":	[{
				"sender":	{
					"socket":	6,
					"start":	0,
					"end":	60.00008,
					"seconds":	60.00008,
					"bytes":	676200448,
					"bits_per_second":	90159939.520080641,
					"retransmits":	15713,
					"max_snd_cwnd":	1430624,
					"max_snd_wnd":	3145728,
					"max_rtt":	58281,
					"min_rtt":	50078,
					"mean_rtt":	53446,
					"sender":	true
				},
				"receiver":	{
					"socket":	6,
					"start":	0,
					"end":	60.055573,
					"seconds":	60.00008,
					"bytes":	672478712,
					"bits_per_second":	89580856.9839139,
					"sender":	true
				}
			}],
		"sum_sent":	{
			"start":	0,
			"end":	60.00008,
			"seconds":	60.00008,
			"bytes":	676200448,
			"bits_per_second":	90159939.520080641,
			"retransmits":	15713,
			"sender":	true
		},
		"sum_received":	{
			"start":	0,
			"end":	60.055573,
			"seconds":	60.055573,
			"bytes":	672478712,
			"bits_per_second":	89580856.9839139,
			"sender":	true
		},
		"cpu_utilization_percent":	{
			"host_total":	0.2744579467179642,
			"host_user":	0.017296471622773806,
			"host_system":	0.25716479718711832,
			"remote_total":	1.9418976279741904,
			"remote_user":	0.11969244626136859,
			"remote_system":	1.822205181712822
		},
		"sender_tcp_congestion":	"bbr",
		"receiver_tcp_congestion":	"bbr"
	}
}
