{
	"start":	{
		"connected":	[{
				"socket":	6,
				"local_host":	"192.168.101.210",
				"local_port":	41908,
				"remote_host":	"192.168.100.168",
				"remote_port":	5201
			}],
		"version":	"iperf 3.11",
		"system_info":	"Linux f1 6.0.10-300.fc37.x86_64 #1 SMP PREEMPT_DYNAMIC Sat Nov 26 16:55:13 UTC 2022 x86_64",
		"timestamp":	{
			"time":	"Sat, 10 Dec 2022 17:27:56 GMT",
			"timesecs":	1670693276
		},
		"connecting_to":	{
			"host":	"192.168.100.168",
			"port":	5201
		},
		"cookie":	"hc6i5ttgwgspghhola7upwuxjiqjqz7omzfc",
		"tcp_mss_default":	1448,
		"target_bitrate":	0,
		"sock_bufsize":	0,
		"sndbuf_actual":	16384,
		"rcvbuf_actual":	131072,
		"test_start":	{
			"protocol":	"TCP",
			"num_streams":	1,
			"blksize":	131072,
			"omit":	0,
			"duration":	60,
			"bytes":	0,
			"blocks":	0,
			"reverse":	0,
			"tos":	0,
			"target_bitrate":	0
		}
	},
	"intervals":	[{
			"streams":	[{
					"socket":	6,
					"start":	0,
					"end":	1.000122,
					"seconds":	1.0001219511032104,
					"bytes":	8257536,
					"bits_per_second":	66052232.857333533,
					"retransmits":	0,
					"snd_cwnd":	1007808,
					"snd_wnd":	3143552,
					"rtt":	142841,
					"rttvar":	756,
					"pmtu":	1500,
					"omitted":	false,
					"sender":	true
				}],
			"sum":	{
				"start":	0,
				"end":	1.000122,
				"seconds":	1.0001219511032104,
				"bytes":	8257536,
				"bits_per_second":	66052232.857333533,
				"retransmits":	0,
				"omitted":	false,
				"sender":	true
			}
		}, {
			"streams":	[{
					"socket":	6,
					"start":	1.000122,
					"end":	2.000146,
					"seconds":	1.0000239610672,
					"bytes":	6553600,
					"bits_per_second":	52427543.780100368,
					"retransmits":	0,
					"snd_cwnd":	1342296,
					"snd_wnd":	3143552,
					"rtt":	188712,
					"rttvar":	185,
					"pmtu":	1500,
					"omitted":	false,
					"sender":	true
				}],
			"sum":	{
				"start":	1.000122,
				"end":	2.000146,
				"seconds":	1.0000239610672,
				"bytes":	6553600,
				"bits_per_second":	52427543.780100368,
				"retransmits":	0,
				"omitted":	false,
				"sender":	true
			}
		}, {
			"streams":	[{
					"socket":	6,
					"start":	2.000146,
					"end":	3.000117,
					"seconds":	0.99997097253799438,
					"bytes":	7864320,
					"bits_per_second":	62916386.303012945,
					"retransmits":	0,
					"snd_cwnd":	1731808,
					"snd_wnd":	3143552,
					"rtt":	191674,
					"rttvar":	448,
					"pmtu":	1500,
					"omitted":	false,
					"sender":	true
				}],
			"sum":	{
				"start":	2.000146,
				"end":	3.000117,
				"seconds":	0.99997097253799438,
				"bytes":	7864320,
				"bits_per_second":	62916386.303012945,
				"retransmits":	0,
				"omitted":	false,
				"sender":	true
			}
		}, {
			"streams":	[{
					"socket":	6,
					"start":	3.000117,
					"end":	4.000136,
					"seconds":	1.0000189542770386,
					"bytes":	9175040,
					"bits_per_second":	73398928.776369631,
					"retransmits":	0,
					"snd_cwnd":	2196616,
					"snd_wnd":	3143552,
					"rtt":	219114,
					"rttvar":	402,
					"pmtu":	1500,
					"omitted":	false,
					"sender":	true
				}],
			"sum":	{
				"start":	3.000117,
				"end":	4.000136,
				"seconds":	1.0000189542770386,
				"bytes":	9175040,
				"bits_per_second":	73398928.776369631,
				"retransmits":	0,
				"omitted":	false,
				"sender":	true
			}
		}, {
			"streams":	[{
					"socket":	6,
					"start":	4.000136,
					"end":	5.000103,
					"seconds":	0.99996697902679443,
					"bytes":	10485760,
					"bits_per_second":	83888850.0914711,
					"retransmits":	0,
					"snd_cwnd":	2688936,
					"snd_wnd":	3143552,
					"rtt":	241156,
					"rttvar":	280,
					"pmtu":	1500,
					"omitted":	false,
					"sender":	true
				}],
			"sum":	{
				"start":	4.000136,
				"end":	5.000103,
				"seconds":	0.99996697902679443,
				"bytes":	10485760,
				"bits_per_second":	83888850.0914711,
				"retransmits":	0,
				"omitted":	false,
				"sender":	true
			}
		}, {
			"streams":	[{
					"socket":	6,
					"start":	5.000103,
					"end":	6.000101,
					"seconds":	0.99999797344207764,
					"bytes":	10485760,
					"bits_per_second":	83886250.0003445,
					"retransmits":	0,
					"snd_cwnd":	3213112,
					"snd_wnd":	3143552,
					"rtt":	258615,
					"rttvar":	5551,
					"pmtu":	1500,
					"omitted":	false,
					"sender":	true
				}],
			"sum":	{
				"start":	5.000103,
				"end":	6.000101,
				"seconds":	0.99999797344207764,
				"bytes":	10485760,
				"bits_per_second":	83886250.0003445,
				"retransmits":	0,
				"omitted":	false,
				"sender":	true
			}
		}, {
			"streams":	[{
					"socket":	6,
					"start":	6.000101,
					"end":	7.000113,
					"seconds":	1.0000120401382446,
					"bytes":	10485760,
					"bits_per_second":	83885070.0121604,
					"retransmits":	0,
					"snd_cwnd":	3275376,
					"snd_wnd":	3143552,
					"rtt":	254787,
					"rttvar":	6815,
					"pmtu":	1500,
					"omitted":	false,
					"sender":	true
				}],
			"sum":	{
				"start":	6.000101,
				"end":	7.000113,
				"seconds":	1.0000120401382446,
				"bytes":	10485760,
				"bits_per_second":	83885070.0121604,
				"retransmits":	0,
				"omitted":	false,
				"sender":	true
			}
		}, {
			"streams":	[{
					"socket":	6,
					"start":	7.000113,
					"end":	8.000086,
					"seconds":	0.99997299909591675,
					"bytes":	10485760,
					"bits_per_second":	83888345.0611587,
					"retransmits":	0,
					"snd_cwnd":	3275376,
					"snd_wnd":	3143552,
					"rtt":	259813,
					"rttvar":	5714,
					"pmtu":	1500,
					"omitted":	false,
					"sender":	true
				}],
			"sum":	{
				"start":	7.000113,
				"end":	8.000086,
				"seconds":	0.99997299909591675,
				"bytes":	10485760,
				"bits_per_second":	83888345.0611587,
				"retransmits":	0,
				"omitted":	false,
				"sender":	true
			}
		}, {
			"streams":	[{
					"socket":	6,
					"start":	8.000086,
					"end":	9.000092,
					"seconds":	1.0000059604644775,
					"bytes":	10485760,
					"bits_per_second":	83885580.0029802,
					"retransmits":	0,
					"snd_cwnd":	3275376,
					"snd_wnd":	3143552,
					"rtt":	283300,
					"rttvar":	3366,
					"pmtu":	1500,
					"omitted":	false,
					"sender":	true
				}],
			"sum":	{
				"start":	8.000086,
				"end":	9.000092,
				"seconds":	1.0000059604644775,
				"bytes":	10485760,
				"bits_per_second":	83885580.0029802,
				"retransmits":	0,
				"omitted":	false,
				"sender":	true
			}
		}, {
			"streams":	[{
					"socket":	6,
					"start":	9.000092,
					"end":	10.000142,
					"seconds":	1.0000499486923218,
					"bytes":	10485760,
					"bits_per_second":	83881890.209274575,
					"retransmits":	0,
					"snd_cwnd":	3275376,
					"snd_wnd":	3143552,
					"rtt":	282972,
					"rttvar":	195,
					"pmtu":	1500,
					"omitted":	false,
					"sender":	true
				}],
			"sum":	{
				"start":	9.000092,
				"end":	10.000142,
				"seconds":	1.0000499486923218,
				"bytes":	10485760,
				"bits_per_second":	83881890.209274575,
				"retransmits":	0,
				"omitted":	false,
				"sender":	true
			}
		}, {
			"streams":	[{
					"socket":	6,
					"start":	10.000142,
					"end":	11.00012,
					"seconds":	0.999978005886078,
					"bytes":	11796480,
					"bits_per_second":	94373915.670652539,
					"retransmits":	0,
					"snd_cwnd":	3275376,
					"snd_wnd":	3143552,
					"rtt":	264819,
					"rttvar":	2029,
					"pmtu":	1500,
					"omitted":	false,
					"sender":	true
				}],
			"sum":	{
				"start":	10.000142,
				"end":	11.00012,
				"seconds":	0.999978005886078,
				"bytes":	11796480,
				"bits_per_second":	94373915.670652539,
				"retransmits":	0,
				"omitted":	false,
				"sender":	true
			}
		}, {
			"streams":	[{
					"socket":	6,
					"start":	11.00012,
					"end":	12.000184,
					"seconds":	1.0000640153884888,
					"bytes":	10485760,
					"bits_per_second":	83880710.343740627,
					"retransmits":	0,
					"snd_cwnd":	3275376,
					"snd_wnd":	3143552,
					"rtt":	267311,
					"rttvar":	5274,
					"pmtu":	1500,
					"omitted":	false,
					"sender":	true
				}],
			"sum":	{
				"start":	11.00012,
				"end":	12.000184,
				"seconds":	1.0000640153884888,
				"bytes":	10485760,
				"bits_per_second":	83880710.343740627,
				"retransmits":	0,
				"omitted":	false,
				"sender":	true
			}
		}, {
			"streams":	[{
					"socket":	6,
					"start":	12.000184,
					"end":	13.000095,
					"seconds":	0.99991101026535034,
					"bytes":	11796480,
					"bits_per_second":	94380238.872413427,
					"retransmits":	0,
					"snd_cwnd":	3275376,
					"snd_wnd":	3143552,
					"rtt":	260979,
					"rttvar":	5624,
					"pmtu":	1500,
					"omitted":	false,
					"sender":	true
				}],
			"sum":	{
				"start":	12.000184,
				"end":	13.000095,
				"seconds":	0.99991101026535034,
				"bytes":	11796480,
				"bits_per_second":	94380238.872413427,
				"retransmits":	0,
				"omitted":	false,
				"sender":	true
			}
		}, {
			"streams":	[{
					"socket":	6,
					"start":	13.000095,
					"end":	14.000116,
					"seconds":	1.0000209808349609,
					"bytes":	10485760,
					"bits_per_second":	83884320.0369255,
					"retransmits":	0,
					"snd_cwnd":	3275376,
					"snd_wnd":	3143552,
					"rtt":	278829,
					"rttvar":	8332,
					"pmtu":	1500,
					"omitted":	false,
					"sender":	true
				}],
			"sum":	{
				"start":	13.000095,
				"end":	14.000116,
				"seconds":	1.0000209808349609,
				"bytes":	10485760,
				"bits_per_second":	83884320.0369255,
				"retransmits":	0,
				"omitted":	false,
				"sender":	true
			}
		}, {
			"streams":	[{
					"socket":	6,
					"start":	14.000116,
					"end":	15.000093,
					"seconds":	0.9999769926071167,
					"bytes":	10485760,
					"bits_per_second":	83888010.0444053,
					"retransmits":	0,
					"snd_cwnd":	3275376,
					"snd_wnd":	3143552,
					"rtt":	287420,
					"rttvar":	7940,
					"pmtu":	1500,
					"omitted":	false,
					"sender":	true
				}],
			"sum":	{
				"start":	14.000116,
				"end":	15.000093,
				"seconds":	0.9999769926071167,
				"bytes":	10485760,
				"bits_per_second":	83888010.0444053,
				"retransmits":	0,
				"omitted":	false,
				"sender":	true
			}
		}, {
			"streams":	[{
					"socket":	6,
					"start":	15.000093,
					"end":	16.000091,
					"seconds":	0.99999797344207764,
					"bytes":	10485760,
					"bits_per_second":	83886250.0003445,
					"retransmits":	0,
					"snd_cwnd":	3275376,
					"snd_wnd":	3143552,
					"rtt":	286253,
					"rttvar":	8153,
					"pmtu":	1500,
					"omitted":	false,
					"sender":	true
				}],
			"sum":	{
				"start":	15.000093,
				"end":	16.000091,
				"seconds":	0.99999797344207764,
				"bytes":	10485760,
				"bits_per_second":	83886250.0003445,
				"retransmits":	0,
				"omitted":	false,
				"sender":	true
			}
		}, {
			"streams":	[{
					"socket":	6,
					"start":	16.000091,
					"end":	17.000084,
					"seconds":	0.99999302625656128,
					"bytes":	10485760,
					"bits_per_second":	83886665.00407967,
					"retransmits":	0,
					"snd_cwnd":	3275376,
					"snd_wnd":	3143552,
					"rtt":	270173,
					"rttvar":	4713,
					"pmtu":	1500,
					"omitted":	false,
					"sender":	true
				}],
			"sum":	{
				"start":	16.000091,
				"end":	17.000084,
				"seconds":	0.99999302625656128,
				"bytes":	10485760,
				"bits_per_second":	83886665.00407967,
				"retransmits":	0,
				"omitted":	false,
				"sender":	true
			}
		}, {
			"streams":	[{
					"socket":	6,
					"start":	17.000084,
					"end":	18.00017,
					"seconds":	1.0000859498977661,
					"bytes":	9175040,
					"bits_per_second":	73394011.7921898,
					"retransmits":	0,
					"snd_cwnd":	3275376,
					"snd_wnd":	3143552,
					"rtt":	308456,
					"rttvar":	189,
					"pmtu":	1500,
					"omitted":	false,
					"sender":	true
				}],
			"sum":	{
				"start":	17.000084,
				"end":	18.00017,
				"seconds":	1.0000859498977661,
				"bytes":	9175040,
				"bits_per_second":	73394011.7921898,
				"retransmits":	0,
				"omitted":	false,
				"sender":	true
			}
		}, {
			"streams":	[{
					"socket":	6,
					"start":	18.00017,
					"end":	19.000107,
					"seconds":	0.99993699789047241,
					"bytes":	10485760,
					"bits_per_second":	83891365.33298713,
					"retransmits":	0,
					"snd_cwnd":	3275376,
					"snd_wnd":	3143552,
					"rtt":	308794,
					"rttvar":	3201,
					"pmtu":	1500,
					"omitted":	false,
					"sender":	true
				}],
			"sum":	{
				"start":	18.00017,
				"end":	19.000107,
				"seconds":	0.99993699789047241,
				"bytes":	10485760,
				"bits_per_second":	83891365.33298713,
				"retransmits":	0,
				"omitted":	false,
				"sender":	true
			}
		}, {
			"streams":	[{
					"socket":	6,
					"start":	19.000107,
					"end":	20.000196,
					"seconds":	1.0000890493392944,
					"bytes":	9175040,
					"bits_per_second":	73393784.3319969,
					"retransmits":	0,
					"snd_cwnd":	3275376,
					"snd_wnd":	3143552,
					"rtt":	284324,
					"rttvar":	7792,
					"pmtu":	1500,
					"omitted":	false,
					"sender":	true
				}],
			"sum":	{
				"start":	19.000107,
				"end":	20.000196,
				"seconds":	1.0000890493392944,
				"bytes":	9175040,
				"bits_per_second":	73393784.3319969,
				"retransmits":	0,
				"omitted":	false,
				"sender":	true
			}
		}, {
			"streams":	[{
					"socket":	6,
					"start":	20.000196,
					"end":	21.000083,
					"seconds":	0.999886989593506,
					"bytes":	10485760,
					"bits_per_second":	83895561.07145974,
					"retransmits":	0,
					"snd_cwnd":	3275376,
					"snd_wnd":	3143552,
					"rtt":	308203,
					"rttvar":	8362,
					"pmtu":	1500,
					"omitted":	false,
					"sender":	true
				}],
			"sum":	{
				"start":	20.000196,
				"end":	21.000083,
				"seconds":	0.999886989593506,
				"bytes":	10485760,
				"bits_per_second":	83895561.07145974,
				"retransmits":	0,
				"omitted":	false,
				"sender":	true
			}
		}, {
			"streams":	[{
					"socket":	6,
					"start":	21.000083,
					"end":	22.000106,
					"seconds":	1.0000230073928833,
					"bytes":	10485760,
					"bits_per_second":	83884150.04440324,
					"retransmits":	0,
					"snd_cwnd":	3275376,
					"snd_wnd":	3143552,
					"rtt":	309243,
					"rttvar":	3689,
					"pmtu":	1500,
					"omitted":	false,
					"sender":	true
				}],
			"sum":	{
				"start":	21.000083,
				"end":	22.000106,
				"seconds":	1.0000230073928833,
				"bytes":	10485760,
				"bits_per_second":	83884150.04440324,
				"retransmits":	0,
				"omitted":	false,
				"sender":	true
			}
		}, {
			"streams":	[{
					"socket":	6,
					"start":	22.000106,
					"end":	23.000142,
					"seconds":	1.0000360012054443,
					"bytes":	9175040,
					"bits_per_second":	73397677.595129758,
					"retransmits":	0,
					"snd_cwnd":	3275376,
					"snd_wnd":	3143552,
					"rtt":	332096,
					"rttvar":	1440,
					"pmtu":	1500,
					"omitted":	false,
					"sender":	true
				}],
			"sum":	{
				"start":	22.000106,
				"end":	23.000142,
				"seconds":	1.0000360012054443,
				"bytes":	9175040,
				"bits_per_second":	73397677.595129758,
				"retransmits":	0,
				"omitted":	false,
				"sender":	true
			}
		}, {
			"streams":	[{
					"socket":	6,
					"start":	23.000142,
					"end":	24.000159,
					"seconds":	1.0000170469284058,
					"bytes":	9175040,
					"bits_per_second":	73399068.7713296,
					"retransmits":	0,
					"snd_cwnd":	3275376,
					"snd_wnd":	3143552,
					"rtt":	337964,
					"rttvar":	680,
					"pmtu":	1500,
					"omitted":	false,
					"sender":	true
				}],
			"sum":	{
				"start":	23.000142,
				"end":	24.000159,
				"seconds":	1.0000170469284058,
				"bytes":	9175040,
				"bits_per_second":	73399068.7713296,
				"retransmits":	0,
				"omitted":	false,
				"sender":	true
			}
		}, {
			"streams":	[{
					"socket":	6,
					"start":	24.000159,
					"end":	25.000146,
					"seconds":	0.999987006187439,
					"bytes":	9175040,
					"bits_per_second":	73401273.762393,
					"retransmits":	0,
					"snd_cwnd":	3275376,
					"snd_wnd":	3143680,
					"rtt":	347163,
					"rttvar":	248,
					"pmtu":	1500,
					"omitted":	false,
					"sender":	true
				}],
			"sum":	{
				"start":	24.000159,
				"end":	25.000146,
				"seconds":	0.999987006187439,
				"bytes":	9175040,
				"bits_per_second":	73401273.762393,
				"retransmits":	0,
				"omitted":	false,
				"sender":	true
			}
		}, {
			"streams":	[{
					"socket":	6,
					"start":	25.000146,
					"end":	26.000121,
					"seconds":	0.999975025653839,
					"bytes":	9175040,
					"bits_per_second":	73402153.170782238,
					"retransmits":	0,
					"snd_cwnd":	3275376,
					"snd_wnd":	3143680,
					"rtt":	351405,
					"rttvar":	1944,
					"pmtu":	1500,
					"omitted":	false,
					"sender":	true
				}],
			"sum":	{
				"start":	25.000146,
				"end":	26.000121,
				"seconds":	0.999975025653839,
				"bytes":	9175040,
				"bits_per_second":	73402153.170782238,
				"retransmits":	0,
				"omitted":	false,
				"sender":	true
			}
		}, {
			"streams":	[{
					"socket":	6,
					"start":	26.000121,
					"end":	27.000078,
					"seconds":	0.999957025051117,
					"bytes":	9175040,
					"bits_per_second":	73403474.510564923,
					"retransmits":	0,
					"snd_cwnd":	3275376,
					"snd_wnd":	3143680,
					"rtt":	321945,
					"rttvar":	7061,
					"pmtu":	1500,
					"omitted":	false,
					"sender":	true
				}],
			"sum":	{
				"start":	26.000121,
				"end":	27.000078,
				"seconds":	0.999957025051117,
				"bytes":	9175040,
				"bits_per_second":	73403474.510564923,
				"retransmits":	0,
				"omitted":	false,
				"sender":	true
			}
		}, {
			"streams":	[{
					"socket":	6,
					"start":	27.000078,
					"end":	28.000128,
					"seconds":	1.0000499486923218,
					"bytes":	7864320,
					"bits_per_second":	62911417.656955928,
					"retransmits":	0,
					"snd_cwnd":	3275376,
					"snd_wnd":	3143680,
					"rtt":	369728,
					"rttvar":	1934,
					"pmtu":	1500,
					"omitted":	false,
					"sender":	true
				}],
			"sum":	{
				"start":	27.000078,
				"end":	28.000128,
				"seconds":	1.0000499486923218,
				"bytes":	7864320,
				"bits_per_second":	62911417.656955928,
				"retransmits":	0,
				"omitted":	false,
				"sender":	true
			}
		}, {
			"streams":	[{
					"socket":	6,
					"start":	28.000128,
					"end":	29.000174,
					"seconds":	1.0000460147857666,
					"bytes":	7864320,
					"bits_per_second":	62911665.133206673,
					"retransmits":	0,
					"snd_cwnd":	3275376,
					"snd_wnd":	3143680,
					"rtt":	373003,
					"rttvar":	1422,
					"pmtu":	1500,
					"omitted":	false,
					"sender":	true
				}],
			"sum":	{
				"start":	28.000128,
				"end":	29.000174,
				"seconds":	1.0000460147857666,
				"bytes":	7864320,
				"bits_per_second":	62911665.133206673,
				"retransmits":	0,
				"omitted":	false,
				"sender":	true
			}
		}, {
			"streams":	[{
					"socket":	6,
					"start":	29.000174,
					"end":	30.000178,
					"seconds":	1.0000040531158447,
					"bytes":	7864320,
					"bits_per_second":	62914305.001033537,
					"retransmits":	0,
					"snd_cwnd":	3275376,
					"snd_wnd":	3143680,
					"rtt":	394872,
					"rttvar":	1139,
					"pmtu":	1500,
					"omitted":	false,
					"sender":	true
				}],
			"sum":	{
				"start":	29.000174,
				"end":	30.000178,
				"seconds":	1.0000040531158447,
				"bytes":	7864320,
				"bits_per_second":	62914305.001033537,
				"retransmits":	0,
				"omitted":	false,
				"sender":	true
			}
		}, {
			"streams":	[{
					"socket":	6,
					"start":	30.000178,
					"end":	31.000148,
					"seconds":	0.999970018863678,
					"bytes":	7864320,
					"bits_per_second":	62916446.306553617,
					"retransmits":	0,
					"snd_cwnd":	3275376,
					"snd_wnd":	3143680,
					"rtt":	404794,
					"rttvar":	2416,
					"pmtu":	1500,
					"omitted":	false,
					"sender":	true
				}],
			"sum":	{
				"start":	30.000178,
				"end":	31.000148,
				"seconds":	0.999970018863678,
				"bytes":	7864320,
				"bits_per_second":	62916446.306553617,
				"retransmits":	0,
				"omitted":	false,
				"sender":	true
			}
		}, {
			"streams":	[{
					"socket":	6,
					"start":	31.000148,
					"end":	32.000088,
					"seconds":	0.99993997812271118,
					"bytes":	7864320,
					"bits_per_second":	62918336.476671219,
					"retransmits":	0,
					"snd_cwnd":	3275376,
					"snd_wnd":	3143680,
					"rtt":	385189,
					"rttvar":	5817,
					"pmtu":	1500,
					"omitted":	false,
					"sender":	true
				}],
			"sum":	{
				"start":	31.000148,
				"end":	32.000088,
				"seconds":	0.99993997812271118,
				"bytes":	7864320,
				"bits_per_second":	62918336.476671219,
				"retransmits":	0,
				"omitted":	false,
				"sender":	true
			}
		}, {
			"streams":	[{
					"socket":	6,
					"start":	32.000088,
					"end":	33.000182,
					"seconds":	1.0000940561294556,
					"bytes":	9175040,
					"bits_per_second":	73393416.899278939,
					"retransmits":	0,
					"snd_cwnd":	3275376,
					"snd_wnd":	3143680,
					"rtt":	374898,
					"rttvar":	2231,
					"pmtu":	1500,
					"omitted":	false,
					"sender":	true
				}],
			"sum":	{
				"start":	32.000088,
				"end":	33.000182,
				"seconds":	1.0000940561294556,
				"bytes":	9175040,
				"bits_per_second":	73393416.899278939,
				"retransmits":	0,
				"omitted":	false,
				"sender":	true
			}
		}, {
			"streams":	[{
					"socket":	6,
					"start":	33.000182,
					"end":	34.000084,
					"seconds":	0.99990200996398926,
					"bytes":	7864320,
					"bits_per_second":	62920725.604167774,
					"retransmits":	0,
					"snd_cwnd":	3275376,
					"snd_wnd":	3143680,
					"rtt":	406914,
					"rttvar":	5888,
					"pmtu":	1500,
					"omitted":	false,
					"sender":	true
				}],
			"sum":	{
				"start":	33.000182,
				"end":	34.000084,
				"seconds":	0.99990200996398926,
				"bytes":	7864320,
				"bits_per_second":	62920725.604167774,
				"retransmits":	0,
				"omitted":	false,
				"sender":	true
			}
		}, {
			"streams":	[{
					"socket":	6,
					"start":	34.000084,
					"end":	35.000142,
					"seconds":	1.0000580549240112,
					"bytes":	6553600,
					"bits_per_second":	52425756.426694416,
					"retransmits":	0,
					"snd_cwnd":	3275376,
					"snd_wnd":	3143680,
					"rtt":	435283,
					"rttvar":	2534,
					"pmtu":	1500,
					"omitted":	false,
					"sender":	true
				}],
			"sum":	{
				"start":	34.000084,
				"end":	35.000142,
				"seconds":	1.0000580549240112,
				"bytes":	6553600,
				"bits_per_second":	52425756.426694416,
				"retransmits":	0,
				"omitted":	false,
				"sender":	true
			}
		}, {
			"streams":	[{
					"socket":	6,
					"start":	35.000142,
					"end":	36.000171,
					"seconds":	1.0000289678573608,
					"bytes":	6553600,
					"bits_per_second":	52427281.293993659,
					"retransmits":	0,
					"snd_cwnd":	3275376,
					"snd_wnd":	3143680,
					"rtt":	446939,
					"rttvar":	298,
					"pmtu":	1500,
					"omitted":	false,
					"sender":	true
				}],
			"sum":	{
				"start":	35.000142,
				"end":	36.000171,
				"seconds":	1.0000289678573608,
				"bytes":	6553600,
				"bits_per_second":	52427281.293993659,
				"retransmits":	0,
				"omitted":	false,
				"sender":	true
			}
		}, {
			"streams":	[{
					"socket":	6,
					"start":	36.000171,
					"end":	37.00017,
					"seconds":	0.99999898672103882,
					"bytes":	6553600,
					"bits_per_second":	52428853.12505383,
					"retransmits":	0,
					"snd_cwnd":	3275376,
					"snd_wnd":	3143680,
					"rtt":	461985,
					"rttvar":	387,
					"pmtu":	1500,
					"omitted":	false,
					"sender":	true
				}],
			"sum":	{
				"start":	36.000171,
				"end":	37.00017,
				"seconds":	0.99999898672103882,
				"bytes":	6553600,
				"bits_per_second":	52428853.12505383,
				"retransmits":	0,
				"omitted":	false,
				"sender":	true
			}
		}, {
			"streams":	[{
					"socket":	6,
					"start":	37.00017,
					"end":	38.00018,
					"seconds":	1.0000100135803223,
					"bytes":	6553600,
					"bits_per_second":	52428275.005257078,
					"retransmits":	0,
					"snd_cwnd":	3275376,
					"snd_wnd":	3143680,
					"rtt":	461012,
					"rttvar":	906,
					"pmtu":	1500,
					"omitted":	false,
					"sender":	true
				}],
			"sum":	{
				"start":	37.00017,
				"end":	38.00018,
				"seconds":	1.0000100135803223,
				"bytes":	6553600,
				"bits_per_second":	52428275.005257078,
				"retransmits":	0,
				"omitted":	false,
				"sender":	true
			}
		}, {
			"streams":	[{
					"socket":	6,
					"start":	38.00018,
					"end":	39.000177,
					"seconds":	0.99999701976776123,
					"bytes":	6553600,
					"bits_per_second":	52428956.250465661,
					"retransmits":	0,
					"snd_cwnd":	3275376,
					"snd_wnd":	3143680,
					"rtt":	455075,
					"rttvar":	2985,
					"pmtu":	1500,
					"omitted":	false,
					"sender":	true
				}],
			"sum":	{
				"start":	38.00018,
				"end":	39.000177,
				"seconds":	0.99999701976776123,
				"bytes":	6553600,
				"bits_per_second":	52428956.250465661,
				"retransmits":	0,
				"omitted":	false,
				"sender":	true
			}
		}, {
			"streams":	[{
					"socket":	6,
					"start":	39.000177,
					"end":	40.000205,
					"seconds":	1.0000280141830444,
					"bytes":	6553600,
					"bits_per_second":	52427331.291144677,
					"retransmits":	0,
					"snd_cwnd":	3275376,
					"snd_wnd":	3143680,
					"rtt":	458370,
					"rttvar":	138,
					"pmtu":	1500,
					"omitted":	false,
					"sender":	true
				}],
			"sum":	{
				"start":	39.000177,
				"end":	40.000205,
				"seconds":	1.0000280141830444,
				"bytes":	6553600,
				"bits_per_second":	52427331.291144677,
				"retransmits":	0,
				"omitted":	false,
				"sender":	true
			}
		}, {
			"streams":	[{
					"socket":	6,
					"start":	40.000205,
					"end":	41.000199,
					"seconds":	0.99999397993087769,
					"bytes":	6553600,
					"bits_per_second":	52429115.6269001,
					"retransmits":	0,
					"snd_cwnd":	3275376,
					"snd_wnd":	3143680,
					"rtt":	453160,
					"rttvar":	129,
					"pmtu":	1500,
					"omitted":	false,
					"sender":	true
				}],
			"sum":	{
				"start":	40.000205,
				"end":	41.000199,
				"seconds":	0.99999397993087769,
				"bytes":	6553600,
				"bits_per_second":	52429115.6269001,
				"retransmits":	0,
				"omitted":	false,
				"sender":	true
			}
		}, {
			"streams":	[{
					"socket":	6,
					"start":	41.000199,
					"end":	42.000205,
					"seconds":	1.0000059604644775,
					"bytes":	6553600,
					"bits_per_second":	52428487.501862638,
					"retransmits":	0,
					"snd_cwnd":	3275376,
					"snd_wnd":	3143680,
					"rtt":	476455,
					"rttvar":	2361,
					"pmtu":	1500,
					"omitted":	false,
					"sender":	true
				}],
			"sum":	{
				"start":	41.000199,
				"end":	42.000205,
				"seconds":	1.0000059604644775,
				"bytes":	6553600,
				"bits_per_second":	52428487.501862638,
				"retransmits":	0,
				"omitted":	false,
				"sender":	true
			}
		}, {
			"streams":	[{
					"socket":	6,
					"start":	42.000205,
					"end":	43.000217,
					"seconds":	1.0000120401382446,
					"bytes":	6553600,
					"bits_per_second":	52428168.757600248,
					"retransmits":	0,
					"snd_cwnd":	3275376,
					"snd_wnd":	3143680,
					"rtt":	383993,
					"rttvar":	6319,
					"pmtu":	1500,
					"omitted":	false,
					"sender":	true
				}],
			"sum":	{
				"start":	42.000205,
				"end":	43.000217,
				"seconds":	1.0000120401382446,
				"bytes":	6553600,
				"bits_per_second":	52428168.757600248,
				"retransmits":	0,
				"omitted":	false,
				"sender":	true
			}
		}, {
			"streams":	[{
					"socket":	6,
					"start":	43.000217,
					"end":	44.000114,
					"seconds":	0.999897003173828,
					"bytes":	10485760,
					"bits_per_second":	83894720.88998425,
					"retransmits":	0,
					"snd_cwnd":	3275376,
					"snd_wnd":	3143680,
					"rtt":	391108,
					"rttvar":	8188,
					"pmtu":	1500,
					"omitted":	false,
					"sender":	true
				}],
			"sum":	{
				"start":	43.000217,
				"end":	44.000114,
				"seconds":	0.999897003173828,
				"bytes":	10485760,
				"bits_per_second":	83894720.88998425,
				"retransmits":	0,
				"omitted":	false,
				"sender":	true
			}
		}, {
			"streams":	[{
					"socket":	6,
					"start":	44.000114,
					"end":	45.000093,
					"seconds":	0.999979019165039,
					"bytes":	6553600,
					"bits_per_second":	52429900.0230794,
					"retransmits":	0,
					"snd_cwnd":	3275376,
					"snd_wnd":	3143680,
					"rtt":	425763,
					"rttvar":	3002,
					"pmtu":	1500,
					"omitted":	false,
					"sender":	true
				}],
			"sum":	{
				"start":	44.000114,
				"end":	45.000093,
				"seconds":	0.999979019165039,
				"bytes":	6553600,
				"bits_per_second":	52429900.0230794,
				"retransmits":	0,
				"omitted":	false,
				"sender":	true
			}
		}, {
			"streams":	[{
					"socket":	6,
					"start":	45.000093,
					"end":	46.000162,
					"seconds":	1.00006902217865,
					"bytes":	6553600,
					"bits_per_second":	52425181.499756768,
					"retransmits":	0,
					"snd_cwnd":	3275376,
					"snd_wnd":	3143680,
					"rtt":	440281,
					"rttvar":	2549,
					"pmtu":	1500,
					"omitted":	false,
					"sender":	true
				}],
			"sum":	{
				"start":	45.000093,
				"end":	46.000162,
				"seconds":	1.00006902217865,
				"bytes":	6553600,
				"bits_per_second":	52425181.499756768,
				"retransmits":	0,
				"omitted":	false,
				"sender":	true
			}
		}, {
			"streams":	[{
					"socket":	6,
					"start":	46.000162,
					"end":	47.000179,
					"seconds":	1.0000170469284058,
					"bytes":	6553600,
					"bits_per_second":	52427906.265235431,
					"retransmits":	0,
					"snd_cwnd":	3275376,
					"snd_wnd":	3143680,
					"rtt":	426359,
					"rttvar":	1735,
					"pmtu":	1500,
					"omitted":	false,
					"sender":	true
				}],
			"sum":	{
				"start":	46.000162,
				"end":	47.000179,
				"seconds":	1.0000170469284058,
				"bytes":	6553600,
				"bits_per_second":	52427906.265235431,
				"retransmits":	0,
				"omitted":	false,
				"sender":	true
			}
		}, {
			"streams":	[{
					"socket":	6,
					"start":	47.000179,
					"end":	48.000222,
					"seconds":	1.0000430345535278,
					"bytes":	6553600,
					"bits_per_second":	52426543.847092532,
					"retransmits":	0,
					"snd_cwnd":	3275376,
					"snd_wnd":	3143680,
					"rtt":	383919,
					"rttvar":	14373,
					"pmtu":	1500,
					"omitted":	false,
					"sender":	true
				}],
			"sum":	{
				"start":	47.000179,
				"end":	48.000222,
				"seconds":	1.0000430345535278,
				"bytes":	6553600,
				"bits_per_second":	52426543.847092532,
				"retransmits":	0,
				"omitted":	false,
				"sender":	true
			}
		}, {
			"streams":	[{
					"socket":	6,
					"start":	48.000222,
					"end":	49.000081,
					"seconds":	0.99985897541046143,
					"bytes":	7864320,
					"bits_per_second":	62923433.751417153,
					"retransmits":	0,
					"snd_cwnd":	3275376,
					"snd_wnd":	3143680,
					"rtt":	397279,
					"rttvar":	5990,
					"pmtu":	1500,
					"omitted":	false,
					"sender":	true
				}],
			"sum":	{
				"start":	48.000222,
				"end":	49.000081,
				"seconds":	0.99985897541046143,
				"bytes":	7864320,
				"bits_per_second":	62923433.751417153,
				"retransmits":	0,
				"omitted":	false,
				"sender":	true
			}
		}, {
			"streams":	[{
					"socket":	6,
					"start":	49.000081,
					"end":	50.000081,
					"seconds":	1,
					"bytes":	6553600,
					"bits_per_second":	52428800,
					"retransmits":	0,
					"snd_cwnd":	3275376,
					"snd_wnd":	3143680,
					"rtt":	429587,
					"rttvar":	6157,
					"pmtu":	1500,
					"omitted":	false,
					"sender":	true
				}],
			"sum":	{
				"start":	49.000081,
				"end":	50.000081,
				"seconds":	1,
				"bytes":	6553600,
				"bits_per_second":	52428800,
				"retransmits":	0,
				"omitted":	false,
				"sender":	true
			}
		}, {
			"streams":	[{
					"socket":	6,
					"start":	50.000081,
					"end":	51.000101,
					"seconds":	1.0000200271606445,
					"bytes":	6553600,
					"bits_per_second":	52427750.0210281,
					"retransmits":	0,
					"snd_cwnd":	3275376,
					"snd_wnd":	3143680,
					"rtt":	445457,
					"rttvar":	3469,
					"pmtu":	1500,
					"omitted":	false,
					"sender":	true
				}],
			"sum":	{
				"start":	50.000081,
				"end":	51.000101,
				"seconds":	1.0000200271606445,
				"bytes":	6553600,
				"bits_per_second":	52427750.0210281,
				"retransmits":	0,
				"omitted":	false,
				"sender":	true
			}
		}, {
			"streams":	[{
					"socket":	6,
					"start":	51.000101,
					"end":	52.000103,
					"seconds":	1.0000020265579224,
					"bytes":	6553600,
					"bits_per_second":	52428693.750215322,
					"retransmits":	0,
					"snd_cwnd":	3275376,
					"snd_wnd":	3143680,
					"rtt":	443690,
					"rttvar":	2192,
					"pmtu":	1500,
					"omitted":	false,
					"sender":	true
				}],
			"sum":	{
				"start":	51.000101,
				"end":	52.000103,
				"seconds":	1.0000020265579224,
				"bytes":	6553600,
				"bits_per_second":	52428693.750215322,
				"retransmits":	0,
				"omitted":	false,
				"sender":	true
			}
		}, {
			"streams":	[{
					"socket":	6,
					"start":	52.000103,
					"end":	53.000121,
					"seconds":	1.0000180006027222,
					"bytes":	6553600,
					"bits_per_second":	52427856.266987763,
					"retransmits":	0,
					"snd_cwnd":	3275376,
					"snd_wnd":	3143680,
					"rtt":	456007,
					"rttvar":	2773,
					"pmtu":	1500,
					"omitted":	false,
					"sender":	true
				}],
			"sum":	{
				"start":	52.000103,
				"end":	53.000121,
				"seconds":	1.0000180006027222,
				"bytes":	6553600,
				"bits_per_second":	52427856.266987763,
				"retransmits":	0,
				"omitted":	false,
				"sender":	true
			}
		}, {
			"streams":	[{
					"socket":	6,
					"start":	53.000121,
					"end":	54.00009,
					"seconds":	0.9999690055847168,
					"bytes":	7864320,
					"bits_per_second":	62916510.06044098,
					"retransmits":	0,
					"snd_cwnd":	3275376,
					"snd_wnd":	3143680,
					"rtt":	280557,
					"rttvar":	5343,
					"pmtu":	1500,
					"omitted":	false,
					"sender":	true
				}],
			"sum":	{
				"start":	53.000121,
				"end":	54.00009,
				"seconds":	0.9999690055847168,
				"bytes":	7864320,
				"bits_per_second":	62916510.06044098,
				"retransmits":	0,
				"omitted":	false,
				"sender":	true
			}
		}, {
			"streams":	[{
					"socket":	6,
					"start":	54.00009,
					"end":	55.000215,
					"seconds":	1.0001250505447388,
					"bytes":	7864320,
					"bits_per_second":	62906693.483712144,
					"retransmits":	0,
					"snd_cwnd":	3275376,
					"snd_wnd":	3143680,
					"rtt":	420979,
					"rttvar":	3523,
					"pmtu":	1500,
					"omitted":	false,
					"sender":	true
				}],
			"sum":	{
				"start":	54.00009,
				"end":	55.000215,
				"seconds":	1.0001250505447388,
				"bytes":	7864320,
				"bits_per_second":	62906693.483712144,
				"retransmits":	0,
				"omitted":	false,
				"sender":	true
			}
		}, {
			"streams":	[{
					"socket":	6,
					"start":	55.000215,
					"end":	56.000204,
					"seconds":	0.99998897314071655,
					"bytes":	6553600,
					"bits_per_second":	52429378.13137497,
					"retransmits":	0,
					"snd_cwnd":	3275376,
					"snd_wnd":	3143680,
					"rtt":	396617,
					"rttvar":	14835,
					"pmtu":	1500,
					"omitted":	false,
					"sender":	true
				}],
			"sum":	{
				"start":	55.000215,
				"end":	56.000204,
				"seconds":	0.99998897314071655,
				"bytes":	6553600,
				"bits_per_second":	52429378.13137497,
				"retransmits":	0,
				"omitted":	false,
				"sender":	true
			}
		}, {
			"streams":	[{
					"socket":	6,
					"start":	56.000204,
					"end":	57.000216,
					"seconds":	1.0000120401382446,
					"bytes":	6553600,
					"bits_per_second":	52428168.757600248,
					"retransmits":	0,
					"snd_cwnd":	3275376,
					"snd_wnd":	3143680,
					"rtt":	380599,
					"rttvar":	2288,
					"pmtu":	1500,
					"omitted":	false,
					"sender":	true
				}],
			"sum":	{
				"start":	56.000204,
				"end":	57.000216,
				"seconds":	1.0000120401382446,
				"bytes":	6553600,
				"bits_per_second":	52428168.757600248,
				"retransmits":	0,
				"omitted":	false,
				"sender":	true
			}
		}, {
			"streams":	[{
					"socket":	6,
					"start":	57.000216,
					"end":	58.000116,
					"seconds":	0.999899983406067,
					"bytes":	7864320,
					"bits_per_second":	62920853.129417367,
					"retransmits":	0,
					"snd_cwnd":	3275376,
					"snd_wnd":	3143680,
					"rtt":	418600,
					"rttvar":	5383,
					"pmtu":	1500,
					"omitted":	false,
					"sender":	true
				}],
			"sum":	{
				"start":	57.000216,
				"end":	58.000116,
				"seconds":	0.999899983406067,
				"bytes":	7864320,
				"bits_per_second":	62920853.129417367,
				"retransmits":	0,
				"omitted":	false,
				"sender":	true
			}
		}, {
			"streams":	[{
					"socket":	6,
					"start":	58.000116,
					"end":	59.000134,
					"seconds":	1.0000180006027222,
					"bytes":	6553600,
					"bits_per_second":	52427856.266987763,
					"retransmits":	0,
					"snd_cwnd":	3275376,
					"snd_wnd":	3143680,
					"rtt":	451696,
					"rttvar":	2130,
					"pmtu":	1500,
					"omitted":	false,
					"sender":	true
				}],
			"sum":	{
				"start":	58.000116,
				"end":	59.000134,
				"seconds":	1.0000180006027222,
				"bytes":	6553600,
				"bits_per_second":	52427856.266987763,
				"retransmits":	0,
				"omitted":	false,
				"sender":	true
			}
		}, {
			"streams":	[{
					"socket":	6,
					"start":	59.000134,
					"end":	60.00013,
					"seconds":	0.9999960064888,
					"bytes":	6553600,
					"bits_per_second":	52429009.375836141,
					"retransmits":	0,
					"snd_cwnd":	3275376,
					"snd_wnd":	3143680,
					"rtt":	447150,
					"rttvar":	391,
					"pmtu":	1500,
					"omitted":	false,
					"sender":	true
				}],
			"sum":	{
				"start":	59.000134,
				"end":	60.00013,
				"seconds":	0.9999960064888,
				"bytes":	6553600,
				"bits_per_second":	52429009.375836141,
				"retransmits":	0,
				"omitted":	false,
				"sender":	true
			}
		}],
	"end":	{
		"streams":	[{
				"sender":	{
					"socket":	6,
					"start":	0,
					"end":	60.00013,
					"seconds":	60.00013,
					"bytes":	502398976,
					"bits_per_second":	66986384.996165842,
					"retransmits":	0,
					"max_snd_cwnd":	3275376,
					"max_snd_wnd":	3143680,
					"max_rtt":	476455,
					"min_rtt":	142841,
					"mean_rtt":	353761,
					"sender":	true
				},
				"receiver":	{
					"socket":	6,
					"start":	0,
					"end":	60.424813,
					"seconds":	60.00013,
					"bytes":	502398416,
					"bits_per_second":	66515511.235425748,
					"sender":	true
				}
			}],
		"sum_sent":	{
			"start":	0,
			"end":	60.00013,
			"seconds":	60.00013,
			"bytes":	502398976,
			"bits_per_second":	66986384.996165842,
			"retransmits":	0,
			"sender":	true
		},
		"sum_received":	{
			"start":	0,
			"end":	60.424813,
			"seconds":	60.424813,
			"bytes":	502398416,
			"bits_per_second":	66515511.235425748,
			"sender":	true
		},
		"cpu_utilization_percent":	{
			"host_total":	0.22856530438810665,
			"host_user":	0.016006215647411309,
			"host_system":	0.2125574276556344,
			"remote_total":	2.0966149527704911,
			"remote_user":	0.140925512590197,
			"remote_system":	1.955689440180294
		},
		"sender_tcp_congestion":	"cubic",
		"receiver_tcp_congestion":	"cubic"
	}
}
