{
	"start":	{
		"connected":	[{
				"socket":	6,
				"local_host":	"192.168.101.210",
				"local_port":	43888,
				"remote_host":	"192.168.100.168",
				"remote_port":	5202
			}],
		"version":	"iperf 3.11",
		"system_info":	"Linux f1 6.0.10-300.fc37.x86_64 #1 SMP PREEMPT_DYNAMIC Sat Nov 26 16:55:13 UTC 2022 x86_64",
		"timestamp":	{
			"time":	"Sat, 10 Dec 2022 17:30:01 GMT",
			"timesecs":	1670693401
		},
		"connecting_to":	{
			"host":	"192.168.100.168",
			"port":	5202
		},
		"cookie":	"vwmqazol7n6ydto3exnfvho6clhayimz7bit",
		"tcp_mss_default":	1448,
		"target_bitrate":	0,
		"sock_bufsize":	0,
		"sndbuf_actual":	16384,
		"rcvbuf_actual":	131072,
		"test_start":	{
			"protocol":	"TCP",
			"num_streams":	1,
			"blksize":	131072,
			"omit":	0,
			"duration":	60,
			"bytes":	0,
			"blocks":	0,
			"reverse":	0,
			"tos":	0,
			"target_bitrate":	0
		}
	},
	"intervals":	[{
			"streams":	[{
					"socket":	6,
					"start":	0,
					"end":	1.000081,
					"seconds":	1.000080943107605,
					"bytes":	1807104,
					"bits_per_second":	14455661.91380221,
					"retransmits":	0,
					"snd_cwnd":	209960,
					"snd_wnd":	342144,
					"rtt":	200144,
					"rttvar":	27,
					"pmtu":	1500,
					"omitted":	false,
					"sender":	true
				}],
			"sum":	{
				"start":	0,
				"end":	1.000081,
				"seconds":	1.000080943107605,
				"bytes":	1807104,
				"bits_per_second":	14455661.91380221,
				"retransmits":	0,
				"omitted":	false,
				"sender":	true
			}
		}, {
			"streams":	[{
					"socket":	6,
					"start":	1.000081,
					"end":	2.00019,
					"seconds":	1.0001089572906494,
					"bytes":	4615424,
					"bits_per_second":	36919369.365541443,
					"retransmits":	4,
					"snd_cwnd":	3056728,
					"snd_wnd":	3141504,
					"rtt":	200087,
					"rttvar":	4,
					"pmtu":	1500,
					"omitted":	false,
					"sender":	true
				}],
			"sum":	{
				"start":	1.000081,
				"end":	2.00019,
				"seconds":	1.0001089572906494,
				"bytes":	4615424,
				"bits_per_second":	36919369.365541443,
				"retransmits":	4,
				"omitted":	false,
				"sender":	true
			}
		}, {
			"streams":	[{
					"socket":	6,
					"start":	2.00019,
					"end":	3.000581,
					"seconds":	1.0003910064697266,
					"bytes":	5242880,
					"bits_per_second":	41926646.409999751,
					"retransmits":	1906,
					"snd_cwnd":	2373272,
					"snd_wnd":	3145728,
					"rtt":	206606,
					"rttvar":	1618,
					"pmtu":	1500,
					"omitted":	false,
					"sender":	true
				}],
			"sum":	{
				"start":	2.00019,
				"end":	3.000581,
				"seconds":	1.0003910064697266,
				"bytes":	5242880,
				"bits_per_second":	41926646.409999751,
				"retransmits":	1906,
				"omitted":	false,
				"sender":	true
			}
		}, {
			"streams":	[{
					"socket":	6,
					"start":	3.000581,
					"end":	4.000166,
					"seconds":	0.999584972858429,
					"bytes":	7864320,
					"bits_per_second":	62940682.091376916,
					"retransmits":	61,
					"snd_cwnd":	4801568,
					"snd_wnd":	3145728,
					"rtt":	200085,
					"rttvar":	5,
					"pmtu":	1500,
					"omitted":	false,
					"sender":	true
				}],
			"sum":	{
				"start":	3.000581,
				"end":	4.000166,
				"seconds":	0.999584972858429,
				"bytes":	7864320,
				"bits_per_second":	62940682.091376916,
				"retransmits":	61,
				"omitted":	false,
				"sender":	true
			}
		}, {
			"streams":	[{
					"socket":	6,
					"start":	4.000166,
					"end":	5.000067,
					"seconds":	0.999900996685028,
					"bytes":	11796480,
					"bits_per_second":	94381184.050091937,
					"retransmits":	0,
					"snd_cwnd":	4656768,
					"snd_wnd":	3145728,
					"rtt":	200074,
					"rttvar":	3,
					"pmtu":	1500,
					"omitted":	false,
					"sender":	true
				}],
			"sum":	{
				"start":	4.000166,
				"end":	5.000067,
				"seconds":	0.999900996685028,
				"bytes":	11796480,
				"bits_per_second":	94381184.050091937,
				"retransmits":	0,
				"omitted":	false,
				"sender":	true
			}
		}, {
			"streams":	[{
					"socket":	6,
					"start":	5.000067,
					"end":	6.00007,
					"seconds":	1.0000029802322388,
					"bytes":	9175040,
					"bits_per_second":	73400101.250651926,
					"retransmits":	314,
					"snd_cwnd":	4743648,
					"snd_wnd":	3145728,
					"rtt":	200085,
					"rttvar":	6,
					"pmtu":	1500,
					"omitted":	false,
					"sender":	true
				}],
			"sum":	{
				"start":	5.000067,
				"end":	6.00007,
				"seconds":	1.0000029802322388,
				"bytes":	9175040,
				"bits_per_second":	73400101.250651926,
				"retransmits":	314,
				"omitted":	false,
				"sender":	true
			}
		}, {
			"streams":	[{
					"socket":	6,
					"start":	6.00007,
					"end":	7.000196,
					"seconds":	1.0001260042190552,
					"bytes":	7864320,
					"bits_per_second":	62906633.4987726,
					"retransmits":	228,
					"snd_cwnd":	3512848,
					"snd_wnd":	3145728,
					"rtt":	200177,
					"rttvar":	187,
					"pmtu":	1500,
					"omitted":	false,
					"sender":	true
				}],
			"sum":	{
				"start":	6.00007,
				"end":	7.000196,
				"seconds":	1.0001260042190552,
				"bytes":	7864320,
				"bits_per_second":	62906633.4987726,
				"retransmits":	228,
				"omitted":	false,
				"sender":	true
			}
		}, {
			"streams":	[{
					"socket":	6,
					"start":	7.000196,
					"end":	8.00008,
					"seconds":	0.999884009361267,
					"bytes":	11796480,
					"bits_per_second":	94382787.5198098,
					"retransmits":	0,
					"snd_cwnd":	4784192,
					"snd_wnd":	3145728,
					"rtt":	200069,
					"rttvar":	9,
					"pmtu":	1500,
					"omitted":	false,
					"sender":	true
				}],
			"sum":	{
				"start":	7.000196,
				"end":	8.00008,
				"seconds":	0.999884009361267,
				"bytes":	11796480,
				"bits_per_second":	94382787.5198098,
				"retransmits":	0,
				"omitted":	false,
				"sender":	true
			}
		}, {
			"streams":	[{
					"socket":	6,
					"start":	8.00008,
					"end":	9.000119,
					"seconds":	1.0000389814376831,
					"bytes":	9175040,
					"bits_per_second":	73397458.8615313,
					"retransmits":	225,
					"snd_cwnd":	4853696,
					"snd_wnd":	3145728,
					"rtt":	200488,
					"rttvar":	52,
					"pmtu":	1500,
					"omitted":	false,
					"sender":	true
				}],
			"sum":	{
				"start":	8.00008,
				"end":	9.000119,
				"seconds":	1.0000389814376831,
				"bytes":	9175040,
				"bits_per_second":	73397458.8615313,
				"retransmits":	225,
				"omitted":	false,
				"sender":	true
			}
		}, {
			"streams":	[{
					"socket":	6,
					"start":	9.000119,
					"end":	10.000277,
					"seconds":	1.0001579523086548,
					"bytes":	7864320,
					"bits_per_second":	62904624.069403179,
					"retransmits":	78,
					"snd_cwnd":	4810256,
					"snd_wnd":	3145728,
					"rtt":	200077,
					"rttvar":	6,
					"pmtu":	1500,
					"omitted":	false,
					"sender":	true
				}],
			"sum":	{
				"start":	9.000119,
				"end":	10.000277,
				"seconds":	1.0001579523086548,
				"bytes":	7864320,
				"bits_per_second":	62904624.069403179,
				"retransmits":	78,
				"omitted":	false,
				"sender":	true
			}
		}, {
			"streams":	[{
					"socket":	6,
					"start":	10.000277,
					"end":	11.000073,
					"seconds":	0.999795973300934,
					"bytes":	11796480,
					"bits_per_second":	94391098.304208234,
					"retransmits":	54,
					"snd_cwnd":	2509384,
					"snd_wnd":	3145728,
					"rtt":	208323,
					"rttvar":	848,
					"pmtu":	1500,
					"omitted":	false,
					"sender":	true
				}],
			"sum":	{
				"start":	10.000277,
				"end":	11.000073,
				"seconds":	0.999795973300934,
				"bytes":	11796480,
				"bits_per_second":	94391098.304208234,
				"retransmits":	54,
				"omitted":	false,
				"sender":	true
			}
		}, {
			"streams":	[{
					"socket":	6,
					"start":	11.000073,
					"end":	12.000074,
					"seconds":	1.0000009536743164,
					"bytes":	9175040,
					"bits_per_second":	73400250.000066757,
					"retransmits":	212,
					"snd_cwnd":	4810256,
					"snd_wnd":	3145728,
					"rtt":	200079,
					"rttvar":	3,
					"pmtu":	1500,
					"omitted":	false,
					"sender":	true
				}],
			"sum":	{
				"start":	11.000073,
				"end":	12.000074,
				"seconds":	1.0000009536743164,
				"bytes":	9175040,
				"bits_per_second":	73400250.000066757,
				"retransmits":	212,
				"omitted":	false,
				"sender":	true
			}
		}, {
			"streams":	[{
					"socket":	6,
					"start":	12.000074,
					"end":	13.000581,
					"seconds":	1.0005069971084595,
					"bytes":	6553600,
					"bits_per_second":	52402232.219787747,
					"retransmits":	215,
					"snd_cwnd":	4957952,
					"snd_wnd":	3139968,
					"rtt":	206517,
					"rttvar":	1021,
					"pmtu":	1500,
					"omitted":	false,
					"sender":	true
				}],
			"sum":	{
				"start":	12.000074,
				"end":	13.000581,
				"seconds":	1.0005069971084595,
				"bytes":	6553600,
				"bits_per_second":	52402232.219787747,
				"retransmits":	215,
				"omitted":	false,
				"sender":	true
			}
		}, {
			"streams":	[{
					"socket":	6,
					"start":	13.000581,
					"end":	14.000112,
					"seconds":	0.99953097105026245,
					"bytes":	9175040,
					"bits_per_second":	73434763.0297781,
					"retransmits":	270,
					"snd_cwnd":	2917720,
					"snd_wnd":	2132352,
					"rtt":	200732,
					"rttvar":	578,
					"pmtu":	1500,
					"omitted":	false,
					"sender":	true
				}],
			"sum":	{
				"start":	13.000581,
				"end":	14.000112,
				"seconds":	0.99953097105026245,
				"bytes":	9175040,
				"bits_per_second":	73434763.0297781,
				"retransmits":	270,
				"omitted":	false,
				"sender":	true
			}
		}, {
			"streams":	[{
					"socket":	6,
					"start":	14.000112,
					"end":	15.000155,
					"seconds":	1.0000430345535278,
					"bytes":	10485760,
					"bits_per_second":	83882470.155348048,
					"retransmits":	8,
					"snd_cwnd":	2480424,
					"snd_wnd":	3145728,
					"rtt":	208267,
					"rttvar":	258,
					"pmtu":	1500,
					"omitted":	false,
					"sender":	true
				}],
			"sum":	{
				"start":	14.000112,
				"end":	15.000155,
				"seconds":	1.0000430345535278,
				"bytes":	10485760,
				"bits_per_second":	83882470.155348048,
				"retransmits":	8,
				"omitted":	false,
				"sender":	true
			}
		}, {
			"streams":	[{
					"socket":	6,
					"start":	15.000155,
					"end":	16.000111,
					"seconds":	0.99995601177215576,
					"bytes":	7864320,
					"bits_per_second":	62917327.621742778,
					"retransmits":	447,
					"snd_cwnd":	4937680,
					"snd_wnd":	3145728,
					"rtt":	200071,
					"rttvar":	19,
					"pmtu":	1500,
					"omitted":	false,
					"sender":	true
				}],
			"sum":	{
				"start":	15.000155,
				"end":	16.000111,
				"seconds":	0.99995601177215576,
				"bytes":	7864320,
				"bits_per_second":	62917327.621742778,
				"retransmits":	447,
				"omitted":	false,
				"sender":	true
			}
		}, {
			"streams":	[{
					"socket":	6,
					"start":	16.000111,
					"end":	17.000166,
					"seconds":	1.0000549554824829,
					"bytes":	10485760,
					"bits_per_second":	83881470.253330857,
					"retransmits":	16,
					"snd_cwnd":	2741064,
					"snd_wnd":	3145728,
					"rtt":	208014,
					"rttvar":	276,
					"pmtu":	1500,
					"omitted":	false,
					"sender":	true
				}],
			"sum":	{
				"start":	16.000111,
				"end":	17.000166,
				"seconds":	1.0000549554824829,
				"bytes":	10485760,
				"bits_per_second":	83881470.253330857,
				"retransmits":	16,
				"omitted":	false,
				"sender":	true
			}
		}, {
			"streams":	[{
					"socket":	6,
					"start":	17.000166,
					"end":	18.000112,
					"seconds":	0.9999459981918335,
					"bytes":	10485760,
					"bits_per_second":	83890610.2446414,
					"retransmits":	213,
					"snd_cwnd":	4859488,
					"snd_wnd":	3145728,
					"rtt":	200218,
					"rttvar":	27,
					"pmtu":	1500,
					"omitted":	false,
					"sender":	true
				}],
			"sum":	{
				"start":	17.000166,
				"end":	18.000112,
				"seconds":	0.9999459981918335,
				"bytes":	10485760,
				"bits_per_second":	83890610.2446414,
				"retransmits":	213,
				"omitted":	false,
				"sender":	true
			}
		}, {
			"streams":	[{
					"socket":	6,
					"start":	18.000112,
					"end":	19.000113,
					"seconds":	1.0000009536743164,
					"bytes":	9175040,
					"bits_per_second":	73400250.000066757,
					"retransmits":	234,
					"snd_cwnd":	4917408,
					"snd_wnd":	3145728,
					"rtt":	200089,
					"rttvar":	6,
					"pmtu":	1500,
					"omitted":	false,
					"sender":	true
				}],
			"sum":	{
				"start":	18.000112,
				"end":	19.000113,
				"seconds":	1.0000009536743164,
				"bytes":	9175040,
				"bits_per_second":	73400250.000066757,
				"retransmits":	234,
				"omitted":	false,
				"sender":	true
			}
		}, {
			"streams":	[{
					"socket":	6,
					"start":	19.000113,
					"end":	20.000081,
					"seconds":	0.99996799230575562,
					"bytes":	11796480,
					"bits_per_second":	94374860.721686333,
					"retransmits":	33,
					"snd_cwnd":	2560064,
					"snd_wnd":	3145728,
					"rtt":	207635,
					"rttvar":	1385,
					"pmtu":	1500,
					"omitted":	false,
					"sender":	true
				}],
			"sum":	{
				"start":	19.000113,
				"end":	20.000081,
				"seconds":	0.99996799230575562,
				"bytes":	11796480,
				"bits_per_second":	94374860.721686333,
				"retransmits":	33,
				"omitted":	false,
				"sender":	true
			}
		}, {
			"streams":	[{
					"socket":	6,
					"start":	20.000081,
					"end":	21.000311,
					"seconds":	1.0002299547195435,
					"bytes":	9175040,
					"bits_per_second":	73383445.1304559,
					"retransmits":	194,
					"snd_cwnd":	4955056,
					"snd_wnd":	3145728,
					"rtt":	200092,
					"rttvar":	3,
					"pmtu":	1500,
					"omitted":	false,
					"sender":	true
				}],
			"sum":	{
				"start":	20.000081,
				"end":	21.000311,
				"seconds":	1.0002299547195435,
				"bytes":	9175040,
				"bits_per_second":	73383445.1304559,
				"retransmits":	194,
				"omitted":	false,
				"sender":	true
			}
		}, {
			"streams":	[{
					"socket":	6,
					"start":	21.000311,
					"end":	22.000167,
					"seconds":	0.99985599517822266,
					"bytes":	9175040,
					"bits_per_second":	73410891.5223502,
					"retransmits":	290,
					"snd_cwnd":	4955056,
					"snd_wnd":	3145728,
					"rtt":	200079,
					"rttvar":	3,
					"pmtu":	1500,
					"omitted":	false,
					"sender":	true
				}],
			"sum":	{
				"start":	21.000311,
				"end":	22.000167,
				"seconds":	0.99985599517822266,
				"bytes":	9175040,
				"bits_per_second":	73410891.5223502,
				"retransmits":	290,
				"omitted":	false,
				"sender":	true
			}
		}, {
			"streams":	[{
					"socket":	6,
					"start":	22.000167,
					"end":	23.000102,
					"seconds":	0.99993497133255,
					"bytes":	11796480,
					"bits_per_second":	94377977.274098754,
					"retransmits":	54,
					"snd_cwnd":	2639704,
					"snd_wnd":	3145728,
					"rtt":	207954,
					"rttvar":	762,
					"pmtu":	1500,
					"omitted":	false,
					"sender":	true
				}],
			"sum":	{
				"start":	22.000167,
				"end":	23.000102,
				"seconds":	0.99993497133255,
				"bytes":	11796480,
				"bits_per_second":	94377977.274098754,
				"retransmits":	54,
				"omitted":	false,
				"sender":	true
			}
		}, {
			"streams":	[{
					"socket":	6,
					"start":	23.000102,
					"end":	24.000073,
					"seconds":	0.99997097253799438,
					"bytes":	5242880,
					"bits_per_second":	41944257.535341963,
					"retransmits":	171,
					"snd_cwnd":	4847904,
					"snd_wnd":	3145728,
					"rtt":	200083,
					"rttvar":	8,
					"pmtu":	1500,
					"omitted":	false,
					"sender":	true
				}],
			"sum":	{
				"start":	23.000102,
				"end":	24.000073,
				"seconds":	0.99997097253799438,
				"bytes":	5242880,
				"bits_per_second":	41944257.535341963,
				"retransmits":	171,
				"omitted":	false,
				"sender":	true
			}
		}, {
			"streams":	[{
					"socket":	6,
					"start":	24.000073,
					"end":	25.000344,
					"seconds":	1.0002709627151489,
					"bytes":	9175040,
					"bits_per_second":	73380436.637649849,
					"retransmits":	225,
					"snd_cwnd":	2880072,
					"snd_wnd":	2303104,
					"rtt":	200327,
					"rttvar":	465,
					"pmtu":	1500,
					"omitted":	false,
					"sender":	true
				}],
			"sum":	{
				"start":	24.000073,
				"end":	25.000344,
				"seconds":	1.0002709627151489,
				"bytes":	9175040,
				"bits_per_second":	73380436.637649849,
				"retransmits":	225,
				"omitted":	false,
				"sender":	true
			}
		}, {
			"streams":	[{
					"socket":	6,
					"start":	25.000344,
					"end":	26.000103,
					"seconds":	0.999759018421173,
					"bytes":	11796480,
					"bits_per_second":	94394587.356693923,
					"retransmits":	0,
					"snd_cwnd":	4920304,
					"snd_wnd":	3145728,
					"rtt":	200094,
					"rttvar":	17,
					"pmtu":	1500,
					"omitted":	false,
					"sender":	true
				}],
			"sum":	{
				"start":	25.000344,
				"end":	26.000103,
				"seconds":	0.999759018421173,
				"bytes":	11796480,
				"bits_per_second":	94394587.356693923,
				"retransmits":	0,
				"omitted":	false,
				"sender":	true
			}
		}, {
			"streams":	[{
					"socket":	6,
					"start":	26.000103,
					"end":	27.000139,
					"seconds":	1.0000360012054443,
					"bytes":	9175040,
					"bits_per_second":	73397677.595129758,
					"retransmits":	270,
					"snd_cwnd":	4926096,
					"snd_wnd":	3145728,
					"rtt":	200092,
					"rttvar":	10,
					"pmtu":	1500,
					"omitted":	false,
					"sender":	true
				}],
			"sum":	{
				"start":	26.000103,
				"end":	27.000139,
				"seconds":	1.0000360012054443,
				"bytes":	9175040,
				"bits_per_second":	73397677.595129758,
				"retransmits":	270,
				"omitted":	false,
				"sender":	true
			}
		}, {
			"streams":	[{
					"socket":	6,
					"start":	27.000139,
					"end":	28.000116,
					"seconds":	0.9999769926071167,
					"bytes":	10485760,
					"bits_per_second":	83888010.0444053,
					"retransmits":	257,
					"snd_cwnd":	2914824,
					"snd_wnd":	2182784,
					"rtt":	200302,
					"rttvar":	442,
					"pmtu":	1500,
					"omitted":	false,
					"sender":	true
				}],
			"sum":	{
				"start":	27.000139,
				"end":	28.000116,
				"seconds":	0.9999769926071167,
				"bytes":	10485760,
				"bits_per_second":	83888010.0444053,
				"retransmits":	257,
				"omitted":	false,
				"sender":	true
			}
		}, {
			"streams":	[{
					"socket":	6,
					"start":	28.000116,
					"end":	29.00014,
					"seconds":	1.0000239610672,
					"bytes":	10485760,
					"bits_per_second":	83884070.0481606,
					"retransmits":	0,
					"snd_cwnd":	4876864,
					"snd_wnd":	3145728,
					"rtt":	200093,
					"rttvar":	7,
					"pmtu":	1500,
					"omitted":	false,
					"sender":	true
				}],
			"sum":	{
				"start":	28.000116,
				"end":	29.00014,
				"seconds":	1.0000239610672,
				"bytes":	10485760,
				"bits_per_second":	83884070.0481606,
				"retransmits":	0,
				"omitted":	false,
				"sender":	true
			}
		}, {
			"streams":	[{
					"socket":	6,
					"start":	29.00014,
					"end":	30.000112,
					"seconds":	0.99997198581695557,
					"bytes":	10485760,
					"bits_per_second":	83888430.0658352,
					"retransmits":	225,
					"snd_cwnd":	4914512,
					"snd_wnd":	3145728,
					"rtt":	200096,
					"rttvar":	9,
					"pmtu":	1500,
					"omitted":	false,
					"sender":	true
				}],
			"sum":	{
				"start":	29.00014,
				"end":	30.000112,
				"seconds":	0.99997198581695557,
				"bytes":	10485760,
				"bits_per_second":	83888430.0658352,
				"retransmits":	225,
				"omitted":	false,
				"sender":	true
			}
		}, {
			"streams":	[{
					"socket":	6,
					"start":	30.000112,
					"end":	31.000182,
					"seconds":	1.0000699758529663,
					"bytes":	9175040,
					"bits_per_second":	73395184.1093883,
					"retransmits":	252,
					"snd_cwnd":	2450016,
					"snd_wnd":	2432896,
					"rtt":	200547,
					"rttvar":	826,
					"pmtu":	1500,
					"omitted":	false,
					"sender":	true
				}],
			"sum":	{
				"start":	30.000112,
				"end":	31.000182,
				"seconds":	1.0000699758529663,
				"bytes":	9175040,
				"bits_per_second":	73395184.1093883,
				"retransmits":	252,
				"omitted":	false,
				"sender":	true
			}
		}, {
			"streams":	[{
					"socket":	6,
					"start":	31.000182,
					"end":	32.000075,
					"seconds":	0.99989300966262817,
					"bytes":	11796480,
					"bits_per_second":	94381937.955383658,
					"retransmits":	0,
					"snd_cwnd":	4914512,
					"snd_wnd":	3145728,
					"rtt":	200082,
					"rttvar":	9,
					"pmtu":	1500,
					"omitted":	false,
					"sender":	true
				}],
			"sum":	{
				"start":	31.000182,
				"end":	32.000075,
				"seconds":	0.99989300966262817,
				"bytes":	11796480,
				"bits_per_second":	94381937.955383658,
				"retransmits":	0,
				"omitted":	false,
				"sender":	true
			}
		}, {
			"streams":	[{
					"socket":	6,
					"start":	32.000075,
					"end":	33.000113,
					"seconds":	1.0000380277633667,
					"bytes":	9175040,
					"bits_per_second":	73397528.856140956,
					"retransmits":	248,
					"snd_cwnd":	4917408,
					"snd_wnd":	3145728,
					"rtt":	200081,
					"rttvar":	5,
					"pmtu":	1500,
					"omitted":	false,
					"sender":	true
				}],
			"sum":	{
				"start":	32.000075,
				"end":	33.000113,
				"seconds":	1.0000380277633667,
				"bytes":	9175040,
				"bits_per_second":	73397528.856140956,
				"retransmits":	248,
				"omitted":	false,
				"sender":	true
			}
		}, {
			"streams":	[{
					"socket":	6,
					"start":	33.000113,
					"end":	34.000521,
					"seconds":	1.0004080533981323,
					"bytes":	7864320,
					"bits_per_second":	62888897.971477941,
					"retransmits":	0,
					"snd_cwnd":	5792,
					"snd_wnd":	3145728,
					"rtt":	200100,
					"rttvar":	38,
					"pmtu":	1500,
					"omitted":	false,
					"sender":	true
				}],
			"sum":	{
				"start":	33.000113,
				"end":	34.000521,
				"seconds":	1.0004080533981323,
				"bytes":	7864320,
				"bits_per_second":	62888897.971477941,
				"retransmits":	0,
				"omitted":	false,
				"sender":	true
			}
		}, {
			"streams":	[{
					"socket":	6,
					"start":	34.000521,
					"end":	35.000348,
					"seconds":	0.99982702732086182,
					"bytes":	6553600,
					"bits_per_second":	52437870.318917364,
					"retransmits":	245,
					"snd_cwnd":	2603504,
					"snd_wnd":	2612736,
					"rtt":	200308,
					"rttvar":	437,
					"pmtu":	1500,
					"omitted":	false,
					"sender":	true
				}],
			"sum":	{
				"start":	34.000521,
				"end":	35.000348,
				"seconds":	0.99982702732086182,
				"bytes":	6553600,
				"bits_per_second":	52437870.318917364,
				"retransmits":	245,
				"omitted":	false,
				"sender":	true
			}
		}, {
			"streams":	[{
					"socket":	6,
					"start":	35.000348,
					"end":	36.000086,
					"seconds":	0.99973797798156738,
					"bytes":	11796480,
					"bits_per_second":	94396573.9808476,
					"retransmits":	8,
					"snd_cwnd":	2487664,
					"snd_wnd":	3145728,
					"rtt":	208075,
					"rttvar":	722,
					"pmtu":	1500,
					"omitted":	false,
					"sender":	true
				}],
			"sum":	{
				"start":	35.000348,
				"end":	36.000086,
				"seconds":	0.99973797798156738,
				"bytes":	11796480,
				"bits_per_second":	94396573.9808476,
				"retransmits":	8,
				"omitted":	false,
				"sender":	true
			}
		}, {
			"streams":	[{
					"socket":	6,
					"start":	36.000086,
					"end":	37.000128,
					"seconds":	1.0000419616699219,
					"bytes":	6553600,
					"bits_per_second":	52426600.0923118,
					"retransmits":	352,
					"snd_cwnd":	5001392,
					"snd_wnd":	2493696,
					"rtt":	200118,
					"rttvar":	216,
					"pmtu":	1500,
					"omitted":	false,
					"sender":	true
				}],
			"sum":	{
				"start":	36.000086,
				"end":	37.000128,
				"seconds":	1.0000419616699219,
				"bytes":	6553600,
				"bits_per_second":	52426600.0923118,
				"retransmits":	352,
				"omitted":	false,
				"sender":	true
			}
		}, {
			"streams":	[{
					"socket":	6,
					"start":	37.000128,
					"end":	38.00029,
					"seconds":	1.0001620054244995,
					"bytes":	9175040,
					"bits_per_second":	73388430.676134959,
					"retransmits":	24,
					"snd_cwnd":	2441328,
					"snd_wnd":	3145728,
					"rtt":	207848,
					"rttvar":	168,
					"pmtu":	1500,
					"omitted":	false,
					"sender":	true
				}],
			"sum":	{
				"start":	37.000128,
				"end":	38.00029,
				"seconds":	1.0001620054244995,
				"bytes":	9175040,
				"bits_per_second":	73388430.676134959,
				"retransmits":	24,
				"omitted":	false,
				"sender":	true
			}
		}, {
			"streams":	[{
					"socket":	6,
					"start":	38.00029,
					"end":	39.000071,
					"seconds":	0.99978101253509521,
					"bytes":	9175040,
					"bits_per_second":	73416397.270720765,
					"retransmits":	390,
					"snd_cwnd":	5001392,
					"snd_wnd":	3145728,
					"rtt":	200094,
					"rttvar":	6,
					"pmtu":	1500,
					"omitted":	false,
					"sender":	true
				}],
			"sum":	{
				"start":	38.00029,
				"end":	39.000071,
				"seconds":	0.99978101253509521,
				"bytes":	9175040,
				"bits_per_second":	73416397.270720765,
				"retransmits":	390,
				"omitted":	false,
				"sender":	true
			}
		}, {
			"streams":	[{
					"socket":	6,
					"start":	39.000071,
					"end":	40.000112,
					"seconds":	1.0000410079956055,
					"bytes":	10485760,
					"bits_per_second":	83882640.141061723,
					"retransmits":	134,
					"snd_cwnd":	2816360,
					"snd_wnd":	2295040,
					"rtt":	205350,
					"rttvar":	556,
					"pmtu":	1500,
					"omitted":	false,
					"sender":	true
				}],
			"sum":	{
				"start":	39.000071,
				"end":	40.000112,
				"seconds":	1.0000410079956055,
				"bytes":	10485760,
				"bits_per_second":	83882640.141061723,
				"retransmits":	134,
				"omitted":	false,
				"sender":	true
			}
		}, {
			"streams":	[{
					"socket":	6,
					"start":	40.000112,
					"end":	41.000223,
					"seconds":	1.0001109838485718,
					"bytes":	9175040,
					"bits_per_second":	73392174.654001847,
					"retransmits":	8,
					"snd_cwnd":	2468840,
					"snd_wnd":	3145728,
					"rtt":	207790,
					"rttvar":	27,
					"pmtu":	1500,
					"omitted":	false,
					"sender":	true
				}],
			"sum":	{
				"start":	40.000112,
				"end":	41.000223,
				"seconds":	1.0001109838485718,
				"bytes":	9175040,
				"bits_per_second":	73392174.654001847,
				"retransmits":	8,
				"omitted":	false,
				"sender":	true
			}
		}, {
			"streams":	[{
					"socket":	6,
					"start":	41.000223,
					"end":	42.000109,
					"seconds":	0.99988597631454468,
					"bytes":	9175040,
					"bits_per_second":	73408690.3294158,
					"retransmits":	278,
					"snd_cwnd":	4952160,
					"snd_wnd":	3145728,
					"rtt":	200104,
					"rttvar":	16,
					"pmtu":	1500,
					"omitted":	false,
					"sender":	true
				}],
			"sum":	{
				"start":	41.000223,
				"end":	42.000109,
				"seconds":	0.99988597631454468,
				"bytes":	9175040,
				"bits_per_second":	73408690.3294158,
				"retransmits":	278,
				"omitted":	false,
				"sender":	true
			}
		}, {
			"streams":	[{
					"socket":	6,
					"start":	42.000109,
					"end":	43.000212,
					"seconds":	1.0001029968261719,
					"bytes":	10485760,
					"bits_per_second":	83877440.889800936,
					"retransmits":	144,
					"snd_cwnd":	2470288,
					"snd_wnd":	3145728,
					"rtt":	207497,
					"rttvar":	1755,
					"pmtu":	1500,
					"omitted":	false,
					"sender":	true
				}],
			"sum":	{
				"start":	42.000109,
				"end":	43.000212,
				"seconds":	1.0001029968261719,
				"bytes":	10485760,
				"bits_per_second":	83877440.889800936,
				"retransmits":	144,
				"omitted":	false,
				"sender":	true
			}
		}, {
			"streams":	[{
					"socket":	6,
					"start":	43.000212,
					"end":	44.000074,
					"seconds":	0.999862015247345,
					"bytes":	10485760,
					"bits_per_second":	83897656.59739393,
					"retransmits":	81,
					"snd_cwnd":	4914512,
					"snd_wnd":	3145728,
					"rtt":	200084,
					"rttvar":	5,
					"pmtu":	1500,
					"omitted":	false,
					"sender":	true
				}],
			"sum":	{
				"start":	43.000212,
				"end":	44.000074,
				"seconds":	0.999862015247345,
				"bytes":	10485760,
				"bits_per_second":	83897656.59739393,
				"retransmits":	81,
				"omitted":	false,
				"sender":	true
			}
		}, {
			"streams":	[{
					"socket":	6,
					"start":	44.000074,
					"end":	45.000112,
					"seconds":	1.0000380277633667,
					"bytes":	9175040,
					"bits_per_second":	73397528.856140956,
					"retransmits":	200,
					"snd_cwnd":	5792,
					"snd_wnd":	3145728,
					"rtt":	200086,
					"rttvar":	5,
					"pmtu":	1500,
					"omitted":	false,
					"sender":	true
				}],
			"sum":	{
				"start":	44.000074,
				"end":	45.000112,
				"seconds":	1.0000380277633667,
				"bytes":	9175040,
				"bits_per_second":	73397528.856140956,
				"retransmits":	200,
				"omitted":	false,
				"sender":	true
			}
		}, {
			"streams":	[{
					"socket":	6,
					"start":	45.000112,
					"end":	46.000142,
					"seconds":	1.0000300407409668,
					"bytes":	6553600,
					"bits_per_second":	52427225.047312744,
					"retransmits":	0,
					"snd_cwnd":	5050624,
					"snd_wnd":	3145728,
					"rtt":	204261,
					"rttvar":	162,
					"pmtu":	1500,
					"omitted":	false,
					"sender":	true
				}],
			"sum":	{
				"start":	45.000112,
				"end":	46.000142,
				"seconds":	1.0000300407409668,
				"bytes":	6553600,
				"bits_per_second":	52427225.047312744,
				"retransmits":	0,
				"omitted":	false,
				"sender":	true
			}
		}, {
			"streams":	[{
					"socket":	6,
					"start":	46.000142,
					"end":	47.000111,
					"seconds":	0.9999690055847168,
					"bytes":	10485760,
					"bits_per_second":	83888680.080588,
					"retransmits":	241,
					"snd_cwnd":	5027456,
					"snd_wnd":	3145728,
					"rtt":	202238,
					"rttvar":	162,
					"pmtu":	1500,
					"omitted":	false,
					"sender":	true
				}],
			"sum":	{
				"start":	46.000142,
				"end":	47.000111,
				"seconds":	0.9999690055847168,
				"bytes":	10485760,
				"bits_per_second":	83888680.080588,
				"retransmits":	241,
				"omitted":	false,
				"sender":	true
			}
		}, {
			"streams":	[{
					"socket":	6,
					"start":	47.000111,
					"end":	48.000323,
					"seconds":	1.0002119541168213,
					"bytes":	6553600,
					"bits_per_second":	52417689.854841,
					"retransmits":	247,
					"snd_cwnd":	2386304,
					"snd_wnd":	3145728,
					"rtt":	206710,
					"rttvar":	1864,
					"pmtu":	1500,
					"omitted":	false,
					"sender":	true
				}],
			"sum":	{
				"start":	47.000111,
				"end":	48.000323,
				"seconds":	1.0002119541168213,
				"bytes":	6553600,
				"bits_per_second":	52417689.854841,
				"retransmits":	247,
				"omitted":	false,
				"sender":	true
			}
		}, {
			"streams":	[{
					"socket":	6,
					"start":	48.000323,
					"end":	49.00013,
					"seconds":	0.99980700016021729,
					"bytes":	11796480,
					"bits_per_second":	94390057.2659294,
					"retransmits":	75,
					"snd_cwnd":	4989808,
					"snd_wnd":	3145728,
					"rtt":	204913,
					"rttvar":	113,
					"pmtu":	1500,
					"omitted":	false,
					"sender":	true
				}],
			"sum":	{
				"start":	48.000323,
				"end":	49.00013,
				"seconds":	0.99980700016021729,
				"bytes":	11796480,
				"bits_per_second":	94390057.2659294,
				"retransmits":	75,
				"omitted":	false,
				"sender":	true
			}
		}, {
			"streams":	[{
					"socket":	6,
					"start":	49.00013,
					"end":	50.000096,
					"seconds":	0.999966025352478,
					"bytes":	9175040,
					"bits_per_second":	73402813.834727153,
					"retransmits":	140,
					"snd_cwnd":	4926096,
					"snd_wnd":	3145728,
					"rtt":	200088,
					"rttvar":	8,
					"pmtu":	1500,
					"omitted":	false,
					"sender":	true
				}],
			"sum":	{
				"start":	49.00013,
				"end":	50.000096,
				"seconds":	0.999966025352478,
				"bytes":	9175040,
				"bits_per_second":	73402813.834727153,
				"retransmits":	140,
				"omitted":	false,
				"sender":	true
			}
		}, {
			"streams":	[{
					"socket":	6,
					"start":	50.000096,
					"end":	51.000193,
					"seconds":	1.0000970363616943,
					"bytes":	9175040,
					"bits_per_second":	73393198.191074431,
					"retransmits":	119,
					"snd_cwnd":	1766560,
					"snd_wnd":	3145728,
					"rtt":	203680,
					"rttvar":	1415,
					"pmtu":	1500,
					"omitted":	false,
					"sender":	true
				}],
			"sum":	{
				"start":	50.000096,
				"end":	51.000193,
				"seconds":	1.0000970363616943,
				"bytes":	9175040,
				"bits_per_second":	73393198.191074431,
				"retransmits":	119,
				"omitted":	false,
				"sender":	true
			}
		}, {
			"streams":	[{
					"socket":	6,
					"start":	51.000193,
					"end":	52.000097,
					"seconds":	0.999903976917267,
					"bytes":	10485760,
					"bits_per_second":	83894135.7735402,
					"retransmits":	20,
					"snd_cwnd":	4963744,
					"snd_wnd":	3145728,
					"rtt":	200092,
					"rttvar":	11,
					"pmtu":	1500,
					"omitted":	false,
					"sender":	true
				}],
			"sum":	{
				"start":	51.000193,
				"end":	52.000097,
				"seconds":	0.999903976917267,
				"bytes":	10485760,
				"bits_per_second":	83894135.7735402,
				"retransmits":	20,
				"omitted":	false,
				"sender":	true
			}
		}, {
			"streams":	[{
					"socket":	6,
					"start":	52.000097,
					"end":	53.000101,
					"seconds":	1.0000040531158447,
					"bytes":	9175040,
					"bits_per_second":	73400022.5012058,
					"retransmits":	260,
					"snd_cwnd":	4914512,
					"snd_wnd":	3145728,
					"rtt":	200096,
					"rttvar":	5,
					"pmtu":	1500,
					"omitted":	false,
					"sender":	true
				}],
			"sum":	{
				"start":	52.000097,
				"end":	53.000101,
				"seconds":	1.0000040531158447,
				"bytes":	9175040,
				"bits_per_second":	73400022.5012058,
				"retransmits":	260,
				"omitted":	false,
				"sender":	true
			}
		}, {
			"streams":	[{
					"socket":	6,
					"start":	53.000101,
					"end":	54.000226,
					"seconds":	1.0001250505447388,
					"bytes":	10485760,
					"bits_per_second":	83875591.3116162,
					"retransmits":	189,
					"snd_cwnd":	2409472,
					"snd_wnd":	3145728,
					"rtt":	208650,
					"rttvar":	431,
					"pmtu":	1500,
					"omitted":	false,
					"sender":	true
				}],
			"sum":	{
				"start":	53.000101,
				"end":	54.000226,
				"seconds":	1.0001250505447388,
				"bytes":	10485760,
				"bits_per_second":	83875591.3116162,
				"retransmits":	189,
				"omitted":	false,
				"sender":	true
			}
		}, {
			"streams":	[{
					"socket":	6,
					"start":	54.000226,
					"end":	55.000137,
					"seconds":	0.99991101026535034,
					"bytes":	10485760,
					"bits_per_second":	83893545.6643675,
					"retransmits":	5,
					"snd_cwnd":	4975328,
					"snd_wnd":	3145728,
					"rtt":	201254,
					"rttvar":	339,
					"pmtu":	1500,
					"omitted":	false,
					"sender":	true
				}],
			"sum":	{
				"start":	54.000226,
				"end":	55.000137,
				"seconds":	0.99991101026535034,
				"bytes":	10485760,
				"bits_per_second":	83893545.6643675,
				"retransmits":	5,
				"omitted":	false,
				"sender":	true
			}
		}, {
			"streams":	[{
					"socket":	6,
					"start":	55.000137,
					"end":	56.000079,
					"seconds":	0.99994200468063354,
					"bytes":	10485760,
					"bits_per_second":	83890945.2821636,
					"retransmits":	290,
					"snd_cwnd":	4972432,
					"snd_wnd":	3145728,
					"rtt":	200097,
					"rttvar":	11,
					"pmtu":	1500,
					"omitted":	false,
					"sender":	true
				}],
			"sum":	{
				"start":	55.000137,
				"end":	56.000079,
				"seconds":	0.99994200468063354,
				"bytes":	10485760,
				"bits_per_second":	83890945.2821636,
				"retransmits":	290,
				"omitted":	false,
				"sender":	true
			}
		}, {
			"streams":	[{
					"socket":	6,
					"start":	56.000079,
					"end":	57.000518,
					"seconds":	1.0004390478134155,
					"bytes":	6553600,
					"bits_per_second":	52405791.351896636,
					"retransmits":	0,
					"snd_cwnd":	4928992,
					"snd_wnd":	3145728,
					"rtt":	200111,
					"rttvar":	19,
					"pmtu":	1500,
					"omitted":	false,
					"sender":	true
				}],
			"sum":	{
				"start":	56.000079,
				"end":	57.000518,
				"seconds":	1.0004390478134155,
				"bytes":	6553600,
				"bits_per_second":	52405791.351896636,
				"retransmits":	0,
				"omitted":	false,
				"sender":	true
			}
		}, {
			"streams":	[{
					"socket":	6,
					"start":	57.000518,
					"end":	58.000313,
					"seconds":	0.99979501962661743,
					"bytes":	10485760,
					"bits_per_second":	83903278.525360152,
					"retransmits":	230,
					"snd_cwnd":	4897136,
					"snd_wnd":	2588288,
					"rtt":	200180,
					"rttvar":	315,
					"pmtu":	1500,
					"omitted":	false,
					"sender":	true
				}],
			"sum":	{
				"start":	57.000518,
				"end":	58.000313,
				"seconds":	0.99979501962661743,
				"bytes":	10485760,
				"bits_per_second":	83903278.525360152,
				"retransmits":	230,
				"omitted":	false,
				"sender":	true
			}
		}, {
			"streams":	[{
					"socket":	6,
					"start":	58.000313,
					"end":	59.000142,
					"seconds":	0.9998289942741394,
					"bytes":	10485760,
					"bits_per_second":	83900427.4534967,
					"retransmits":	0,
					"snd_cwnd":	4955056,
					"snd_wnd":	3145728,
					"rtt":	200952,
					"rttvar":	223,
					"pmtu":	1500,
					"omitted":	false,
					"sender":	true
				}],
			"sum":	{
				"start":	58.000313,
				"end":	59.000142,
				"seconds":	0.9998289942741394,
				"bytes":	10485760,
				"bits_per_second":	83900427.4534967,
				"retransmits":	0,
				"omitted":	false,
				"sender":	true
			}
		}, {
			"streams":	[{
					"socket":	6,
					"start":	59.000142,
					"end":	60.00017,
					"seconds":	1.0000280141830444,
					"bytes":	9175040,
					"bits_per_second":	73398263.807602555,
					"retransmits":	285,
					"snd_cwnd":	4908720,
					"snd_wnd":	3145728,
					"rtt":	200101,
					"rttvar":	6,
					"pmtu":	1500,
					"omitted":	false,
					"sender":	true
				}],
			"sum":	{
				"start":	59.000142,
				"end":	60.00017,
				"seconds":	1.0000280141830444,
				"bytes":	9175040,
				"bits_per_second":	73398263.807602555,
				"retransmits":	285,
				"omitted":	false,
				"sender":	true
			}
		}],
	"end":	{
		"streams":	[{
				"sender":	{
					"socket":	6,
					"start":	0,
					"end":	60.00017,
					"seconds":	60.00017,
					"bytes":	552992768,
					"bits_per_second":	73732160.158879548,
					"retransmits":	10669,
					"max_snd_cwnd":	5050624,
					"max_snd_wnd":	3145728,
					"max_rtt":	208650,
					"min_rtt":	200069,
					"mean_rtt":	202143,
					"sender":	true
				},
				"receiver":	{
					"socket":	6,
					"start":	0,
					"end":	60.200333,
					"seconds":	60.00017,
					"bytes":	552828632,
					"bits_per_second":	73465192.559649125,
					"sender":	true
				}
			}],
		"sum_sent":	{
			"start":	0,
			"end":	60.00017,
			"seconds":	60.00017,
			"bytes":	552992768,
			"bits_per_second":	73732160.158879548,
			"retransmits":	10669,
			"sender":	true
		},
		"sum_received":	{
			"start":	0,
			"end":	60.200333,
			"seconds":	60.200333,
			"bytes":	552828632,
			"bits_per_second":	73465192.559649125,
			"sender":	true
		},
		"cpu_utilization_percent":	{
			"host_total":	0.45151324820967809,
			"host_user":	0.06179104394152226,
			"host_system":	0.38972220426815579,
			"remote_total":	1.7727638385080433,
			"remote_user":	0.12317038433066864,
			"remote_system":	1.6495917930574089
		},
		"sender_tcp_congestion":	"bbr",
		"receiver_tcp_congestion":	"bbr"
	}
}
