{
	"start":	{
		"connected":	[{
				"socket":	6,
				"local_host":	"192.168.101.210",
				"local_port":	47238,
				"remote_host":	"192.168.100.168",
				"remote_port":	5202
			}],
		"version":	"iperf 3.11",
		"system_info":	"Linux f1 6.0.10-300.fc37.x86_64 #1 SMP PREEMPT_DYNAMIC Sat Nov 26 16:55:13 UTC 2022 x86_64",
		"timestamp":	{
			"time":	"Sat, 10 Dec 2022 17:23:53 GMT",
			"timesecs":	1670693033
		},
		"connecting_to":	{
			"host":	"192.168.100.168",
			"port":	5202
		},
		"cookie":	"f2u2awb73swoqqc7a6qvnxvxetqhxp5ztovv",
		"tcp_mss_default":	1448,
		"target_bitrate":	0,
		"sock_bufsize":	0,
		"sndbuf_actual":	16384,
		"rcvbuf_actual":	131072,
		"test_start":	{
			"protocol":	"TCP",
			"num_streams":	1,
			"blksize":	131072,
			"omit":	0,
			"duration":	60,
			"bytes":	0,
			"blocks":	0,
			"reverse":	0,
			"tos":	0,
			"target_bitrate":	0
		}
	},
	"intervals":	[{
			"streams":	[{
					"socket":	6,
					"start":	0,
					"end":	1.000077,
					"seconds":	1.00007700920105,
					"bytes":	12593256,
					"bits_per_second":	100738290.22475466,
					"retransmits":	416,
					"snd_cwnd":	117288,
					"snd_wnd":	2324608,
					"rtt":	12030,
					"rttvar":	135,
					"pmtu":	1500,
					"omitted":	false,
					"sender":	true
				}],
			"sum":	{
				"start":	0,
				"end":	1.000077,
				"seconds":	1.00007700920105,
				"bytes":	12593256,
				"bits_per_second":	100738290.22475466,
				"retransmits":	416,
				"omitted":	false,
				"sender":	true
			}
		}, {
			"streams":	[{
					"socket":	6,
					"start":	1.000077,
					"end":	2.000092,
					"seconds":	1.0000150203704834,
					"bytes":	9774000,
					"bits_per_second":	78190825.5448319,
					"retransmits":	175,
					"snd_cwnd":	156384,
					"snd_wnd":	2324608,
					"rtt":	11480,
					"rttvar":	413,
					"pmtu":	1500,
					"omitted":	false,
					"sender":	true
				}],
			"sum":	{
				"start":	1.000077,
				"end":	2.000092,
				"seconds":	1.0000150203704834,
				"bytes":	9774000,
				"bits_per_second":	78190825.5448319,
				"retransmits":	175,
				"omitted":	false,
				"sender":	true
			}
		}, {
			"streams":	[{
					"socket":	6,
					"start":	2.000092,
					"end":	3.000073,
					"seconds":	0.99998098611831665,
					"bytes":	11207520,
					"bits_per_second":	89661864.8200892,
					"retransmits":	190,
					"snd_cwnd":	140456,
					"snd_wnd":	2305792,
					"rtt":	12454,
					"rttvar":	228,
					"pmtu":	1500,
					"omitted":	false,
					"sender":	true
				}],
			"sum":	{
				"start":	2.000092,
				"end":	3.000073,
				"seconds":	0.99998098611831665,
				"bytes":	11207520,
				"bits_per_second":	89661864.8200892,
				"retransmits":	190,
				"omitted":	false,
				"sender":	true
			}
		}, {
			"streams":	[{
					"socket":	6,
					"start":	3.000073,
					"end":	4.000095,
					"seconds":	1.0000220537185669,
					"bytes":	9448200,
					"bits_per_second":	75583933.0932114,
					"retransmits":	166,
					"snd_cwnd":	153488,
					"snd_wnd":	2324608,
					"rtt":	11488,
					"rttvar":	116,
					"pmtu":	1500,
					"omitted":	false,
					"sender":	true
				}],
			"sum":	{
				"start":	3.000073,
				"end":	4.000095,
				"seconds":	1.0000220537185669,
				"bytes":	9448200,
				"bits_per_second":	75583933.0932114,
				"retransmits":	166,
				"omitted":	false,
				"sender":	true
			}
		}, {
			"streams":	[{
					"socket":	6,
					"start":	4.000095,
					"end":	5.000072,
					"seconds":	0.9999769926071167,
					"bytes":	10490760,
					"bits_per_second":	83928010.9647222,
					"retransmits":	223,
					"snd_cwnd":	147696,
					"snd_wnd":	2324608,
					"rtt":	11999,
					"rttvar":	137,
					"pmtu":	1500,
					"omitted":	false,
					"sender":	true
				}],
			"sum":	{
				"start":	4.000095,
				"end":	5.000072,
				"seconds":	0.9999769926071167,
				"bytes":	10490760,
				"bits_per_second":	83928010.9647222,
				"retransmits":	223,
				"omitted":	false,
				"sender":	true
			}
		}, {
			"streams":	[{
					"socket":	6,
					"start":	5.000072,
					"end":	6.000077,
					"seconds":	1.0000050067901611,
					"bytes":	10295280,
					"bits_per_second":	82361827.631611764,
					"retransmits":	180,
					"snd_cwnd":	128872,
					"snd_wnd":	2324608,
					"rtt":	11361,
					"rttvar":	239,
					"pmtu":	1500,
					"omitted":	false,
					"sender":	true
				}],
			"sum":	{
				"start":	5.000072,
				"end":	6.000077,
				"seconds":	1.0000050067901611,
				"bytes":	10295280,
				"bits_per_second":	82361827.631611764,
				"retransmits":	180,
				"omitted":	false,
				"sender":	true
			}
		}, {
			"streams":	[{
					"socket":	6,
					"start":	6.000077,
					"end":	7.000065,
					"seconds":	0.9999880194664,
					"bytes":	10686240,
					"bits_per_second":	85490944.2271298,
					"retransmits":	220,
					"snd_cwnd":	128872,
					"snd_wnd":	2324608,
					"rtt":	11803,
					"rttvar":	250,
					"pmtu":	1500,
					"omitted":	false,
					"sender":	true
				}],
			"sum":	{
				"start":	6.000077,
				"end":	7.000065,
				"seconds":	0.9999880194664,
				"bytes":	10686240,
				"bits_per_second":	85490944.2271298,
				"retransmits":	220,
				"omitted":	false,
				"sender":	true
			}
		}, {
			"streams":	[{
					"socket":	6,
					"start":	7.000065,
					"end":	8.000077,
					"seconds":	1.0000120401382446,
					"bytes":	10360440,
					"bits_per_second":	82882522.082976058,
					"retransmits":	212,
					"snd_cwnd":	156384,
					"snd_wnd":	2324608,
					"rtt":	12223,
					"rttvar":	248,
					"pmtu":	1500,
					"omitted":	false,
					"sender":	true
				}],
			"sum":	{
				"start":	7.000065,
				"end":	8.000077,
				"seconds":	1.0000120401382446,
				"bytes":	10360440,
				"bits_per_second":	82882522.082976058,
				"retransmits":	212,
				"omitted":	false,
				"sender":	true
			}
		}, {
			"streams":	[{
					"socket":	6,
					"start":	8.000077,
					"end":	9.000076,
					"seconds":	0.99999898672103882,
					"bytes":	10555920,
					"bits_per_second":	84447445.568819925,
					"retransmits":	203,
					"snd_cwnd":	159280,
					"snd_wnd":	2324608,
					"rtt":	10533,
					"rttvar":	143,
					"pmtu":	1500,
					"omitted":	false,
					"sender":	true
				}],
			"sum":	{
				"start":	8.000077,
				"end":	9.000076,
				"seconds":	0.99999898672103882,
				"bytes":	10555920,
				"bits_per_second":	84447445.568819925,
				"retransmits":	203,
				"omitted":	false,
				"sender":	true
			}
		}, {
			"streams":	[{
					"socket":	6,
					"start":	9.000076,
					"end":	10.000089,
					"seconds":	1.000012993812561,
					"bytes":	10425600,
					"bits_per_second":	83403716.26774393,
					"retransmits":	176,
					"snd_cwnd":	131768,
					"snd_wnd":	2324608,
					"rtt":	11483,
					"rttvar":	185,
					"pmtu":	1500,
					"omitted":	false,
					"sender":	true
				}],
			"sum":	{
				"start":	9.000076,
				"end":	10.000089,
				"seconds":	1.000012993812561,
				"bytes":	10425600,
				"bits_per_second":	83403716.26774393,
				"retransmits":	176,
				"omitted":	false,
				"sender":	true
			}
		}, {
			"streams":	[{
					"socket":	6,
					"start":	10.000089,
					"end":	11.000097,
					"seconds":	1.0000079870224,
					"bytes":	8731440,
					"bits_per_second":	69850962.098801062,
					"retransmits":	285,
					"snd_cwnd":	121632,
					"snd_wnd":	2324608,
					"rtt":	12176,
					"rttvar":	440,
					"pmtu":	1500,
					"omitted":	false,
					"sender":	true
				}],
			"sum":	{
				"start":	10.000089,
				"end":	11.000097,
				"seconds":	1.0000079870224,
				"bytes":	8731440,
				"bits_per_second":	69850962.098801062,
				"retransmits":	285,
				"omitted":	false,
				"sender":	true
			}
		}, {
			"streams":	[{
					"socket":	6,
					"start":	11.000097,
					"end":	12.0001,
					"seconds":	1.0000029802322388,
					"bytes":	10686240,
					"bits_per_second":	85489665.22094363,
					"retransmits":	217,
					"snd_cwnd":	134664,
					"snd_wnd":	2324608,
					"rtt":	12255,
					"rttvar":	295,
					"pmtu":	1500,
					"omitted":	false,
					"sender":	true
				}],
			"sum":	{
				"start":	11.000097,
				"end":	12.0001,
				"seconds":	1.0000029802322388,
				"bytes":	10686240,
				"bits_per_second":	85489665.22094363,
				"retransmits":	217,
				"omitted":	false,
				"sender":	true
			}
		}, {
			"streams":	[{
					"socket":	6,
					"start":	12.0001,
					"end":	13.000073,
					"seconds":	0.99997299909591675,
					"bytes":	10490760,
					"bits_per_second":	83928346.141224027,
					"retransmits":	205,
					"snd_cwnd":	153488,
					"snd_wnd":	2324608,
					"rtt":	11426,
					"rttvar":	203,
					"pmtu":	1500,
					"omitted":	false,
					"sender":	true
				}],
			"sum":	{
				"start":	12.0001,
				"end":	13.000073,
				"seconds":	0.99997299909591675,
				"bytes":	10490760,
				"bits_per_second":	83928346.141224027,
				"retransmits":	205,
				"omitted":	false,
				"sender":	true
			}
		}, {
			"streams":	[{
					"socket":	6,
					"start":	13.000073,
					"end":	14.000075,
					"seconds":	1.0000020265579224,
					"bytes":	9839160,
					"bits_per_second":	78713120.4833021,
					"retransmits":	235,
					"snd_cwnd":	120184,
					"snd_wnd":	2322432,
					"rtt":	12266,
					"rttvar":	231,
					"pmtu":	1500,
					"omitted":	false,
					"sender":	true
				}],
			"sum":	{
				"start":	13.000073,
				"end":	14.000075,
				"seconds":	1.0000020265579224,
				"bytes":	9839160,
				"bits_per_second":	78713120.4833021,
				"retransmits":	235,
				"omitted":	false,
				"sender":	true
			}
		}, {
			"streams":	[{
					"socket":	6,
					"start":	14.000075,
					"end":	15.000089,
					"seconds":	1.0000139474868774,
					"bytes":	10230120,
					"bits_per_second":	81839818.540204853,
					"retransmits":	176,
					"snd_cwnd":	131768,
					"snd_wnd":	2324608,
					"rtt":	12356,
					"rttvar":	490,
					"pmtu":	1500,
					"omitted":	false,
					"sender":	true
				}],
			"sum":	{
				"start":	14.000075,
				"end":	15.000089,
				"seconds":	1.0000139474868774,
				"bytes":	10230120,
				"bits_per_second":	81839818.540204853,
				"retransmits":	176,
				"omitted":	false,
				"sender":	true
			}
		}, {
			"streams":	[{
					"socket":	6,
					"start":	15.000089,
					"end":	16.000079,
					"seconds":	0.99998998641967773,
					"bytes":	10425600,
					"bits_per_second":	83405635.1890273,
					"retransmits":	219,
					"snd_cwnd":	165072,
					"snd_wnd":	2324608,
					"rtt":	11560,
					"rttvar":	154,
					"pmtu":	1500,
					"omitted":	false,
					"sender":	true
				}],
			"sum":	{
				"start":	15.000089,
				"end":	16.000079,
				"seconds":	0.99998998641967773,
				"bytes":	10425600,
				"bits_per_second":	83405635.1890273,
				"retransmits":	219,
				"omitted":	false,
				"sender":	true
			}
		}, {
			"streams":	[{
					"socket":	6,
					"start":	16.000079,
					"end":	17.00008,
					"seconds":	1.0000009536743164,
					"bytes":	9839160,
					"bits_per_second":	78713204.9332381,
					"retransmits":	190,
					"snd_cwnd":	159280,
					"snd_wnd":	2324608,
					"rtt":	11617,
					"rttvar":	131,
					"pmtu":	1500,
					"omitted":	false,
					"sender":	true
				}],
			"sum":	{
				"start":	16.000079,
				"end":	17.00008,
				"seconds":	1.0000009536743164,
				"bytes":	9839160,
				"bits_per_second":	78713204.9332381,
				"retransmits":	190,
				"omitted":	false,
				"sender":	true
			}
		}, {
			"streams":	[{
					"socket":	6,
					"start":	17.00008,
					"end":	18.000093,
					"seconds":	1.000012993812561,
					"bytes":	10360440,
					"bits_per_second":	82882443.0410705,
					"retransmits":	202,
					"snd_cwnd":	121632,
					"snd_wnd":	2324608,
					"rtt":	12218,
					"rttvar":	238,
					"pmtu":	1500,
					"omitted":	false,
					"sender":	true
				}],
			"sum":	{
				"start":	17.00008,
				"end":	18.000093,
				"seconds":	1.000012993812561,
				"bytes":	10360440,
				"bits_per_second":	82882443.0410705,
				"retransmits":	202,
				"omitted":	false,
				"sender":	true
			}
		}, {
			"streams":	[{
					"socket":	6,
					"start":	18.000093,
					"end":	19.0001,
					"seconds":	1.0000070333480835,
					"bytes":	10555920,
					"bits_per_second":	84446766.0564998,
					"retransmits":	213,
					"snd_cwnd":	153488,
					"snd_wnd":	2324608,
					"rtt":	11261,
					"rttvar":	317,
					"pmtu":	1500,
					"omitted":	false,
					"sender":	true
				}],
			"sum":	{
				"start":	18.000093,
				"end":	19.0001,
				"seconds":	1.0000070333480835,
				"bytes":	10555920,
				"bits_per_second":	84446766.0564998,
				"retransmits":	213,
				"omitted":	false,
				"sender":	true
			}
		}, {
			"streams":	[{
					"socket":	6,
					"start":	19.0001,
					"end":	20.000071,
					"seconds":	0.99997097253799438,
					"bytes":	11337840,
					"bits_per_second":	90705352.946186349,
					"retransmits":	253,
					"snd_cwnd":	159280,
					"snd_wnd":	2324608,
					"rtt":	10737,
					"rttvar":	260,
					"pmtu":	1500,
					"omitted":	false,
					"sender":	true
				}],
			"sum":	{
				"start":	19.0001,
				"end":	20.000071,
				"seconds":	0.99997097253799438,
				"bytes":	11337840,
				"bits_per_second":	90705352.946186349,
				"retransmits":	253,
				"omitted":	false,
				"sender":	true
			}
		}, {
			"streams":	[{
					"socket":	6,
					"start":	20.000071,
					"end":	21.000077,
					"seconds":	1.0000059604644775,
					"bytes":	8079840,
					"bits_per_second":	64638334.725501984,
					"retransmits":	219,
					"snd_cwnd":	162176,
					"snd_wnd":	2324608,
					"rtt":	10912,
					"rttvar":	248,
					"pmtu":	1500,
					"omitted":	false,
					"sender":	true
				}],
			"sum":	{
				"start":	20.000071,
				"end":	21.000077,
				"seconds":	1.0000059604644775,
				"bytes":	8079840,
				"bits_per_second":	64638334.725501984,
				"retransmits":	219,
				"omitted":	false,
				"sender":	true
			}
		}, {
			"streams":	[{
					"socket":	6,
					"start":	21.000077,
					"end":	22.000083,
					"seconds":	1.0000059604644775,
					"bytes":	10621080,
					"bits_per_second":	84968133.550458252,
					"retransmits":	209,
					"snd_cwnd":	162176,
					"snd_wnd":	2320128,
					"rtt":	11193,
					"rttvar":	241,
					"pmtu":	1500,
					"omitted":	false,
					"sender":	true
				}],
			"sum":	{
				"start":	21.000077,
				"end":	22.000083,
				"seconds":	1.0000059604644775,
				"bytes":	10621080,
				"bits_per_second":	84968133.550458252,
				"retransmits":	209,
				"omitted":	false,
				"sender":	true
			}
		}, {
			"streams":	[{
					"socket":	6,
					"start":	22.000083,
					"end":	23.000075,
					"seconds":	0.9999920129776,
					"bytes":	10621080,
					"bits_per_second":	84969318.651851371,
					"retransmits":	205,
					"snd_cwnd":	114392,
					"snd_wnd":	2324608,
					"rtt":	11574,
					"rttvar":	265,
					"pmtu":	1500,
					"omitted":	false,
					"sender":	true
				}],
			"sum":	{
				"start":	22.000083,
				"end":	23.000075,
				"seconds":	0.9999920129776,
				"bytes":	10621080,
				"bits_per_second":	84969318.651851371,
				"retransmits":	205,
				"omitted":	false,
				"sender":	true
			}
		}, {
			"streams":	[{
					"socket":	6,
					"start":	23.000075,
					"end":	24.000079,
					"seconds":	1.0000040531158447,
					"bytes":	10425600,
					"bits_per_second":	83404461.952053741,
					"retransmits":	213,
					"snd_cwnd":	153488,
					"snd_wnd":	2324608,
					"rtt":	11236,
					"rttvar":	220,
					"pmtu":	1500,
					"omitted":	false,
					"sender":	true
				}],
			"sum":	{
				"start":	23.000075,
				"end":	24.000079,
				"seconds":	1.0000040531158447,
				"bytes":	10425600,
				"bits_per_second":	83404461.952053741,
				"retransmits":	213,
				"omitted":	false,
				"sender":	true
			}
		}, {
			"streams":	[{
					"socket":	6,
					"start":	24.000079,
					"end":	25.000076,
					"seconds":	0.99999701976776123,
					"bytes":	10490760,
					"bits_per_second":	83926330.1199547,
					"retransmits":	216,
					"snd_cwnd":	130320,
					"snd_wnd":	2324608,
					"rtt":	12123,
					"rttvar":	267,
					"pmtu":	1500,
					"omitted":	false,
					"sender":	true
				}],
			"sum":	{
				"start":	24.000079,
				"end":	25.000076,
				"seconds":	0.99999701976776123,
				"bytes":	10490760,
				"bits_per_second":	83926330.1199547,
				"retransmits":	216,
				"omitted":	false,
				"sender":	true
			}
		}, {
			"streams":	[{
					"socket":	6,
					"start":	25.000076,
					"end":	26.000076,
					"seconds":	1,
					"bytes":	9708840,
					"bits_per_second":	77670720,
					"retransmits":	233,
					"snd_cwnd":	146248,
					"snd_wnd":	2313984,
					"rtt":	12272,
					"rttvar":	434,
					"pmtu":	1500,
					"omitted":	false,
					"sender":	true
				}],
			"sum":	{
				"start":	25.000076,
				"end":	26.000076,
				"seconds":	1,
				"bytes":	9708840,
				"bits_per_second":	77670720,
				"retransmits":	233,
				"omitted":	false,
				"sender":	true
			}
		}, {
			"streams":	[{
					"socket":	6,
					"start":	26.000076,
					"end":	27.000078,
					"seconds":	1.0000020265579224,
					"bytes":	10490760,
					"bits_per_second":	83925909.919282362,
					"retransmits":	164,
					"snd_cwnd":	143352,
					"snd_wnd":	2324608,
					"rtt":	12329,
					"rttvar":	284,
					"pmtu":	1500,
					"omitted":	false,
					"sender":	true
				}],
			"sum":	{
				"start":	26.000076,
				"end":	27.000078,
				"seconds":	1.0000020265579224,
				"bytes":	10490760,
				"bits_per_second":	83925909.919282362,
				"retransmits":	164,
				"omitted":	false,
				"sender":	true
			}
		}, {
			"streams":	[{
					"socket":	6,
					"start":	27.000078,
					"end":	28.000077,
					"seconds":	0.99999898672103882,
					"bytes":	10490760,
					"bits_per_second":	83926165.040617332,
					"retransmits":	264,
					"snd_cwnd":	146248,
					"snd_wnd":	2324608,
					"rtt":	12288,
					"rttvar":	210,
					"pmtu":	1500,
					"omitted":	false,
					"sender":	true
				}],
			"sum":	{
				"start":	27.000078,
				"end":	28.000077,
				"seconds":	0.99999898672103882,
				"bytes":	10490760,
				"bits_per_second":	83926165.040617332,
				"retransmits":	264,
				"omitted":	false,
				"sender":	true
			}
		}, {
			"streams":	[{
					"socket":	6,
					"start":	28.000077,
					"end":	29.000075,
					"seconds":	0.99999797344207764,
					"bytes":	10230120,
					"bits_per_second":	81841125.855781972,
					"retransmits":	265,
					"snd_cwnd":	165072,
					"snd_wnd":	2318080,
					"rtt":	11444,
					"rttvar":	280,
					"pmtu":	1500,
					"omitted":	false,
					"sender":	true
				}],
			"sum":	{
				"start":	28.000077,
				"end":	29.000075,
				"seconds":	0.99999797344207764,
				"bytes":	10230120,
				"bits_per_second":	81841125.855781972,
				"retransmits":	265,
				"omitted":	false,
				"sender":	true
			}
		}, {
			"streams":	[{
					"socket":	6,
					"start":	29.000075,
					"end":	30.000077,
					"seconds":	1.0000020265579224,
					"bytes":	10490760,
					"bits_per_second":	83925909.919282362,
					"retransmits":	279,
					"snd_cwnd":	114392,
					"snd_wnd":	2324608,
					"rtt":	11576,
					"rttvar":	364,
					"pmtu":	1500,
					"omitted":	false,
					"sender":	true
				}],
			"sum":	{
				"start":	29.000075,
				"end":	30.000077,
				"seconds":	1.0000020265579224,
				"bytes":	10490760,
				"bits_per_second":	83925909.919282362,
				"retransmits":	279,
				"omitted":	false,
				"sender":	true
			}
		}, {
			"streams":	[{
					"socket":	6,
					"start":	30.000077,
					"end":	31.000091,
					"seconds":	1.0000139474868774,
					"bytes":	7949520,
					"bits_per_second":	63595273.005764283,
					"retransmits":	185,
					"snd_cwnd":	162176,
					"snd_wnd":	2324608,
					"rtt":	11338,
					"rttvar":	301,
					"pmtu":	1500,
					"omitted":	false,
					"sender":	true
				}],
			"sum":	{
				"start":	30.000077,
				"end":	31.000091,
				"seconds":	1.0000139474868774,
				"bytes":	7949520,
				"bits_per_second":	63595273.005764283,
				"retransmits":	185,
				"omitted":	false,
				"sender":	true
			}
		}, {
			"streams":	[{
					"socket":	6,
					"start":	31.000091,
					"end":	32.000077,
					"seconds":	0.99998599290847778,
					"bytes":	10490760,
					"bits_per_second":	83927255.57675007,
					"retransmits":	220,
					"snd_cwnd":	159280,
					"snd_wnd":	2318080,
					"rtt":	11910,
					"rttvar":	130,
					"pmtu":	1500,
					"omitted":	false,
					"sender":	true
				}],
			"sum":	{
				"start":	31.000091,
				"end":	32.000077,
				"seconds":	0.99998599290847778,
				"bytes":	10490760,
				"bits_per_second":	83927255.57675007,
				"retransmits":	220,
				"omitted":	false,
				"sender":	true
			}
		}, {
			"streams":	[{
					"socket":	6,
					"start":	32.000077,
					"end":	33.000105,
					"seconds":	1.0000280141830444,
					"bytes":	9578520,
					"bits_per_second":	76626013.3848351,
					"retransmits":	213,
					"snd_cwnd":	156384,
					"snd_wnd":	2324608,
					"rtt":	12050,
					"rttvar":	152,
					"pmtu":	1500,
					"omitted":	false,
					"sender":	true
				}],
			"sum":	{
				"start":	32.000077,
				"end":	33.000105,
				"seconds":	1.0000280141830444,
				"bytes":	9578520,
				"bits_per_second":	76626013.3848351,
				"retransmits":	213,
				"omitted":	false,
				"sender":	true
			}
		}, {
			"streams":	[{
					"socket":	6,
					"start":	33.000105,
					"end":	34.000075,
					"seconds":	0.999970018863678,
					"bytes":	10425600,
					"bits_per_second":	83407300.6456509,
					"retransmits":	209,
					"snd_cwnd":	150592,
					"snd_wnd":	2324608,
					"rtt":	10554,
					"rttvar":	239,
					"pmtu":	1500,
					"omitted":	false,
					"sender":	true
				}],
			"sum":	{
				"start":	33.000105,
				"end":	34.000075,
				"seconds":	0.999970018863678,
				"bytes":	10425600,
				"bits_per_second":	83407300.6456509,
				"retransmits":	209,
				"omitted":	false,
				"sender":	true
			}
		}, {
			"streams":	[{
					"socket":	6,
					"start":	34.000075,
					"end":	35.000079,
					"seconds":	1.0000040531158447,
					"bytes":	9839160,
					"bits_per_second":	78712960.9672507,
					"retransmits":	223,
					"snd_cwnd":	144800,
					"snd_wnd":	2324608,
					"rtt":	10834,
					"rttvar":	129,
					"pmtu":	1500,
					"omitted":	false,
					"sender":	true
				}],
			"sum":	{
				"start":	34.000075,
				"end":	35.000079,
				"seconds":	1.0000040531158447,
				"bytes":	9839160,
				"bits_per_second":	78712960.9672507,
				"retransmits":	223,
				"omitted":	false,
				"sender":	true
			}
		}, {
			"streams":	[{
					"socket":	6,
					"start":	35.000079,
					"end":	36.000078,
					"seconds":	0.99999898672103882,
					"bytes":	9578520,
					"bits_per_second":	76628237.64578104,
					"retransmits":	157,
					"snd_cwnd":	117288,
					"snd_wnd":	2324608,
					"rtt":	12316,
					"rttvar":	190,
					"pmtu":	1500,
					"omitted":	false,
					"sender":	true
				}],
			"sum":	{
				"start":	35.000079,
				"end":	36.000078,
				"seconds":	0.99999898672103882,
				"bytes":	9578520,
				"bits_per_second":	76628237.64578104,
				"retransmits":	157,
				"omitted":	false,
				"sender":	true
			}
		}, {
			"streams":	[{
					"socket":	6,
					"start":	36.000078,
					"end":	37.000087,
					"seconds":	1.0000089406967163,
					"bytes":	9578520,
					"bits_per_second":	76627474.8969868,
					"retransmits":	177,
					"snd_cwnd":	125976,
					"snd_wnd":	2324608,
					"rtt":	12296,
					"rttvar":	163,
					"pmtu":	1500,
					"omitted":	false,
					"sender":	true
				}],
			"sum":	{
				"start":	36.000078,
				"end":	37.000087,
				"seconds":	1.0000089406967163,
				"bytes":	9578520,
				"bits_per_second":	76627474.8969868,
				"retransmits":	177,
				"omitted":	false,
				"sender":	true
			}
		}, {
			"streams":	[{
					"socket":	6,
					"start":	37.000087,
					"end":	38.000078,
					"seconds":	0.999990999698639,
					"bytes":	10360440,
					"bits_per_second":	82884265.983371943,
					"retransmits":	249,
					"snd_cwnd":	141904,
					"snd_wnd":	2324608,
					"rtt":	12615,
					"rttvar":	223,
					"pmtu":	1500,
					"omitted":	false,
					"sender":	true
				}],
			"sum":	{
				"start":	37.000087,
				"end":	38.000078,
				"seconds":	0.999990999698639,
				"bytes":	10360440,
				"bits_per_second":	82884265.983371943,
				"retransmits":	249,
				"omitted":	false,
				"sender":	true
			}
		}, {
			"streams":	[{
					"socket":	6,
					"start":	38.000078,
					"end":	39.000074,
					"seconds":	0.9999960064888,
					"bytes":	9708840,
					"bits_per_second":	77671030.180128932,
					"retransmits":	197,
					"snd_cwnd":	150592,
					"snd_wnd":	2324608,
					"rtt":	10875,
					"rttvar":	128,
					"pmtu":	1500,
					"omitted":	false,
					"sender":	true
				}],
			"sum":	{
				"start":	38.000078,
				"end":	39.000074,
				"seconds":	0.9999960064888,
				"bytes":	9708840,
				"bits_per_second":	77671030.180128932,
				"retransmits":	197,
				"omitted":	false,
				"sender":	true
			}
		}, {
			"streams":	[{
					"socket":	6,
					"start":	39.000074,
					"end":	40.000106,
					"seconds":	1.0000319480895996,
					"bytes":	9578520,
					"bits_per_second":	76625711.954888836,
					"retransmits":	219,
					"snd_cwnd":	140456,
					"snd_wnd":	2281216,
					"rtt":	11665,
					"rttvar":	318,
					"pmtu":	1500,
					"omitted":	false,
					"sender":	true
				}],
			"sum":	{
				"start":	39.000074,
				"end":	40.000106,
				"seconds":	1.0000319480895996,
				"bytes":	9578520,
				"bits_per_second":	76625711.954888836,
				"retransmits":	219,
				"omitted":	false,
				"sender":	true
			}
		}, {
			"streams":	[{
					"socket":	6,
					"start":	40.000106,
					"end":	41.000077,
					"seconds":	0.99997097253799438,
					"bytes":	9122400,
					"bits_per_second":	72981318.4624488,
					"retransmits":	164,
					"snd_cwnd":	146248,
					"snd_wnd":	2318080,
					"rtt":	11971,
					"rttvar":	386,
					"pmtu":	1500,
					"omitted":	false,
					"sender":	true
				}],
			"sum":	{
				"start":	40.000106,
				"end":	41.000077,
				"seconds":	0.99997097253799438,
				"bytes":	9122400,
				"bits_per_second":	72981318.4624488,
				"retransmits":	164,
				"omitted":	false,
				"sender":	true
			}
		}, {
			"streams":	[{
					"socket":	6,
					"start":	41.000077,
					"end":	42.000097,
					"seconds":	1.0000200271606445,
					"bytes":	9839160,
					"bits_per_second":	78711703.628066838,
					"retransmits":	311,
					"snd_cwnd":	150592,
					"snd_wnd":	2318080,
					"rtt":	11633,
					"rttvar":	474,
					"pmtu":	1500,
					"omitted":	false,
					"sender":	true
				}],
			"sum":	{
				"start":	41.000077,
				"end":	42.000097,
				"seconds":	1.0000200271606445,
				"bytes":	9839160,
				"bits_per_second":	78711703.628066838,
				"retransmits":	311,
				"omitted":	false,
				"sender":	true
			}
		}, {
			"streams":	[{
					"socket":	6,
					"start":	42.000097,
					"end":	43.000078,
					"seconds":	0.99998098611831665,
					"bytes":	9643680,
					"bits_per_second":	77150906.9382163,
					"retransmits":	245,
					"snd_cwnd":	144800,
					"snd_wnd":	2324608,
					"rtt":	12022,
					"rttvar":	154,
					"pmtu":	1500,
					"omitted":	false,
					"sender":	true
				}],
			"sum":	{
				"start":	42.000097,
				"end":	43.000078,
				"seconds":	0.99998098611831665,
				"bytes":	9643680,
				"bits_per_second":	77150906.9382163,
				"retransmits":	245,
				"omitted":	false,
				"sender":	true
			}
		}, {
			"streams":	[{
					"socket":	6,
					"start":	43.000078,
					"end":	44.000073,
					"seconds":	0.999994993209839,
					"bytes":	10295280,
					"bits_per_second":	82362652.372517541,
					"retransmits":	212,
					"snd_cwnd":	159280,
					"snd_wnd":	2324608,
					"rtt":	11620,
					"rttvar":	282,
					"pmtu":	1500,
					"omitted":	false,
					"sender":	true
				}],
			"sum":	{
				"start":	43.000078,
				"end":	44.000073,
				"seconds":	0.999994993209839,
				"bytes":	10295280,
				"bits_per_second":	82362652.372517541,
				"retransmits":	212,
				"omitted":	false,
				"sender":	true
			}
		}, {
			"streams":	[{
					"socket":	6,
					"start":	44.000073,
					"end":	45.000084,
					"seconds":	1.0000109672546387,
					"bytes":	9708840,
					"bits_per_second":	77669868.17477797,
					"retransmits":	211,
					"snd_cwnd":	162176,
					"snd_wnd":	2324608,
					"rtt":	11073,
					"rttvar":	186,
					"pmtu":	1500,
					"omitted":	false,
					"sender":	true
				}],
			"sum":	{
				"start":	44.000073,
				"end":	45.000084,
				"seconds":	1.0000109672546387,
				"bytes":	9708840,
				"bits_per_second":	77669868.17477797,
				"retransmits":	211,
				"omitted":	false,
				"sender":	true
			}
		}, {
			"streams":	[{
					"socket":	6,
					"start":	45.000084,
					"end":	46.000093,
					"seconds":	1.0000089406967163,
					"bytes":	10295280,
					"bits_per_second":	82361503.630774945,
					"retransmits":	229,
					"snd_cwnd":	156384,
					"snd_wnd":	2320128,
					"rtt":	11516,
					"rttvar":	208,
					"pmtu":	1500,
					"omitted":	false,
					"sender":	true
				}],
			"sum":	{
				"start":	45.000084,
				"end":	46.000093,
				"seconds":	1.0000089406967163,
				"bytes":	10295280,
				"bits_per_second":	82361503.630774945,
				"retransmits":	229,
				"omitted":	false,
				"sender":	true
			}
		}, {
			"streams":	[{
					"socket":	6,
					"start":	46.000093,
					"end":	47.000085,
					"seconds":	0.9999920129776,
					"bytes":	10230120,
					"bits_per_second":	81841613.67080164,
					"retransmits":	191,
					"snd_cwnd":	159280,
					"snd_wnd":	2307840,
					"rtt":	12320,
					"rttvar":	196,
					"pmtu":	1500,
					"omitted":	false,
					"sender":	true
				}],
			"sum":	{
				"start":	46.000093,
				"end":	47.000085,
				"seconds":	0.9999920129776,
				"bytes":	10230120,
				"bits_per_second":	81841613.67080164,
				"retransmits":	191,
				"omitted":	false,
				"sender":	true
			}
		}, {
			"streams":	[{
					"socket":	6,
					"start":	47.000085,
					"end":	48.000086,
					"seconds":	1.0000009536743164,
					"bytes":	9774000,
					"bits_per_second":	78191925.43036896,
					"retransmits":	196,
					"snd_cwnd":	165072,
					"snd_wnd":	2324608,
					"rtt":	11013,
					"rttvar":	165,
					"pmtu":	1500,
					"omitted":	false,
					"sender":	true
				}],
			"sum":	{
				"start":	47.000085,
				"end":	48.000086,
				"seconds":	1.0000009536743164,
				"bytes":	9774000,
				"bits_per_second":	78191925.43036896,
				"retransmits":	196,
				"omitted":	false,
				"sender":	true
			}
		}, {
			"streams":	[{
					"socket":	6,
					"start":	48.000086,
					"end":	49.000074,
					"seconds":	0.9999880194664,
					"bytes":	10295280,
					"bits_per_second":	82363226.75540553,
					"retransmits":	201,
					"snd_cwnd":	147696,
					"snd_wnd":	2324608,
					"rtt":	11856,
					"rttvar":	176,
					"pmtu":	1500,
					"omitted":	false,
					"sender":	true
				}],
			"sum":	{
				"start":	48.000086,
				"end":	49.000074,
				"seconds":	0.9999880194664,
				"bytes":	10295280,
				"bits_per_second":	82363226.75540553,
				"retransmits":	201,
				"omitted":	false,
				"sender":	true
			}
		}, {
			"streams":	[{
					"socket":	6,
					"start":	49.000074,
					"end":	50.000079,
					"seconds":	1.0000050067901611,
					"bytes":	9708840,
					"bits_per_second":	77670331.120950326,
					"retransmits":	216,
					"snd_cwnd":	147696,
					"snd_wnd":	2324608,
					"rtt":	12234,
					"rttvar":	271,
					"pmtu":	1500,
					"omitted":	false,
					"sender":	true
				}],
			"sum":	{
				"start":	49.000074,
				"end":	50.000079,
				"seconds":	1.0000050067901611,
				"bytes":	9708840,
				"bits_per_second":	77670331.120950326,
				"retransmits":	216,
				"omitted":	false,
				"sender":	true
			}
		}, {
			"streams":	[{
					"socket":	6,
					"start":	50.000079,
					"end":	51.000158,
					"seconds":	1.0000790357589722,
					"bytes":	9513360,
					"bits_per_second":	76100865.310351759,
					"retransmits":	132,
					"snd_cwnd":	5792,
					"snd_wnd":	2324608,
					"rtt":	5529,
					"rttvar":	759,
					"pmtu":	1500,
					"omitted":	false,
					"sender":	true
				}],
			"sum":	{
				"start":	50.000079,
				"end":	51.000158,
				"seconds":	1.0000790357589722,
				"bytes":	9513360,
				"bits_per_second":	76100865.310351759,
				"retransmits":	132,
				"omitted":	false,
				"sender":	true
			}
		}, {
			"streams":	[{
					"socket":	6,
					"start":	51.000158,
					"end":	52.000076,
					"seconds":	0.999917984008789,
					"bytes":	9578520,
					"bits_per_second":	76634445.2499881,
					"retransmits":	477,
					"snd_cwnd":	165072,
					"snd_wnd":	2324608,
					"rtt":	11547,
					"rttvar":	189,
					"pmtu":	1500,
					"omitted":	false,
					"sender":	true
				}],
			"sum":	{
				"start":	51.000158,
				"end":	52.000076,
				"seconds":	0.999917984008789,
				"bytes":	9578520,
				"bits_per_second":	76634445.2499881,
				"retransmits":	477,
				"omitted":	false,
				"sender":	true
			}
		}, {
			"streams":	[{
					"socket":	6,
					"start":	52.000076,
					"end":	53.000074,
					"seconds":	0.99999797344207764,
					"bytes":	10751400,
					"bits_per_second":	86011374.307032,
					"retransmits":	227,
					"snd_cwnd":	159280,
					"snd_wnd":	2324608,
					"rtt":	11360,
					"rttvar":	154,
					"pmtu":	1500,
					"omitted":	false,
					"sender":	true
				}],
			"sum":	{
				"start":	52.000076,
				"end":	53.000074,
				"seconds":	0.99999797344207764,
				"bytes":	10751400,
				"bits_per_second":	86011374.307032,
				"retransmits":	227,
				"omitted":	false,
				"sender":	true
			}
		}, {
			"streams":	[{
					"socket":	6,
					"start":	53.000074,
					"end":	54.000109,
					"seconds":	1.0000350475311279,
					"bytes":	9513360,
					"bits_per_second":	76104212.7352352,
					"retransmits":	217,
					"snd_cwnd":	146248,
					"snd_wnd":	2324608,
					"rtt":	12388,
					"rttvar":	237,
					"pmtu":	1500,
					"omitted":	false,
					"sender":	true
				}],
			"sum":	{
				"start":	53.000074,
				"end":	54.000109,
				"seconds":	1.0000350475311279,
				"bytes":	9513360,
				"bits_per_second":	76104212.7352352,
				"retransmits":	217,
				"omitted":	false,
				"sender":	true
			}
		}, {
			"streams":	[{
					"socket":	6,
					"start":	54.000109,
					"end":	55.000093,
					"seconds":	0.9999840259552002,
					"bytes":	10751400,
					"bits_per_second":	86012573.9687099,
					"retransmits":	192,
					"snd_cwnd":	159280,
					"snd_wnd":	2324608,
					"rtt":	11162,
					"rttvar":	227,
					"pmtu":	1500,
					"omitted":	false,
					"sender":	true
				}],
			"sum":	{
				"start":	54.000109,
				"end":	55.000093,
				"seconds":	0.9999840259552002,
				"bytes":	10751400,
				"bits_per_second":	86012573.9687099,
				"retransmits":	192,
				"omitted":	false,
				"sender":	true
			}
		}, {
			"streams":	[{
					"socket":	6,
					"start":	55.000093,
					"end":	56.000075,
					"seconds":	0.99998199939727783,
					"bytes":	10164960,
					"bits_per_second":	81321143.829603,
					"retransmits":	238,
					"snd_cwnd":	150592,
					"snd_wnd":	2324608,
					"rtt":	11665,
					"rttvar":	137,
					"pmtu":	1500,
					"omitted":	false,
					"sender":	true
				}],
			"sum":	{
				"start":	55.000093,
				"end":	56.000075,
				"seconds":	0.99998199939727783,
				"bytes":	10164960,
				"bits_per_second":	81321143.829603,
				"retransmits":	238,
				"omitted":	false,
				"sender":	true
			}
		}, {
			"streams":	[{
					"socket":	6,
					"start":	56.000075,
					"end":	57.000073,
					"seconds":	0.99999797344207764,
					"bytes":	10490760,
					"bits_per_second":	83926250.081407,
					"retransmits":	228,
					"snd_cwnd":	159280,
					"snd_wnd":	2324608,
					"rtt":	12131,
					"rttvar":	493,
					"pmtu":	1500,
					"omitted":	false,
					"sender":	true
				}],
			"sum":	{
				"start":	56.000075,
				"end":	57.000073,
				"seconds":	0.99999797344207764,
				"bytes":	10490760,
				"bits_per_second":	83926250.081407,
				"retransmits":	228,
				"omitted":	false,
				"sender":	true
			}
		}, {
			"streams":	[{
					"socket":	6,
					"start":	57.000073,
					"end":	58.000093,
					"seconds":	1.0000200271606445,
					"bytes":	9513360,
					"bits_per_second":	76105355.825812966,
					"retransmits":	219,
					"snd_cwnd":	162176,
					"snd_wnd":	2324608,
					"rtt":	12183,
					"rttvar":	331,
					"pmtu":	1500,
					"omitted":	false,
					"sender":	true
				}],
			"sum":	{
				"start":	57.000073,
				"end":	58.000093,
				"seconds":	1.0000200271606445,
				"bytes":	9513360,
				"bits_per_second":	76105355.825812966,
				"retransmits":	219,
				"omitted":	false,
				"sender":	true
			}
		}, {
			"streams":	[{
					"socket":	6,
					"start":	58.000093,
					"end":	59.000078,
					"seconds":	0.9999849796295166,
					"bytes":	10425600,
					"bits_per_second":	83406052.789813459,
					"retransmits":	233,
					"snd_cwnd":	128872,
					"snd_wnd":	2266752,
					"rtt":	10867,
					"rttvar":	542,
					"pmtu":	1500,
					"omitted":	false,
					"sender":	true
				}],
			"sum":	{
				"start":	58.000093,
				"end":	59.000078,
				"seconds":	0.9999849796295166,
				"bytes":	10425600,
				"bits_per_second":	83406052.789813459,
				"retransmits":	233,
				"omitted":	false,
				"sender":	true
			}
		}, {
			"streams":	[{
					"socket":	6,
					"start":	59.000078,
					"end":	60.000087,
					"seconds":	1.0000089406967163,
					"bytes":	10230120,
					"bits_per_second":	81840228.291339651,
					"retransmits":	224,
					"snd_cwnd":	127424,
					"snd_wnd":	2324608,
					"rtt":	12003,
					"rttvar":	383,
					"pmtu":	1500,
					"omitted":	false,
					"sender":	true
				}],
			"sum":	{
				"start":	59.000078,
				"end":	60.000087,
				"seconds":	1.0000089406967163,
				"bytes":	10230120,
				"bits_per_second":	81840228.291339651,
				"retransmits":	224,
				"omitted":	false,
				"sender":	true
			}
		}],
	"end":	{
		"streams":	[{
				"sender":	{
					"socket":	6,
					"start":	0,
					"end":	60.000087,
					"seconds":	60.000087,
					"bytes":	606917616,
					"bits_per_second":	80922231.4627644,
					"retransmits":	13235,
					"max_snd_cwnd":	165072,
					"max_snd_wnd":	2324608,
					"max_rtt":	12615,
					"min_rtt":	5529,
					"mean_rtt":	11603,
					"sender":	true
				},
				"receiver":	{
					"socket":	6,
					"start":	0,
					"end":	60.011419,
					"seconds":	60.000087,
					"bytes":	605213320,
					"bits_per_second":	80679754.6313644,
					"sender":	true
				}
			}],
		"sum_sent":	{
			"start":	0,
			"end":	60.000087,
			"seconds":	60.000087,
			"bytes":	606917616,
			"bits_per_second":	80922231.4627644,
			"retransmits":	13235,
			"sender":	true
		},
		"sum_received":	{
			"start":	0,
			"end":	60.011419,
			"seconds":	60.011419,
			"bytes":	605213320,
			"bits_per_second":	80679754.6313644,
			"sender":	true
		},
		"cpu_utilization_percent":	{
			"host_total":	0.20075966086830188,
			"host_user":	0.010252989261184987,
			"host_system":	0.19050833767622011,
			"remote_total":	2.14422808400526,
			"remote_user":	0.18352169660737813,
			"remote_system":	1.9607047210487376
		},
		"sender_tcp_congestion":	"bbr",
		"receiver_tcp_congestion":	"bbr"
	}
}
