{
	"start":	{
		"connected":	[{
				"socket":	6,
				"local_host":	"192.168.101.210",
				"local_port":	58484,
				"remote_host":	"192.168.100.168",
				"remote_port":	5201
			}],
		"version":	"iperf 3.11",
		"system_info":	"Linux f1 6.0.10-300.fc37.x86_64 #1 SMP PREEMPT_DYNAMIC Sat Nov 26 16:55:13 UTC 2022 x86_64",
		"timestamp":	{
			"time":	"Sat, 10 Dec 2022 17:35:12 GMT",
			"timesecs":	1670693712
		},
		"connecting_to":	{
			"host":	"192.168.100.168",
			"port":	5201
		},
		"cookie":	"kpcl6ojempvx2iykos2a6tqebbzve5skppqd",
		"tcp_mss_default":	1448,
		"target_bitrate":	0,
		"sock_bufsize":	0,
		"sndbuf_actual":	16384,
		"rcvbuf_actual":	131072,
		"test_start":	{
			"protocol":	"TCP",
			"num_streams":	1,
			"blksize":	131072,
			"omit":	0,
			"duration":	60,
			"bytes":	0,
			"blocks":	0,
			"reverse":	0,
			"tos":	0,
			"target_bitrate":	0
		}
	},
	"intervals":	[{
			"streams":	[{
					"socket":	6,
					"start":	0,
					"end":	1.000056,
					"seconds":	1.0000560283660889,
					"bytes":	109051904,
					"bits_per_second":	872366354.738513,
					"retransmits":	0,
					"snd_cwnd":	3307232,
					"snd_wnd":	3141248,
					"rtt":	26016,
					"rttvar":	189,
					"pmtu":	1500,
					"omitted":	false,
					"sender":	true
				}],
			"sum":	{
				"start":	0,
				"end":	1.000056,
				"seconds":	1.0000560283660889,
				"bytes":	109051904,
				"bits_per_second":	872366354.738513,
				"retransmits":	0,
				"omitted":	false,
				"sender":	true
			}
		}, {
			"streams":	[{
					"socket":	6,
					"start":	1.000056,
					"end":	2.000125,
					"seconds":	1.00006902217865,
					"bytes":	117964800,
					"bits_per_second":	943653266.995622,
					"retransmits":	0,
					"snd_cwnd":	3307232,
					"snd_wnd":	3141248,
					"rtt":	25950,
					"rttvar":	262,
					"pmtu":	1500,
					"omitted":	false,
					"sender":	true
				}],
			"sum":	{
				"start":	1.000056,
				"end":	2.000125,
				"seconds":	1.00006902217865,
				"bytes":	117964800,
				"bits_per_second":	943653266.995622,
				"retransmits":	0,
				"omitted":	false,
				"sender":	true
			}
		}, {
			"streams":	[{
					"socket":	6,
					"start":	2.000125,
					"end":	3.000074,
					"seconds":	0.99994897842407227,
					"bytes":	117964800,
					"bits_per_second":	943766552.45681429,
					"retransmits":	0,
					"snd_cwnd":	3307232,
					"snd_wnd":	3141248,
					"rtt":	25342,
					"rttvar":	325,
					"pmtu":	1500,
					"omitted":	false,
					"sender":	true
				}],
			"sum":	{
				"start":	2.000125,
				"end":	3.000074,
				"seconds":	0.99994897842407227,
				"bytes":	117964800,
				"bits_per_second":	943766552.45681429,
				"retransmits":	0,
				"omitted":	false,
				"sender":	true
			}
		}, {
			"streams":	[{
					"socket":	6,
					"start":	3.000074,
					"end":	4.000072,
					"seconds":	0.99999797344207764,
					"bytes":	117964800,
					"bits_per_second":	943720312.503876,
					"retransmits":	0,
					"snd_cwnd":	3307232,
					"snd_wnd":	3141248,
					"rtt":	25461,
					"rttvar":	534,
					"pmtu":	1500,
					"omitted":	false,
					"sender":	true
				}],
			"sum":	{
				"start":	3.000074,
				"end":	4.000072,
				"seconds":	0.99999797344207764,
				"bytes":	117964800,
				"bits_per_second":	943720312.503876,
				"retransmits":	0,
				"omitted":	false,
				"sender":	true
			}
		}, {
			"streams":	[{
					"socket":	6,
					"start":	4.000072,
					"end":	5.000073,
					"seconds":	1.0000009536743164,
					"bytes":	117964800,
					"bits_per_second":	943717500.00085831,
					"retransmits":	0,
					"snd_cwnd":	3307232,
					"snd_wnd":	3141248,
					"rtt":	25777,
					"rttvar":	334,
					"pmtu":	1500,
					"omitted":	false,
					"sender":	true
				}],
			"sum":	{
				"start":	4.000072,
				"end":	5.000073,
				"seconds":	1.0000009536743164,
				"bytes":	117964800,
				"bits_per_second":	943717500.00085831,
				"retransmits":	0,
				"omitted":	false,
				"sender":	true
			}
		}, {
			"streams":	[{
					"socket":	6,
					"start":	5.000073,
					"end":	6.000072,
					"seconds":	0.99999898672103882,
					"bytes":	119275520,
					"bits_per_second":	954205126.87597966,
					"retransmits":	0,
					"snd_cwnd":	3307232,
					"snd_wnd":	3141248,
					"rtt":	25887,
					"rttvar":	223,
					"pmtu":	1500,
					"omitted":	false,
					"sender":	true
				}],
			"sum":	{
				"start":	5.000073,
				"end":	6.000072,
				"seconds":	0.99999898672103882,
				"bytes":	119275520,
				"bits_per_second":	954205126.87597966,
				"retransmits":	0,
				"omitted":	false,
				"sender":	true
			}
		}, {
			"streams":	[{
					"socket":	6,
					"start":	6.000072,
					"end":	7.000084,
					"seconds":	1.0000120401382446,
					"bytes":	117964800,
					"bits_per_second":	943707037.63680446,
					"retransmits":	0,
					"snd_cwnd":	3307232,
					"snd_wnd":	3141248,
					"rtt":	25246,
					"rttvar":	417,
					"pmtu":	1500,
					"omitted":	false,
					"sender":	true
				}],
			"sum":	{
				"start":	6.000072,
				"end":	7.000084,
				"seconds":	1.0000120401382446,
				"bytes":	117964800,
				"bits_per_second":	943707037.63680446,
				"retransmits":	0,
				"omitted":	false,
				"sender":	true
			}
		}, {
			"streams":	[{
					"socket":	6,
					"start":	7.000084,
					"end":	8.000076,
					"seconds":	0.9999920129776,
					"bytes":	117964800,
					"bits_per_second":	943725937.56020272,
					"retransmits":	0,
					"snd_cwnd":	3307232,
					"snd_wnd":	3141248,
					"rtt":	25769,
					"rttvar":	349,
					"pmtu":	1500,
					"omitted":	false,
					"sender":	true
				}],
			"sum":	{
				"start":	7.000084,
				"end":	8.000076,
				"seconds":	0.9999920129776,
				"bytes":	117964800,
				"bits_per_second":	943725937.56020272,
				"retransmits":	0,
				"omitted":	false,
				"sender":	true
			}
		}, {
			"streams":	[{
					"socket":	6,
					"start":	8.000076,
					"end":	9.00008,
					"seconds":	1.0000040531158447,
					"bytes":	117964800,
					"bits_per_second":	943714575.015503,
					"retransmits":	0,
					"snd_cwnd":	3307232,
					"snd_wnd":	3141248,
					"rtt":	25896,
					"rttvar":	244,
					"pmtu":	1500,
					"omitted":	false,
					"sender":	true
				}],
			"sum":	{
				"start":	8.000076,
				"end":	9.00008,
				"seconds":	1.0000040531158447,
				"bytes":	117964800,
				"bits_per_second":	943714575.015503,
				"retransmits":	0,
				"omitted":	false,
				"sender":	true
			}
		}, {
			"streams":	[{
					"socket":	6,
					"start":	9.00008,
					"end":	10.000081,
					"seconds":	1.0000009536743164,
					"bytes":	119275520,
					"bits_per_second":	954203250.000868,
					"retransmits":	0,
					"snd_cwnd":	3307232,
					"snd_wnd":	3141248,
					"rtt":	25348,
					"rttvar":	270,
					"pmtu":	1500,
					"omitted":	false,
					"sender":	true
				}],
			"sum":	{
				"start":	9.00008,
				"end":	10.000081,
				"seconds":	1.0000009536743164,
				"bytes":	119275520,
				"bits_per_second":	954203250.000868,
				"retransmits":	0,
				"omitted":	false,
				"sender":	true
			}
		}, {
			"streams":	[{
					"socket":	6,
					"start":	10.000081,
					"end":	11.000073,
					"seconds":	0.9999920129776,
					"bytes":	116654080,
					"bits_per_second":	933240093.80953372,
					"retransmits":	0,
					"snd_cwnd":	3307232,
					"snd_wnd":	3141248,
					"rtt":	26320,
					"rttvar":	557,
					"pmtu":	1500,
					"omitted":	false,
					"sender":	true
				}],
			"sum":	{
				"start":	10.000081,
				"end":	11.000073,
				"seconds":	0.9999920129776,
				"bytes":	116654080,
				"bits_per_second":	933240093.80953372,
				"retransmits":	0,
				"omitted":	false,
				"sender":	true
			}
		}, {
			"streams":	[{
					"socket":	6,
					"start":	11.000073,
					"end":	12.000084,
					"seconds":	1.0000109672546387,
					"bytes":	110100480,
					"bits_per_second":	880794180.10594249,
					"retransmits":	0,
					"snd_cwnd":	3307232,
					"snd_wnd":	3143552,
					"rtt":	28738,
					"rttvar":	285,
					"pmtu":	1500,
					"omitted":	false,
					"sender":	true
				}],
			"sum":	{
				"start":	11.000073,
				"end":	12.000084,
				"seconds":	1.0000109672546387,
				"bytes":	110100480,
				"bits_per_second":	880794180.10594249,
				"retransmits":	0,
				"omitted":	false,
				"sender":	true
			}
		}, {
			"streams":	[{
					"socket":	6,
					"start":	12.000084,
					"end":	13.000073,
					"seconds":	0.99998897314071655,
					"bytes":	98304000,
					"bits_per_second":	786440671.97062457,
					"retransmits":	0,
					"snd_cwnd":	3307232,
					"snd_wnd":	3143552,
					"rtt":	33628,
					"rttvar":	200,
					"pmtu":	1500,
					"omitted":	false,
					"sender":	true
				}],
			"sum":	{
				"start":	12.000084,
				"end":	13.000073,
				"seconds":	0.99998897314071655,
				"bytes":	98304000,
				"bits_per_second":	786440671.97062457,
				"retransmits":	0,
				"omitted":	false,
				"sender":	true
			}
		}, {
			"streams":	[{
					"socket":	6,
					"start":	13.000073,
					"end":	14.000069,
					"seconds":	0.9999960064888,
					"bytes":	76021760,
					"bits_per_second":	608176508.75969923,
					"retransmits":	0,
					"snd_cwnd":	3307232,
					"snd_wnd":	3143552,
					"rtt":	46691,
					"rttvar":	691,
					"pmtu":	1500,
					"omitted":	false,
					"sender":	true
				}],
			"sum":	{
				"start":	13.000073,
				"end":	14.000069,
				"seconds":	0.9999960064888,
				"bytes":	76021760,
				"bits_per_second":	608176508.75969923,
				"retransmits":	0,
				"omitted":	false,
				"sender":	true
			}
		}, {
			"streams":	[{
					"socket":	6,
					"start":	14.000069,
					"end":	15.000075,
					"seconds":	1.0000059604644775,
					"bytes":	64225280,
					"bits_per_second":	513799177.5182538,
					"retransmits":	0,
					"snd_cwnd":	3307232,
					"snd_wnd":	3143552,
					"rtt":	48810,
					"rttvar":	270,
					"pmtu":	1500,
					"omitted":	false,
					"sender":	true
				}],
			"sum":	{
				"start":	14.000069,
				"end":	15.000075,
				"seconds":	1.0000059604644775,
				"bytes":	64225280,
				"bits_per_second":	513799177.5182538,
				"retransmits":	0,
				"omitted":	false,
				"sender":	true
			}
		}, {
			"streams":	[{
					"socket":	6,
					"start":	15.000075,
					"end":	16.00008,
					"seconds":	1.0000050067901611,
					"bytes":	62914560,
					"bits_per_second":	503313960.012617,
					"retransmits":	0,
					"snd_cwnd":	3307232,
					"snd_wnd":	3143552,
					"rtt":	47450,
					"rttvar":	301,
					"pmtu":	1500,
					"omitted":	false,
					"sender":	true
				}],
			"sum":	{
				"start":	15.000075,
				"end":	16.00008,
				"seconds":	1.0000050067901611,
				"bytes":	62914560,
				"bits_per_second":	503313960.012617,
				"retransmits":	0,
				"omitted":	false,
				"sender":	true
			}
		}, {
			"streams":	[{
					"socket":	6,
					"start":	16.00008,
					"end":	17.000076,
					"seconds":	0.9999960064888,
					"bytes":	62914560,
					"bits_per_second":	503318490.008027,
					"retransmits":	0,
					"snd_cwnd":	3307232,
					"snd_wnd":	3143552,
					"rtt":	49262,
					"rttvar":	337,
					"pmtu":	1500,
					"omitted":	false,
					"sender":	true
				}],
			"sum":	{
				"start":	16.00008,
				"end":	17.000076,
				"seconds":	0.9999960064888,
				"bytes":	62914560,
				"bits_per_second":	503318490.008027,
				"retransmits":	0,
				"omitted":	false,
				"sender":	true
			}
		}, {
			"streams":	[{
					"socket":	6,
					"start":	17.000076,
					"end":	18.000071,
					"seconds":	0.999994993209839,
					"bytes":	62914560,
					"bits_per_second":	503319000.01261717,
					"retransmits":	0,
					"snd_cwnd":	3307232,
					"snd_wnd":	3143552,
					"rtt":	49990,
					"rttvar":	252,
					"pmtu":	1500,
					"omitted":	false,
					"sender":	true
				}],
			"sum":	{
				"start":	17.000076,
				"end":	18.000071,
				"seconds":	0.999994993209839,
				"bytes":	62914560,
				"bits_per_second":	503319000.01261717,
				"retransmits":	0,
				"omitted":	false,
				"sender":	true
			}
		}, {
			"streams":	[{
					"socket":	6,
					"start":	18.000071,
					"end":	19.000076,
					"seconds":	1.0000050067901611,
					"bytes":	62914560,
					"bits_per_second":	503313960.012617,
					"retransmits":	0,
					"snd_cwnd":	3307232,
					"snd_wnd":	3143552,
					"rtt":	48837,
					"rttvar":	490,
					"pmtu":	1500,
					"omitted":	false,
					"sender":	true
				}],
			"sum":	{
				"start":	18.000071,
				"end":	19.000076,
				"seconds":	1.0000050067901611,
				"bytes":	62914560,
				"bits_per_second":	503313960.012617,
				"retransmits":	0,
				"omitted":	false,
				"sender":	true
			}
		}, {
			"streams":	[{
					"socket":	6,
					"start":	19.000076,
					"end":	20.000073,
					"seconds":	0.99999701976776123,
					"bytes":	61603840,
					"bits_per_second":	492832188.75437725,
					"retransmits":	0,
					"snd_cwnd":	3307232,
					"snd_wnd":	3143552,
					"rtt":	48763,
					"rttvar":	575,
					"pmtu":	1500,
					"omitted":	false,
					"sender":	true
				}],
			"sum":	{
				"start":	19.000076,
				"end":	20.000073,
				"seconds":	0.99999701976776123,
				"bytes":	61603840,
				"bits_per_second":	492832188.75437725,
				"retransmits":	0,
				"omitted":	false,
				"sender":	true
			}
		}, {
			"streams":	[{
					"socket":	6,
					"start":	20.000073,
					"end":	21.000071,
					"seconds":	0.99999797344207764,
					"bytes":	77332480,
					"bits_per_second":	618661093.752541,
					"retransmits":	0,
					"snd_cwnd":	3307232,
					"snd_wnd":	3143552,
					"rtt":	48515,
					"rttvar":	1077,
					"pmtu":	1500,
					"omitted":	false,
					"sender":	true
				}],
			"sum":	{
				"start":	20.000073,
				"end":	21.000071,
				"seconds":	0.99999797344207764,
				"bytes":	77332480,
				"bits_per_second":	618661093.752541,
				"retransmits":	0,
				"omitted":	false,
				"sender":	true
			}
		}, {
			"streams":	[{
					"socket":	6,
					"start":	21.000071,
					"end":	22.000082,
					"seconds":	1.0000109672546387,
					"bytes":	62914560,
					"bits_per_second":	503310960.06053859,
					"retransmits":	0,
					"snd_cwnd":	3307232,
					"snd_wnd":	3143552,
					"rtt":	48711,
					"rttvar":	725,
					"pmtu":	1500,
					"omitted":	false,
					"sender":	true
				}],
			"sum":	{
				"start":	21.000071,
				"end":	22.000082,
				"seconds":	1.0000109672546387,
				"bytes":	62914560,
				"bits_per_second":	503310960.06053859,
				"retransmits":	0,
				"omitted":	false,
				"sender":	true
			}
		}, {
			"streams":	[{
					"socket":	6,
					"start":	22.000082,
					"end":	23.000075,
					"seconds":	0.99999302625656128,
					"bytes":	62914560,
					"bits_per_second":	503319990.024478,
					"retransmits":	0,
					"snd_cwnd":	3307232,
					"snd_wnd":	3143552,
					"rtt":	50015,
					"rttvar":	417,
					"pmtu":	1500,
					"omitted":	false,
					"sender":	true
				}],
			"sum":	{
				"start":	22.000082,
				"end":	23.000075,
				"seconds":	0.99999302625656128,
				"bytes":	62914560,
				"bits_per_second":	503319990.024478,
				"retransmits":	0,
				"omitted":	false,
				"sender":	true
			}
		}, {
			"streams":	[{
					"socket":	6,
					"start":	23.000075,
					"end":	24.000076,
					"seconds":	1.0000009536743164,
					"bytes":	61603840,
					"bits_per_second":	492830250.00044823,
					"retransmits":	0,
					"snd_cwnd":	3307232,
					"snd_wnd":	3143552,
					"rtt":	49010,
					"rttvar":	281,
					"pmtu":	1500,
					"omitted":	false,
					"sender":	true
				}],
			"sum":	{
				"start":	23.000075,
				"end":	24.000076,
				"seconds":	1.0000009536743164,
				"bytes":	61603840,
				"bits_per_second":	492830250.00044823,
				"retransmits":	0,
				"omitted":	false,
				"sender":	true
			}
		}, {
			"streams":	[{
					"socket":	6,
					"start":	24.000076,
					"end":	25.000076,
					"seconds":	1,
					"bytes":	62914560,
					"bits_per_second":	503316480,
					"retransmits":	0,
					"snd_cwnd":	3307232,
					"snd_wnd":	3143552,
					"rtt":	49352,
					"rttvar":	748,
					"pmtu":	1500,
					"omitted":	false,
					"sender":	true
				}],
			"sum":	{
				"start":	24.000076,
				"end":	25.000076,
				"seconds":	1,
				"bytes":	62914560,
				"bits_per_second":	503316480,
				"retransmits":	0,
				"omitted":	false,
				"sender":	true
			}
		}, {
			"streams":	[{
					"socket":	6,
					"start":	25.000076,
					"end":	26.000075,
					"seconds":	0.99999898672103882,
					"bytes":	62914560,
					"bits_per_second":	503316990.00051677,
					"retransmits":	0,
					"snd_cwnd":	3307232,
					"snd_wnd":	3143552,
					"rtt":	48858,
					"rttvar":	670,
					"pmtu":	1500,
					"omitted":	false,
					"sender":	true
				}],
			"sum":	{
				"start":	25.000076,
				"end":	26.000075,
				"seconds":	0.99999898672103882,
				"bytes":	62914560,
				"bits_per_second":	503316990.00051677,
				"retransmits":	0,
				"omitted":	false,
				"sender":	true
			}
		}, {
			"streams":	[{
					"socket":	6,
					"start":	26.000075,
					"end":	27.000073,
					"seconds":	0.99999797344207764,
					"bytes":	62914560,
					"bits_per_second":	503317500.002067,
					"retransmits":	0,
					"snd_cwnd":	3307232,
					"snd_wnd":	3143552,
					"rtt":	50688,
					"rttvar":	620,
					"pmtu":	1500,
					"omitted":	false,
					"sender":	true
				}],
			"sum":	{
				"start":	26.000075,
				"end":	27.000073,
				"seconds":	0.99999797344207764,
				"bytes":	62914560,
				"bits_per_second":	503317500.002067,
				"retransmits":	0,
				"omitted":	false,
				"sender":	true
			}
		}, {
			"streams":	[{
					"socket":	6,
					"start":	27.000073,
					"end":	28.000073,
					"seconds":	1,
					"bytes":	61603840,
					"bits_per_second":	492830720,
					"retransmits":	0,
					"snd_cwnd":	3307232,
					"snd_wnd":	3143552,
					"rtt":	49343,
					"rttvar":	971,
					"pmtu":	1500,
					"omitted":	false,
					"sender":	true
				}],
			"sum":	{
				"start":	27.000073,
				"end":	28.000073,
				"seconds":	1,
				"bytes":	61603840,
				"bits_per_second":	492830720,
				"retransmits":	0,
				"omitted":	false,
				"sender":	true
			}
		}, {
			"streams":	[{
					"socket":	6,
					"start":	28.000073,
					"end":	29.00007,
					"seconds":	0.99999701976776123,
					"bytes":	62914560,
					"bits_per_second":	503317980.00447035,
					"retransmits":	0,
					"snd_cwnd":	3307232,
					"snd_wnd":	3143552,
					"rtt":	49664,
					"rttvar":	847,
					"pmtu":	1500,
					"omitted":	false,
					"sender":	true
				}],
			"sum":	{
				"start":	28.000073,
				"end":	29.00007,
				"seconds":	0.99999701976776123,
				"bytes":	62914560,
				"bits_per_second":	503317980.00447035,
				"retransmits":	0,
				"omitted":	false,
				"sender":	true
			}
		}, {
			"streams":	[{
					"socket":	6,
					"start":	29.00007,
					"end":	30.000067,
					"seconds":	0.99999701976776123,
					"bytes":	62914560,
					"bits_per_second":	503317980.00447035,
					"retransmits":	0,
					"snd_cwnd":	3307232,
					"snd_wnd":	3143552,
					"rtt":	49726,
					"rttvar":	484,
					"pmtu":	1500,
					"omitted":	false,
					"sender":	true
				}],
			"sum":	{
				"start":	29.00007,
				"end":	30.000067,
				"seconds":	0.99999701976776123,
				"bytes":	62914560,
				"bits_per_second":	503317980.00447035,
				"retransmits":	0,
				"omitted":	false,
				"sender":	true
			}
		}, {
			"streams":	[{
					"socket":	6,
					"start":	30.000067,
					"end":	31.000068,
					"seconds":	1.0000009536743164,
					"bytes":	77332480,
					"bits_per_second":	618659250.00056267,
					"retransmits":	0,
					"snd_cwnd":	3307232,
					"snd_wnd":	3143552,
					"rtt":	46597,
					"rttvar":	513,
					"pmtu":	1500,
					"omitted":	false,
					"sender":	true
				}],
			"sum":	{
				"start":	30.000067,
				"end":	31.000068,
				"seconds":	1.0000009536743164,
				"bytes":	77332480,
				"bits_per_second":	618659250.00056267,
				"retransmits":	0,
				"omitted":	false,
				"sender":	true
			}
		}, {
			"streams":	[{
					"socket":	6,
					"start":	31.000068,
					"end":	32.000067,
					"seconds":	0.99999898672103882,
					"bytes":	62914560,
					"bits_per_second":	503316990.00051677,
					"retransmits":	0,
					"snd_cwnd":	3307232,
					"snd_wnd":	3143552,
					"rtt":	48639,
					"rttvar":	396,
					"pmtu":	1500,
					"omitted":	false,
					"sender":	true
				}],
			"sum":	{
				"start":	31.000068,
				"end":	32.000067,
				"seconds":	0.99999898672103882,
				"bytes":	62914560,
				"bits_per_second":	503316990.00051677,
				"retransmits":	0,
				"omitted":	false,
				"sender":	true
			}
		}, {
			"streams":	[{
					"socket":	6,
					"start":	32.000067,
					"end":	33.00007,
					"seconds":	1.0000029802322388,
					"bytes":	62914560,
					"bits_per_second":	503314980.00447035,
					"retransmits":	0,
					"snd_cwnd":	3307232,
					"snd_wnd":	3143552,
					"rtt":	49816,
					"rttvar":	539,
					"pmtu":	1500,
					"omitted":	false,
					"sender":	true
				}],
			"sum":	{
				"start":	32.000067,
				"end":	33.00007,
				"seconds":	1.0000029802322388,
				"bytes":	62914560,
				"bits_per_second":	503314980.00447035,
				"retransmits":	0,
				"omitted":	false,
				"sender":	true
			}
		}, {
			"streams":	[{
					"socket":	6,
					"start":	33.00007,
					"end":	34.000068,
					"seconds":	0.99999797344207764,
					"bytes":	62914560,
					"bits_per_second":	503317500.002067,
					"retransmits":	0,
					"snd_cwnd":	3307232,
					"snd_wnd":	3143552,
					"rtt":	48938,
					"rttvar":	373,
					"pmtu":	1500,
					"omitted":	false,
					"sender":	true
				}],
			"sum":	{
				"start":	33.00007,
				"end":	34.000068,
				"seconds":	0.99999797344207764,
				"bytes":	62914560,
				"bits_per_second":	503317500.002067,
				"retransmits":	0,
				"omitted":	false,
				"sender":	true
			}
		}, {
			"streams":	[{
					"socket":	6,
					"start":	34.000068,
					"end":	35.00007,
					"seconds":	1.0000020265579224,
					"bytes":	61603840,
					"bits_per_second":	492829721.252024,
					"retransmits":	0,
					"snd_cwnd":	3307232,
					"snd_wnd":	3143552,
					"rtt":	49546,
					"rttvar":	482,
					"pmtu":	1500,
					"omitted":	false,
					"sender":	true
				}],
			"sum":	{
				"start":	34.000068,
				"end":	35.00007,
				"seconds":	1.0000020265579224,
				"bytes":	61603840,
				"bits_per_second":	492829721.252024,
				"retransmits":	0,
				"omitted":	false,
				"sender":	true
			}
		}, {
			"streams":	[{
					"socket":	6,
					"start":	35.00007,
					"end":	36.000072,
					"seconds":	1.0000020265579224,
					"bytes":	62914560,
					"bits_per_second":	503315460.002067,
					"retransmits":	0,
					"snd_cwnd":	3307232,
					"snd_wnd":	3143552,
					"rtt":	49705,
					"rttvar":	615,
					"pmtu":	1500,
					"omitted":	false,
					"sender":	true
				}],
			"sum":	{
				"start":	35.00007,
				"end":	36.000072,
				"seconds":	1.0000020265579224,
				"bytes":	62914560,
				"bits_per_second":	503315460.002067,
				"retransmits":	0,
				"omitted":	false,
				"sender":	true
			}
		}, {
			"streams":	[{
					"socket":	6,
					"start":	36.000072,
					"end":	37.000071,
					"seconds":	0.99999898672103882,
					"bytes":	62914560,
					"bits_per_second":	503316990.00051677,
					"retransmits":	0,
					"snd_cwnd":	3307232,
					"snd_wnd":	3143552,
					"rtt":	48824,
					"rttvar":	492,
					"pmtu":	1500,
					"omitted":	false,
					"sender":	true
				}],
			"sum":	{
				"start":	36.000072,
				"end":	37.000071,
				"seconds":	0.99999898672103882,
				"bytes":	62914560,
				"bits_per_second":	503316990.00051677,
				"retransmits":	0,
				"omitted":	false,
				"sender":	true
			}
		}, {
			"streams":	[{
					"socket":	6,
					"start":	37.000071,
					"end":	38.000079,
					"seconds":	1.0000079870224,
					"bytes":	62914560,
					"bits_per_second":	503312460.03210759,
					"retransmits":	0,
					"snd_cwnd":	3307232,
					"snd_wnd":	3143552,
					"rtt":	50305,
					"rttvar":	571,
					"pmtu":	1500,
					"omitted":	false,
					"sender":	true
				}],
			"sum":	{
				"start":	37.000071,
				"end":	38.000079,
				"seconds":	1.0000079870224,
				"bytes":	62914560,
				"bits_per_second":	503312460.03210759,
				"retransmits":	0,
				"omitted":	false,
				"sender":	true
			}
		}, {
			"streams":	[{
					"socket":	6,
					"start":	38.000079,
					"end":	39.000068,
					"seconds":	0.99998897314071655,
					"bytes":	62914560,
					"bits_per_second":	503322030.06119972,
					"retransmits":	0,
					"snd_cwnd":	3307232,
					"snd_wnd":	3143552,
					"rtt":	49575,
					"rttvar":	586,
					"pmtu":	1500,
					"omitted":	false,
					"sender":	true
				}],
			"sum":	{
				"start":	38.000079,
				"end":	39.000068,
				"seconds":	0.99998897314071655,
				"bytes":	62914560,
				"bits_per_second":	503322030.06119972,
				"retransmits":	0,
				"omitted":	false,
				"sender":	true
			}
		}, {
			"streams":	[{
					"socket":	6,
					"start":	39.000068,
					"end":	40.000066,
					"seconds":	0.99999797344207764,
					"bytes":	62914560,
					"bits_per_second":	503317500.002067,
					"retransmits":	0,
					"snd_cwnd":	3307232,
					"snd_wnd":	3143552,
					"rtt":	48997,
					"rttvar":	449,
					"pmtu":	1500,
					"omitted":	false,
					"sender":	true
				}],
			"sum":	{
				"start":	39.000068,
				"end":	40.000066,
				"seconds":	0.99999797344207764,
				"bytes":	62914560,
				"bits_per_second":	503317500.002067,
				"retransmits":	0,
				"omitted":	false,
				"sender":	true
			}
		}, {
			"streams":	[{
					"socket":	6,
					"start":	40.000066,
					"end":	41.000075,
					"seconds":	1.0000089406967163,
					"bytes":	70778880,
					"bits_per_second":	566225977.545262,
					"retransmits":	0,
					"snd_cwnd":	3307232,
					"snd_wnd":	3143552,
					"rtt":	25904,
					"rttvar":	319,
					"pmtu":	1500,
					"omitted":	false,
					"sender":	true
				}],
			"sum":	{
				"start":	40.000066,
				"end":	41.000075,
				"seconds":	1.0000089406967163,
				"bytes":	70778880,
				"bits_per_second":	566225977.545262,
				"retransmits":	0,
				"omitted":	false,
				"sender":	true
			}
		}, {
			"streams":	[{
					"socket":	6,
					"start":	41.000075,
					"end":	42.000072,
					"seconds":	0.99999701976776123,
					"bytes":	69468160,
					"bits_per_second":	555746936.254936,
					"retransmits":	0,
					"snd_cwnd":	3307232,
					"snd_wnd":	3143552,
					"rtt":	49785,
					"rttvar":	1181,
					"pmtu":	1500,
					"omitted":	false,
					"sender":	true
				}],
			"sum":	{
				"start":	41.000075,
				"end":	42.000072,
				"seconds":	0.99999701976776123,
				"bytes":	69468160,
				"bits_per_second":	555746936.254936,
				"retransmits":	0,
				"omitted":	false,
				"sender":	true
			}
		}, {
			"streams":	[{
					"socket":	6,
					"start":	42.000072,
					"end":	43.000081,
					"seconds":	1.0000089406967163,
					"bytes":	61603840,
					"bits_per_second":	492826313.78939462,
					"retransmits":	0,
					"snd_cwnd":	3307232,
					"snd_wnd":	3143552,
					"rtt":	48379,
					"rttvar":	258,
					"pmtu":	1500,
					"omitted":	false,
					"sender":	true
				}],
			"sum":	{
				"start":	42.000072,
				"end":	43.000081,
				"seconds":	1.0000089406967163,
				"bytes":	61603840,
				"bits_per_second":	492826313.78939462,
				"retransmits":	0,
				"omitted":	false,
				"sender":	true
			}
		}, {
			"streams":	[{
					"socket":	6,
					"start":	43.000081,
					"end":	44.000071,
					"seconds":	0.99998998641967773,
					"bytes":	62914560,
					"bits_per_second":	503321520.050469,
					"retransmits":	0,
					"snd_cwnd":	3307232,
					"snd_wnd":	3143552,
					"rtt":	48040,
					"rttvar":	521,
					"pmtu":	1500,
					"omitted":	false,
					"sender":	true
				}],
			"sum":	{
				"start":	43.000081,
				"end":	44.000071,
				"seconds":	0.99998998641967773,
				"bytes":	62914560,
				"bits_per_second":	503321520.050469,
				"retransmits":	0,
				"omitted":	false,
				"sender":	true
			}
		}, {
			"streams":	[{
					"socket":	6,
					"start":	44.000071,
					"end":	45.00007,
					"seconds":	0.99999898672103882,
					"bytes":	62914560,
					"bits_per_second":	503316990.00051677,
					"retransmits":	0,
					"snd_cwnd":	3307232,
					"snd_wnd":	3143552,
					"rtt":	46660,
					"rttvar":	343,
					"pmtu":	1500,
					"omitted":	false,
					"sender":	true
				}],
			"sum":	{
				"start":	44.000071,
				"end":	45.00007,
				"seconds":	0.99999898672103882,
				"bytes":	62914560,
				"bits_per_second":	503316990.00051677,
				"retransmits":	0,
				"omitted":	false,
				"sender":	true
			}
		}, {
			"streams":	[{
					"socket":	6,
					"start":	45.00007,
					"end":	46.000068,
					"seconds":	0.99999797344207764,
					"bytes":	62914560,
					"bits_per_second":	503317500.002067,
					"retransmits":	0,
					"snd_cwnd":	3307232,
					"snd_wnd":	3143552,
					"rtt":	50212,
					"rttvar":	700,
					"pmtu":	1500,
					"omitted":	false,
					"sender":	true
				}],
			"sum":	{
				"start":	45.00007,
				"end":	46.000068,
				"seconds":	0.99999797344207764,
				"bytes":	62914560,
				"bits_per_second":	503317500.002067,
				"retransmits":	0,
				"omitted":	false,
				"sender":	true
			}
		}, {
			"streams":	[{
					"socket":	6,
					"start":	46.000068,
					"end":	47.000072,
					"seconds":	1.0000040531158447,
					"bytes":	61603840,
					"bits_per_second":	492828722.508096,
					"retransmits":	0,
					"snd_cwnd":	3307232,
					"snd_wnd":	3143552,
					"rtt":	49652,
					"rttvar":	801,
					"pmtu":	1500,
					"omitted":	false,
					"sender":	true
				}],
			"sum":	{
				"start":	46.000068,
				"end":	47.000072,
				"seconds":	1.0000040531158447,
				"bytes":	61603840,
				"bits_per_second":	492828722.508096,
				"retransmits":	0,
				"omitted":	false,
				"sender":	true
			}
		}, {
			"streams":	[{
					"socket":	6,
					"start":	47.000072,
					"end":	48.000077,
					"seconds":	1.0000050067901611,
					"bytes":	62914560,
					"bits_per_second":	503313960.012617,
					"retransmits":	0,
					"snd_cwnd":	3307232,
					"snd_wnd":	3143552,
					"rtt":	48817,
					"rttvar":	581,
					"pmtu":	1500,
					"omitted":	false,
					"sender":	true
				}],
			"sum":	{
				"start":	47.000072,
				"end":	48.000077,
				"seconds":	1.0000050067901611,
				"bytes":	62914560,
				"bits_per_second":	503313960.012617,
				"retransmits":	0,
				"omitted":	false,
				"sender":	true
			}
		}, {
			"streams":	[{
					"socket":	6,
					"start":	48.000077,
					"end":	49.000078,
					"seconds":	1.0000009536743164,
					"bytes":	62914560,
					"bits_per_second":	503316000.00045776,
					"retransmits":	0,
					"snd_cwnd":	3307232,
					"snd_wnd":	3143552,
					"rtt":	47952,
					"rttvar":	554,
					"pmtu":	1500,
					"omitted":	false,
					"sender":	true
				}],
			"sum":	{
				"start":	48.000077,
				"end":	49.000078,
				"seconds":	1.0000009536743164,
				"bytes":	62914560,
				"bits_per_second":	503316000.00045776,
				"retransmits":	0,
				"omitted":	false,
				"sender":	true
			}
		}, {
			"streams":	[{
					"socket":	6,
					"start":	49.000078,
					"end":	50.000073,
					"seconds":	0.999994993209839,
					"bytes":	61603840,
					"bits_per_second":	492833187.51235431,
					"retransmits":	0,
					"snd_cwnd":	3307232,
					"snd_wnd":	3143552,
					"rtt":	50308,
					"rttvar":	458,
					"pmtu":	1500,
					"omitted":	false,
					"sender":	true
				}],
			"sum":	{
				"start":	49.000078,
				"end":	50.000073,
				"seconds":	0.999994993209839,
				"bytes":	61603840,
				"bits_per_second":	492833187.51235431,
				"retransmits":	0,
				"omitted":	false,
				"sender":	true
			}
		}, {
			"streams":	[{
					"socket":	6,
					"start":	50.000073,
					"end":	51.00007,
					"seconds":	0.99999701976776123,
					"bytes":	62914560,
					"bits_per_second":	503317980.00447035,
					"retransmits":	0,
					"snd_cwnd":	3307232,
					"snd_wnd":	3143552,
					"rtt":	48502,
					"rttvar":	392,
					"pmtu":	1500,
					"omitted":	false,
					"sender":	true
				}],
			"sum":	{
				"start":	50.000073,
				"end":	51.00007,
				"seconds":	0.99999701976776123,
				"bytes":	62914560,
				"bits_per_second":	503317980.00447035,
				"retransmits":	0,
				"omitted":	false,
				"sender":	true
			}
		}, {
			"streams":	[{
					"socket":	6,
					"start":	51.00007,
					"end":	52.000083,
					"seconds":	1.000012993812561,
					"bytes":	78643200,
					"bits_per_second":	629137425.106223,
					"retransmits":	0,
					"snd_cwnd":	3307232,
					"snd_wnd":	3143552,
					"rtt":	47181,
					"rttvar":	288,
					"pmtu":	1500,
					"omitted":	false,
					"sender":	true
				}],
			"sum":	{
				"start":	51.00007,
				"end":	52.000083,
				"seconds":	1.000012993812561,
				"bytes":	78643200,
				"bits_per_second":	629137425.106223,
				"retransmits":	0,
				"omitted":	false,
				"sender":	true
			}
		}, {
			"streams":	[{
					"socket":	6,
					"start":	52.000083,
					"end":	53.000075,
					"seconds":	0.9999920129776,
					"bytes":	62914560,
					"bits_per_second":	503320500.032108,
					"retransmits":	0,
					"snd_cwnd":	3307232,
					"snd_wnd":	3143552,
					"rtt":	47608,
					"rttvar":	349,
					"pmtu":	1500,
					"omitted":	false,
					"sender":	true
				}],
			"sum":	{
				"start":	52.000083,
				"end":	53.000075,
				"seconds":	0.9999920129776,
				"bytes":	62914560,
				"bits_per_second":	503320500.032108,
				"retransmits":	0,
				"omitted":	false,
				"sender":	true
			}
		}, {
			"streams":	[{
					"socket":	6,
					"start":	53.000075,
					"end":	54.00008,
					"seconds":	1.0000050067901611,
					"bytes":	61603840,
					"bits_per_second":	492828252.5123542,
					"retransmits":	0,
					"snd_cwnd":	3307232,
					"snd_wnd":	3143552,
					"rtt":	47362,
					"rttvar":	355,
					"pmtu":	1500,
					"omitted":	false,
					"sender":	true
				}],
			"sum":	{
				"start":	53.000075,
				"end":	54.00008,
				"seconds":	1.0000050067901611,
				"bytes":	61603840,
				"bits_per_second":	492828252.5123542,
				"retransmits":	0,
				"omitted":	false,
				"sender":	true
			}
		}, {
			"streams":	[{
					"socket":	6,
					"start":	54.00008,
					"end":	55.000074,
					"seconds":	0.99999397993087769,
					"bytes":	62914560,
					"bits_per_second":	503319510.018241,
					"retransmits":	0,
					"snd_cwnd":	3307232,
					"snd_wnd":	3143552,
					"rtt":	47337,
					"rttvar":	608,
					"pmtu":	1500,
					"omitted":	false,
					"sender":	true
				}],
			"sum":	{
				"start":	54.00008,
				"end":	55.000074,
				"seconds":	0.99999397993087769,
				"bytes":	62914560,
				"bits_per_second":	503319510.018241,
				"retransmits":	0,
				"omitted":	false,
				"sender":	true
			}
		}, {
			"streams":	[{
					"socket":	6,
					"start":	55.000074,
					"end":	56.000073,
					"seconds":	0.99999898672103882,
					"bytes":	62914560,
					"bits_per_second":	503316990.00051677,
					"retransmits":	0,
					"snd_cwnd":	3307232,
					"snd_wnd":	3143552,
					"rtt":	49200,
					"rttvar":	627,
					"pmtu":	1500,
					"omitted":	false,
					"sender":	true
				}],
			"sum":	{
				"start":	55.000074,
				"end":	56.000073,
				"seconds":	0.99999898672103882,
				"bytes":	62914560,
				"bits_per_second":	503316990.00051677,
				"retransmits":	0,
				"omitted":	false,
				"sender":	true
			}
		}, {
			"streams":	[{
					"socket":	6,
					"start":	56.000073,
					"end":	57.000243,
					"seconds":	1.0001699924468994,
					"bytes":	62914560,
					"bits_per_second":	503230934.54208171,
					"retransmits":	0,
					"snd_cwnd":	3307232,
					"snd_wnd":	3143552,
					"rtt":	47789,
					"rttvar":	392,
					"pmtu":	1500,
					"omitted":	false,
					"sender":	true
				}],
			"sum":	{
				"start":	56.000073,
				"end":	57.000243,
				"seconds":	1.0001699924468994,
				"bytes":	62914560,
				"bits_per_second":	503230934.54208171,
				"retransmits":	0,
				"omitted":	false,
				"sender":	true
			}
		}, {
			"streams":	[{
					"socket":	6,
					"start":	57.000243,
					"end":	58.000073,
					"seconds":	0.99983000755310059,
					"bytes":	62914560,
					"bits_per_second":	503402054.54702663,
					"retransmits":	0,
					"snd_cwnd":	3307232,
					"snd_wnd":	3143552,
					"rtt":	47765,
					"rttvar":	287,
					"pmtu":	1500,
					"omitted":	false,
					"sender":	true
				}],
			"sum":	{
				"start":	57.000243,
				"end":	58.000073,
				"seconds":	0.99983000755310059,
				"bytes":	62914560,
				"bits_per_second":	503402054.54702663,
				"retransmits":	0,
				"omitted":	false,
				"sender":	true
			}
		}, {
			"streams":	[{
					"socket":	6,
					"start":	58.000073,
					"end":	59.000076,
					"seconds":	1.0000029802322388,
					"bytes":	61603840,
					"bits_per_second":	492829251.25437719,
					"retransmits":	0,
					"snd_cwnd":	3307232,
					"snd_wnd":	3143552,
					"rtt":	48429,
					"rttvar":	729,
					"pmtu":	1500,
					"omitted":	false,
					"sender":	true
				}],
			"sum":	{
				"start":	58.000073,
				"end":	59.000076,
				"seconds":	1.0000029802322388,
				"bytes":	61603840,
				"bits_per_second":	492829251.25437719,
				"retransmits":	0,
				"omitted":	false,
				"sender":	true
			}
		}, {
			"streams":	[{
					"socket":	6,
					"start":	59.000076,
					"end":	60.00008,
					"seconds":	1.0000040531158447,
					"bytes":	62914560,
					"bits_per_second":	503314440.0082683,
					"retransmits":	0,
					"snd_cwnd":	3307232,
					"snd_wnd":	3143552,
					"rtt":	47369,
					"rttvar":	508,
					"pmtu":	1500,
					"omitted":	false,
					"sender":	true
				}],
			"sum":	{
				"start":	59.000076,
				"end":	60.00008,
				"seconds":	1.0000040531158447,
				"bytes":	62914560,
				"bits_per_second":	503314440.0082683,
				"retransmits":	0,
				"omitted":	false,
				"sender":	true
			}
		}],
	"end":	{
		"streams":	[{
				"sender":	{
					"socket":	6,
					"start":	0,
					"end":	60.00008,
					"seconds":	60.00008,
					"bytes":	4517003264,
					"bits_per_second":	602266298.844935,
					"retransmits":	0,
					"max_snd_cwnd":	3307232,
					"max_snd_wnd":	3143552,
					"max_rtt":	50688,
					"min_rtt":	25246,
					"mean_rtt":	43570,
					"sender":	true
				},
				"receiver":	{
					"socket":	6,
					"start":	0,
					"end":	60.048242,
					"seconds":	60.00008,
					"bytes":	4517003264,
					"bits_per_second":	601783248.075772,
					"sender":	true
				}
			}],
		"sum_sent":	{
			"start":	0,
			"end":	60.00008,
			"seconds":	60.00008,
			"bytes":	4517003264,
			"bits_per_second":	602266298.844935,
			"retransmits":	0,
			"sender":	true
		},
		"sum_received":	{
			"start":	0,
			"end":	60.048242,
			"seconds":	60.048242,
			"bytes":	4517003264,
			"bits_per_second":	601783248.075772,
			"sender":	true
		},
		"cpu_utilization_percent":	{
			"host_total":	1.2861366690733678,
			"host_user":	0.030402538405363534,
			"host_system":	1.2557357967431031,
			"remote_total":	3.249241797284534,
			"remote_user":	0.18125089563385313,
			"remote_system":	3.0679909016506808
		},
		"sender_tcp_congestion":	"cubic",
		"receiver_tcp_congestion":	"cubic"
	}
}
