{
	"start":	{
		"connected":	[{
				"socket":	6,
				"local_host":	"192.168.101.210",
				"local_port":	48036,
				"remote_host":	"192.168.100.168",
				"remote_port":	5202
			}],
		"version":	"iperf 3.11",
		"system_info":	"Linux f1 6.0.10-300.fc37.x86_64 #1 SMP PREEMPT_DYNAMIC Sat Nov 26 16:55:13 UTC 2022 x86_64",
		"timestamp":	{
			"time":	"Sat, 10 Dec 2022 17:35:12 GMT",
			"timesecs":	1670693712
		},
		"connecting_to":	{
			"host":	"192.168.100.168",
			"port":	5202
		},
		"cookie":	"vyjvb57nys6nxplkbzcwriesz26fo6p2y2ss",
		"tcp_mss_default":	1448,
		"target_bitrate":	0,
		"sock_bufsize":	0,
		"sndbuf_actual":	16384,
		"rcvbuf_actual":	131072,
		"test_start":	{
			"protocol":	"TCP",
			"num_streams":	1,
			"blksize":	131072,
			"omit":	0,
			"duration":	60,
			"bytes":	0,
			"blocks":	0,
			"reverse":	0,
			"tos":	0,
			"target_bitrate":	0
		}
	},
	"intervals":	[{
			"streams":	[{
					"socket":	6,
					"start":	0,
					"end":	1.000155,
					"seconds":	1.000154972076416,
					"bytes":	16121856,
					"bits_per_second":	128954863.59702443,
					"retransmits":	0,
					"snd_cwnd":	60816,
					"snd_wnd":	3143552,
					"rtt":	25503,
					"rttvar":	446,
					"pmtu":	1500,
					"omitted":	false,
					"sender":	true
				}],
			"sum":	{
				"start":	0,
				"end":	1.000155,
				"seconds":	1.000154972076416,
				"bytes":	16121856,
				"bits_per_second":	128954863.59702443,
				"retransmits":	0,
				"omitted":	false,
				"sender":	true
			}
		}, {
			"streams":	[{
					"socket":	6,
					"start":	1.000155,
					"end":	2.000498,
					"seconds":	1.0003429651260376,
					"bytes":	1310720,
					"bits_per_second":	10482164.982965471,
					"retransmits":	0,
					"snd_cwnd":	37648,
					"snd_wnd":	3143552,
					"rtt":	25504,
					"rttvar":	423,
					"pmtu":	1500,
					"omitted":	false,
					"sender":	true
				}],
			"sum":	{
				"start":	1.000155,
				"end":	2.000498,
				"seconds":	1.0003429651260376,
				"bytes":	1310720,
				"bits_per_second":	10482164.982965471,
				"retransmits":	0,
				"omitted":	false,
				"sender":	true
			}
		}, {
			"streams":	[{
					"socket":	6,
					"start":	2.000498,
					"end":	3.000565,
					"seconds":	1.0000669956207275,
					"bytes":	1310720,
					"bits_per_second":	10485057.54706127,
					"retransmits":	0,
					"snd_cwnd":	34752,
					"snd_wnd":	3143552,
					"rtt":	25472,
					"rttvar":	229,
					"pmtu":	1500,
					"omitted":	false,
					"sender":	true
				}],
			"sum":	{
				"start":	2.000498,
				"end":	3.000565,
				"seconds":	1.0000669956207275,
				"bytes":	1310720,
				"bits_per_second":	10485057.54706127,
				"retransmits":	0,
				"omitted":	false,
				"sender":	true
			}
		}, {
			"streams":	[{
					"socket":	6,
					"start":	3.000565,
					"end":	4.000543,
					"seconds":	0.999978005886078,
					"bytes":	1310720,
					"bits_per_second":	10485990.630072504,
					"retransmits":	0,
					"snd_cwnd":	31856,
					"snd_wnd":	3143552,
					"rtt":	25613,
					"rttvar":	441,
					"pmtu":	1500,
					"omitted":	false,
					"sender":	true
				}],
			"sum":	{
				"start":	3.000565,
				"end":	4.000543,
				"seconds":	0.999978005886078,
				"bytes":	1310720,
				"bits_per_second":	10485990.630072504,
				"retransmits":	0,
				"omitted":	false,
				"sender":	true
			}
		}, {
			"streams":	[{
					"socket":	6,
					"start":	4.000543,
					"end":	5.000459,
					"seconds":	0.99991601705551147,
					"bytes":	1310720,
					"bits_per_second":	10486640.698963692,
					"retransmits":	0,
					"snd_cwnd":	34752,
					"snd_wnd":	3143552,
					"rtt":	25321,
					"rttvar":	464,
					"pmtu":	1500,
					"omitted":	false,
					"sender":	true
				}],
			"sum":	{
				"start":	4.000543,
				"end":	5.000459,
				"seconds":	0.99991601705551147,
				"bytes":	1310720,
				"bits_per_second":	10486640.698963692,
				"retransmits":	0,
				"omitted":	false,
				"sender":	true
			}
		}, {
			"streams":	[{
					"socket":	6,
					"start":	5.000459,
					"end":	6.000347,
					"seconds":	0.999888002872467,
					"bytes":	1310720,
					"bits_per_second":	10486934.506541358,
					"retransmits":	0,
					"snd_cwnd":	31856,
					"snd_wnd":	3143552,
					"rtt":	25250,
					"rttvar":	493,
					"pmtu":	1500,
					"omitted":	false,
					"sender":	true
				}],
			"sum":	{
				"start":	5.000459,
				"end":	6.000347,
				"seconds":	0.999888002872467,
				"bytes":	1310720,
				"bits_per_second":	10486934.506541358,
				"retransmits":	0,
				"omitted":	false,
				"sender":	true
			}
		}, {
			"streams":	[{
					"socket":	6,
					"start":	6.000347,
					"end":	7.000262,
					"seconds":	0.99991500377655029,
					"bytes":	1310720,
					"bits_per_second":	10486651.325759323,
					"retransmits":	0,
					"snd_cwnd":	28960,
					"snd_wnd":	3143552,
					"rtt":	25330,
					"rttvar":	261,
					"pmtu":	1500,
					"omitted":	false,
					"sender":	true
				}],
			"sum":	{
				"start":	6.000347,
				"end":	7.000262,
				"seconds":	0.99991500377655029,
				"bytes":	1310720,
				"bits_per_second":	10486651.325759323,
				"retransmits":	0,
				"omitted":	false,
				"sender":	true
			}
		}, {
			"streams":	[{
					"socket":	6,
					"start":	7.000262,
					"end":	8.000141,
					"seconds":	0.999879002571106,
					"bytes":	1310720,
					"bits_per_second":	10487028.903534066,
					"retransmits":	0,
					"snd_cwnd":	31856,
					"snd_wnd":	3143552,
					"rtt":	25341,
					"rttvar":	946,
					"pmtu":	1500,
					"omitted":	false,
					"sender":	true
				}],
			"sum":	{
				"start":	7.000262,
				"end":	8.000141,
				"seconds":	0.999879002571106,
				"bytes":	1310720,
				"bits_per_second":	10487028.903534066,
				"retransmits":	0,
				"omitted":	false,
				"sender":	true
			}
		}, {
			"streams":	[{
					"socket":	6,
					"start":	8.000141,
					"end":	9.000083,
					"seconds":	0.99994200468063354,
					"bytes":	1310720,
					"bits_per_second":	10486368.160270449,
					"retransmits":	0,
					"snd_cwnd":	34752,
					"snd_wnd":	3143552,
					"rtt":	25142,
					"rttvar":	493,
					"pmtu":	1500,
					"omitted":	false,
					"sender":	true
				}],
			"sum":	{
				"start":	8.000141,
				"end":	9.000083,
				"seconds":	0.99994200468063354,
				"bytes":	1310720,
				"bits_per_second":	10486368.160270449,
				"retransmits":	0,
				"omitted":	false,
				"sender":	true
			}
		}, {
			"streams":	[{
					"socket":	6,
					"start":	9.000083,
					"end":	10.001042,
					"seconds":	1.000959038734436,
					"bytes":	0,
					"bits_per_second":	0,
					"retransmits":	0,
					"snd_cwnd":	34752,
					"snd_wnd":	3143552,
					"rtt":	25476,
					"rttvar":	705,
					"pmtu":	1500,
					"omitted":	false,
					"sender":	true
				}],
			"sum":	{
				"start":	9.000083,
				"end":	10.001042,
				"seconds":	1.000959038734436,
				"bytes":	0,
				"bits_per_second":	0,
				"retransmits":	0,
				"omitted":	false,
				"sender":	true
			}
		}, {
			"streams":	[{
					"socket":	6,
					"start":	10.001042,
					"end":	11.000274,
					"seconds":	0.999231994152069,
					"bytes":	2621440,
					"bits_per_second":	20987638.629201487,
					"retransmits":	0,
					"snd_cwnd":	304080,
					"snd_wnd":	3143552,
					"rtt":	25738,
					"rttvar":	544,
					"pmtu":	1500,
					"omitted":	false,
					"sender":	true
				}],
			"sum":	{
				"start":	10.001042,
				"end":	11.000274,
				"seconds":	0.999231994152069,
				"bytes":	2621440,
				"bits_per_second":	20987638.629201487,
				"retransmits":	0,
				"omitted":	false,
				"sender":	true
			}
		}, {
			"streams":	[{
					"socket":	6,
					"start":	11.000274,
					"end":	12.000074,
					"seconds":	0.99980002641677856,
					"bytes":	10485760,
					"bits_per_second":	83902858.3552278,
					"retransmits":	0,
					"snd_cwnd":	764544,
					"snd_wnd":	3143552,
					"rtt":	28086,
					"rttvar":	368,
					"pmtu":	1500,
					"omitted":	false,
					"sender":	true
				}],
			"sum":	{
				"start":	11.000274,
				"end":	12.000074,
				"seconds":	0.99980002641677856,
				"bytes":	10485760,
				"bits_per_second":	83902858.3552278,
				"retransmits":	0,
				"omitted":	false,
				"sender":	true
			}
		}, {
			"streams":	[{
					"socket":	6,
					"start":	12.000074,
					"end":	13.000074,
					"seconds":	1,
					"bytes":	20971520,
					"bits_per_second":	167772160,
					"retransmits":	0,
					"snd_cwnd":	1792624,
					"snd_wnd":	3143552,
					"rtt":	33325,
					"rttvar":	650,
					"pmtu":	1500,
					"omitted":	false,
					"sender":	true
				}],
			"sum":	{
				"start":	12.000074,
				"end":	13.000074,
				"seconds":	1,
				"bytes":	20971520,
				"bits_per_second":	167772160,
				"retransmits":	0,
				"omitted":	false,
				"sender":	true
			}
		}, {
			"streams":	[{
					"socket":	6,
					"start":	13.000074,
					"end":	14.000067,
					"seconds":	0.99999302625656128,
					"bytes":	43253760,
					"bits_per_second":	346032493.14182866,
					"retransmits":	0,
					"snd_cwnd":	3014736,
					"snd_wnd":	3143552,
					"rtt":	45567,
					"rttvar":	556,
					"pmtu":	1500,
					"omitted":	false,
					"sender":	true
				}],
			"sum":	{
				"start":	13.000074,
				"end":	14.000067,
				"seconds":	0.99999302625656128,
				"bytes":	43253760,
				"bits_per_second":	346032493.14182866,
				"retransmits":	0,
				"omitted":	false,
				"sender":	true
			}
		}, {
			"streams":	[{
					"socket":	6,
					"start":	14.000067,
					"end":	15.000088,
					"seconds":	1.0000209808349609,
					"bytes":	56360960,
					"bits_per_second":	450878220.19847453,
					"retransmits":	0,
					"snd_cwnd":	3162432,
					"snd_wnd":	3143552,
					"rtt":	48134,
					"rttvar":	474,
					"pmtu":	1500,
					"omitted":	false,
					"sender":	true
				}],
			"sum":	{
				"start":	14.000067,
				"end":	15.000088,
				"seconds":	1.0000209808349609,
				"bytes":	56360960,
				"bits_per_second":	450878220.19847453,
				"retransmits":	0,
				"omitted":	false,
				"sender":	true
			}
		}, {
			"streams":	[{
					"socket":	6,
					"start":	15.000088,
					"end":	16.000074,
					"seconds":	0.99998599290847778,
					"bytes":	56360960,
					"bits_per_second":	450893995.7134648,
					"retransmits":	0,
					"snd_cwnd":	3295648,
					"snd_wnd":	3143552,
					"rtt":	47736,
					"rttvar":	622,
					"pmtu":	1500,
					"omitted":	false,
					"sender":	true
				}],
			"sum":	{
				"start":	15.000088,
				"end":	16.000074,
				"seconds":	0.99998599290847778,
				"bytes":	56360960,
				"bits_per_second":	450893995.7134648,
				"retransmits":	0,
				"omitted":	false,
				"sender":	true
			}
		}, {
			"streams":	[{
					"socket":	6,
					"start":	16.000074,
					"end":	17.000074,
					"seconds":	1,
					"bytes":	56360960,
					"bits_per_second":	450887680,
					"retransmits":	0,
					"snd_cwnd":	3246416,
					"snd_wnd":	3143552,
					"rtt":	47731,
					"rttvar":	1025,
					"pmtu":	1500,
					"omitted":	false,
					"sender":	true
				}],
			"sum":	{
				"start":	16.000074,
				"end":	17.000074,
				"seconds":	1,
				"bytes":	56360960,
				"bits_per_second":	450887680,
				"retransmits":	0,
				"omitted":	false,
				"sender":	true
			}
		}, {
			"streams":	[{
					"socket":	6,
					"start":	17.000074,
					"end":	18.000076,
					"seconds":	1.0000020265579224,
					"bytes":	56360960,
					"bits_per_second":	450886766.25185174,
					"retransmits":	0,
					"snd_cwnd":	3231936,
					"snd_wnd":	3143552,
					"rtt":	48676,
					"rttvar":	503,
					"pmtu":	1500,
					"omitted":	false,
					"sender":	true
				}],
			"sum":	{
				"start":	17.000074,
				"end":	18.000076,
				"seconds":	1.0000020265579224,
				"bytes":	56360960,
				"bits_per_second":	450886766.25185174,
				"retransmits":	0,
				"omitted":	false,
				"sender":	true
			}
		}, {
			"streams":	[{
					"socket":	6,
					"start":	18.000076,
					"end":	19.000081,
					"seconds":	1.0000050067901611,
					"bytes":	57671680,
					"bits_per_second":	461371130.01156563,
					"retransmits":	0,
					"snd_cwnd":	3298544,
					"snd_wnd":	3143552,
					"rtt":	48060,
					"rttvar":	711,
					"pmtu":	1500,
					"omitted":	false,
					"sender":	true
				}],
			"sum":	{
				"start":	18.000076,
				"end":	19.000081,
				"seconds":	1.0000050067901611,
				"bytes":	57671680,
				"bits_per_second":	461371130.01156563,
				"retransmits":	0,
				"omitted":	false,
				"sender":	true
			}
		}, {
			"streams":	[{
					"socket":	6,
					"start":	19.000081,
					"end":	20.000085,
					"seconds":	1.0000040531158447,
					"bytes":	57671680,
					"bits_per_second":	461371570.00757927,
					"retransmits":	0,
					"snd_cwnd":	3304336,
					"snd_wnd":	3143552,
					"rtt":	49073,
					"rttvar":	626,
					"pmtu":	1500,
					"omitted":	false,
					"sender":	true
				}],
			"sum":	{
				"start":	19.000081,
				"end":	20.000085,
				"seconds":	1.0000040531158447,
				"bytes":	57671680,
				"bits_per_second":	461371570.00757927,
				"retransmits":	0,
				"omitted":	false,
				"sender":	true
			}
		}, {
			"streams":	[{
					"socket":	6,
					"start":	20.000085,
					"end":	21.000067,
					"seconds":	0.99998199939727783,
					"bytes":	41943040,
					"bits_per_second":	335550360.10872561,
					"retransmits":	0,
					"snd_cwnd":	3408592,
					"snd_wnd":	3143552,
					"rtt":	48547,
					"rttvar":	430,
					"pmtu":	1500,
					"omitted":	false,
					"sender":	true
				}],
			"sum":	{
				"start":	20.000085,
				"end":	21.000067,
				"seconds":	0.99998199939727783,
				"bytes":	41943040,
				"bits_per_second":	335550360.10872561,
				"retransmits":	0,
				"omitted":	false,
				"sender":	true
			}
		}, {
			"streams":	[{
					"socket":	6,
					"start":	21.000067,
					"end":	22.000079,
					"seconds":	1.0000120401382446,
					"bytes":	56360960,
					"bits_per_second":	450882251.3153621,
					"retransmits":	0,
					"snd_cwnd":	3373840,
					"snd_wnd":	3143552,
					"rtt":	48831,
					"rttvar":	437,
					"pmtu":	1500,
					"omitted":	false,
					"sender":	true
				}],
			"sum":	{
				"start":	21.000067,
				"end":	22.000079,
				"seconds":	1.0000120401382446,
				"bytes":	56360960,
				"bits_per_second":	450882251.3153621,
				"retransmits":	0,
				"omitted":	false,
				"sender":	true
			}
		}, {
			"streams":	[{
					"socket":	6,
					"start":	22.000079,
					"end":	23.000175,
					"seconds":	1.0000959634780884,
					"bytes":	57671680,
					"bits_per_second":	461329169.2483753,
					"retransmits":	0,
					"snd_cwnd":	3466512,
					"snd_wnd":	3143552,
					"rtt":	49467,
					"rttvar":	521,
					"pmtu":	1500,
					"omitted":	false,
					"sender":	true
				}],
			"sum":	{
				"start":	22.000079,
				"end":	23.000175,
				"seconds":	1.0000959634780884,
				"bytes":	57671680,
				"bits_per_second":	461329169.2483753,
				"retransmits":	0,
				"omitted":	false,
				"sender":	true
			}
		}, {
			"streams":	[{
					"socket":	6,
					"start":	23.000175,
					"end":	24.000072,
					"seconds":	0.999897003173828,
					"bytes":	56360960,
					"bits_per_second":	450934124.7836653,
					"retransmits":	0,
					"snd_cwnd":	3533120,
					"snd_wnd":	3143552,
					"rtt":	48321,
					"rttvar":	337,
					"pmtu":	1500,
					"omitted":	false,
					"sender":	true
				}],
			"sum":	{
				"start":	23.000175,
				"end":	24.000072,
				"seconds":	0.999897003173828,
				"bytes":	56360960,
				"bits_per_second":	450934124.7836653,
				"retransmits":	0,
				"omitted":	false,
				"sender":	true
			}
		}, {
			"streams":	[{
					"socket":	6,
					"start":	24.000072,
					"end":	25.00007,
					"seconds":	0.99999797344207764,
					"bytes":	57671680,
					"bits_per_second":	461374375.00189483,
					"retransmits":	0,
					"snd_cwnd":	3562080,
					"snd_wnd":	3143552,
					"rtt":	49706,
					"rttvar":	702,
					"pmtu":	1500,
					"omitted":	false,
					"sender":	true
				}],
			"sum":	{
				"start":	24.000072,
				"end":	25.00007,
				"seconds":	0.99999797344207764,
				"bytes":	57671680,
				"bits_per_second":	461374375.00189483,
				"retransmits":	0,
				"omitted":	false,
				"sender":	true
			}
		}, {
			"streams":	[{
					"socket":	6,
					"start":	25.00007,
					"end":	26.000077,
					"seconds":	1.0000070333480835,
					"bytes":	56360960,
					"bits_per_second":	450884508.77230436,
					"retransmits":	0,
					"snd_cwnd":	3414384,
					"snd_wnd":	3143552,
					"rtt":	48989,
					"rttvar":	884,
					"pmtu":	1500,
					"omitted":	false,
					"sender":	true
				}],
			"sum":	{
				"start":	25.00007,
				"end":	26.000077,
				"seconds":	1.0000070333480835,
				"bytes":	56360960,
				"bits_per_second":	450884508.77230436,
				"retransmits":	0,
				"omitted":	false,
				"sender":	true
			}
		}, {
			"streams":	[{
					"socket":	6,
					"start":	26.000077,
					"end":	27.000071,
					"seconds":	0.99999397993087769,
					"bytes":	56360960,
					"bits_per_second":	450890394.39134085,
					"retransmits":	0,
					"snd_cwnd":	3521536,
					"snd_wnd":	3143552,
					"rtt":	49498,
					"rttvar":	449,
					"pmtu":	1500,
					"omitted":	false,
					"sender":	true
				}],
			"sum":	{
				"start":	26.000077,
				"end":	27.000071,
				"seconds":	0.99999397993087769,
				"bytes":	56360960,
				"bits_per_second":	450890394.39134085,
				"retransmits":	0,
				"omitted":	false,
				"sender":	true
			}
		}, {
			"streams":	[{
					"socket":	6,
					"start":	27.000071,
					"end":	28.000074,
					"seconds":	1.0000029802322388,
					"bytes":	57671680,
					"bits_per_second":	461372065.00409782,
					"retransmits":	0,
					"snd_cwnd":	3591040,
					"snd_wnd":	3143552,
					"rtt":	49132,
					"rttvar":	393,
					"pmtu":	1500,
					"omitted":	false,
					"sender":	true
				}],
			"sum":	{
				"start":	27.000071,
				"end":	28.000074,
				"seconds":	1.0000029802322388,
				"bytes":	57671680,
				"bits_per_second":	461372065.00409782,
				"retransmits":	0,
				"omitted":	false,
				"sender":	true
			}
		}, {
			"streams":	[{
					"socket":	6,
					"start":	28.000074,
					"end":	29.000068,
					"seconds":	0.99999397993087769,
					"bytes":	56360960,
					"bits_per_second":	450890394.39134085,
					"retransmits":	0,
					"snd_cwnd":	3489680,
					"snd_wnd":	3143552,
					"rtt":	50332,
					"rttvar":	433,
					"pmtu":	1500,
					"omitted":	false,
					"sender":	true
				}],
			"sum":	{
				"start":	28.000074,
				"end":	29.000068,
				"seconds":	0.99999397993087769,
				"bytes":	56360960,
				"bits_per_second":	450890394.39134085,
				"retransmits":	0,
				"omitted":	false,
				"sender":	true
			}
		}, {
			"streams":	[{
					"socket":	6,
					"start":	29.000068,
					"end":	30.000065,
					"seconds":	0.99999701976776123,
					"bytes":	57671680,
					"bits_per_second":	461374815.00409782,
					"retransmits":	0,
					"snd_cwnd":	3538912,
					"snd_wnd":	3143552,
					"rtt":	50230,
					"rttvar":	409,
					"pmtu":	1500,
					"omitted":	false,
					"sender":	true
				}],
			"sum":	{
				"start":	29.000068,
				"end":	30.000065,
				"seconds":	0.99999701976776123,
				"bytes":	57671680,
				"bits_per_second":	461374815.00409782,
				"retransmits":	0,
				"omitted":	false,
				"sender":	true
			}
		}, {
			"streams":	[{
					"socket":	6,
					"start":	30.000065,
					"end":	31.000071,
					"seconds":	1.0000059604644775,
					"bytes":	41943040,
					"bits_per_second":	335542320.01192087,
					"retransmits":	0,
					"snd_cwnd":	3301440,
					"snd_wnd":	3143552,
					"rtt":	47223,
					"rttvar":	546,
					"pmtu":	1500,
					"omitted":	false,
					"sender":	true
				}],
			"sum":	{
				"start":	30.000065,
				"end":	31.000071,
				"seconds":	1.0000059604644775,
				"bytes":	41943040,
				"bits_per_second":	335542320.01192087,
				"retransmits":	0,
				"omitted":	false,
				"sender":	true
			}
		}, {
			"streams":	[{
					"socket":	6,
					"start":	31.000071,
					"end":	32.000071,
					"seconds":	1,
					"bytes":	56360960,
					"bits_per_second":	450887680,
					"retransmits":	0,
					"snd_cwnd":	3591040,
					"snd_wnd":	3143552,
					"rtt":	48449,
					"rttvar":	416,
					"pmtu":	1500,
					"omitted":	false,
					"sender":	true
				}],
			"sum":	{
				"start":	31.000071,
				"end":	32.000071,
				"seconds":	1,
				"bytes":	56360960,
				"bits_per_second":	450887680,
				"retransmits":	0,
				"omitted":	false,
				"sender":	true
			}
		}, {
			"streams":	[{
					"socket":	6,
					"start":	32.000071,
					"end":	33.000065,
					"seconds":	0.99999397993087769,
					"bytes":	57671680,
					"bits_per_second":	461376217.51672083,
					"retransmits":	0,
					"snd_cwnd":	3472304,
					"snd_wnd":	3143552,
					"rtt":	49607,
					"rttvar":	631,
					"pmtu":	1500,
					"omitted":	false,
					"sender":	true
				}],
			"sum":	{
				"start":	32.000071,
				"end":	33.000065,
				"seconds":	0.99999397993087769,
				"bytes":	57671680,
				"bits_per_second":	461376217.51672083,
				"retransmits":	0,
				"omitted":	false,
				"sender":	true
			}
		}, {
			"streams":	[{
					"socket":	6,
					"start":	33.000065,
					"end":	34.000069,
					"seconds":	1.0000040531158447,
					"bytes":	56360960,
					"bits_per_second":	450885852.507407,
					"retransmits":	0,
					"snd_cwnd":	3536016,
					"snd_wnd":	3143552,
					"rtt":	48036,
					"rttvar":	1009,
					"pmtu":	1500,
					"omitted":	false,
					"sender":	true
				}],
			"sum":	{
				"start":	33.000065,
				"end":	34.000069,
				"seconds":	1.0000040531158447,
				"bytes":	56360960,
				"bits_per_second":	450885852.507407,
				"retransmits":	0,
				"omitted":	false,
				"sender":	true
			}
		}, {
			"streams":	[{
					"socket":	6,
					"start":	34.000069,
					"end":	35.000069,
					"seconds":	1,
					"bytes":	56360960,
					"bits_per_second":	450887680,
					"retransmits":	0,
					"snd_cwnd":	3527328,
					"snd_wnd":	3143552,
					"rtt":	48404,
					"rttvar":	475,
					"pmtu":	1500,
					"omitted":	false,
					"sender":	true
				}],
			"sum":	{
				"start":	34.000069,
				"end":	35.000069,
				"seconds":	1,
				"bytes":	56360960,
				"bits_per_second":	450887680,
				"retransmits":	0,
				"omitted":	false,
				"sender":	true
			}
		}, {
			"streams":	[{
					"socket":	6,
					"start":	35.000069,
					"end":	36.000064,
					"seconds":	0.999994993209839,
					"bytes":	57671680,
					"bits_per_second":	461375750.01156574,
					"retransmits":	0,
					"snd_cwnd":	3596832,
					"snd_wnd":	3143552,
					"rtt":	49517,
					"rttvar":	389,
					"pmtu":	1500,
					"omitted":	false,
					"sender":	true
				}],
			"sum":	{
				"start":	35.000069,
				"end":	36.000064,
				"seconds":	0.999994993209839,
				"bytes":	57671680,
				"bits_per_second":	461375750.01156574,
				"retransmits":	0,
				"omitted":	false,
				"sender":	true
			}
		}, {
			"streams":	[{
					"socket":	6,
					"start":	36.000064,
					"end":	37.000069,
					"seconds":	1.0000050067901611,
					"bytes":	56360960,
					"bits_per_second":	450885422.51130277,
					"retransmits":	0,
					"snd_cwnd":	3605520,
					"snd_wnd":	3143552,
					"rtt":	48865,
					"rttvar":	610,
					"pmtu":	1500,
					"omitted":	false,
					"sender":	true
				}],
			"sum":	{
				"start":	36.000064,
				"end":	37.000069,
				"seconds":	1.0000050067901611,
				"bytes":	56360960,
				"bits_per_second":	450885422.51130277,
				"retransmits":	0,
				"omitted":	false,
				"sender":	true
			}
		}, {
			"streams":	[{
					"socket":	6,
					"start":	37.000069,
					"end":	38.000071,
					"seconds":	1.0000020265579224,
					"bytes":	57671680,
					"bits_per_second":	461372505.00189483,
					"retransmits":	0,
					"snd_cwnd":	3495472,
					"snd_wnd":	3143552,
					"rtt":	49938,
					"rttvar":	632,
					"pmtu":	1500,
					"omitted":	false,
					"sender":	true
				}],
			"sum":	{
				"start":	37.000069,
				"end":	38.000071,
				"seconds":	1.0000020265579224,
				"bytes":	57671680,
				"bits_per_second":	461372505.00189483,
				"retransmits":	0,
				"omitted":	false,
				"sender":	true
			}
		}, {
			"streams":	[{
					"socket":	6,
					"start":	38.000071,
					"end":	39.000067,
					"seconds":	0.9999960064888,
					"bytes":	56360960,
					"bits_per_second":	450889480.63219082,
					"retransmits":	0,
					"snd_cwnd":	3518640,
					"snd_wnd":	3143552,
					"rtt":	47785,
					"rttvar":	885,
					"pmtu":	1500,
					"omitted":	false,
					"sender":	true
				}],
			"sum":	{
				"start":	38.000071,
				"end":	39.000067,
				"seconds":	0.9999960064888,
				"bytes":	56360960,
				"bits_per_second":	450889480.63219082,
				"retransmits":	0,
				"omitted":	false,
				"sender":	true
			}
		}, {
			"streams":	[{
					"socket":	6,
					"start":	39.000067,
					"end":	40.000069,
					"seconds":	1.0000020265579224,
					"bytes":	56360960,
					"bits_per_second":	450886766.25185174,
					"retransmits":	0,
					"snd_cwnd":	3434656,
					"snd_wnd":	3143552,
					"rtt":	47575,
					"rttvar":	489,
					"pmtu":	1500,
					"omitted":	false,
					"sender":	true
				}],
			"sum":	{
				"start":	39.000067,
				"end":	40.000069,
				"seconds":	1.0000020265579224,
				"bytes":	56360960,
				"bits_per_second":	450886766.25185174,
				"retransmits":	0,
				"omitted":	false,
				"sender":	true
			}
		}, {
			"streams":	[{
					"socket":	6,
					"start":	40.000069,
					"end":	41.00025,
					"seconds":	1.0001809597015381,
					"bytes":	47185920,
					"bits_per_second":	377419062.35912073,
					"retransmits":	0,
					"snd_cwnd":	5792,
					"snd_wnd":	3143552,
					"rtt":	30347,
					"rttvar":	4093,
					"pmtu":	1500,
					"omitted":	false,
					"sender":	true
				}],
			"sum":	{
				"start":	40.000069,
				"end":	41.00025,
				"seconds":	1.0001809597015381,
				"bytes":	47185920,
				"bits_per_second":	377419062.35912073,
				"retransmits":	0,
				"omitted":	false,
				"sender":	true
			}
		}, {
			"streams":	[{
					"socket":	6,
					"start":	41.00025,
					"end":	42.000077,
					"seconds":	0.99982702732086182,
					"bytes":	52428800,
					"bits_per_second":	419502962.551339,
					"retransmits":	0,
					"snd_cwnd":	3524432,
					"snd_wnd":	3143552,
					"rtt":	49851,
					"rttvar":	777,
					"pmtu":	1500,
					"omitted":	false,
					"sender":	true
				}],
			"sum":	{
				"start":	41.00025,
				"end":	42.000077,
				"seconds":	0.99982702732086182,
				"bytes":	52428800,
				"bits_per_second":	419502962.551339,
				"retransmits":	0,
				"omitted":	false,
				"sender":	true
			}
		}, {
			"streams":	[{
					"socket":	6,
					"start":	42.000077,
					"end":	43.000077,
					"seconds":	1,
					"bytes":	56360960,
					"bits_per_second":	450887680,
					"retransmits":	0,
					"snd_cwnd":	3457824,
					"snd_wnd":	3143552,
					"rtt":	48129,
					"rttvar":	265,
					"pmtu":	1500,
					"omitted":	false,
					"sender":	true
				}],
			"sum":	{
				"start":	42.000077,
				"end":	43.000077,
				"seconds":	1,
				"bytes":	56360960,
				"bits_per_second":	450887680,
				"retransmits":	0,
				"omitted":	false,
				"sender":	true
			}
		}, {
			"streams":	[{
					"socket":	6,
					"start":	43.000077,
					"end":	44.00007,
					"seconds":	0.99999302625656128,
					"bytes":	57671680,
					"bits_per_second":	461376657.52243817,
					"retransmits":	0,
					"snd_cwnd":	3452032,
					"snd_wnd":	3143552,
					"rtt":	47184,
					"rttvar":	541,
					"pmtu":	1500,
					"omitted":	false,
					"sender":	true
				}],
			"sum":	{
				"start":	43.000077,
				"end":	44.00007,
				"seconds":	0.99999302625656128,
				"bytes":	57671680,
				"bits_per_second":	461376657.52243817,
				"retransmits":	0,
				"omitted":	false,
				"sender":	true
			}
		}, {
			"streams":	[{
					"socket":	6,
					"start":	44.00007,
					"end":	45.000069,
					"seconds":	0.99999898672103882,
					"bytes":	56360960,
					"bits_per_second":	450888136.875463,
					"retransmits":	0,
					"snd_cwnd":	3417280,
					"snd_wnd":	3143552,
					"rtt":	47245,
					"rttvar":	887,
					"pmtu":	1500,
					"omitted":	false,
					"sender":	true
				}],
			"sum":	{
				"start":	44.00007,
				"end":	45.000069,
				"seconds":	0.99999898672103882,
				"bytes":	56360960,
				"bits_per_second":	450888136.875463,
				"retransmits":	0,
				"omitted":	false,
				"sender":	true
			}
		}, {
			"streams":	[{
					"socket":	6,
					"start":	45.000069,
					"end":	46.000072,
					"seconds":	1.0000029802322388,
					"bytes":	56360960,
					"bits_per_second":	450886336.25400466,
					"retransmits":	0,
					"snd_cwnd":	3541808,
					"snd_wnd":	3143552,
					"rtt":	49775,
					"rttvar":	851,
					"pmtu":	1500,
					"omitted":	false,
					"sender":	true
				}],
			"sum":	{
				"start":	45.000069,
				"end":	46.000072,
				"seconds":	1.0000029802322388,
				"bytes":	56360960,
				"bits_per_second":	450886336.25400466,
				"retransmits":	0,
				"omitted":	false,
				"sender":	true
			}
		}, {
			"streams":	[{
					"socket":	6,
					"start":	46.000072,
					"end":	47.000071,
					"seconds":	0.99999898672103882,
					"bytes":	57671680,
					"bits_per_second":	461373907.50047374,
					"retransmits":	0,
					"snd_cwnd":	3593936,
					"snd_wnd":	3143552,
					"rtt":	48773,
					"rttvar":	302,
					"pmtu":	1500,
					"omitted":	false,
					"sender":	true
				}],
			"sum":	{
				"start":	46.000072,
				"end":	47.000071,
				"seconds":	0.99999898672103882,
				"bytes":	57671680,
				"bits_per_second":	461373907.50047374,
				"retransmits":	0,
				"omitted":	false,
				"sender":	true
			}
		}, {
			"streams":	[{
					"socket":	6,
					"start":	47.000071,
					"end":	48.000077,
					"seconds":	1.0000059604644775,
					"bytes":	56360960,
					"bits_per_second":	450884992.51601863,
					"retransmits":	0,
					"snd_cwnd":	3460720,
					"snd_wnd":	3143552,
					"rtt":	48376,
					"rttvar":	532,
					"pmtu":	1500,
					"omitted":	false,
					"sender":	true
				}],
			"sum":	{
				"start":	47.000071,
				"end":	48.000077,
				"seconds":	1.0000059604644775,
				"bytes":	56360960,
				"bits_per_second":	450884992.51601863,
				"retransmits":	0,
				"omitted":	false,
				"sender":	true
			}
		}, {
			"streams":	[{
					"socket":	6,
					"start":	48.000077,
					"end":	49.000073,
					"seconds":	0.9999960064888,
					"bytes":	57671680,
					"bits_per_second":	461375282.507358,
					"retransmits":	0,
					"snd_cwnd":	3576560,
					"snd_wnd":	3143552,
					"rtt":	48318,
					"rttvar":	287,
					"pmtu":	1500,
					"omitted":	false,
					"sender":	true
				}],
			"sum":	{
				"start":	48.000077,
				"end":	49.000073,
				"seconds":	0.9999960064888,
				"bytes":	57671680,
				"bits_per_second":	461375282.507358,
				"retransmits":	0,
				"omitted":	false,
				"sender":	true
			}
		}, {
			"streams":	[{
					"socket":	6,
					"start":	49.000073,
					"end":	50.000068,
					"seconds":	0.999994993209839,
					"bytes":	56360960,
					"bits_per_second":	450889937.51130289,
					"retransmits":	0,
					"snd_cwnd":	3533120,
					"snd_wnd":	3143552,
					"rtt":	48831,
					"rttvar":	556,
					"pmtu":	1500,
					"omitted":	false,
					"sender":	true
				}],
			"sum":	{
				"start":	49.000073,
				"end":	50.000068,
				"seconds":	0.999994993209839,
				"bytes":	56360960,
				"bits_per_second":	450889937.51130289,
				"retransmits":	0,
				"omitted":	false,
				"sender":	true
			}
		}, {
			"streams":	[{
					"socket":	6,
					"start":	50.000068,
					"end":	51.000067,
					"seconds":	0.99999898672103882,
					"bytes":	57671680,
					"bits_per_second":	461373907.50047374,
					"retransmits":	0,
					"snd_cwnd":	3382528,
					"snd_wnd":	3143552,
					"rtt":	48332,
					"rttvar":	251,
					"pmtu":	1500,
					"omitted":	false,
					"sender":	true
				}],
			"sum":	{
				"start":	50.000068,
				"end":	51.000067,
				"seconds":	0.99999898672103882,
				"bytes":	57671680,
				"bits_per_second":	461373907.50047374,
				"retransmits":	0,
				"omitted":	false,
				"sender":	true
			}
		}, {
			"streams":	[{
					"socket":	6,
					"start":	51.000067,
					"end":	52.000072,
					"seconds":	1.0000050067901611,
					"bytes":	41943040,
					"bits_per_second":	335542640.00841135,
					"retransmits":	0,
					"snd_cwnd":	3405696,
					"snd_wnd":	3143552,
					"rtt":	46194,
					"rttvar":	998,
					"pmtu":	1500,
					"omitted":	false,
					"sender":	true
				}],
			"sum":	{
				"start":	51.000067,
				"end":	52.000072,
				"seconds":	1.0000050067901611,
				"bytes":	41943040,
				"bits_per_second":	335542640.00841135,
				"retransmits":	0,
				"omitted":	false,
				"sender":	true
			}
		}, {
			"streams":	[{
					"socket":	6,
					"start":	52.000072,
					"end":	53.000073,
					"seconds":	1.0000009536743164,
					"bytes":	56360960,
					"bits_per_second":	450887250.00041,
					"retransmits":	0,
					"snd_cwnd":	3564976,
					"snd_wnd":	3143552,
					"rtt":	47516,
					"rttvar":	862,
					"pmtu":	1500,
					"omitted":	false,
					"sender":	true
				}],
			"sum":	{
				"start":	52.000072,
				"end":	53.000073,
				"seconds":	1.0000009536743164,
				"bytes":	56360960,
				"bits_per_second":	450887250.00041,
				"retransmits":	0,
				"omitted":	false,
				"sender":	true
			}
		}, {
			"streams":	[{
					"socket":	6,
					"start":	53.000073,
					"end":	54.000076,
					"seconds":	1.0000029802322388,
					"bytes":	56360960,
					"bits_per_second":	450886336.25400466,
					"retransmits":	0,
					"snd_cwnd":	3437552,
					"snd_wnd":	3143552,
					"rtt":	47458,
					"rttvar":	450,
					"pmtu":	1500,
					"omitted":	false,
					"sender":	true
				}],
			"sum":	{
				"start":	53.000073,
				"end":	54.000076,
				"seconds":	1.0000029802322388,
				"bytes":	56360960,
				"bits_per_second":	450886336.25400466,
				"retransmits":	0,
				"omitted":	false,
				"sender":	true
			}
		}, {
			"streams":	[{
					"socket":	6,
					"start":	54.000076,
					"end":	55.000074,
					"seconds":	0.99999797344207764,
					"bytes":	57671680,
					"bits_per_second":	461374375.00189483,
					"retransmits":	0,
					"snd_cwnd":	3420176,
					"snd_wnd":	3143552,
					"rtt":	48268,
					"rttvar":	932,
					"pmtu":	1500,
					"omitted":	false,
					"sender":	true
				}],
			"sum":	{
				"start":	54.000076,
				"end":	55.000074,
				"seconds":	0.99999797344207764,
				"bytes":	57671680,
				"bits_per_second":	461374375.00189483,
				"retransmits":	0,
				"omitted":	false,
				"sender":	true
			}
		}, {
			"streams":	[{
					"socket":	6,
					"start":	55.000074,
					"end":	56.000072,
					"seconds":	0.99999797344207764,
					"bytes":	57671680,
					"bits_per_second":	461374375.00189483,
					"retransmits":	0,
					"snd_cwnd":	3547600,
					"snd_wnd":	3143552,
					"rtt":	48498,
					"rttvar":	452,
					"pmtu":	1500,
					"omitted":	false,
					"sender":	true
				}],
			"sum":	{
				"start":	55.000074,
				"end":	56.000072,
				"seconds":	0.99999797344207764,
				"bytes":	57671680,
				"bits_per_second":	461374375.00189483,
				"retransmits":	0,
				"omitted":	false,
				"sender":	true
			}
		}, {
			"streams":	[{
					"socket":	6,
					"start":	56.000072,
					"end":	57.000068,
					"seconds":	0.9999960064888,
					"bytes":	56360960,
					"bits_per_second":	450889480.63219082,
					"retransmits":	0,
					"snd_cwnd":	3454928,
					"snd_wnd":	3143552,
					"rtt":	46917,
					"rttvar":	399,
					"pmtu":	1500,
					"omitted":	false,
					"sender":	true
				}],
			"sum":	{
				"start":	56.000072,
				"end":	57.000068,
				"seconds":	0.9999960064888,
				"bytes":	56360960,
				"bits_per_second":	450889480.63219082,
				"retransmits":	0,
				"omitted":	false,
				"sender":	true
			}
		}, {
			"streams":	[{
					"socket":	6,
					"start":	57.000068,
					"end":	58.000074,
					"seconds":	1.0000059604644775,
					"bytes":	56360960,
					"bits_per_second":	450884992.51601863,
					"retransmits":	0,
					"snd_cwnd":	3498368,
					"snd_wnd":	3143552,
					"rtt":	47580,
					"rttvar":	884,
					"pmtu":	1500,
					"omitted":	false,
					"sender":	true
				}],
			"sum":	{
				"start":	57.000068,
				"end":	58.000074,
				"seconds":	1.0000059604644775,
				"bytes":	56360960,
				"bits_per_second":	450884992.51601863,
				"retransmits":	0,
				"omitted":	false,
				"sender":	true
			}
		}, {
			"streams":	[{
					"socket":	6,
					"start":	58.000074,
					"end":	59.000081,
					"seconds":	1.0000070333480835,
					"bytes":	56360960,
					"bits_per_second":	450884508.77230436,
					"retransmits":	0,
					"snd_cwnd":	3518640,
					"snd_wnd":	3143552,
					"rtt":	49234,
					"rttvar":	491,
					"pmtu":	1500,
					"omitted":	false,
					"sender":	true
				}],
			"sum":	{
				"start":	58.000074,
				"end":	59.000081,
				"seconds":	1.0000070333480835,
				"bytes":	56360960,
				"bits_per_second":	450884508.77230436,
				"retransmits":	0,
				"omitted":	false,
				"sender":	true
			}
		}, {
			"streams":	[{
					"socket":	6,
					"start":	59.000081,
					"end":	60.000081,
					"seconds":	1,
					"bytes":	57671680,
					"bits_per_second":	461373440,
					"retransmits":	0,
					"snd_cwnd":	3469408,
					"snd_wnd":	3143552,
					"rtt":	47424,
					"rttvar":	368,
					"pmtu":	1500,
					"omitted":	false,
					"sender":	true
				}],
			"sum":	{
				"start":	59.000081,
				"end":	60.000081,
				"seconds":	1,
				"bytes":	57671680,
				"bits_per_second":	461373440,
				"retransmits":	0,
				"omitted":	false,
				"sender":	true
			}
		}],
	"end":	{
		"streams":	[{
				"sender":	{
					"socket":	6,
					"start":	0,
					"end":	60.000081,
					"seconds":	60.000081,
					"bytes":	2661154816,
					"bits_per_second":	354820163.12611312,
					"retransmits":	0,
					"max_snd_cwnd":	3605520,
					"max_snd_wnd":	3143552,
					"max_rtt":	50332,
					"min_rtt":	25142,
					"mean_rtt":	43313,
					"sender":	true
				},
				"receiver":	{
					"socket":	6,
					"start":	0,
					"end":	60.043993,
					"seconds":	60.000081,
					"bytes":	2659901736,
					"bits_per_second":	354393717.41982585,
					"sender":	true
				}
			}],
		"sum_sent":	{
			"start":	0,
			"end":	60.000081,
			"seconds":	60.000081,
			"bytes":	2661154816,
			"bits_per_second":	354820163.12611312,
			"retransmits":	0,
			"sender":	true
		},
		"sum_received":	{
			"start":	0,
			"end":	60.043993,
			"seconds":	60.043993,
			"bytes":	2659901736,
			"bits_per_second":	354393717.41982585,
			"sender":	true
		},
		"cpu_utilization_percent":	{
			"host_total":	0.53676009427864424,
			"host_user":	0.0071841249232688139,
			"host_system":	0.52957430327816679,
			"remote_total":	3.0029707543840178,
			"remote_user":	0.17796280354902358,
			"remote_system":	2.8250079508349941
		},
		"sender_tcp_congestion":	"bbr",
		"receiver_tcp_congestion":	"bbr"
	}
}
