{
	"start":	{
		"connected":	[{
				"socket":	6,
				"local_host":	"192.168.101.210",
				"local_port":	58590,
				"remote_host":	"192.168.100.168",
				"remote_port":	5201
			}],
		"version":	"iperf 3.11",
		"system_info":	"Linux f1 6.0.10-300.fc37.x86_64 #1 SMP PREEMPT_DYNAMIC Sat Nov 26 16:55:13 UTC 2022 x86_64",
		"timestamp":	{
			"time":	"Sat, 10 Dec 2022 17:31:05 GMT",
			"timesecs":	1670693465
		},
		"connecting_to":	{
			"host":	"192.168.100.168",
			"port":	5201
		},
		"cookie":	"5tyoizz6x6sotsprbbzwmlzgfb4z3stidilv",
		"tcp_mss_default":	1448,
		"target_bitrate":	0,
		"sock_bufsize":	0,
		"sndbuf_actual":	16384,
		"rcvbuf_actual":	131072,
		"test_start":	{
			"protocol":	"TCP",
			"num_streams":	1,
			"blksize":	131072,
			"omit":	0,
			"duration":	60,
			"bytes":	0,
			"blocks":	0,
			"reverse":	0,
			"tos":	0,
			"target_bitrate":	0
		}
	},
	"intervals":	[{
			"streams":	[{
					"socket":	6,
					"start":	0,
					"end":	1.000227,
					"seconds":	1.0002269744873047,
					"bytes":	1240936,
					"bits_per_second":	9925235.22482347,
					"retransmits":	0,
					"snd_cwnd":	208512,
					"snd_wnd":	362496,
					"rtt":	200096,
					"rttvar":	32,
					"pmtu":	1500,
					"omitted":	false,
					"sender":	true
				}],
			"sum":	{
				"start":	0,
				"end":	1.000227,
				"seconds":	1.0002269744873047,
				"bytes":	1240936,
				"bits_per_second":	9925235.22482347,
				"retransmits":	0,
				"omitted":	false,
				"sender":	true
			}
		}, {
			"streams":	[{
					"socket":	6,
					"start":	1.000227,
					"end":	2.00008,
					"seconds":	0.999853014945984,
					"bytes":	7016600,
					"bits_per_second":	56141051.895545386,
					"retransmits":	0,
					"snd_cwnd":	2962608,
					"snd_wnd":	3142016,
					"rtt":	332604,
					"rttvar":	5993,
					"pmtu":	1500,
					"omitted":	false,
					"sender":	true
				}],
			"sum":	{
				"start":	1.000227,
				"end":	2.00008,
				"seconds":	0.999853014945984,
				"bytes":	7016600,
				"bits_per_second":	56141051.895545386,
				"retransmits":	0,
				"omitted":	false,
				"sender":	true
			}
		}, {
			"streams":	[{
					"socket":	6,
					"start":	2.00008,
					"end":	3.000091,
					"seconds":	1.0000109672546387,
					"bytes":	5242880,
					"bits_per_second":	41942580.005044885,
					"retransmits":	0,
					"snd_cwnd":	3252208,
					"snd_wnd":	3143552,
					"rtt":	513872,
					"rttvar":	479,
					"pmtu":	1500,
					"omitted":	false,
					"sender":	true
				}],
			"sum":	{
				"start":	2.00008,
				"end":	3.000091,
				"seconds":	1.0000109672546387,
				"bytes":	5242880,
				"bits_per_second":	41942580.005044885,
				"retransmits":	0,
				"omitted":	false,
				"sender":	true
			}
		}, {
			"streams":	[{
					"socket":	6,
					"start":	3.000091,
					"end":	4.000131,
					"seconds":	1.0000400543212891,
					"bytes":	6553600,
					"bits_per_second":	52426700.0841107,
					"retransmits":	0,
					"snd_cwnd":	3268136,
					"snd_wnd":	3143552,
					"rtt":	481893,
					"rttvar":	8,
					"pmtu":	1500,
					"omitted":	false,
					"sender":	true
				}],
			"sum":	{
				"start":	3.000091,
				"end":	4.000131,
				"seconds":	1.0000400543212891,
				"bytes":	6553600,
				"bits_per_second":	52426700.0841107,
				"retransmits":	0,
				"omitted":	false,
				"sender":	true
			}
		}, {
			"streams":	[{
					"socket":	6,
					"start":	4.000131,
					"end":	5.000229,
					"seconds":	1.0000979900360107,
					"bytes":	5242880,
					"bits_per_second":	41938930.4026996,
					"retransmits":	0,
					"snd_cwnd":	3268136,
					"snd_wnd":	3143552,
					"rtt":	481857,
					"rttvar":	171,
					"pmtu":	1500,
					"omitted":	false,
					"sender":	true
				}],
			"sum":	{
				"start":	4.000131,
				"end":	5.000229,
				"seconds":	1.0000979900360107,
				"bytes":	5242880,
				"bits_per_second":	41938930.4026996,
				"retransmits":	0,
				"omitted":	false,
				"sender":	true
			}
		}, {
			"streams":	[{
					"socket":	6,
					"start":	5.000229,
					"end":	6.000353,
					"seconds":	1.0001239776611328,
					"bytes":	5242880,
					"bits_per_second":	41937840.644603923,
					"retransmits":	0,
					"snd_cwnd":	3268136,
					"snd_wnd":	3143552,
					"rtt":	432942,
					"rttvar":	2183,
					"pmtu":	1500,
					"omitted":	false,
					"sender":	true
				}],
			"sum":	{
				"start":	5.000229,
				"end":	6.000353,
				"seconds":	1.0001239776611328,
				"bytes":	5242880,
				"bits_per_second":	41937840.644603923,
				"retransmits":	0,
				"omitted":	false,
				"sender":	true
			}
		}, {
			"streams":	[{
					"socket":	6,
					"start":	6.000353,
					"end":	7.000077,
					"seconds":	0.999723970890045,
					"bytes":	7864320,
					"bits_per_second":	62931931.044914067,
					"retransmits":	0,
					"snd_cwnd":	3268136,
					"snd_wnd":	3143552,
					"rtt":	442021,
					"rttvar":	4830,
					"pmtu":	1500,
					"omitted":	false,
					"sender":	true
				}],
			"sum":	{
				"start":	6.000353,
				"end":	7.000077,
				"seconds":	0.999723970890045,
				"bytes":	7864320,
				"bits_per_second":	62931931.044914067,
				"retransmits":	0,
				"omitted":	false,
				"sender":	true
			}
		}, {
			"streams":	[{
					"socket":	6,
					"start":	7.000077,
					"end":	8.000159,
					"seconds":	1.0000820159912109,
					"bytes":	5242880,
					"bits_per_second":	41939600.282111876,
					"retransmits":	0,
					"snd_cwnd":	3268136,
					"snd_wnd":	3143552,
					"rtt":	481858,
					"rttvar":	171,
					"pmtu":	1500,
					"omitted":	false,
					"sender":	true
				}],
			"sum":	{
				"start":	7.000077,
				"end":	8.000159,
				"seconds":	1.0000820159912109,
				"bytes":	5242880,
				"bits_per_second":	41939600.282111876,
				"retransmits":	0,
				"omitted":	false,
				"sender":	true
			}
		}, {
			"streams":	[{
					"socket":	6,
					"start":	8.000159,
					"end":	9.000285,
					"seconds":	1.0001260042190552,
					"bytes":	5242880,
					"bits_per_second":	41937755.6658484,
					"retransmits":	0,
					"snd_cwnd":	3268136,
					"snd_wnd":	3143552,
					"rtt":	481872,
					"rttvar":	174,
					"pmtu":	1500,
					"omitted":	false,
					"sender":	true
				}],
			"sum":	{
				"start":	8.000159,
				"end":	9.000285,
				"seconds":	1.0001260042190552,
				"bytes":	5242880,
				"bits_per_second":	41937755.6658484,
				"retransmits":	0,
				"omitted":	false,
				"sender":	true
			}
		}, {
			"streams":	[{
					"socket":	6,
					"start":	9.000285,
					"end":	10.000076,
					"seconds":	0.99979102611541748,
					"bytes":	6553600,
					"bits_per_second":	52439758.540048681,
					"retransmits":	0,
					"snd_cwnd":	3268136,
					"snd_wnd":	3143552,
					"rtt":	480051,
					"rttvar":	3492,
					"pmtu":	1500,
					"omitted":	false,
					"sender":	true
				}],
			"sum":	{
				"start":	9.000285,
				"end":	10.000076,
				"seconds":	0.99979102611541748,
				"bytes":	6553600,
				"bits_per_second":	52439758.540048681,
				"retransmits":	0,
				"omitted":	false,
				"sender":	true
			}
		}, {
			"streams":	[{
					"socket":	6,
					"start":	10.000076,
					"end":	11.000089,
					"seconds":	1.000012993812561,
					"bytes":	6553600,
					"bits_per_second":	52428118.758851923,
					"retransmits":	0,
					"snd_cwnd":	3268136,
					"snd_wnd":	3143552,
					"rtt":	481813,
					"rttvar":	230,
					"pmtu":	1500,
					"omitted":	false,
					"sender":	true
				}],
			"sum":	{
				"start":	10.000076,
				"end":	11.000089,
				"seconds":	1.000012993812561,
				"bytes":	6553600,
				"bits_per_second":	52428118.758851923,
				"retransmits":	0,
				"omitted":	false,
				"sender":	true
			}
		}, {
			"streams":	[{
					"socket":	6,
					"start":	11.000089,
					"end":	12.000099,
					"seconds":	1.0000100135803223,
					"bytes":	6553600,
					"bits_per_second":	52428275.005257078,
					"retransmits":	0,
					"snd_cwnd":	3268136,
					"snd_wnd":	3143552,
					"rtt":	263038,
					"rttvar":	177,
					"pmtu":	1500,
					"omitted":	false,
					"sender":	true
				}],
			"sum":	{
				"start":	11.000089,
				"end":	12.000099,
				"seconds":	1.0000100135803223,
				"bytes":	6553600,
				"bits_per_second":	52428275.005257078,
				"retransmits":	0,
				"omitted":	false,
				"sender":	true
			}
		}, {
			"streams":	[{
					"socket":	6,
					"start":	12.000099,
					"end":	13.000116,
					"seconds":	1.0000170469284058,
					"bytes":	6553600,
					"bits_per_second":	52427906.265235431,
					"retransmits":	0,
					"snd_cwnd":	3268136,
					"snd_wnd":	3143552,
					"rtt":	500310,
					"rttvar":	1662,
					"pmtu":	1500,
					"omitted":	false,
					"sender":	true
				}],
			"sum":	{
				"start":	12.000099,
				"end":	13.000116,
				"seconds":	1.0000170469284058,
				"bytes":	6553600,
				"bits_per_second":	52427906.265235431,
				"retransmits":	0,
				"omitted":	false,
				"sender":	true
			}
		}, {
			"streams":	[{
					"socket":	6,
					"start":	13.000116,
					"end":	14.00024,
					"seconds":	1.0001239776611328,
					"bytes":	5242880,
					"bits_per_second":	41937840.644603923,
					"retransmits":	0,
					"snd_cwnd":	3268136,
					"snd_wnd":	3143552,
					"rtt":	433306,
					"rttvar":	7537,
					"pmtu":	1500,
					"omitted":	false,
					"sender":	true
				}],
			"sum":	{
				"start":	13.000116,
				"end":	14.00024,
				"seconds":	1.0001239776611328,
				"bytes":	5242880,
				"bits_per_second":	41937840.644603923,
				"retransmits":	0,
				"omitted":	false,
				"sender":	true
			}
		}, {
			"streams":	[{
					"socket":	6,
					"start":	14.00024,
					"end":	15.000144,
					"seconds":	0.999903976917267,
					"bytes":	6553600,
					"bits_per_second":	52433834.858462632,
					"retransmits":	0,
					"snd_cwnd":	3268136,
					"snd_wnd":	3143552,
					"rtt":	481857,
					"rttvar":	170,
					"pmtu":	1500,
					"omitted":	false,
					"sender":	true
				}],
			"sum":	{
				"start":	14.00024,
				"end":	15.000144,
				"seconds":	0.999903976917267,
				"bytes":	6553600,
				"bits_per_second":	52433834.858462632,
				"retransmits":	0,
				"omitted":	false,
				"sender":	true
			}
		}, {
			"streams":	[{
					"socket":	6,
					"start":	15.000144,
					"end":	16.000077,
					"seconds":	0.99993300437927246,
					"bytes":	6553600,
					"bits_per_second":	52432312.735337883,
					"retransmits":	0,
					"snd_cwnd":	3268136,
					"snd_wnd":	3143552,
					"rtt":	451148,
					"rttvar":	5276,
					"pmtu":	1500,
					"omitted":	false,
					"sender":	true
				}],
			"sum":	{
				"start":	15.000144,
				"end":	16.000077,
				"seconds":	0.99993300437927246,
				"bytes":	6553600,
				"bits_per_second":	52432312.735337883,
				"retransmits":	0,
				"omitted":	false,
				"sender":	true
			}
		}, {
			"streams":	[{
					"socket":	6,
					"start":	16.000077,
					"end":	17.00017,
					"seconds":	1.0000929832458496,
					"bytes":	5242880,
					"bits_per_second":	41939140.362600945,
					"retransmits":	0,
					"snd_cwnd":	3268136,
					"snd_wnd":	3143552,
					"rtt":	481841,
					"rttvar":	173,
					"pmtu":	1500,
					"omitted":	false,
					"sender":	true
				}],
			"sum":	{
				"start":	16.000077,
				"end":	17.00017,
				"seconds":	1.0000929832458496,
				"bytes":	5242880,
				"bits_per_second":	41939140.362600945,
				"retransmits":	0,
				"omitted":	false,
				"sender":	true
			}
		}, {
			"streams":	[{
					"socket":	6,
					"start":	17.00017,
					"end":	18.000076,
					"seconds":	0.99990600347518921,
					"bytes":	6553600,
					"bits_per_second":	52433728.588270172,
					"retransmits":	0,
					"snd_cwnd":	3268136,
					"snd_wnd":	3143552,
					"rtt":	477434,
					"rttvar":	5353,
					"pmtu":	1500,
					"omitted":	false,
					"sender":	true
				}],
			"sum":	{
				"start":	17.00017,
				"end":	18.000076,
				"seconds":	0.99990600347518921,
				"bytes":	6553600,
				"bits_per_second":	52433728.588270172,
				"retransmits":	0,
				"omitted":	false,
				"sender":	true
			}
		}, {
			"streams":	[{
					"socket":	6,
					"start":	18.000076,
					"end":	19.000196,
					"seconds":	1.0001200437545776,
					"bytes":	5242880,
					"bits_per_second":	41938005.604347758,
					"retransmits":	0,
					"snd_cwnd":	3268136,
					"snd_wnd":	3143552,
					"rtt":	481873,
					"rttvar":	173,
					"pmtu":	1500,
					"omitted":	false,
					"sender":	true
				}],
			"sum":	{
				"start":	18.000076,
				"end":	19.000196,
				"seconds":	1.0001200437545776,
				"bytes":	5242880,
				"bits_per_second":	41938005.604347758,
				"retransmits":	0,
				"omitted":	false,
				"sender":	true
			}
		}, {
			"streams":	[{
					"socket":	6,
					"start":	19.000196,
					"end":	20.0001,
					"seconds":	0.999903976917267,
					"bytes":	6553600,
					"bits_per_second":	52433834.858462632,
					"retransmits":	0,
					"snd_cwnd":	3268136,
					"snd_wnd":	3143552,
					"rtt":	481932,
					"rttvar":	160,
					"pmtu":	1500,
					"omitted":	false,
					"sender":	true
				}],
			"sum":	{
				"start":	19.000196,
				"end":	20.0001,
				"seconds":	0.999903976917267,
				"bytes":	6553600,
				"bits_per_second":	52433834.858462632,
				"retransmits":	0,
				"omitted":	false,
				"sender":	true
			}
		}, {
			"streams":	[{
					"socket":	6,
					"start":	20.0001,
					"end":	21.000222,
					"seconds":	1.0001219511032104,
					"bytes":	5242880,
					"bits_per_second":	41937925.62370383,
					"retransmits":	0,
					"snd_cwnd":	3268136,
					"snd_wnd":	3143552,
					"rtt":	481881,
					"rttvar":	173,
					"pmtu":	1500,
					"omitted":	false,
					"sender":	true
				}],
			"sum":	{
				"start":	20.0001,
				"end":	21.000222,
				"seconds":	1.0001219511032104,
				"bytes":	5242880,
				"bits_per_second":	41937925.62370383,
				"retransmits":	0,
				"omitted":	false,
				"sender":	true
			}
		}, {
			"streams":	[{
					"socket":	6,
					"start":	21.000222,
					"end":	22.000128,
					"seconds":	0.99990600347518921,
					"bytes":	6553600,
					"bits_per_second":	52433728.588270172,
					"retransmits":	0,
					"snd_cwnd":	3268136,
					"snd_wnd":	3143552,
					"rtt":	481863,
					"rttvar":	175,
					"pmtu":	1500,
					"omitted":	false,
					"sender":	true
				}],
			"sum":	{
				"start":	21.000222,
				"end":	22.000128,
				"seconds":	0.99990600347518921,
				"bytes":	6553600,
				"bits_per_second":	52433728.588270172,
				"retransmits":	0,
				"omitted":	false,
				"sender":	true
			}
		}, {
			"streams":	[{
					"socket":	6,
					"start":	22.000128,
					"end":	23.000237,
					"seconds":	1.0001089572906494,
					"bytes":	7864320,
					"bits_per_second":	62907705.746820852,
					"retransmits":	0,
					"snd_cwnd":	3268136,
					"snd_wnd":	3143552,
					"rtt":	357023,
					"rttvar":	13756,
					"pmtu":	1500,
					"omitted":	false,
					"sender":	true
				}],
			"sum":	{
				"start":	22.000128,
				"end":	23.000237,
				"seconds":	1.0001089572906494,
				"bytes":	7864320,
				"bits_per_second":	62907705.746820852,
				"retransmits":	0,
				"omitted":	false,
				"sender":	true
			}
		}, {
			"streams":	[{
					"socket":	6,
					"start":	23.000237,
					"end":	24.000129,
					"seconds":	0.999891996383667,
					"bytes":	6553600,
					"bits_per_second":	52434463.111636534,
					"retransmits":	0,
					"snd_cwnd":	3268136,
					"snd_wnd":	3143552,
					"rtt":	402328,
					"rttvar":	906,
					"pmtu":	1500,
					"omitted":	false,
					"sender":	true
				}],
			"sum":	{
				"start":	23.000237,
				"end":	24.000129,
				"seconds":	0.999891996383667,
				"bytes":	6553600,
				"bits_per_second":	52434463.111636534,
				"retransmits":	0,
				"omitted":	false,
				"sender":	true
			}
		}, {
			"streams":	[{
					"socket":	6,
					"start":	24.000129,
					"end":	25.000156,
					"seconds":	1.0000269412994385,
					"bytes":	6553600,
					"bits_per_second":	52427387.538053557,
					"retransmits":	0,
					"snd_cwnd":	3268136,
					"snd_wnd":	3143552,
					"rtt":	463116,
					"rttvar":	2004,
					"pmtu":	1500,
					"omitted":	false,
					"sender":	true
				}],
			"sum":	{
				"start":	24.000129,
				"end":	25.000156,
				"seconds":	1.0000269412994385,
				"bytes":	6553600,
				"bits_per_second":	52427387.538053557,
				"retransmits":	0,
				"omitted":	false,
				"sender":	true
			}
		}, {
			"streams":	[{
					"socket":	6,
					"start":	25.000156,
					"end":	26.000154,
					"seconds":	0.99999797344207764,
					"bytes":	6553600,
					"bits_per_second":	52428906.250215322,
					"retransmits":	0,
					"snd_cwnd":	3268136,
					"snd_wnd":	3143552,
					"rtt":	471312,
					"rttvar":	2274,
					"pmtu":	1500,
					"omitted":	false,
					"sender":	true
				}],
			"sum":	{
				"start":	25.000156,
				"end":	26.000154,
				"seconds":	0.99999797344207764,
				"bytes":	6553600,
				"bits_per_second":	52428906.250215322,
				"retransmits":	0,
				"omitted":	false,
				"sender":	true
			}
		}, {
			"streams":	[{
					"socket":	6,
					"start":	26.000154,
					"end":	27.000159,
					"seconds":	1.0000050067901611,
					"bytes":	6553600,
					"bits_per_second":	52428537.501314275,
					"retransmits":	0,
					"snd_cwnd":	3268136,
					"snd_wnd":	3143552,
					"rtt":	462387,
					"rttvar":	2464,
					"pmtu":	1500,
					"omitted":	false,
					"sender":	true
				}],
			"sum":	{
				"start":	26.000154,
				"end":	27.000159,
				"seconds":	1.0000050067901611,
				"bytes":	6553600,
				"bits_per_second":	52428537.501314275,
				"retransmits":	0,
				"omitted":	false,
				"sender":	true
			}
		}, {
			"streams":	[{
					"socket":	6,
					"start":	27.000159,
					"end":	28.000144,
					"seconds":	0.9999849796295166,
					"bytes":	6553600,
					"bits_per_second":	52429587.511828721,
					"retransmits":	0,
					"snd_cwnd":	3268136,
					"snd_wnd":	3143552,
					"rtt":	455825,
					"rttvar":	2525,
					"pmtu":	1500,
					"omitted":	false,
					"sender":	true
				}],
			"sum":	{
				"start":	27.000159,
				"end":	28.000144,
				"seconds":	0.9999849796295166,
				"bytes":	6553600,
				"bits_per_second":	52429587.511828721,
				"retransmits":	0,
				"omitted":	false,
				"sender":	true
			}
		}, {
			"streams":	[{
					"socket":	6,
					"start":	28.000144,
					"end":	29.000149,
					"seconds":	1.0000050067901611,
					"bytes":	6553600,
					"bits_per_second":	52428537.501314275,
					"retransmits":	0,
					"snd_cwnd":	3268136,
					"snd_wnd":	3143552,
					"rtt":	457724,
					"rttvar":	2260,
					"pmtu":	1500,
					"omitted":	false,
					"sender":	true
				}],
			"sum":	{
				"start":	28.000144,
				"end":	29.000149,
				"seconds":	1.0000050067901611,
				"bytes":	6553600,
				"bits_per_second":	52428537.501314275,
				"retransmits":	0,
				"omitted":	false,
				"sender":	true
			}
		}, {
			"streams":	[{
					"socket":	6,
					"start":	29.000149,
					"end":	30.000162,
					"seconds":	1.000012993812561,
					"bytes":	6553600,
					"bits_per_second":	52428118.758851923,
					"retransmits":	0,
					"snd_cwnd":	3268136,
					"snd_wnd":	3143552,
					"rtt":	453411,
					"rttvar":	2681,
					"pmtu":	1500,
					"omitted":	false,
					"sender":	true
				}],
			"sum":	{
				"start":	29.000149,
				"end":	30.000162,
				"seconds":	1.000012993812561,
				"bytes":	6553600,
				"bits_per_second":	52428118.758851923,
				"retransmits":	0,
				"omitted":	false,
				"sender":	true
			}
		}, {
			"streams":	[{
					"socket":	6,
					"start":	30.000162,
					"end":	31.000211,
					"seconds":	1.0000489950180054,
					"bytes":	6553600,
					"bits_per_second":	52426231.375849783,
					"retransmits":	0,
					"snd_cwnd":	3268136,
					"snd_wnd":	3143552,
					"rtt":	402883,
					"rttvar":	10788,
					"pmtu":	1500,
					"omitted":	false,
					"sender":	true
				}],
			"sum":	{
				"start":	30.000162,
				"end":	31.000211,
				"seconds":	1.0000489950180054,
				"bytes":	6553600,
				"bits_per_second":	52426231.375849783,
				"retransmits":	0,
				"omitted":	false,
				"sender":	true
			}
		}, {
			"streams":	[{
					"socket":	6,
					"start":	31.000211,
					"end":	32.000079,
					"seconds":	0.99986797571182251,
					"bytes":	7864320,
					"bits_per_second":	62922867.346771546,
					"retransmits":	0,
					"snd_cwnd":	3268136,
					"snd_wnd":	3143552,
					"rtt":	404143,
					"rttvar":	5216,
					"pmtu":	1500,
					"omitted":	false,
					"sender":	true
				}],
			"sum":	{
				"start":	31.000211,
				"end":	32.000079,
				"seconds":	0.99986797571182251,
				"bytes":	7864320,
				"bits_per_second":	62922867.346771546,
				"retransmits":	0,
				"omitted":	false,
				"sender":	true
			}
		}, {
			"streams":	[{
					"socket":	6,
					"start":	32.000079,
					"end":	33.000088,
					"seconds":	1.0000089406967163,
					"bytes":	6553600,
					"bits_per_second":	52428331.254190914,
					"retransmits":	0,
					"snd_cwnd":	3268136,
					"snd_wnd":	3143552,
					"rtt":	429418,
					"rttvar":	5281,
					"pmtu":	1500,
					"omitted":	false,
					"sender":	true
				}],
			"sum":	{
				"start":	32.000079,
				"end":	33.000088,
				"seconds":	1.0000089406967163,
				"bytes":	6553600,
				"bits_per_second":	52428331.254190914,
				"retransmits":	0,
				"omitted":	false,
				"sender":	true
			}
		}, {
			"streams":	[{
					"socket":	6,
					"start":	33.000088,
					"end":	34.000126,
					"seconds":	1.0000380277633667,
					"bytes":	9175040,
					"bits_per_second":	73397528.856140956,
					"retransmits":	0,
					"snd_cwnd":	3268136,
					"snd_wnd":	3143552,
					"rtt":	408446,
					"rttvar":	3687,
					"pmtu":	1500,
					"omitted":	false,
					"sender":	true
				}],
			"sum":	{
				"start":	33.000088,
				"end":	34.000126,
				"seconds":	1.0000380277633667,
				"bytes":	9175040,
				"bits_per_second":	73397528.856140956,
				"retransmits":	0,
				"omitted":	false,
				"sender":	true
			}
		}, {
			"streams":	[{
					"socket":	6,
					"start":	34.000126,
					"end":	35.000155,
					"seconds":	1.0000289678573608,
					"bytes":	6553600,
					"bits_per_second":	52427281.293993659,
					"retransmits":	0,
					"snd_cwnd":	3268136,
					"snd_wnd":	3143552,
					"rtt":	449825,
					"rttvar":	2868,
					"pmtu":	1500,
					"omitted":	false,
					"sender":	true
				}],
			"sum":	{
				"start":	34.000126,
				"end":	35.000155,
				"seconds":	1.0000289678573608,
				"bytes":	6553600,
				"bits_per_second":	52427281.293993659,
				"retransmits":	0,
				"omitted":	false,
				"sender":	true
			}
		}, {
			"streams":	[{
					"socket":	6,
					"start":	35.000155,
					"end":	36.000188,
					"seconds":	1.0000330209732056,
					"bytes":	6553600,
					"bits_per_second":	52427068.807165675,
					"retransmits":	0,
					"snd_cwnd":	3268136,
					"snd_wnd":	3143552,
					"rtt":	445568,
					"rttvar":	1938,
					"pmtu":	1500,
					"omitted":	false,
					"sender":	true
				}],
			"sum":	{
				"start":	35.000155,
				"end":	36.000188,
				"seconds":	1.0000330209732056,
				"bytes":	6553600,
				"bits_per_second":	52427068.807165675,
				"retransmits":	0,
				"omitted":	false,
				"sender":	true
			}
		}, {
			"streams":	[{
					"socket":	6,
					"start":	36.000188,
					"end":	37.000201,
					"seconds":	1.000012993812561,
					"bytes":	6553600,
					"bits_per_second":	52428118.758851923,
					"retransmits":	0,
					"snd_cwnd":	3268136,
					"snd_wnd":	3143552,
					"rtt":	410812,
					"rttvar":	11810,
					"pmtu":	1500,
					"omitted":	false,
					"sender":	true
				}],
			"sum":	{
				"start":	36.000188,
				"end":	37.000201,
				"seconds":	1.000012993812561,
				"bytes":	6553600,
				"bits_per_second":	52428118.758851923,
				"retransmits":	0,
				"omitted":	false,
				"sender":	true
			}
		}, {
			"streams":	[{
					"socket":	6,
					"start":	37.000201,
					"end":	38.000221,
					"seconds":	1.0000200271606445,
					"bytes":	6553600,
					"bits_per_second":	52427750.0210281,
					"retransmits":	0,
					"snd_cwnd":	3268136,
					"snd_wnd":	3143552,
					"rtt":	445426,
					"rttvar":	8818,
					"pmtu":	1500,
					"omitted":	false,
					"sender":	true
				}],
			"sum":	{
				"start":	37.000201,
				"end":	38.000221,
				"seconds":	1.0000200271606445,
				"bytes":	6553600,
				"bits_per_second":	52427750.0210281,
				"retransmits":	0,
				"omitted":	false,
				"sender":	true
			}
		}, {
			"streams":	[{
					"socket":	6,
					"start":	38.000221,
					"end":	39.000075,
					"seconds":	0.999854028224945,
					"bytes":	7864320,
					"bits_per_second":	62923745.090764,
					"retransmits":	0,
					"snd_cwnd":	3268136,
					"snd_wnd":	3143552,
					"rtt":	406564,
					"rttvar":	5000,
					"pmtu":	1500,
					"omitted":	false,
					"sender":	true
				}],
			"sum":	{
				"start":	38.000221,
				"end":	39.000075,
				"seconds":	0.999854028224945,
				"bytes":	7864320,
				"bits_per_second":	62923745.090764,
				"retransmits":	0,
				"omitted":	false,
				"sender":	true
			}
		}, {
			"streams":	[{
					"socket":	6,
					"start":	39.000075,
					"end":	40.000075,
					"seconds":	1,
					"bytes":	6553600,
					"bits_per_second":	52428800,
					"retransmits":	0,
					"snd_cwnd":	3268136,
					"snd_wnd":	3143552,
					"rtt":	418629,
					"rttvar":	4440,
					"pmtu":	1500,
					"omitted":	false,
					"sender":	true
				}],
			"sum":	{
				"start":	39.000075,
				"end":	40.000075,
				"seconds":	1,
				"bytes":	6553600,
				"bits_per_second":	52428800,
				"retransmits":	0,
				"omitted":	false,
				"sender":	true
			}
		}, {
			"streams":	[{
					"socket":	6,
					"start":	40.000075,
					"end":	41.000077,
					"seconds":	1.0000020265579224,
					"bytes":	6553600,
					"bits_per_second":	52428693.750215322,
					"retransmits":	0,
					"snd_cwnd":	3268136,
					"snd_wnd":	3143552,
					"rtt":	427504,
					"rttvar":	6094,
					"pmtu":	1500,
					"omitted":	false,
					"sender":	true
				}],
			"sum":	{
				"start":	40.000075,
				"end":	41.000077,
				"seconds":	1.0000020265579224,
				"bytes":	6553600,
				"bits_per_second":	52428693.750215322,
				"retransmits":	0,
				"omitted":	false,
				"sender":	true
			}
		}, {
			"streams":	[{
					"socket":	6,
					"start":	41.000077,
					"end":	42.000079,
					"seconds":	1.0000020265579224,
					"bytes":	6553600,
					"bits_per_second":	52428693.750215322,
					"retransmits":	0,
					"snd_cwnd":	3268136,
					"snd_wnd":	3143552,
					"rtt":	442633,
					"rttvar":	5350,
					"pmtu":	1500,
					"omitted":	false,
					"sender":	true
				}],
			"sum":	{
				"start":	41.000077,
				"end":	42.000079,
				"seconds":	1.0000020265579224,
				"bytes":	6553600,
				"bits_per_second":	52428693.750215322,
				"retransmits":	0,
				"omitted":	false,
				"sender":	true
			}
		}, {
			"streams":	[{
					"socket":	6,
					"start":	42.000079,
					"end":	43.000092,
					"seconds":	1.000012993812561,
					"bytes":	6553600,
					"bits_per_second":	52428118.758851923,
					"retransmits":	0,
					"snd_cwnd":	3268136,
					"snd_wnd":	3143552,
					"rtt":	465085,
					"rttvar":	3019,
					"pmtu":	1500,
					"omitted":	false,
					"sender":	true
				}],
			"sum":	{
				"start":	42.000079,
				"end":	43.000092,
				"seconds":	1.000012993812561,
				"bytes":	6553600,
				"bits_per_second":	52428118.758851923,
				"retransmits":	0,
				"omitted":	false,
				"sender":	true
			}
		}, {
			"streams":	[{
					"socket":	6,
					"start":	43.000092,
					"end":	44.000076,
					"seconds":	0.9999840259552002,
					"bytes":	7864320,
					"bits_per_second":	62915565.016054168,
					"retransmits":	0,
					"snd_cwnd":	3268136,
					"snd_wnd":	3143552,
					"rtt":	255610,
					"rttvar":	2529,
					"pmtu":	1500,
					"omitted":	false,
					"sender":	true
				}],
			"sum":	{
				"start":	43.000092,
				"end":	44.000076,
				"seconds":	0.9999840259552002,
				"bytes":	7864320,
				"bits_per_second":	62915565.016054168,
				"retransmits":	0,
				"omitted":	false,
				"sender":	true
			}
		}, {
			"streams":	[{
					"socket":	6,
					"start":	44.000076,
					"end":	45.00018,
					"seconds":	1.0001039505004883,
					"bytes":	7864320,
					"bits_per_second":	62908020.679765612,
					"retransmits":	0,
					"snd_cwnd":	3268136,
					"snd_wnd":	3143552,
					"rtt":	431127,
					"rttvar":	3346,
					"pmtu":	1500,
					"omitted":	false,
					"sender":	true
				}],
			"sum":	{
				"start":	44.000076,
				"end":	45.00018,
				"seconds":	1.0001039505004883,
				"bytes":	7864320,
				"bits_per_second":	62908020.679765612,
				"retransmits":	0,
				"omitted":	false,
				"sender":	true
			}
		}, {
			"streams":	[{
					"socket":	6,
					"start":	45.00018,
					"end":	46.000168,
					"seconds":	0.9999880194664,
					"bytes":	6553600,
					"bits_per_second":	52429428.132525362,
					"retransmits":	0,
					"snd_cwnd":	3268136,
					"snd_wnd":	3143552,
					"rtt":	448731,
					"rttvar":	1466,
					"pmtu":	1500,
					"omitted":	false,
					"sender":	true
				}],
			"sum":	{
				"start":	45.00018,
				"end":	46.000168,
				"seconds":	0.9999880194664,
				"bytes":	6553600,
				"bits_per_second":	52429428.132525362,
				"retransmits":	0,
				"omitted":	false,
				"sender":	true
			}
		}, {
			"streams":	[{
					"socket":	6,
					"start":	46.000168,
					"end":	47.000157,
					"seconds":	0.99998897314071655,
					"bytes":	6553600,
					"bits_per_second":	52429378.13137497,
					"retransmits":	0,
					"snd_cwnd":	3268136,
					"snd_wnd":	3143552,
					"rtt":	463582,
					"rttvar":	397,
					"pmtu":	1500,
					"omitted":	false,
					"sender":	true
				}],
			"sum":	{
				"start":	46.000168,
				"end":	47.000157,
				"seconds":	0.99998897314071655,
				"bytes":	6553600,
				"bits_per_second":	52429378.13137497,
				"retransmits":	0,
				"omitted":	false,
				"sender":	true
			}
		}, {
			"streams":	[{
					"socket":	6,
					"start":	47.000157,
					"end":	48.000143,
					"seconds":	0.99998599290847778,
					"bytes":	6553600,
					"bits_per_second":	52429534.3852866,
					"retransmits":	0,
					"snd_cwnd":	3268136,
					"snd_wnd":	3143552,
					"rtt":	464815,
					"rttvar":	232,
					"pmtu":	1500,
					"omitted":	false,
					"sender":	true
				}],
			"sum":	{
				"start":	47.000157,
				"end":	48.000143,
				"seconds":	0.99998599290847778,
				"bytes":	6553600,
				"bits_per_second":	52429534.3852866,
				"retransmits":	0,
				"omitted":	false,
				"sender":	true
			}
		}, {
			"streams":	[{
					"socket":	6,
					"start":	48.000143,
					"end":	49.000149,
					"seconds":	1.0000059604644775,
					"bytes":	6553600,
					"bits_per_second":	52428487.501862638,
					"retransmits":	0,
					"snd_cwnd":	3268136,
					"snd_wnd":	3143552,
					"rtt":	475131,
					"rttvar":	1252,
					"pmtu":	1500,
					"omitted":	false,
					"sender":	true
				}],
			"sum":	{
				"start":	48.000143,
				"end":	49.000149,
				"seconds":	1.0000059604644775,
				"bytes":	6553600,
				"bits_per_second":	52428487.501862638,
				"retransmits":	0,
				"omitted":	false,
				"sender":	true
			}
		}, {
			"streams":	[{
					"socket":	6,
					"start":	49.000149,
					"end":	50.000149,
					"seconds":	1,
					"bytes":	6553600,
					"bits_per_second":	52428800,
					"retransmits":	0,
					"snd_cwnd":	3268136,
					"snd_wnd":	3143552,
					"rtt":	473498,
					"rttvar":	2258,
					"pmtu":	1500,
					"omitted":	false,
					"sender":	true
				}],
			"sum":	{
				"start":	49.000149,
				"end":	50.000149,
				"seconds":	1,
				"bytes":	6553600,
				"bits_per_second":	52428800,
				"retransmits":	0,
				"omitted":	false,
				"sender":	true
			}
		}, {
			"streams":	[{
					"socket":	6,
					"start":	50.000149,
					"end":	51.000149,
					"seconds":	1,
					"bytes":	6553600,
					"bits_per_second":	52428800,
					"retransmits":	0,
					"snd_cwnd":	3268136,
					"snd_wnd":	3143552,
					"rtt":	458831,
					"rttvar":	2301,
					"pmtu":	1500,
					"omitted":	false,
					"sender":	true
				}],
			"sum":	{
				"start":	50.000149,
				"end":	51.000149,
				"seconds":	1,
				"bytes":	6553600,
				"bits_per_second":	52428800,
				"retransmits":	0,
				"omitted":	false,
				"sender":	true
			}
		}, {
			"streams":	[{
					"socket":	6,
					"start":	51.000149,
					"end":	52.000149,
					"seconds":	1,
					"bytes":	6553600,
					"bits_per_second":	52428800,
					"retransmits":	0,
					"snd_cwnd":	3268136,
					"snd_wnd":	3143552,
					"rtt":	448497,
					"rttvar":	1626,
					"pmtu":	1500,
					"omitted":	false,
					"sender":	true
				}],
			"sum":	{
				"start":	51.000149,
				"end":	52.000149,
				"seconds":	1,
				"bytes":	6553600,
				"bits_per_second":	52428800,
				"retransmits":	0,
				"omitted":	false,
				"sender":	true
			}
		}, {
			"streams":	[{
					"socket":	6,
					"start":	52.000149,
					"end":	53.00016,
					"seconds":	1.0000109672546387,
					"bytes":	6553600,
					"bits_per_second":	52428225.0063061,
					"retransmits":	0,
					"snd_cwnd":	3268136,
					"snd_wnd":	3143552,
					"rtt":	451100,
					"rttvar":	2153,
					"pmtu":	1500,
					"omitted":	false,
					"sender":	true
				}],
			"sum":	{
				"start":	52.000149,
				"end":	53.00016,
				"seconds":	1.0000109672546387,
				"bytes":	6553600,
				"bits_per_second":	52428225.0063061,
				"retransmits":	0,
				"omitted":	false,
				"sender":	true
			}
		}, {
			"streams":	[{
					"socket":	6,
					"start":	53.00016,
					"end":	54.00013,
					"seconds":	0.999970018863678,
					"bytes":	6553600,
					"bits_per_second":	52430371.922128014,
					"retransmits":	0,
					"snd_cwnd":	3268136,
					"snd_wnd":	3143552,
					"rtt":	465449,
					"rttvar":	593,
					"pmtu":	1500,
					"omitted":	false,
					"sender":	true
				}],
			"sum":	{
				"start":	53.00016,
				"end":	54.00013,
				"seconds":	0.999970018863678,
				"bytes":	6553600,
				"bits_per_second":	52430371.922128014,
				"retransmits":	0,
				"omitted":	false,
				"sender":	true
			}
		}, {
			"streams":	[{
					"socket":	6,
					"start":	54.00013,
					"end":	55.000097,
					"seconds":	0.99996697902679443,
					"bytes":	7864320,
					"bits_per_second":	62916637.568603337,
					"retransmits":	0,
					"snd_cwnd":	3268136,
					"snd_wnd":	3143552,
					"rtt":	285038,
					"rttvar":	256,
					"pmtu":	1500,
					"omitted":	false,
					"sender":	true
				}],
			"sum":	{
				"start":	54.00013,
				"end":	55.000097,
				"seconds":	0.99996697902679443,
				"bytes":	7864320,
				"bits_per_second":	62916637.568603337,
				"retransmits":	0,
				"omitted":	false,
				"sender":	true
			}
		}, {
			"streams":	[{
					"socket":	6,
					"start":	55.000097,
					"end":	56.000076,
					"seconds":	0.999979019165039,
					"bytes":	9175040,
					"bits_per_second":	73401860.032311156,
					"retransmits":	0,
					"snd_cwnd":	3268136,
					"snd_wnd":	3143552,
					"rtt":	399338,
					"rttvar":	2729,
					"pmtu":	1500,
					"omitted":	false,
					"sender":	true
				}],
			"sum":	{
				"start":	55.000097,
				"end":	56.000076,
				"seconds":	0.999979019165039,
				"bytes":	9175040,
				"bits_per_second":	73401860.032311156,
				"retransmits":	0,
				"omitted":	false,
				"sender":	true
			}
		}, {
			"streams":	[{
					"socket":	6,
					"start":	56.000076,
					"end":	57.00023,
					"seconds":	1.0001540184020996,
					"bytes":	5242880,
					"bits_per_second":	41936580.994805656,
					"retransmits":	0,
					"snd_cwnd":	3268136,
					"snd_wnd":	3143552,
					"rtt":	400527,
					"rttvar":	3300,
					"pmtu":	1500,
					"omitted":	false,
					"sender":	true
				}],
			"sum":	{
				"start":	56.000076,
				"end":	57.00023,
				"seconds":	1.0001540184020996,
				"bytes":	5242880,
				"bits_per_second":	41936580.994805656,
				"retransmits":	0,
				"omitted":	false,
				"sender":	true
			}
		}, {
			"streams":	[{
					"socket":	6,
					"start":	57.00023,
					"end":	58.000238,
					"seconds":	1.0000079870224,
					"bytes":	6553600,
					"bits_per_second":	52428381.253344536,
					"retransmits":	0,
					"snd_cwnd":	3268136,
					"snd_wnd":	3143552,
					"rtt":	404744,
					"rttvar":	3963,
					"pmtu":	1500,
					"omitted":	false,
					"sender":	true
				}],
			"sum":	{
				"start":	57.00023,
				"end":	58.000238,
				"seconds":	1.0000079870224,
				"bytes":	6553600,
				"bits_per_second":	52428381.253344536,
				"retransmits":	0,
				"omitted":	false,
				"sender":	true
			}
		}, {
			"streams":	[{
					"socket":	6,
					"start":	58.000238,
					"end":	59.00043,
					"seconds":	1.0001920461654663,
					"bytes":	7864320,
					"bits_per_second":	62902479.819952257,
					"retransmits":	0,
					"snd_cwnd":	3268136,
					"snd_wnd":	3143552,
					"rtt":	386755,
					"rttvar":	2508,
					"pmtu":	1500,
					"omitted":	false,
					"sender":	true
				}],
			"sum":	{
				"start":	58.000238,
				"end":	59.00043,
				"seconds":	1.0001920461654663,
				"bytes":	7864320,
				"bits_per_second":	62902479.819952257,
				"retransmits":	0,
				"omitted":	false,
				"sender":	true
			}
		}, {
			"streams":	[{
					"socket":	6,
					"start":	59.00043,
					"end":	60.000084,
					"seconds":	0.999653995037079,
					"bytes":	6553600,
					"bits_per_second":	52446946.903918818,
					"retransmits":	0,
					"snd_cwnd":	3268136,
					"snd_wnd":	3143552,
					"rtt":	379244,
					"rttvar":	2361,
					"pmtu":	1500,
					"omitted":	false,
					"sender":	true
				}],
			"sum":	{
				"start":	59.00043,
				"end":	60.000084,
				"seconds":	0.999653995037079,
				"bytes":	6553600,
				"bits_per_second":	52446946.903918818,
				"retransmits":	0,
				"omitted":	false,
				"sender":	true
			}
		}],
	"end":	{
		"streams":	[{
				"sender":	{
					"socket":	6,
					"start":	0,
					"end":	60.000084,
					"seconds":	60.000084,
					"bytes":	390987776,
					"bits_per_second":	52131630.482383989,
					"retransmits":	0,
					"max_snd_cwnd":	3268136,
					"max_snd_wnd":	3143552,
					"max_rtt":	513872,
					"min_rtt":	200096,
					"mean_rtt":	433324,
					"sender":	true
				},
				"receiver":	{
					"socket":	6,
					"start":	0,
					"end":	60.447309,
					"seconds":	60.000084,
					"bytes":	390436976,
					"bits_per_second":	51673033.252811968,
					"sender":	true
				}
			}],
		"sum_sent":	{
			"start":	0,
			"end":	60.000084,
			"seconds":	60.000084,
			"bytes":	390987776,
			"bits_per_second":	52131630.482383989,
			"retransmits":	0,
			"sender":	true
		},
		"sum_received":	{
			"start":	0,
			"end":	60.447309,
			"seconds":	60.447309,
			"bytes":	390436976,
			"bits_per_second":	51673033.252811968,
			"sender":	true
		},
		"cpu_utilization_percent":	{
			"host_total":	0.43502486131245061,
			"host_user":	0.060711317438877768,
			"host_system":	0.3743135438735728,
			"remote_total":	1.9950080834016739,
			"remote_user":	0.1311009235082102,
			"remote_system":	1.8639038512275579
		},
		"sender_tcp_congestion":	"cubic",
		"receiver_tcp_congestion":	"cubic"
	}
}
