{
	"start":	{
		"connected":	[{
				"socket":	6,
				"local_host":	"192.168.101.210",
				"local_port":	33374,
				"remote_host":	"192.168.100.168",
				"remote_port":	5201
			}],
		"version":	"iperf 3.11",
		"system_info":	"Linux f1 6.0.10-300.fc37.x86_64 #1 SMP PREEMPT_DYNAMIC Sat Nov 26 16:55:13 UTC 2022 x86_64",
		"timestamp":	{
			"time":	"Sat, 10 Dec 2022 17:26:55 GMT",
			"timesecs":	1670693215
		},
		"connecting_to":	{
			"host":	"192.168.100.168",
			"port":	5201
		},
		"cookie":	"d7t7gfajiwwr5ndjv3kkrikkmo343agqqkum",
		"tcp_mss_default":	1448,
		"target_bitrate":	0,
		"sock_bufsize":	0,
		"sndbuf_actual":	16384,
		"rcvbuf_actual":	131072,
		"test_start":	{
			"protocol":	"TCP",
			"num_streams":	1,
			"blksize":	131072,
			"omit":	0,
			"duration":	60,
			"bytes":	0,
			"blocks":	0,
			"reverse":	0,
			"tos":	0,
			"target_bitrate":	0
		}
	},
	"intervals":	[{
			"streams":	[{
					"socket":	6,
					"start":	0,
					"end":	1.000101,
					"seconds":	1.0001009702682495,
					"bytes":	6479800,
					"bits_per_second":	51833166.391285248,
					"retransmits":	224,
					"snd_cwnd":	136112,
					"snd_wnd":	3093376,
					"rtt":	50965,
					"rttvar":	1278,
					"pmtu":	1500,
					"omitted":	false,
					"sender":	true
				}],
			"sum":	{
				"start":	0,
				"end":	1.000101,
				"seconds":	1.0001009702682495,
				"bytes":	6479800,
				"bits_per_second":	51833166.391285248,
				"retransmits":	224,
				"omitted":	false,
				"sender":	true
			}
		}, {
			"streams":	[{
					"socket":	6,
					"start":	1.000101,
					"end":	2.000182,
					"seconds":	1.000080943107605,
					"bytes":	2215440,
					"bits_per_second":	17722085.519324824,
					"retransmits":	14,
					"snd_cwnd":	78192,
					"snd_wnd":	3143552,
					"rtt":	56720,
					"rttvar":	379,
					"pmtu":	1500,
					"omitted":	false,
					"sender":	true
				}],
			"sum":	{
				"start":	1.000101,
				"end":	2.000182,
				"seconds":	1.000080943107605,
				"bytes":	2215440,
				"bits_per_second":	17722085.519324824,
				"retransmits":	14,
				"omitted":	false,
				"sender":	true
			}
		}, {
			"streams":	[{
					"socket":	6,
					"start":	2.000182,
					"end":	3.001034,
					"seconds":	1.0008519887924194,
					"bytes":	0,
					"bits_per_second":	0,
					"retransmits":	16,
					"snd_cwnd":	31856,
					"snd_wnd":	3145728,
					"rtt":	53491,
					"rttvar":	3719,
					"pmtu":	1500,
					"omitted":	false,
					"sender":	true
				}],
			"sum":	{
				"start":	2.000182,
				"end":	3.001034,
				"seconds":	1.0008519887924194,
				"bytes":	0,
				"bits_per_second":	0,
				"retransmits":	16,
				"omitted":	false,
				"sender":	true
			}
		}, {
			"streams":	[{
					"socket":	6,
					"start":	3.001034,
					"end":	4.000912,
					"seconds":	0.99987798929214478,
					"bytes":	1107720,
					"bits_per_second":	8862841.36154813,
					"retransmits":	8,
					"snd_cwnd":	23168,
					"snd_wnd":	3143552,
					"rtt":	51177,
					"rttvar":	962,
					"pmtu":	1500,
					"omitted":	false,
					"sender":	true
				}],
			"sum":	{
				"start":	3.001034,
				"end":	4.000912,
				"seconds":	0.99987798929214478,
				"bytes":	1107720,
				"bits_per_second":	8862841.36154813,
				"retransmits":	8,
				"omitted":	false,
				"sender":	true
			}
		}, {
			"streams":	[{
					"socket":	6,
					"start":	4.000912,
					"end":	5.001032,
					"seconds":	1.0001200437545776,
					"bytes":	0,
					"bits_per_second":	0,
					"retransmits":	4,
					"snd_cwnd":	18824,
					"snd_wnd":	3145728,
					"rtt":	53257,
					"rttvar":	3223,
					"pmtu":	1500,
					"omitted":	false,
					"sender":	true
				}],
			"sum":	{
				"start":	4.000912,
				"end":	5.001032,
				"seconds":	1.0001200437545776,
				"bytes":	0,
				"bits_per_second":	0,
				"retransmits":	4,
				"omitted":	false,
				"sender":	true
			}
		}, {
			"streams":	[{
					"socket":	6,
					"start":	5.001032,
					"end":	6.001034,
					"seconds":	1.0000020265579224,
					"bytes":	0,
					"bits_per_second":	0,
					"retransmits":	2,
					"snd_cwnd":	21720,
					"snd_wnd":	3145728,
					"rtt":	50737,
					"rttvar":	1249,
					"pmtu":	1500,
					"omitted":	false,
					"sender":	true
				}],
			"sum":	{
				"start":	5.001032,
				"end":	6.001034,
				"seconds":	1.0000020265579224,
				"bytes":	0,
				"bits_per_second":	0,
				"retransmits":	2,
				"omitted":	false,
				"sender":	true
			}
		}, {
			"streams":	[{
					"socket":	6,
					"start":	6.001034,
					"end":	7.000981,
					"seconds":	0.99994701147079468,
					"bytes":	1107720,
					"bits_per_second":	8862229.5965118,
					"retransmits":	3,
					"snd_cwnd":	26064,
					"snd_wnd":	3145728,
					"rtt":	55917,
					"rttvar":	1573,
					"pmtu":	1500,
					"omitted":	false,
					"sender":	true
				}],
			"sum":	{
				"start":	6.001034,
				"end":	7.000981,
				"seconds":	0.99994701147079468,
				"bytes":	1107720,
				"bits_per_second":	8862229.5965118,
				"retransmits":	3,
				"omitted":	false,
				"sender":	true
			}
		}, {
			"streams":	[{
					"socket":	6,
					"start":	7.000981,
					"end":	8.001038,
					"seconds":	1.0000569820404053,
					"bytes":	0,
					"bits_per_second":	0,
					"retransmits":	8,
					"snd_cwnd":	14480,
					"snd_wnd":	3143552,
					"rtt":	52502,
					"rttvar":	3456,
					"pmtu":	1500,
					"omitted":	false,
					"sender":	true
				}],
			"sum":	{
				"start":	7.000981,
				"end":	8.001038,
				"seconds":	1.0000569820404053,
				"bytes":	0,
				"bits_per_second":	0,
				"retransmits":	8,
				"omitted":	false,
				"sender":	true
			}
		}, {
			"streams":	[{
					"socket":	6,
					"start":	8.001038,
					"end":	9.001036,
					"seconds":	0.99999797344207764,
					"bytes":	0,
					"bits_per_second":	0,
					"retransmits":	2,
					"snd_cwnd":	17376,
					"snd_wnd":	3143552,
					"rtt":	53625,
					"rttvar":	406,
					"pmtu":	1500,
					"omitted":	false,
					"sender":	true
				}],
			"sum":	{
				"start":	8.001038,
				"end":	9.001036,
				"seconds":	0.99999797344207764,
				"bytes":	0,
				"bits_per_second":	0,
				"retransmits":	2,
				"omitted":	false,
				"sender":	true
			}
		}, {
			"streams":	[{
					"socket":	6,
					"start":	9.001036,
					"end":	10.000842,
					"seconds":	0.999805986881256,
					"bytes":	1107720,
					"bits_per_second":	8863479.6313261967,
					"retransmits":	12,
					"snd_cwnd":	7240,
					"snd_wnd":	3145728,
					"rtt":	59563,
					"rttvar":	11116,
					"pmtu":	1500,
					"omitted":	false,
					"sender":	true
				}],
			"sum":	{
				"start":	9.001036,
				"end":	10.000842,
				"seconds":	0.999805986881256,
				"bytes":	1107720,
				"bits_per_second":	8863479.6313261967,
				"retransmits":	12,
				"omitted":	false,
				"sender":	true
			}
		}, {
			"streams":	[{
					"socket":	6,
					"start":	10.000842,
					"end":	11.001036,
					"seconds":	1.0001939535140991,
					"bytes":	0,
					"bits_per_second":	0,
					"retransmits":	2,
					"snd_cwnd":	14480,
					"snd_wnd":	3145728,
					"rtt":	55975,
					"rttvar":	6410,
					"pmtu":	1500,
					"omitted":	false,
					"sender":	true
				}],
			"sum":	{
				"start":	10.000842,
				"end":	11.001036,
				"seconds":	1.0001939535140991,
				"bytes":	0,
				"bits_per_second":	0,
				"retransmits":	2,
				"omitted":	false,
				"sender":	true
			}
		}, {
			"streams":	[{
					"socket":	6,
					"start":	11.001036,
					"end":	12.001037,
					"seconds":	1.0000009536743164,
					"bytes":	0,
					"bits_per_second":	0,
					"retransmits":	0,
					"snd_cwnd":	27512,
					"snd_wnd":	3143552,
					"rtt":	52152,
					"rttvar":	1008,
					"pmtu":	1500,
					"omitted":	false,
					"sender":	true
				}],
			"sum":	{
				"start":	11.001036,
				"end":	12.001037,
				"seconds":	1.0000009536743164,
				"bytes":	0,
				"bits_per_second":	0,
				"retransmits":	0,
				"omitted":	false,
				"sender":	true
			}
		}, {
			"streams":	[{
					"socket":	6,
					"start":	12.001037,
					"end":	13.00104,
					"seconds":	1.0000029802322388,
					"bytes":	0,
					"bits_per_second":	0,
					"retransmits":	9,
					"snd_cwnd":	20272,
					"snd_wnd":	3145728,
					"rtt":	50261,
					"rttvar":	338,
					"pmtu":	1500,
					"omitted":	false,
					"sender":	true
				}],
			"sum":	{
				"start":	12.001037,
				"end":	13.00104,
				"seconds":	1.0000029802322388,
				"bytes":	0,
				"bits_per_second":	0,
				"retransmits":	9,
				"omitted":	false,
				"sender":	true
			}
		}, {
			"streams":	[{
					"socket":	6,
					"start":	13.00104,
					"end":	14.000883,
					"seconds":	0.99984300136566162,
					"bytes":	1107720,
					"bits_per_second":	8863151.5026818551,
					"retransmits":	2,
					"snd_cwnd":	24616,
					"snd_wnd":	3145728,
					"rtt":	51779,
					"rttvar":	3115,
					"pmtu":	1500,
					"omitted":	false,
					"sender":	true
				}],
			"sum":	{
				"start":	13.00104,
				"end":	14.000883,
				"seconds":	0.99984300136566162,
				"bytes":	1107720,
				"bits_per_second":	8863151.5026818551,
				"retransmits":	2,
				"omitted":	false,
				"sender":	true
			}
		}, {
			"streams":	[{
					"socket":	6,
					"start":	14.000883,
					"end":	15.001035,
					"seconds":	1.0001519918441772,
					"bytes":	0,
					"bits_per_second":	0,
					"retransmits":	5,
					"snd_cwnd":	18824,
					"snd_wnd":	3143552,
					"rtt":	53361,
					"rttvar":	260,
					"pmtu":	1500,
					"omitted":	false,
					"sender":	true
				}],
			"sum":	{
				"start":	14.000883,
				"end":	15.001035,
				"seconds":	1.0001519918441772,
				"bytes":	0,
				"bits_per_second":	0,
				"retransmits":	5,
				"omitted":	false,
				"sender":	true
			}
		}, {
			"streams":	[{
					"socket":	6,
					"start":	15.001035,
					"end":	16.001038,
					"seconds":	1.0000029802322388,
					"bytes":	0,
					"bits_per_second":	0,
					"retransmits":	2,
					"snd_cwnd":	23168,
					"snd_wnd":	3143552,
					"rtt":	52390,
					"rttvar":	878,
					"pmtu":	1500,
					"omitted":	false,
					"sender":	true
				}],
			"sum":	{
				"start":	15.001035,
				"end":	16.001038,
				"seconds":	1.0000029802322388,
				"bytes":	0,
				"bits_per_second":	0,
				"retransmits":	2,
				"omitted":	false,
				"sender":	true
			}
		}, {
			"streams":	[{
					"socket":	6,
					"start":	16.001038,
					"end":	17.000889,
					"seconds":	0.99985098838806152,
					"bytes":	1107720,
					"bits_per_second":	8863080.7019421365,
					"retransmits":	2,
					"snd_cwnd":	26064,
					"snd_wnd":	3143552,
					"rtt":	53417,
					"rttvar":	897,
					"pmtu":	1500,
					"omitted":	false,
					"sender":	true
				}],
			"sum":	{
				"start":	16.001038,
				"end":	17.000889,
				"seconds":	0.99985098838806152,
				"bytes":	1107720,
				"bits_per_second":	8863080.7019421365,
				"retransmits":	2,
				"omitted":	false,
				"sender":	true
			}
		}, {
			"streams":	[{
					"socket":	6,
					"start":	17.000889,
					"end":	18.001038,
					"seconds":	1.0001490116119385,
					"bytes":	0,
					"bits_per_second":	0,
					"retransmits":	7,
					"snd_cwnd":	27512,
					"snd_wnd":	3143552,
					"rtt":	52593,
					"rttvar":	629,
					"pmtu":	1500,
					"omitted":	false,
					"sender":	true
				}],
			"sum":	{
				"start":	17.000889,
				"end":	18.001038,
				"seconds":	1.0001490116119385,
				"bytes":	0,
				"bits_per_second":	0,
				"retransmits":	7,
				"omitted":	false,
				"sender":	true
			}
		}, {
			"streams":	[{
					"socket":	6,
					"start":	18.001038,
					"end":	19.000738,
					"seconds":	0.99970000982284546,
					"bytes":	1107720,
					"bits_per_second":	8864419.23869779,
					"retransmits":	4,
					"snd_cwnd":	20272,
					"snd_wnd":	3143552,
					"rtt":	58937,
					"rttvar":	4924,
					"pmtu":	1500,
					"omitted":	false,
					"sender":	true
				}],
			"sum":	{
				"start":	18.001038,
				"end":	19.000738,
				"seconds":	0.99970000982284546,
				"bytes":	1107720,
				"bits_per_second":	8864419.23869779,
				"retransmits":	4,
				"omitted":	false,
				"sender":	true
			}
		}, {
			"streams":	[{
					"socket":	6,
					"start":	19.000738,
					"end":	20.001037,
					"seconds":	1.0002989768981934,
					"bytes":	0,
					"bits_per_second":	0,
					"retransmits":	2,
					"snd_cwnd":	21720,
					"snd_wnd":	3145728,
					"rtt":	52979,
					"rttvar":	1439,
					"pmtu":	1500,
					"omitted":	false,
					"sender":	true
				}],
			"sum":	{
				"start":	19.000738,
				"end":	20.001037,
				"seconds":	1.0002989768981934,
				"bytes":	0,
				"bits_per_second":	0,
				"retransmits":	2,
				"omitted":	false,
				"sender":	true
			}
		}, {
			"streams":	[{
					"socket":	6,
					"start":	20.001037,
					"end":	21.001033,
					"seconds":	0.9999960064888,
					"bytes":	0,
					"bits_per_second":	0,
					"retransmits":	2,
					"snd_cwnd":	24616,
					"snd_wnd":	3145728,
					"rtt":	50299,
					"rttvar":	447,
					"pmtu":	1500,
					"omitted":	false,
					"sender":	true
				}],
			"sum":	{
				"start":	20.001037,
				"end":	21.001033,
				"seconds":	0.9999960064888,
				"bytes":	0,
				"bits_per_second":	0,
				"retransmits":	2,
				"omitted":	false,
				"sender":	true
			}
		}, {
			"streams":	[{
					"socket":	6,
					"start":	21.001033,
					"end":	22.000929,
					"seconds":	0.999895989894867,
					"bytes":	1107720,
					"bits_per_second":	8862681.80846666,
					"retransmits":	2,
					"snd_cwnd":	27512,
					"snd_wnd":	3143552,
					"rtt":	54700,
					"rttvar":	1251,
					"pmtu":	1500,
					"omitted":	false,
					"sender":	true
				}],
			"sum":	{
				"start":	21.001033,
				"end":	22.000929,
				"seconds":	0.999895989894867,
				"bytes":	1107720,
				"bits_per_second":	8862681.80846666,
				"retransmits":	2,
				"omitted":	false,
				"sender":	true
			}
		}, {
			"streams":	[{
					"socket":	6,
					"start":	22.000929,
					"end":	23.001065,
					"seconds":	1.0001360177993774,
					"bytes":	0,
					"bits_per_second":	0,
					"retransmits":	7,
					"snd_cwnd":	15928,
					"snd_wnd":	3143552,
					"rtt":	57450,
					"rttvar":	2444,
					"pmtu":	1500,
					"omitted":	false,
					"sender":	true
				}],
			"sum":	{
				"start":	22.000929,
				"end":	23.001065,
				"seconds":	1.0001360177993774,
				"bytes":	0,
				"bits_per_second":	0,
				"retransmits":	7,
				"omitted":	false,
				"sender":	true
			}
		}, {
			"streams":	[{
					"socket":	6,
					"start":	23.001065,
					"end":	24.000148,
					"seconds":	0.99908298254013062,
					"bytes":	1107720,
					"bits_per_second":	8869893.84752537,
					"retransmits":	2,
					"snd_cwnd":	24616,
					"snd_wnd":	3145728,
					"rtt":	51902,
					"rttvar":	1194,
					"pmtu":	1500,
					"omitted":	false,
					"sender":	true
				}],
			"sum":	{
				"start":	23.001065,
				"end":	24.000148,
				"seconds":	0.99908298254013062,
				"bytes":	1107720,
				"bits_per_second":	8869893.84752537,
				"retransmits":	2,
				"omitted":	false,
				"sender":	true
			}
		}, {
			"streams":	[{
					"socket":	6,
					"start":	24.000148,
					"end":	25.001038,
					"seconds":	1.0008900165557861,
					"bytes":	0,
					"bits_per_second":	0,
					"retransmits":	6,
					"snd_cwnd":	20272,
					"snd_wnd":	3145728,
					"rtt":	56595,
					"rttvar":	2470,
					"pmtu":	1500,
					"omitted":	false,
					"sender":	true
				}],
			"sum":	{
				"start":	24.000148,
				"end":	25.001038,
				"seconds":	1.0008900165557861,
				"bytes":	0,
				"bits_per_second":	0,
				"retransmits":	6,
				"omitted":	false,
				"sender":	true
			}
		}, {
			"streams":	[{
					"socket":	6,
					"start":	25.001038,
					"end":	26.001038,
					"seconds":	1,
					"bytes":	0,
					"bits_per_second":	0,
					"retransmits":	4,
					"snd_cwnd":	23168,
					"snd_wnd":	3145728,
					"rtt":	50502,
					"rttvar":	759,
					"pmtu":	1500,
					"omitted":	false,
					"sender":	true
				}],
			"sum":	{
				"start":	25.001038,
				"end":	26.001038,
				"seconds":	1,
				"bytes":	0,
				"bits_per_second":	0,
				"retransmits":	4,
				"omitted":	false,
				"sender":	true
			}
		}, {
			"streams":	[{
					"socket":	6,
					"start":	26.001038,
					"end":	27.000412,
					"seconds":	0.999373972415924,
					"bytes":	1107720,
					"bits_per_second":	8867311.18139614,
					"retransmits":	4,
					"snd_cwnd":	15928,
					"snd_wnd":	3142144,
					"rtt":	53726,
					"rttvar":	1642,
					"pmtu":	1500,
					"omitted":	false,
					"sender":	true
				}],
			"sum":	{
				"start":	26.001038,
				"end":	27.000412,
				"seconds":	0.999373972415924,
				"bytes":	1107720,
				"bits_per_second":	8867311.18139614,
				"retransmits":	4,
				"omitted":	false,
				"sender":	true
			}
		}, {
			"streams":	[{
					"socket":	6,
					"start":	27.000412,
					"end":	28.001046,
					"seconds":	1.0006339550018311,
					"bytes":	0,
					"bits_per_second":	0,
					"retransmits":	8,
					"snd_cwnd":	13032,
					"snd_wnd":	3145728,
					"rtt":	51802,
					"rttvar":	2767,
					"pmtu":	1500,
					"omitted":	false,
					"sender":	true
				}],
			"sum":	{
				"start":	27.000412,
				"end":	28.001046,
				"seconds":	1.0006339550018311,
				"bytes":	0,
				"bits_per_second":	0,
				"retransmits":	8,
				"omitted":	false,
				"sender":	true
			}
		}, {
			"streams":	[{
					"socket":	6,
					"start":	28.001046,
					"end":	29.001033,
					"seconds":	0.999987006187439,
					"bytes":	0,
					"bits_per_second":	0,
					"retransmits":	3,
					"snd_cwnd":	13032,
					"snd_wnd":	3145728,
					"rtt":	57616,
					"rttvar":	1919,
					"pmtu":	1500,
					"omitted":	false,
					"sender":	true
				}],
			"sum":	{
				"start":	28.001046,
				"end":	29.001033,
				"seconds":	0.999987006187439,
				"bytes":	0,
				"bits_per_second":	0,
				"retransmits":	3,
				"omitted":	false,
				"sender":	true
			}
		}, {
			"streams":	[{
					"socket":	6,
					"start":	29.001033,
					"end":	30.001061,
					"seconds":	1.0000280141830444,
					"bytes":	0,
					"bits_per_second":	0,
					"retransmits":	3,
					"snd_cwnd":	17376,
					"snd_wnd":	3145728,
					"rtt":	50994,
					"rttvar":	1796,
					"pmtu":	1500,
					"omitted":	false,
					"sender":	true
				}],
			"sum":	{
				"start":	29.001033,
				"end":	30.001061,
				"seconds":	1.0000280141830444,
				"bytes":	0,
				"bits_per_second":	0,
				"retransmits":	3,
				"omitted":	false,
				"sender":	true
			}
		}, {
			"streams":	[{
					"socket":	6,
					"start":	30.001061,
					"end":	31.000555,
					"seconds":	0.99949401617050171,
					"bytes":	1107720,
					"bits_per_second":	8866246.17719401,
					"retransmits":	4,
					"snd_cwnd":	20272,
					"snd_wnd":	3143552,
					"rtt":	59931,
					"rttvar":	9356,
					"pmtu":	1500,
					"omitted":	false,
					"sender":	true
				}],
			"sum":	{
				"start":	30.001061,
				"end":	31.000555,
				"seconds":	0.99949401617050171,
				"bytes":	1107720,
				"bits_per_second":	8866246.17719401,
				"retransmits":	4,
				"omitted":	false,
				"sender":	true
			}
		}, {
			"streams":	[{
					"socket":	6,
					"start":	31.000555,
					"end":	32.00103,
					"seconds":	1.00047504901886,
					"bytes":	0,
					"bits_per_second":	0,
					"retransmits":	2,
					"snd_cwnd":	23168,
					"snd_wnd":	3145728,
					"rtt":	55112,
					"rttvar":	2104,
					"pmtu":	1500,
					"omitted":	false,
					"sender":	true
				}],
			"sum":	{
				"start":	31.000555,
				"end":	32.00103,
				"seconds":	1.00047504901886,
				"bytes":	0,
				"bits_per_second":	0,
				"retransmits":	2,
				"omitted":	false,
				"sender":	true
			}
		}, {
			"streams":	[{
					"socket":	6,
					"start":	32.00103,
					"end":	33.001045,
					"seconds":	1.0000150203704834,
					"bytes":	0,
					"bits_per_second":	0,
					"retransmits":	4,
					"snd_cwnd":	17376,
					"snd_wnd":	3143552,
					"rtt":	56201,
					"rttvar":	9845,
					"pmtu":	1500,
					"omitted":	false,
					"sender":	true
				}],
			"sum":	{
				"start":	32.00103,
				"end":	33.001045,
				"seconds":	1.0000150203704834,
				"bytes":	0,
				"bits_per_second":	0,
				"retransmits":	4,
				"omitted":	false,
				"sender":	true
			}
		}, {
			"streams":	[{
					"socket":	6,
					"start":	33.001045,
					"end":	34.000631,
					"seconds":	0.99958598613739,
					"bytes":	1107720,
					"bits_per_second":	8865430.4110881928,
					"retransmits":	3,
					"snd_cwnd":	21720,
					"snd_wnd":	3143552,
					"rtt":	53272,
					"rttvar":	891,
					"pmtu":	1500,
					"omitted":	false,
					"sender":	true
				}],
			"sum":	{
				"start":	33.001045,
				"end":	34.000631,
				"seconds":	0.99958598613739,
				"bytes":	1107720,
				"bits_per_second":	8865430.4110881928,
				"retransmits":	3,
				"omitted":	false,
				"sender":	true
			}
		}, {
			"streams":	[{
					"socket":	6,
					"start":	34.000631,
					"end":	35.001041,
					"seconds":	1.0004099607467651,
					"bytes":	0,
					"bits_per_second":	0,
					"retransmits":	4,
					"snd_cwnd":	24616,
					"snd_wnd":	3143552,
					"rtt":	52643,
					"rttvar":	4255,
					"pmtu":	1500,
					"omitted":	false,
					"sender":	true
				}],
			"sum":	{
				"start":	34.000631,
				"end":	35.001041,
				"seconds":	1.0004099607467651,
				"bytes":	0,
				"bits_per_second":	0,
				"retransmits":	4,
				"omitted":	false,
				"sender":	true
			}
		}, {
			"streams":	[{
					"socket":	6,
					"start":	35.001041,
					"end":	36.001043,
					"seconds":	1.0000020265579224,
					"bytes":	0,
					"bits_per_second":	0,
					"retransmits":	2,
					"snd_cwnd":	27512,
					"snd_wnd":	3143552,
					"rtt":	55247,
					"rttvar":	1690,
					"pmtu":	1500,
					"omitted":	false,
					"sender":	true
				}],
			"sum":	{
				"start":	35.001041,
				"end":	36.001043,
				"seconds":	1.0000020265579224,
				"bytes":	0,
				"bits_per_second":	0,
				"retransmits":	2,
				"omitted":	false,
				"sender":	true
			}
		}, {
			"streams":	[{
					"socket":	6,
					"start":	36.001043,
					"end":	37.001021,
					"seconds":	0.999978005886078,
					"bytes":	1107720,
					"bits_per_second":	8861954.91084588,
					"retransmits":	4,
					"snd_cwnd":	23168,
					"snd_wnd":	3143552,
					"rtt":	55220,
					"rttvar":	3922,
					"pmtu":	1500,
					"omitted":	false,
					"sender":	true
				}],
			"sum":	{
				"start":	36.001043,
				"end":	37.001021,
				"seconds":	0.999978005886078,
				"bytes":	1107720,
				"bits_per_second":	8861954.91084588,
				"retransmits":	4,
				"omitted":	false,
				"sender":	true
			}
		}, {
			"streams":	[{
					"socket":	6,
					"start":	37.001021,
					"end":	38.001036,
					"seconds":	1.0000150203704834,
					"bytes":	0,
					"bits_per_second":	0,
					"retransmits":	2,
					"snd_cwnd":	26064,
					"snd_wnd":	3143552,
					"rtt":	52510,
					"rttvar":	2684,
					"pmtu":	1500,
					"omitted":	false,
					"sender":	true
				}],
			"sum":	{
				"start":	37.001021,
				"end":	38.001036,
				"seconds":	1.0000150203704834,
				"bytes":	0,
				"bits_per_second":	0,
				"retransmits":	2,
				"omitted":	false,
				"sender":	true
			}
		}, {
			"streams":	[{
					"socket":	6,
					"start":	38.001036,
					"end":	39.000277,
					"seconds":	0.99924099445343018,
					"bytes":	1107720,
					"bits_per_second":	8868491.23403634,
					"retransmits":	2,
					"snd_cwnd":	28960,
					"snd_wnd":	3145728,
					"rtt":	50998,
					"rttvar":	1417,
					"pmtu":	1500,
					"omitted":	false,
					"sender":	true
				}],
			"sum":	{
				"start":	38.001036,
				"end":	39.000277,
				"seconds":	0.99924099445343018,
				"bytes":	1107720,
				"bits_per_second":	8868491.23403634,
				"retransmits":	2,
				"omitted":	false,
				"sender":	true
			}
		}, {
			"streams":	[{
					"socket":	6,
					"start":	39.000277,
					"end":	40.001067,
					"seconds":	1.000789999961853,
					"bytes":	0,
					"bits_per_second":	0,
					"retransmits":	2,
					"snd_cwnd":	30408,
					"snd_wnd":	3145728,
					"rtt":	54277,
					"rttvar":	1515,
					"pmtu":	1500,
					"omitted":	false,
					"sender":	true
				}],
			"sum":	{
				"start":	39.000277,
				"end":	40.001067,
				"seconds":	1.000789999961853,
				"bytes":	0,
				"bits_per_second":	0,
				"retransmits":	2,
				"omitted":	false,
				"sender":	true
			}
		}, {
			"streams":	[{
					"socket":	6,
					"start":	40.001067,
					"end":	41.00036,
					"seconds":	0.999293029308319,
					"bytes":	1107720,
					"bits_per_second":	8868029.4369048551,
					"retransmits":	6,
					"snd_cwnd":	28960,
					"snd_wnd":	3145728,
					"rtt":	51035,
					"rttvar":	1407,
					"pmtu":	1500,
					"omitted":	false,
					"sender":	true
				}],
			"sum":	{
				"start":	40.001067,
				"end":	41.00036,
				"seconds":	0.999293029308319,
				"bytes":	1107720,
				"bits_per_second":	8868029.4369048551,
				"retransmits":	6,
				"omitted":	false,
				"sender":	true
			}
		}, {
			"streams":	[{
					"socket":	6,
					"start":	41.00036,
					"end":	42.001063,
					"seconds":	1.000702977180481,
					"bytes":	0,
					"bits_per_second":	0,
					"retransmits":	2,
					"snd_cwnd":	28960,
					"snd_wnd":	3145728,
					"rtt":	50198,
					"rttvar":	208,
					"pmtu":	1500,
					"omitted":	false,
					"sender":	true
				}],
			"sum":	{
				"start":	41.00036,
				"end":	42.001063,
				"seconds":	1.000702977180481,
				"bytes":	0,
				"bits_per_second":	0,
				"retransmits":	2,
				"omitted":	false,
				"sender":	true
			}
		}, {
			"streams":	[{
					"socket":	6,
					"start":	42.001063,
					"end":	43.000232,
					"seconds":	0.9991689920425415,
					"bytes":	1107720,
					"bits_per_second":	8869130.3178698868,
					"retransmits":	7,
					"snd_cwnd":	13032,
					"snd_wnd":	3143552,
					"rtt":	57838,
					"rttvar":	2415,
					"pmtu":	1500,
					"omitted":	false,
					"sender":	true
				}],
			"sum":	{
				"start":	42.001063,
				"end":	43.000232,
				"seconds":	0.9991689920425415,
				"bytes":	1107720,
				"bits_per_second":	8869130.3178698868,
				"retransmits":	7,
				"omitted":	false,
				"sender":	true
			}
		}, {
			"streams":	[{
					"socket":	6,
					"start":	43.000232,
					"end":	44.001033,
					"seconds":	1.0008009672164917,
					"bytes":	0,
					"bits_per_second":	0,
					"retransmits":	2,
					"snd_cwnd":	18824,
					"snd_wnd":	3145728,
					"rtt":	51022,
					"rttvar":	907,
					"pmtu":	1500,
					"omitted":	false,
					"sender":	true
				}],
			"sum":	{
				"start":	43.000232,
				"end":	44.001033,
				"seconds":	1.0008009672164917,
				"bytes":	0,
				"bits_per_second":	0,
				"retransmits":	2,
				"omitted":	false,
				"sender":	true
			}
		}, {
			"streams":	[{
					"socket":	6,
					"start":	44.001033,
					"end":	45.001064,
					"seconds":	1.0000309944152832,
					"bytes":	0,
					"bits_per_second":	0,
					"retransmits":	0,
					"snd_cwnd":	33304,
					"snd_wnd":	3143552,
					"rtt":	56733,
					"rttvar":	499,
					"pmtu":	1500,
					"omitted":	false,
					"sender":	true
				}],
			"sum":	{
				"start":	44.001033,
				"end":	45.001064,
				"seconds":	1.0000309944152832,
				"bytes":	0,
				"bits_per_second":	0,
				"retransmits":	0,
				"omitted":	false,
				"sender":	true
			}
		}, {
			"streams":	[{
					"socket":	6,
					"start":	45.001064,
					"end":	46.000432,
					"seconds":	0.99936801195144653,
					"bytes":	1107720,
					"bits_per_second":	8867364.06811322,
					"retransmits":	11,
					"snd_cwnd":	17376,
					"snd_wnd":	3145728,
					"rtt":	52060,
					"rttvar":	2977,
					"pmtu":	1500,
					"omitted":	false,
					"sender":	true
				}],
			"sum":	{
				"start":	45.001064,
				"end":	46.000432,
				"seconds":	0.99936801195144653,
				"bytes":	1107720,
				"bits_per_second":	8867364.06811322,
				"retransmits":	11,
				"omitted":	false,
				"sender":	true
			}
		}, {
			"streams":	[{
					"socket":	6,
					"start":	46.000432,
					"end":	47.001045,
					"seconds":	1.00061297416687,
					"bytes":	0,
					"bits_per_second":	0,
					"retransmits":	4,
					"snd_cwnd":	21720,
					"snd_wnd":	3143552,
					"rtt":	52821,
					"rttvar":	936,
					"pmtu":	1500,
					"omitted":	false,
					"sender":	true
				}],
			"sum":	{
				"start":	46.000432,
				"end":	47.001045,
				"seconds":	1.00061297416687,
				"bytes":	0,
				"bits_per_second":	0,
				"retransmits":	4,
				"omitted":	false,
				"sender":	true
			}
		}, {
			"streams":	[{
					"socket":	6,
					"start":	47.001045,
					"end":	48.001066,
					"seconds":	1.0000209808349609,
					"bytes":	0,
					"bits_per_second":	0,
					"retransmits":	8,
					"snd_cwnd":	17376,
					"snd_wnd":	3145728,
					"rtt":	51101,
					"rttvar":	1394,
					"pmtu":	1500,
					"omitted":	false,
					"sender":	true
				}],
			"sum":	{
				"start":	47.001045,
				"end":	48.001066,
				"seconds":	1.0000209808349609,
				"bytes":	0,
				"bits_per_second":	0,
				"retransmits":	8,
				"omitted":	false,
				"sender":	true
			}
		}, {
			"streams":	[{
					"socket":	6,
					"start":	48.001066,
					"end":	49.001049,
					"seconds":	0.999983012676239,
					"bytes":	0,
					"bits_per_second":	0,
					"retransmits":	2,
					"snd_cwnd":	21720,
					"snd_wnd":	3145728,
					"rtt":	50300,
					"rttvar":	283,
					"pmtu":	1500,
					"omitted":	false,
					"sender":	true
				}],
			"sum":	{
				"start":	48.001066,
				"end":	49.001049,
				"seconds":	0.999983012676239,
				"bytes":	0,
				"bits_per_second":	0,
				"retransmits":	2,
				"omitted":	false,
				"sender":	true
			}
		}, {
			"streams":	[{
					"socket":	6,
					"start":	49.001049,
					"end":	50.001036,
					"seconds":	0.999987006187439,
					"bytes":	1107720,
					"bits_per_second":	8861875.14954463,
					"retransmits":	6,
					"snd_cwnd":	18824,
					"snd_wnd":	3145728,
					"rtt":	50823,
					"rttvar":	1270,
					"pmtu":	1500,
					"omitted":	false,
					"sender":	true
				}],
			"sum":	{
				"start":	49.001049,
				"end":	50.001036,
				"seconds":	0.999987006187439,
				"bytes":	1107720,
				"bits_per_second":	8861875.14954463,
				"retransmits":	6,
				"omitted":	false,
				"sender":	true
			}
		}, {
			"streams":	[{
					"socket":	6,
					"start":	50.001036,
					"end":	51.001047,
					"seconds":	1.0000109672546387,
					"bytes":	0,
					"bits_per_second":	0,
					"retransmits":	4,
					"snd_cwnd":	21720,
					"snd_wnd":	3135360,
					"rtt":	56948,
					"rttvar":	491,
					"pmtu":	1500,
					"omitted":	false,
					"sender":	true
				}],
			"sum":	{
				"start":	50.001036,
				"end":	51.001047,
				"seconds":	1.0000109672546387,
				"bytes":	0,
				"bits_per_second":	0,
				"retransmits":	4,
				"omitted":	false,
				"sender":	true
			}
		}, {
			"streams":	[{
					"socket":	6,
					"start":	51.001047,
					"end":	52.001044,
					"seconds":	0.99999701976776123,
					"bytes":	0,
					"bits_per_second":	0,
					"retransmits":	9,
					"snd_cwnd":	7240,
					"snd_wnd":	3143552,
					"rtt":	59555,
					"rttvar":	8970,
					"pmtu":	1500,
					"omitted":	false,
					"sender":	true
				}],
			"sum":	{
				"start":	51.001047,
				"end":	52.001044,
				"seconds":	0.99999701976776123,
				"bytes":	0,
				"bits_per_second":	0,
				"retransmits":	9,
				"omitted":	false,
				"sender":	true
			}
		}, {
			"streams":	[{
					"socket":	6,
					"start":	52.001044,
					"end":	53.000537,
					"seconds":	0.99949300289154053,
					"bytes":	1107720,
					"bits_per_second":	8866255.16573189,
					"retransmits":	2,
					"snd_cwnd":	11584,
					"snd_wnd":	3143552,
					"rtt":	57061,
					"rttvar":	876,
					"pmtu":	1500,
					"omitted":	false,
					"sender":	true
				}],
			"sum":	{
				"start":	52.001044,
				"end":	53.000537,
				"seconds":	0.99949300289154053,
				"bytes":	1107720,
				"bits_per_second":	8866255.16573189,
				"retransmits":	2,
				"omitted":	false,
				"sender":	true
			}
		}, {
			"streams":	[{
					"socket":	6,
					"start":	53.000537,
					"end":	54.001062,
					"seconds":	1.0005249977111816,
					"bytes":	0,
					"bits_per_second":	0,
					"retransmits":	4,
					"snd_cwnd":	17376,
					"snd_wnd":	3143552,
					"rtt":	56613,
					"rttvar":	5209,
					"pmtu":	1500,
					"omitted":	false,
					"sender":	true
				}],
			"sum":	{
				"start":	53.000537,
				"end":	54.001062,
				"seconds":	1.0005249977111816,
				"bytes":	0,
				"bits_per_second":	0,
				"retransmits":	4,
				"omitted":	false,
				"sender":	true
			}
		}, {
			"streams":	[{
					"socket":	6,
					"start":	54.001062,
					"end":	55.001051,
					"seconds":	0.99998897314071655,
					"bytes":	0,
					"bits_per_second":	0,
					"retransmits":	2,
					"snd_cwnd":	23168,
					"snd_wnd":	3143552,
					"rtt":	59120,
					"rttvar":	5545,
					"pmtu":	1500,
					"omitted":	false,
					"sender":	true
				}],
			"sum":	{
				"start":	54.001062,
				"end":	55.001051,
				"seconds":	0.99998897314071655,
				"bytes":	0,
				"bits_per_second":	0,
				"retransmits":	2,
				"omitted":	false,
				"sender":	true
			}
		}, {
			"streams":	[{
					"socket":	6,
					"start":	55.001051,
					"end":	56.001062,
					"seconds":	1.0000109672546387,
					"bytes":	0,
					"bits_per_second":	0,
					"retransmits":	6,
					"snd_cwnd":	17376,
					"snd_wnd":	3143552,
					"rtt":	58512,
					"rttvar":	2988,
					"pmtu":	1500,
					"omitted":	false,
					"sender":	true
				}],
			"sum":	{
				"start":	55.001051,
				"end":	56.001062,
				"seconds":	1.0000109672546387,
				"bytes":	0,
				"bits_per_second":	0,
				"retransmits":	6,
				"omitted":	false,
				"sender":	true
			}
		}, {
			"streams":	[{
					"socket":	6,
					"start":	56.001062,
					"end":	57.000807,
					"seconds":	0.999745011329651,
					"bytes":	1107720,
					"bits_per_second":	8864020.22473105,
					"retransmits":	0,
					"snd_cwnd":	30408,
					"snd_wnd":	3143552,
					"rtt":	51363,
					"rttvar":	766,
					"pmtu":	1500,
					"omitted":	false,
					"sender":	true
				}],
			"sum":	{
				"start":	56.001062,
				"end":	57.000807,
				"seconds":	0.999745011329651,
				"bytes":	1107720,
				"bits_per_second":	8864020.22473105,
				"retransmits":	0,
				"omitted":	false,
				"sender":	true
			}
		}, {
			"streams":	[{
					"socket":	6,
					"start":	57.000807,
					"end":	58.001064,
					"seconds":	1.0002570152282715,
					"bytes":	0,
					"bits_per_second":	0,
					"retransmits":	6,
					"snd_cwnd":	21720,
					"snd_wnd":	3145728,
					"rtt":	53294,
					"rttvar":	3601,
					"pmtu":	1500,
					"omitted":	false,
					"sender":	true
				}],
			"sum":	{
				"start":	57.000807,
				"end":	58.001064,
				"seconds":	1.0002570152282715,
				"bytes":	0,
				"bits_per_second":	0,
				"retransmits":	6,
				"omitted":	false,
				"sender":	true
			}
		}, {
			"streams":	[{
					"socket":	6,
					"start":	58.001064,
					"end":	59.000191,
					"seconds":	0.999126970767975,
					"bytes":	1107720,
					"bits_per_second":	8869503.3356856,
					"retransmits":	2,
					"snd_cwnd":	23168,
					"snd_wnd":	3145728,
					"rtt":	51415,
					"rttvar":	2478,
					"pmtu":	1500,
					"omitted":	false,
					"sender":	true
				}],
			"sum":	{
				"start":	58.001064,
				"end":	59.000191,
				"seconds":	0.999126970767975,
				"bytes":	1107720,
				"bits_per_second":	8869503.3356856,
				"retransmits":	2,
				"omitted":	false,
				"sender":	true
			}
		}, {
			"streams":	[{
					"socket":	6,
					"start":	59.000191,
					"end":	60.001051,
					"seconds":	1.0008599758148193,
					"bytes":	0,
					"bits_per_second":	0,
					"retransmits":	6,
					"snd_cwnd":	26064,
					"snd_wnd":	3145728,
					"rtt":	53186,
					"rttvar":	851,
					"pmtu":	1500,
					"omitted":	false,
					"sender":	true
				}],
			"sum":	{
				"start":	59.000191,
				"end":	60.001051,
				"seconds":	1.0008599758148193,
				"bytes":	0,
				"bits_per_second":	0,
				"retransmits":	6,
				"omitted":	false,
				"sender":	true
			}
		}],
	"end":	{
		"streams":	[{
				"sender":	{
					"socket":	6,
					"start":	0,
					"end":	60.001051,
					"seconds":	60.001051,
					"bytes":	30849640,
					"bits_per_second":	4113213.2835473167,
					"retransmits":	487,
					"max_snd_cwnd":	136112,
					"max_snd_wnd":	3145728,
					"max_rtt":	59931,
					"min_rtt":	50198,
					"mean_rtt":	53896,
					"sender":	true
				},
				"receiver":	{
					"socket":	6,
					"start":	0,
					"end":	60.056534,
					"seconds":	60.001051,
					"bytes":	28166496,
					"bits_per_second":	3751997.5428485433,
					"sender":	true
				}
			}],
		"sum_sent":	{
			"start":	0,
			"end":	60.001051,
			"seconds":	60.001051,
			"bytes":	30849640,
			"bits_per_second":	4113213.2835473167,
			"retransmits":	487,
			"sender":	true
		},
		"sum_received":	{
			"start":	0,
			"end":	60.056534,
			"seconds":	60.056534,
			"bytes":	28166496,
			"bits_per_second":	3751997.5428485433,
			"sender":	true
		},
		"cpu_utilization_percent":	{
			"host_total":	0.096460753112446423,
			"host_user":	0.015157121713580964,
			"host_system":	0.08130363139886547,
			"remote_total":	0.31046071893139515,
			"remote_user":	0.036027709949577359,
			"remote_system":	0.27443134388453311
		},
		"sender_tcp_congestion":	"cubic",
		"receiver_tcp_congestion":	"cubic"
	}
}
