{
	"start":	{
		"connected":	[{
				"socket":	6,
				"local_host":	"192.168.101.210",
				"local_port":	45650,
				"remote_host":	"192.168.100.168",
				"remote_port":	5202
			}],
		"version":	"iperf 3.11",
		"system_info":	"Linux f1 6.0.10-300.fc37.x86_64 #1 SMP PREEMPT_DYNAMIC Sat Nov 26 16:55:13 UTC 2022 x86_64",
		"timestamp":	{
			"time":	"Sat, 10 Dec 2022 17:22:47 GMT",
			"timesecs":	1670692967
		},
		"connecting_to":	{
			"host":	"192.168.100.168",
			"port":	5202
		},
		"cookie":	"dux5r2ov2ohzhczlatth2wt77stiihnoabu3",
		"tcp_mss_default":	1448,
		"target_bitrate":	0,
		"sock_bufsize":	0,
		"sndbuf_actual":	16384,
		"rcvbuf_actual":	131072,
		"test_start":	{
			"protocol":	"TCP",
			"num_streams":	1,
			"blksize":	131072,
			"omit":	0,
			"duration":	60,
			"bytes":	0,
			"blocks":	0,
			"reverse":	0,
			"tos":	0,
			"target_bitrate":	0
		}
	},
	"intervals":	[{
			"streams":	[{
					"socket":	6,
					"start":	0,
					"end":	1.00008,
					"seconds":	1.0000799894332886,
					"bytes":	1578320,
					"bits_per_second":	12625550.089403393,
					"retransmits":	0,
					"snd_cwnd":	183896,
					"snd_wnd":	313216,
					"rtt":	204437,
					"rttvar":	7155,
					"pmtu":	1500,
					"omitted":	false,
					"sender":	true
				}],
			"sum":	{
				"start":	0,
				"end":	1.00008,
				"seconds":	1.0000799894332886,
				"bytes":	1578320,
				"bits_per_second":	12625550.089403393,
				"retransmits":	0,
				"omitted":	false,
				"sender":	true
			}
		}, {
			"streams":	[{
					"socket":	6,
					"start":	1.00008,
					"end":	2.00059,
					"seconds":	1.0005099773406982,
					"bytes":	1824480,
					"bits_per_second":	14588400.24643728,
					"retransmits":	0,
					"snd_cwnd":	432952,
					"snd_wnd":	1248512,
					"rtt":	479700,
					"rttvar":	7722,
					"pmtu":	1500,
					"omitted":	false,
					"sender":	true
				}],
			"sum":	{
				"start":	1.00008,
				"end":	2.00059,
				"seconds":	1.0005099773406982,
				"bytes":	1824480,
				"bits_per_second":	14588400.24643728,
				"retransmits":	0,
				"omitted":	false,
				"sender":	true
			}
		}, {
			"streams":	[{
					"socket":	6,
					"start":	2.00059,
					"end":	3.000796,
					"seconds":	1.0002059936523438,
					"bytes":	1184720,
					"bits_per_second":	9475808.04369217,
					"retransmits":	0,
					"snd_cwnd":	460464,
					"snd_wnd":	1572608,
					"rtt":	583795,
					"rttvar":	2508,
					"pmtu":	1500,
					"omitted":	false,
					"sender":	true
				}],
			"sum":	{
				"start":	2.00059,
				"end":	3.000796,
				"seconds":	1.0002059936523438,
				"bytes":	1184720,
				"bits_per_second":	9475808.04369217,
				"retransmits":	0,
				"omitted":	false,
				"sender":	true
			}
		}, {
			"streams":	[{
					"socket":	6,
					"start":	3.000796,
					"end":	4.000408,
					"seconds":	0.99961197376251221,
					"bytes":	1310720,
					"bits_per_second":	10489830.3293946,
					"retransmits":	0,
					"snd_cwnd":	460464,
					"snd_wnd":	1572608,
					"rtt":	607121,
					"rttvar":	390,
					"pmtu":	1500,
					"omitted":	false,
					"sender":	true
				}],
			"sum":	{
				"start":	3.000796,
				"end":	4.000408,
				"seconds":	0.99961197376251221,
				"bytes":	1310720,
				"bits_per_second":	10489830.3293946,
				"retransmits":	0,
				"omitted":	false,
				"sender":	true
			}
		}, {
			"streams":	[{
					"socket":	6,
					"start":	4.000408,
					"end":	5.001033,
					"seconds":	1.0006250143051147,
					"bytes":	0,
					"bits_per_second":	0,
					"retransmits":	0,
					"snd_cwnd":	529968,
					"snd_wnd":	1572608,
					"rtt":	625351,
					"rttvar":	1093,
					"pmtu":	1500,
					"omitted":	false,
					"sender":	true
				}],
			"sum":	{
				"start":	4.000408,
				"end":	5.001033,
				"seconds":	1.0006250143051147,
				"bytes":	0,
				"bits_per_second":	0,
				"retransmits":	0,
				"omitted":	false,
				"sender":	true
			}
		}, {
			"streams":	[{
					"socket":	6,
					"start":	5.001033,
					"end":	6.000505,
					"seconds":	0.99947202205657959,
					"bytes":	1310720,
					"bits_per_second":	10491299.174561994,
					"retransmits":	0,
					"snd_cwnd":	390960,
					"snd_wnd":	1572608,
					"rtt":	517992,
					"rttvar":	11587,
					"pmtu":	1500,
					"omitted":	false,
					"sender":	true
				}],
			"sum":	{
				"start":	5.001033,
				"end":	6.000505,
				"seconds":	0.99947202205657959,
				"bytes":	1310720,
				"bits_per_second":	10491299.174561994,
				"retransmits":	0,
				"omitted":	false,
				"sender":	true
			}
		}, {
			"streams":	[{
					"socket":	6,
					"start":	6.000505,
					"end":	7.001034,
					"seconds":	1.0005290508270264,
					"bytes":	0,
					"bits_per_second":	0,
					"retransmits":	0,
					"snd_cwnd":	388064,
					"snd_wnd":	1572608,
					"rtt":	618037,
					"rttvar":	1299,
					"pmtu":	1500,
					"omitted":	false,
					"sender":	true
				}],
			"sum":	{
				"start":	6.000505,
				"end":	7.001034,
				"seconds":	1.0005290508270264,
				"bytes":	0,
				"bits_per_second":	0,
				"retransmits":	0,
				"omitted":	false,
				"sender":	true
			}
		}, {
			"streams":	[{
					"socket":	6,
					"start":	7.001034,
					"end":	8.000327,
					"seconds":	0.999293029308319,
					"bytes":	1310720,
					"bits_per_second":	10493178.369569866,
					"retransmits":	0,
					"snd_cwnd":	390960,
					"snd_wnd":	1572608,
					"rtt":	639375,
					"rttvar":	522,
					"pmtu":	1500,
					"omitted":	false,
					"sender":	true
				}],
			"sum":	{
				"start":	7.001034,
				"end":	8.000327,
				"seconds":	0.999293029308319,
				"bytes":	1310720,
				"bits_per_second":	10493178.369569866,
				"retransmits":	0,
				"omitted":	false,
				"sender":	true
			}
		}, {
			"streams":	[{
					"socket":	6,
					"start":	8.000327,
					"end":	9.001038,
					"seconds":	1.0007109642028809,
					"bytes":	0,
					"bits_per_second":	0,
					"retransmits":	0,
					"snd_cwnd":	388064,
					"snd_wnd":	1572608,
					"rtt":	671108,
					"rttvar":	4142,
					"pmtu":	1500,
					"omitted":	false,
					"sender":	true
				}],
			"sum":	{
				"start":	8.000327,
				"end":	9.001038,
				"seconds":	1.0007109642028809,
				"bytes":	0,
				"bits_per_second":	0,
				"retransmits":	0,
				"omitted":	false,
				"sender":	true
			}
		}, {
			"streams":	[{
					"socket":	6,
					"start":	9.001038,
					"end":	10.001035,
					"seconds":	0.99999701976776123,
					"bytes":	0,
					"bits_per_second":	0,
					"retransmits":	0,
					"snd_cwnd":	315664,
					"snd_wnd":	1572608,
					"rtt":	739973,
					"rttvar":	4177,
					"pmtu":	1500,
					"omitted":	false,
					"sender":	true
				}],
			"sum":	{
				"start":	9.001038,
				"end":	10.001035,
				"seconds":	0.99999701976776123,
				"bytes":	0,
				"bits_per_second":	0,
				"retransmits":	0,
				"omitted":	false,
				"sender":	true
			}
		}, {
			"streams":	[{
					"socket":	6,
					"start":	10.001035,
					"end":	11.000991,
					"seconds":	0.99995601177215576,
					"bytes":	1310720,
					"bits_per_second":	10486221.270290462,
					"retransmits":	0,
					"snd_cwnd":	5792,
					"snd_wnd":	1572608,
					"rtt":	773948,
					"rttvar":	5588,
					"pmtu":	1500,
					"omitted":	false,
					"sender":	true
				}],
			"sum":	{
				"start":	10.001035,
				"end":	11.000991,
				"seconds":	0.99995601177215576,
				"bytes":	1310720,
				"bits_per_second":	10486221.270290462,
				"retransmits":	0,
				"omitted":	false,
				"sender":	true
			}
		}, {
			"streams":	[{
					"socket":	6,
					"start":	11.000991,
					"end":	12.001043,
					"seconds":	1.0000519752502441,
					"bytes":	0,
					"bits_per_second":	0,
					"retransmits":	0,
					"snd_cwnd":	5792,
					"snd_wnd":	1572608,
					"rtt":	851278,
					"rttvar":	8708,
					"pmtu":	1500,
					"omitted":	false,
					"sender":	true
				}],
			"sum":	{
				"start":	11.000991,
				"end":	12.001043,
				"seconds":	1.0000519752502441,
				"bytes":	0,
				"bits_per_second":	0,
				"retransmits":	0,
				"omitted":	false,
				"sender":	true
			}
		}, {
			"streams":	[{
					"socket":	6,
					"start":	12.001043,
					"end":	13.001035,
					"seconds":	0.9999920129776,
					"bytes":	0,
					"bits_per_second":	0,
					"retransmits":	0,
					"snd_cwnd":	321456,
					"snd_wnd":	1570816,
					"rtt":	819990,
					"rttvar":	15862,
					"pmtu":	1500,
					"omitted":	false,
					"sender":	true
				}],
			"sum":	{
				"start":	12.001043,
				"end":	13.001035,
				"seconds":	0.9999920129776,
				"bytes":	0,
				"bits_per_second":	0,
				"retransmits":	0,
				"omitted":	false,
				"sender":	true
			}
		}, {
			"streams":	[{
					"socket":	6,
					"start":	13.001035,
					"end":	14.001036,
					"seconds":	1.0000009536743164,
					"bytes":	0,
					"bits_per_second":	0,
					"retransmits":	0,
					"snd_cwnd":	582096,
					"snd_wnd":	1572608,
					"rtt":	1096658,
					"rttvar":	25905,
					"pmtu":	1500,
					"omitted":	false,
					"sender":	true
				}],
			"sum":	{
				"start":	13.001035,
				"end":	14.001036,
				"seconds":	1.0000009536743164,
				"bytes":	0,
				"bits_per_second":	0,
				"retransmits":	0,
				"omitted":	false,
				"sender":	true
			}
		}, {
			"streams":	[{
					"socket":	6,
					"start":	14.001036,
					"end":	15.001036,
					"seconds":	1,
					"bytes":	0,
					"bits_per_second":	0,
					"retransmits":	0,
					"snd_cwnd":	819568,
					"snd_wnd":	1572608,
					"rtt":	1354586,
					"rttvar":	13308,
					"pmtu":	1500,
					"omitted":	false,
					"sender":	true
				}],
			"sum":	{
				"start":	14.001036,
				"end":	15.001036,
				"seconds":	1,
				"bytes":	0,
				"bits_per_second":	0,
				"retransmits":	0,
				"omitted":	false,
				"sender":	true
			}
		}, {
			"streams":	[{
					"socket":	6,
					"start":	15.001036,
					"end":	16.000384,
					"seconds":	0.999347984790802,
					"bytes":	1310720,
					"bits_per_second":	10492601.3356549,
					"retransmits":	0,
					"snd_cwnd":	822464,
					"snd_wnd":	1572608,
					"rtt":	1662937,
					"rttvar":	28250,
					"pmtu":	1500,
					"omitted":	false,
					"sender":	true
				}],
			"sum":	{
				"start":	15.001036,
				"end":	16.000384,
				"seconds":	0.999347984790802,
				"bytes":	1310720,
				"bits_per_second":	10492601.3356549,
				"retransmits":	0,
				"omitted":	false,
				"sender":	true
			}
		}, {
			"streams":	[{
					"socket":	6,
					"start":	16.000384,
					"end":	17.001065,
					"seconds":	1.0006810426712036,
					"bytes":	0,
					"bits_per_second":	0,
					"retransmits":	0,
					"snd_cwnd":	819568,
					"snd_wnd":	1572608,
					"rtt":	1869679,
					"rttvar":	9814,
					"pmtu":	1500,
					"omitted":	false,
					"sender":	true
				}],
			"sum":	{
				"start":	16.000384,
				"end":	17.001065,
				"seconds":	1.0006810426712036,
				"bytes":	0,
				"bits_per_second":	0,
				"retransmits":	0,
				"omitted":	false,
				"sender":	true
			}
		}, {
			"streams":	[{
					"socket":	6,
					"start":	17.001065,
					"end":	18.001036,
					"seconds":	0.99997097253799438,
					"bytes":	0,
					"bits_per_second":	0,
					"retransmits":	0,
					"snd_cwnd":	822464,
					"snd_wnd":	1810048,
					"rtt":	2129348,
					"rttvar":	17392,
					"pmtu":	1500,
					"omitted":	false,
					"sender":	true
				}],
			"sum":	{
				"start":	17.001065,
				"end":	18.001036,
				"seconds":	0.99997097253799438,
				"bytes":	0,
				"bits_per_second":	0,
				"retransmits":	0,
				"omitted":	false,
				"sender":	true
			}
		}, {
			"streams":	[{
					"socket":	6,
					"start":	18.001036,
					"end":	19.001034,
					"seconds":	0.99999797344207764,
					"bytes":	0,
					"bits_per_second":	0,
					"retransmits":	0,
					"snd_cwnd":	822464,
					"snd_wnd":	2192384,
					"rtt":	2334547,
					"rttvar":	10409,
					"pmtu":	1500,
					"omitted":	false,
					"sender":	true
				}],
			"sum":	{
				"start":	18.001036,
				"end":	19.001034,
				"seconds":	0.99999797344207764,
				"bytes":	0,
				"bits_per_second":	0,
				"retransmits":	0,
				"omitted":	false,
				"sender":	true
			}
		}, {
			"streams":	[{
					"socket":	6,
					"start":	19.001034,
					"end":	20.000393,
					"seconds":	0.99935901165008545,
					"bytes":	1310720,
					"bits_per_second":	10492485.561006252,
					"retransmits":	0,
					"snd_cwnd":	854320,
					"snd_wnd":	2777344,
					"rtt":	2519845,
					"rttvar":	15697,
					"pmtu":	1500,
					"omitted":	false,
					"sender":	true
				}],
			"sum":	{
				"start":	19.001034,
				"end":	20.000393,
				"seconds":	0.99935901165008545,
				"bytes":	1310720,
				"bits_per_second":	10492485.561006252,
				"retransmits":	0,
				"omitted":	false,
				"sender":	true
			}
		}, {
			"streams":	[{
					"socket":	6,
					"start":	20.000393,
					"end":	21.001065,
					"seconds":	1.0006719827651978,
					"bytes":	0,
					"bits_per_second":	0,
					"retransmits":	0,
					"snd_cwnd":	854320,
					"snd_wnd":	3009152,
					"rtt":	2701106,
					"rttvar":	14017,
					"pmtu":	1500,
					"omitted":	false,
					"sender":	true
				}],
			"sum":	{
				"start":	20.000393,
				"end":	21.001065,
				"seconds":	1.0006719827651978,
				"bytes":	0,
				"bits_per_second":	0,
				"retransmits":	0,
				"omitted":	false,
				"sender":	true
			}
		}, {
			"streams":	[{
					"socket":	6,
					"start":	21.001065,
					"end":	22.001041,
					"seconds":	0.99997597932815552,
					"bytes":	0,
					"bits_per_second":	0,
					"retransmits":	0,
					"snd_cwnd":	857216,
					"snd_wnd":	3009152,
					"rtt":	3015788,
					"rttvar":	23647,
					"pmtu":	1500,
					"omitted":	false,
					"sender":	true
				}],
			"sum":	{
				"start":	21.001065,
				"end":	22.001041,
				"seconds":	0.99997597932815552,
				"bytes":	0,
				"bits_per_second":	0,
				"retransmits":	0,
				"omitted":	false,
				"sender":	true
			}
		}, {
			"streams":	[{
					"socket":	6,
					"start":	22.001041,
					"end":	23.001036,
					"seconds":	0.999994993209839,
					"bytes":	0,
					"bits_per_second":	0,
					"retransmits":	0,
					"snd_cwnd":	868800,
					"snd_wnd":	3009152,
					"rtt":	2363289,
					"rttvar":	42788,
					"pmtu":	1500,
					"omitted":	false,
					"sender":	true
				}],
			"sum":	{
				"start":	22.001041,
				"end":	23.001036,
				"seconds":	0.999994993209839,
				"bytes":	0,
				"bits_per_second":	0,
				"retransmits":	0,
				"omitted":	false,
				"sender":	true
			}
		}, {
			"streams":	[{
					"socket":	6,
					"start":	23.001036,
					"end":	24.000323,
					"seconds":	0.99928700923919678,
					"bytes":	1310720,
					"bits_per_second":	10493241.584300483,
					"retransmits":	0,
					"snd_cwnd":	5792,
					"snd_wnd":	3009152,
					"rtt":	2925795,
					"rttvar":	45609,
					"pmtu":	1500,
					"omitted":	false,
					"sender":	true
				}],
			"sum":	{
				"start":	23.001036,
				"end":	24.000323,
				"seconds":	0.99928700923919678,
				"bytes":	1310720,
				"bits_per_second":	10493241.584300483,
				"retransmits":	0,
				"omitted":	false,
				"sender":	true
			}
		}, {
			"streams":	[{
					"socket":	6,
					"start":	24.000323,
					"end":	25.001042,
					"seconds":	1.0007189512252808,
					"bytes":	0,
					"bits_per_second":	0,
					"retransmits":	0,
					"snd_cwnd":	5792,
					"snd_wnd":	3009152,
					"rtt":	2933522,
					"rttvar":	44524,
					"pmtu":	1500,
					"omitted":	false,
					"sender":	true
				}],
			"sum":	{
				"start":	24.000323,
				"end":	25.001042,
				"seconds":	1.0007189512252808,
				"bytes":	0,
				"bits_per_second":	0,
				"retransmits":	0,
				"omitted":	false,
				"sender":	true
			}
		}, {
			"streams":	[{
					"socket":	6,
					"start":	25.001042,
					"end":	26.001036,
					"seconds":	0.99999397993087769,
					"bytes":	0,
					"bits_per_second":	0,
					"retransmits":	0,
					"snd_cwnd":	5792,
					"snd_wnd":	3009152,
					"rtt":	2407054,
					"rttvar":	96394,
					"pmtu":	1500,
					"omitted":	false,
					"sender":	true
				}],
			"sum":	{
				"start":	25.001042,
				"end":	26.001036,
				"seconds":	0.99999397993087769,
				"bytes":	0,
				"bits_per_second":	0,
				"retransmits":	0,
				"omitted":	false,
				"sender":	true
			}
		}, {
			"streams":	[{
					"socket":	6,
					"start":	26.001036,
					"end":	27.001065,
					"seconds":	1.0000289678573608,
					"bytes":	0,
					"bits_per_second":	0,
					"retransmits":	0,
					"snd_cwnd":	5792,
					"snd_wnd":	3008768,
					"rtt":	2629097,
					"rttvar":	439189,
					"pmtu":	1500,
					"omitted":	false,
					"sender":	true
				}],
			"sum":	{
				"start":	26.001036,
				"end":	27.001065,
				"seconds":	1.0000289678573608,
				"bytes":	0,
				"bits_per_second":	0,
				"retransmits":	0,
				"omitted":	false,
				"sender":	true
			}
		}, {
			"streams":	[{
					"socket":	6,
					"start":	27.001065,
					"end":	28.001064,
					"seconds":	0.99999898672103882,
					"bytes":	0,
					"bits_per_second":	0,
					"retransmits":	0,
					"snd_cwnd":	5792,
					"snd_wnd":	3008768,
					"rtt":	2629097,
					"rttvar":	439189,
					"pmtu":	1500,
					"omitted":	false,
					"sender":	true
				}],
			"sum":	{
				"start":	27.001065,
				"end":	28.001064,
				"seconds":	0.99999898672103882,
				"bytes":	0,
				"bits_per_second":	0,
				"retransmits":	0,
				"omitted":	false,
				"sender":	true
			}
		}, {
			"streams":	[{
					"socket":	6,
					"start":	28.001064,
					"end":	29.00106,
					"seconds":	0.9999960064888,
					"bytes":	0,
					"bits_per_second":	0,
					"retransmits":	0,
					"snd_cwnd":	874592,
					"snd_wnd":	3007616,
					"rtt":	2543324,
					"rttvar":	395961,
					"pmtu":	1500,
					"omitted":	false,
					"sender":	true
				}],
			"sum":	{
				"start":	28.001064,
				"end":	29.00106,
				"seconds":	0.9999960064888,
				"bytes":	0,
				"bits_per_second":	0,
				"retransmits":	0,
				"omitted":	false,
				"sender":	true
			}
		}, {
			"streams":	[{
					"socket":	6,
					"start":	29.00106,
					"end":	30.00103,
					"seconds":	0.999970018863678,
					"bytes":	0,
					"bits_per_second":	0,
					"retransmits":	0,
					"snd_cwnd":	874592,
					"snd_wnd":	3007616,
					"rtt":	2543324,
					"rttvar":	395961,
					"pmtu":	1500,
					"omitted":	false,
					"sender":	true
				}],
			"sum":	{
				"start":	29.00106,
				"end":	30.00103,
				"seconds":	0.999970018863678,
				"bytes":	0,
				"bits_per_second":	0,
				"retransmits":	0,
				"omitted":	false,
				"sender":	true
			}
		}, {
			"streams":	[{
					"socket":	6,
					"start":	30.00103,
					"end":	31.001034,
					"seconds":	1.0000040531158447,
					"bytes":	0,
					"bits_per_second":	0,
					"retransmits":	0,
					"snd_cwnd":	1054144,
					"snd_wnd":	3009152,
					"rtt":	2050521,
					"rttvar":	22606,
					"pmtu":	1500,
					"omitted":	false,
					"sender":	true
				}],
			"sum":	{
				"start":	30.00103,
				"end":	31.001034,
				"seconds":	1.0000040531158447,
				"bytes":	0,
				"bits_per_second":	0,
				"retransmits":	0,
				"omitted":	false,
				"sender":	true
			}
		}, {
			"streams":	[{
					"socket":	6,
					"start":	31.001034,
					"end":	32.001045,
					"seconds":	1.0000109672546387,
					"bytes":	0,
					"bits_per_second":	0,
					"retransmits":	0,
					"snd_cwnd":	1206184,
					"snd_wnd":	3009152,
					"rtt":	1961413,
					"rttvar":	123581,
					"pmtu":	1500,
					"omitted":	false,
					"sender":	true
				}],
			"sum":	{
				"start":	31.001034,
				"end":	32.001045,
				"seconds":	1.0000109672546387,
				"bytes":	0,
				"bits_per_second":	0,
				"retransmits":	0,
				"omitted":	false,
				"sender":	true
			}
		}, {
			"streams":	[{
					"socket":	6,
					"start":	32.001045,
					"end":	33.000426,
					"seconds":	0.99938100576400757,
					"bytes":	1310720,
					"bits_per_second":	10492254.645147912,
					"retransmits":	0,
					"snd_cwnd":	1747736,
					"snd_wnd":	3009152,
					"rtt":	2481078,
					"rttvar":	22358,
					"pmtu":	1500,
					"omitted":	false,
					"sender":	true
				}],
			"sum":	{
				"start":	32.001045,
				"end":	33.000426,
				"seconds":	0.99938100576400757,
				"bytes":	1310720,
				"bits_per_second":	10492254.645147912,
				"retransmits":	0,
				"omitted":	false,
				"sender":	true
			}
		}, {
			"streams":	[{
					"socket":	6,
					"start":	33.000426,
					"end":	34.001036,
					"seconds":	1.0006099939346313,
					"bytes":	0,
					"bits_per_second":	0,
					"retransmits":	0,
					"snd_cwnd":	1494336,
					"snd_wnd":	3009152,
					"rtt":	2687051,
					"rttvar":	20613,
					"pmtu":	1500,
					"omitted":	false,
					"sender":	true
				}],
			"sum":	{
				"start":	33.000426,
				"end":	34.001036,
				"seconds":	1.0006099939346313,
				"bytes":	0,
				"bits_per_second":	0,
				"retransmits":	0,
				"omitted":	false,
				"sender":	true
			}
		}, {
			"streams":	[{
					"socket":	6,
					"start":	34.001036,
					"end":	35.001047,
					"seconds":	1.0000109672546387,
					"bytes":	0,
					"bits_per_second":	0,
					"retransmits":	0,
					"snd_cwnd":	1531984,
					"snd_wnd":	3008768,
					"rtt":	2567357,
					"rttvar":	170123,
					"pmtu":	1500,
					"omitted":	false,
					"sender":	true
				}],
			"sum":	{
				"start":	34.001036,
				"end":	35.001047,
				"seconds":	1.0000109672546387,
				"bytes":	0,
				"bits_per_second":	0,
				"retransmits":	0,
				"omitted":	false,
				"sender":	true
			}
		}, {
			"streams":	[{
					"socket":	6,
					"start":	35.001047,
					"end":	36.000137,
					"seconds":	0.999090015888214,
					"bytes":	1310720,
					"bits_per_second":	10495310.565863194,
					"retransmits":	0,
					"snd_cwnd":	1534880,
					"snd_wnd":	3009152,
					"rtt":	2703106,
					"rttvar":	22316,
					"pmtu":	1500,
					"omitted":	false,
					"sender":	true
				}],
			"sum":	{
				"start":	35.001047,
				"end":	36.000137,
				"seconds":	0.999090015888214,
				"bytes":	1310720,
				"bits_per_second":	10495310.565863194,
				"retransmits":	0,
				"omitted":	false,
				"sender":	true
			}
		}, {
			"streams":	[{
					"socket":	6,
					"start":	36.000137,
					"end":	37.001041,
					"seconds":	1.0009039640426636,
					"bytes":	0,
					"bits_per_second":	0,
					"retransmits":	0,
					"snd_cwnd":	1534880,
					"snd_wnd":	3032320,
					"rtt":	3193263,
					"rttvar":	561194,
					"pmtu":	1500,
					"omitted":	false,
					"sender":	true
				}],
			"sum":	{
				"start":	36.000137,
				"end":	37.001041,
				"seconds":	1.0009039640426636,
				"bytes":	0,
				"bits_per_second":	0,
				"retransmits":	0,
				"omitted":	false,
				"sender":	true
			}
		}, {
			"streams":	[{
					"socket":	6,
					"start":	37.001041,
					"end":	38.00104,
					"seconds":	0.99999898672103882,
					"bytes":	0,
					"bits_per_second":	0,
					"retransmits":	0,
					"snd_cwnd":	1691264,
					"snd_wnd":	3143936,
					"rtt":	2857774,
					"rttvar":	40328,
					"pmtu":	1500,
					"omitted":	false,
					"sender":	true
				}],
			"sum":	{
				"start":	37.001041,
				"end":	38.00104,
				"seconds":	0.99999898672103882,
				"bytes":	0,
				"bits_per_second":	0,
				"retransmits":	0,
				"omitted":	false,
				"sender":	true
			}
		}, {
			"streams":	[{
					"socket":	6,
					"start":	38.00104,
					"end":	39.001028,
					"seconds":	0.9999880194664,
					"bytes":	0,
					"bits_per_second":	0,
					"retransmits":	0,
					"snd_cwnd":	1699952,
					"snd_wnd":	3143936,
					"rtt":	3112450,
					"rttvar":	28455,
					"pmtu":	1500,
					"omitted":	false,
					"sender":	true
				}],
			"sum":	{
				"start":	38.00104,
				"end":	39.001028,
				"seconds":	0.9999880194664,
				"bytes":	0,
				"bits_per_second":	0,
				"retransmits":	0,
				"omitted":	false,
				"sender":	true
			}
		}, {
			"streams":	[{
					"socket":	6,
					"start":	39.001028,
					"end":	40.000853,
					"seconds":	0.99982500076293945,
					"bytes":	1310720,
					"bits_per_second":	10487595.321179805,
					"retransmits":	0,
					"snd_cwnd":	1699952,
					"snd_wnd":	3143936,
					"rtt":	2763489,
					"rttvar":	45735,
					"pmtu":	1500,
					"omitted":	false,
					"sender":	true
				}],
			"sum":	{
				"start":	39.001028,
				"end":	40.000853,
				"seconds":	0.99982500076293945,
				"bytes":	1310720,
				"bits_per_second":	10487595.321179805,
				"retransmits":	0,
				"omitted":	false,
				"sender":	true
			}
		}, {
			"streams":	[{
					"socket":	6,
					"start":	40.000853,
					"end":	41.001067,
					"seconds":	1.0002139806747437,
					"bytes":	0,
					"bits_per_second":	0,
					"retransmits":	0,
					"snd_cwnd":	1699952,
					"snd_wnd":	3143936,
					"rtt":	2816190,
					"rttvar":	48898,
					"pmtu":	1500,
					"omitted":	false,
					"sender":	true
				}],
			"sum":	{
				"start":	40.000853,
				"end":	41.001067,
				"seconds":	1.0002139806747437,
				"bytes":	0,
				"bits_per_second":	0,
				"retransmits":	0,
				"omitted":	false,
				"sender":	true
			}
		}, {
			"streams":	[{
					"socket":	6,
					"start":	41.001067,
					"end":	42.001266,
					"seconds":	1.00019896030426,
					"bytes":	0,
					"bits_per_second":	0,
					"retransmits":	0,
					"snd_cwnd":	5792,
					"snd_wnd":	3143936,
					"rtt":	3314913,
					"rttvar":	543186,
					"pmtu":	1500,
					"omitted":	false,
					"sender":	true
				}],
			"sum":	{
				"start":	41.001067,
				"end":	42.001266,
				"seconds":	1.00019896030426,
				"bytes":	0,
				"bits_per_second":	0,
				"retransmits":	0,
				"omitted":	false,
				"sender":	true
			}
		}, {
			"streams":	[{
					"socket":	6,
					"start":	42.001266,
					"end":	43.000687,
					"seconds":	0.999421000480652,
					"bytes":	1310720,
					"bits_per_second":	10491834.76728734,
					"retransmits":	0,
					"snd_cwnd":	5792,
					"snd_wnd":	3143936,
					"rtt":	2689959,
					"rttvar":	52696,
					"pmtu":	1500,
					"omitted":	false,
					"sender":	true
				}],
			"sum":	{
				"start":	42.001266,
				"end":	43.000687,
				"seconds":	0.999421000480652,
				"bytes":	1310720,
				"bits_per_second":	10491834.76728734,
				"retransmits":	0,
				"omitted":	false,
				"sender":	true
			}
		}, {
			"streams":	[{
					"socket":	6,
					"start":	43.000687,
					"end":	44.001067,
					"seconds":	1.0003800392150879,
					"bytes":	0,
					"bits_per_second":	0,
					"retransmits":	0,
					"snd_cwnd":	5792,
					"snd_wnd":	3143936,
					"rtt":	2890532,
					"rttvar":	34533,
					"pmtu":	1500,
					"omitted":	false,
					"sender":	true
				}],
			"sum":	{
				"start":	43.000687,
				"end":	44.001067,
				"seconds":	1.0003800392150879,
				"bytes":	0,
				"bits_per_second":	0,
				"retransmits":	0,
				"omitted":	false,
				"sender":	true
			}
		}, {
			"streams":	[{
					"socket":	6,
					"start":	44.001067,
					"end":	45.001261,
					"seconds":	1.0001939535140991,
					"bytes":	0,
					"bits_per_second":	0,
					"retransmits":	0,
					"snd_cwnd":	5792,
					"snd_wnd":	3143936,
					"rtt":	2755378,
					"rttvar":	34477,
					"pmtu":	1500,
					"omitted":	false,
					"sender":	true
				}],
			"sum":	{
				"start":	44.001067,
				"end":	45.001261,
				"seconds":	1.0001939535140991,
				"bytes":	0,
				"bits_per_second":	0,
				"retransmits":	0,
				"omitted":	false,
				"sender":	true
			}
		}, {
			"streams":	[{
					"socket":	6,
					"start":	45.001261,
					"end":	46.001063,
					"seconds":	0.999801993370056,
					"bytes":	0,
					"bits_per_second":	0,
					"retransmits":	0,
					"snd_cwnd":	5792,
					"snd_wnd":	3143936,
					"rtt":	2755378,
					"rttvar":	34477,
					"pmtu":	1500,
					"omitted":	false,
					"sender":	true
				}],
			"sum":	{
				"start":	45.001261,
				"end":	46.001063,
				"seconds":	0.999801993370056,
				"bytes":	0,
				"bits_per_second":	0,
				"retransmits":	0,
				"omitted":	false,
				"sender":	true
			}
		}, {
			"streams":	[{
					"socket":	6,
					"start":	46.001063,
					"end":	47.001053,
					"seconds":	0.99998998641967773,
					"bytes":	0,
					"bits_per_second":	0,
					"retransmits":	0,
					"snd_cwnd":	1705744,
					"snd_wnd":	3143936,
					"rtt":	2570414,
					"rttvar":	76034,
					"pmtu":	1500,
					"omitted":	false,
					"sender":	true
				}],
			"sum":	{
				"start":	46.001063,
				"end":	47.001053,
				"seconds":	0.99998998641967773,
				"bytes":	0,
				"bits_per_second":	0,
				"retransmits":	0,
				"omitted":	false,
				"sender":	true
			}
		}, {
			"streams":	[{
					"socket":	6,
					"start":	47.001053,
					"end":	48.001027,
					"seconds":	0.999974012374878,
					"bytes":	0,
					"bits_per_second":	0,
					"retransmits":	0,
					"snd_cwnd":	1705744,
					"snd_wnd":	3143936,
					"rtt":	2570414,
					"rttvar":	76034,
					"pmtu":	1500,
					"omitted":	false,
					"sender":	true
				}],
			"sum":	{
				"start":	47.001053,
				"end":	48.001027,
				"seconds":	0.999974012374878,
				"bytes":	0,
				"bits_per_second":	0,
				"retransmits":	0,
				"omitted":	false,
				"sender":	true
			}
		}, {
			"streams":	[{
					"socket":	6,
					"start":	48.001027,
					"end":	49.001046,
					"seconds":	1.0000189542770386,
					"bytes":	0,
					"bits_per_second":	0,
					"retransmits":	0,
					"snd_cwnd":	1697056,
					"snd_wnd":	3143936,
					"rtt":	1900564,
					"rttvar":	23670,
					"pmtu":	1500,
					"omitted":	false,
					"sender":	true
				}],
			"sum":	{
				"start":	48.001027,
				"end":	49.001046,
				"seconds":	1.0000189542770386,
				"bytes":	0,
				"bits_per_second":	0,
				"retransmits":	0,
				"omitted":	false,
				"sender":	true
			}
		}, {
			"streams":	[{
					"socket":	6,
					"start":	49.001046,
					"end":	50.001063,
					"seconds":	1.0000170469284058,
					"bytes":	0,
					"bits_per_second":	0,
					"retransmits":	0,
					"snd_cwnd":	1694160,
					"snd_wnd":	3143936,
					"rtt":	2795490,
					"rttvar":	17754,
					"pmtu":	1500,
					"omitted":	false,
					"sender":	true
				}],
			"sum":	{
				"start":	49.001046,
				"end":	50.001063,
				"seconds":	1.0000170469284058,
				"bytes":	0,
				"bits_per_second":	0,
				"retransmits":	0,
				"omitted":	false,
				"sender":	true
			}
		}, {
			"streams":	[{
					"socket":	6,
					"start":	50.001063,
					"end":	51.000818,
					"seconds":	0.999755024909973,
					"bytes":	1310720,
					"bits_per_second":	10488329.379433958,
					"retransmits":	0,
					"snd_cwnd":	1694160,
					"snd_wnd":	3143936,
					"rtt":	2396263,
					"rttvar":	23360,
					"pmtu":	1500,
					"omitted":	false,
					"sender":	true
				}],
			"sum":	{
				"start":	50.001063,
				"end":	51.000818,
				"seconds":	0.999755024909973,
				"bytes":	1310720,
				"bits_per_second":	10488329.379433958,
				"retransmits":	0,
				"omitted":	false,
				"sender":	true
			}
		}, {
			"streams":	[{
					"socket":	6,
					"start":	51.000818,
					"end":	52.001065,
					"seconds":	1.0002470016479492,
					"bytes":	0,
					"bits_per_second":	0,
					"retransmits":	0,
					"snd_cwnd":	1694160,
					"snd_wnd":	3143936,
					"rtt":	2794711,
					"rttvar":	23679,
					"pmtu":	1500,
					"omitted":	false,
					"sender":	true
				}],
			"sum":	{
				"start":	51.000818,
				"end":	52.001065,
				"seconds":	1.0002470016479492,
				"bytes":	0,
				"bits_per_second":	0,
				"retransmits":	0,
				"omitted":	false,
				"sender":	true
			}
		}, {
			"streams":	[{
					"socket":	6,
					"start":	52.001065,
					"end":	53.001062,
					"seconds":	0.99999701976776123,
					"bytes":	0,
					"bits_per_second":	0,
					"retransmits":	0,
					"snd_cwnd":	1708640,
					"snd_wnd":	3143936,
					"rtt":	2819862,
					"rttvar":	157431,
					"pmtu":	1500,
					"omitted":	false,
					"sender":	true
				}],
			"sum":	{
				"start":	52.001065,
				"end":	53.001062,
				"seconds":	0.99999701976776123,
				"bytes":	0,
				"bits_per_second":	0,
				"retransmits":	0,
				"omitted":	false,
				"sender":	true
			}
		}, {
			"streams":	[{
					"socket":	6,
					"start":	53.001062,
					"end":	54.000546,
					"seconds":	0.99948400259017944,
					"bytes":	1310720,
					"bits_per_second":	10491173.418309826,
					"retransmits":	0,
					"snd_cwnd":	1862128,
					"snd_wnd":	3143936,
					"rtt":	2719855,
					"rttvar":	67481,
					"pmtu":	1500,
					"omitted":	false,
					"sender":	true
				}],
			"sum":	{
				"start":	53.001062,
				"end":	54.000546,
				"seconds":	0.99948400259017944,
				"bytes":	1310720,
				"bits_per_second":	10491173.418309826,
				"retransmits":	0,
				"omitted":	false,
				"sender":	true
			}
		}, {
			"streams":	[{
					"socket":	6,
					"start":	54.000546,
					"end":	55.001061,
					"seconds":	1.0005149841308594,
					"bytes":	0,
					"bits_per_second":	0,
					"retransmits":	0,
					"snd_cwnd":	1862128,
					"snd_wnd":	3143936,
					"rtt":	3067384,
					"rttvar":	34505,
					"pmtu":	1500,
					"omitted":	false,
					"sender":	true
				}],
			"sum":	{
				"start":	54.000546,
				"end":	55.001061,
				"seconds":	1.0005149841308594,
				"bytes":	0,
				"bits_per_second":	0,
				"retransmits":	0,
				"omitted":	false,
				"sender":	true
			}
		}, {
			"streams":	[{
					"socket":	6,
					"start":	55.001061,
					"end":	56.001061,
					"seconds":	1,
					"bytes":	0,
					"bits_per_second":	0,
					"retransmits":	0,
					"snd_cwnd":	1862128,
					"snd_wnd":	3143936,
					"rtt":	2681393,
					"rttvar":	43984,
					"pmtu":	1500,
					"omitted":	false,
					"sender":	true
				}],
			"sum":	{
				"start":	55.001061,
				"end":	56.001061,
				"seconds":	1,
				"bytes":	0,
				"bits_per_second":	0,
				"retransmits":	0,
				"omitted":	false,
				"sender":	true
			}
		}, {
			"streams":	[{
					"socket":	6,
					"start":	56.001061,
					"end":	57.000189,
					"seconds":	0.999127984046936,
					"bytes":	1310720,
					"bits_per_second":	10494911.730454955,
					"retransmits":	0,
					"snd_cwnd":	1862128,
					"snd_wnd":	3143936,
					"rtt":	2842750,
					"rttvar":	29550,
					"pmtu":	1500,
					"omitted":	false,
					"sender":	true
				}],
			"sum":	{
				"start":	56.001061,
				"end":	57.000189,
				"seconds":	0.999127984046936,
				"bytes":	1310720,
				"bits_per_second":	10494911.730454955,
				"retransmits":	0,
				"omitted":	false,
				"sender":	true
			}
		}, {
			"streams":	[{
					"socket":	6,
					"start":	57.000189,
					"end":	58.00103,
					"seconds":	1.0008410215377808,
					"bytes":	0,
					"bits_per_second":	0,
					"retransmits":	0,
					"snd_cwnd":	1862128,
					"snd_wnd":	3142528,
					"rtt":	3058021,
					"rttvar":	395085,
					"pmtu":	1500,
					"omitted":	false,
					"sender":	true
				}],
			"sum":	{
				"start":	57.000189,
				"end":	58.00103,
				"seconds":	1.0008410215377808,
				"bytes":	0,
				"bits_per_second":	0,
				"retransmits":	0,
				"omitted":	false,
				"sender":	true
			}
		}, {
			"streams":	[{
					"socket":	6,
					"start":	58.00103,
					"end":	59.001034,
					"seconds":	1.0000040531158447,
					"bytes":	0,
					"bits_per_second":	0,
					"retransmits":	0,
					"snd_cwnd":	1862128,
					"snd_wnd":	3143936,
					"rtt":	2917169,
					"rttvar":	29654,
					"pmtu":	1500,
					"omitted":	false,
					"sender":	true
				}],
			"sum":	{
				"start":	58.00103,
				"end":	59.001034,
				"seconds":	1.0000040531158447,
				"bytes":	0,
				"bits_per_second":	0,
				"retransmits":	0,
				"omitted":	false,
				"sender":	true
			}
		}, {
			"streams":	[{
					"socket":	6,
					"start":	59.001034,
					"end":	60.00104,
					"seconds":	1.0000059604644775,
					"bytes":	0,
					"bits_per_second":	0,
					"retransmits":	0,
					"snd_cwnd":	5792,
					"snd_wnd":	3143936,
					"rtt":	3754208,
					"rttvar":	23400,
					"pmtu":	1500,
					"omitted":	false,
					"sender":	true
				}],
			"sum":	{
				"start":	59.001034,
				"end":	60.00104,
				"seconds":	1.0000059604644775,
				"bytes":	0,
				"bits_per_second":	0,
				"retransmits":	0,
				"omitted":	false,
				"sender":	true
			}
		}],
	"end":	{
		"streams":	[{
				"sender":	{
					"socket":	6,
					"start":	0,
					"end":	60.00104,
					"seconds":	60.00104,
					"bytes":	22937600,
					"bits_per_second":	3058293.6562432917,
					"retransmits":	0,
					"max_snd_cwnd":	1862128,
					"max_snd_wnd":	3143936,
					"max_rtt":	3754208,
					"min_rtt":	204437,
					"mean_rtt":	2171324,
					"sender":	true
				},
				"receiver":	{
					"socket":	6,
					"start":	0,
					"end":	63.575609,
					"seconds":	60.00104,
					"bytes":	22245624,
					"bits_per_second":	2799265.2339358637,
					"sender":	true
				}
			}],
		"sum_sent":	{
			"start":	0,
			"end":	60.00104,
			"seconds":	60.00104,
			"bytes":	22937600,
			"bits_per_second":	3058293.6562432917,
			"retransmits":	0,
			"sender":	true
		},
		"sum_received":	{
			"start":	0,
			"end":	63.575609,
			"seconds":	63.575609,
			"bytes":	22245624,
			"bits_per_second":	2799265.2339358637,
			"sender":	true
		},
		"cpu_utilization_percent":	{
			"host_total":	0.34305706907272326,
			"host_user":	0.053242436068494839,
			"host_system":	0.28981463300422844,
			"remote_total":	0.34084915334933913,
			"remote_user":	0.023737082530883573,
			"remote_system":	0.317113643748184
		},
		"sender_tcp_congestion":	"bbr",
		"receiver_tcp_congestion":	"bbr"
	}
}
