{
	"start":	{
		"connected":	[{
				"socket":	6,
				"local_host":	"192.168.101.210",
				"local_port":	35558,
				"remote_host":	"192.168.100.168",
				"remote_port":	5201
			}],
		"version":	"iperf 3.11",
		"system_info":	"Linux f1 6.0.10-300.fc37.x86_64 #1 SMP PREEMPT_DYNAMIC Sat Nov 26 16:55:13 UTC 2022 x86_64",
		"timestamp":	{
			"time":	"Sat, 10 Dec 2022 17:36:13 GMT",
			"timesecs":	1670693773
		},
		"connecting_to":	{
			"host":	"192.168.100.168",
			"port":	5201
		},
		"cookie":	"2rs7uecuwlqia3tpepw66opi6a3st6mjuit6",
		"tcp_mss_default":	1448,
		"target_bitrate":	0,
		"sock_bufsize":	0,
		"sndbuf_actual":	16384,
		"rcvbuf_actual":	131072,
		"test_start":	{
			"protocol":	"TCP",
			"num_streams":	1,
			"blksize":	131072,
			"omit":	0,
			"duration":	60,
			"bytes":	0,
			"blocks":	0,
			"reverse":	0,
			"tos":	0,
			"target_bitrate":	0
		}
	},
	"intervals":	[{
			"streams":	[{
					"socket":	6,
					"start":	0,
					"end":	1.000135,
					"seconds":	1.0001349449157715,
					"bytes":	16646144,
					"bits_per_second":	133151183.92470041,
					"retransmits":	1248,
					"snd_cwnd":	852872,
					"snd_wnd":	3145728,
					"rtt":	50094,
					"rttvar":	12,
					"pmtu":	1500,
					"omitted":	false,
					"sender":	true
				}],
			"sum":	{
				"start":	0,
				"end":	1.000135,
				"seconds":	1.0001349449157715,
				"bytes":	16646144,
				"bits_per_second":	133151183.92470041,
				"retransmits":	1248,
				"omitted":	false,
				"sender":	true
			}
		}, {
			"streams":	[{
					"socket":	6,
					"start":	1.000135,
					"end":	2.00011,
					"seconds":	0.999975025653839,
					"bytes":	18350080,
					"bits_per_second":	146804306.34156448,
					"retransmits":	0,
					"snd_cwnd":	918032,
					"snd_wnd":	3145728,
					"rtt":	50089,
					"rttvar":	16,
					"pmtu":	1500,
					"omitted":	false,
					"sender":	true
				}],
			"sum":	{
				"start":	1.000135,
				"end":	2.00011,
				"seconds":	0.999975025653839,
				"bytes":	18350080,
				"bits_per_second":	146804306.34156448,
				"retransmits":	0,
				"omitted":	false,
				"sender":	true
			}
		}, {
			"streams":	[{
					"socket":	6,
					"start":	2.00011,
					"end":	3.000143,
					"seconds":	1.0000330209732056,
					"bytes":	18350080,
					"bits_per_second":	146795792.66006389,
					"retransmits":	0,
					"snd_cwnd":	962920,
					"snd_wnd":	3145728,
					"rtt":	50086,
					"rttvar":	17,
					"pmtu":	1500,
					"omitted":	false,
					"sender":	true
				}],
			"sum":	{
				"start":	2.00011,
				"end":	3.000143,
				"seconds":	1.0000330209732056,
				"bytes":	18350080,
				"bits_per_second":	146795792.66006389,
				"retransmits":	0,
				"omitted":	false,
				"sender":	true
			}
		}, {
			"streams":	[{
					"socket":	6,
					"start":	3.000143,
					"end":	4.000145,
					"seconds":	1.0000020265579224,
					"bytes":	19660800,
					"bits_per_second":	157286081.250646,
					"retransmits":	0,
					"snd_cwnd":	991880,
					"snd_wnd":	3145728,
					"rtt":	50103,
					"rttvar":	6,
					"pmtu":	1500,
					"omitted":	false,
					"sender":	true
				}],
			"sum":	{
				"start":	3.000143,
				"end":	4.000145,
				"seconds":	1.0000020265579224,
				"bytes":	19660800,
				"bits_per_second":	157286081.250646,
				"retransmits":	0,
				"omitted":	false,
				"sender":	true
			}
		}, {
			"streams":	[{
					"socket":	6,
					"start":	4.000145,
					"end":	5.000111,
					"seconds":	0.999966025352478,
					"bytes":	20971520,
					"bits_per_second":	167777860.19366208,
					"retransmits":	0,
					"snd_cwnd":	1009256,
					"snd_wnd":	3145728,
					"rtt":	50093,
					"rttvar":	15,
					"pmtu":	1500,
					"omitted":	false,
					"sender":	true
				}],
			"sum":	{
				"start":	4.000145,
				"end":	5.000111,
				"seconds":	0.999966025352478,
				"bytes":	20971520,
				"bits_per_second":	167777860.19366208,
				"retransmits":	0,
				"omitted":	false,
				"sender":	true
			}
		}, {
			"streams":	[{
					"socket":	6,
					"start":	5.000111,
					"end":	6.000115,
					"seconds":	1.0000040531158447,
					"bytes":	19660800,
					"bits_per_second":	157285762.50258386,
					"retransmits":	0,
					"snd_cwnd":	1016496,
					"snd_wnd":	3145728,
					"rtt":	50113,
					"rttvar":	21,
					"pmtu":	1500,
					"omitted":	false,
					"sender":	true
				}],
			"sum":	{
				"start":	5.000111,
				"end":	6.000115,
				"seconds":	1.0000040531158447,
				"bytes":	19660800,
				"bits_per_second":	157285762.50258386,
				"retransmits":	0,
				"omitted":	false,
				"sender":	true
			}
		}, {
			"streams":	[{
					"socket":	6,
					"start":	6.000115,
					"end":	7.000109,
					"seconds":	0.99999397993087769,
					"bytes":	19660800,
					"bits_per_second":	157287346.88070029,
					"retransmits":	0,
					"snd_cwnd":	1017944,
					"snd_wnd":	3135104,
					"rtt":	50092,
					"rttvar":	16,
					"pmtu":	1500,
					"omitted":	false,
					"sender":	true
				}],
			"sum":	{
				"start":	6.000115,
				"end":	7.000109,
				"seconds":	0.99999397993087769,
				"bytes":	19660800,
				"bits_per_second":	157287346.88070029,
				"retransmits":	0,
				"omitted":	false,
				"sender":	true
			}
		}, {
			"streams":	[{
					"socket":	6,
					"start":	7.000109,
					"end":	8.000083,
					"seconds":	0.999974012374878,
					"bytes":	20971520,
					"bits_per_second":	167776520.113309,
					"retransmits":	0,
					"snd_cwnd":	1017944,
					"snd_wnd":	3145728,
					"rtt":	50096,
					"rttvar":	11,
					"pmtu":	1500,
					"omitted":	false,
					"sender":	true
				}],
			"sum":	{
				"start":	7.000109,
				"end":	8.000083,
				"seconds":	0.999974012374878,
				"bytes":	20971520,
				"bits_per_second":	167776520.113309,
				"retransmits":	0,
				"omitted":	false,
				"sender":	true
			}
		}, {
			"streams":	[{
					"socket":	6,
					"start":	8.000083,
					"end":	9.000082,
					"seconds":	0.99999898672103882,
					"bytes":	20971520,
					"bits_per_second":	167772330.00017226,
					"retransmits":	0,
					"snd_cwnd":	1019392,
					"snd_wnd":	3145728,
					"rtt":	50105,
					"rttvar":	18,
					"pmtu":	1500,
					"omitted":	false,
					"sender":	true
				}],
			"sum":	{
				"start":	8.000083,
				"end":	9.000082,
				"seconds":	0.99999898672103882,
				"bytes":	20971520,
				"bits_per_second":	167772330.00017226,
				"retransmits":	0,
				"omitted":	false,
				"sender":	true
			}
		}, {
			"streams":	[{
					"socket":	6,
					"start":	9.000082,
					"end":	10.000111,
					"seconds":	1.0000289678573608,
					"bytes":	19660800,
					"bits_per_second":	157281843.881981,
					"retransmits":	0,
					"snd_cwnd":	1025184,
					"snd_wnd":	3145728,
					"rtt":	50113,
					"rttvar":	24,
					"pmtu":	1500,
					"omitted":	false,
					"sender":	true
				}],
			"sum":	{
				"start":	9.000082,
				"end":	10.000111,
				"seconds":	1.0000289678573608,
				"bytes":	19660800,
				"bits_per_second":	157281843.881981,
				"retransmits":	0,
				"omitted":	false,
				"sender":	true
			}
		}, {
			"streams":	[{
					"socket":	6,
					"start":	10.000111,
					"end":	11.000112,
					"seconds":	1.0000009536743164,
					"bytes":	20971520,
					"bits_per_second":	167772000.00015259,
					"retransmits":	0,
					"snd_cwnd":	1041112,
					"snd_wnd":	3145728,
					"rtt":	50108,
					"rttvar":	20,
					"pmtu":	1500,
					"omitted":	false,
					"sender":	true
				}],
			"sum":	{
				"start":	10.000111,
				"end":	11.000112,
				"seconds":	1.0000009536743164,
				"bytes":	20971520,
				"bits_per_second":	167772000.00015259,
				"retransmits":	0,
				"omitted":	false,
				"sender":	true
			}
		}, {
			"streams":	[{
					"socket":	6,
					"start":	11.000112,
					"end":	12.000124,
					"seconds":	1.0000120401382446,
					"bytes":	18350080,
					"bits_per_second":	146798872.52128068,
					"retransmits":	7,
					"snd_cwnd":	776128,
					"snd_wnd":	3145728,
					"rtt":	50123,
					"rttvar":	21,
					"pmtu":	1500,
					"omitted":	false,
					"sender":	true
				}],
			"sum":	{
				"start":	11.000112,
				"end":	12.000124,
				"seconds":	1.0000120401382446,
				"bytes":	18350080,
				"bits_per_second":	146798872.52128068,
				"retransmits":	7,
				"omitted":	false,
				"sender":	true
			}
		}, {
			"streams":	[{
					"socket":	6,
					"start":	12.000124,
					"end":	13.000081,
					"seconds":	0.999957025051117,
					"bytes":	17039360,
					"bits_per_second":	136320738.37676343,
					"retransmits":	0,
					"snd_cwnd":	871696,
					"snd_wnd":	3145728,
					"rtt":	50112,
					"rttvar":	10,
					"pmtu":	1500,
					"omitted":	false,
					"sender":	true
				}],
			"sum":	{
				"start":	12.000124,
				"end":	13.000081,
				"seconds":	0.999957025051117,
				"bytes":	17039360,
				"bits_per_second":	136320738.37676343,
				"retransmits":	0,
				"omitted":	false,
				"sender":	true
			}
		}, {
			"streams":	[{
					"socket":	6,
					"start":	13.000081,
					"end":	14.000115,
					"seconds":	1.000033974647522,
					"bytes":	18350080,
					"bits_per_second":	146795652.6694428,
					"retransmits":	0,
					"snd_cwnd":	941200,
					"snd_wnd":	3145728,
					"rtt":	50103,
					"rttvar":	21,
					"pmtu":	1500,
					"omitted":	false,
					"sender":	true
				}],
			"sum":	{
				"start":	13.000081,
				"end":	14.000115,
				"seconds":	1.000033974647522,
				"bytes":	18350080,
				"bits_per_second":	146795652.6694428,
				"retransmits":	0,
				"omitted":	false,
				"sender":	true
			}
		}, {
			"streams":	[{
					"socket":	6,
					"start":	14.000115,
					"end":	15.000113,
					"seconds":	0.99999797344207764,
					"bytes":	18350080,
					"bits_per_second":	146800937.5006029,
					"retransmits":	0,
					"snd_cwnd":	990432,
					"snd_wnd":	3145728,
					"rtt":	50119,
					"rttvar":	30,
					"pmtu":	1500,
					"omitted":	false,
					"sender":	true
				}],
			"sum":	{
				"start":	14.000115,
				"end":	15.000113,
				"seconds":	0.99999797344207764,
				"bytes":	18350080,
				"bits_per_second":	146800937.5006029,
				"retransmits":	0,
				"omitted":	false,
				"sender":	true
			}
		}, {
			"streams":	[{
					"socket":	6,
					"start":	15.000113,
					"end":	16.000093,
					"seconds":	0.99997997283935547,
					"bytes":	19660800,
					"bits_per_second":	157289550.06308681,
					"retransmits":	0,
					"snd_cwnd":	1023736,
					"snd_wnd":	3145728,
					"rtt":	50099,
					"rttvar":	7,
					"pmtu":	1500,
					"omitted":	false,
					"sender":	true
				}],
			"sum":	{
				"start":	15.000113,
				"end":	16.000093,
				"seconds":	0.99997997283935547,
				"bytes":	19660800,
				"bits_per_second":	157289550.06308681,
				"retransmits":	0,
				"omitted":	false,
				"sender":	true
			}
		}, {
			"streams":	[{
					"socket":	6,
					"start":	16.000093,
					"end":	17.000085,
					"seconds":	0.9999920129776,
					"bytes":	20971520,
					"bits_per_second":	167773500.0107027,
					"retransmits":	0,
					"snd_cwnd":	1044008,
					"snd_wnd":	3145728,
					"rtt":	50095,
					"rttvar":	9,
					"pmtu":	1500,
					"omitted":	false,
					"sender":	true
				}],
			"sum":	{
				"start":	16.000093,
				"end":	17.000085,
				"seconds":	0.9999920129776,
				"bytes":	20971520,
				"bits_per_second":	167773500.0107027,
				"retransmits":	0,
				"omitted":	false,
				"sender":	true
			}
		}, {
			"streams":	[{
					"socket":	6,
					"start":	17.000085,
					"end":	18.000086,
					"seconds":	1.0000009536743164,
					"bytes":	20971520,
					"bits_per_second":	167772000.00015259,
					"retransmits":	0,
					"snd_cwnd":	1052696,
					"snd_wnd":	3145728,
					"rtt":	50095,
					"rttvar":	14,
					"pmtu":	1500,
					"omitted":	false,
					"sender":	true
				}],
			"sum":	{
				"start":	17.000085,
				"end":	18.000086,
				"seconds":	1.0000009536743164,
				"bytes":	20971520,
				"bits_per_second":	167772000.00015259,
				"retransmits":	0,
				"omitted":	false,
				"sender":	true
			}
		}, {
			"streams":	[{
					"socket":	6,
					"start":	18.000086,
					"end":	19.000089,
					"seconds":	1.0000029802322388,
					"bytes":	20971520,
					"bits_per_second":	167771660.00149012,
					"retransmits":	0,
					"snd_cwnd":	1055592,
					"snd_wnd":	3145728,
					"rtt":	50109,
					"rttvar":	35,
					"pmtu":	1500,
					"omitted":	false,
					"sender":	true
				}],
			"sum":	{
				"start":	18.000086,
				"end":	19.000089,
				"seconds":	1.0000029802322388,
				"bytes":	20971520,
				"bits_per_second":	167771660.00149012,
				"retransmits":	0,
				"omitted":	false,
				"sender":	true
			}
		}, {
			"streams":	[{
					"socket":	6,
					"start":	19.000089,
					"end":	20.000083,
					"seconds":	0.99999397993087769,
					"bytes":	19660800,
					"bits_per_second":	157287346.88070029,
					"retransmits":	17,
					"snd_cwnd":	760200,
					"snd_wnd":	3145728,
					"rtt":	50107,
					"rttvar":	22,
					"pmtu":	1500,
					"omitted":	false,
					"sender":	true
				}],
			"sum":	{
				"start":	19.000089,
				"end":	20.000083,
				"seconds":	0.99999397993087769,
				"bytes":	19660800,
				"bits_per_second":	157287346.88070029,
				"retransmits":	17,
				"omitted":	false,
				"sender":	true
			}
		}, {
			"streams":	[{
					"socket":	6,
					"start":	20.000083,
					"end":	21.00012,
					"seconds":	1.0000369548797607,
					"bytes":	15728640,
					"bits_per_second":	125824470.17183384,
					"retransmits":	0,
					"snd_cwnd":	858664,
					"snd_wnd":	3145728,
					"rtt":	50084,
					"rttvar":	14,
					"pmtu":	1500,
					"omitted":	false,
					"sender":	true
				}],
			"sum":	{
				"start":	20.000083,
				"end":	21.00012,
				"seconds":	1.0000369548797607,
				"bytes":	15728640,
				"bits_per_second":	125824470.17183384,
				"retransmits":	0,
				"omitted":	false,
				"sender":	true
			}
		}, {
			"streams":	[{
					"socket":	6,
					"start":	21.00012,
					"end":	22.000085,
					"seconds":	0.999965012073517,
					"bytes":	18350080,
					"bits_per_second":	146805776.429713,
					"retransmits":	0,
					"snd_cwnd":	931064,
					"snd_wnd":	3145728,
					"rtt":	50080,
					"rttvar":	8,
					"pmtu":	1500,
					"omitted":	false,
					"sender":	true
				}],
			"sum":	{
				"start":	21.00012,
				"end":	22.000085,
				"seconds":	0.999965012073517,
				"bytes":	18350080,
				"bits_per_second":	146805776.429713,
				"retransmits":	0,
				"omitted":	false,
				"sender":	true
			}
		}, {
			"streams":	[{
					"socket":	6,
					"start":	22.000085,
					"end":	23.000086,
					"seconds":	1.0000009536743164,
					"bytes":	19660800,
					"bits_per_second":	157286250.00014305,
					"retransmits":	0,
					"snd_cwnd":	983192,
					"snd_wnd":	3145728,
					"rtt":	50086,
					"rttvar":	6,
					"pmtu":	1500,
					"omitted":	false,
					"sender":	true
				}],
			"sum":	{
				"start":	22.000085,
				"end":	23.000086,
				"seconds":	1.0000009536743164,
				"bytes":	19660800,
				"bits_per_second":	157286250.00014305,
				"retransmits":	0,
				"omitted":	false,
				"sender":	true
			}
		}, {
			"streams":	[{
					"socket":	6,
					"start":	23.000086,
					"end":	24.000113,
					"seconds":	1.0000269412994385,
					"bytes":	19660800,
					"bits_per_second":	157282162.61416069,
					"retransmits":	0,
					"snd_cwnd":	1019392,
					"snd_wnd":	3145728,
					"rtt":	50081,
					"rttvar":	11,
					"pmtu":	1500,
					"omitted":	false,
					"sender":	true
				}],
			"sum":	{
				"start":	23.000086,
				"end":	24.000113,
				"seconds":	1.0000269412994385,
				"bytes":	19660800,
				"bits_per_second":	157282162.61416069,
				"retransmits":	0,
				"omitted":	false,
				"sender":	true
			}
		}, {
			"streams":	[{
					"socket":	6,
					"start":	24.000113,
					"end":	25.000085,
					"seconds":	0.99997198581695557,
					"bytes":	20971520,
					"bits_per_second":	167776860.13167036,
					"retransmits":	0,
					"snd_cwnd":	1041112,
					"snd_wnd":	3145728,
					"rtt":	50099,
					"rttvar":	17,
					"pmtu":	1500,
					"omitted":	false,
					"sender":	true
				}],
			"sum":	{
				"start":	24.000113,
				"end":	25.000085,
				"seconds":	0.99997198581695557,
				"bytes":	20971520,
				"bits_per_second":	167776860.13167036,
				"retransmits":	0,
				"omitted":	false,
				"sender":	true
			}
		}, {
			"streams":	[{
					"socket":	6,
					"start":	25.000085,
					"end":	26.000085,
					"seconds":	1,
					"bytes":	20971520,
					"bits_per_second":	167772160,
					"retransmits":	0,
					"snd_cwnd":	1051248,
					"snd_wnd":	3145728,
					"rtt":	50117,
					"rttvar":	17,
					"pmtu":	1500,
					"omitted":	false,
					"sender":	true
				}],
			"sum":	{
				"start":	25.000085,
				"end":	26.000085,
				"seconds":	1,
				"bytes":	20971520,
				"bits_per_second":	167772160,
				"retransmits":	0,
				"omitted":	false,
				"sender":	true
			}
		}, {
			"streams":	[{
					"socket":	6,
					"start":	26.000085,
					"end":	27.000083,
					"seconds":	0.99999797344207764,
					"bytes":	20971520,
					"bits_per_second":	167772500.000689,
					"retransmits":	0,
					"snd_cwnd":	1055592,
					"snd_wnd":	3145728,
					"rtt":	50088,
					"rttvar":	9,
					"pmtu":	1500,
					"omitted":	false,
					"sender":	true
				}],
			"sum":	{
				"start":	26.000085,
				"end":	27.000083,
				"seconds":	0.99999797344207764,
				"bytes":	20971520,
				"bits_per_second":	167772500.000689,
				"retransmits":	0,
				"omitted":	false,
				"sender":	true
			}
		}, {
			"streams":	[{
					"socket":	6,
					"start":	27.000083,
					"end":	28.000081,
					"seconds":	0.99999797344207764,
					"bytes":	20971520,
					"bits_per_second":	167772500.000689,
					"retransmits":	0,
					"snd_cwnd":	1055592,
					"snd_wnd":	3145728,
					"rtt":	50092,
					"rttvar":	22,
					"pmtu":	1500,
					"omitted":	false,
					"sender":	true
				}],
			"sum":	{
				"start":	27.000083,
				"end":	28.000081,
				"seconds":	0.99999797344207764,
				"bytes":	20971520,
				"bits_per_second":	167772500.000689,
				"retransmits":	0,
				"omitted":	false,
				"sender":	true
			}
		}, {
			"streams":	[{
					"socket":	6,
					"start":	28.000081,
					"end":	29.000083,
					"seconds":	1.0000020265579224,
					"bytes":	20971520,
					"bits_per_second":	167771820.000689,
					"retransmits":	0,
					"snd_cwnd":	1055592,
					"snd_wnd":	3145728,
					"rtt":	50083,
					"rttvar":	7,
					"pmtu":	1500,
					"omitted":	false,
					"sender":	true
				}],
			"sum":	{
				"start":	28.000081,
				"end":	29.000083,
				"seconds":	1.0000020265579224,
				"bytes":	20971520,
				"bits_per_second":	167771820.000689,
				"retransmits":	0,
				"omitted":	false,
				"sender":	true
			}
		}, {
			"streams":	[{
					"socket":	6,
					"start":	29.000083,
					"end":	30.000082,
					"seconds":	0.99999898672103882,
					"bytes":	20971520,
					"bits_per_second":	167772330.00017226,
					"retransmits":	0,
					"snd_cwnd":	1059936,
					"snd_wnd":	3145728,
					"rtt":	50253,
					"rttvar":	202,
					"pmtu":	1500,
					"omitted":	false,
					"sender":	true
				}],
			"sum":	{
				"start":	29.000083,
				"end":	30.000082,
				"seconds":	0.99999898672103882,
				"bytes":	20971520,
				"bits_per_second":	167772330.00017226,
				"retransmits":	0,
				"omitted":	false,
				"sender":	true
			}
		}, {
			"streams":	[{
					"socket":	6,
					"start":	30.000082,
					"end":	31.000086,
					"seconds":	1.0000040531158447,
					"bytes":	20971520,
					"bits_per_second":	167771480.00275612,
					"retransmits":	0,
					"snd_cwnd":	1071520,
					"snd_wnd":	3145728,
					"rtt":	50101,
					"rttvar":	26,
					"pmtu":	1500,
					"omitted":	false,
					"sender":	true
				}],
			"sum":	{
				"start":	30.000082,
				"end":	31.000086,
				"seconds":	1.0000040531158447,
				"bytes":	20971520,
				"bits_per_second":	167771480.00275612,
				"retransmits":	0,
				"omitted":	false,
				"sender":	true
			}
		}, {
			"streams":	[{
					"socket":	6,
					"start":	31.000086,
					"end":	32.000083,
					"seconds":	0.99999701976776123,
					"bytes":	17039360,
					"bits_per_second":	136315286.25121072,
					"retransmits":	10,
					"snd_cwnd":	839840,
					"snd_wnd":	3145728,
					"rtt":	50091,
					"rttvar":	19,
					"pmtu":	1500,
					"omitted":	false,
					"sender":	true
				}],
			"sum":	{
				"start":	31.000086,
				"end":	32.000083,
				"seconds":	0.99999701976776123,
				"bytes":	17039360,
				"bits_per_second":	136315286.25121072,
				"retransmits":	10,
				"omitted":	false,
				"sender":	true
			}
		}, {
			"streams":	[{
					"socket":	6,
					"start":	32.000083,
					"end":	33.000089,
					"seconds":	1.0000059604644775,
					"bytes":	17039360,
					"bits_per_second":	136314067.50484285,
					"retransmits":	0,
					"snd_cwnd":	922376,
					"snd_wnd":	3145728,
					"rtt":	50092,
					"rttvar":	19,
					"pmtu":	1500,
					"omitted":	false,
					"sender":	true
				}],
			"sum":	{
				"start":	32.000083,
				"end":	33.000089,
				"seconds":	1.0000059604644775,
				"bytes":	17039360,
				"bits_per_second":	136314067.50484285,
				"retransmits":	0,
				"omitted":	false,
				"sender":	true
			}
		}, {
			"streams":	[{
					"socket":	6,
					"start":	33.000089,
					"end":	34.000079,
					"seconds":	0.99998998641967773,
					"bytes":	18350080,
					"bits_per_second":	146802110.01472011,
					"retransmits":	0,
					"snd_cwnd":	981744,
					"snd_wnd":	3145728,
					"rtt":	50085,
					"rttvar":	12,
					"pmtu":	1500,
					"omitted":	false,
					"sender":	true
				}],
			"sum":	{
				"start":	33.000089,
				"end":	34.000079,
				"seconds":	0.99998998641967773,
				"bytes":	18350080,
				"bits_per_second":	146802110.01472011,
				"retransmits":	0,
				"omitted":	false,
				"sender":	true
			}
		}, {
			"streams":	[{
					"socket":	6,
					"start":	34.000079,
					"end":	35.000128,
					"seconds":	1.0000489950180054,
					"bytes":	19660800,
					"bits_per_second":	157278694.12754935,
					"retransmits":	0,
					"snd_cwnd":	1023736,
					"snd_wnd":	3145728,
					"rtt":	50104,
					"rttvar":	14,
					"pmtu":	1500,
					"omitted":	false,
					"sender":	true
				}],
			"sum":	{
				"start":	34.000079,
				"end":	35.000128,
				"seconds":	1.0000489950180054,
				"bytes":	19660800,
				"bits_per_second":	157278694.12754935,
				"retransmits":	0,
				"omitted":	false,
				"sender":	true
			}
		}, {
			"streams":	[{
					"socket":	6,
					"start":	35.000128,
					"end":	36.00011,
					"seconds":	0.99998199939727783,
					"bytes":	20971520,
					"bits_per_second":	167775180.0543628,
					"retransmits":	0,
					"snd_cwnd":	1051248,
					"snd_wnd":	3145728,
					"rtt":	50116,
					"rttvar":	18,
					"pmtu":	1500,
					"omitted":	false,
					"sender":	true
				}],
			"sum":	{
				"start":	35.000128,
				"end":	36.00011,
				"seconds":	0.99998199939727783,
				"bytes":	20971520,
				"bits_per_second":	167775180.0543628,
				"retransmits":	0,
				"omitted":	false,
				"sender":	true
			}
		}, {
			"streams":	[{
					"socket":	6,
					"start":	36.00011,
					"end":	37.00012,
					"seconds":	1.0000100135803223,
					"bytes":	17039360,
					"bits_per_second":	136313515.01366839,
					"retransmits":	9,
					"snd_cwnd":	783368,
					"snd_wnd":	3145728,
					"rtt":	50091,
					"rttvar":	12,
					"pmtu":	1500,
					"omitted":	false,
					"sender":	true
				}],
			"sum":	{
				"start":	36.00011,
				"end":	37.00012,
				"seconds":	1.0000100135803223,
				"bytes":	17039360,
				"bits_per_second":	136313515.01366839,
				"retransmits":	9,
				"omitted":	false,
				"sender":	true
			}
		}, {
			"streams":	[{
					"socket":	6,
					"start":	37.00012,
					"end":	38.000127,
					"seconds":	1.0000070333480835,
					"bytes":	15728640,
					"bits_per_second":	125828235.00622447,
					"retransmits":	0,
					"snd_cwnd":	832600,
					"snd_wnd":	3145728,
					"rtt":	50084,
					"rttvar":	11,
					"pmtu":	1500,
					"omitted":	false,
					"sender":	true
				}],
			"sum":	{
				"start":	37.00012,
				"end":	38.000127,
				"seconds":	1.0000070333480835,
				"bytes":	15728640,
				"bits_per_second":	125828235.00622447,
				"retransmits":	0,
				"omitted":	false,
				"sender":	true
			}
		}, {
			"streams":	[{
					"socket":	6,
					"start":	38.000127,
					"end":	39.000121,
					"seconds":	0.99999397993087769,
					"bytes":	17039360,
					"bits_per_second":	136315700.62994024,
					"retransmits":	0,
					"snd_cwnd":	864456,
					"snd_wnd":	3145728,
					"rtt":	50138,
					"rttvar":	42,
					"pmtu":	1500,
					"omitted":	false,
					"sender":	true
				}],
			"sum":	{
				"start":	38.000127,
				"end":	39.000121,
				"seconds":	0.99999397993087769,
				"bytes":	17039360,
				"bits_per_second":	136315700.62994024,
				"retransmits":	0,
				"omitted":	false,
				"sender":	true
			}
		}, {
			"streams":	[{
					"socket":	6,
					"start":	39.000121,
					"end":	40.00011,
					"seconds":	0.99998897314071655,
					"bytes":	18350080,
					"bits_per_second":	146802258.76784992,
					"retransmits":	0,
					"snd_cwnd":	884728,
					"snd_wnd":	3145728,
					"rtt":	50089,
					"rttvar":	20,
					"pmtu":	1500,
					"omitted":	false,
					"sender":	true
				}],
			"sum":	{
				"start":	39.000121,
				"end":	40.00011,
				"seconds":	0.99998897314071655,
				"bytes":	18350080,
				"bits_per_second":	146802258.76784992,
				"retransmits":	0,
				"omitted":	false,
				"sender":	true
			}
		}, {
			"streams":	[{
					"socket":	6,
					"start":	40.00011,
					"end":	41.00012,
					"seconds":	1.0000100135803223,
					"bytes":	17039360,
					"bits_per_second":	136313515.01366839,
					"retransmits":	0,
					"snd_cwnd":	893416,
					"snd_wnd":	3145728,
					"rtt":	50103,
					"rttvar":	29,
					"pmtu":	1500,
					"omitted":	false,
					"sender":	true
				}],
			"sum":	{
				"start":	40.00011,
				"end":	41.00012,
				"seconds":	1.0000100135803223,
				"bytes":	17039360,
				"bits_per_second":	136313515.01366839,
				"retransmits":	0,
				"omitted":	false,
				"sender":	true
			}
		}, {
			"streams":	[{
					"socket":	6,
					"start":	41.00012,
					"end":	42.000085,
					"seconds":	0.999965012073517,
					"bytes":	18350080,
					"bits_per_second":	146805776.429713,
					"retransmits":	0,
					"snd_cwnd":	896312,
					"snd_wnd":	3145728,
					"rtt":	50086,
					"rttvar":	13,
					"pmtu":	1500,
					"omitted":	false,
					"sender":	true
				}],
			"sum":	{
				"start":	41.00012,
				"end":	42.000085,
				"seconds":	0.999965012073517,
				"bytes":	18350080,
				"bits_per_second":	146805776.429713,
				"retransmits":	0,
				"omitted":	false,
				"sender":	true
			}
		}, {
			"streams":	[{
					"socket":	6,
					"start":	42.000085,
					"end":	43.000096,
					"seconds":	1.0000109672546387,
					"bytes":	18350080,
					"bits_per_second":	146799030.0176571,
					"retransmits":	0,
					"snd_cwnd":	896312,
					"snd_wnd":	3145728,
					"rtt":	50101,
					"rttvar":	11,
					"pmtu":	1500,
					"omitted":	false,
					"sender":	true
				}],
			"sum":	{
				"start":	42.000085,
				"end":	43.000096,
				"seconds":	1.0000109672546387,
				"bytes":	18350080,
				"bits_per_second":	146799030.0176571,
				"retransmits":	0,
				"omitted":	false,
				"sender":	true
			}
		}, {
			"streams":	[{
					"socket":	6,
					"start":	43.000096,
					"end":	44.000111,
					"seconds":	1.0000150203704834,
					"bytes":	17039360,
					"bits_per_second":	136312832.53075376,
					"retransmits":	0,
					"snd_cwnd":	896312,
					"snd_wnd":	3145728,
					"rtt":	50077,
					"rttvar":	6,
					"pmtu":	1500,
					"omitted":	false,
					"sender":	true
				}],
			"sum":	{
				"start":	43.000096,
				"end":	44.000111,
				"seconds":	1.0000150203704834,
				"bytes":	17039360,
				"bits_per_second":	136312832.53075376,
				"retransmits":	0,
				"omitted":	false,
				"sender":	true
			}
		}, {
			"streams":	[{
					"socket":	6,
					"start":	44.000111,
					"end":	45.000085,
					"seconds":	0.999974012374878,
					"bytes":	18350080,
					"bits_per_second":	146804455.09914535,
					"retransmits":	0,
					"snd_cwnd":	902104,
					"snd_wnd":	3145728,
					"rtt":	50083,
					"rttvar":	10,
					"pmtu":	1500,
					"omitted":	false,
					"sender":	true
				}],
			"sum":	{
				"start":	44.000111,
				"end":	45.000085,
				"seconds":	0.999974012374878,
				"bytes":	18350080,
				"bits_per_second":	146804455.09914535,
				"retransmits":	0,
				"omitted":	false,
				"sender":	true
			}
		}, {
			"streams":	[{
					"socket":	6,
					"start":	45.000085,
					"end":	46.000113,
					"seconds":	1.0000280141830444,
					"bytes":	18350080,
					"bits_per_second":	146796527.61520511,
					"retransmits":	0,
					"snd_cwnd":	915136,
					"snd_wnd":	3145728,
					"rtt":	50084,
					"rttvar":	11,
					"pmtu":	1500,
					"omitted":	false,
					"sender":	true
				}],
			"sum":	{
				"start":	45.000085,
				"end":	46.000113,
				"seconds":	1.0000280141830444,
				"bytes":	18350080,
				"bits_per_second":	146796527.61520511,
				"retransmits":	0,
				"omitted":	false,
				"sender":	true
			}
		}, {
			"streams":	[{
					"socket":	6,
					"start":	46.000113,
					"end":	47.000114,
					"seconds":	1.0000009536743164,
					"bytes":	18350080,
					"bits_per_second":	146800500.00013351,
					"retransmits":	0,
					"snd_cwnd":	939752,
					"snd_wnd":	3145728,
					"rtt":	50094,
					"rttvar":	18,
					"pmtu":	1500,
					"omitted":	false,
					"sender":	true
				}],
			"sum":	{
				"start":	46.000113,
				"end":	47.000114,
				"seconds":	1.0000009536743164,
				"bytes":	18350080,
				"bits_per_second":	146800500.00013351,
				"retransmits":	0,
				"omitted":	false,
				"sender":	true
			}
		}, {
			"streams":	[{
					"socket":	6,
					"start":	47.000114,
					"end":	48.000086,
					"seconds":	0.99997198581695557,
					"bytes":	19660800,
					"bits_per_second":	157290806.37344095,
					"retransmits":	0,
					"snd_cwnd":	977400,
					"snd_wnd":	3145728,
					"rtt":	50109,
					"rttvar":	8,
					"pmtu":	1500,
					"omitted":	false,
					"sender":	true
				}],
			"sum":	{
				"start":	47.000114,
				"end":	48.000086,
				"seconds":	0.99997198581695557,
				"bytes":	19660800,
				"bits_per_second":	157290806.37344095,
				"retransmits":	0,
				"omitted":	false,
				"sender":	true
			}
		}, {
			"streams":	[{
					"socket":	6,
					"start":	48.000086,
					"end":	49.000084,
					"seconds":	0.99999797344207764,
					"bytes":	19660800,
					"bits_per_second":	157286718.750646,
					"retransmits":	0,
					"snd_cwnd":	1035320,
					"snd_wnd":	3145728,
					"rtt":	50089,
					"rttvar":	18,
					"pmtu":	1500,
					"omitted":	false,
					"sender":	true
				}],
			"sum":	{
				"start":	48.000086,
				"end":	49.000084,
				"seconds":	0.99999797344207764,
				"bytes":	19660800,
				"bits_per_second":	157286718.750646,
				"retransmits":	0,
				"omitted":	false,
				"sender":	true
			}
		}, {
			"streams":	[{
					"socket":	6,
					"start":	49.000084,
					"end":	50.000086,
					"seconds":	1.0000020265579224,
					"bytes":	20971520,
					"bits_per_second":	167771820.000689,
					"retransmits":	0,
					"snd_cwnd":	1114960,
					"snd_wnd":	3145728,
					"rtt":	50129,
					"rttvar":	78,
					"pmtu":	1500,
					"omitted":	false,
					"sender":	true
				}],
			"sum":	{
				"start":	49.000084,
				"end":	50.000086,
				"seconds":	1.0000020265579224,
				"bytes":	20971520,
				"bits_per_second":	167771820.000689,
				"retransmits":	0,
				"omitted":	false,
				"sender":	true
			}
		}, {
			"streams":	[{
					"socket":	6,
					"start":	50.000086,
					"end":	51.00008,
					"seconds":	0.99999397993087769,
					"bytes":	18350080,
					"bits_per_second":	146801523.75532028,
					"retransmits":	18,
					"snd_cwnd":	874592,
					"snd_wnd":	3145728,
					"rtt":	50089,
					"rttvar":	25,
					"pmtu":	1500,
					"omitted":	false,
					"sender":	true
				}],
			"sum":	{
				"start":	50.000086,
				"end":	51.00008,
				"seconds":	0.99999397993087769,
				"bytes":	18350080,
				"bits_per_second":	146801523.75532028,
				"retransmits":	18,
				"omitted":	false,
				"sender":	true
			}
		}, {
			"streams":	[{
					"socket":	6,
					"start":	51.00008,
					"end":	52.00008,
					"seconds":	1,
					"bytes":	18350080,
					"bits_per_second":	146800640,
					"retransmits":	0,
					"snd_cwnd":	962920,
					"snd_wnd":	3145728,
					"rtt":	50093,
					"rttvar":	11,
					"pmtu":	1500,
					"omitted":	false,
					"sender":	true
				}],
			"sum":	{
				"start":	51.00008,
				"end":	52.00008,
				"seconds":	1,
				"bytes":	18350080,
				"bits_per_second":	146800640,
				"retransmits":	0,
				"omitted":	false,
				"sender":	true
			}
		}, {
			"streams":	[{
					"socket":	6,
					"start":	52.00008,
					"end":	53.000115,
					"seconds":	1.0000350475311279,
					"bytes":	18350080,
					"bits_per_second":	146795495.18031323,
					"retransmits":	0,
					"snd_cwnd":	1026632,
					"snd_wnd":	3145728,
					"rtt":	50097,
					"rttvar":	6,
					"pmtu":	1500,
					"omitted":	false,
					"sender":	true
				}],
			"sum":	{
				"start":	52.00008,
				"end":	53.000115,
				"seconds":	1.0000350475311279,
				"bytes":	18350080,
				"bits_per_second":	146795495.18031323,
				"retransmits":	0,
				"omitted":	false,
				"sender":	true
			}
		}, {
			"streams":	[{
					"socket":	6,
					"start":	53.000115,
					"end":	54.000113,
					"seconds":	0.99999797344207764,
					"bytes":	20971520,
					"bits_per_second":	167772500.000689,
					"retransmits":	0,
					"snd_cwnd":	1071520,
					"snd_wnd":	3145728,
					"rtt":	50102,
					"rttvar":	7,
					"pmtu":	1500,
					"omitted":	false,
					"sender":	true
				}],
			"sum":	{
				"start":	53.000115,
				"end":	54.000113,
				"seconds":	0.99999797344207764,
				"bytes":	20971520,
				"bits_per_second":	167772500.000689,
				"retransmits":	0,
				"omitted":	false,
				"sender":	true
			}
		}, {
			"streams":	[{
					"socket":	6,
					"start":	54.000113,
					"end":	55.000079,
					"seconds":	0.999966025352478,
					"bytes":	22282240,
					"bits_per_second":	178263976.455766,
					"retransmits":	0,
					"snd_cwnd":	1101928,
					"snd_wnd":	3145728,
					"rtt":	50138,
					"rttvar":	82,
					"pmtu":	1500,
					"omitted":	false,
					"sender":	true
				}],
			"sum":	{
				"start":	54.000113,
				"end":	55.000079,
				"seconds":	0.999966025352478,
				"bytes":	22282240,
				"bits_per_second":	178263976.455766,
				"retransmits":	0,
				"omitted":	false,
				"sender":	true
			}
		}, {
			"streams":	[{
					"socket":	6,
					"start":	55.000079,
					"end":	56.000111,
					"seconds":	1.0000319480895996,
					"bytes":	22282240,
					"bits_per_second":	178252225.18193856,
					"retransmits":	0,
					"snd_cwnd":	1117856,
					"snd_wnd":	3145728,
					"rtt":	50090,
					"rttvar":	15,
					"pmtu":	1500,
					"omitted":	false,
					"sender":	true
				}],
			"sum":	{
				"start":	55.000079,
				"end":	56.000111,
				"seconds":	1.0000319480895996,
				"bytes":	22282240,
				"bits_per_second":	178252225.18193856,
				"retransmits":	0,
				"omitted":	false,
				"sender":	true
			}
		}, {
			"streams":	[{
					"socket":	6,
					"start":	56.000111,
					"end":	57.000085,
					"seconds":	0.999974012374878,
					"bytes":	22282240,
					"bits_per_second":	178262552.6203908,
					"retransmits":	0,
					"snd_cwnd":	1126544,
					"snd_wnd":	3145728,
					"rtt":	50092,
					"rttvar":	9,
					"pmtu":	1500,
					"omitted":	false,
					"sender":	true
				}],
			"sum":	{
				"start":	56.000111,
				"end":	57.000085,
				"seconds":	0.999974012374878,
				"bytes":	22282240,
				"bits_per_second":	178262552.6203908,
				"retransmits":	0,
				"omitted":	false,
				"sender":	true
			}
		}, {
			"streams":	[{
					"socket":	6,
					"start":	57.000085,
					"end":	58.000115,
					"seconds":	1.0000300407409668,
					"bytes":	22282240,
					"bits_per_second":	178252565.16086334,
					"retransmits":	0,
					"snd_cwnd":	1127992,
					"snd_wnd":	3145728,
					"rtt":	50071,
					"rttvar":	5,
					"pmtu":	1500,
					"omitted":	false,
					"sender":	true
				}],
			"sum":	{
				"start":	57.000085,
				"end":	58.000115,
				"seconds":	1.0000300407409668,
				"bytes":	22282240,
				"bits_per_second":	178252565.16086334,
				"retransmits":	0,
				"omitted":	false,
				"sender":	true
			}
		}, {
			"streams":	[{
					"socket":	6,
					"start":	58.000115,
					"end":	59.000088,
					"seconds":	0.99997299909591675,
					"bytes":	22282240,
					"bits_per_second":	178262733.25496224,
					"retransmits":	0,
					"snd_cwnd":	1127992,
					"snd_wnd":	3145728,
					"rtt":	50139,
					"rttvar":	108,
					"pmtu":	1500,
					"omitted":	false,
					"sender":	true
				}],
			"sum":	{
				"start":	58.000115,
				"end":	59.000088,
				"seconds":	0.99997299909591675,
				"bytes":	22282240,
				"bits_per_second":	178262733.25496224,
				"retransmits":	0,
				"omitted":	false,
				"sender":	true
			}
		}, {
			"streams":	[{
					"socket":	6,
					"start":	59.000088,
					"end":	60.000117,
					"seconds":	1.0000289678573608,
					"bytes":	22282240,
					"bits_per_second":	178252756.39957845,
					"retransmits":	0,
					"snd_cwnd":	1129440,
					"snd_wnd":	3145728,
					"rtt":	50098,
					"rttvar":	30,
					"pmtu":	1500,
					"omitted":	false,
					"sender":	true
				}],
			"sum":	{
				"start":	59.000088,
				"end":	60.000117,
				"seconds":	1.0000289678573608,
				"bytes":	22282240,
				"bits_per_second":	178252756.39957845,
				"retransmits":	0,
				"omitted":	false,
				"sender":	true
			}
		}],
	"end":	{
		"streams":	[{
				"sender":	{
					"socket":	6,
					"start":	0,
					"end":	60.000117,
					"seconds":	60.000117,
					"bytes":	1167458304,
					"bits_per_second":	155660803.66143286,
					"retransmits":	1309,
					"max_snd_cwnd":	1129440,
					"max_snd_wnd":	3145728,
					"max_rtt":	50253,
					"min_rtt":	50071,
					"mean_rtt":	50101,
					"sender":	true
				},
				"receiver":	{
					"socket":	6,
					"start":	0,
					"end":	60.050268,
					"seconds":	60.000117,
					"bytes":	1165767424,
					"bits_per_second":	155305541.55062222,
					"sender":	true
				}
			}],
		"sum_sent":	{
			"start":	0,
			"end":	60.000117,
			"seconds":	60.000117,
			"bytes":	1167458304,
			"bits_per_second":	155660803.66143286,
			"retransmits":	1309,
			"sender":	true
		},
		"sum_received":	{
			"start":	0,
			"end":	60.050268,
			"seconds":	60.050268,
			"bytes":	1165767424,
			"bits_per_second":	155305541.55062222,
			"sender":	true
		},
		"cpu_utilization_percent":	{
			"host_total":	0.438609779564439,
			"host_user":	0.024262841167239493,
			"host_system":	0.41434693839719944,
			"remote_total":	1.0891755497638538,
			"remote_user":	0.0467957827942293,
			"remote_system":	1.0423797669696244
		},
		"sender_tcp_congestion":	"cubic",
		"receiver_tcp_congestion":	"cubic"
	}
}
