{
	"start":	{
		"connected":	[{
				"socket":	6,
				"local_host":	"192.168.101.210",
				"local_port":	42958,
				"remote_host":	"192.168.100.168",
				"remote_port":	5201
			}],
		"version":	"iperf 3.11",
		"system_info":	"Linux f1 6.0.10-300.fc37.x86_64 #1 SMP PREEMPT_DYNAMIC Sat Nov 26 16:55:13 UTC 2022 x86_64",
		"timestamp":	{
			"time":	"Sat, 10 Dec 2022 17:22:47 GMT",
			"timesecs":	1670692967
		},
		"connecting_to":	{
			"host":	"192.168.100.168",
			"port":	5201
		},
		"cookie":	"zdwcabbxoezrrbwynfscmiijhhtqj3htqvbo",
		"tcp_mss_default":	1448,
		"target_bitrate":	0,
		"sock_bufsize":	0,
		"sndbuf_actual":	16384,
		"rcvbuf_actual":	131072,
		"test_start":	{
			"protocol":	"TCP",
			"num_streams":	1,
			"blksize":	131072,
			"omit":	0,
			"duration":	60,
			"bytes":	0,
			"blocks":	0,
			"reverse":	0,
			"tos":	0,
			"target_bitrate":	0
		}
	},
	"intervals":	[{
			"streams":	[{
					"socket":	6,
					"start":	0,
					"end":	1.000185,
					"seconds":	1.0001850128173828,
					"bytes":	1181568,
					"bits_per_second":	9450795.48170142,
					"retransmits":	0,
					"snd_cwnd":	208512,
					"snd_wnd":	398592,
					"rtt":	248670,
					"rttvar":	11169,
					"pmtu":	1500,
					"omitted":	false,
					"sender":	true
				}],
			"sum":	{
				"start":	0,
				"end":	1.000185,
				"seconds":	1.0001850128173828,
				"bytes":	1181568,
				"bits_per_second":	9450795.48170142,
				"retransmits":	0,
				"omitted":	false,
				"sender":	true
			}
		}, {
			"streams":	[{
					"socket":	6,
					"start":	1.000185,
					"end":	2.00012,
					"seconds":	0.99993497133255,
					"bytes":	977400,
					"bits_per_second":	7819708.505223942,
					"retransmits":	0,
					"snd_cwnd":	238920,
					"snd_wnd":	972800,
					"rtt":	483090,
					"rttvar":	4257,
					"pmtu":	1500,
					"omitted":	false,
					"sender":	true
				}],
			"sum":	{
				"start":	1.000185,
				"end":	2.00012,
				"seconds":	0.99993497133255,
				"bytes":	977400,
				"bits_per_second":	7819708.505223942,
				"retransmits":	0,
				"omitted":	false,
				"sender":	true
			}
		}, {
			"streams":	[{
					"socket":	6,
					"start":	2.00012,
					"end":	3.001062,
					"seconds":	1.00094199180603,
					"bytes":	0,
					"bits_per_second":	0,
					"retransmits":	0,
					"snd_cwnd":	257744,
					"snd_wnd":	972800,
					"rtt":	581675,
					"rttvar":	5367,
					"pmtu":	1500,
					"omitted":	false,
					"sender":	true
				}],
			"sum":	{
				"start":	2.00012,
				"end":	3.001062,
				"seconds":	1.00094199180603,
				"bytes":	0,
				"bits_per_second":	0,
				"retransmits":	0,
				"omitted":	false,
				"sender":	true
			}
		}, {
			"streams":	[{
					"socket":	6,
					"start":	3.001062,
					"end":	4.000983,
					"seconds":	0.99992102384567261,
					"bytes":	521280,
					"bits_per_second":	4170569.375530635,
					"retransmits":	0,
					"snd_cwnd":	280912,
					"snd_wnd":	972800,
					"rtt":	606846,
					"rttvar":	733,
					"pmtu":	1500,
					"omitted":	false,
					"sender":	true
				}],
			"sum":	{
				"start":	3.001062,
				"end":	4.000983,
				"seconds":	0.99992102384567261,
				"bytes":	521280,
				"bits_per_second":	4170569.375530635,
				"retransmits":	0,
				"omitted":	false,
				"sender":	true
			}
		}, {
			"streams":	[{
					"socket":	6,
					"start":	4.000983,
					"end":	5.001168,
					"seconds":	1.0001850128173828,
					"bytes":	586440,
					"bits_per_second":	4690652.1692268085,
					"retransmits":	0,
					"snd_cwnd":	305528,
					"snd_wnd":	972800,
					"rtt":	625706,
					"rttvar":	766,
					"pmtu":	1500,
					"omitted":	false,
					"sender":	true
				}],
			"sum":	{
				"start":	4.000983,
				"end":	5.001168,
				"seconds":	1.0001850128173828,
				"bytes":	586440,
				"bits_per_second":	4690652.1692268085,
				"retransmits":	0,
				"omitted":	false,
				"sender":	true
			}
		}, {
			"streams":	[{
					"socket":	6,
					"start":	5.001168,
					"end":	6.000181,
					"seconds":	0.99901300668716431,
					"bytes":	1368360,
					"bits_per_second":	10957695.171858717,
					"retransmits":	0,
					"snd_cwnd":	338832,
					"snd_wnd":	972800,
					"rtt":	519239,
					"rttvar":	10609,
					"pmtu":	1500,
					"omitted":	false,
					"sender":	true
				}],
			"sum":	{
				"start":	5.001168,
				"end":	6.000181,
				"seconds":	0.99901300668716431,
				"bytes":	1368360,
				"bits_per_second":	10957695.171858717,
				"retransmits":	0,
				"omitted":	false,
				"sender":	true
			}
		}, {
			"streams":	[{
					"socket":	6,
					"start":	6.000181,
					"end":	7.000111,
					"seconds":	0.99993002414703369,
					"bytes":	781920,
					"bits_per_second":	6255797.7547838753,
					"retransmits":	0,
					"snd_cwnd":	366344,
					"snd_wnd":	972800,
					"rtt":	618007,
					"rttvar":	1375,
					"pmtu":	1500,
					"omitted":	false,
					"sender":	true
				}],
			"sum":	{
				"start":	6.000181,
				"end":	7.000111,
				"seconds":	0.99993002414703369,
				"bytes":	781920,
				"bits_per_second":	6255797.7547838753,
				"retransmits":	0,
				"omitted":	false,
				"sender":	true
			}
		}, {
			"streams":	[{
					"socket":	6,
					"start":	7.000111,
					"end":	8.001068,
					"seconds":	1.0009570121765137,
					"bytes":	0,
					"bits_per_second":	0,
					"retransmits":	0,
					"snd_cwnd":	399648,
					"snd_wnd":	972800,
					"rtt":	639254,
					"rttvar":	730,
					"pmtu":	1500,
					"omitted":	false,
					"sender":	true
				}],
			"sum":	{
				"start":	7.000111,
				"end":	8.001068,
				"seconds":	1.0009570121765137,
				"bytes":	0,
				"bits_per_second":	0,
				"retransmits":	0,
				"omitted":	false,
				"sender":	true
			}
		}, {
			"streams":	[{
					"socket":	6,
					"start":	8.001068,
					"end":	9.001111,
					"seconds":	1.0000430345535278,
					"bytes":	847080,
					"bits_per_second":	6776348.3828727938,
					"retransmits":	0,
					"snd_cwnd":	476392,
					"snd_wnd":	972800,
					"rtt":	670389,
					"rttvar":	3986,
					"pmtu":	1500,
					"omitted":	false,
					"sender":	true
				}],
			"sum":	{
				"start":	8.001068,
				"end":	9.001111,
				"seconds":	1.0000430345535278,
				"bytes":	847080,
				"bits_per_second":	6776348.3828727938,
				"retransmits":	0,
				"omitted":	false,
				"sender":	true
			}
		}, {
			"streams":	[{
					"socket":	6,
					"start":	9.001111,
					"end":	10.000113,
					"seconds":	0.999001979827881,
					"bytes":	2150280,
					"bits_per_second":	17219425.333835468,
					"retransmits":	0,
					"snd_cwnd":	584992,
					"snd_wnd":	1148800,
					"rtt":	741068,
					"rttvar":	2032,
					"pmtu":	1500,
					"omitted":	false,
					"sender":	true
				}],
			"sum":	{
				"start":	9.001111,
				"end":	10.000113,
				"seconds":	0.999001979827881,
				"bytes":	2150280,
				"bits_per_second":	17219425.333835468,
				"retransmits":	0,
				"omitted":	false,
				"sender":	true
			}
		}, {
			"streams":	[{
					"socket":	6,
					"start":	10.000113,
					"end":	11.000377,
					"seconds":	1.000264048576355,
					"bytes":	1285000,
					"bits_per_second":	10277286.297184436,
					"retransmits":	0,
					"snd_cwnd":	724000,
					"snd_wnd":	1612160,
					"rtt":	775587,
					"rttvar":	2493,
					"pmtu":	1500,
					"omitted":	false,
					"sender":	true
				}],
			"sum":	{
				"start":	10.000113,
				"end":	11.000377,
				"seconds":	1.000264048576355,
				"bytes":	1285000,
				"bits_per_second":	10277286.297184436,
				"retransmits":	0,
				"omitted":	false,
				"sender":	true
			}
		}, {
			"streams":	[{
					"socket":	6,
					"start":	11.000377,
					"end":	12.001035,
					"seconds":	1.00065803527832,
					"bytes":	0,
					"bits_per_second":	0,
					"retransmits":	0,
					"snd_cwnd":	900656,
					"snd_wnd":	1977856,
					"rtt":	795030,
					"rttvar":	4522,
					"pmtu":	1500,
					"omitted":	false,
					"sender":	true
				}],
			"sum":	{
				"start":	11.000377,
				"end":	12.001035,
				"seconds":	1.00065803527832,
				"bytes":	0,
				"bits_per_second":	0,
				"retransmits":	0,
				"omitted":	false,
				"sender":	true
			}
		}, {
			"streams":	[{
					"socket":	6,
					"start":	12.001035,
					"end":	13.000699,
					"seconds":	0.999664008617401,
					"bytes":	1310720,
					"bits_per_second":	10489284.3091375,
					"retransmits":	0,
					"snd_cwnd":	1107720,
					"snd_wnd":	2459776,
					"rtt":	790029,
					"rttvar":	3245,
					"pmtu":	1500,
					"omitted":	false,
					"sender":	true
				}],
			"sum":	{
				"start":	12.001035,
				"end":	13.000699,
				"seconds":	0.999664008617401,
				"bytes":	1310720,
				"bits_per_second":	10489284.3091375,
				"retransmits":	0,
				"omitted":	false,
				"sender":	true
			}
		}, {
			"streams":	[{
					"socket":	6,
					"start":	13.000699,
					"end":	14.000425,
					"seconds":	0.99972599744796753,
					"bytes":	1310720,
					"bits_per_second":	10488633.912459347,
					"retransmits":	0,
					"snd_cwnd":	1301752,
					"snd_wnd":	2738816,
					"rtt":	1108277,
					"rttvar":	12091,
					"pmtu":	1500,
					"omitted":	false,
					"sender":	true
				}],
			"sum":	{
				"start":	13.000699,
				"end":	14.000425,
				"seconds":	0.99972599744796753,
				"bytes":	1310720,
				"bits_per_second":	10488633.912459347,
				"retransmits":	0,
				"omitted":	false,
				"sender":	true
			}
		}, {
			"streams":	[{
					"socket":	6,
					"start":	14.000425,
					"end":	15.001033,
					"seconds":	1.000607967376709,
					"bytes":	0,
					"bits_per_second":	0,
					"retransmits":	0,
					"snd_cwnd":	1534880,
					"snd_wnd":	3143680,
					"rtt":	1358342,
					"rttvar":	8372,
					"pmtu":	1500,
					"omitted":	false,
					"sender":	true
				}],
			"sum":	{
				"start":	14.000425,
				"end":	15.001033,
				"seconds":	1.000607967376709,
				"bytes":	0,
				"bits_per_second":	0,
				"retransmits":	0,
				"omitted":	false,
				"sender":	true
			}
		}, {
			"streams":	[{
					"socket":	6,
					"start":	15.001033,
					"end":	16.000732,
					"seconds":	0.99969899654388428,
					"bytes":	1310720,
					"bits_per_second":	10488917.20032821,
					"retransmits":	0,
					"snd_cwnd":	1783936,
					"snd_wnd":	3143936,
					"rtt":	1675891,
					"rttvar":	12442,
					"pmtu":	1500,
					"omitted":	false,
					"sender":	true
				}],
			"sum":	{
				"start":	15.001033,
				"end":	16.000732,
				"seconds":	0.99969899654388428,
				"bytes":	1310720,
				"bits_per_second":	10488917.20032821,
				"retransmits":	0,
				"omitted":	false,
				"sender":	true
			}
		}, {
			"streams":	[{
					"socket":	6,
					"start":	16.000732,
					"end":	17.001063,
					"seconds":	1.0003310441970825,
					"bytes":	0,
					"bits_per_second":	0,
					"retransmits":	0,
					"snd_cwnd":	2079328,
					"snd_wnd":	3143936,
					"rtt":	1872861,
					"rttvar":	6535,
					"pmtu":	1500,
					"omitted":	false,
					"sender":	true
				}],
			"sum":	{
				"start":	16.000732,
				"end":	17.001063,
				"seconds":	1.0003310441970825,
				"bytes":	0,
				"bits_per_second":	0,
				"retransmits":	0,
				"omitted":	false,
				"sender":	true
			}
		}, {
			"streams":	[{
					"socket":	6,
					"start":	17.001063,
					"end":	18.001008,
					"seconds":	0.99994498491287231,
					"bytes":	1310720,
					"bits_per_second":	10486336.906738574,
					"retransmits":	0,
					"snd_cwnd":	2405128,
					"snd_wnd":	3143936,
					"rtt":	2138661,
					"rttvar":	9410,
					"pmtu":	1500,
					"omitted":	false,
					"sender":	true
				}],
			"sum":	{
				"start":	17.001063,
				"end":	18.001008,
				"seconds":	0.99994498491287231,
				"bytes":	1310720,
				"bits_per_second":	10486336.906738574,
				"retransmits":	0,
				"omitted":	false,
				"sender":	true
			}
		}, {
			"streams":	[{
					"socket":	6,
					"start":	18.001008,
					"end":	19.000506,
					"seconds":	0.99949800968170166,
					"bytes":	1310720,
					"bits_per_second":	10491026.393678639,
					"retransmits":	0,
					"snd_cwnd":	2825048,
					"snd_wnd":	3143936,
					"rtt":	2339761,
					"rttvar":	3794,
					"pmtu":	1500,
					"omitted":	false,
					"sender":	true
				}],
			"sum":	{
				"start":	18.001008,
				"end":	19.000506,
				"seconds":	0.99949800968170166,
				"bytes":	1310720,
				"bits_per_second":	10491026.393678639,
				"retransmits":	0,
				"omitted":	false,
				"sender":	true
			}
		}, {
			"streams":	[{
					"socket":	6,
					"start":	19.000506,
					"end":	20.001062,
					"seconds":	1.0005559921264648,
					"bytes":	0,
					"bits_per_second":	0,
					"retransmits":	0,
					"snd_cwnd":	3239176,
					"snd_wnd":	3143936,
					"rtt":	2528115,
					"rttvar":	8109,
					"pmtu":	1500,
					"omitted":	false,
					"sender":	true
				}],
			"sum":	{
				"start":	19.000506,
				"end":	20.001062,
				"seconds":	1.0005559921264648,
				"bytes":	0,
				"bits_per_second":	0,
				"retransmits":	0,
				"omitted":	false,
				"sender":	true
			}
		}, {
			"streams":	[{
					"socket":	6,
					"start":	20.001062,
					"end":	21.000916,
					"seconds":	0.999854028224945,
					"bytes":	1310720,
					"bits_per_second":	10487290.848460667,
					"retransmits":	0,
					"snd_cwnd":	3682264,
					"snd_wnd":	3143936,
					"rtt":	2424406,
					"rttvar":	19406,
					"pmtu":	1500,
					"omitted":	false,
					"sender":	true
				}],
			"sum":	{
				"start":	20.001062,
				"end":	21.000916,
				"seconds":	0.999854028224945,
				"bytes":	1310720,
				"bits_per_second":	10487290.848460667,
				"retransmits":	0,
				"omitted":	false,
				"sender":	true
			}
		}, {
			"streams":	[{
					"socket":	6,
					"start":	21.000916,
					"end":	22.000602,
					"seconds":	0.99968600273132324,
					"bytes":	1310720,
					"bits_per_second":	10489053.534160731,
					"retransmits":	0,
					"snd_cwnd":	4213680,
					"snd_wnd":	3143936,
					"rtt":	3029404,
					"rttvar":	7382,
					"pmtu":	1500,
					"omitted":	false,
					"sender":	true
				}],
			"sum":	{
				"start":	21.000916,
				"end":	22.000602,
				"seconds":	0.99968600273132324,
				"bytes":	1310720,
				"bits_per_second":	10489053.534160731,
				"retransmits":	0,
				"omitted":	false,
				"sender":	true
			}
		}, {
			"streams":	[{
					"socket":	6,
					"start":	22.000602,
					"end":	23.001052,
					"seconds":	1.0004500150680542,
					"bytes":	0,
					"bits_per_second":	0,
					"retransmits":	0,
					"snd_cwnd":	4251328,
					"snd_wnd":	3143936,
					"rtt":	2859973,
					"rttvar":	19906,
					"pmtu":	1500,
					"omitted":	false,
					"sender":	true
				}],
			"sum":	{
				"start":	22.000602,
				"end":	23.001052,
				"seconds":	1.0004500150680542,
				"bytes":	0,
				"bits_per_second":	0,
				"retransmits":	0,
				"omitted":	false,
				"sender":	true
			}
		}, {
			"streams":	[{
					"socket":	6,
					"start":	23.001052,
					"end":	24.00101,
					"seconds":	0.99995797872543335,
					"bytes":	1310720,
					"bits_per_second":	10486200.6435164,
					"retransmits":	0,
					"snd_cwnd":	4251328,
					"snd_wnd":	3143936,
					"rtt":	2541883,
					"rttvar":	20034,
					"pmtu":	1500,
					"omitted":	false,
					"sender":	true
				}],
			"sum":	{
				"start":	23.001052,
				"end":	24.00101,
				"seconds":	0.99995797872543335,
				"bytes":	1310720,
				"bits_per_second":	10486200.6435164,
				"retransmits":	0,
				"omitted":	false,
				"sender":	true
			}
		}, {
			"streams":	[{
					"socket":	6,
					"start":	24.00101,
					"end":	25.00072,
					"seconds":	0.99971002340316772,
					"bytes":	1310720,
					"bits_per_second":	10488801.506965838,
					"retransmits":	0,
					"snd_cwnd":	4251328,
					"snd_wnd":	3143936,
					"rtt":	3342560,
					"rttvar":	683,
					"pmtu":	1500,
					"omitted":	false,
					"sender":	true
				}],
			"sum":	{
				"start":	24.00101,
				"end":	25.00072,
				"seconds":	0.99971002340316772,
				"bytes":	1310720,
				"bits_per_second":	10488801.506965838,
				"retransmits":	0,
				"omitted":	false,
				"sender":	true
			}
		}, {
			"streams":	[{
					"socket":	6,
					"start":	25.00072,
					"end":	26.000123,
					"seconds":	0.99940299987792969,
					"bytes":	1310720,
					"bits_per_second":	10492023.739453219,
					"retransmits":	0,
					"snd_cwnd":	4251328,
					"snd_wnd":	3143936,
					"rtt":	2952918,
					"rttvar":	19661,
					"pmtu":	1500,
					"omitted":	false,
					"sender":	true
				}],
			"sum":	{
				"start":	25.00072,
				"end":	26.000123,
				"seconds":	0.99940299987792969,
				"bytes":	1310720,
				"bits_per_second":	10492023.739453219,
				"retransmits":	0,
				"omitted":	false,
				"sender":	true
			}
		}, {
			"streams":	[{
					"socket":	6,
					"start":	26.000123,
					"end":	27.001034,
					"seconds":	1.0009109973907471,
					"bytes":	0,
					"bits_per_second":	0,
					"retransmits":	0,
					"snd_cwnd":	4251328,
					"snd_wnd":	3143936,
					"rtt":	2635775,
					"rttvar":	19492,
					"pmtu":	1500,
					"omitted":	false,
					"sender":	true
				}],
			"sum":	{
				"start":	26.000123,
				"end":	27.001034,
				"seconds":	1.0009109973907471,
				"bytes":	0,
				"bits_per_second":	0,
				"retransmits":	0,
				"omitted":	false,
				"sender":	true
			}
		}, {
			"streams":	[{
					"socket":	6,
					"start":	27.001034,
					"end":	28.000989,
					"seconds":	0.99995499849319458,
					"bytes":	1310720,
					"bits_per_second":	10486231.896236042,
					"retransmits":	0,
					"snd_cwnd":	4251328,
					"snd_wnd":	3143936,
					"rtt":	2037486,
					"rttvar":	19429,
					"pmtu":	1500,
					"omitted":	false,
					"sender":	true
				}],
			"sum":	{
				"start":	27.001034,
				"end":	28.000989,
				"seconds":	0.99995499849319458,
				"bytes":	1310720,
				"bits_per_second":	10486231.896236042,
				"retransmits":	0,
				"omitted":	false,
				"sender":	true
			}
		}, {
			"streams":	[{
					"socket":	6,
					"start":	28.000989,
					"end":	29.000897,
					"seconds":	0.9999079704284668,
					"bytes":	1310720,
					"bits_per_second":	10486725.08881671,
					"retransmits":	0,
					"snd_cwnd":	4251328,
					"snd_wnd":	3143936,
					"rtt":	1936595,
					"rttvar":	19998,
					"pmtu":	1500,
					"omitted":	false,
					"sender":	true
				}],
			"sum":	{
				"start":	28.000989,
				"end":	29.000897,
				"seconds":	0.9999079704284668,
				"bytes":	1310720,
				"bits_per_second":	10486725.08881671,
				"retransmits":	0,
				"omitted":	false,
				"sender":	true
			}
		}, {
			"streams":	[{
					"socket":	6,
					"start":	29.000897,
					"end":	30.000804,
					"seconds":	0.99990701675415039,
					"bytes":	1310720,
					"bits_per_second":	10486735.090667095,
					"retransmits":	0,
					"snd_cwnd":	4251328,
					"snd_wnd":	3143936,
					"rtt":	1840372,
					"rttvar":	19941,
					"pmtu":	1500,
					"omitted":	false,
					"sender":	true
				}],
			"sum":	{
				"start":	29.000897,
				"end":	30.000804,
				"seconds":	0.99990701675415039,
				"bytes":	1310720,
				"bits_per_second":	10486735.090667095,
				"retransmits":	0,
				"omitted":	false,
				"sender":	true
			}
		}, {
			"streams":	[{
					"socket":	6,
					"start":	30.000804,
					"end":	31.000723,
					"seconds":	0.99991899728775024,
					"bytes":	1310720,
					"bits_per_second":	10486609.443807252,
					"retransmits":	0,
					"snd_cwnd":	4251328,
					"snd_wnd":	3143936,
					"rtt":	2633602,
					"rttvar":	689,
					"pmtu":	1500,
					"omitted":	false,
					"sender":	true
				}],
			"sum":	{
				"start":	30.000804,
				"end":	31.000723,
				"seconds":	0.99991899728775024,
				"bytes":	1310720,
				"bits_per_second":	10486609.443807252,
				"retransmits":	0,
				"omitted":	false,
				"sender":	true
			}
		}, {
			"streams":	[{
					"socket":	6,
					"start":	31.000723,
					"end":	32.00035,
					"seconds":	0.99962699413299561,
					"bytes":	1310720,
					"bits_per_second":	10489672.709463585,
					"retransmits":	0,
					"snd_cwnd":	4251328,
					"snd_wnd":	3143936,
					"rtt":	2737206,
					"rttvar":	19496,
					"pmtu":	1500,
					"omitted":	false,
					"sender":	true
				}],
			"sum":	{
				"start":	31.000723,
				"end":	32.00035,
				"seconds":	0.99962699413299561,
				"bytes":	1310720,
				"bits_per_second":	10489672.709463585,
				"retransmits":	0,
				"omitted":	false,
				"sender":	true
			}
		}, {
			"streams":	[{
					"socket":	6,
					"start":	32.00035,
					"end":	33.001036,
					"seconds":	1.0006860494613647,
					"bytes":	0,
					"bits_per_second":	0,
					"retransmits":	0,
					"snd_cwnd":	4251328,
					"snd_wnd":	3143936,
					"rtt":	2644559,
					"rttvar":	19537,
					"pmtu":	1500,
					"omitted":	false,
					"sender":	true
				}],
			"sum":	{
				"start":	32.00035,
				"end":	33.001036,
				"seconds":	1.0006860494613647,
				"bytes":	0,
				"bits_per_second":	0,
				"retransmits":	0,
				"omitted":	false,
				"sender":	true
			}
		}, {
			"streams":	[{
					"socket":	6,
					"start":	33.001036,
					"end":	34.000805,
					"seconds":	0.99976897239685059,
					"bytes":	1310720,
					"bits_per_second":	10488183.059793696,
					"retransmits":	0,
					"snd_cwnd":	4251328,
					"snd_wnd":	3143936,
					"rtt":	3359114,
					"rttvar":	677,
					"pmtu":	1500,
					"omitted":	false,
					"sender":	true
				}],
			"sum":	{
				"start":	33.001036,
				"end":	34.000805,
				"seconds":	0.99976897239685059,
				"bytes":	1310720,
				"bits_per_second":	10488183.059793696,
				"retransmits":	0,
				"omitted":	false,
				"sender":	true
			}
		}, {
			"streams":	[{
					"socket":	6,
					"start":	34.000805,
					"end":	35.000287,
					"seconds":	0.999481976032257,
					"bytes":	1310720,
					"bits_per_second":	10491194.690299833,
					"retransmits":	0,
					"snd_cwnd":	4251328,
					"snd_wnd":	3143936,
					"rtt":	3267876,
					"rttvar":	19459,
					"pmtu":	1500,
					"omitted":	false,
					"sender":	true
				}],
			"sum":	{
				"start":	34.000805,
				"end":	35.000287,
				"seconds":	0.999481976032257,
				"bytes":	1310720,
				"bits_per_second":	10491194.690299833,
				"retransmits":	0,
				"omitted":	false,
				"sender":	true
			}
		}, {
			"streams":	[{
					"socket":	6,
					"start":	35.000287,
					"end":	36.001062,
					"seconds":	1.0007749795913696,
					"bytes":	0,
					"bits_per_second":	0,
					"retransmits":	0,
					"snd_cwnd":	4251328,
					"snd_wnd":	3143936,
					"rtt":	2757869,
					"rttvar":	47479,
					"pmtu":	1500,
					"omitted":	false,
					"sender":	true
				}],
			"sum":	{
				"start":	35.000287,
				"end":	36.001062,
				"seconds":	1.0007749795913696,
				"bytes":	0,
				"bits_per_second":	0,
				"retransmits":	0,
				"omitted":	false,
				"sender":	true
			}
		}, {
			"streams":	[{
					"socket":	6,
					"start":	36.001062,
					"end":	37.000533,
					"seconds":	0.99947100877761841,
					"bytes":	1310720,
					"bits_per_second":	10491309.8108012,
					"retransmits":	0,
					"snd_cwnd":	4251328,
					"snd_wnd":	3143936,
					"rtt":	3701351,
					"rttvar":	14530,
					"pmtu":	1500,
					"omitted":	false,
					"sender":	true
				}],
			"sum":	{
				"start":	36.001062,
				"end":	37.000533,
				"seconds":	0.99947100877761841,
				"bytes":	1310720,
				"bits_per_second":	10491309.8108012,
				"retransmits":	0,
				"omitted":	false,
				"sender":	true
			}
		}, {
			"streams":	[{
					"socket":	6,
					"start":	37.000533,
					"end":	38.001063,
					"seconds":	1.0005300045013428,
					"bytes":	0,
					"bits_per_second":	0,
					"retransmits":	0,
					"snd_cwnd":	4251328,
					"snd_wnd":	3143936,
					"rtt":	3221972,
					"rttvar":	19645,
					"pmtu":	1500,
					"omitted":	false,
					"sender":	true
				}],
			"sum":	{
				"start":	37.000533,
				"end":	38.001063,
				"seconds":	1.0005300045013428,
				"bytes":	0,
				"bits_per_second":	0,
				"retransmits":	0,
				"omitted":	false,
				"sender":	true
			}
		}, {
			"streams":	[{
					"socket":	6,
					"start":	38.001063,
					"end":	39.000901,
					"seconds":	0.99983799457550049,
					"bytes":	1310720,
					"bits_per_second":	10487459.025251307,
					"retransmits":	0,
					"snd_cwnd":	4251328,
					"snd_wnd":	3143936,
					"rtt":	3785779,
					"rttvar":	22834,
					"pmtu":	1500,
					"omitted":	false,
					"sender":	true
				}],
			"sum":	{
				"start":	38.001063,
				"end":	39.000901,
				"seconds":	0.99983799457550049,
				"bytes":	1310720,
				"bits_per_second":	10487459.025251307,
				"retransmits":	0,
				"omitted":	false,
				"sender":	true
			}
		}, {
			"streams":	[{
					"socket":	6,
					"start":	39.000901,
					"end":	40.000207,
					"seconds":	0.99930602312088,
					"bytes":	1310720,
					"bits_per_second":	10493041.928490007,
					"retransmits":	0,
					"snd_cwnd":	4251328,
					"snd_wnd":	3143936,
					"rtt":	3450734,
					"rttvar":	19704,
					"pmtu":	1500,
					"omitted":	false,
					"sender":	true
				}],
			"sum":	{
				"start":	39.000901,
				"end":	40.000207,
				"seconds":	0.99930602312088,
				"bytes":	1310720,
				"bits_per_second":	10493041.928490007,
				"retransmits":	0,
				"omitted":	false,
				"sender":	true
			}
		}, {
			"streams":	[{
					"socket":	6,
					"start":	40.000207,
					"end":	41.001132,
					"seconds":	1.0009249448776245,
					"bytes":	0,
					"bits_per_second":	0,
					"retransmits":	0,
					"snd_cwnd":	4251328,
					"snd_wnd":	3143936,
					"rtt":	2836019,
					"rttvar":	12259,
					"pmtu":	1500,
					"omitted":	false,
					"sender":	true
				}],
			"sum":	{
				"start":	40.000207,
				"end":	41.001132,
				"seconds":	1.0009249448776245,
				"bytes":	0,
				"bits_per_second":	0,
				"retransmits":	0,
				"omitted":	false,
				"sender":	true
			}
		}, {
			"streams":	[{
					"socket":	6,
					"start":	41.001132,
					"end":	42.000554,
					"seconds":	0.999422013759613,
					"bytes":	1310720,
					"bits_per_second":	10491824.12998369,
					"retransmits":	0,
					"snd_cwnd":	4251328,
					"snd_wnd":	3143936,
					"rtt":	3787774,
					"rttvar":	7818,
					"pmtu":	1500,
					"omitted":	false,
					"sender":	true
				}],
			"sum":	{
				"start":	41.001132,
				"end":	42.000554,
				"seconds":	0.999422013759613,
				"bytes":	1310720,
				"bits_per_second":	10491824.12998369,
				"retransmits":	0,
				"omitted":	false,
				"sender":	true
			}
		}, {
			"streams":	[{
					"socket":	6,
					"start":	42.000554,
					"end":	43.001071,
					"seconds":	1.0005170106887817,
					"bytes":	0,
					"bits_per_second":	0,
					"retransmits":	0,
					"snd_cwnd":	4251328,
					"snd_wnd":	3143936,
					"rtt":	3145111,
					"rttvar":	19743,
					"pmtu":	1500,
					"omitted":	false,
					"sender":	true
				}],
			"sum":	{
				"start":	42.000554,
				"end":	43.001071,
				"seconds":	1.0005170106887817,
				"bytes":	0,
				"bits_per_second":	0,
				"retransmits":	0,
				"omitted":	false,
				"sender":	true
			}
		}, {
			"streams":	[{
					"socket":	6,
					"start":	43.001071,
					"end":	44.000986,
					"seconds":	0.99991500377655029,
					"bytes":	1310720,
					"bits_per_second":	10486651.325759323,
					"retransmits":	0,
					"snd_cwnd":	4251328,
					"snd_wnd":	3143936,
					"rtt":	3673665,
					"rttvar":	5479,
					"pmtu":	1500,
					"omitted":	false,
					"sender":	true
				}],
			"sum":	{
				"start":	43.001071,
				"end":	44.000986,
				"seconds":	0.99991500377655029,
				"bytes":	1310720,
				"bits_per_second":	10486651.325759323,
				"retransmits":	0,
				"omitted":	false,
				"sender":	true
			}
		}, {
			"streams":	[{
					"socket":	6,
					"start":	44.000986,
					"end":	45.0004,
					"seconds":	0.999414026737213,
					"bytes":	1310720,
					"bits_per_second":	10491907.977550466,
					"retransmits":	0,
					"snd_cwnd":	4251328,
					"snd_wnd":	3143936,
					"rtt":	3469547,
					"rttvar":	19550,
					"pmtu":	1500,
					"omitted":	false,
					"sender":	true
				}],
			"sum":	{
				"start":	44.000986,
				"end":	45.0004,
				"seconds":	0.999414026737213,
				"bytes":	1310720,
				"bits_per_second":	10491907.977550466,
				"retransmits":	0,
				"omitted":	false,
				"sender":	true
			}
		}, {
			"streams":	[{
					"socket":	6,
					"start":	45.0004,
					"end":	46.00028,
					"seconds":	0.999880015850067,
					"bytes":	1310720,
					"bits_per_second":	10487018.275973173,
					"retransmits":	0,
					"snd_cwnd":	4251328,
					"snd_wnd":	3144320,
					"rtt":	2922981,
					"rttvar":	19437,
					"pmtu":	1500,
					"omitted":	false,
					"sender":	true
				}],
			"sum":	{
				"start":	45.0004,
				"end":	46.00028,
				"seconds":	0.999880015850067,
				"bytes":	1310720,
				"bits_per_second":	10487018.275973173,
				"retransmits":	0,
				"omitted":	false,
				"sender":	true
			}
		}, {
			"streams":	[{
					"socket":	6,
					"start":	46.00028,
					"end":	47.000193,
					"seconds":	0.999912977218628,
					"bytes":	1310720,
					"bits_per_second":	10486672.5794152,
					"retransmits":	0,
					"snd_cwnd":	4251328,
					"snd_wnd":	3144320,
					"rtt":	2316750,
					"rttvar":	19999,
					"pmtu":	1500,
					"omitted":	false,
					"sender":	true
				}],
			"sum":	{
				"start":	46.00028,
				"end":	47.000193,
				"seconds":	0.999912977218628,
				"bytes":	1310720,
				"bits_per_second":	10486672.5794152,
				"retransmits":	0,
				"omitted":	false,
				"sender":	true
			}
		}, {
			"streams":	[{
					"socket":	6,
					"start":	47.000193,
					"end":	48.000112,
					"seconds":	0.99991899728775024,
					"bytes":	1310720,
					"bits_per_second":	10486609.443807252,
					"retransmits":	0,
					"snd_cwnd":	4251328,
					"snd_wnd":	3144320,
					"rtt":	2220095,
					"rttvar":	19942,
					"pmtu":	1500,
					"omitted":	false,
					"sender":	true
				}],
			"sum":	{
				"start":	47.000193,
				"end":	48.000112,
				"seconds":	0.99991899728775024,
				"bytes":	1310720,
				"bits_per_second":	10486609.443807252,
				"retransmits":	0,
				"omitted":	false,
				"sender":	true
			}
		}, {
			"streams":	[{
					"socket":	6,
					"start":	48.000112,
					"end":	49.001069,
					"seconds":	1.0009570121765137,
					"bytes":	0,
					"bits_per_second":	0,
					"retransmits":	0,
					"snd_cwnd":	4251328,
					"snd_wnd":	3144320,
					"rtt":	2119989,
					"rttvar":	19585,
					"pmtu":	1500,
					"omitted":	false,
					"sender":	true
				}],
			"sum":	{
				"start":	48.000112,
				"end":	49.001069,
				"seconds":	1.0009570121765137,
				"bytes":	0,
				"bits_per_second":	0,
				"retransmits":	0,
				"omitted":	false,
				"sender":	true
			}
		}, {
			"streams":	[{
					"socket":	6,
					"start":	49.001069,
					"end":	50.00074,
					"seconds":	0.99967098236084,
					"bytes":	1310720,
					"bits_per_second":	10489211.13548445,
					"retransmits":	0,
					"snd_cwnd":	4251328,
					"snd_wnd":	3144320,
					"rtt":	2923563,
					"rttvar":	9164,
					"pmtu":	1500,
					"omitted":	false,
					"sender":	true
				}],
			"sum":	{
				"start":	49.001069,
				"end":	50.00074,
				"seconds":	0.99967098236084,
				"bytes":	1310720,
				"bits_per_second":	10489211.13548445,
				"retransmits":	0,
				"omitted":	false,
				"sender":	true
			}
		}, {
			"streams":	[{
					"socket":	6,
					"start":	50.00074,
					"end":	51.00012,
					"seconds":	0.99937999248504639,
					"bytes":	1310720,
					"bits_per_second":	10492265.283324549,
					"retransmits":	0,
					"snd_cwnd":	4251328,
					"snd_wnd":	3144320,
					"rtt":	3021837,
					"rttvar":	19993,
					"pmtu":	1500,
					"omitted":	false,
					"sender":	true
				}],
			"sum":	{
				"start":	50.00074,
				"end":	51.00012,
				"seconds":	0.99937999248504639,
				"bytes":	1310720,
				"bits_per_second":	10492265.283324549,
				"retransmits":	0,
				"omitted":	false,
				"sender":	true
			}
		}, {
			"streams":	[{
					"socket":	6,
					"start":	51.00012,
					"end":	52.001068,
					"seconds":	1.0009479522705078,
					"bytes":	0,
					"bits_per_second":	0,
					"retransmits":	0,
					"snd_cwnd":	4251328,
					"snd_wnd":	3144320,
					"rtt":	3419016,
					"rttvar":	9045,
					"pmtu":	1500,
					"omitted":	false,
					"sender":	true
				}],
			"sum":	{
				"start":	51.00012,
				"end":	52.001068,
				"seconds":	1.0009479522705078,
				"bytes":	0,
				"bits_per_second":	0,
				"retransmits":	0,
				"omitted":	false,
				"sender":	true
			}
		}, {
			"streams":	[{
					"socket":	6,
					"start":	52.001068,
					"end":	53.000442,
					"seconds":	0.999373972415924,
					"bytes":	1310720,
					"bits_per_second":	10492328.487054082,
					"retransmits":	0,
					"snd_cwnd":	4251328,
					"snd_wnd":	3144320,
					"rtt":	3655948,
					"rttvar":	19794,
					"pmtu":	1500,
					"omitted":	false,
					"sender":	true
				}],
			"sum":	{
				"start":	52.001068,
				"end":	53.000442,
				"seconds":	0.999373972415924,
				"bytes":	1310720,
				"bits_per_second":	10492328.487054082,
				"retransmits":	0,
				"omitted":	false,
				"sender":	true
			}
		}, {
			"streams":	[{
					"socket":	6,
					"start":	53.000442,
					"end":	54.001062,
					"seconds":	1.0006200075149536,
					"bytes":	0,
					"bits_per_second":	0,
					"retransmits":	0,
					"snd_cwnd":	4251328,
					"snd_wnd":	3144320,
					"rtt":	3065761,
					"rttvar":	19524,
					"pmtu":	1500,
					"omitted":	false,
					"sender":	true
				}],
			"sum":	{
				"start":	53.000442,
				"end":	54.001062,
				"seconds":	1.0006200075149536,
				"bytes":	0,
				"bits_per_second":	0,
				"retransmits":	0,
				"omitted":	false,
				"sender":	true
			}
		}, {
			"streams":	[{
					"socket":	6,
					"start":	54.001062,
					"end":	55.000892,
					"seconds":	0.99983000755310059,
					"bytes":	1310720,
					"bits_per_second":	10487542.803063056,
					"retransmits":	0,
					"snd_cwnd":	4251328,
					"snd_wnd":	3144320,
					"rtt":	3686502,
					"rttvar":	5721,
					"pmtu":	1500,
					"omitted":	false,
					"sender":	true
				}],
			"sum":	{
				"start":	54.001062,
				"end":	55.000892,
				"seconds":	0.99983000755310059,
				"bytes":	1310720,
				"bits_per_second":	10487542.803063056,
				"retransmits":	0,
				"omitted":	false,
				"sender":	true
			}
		}, {
			"streams":	[{
					"socket":	6,
					"start":	55.000892,
					"end":	56.000193,
					"seconds":	0.999301016330719,
					"bytes":	1310720,
					"bits_per_second":	10493094.501696909,
					"retransmits":	0,
					"snd_cwnd":	4251328,
					"snd_wnd":	3144320,
					"rtt":	3357542,
					"rttvar":	19910,
					"pmtu":	1500,
					"omitted":	false,
					"sender":	true
				}],
			"sum":	{
				"start":	55.000892,
				"end":	56.000193,
				"seconds":	0.999301016330719,
				"bytes":	1310720,
				"bits_per_second":	10493094.501696909,
				"retransmits":	0,
				"omitted":	false,
				"sender":	true
			}
		}, {
			"streams":	[{
					"socket":	6,
					"start":	56.000193,
					"end":	57.001037,
					"seconds":	1.0008440017700195,
					"bytes":	0,
					"bits_per_second":	0,
					"retransmits":	0,
					"snd_cwnd":	4251328,
					"snd_wnd":	3144320,
					"rtt":	2945454,
					"rttvar":	131288,
					"pmtu":	1500,
					"omitted":	false,
					"sender":	true
				}],
			"sum":	{
				"start":	56.000193,
				"end":	57.001037,
				"seconds":	1.0008440017700195,
				"bytes":	0,
				"bits_per_second":	0,
				"retransmits":	0,
				"omitted":	false,
				"sender":	true
			}
		}, {
			"streams":	[{
					"socket":	6,
					"start":	57.001037,
					"end":	58.000488,
					"seconds":	0.999450981616974,
					"bytes":	1310720,
					"bits_per_second":	10491520.0373664,
					"retransmits":	0,
					"snd_cwnd":	4251328,
					"snd_wnd":	3144320,
					"rtt":	3823405,
					"rttvar":	18117,
					"pmtu":	1500,
					"omitted":	false,
					"sender":	true
				}],
			"sum":	{
				"start":	57.001037,
				"end":	58.000488,
				"seconds":	0.999450981616974,
				"bytes":	1310720,
				"bits_per_second":	10491520.0373664,
				"retransmits":	0,
				"omitted":	false,
				"sender":	true
			}
		}, {
			"streams":	[{
					"socket":	6,
					"start":	58.000488,
					"end":	59.001063,
					"seconds":	1.0005749464035034,
					"bytes":	0,
					"bits_per_second":	0,
					"retransmits":	0,
					"snd_cwnd":	4251328,
					"snd_wnd":	3144320,
					"rtt":	3137911,
					"rttvar":	19548,
					"pmtu":	1500,
					"omitted":	false,
					"sender":	true
				}],
			"sum":	{
				"start":	58.000488,
				"end":	59.001063,
				"seconds":	1.0005749464035034,
				"bytes":	0,
				"bits_per_second":	0,
				"retransmits":	0,
				"omitted":	false,
				"sender":	true
			}
		}, {
			"streams":	[{
					"socket":	6,
					"start":	59.001063,
					"end":	60.000751,
					"seconds":	0.99968802928924561,
					"bytes":	1310720,
					"bits_per_second":	10489032.270852664,
					"retransmits":	0,
					"snd_cwnd":	4251328,
					"snd_wnd":	3144320,
					"rtt":	3932303,
					"rttvar":	8260,
					"pmtu":	1500,
					"omitted":	false,
					"sender":	true
				}],
			"sum":	{
				"start":	59.001063,
				"end":	60.000751,
				"seconds":	0.99968802928924561,
				"bytes":	1310720,
				"bits_per_second":	10489032.270852664,
				"retransmits":	0,
				"omitted":	false,
				"sender":	true
			}
		}],
	"end":	{
		"streams":	[{
				"sender":	{
					"socket":	6,
					"start":	0,
					"end":	60.000751,
					"seconds":	60.000751,
					"bytes":	52953088,
					"bits_per_second":	7060323.3616192574,
					"retransmits":	0,
					"max_snd_cwnd":	4251328,
					"max_snd_wnd":	3144320,
					"max_rtt":	3932303,
					"min_rtt":	248670,
					"mean_rtt":	2362318,
					"sender":	true
				},
				"receiver":	{
					"socket":	6,
					"start":	0,
					"end":	63.577374,
					"seconds":	60.000751,
					"bytes":	52952528,
					"bits_per_second":	6663065.7629866879,
					"sender":	true
				}
			}],
		"sum_sent":	{
			"start":	0,
			"end":	60.000751,
			"seconds":	60.000751,
			"bytes":	52953088,
			"bits_per_second":	7060323.3616192574,
			"retransmits":	0,
			"sender":	true
		},
		"sum_received":	{
			"start":	0,
			"end":	63.577374,
			"seconds":	63.577374,
			"bytes":	52952528,
			"bits_per_second":	6663065.7629866879,
			"sender":	true
		},
		"cpu_utilization_percent":	{
			"host_total":	0.351339507776356,
			"host_user":	0.076909584612754461,
			"host_system":	0.27442992316360154,
			"remote_total":	0.79971038761247681,
			"remote_user":	0.064332617864108335,
			"remote_system":	0.73537776974836855
		},
		"sender_tcp_congestion":	"cubic",
		"receiver_tcp_congestion":	"cubic"
	}
}
