{
	"start":	{
		"connected":	[{
				"socket":	6,
				"local_host":	"192.168.101.210",
				"local_port":	55294,
				"remote_host":	"192.168.100.168",
				"remote_port":	5201
			}],
		"version":	"iperf 3.11",
		"system_info":	"Linux f1 6.0.10-300.fc37.x86_64 #1 SMP PREEMPT_DYNAMIC Sat Nov 26 16:55:13 UTC 2022 x86_64",
		"timestamp":	{
			"time":	"Sat, 10 Dec 2022 17:25:54 GMT",
			"timesecs":	1670693154
		},
		"connecting_to":	{
			"host":	"192.168.100.168",
			"port":	5201
		},
		"cookie":	"ta77cgizeiluyfop7nxt24si3dxzx7u3olzu",
		"tcp_mss_default":	1448,
		"target_bitrate":	0,
		"sock_bufsize":	0,
		"sndbuf_actual":	16384,
		"rcvbuf_actual":	131072,
		"test_start":	{
			"protocol":	"TCP",
			"num_streams":	1,
			"blksize":	131072,
			"omit":	0,
			"duration":	60,
			"bytes":	0,
			"blocks":	0,
			"reverse":	0,
			"tos":	0,
			"target_bitrate":	0
		}
	},
	"intervals":	[{
			"streams":	[{
					"socket":	6,
					"start":	0,
					"end":	1.000117,
					"seconds":	1.0001169443130493,
					"bytes":	11796480,
					"bits_per_second":	94360805.040475756,
					"retransmits":	0,
					"snd_cwnd":	939752,
					"snd_wnd":	2765568,
					"rtt":	82923,
					"rttvar":	323,
					"pmtu":	1500,
					"omitted":	false,
					"sender":	true
				}],
			"sum":	{
				"start":	0,
				"end":	1.000117,
				"seconds":	1.0001169443130493,
				"bytes":	11796480,
				"bits_per_second":	94360805.040475756,
				"retransmits":	0,
				"omitted":	false,
				"sender":	true
			}
		}, {
			"streams":	[{
					"socket":	6,
					"start":	1.000117,
					"end":	2.000084,
					"seconds":	0.99996697902679443,
					"bytes":	11796480,
					"bits_per_second":	94374956.352905,
					"retransmits":	0,
					"snd_cwnd":	1505920,
					"snd_wnd":	3137152,
					"rtt":	123602,
					"rttvar":	623,
					"pmtu":	1500,
					"omitted":	false,
					"sender":	true
				}],
			"sum":	{
				"start":	1.000117,
				"end":	2.000084,
				"seconds":	0.99996697902679443,
				"bytes":	11796480,
				"bits_per_second":	94374956.352905,
				"retransmits":	0,
				"omitted":	false,
				"sender":	true
			}
		}, {
			"streams":	[{
					"socket":	6,
					"start":	2.000084,
					"end":	3.000151,
					"seconds":	1.0000669956207275,
					"bytes":	10485760,
					"bits_per_second":	83880460.376490161,
					"retransmits":	0,
					"snd_cwnd":	2095256,
					"snd_wnd":	3141248,
					"rtt":	167873,
					"rttvar":	612,
					"pmtu":	1500,
					"omitted":	false,
					"sender":	true
				}],
			"sum":	{
				"start":	2.000084,
				"end":	3.000151,
				"seconds":	1.0000669956207275,
				"bytes":	10485760,
				"bits_per_second":	83880460.376490161,
				"retransmits":	0,
				"omitted":	false,
				"sender":	true
			}
		}, {
			"streams":	[{
					"socket":	6,
					"start":	3.000151,
					"end":	4.000173,
					"seconds":	1.0000220537185669,
					"bytes":	11796480,
					"bits_per_second":	94369758.7958983,
					"retransmits":	0,
					"snd_cwnd":	2687488,
					"snd_wnd":	3143552,
					"rtt":	215053,
					"rttvar":	772,
					"pmtu":	1500,
					"omitted":	false,
					"sender":	true
				}],
			"sum":	{
				"start":	3.000151,
				"end":	4.000173,
				"seconds":	1.0000220537185669,
				"bytes":	11796480,
				"bits_per_second":	94369758.7958983,
				"retransmits":	0,
				"omitted":	false,
				"sender":	true
			}
		}, {
			"streams":	[{
					"socket":	6,
					"start":	4.000173,
					"end":	5.00008,
					"seconds":	0.99990701675415039,
					"bytes":	13107200,
					"bits_per_second":	104867350.90667096,
					"retransmits":	0,
					"snd_cwnd":	3278272,
					"snd_wnd":	3143552,
					"rtt":	234803,
					"rttvar":	6263,
					"pmtu":	1500,
					"omitted":	false,
					"sender":	true
				}],
			"sum":	{
				"start":	4.000173,
				"end":	5.00008,
				"seconds":	0.99990701675415039,
				"bytes":	13107200,
				"bits_per_second":	104867350.90667096,
				"retransmits":	0,
				"omitted":	false,
				"sender":	true
			}
		}, {
			"streams":	[{
					"socket":	6,
					"start":	5.00008,
					"end":	6.000115,
					"seconds":	1.0000350475311279,
					"bytes":	11796480,
					"bits_per_second":	94368532.615915641,
					"retransmits":	0,
					"snd_cwnd":	3278272,
					"snd_wnd":	3143552,
					"rtt":	231285,
					"rttvar":	3649,
					"pmtu":	1500,
					"omitted":	false,
					"sender":	true
				}],
			"sum":	{
				"start":	5.00008,
				"end":	6.000115,
				"seconds":	1.0000350475311279,
				"bytes":	11796480,
				"bits_per_second":	94368532.615915641,
				"retransmits":	0,
				"omitted":	false,
				"sender":	true
			}
		}, {
			"streams":	[{
					"socket":	6,
					"start":	6.000115,
					"end":	7.000115,
					"seconds":	1,
					"bytes":	11796480,
					"bits_per_second":	94371840,
					"retransmits":	0,
					"snd_cwnd":	3278272,
					"snd_wnd":	3143552,
					"rtt":	234125,
					"rttvar":	3762,
					"pmtu":	1500,
					"omitted":	false,
					"sender":	true
				}],
			"sum":	{
				"start":	6.000115,
				"end":	7.000115,
				"seconds":	1,
				"bytes":	11796480,
				"bits_per_second":	94371840,
				"retransmits":	0,
				"omitted":	false,
				"sender":	true
			}
		}, {
			"streams":	[{
					"socket":	6,
					"start":	7.000115,
					"end":	8.000115,
					"seconds":	1,
					"bytes":	11796480,
					"bits_per_second":	94371840,
					"retransmits":	0,
					"snd_cwnd":	3278272,
					"snd_wnd":	3143552,
					"rtt":	239262,
					"rttvar":	7227,
					"pmtu":	1500,
					"omitted":	false,
					"sender":	true
				}],
			"sum":	{
				"start":	7.000115,
				"end":	8.000115,
				"seconds":	1,
				"bytes":	11796480,
				"bits_per_second":	94371840,
				"retransmits":	0,
				"omitted":	false,
				"sender":	true
			}
		}, {
			"streams":	[{
					"socket":	6,
					"start":	8.000115,
					"end":	9.000116,
					"seconds":	1.0000009536743164,
					"bytes":	11796480,
					"bits_per_second":	94371750.000085831,
					"retransmits":	0,
					"snd_cwnd":	3278272,
					"snd_wnd":	3143552,
					"rtt":	246171,
					"rttvar":	8894,
					"pmtu":	1500,
					"omitted":	false,
					"sender":	true
				}],
			"sum":	{
				"start":	8.000115,
				"end":	9.000116,
				"seconds":	1.0000009536743164,
				"bytes":	11796480,
				"bits_per_second":	94371750.000085831,
				"retransmits":	0,
				"omitted":	false,
				"sender":	true
			}
		}, {
			"streams":	[{
					"socket":	6,
					"start":	9.000116,
					"end":	10.000088,
					"seconds":	0.99997198581695557,
					"bytes":	11796480,
					"bits_per_second":	94374483.824064568,
					"retransmits":	0,
					"snd_cwnd":	3278272,
					"snd_wnd":	3143552,
					"rtt":	254558,
					"rttvar":	10096,
					"pmtu":	1500,
					"omitted":	false,
					"sender":	true
				}],
			"sum":	{
				"start":	9.000116,
				"end":	10.000088,
				"seconds":	0.99997198581695557,
				"bytes":	11796480,
				"bits_per_second":	94374483.824064568,
				"retransmits":	0,
				"omitted":	false,
				"sender":	true
			}
		}, {
			"streams":	[{
					"socket":	6,
					"start":	10.000088,
					"end":	11.000091,
					"seconds":	1.0000029802322388,
					"bytes":	11796480,
					"bits_per_second":	94371558.7508382,
					"retransmits":	0,
					"snd_cwnd":	3278272,
					"snd_wnd":	3143552,
					"rtt":	260947,
					"rttvar":	5354,
					"pmtu":	1500,
					"omitted":	false,
					"sender":	true
				}],
			"sum":	{
				"start":	10.000088,
				"end":	11.000091,
				"seconds":	1.0000029802322388,
				"bytes":	11796480,
				"bits_per_second":	94371558.7508382,
				"retransmits":	0,
				"omitted":	false,
				"sender":	true
			}
		}, {
			"streams":	[{
					"socket":	6,
					"start":	11.000091,
					"end":	12.000098,
					"seconds":	1.0000070333480835,
					"bytes":	11796480,
					"bits_per_second":	94371176.254668355,
					"retransmits":	0,
					"snd_cwnd":	3278272,
					"snd_wnd":	3143552,
					"rtt":	262063,
					"rttvar":	2600,
					"pmtu":	1500,
					"omitted":	false,
					"sender":	true
				}],
			"sum":	{
				"start":	11.000091,
				"end":	12.000098,
				"seconds":	1.0000070333480835,
				"bytes":	11796480,
				"bits_per_second":	94371176.254668355,
				"retransmits":	0,
				"omitted":	false,
				"sender":	true
			}
		}, {
			"streams":	[{
					"socket":	6,
					"start":	12.000098,
					"end":	13.000105,
					"seconds":	1.0000070333480835,
					"bytes":	11796480,
					"bits_per_second":	94371176.254668355,
					"retransmits":	0,
					"snd_cwnd":	3278272,
					"snd_wnd":	3143552,
					"rtt":	263813,
					"rttvar":	1867,
					"pmtu":	1500,
					"omitted":	false,
					"sender":	true
				}],
			"sum":	{
				"start":	12.000098,
				"end":	13.000105,
				"seconds":	1.0000070333480835,
				"bytes":	11796480,
				"bits_per_second":	94371176.254668355,
				"retransmits":	0,
				"omitted":	false,
				"sender":	true
			}
		}, {
			"streams":	[{
					"socket":	6,
					"start":	13.000105,
					"end":	14.000112,
					"seconds":	1.0000070333480835,
					"bytes":	11796480,
					"bits_per_second":	94371176.254668355,
					"retransmits":	0,
					"snd_cwnd":	3278272,
					"snd_wnd":	3143552,
					"rtt":	264712,
					"rttvar":	1134,
					"pmtu":	1500,
					"omitted":	false,
					"sender":	true
				}],
			"sum":	{
				"start":	13.000105,
				"end":	14.000112,
				"seconds":	1.0000070333480835,
				"bytes":	11796480,
				"bits_per_second":	94371176.254668355,
				"retransmits":	0,
				"omitted":	false,
				"sender":	true
			}
		}, {
			"streams":	[{
					"socket":	6,
					"start":	14.000112,
					"end":	15.000118,
					"seconds":	1.0000059604644775,
					"bytes":	11796480,
					"bits_per_second":	94371277.503352746,
					"retransmits":	0,
					"snd_cwnd":	3278272,
					"snd_wnd":	3143552,
					"rtt":	264821,
					"rttvar":	682,
					"pmtu":	1500,
					"omitted":	false,
					"sender":	true
				}],
			"sum":	{
				"start":	14.000112,
				"end":	15.000118,
				"seconds":	1.0000059604644775,
				"bytes":	11796480,
				"bits_per_second":	94371277.503352746,
				"retransmits":	0,
				"omitted":	false,
				"sender":	true
			}
		}, {
			"streams":	[{
					"socket":	6,
					"start":	15.000118,
					"end":	16.000106,
					"seconds":	0.9999880194664,
					"bytes":	11796480,
					"bits_per_second":	94372970.638545647,
					"retransmits":	0,
					"snd_cwnd":	3278272,
					"snd_wnd":	3143552,
					"rtt":	265124,
					"rttvar":	544,
					"pmtu":	1500,
					"omitted":	false,
					"sender":	true
				}],
			"sum":	{
				"start":	15.000118,
				"end":	16.000106,
				"seconds":	0.9999880194664,
				"bytes":	11796480,
				"bits_per_second":	94372970.638545647,
				"retransmits":	0,
				"omitted":	false,
				"sender":	true
			}
		}, {
			"streams":	[{
					"socket":	6,
					"start":	16.000106,
					"end":	17.000117,
					"seconds":	1.0000109672546387,
					"bytes":	11796480,
					"bits_per_second":	94370805.011351,
					"retransmits":	0,
					"snd_cwnd":	3278272,
					"snd_wnd":	3143552,
					"rtt":	265348,
					"rttvar":	515,
					"pmtu":	1500,
					"omitted":	false,
					"sender":	true
				}],
			"sum":	{
				"start":	16.000106,
				"end":	17.000117,
				"seconds":	1.0000109672546387,
				"bytes":	11796480,
				"bits_per_second":	94370805.011351,
				"retransmits":	0,
				"omitted":	false,
				"sender":	true
			}
		}, {
			"streams":	[{
					"socket":	6,
					"start":	17.000117,
					"end":	18.000126,
					"seconds":	1.0000089406967163,
					"bytes":	11796480,
					"bits_per_second":	94370996.257543638,
					"retransmits":	0,
					"snd_cwnd":	3278272,
					"snd_wnd":	3143552,
					"rtt":	265741,
					"rttvar":	816,
					"pmtu":	1500,
					"omitted":	false,
					"sender":	true
				}],
			"sum":	{
				"start":	17.000117,
				"end":	18.000126,
				"seconds":	1.0000089406967163,
				"bytes":	11796480,
				"bits_per_second":	94370996.257543638,
				"retransmits":	0,
				"omitted":	false,
				"sender":	true
			}
		}, {
			"streams":	[{
					"socket":	6,
					"start":	18.000126,
					"end":	19.000118,
					"seconds":	0.9999920129776,
					"bytes":	11796480,
					"bits_per_second":	94372593.756020263,
					"retransmits":	0,
					"snd_cwnd":	3278272,
					"snd_wnd":	3143552,
					"rtt":	266035,
					"rttvar":	309,
					"pmtu":	1500,
					"omitted":	false,
					"sender":	true
				}],
			"sum":	{
				"start":	18.000126,
				"end":	19.000118,
				"seconds":	0.9999920129776,
				"bytes":	11796480,
				"bits_per_second":	94372593.756020263,
				"retransmits":	0,
				"omitted":	false,
				"sender":	true
			}
		}, {
			"streams":	[{
					"socket":	6,
					"start":	19.000118,
					"end":	20.000143,
					"seconds":	1.0000250339508057,
					"bytes":	11796480,
					"bits_per_second":	94369477.559141234,
					"retransmits":	0,
					"snd_cwnd":	3278272,
					"snd_wnd":	3143552,
					"rtt":	266361,
					"rttvar":	855,
					"pmtu":	1500,
					"omitted":	false,
					"sender":	true
				}],
			"sum":	{
				"start":	19.000118,
				"end":	20.000143,
				"seconds":	1.0000250339508057,
				"bytes":	11796480,
				"bits_per_second":	94369477.559141234,
				"retransmits":	0,
				"omitted":	false,
				"sender":	true
			}
		}, {
			"streams":	[{
					"socket":	6,
					"start":	20.000143,
					"end":	21.000138,
					"seconds":	0.999994993209839,
					"bytes":	11796480,
					"bits_per_second":	94372312.502365723,
					"retransmits":	0,
					"snd_cwnd":	3278272,
					"snd_wnd":	3143552,
					"rtt":	267094,
					"rttvar":	960,
					"pmtu":	1500,
					"omitted":	false,
					"sender":	true
				}],
			"sum":	{
				"start":	20.000143,
				"end":	21.000138,
				"seconds":	0.999994993209839,
				"bytes":	11796480,
				"bits_per_second":	94372312.502365723,
				"retransmits":	0,
				"omitted":	false,
				"sender":	true
			}
		}, {
			"streams":	[{
					"socket":	6,
					"start":	21.000138,
					"end":	22.000133,
					"seconds":	0.999994993209839,
					"bytes":	11796480,
					"bits_per_second":	94372312.502365723,
					"retransmits":	0,
					"snd_cwnd":	3278272,
					"snd_wnd":	3143552,
					"rtt":	262307,
					"rttvar":	1542,
					"pmtu":	1500,
					"omitted":	false,
					"sender":	true
				}],
			"sum":	{
				"start":	21.000138,
				"end":	22.000133,
				"seconds":	0.999994993209839,
				"bytes":	11796480,
				"bits_per_second":	94372312.502365723,
				"retransmits":	0,
				"omitted":	false,
				"sender":	true
			}
		}, {
			"streams":	[{
					"socket":	6,
					"start":	22.000133,
					"end":	23.000132,
					"seconds":	0.99999898672103882,
					"bytes":	11796480,
					"bits_per_second":	94371935.6250969,
					"retransmits":	0,
					"snd_cwnd":	3278272,
					"snd_wnd":	3143552,
					"rtt":	267601,
					"rttvar":	1605,
					"pmtu":	1500,
					"omitted":	false,
					"sender":	true
				}],
			"sum":	{
				"start":	22.000133,
				"end":	23.000132,
				"seconds":	0.99999898672103882,
				"bytes":	11796480,
				"bits_per_second":	94371935.6250969,
				"retransmits":	0,
				"omitted":	false,
				"sender":	true
			}
		}, {
			"streams":	[{
					"socket":	6,
					"start":	23.000132,
					"end":	24.000101,
					"seconds":	0.9999690055847168,
					"bytes":	11796480,
					"bits_per_second":	94374765.0906615,
					"retransmits":	0,
					"snd_cwnd":	3278272,
					"snd_wnd":	3143552,
					"rtt":	265811,
					"rttvar":	3682,
					"pmtu":	1500,
					"omitted":	false,
					"sender":	true
				}],
			"sum":	{
				"start":	23.000132,
				"end":	24.000101,
				"seconds":	0.9999690055847168,
				"bytes":	11796480,
				"bits_per_second":	94374765.0906615,
				"retransmits":	0,
				"omitted":	false,
				"sender":	true
			}
		}, {
			"streams":	[{
					"socket":	6,
					"start":	24.000101,
					"end":	25.00009,
					"seconds":	0.99998897314071655,
					"bytes":	11796480,
					"bits_per_second":	94372880.636474952,
					"retransmits":	0,
					"snd_cwnd":	3278272,
					"snd_wnd":	3143552,
					"rtt":	262230,
					"rttvar":	8158,
					"pmtu":	1500,
					"omitted":	false,
					"sender":	true
				}],
			"sum":	{
				"start":	24.000101,
				"end":	25.00009,
				"seconds":	0.99998897314071655,
				"bytes":	11796480,
				"bits_per_second":	94372880.636474952,
				"retransmits":	0,
				"omitted":	false,
				"sender":	true
			}
		}, {
			"streams":	[{
					"socket":	6,
					"start":	25.00009,
					"end":	26.000089,
					"seconds":	0.99999898672103882,
					"bytes":	11796480,
					"bits_per_second":	94371935.6250969,
					"retransmits":	0,
					"snd_cwnd":	3278272,
					"snd_wnd":	3143552,
					"rtt":	248153,
					"rttvar":	7419,
					"pmtu":	1500,
					"omitted":	false,
					"sender":	true
				}],
			"sum":	{
				"start":	25.00009,
				"end":	26.000089,
				"seconds":	0.99999898672103882,
				"bytes":	11796480,
				"bits_per_second":	94371935.6250969,
				"retransmits":	0,
				"omitted":	false,
				"sender":	true
			}
		}, {
			"streams":	[{
					"socket":	6,
					"start":	26.000089,
					"end":	27.000087,
					"seconds":	0.99999797344207764,
					"bytes":	11796480,
					"bits_per_second":	94372031.2503876,
					"retransmits":	0,
					"snd_cwnd":	3278272,
					"snd_wnd":	3143552,
					"rtt":	237110,
					"rttvar":	2487,
					"pmtu":	1500,
					"omitted":	false,
					"sender":	true
				}],
			"sum":	{
				"start":	26.000089,
				"end":	27.000087,
				"seconds":	0.99999797344207764,
				"bytes":	11796480,
				"bits_per_second":	94372031.2503876,
				"retransmits":	0,
				"omitted":	false,
				"sender":	true
			}
		}, {
			"streams":	[{
					"socket":	6,
					"start":	27.000087,
					"end":	28.000153,
					"seconds":	1.0000660419464111,
					"bytes":	10485760,
					"bits_per_second":	83880540.365848228,
					"retransmits":	0,
					"snd_cwnd":	3278272,
					"snd_wnd":	3143552,
					"rtt":	273180,
					"rttvar":	312,
					"pmtu":	1500,
					"omitted":	false,
					"sender":	true
				}],
			"sum":	{
				"start":	27.000087,
				"end":	28.000153,
				"seconds":	1.0000660419464111,
				"bytes":	10485760,
				"bits_per_second":	83880540.365848228,
				"retransmits":	0,
				"omitted":	false,
				"sender":	true
			}
		}, {
			"streams":	[{
					"socket":	6,
					"start":	28.000153,
					"end":	29.000124,
					"seconds":	0.99997097253799438,
					"bytes":	11796480,
					"bits_per_second":	94374579.4545194,
					"retransmits":	0,
					"snd_cwnd":	3278272,
					"snd_wnd":	3143552,
					"rtt":	272218,
					"rttvar":	1104,
					"pmtu":	1500,
					"omitted":	false,
					"sender":	true
				}],
			"sum":	{
				"start":	28.000153,
				"end":	29.000124,
				"seconds":	0.99997097253799438,
				"bytes":	11796480,
				"bits_per_second":	94374579.4545194,
				"retransmits":	0,
				"omitted":	false,
				"sender":	true
			}
		}, {
			"streams":	[{
					"socket":	6,
					"start":	29.000124,
					"end":	30.000089,
					"seconds":	0.999965012073517,
					"bytes":	11796480,
					"bits_per_second":	94375141.9905298,
					"retransmits":	0,
					"snd_cwnd":	3278272,
					"snd_wnd":	3143552,
					"rtt":	266640,
					"rttvar":	8124,
					"pmtu":	1500,
					"omitted":	false,
					"sender":	true
				}],
			"sum":	{
				"start":	29.000124,
				"end":	30.000089,
				"seconds":	0.999965012073517,
				"bytes":	11796480,
				"bits_per_second":	94375141.9905298,
				"retransmits":	0,
				"omitted":	false,
				"sender":	true
			}
		}, {
			"streams":	[{
					"socket":	6,
					"start":	30.000089,
					"end":	31.000087,
					"seconds":	0.99999797344207764,
					"bytes":	11796480,
					"bits_per_second":	94372031.2503876,
					"retransmits":	0,
					"snd_cwnd":	3278272,
					"snd_wnd":	3143552,
					"rtt":	239483,
					"rttvar":	3072,
					"pmtu":	1500,
					"omitted":	false,
					"sender":	true
				}],
			"sum":	{
				"start":	30.000089,
				"end":	31.000087,
				"seconds":	0.99999797344207764,
				"bytes":	11796480,
				"bits_per_second":	94372031.2503876,
				"retransmits":	0,
				"omitted":	false,
				"sender":	true
			}
		}, {
			"streams":	[{
					"socket":	6,
					"start":	31.000087,
					"end":	32.000123,
					"seconds":	1.0000360012054443,
					"bytes":	10485760,
					"bits_per_second":	83883060.1087197,
					"retransmits":	0,
					"snd_cwnd":	3278272,
					"snd_wnd":	3143552,
					"rtt":	277238,
					"rttvar":	651,
					"pmtu":	1500,
					"omitted":	false,
					"sender":	true
				}],
			"sum":	{
				"start":	31.000087,
				"end":	32.000123,
				"seconds":	1.0000360012054443,
				"bytes":	10485760,
				"bits_per_second":	83883060.1087197,
				"retransmits":	0,
				"omitted":	false,
				"sender":	true
			}
		}, {
			"streams":	[{
					"socket":	6,
					"start":	32.000123,
					"end":	33.000103,
					"seconds":	0.99997997283935547,
					"bytes":	11796480,
					"bits_per_second":	94373730.0378521,
					"retransmits":	0,
					"snd_cwnd":	3278272,
					"snd_wnd":	3143552,
					"rtt":	262314,
					"rttvar":	3208,
					"pmtu":	1500,
					"omitted":	false,
					"sender":	true
				}],
			"sum":	{
				"start":	32.000123,
				"end":	33.000103,
				"seconds":	0.99997997283935547,
				"bytes":	11796480,
				"bits_per_second":	94373730.0378521,
				"retransmits":	0,
				"omitted":	false,
				"sender":	true
			}
		}, {
			"streams":	[{
					"socket":	6,
					"start":	33.000103,
					"end":	34.000115,
					"seconds":	1.0000120401382446,
					"bytes":	11796480,
					"bits_per_second":	94370703.763680443,
					"retransmits":	0,
					"snd_cwnd":	3278272,
					"snd_wnd":	3143552,
					"rtt":	248038,
					"rttvar":	4895,
					"pmtu":	1500,
					"omitted":	false,
					"sender":	true
				}],
			"sum":	{
				"start":	33.000103,
				"end":	34.000115,
				"seconds":	1.0000120401382446,
				"bytes":	11796480,
				"bits_per_second":	94370703.763680443,
				"retransmits":	0,
				"omitted":	false,
				"sender":	true
			}
		}, {
			"streams":	[{
					"socket":	6,
					"start":	34.000115,
					"end":	35.000153,
					"seconds":	1.0000380277633667,
					"bytes":	10485760,
					"bits_per_second":	83882890.121303946,
					"retransmits":	0,
					"snd_cwnd":	3278272,
					"snd_wnd":	3143552,
					"rtt":	279625,
					"rttvar":	613,
					"pmtu":	1500,
					"omitted":	false,
					"sender":	true
				}],
			"sum":	{
				"start":	34.000115,
				"end":	35.000153,
				"seconds":	1.0000380277633667,
				"bytes":	10485760,
				"bits_per_second":	83882890.121303946,
				"retransmits":	0,
				"omitted":	false,
				"sender":	true
			}
		}, {
			"streams":	[{
					"socket":	6,
					"start":	35.000153,
					"end":	36.000088,
					"seconds":	0.99993497133255,
					"bytes":	11796480,
					"bits_per_second":	94377977.274098754,
					"retransmits":	0,
					"snd_cwnd":	3278272,
					"snd_wnd":	3143552,
					"rtt":	256156,
					"rttvar":	7421,
					"pmtu":	1500,
					"omitted":	false,
					"sender":	true
				}],
			"sum":	{
				"start":	35.000153,
				"end":	36.000088,
				"seconds":	0.99993497133255,
				"bytes":	11796480,
				"bits_per_second":	94377977.274098754,
				"retransmits":	0,
				"omitted":	false,
				"sender":	true
			}
		}, {
			"streams":	[{
					"socket":	6,
					"start":	36.000088,
					"end":	37.000122,
					"seconds":	1.000033974647522,
					"bytes":	10485760,
					"bits_per_second":	83883230.096824452,
					"retransmits":	0,
					"snd_cwnd":	3278272,
					"snd_wnd":	3143552,
					"rtt":	282170,
					"rttvar":	684,
					"pmtu":	1500,
					"omitted":	false,
					"sender":	true
				}],
			"sum":	{
				"start":	36.000088,
				"end":	37.000122,
				"seconds":	1.000033974647522,
				"bytes":	10485760,
				"bits_per_second":	83883230.096824452,
				"retransmits":	0,
				"omitted":	false,
				"sender":	true
			}
		}, {
			"streams":	[{
					"socket":	6,
					"start":	37.000122,
					"end":	38.000089,
					"seconds":	0.99996697902679443,
					"bytes":	11796480,
					"bits_per_second":	94374956.352905,
					"retransmits":	0,
					"snd_cwnd":	3278272,
					"snd_wnd":	3143552,
					"rtt":	249925,
					"rttvar":	2671,
					"pmtu":	1500,
					"omitted":	false,
					"sender":	true
				}],
			"sum":	{
				"start":	37.000122,
				"end":	38.000089,
				"seconds":	0.99996697902679443,
				"bytes":	11796480,
				"bits_per_second":	94374956.352905,
				"retransmits":	0,
				"omitted":	false,
				"sender":	true
			}
		}, {
			"streams":	[{
					"socket":	6,
					"start":	38.000089,
					"end":	39.000088,
					"seconds":	0.99999898672103882,
					"bytes":	10485760,
					"bits_per_second":	83886165.000086129,
					"retransmits":	0,
					"snd_cwnd":	3278272,
					"snd_wnd":	3143552,
					"rtt":	280454,
					"rttvar":	6109,
					"pmtu":	1500,
					"omitted":	false,
					"sender":	true
				}],
			"sum":	{
				"start":	38.000089,
				"end":	39.000088,
				"seconds":	0.99999898672103882,
				"bytes":	10485760,
				"bits_per_second":	83886165.000086129,
				"retransmits":	0,
				"omitted":	false,
				"sender":	true
			}
		}, {
			"streams":	[{
					"socket":	6,
					"start":	39.000088,
					"end":	40.000121,
					"seconds":	1.0000330209732056,
					"bytes":	10485760,
					"bits_per_second":	83883310.091465071,
					"retransmits":	0,
					"snd_cwnd":	3278272,
					"snd_wnd":	3143552,
					"rtt":	289960,
					"rttvar":	1084,
					"pmtu":	1500,
					"omitted":	false,
					"sender":	true
				}],
			"sum":	{
				"start":	39.000088,
				"end":	40.000121,
				"seconds":	1.0000330209732056,
				"bytes":	10485760,
				"bits_per_second":	83883310.091465071,
				"retransmits":	0,
				"omitted":	false,
				"sender":	true
			}
		}, {
			"streams":	[{
					"socket":	6,
					"start":	40.000121,
					"end":	41.000144,
					"seconds":	1.0000230073928833,
					"bytes":	10485760,
					"bits_per_second":	83884150.04440324,
					"retransmits":	0,
					"snd_cwnd":	3278272,
					"snd_wnd":	3143552,
					"rtt":	292294,
					"rttvar":	481,
					"pmtu":	1500,
					"omitted":	false,
					"sender":	true
				}],
			"sum":	{
				"start":	40.000121,
				"end":	41.000144,
				"seconds":	1.0000230073928833,
				"bytes":	10485760,
				"bits_per_second":	83884150.04440324,
				"retransmits":	0,
				"omitted":	false,
				"sender":	true
			}
		}, {
			"streams":	[{
					"socket":	6,
					"start":	41.000144,
					"end":	42.000148,
					"seconds":	1.0000040531158447,
					"bytes":	10485760,
					"bits_per_second":	83885740.001378059,
					"retransmits":	0,
					"snd_cwnd":	3278272,
					"snd_wnd":	3143552,
					"rtt":	297564,
					"rttvar":	443,
					"pmtu":	1500,
					"omitted":	false,
					"sender":	true
				}],
			"sum":	{
				"start":	41.000144,
				"end":	42.000148,
				"seconds":	1.0000040531158447,
				"bytes":	10485760,
				"bits_per_second":	83885740.001378059,
				"retransmits":	0,
				"omitted":	false,
				"sender":	true
			}
		}, {
			"streams":	[{
					"socket":	6,
					"start":	42.000148,
					"end":	43.000178,
					"seconds":	1.0000300407409668,
					"bytes":	10485760,
					"bits_per_second":	83883560.0757004,
					"retransmits":	0,
					"snd_cwnd":	3278272,
					"snd_wnd":	3143552,
					"rtt":	303195,
					"rttvar":	561,
					"pmtu":	1500,
					"omitted":	false,
					"sender":	true
				}],
			"sum":	{
				"start":	42.000148,
				"end":	43.000178,
				"seconds":	1.0000300407409668,
				"bytes":	10485760,
				"bits_per_second":	83883560.0757004,
				"retransmits":	0,
				"omitted":	false,
				"sender":	true
			}
		}, {
			"streams":	[{
					"socket":	6,
					"start":	43.000178,
					"end":	44.00009,
					"seconds":	0.99991202354431152,
					"bytes":	11796480,
					"bits_per_second":	94380143.2304888,
					"retransmits":	0,
					"snd_cwnd":	3278272,
					"snd_wnd":	3143552,
					"rtt":	292459,
					"rttvar":	6382,
					"pmtu":	1500,
					"omitted":	false,
					"sender":	true
				}],
			"sum":	{
				"start":	43.000178,
				"end":	44.00009,
				"seconds":	0.99991202354431152,
				"bytes":	11796480,
				"bits_per_second":	94380143.2304888,
				"retransmits":	0,
				"omitted":	false,
				"sender":	true
			}
		}, {
			"streams":	[{
					"socket":	6,
					"start":	44.00009,
					"end":	45.000088,
					"seconds":	0.99999797344207764,
					"bytes":	10485760,
					"bits_per_second":	83886250.0003445,
					"retransmits":	0,
					"snd_cwnd":	3278272,
					"snd_wnd":	3143552,
					"rtt":	274771,
					"rttvar":	3396,
					"pmtu":	1500,
					"omitted":	false,
					"sender":	true
				}],
			"sum":	{
				"start":	44.00009,
				"end":	45.000088,
				"seconds":	0.99999797344207764,
				"bytes":	10485760,
				"bits_per_second":	83886250.0003445,
				"retransmits":	0,
				"omitted":	false,
				"sender":	true
			}
		}, {
			"streams":	[{
					"socket":	6,
					"start":	45.000088,
					"end":	46.000135,
					"seconds":	1.000046968460083,
					"bytes":	9175040,
					"bits_per_second":	73396872.661916167,
					"retransmits":	0,
					"snd_cwnd":	3278272,
					"snd_wnd":	3143552,
					"rtt":	317493,
					"rttvar":	1248,
					"pmtu":	1500,
					"omitted":	false,
					"sender":	true
				}],
			"sum":	{
				"start":	45.000088,
				"end":	46.000135,
				"seconds":	1.000046968460083,
				"bytes":	9175040,
				"bits_per_second":	73396872.661916167,
				"retransmits":	0,
				"omitted":	false,
				"sender":	true
			}
		}, {
			"streams":	[{
					"socket":	6,
					"start":	46.000135,
					"end":	47.000116,
					"seconds":	0.99998098611831665,
					"bytes":	10485760,
					"bits_per_second":	83887675.030327722,
					"retransmits":	0,
					"snd_cwnd":	3278272,
					"snd_wnd":	3143552,
					"rtt":	281858,
					"rttvar":	2751,
					"pmtu":	1500,
					"omitted":	false,
					"sender":	true
				}],
			"sum":	{
				"start":	46.000135,
				"end":	47.000116,
				"seconds":	0.99998098611831665,
				"bytes":	10485760,
				"bits_per_second":	83887675.030327722,
				"retransmits":	0,
				"omitted":	false,
				"sender":	true
			}
		}, {
			"streams":	[{
					"socket":	6,
					"start":	47.000116,
					"end":	48.00012,
					"seconds":	1.0000040531158447,
					"bytes":	9175040,
					"bits_per_second":	73400022.5012058,
					"retransmits":	0,
					"snd_cwnd":	3278272,
					"snd_wnd":	3143552,
					"rtt":	311928,
					"rttvar":	5853,
					"pmtu":	1500,
					"omitted":	false,
					"sender":	true
				}],
			"sum":	{
				"start":	47.000116,
				"end":	48.00012,
				"seconds":	1.0000040531158447,
				"bytes":	9175040,
				"bits_per_second":	73400022.5012058,
				"retransmits":	0,
				"omitted":	false,
				"sender":	true
			}
		}, {
			"streams":	[{
					"socket":	6,
					"start":	48.00012,
					"end":	49.000135,
					"seconds":	1.0000150203704834,
					"bytes":	9175040,
					"bits_per_second":	73399217.5165597,
					"retransmits":	0,
					"snd_cwnd":	3278272,
					"snd_wnd":	3143552,
					"rtt":	328173,
					"rttvar":	2574,
					"pmtu":	1500,
					"omitted":	false,
					"sender":	true
				}],
			"sum":	{
				"start":	48.00012,
				"end":	49.000135,
				"seconds":	1.0000150203704834,
				"bytes":	9175040,
				"bits_per_second":	73399217.5165597,
				"retransmits":	0,
				"omitted":	false,
				"sender":	true
			}
		}, {
			"streams":	[{
					"socket":	6,
					"start":	49.000135,
					"end":	50.000106,
					"seconds":	0.99997097253799438,
					"bytes":	9175040,
					"bits_per_second":	73402450.686848432,
					"retransmits":	0,
					"snd_cwnd":	3278272,
					"snd_wnd":	3143552,
					"rtt":	336388,
					"rttvar":	3179,
					"pmtu":	1500,
					"omitted":	false,
					"sender":	true
				}],
			"sum":	{
				"start":	49.000135,
				"end":	50.000106,
				"seconds":	0.99997097253799438,
				"bytes":	9175040,
				"bits_per_second":	73402450.686848432,
				"retransmits":	0,
				"omitted":	false,
				"sender":	true
			}
		}, {
			"streams":	[{
					"socket":	6,
					"start":	50.000106,
					"end":	51.000115,
					"seconds":	1.0000089406967163,
					"bytes":	9175040,
					"bits_per_second":	73399663.755867273,
					"retransmits":	0,
					"snd_cwnd":	3278272,
					"snd_wnd":	3143552,
					"rtt":	324189,
					"rttvar":	7018,
					"pmtu":	1500,
					"omitted":	false,
					"sender":	true
				}],
			"sum":	{
				"start":	50.000106,
				"end":	51.000115,
				"seconds":	1.0000089406967163,
				"bytes":	9175040,
				"bits_per_second":	73399663.755867273,
				"retransmits":	0,
				"omitted":	false,
				"sender":	true
			}
		}, {
			"streams":	[{
					"socket":	6,
					"start":	51.000115,
					"end":	52.000194,
					"seconds":	1.0000790357589722,
					"bytes":	7864320,
					"bits_per_second":	62909587.89297425,
					"retransmits":	0,
					"snd_cwnd":	3278272,
					"snd_wnd":	3143552,
					"rtt":	362617,
					"rttvar":	855,
					"pmtu":	1500,
					"omitted":	false,
					"sender":	true
				}],
			"sum":	{
				"start":	51.000115,
				"end":	52.000194,
				"seconds":	1.0000790357589722,
				"bytes":	7864320,
				"bits_per_second":	62909587.89297425,
				"retransmits":	0,
				"omitted":	false,
				"sender":	true
			}
		}, {
			"streams":	[{
					"socket":	6,
					"start":	52.000194,
					"end":	53.000088,
					"seconds":	0.99989402294158936,
					"bytes":	9175040,
					"bits_per_second":	73408099.574456424,
					"retransmits":	0,
					"snd_cwnd":	3278272,
					"snd_wnd":	3143552,
					"rtt":	346883,
					"rttvar":	6896,
					"pmtu":	1500,
					"omitted":	false,
					"sender":	true
				}],
			"sum":	{
				"start":	52.000194,
				"end":	53.000088,
				"seconds":	0.99989402294158936,
				"bytes":	9175040,
				"bits_per_second":	73408099.574456424,
				"retransmits":	0,
				"omitted":	false,
				"sender":	true
			}
		}, {
			"streams":	[{
					"socket":	6,
					"start":	53.000088,
					"end":	54.00012,
					"seconds":	1.0000319480895996,
					"bytes":	7864320,
					"bits_per_second":	62912550.064213611,
					"retransmits":	0,
					"snd_cwnd":	3278272,
					"snd_wnd":	3143552,
					"rtt":	376271,
					"rttvar":	2480,
					"pmtu":	1500,
					"omitted":	false,
					"sender":	true
				}],
			"sum":	{
				"start":	53.000088,
				"end":	54.00012,
				"seconds":	1.0000319480895996,
				"bytes":	7864320,
				"bits_per_second":	62912550.064213611,
				"retransmits":	0,
				"omitted":	false,
				"sender":	true
			}
		}, {
			"streams":	[{
					"socket":	6,
					"start":	54.00012,
					"end":	55.000084,
					"seconds":	0.99996399879455566,
					"bytes":	10485760,
					"bits_per_second":	83889100.108727559,
					"retransmits":	0,
					"snd_cwnd":	3278272,
					"snd_wnd":	3143552,
					"rtt":	344859,
					"rttvar":	7116,
					"pmtu":	1500,
					"omitted":	false,
					"sender":	true
				}],
			"sum":	{
				"start":	54.00012,
				"end":	55.000084,
				"seconds":	0.99996399879455566,
				"bytes":	10485760,
				"bits_per_second":	83889100.108727559,
				"retransmits":	0,
				"omitted":	false,
				"sender":	true
			}
		}, {
			"streams":	[{
					"socket":	6,
					"start":	55.000084,
					"end":	56.000087,
					"seconds":	1.0000029802322388,
					"bytes":	7864320,
					"bits_per_second":	62914372.5005588,
					"retransmits":	0,
					"snd_cwnd":	3278272,
					"snd_wnd":	3143552,
					"rtt":	385671,
					"rttvar":	4476,
					"pmtu":	1500,
					"omitted":	false,
					"sender":	true
				}],
			"sum":	{
				"start":	55.000084,
				"end":	56.000087,
				"seconds":	1.0000029802322388,
				"bytes":	7864320,
				"bits_per_second":	62914372.5005588,
				"retransmits":	0,
				"omitted":	false,
				"sender":	true
			}
		}, {
			"streams":	[{
					"socket":	6,
					"start":	56.000087,
					"end":	57.000115,
					"seconds":	1.0000280141830444,
					"bytes":	7864320,
					"bits_per_second":	62912797.549373612,
					"retransmits":	0,
					"snd_cwnd":	3278272,
					"snd_wnd":	3143552,
					"rtt":	384613,
					"rttvar":	6172,
					"pmtu":	1500,
					"omitted":	false,
					"sender":	true
				}],
			"sum":	{
				"start":	56.000087,
				"end":	57.000115,
				"seconds":	1.0000280141830444,
				"bytes":	7864320,
				"bits_per_second":	62912797.549373612,
				"retransmits":	0,
				"omitted":	false,
				"sender":	true
			}
		}, {
			"streams":	[{
					"socket":	6,
					"start":	57.000115,
					"end":	58.000186,
					"seconds":	1.0000710487365723,
					"bytes":	6553600,
					"bits_per_second":	52425075.264637738,
					"retransmits":	0,
					"snd_cwnd":	3278272,
					"snd_wnd":	3143552,
					"rtt":	416713,
					"rttvar":	499,
					"pmtu":	1500,
					"omitted":	false,
					"sender":	true
				}],
			"sum":	{
				"start":	57.000115,
				"end":	58.000186,
				"seconds":	1.0000710487365723,
				"bytes":	6553600,
				"bits_per_second":	52425075.264637738,
				"retransmits":	0,
				"omitted":	false,
				"sender":	true
			}
		}, {
			"streams":	[{
					"socket":	6,
					"start":	58.000186,
					"end":	59.000099,
					"seconds":	0.999912977218628,
					"bytes":	7864320,
					"bits_per_second":	62920035.4764912,
					"retransmits":	0,
					"snd_cwnd":	3278272,
					"snd_wnd":	3143552,
					"rtt":	415921,
					"rttvar":	4151,
					"pmtu":	1500,
					"omitted":	false,
					"sender":	true
				}],
			"sum":	{
				"start":	58.000186,
				"end":	59.000099,
				"seconds":	0.999912977218628,
				"bytes":	7864320,
				"bits_per_second":	62920035.4764912,
				"retransmits":	0,
				"omitted":	false,
				"sender":	true
			}
		}, {
			"streams":	[{
					"socket":	6,
					"start":	59.000099,
					"end":	60.000149,
					"seconds":	1.0000499486923218,
					"bytes":	6553600,
					"bits_per_second":	52426181.3807966,
					"retransmits":	0,
					"snd_cwnd":	3278272,
					"snd_wnd":	3143552,
					"rtt":	430257,
					"rttvar":	2521,
					"pmtu":	1500,
					"omitted":	false,
					"sender":	true
				}],
			"sum":	{
				"start":	59.000099,
				"end":	60.000149,
				"seconds":	1.0000499486923218,
				"bytes":	6553600,
				"bits_per_second":	52426181.3807966,
				"retransmits":	0,
				"omitted":	false,
				"sender":	true
			}
		}],
	"end":	{
		"streams":	[{
				"sender":	{
					"socket":	6,
					"start":	0,
					"end":	60.000149,
					"seconds":	60.000149,
					"bytes":	646184960,
					"bits_per_second":	86157780.7081779,
					"retransmits":	0,
					"max_snd_cwnd":	3278272,
					"max_snd_wnd":	3143552,
					"max_rtt":	430257,
					"min_rtt":	82923,
					"mean_rtt":	279774,
					"sender":	true
				},
				"receiver":	{
					"socket":	6,
					"start":	0,
					"end":	60.410484,
					"seconds":	60.000149,
					"bytes":	646184400,
					"bits_per_second":	85572484.405190334,
					"sender":	true
				}
			}],
		"sum_sent":	{
			"start":	0,
			"end":	60.000149,
			"seconds":	60.000149,
			"bytes":	646184960,
			"bits_per_second":	86157780.7081779,
			"retransmits":	0,
			"sender":	true
		},
		"sum_received":	{
			"start":	0,
			"end":	60.410484,
			"seconds":	60.410484,
			"bytes":	646184400,
			"bits_per_second":	85572484.405190334,
			"sender":	true
		},
		"cpu_utilization_percent":	{
			"host_total":	0.74414217848083,
			"host_user":	0.0068742079916083356,
			"host_system":	0.73726797048922166,
			"remote_total":	2.1236971097308288,
			"remote_user":	0.14332111614110515,
			"remote_system":	1.9803776489311511
		},
		"sender_tcp_congestion":	"cubic",
		"receiver_tcp_congestion":	"cubic"
	}
}
