{
	"start":	{
		"connected":	[{
				"socket":	6,
				"local_host":	"192.168.101.210",
				"local_port":	52662,
				"remote_host":	"192.168.100.168",
				"remote_port":	5202
			}],
		"version":	"iperf 3.11",
		"system_info":	"Linux f1 6.0.10-300.fc37.x86_64 #1 SMP PREEMPT_DYNAMIC Sat Nov 26 16:55:13 UTC 2022 x86_64",
		"timestamp":	{
			"time":	"Sat, 10 Dec 2022 17:32:09 GMT",
			"timesecs":	1670693529
		},
		"connecting_to":	{
			"host":	"192.168.100.168",
			"port":	5202
		},
		"cookie":	"exvphxrg6w7skpfvqfhsmhfsrqkh2bb56uxq",
		"tcp_mss_default":	1448,
		"target_bitrate":	0,
		"sock_bufsize":	0,
		"sndbuf_actual":	16384,
		"rcvbuf_actual":	131072,
		"test_start":	{
			"protocol":	"TCP",
			"num_streams":	1,
			"blksize":	131072,
			"omit":	0,
			"duration":	60,
			"bytes":	0,
			"blocks":	0,
			"reverse":	0,
			"tos":	0,
			"target_bitrate":	0
		}
	},
	"intervals":	[{
			"streams":	[{
					"socket":	6,
					"start":	0,
					"end":	1.000068,
					"seconds":	1.0000679492950439,
					"bytes":	1889640,
					"bits_per_second":	15116092.872145519,
					"retransmits":	0,
					"snd_cwnd":	209960,
					"snd_wnd":	326144,
					"rtt":	200069,
					"rttvar":	8,
					"pmtu":	1500,
					"omitted":	false,
					"sender":	true
				}],
			"sum":	{
				"start":	0,
				"end":	1.000068,
				"seconds":	1.0000679492950439,
				"bytes":	1889640,
				"bits_per_second":	15116092.872145519,
				"retransmits":	0,
				"omitted":	false,
				"sender":	true
			}
		}, {
			"streams":	[{
					"socket":	6,
					"start":	1.000068,
					"end":	2.000199,
					"seconds":	1.0001310110092163,
					"bytes":	4795032,
					"bits_per_second":	38355231.0424724,
					"retransmits":	0,
					"snd_cwnd":	3284064,
					"snd_wnd":	3141248,
					"rtt":	298517,
					"rttvar":	19214,
					"pmtu":	1500,
					"omitted":	false,
					"sender":	true
				}],
			"sum":	{
				"start":	1.000068,
				"end":	2.000199,
				"seconds":	1.0001310110092163,
				"bytes":	4795032,
				"bits_per_second":	38355231.0424724,
				"retransmits":	0,
				"omitted":	false,
				"sender":	true
			}
		}, {
			"streams":	[{
					"socket":	6,
					"start":	2.000199,
					"end":	3.000269,
					"seconds":	1.0000699758529663,
					"bytes":	5242880,
					"bits_per_second":	41940105.205364756,
					"retransmits":	0,
					"snd_cwnd":	3911048,
					"snd_wnd":	3143552,
					"rtt":	496732,
					"rttvar":	3030,
					"pmtu":	1500,
					"omitted":	false,
					"sender":	true
				}],
			"sum":	{
				"start":	2.000199,
				"end":	3.000269,
				"seconds":	1.0000699758529663,
				"bytes":	5242880,
				"bits_per_second":	41940105.205364756,
				"retransmits":	0,
				"omitted":	false,
				"sender":	true
			}
		}, {
			"streams":	[{
					"socket":	6,
					"start":	3.000269,
					"end":	4.000139,
					"seconds":	0.999870002269745,
					"bytes":	6553600,
					"bits_per_second":	52435616.511130974,
					"retransmits":	0,
					"snd_cwnd":	3911048,
					"snd_wnd":	3143552,
					"rtt":	468576,
					"rttvar":	4048,
					"pmtu":	1500,
					"omitted":	false,
					"sender":	true
				}],
			"sum":	{
				"start":	3.000269,
				"end":	4.000139,
				"seconds":	0.999870002269745,
				"bytes":	6553600,
				"bits_per_second":	52435616.511130974,
				"retransmits":	0,
				"omitted":	false,
				"sender":	true
			}
		}, {
			"streams":	[{
					"socket":	6,
					"start":	4.000139,
					"end":	5.000262,
					"seconds":	1.0001230239868164,
					"bytes":	5242880,
					"bits_per_second":	41937880.634725682,
					"retransmits":	0,
					"snd_cwnd":	3911048,
					"snd_wnd":	3143552,
					"rtt":	474549,
					"rttvar":	3821,
					"pmtu":	1500,
					"omitted":	false,
					"sender":	true
				}],
			"sum":	{
				"start":	4.000139,
				"end":	5.000262,
				"seconds":	1.0001230239868164,
				"bytes":	5242880,
				"bits_per_second":	41937880.634725682,
				"retransmits":	0,
				"omitted":	false,
				"sender":	true
			}
		}, {
			"streams":	[{
					"socket":	6,
					"start":	5.000262,
					"end":	6.000169,
					"seconds":	0.99990701675415039,
					"bytes":	6553600,
					"bits_per_second":	52433675.453335479,
					"retransmits":	0,
					"snd_cwnd":	3911048,
					"snd_wnd":	3143552,
					"rtt":	470035,
					"rttvar":	4823,
					"pmtu":	1500,
					"omitted":	false,
					"sender":	true
				}],
			"sum":	{
				"start":	5.000262,
				"end":	6.000169,
				"seconds":	0.99990701675415039,
				"bytes":	6553600,
				"bits_per_second":	52433675.453335479,
				"retransmits":	0,
				"omitted":	false,
				"sender":	true
			}
		}, {
			"streams":	[{
					"socket":	6,
					"start":	6.000169,
					"end":	7.000065,
					"seconds":	0.999895989894867,
					"bytes":	6553600,
					"bits_per_second":	52434253.6922391,
					"retransmits":	0,
					"snd_cwnd":	3911048,
					"snd_wnd":	3143552,
					"rtt":	445894,
					"rttvar":	1988,
					"pmtu":	1500,
					"omitted":	false,
					"sender":	true
				}],
			"sum":	{
				"start":	6.000169,
				"end":	7.000065,
				"seconds":	0.999895989894867,
				"bytes":	6553600,
				"bits_per_second":	52434253.6922391,
				"retransmits":	0,
				"omitted":	false,
				"sender":	true
			}
		}, {
			"streams":	[{
					"socket":	6,
					"start":	7.000065,
					"end":	8.000193,
					"seconds":	1.0001280307769775,
					"bytes":	5242880,
					"bits_per_second":	41937670.687437259,
					"retransmits":	0,
					"snd_cwnd":	3911048,
					"snd_wnd":	3143552,
					"rtt":	474522,
					"rttvar":	3820,
					"pmtu":	1500,
					"omitted":	false,
					"sender":	true
				}],
			"sum":	{
				"start":	7.000065,
				"end":	8.000193,
				"seconds":	1.0001280307769775,
				"bytes":	5242880,
				"bits_per_second":	41937670.687437259,
				"retransmits":	0,
				"omitted":	false,
				"sender":	true
			}
		}, {
			"streams":	[{
					"socket":	6,
					"start":	8.000193,
					"end":	9.000069,
					"seconds":	0.99987602233886719,
					"bytes":	6553600,
					"bits_per_second":	52435300.805954717,
					"retransmits":	0,
					"snd_cwnd":	3911048,
					"snd_wnd":	3143552,
					"rtt":	453006,
					"rttvar":	3580,
					"pmtu":	1500,
					"omitted":	false,
					"sender":	true
				}],
			"sum":	{
				"start":	8.000193,
				"end":	9.000069,
				"seconds":	0.99987602233886719,
				"bytes":	6553600,
				"bits_per_second":	52435300.805954717,
				"retransmits":	0,
				"omitted":	false,
				"sender":	true
			}
		}, {
			"streams":	[{
					"socket":	6,
					"start":	9.000069,
					"end":	10.000219,
					"seconds":	1.0001499652862549,
					"bytes":	5242880,
					"bits_per_second":	41936750.9431402,
					"retransmits":	0,
					"snd_cwnd":	3911048,
					"snd_wnd":	3143552,
					"rtt":	470027,
					"rttvar":	4828,
					"pmtu":	1500,
					"omitted":	false,
					"sender":	true
				}],
			"sum":	{
				"start":	9.000069,
				"end":	10.000219,
				"seconds":	1.0001499652862549,
				"bytes":	5242880,
				"bits_per_second":	41936750.9431402,
				"retransmits":	0,
				"omitted":	false,
				"sender":	true
			}
		}, {
			"streams":	[{
					"socket":	6,
					"start":	10.000219,
					"end":	11.000098,
					"seconds":	0.999879002571106,
					"bytes":	6553600,
					"bits_per_second":	52435144.517670326,
					"retransmits":	0,
					"snd_cwnd":	3911048,
					"snd_wnd":	3143552,
					"rtt":	462440,
					"rttvar":	4009,
					"pmtu":	1500,
					"omitted":	false,
					"sender":	true
				}],
			"sum":	{
				"start":	10.000219,
				"end":	11.000098,
				"seconds":	0.999879002571106,
				"bytes":	6553600,
				"bits_per_second":	52435144.517670326,
				"retransmits":	0,
				"omitted":	false,
				"sender":	true
			}
		}, {
			"streams":	[{
					"socket":	6,
					"start":	11.000098,
					"end":	12.000125,
					"seconds":	1.0000269412994385,
					"bytes":	6553600,
					"bits_per_second":	52427387.538053557,
					"retransmits":	0,
					"snd_cwnd":	5792,
					"snd_wnd":	3143552,
					"rtt":	474532,
					"rttvar":	3821,
					"pmtu":	1500,
					"omitted":	false,
					"sender":	true
				}],
			"sum":	{
				"start":	11.000098,
				"end":	12.000125,
				"seconds":	1.0000269412994385,
				"bytes":	6553600,
				"bits_per_second":	52427387.538053557,
				"retransmits":	0,
				"omitted":	false,
				"sender":	true
			}
		}, {
			"streams":	[{
					"socket":	6,
					"start":	12.000125,
					"end":	13.000299,
					"seconds":	1.0001740455627441,
					"bytes":	2621440,
					"bits_per_second":	20967870.63515576,
					"retransmits":	0,
					"snd_cwnd":	4288976,
					"snd_wnd":	3143552,
					"rtt":	515860,
					"rttvar":	2790,
					"pmtu":	1500,
					"omitted":	false,
					"sender":	true
				}],
			"sum":	{
				"start":	12.000125,
				"end":	13.000299,
				"seconds":	1.0001740455627441,
				"bytes":	2621440,
				"bits_per_second":	20967870.63515576,
				"retransmits":	0,
				"omitted":	false,
				"sender":	true
			}
		}, {
			"streams":	[{
					"socket":	6,
					"start":	13.000299,
					"end":	14.00014,
					"seconds":	0.99984097480773926,
					"bytes":	6553600,
					"bits_per_second":	52437138.826083422,
					"retransmits":	0,
					"snd_cwnd":	4288976,
					"snd_wnd":	3143552,
					"rtt":	474548,
					"rttvar":	3820,
					"pmtu":	1500,
					"omitted":	false,
					"sender":	true
				}],
			"sum":	{
				"start":	13.000299,
				"end":	14.00014,
				"seconds":	0.99984097480773926,
				"bytes":	6553600,
				"bits_per_second":	52437138.826083422,
				"retransmits":	0,
				"omitted":	false,
				"sender":	true
			}
		}, {
			"streams":	[{
					"socket":	6,
					"start":	14.00014,
					"end":	15.000064,
					"seconds":	0.99992400407791138,
					"bytes":	6553600,
					"bits_per_second":	52432784.677819267,
					"retransmits":	0,
					"snd_cwnd":	4288976,
					"snd_wnd":	3143552,
					"rtt":	446647,
					"rttvar":	4720,
					"pmtu":	1500,
					"omitted":	false,
					"sender":	true
				}],
			"sum":	{
				"start":	14.00014,
				"end":	15.000064,
				"seconds":	0.99992400407791138,
				"bytes":	6553600,
				"bits_per_second":	52432784.677819267,
				"retransmits":	0,
				"omitted":	false,
				"sender":	true
			}
		}, {
			"streams":	[{
					"socket":	6,
					"start":	15.000064,
					"end":	16.000166,
					"seconds":	1.0001020431518555,
					"bytes":	5242880,
					"bits_per_second":	41938760.436700128,
					"retransmits":	0,
					"snd_cwnd":	4288976,
					"snd_wnd":	3143552,
					"rtt":	470052,
					"rttvar":	4833,
					"pmtu":	1500,
					"omitted":	false,
					"sender":	true
				}],
			"sum":	{
				"start":	15.000064,
				"end":	16.000166,
				"seconds":	1.0001020431518555,
				"bytes":	5242880,
				"bits_per_second":	41938760.436700128,
				"retransmits":	0,
				"omitted":	false,
				"sender":	true
			}
		}, {
			"streams":	[{
					"socket":	6,
					"start":	16.000166,
					"end":	17.000066,
					"seconds":	0.999899983406067,
					"bytes":	6553600,
					"bits_per_second":	52434044.274514474,
					"retransmits":	0,
					"snd_cwnd":	4288976,
					"snd_wnd":	3143552,
					"rtt":	451568,
					"rttvar":	3437,
					"pmtu":	1500,
					"omitted":	false,
					"sender":	true
				}],
			"sum":	{
				"start":	16.000166,
				"end":	17.000066,
				"seconds":	0.999899983406067,
				"bytes":	6553600,
				"bits_per_second":	52434044.274514474,
				"retransmits":	0,
				"omitted":	false,
				"sender":	true
			}
		}, {
			"streams":	[{
					"socket":	6,
					"start":	17.000066,
					"end":	18.000217,
					"seconds":	1.0001510381698608,
					"bytes":	5242880,
					"bits_per_second":	41936705.9566823,
					"retransmits":	0,
					"snd_cwnd":	4288976,
					"snd_wnd":	3143552,
					"rtt":	474530,
					"rttvar":	3819,
					"pmtu":	1500,
					"omitted":	false,
					"sender":	true
				}],
			"sum":	{
				"start":	17.000066,
				"end":	18.000217,
				"seconds":	1.0001510381698608,
				"bytes":	5242880,
				"bits_per_second":	41936705.9566823,
				"retransmits":	0,
				"omitted":	false,
				"sender":	true
			}
		}, {
			"streams":	[{
					"socket":	6,
					"start":	18.000217,
					"end":	19.000093,
					"seconds":	0.99987602233886719,
					"bytes":	6553600,
					"bits_per_second":	52435300.805954717,
					"retransmits":	0,
					"snd_cwnd":	4288976,
					"snd_wnd":	3143552,
					"rtt":	460934,
					"rttvar":	4000,
					"pmtu":	1500,
					"omitted":	false,
					"sender":	true
				}],
			"sum":	{
				"start":	18.000217,
				"end":	19.000093,
				"seconds":	0.99987602233886719,
				"bytes":	6553600,
				"bits_per_second":	52435300.805954717,
				"retransmits":	0,
				"omitted":	false,
				"sender":	true
			}
		}, {
			"streams":	[{
					"socket":	6,
					"start":	19.000093,
					"end":	20.000228,
					"seconds":	1.0001349449157715,
					"bytes":	5242880,
					"bits_per_second":	41937380.763685167,
					"retransmits":	0,
					"snd_cwnd":	4288976,
					"snd_wnd":	3143552,
					"rtt":	470040,
					"rttvar":	4823,
					"pmtu":	1500,
					"omitted":	false,
					"sender":	true
				}],
			"sum":	{
				"start":	19.000093,
				"end":	20.000228,
				"seconds":	1.0001349449157715,
				"bytes":	5242880,
				"bits_per_second":	41937380.763685167,
				"retransmits":	0,
				"omitted":	false,
				"sender":	true
			}
		}, {
			"streams":	[{
					"socket":	6,
					"start":	20.000228,
					"end":	21.00013,
					"seconds":	0.99990200996398926,
					"bytes":	6553600,
					"bits_per_second":	52433938.003473148,
					"retransmits":	0,
					"snd_cwnd":	4288976,
					"snd_wnd":	3143552,
					"rtt":	471093,
					"rttvar":	4062,
					"pmtu":	1500,
					"omitted":	false,
					"sender":	true
				}],
			"sum":	{
				"start":	20.000228,
				"end":	21.00013,
				"seconds":	0.99990200996398926,
				"bytes":	6553600,
				"bits_per_second":	52433938.003473148,
				"retransmits":	0,
				"omitted":	false,
				"sender":	true
			}
		}, {
			"streams":	[{
					"socket":	6,
					"start":	21.00013,
					"end":	22.000064,
					"seconds":	0.99993401765823364,
					"bytes":	6553600,
					"bits_per_second":	52432259.603272729,
					"retransmits":	0,
					"snd_cwnd":	4288976,
					"snd_wnd":	3143552,
					"rtt":	462469,
					"rttvar":	6405,
					"pmtu":	1500,
					"omitted":	false,
					"sender":	true
				}],
			"sum":	{
				"start":	21.00013,
				"end":	22.000064,
				"seconds":	0.99993401765823364,
				"bytes":	6553600,
				"bits_per_second":	52432259.603272729,
				"retransmits":	0,
				"omitted":	false,
				"sender":	true
			}
		}, {
			"streams":	[{
					"socket":	6,
					"start":	22.000064,
					"end":	23.000491,
					"seconds":	1.0004270076751709,
					"bytes":	3932160,
					"bits_per_second":	31443853.233332422,
					"retransmits":	0,
					"snd_cwnd":	4288976,
					"snd_wnd":	3143552,
					"rtt":	258820,
					"rttvar":	40983,
					"pmtu":	1500,
					"omitted":	false,
					"sender":	true
				}],
			"sum":	{
				"start":	22.000064,
				"end":	23.000491,
				"seconds":	1.0004270076751709,
				"bytes":	3932160,
				"bits_per_second":	31443853.233332422,
				"retransmits":	0,
				"omitted":	false,
				"sender":	true
			}
		}, {
			"streams":	[{
					"socket":	6,
					"start":	23.000491,
					"end":	24.00014,
					"seconds":	0.99964898824691772,
					"bytes":	5242880,
					"bits_per_second":	41957767.669585116,
					"retransmits":	0,
					"snd_cwnd":	3536016,
					"snd_wnd":	3143552,
					"rtt":	464085,
					"rttvar":	14023,
					"pmtu":	1500,
					"omitted":	false,
					"sender":	true
				}],
			"sum":	{
				"start":	23.000491,
				"end":	24.00014,
				"seconds":	0.99964898824691772,
				"bytes":	5242880,
				"bits_per_second":	41957767.669585116,
				"retransmits":	0,
				"omitted":	false,
				"sender":	true
			}
		}, {
			"streams":	[{
					"socket":	6,
					"start":	24.00014,
					"end":	25.000072,
					"seconds":	0.99993199110031128,
					"bytes":	5242880,
					"bits_per_second":	41945892.694008581,
					"retransmits":	0,
					"snd_cwnd":	3536016,
					"snd_wnd":	3143936,
					"rtt":	467837,
					"rttvar":	3888,
					"pmtu":	1500,
					"omitted":	false,
					"sender":	true
				}],
			"sum":	{
				"start":	24.00014,
				"end":	25.000072,
				"seconds":	0.99993199110031128,
				"bytes":	5242880,
				"bits_per_second":	41945892.694008581,
				"retransmits":	0,
				"omitted":	false,
				"sender":	true
			}
		}, {
			"streams":	[{
					"socket":	6,
					"start":	25.000072,
					"end":	26.000046,
					"seconds":	0.999974012374878,
					"bytes":	5242880,
					"bits_per_second":	41944130.028327249,
					"retransmits":	0,
					"snd_cwnd":	3454928,
					"snd_wnd":	3143936,
					"rtt":	442857,
					"rttvar":	817,
					"pmtu":	1500,
					"omitted":	false,
					"sender":	true
				}],
			"sum":	{
				"start":	25.000072,
				"end":	26.000046,
				"seconds":	0.999974012374878,
				"bytes":	5242880,
				"bits_per_second":	41944130.028327249,
				"retransmits":	0,
				"omitted":	false,
				"sender":	true
			}
		}, {
			"streams":	[{
					"socket":	6,
					"start":	26.000046,
					"end":	27.00017,
					"seconds":	1.0001239776611328,
					"bytes":	5242880,
					"bits_per_second":	41937840.644603923,
					"retransmits":	0,
					"snd_cwnd":	3460720,
					"snd_wnd":	3143936,
					"rtt":	449737,
					"rttvar":	4332,
					"pmtu":	1500,
					"omitted":	false,
					"sender":	true
				}],
			"sum":	{
				"start":	26.000046,
				"end":	27.00017,
				"seconds":	1.0001239776611328,
				"bytes":	5242880,
				"bits_per_second":	41937840.644603923,
				"retransmits":	0,
				"omitted":	false,
				"sender":	true
			}
		}, {
			"streams":	[{
					"socket":	6,
					"start":	27.00017,
					"end":	28.000179,
					"seconds":	1.0000089406967163,
					"bytes":	5242880,
					"bits_per_second":	41942665.003352731,
					"retransmits":	0,
					"snd_cwnd":	3090032,
					"snd_wnd":	3143936,
					"rtt":	402696,
					"rttvar":	3308,
					"pmtu":	1500,
					"omitted":	false,
					"sender":	true
				}],
			"sum":	{
				"start":	27.00017,
				"end":	28.000179,
				"seconds":	1.0000089406967163,
				"bytes":	5242880,
				"bits_per_second":	41942665.003352731,
				"retransmits":	0,
				"omitted":	false,
				"sender":	true
			}
		}, {
			"streams":	[{
					"socket":	6,
					"start":	28.000179,
					"end":	29.000195,
					"seconds":	1.0000159740448,
					"bytes":	5242880,
					"bits_per_second":	41942370.010702439,
					"retransmits":	0,
					"snd_cwnd":	3084240,
					"snd_wnd":	3143936,
					"rtt":	445545,
					"rttvar":	18002,
					"pmtu":	1500,
					"omitted":	false,
					"sender":	true
				}],
			"sum":	{
				"start":	28.000179,
				"end":	29.000195,
				"seconds":	1.0000159740448,
				"bytes":	5242880,
				"bits_per_second":	41942370.010702439,
				"retransmits":	0,
				"omitted":	false,
				"sender":	true
			}
		}, {
			"streams":	[{
					"socket":	6,
					"start":	29.000195,
					"end":	30.000201,
					"seconds":	1.0000059604644775,
					"bytes":	5242880,
					"bits_per_second":	41942790.0014901,
					"retransmits":	0,
					"snd_cwnd":	3090032,
					"snd_wnd":	3143936,
					"rtt":	441228,
					"rttvar":	6684,
					"pmtu":	1500,
					"omitted":	false,
					"sender":	true
				}],
			"sum":	{
				"start":	29.000195,
				"end":	30.000201,
				"seconds":	1.0000059604644775,
				"bytes":	5242880,
				"bits_per_second":	41942790.0014901,
				"retransmits":	0,
				"omitted":	false,
				"sender":	true
			}
		}, {
			"streams":	[{
					"socket":	6,
					"start":	30.000201,
					"end":	31.000227,
					"seconds":	1.0000259876251221,
					"bytes":	5242880,
					"bits_per_second":	41941950.028325774,
					"retransmits":	0,
					"snd_cwnd":	3090032,
					"snd_wnd":	3143936,
					"rtt":	394497,
					"rttvar":	3361,
					"pmtu":	1500,
					"omitted":	false,
					"sender":	true
				}],
			"sum":	{
				"start":	30.000201,
				"end":	31.000227,
				"seconds":	1.0000259876251221,
				"bytes":	5242880,
				"bits_per_second":	41941950.028325774,
				"retransmits":	0,
				"omitted":	false,
				"sender":	true
			}
		}, {
			"streams":	[{
					"socket":	6,
					"start":	31.000227,
					"end":	32.000159,
					"seconds":	0.99993199110031128,
					"bytes":	5242880,
					"bits_per_second":	41945892.694008581,
					"retransmits":	0,
					"snd_cwnd":	3121888,
					"snd_wnd":	3143936,
					"rtt":	372142,
					"rttvar":	2967,
					"pmtu":	1500,
					"omitted":	false,
					"sender":	true
				}],
			"sum":	{
				"start":	31.000227,
				"end":	32.000159,
				"seconds":	0.99993199110031128,
				"bytes":	5242880,
				"bits_per_second":	41945892.694008581,
				"retransmits":	0,
				"omitted":	false,
				"sender":	true
			}
		}, {
			"streams":	[{
					"socket":	6,
					"start":	32.000159,
					"end":	33.000202,
					"seconds":	1.0000430345535278,
					"bytes":	5242880,
					"bits_per_second":	41941235.077674024,
					"retransmits":	0,
					"snd_cwnd":	5792,
					"snd_wnd":	3143936,
					"rtt":	387199,
					"rttvar":	7299,
					"pmtu":	1500,
					"omitted":	false,
					"sender":	true
				}],
			"sum":	{
				"start":	32.000159,
				"end":	33.000202,
				"seconds":	1.0000430345535278,
				"bytes":	5242880,
				"bits_per_second":	41941235.077674024,
				"retransmits":	0,
				"omitted":	false,
				"sender":	true
			}
		}, {
			"streams":	[{
					"socket":	6,
					"start":	33.000202,
					"end":	34.000147,
					"seconds":	0.99994498491287231,
					"bytes":	2621440,
					"bits_per_second":	20972673.813477147,
					"retransmits":	0,
					"snd_cwnd":	3058176,
					"snd_wnd":	3143936,
					"rtt":	353854,
					"rttvar":	4036,
					"pmtu":	1500,
					"omitted":	false,
					"sender":	true
				}],
			"sum":	{
				"start":	33.000202,
				"end":	34.000147,
				"seconds":	0.99994498491287231,
				"bytes":	2621440,
				"bits_per_second":	20972673.813477147,
				"retransmits":	0,
				"omitted":	false,
				"sender":	true
			}
		}, {
			"streams":	[{
					"socket":	6,
					"start":	34.000147,
					"end":	35.000154,
					"seconds":	1.0000070333480835,
					"bytes":	5242880,
					"bits_per_second":	41942745.002074823,
					"retransmits":	0,
					"snd_cwnd":	3058176,
					"snd_wnd":	3143936,
					"rtt":	443346,
					"rttvar":	22028,
					"pmtu":	1500,
					"omitted":	false,
					"sender":	true
				}],
			"sum":	{
				"start":	34.000147,
				"end":	35.000154,
				"seconds":	1.0000070333480835,
				"bytes":	5242880,
				"bits_per_second":	41942745.002074823,
				"retransmits":	0,
				"omitted":	false,
				"sender":	true
			}
		}, {
			"streams":	[{
					"socket":	6,
					"start":	35.000154,
					"end":	36.000167,
					"seconds":	1.000012993812561,
					"bytes":	5242880,
					"bits_per_second":	41942495.007081538,
					"retransmits":	0,
					"snd_cwnd":	3147952,
					"snd_wnd":	3143936,
					"rtt":	442242,
					"rttvar":	28595,
					"pmtu":	1500,
					"omitted":	false,
					"sender":	true
				}],
			"sum":	{
				"start":	35.000154,
				"end":	36.000167,
				"seconds":	1.000012993812561,
				"bytes":	5242880,
				"bits_per_second":	41942495.007081538,
				"retransmits":	0,
				"omitted":	false,
				"sender":	true
			}
		}, {
			"streams":	[{
					"socket":	6,
					"start":	36.000167,
					"end":	37.000211,
					"seconds":	1.0000439882278442,
					"bytes":	5242880,
					"bits_per_second":	41941195.081154712,
					"retransmits":	0,
					"snd_cwnd":	3147952,
					"snd_wnd":	3143936,
					"rtt":	412959,
					"rttvar":	3762,
					"pmtu":	1500,
					"omitted":	false,
					"sender":	true
				}],
			"sum":	{
				"start":	36.000167,
				"end":	37.000211,
				"seconds":	1.0000439882278442,
				"bytes":	5242880,
				"bits_per_second":	41941195.081154712,
				"retransmits":	0,
				"omitted":	false,
				"sender":	true
			}
		}, {
			"streams":	[{
					"socket":	6,
					"start":	37.000211,
					"end":	38.000224,
					"seconds":	1.000012993812561,
					"bytes":	5242880,
					"bits_per_second":	41942495.007081538,
					"retransmits":	0,
					"snd_cwnd":	3147952,
					"snd_wnd":	3143936,
					"rtt":	451412,
					"rttvar":	4709,
					"pmtu":	1500,
					"omitted":	false,
					"sender":	true
				}],
			"sum":	{
				"start":	37.000211,
				"end":	38.000224,
				"seconds":	1.000012993812561,
				"bytes":	5242880,
				"bits_per_second":	41942495.007081538,
				"retransmits":	0,
				"omitted":	false,
				"sender":	true
			}
		}, {
			"streams":	[{
					"socket":	6,
					"start":	38.000224,
					"end":	39.000069,
					"seconds":	0.999845027923584,
					"bytes":	6553600,
					"bits_per_second":	52436926.259343281,
					"retransmits":	0,
					"snd_cwnd":	3145056,
					"snd_wnd":	3143936,
					"rtt":	464424,
					"rttvar":	6274,
					"pmtu":	1500,
					"omitted":	false,
					"sender":	true
				}],
			"sum":	{
				"start":	38.000224,
				"end":	39.000069,
				"seconds":	0.999845027923584,
				"bytes":	6553600,
				"bits_per_second":	52436926.259343281,
				"retransmits":	0,
				"omitted":	false,
				"sender":	true
			}
		}, {
			"streams":	[{
					"socket":	6,
					"start":	39.000069,
					"end":	40.00007,
					"seconds":	1.0000009536743164,
					"bytes":	5242880,
					"bits_per_second":	41943000.000038147,
					"retransmits":	0,
					"snd_cwnd":	3171120,
					"snd_wnd":	3143936,
					"rtt":	459542,
					"rttvar":	4530,
					"pmtu":	1500,
					"omitted":	false,
					"sender":	true
				}],
			"sum":	{
				"start":	39.000069,
				"end":	40.00007,
				"seconds":	1.0000009536743164,
				"bytes":	5242880,
				"bits_per_second":	41943000.000038147,
				"retransmits":	0,
				"omitted":	false,
				"sender":	true
			}
		}, {
			"streams":	[{
					"socket":	6,
					"start":	40.00007,
					"end":	41.000076,
					"seconds":	1.0000059604644775,
					"bytes":	5242880,
					"bits_per_second":	41942790.0014901,
					"retransmits":	0,
					"snd_cwnd":	3182704,
					"snd_wnd":	3143936,
					"rtt":	462188,
					"rttvar":	4479,
					"pmtu":	1500,
					"omitted":	false,
					"sender":	true
				}],
			"sum":	{
				"start":	40.00007,
				"end":	41.000076,
				"seconds":	1.0000059604644775,
				"bytes":	5242880,
				"bits_per_second":	41942790.0014901,
				"retransmits":	0,
				"omitted":	false,
				"sender":	true
			}
		}, {
			"streams":	[{
					"socket":	6,
					"start":	41.000076,
					"end":	42.000146,
					"seconds":	1.0000699758529663,
					"bytes":	5242880,
					"bits_per_second":	41940105.205364756,
					"retransmits":	0,
					"snd_cwnd":	3142160,
					"snd_wnd":	3143936,
					"rtt":	451943,
					"rttvar":	4405,
					"pmtu":	1500,
					"omitted":	false,
					"sender":	true
				}],
			"sum":	{
				"start":	41.000076,
				"end":	42.000146,
				"seconds":	1.0000699758529663,
				"bytes":	5242880,
				"bits_per_second":	41940105.205364756,
				"retransmits":	0,
				"omitted":	false,
				"sender":	true
			}
		}, {
			"streams":	[{
					"socket":	6,
					"start":	42.000146,
					"end":	43.000157,
					"seconds":	1.0000109672546387,
					"bytes":	5242880,
					"bits_per_second":	41942580.005044885,
					"retransmits":	0,
					"snd_cwnd":	3142160,
					"snd_wnd":	3143936,
					"rtt":	448239,
					"rttvar":	4264,
					"pmtu":	1500,
					"omitted":	false,
					"sender":	true
				}],
			"sum":	{
				"start":	42.000146,
				"end":	43.000157,
				"seconds":	1.0000109672546387,
				"bytes":	5242880,
				"bits_per_second":	41942580.005044885,
				"retransmits":	0,
				"omitted":	false,
				"sender":	true
			}
		}, {
			"streams":	[{
					"socket":	6,
					"start":	43.000157,
					"end":	44.000217,
					"seconds":	1.000059962272644,
					"bytes":	5242880,
					"bits_per_second":	41940525.150796071,
					"retransmits":	0,
					"snd_cwnd":	5792,
					"snd_wnd":	3143936,
					"rtt":	452189,
					"rttvar":	3648,
					"pmtu":	1500,
					"omitted":	false,
					"sender":	true
				}],
			"sum":	{
				"start":	43.000157,
				"end":	44.000217,
				"seconds":	1.000059962272644,
				"bytes":	5242880,
				"bits_per_second":	41940525.150796071,
				"retransmits":	0,
				"omitted":	false,
				"sender":	true
			}
		}, {
			"streams":	[{
					"socket":	6,
					"start":	44.000217,
					"end":	45.000086,
					"seconds":	0.99986898899078369,
					"bytes":	2621440,
					"bits_per_second":	20974267.85999991,
					"retransmits":	0,
					"snd_cwnd":	2896000,
					"snd_wnd":	3143936,
					"rtt":	356444,
					"rttvar":	3708,
					"pmtu":	1500,
					"omitted":	false,
					"sender":	true
				}],
			"sum":	{
				"start":	44.000217,
				"end":	45.000086,
				"seconds":	0.99986898899078369,
				"bytes":	2621440,
				"bits_per_second":	20974267.85999991,
				"retransmits":	0,
				"omitted":	false,
				"sender":	true
			}
		}, {
			"streams":	[{
					"socket":	6,
					"start":	45.000086,
					"end":	46.000079,
					"seconds":	0.99999302625656128,
					"bytes":	5242880,
					"bits_per_second":	41943332.502039835,
					"retransmits":	0,
					"snd_cwnd":	2878624,
					"snd_wnd":	3143936,
					"rtt":	377786,
					"rttvar":	7686,
					"pmtu":	1500,
					"omitted":	false,
					"sender":	true
				}],
			"sum":	{
				"start":	45.000086,
				"end":	46.000079,
				"seconds":	0.99999302625656128,
				"bytes":	5242880,
				"bits_per_second":	41943332.502039835,
				"retransmits":	0,
				"omitted":	false,
				"sender":	true
			}
		}, {
			"streams":	[{
					"socket":	6,
					"start":	46.000079,
					"end":	47.000073,
					"seconds":	0.99999397993087769,
					"bytes":	5242880,
					"bits_per_second":	41943292.501520075,
					"retransmits":	0,
					"snd_cwnd":	2878624,
					"snd_wnd":	3143936,
					"rtt":	422731,
					"rttvar":	8366,
					"pmtu":	1500,
					"omitted":	false,
					"sender":	true
				}],
			"sum":	{
				"start":	46.000079,
				"end":	47.000073,
				"seconds":	0.99999397993087769,
				"bytes":	5242880,
				"bits_per_second":	41943292.501520075,
				"retransmits":	0,
				"omitted":	false,
				"sender":	true
			}
		}, {
			"streams":	[{
					"socket":	6,
					"start":	47.000073,
					"end":	48.000341,
					"seconds":	1.00026798248291,
					"bytes":	3932160,
					"bits_per_second":	31448852.258487094,
					"retransmits":	0,
					"snd_cwnd":	2881520,
					"snd_wnd":	3143936,
					"rtt":	428943,
					"rttvar":	2119,
					"pmtu":	1500,
					"omitted":	false,
					"sender":	true
				}],
			"sum":	{
				"start":	47.000073,
				"end":	48.000341,
				"seconds":	1.00026798248291,
				"bytes":	3932160,
				"bits_per_second":	31448852.258487094,
				"retransmits":	0,
				"omitted":	false,
				"sender":	true
			}
		}, {
			"streams":	[{
					"socket":	6,
					"start":	48.000341,
					"end":	49.000245,
					"seconds":	0.999903976917267,
					"bytes":	5242880,
					"bits_per_second":	41947067.8867701,
					"retransmits":	0,
					"snd_cwnd":	2887312,
					"snd_wnd":	3143936,
					"rtt":	398911,
					"rttvar":	3355,
					"pmtu":	1500,
					"omitted":	false,
					"sender":	true
				}],
			"sum":	{
				"start":	48.000341,
				"end":	49.000245,
				"seconds":	0.999903976917267,
				"bytes":	5242880,
				"bits_per_second":	41947067.8867701,
				"retransmits":	0,
				"omitted":	false,
				"sender":	true
			}
		}, {
			"streams":	[{
					"socket":	6,
					"start":	49.000245,
					"end":	50.000069,
					"seconds":	0.99982398748397827,
					"bytes":	6553600,
					"bits_per_second":	52438029.749551438,
					"retransmits":	0,
					"snd_cwnd":	2977088,
					"snd_wnd":	3143936,
					"rtt":	362228,
					"rttvar":	3111,
					"pmtu":	1500,
					"omitted":	false,
					"sender":	true
				}],
			"sum":	{
				"start":	49.000245,
				"end":	50.000069,
				"seconds":	0.99982398748397827,
				"bytes":	6553600,
				"bits_per_second":	52438029.749551438,
				"retransmits":	0,
				"omitted":	false,
				"sender":	true
			}
		}, {
			"streams":	[{
					"socket":	6,
					"start":	50.000069,
					"end":	51.000076,
					"seconds":	1.0000070333480835,
					"bytes":	5242880,
					"bits_per_second":	41942745.002074823,
					"retransmits":	0,
					"snd_cwnd":	2959712,
					"snd_wnd":	3143936,
					"rtt":	365249,
					"rttvar":	2566,
					"pmtu":	1500,
					"omitted":	false,
					"sender":	true
				}],
			"sum":	{
				"start":	50.000069,
				"end":	51.000076,
				"seconds":	1.0000070333480835,
				"bytes":	5242880,
				"bits_per_second":	41942745.002074823,
				"retransmits":	0,
				"omitted":	false,
				"sender":	true
			}
		}, {
			"streams":	[{
					"socket":	6,
					"start":	51.000076,
					"end":	52.000283,
					"seconds":	1.00020694732666,
					"bytes":	3932160,
					"bits_per_second":	31450771.346948348,
					"retransmits":	0,
					"snd_cwnd":	2997360,
					"snd_wnd":	3143936,
					"rtt":	364631,
					"rttvar":	3048,
					"pmtu":	1500,
					"omitted":	false,
					"sender":	true
				}],
			"sum":	{
				"start":	51.000076,
				"end":	52.000283,
				"seconds":	1.00020694732666,
				"bytes":	3932160,
				"bits_per_second":	31450771.346948348,
				"retransmits":	0,
				"omitted":	false,
				"sender":	true
			}
		}, {
			"streams":	[{
					"socket":	6,
					"start":	52.000283,
					"end":	53.000294,
					"seconds":	1.0000109672546387,
					"bytes":	5242880,
					"bits_per_second":	41942580.005044885,
					"retransmits":	0,
					"snd_cwnd":	3011840,
					"snd_wnd":	3143936,
					"rtt":	392910,
					"rttvar":	5941,
					"pmtu":	1500,
					"omitted":	false,
					"sender":	true
				}],
			"sum":	{
				"start":	52.000283,
				"end":	53.000294,
				"seconds":	1.0000109672546387,
				"bytes":	5242880,
				"bits_per_second":	41942580.005044885,
				"retransmits":	0,
				"omitted":	false,
				"sender":	true
			}
		}, {
			"streams":	[{
					"socket":	6,
					"start":	53.000294,
					"end":	54.000237,
					"seconds":	0.99994301795959473,
					"bytes":	5242880,
					"bits_per_second":	41945430.13619484,
					"retransmits":	0,
					"snd_cwnd":	3011840,
					"snd_wnd":	3143936,
					"rtt":	451315,
					"rttvar":	5522,
					"pmtu":	1500,
					"omitted":	false,
					"sender":	true
				}],
			"sum":	{
				"start":	53.000294,
				"end":	54.000237,
				"seconds":	0.99994301795959473,
				"bytes":	5242880,
				"bits_per_second":	41945430.13619484,
				"retransmits":	0,
				"omitted":	false,
				"sender":	true
			}
		}, {
			"streams":	[{
					"socket":	6,
					"start":	54.000237,
					"end":	55.000377,
					"seconds":	1.0001399517059326,
					"bytes":	5242880,
					"bits_per_second":	41937170.821401559,
					"retransmits":	0,
					"snd_cwnd":	5792,
					"snd_wnd":	3143936,
					"rtt":	398758,
					"rttvar":	3369,
					"pmtu":	1500,
					"omitted":	false,
					"sender":	true
				}],
			"sum":	{
				"start":	54.000237,
				"end":	55.000377,
				"seconds":	1.0001399517059326,
				"bytes":	5242880,
				"bits_per_second":	41937170.821401559,
				"retransmits":	0,
				"omitted":	false,
				"sender":	true
			}
		}, {
			"streams":	[{
					"socket":	6,
					"start":	55.000377,
					"end":	56.000228,
					"seconds":	0.99985098838806152,
					"bytes":	2621440,
					"bits_per_second":	20974645.465730686,
					"retransmits":	0,
					"snd_cwnd":	3008944,
					"snd_wnd":	3143936,
					"rtt":	413063,
					"rttvar":	1875,
					"pmtu":	1500,
					"omitted":	false,
					"sender":	true
				}],
			"sum":	{
				"start":	55.000377,
				"end":	56.000228,
				"seconds":	0.99985098838806152,
				"bytes":	2621440,
				"bits_per_second":	20974645.465730686,
				"retransmits":	0,
				"omitted":	false,
				"sender":	true
			}
		}, {
			"streams":	[{
					"socket":	6,
					"start":	56.000228,
					"end":	57.000236,
					"seconds":	1.0000079870224,
					"bytes":	5242880,
					"bits_per_second":	41942705.00267563,
					"retransmits":	0,
					"snd_cwnd":	2988672,
					"snd_wnd":	3143936,
					"rtt":	366495,
					"rttvar":	3027,
					"pmtu":	1500,
					"omitted":	false,
					"sender":	true
				}],
			"sum":	{
				"start":	56.000228,
				"end":	57.000236,
				"seconds":	1.0000079870224,
				"bytes":	5242880,
				"bits_per_second":	41942705.00267563,
				"retransmits":	0,
				"omitted":	false,
				"sender":	true
			}
		}, {
			"streams":	[{
					"socket":	6,
					"start":	57.000236,
					"end":	58.00025,
					"seconds":	1.0000139474868774,
					"bytes":	5242880,
					"bits_per_second":	41942455.008159168,
					"retransmits":	0,
					"snd_cwnd":	2997360,
					"snd_wnd":	3143936,
					"rtt":	382458,
					"rttvar":	3820,
					"pmtu":	1500,
					"omitted":	false,
					"sender":	true
				}],
			"sum":	{
				"start":	57.000236,
				"end":	58.00025,
				"seconds":	1.0000139474868774,
				"bytes":	5242880,
				"bits_per_second":	41942455.008159168,
				"retransmits":	0,
				"omitted":	false,
				"sender":	true
			}
		}, {
			"streams":	[{
					"socket":	6,
					"start":	58.00025,
					"end":	59.000168,
					"seconds":	0.999917984008789,
					"bytes":	5242880,
					"bits_per_second":	41946480.282158151,
					"retransmits":	0,
					"snd_cwnd":	2997360,
					"snd_wnd":	3143936,
					"rtt":	389740,
					"rttvar":	8891,
					"pmtu":	1500,
					"omitted":	false,
					"sender":	true
				}],
			"sum":	{
				"start":	58.00025,
				"end":	59.000168,
				"seconds":	0.999917984008789,
				"bytes":	5242880,
				"bits_per_second":	41946480.282158151,
				"retransmits":	0,
				"omitted":	false,
				"sender":	true
			}
		}, {
			"streams":	[{
					"socket":	6,
					"start":	59.000168,
					"end":	60.000164,
					"seconds":	0.9999960064888,
					"bytes":	5242880,
					"bits_per_second":	41943207.500668913,
					"retransmits":	0,
					"snd_cwnd":	3011840,
					"snd_wnd":	3143936,
					"rtt":	422163,
					"rttvar":	11448,
					"pmtu":	1500,
					"omitted":	false,
					"sender":	true
				}],
			"sum":	{
				"start":	59.000168,
				"end":	60.000164,
				"seconds":	0.9999960064888,
				"bytes":	5242880,
				"bits_per_second":	41943207.500668913,
				"retransmits":	0,
				"omitted":	false,
				"sender":	true
			}
		}],
	"end":	{
		"streams":	[{
				"sender":	{
					"socket":	6,
					"start":	0,
					"end":	60.000164,
					"seconds":	60.000164,
					"bytes":	314703872,
					"bits_per_second":	41960401.574902363,
					"retransmits":	0,
					"max_snd_cwnd":	4288976,
					"max_snd_wnd":	3143936,
					"max_rtt":	515860,
					"min_rtt":	200069,
					"mean_rtt":	425824,
					"sender":	true
				},
				"receiver":	{
					"socket":	6,
					"start":	0,
					"end":	60.435707,
					"seconds":	60.000164,
					"bytes":	314183760,
					"bits_per_second":	41589156.5560737,
					"sender":	true
				}
			}],
		"sum_sent":	{
			"start":	0,
			"end":	60.000164,
			"seconds":	60.000164,
			"bytes":	314703872,
			"bits_per_second":	41960401.574902363,
			"retransmits":	0,
			"sender":	true
		},
		"sum_received":	{
			"start":	0,
			"end":	60.435707,
			"seconds":	60.435707,
			"bytes":	314183760,
			"bits_per_second":	41589156.5560737,
			"sender":	true
		},
		"cpu_utilization_percent":	{
			"host_total":	0.49562888976049846,
			"host_user":	0.0714713990065844,
			"host_system":	0.424157490753914,
			"remote_total":	1.6860658739268368,
			"remote_user":	0.11893298130309267,
			"remote_system":	1.5671328926237442
		},
		"sender_tcp_congestion":	"bbr",
		"receiver_tcp_congestion":	"bbr"
	}
}
