{
	"start":	{
		"connected":	[{
				"socket":	6,
				"local_host":	"192.168.101.210",
				"local_port":	51190,
				"remote_host":	"192.168.100.168",
				"remote_port":	5202
			}],
		"version":	"iperf 3.11",
		"system_info":	"Linux f1 6.0.10-300.fc37.x86_64 #1 SMP PREEMPT_DYNAMIC Sat Nov 26 16:55:13 UTC 2022 x86_64",
		"timestamp":	{
			"time":	"Sat, 10 Dec 2022 17:27:56 GMT",
			"timesecs":	1670693276
		},
		"connecting_to":	{
			"host":	"192.168.100.168",
			"port":	5202
		},
		"cookie":	"civce2lo2ivtvqxlkh2qe2tozrmmxlykkt46",
		"tcp_mss_default":	1448,
		"target_bitrate":	0,
		"sock_bufsize":	0,
		"sndbuf_actual":	16384,
		"rcvbuf_actual":	131072,
		"test_start":	{
			"protocol":	"TCP",
			"num_streams":	1,
			"blksize":	131072,
			"omit":	0,
			"duration":	60,
			"bytes":	0,
			"blocks":	0,
			"reverse":	0,
			"tos":	0,
			"target_bitrate":	0
		}
	},
	"intervals":	[{
			"streams":	[{
					"socket":	6,
					"start":	0,
					"end":	1.000123,
					"seconds":	1.0001230239868164,
					"bytes":	7733248,
					"bits_per_second":	61858373.936220385,
					"retransmits":	0,
					"snd_cwnd":	987536,
					"snd_wnd":	3143552,
					"rtt":	141714,
					"rttvar":	753,
					"pmtu":	1500,
					"omitted":	false,
					"sender":	true
				}],
			"sum":	{
				"start":	0,
				"end":	1.000123,
				"seconds":	1.0001230239868164,
				"bytes":	7733248,
				"bits_per_second":	61858373.936220385,
				"retransmits":	0,
				"omitted":	false,
				"sender":	true
			}
		}, {
			"streams":	[{
					"socket":	6,
					"start":	1.000123,
					"end":	2.000048,
					"seconds":	0.99992501735687256,
					"bytes":	5242880,
					"bits_per_second":	41946185.2358381,
					"retransmits":	0,
					"snd_cwnd":	981744,
					"snd_wnd":	3143552,
					"rtt":	188691,
					"rttvar":	235,
					"pmtu":	1500,
					"omitted":	false,
					"sender":	true
				}],
			"sum":	{
				"start":	1.000123,
				"end":	2.000048,
				"seconds":	0.99992501735687256,
				"bytes":	5242880,
				"bits_per_second":	41946185.2358381,
				"retransmits":	0,
				"omitted":	false,
				"sender":	true
			}
		}, {
			"streams":	[{
					"socket":	6,
					"start":	2.000048,
					"end":	3.00023,
					"seconds":	1.000182032585144,
					"bytes":	3932160,
					"bits_per_second":	31451554.79217438,
					"retransmits":	0,
					"snd_cwnd":	596576,
					"snd_wnd":	3143552,
					"rtt":	191487,
					"rttvar":	175,
					"pmtu":	1500,
					"omitted":	false,
					"sender":	true
				}],
			"sum":	{
				"start":	2.000048,
				"end":	3.00023,
				"seconds":	1.000182032585144,
				"bytes":	3932160,
				"bits_per_second":	31451554.79217438,
				"retransmits":	0,
				"omitted":	false,
				"sender":	true
			}
		}, {
			"streams":	[{
					"socket":	6,
					"start":	3.00023,
					"end":	4.000395,
					"seconds":	1.0001649856567383,
					"bytes":	2621440,
					"bits_per_second":	20968060.5707562,
					"retransmits":	0,
					"snd_cwnd":	529968,
					"snd_wnd":	3143552,
					"rtt":	219022,
					"rttvar":	625,
					"pmtu":	1500,
					"omitted":	false,
					"sender":	true
				}],
			"sum":	{
				"start":	3.00023,
				"end":	4.000395,
				"seconds":	1.0001649856567383,
				"bytes":	2621440,
				"bits_per_second":	20968060.5707562,
				"retransmits":	0,
				"omitted":	false,
				"sender":	true
			}
		}, {
			"streams":	[{
					"socket":	6,
					"start":	4.000395,
					"end":	5.000246,
					"seconds":	0.99985098838806152,
					"bytes":	2621440,
					"bits_per_second":	20974645.465730686,
					"retransmits":	0,
					"snd_cwnd":	396752,
					"snd_wnd":	3143552,
					"rtt":	240753,
					"rttvar":	424,
					"pmtu":	1500,
					"omitted":	false,
					"sender":	true
				}],
			"sum":	{
				"start":	4.000395,
				"end":	5.000246,
				"seconds":	0.99985098838806152,
				"bytes":	2621440,
				"bits_per_second":	20974645.465730686,
				"retransmits":	0,
				"omitted":	false,
				"sender":	true
			}
		}, {
			"streams":	[{
					"socket":	6,
					"start":	5.000246,
					"end":	6.000284,
					"seconds":	1.0000380277633667,
					"bytes":	1310720,
					"bits_per_second":	10485361.265162993,
					"retransmits":	0,
					"snd_cwnd":	405440,
					"snd_wnd":	3143552,
					"rtt":	249534,
					"rttvar":	7245,
					"pmtu":	1500,
					"omitted":	false,
					"sender":	true
				}],
			"sum":	{
				"start":	5.000246,
				"end":	6.000284,
				"seconds":	1.0000380277633667,
				"bytes":	1310720,
				"bits_per_second":	10485361.265162993,
				"retransmits":	0,
				"omitted":	false,
				"sender":	true
			}
		}, {
			"streams":	[{
					"socket":	6,
					"start":	6.000284,
					"end":	7.000417,
					"seconds":	1.0001330375671387,
					"bytes":	1310720,
					"bits_per_second":	10484365.185562719,
					"retransmits":	0,
					"snd_cwnd":	388064,
					"snd_wnd":	3143552,
					"rtt":	245331,
					"rttvar":	7735,
					"pmtu":	1500,
					"omitted":	false,
					"sender":	true
				}],
			"sum":	{
				"start":	6.000284,
				"end":	7.000417,
				"seconds":	1.0001330375671387,
				"bytes":	1310720,
				"bits_per_second":	10484365.185562719,
				"retransmits":	0,
				"omitted":	false,
				"sender":	true
			}
		}, {
			"streams":	[{
					"socket":	6,
					"start":	7.000417,
					"end":	8.000436,
					"seconds":	1.0000189542770386,
					"bytes":	1310720,
					"bits_per_second":	10485561.253767092,
					"retransmits":	0,
					"snd_cwnd":	330144,
					"snd_wnd":	3143552,
					"rtt":	248248,
					"rttvar":	7815,
					"pmtu":	1500,
					"omitted":	false,
					"sender":	true
				}],
			"sum":	{
				"start":	7.000417,
				"end":	8.000436,
				"seconds":	1.0000189542770386,
				"bytes":	1310720,
				"bits_per_second":	10485561.253767092,
				"retransmits":	0,
				"omitted":	false,
				"sender":	true
			}
		}, {
			"streams":	[{
					"socket":	6,
					"start":	8.000436,
					"end":	9.000336,
					"seconds":	0.999899983406067,
					"bytes":	1310720,
					"bits_per_second":	10486808.854902895,
					"retransmits":	0,
					"snd_cwnd":	283808,
					"snd_wnd":	3143552,
					"rtt":	267061,
					"rttvar":	22158,
					"pmtu":	1500,
					"omitted":	false,
					"sender":	true
				}],
			"sum":	{
				"start":	8.000436,
				"end":	9.000336,
				"seconds":	0.999899983406067,
				"bytes":	1310720,
				"bits_per_second":	10486808.854902895,
				"retransmits":	0,
				"omitted":	false,
				"sender":	true
			}
		}, {
			"streams":	[{
					"socket":	6,
					"start":	9.000336,
					"end":	10.001027,
					"seconds":	1.0006910562515259,
					"bytes":	0,
					"bits_per_second":	0,
					"retransmits":	0,
					"snd_cwnd":	234576,
					"snd_wnd":	3143552,
					"rtt":	278588,
					"rttvar":	7911,
					"pmtu":	1500,
					"omitted":	false,
					"sender":	true
				}],
			"sum":	{
				"start":	9.000336,
				"end":	10.001027,
				"seconds":	1.0006910562515259,
				"bytes":	0,
				"bits_per_second":	0,
				"retransmits":	0,
				"omitted":	false,
				"sender":	true
			}
		}, {
			"streams":	[{
					"socket":	6,
					"start":	10.001027,
					"end":	11.001027,
					"seconds":	1,
					"bytes":	1310720,
					"bits_per_second":	10485760,
					"retransmits":	0,
					"snd_cwnd":	246160,
					"snd_wnd":	3143552,
					"rtt":	256737,
					"rttvar":	13380,
					"pmtu":	1500,
					"omitted":	false,
					"sender":	true
				}],
			"sum":	{
				"start":	10.001027,
				"end":	11.001027,
				"seconds":	1,
				"bytes":	1310720,
				"bits_per_second":	10485760,
				"retransmits":	0,
				"omitted":	false,
				"sender":	true
			}
		}, {
			"streams":	[{
					"socket":	6,
					"start":	11.001027,
					"end":	12.000155,
					"seconds":	0.999127984046936,
					"bytes":	1310720,
					"bits_per_second":	10494911.730454955,
					"retransmits":	0,
					"snd_cwnd":	544448,
					"snd_wnd":	3143552,
					"rtt":	251726,
					"rttvar":	8420,
					"pmtu":	1500,
					"omitted":	false,
					"sender":	true
				}],
			"sum":	{
				"start":	11.001027,
				"end":	12.000155,
				"seconds":	0.999127984046936,
				"bytes":	1310720,
				"bits_per_second":	10494911.730454955,
				"retransmits":	0,
				"omitted":	false,
				"sender":	true
			}
		}, {
			"streams":	[{
					"socket":	6,
					"start":	12.000155,
					"end":	13.000079,
					"seconds":	0.99992400407791138,
					"bytes":	1310720,
					"bits_per_second":	10486556.935563853,
					"retransmits":	0,
					"snd_cwnd":	634224,
					"snd_wnd":	3143552,
					"rtt":	252266,
					"rttvar":	8239,
					"pmtu":	1500,
					"omitted":	false,
					"sender":	true
				}],
			"sum":	{
				"start":	12.000155,
				"end":	13.000079,
				"seconds":	0.99992400407791138,
				"bytes":	1310720,
				"bits_per_second":	10486556.935563853,
				"retransmits":	0,
				"omitted":	false,
				"sender":	true
			}
		}, {
			"streams":	[{
					"socket":	6,
					"start":	13.000079,
					"end":	14.000077,
					"seconds":	0.99999797344207764,
					"bytes":	1310720,
					"bits_per_second":	10485781.250043064,
					"retransmits":	0,
					"snd_cwnd":	677664,
					"snd_wnd":	3143552,
					"rtt":	252407,
					"rttvar":	7500,
					"pmtu":	1500,
					"omitted":	false,
					"sender":	true
				}],
			"sum":	{
				"start":	13.000079,
				"end":	14.000077,
				"seconds":	0.99999797344207764,
				"bytes":	1310720,
				"bits_per_second":	10485781.250043064,
				"retransmits":	0,
				"omitted":	false,
				"sender":	true
			}
		}, {
			"streams":	[{
					"socket":	6,
					"start":	14.000077,
					"end":	15.00008,
					"seconds":	1.0000029802322388,
					"bytes":	1310720,
					"bits_per_second":	10485728.750093132,
					"retransmits":	0,
					"snd_cwnd":	747168,
					"snd_wnd":	3143552,
					"rtt":	255404,
					"rttvar":	7807,
					"pmtu":	1500,
					"omitted":	false,
					"sender":	true
				}],
			"sum":	{
				"start":	14.000077,
				"end":	15.00008,
				"seconds":	1.0000029802322388,
				"bytes":	1310720,
				"bits_per_second":	10485728.750093132,
				"retransmits":	0,
				"omitted":	false,
				"sender":	true
			}
		}, {
			"streams":	[{
					"socket":	6,
					"start":	15.00008,
					"end":	16.000207,
					"seconds":	1.0001269578933716,
					"bytes":	1310720,
					"bits_per_second":	10484428.918991242,
					"retransmits":	0,
					"snd_cwnd":	877488,
					"snd_wnd":	3143552,
					"rtt":	260655,
					"rttvar":	7001,
					"pmtu":	1500,
					"omitted":	false,
					"sender":	true
				}],
			"sum":	{
				"start":	15.00008,
				"end":	16.000207,
				"seconds":	1.0001269578933716,
				"bytes":	1310720,
				"bits_per_second":	10484428.918991242,
				"retransmits":	0,
				"omitted":	false,
				"sender":	true
			}
		}, {
			"streams":	[{
					"socket":	6,
					"start":	16.000207,
					"end":	17.000343,
					"seconds":	1.0001360177993774,
					"bytes":	1310720,
					"bits_per_second":	10484333.943969004,
					"retransmits":	0,
					"snd_cwnd":	877488,
					"snd_wnd":	3143552,
					"rtt":	259448,
					"rttvar":	7564,
					"pmtu":	1500,
					"omitted":	false,
					"sender":	true
				}],
			"sum":	{
				"start":	16.000207,
				"end":	17.000343,
				"seconds":	1.0001360177993774,
				"bytes":	1310720,
				"bits_per_second":	10484333.943969004,
				"retransmits":	0,
				"omitted":	false,
				"sender":	true
			}
		}, {
			"streams":	[{
					"socket":	6,
					"start":	17.000343,
					"end":	18.000658,
					"seconds":	1.0003149509429932,
					"bytes":	1310720,
					"bits_per_second":	10482458.539798005,
					"retransmits":	0,
					"snd_cwnd":	1028080,
					"snd_wnd":	3143552,
					"rtt":	301446,
					"rttvar":	2637,
					"pmtu":	1500,
					"omitted":	false,
					"sender":	true
				}],
			"sum":	{
				"start":	17.000343,
				"end":	18.000658,
				"seconds":	1.0003149509429932,
				"bytes":	1310720,
				"bits_per_second":	10482458.539798005,
				"retransmits":	0,
				"omitted":	false,
				"sender":	true
			}
		}, {
			"streams":	[{
					"socket":	6,
					"start":	18.000658,
					"end":	19.000241,
					"seconds":	0.99958300590515137,
					"bytes":	2621440,
					"bits_per_second":	20980268.648134612,
					"retransmits":	0,
					"snd_cwnd":	1028080,
					"snd_wnd":	3143552,
					"rtt":	297897,
					"rttvar":	18716,
					"pmtu":	1500,
					"omitted":	false,
					"sender":	true
				}],
			"sum":	{
				"start":	18.000658,
				"end":	19.000241,
				"seconds":	0.99958300590515137,
				"bytes":	2621440,
				"bits_per_second":	20980268.648134612,
				"retransmits":	0,
				"omitted":	false,
				"sender":	true
			}
		}, {
			"streams":	[{
					"socket":	6,
					"start":	19.000241,
					"end":	20.000574,
					"seconds":	1.0003329515457153,
					"bytes":	1310720,
					"bits_per_second":	10482269.912030185,
					"retransmits":	0,
					"snd_cwnd":	1207632,
					"snd_wnd":	3143552,
					"rtt":	261607,
					"rttvar":	8173,
					"pmtu":	1500,
					"omitted":	false,
					"sender":	true
				}],
			"sum":	{
				"start":	19.000241,
				"end":	20.000574,
				"seconds":	1.0003329515457153,
				"bytes":	1310720,
				"bits_per_second":	10482269.912030185,
				"retransmits":	0,
				"omitted":	false,
				"sender":	true
			}
		}, {
			"streams":	[{
					"socket":	6,
					"start":	20.000574,
					"end":	21.000388,
					"seconds":	0.999813973903656,
					"bytes":	2621440,
					"bits_per_second":	20975421.975869339,
					"retransmits":	0,
					"snd_cwnd":	5792,
					"snd_wnd":	3143552,
					"rtt":	278909,
					"rttvar":	12977,
					"pmtu":	1500,
					"omitted":	false,
					"sender":	true
				}],
			"sum":	{
				"start":	20.000574,
				"end":	21.000388,
				"seconds":	0.999813973903656,
				"bytes":	2621440,
				"bits_per_second":	20975421.975869339,
				"retransmits":	0,
				"omitted":	false,
				"sender":	true
			}
		}, {
			"streams":	[{
					"socket":	6,
					"start":	21.000388,
					"end":	22.000737,
					"seconds":	1.0003490447998047,
					"bytes":	1310720,
					"bits_per_second":	10482101.277058218,
					"retransmits":	0,
					"snd_cwnd":	1207632,
					"snd_wnd":	3143552,
					"rtt":	305160,
					"rttvar":	9722,
					"pmtu":	1500,
					"omitted":	false,
					"sender":	true
				}],
			"sum":	{
				"start":	21.000388,
				"end":	22.000737,
				"seconds":	1.0003490447998047,
				"bytes":	1310720,
				"bits_per_second":	10482101.277058218,
				"retransmits":	0,
				"omitted":	false,
				"sender":	true
			}
		}, {
			"streams":	[{
					"socket":	6,
					"start":	22.000737,
					"end":	23.000228,
					"seconds":	0.999490976333618,
					"bytes":	2621440,
					"bits_per_second":	20982200.436594993,
					"retransmits":	0,
					"snd_cwnd":	1280032,
					"snd_wnd":	3143552,
					"rtt":	331252,
					"rttvar":	1623,
					"pmtu":	1500,
					"omitted":	false,
					"sender":	true
				}],
			"sum":	{
				"start":	22.000737,
				"end":	23.000228,
				"seconds":	0.999490976333618,
				"bytes":	2621440,
				"bits_per_second":	20982200.436594993,
				"retransmits":	0,
				"omitted":	false,
				"sender":	true
			}
		}, {
			"streams":	[{
					"socket":	6,
					"start":	23.000228,
					"end":	24.000196,
					"seconds":	0.99996799230575562,
					"bytes":	2621440,
					"bits_per_second":	20972191.271485854,
					"retransmits":	0,
					"snd_cwnd":	1395872,
					"snd_wnd":	3143552,
					"rtt":	315514,
					"rttvar":	3912,
					"pmtu":	1500,
					"omitted":	false,
					"sender":	true
				}],
			"sum":	{
				"start":	23.000228,
				"end":	24.000196,
				"seconds":	0.99996799230575562,
				"bytes":	2621440,
				"bits_per_second":	20972191.271485854,
				"retransmits":	0,
				"omitted":	false,
				"sender":	true
			}
		}, {
			"streams":	[{
					"socket":	6,
					"start":	24.000196,
					"end":	25.000323,
					"seconds":	1.0001269578933716,
					"bytes":	2621440,
					"bits_per_second":	20968857.837982483,
					"retransmits":	0,
					"snd_cwnd":	1627552,
					"snd_wnd":	3143808,
					"rtt":	342545,
					"rttvar":	1292,
					"pmtu":	1500,
					"omitted":	false,
					"sender":	true
				}],
			"sum":	{
				"start":	24.000196,
				"end":	25.000323,
				"seconds":	1.0001269578933716,
				"bytes":	2621440,
				"bits_per_second":	20968857.837982483,
				"retransmits":	0,
				"omitted":	false,
				"sender":	true
			}
		}, {
			"streams":	[{
					"socket":	6,
					"start":	25.000323,
					"end":	26.000078,
					"seconds":	0.999755024909973,
					"bytes":	2621440,
					"bits_per_second":	20976658.758867916,
					"retransmits":	0,
					"snd_cwnd":	1627552,
					"snd_wnd":	3143808,
					"rtt":	350421,
					"rttvar":	2883,
					"pmtu":	1500,
					"omitted":	false,
					"sender":	true
				}],
			"sum":	{
				"start":	25.000323,
				"end":	26.000078,
				"seconds":	0.999755024909973,
				"bytes":	2621440,
				"bits_per_second":	20976658.758867916,
				"retransmits":	0,
				"omitted":	false,
				"sender":	true
			}
		}, {
			"streams":	[{
					"socket":	6,
					"start":	26.000078,
					"end":	27.000111,
					"seconds":	1.0000330209732056,
					"bytes":	3932160,
					"bits_per_second":	31456241.2842994,
					"retransmits":	0,
					"snd_cwnd":	1870816,
					"snd_wnd":	3143936,
					"rtt":	287132,
					"rttvar":	5016,
					"pmtu":	1500,
					"omitted":	false,
					"sender":	true
				}],
			"sum":	{
				"start":	26.000078,
				"end":	27.000111,
				"seconds":	1.0000330209732056,
				"bytes":	3932160,
				"bits_per_second":	31456241.2842994,
				"retransmits":	0,
				"omitted":	false,
				"sender":	true
			}
		}, {
			"streams":	[{
					"socket":	6,
					"start":	27.000111,
					"end":	28.000307,
					"seconds":	1.0001959800720215,
					"bytes":	2621440,
					"bits_per_second":	20967410.80532027,
					"retransmits":	0,
					"snd_cwnd":	1879504,
					"snd_wnd":	3143936,
					"rtt":	368825,
					"rttvar":	2231,
					"pmtu":	1500,
					"omitted":	false,
					"sender":	true
				}],
			"sum":	{
				"start":	27.000111,
				"end":	28.000307,
				"seconds":	1.0001959800720215,
				"bytes":	2621440,
				"bits_per_second":	20967410.80532027,
				"retransmits":	0,
				"omitted":	false,
				"sender":	true
			}
		}, {
			"streams":	[{
					"socket":	6,
					"start":	28.000307,
					"end":	29.000198,
					"seconds":	0.99989098310470581,
					"bytes":	3932160,
					"bits_per_second":	31460709.748900577,
					"retransmits":	0,
					"snd_cwnd":	2090912,
					"snd_wnd":	3143936,
					"rtt":	349869,
					"rttvar":	3008,
					"pmtu":	1500,
					"omitted":	false,
					"sender":	true
				}],
			"sum":	{
				"start":	28.000307,
				"end":	29.000198,
				"seconds":	0.99989098310470581,
				"bytes":	3932160,
				"bits_per_second":	31460709.748900577,
				"retransmits":	0,
				"omitted":	false,
				"sender":	true
			}
		}, {
			"streams":	[{
					"socket":	6,
					"start":	29.000198,
					"end":	30.000081,
					"seconds":	0.999882996082306,
					"bytes":	5242880,
					"bits_per_second":	41947948.074263915,
					"retransmits":	0,
					"snd_cwnd":	2119872,
					"snd_wnd":	3143936,
					"rtt":	370036,
					"rttvar":	3080,
					"pmtu":	1500,
					"omitted":	false,
					"sender":	true
				}],
			"sum":	{
				"start":	29.000198,
				"end":	30.000081,
				"seconds":	0.999882996082306,
				"bytes":	5242880,
				"bits_per_second":	41947948.074263915,
				"retransmits":	0,
				"omitted":	false,
				"sender":	true
			}
		}, {
			"streams":	[{
					"socket":	6,
					"start":	30.000081,
					"end":	31.000169,
					"seconds":	1.0000879764556885,
					"bytes":	3932160,
					"bits_per_second":	31454512.743453424,
					"retransmits":	0,
					"snd_cwnd":	2348656,
					"snd_wnd":	3143936,
					"rtt":	403378,
					"rttvar":	3300,
					"pmtu":	1500,
					"omitted":	false,
					"sender":	true
				}],
			"sum":	{
				"start":	30.000081,
				"end":	31.000169,
				"seconds":	1.0000879764556885,
				"bytes":	3932160,
				"bits_per_second":	31454512.743453424,
				"retransmits":	0,
				"omitted":	false,
				"sender":	true
			}
		}, {
			"streams":	[{
					"socket":	6,
					"start":	31.000169,
					"end":	32.000088,
					"seconds":	0.99991899728775024,
					"bytes":	5242880,
					"bits_per_second":	41946437.775229,
					"retransmits":	0,
					"snd_cwnd":	5792,
					"snd_wnd":	3143936,
					"rtt":	359868,
					"rttvar":	5311,
					"pmtu":	1500,
					"omitted":	false,
					"sender":	true
				}],
			"sum":	{
				"start":	31.000169,
				"end":	32.000088,
				"seconds":	0.99991899728775024,
				"bytes":	5242880,
				"bits_per_second":	41946437.775229,
				"retransmits":	0,
				"omitted":	false,
				"sender":	true
			}
		}, {
			"streams":	[{
					"socket":	6,
					"start":	32.000088,
					"end":	33.000186,
					"seconds":	1.0000979900360107,
					"bytes":	1310720,
					"bits_per_second":	10484732.6006749,
					"retransmits":	0,
					"snd_cwnd":	2536896,
					"snd_wnd":	3143936,
					"rtt":	370804,
					"rttvar":	1360,
					"pmtu":	1500,
					"omitted":	false,
					"sender":	true
				}],
			"sum":	{
				"start":	32.000088,
				"end":	33.000186,
				"seconds":	1.0000979900360107,
				"bytes":	1310720,
				"bits_per_second":	10484732.6006749,
				"retransmits":	0,
				"omitted":	false,
				"sender":	true
			}
		}, {
			"streams":	[{
					"socket":	6,
					"start":	33.000186,
					"end":	34.000072,
					"seconds":	0.99988597631454468,
					"bytes":	5242880,
					"bits_per_second":	41947823.045380466,
					"retransmits":	0,
					"snd_cwnd":	2768576,
					"snd_wnd":	3143936,
					"rtt":	380003,
					"rttvar":	3520,
					"pmtu":	1500,
					"omitted":	false,
					"sender":	true
				}],
			"sum":	{
				"start":	33.000186,
				"end":	34.000072,
				"seconds":	0.99988597631454468,
				"bytes":	5242880,
				"bits_per_second":	41947823.045380466,
				"retransmits":	0,
				"omitted":	false,
				"sender":	true
			}
		}, {
			"streams":	[{
					"socket":	6,
					"start":	34.000072,
					"end":	35.000232,
					"seconds":	1.0001599788665771,
					"bytes":	3932160,
					"bits_per_second":	31452248.30496487,
					"retransmits":	0,
					"snd_cwnd":	2812016,
					"snd_wnd":	3143936,
					"rtt":	433135,
					"rttvar":	4829,
					"pmtu":	1500,
					"omitted":	false,
					"sender":	true
				}],
			"sum":	{
				"start":	34.000072,
				"end":	35.000232,
				"seconds":	1.0001599788665771,
				"bytes":	3932160,
				"bits_per_second":	31452248.30496487,
				"retransmits":	0,
				"omitted":	false,
				"sender":	true
			}
		}, {
			"streams":	[{
					"socket":	6,
					"start":	35.000232,
					"end":	36.000219,
					"seconds":	0.999987006187439,
					"bytes":	5242880,
					"bits_per_second":	41943585.007081717,
					"retransmits":	0,
					"snd_cwnd":	3014736,
					"snd_wnd":	3143936,
					"rtt":	430984,
					"rttvar":	2044,
					"pmtu":	1500,
					"omitted":	false,
					"sender":	true
				}],
			"sum":	{
				"start":	35.000232,
				"end":	36.000219,
				"seconds":	0.999987006187439,
				"bytes":	5242880,
				"bits_per_second":	41943585.007081717,
				"retransmits":	0,
				"omitted":	false,
				"sender":	true
			}
		}, {
			"streams":	[{
					"socket":	6,
					"start":	36.000219,
					"end":	37.000231,
					"seconds":	1.0000120401382446,
					"bytes":	5242880,
					"bits_per_second":	41942535.0060802,
					"retransmits":	0,
					"snd_cwnd":	3020528,
					"snd_wnd":	3143936,
					"rtt":	387861,
					"rttvar":	3143,
					"pmtu":	1500,
					"omitted":	false,
					"sender":	true
				}],
			"sum":	{
				"start":	36.000219,
				"end":	37.000231,
				"seconds":	1.0000120401382446,
				"bytes":	5242880,
				"bits_per_second":	41942535.0060802,
				"retransmits":	0,
				"omitted":	false,
				"sender":	true
			}
		}, {
			"streams":	[{
					"socket":	6,
					"start":	37.000231,
					"end":	38.000066,
					"seconds":	0.99983501434326172,
					"bytes":	6553600,
					"bits_per_second":	52437451.427361421,
					"retransmits":	0,
					"snd_cwnd":	3156640,
					"snd_wnd":	3143936,
					"rtt":	365807,
					"rttvar":	3444,
					"pmtu":	1500,
					"omitted":	false,
					"sender":	true
				}],
			"sum":	{
				"start":	37.000231,
				"end":	38.000066,
				"seconds":	0.99983501434326172,
				"bytes":	6553600,
				"bits_per_second":	52437451.427361421,
				"retransmits":	0,
				"omitted":	false,
				"sender":	true
			}
		}, {
			"streams":	[{
					"socket":	6,
					"start":	38.000066,
					"end":	39.000069,
					"seconds":	1.0000029802322388,
					"bytes":	5242880,
					"bits_per_second":	41942915.000372529,
					"retransmits":	0,
					"snd_cwnd":	3121888,
					"snd_wnd":	3143936,
					"rtt":	386016,
					"rttvar":	3574,
					"pmtu":	1500,
					"omitted":	false,
					"sender":	true
				}],
			"sum":	{
				"start":	38.000066,
				"end":	39.000069,
				"seconds":	1.0000029802322388,
				"bytes":	5242880,
				"bits_per_second":	41942915.000372529,
				"retransmits":	0,
				"omitted":	false,
				"sender":	true
			}
		}, {
			"streams":	[{
					"socket":	6,
					"start":	39.000069,
					"end":	40.000074,
					"seconds":	1.0000050067901611,
					"bytes":	5242880,
					"bits_per_second":	41942830.001051418,
					"retransmits":	0,
					"snd_cwnd":	3188496,
					"snd_wnd":	3143936,
					"rtt":	377746,
					"rttvar":	3726,
					"pmtu":	1500,
					"omitted":	false,
					"sender":	true
				}],
			"sum":	{
				"start":	39.000069,
				"end":	40.000074,
				"seconds":	1.0000050067901611,
				"bytes":	5242880,
				"bits_per_second":	41942830.001051418,
				"retransmits":	0,
				"omitted":	false,
				"sender":	true
			}
		}, {
			"streams":	[{
					"socket":	6,
					"start":	40.000074,
					"end":	41.000071,
					"seconds":	0.99999701976776123,
					"bytes":	5242880,
					"bits_per_second":	41943165.000372529,
					"retransmits":	0,
					"snd_cwnd":	3188496,
					"snd_wnd":	3143936,
					"rtt":	410597,
					"rttvar":	2709,
					"pmtu":	1500,
					"omitted":	false,
					"sender":	true
				}],
			"sum":	{
				"start":	40.000074,
				"end":	41.000071,
				"seconds":	0.99999701976776123,
				"bytes":	5242880,
				"bits_per_second":	41943165.000372529,
				"retransmits":	0,
				"omitted":	false,
				"sender":	true
			}
		}, {
			"streams":	[{
					"socket":	6,
					"start":	41.000071,
					"end":	42.000103,
					"seconds":	1.0000319480895996,
					"bytes":	5242880,
					"bits_per_second":	41941700.042809069,
					"retransmits":	0,
					"snd_cwnd":	3234832,
					"snd_wnd":	3143936,
					"rtt":	438050,
					"rttvar":	3573,
					"pmtu":	1500,
					"omitted":	false,
					"sender":	true
				}],
			"sum":	{
				"start":	41.000071,
				"end":	42.000103,
				"seconds":	1.0000319480895996,
				"bytes":	5242880,
				"bits_per_second":	41941700.042809069,
				"retransmits":	0,
				"omitted":	false,
				"sender":	true
			}
		}, {
			"streams":	[{
					"socket":	6,
					"start":	42.000103,
					"end":	43.000226,
					"seconds":	1.0001230239868164,
					"bytes":	5242880,
					"bits_per_second":	41937880.634725682,
					"retransmits":	0,
					"snd_cwnd":	5792,
					"snd_wnd":	3143936,
					"rtt":	447056,
					"rttvar":	4102,
					"pmtu":	1500,
					"omitted":	false,
					"sender":	true
				}],
			"sum":	{
				"start":	42.000103,
				"end":	43.000226,
				"seconds":	1.0001230239868164,
				"bytes":	5242880,
				"bits_per_second":	41937880.634725682,
				"retransmits":	0,
				"omitted":	false,
				"sender":	true
			}
		}, {
			"streams":	[{
					"socket":	6,
					"start":	43.000226,
					"end":	44.000107,
					"seconds":	0.99988102912902832,
					"bytes":	2621440,
					"bits_per_second":	20974015.296867643,
					"retransmits":	0,
					"snd_cwnd":	2904688,
					"snd_wnd":	3143936,
					"rtt":	360055,
					"rttvar":	5025,
					"pmtu":	1500,
					"omitted":	false,
					"sender":	true
				}],
			"sum":	{
				"start":	43.000226,
				"end":	44.000107,
				"seconds":	0.99988102912902832,
				"bytes":	2621440,
				"bits_per_second":	20974015.296867643,
				"retransmits":	0,
				"omitted":	false,
				"sender":	true
			}
		}, {
			"streams":	[{
					"socket":	6,
					"start":	44.000107,
					"end":	45.000108,
					"seconds":	1.0000009536743164,
					"bytes":	5242880,
					"bits_per_second":	41943000.000038147,
					"retransmits":	0,
					"snd_cwnd":	2887312,
					"snd_wnd":	3143936,
					"rtt":	412798,
					"rttvar":	22708,
					"pmtu":	1500,
					"omitted":	false,
					"sender":	true
				}],
			"sum":	{
				"start":	44.000107,
				"end":	45.000108,
				"seconds":	1.0000009536743164,
				"bytes":	5242880,
				"bits_per_second":	41943000.000038147,
				"retransmits":	0,
				"omitted":	false,
				"sender":	true
			}
		}, {
			"streams":	[{
					"socket":	6,
					"start":	45.000108,
					"end":	46.000069,
					"seconds":	0.999961018562317,
					"bytes":	5242880,
					"bits_per_second":	41944675.063737132,
					"retransmits":	0,
					"snd_cwnd":	2887312,
					"snd_wnd":	3143936,
					"rtt":	438861,
					"rttvar":	3217,
					"pmtu":	1500,
					"omitted":	false,
					"sender":	true
				}],
			"sum":	{
				"start":	45.000108,
				"end":	46.000069,
				"seconds":	0.999961018562317,
				"bytes":	5242880,
				"bits_per_second":	41944675.063737132,
				"retransmits":	0,
				"omitted":	false,
				"sender":	true
			}
		}, {
			"streams":	[{
					"socket":	6,
					"start":	46.000069,
					"end":	47.000072,
					"seconds":	1.0000029802322388,
					"bytes":	5242880,
					"bits_per_second":	41942915.000372529,
					"retransmits":	0,
					"snd_cwnd":	2872832,
					"snd_wnd":	3143936,
					"rtt":	401263,
					"rttvar":	2909,
					"pmtu":	1500,
					"omitted":	false,
					"sender":	true
				}],
			"sum":	{
				"start":	46.000069,
				"end":	47.000072,
				"seconds":	1.0000029802322388,
				"bytes":	5242880,
				"bits_per_second":	41942915.000372529,
				"retransmits":	0,
				"omitted":	false,
				"sender":	true
			}
		}, {
			"streams":	[{
					"socket":	6,
					"start":	47.000072,
					"end":	48.000066,
					"seconds":	0.99999397993087769,
					"bytes":	5242880,
					"bits_per_second":	41943292.501520075,
					"retransmits":	0,
					"snd_cwnd":	2869936,
					"snd_wnd":	3143936,
					"rtt":	366182,
					"rttvar":	3293,
					"pmtu":	1500,
					"omitted":	false,
					"sender":	true
				}],
			"sum":	{
				"start":	47.000072,
				"end":	48.000066,
				"seconds":	0.99999397993087769,
				"bytes":	5242880,
				"bits_per_second":	41943292.501520075,
				"retransmits":	0,
				"omitted":	false,
				"sender":	true
			}
		}, {
			"streams":	[{
					"socket":	6,
					"start":	48.000066,
					"end":	49.000298,
					"seconds":	1.0002319812774658,
					"bytes":	3932160,
					"bits_per_second":	31449984.192490745,
					"retransmits":	0,
					"snd_cwnd":	3014736,
					"snd_wnd":	3143936,
					"rtt":	365634,
					"rttvar":	3515,
					"pmtu":	1500,
					"omitted":	false,
					"sender":	true
				}],
			"sum":	{
				"start":	48.000066,
				"end":	49.000298,
				"seconds":	1.0002319812774658,
				"bytes":	3932160,
				"bits_per_second":	31449984.192490745,
				"retransmits":	0,
				"omitted":	false,
				"sender":	true
			}
		}, {
			"streams":	[{
					"socket":	6,
					"start":	49.000298,
					"end":	50.000289,
					"seconds":	0.999990999698639,
					"bytes":	5242880,
					"bits_per_second":	41943417.503397644,
					"retransmits":	0,
					"snd_cwnd":	3014736,
					"snd_wnd":	3143936,
					"rtt":	382953,
					"rttvar":	2493,
					"pmtu":	1500,
					"omitted":	false,
					"sender":	true
				}],
			"sum":	{
				"start":	49.000298,
				"end":	50.000289,
				"seconds":	0.999990999698639,
				"bytes":	5242880,
				"bits_per_second":	41943417.503397644,
				"retransmits":	0,
				"omitted":	false,
				"sender":	true
			}
		}, {
			"streams":	[{
					"socket":	6,
					"start":	50.000289,
					"end":	51.000316,
					"seconds":	1.0000269412994385,
					"bytes":	5242880,
					"bits_per_second":	41941910.030442849,
					"retransmits":	0,
					"snd_cwnd":	3055280,
					"snd_wnd":	3143936,
					"rtt":	430820,
					"rttvar":	24841,
					"pmtu":	1500,
					"omitted":	false,
					"sender":	true
				}],
			"sum":	{
				"start":	50.000289,
				"end":	51.000316,
				"seconds":	1.0000269412994385,
				"bytes":	5242880,
				"bits_per_second":	41941910.030442849,
				"retransmits":	0,
				"omitted":	false,
				"sender":	true
			}
		}, {
			"streams":	[{
					"socket":	6,
					"start":	51.000316,
					"end":	52.000328,
					"seconds":	1.0000120401382446,
					"bytes":	5242880,
					"bits_per_second":	41942535.0060802,
					"retransmits":	0,
					"snd_cwnd":	3092928,
					"snd_wnd":	3143936,
					"rtt":	438124,
					"rttvar":	10495,
					"pmtu":	1500,
					"omitted":	false,
					"sender":	true
				}],
			"sum":	{
				"start":	51.000316,
				"end":	52.000328,
				"seconds":	1.0000120401382446,
				"bytes":	5242880,
				"bits_per_second":	41942535.0060802,
				"retransmits":	0,
				"omitted":	false,
				"sender":	true
			}
		}, {
			"streams":	[{
					"socket":	6,
					"start":	52.000328,
					"end":	53.000076,
					"seconds":	0.99974799156188965,
					"bytes":	6553600,
					"bits_per_second":	52442015.8305008,
					"retransmits":	0,
					"snd_cwnd":	3092928,
					"snd_wnd":	3143936,
					"rtt":	451965,
					"rttvar":	7065,
					"pmtu":	1500,
					"omitted":	false,
					"sender":	true
				}],
			"sum":	{
				"start":	52.000328,
				"end":	53.000076,
				"seconds":	0.99974799156188965,
				"bytes":	6553600,
				"bits_per_second":	52442015.8305008,
				"retransmits":	0,
				"omitted":	false,
				"sender":	true
			}
		}, {
			"streams":	[{
					"socket":	6,
					"start":	53.000076,
					"end":	54.000371,
					"seconds":	1.0002950429916382,
					"bytes":	3932160,
					"bits_per_second":	31448001.487560067,
					"retransmits":	0,
					"snd_cwnd":	5792,
					"snd_wnd":	3143936,
					"rtt":	416341,
					"rttvar":	3846,
					"pmtu":	1500,
					"omitted":	false,
					"sender":	true
				}],
			"sum":	{
				"start":	53.000076,
				"end":	54.000371,
				"seconds":	1.0002950429916382,
				"bytes":	3932160,
				"bits_per_second":	31448001.487560067,
				"retransmits":	0,
				"omitted":	false,
				"sender":	true
			}
		}, {
			"streams":	[{
					"socket":	6,
					"start":	54.000371,
					"end":	55.000073,
					"seconds":	0.999701976776123,
					"bytes":	3932160,
					"bits_per_second":	31466657.794800639,
					"retransmits":	0,
					"snd_cwnd":	3035008,
					"snd_wnd":	3143936,
					"rtt":	389948,
					"rttvar":	3610,
					"pmtu":	1500,
					"omitted":	false,
					"sender":	true
				}],
			"sum":	{
				"start":	54.000371,
				"end":	55.000073,
				"seconds":	0.999701976776123,
				"bytes":	3932160,
				"bits_per_second":	31466657.794800639,
				"retransmits":	0,
				"omitted":	false,
				"sender":	true
			}
		}, {
			"streams":	[{
					"socket":	6,
					"start":	55.000073,
					"end":	56.000075,
					"seconds":	1.0000020265579224,
					"bytes":	5242880,
					"bits_per_second":	41942955.000172257,
					"retransmits":	0,
					"snd_cwnd":	2884416,
					"snd_wnd":	3143936,
					"rtt":	371176,
					"rttvar":	3954,
					"pmtu":	1500,
					"omitted":	false,
					"sender":	true
				}],
			"sum":	{
				"start":	55.000073,
				"end":	56.000075,
				"seconds":	1.0000020265579224,
				"bytes":	5242880,
				"bits_per_second":	41942955.000172257,
				"retransmits":	0,
				"omitted":	false,
				"sender":	true
			}
		}, {
			"streams":	[{
					"socket":	6,
					"start":	56.000075,
					"end":	57.00007,
					"seconds":	0.999994993209839,
					"bytes":	5242880,
					"bits_per_second":	41943250.001051433,
					"retransmits":	0,
					"snd_cwnd":	2939440,
					"snd_wnd":	3143936,
					"rtt":	368598,
					"rttvar":	4142,
					"pmtu":	1500,
					"omitted":	false,
					"sender":	true
				}],
			"sum":	{
				"start":	56.000075,
				"end":	57.00007,
				"seconds":	0.999994993209839,
				"bytes":	5242880,
				"bits_per_second":	41943250.001051433,
				"retransmits":	0,
				"omitted":	false,
				"sender":	true
			}
		}, {
			"streams":	[{
					"socket":	6,
					"start":	57.00007,
					"end":	58.000296,
					"seconds":	1.0002260208129883,
					"bytes":	3932160,
					"bits_per_second":	31450171.606644846,
					"retransmits":	0,
					"snd_cwnd":	2939440,
					"snd_wnd":	3143936,
					"rtt":	368842,
					"rttvar":	6621,
					"pmtu":	1500,
					"omitted":	false,
					"sender":	true
				}],
			"sum":	{
				"start":	57.00007,
				"end":	58.000296,
				"seconds":	1.0002260208129883,
				"bytes":	3932160,
				"bits_per_second":	31450171.606644846,
				"retransmits":	0,
				"omitted":	false,
				"sender":	true
			}
		}, {
			"streams":	[{
					"socket":	6,
					"start":	58.000296,
					"end":	59.000115,
					"seconds":	0.999818980693817,
					"bytes":	5242880,
					"bits_per_second":	41950633.874637917,
					"retransmits":	0,
					"snd_cwnd":	3081344,
					"snd_wnd":	3143936,
					"rtt":	448134,
					"rttvar":	6892,
					"pmtu":	1500,
					"omitted":	false,
					"sender":	true
				}],
			"sum":	{
				"start":	58.000296,
				"end":	59.000115,
				"seconds":	0.999818980693817,
				"bytes":	5242880,
				"bits_per_second":	41950633.874637917,
				"retransmits":	0,
				"omitted":	false,
				"sender":	true
			}
		}, {
			"streams":	[{
					"socket":	6,
					"start":	59.000115,
					"end":	60.000227,
					"seconds":	1.0001120567321777,
					"bytes":	5242880,
					"bits_per_second":	41938340.526607633,
					"retransmits":	0,
					"snd_cwnd":	3081344,
					"snd_wnd":	3143936,
					"rtt":	392225,
					"rttvar":	2998,
					"pmtu":	1500,
					"omitted":	false,
					"sender":	true
				}],
			"sum":	{
				"start":	59.000115,
				"end":	60.000227,
				"seconds":	1.0001120567321777,
				"bytes":	5242880,
				"bits_per_second":	41938340.526607633,
				"retransmits":	0,
				"omitted":	false,
				"sender":	true
			}
		}],
	"end":	{
		"streams":	[{
				"sender":	{
					"socket":	6,
					"start":	0,
					"end":	60.000227,
					"seconds":	60.000227,
					"bytes":	217448448,
					"bits_per_second":	28993016.709753446,
					"retransmits":	0,
					"max_snd_cwnd":	3234832,
					"max_snd_wnd":	3143936,
					"max_rtt":	451965,
					"min_rtt":	141714,
					"mean_rtt":	336915,
					"sender":	true
				},
				"receiver":	{
					"socket":	6,
					"start":	0,
					"end":	60.426246,
					"seconds":	60.000227,
					"bytes":	217262544,
					"bits_per_second":	28763996.889695913,
					"sender":	true
				}
			}],
		"sum_sent":	{
			"start":	0,
			"end":	60.000227,
			"seconds":	60.000227,
			"bytes":	217448448,
			"bits_per_second":	28993016.709753446,
			"retransmits":	0,
			"sender":	true
		},
		"sum_received":	{
			"start":	0,
			"end":	60.426246,
			"seconds":	60.426246,
			"bytes":	217262544,
			"bits_per_second":	28763996.889695913,
			"sender":	true
		},
		"cpu_utilization_percent":	{
			"host_total":	0.23780882008022364,
			"host_user":	0.00750476896673384,
			"host_system":	0.23030405111348981,
			"remote_total":	1.9837732143682822,
			"remote_user":	0.146765656296926,
			"remote_system":	1.8370075580713563
		},
		"sender_tcp_congestion":	"bbr",
		"receiver_tcp_congestion":	"bbr"
	}
}
