{
	"start":	{
		"connected":	[{
				"socket":	6,
				"local_host":	"192.168.101.210",
				"local_port":	33394,
				"remote_host":	"192.168.100.168",
				"remote_port":	5202
			}],
		"version":	"iperf 3.11",
		"system_info":	"Linux f1 6.0.10-300.fc37.x86_64 #1 SMP PREEMPT_DYNAMIC Sat Nov 26 16:55:13 UTC 2022 x86_64",
		"timestamp":	{
			"time":	"Sat, 10 Dec 2022 17:39:17 GMT",
			"timesecs":	1670693957
		},
		"connecting_to":	{
			"host":	"192.168.100.168",
			"port":	5202
		},
		"cookie":	"l27p22oq2wtggijphz6je6or5vntb72lxxxu",
		"tcp_mss_default":	1448,
		"target_bitrate":	0,
		"sock_bufsize":	0,
		"sndbuf_actual":	16384,
		"rcvbuf_actual":	131072,
		"test_start":	{
			"protocol":	"TCP",
			"num_streams":	1,
			"blksize":	131072,
			"omit":	0,
			"duration":	60,
			"bytes":	0,
			"blocks":	0,
			"reverse":	0,
			"tos":	0,
			"target_bitrate":	0
		}
	},
	"intervals":	[{
			"streams":	[{
					"socket":	6,
					"start":	0,
					"end":	1.000077,
					"seconds":	1.00007700920105,
					"bytes":	1889640,
					"bits_per_second":	15115955.93231055,
					"retransmits":	0,
					"snd_cwnd":	209960,
					"snd_wnd":	326144,
					"rtt":	200107,
					"rttvar":	16,
					"pmtu":	1500,
					"omitted":	false,
					"sender":	true
				}],
			"sum":	{
				"start":	0,
				"end":	1.000077,
				"seconds":	1.00007700920105,
				"bytes":	1889640,
				"bits_per_second":	15115955.93231055,
				"retransmits":	0,
				"omitted":	false,
				"sender":	true
			}
		}, {
			"streams":	[{
					"socket":	6,
					"start":	1.000077,
					"end":	2.000091,
					"seconds":	1.0000139474868774,
					"bytes":	7416472,
					"bits_per_second":	59330948.482374616,
					"retransmits":	0,
					"snd_cwnd":	6104768,
					"snd_wnd":	3143552,
					"rtt":	200102,
					"rttvar":	13,
					"pmtu":	1500,
					"omitted":	false,
					"sender":	true
				}],
			"sum":	{
				"start":	1.000077,
				"end":	2.000091,
				"seconds":	1.0000139474868774,
				"bytes":	7416472,
				"bits_per_second":	59330948.482374616,
				"retransmits":	0,
				"omitted":	false,
				"sender":	true
			}
		}, {
			"streams":	[{
					"socket":	6,
					"start":	2.000091,
					"end":	3.000155,
					"seconds":	1.0000640153884888,
					"bytes":	13107200,
					"bits_per_second":	104850887.92967579,
					"retransmits":	15,
					"snd_cwnd":	9225208,
					"snd_wnd":	3145728,
					"rtt":	200106,
					"rttvar":	4,
					"pmtu":	1500,
					"omitted":	false,
					"sender":	true
				}],
			"sum":	{
				"start":	2.000091,
				"end":	3.000155,
				"seconds":	1.0000640153884888,
				"bytes":	13107200,
				"bits_per_second":	104850887.92967579,
				"retransmits":	15,
				"omitted":	false,
				"sender":	true
			}
		}, {
			"streams":	[{
					"socket":	6,
					"start":	3.000155,
					"end":	4.000196,
					"seconds":	1.0000410079956055,
					"bytes":	14417920,
					"bits_per_second":	115338630.19395986,
					"retransmits":	0,
					"snd_cwnd":	9225208,
					"snd_wnd":	3145728,
					"rtt":	200089,
					"rttvar":	5,
					"pmtu":	1500,
					"omitted":	false,
					"sender":	true
				}],
			"sum":	{
				"start":	3.000155,
				"end":	4.000196,
				"seconds":	1.0000410079956055,
				"bytes":	14417920,
				"bits_per_second":	115338630.19395986,
				"retransmits":	0,
				"omitted":	false,
				"sender":	true
			}
		}, {
			"streams":	[{
					"socket":	6,
					"start":	4.000196,
					"end":	5.000177,
					"seconds":	0.99998098611831665,
					"bytes":	15728640,
					"bits_per_second":	125831512.54549158,
					"retransmits":	0,
					"snd_cwnd":	9225208,
					"snd_wnd":	3145728,
					"rtt":	200124,
					"rttvar":	28,
					"pmtu":	1500,
					"omitted":	false,
					"sender":	true
				}],
			"sum":	{
				"start":	4.000196,
				"end":	5.000177,
				"seconds":	0.99998098611831665,
				"bytes":	15728640,
				"bits_per_second":	125831512.54549158,
				"retransmits":	0,
				"omitted":	false,
				"sender":	true
			}
		}, {
			"streams":	[{
					"socket":	6,
					"start":	5.000177,
					"end":	6.000154,
					"seconds":	0.9999769926071167,
					"bytes":	15728640,
					"bits_per_second":	125832015.06660794,
					"retransmits":	0,
					"snd_cwnd":	9225208,
					"snd_wnd":	3145728,
					"rtt":	200101,
					"rttvar":	14,
					"pmtu":	1500,
					"omitted":	false,
					"sender":	true
				}],
			"sum":	{
				"start":	5.000177,
				"end":	6.000154,
				"seconds":	0.9999769926071167,
				"bytes":	15728640,
				"bits_per_second":	125832015.06660794,
				"retransmits":	0,
				"omitted":	false,
				"sender":	true
			}
		}, {
			"streams":	[{
					"socket":	6,
					"start":	6.000154,
					"end":	7.000175,
					"seconds":	1.0000209808349609,
					"bytes":	14417920,
					"bits_per_second":	115340940.05077256,
					"retransmits":	0,
					"snd_cwnd":	9225208,
					"snd_wnd":	3145728,
					"rtt":	200099,
					"rttvar":	12,
					"pmtu":	1500,
					"omitted":	false,
					"sender":	true
				}],
			"sum":	{
				"start":	6.000154,
				"end":	7.000175,
				"seconds":	1.0000209808349609,
				"bytes":	14417920,
				"bits_per_second":	115340940.05077256,
				"retransmits":	0,
				"omitted":	false,
				"sender":	true
			}
		}, {
			"streams":	[{
					"socket":	6,
					"start":	7.000175,
					"end":	8.000156,
					"seconds":	0.99998098611831665,
					"bytes":	15728640,
					"bits_per_second":	125831512.54549158,
					"retransmits":	0,
					"snd_cwnd":	9225208,
					"snd_wnd":	3145728,
					"rtt":	200091,
					"rttvar":	4,
					"pmtu":	1500,
					"omitted":	false,
					"sender":	true
				}],
			"sum":	{
				"start":	7.000175,
				"end":	8.000156,
				"seconds":	0.99998098611831665,
				"bytes":	15728640,
				"bits_per_second":	125831512.54549158,
				"retransmits":	0,
				"omitted":	false,
				"sender":	true
			}
		}, {
			"streams":	[{
					"socket":	6,
					"start":	8.000156,
					"end":	9.00013,
					"seconds":	0.999974012374878,
					"bytes":	15728640,
					"bits_per_second":	125832390.08498174,
					"retransmits":	0,
					"snd_cwnd":	9225208,
					"snd_wnd":	3145728,
					"rtt":	200091,
					"rttvar":	7,
					"pmtu":	1500,
					"omitted":	false,
					"sender":	true
				}],
			"sum":	{
				"start":	8.000156,
				"end":	9.00013,
				"seconds":	0.999974012374878,
				"bytes":	15728640,
				"bits_per_second":	125832390.08498174,
				"retransmits":	0,
				"omitted":	false,
				"sender":	true
			}
		}, {
			"streams":	[{
					"socket":	6,
					"start":	9.00013,
					"end":	10.000152,
					"seconds":	1.0000220537185669,
					"bytes":	14417920,
					"bits_per_second":	115340816.30609791,
					"retransmits":	0,
					"snd_cwnd":	9225208,
					"snd_wnd":	3145728,
					"rtt":	200093,
					"rttvar":	3,
					"pmtu":	1500,
					"omitted":	false,
					"sender":	true
				}],
			"sum":	{
				"start":	9.00013,
				"end":	10.000152,
				"seconds":	1.0000220537185669,
				"bytes":	14417920,
				"bits_per_second":	115340816.30609791,
				"retransmits":	0,
				"omitted":	false,
				"sender":	true
			}
		}, {
			"streams":	[{
					"socket":	6,
					"start":	10.000152,
					"end":	11.000133,
					"seconds":	0.99998098611831665,
					"bytes":	15728640,
					"bits_per_second":	125831512.54549158,
					"retransmits":	0,
					"snd_cwnd":	9225208,
					"snd_wnd":	3145728,
					"rtt":	200094,
					"rttvar":	8,
					"pmtu":	1500,
					"omitted":	false,
					"sender":	true
				}],
			"sum":	{
				"start":	10.000152,
				"end":	11.000133,
				"seconds":	0.99998098611831665,
				"bytes":	15728640,
				"bits_per_second":	125831512.54549158,
				"retransmits":	0,
				"omitted":	false,
				"sender":	true
			}
		}, {
			"streams":	[{
					"socket":	6,
					"start":	11.000133,
					"end":	12.000312,
					"seconds":	1.0001790523529053,
					"bytes":	15728640,
					"bits_per_second":	125806594.03332734,
					"retransmits":	0,
					"snd_cwnd":	9225208,
					"snd_wnd":	3145728,
					"rtt":	200092,
					"rttvar":	7,
					"pmtu":	1500,
					"omitted":	false,
					"sender":	true
				}],
			"sum":	{
				"start":	11.000133,
				"end":	12.000312,
				"seconds":	1.0001790523529053,
				"bytes":	15728640,
				"bits_per_second":	125806594.03332734,
				"retransmits":	0,
				"omitted":	false,
				"sender":	true
			}
		}, {
			"streams":	[{
					"socket":	6,
					"start":	12.000312,
					"end":	13.000069,
					"seconds":	0.99975699186325073,
					"bytes":	7864320,
					"bits_per_second":	62929852.466193713,
					"retransmits":	0,
					"snd_cwnd":	9225208,
					"snd_wnd":	3145728,
					"rtt":	200095,
					"rttvar":	5,
					"pmtu":	1500,
					"omitted":	false,
					"sender":	true
				}],
			"sum":	{
				"start":	12.000312,
				"end":	13.000069,
				"seconds":	0.99975699186325073,
				"bytes":	7864320,
				"bits_per_second":	62929852.466193713,
				"retransmits":	0,
				"omitted":	false,
				"sender":	true
			}
		}, {
			"streams":	[{
					"socket":	6,
					"start":	13.000069,
					"end":	14.000074,
					"seconds":	1.0000050067901611,
					"bytes":	14417920,
					"bits_per_second":	115342782.50289141,
					"retransmits":	0,
					"snd_cwnd":	9225208,
					"snd_wnd":	3145728,
					"rtt":	200109,
					"rttvar":	20,
					"pmtu":	1500,
					"omitted":	false,
					"sender":	true
				}],
			"sum":	{
				"start":	13.000069,
				"end":	14.000074,
				"seconds":	1.0000050067901611,
				"bytes":	14417920,
				"bits_per_second":	115342782.50289141,
				"retransmits":	0,
				"omitted":	false,
				"sender":	true
			}
		}, {
			"streams":	[{
					"socket":	6,
					"start":	14.000074,
					"end":	15.000171,
					"seconds":	1.0000970363616943,
					"bytes":	14417920,
					"bits_per_second":	115332168.5859741,
					"retransmits":	0,
					"snd_cwnd":	9225208,
					"snd_wnd":	3145728,
					"rtt":	200106,
					"rttvar":	18,
					"pmtu":	1500,
					"omitted":	false,
					"sender":	true
				}],
			"sum":	{
				"start":	14.000074,
				"end":	15.000171,
				"seconds":	1.0000970363616943,
				"bytes":	14417920,
				"bits_per_second":	115332168.5859741,
				"retransmits":	0,
				"omitted":	false,
				"sender":	true
			}
		}, {
			"streams":	[{
					"socket":	6,
					"start":	15.000171,
					"end":	16.000079,
					"seconds":	0.9999079704284668,
					"bytes":	15728640,
					"bits_per_second":	125840701.06580052,
					"retransmits":	0,
					"snd_cwnd":	9225208,
					"snd_wnd":	3145728,
					"rtt":	200189,
					"rttvar":	35,
					"pmtu":	1500,
					"omitted":	false,
					"sender":	true
				}],
			"sum":	{
				"start":	15.000171,
				"end":	16.000079,
				"seconds":	0.9999079704284668,
				"bytes":	15728640,
				"bits_per_second":	125840701.06580052,
				"retransmits":	0,
				"omitted":	false,
				"sender":	true
			}
		}, {
			"streams":	[{
					"socket":	6,
					"start":	16.000079,
					"end":	17.000172,
					"seconds":	1.0000929832458496,
					"bytes":	14417920,
					"bits_per_second":	115332635.9971526,
					"retransmits":	0,
					"snd_cwnd":	9225208,
					"snd_wnd":	3145728,
					"rtt":	200151,
					"rttvar":	45,
					"pmtu":	1500,
					"omitted":	false,
					"sender":	true
				}],
			"sum":	{
				"start":	16.000079,
				"end":	17.000172,
				"seconds":	1.0000929832458496,
				"bytes":	14417920,
				"bits_per_second":	115332635.9971526,
				"retransmits":	0,
				"omitted":	false,
				"sender":	true
			}
		}, {
			"streams":	[{
					"socket":	6,
					"start":	17.000172,
					"end":	18.000181,
					"seconds":	1.0000089406967163,
					"bytes":	15728640,
					"bits_per_second":	125827995.01005819,
					"retransmits":	0,
					"snd_cwnd":	9225208,
					"snd_wnd":	3145728,
					"rtt":	200096,
					"rttvar":	5,
					"pmtu":	1500,
					"omitted":	false,
					"sender":	true
				}],
			"sum":	{
				"start":	17.000172,
				"end":	18.000181,
				"seconds":	1.0000089406967163,
				"bytes":	15728640,
				"bits_per_second":	125827995.01005819,
				"retransmits":	0,
				"omitted":	false,
				"sender":	true
			}
		}, {
			"streams":	[{
					"socket":	6,
					"start":	18.000181,
					"end":	19.000204,
					"seconds":	1.0000230073928833,
					"bytes":	14417920,
					"bits_per_second":	115340706.31105447,
					"retransmits":	0,
					"snd_cwnd":	9225208,
					"snd_wnd":	3145728,
					"rtt":	200096,
					"rttvar":	4,
					"pmtu":	1500,
					"omitted":	false,
					"sender":	true
				}],
			"sum":	{
				"start":	18.000181,
				"end":	19.000204,
				"seconds":	1.0000230073928833,
				"bytes":	14417920,
				"bits_per_second":	115340706.31105447,
				"retransmits":	0,
				"omitted":	false,
				"sender":	true
			}
		}, {
			"streams":	[{
					"socket":	6,
					"start":	19.000204,
					"end":	20.000387,
					"seconds":	1.0001829862594604,
					"bytes":	15728640,
					"bits_per_second":	125806099.2124878,
					"retransmits":	0,
					"snd_cwnd":	9225208,
					"snd_wnd":	3145728,
					"rtt":	200102,
					"rttvar":	13,
					"pmtu":	1500,
					"omitted":	false,
					"sender":	true
				}],
			"sum":	{
				"start":	19.000204,
				"end":	20.000387,
				"seconds":	1.0001829862594604,
				"bytes":	15728640,
				"bits_per_second":	125806099.2124878,
				"retransmits":	0,
				"omitted":	false,
				"sender":	true
			}
		}, {
			"streams":	[{
					"socket":	6,
					"start":	20.000387,
					"end":	21.000124,
					"seconds":	0.999737024307251,
					"bytes":	15728640,
					"bits_per_second":	125862218.70415466,
					"retransmits":	0,
					"snd_cwnd":	9225208,
					"snd_wnd":	3145728,
					"rtt":	200097,
					"rttvar":	7,
					"pmtu":	1500,
					"omitted":	false,
					"sender":	true
				}],
			"sum":	{
				"start":	20.000387,
				"end":	21.000124,
				"seconds":	0.999737024307251,
				"bytes":	15728640,
				"bits_per_second":	125862218.70415466,
				"retransmits":	0,
				"omitted":	false,
				"sender":	true
			}
		}, {
			"streams":	[{
					"socket":	6,
					"start":	21.000124,
					"end":	22.000182,
					"seconds":	1.0000580549240112,
					"bytes":	14417920,
					"bits_per_second":	115336664.13872772,
					"retransmits":	0,
					"snd_cwnd":	9225208,
					"snd_wnd":	3145728,
					"rtt":	200091,
					"rttvar":	14,
					"pmtu":	1500,
					"omitted":	false,
					"sender":	true
				}],
			"sum":	{
				"start":	21.000124,
				"end":	22.000182,
				"seconds":	1.0000580549240112,
				"bytes":	14417920,
				"bits_per_second":	115336664.13872772,
				"retransmits":	0,
				"omitted":	false,
				"sender":	true
			}
		}, {
			"streams":	[{
					"socket":	6,
					"start":	22.000182,
					"end":	23.000131,
					"seconds":	0.99994897842407227,
					"bytes":	15728640,
					"bits_per_second":	125835540.32757524,
					"retransmits":	0,
					"snd_cwnd":	9225208,
					"snd_wnd":	3145728,
					"rtt":	200113,
					"rttvar":	5,
					"pmtu":	1500,
					"omitted":	false,
					"sender":	true
				}],
			"sum":	{
				"start":	22.000182,
				"end":	23.000131,
				"seconds":	0.99994897842407227,
				"bytes":	15728640,
				"bits_per_second":	125835540.32757524,
				"retransmits":	0,
				"omitted":	false,
				"sender":	true
			}
		}, {
			"streams":	[{
					"socket":	6,
					"start":	23.000131,
					"end":	24.000108,
					"seconds":	0.9999769926071167,
					"bytes":	15728640,
					"bits_per_second":	125832015.06660794,
					"retransmits":	0,
					"snd_cwnd":	9225208,
					"snd_wnd":	3145728,
					"rtt":	200089,
					"rttvar":	3,
					"pmtu":	1500,
					"omitted":	false,
					"sender":	true
				}],
			"sum":	{
				"start":	23.000131,
				"end":	24.000108,
				"seconds":	0.9999769926071167,
				"bytes":	15728640,
				"bits_per_second":	125832015.06660794,
				"retransmits":	0,
				"omitted":	false,
				"sender":	true
			}
		}, {
			"streams":	[{
					"socket":	6,
					"start":	24.000108,
					"end":	25.000129,
					"seconds":	1.0000209808349609,
					"bytes":	14417920,
					"bits_per_second":	115340940.05077256,
					"retransmits":	0,
					"snd_cwnd":	9225208,
					"snd_wnd":	3145728,
					"rtt":	200103,
					"rttvar":	14,
					"pmtu":	1500,
					"omitted":	false,
					"sender":	true
				}],
			"sum":	{
				"start":	24.000108,
				"end":	25.000129,
				"seconds":	1.0000209808349609,
				"bytes":	14417920,
				"bits_per_second":	115340940.05077256,
				"retransmits":	0,
				"omitted":	false,
				"sender":	true
			}
		}, {
			"streams":	[{
					"socket":	6,
					"start":	25.000129,
					"end":	26.00014,
					"seconds":	1.0000109672546387,
					"bytes":	15728640,
					"bits_per_second":	125827740.01513465,
					"retransmits":	0,
					"snd_cwnd":	9225208,
					"snd_wnd":	3145728,
					"rtt":	200095,
					"rttvar":	5,
					"pmtu":	1500,
					"omitted":	false,
					"sender":	true
				}],
			"sum":	{
				"start":	25.000129,
				"end":	26.00014,
				"seconds":	1.0000109672546387,
				"bytes":	15728640,
				"bits_per_second":	125827740.01513465,
				"retransmits":	0,
				"omitted":	false,
				"sender":	true
			}
		}, {
			"streams":	[{
					"socket":	6,
					"start":	26.00014,
					"end":	27.000121,
					"seconds":	0.99998098611831665,
					"bytes":	15728640,
					"bits_per_second":	125831512.54549158,
					"retransmits":	0,
					"snd_cwnd":	9225208,
					"snd_wnd":	3145728,
					"rtt":	200104,
					"rttvar":	16,
					"pmtu":	1500,
					"omitted":	false,
					"sender":	true
				}],
			"sum":	{
				"start":	26.00014,
				"end":	27.000121,
				"seconds":	0.99998098611831665,
				"bytes":	15728640,
				"bits_per_second":	125831512.54549158,
				"retransmits":	0,
				"omitted":	false,
				"sender":	true
			}
		}, {
			"streams":	[{
					"socket":	6,
					"start":	27.000121,
					"end":	28.000098,
					"seconds":	0.9999769926071167,
					"bytes":	14417920,
					"bits_per_second":	115346013.81105727,
					"retransmits":	0,
					"snd_cwnd":	9225208,
					"snd_wnd":	3145728,
					"rtt":	200094,
					"rttvar":	5,
					"pmtu":	1500,
					"omitted":	false,
					"sender":	true
				}],
			"sum":	{
				"start":	27.000121,
				"end":	28.000098,
				"seconds":	0.9999769926071167,
				"bytes":	14417920,
				"bits_per_second":	115346013.81105727,
				"retransmits":	0,
				"omitted":	false,
				"sender":	true
			}
		}, {
			"streams":	[{
					"socket":	6,
					"start":	28.000098,
					"end":	29.000092,
					"seconds":	0.99999397993087769,
					"bytes":	15728640,
					"bits_per_second":	125829877.50456023,
					"retransmits":	0,
					"snd_cwnd":	9225208,
					"snd_wnd":	3145728,
					"rtt":	200098,
					"rttvar":	13,
					"pmtu":	1500,
					"omitted":	false,
					"sender":	true
				}],
			"sum":	{
				"start":	28.000098,
				"end":	29.000092,
				"seconds":	0.99999397993087769,
				"bytes":	15728640,
				"bits_per_second":	125829877.50456023,
				"retransmits":	0,
				"omitted":	false,
				"sender":	true
			}
		}, {
			"streams":	[{
					"socket":	6,
					"start":	29.000092,
					"end":	30.000072,
					"seconds":	0.99997997283935547,
					"bytes":	7864320,
					"bits_per_second":	62915820.025234729,
					"retransmits":	0,
					"snd_cwnd":	9225208,
					"snd_wnd":	3145728,
					"rtt":	200120,
					"rttvar":	41,
					"pmtu":	1500,
					"omitted":	false,
					"sender":	true
				}],
			"sum":	{
				"start":	29.000092,
				"end":	30.000072,
				"seconds":	0.99997997283935547,
				"bytes":	7864320,
				"bits_per_second":	62915820.025234729,
				"retransmits":	0,
				"omitted":	false,
				"sender":	true
			}
		}, {
			"streams":	[{
					"socket":	6,
					"start":	30.000072,
					"end":	31.000086,
					"seconds":	1.0000139474868774,
					"bytes":	14417920,
					"bits_per_second":	115341751.27243771,
					"retransmits":	0,
					"snd_cwnd":	9225208,
					"snd_wnd":	3145728,
					"rtt":	200125,
					"rttvar":	16,
					"pmtu":	1500,
					"omitted":	false,
					"sender":	true
				}],
			"sum":	{
				"start":	30.000072,
				"end":	31.000086,
				"seconds":	1.0000139474868774,
				"bytes":	14417920,
				"bits_per_second":	115341751.27243771,
				"retransmits":	0,
				"omitted":	false,
				"sender":	true
			}
		}, {
			"streams":	[{
					"socket":	6,
					"start":	31.000086,
					"end":	32.00018,
					"seconds":	1.0000940561294556,
					"bytes":	14417920,
					"bits_per_second":	115332512.27029547,
					"retransmits":	0,
					"snd_cwnd":	9225208,
					"snd_wnd":	3145728,
					"rtt":	200105,
					"rttvar":	22,
					"pmtu":	1500,
					"omitted":	false,
					"sender":	true
				}],
			"sum":	{
				"start":	31.000086,
				"end":	32.00018,
				"seconds":	1.0000940561294556,
				"bytes":	14417920,
				"bits_per_second":	115332512.27029547,
				"retransmits":	0,
				"omitted":	false,
				"sender":	true
			}
		}, {
			"streams":	[{
					"socket":	6,
					"start":	32.00018,
					"end":	33.000154,
					"seconds":	0.999974012374878,
					"bytes":	15728640,
					"bits_per_second":	125832390.08498174,
					"retransmits":	0,
					"snd_cwnd":	9225208,
					"snd_wnd":	3145728,
					"rtt":	200148,
					"rttvar":	15,
					"pmtu":	1500,
					"omitted":	false,
					"sender":	true
				}],
			"sum":	{
				"start":	32.00018,
				"end":	33.000154,
				"seconds":	0.999974012374878,
				"bytes":	15728640,
				"bits_per_second":	125832390.08498174,
				"retransmits":	0,
				"omitted":	false,
				"sender":	true
			}
		}, {
			"streams":	[{
					"socket":	6,
					"start":	33.000154,
					"end":	34.00019,
					"seconds":	1.0000360012054443,
					"bytes":	14417920,
					"bits_per_second":	115339207.64948963,
					"retransmits":	0,
					"snd_cwnd":	9225208,
					"snd_wnd":	3145728,
					"rtt":	200179,
					"rttvar":	75,
					"pmtu":	1500,
					"omitted":	false,
					"sender":	true
				}],
			"sum":	{
				"start":	33.000154,
				"end":	34.00019,
				"seconds":	1.0000360012054443,
				"bytes":	14417920,
				"bits_per_second":	115339207.64948963,
				"retransmits":	0,
				"omitted":	false,
				"sender":	true
			}
		}, {
			"streams":	[{
					"socket":	6,
					"start":	34.00019,
					"end":	35.000479,
					"seconds":	1.0002889633178711,
					"bytes":	15728640,
					"bits_per_second":	125792770.50367106,
					"retransmits":	0,
					"snd_cwnd":	9225208,
					"snd_wnd":	3145728,
					"rtt":	200124,
					"rttvar":	13,
					"pmtu":	1500,
					"omitted":	false,
					"sender":	true
				}],
			"sum":	{
				"start":	34.00019,
				"end":	35.000479,
				"seconds":	1.0002889633178711,
				"bytes":	15728640,
				"bits_per_second":	125792770.50367106,
				"retransmits":	0,
				"omitted":	false,
				"sender":	true
			}
		}, {
			"streams":	[{
					"socket":	6,
					"start":	35.000479,
					"end":	36.000171,
					"seconds":	0.99969202280044556,
					"bytes":	15728640,
					"bits_per_second":	125867884.43856323,
					"retransmits":	0,
					"snd_cwnd":	9225208,
					"snd_wnd":	3145728,
					"rtt":	200091,
					"rttvar":	6,
					"pmtu":	1500,
					"omitted":	false,
					"sender":	true
				}],
			"sum":	{
				"start":	35.000479,
				"end":	36.000171,
				"seconds":	0.99969202280044556,
				"bytes":	15728640,
				"bits_per_second":	125867884.43856323,
				"retransmits":	0,
				"omitted":	false,
				"sender":	true
			}
		}, {
			"streams":	[{
					"socket":	6,
					"start":	36.000171,
					"end":	37.000559,
					"seconds":	1.0003880262374878,
					"bytes":	14417920,
					"bits_per_second":	115298621.10986321,
					"retransmits":	0,
					"snd_cwnd":	9225208,
					"snd_wnd":	3145728,
					"rtt":	200088,
					"rttvar":	4,
					"pmtu":	1500,
					"omitted":	false,
					"sender":	true
				}],
			"sum":	{
				"start":	36.000171,
				"end":	37.000559,
				"seconds":	1.0003880262374878,
				"bytes":	14417920,
				"bits_per_second":	115298621.10986321,
				"retransmits":	0,
				"omitted":	false,
				"sender":	true
			}
		}, {
			"streams":	[{
					"socket":	6,
					"start":	37.000559,
					"end":	38.000473,
					"seconds":	0.999913990497589,
					"bytes":	15728640,
					"bits_per_second":	125839943.4309179,
					"retransmits":	0,
					"snd_cwnd":	9225208,
					"snd_wnd":	3145728,
					"rtt":	200088,
					"rttvar":	5,
					"pmtu":	1500,
					"omitted":	false,
					"sender":	true
				}],
			"sum":	{
				"start":	37.000559,
				"end":	38.000473,
				"seconds":	0.999913990497589,
				"bytes":	15728640,
				"bits_per_second":	125839943.4309179,
				"retransmits":	0,
				"omitted":	false,
				"sender":	true
			}
		}, {
			"streams":	[{
					"socket":	6,
					"start":	38.000473,
					"end":	39.000149,
					"seconds":	0.999675989151001,
					"bytes":	15728640,
					"bits_per_second":	125869903.21420386,
					"retransmits":	0,
					"snd_cwnd":	9225208,
					"snd_wnd":	3145728,
					"rtt":	200090,
					"rttvar":	3,
					"pmtu":	1500,
					"omitted":	false,
					"sender":	true
				}],
			"sum":	{
				"start":	38.000473,
				"end":	39.000149,
				"seconds":	0.999675989151001,
				"bytes":	15728640,
				"bits_per_second":	125869903.21420386,
				"retransmits":	0,
				"omitted":	false,
				"sender":	true
			}
		}, {
			"streams":	[{
					"socket":	6,
					"start":	39.000149,
					"end":	40.000168,
					"seconds":	1.0000189542770386,
					"bytes":	14417920,
					"bits_per_second":	115341173.791438,
					"retransmits":	0,
					"snd_cwnd":	9225208,
					"snd_wnd":	3145728,
					"rtt":	200093,
					"rttvar":	6,
					"pmtu":	1500,
					"omitted":	false,
					"sender":	true
				}],
			"sum":	{
				"start":	39.000149,
				"end":	40.000168,
				"seconds":	1.0000189542770386,
				"bytes":	14417920,
				"bits_per_second":	115341173.791438,
				"retransmits":	0,
				"omitted":	false,
				"sender":	true
			}
		}, {
			"streams":	[{
					"socket":	6,
					"start":	40.000168,
					"end":	41.000149,
					"seconds":	0.99998098611831665,
					"bytes":	15728640,
					"bits_per_second":	125831512.54549158,
					"retransmits":	0,
					"snd_cwnd":	9225208,
					"snd_wnd":	3145728,
					"rtt":	200087,
					"rttvar":	4,
					"pmtu":	1500,
					"omitted":	false,
					"sender":	true
				}],
			"sum":	{
				"start":	40.000168,
				"end":	41.000149,
				"seconds":	0.99998098611831665,
				"bytes":	15728640,
				"bits_per_second":	125831512.54549158,
				"retransmits":	0,
				"omitted":	false,
				"sender":	true
			}
		}, {
			"streams":	[{
					"socket":	6,
					"start":	41.000149,
					"end":	42.000108,
					"seconds":	0.99995899200439453,
					"bytes":	15728640,
					"bits_per_second":	125834280.21160993,
					"retransmits":	0,
					"snd_cwnd":	5792,
					"snd_wnd":	3145728,
					"rtt":	200093,
					"rttvar":	4,
					"pmtu":	1500,
					"omitted":	false,
					"sender":	true
				}],
			"sum":	{
				"start":	41.000149,
				"end":	42.000108,
				"seconds":	0.99995899200439453,
				"bytes":	15728640,
				"bits_per_second":	125834280.21160993,
				"retransmits":	0,
				"omitted":	false,
				"sender":	true
			}
		}, {
			"streams":	[{
					"socket":	6,
					"start":	42.000108,
					"end":	43.000077,
					"seconds":	0.9999690055847168,
					"bytes":	10485760,
					"bits_per_second":	83888680.080588,
					"retransmits":	0,
					"snd_cwnd":	9225208,
					"snd_wnd":	3145728,
					"rtt":	200093,
					"rttvar":	7,
					"pmtu":	1500,
					"omitted":	false,
					"sender":	true
				}],
			"sum":	{
				"start":	42.000108,
				"end":	43.000077,
				"seconds":	0.9999690055847168,
				"bytes":	10485760,
				"bits_per_second":	83888680.080588,
				"retransmits":	0,
				"omitted":	false,
				"sender":	true
			}
		}, {
			"streams":	[{
					"socket":	6,
					"start":	43.000077,
					"end":	44.000073,
					"seconds":	0.9999960064888,
					"bytes":	15728640,
					"bits_per_second":	125829622.50200675,
					"retransmits":	0,
					"snd_cwnd":	9225208,
					"snd_wnd":	3145728,
					"rtt":	200095,
					"rttvar":	8,
					"pmtu":	1500,
					"omitted":	false,
					"sender":	true
				}],
			"sum":	{
				"start":	43.000077,
				"end":	44.000073,
				"seconds":	0.9999960064888,
				"bytes":	15728640,
				"bits_per_second":	125829622.50200675,
				"retransmits":	0,
				"omitted":	false,
				"sender":	true
			}
		}, {
			"streams":	[{
					"socket":	6,
					"start":	44.000073,
					"end":	45.000077,
					"seconds":	1.0000040531158447,
					"bytes":	14417920,
					"bits_per_second":	115342892.50189482,
					"retransmits":	0,
					"snd_cwnd":	9225208,
					"snd_wnd":	3145728,
					"rtt":	200098,
					"rttvar":	8,
					"pmtu":	1500,
					"omitted":	false,
					"sender":	true
				}],
			"sum":	{
				"start":	44.000073,
				"end":	45.000077,
				"seconds":	1.0000040531158447,
				"bytes":	14417920,
				"bits_per_second":	115342892.50189482,
				"retransmits":	0,
				"omitted":	false,
				"sender":	true
			}
		}, {
			"streams":	[{
					"socket":	6,
					"start":	45.000077,
					"end":	46.000079,
					"seconds":	1.0000020265579224,
					"bytes":	15728640,
					"bits_per_second":	125828865.00051677,
					"retransmits":	0,
					"snd_cwnd":	9225208,
					"snd_wnd":	3145728,
					"rtt":	200125,
					"rttvar":	6,
					"pmtu":	1500,
					"omitted":	false,
					"sender":	true
				}],
			"sum":	{
				"start":	45.000077,
				"end":	46.000079,
				"seconds":	1.0000020265579224,
				"bytes":	15728640,
				"bits_per_second":	125828865.00051677,
				"retransmits":	0,
				"omitted":	false,
				"sender":	true
			}
		}, {
			"streams":	[{
					"socket":	6,
					"start":	46.000079,
					"end":	47.000077,
					"seconds":	0.99999797344207764,
					"bytes":	14417920,
					"bits_per_second":	115343593.75047371,
					"retransmits":	0,
					"snd_cwnd":	9225208,
					"snd_wnd":	3145728,
					"rtt":	200094,
					"rttvar":	12,
					"pmtu":	1500,
					"omitted":	false,
					"sender":	true
				}],
			"sum":	{
				"start":	46.000079,
				"end":	47.000077,
				"seconds":	0.99999797344207764,
				"bytes":	14417920,
				"bits_per_second":	115343593.75047371,
				"retransmits":	0,
				"omitted":	false,
				"sender":	true
			}
		}, {
			"streams":	[{
					"socket":	6,
					"start":	47.000077,
					"end":	48.000071,
					"seconds":	0.99999397993087769,
					"bytes":	15728640,
					"bits_per_second":	125829877.50456023,
					"retransmits":	0,
					"snd_cwnd":	9225208,
					"snd_wnd":	3145728,
					"rtt":	200102,
					"rttvar":	29,
					"pmtu":	1500,
					"omitted":	false,
					"sender":	true
				}],
			"sum":	{
				"start":	47.000077,
				"end":	48.000071,
				"seconds":	0.99999397993087769,
				"bytes":	15728640,
				"bits_per_second":	125829877.50456023,
				"retransmits":	0,
				"omitted":	false,
				"sender":	true
			}
		}, {
			"streams":	[{
					"socket":	6,
					"start":	48.000071,
					"end":	49.000078,
					"seconds":	1.0000070333480835,
					"bytes":	14417920,
					"bits_per_second":	115342548.75570576,
					"retransmits":	0,
					"snd_cwnd":	9225208,
					"snd_wnd":	3145728,
					"rtt":	200099,
					"rttvar":	10,
					"pmtu":	1500,
					"omitted":	false,
					"sender":	true
				}],
			"sum":	{
				"start":	48.000071,
				"end":	49.000078,
				"seconds":	1.0000070333480835,
				"bytes":	14417920,
				"bits_per_second":	115342548.75570576,
				"retransmits":	0,
				"omitted":	false,
				"sender":	true
			}
		}, {
			"streams":	[{
					"socket":	6,
					"start":	49.000078,
					"end":	50.000062,
					"seconds":	0.9999840259552002,
					"bytes":	15728640,
					"bits_per_second":	125831130.03210834,
					"retransmits":	0,
					"snd_cwnd":	9225208,
					"snd_wnd":	3145728,
					"rtt":	200099,
					"rttvar":	12,
					"pmtu":	1500,
					"omitted":	false,
					"sender":	true
				}],
			"sum":	{
				"start":	49.000078,
				"end":	50.000062,
				"seconds":	0.9999840259552002,
				"bytes":	15728640,
				"bits_per_second":	125831130.03210834,
				"retransmits":	0,
				"omitted":	false,
				"sender":	true
			}
		}, {
			"streams":	[{
					"socket":	6,
					"start":	50.000062,
					"end":	51.000189,
					"seconds":	1.0001269578933716,
					"bytes":	14417920,
					"bits_per_second":	115328718.10890365,
					"retransmits":	0,
					"snd_cwnd":	9225208,
					"snd_wnd":	3145728,
					"rtt":	200113,
					"rttvar":	19,
					"pmtu":	1500,
					"omitted":	false,
					"sender":	true
				}],
			"sum":	{
				"start":	50.000062,
				"end":	51.000189,
				"seconds":	1.0001269578933716,
				"bytes":	14417920,
				"bits_per_second":	115328718.10890365,
				"retransmits":	0,
				"omitted":	false,
				"sender":	true
			}
		}, {
			"streams":	[{
					"socket":	6,
					"start":	51.000189,
					"end":	52.000146,
					"seconds":	0.999957025051117,
					"bytes":	15728640,
					"bits_per_second":	125834527.732397,
					"retransmits":	0,
					"snd_cwnd":	9225208,
					"snd_wnd":	3145728,
					"rtt":	200099,
					"rttvar":	4,
					"pmtu":	1500,
					"omitted":	false,
					"sender":	true
				}],
			"sum":	{
				"start":	51.000189,
				"end":	52.000146,
				"seconds":	0.999957025051117,
				"bytes":	15728640,
				"bits_per_second":	125834527.732397,
				"retransmits":	0,
				"omitted":	false,
				"sender":	true
			}
		}, {
			"streams":	[{
					"socket":	6,
					"start":	52.000146,
					"end":	53.0002,
					"seconds":	1.0000540018081665,
					"bytes":	14417920,
					"bits_per_second":	115337131.5863456,
					"retransmits":	0,
					"snd_cwnd":	9225208,
					"snd_wnd":	3145728,
					"rtt":	200098,
					"rttvar":	10,
					"pmtu":	1500,
					"omitted":	false,
					"sender":	true
				}],
			"sum":	{
				"start":	52.000146,
				"end":	53.0002,
				"seconds":	1.0000540018081665,
				"bytes":	14417920,
				"bits_per_second":	115337131.5863456,
				"retransmits":	0,
				"omitted":	false,
				"sender":	true
			}
		}, {
			"streams":	[{
					"socket":	6,
					"start":	53.0002,
					"end":	54.000144,
					"seconds":	0.999943971633911,
					"bytes":	15728640,
					"bits_per_second":	125836170.39502211,
					"retransmits":	0,
					"snd_cwnd":	9225208,
					"snd_wnd":	3145728,
					"rtt":	200096,
					"rttvar":	13,
					"pmtu":	1500,
					"omitted":	false,
					"sender":	true
				}],
			"sum":	{
				"start":	53.0002,
				"end":	54.000144,
				"seconds":	0.999943971633911,
				"bytes":	15728640,
				"bits_per_second":	125836170.39502211,
				"retransmits":	0,
				"omitted":	false,
				"sender":	true
			}
		}, {
			"streams":	[{
					"socket":	6,
					"start":	54.000144,
					"end":	55.000388,
					"seconds":	1.0002440214157104,
					"bytes":	11796480,
					"bits_per_second":	94348816.868137226,
					"retransmits":	0,
					"snd_cwnd":	5792,
					"snd_wnd":	3145728,
					"rtt":	200112,
					"rttvar":	37,
					"pmtu":	1500,
					"omitted":	false,
					"sender":	true
				}],
			"sum":	{
				"start":	54.000144,
				"end":	55.000388,
				"seconds":	1.0002440214157104,
				"bytes":	11796480,
				"bits_per_second":	94348816.868137226,
				"retransmits":	0,
				"omitted":	false,
				"sender":	true
			}
		}, {
			"streams":	[{
					"socket":	6,
					"start":	55.000388,
					"end":	56.000067,
					"seconds":	0.99967902898788452,
					"bytes":	13107200,
					"bits_per_second":	104891267.05614908,
					"retransmits":	0,
					"snd_cwnd":	9225208,
					"snd_wnd":	3145728,
					"rtt":	200088,
					"rttvar":	2,
					"pmtu":	1500,
					"omitted":	false,
					"sender":	true
				}],
			"sum":	{
				"start":	55.000388,
				"end":	56.000067,
				"seconds":	0.99967902898788452,
				"bytes":	13107200,
				"bits_per_second":	104891267.05614908,
				"retransmits":	0,
				"omitted":	false,
				"sender":	true
			}
		}, {
			"streams":	[{
					"socket":	6,
					"start":	56.000067,
					"end":	57.000073,
					"seconds":	1.0000059604644775,
					"bytes":	14417920,
					"bits_per_second":	115342672.50409779,
					"retransmits":	0,
					"snd_cwnd":	9225208,
					"snd_wnd":	3145728,
					"rtt":	200089,
					"rttvar":	5,
					"pmtu":	1500,
					"omitted":	false,
					"sender":	true
				}],
			"sum":	{
				"start":	56.000067,
				"end":	57.000073,
				"seconds":	1.0000059604644775,
				"bytes":	14417920,
				"bits_per_second":	115342672.50409779,
				"retransmits":	0,
				"omitted":	false,
				"sender":	true
			}
		}, {
			"streams":	[{
					"socket":	6,
					"start":	57.000073,
					"end":	58.00003,
					"seconds":	0.999957025051117,
					"bytes":	15728640,
					"bits_per_second":	125834527.732397,
					"retransmits":	0,
					"snd_cwnd":	9225208,
					"snd_wnd":	3145728,
					"rtt":	200088,
					"rttvar":	2,
					"pmtu":	1500,
					"omitted":	false,
					"sender":	true
				}],
			"sum":	{
				"start":	57.000073,
				"end":	58.00003,
				"seconds":	0.999957025051117,
				"bytes":	15728640,
				"bits_per_second":	125834527.732397,
				"retransmits":	0,
				"omitted":	false,
				"sender":	true
			}
		}, {
			"streams":	[{
					"socket":	6,
					"start":	58.00003,
					"end":	59.000072,
					"seconds":	1.0000419616699219,
					"bytes":	14417920,
					"bits_per_second":	115338520.20308596,
					"retransmits":	0,
					"snd_cwnd":	9225208,
					"snd_wnd":	3145728,
					"rtt":	200103,
					"rttvar":	3,
					"pmtu":	1500,
					"omitted":	false,
					"sender":	true
				}],
			"sum":	{
				"start":	58.00003,
				"end":	59.000072,
				"seconds":	1.0000419616699219,
				"bytes":	14417920,
				"bits_per_second":	115338520.20308596,
				"retransmits":	0,
				"omitted":	false,
				"sender":	true
			}
		}, {
			"streams":	[{
					"socket":	6,
					"start":	59.000072,
					"end":	60.000082,
					"seconds":	1.0000100135803223,
					"bytes":	14417920,
					"bits_per_second":	115342205.01156557,
					"retransmits":	0,
					"snd_cwnd":	9225208,
					"snd_wnd":	3145728,
					"rtt":	200092,
					"rttvar":	6,
					"pmtu":	1500,
					"omitted":	false,
					"sender":	true
				}],
			"sum":	{
				"start":	59.000072,
				"end":	60.000082,
				"seconds":	1.0000100135803223,
				"bytes":	14417920,
				"bits_per_second":	115342205.01156557,
				"retransmits":	0,
				"omitted":	false,
				"sender":	true
			}
		}],
	"end":	{
		"streams":	[{
				"sender":	{
					"socket":	6,
					"start":	0,
					"end":	60.000082,
					"seconds":	60.000082,
					"bytes":	861274112,
					"bits_per_second":	114836391.32359852,
					"retransmits":	15,
					"max_snd_cwnd":	9225208,
					"max_snd_wnd":	3145728,
					"max_rtt":	200189,
					"min_rtt":	200087,
					"mean_rtt":	200103,
					"sender":	true
				},
				"receiver":	{
					"socket":	6,
					"start":	0,
					"end":	60.200231,
					"seconds":	60.000082,
					"bytes":	861273552,
					"bits_per_second":	114454517.89047122,
					"sender":	true
				}
			}],
		"sum_sent":	{
			"start":	0,
			"end":	60.000082,
			"seconds":	60.000082,
			"bytes":	861274112,
			"bits_per_second":	114836391.32359852,
			"retransmits":	15,
			"sender":	true
		},
		"sum_received":	{
			"start":	0,
			"end":	60.200231,
			"seconds":	60.200231,
			"bytes":	861273552,
			"bits_per_second":	114454517.89047122,
			"sender":	true
		},
		"cpu_utilization_percent":	{
			"host_total":	0.507817568951098,
			"host_user":	0.0540079586001482,
			"host_system":	0.45380796567226656,
			"remote_total":	1.1406016703088169,
			"remote_user":	0.053825362338641644,
			"remote_system":	1.0867746468473674
		},
		"sender_tcp_congestion":	"bbr",
		"receiver_tcp_congestion":	"bbr"
	}
}
