{
	"start":	{
		"connected":	[{
				"socket":	6,
				"local_host":	"192.168.101.210",
				"local_port":	37110,
				"remote_host":	"192.168.100.168",
				"remote_port":	5202
			}],
		"version":	"iperf 3.11",
		"system_info":	"Linux f1 6.0.10-300.fc37.x86_64 #1 SMP PREEMPT_DYNAMIC Sat Nov 26 16:55:13 UTC 2022 x86_64",
		"timestamp":	{
			"time":	"Fri, 09 Dec 2022 22:54:55 GMT",
			"timesecs":	1670626495
		},
		"connecting_to":	{
			"host":	"192.168.100.168",
			"port":	5202
		},
		"cookie":	"hzbvctfvsz42ulyxnmtqptpa46ihwd356vzs",
		"tcp_mss_default":	1448,
		"target_bitrate":	0,
		"sock_bufsize":	0,
		"sndbuf_actual":	16384,
		"rcvbuf_actual":	131072,
		"test_start":	{
			"protocol":	"TCP",
			"num_streams":	1,
			"blksize":	131072,
			"omit":	0,
			"duration":	10,
			"bytes":	0,
			"blocks":	0,
			"reverse":	0,
			"tos":	0,
			"target_bitrate":	0
		}
	},
	"intervals":	[{
			"streams":	[{
					"socket":	6,
					"start":	0,
					"end":	1.000068,
					"seconds":	1.0000679492950439,
					"bytes":	1998240,
					"bits_per_second":	15984833.841809055,
					"retransmits":	0,
					"snd_cwnd":	209960,
					"snd_wnd":	342144,
					"rtt":	205966,
					"rttvar":	9047,
					"pmtu":	1500,
					"omitted":	false,
					"sender":	true
				}],
			"sum":	{
				"start":	0,
				"end":	1.000068,
				"seconds":	1.0000679492950439,
				"bytes":	1998240,
				"bits_per_second":	15984833.841809055,
				"retransmits":	0,
				"omitted":	false,
				"sender":	true
			}
		}, {
			"streams":	[{
					"socket":	6,
					"start":	1.000068,
					"end":	2.000269,
					"seconds":	1.0002009868621826,
					"bytes":	2150280,
					"bits_per_second":	17198783.2705171,
					"retransmits":	0,
					"snd_cwnd":	447432,
					"snd_wnd":	1322624,
					"rtt":	496830,
					"rttvar":	7148,
					"pmtu":	1500,
					"omitted":	false,
					"sender":	true
				}],
			"sum":	{
				"start":	1.000068,
				"end":	2.000269,
				"seconds":	1.0002009868621826,
				"bytes":	2150280,
				"bits_per_second":	17198783.2705171,
				"retransmits":	0,
				"omitted":	false,
				"sender":	true
			}
		}, {
			"streams":	[{
					"socket":	6,
					"start":	2.000269,
					"end":	3.000081,
					"seconds":	0.99981200695037842,
					"bytes":	1225432,
					"bits_per_second":	9805299.3281231467,
					"retransmits":	0,
					"snd_cwnd":	464808,
					"snd_wnd":	1690240,
					"rtt":	587754,
					"rttvar":	1405,
					"pmtu":	1500,
					"omitted":	false,
					"sender":	true
				}],
			"sum":	{
				"start":	2.000269,
				"end":	3.000081,
				"seconds":	0.99981200695037842,
				"bytes":	1225432,
				"bits_per_second":	9805299.3281231467,
				"retransmits":	0,
				"omitted":	false,
				"sender":	true
			}
		}, {
			"streams":	[{
					"socket":	6,
					"start":	3.000081,
					"end":	4.001039,
					"seconds":	1.00095796585083,
					"bytes":	0,
					"bits_per_second":	0,
					"retransmits":	0,
					"snd_cwnd":	532864,
					"snd_wnd":	1690240,
					"rtt":	611621,
					"rttvar":	339,
					"pmtu":	1500,
					"omitted":	false,
					"sender":	true
				}],
			"sum":	{
				"start":	3.000081,
				"end":	4.001039,
				"seconds":	1.00095796585083,
				"bytes":	0,
				"bits_per_second":	0,
				"retransmits":	0,
				"omitted":	false,
				"sender":	true
			}
		}, {
			"streams":	[{
					"socket":	6,
					"start":	4.001039,
					"end":	5.000305,
					"seconds":	0.999266028404236,
					"bytes":	1310720,
					"bits_per_second":	10493461.90297802,
					"retransmits":	0,
					"snd_cwnd":	393856,
					"snd_wnd":	1690240,
					"rtt":	521387,
					"rttvar":	2091,
					"pmtu":	1500,
					"omitted":	false,
					"sender":	true
				}],
			"sum":	{
				"start":	4.001039,
				"end":	5.000305,
				"seconds":	0.999266028404236,
				"bytes":	1310720,
				"bits_per_second":	10493461.90297802,
				"retransmits":	0,
				"omitted":	false,
				"sender":	true
			}
		}, {
			"streams":	[{
					"socket":	6,
					"start":	5.000305,
					"end":	6.001033,
					"seconds":	1.0007280111312866,
					"bytes":	0,
					"bits_per_second":	0,
					"retransmits":	0,
					"snd_cwnd":	396752,
					"snd_wnd":	1690240,
					"rtt":	596976,
					"rttvar":	590,
					"pmtu":	1500,
					"omitted":	false,
					"sender":	true
				}],
			"sum":	{
				"start":	5.000305,
				"end":	6.001033,
				"seconds":	1.0007280111312866,
				"bytes":	0,
				"bits_per_second":	0,
				"retransmits":	0,
				"omitted":	false,
				"sender":	true
			}
		}, {
			"streams":	[{
					"socket":	6,
					"start":	6.001033,
					"end":	7.000237,
					"seconds":	0.99920397996902466,
					"bytes":	1310720,
					"bits_per_second":	10494113.524572888,
					"retransmits":	0,
					"snd_cwnd":	393856,
					"snd_wnd":	1690240,
					"rtt":	614671,
					"rttvar":	5603,
					"pmtu":	1500,
					"omitted":	false,
					"sender":	true
				}],
			"sum":	{
				"start":	6.001033,
				"end":	7.000237,
				"seconds":	0.99920397996902466,
				"bytes":	1310720,
				"bits_per_second":	10494113.524572888,
				"retransmits":	0,
				"omitted":	false,
				"sender":	true
			}
		}, {
			"streams":	[{
					"socket":	6,
					"start":	7.000237,
					"end":	8.001033,
					"seconds":	1.0007959604263306,
					"bytes":	0,
					"bits_per_second":	0,
					"retransmits":	0,
					"snd_cwnd":	393856,
					"snd_wnd":	1690240,
					"rtt":	641880,
					"rttvar":	428,
					"pmtu":	1500,
					"omitted":	false,
					"sender":	true
				}],
			"sum":	{
				"start":	7.000237,
				"end":	8.001033,
				"seconds":	1.0007959604263306,
				"bytes":	0,
				"bits_per_second":	0,
				"retransmits":	0,
				"omitted":	false,
				"sender":	true
			}
		}, {
			"streams":	[{
					"socket":	6,
					"start":	8.001033,
					"end":	9.000117,
					"seconds":	0.9990839958190918,
					"bytes":	1310720,
					"bits_per_second":	10495373.806286752,
					"retransmits":	0,
					"snd_cwnd":	333040,
					"snd_wnd":	1690240,
					"rtt":	676557,
					"rttvar":	2266,
					"pmtu":	1500,
					"omitted":	false,
					"sender":	true
				}],
			"sum":	{
				"start":	8.001033,
				"end":	9.000117,
				"seconds":	0.9990839958190918,
				"bytes":	1310720,
				"bits_per_second":	10495373.806286752,
				"retransmits":	0,
				"omitted":	false,
				"sender":	true
			}
		}, {
			"streams":	[{
					"socket":	6,
					"start":	9.000117,
					"end":	10.001043,
					"seconds":	1.0009260177612305,
					"bytes":	0,
					"bits_per_second":	0,
					"retransmits":	0,
					"snd_cwnd":	286704,
					"snd_wnd":	1690240,
					"rtt":	697794,
					"rttvar":	2388,
					"pmtu":	1500,
					"omitted":	false,
					"sender":	true
				}],
			"sum":	{
				"start":	9.000117,
				"end":	10.001043,
				"seconds":	1.0009260177612305,
				"bytes":	0,
				"bits_per_second":	0,
				"retransmits":	0,
				"omitted":	false,
				"sender":	true
			}
		}],
	"end":	{
		"streams":	[{
				"sender":	{
					"socket":	6,
					"start":	0,
					"end":	10.001043,
					"seconds":	10.001043,
					"bytes":	9306112,
					"bits_per_second":	7444113.1789954314,
					"retransmits":	0,
					"max_snd_cwnd":	532864,
					"max_snd_wnd":	1690240,
					"max_rtt":	697794,
					"min_rtt":	205966,
					"mean_rtt":	565143,
					"sender":	true
				},
				"receiver":	{
					"socket":	6,
					"start":	0,
					"end":	10.72921,
					"seconds":	10.001043,
					"bytes":	6229296,
					"bits_per_second":	4644737.8697965648,
					"sender":	true
				}
			}],
		"sum_sent":	{
			"start":	0,
			"end":	10.001043,
			"seconds":	10.001043,
			"bytes":	9306112,
			"bits_per_second":	7444113.1789954314,
			"retransmits":	0,
			"sender":	true
		},
		"sum_received":	{
			"start":	0,
			"end":	10.72921,
			"seconds":	10.72921,
			"bytes":	6229296,
			"bits_per_second":	4644737.8697965648,
			"sender":	true
		},
		"cpu_utilization_percent":	{
			"host_total":	1.875590478583181,
			"host_user":	0.30743302725490845,
			"host_system":	1.5681574513282726,
			"remote_total":	0.595299620596802,
			"remote_user":	0.0768555474541064,
			"remote_system":	0.51844407314269569
		},
		"sender_tcp_congestion":	"bbr",
		"receiver_tcp_congestion":	"bbr"
	}
}
