{
	"start":	{
		"connected":	[{
				"socket":	6,
				"local_host":	"192.168.101.210",
				"local_port":	52796,
				"remote_host":	"192.168.100.168",
				"remote_port":	5201
			}],
		"version":	"iperf 3.11",
		"system_info":	"Linux f1 6.0.10-300.fc37.x86_64 #1 SMP PREEMPT_DYNAMIC Sat Nov 26 16:55:13 UTC 2022 x86_64",
		"timestamp":	{
			"time":	"Fri, 09 Dec 2022 23:16:20 GMT",
			"timesecs":	1670627780
		},
		"connecting_to":	{
			"host":	"192.168.100.168",
			"port":	5201
		},
		"cookie":	"wfzwjpyn3mklzm5iiawjahofbq2ofablypko",
		"tcp_mss_default":	1448,
		"target_bitrate":	0,
		"sock_bufsize":	0,
		"sndbuf_actual":	16384,
		"rcvbuf_actual":	131072,
		"test_start":	{
			"protocol":	"TCP",
			"num_streams":	1,
			"blksize":	131072,
			"omit":	0,
			"duration":	10,
			"bytes":	0,
			"blocks":	0,
			"reverse":	0,
			"tos":	0,
			"target_bitrate":	0
		}
	},
	"intervals":	[{
			"streams":	[{
					"socket":	6,
					"start":	0,
					"end":	1.000119,
					"seconds":	1.0001189708709717,
					"bytes":	3919736,
					"bits_per_second":	31354157.768541694,
					"retransmits":	90,
					"snd_cwnd":	314216,
					"snd_wnd":	2408960,
					"rtt":	100150,
					"rttvar":	163,
					"pmtu":	1500,
					"omitted":	false,
					"sender":	true
				}],
			"sum":	{
				"start":	0,
				"end":	1.000119,
				"seconds":	1.0001189708709717,
				"bytes":	3919736,
				"bits_per_second":	31354157.768541694,
				"retransmits":	90,
				"omitted":	false,
				"sender":	true
			}
		}, {
			"streams":	[{
					"socket":	6,
					"start":	1.000119,
					"end":	2.00069,
					"seconds":	1.0005710124969482,
					"bytes":	847080,
					"bits_per_second":	6772772.66217091,
					"retransmits":	116,
					"snd_cwnd":	78192,
					"snd_wnd":	2394240,
					"rtt":	104788,
					"rttvar":	738,
					"pmtu":	1500,
					"omitted":	false,
					"sender":	true
				}],
			"sum":	{
				"start":	1.000119,
				"end":	2.00069,
				"seconds":	1.0005710124969482,
				"bytes":	847080,
				"bits_per_second":	6772772.66217091,
				"retransmits":	116,
				"omitted":	false,
				"sender":	true
			}
		}, {
			"streams":	[{
					"socket":	6,
					"start":	2.00069,
					"end":	3.000961,
					"seconds":	1.0002709627151489,
					"bytes":	912240,
					"bits_per_second":	7295943.071455786,
					"retransmits":	2,
					"snd_cwnd":	65160,
					"snd_wnd":	2411136,
					"rtt":	100081,
					"rttvar":	27,
					"pmtu":	1500,
					"omitted":	false,
					"sender":	true
				}],
			"sum":	{
				"start":	2.00069,
				"end":	3.000961,
				"seconds":	1.0002709627151489,
				"bytes":	912240,
				"bits_per_second":	7295943.071455786,
				"retransmits":	2,
				"omitted":	false,
				"sender":	true
			}
		}, {
			"streams":	[{
					"socket":	6,
					"start":	3.000961,
					"end":	4.000522,
					"seconds":	0.99956101179122925,
					"bytes":	912240,
					"bits_per_second":	7301125.1078331,
					"retransmits":	4,
					"snd_cwnd":	52128,
					"snd_wnd":	2408960,
					"rtt":	104983,
					"rttvar":	685,
					"pmtu":	1500,
					"omitted":	false,
					"sender":	true
				}],
			"sum":	{
				"start":	3.000961,
				"end":	4.000522,
				"seconds":	0.99956101179122925,
				"bytes":	912240,
				"bits_per_second":	7301125.1078331,
				"retransmits":	4,
				"omitted":	false,
				"sender":	true
			}
		}, {
			"streams":	[{
					"socket":	6,
					"start":	4.000522,
					"end":	5.001037,
					"seconds":	1.0005149841308594,
					"bytes":	0,
					"bits_per_second":	0,
					"retransmits":	3,
					"snd_cwnd":	39096,
					"snd_wnd":	2411136,
					"rtt":	105447,
					"rttvar":	3393,
					"pmtu":	1500,
					"omitted":	false,
					"sender":	true
				}],
			"sum":	{
				"start":	4.000522,
				"end":	5.001037,
				"seconds":	1.0005149841308594,
				"bytes":	0,
				"bits_per_second":	0,
				"retransmits":	3,
				"omitted":	false,
				"sender":	true
			}
		}, {
			"streams":	[{
					"socket":	6,
					"start":	5.001037,
					"end":	6.000661,
					"seconds":	0.999624013900757,
					"bytes":	847080,
					"bits_per_second":	6779188.8807833185,
					"retransmits":	8,
					"snd_cwnd":	34752,
					"snd_wnd":	2408960,
					"rtt":	107014,
					"rttvar":	2706,
					"pmtu":	1500,
					"omitted":	false,
					"sender":	true
				}],
			"sum":	{
				"start":	5.001037,
				"end":	6.000661,
				"seconds":	0.999624013900757,
				"bytes":	847080,
				"bits_per_second":	6779188.8807833185,
				"retransmits":	8,
				"omitted":	false,
				"sender":	true
			}
		}, {
			"streams":	[{
					"socket":	6,
					"start":	6.000661,
					"end":	7.001035,
					"seconds":	1.0003739595413208,
					"bytes":	0,
					"bits_per_second":	0,
					"retransmits":	4,
					"snd_cwnd":	28960,
					"snd_wnd":	2411136,
					"rtt":	100549,
					"rttvar":	905,
					"pmtu":	1500,
					"omitted":	false,
					"sender":	true
				}],
			"sum":	{
				"start":	6.000661,
				"end":	7.001035,
				"seconds":	1.0003739595413208,
				"bytes":	0,
				"bits_per_second":	0,
				"retransmits":	4,
				"omitted":	false,
				"sender":	true
			}
		}, {
			"streams":	[{
					"socket":	6,
					"start":	7.001035,
					"end":	8.001027,
					"seconds":	0.9999920129776,
					"bytes":	0,
					"bits_per_second":	0,
					"retransmits":	7,
					"snd_cwnd":	23168,
					"snd_wnd":	2411136,
					"rtt":	106596,
					"rttvar":	248,
					"pmtu":	1500,
					"omitted":	false,
					"sender":	true
				}],
			"sum":	{
				"start":	7.001035,
				"end":	8.001027,
				"seconds":	0.9999920129776,
				"bytes":	0,
				"bits_per_second":	0,
				"retransmits":	7,
				"omitted":	false,
				"sender":	true
			}
		}, {
			"streams":	[{
					"socket":	6,
					"start":	8.001027,
					"end":	9.000609,
					"seconds":	0.99958199262619019,
					"bytes":	847080,
					"bits_per_second":	6779473.87006824,
					"retransmits":	6,
					"snd_cwnd":	10136,
					"snd_wnd":	2407552,
					"rtt":	105547,
					"rttvar":	780,
					"pmtu":	1500,
					"omitted":	false,
					"sender":	true
				}],
			"sum":	{
				"start":	8.001027,
				"end":	9.000609,
				"seconds":	0.99958199262619019,
				"bytes":	847080,
				"bits_per_second":	6779473.87006824,
				"retransmits":	6,
				"omitted":	false,
				"sender":	true
			}
		}, {
			"streams":	[{
					"socket":	6,
					"start":	9.000609,
					"end":	10.001033,
					"seconds":	1.0004240274429321,
					"bytes":	0,
					"bits_per_second":	0,
					"retransmits":	0,
					"snd_cwnd":	15928,
					"snd_wnd":	2411136,
					"rtt":	103791,
					"rttvar":	2121,
					"pmtu":	1500,
					"omitted":	false,
					"sender":	true
				}],
			"sum":	{
				"start":	9.000609,
				"end":	10.001033,
				"seconds":	1.0004240274429321,
				"bytes":	0,
				"bits_per_second":	0,
				"retransmits":	0,
				"omitted":	false,
				"sender":	true
			}
		}],
	"end":	{
		"streams":	[{
				"sender":	{
					"socket":	6,
					"start":	0,
					"end":	10.001033,
					"seconds":	10.001033,
					"bytes":	8285456,
					"bits_per_second":	6627680.1606394062,
					"retransmits":	240,
					"max_snd_cwnd":	314216,
					"max_snd_wnd":	2411136,
					"max_rtt":	107014,
					"min_rtt":	100081,
					"mean_rtt":	103894,
					"sender":	true
				},
				"receiver":	{
					"socket":	6,
					"start":	0,
					"end":	10.108029,
					"seconds":	10.001033,
					"bytes":	5968656,
					"bits_per_second":	4723893.0557084866,
					"sender":	true
				}
			}],
		"sum_sent":	{
			"start":	0,
			"end":	10.001033,
			"seconds":	10.001033,
			"bytes":	8285456,
			"bits_per_second":	6627680.1606394062,
			"retransmits":	240,
			"sender":	true
		},
		"sum_received":	{
			"start":	0,
			"end":	10.108029,
			"seconds":	10.108029,
			"bytes":	5968656,
			"bits_per_second":	4723893.0557084866,
			"sender":	true
		},
		"cpu_utilization_percent":	{
			"host_total":	1.0111604200916209,
			"host_user":	0.10523728281892487,
			"host_system":	0.905923137272696,
			"remote_total":	0.26294909794579369,
			"remote_user":	0.031786577813305052,
			"remote_system":	0.23117241324727644
		},
		"sender_tcp_congestion":	"cubic",
		"receiver_tcp_congestion":	"cubic"
	}
}
