{
	"start":	{
		"connected":	[{
				"socket":	6,
				"local_host":	"192.168.101.210",
				"local_port":	37024,
				"remote_host":	"192.168.100.168",
				"remote_port":	5202
			}],
		"version":	"iperf 3.11",
		"system_info":	"Linux f1 6.0.10-300.fc37.x86_64 #1 SMP PREEMPT_DYNAMIC Sat Nov 26 16:55:13 UTC 2022 x86_64",
		"timestamp":	{
			"time":	"Fri, 09 Dec 2022 22:50:22 GMT",
			"timesecs":	1670626222
		},
		"connecting_to":	{
			"host":	"192.168.100.168",
			"port":	5202
		},
		"cookie":	"wkxytjvh6z2uhiwquvmba5pvhtcosbihnvw6",
		"tcp_mss_default":	1448,
		"target_bitrate":	0,
		"sock_bufsize":	0,
		"sndbuf_actual":	16384,
		"rcvbuf_actual":	131072,
		"test_start":	{
			"protocol":	"TCP",
			"num_streams":	1,
			"blksize":	131072,
			"omit":	0,
			"duration":	10,
			"bytes":	0,
			"blocks":	0,
			"reverse":	0,
			"tos":	0,
			"target_bitrate":	0
		}
	},
	"intervals":	[{
			"streams":	[{
					"socket":	6,
					"start":	0,
					"end":	1.000348,
					"seconds":	1.0003479719161987,
					"bytes":	997672,
					"bits_per_second":	7978599.6713837665,
					"retransmits":	0,
					"snd_cwnd":	83984,
					"snd_wnd":	365312,
					"rtt":	156048,
					"rttvar":	3321,
					"pmtu":	1500,
					"omitted":	false,
					"sender":	true
				}],
			"sum":	{
				"start":	0,
				"end":	1.000348,
				"seconds":	1.0003479719161987,
				"bytes":	997672,
				"bits_per_second":	7978599.6713837665,
				"retransmits":	0,
				"omitted":	false,
				"sender":	true
			}
		}, {
			"streams":	[{
					"socket":	6,
					"start":	1.000348,
					"end":	2.000164,
					"seconds":	0.99981600046157837,
					"bytes":	651600,
					"bits_per_second":	5213759.3293100344,
					"retransmits":	0,
					"snd_cwnd":	83984,
					"snd_wnd":	365440,
					"rtt":	215418,
					"rttvar":	3056,
					"pmtu":	1500,
					"omitted":	false,
					"sender":	true
				}],
			"sum":	{
				"start":	1.000348,
				"end":	2.000164,
				"seconds":	0.99981600046157837,
				"bytes":	651600,
				"bits_per_second":	5213759.3293100344,
				"retransmits":	0,
				"omitted":	false,
				"sender":	true
			}
		}, {
			"streams":	[{
					"socket":	6,
					"start":	2.000164,
					"end":	3.000199,
					"seconds":	1.0000350475311279,
					"bytes":	325800,
					"bits_per_second":	2606308.6553162737,
					"retransmits":	0,
					"snd_cwnd":	63712,
					"snd_wnd":	365568,
					"rtt":	230540,
					"rttvar":	2433,
					"pmtu":	1500,
					"omitted":	false,
					"sender":	true
				}],
			"sum":	{
				"start":	2.000164,
				"end":	3.000199,
				"seconds":	1.0000350475311279,
				"bytes":	325800,
				"bits_per_second":	2606308.6553162737,
				"retransmits":	0,
				"omitted":	false,
				"sender":	true
			}
		}, {
			"streams":	[{
					"socket":	6,
					"start":	3.000199,
					"end":	4.001036,
					"seconds":	1.000836968421936,
					"bytes":	0,
					"bits_per_second":	0,
					"retransmits":	0,
					"snd_cwnd":	60816,
					"snd_wnd":	365568,
					"rtt":	268275,
					"rttvar":	3837,
					"pmtu":	1500,
					"omitted":	false,
					"sender":	true
				}],
			"sum":	{
				"start":	3.000199,
				"end":	4.001036,
				"seconds":	1.000836968421936,
				"bytes":	0,
				"bits_per_second":	0,
				"retransmits":	0,
				"omitted":	false,
				"sender":	true
			}
		}, {
			"streams":	[{
					"socket":	6,
					"start":	4.001036,
					"end":	5.00091,
					"seconds":	0.99987399578094482,
					"bytes":	325800,
					"bits_per_second":	2606728.4587837378,
					"retransmits":	0,
					"snd_cwnd":	49232,
					"snd_wnd":	365568,
					"rtt":	295397,
					"rttvar":	7615,
					"pmtu":	1500,
					"omitted":	false,
					"sender":	true
				}],
			"sum":	{
				"start":	4.001036,
				"end":	5.00091,
				"seconds":	0.99987399578094482,
				"bytes":	325800,
				"bits_per_second":	2606728.4587837378,
				"retransmits":	0,
				"omitted":	false,
				"sender":	true
			}
		}, {
			"streams":	[{
					"socket":	6,
					"start":	5.00091,
					"end":	6.001028,
					"seconds":	1.0001180171966553,
					"bytes":	0,
					"bits_per_second":	0,
					"retransmits":	0,
					"snd_cwnd":	46336,
					"snd_wnd":	365568,
					"rtt":	337277,
					"rttvar":	9895,
					"pmtu":	1500,
					"omitted":	false,
					"sender":	true
				}],
			"sum":	{
				"start":	5.00091,
				"end":	6.001028,
				"seconds":	1.0001180171966553,
				"bytes":	0,
				"bits_per_second":	0,
				"retransmits":	0,
				"omitted":	false,
				"sender":	true
			}
		}, {
			"streams":	[{
					"socket":	6,
					"start":	6.001028,
					"end":	7.000682,
					"seconds":	0.999653995037079,
					"bytes":	325800,
					"bits_per_second":	2607302.1394800949,
					"retransmits":	0,
					"snd_cwnd":	40544,
					"snd_wnd":	365568,
					"rtt":	376648,
					"rttvar":	7779,
					"pmtu":	1500,
					"omitted":	false,
					"sender":	true
				}],
			"sum":	{
				"start":	6.001028,
				"end":	7.000682,
				"seconds":	0.999653995037079,
				"bytes":	325800,
				"bits_per_second":	2607302.1394800949,
				"retransmits":	0,
				"omitted":	false,
				"sender":	true
			}
		}, {
			"streams":	[{
					"socket":	6,
					"start":	7.000682,
					"end":	8.001031,
					"seconds":	1.0003490447998047,
					"bytes":	0,
					"bits_per_second":	0,
					"retransmits":	0,
					"snd_cwnd":	31856,
					"snd_wnd":	365568,
					"rtt":	414346,
					"rttvar":	11022,
					"pmtu":	1500,
					"omitted":	false,
					"sender":	true
				}],
			"sum":	{
				"start":	7.000682,
				"end":	8.001031,
				"seconds":	1.0003490447998047,
				"bytes":	0,
				"bits_per_second":	0,
				"retransmits":	0,
				"omitted":	false,
				"sender":	true
			}
		}, {
			"streams":	[{
					"socket":	6,
					"start":	8.001031,
					"end":	9.001044,
					"seconds":	1.000012993812561,
					"bytes":	0,
					"bits_per_second":	0,
					"retransmits":	0,
					"snd_cwnd":	37648,
					"snd_wnd":	363776,
					"rtt":	451220,
					"rttvar":	10766,
					"pmtu":	1500,
					"omitted":	false,
					"sender":	true
				}],
			"sum":	{
				"start":	8.001031,
				"end":	9.001044,
				"seconds":	1.000012993812561,
				"bytes":	0,
				"bits_per_second":	0,
				"retransmits":	0,
				"omitted":	false,
				"sender":	true
			}
		}, {
			"streams":	[{
					"socket":	6,
					"start":	9.001044,
					"end":	10.000088,
					"seconds":	0.99904400110244751,
					"bytes":	325800,
					"bits_per_second":	2608894.09988332,
					"retransmits":	0,
					"snd_cwnd":	34752,
					"snd_wnd":	363776,
					"rtt":	496123,
					"rttvar":	12670,
					"pmtu":	1500,
					"omitted":	false,
					"sender":	true
				}],
			"sum":	{
				"start":	9.001044,
				"end":	10.000088,
				"seconds":	0.99904400110244751,
				"bytes":	325800,
				"bits_per_second":	2608894.09988332,
				"retransmits":	0,
				"omitted":	false,
				"sender":	true
			}
		}],
	"end":	{
		"streams":	[{
				"sender":	{
					"socket":	6,
					"start":	0,
					"end":	10.000088,
					"seconds":	10.000088,
					"bytes":	2952472,
					"bits_per_second":	2361956.81478003,
					"retransmits":	0,
					"max_snd_cwnd":	83984,
					"max_snd_wnd":	365568,
					"max_rtt":	496123,
					"min_rtt":	156048,
					"mean_rtt":	324129,
					"sender":	true
				},
				"receiver":	{
					"socket":	6,
					"start":	0,
					"end":	10.537008,
					"seconds":	10.000088,
					"bytes":	2070640,
					"bits_per_second":	1572089.5343346042,
					"sender":	true
				}
			}],
		"sum_sent":	{
			"start":	0,
			"end":	10.000088,
			"seconds":	10.000088,
			"bytes":	2952472,
			"bits_per_second":	2361956.81478003,
			"retransmits":	0,
			"sender":	true
		},
		"sum_received":	{
			"start":	0,
			"end":	10.537008,
			"seconds":	10.537008,
			"bytes":	2070640,
			"bits_per_second":	1572089.5343346042,
			"sender":	true
		},
		"cpu_utilization_percent":	{
			"host_total":	0.49990785470058657,
			"host_user":	0.070569575582671976,
			"host_system":	0.42933827911791456,
			"remote_total":	0.19682035338264517,
			"remote_user":	0.0081617003668969026,
			"remote_system":	0.18865865301574827
		},
		"sender_tcp_congestion":	"bbr",
		"receiver_tcp_congestion":	"bbr"
	}
}
