{
	"start":	{
		"connected":	[{
				"socket":	6,
				"local_host":	"192.168.101.210",
				"local_port":	42872,
				"remote_host":	"192.168.100.168",
				"remote_port":	5201
			}],
		"version":	"iperf 3.11",
		"system_info":	"Linux f1 6.0.10-300.fc37.x86_64 #1 SMP PREEMPT_DYNAMIC Sat Nov 26 16:55:13 UTC 2022 x86_64",
		"timestamp":	{
			"time":	"Fri, 09 Dec 2022 22:49:59 GMT",
			"timesecs":	1670626199
		},
		"connecting_to":	{
			"host":	"192.168.100.168",
			"port":	5201
		},
		"cookie":	"zk6cz2dzprkboj6a6f2klci7i2sfq4s2l4ua",
		"tcp_mss_default":	1448,
		"target_bitrate":	0,
		"sock_bufsize":	0,
		"sndbuf_actual":	16384,
		"rcvbuf_actual":	131072,
		"test_start":	{
			"protocol":	"TCP",
			"num_streams":	1,
			"blksize":	131072,
			"omit":	0,
			"duration":	10,
			"bytes":	0,
			"blocks":	0,
			"reverse":	0,
			"tos":	0,
			"target_bitrate":	0
		}
	},
	"intervals":	[{
			"streams":	[{
					"socket":	6,
					"start":	0,
					"end":	1.000182,
					"seconds":	1.000182032585144,
					"bytes":	1155504,
					"bits_per_second":	9242349.5912111066,
					"retransmits":	0,
					"snd_cwnd":	101360,
					"snd_wnd":	571520,
					"rtt":	135409,
					"rttvar":	2006,
					"pmtu":	1500,
					"omitted":	false,
					"sender":	true
				}],
			"sum":	{
				"start":	0,
				"end":	1.000182,
				"seconds":	1.000182032585144,
				"bytes":	1155504,
				"bits_per_second":	9242349.5912111066,
				"retransmits":	0,
				"omitted":	false,
				"sender":	true
			}
		}, {
			"streams":	[{
					"socket":	6,
					"start":	1.000182,
					"end":	2.000107,
					"seconds":	0.99992501735687256,
					"bytes":	1107720,
					"bits_per_second":	8862424.52801563,
					"retransmits":	0,
					"snd_cwnd":	141904,
					"snd_wnd":	571520,
					"rtt":	145189,
					"rttvar":	375,
					"pmtu":	1500,
					"omitted":	false,
					"sender":	true
				}],
			"sum":	{
				"start":	1.000182,
				"end":	2.000107,
				"seconds":	0.99992501735687256,
				"bytes":	1107720,
				"bits_per_second":	8862424.52801563,
				"retransmits":	0,
				"omitted":	false,
				"sender":	true
			}
		}, {
			"streams":	[{
					"socket":	6,
					"start":	2.000107,
					"end":	3.000184,
					"seconds":	1.00007700920105,
					"bytes":	1107720,
					"bits_per_second":	8861077.61549239,
					"retransmits":	0,
					"snd_cwnd":	189688,
					"snd_wnd":	571520,
					"rtt":	180830,
					"rttvar":	1211,
					"pmtu":	1500,
					"omitted":	false,
					"sender":	true
				}],
			"sum":	{
				"start":	2.000107,
				"end":	3.000184,
				"seconds":	1.00007700920105,
				"bytes":	1107720,
				"bits_per_second":	8861077.61549239,
				"retransmits":	0,
				"omitted":	false,
				"sender":	true
			}
		}, {
			"streams":	[{
					"socket":	6,
					"start":	3.000184,
					"end":	4.00008,
					"seconds":	0.999895989894867,
					"bytes":	1433520,
					"bits_per_second":	11469352.928603912,
					"retransmits":	0,
					"snd_cwnd":	240368,
					"snd_wnd":	571520,
					"rtt":	221360,
					"rttvar":	861,
					"pmtu":	1500,
					"omitted":	false,
					"sender":	true
				}],
			"sum":	{
				"start":	3.000184,
				"end":	4.00008,
				"seconds":	0.999895989894867,
				"bytes":	1433520,
				"bits_per_second":	11469352.928603912,
				"retransmits":	0,
				"omitted":	false,
				"sender":	true
			}
		}, {
			"streams":	[{
					"socket":	6,
					"start":	4.00008,
					"end":	5.000237,
					"seconds":	1.0001569986343384,
					"bytes":	1107720,
					"bits_per_second":	8860368.9341776,
					"retransmits":	0,
					"snd_cwnd":	292496,
					"snd_wnd":	637056,
					"rtt":	261945,
					"rttvar":	618,
					"pmtu":	1500,
					"omitted":	false,
					"sender":	true
				}],
			"sum":	{
				"start":	4.00008,
				"end":	5.000237,
				"seconds":	1.0001569986343384,
				"bytes":	1107720,
				"bits_per_second":	8860368.9341776,
				"retransmits":	0,
				"omitted":	false,
				"sender":	true
			}
		}, {
			"streams":	[{
					"socket":	6,
					"start":	5.000237,
					"end":	6.000244,
					"seconds":	1.0000070333480835,
					"bytes":	1368360,
					"bits_per_second":	10946803.007324047,
					"retransmits":	0,
					"snd_cwnd":	347520,
					"snd_wnd":	752000,
					"rtt":	301363,
					"rttvar":	459,
					"pmtu":	1500,
					"omitted":	false,
					"sender":	true
				}],
			"sum":	{
				"start":	5.000237,
				"end":	6.000244,
				"seconds":	1.0000070333480835,
				"bytes":	1368360,
				"bits_per_second":	10946803.007324047,
				"retransmits":	0,
				"omitted":	false,
				"sender":	true
			}
		}, {
			"streams":	[{
					"socket":	6,
					"start":	6.000244,
					"end":	7.000103,
					"seconds":	0.99985897541046143,
					"bytes":	1629000,
					"bits_per_second":	13033838.091666989,
					"retransmits":	0,
					"snd_cwnd":	402544,
					"snd_wnd":	865408,
					"rtt":	341777,
					"rttvar":	450,
					"pmtu":	1500,
					"omitted":	false,
					"sender":	true
				}],
			"sum":	{
				"start":	6.000244,
				"end":	7.000103,
				"seconds":	0.99985897541046143,
				"bytes":	1629000,
				"bits_per_second":	13033838.091666989,
				"retransmits":	0,
				"omitted":	false,
				"sender":	true
			}
		}, {
			"streams":	[{
					"socket":	6,
					"start":	7.000103,
					"end":	8.000471,
					"seconds":	1.0003679990768433,
					"bytes":	912240,
					"bits_per_second":	7295235.36012212,
					"retransmits":	0,
					"snd_cwnd":	459016,
					"snd_wnd":	999040,
					"rtt":	386442,
					"rttvar":	1308,
					"pmtu":	1500,
					"omitted":	false,
					"sender":	true
				}],
			"sum":	{
				"start":	7.000103,
				"end":	8.000471,
				"seconds":	1.0003679990768433,
				"bytes":	912240,
				"bits_per_second":	7295235.36012212,
				"retransmits":	0,
				"omitted":	false,
				"sender":	true
			}
		}, {
			"streams":	[{
					"socket":	6,
					"start":	8.000471,
					"end":	9.000103,
					"seconds":	0.99963200092315674,
					"bytes":	2019960,
					"bits_per_second":	16165628.936525231,
					"retransmits":	0,
					"snd_cwnd":	516936,
					"snd_wnd":	1102592,
					"rtt":	426452,
					"rttvar":	1108,
					"pmtu":	1500,
					"omitted":	false,
					"sender":	true
				}],
			"sum":	{
				"start":	8.000471,
				"end":	9.000103,
				"seconds":	0.99963200092315674,
				"bytes":	2019960,
				"bits_per_second":	16165628.936525231,
				"retransmits":	0,
				"omitted":	false,
				"sender":	true
			}
		}, {
			"streams":	[{
					"socket":	6,
					"start":	9.000103,
					"end":	10.00032,
					"seconds":	1.0002169609069824,
					"bytes":	1107720,
					"bits_per_second":	8859837.7615635339,
					"retransmits":	0,
					"snd_cwnd":	582096,
					"snd_wnd":	1209984,
					"rtt":	470659,
					"rttvar":	842,
					"pmtu":	1500,
					"omitted":	false,
					"sender":	true
				}],
			"sum":	{
				"start":	9.000103,
				"end":	10.00032,
				"seconds":	1.0002169609069824,
				"bytes":	1107720,
				"bits_per_second":	8859837.7615635339,
				"retransmits":	0,
				"omitted":	false,
				"sender":	true
			}
		}],
	"end":	{
		"streams":	[{
				"sender":	{
					"socket":	6,
					"start":	0,
					"end":	10.00032,
					"seconds":	10.00032,
					"bytes":	12949464,
					"bits_per_second":	10359239.704329461,
					"retransmits":	0,
					"max_snd_cwnd":	582096,
					"max_snd_wnd":	1209984,
					"max_rtt":	470659,
					"min_rtt":	135409,
					"mean_rtt":	287142,
					"sender":	true
				},
				"receiver":	{
					"socket":	6,
					"start":	0,
					"end":	10.499051,
					"seconds":	10.00032,
					"bytes":	10745608,
					"bits_per_second":	8187869.932244353,
					"sender":	true
				}
			}],
		"sum_sent":	{
			"start":	0,
			"end":	10.00032,
			"seconds":	10.00032,
			"bytes":	12949464,
			"bits_per_second":	10359239.704329461,
			"retransmits":	0,
			"sender":	true
		},
		"sum_received":	{
			"start":	0,
			"end":	10.499051,
			"seconds":	10.499051,
			"bytes":	10745608,
			"bits_per_second":	8187869.932244353,
			"sender":	true
		},
		"cpu_utilization_percent":	{
			"host_total":	0.32701552744642687,
			"host_user":	0.045655857982167487,
			"host_system":	0.28136956882635439,
			"remote_total":	0.958256485242309,
			"remote_user":	0.13681214370646994,
			"remote_system":	0.82144434153583923
		},
		"sender_tcp_congestion":	"cubic",
		"receiver_tcp_congestion":	"cubic"
	}
}
