{
	"start":	{
		"connected":	[{
				"socket":	6,
				"local_host":	"192.168.101.210",
				"local_port":	36168,
				"remote_host":	"192.168.100.168",
				"remote_port":	5201
			}],
		"version":	"iperf 3.11",
		"system_info":	"Linux f1 6.0.10-300.fc37.x86_64 #1 SMP PREEMPT_DYNAMIC Sat Nov 26 16:55:13 UTC 2022 x86_64",
		"timestamp":	{
			"time":	"Fri, 09 Dec 2022 22:55:25 GMT",
			"timesecs":	1670626525
		},
		"connecting_to":	{
			"host":	"192.168.100.168",
			"port":	5201
		},
		"cookie":	"teqbw2djwkgqs5lftqeyb4en5mawdj4wpnex",
		"tcp_mss_default":	1448,
		"target_bitrate":	0,
		"sock_bufsize":	0,
		"sndbuf_actual":	16384,
		"rcvbuf_actual":	131072,
		"test_start":	{
			"protocol":	"TCP",
			"num_streams":	1,
			"blksize":	131072,
			"omit":	0,
			"duration":	10,
			"bytes":	0,
			"blocks":	0,
			"reverse":	0,
			"tos":	0,
			"target_bitrate":	0
		}
	},
	"intervals":	[{
			"streams":	[{
					"socket":	6,
					"start":	0,
					"end":	1.000214,
					"seconds":	1.0002139806747437,
					"bytes":	1023736,
					"bits_per_second":	8188135.8971558334,
					"retransmits":	0,
					"snd_cwnd":	208512,
					"snd_wnd":	392832,
					"rtt":	247396,
					"rttvar":	11866,
					"pmtu":	1500,
					"omitted":	false,
					"sender":	true
				}],
			"sum":	{
				"start":	0,
				"end":	1.000214,
				"seconds":	1.0002139806747437,
				"bytes":	1023736,
				"bits_per_second":	8188135.8971558334,
				"retransmits":	0,
				"omitted":	false,
				"sender":	true
			}
		}, {
			"streams":	[{
					"socket":	6,
					"start":	1.000214,
					"end":	2.000316,
					"seconds":	1.0001020431518555,
					"bytes":	977400,
					"bits_per_second":	7818402.1855985075,
					"retransmits":	0,
					"snd_cwnd":	238920,
					"snd_wnd":	929536,
					"rtt":	481491,
					"rttvar":	4780,
					"pmtu":	1500,
					"omitted":	false,
					"sender":	true
				}],
			"sum":	{
				"start":	1.000214,
				"end":	2.000316,
				"seconds":	1.0001020431518555,
				"bytes":	977400,
				"bits_per_second":	7818402.1855985075,
				"retransmits":	0,
				"omitted":	false,
				"sender":	true
			}
		}, {
			"streams":	[{
					"socket":	6,
					"start":	2.000316,
					"end":	3.000394,
					"seconds":	1.0000779628753662,
					"bytes":	521280,
					"bits_per_second":	4169914.9014442512,
					"retransmits":	0,
					"snd_cwnd":	257744,
					"snd_wnd":	929536,
					"rtt":	582533,
					"rttvar":	5895,
					"pmtu":	1500,
					"omitted":	false,
					"sender":	true
				}],
			"sum":	{
				"start":	2.000316,
				"end":	3.000394,
				"seconds":	1.0000779628753662,
				"bytes":	521280,
				"bits_per_second":	4169914.9014442512,
				"retransmits":	0,
				"omitted":	false,
				"sender":	true
			}
		}, {
			"streams":	[{
					"socket":	6,
					"start":	3.000394,
					"end":	4.000285,
					"seconds":	0.99989098310470581,
					"bytes":	586440,
					"bits_per_second":	4692031.51070792,
					"retransmits":	0,
					"snd_cwnd":	280912,
					"snd_wnd":	929536,
					"rtt":	608539,
					"rttvar":	906,
					"pmtu":	1500,
					"omitted":	false,
					"sender":	true
				}],
			"sum":	{
				"start":	3.000394,
				"end":	4.000285,
				"seconds":	0.99989098310470581,
				"bytes":	586440,
				"bits_per_second":	4692031.51070792,
				"retransmits":	0,
				"omitted":	false,
				"sender":	true
			}
		}, {
			"streams":	[{
					"socket":	6,
					"start":	4.000285,
					"end":	5.000135,
					"seconds":	0.99984997510910034,
					"bytes":	651600,
					"bits_per_second":	5213582.1670958148,
					"retransmits":	0,
					"snd_cwnd":	304080,
					"snd_wnd":	929536,
					"rtt":	627951,
					"rttvar":	1148,
					"pmtu":	1500,
					"omitted":	false,
					"sender":	true
				}],
			"sum":	{
				"start":	4.000285,
				"end":	5.000135,
				"seconds":	0.99984997510910034,
				"bytes":	651600,
				"bits_per_second":	5213582.1670958148,
				"retransmits":	0,
				"omitted":	false,
				"sender":	true
			}
		}, {
			"streams":	[{
					"socket":	6,
					"start":	5.000135,
					"end":	6.000314,
					"seconds":	1.0001790523529053,
					"bytes":	651600,
					"bits_per_second":	5211866.8029858964,
					"retransmits":	0,
					"snd_cwnd":	338832,
					"snd_wnd":	929536,
					"rtt":	520688,
					"rttvar":	7681,
					"pmtu":	1500,
					"omitted":	false,
					"sender":	true
				}],
			"sum":	{
				"start":	5.000135,
				"end":	6.000314,
				"seconds":	1.0001790523529053,
				"bytes":	651600,
				"bits_per_second":	5211866.8029858964,
				"retransmits":	0,
				"omitted":	false,
				"sender":	true
			}
		}, {
			"streams":	[{
					"socket":	6,
					"start":	6.000314,
					"end":	7.000403,
					"seconds":	1.0000890493392944,
					"bytes":	716760,
					"bits_per_second":	5733569.42943051,
					"retransmits":	0,
					"snd_cwnd":	366344,
					"snd_wnd":	929536,
					"rtt":	617264,
					"rttvar":	1452,
					"pmtu":	1500,
					"omitted":	false,
					"sender":	true
				}],
			"sum":	{
				"start":	6.000314,
				"end":	7.000403,
				"seconds":	1.0000890493392944,
				"bytes":	716760,
				"bits_per_second":	5733569.42943051,
				"retransmits":	0,
				"omitted":	false,
				"sender":	true
			}
		}, {
			"streams":	[{
					"socket":	6,
					"start":	7.000403,
					"end":	8.000109,
					"seconds":	0.999705970287323,
					"bytes":	781920,
					"bits_per_second":	6257199.8026601383,
					"retransmits":	0,
					"snd_cwnd":	399648,
					"snd_wnd":	929536,
					"rtt":	640585,
					"rttvar":	960,
					"pmtu":	1500,
					"omitted":	false,
					"sender":	true
				}],
			"sum":	{
				"start":	7.000403,
				"end":	8.000109,
				"seconds":	0.999705970287323,
				"bytes":	781920,
				"bits_per_second":	6257199.8026601383,
				"retransmits":	0,
				"omitted":	false,
				"sender":	true
			}
		}, {
			"streams":	[{
					"socket":	6,
					"start":	8.000109,
					"end":	9.000369,
					"seconds":	1.00025999546051,
					"bytes":	912240,
					"bits_per_second":	7296023.06712277,
					"retransmits":	0,
					"snd_cwnd":	474944,
					"snd_wnd":	969856,
					"rtt":	675885,
					"rttvar":	2079,
					"pmtu":	1500,
					"omitted":	false,
					"sender":	true
				}],
			"sum":	{
				"start":	8.000109,
				"end":	9.000369,
				"seconds":	1.00025999546051,
				"bytes":	912240,
				"bits_per_second":	7296023.06712277,
				"retransmits":	0,
				"omitted":	false,
				"sender":	true
			}
		}, {
			"streams":	[{
					"socket":	6,
					"start":	9.000369,
					"end":	10.000429,
					"seconds":	1.000059962272644,
					"bytes":	1107720,
					"bits_per_second":	8861228.66059109,
					"retransmits":	0,
					"snd_cwnd":	584992,
					"snd_wnd":	1175680,
					"rtt":	744554,
					"rttvar":	2355,
					"pmtu":	1500,
					"omitted":	false,
					"sender":	true
				}],
			"sum":	{
				"start":	9.000369,
				"end":	10.000429,
				"seconds":	1.000059962272644,
				"bytes":	1107720,
				"bits_per_second":	8861228.66059109,
				"retransmits":	0,
				"omitted":	false,
				"sender":	true
			}
		}],
	"end":	{
		"streams":	[{
				"sender":	{
					"socket":	6,
					"start":	0,
					"end":	10.000429,
					"seconds":	10.000429,
					"bytes":	7930696,
					"bits_per_second":	6344284.6301893648,
					"retransmits":	0,
					"max_snd_cwnd":	584992,
					"max_snd_wnd":	1175680,
					"max_rtt":	744554,
					"min_rtt":	247396,
					"mean_rtt":	574688,
					"sender":	true
				},
				"receiver":	{
					"socket":	6,
					"start":	0,
					"end":	10.753859,
					"seconds":	10.000429,
					"bytes":	5820960,
					"bits_per_second":	4330322.7241495354,
					"sender":	true
				}
			}],
		"sum_sent":	{
			"start":	0,
			"end":	10.000429,
			"seconds":	10.000429,
			"bytes":	7930696,
			"bits_per_second":	6344284.6301893648,
			"retransmits":	0,
			"sender":	true
		},
		"sum_received":	{
			"start":	0,
			"end":	10.753859,
			"seconds":	10.753859,
			"bytes":	5820960,
			"bits_per_second":	4330322.7241495354,
			"sender":	true
		},
		"cpu_utilization_percent":	{
			"host_total":	1.8771555698406481,
			"host_user":	0.21103014853945218,
			"host_system":	1.666125421301196,
			"remote_total":	0.516139435107915,
			"remote_user":	0.036489165721348679,
			"remote_system":	0.47965026938656641
		},
		"sender_tcp_congestion":	"cubic",
		"receiver_tcp_congestion":	"cubic"
	}
}
