{
	"start":	{
		"connected":	[{
				"socket":	6,
				"local_host":	"192.168.101.210",
				"local_port":	52478,
				"remote_host":	"192.168.100.168",
				"remote_port":	5201
			}],
		"version":	"iperf 3.11",
		"system_info":	"Linux f1 6.0.10-300.fc37.x86_64 #1 SMP PREEMPT_DYNAMIC Sat Nov 26 16:55:13 UTC 2022 x86_64",
		"timestamp":	{
			"time":	"Fri, 09 Dec 2022 23:12:48 GMT",
			"timesecs":	1670627568
		},
		"connecting_to":	{
			"host":	"192.168.100.168",
			"port":	5201
		},
		"cookie":	"xr4p25z5mvtlqeafxdlmjzcydimab2zwq2fb",
		"tcp_mss_default":	1448,
		"target_bitrate":	0,
		"sock_bufsize":	0,
		"sndbuf_actual":	16384,
		"rcvbuf_actual":	131072,
		"test_start":	{
			"protocol":	"TCP",
			"num_streams":	1,
			"blksize":	131072,
			"omit":	0,
			"duration":	10,
			"bytes":	0,
			"blocks":	0,
			"reverse":	0,
			"tos":	0,
			"target_bitrate":	0
		}
	},
	"intervals":	[{
			"streams":	[{
					"socket":	6,
					"start":	0,
					"end":	1.000154,
					"seconds":	1.0001540184020996,
					"bytes":	11927552,
					"bits_per_second":	95405721.7631829,
					"retransmits":	42,
					"snd_cwnd":	666080,
					"snd_wnd":	3145728,
					"rtt":	62122,
					"rttvar":	708,
					"pmtu":	1500,
					"omitted":	false,
					"sender":	true
				}],
			"sum":	{
				"start":	0,
				"end":	1.000154,
				"seconds":	1.0001540184020996,
				"bytes":	11927552,
				"bits_per_second":	95405721.7631829,
				"retransmits":	42,
				"omitted":	false,
				"sender":	true
			}
		}, {
			"streams":	[{
					"socket":	6,
					"start":	1.000154,
					"end":	2.000076,
					"seconds":	0.999921977519989,
					"bytes":	11796480,
					"bits_per_second":	94379203.6995341,
					"retransmits":	0,
					"snd_cwnd":	747168,
					"snd_wnd":	3145728,
					"rtt":	64606,
					"rttvar":	350,
					"pmtu":	1500,
					"omitted":	false,
					"sender":	true
				}],
			"sum":	{
				"start":	1.000154,
				"end":	2.000076,
				"seconds":	0.999921977519989,
				"bytes":	11796480,
				"bits_per_second":	94379203.6995341,
				"retransmits":	0,
				"omitted":	false,
				"sender":	true
			}
		}, {
			"streams":	[{
					"socket":	6,
					"start":	2.000076,
					"end":	3.000076,
					"seconds":	1,
					"bytes":	11796480,
					"bits_per_second":	94371840,
					"retransmits":	0,
					"snd_cwnd":	807984,
					"snd_wnd":	3145728,
					"rtt":	68869,
					"rttvar":	69,
					"pmtu":	1500,
					"omitted":	false,
					"sender":	true
				}],
			"sum":	{
				"start":	2.000076,
				"end":	3.000076,
				"seconds":	1,
				"bytes":	11796480,
				"bits_per_second":	94371840,
				"retransmits":	0,
				"omitted":	false,
				"sender":	true
			}
		}, {
			"streams":	[{
					"socket":	6,
					"start":	3.000076,
					"end":	4.000073,
					"seconds":	0.99999701976776123,
					"bytes":	11796480,
					"bits_per_second":	94372121.2508382,
					"retransmits":	0,
					"snd_cwnd":	848528,
					"snd_wnd":	3145728,
					"rtt":	72873,
					"rttvar":	94,
					"pmtu":	1500,
					"omitted":	false,
					"sender":	true
				}],
			"sum":	{
				"start":	3.000076,
				"end":	4.000073,
				"seconds":	0.99999701976776123,
				"bytes":	11796480,
				"bits_per_second":	94372121.2508382,
				"retransmits":	0,
				"omitted":	false,
				"sender":	true
			}
		}, {
			"streams":	[{
					"socket":	6,
					"start":	4.000073,
					"end":	5.000145,
					"seconds":	1.0000720024108887,
					"bytes":	10485760,
					"bits_per_second":	83880040.434863254,
					"retransmits":	0,
					"snd_cwnd":	874592,
					"snd_wnd":	3145728,
					"rtt":	75109,
					"rttvar":	26,
					"pmtu":	1500,
					"omitted":	false,
					"sender":	true
				}],
			"sum":	{
				"start":	4.000073,
				"end":	5.000145,
				"seconds":	1.0000720024108887,
				"bytes":	10485760,
				"bits_per_second":	83880040.434863254,
				"retransmits":	0,
				"omitted":	false,
				"sender":	true
			}
		}, {
			"streams":	[{
					"socket":	6,
					"start":	5.000145,
					"end":	6.000116,
					"seconds":	0.99997097253799438,
					"bytes":	11796480,
					"bits_per_second":	94374579.4545194,
					"retransmits":	0,
					"snd_cwnd":	890520,
					"snd_wnd":	3145728,
					"rtt":	76299,
					"rttvar":	6,
					"pmtu":	1500,
					"omitted":	false,
					"sender":	true
				}],
			"sum":	{
				"start":	5.000145,
				"end":	6.000116,
				"seconds":	0.99997097253799438,
				"bytes":	11796480,
				"bits_per_second":	94374579.4545194,
				"retransmits":	0,
				"omitted":	false,
				"sender":	true
			}
		}, {
			"streams":	[{
					"socket":	6,
					"start":	6.000116,
					"end":	7.000101,
					"seconds":	0.9999849796295166,
					"bytes":	11796480,
					"bits_per_second":	94373257.5212917,
					"retransmits":	0,
					"snd_cwnd":	896312,
					"snd_wnd":	3145728,
					"rtt":	76052,
					"rttvar":	5,
					"pmtu":	1500,
					"omitted":	false,
					"sender":	true
				}],
			"sum":	{
				"start":	6.000116,
				"end":	7.000101,
				"seconds":	0.9999849796295166,
				"bytes":	11796480,
				"bits_per_second":	94373257.5212917,
				"retransmits":	0,
				"omitted":	false,
				"sender":	true
			}
		}, {
			"streams":	[{
					"socket":	6,
					"start":	7.000101,
					"end":	8.000092,
					"seconds":	0.999990999698639,
					"bytes":	11796480,
					"bits_per_second":	94372689.3826447,
					"retransmits":	0,
					"snd_cwnd":	896312,
					"snd_wnd":	3145728,
					"rtt":	75886,
					"rttvar":	21,
					"pmtu":	1500,
					"omitted":	false,
					"sender":	true
				}],
			"sum":	{
				"start":	7.000101,
				"end":	8.000092,
				"seconds":	0.999990999698639,
				"bytes":	11796480,
				"bits_per_second":	94372689.3826447,
				"retransmits":	0,
				"omitted":	false,
				"sender":	true
			}
		}, {
			"streams":	[{
					"socket":	6,
					"start":	8.000092,
					"end":	9.000082,
					"seconds":	0.99998998641967773,
					"bytes":	11796480,
					"bits_per_second":	94372785.009462923,
					"retransmits":	0,
					"snd_cwnd":	896312,
					"snd_wnd":	3145728,
					"rtt":	76077,
					"rttvar":	17,
					"pmtu":	1500,
					"omitted":	false,
					"sender":	true
				}],
			"sum":	{
				"start":	8.000092,
				"end":	9.000082,
				"seconds":	0.99998998641967773,
				"bytes":	11796480,
				"bits_per_second":	94372785.009462923,
				"retransmits":	0,
				"omitted":	false,
				"sender":	true
			}
		}, {
			"streams":	[{
					"socket":	6,
					"start":	9.000082,
					"end":	10.000082,
					"seconds":	1,
					"bytes":	11796480,
					"bits_per_second":	94371840,
					"retransmits":	0,
					"snd_cwnd":	897760,
					"snd_wnd":	3145728,
					"rtt":	75866,
					"rttvar":	25,
					"pmtu":	1500,
					"omitted":	false,
					"sender":	true
				}],
			"sum":	{
				"start":	9.000082,
				"end":	10.000082,
				"seconds":	1,
				"bytes":	11796480,
				"bits_per_second":	94371840,
				"retransmits":	0,
				"omitted":	false,
				"sender":	true
			}
		}],
	"end":	{
		"streams":	[{
				"sender":	{
					"socket":	6,
					"start":	0,
					"end":	10.000082,
					"seconds":	10.000082,
					"bytes":	116785152,
					"bits_per_second":	93427355.4956849,
					"retransmits":	42,
					"max_snd_cwnd":	897760,
					"max_snd_wnd":	3145728,
					"max_rtt":	76299,
					"min_rtt":	62122,
					"mean_rtt":	72375,
					"sender":	true
				},
				"receiver":	{
					"socket":	6,
					"start":	0,
					"end":	10.075562,
					"seconds":	10.000082,
					"bytes":	114106744,
					"bits_per_second":	90600797.454276,
					"sender":	true
				}
			}],
		"sum_sent":	{
			"start":	0,
			"end":	10.000082,
			"seconds":	10.000082,
			"bytes":	116785152,
			"bits_per_second":	93427355.4956849,
			"retransmits":	42,
			"sender":	true
		},
		"sum_received":	{
			"start":	0,
			"end":	10.075562,
			"seconds":	10.075562,
			"bytes":	114106744,
			"bits_per_second":	90600797.454276,
			"sender":	true
		},
		"cpu_utilization_percent":	{
			"host_total":	0.52116078503857943,
			"host_user":	0.015685315328118375,
			"host_system":	0.505475469710461,
			"remote_total":	1.9637090723150716,
			"remote_user":	0.16340504999416411,
			"remote_system":	1.8003139473117962
		},
		"sender_tcp_congestion":	"cubic",
		"receiver_tcp_congestion":	"cubic"
	}
}
