{
	"start":	{
		"connected":	[{
				"socket":	6,
				"local_host":	"192.168.101.210",
				"local_port":	44486,
				"remote_host":	"192.168.100.168",
				"remote_port":	5202
			}],
		"version":	"iperf 3.11",
		"system_info":	"Linux f1 6.0.10-300.fc37.x86_64 #1 SMP PREEMPT_DYNAMIC Sat Nov 26 16:55:13 UTC 2022 x86_64",
		"timestamp":	{
			"time":	"Fri, 09 Dec 2022 23:14:47 GMT",
			"timesecs":	1670627687
		},
		"connecting_to":	{
			"host":	"192.168.100.168",
			"port":	5202
		},
		"cookie":	"z5xoas4xio72r7axbgalne77qngnyr265vso",
		"tcp_mss_default":	1448,
		"target_bitrate":	0,
		"sock_bufsize":	0,
		"sndbuf_actual":	16384,
		"rcvbuf_actual":	131072,
		"test_start":	{
			"protocol":	"TCP",
			"num_streams":	1,
			"blksize":	131072,
			"omit":	0,
			"duration":	10,
			"bytes":	0,
			"blocks":	0,
			"reverse":	0,
			"tos":	0,
			"target_bitrate":	0
		}
	},
	"intervals":	[{
			"streams":	[{
					"socket":	6,
					"start":	0,
					"end":	1.000095,
					"seconds":	1.000095009803772,
					"bytes":	7733248,
					"bits_per_second":	61860106.6834027,
					"retransmits":	0,
					"snd_cwnd":	900656,
					"snd_wnd":	3143552,
					"rtt":	134584,
					"rttvar":	1620,
					"pmtu":	1500,
					"omitted":	false,
					"sender":	true
				}],
			"sum":	{
				"start":	0,
				"end":	1.000095,
				"seconds":	1.000095009803772,
				"bytes":	7733248,
				"bits_per_second":	61860106.6834027,
				"retransmits":	0,
				"omitted":	false,
				"sender":	true
			}
		}, {
			"streams":	[{
					"socket":	6,
					"start":	1.000095,
					"end":	2.000281,
					"seconds":	1.0001859664916992,
					"bytes":	3932160,
					"bits_per_second":	31451431.0877017,
					"retransmits":	0,
					"snd_cwnd":	894864,
					"snd_wnd":	3143552,
					"rtt":	187880,
					"rttvar":	258,
					"pmtu":	1500,
					"omitted":	false,
					"sender":	true
				}],
			"sum":	{
				"start":	1.000095,
				"end":	2.000281,
				"seconds":	1.0001859664916992,
				"bytes":	3932160,
				"bits_per_second":	31451431.0877017,
				"retransmits":	0,
				"omitted":	false,
				"sender":	true
			}
		}, {
			"streams":	[{
					"socket":	6,
					"start":	2.000281,
					"end":	3.000382,
					"seconds":	1.0001009702682495,
					"bytes":	3932160,
					"bits_per_second":	31454104.070674434,
					"retransmits":	0,
					"snd_cwnd":	558928,
					"snd_wnd":	3143552,
					"rtt":	195845,
					"rttvar":	202,
					"pmtu":	1500,
					"omitted":	false,
					"sender":	true
				}],
			"sum":	{
				"start":	2.000281,
				"end":	3.000382,
				"seconds":	1.0001009702682495,
				"bytes":	3932160,
				"bits_per_second":	31454104.070674434,
				"retransmits":	0,
				"omitted":	false,
				"sender":	true
			}
		}, {
			"streams":	[{
					"socket":	6,
					"start":	3.000382,
					"end":	4.000457,
					"seconds":	1.0000749826431274,
					"bytes":	2621440,
					"bits_per_second":	20969947.617901366,
					"retransmits":	0,
					"snd_cwnd":	489424,
					"snd_wnd":	3143552,
					"rtt":	220842,
					"rttvar":	1022,
					"pmtu":	1500,
					"omitted":	false,
					"sender":	true
				}],
			"sum":	{
				"start":	3.000382,
				"end":	4.000457,
				"seconds":	1.0000749826431274,
				"bytes":	2621440,
				"bits_per_second":	20969947.617901366,
				"retransmits":	0,
				"omitted":	false,
				"sender":	true
			}
		}, {
			"streams":	[{
					"socket":	6,
					"start":	4.000457,
					"end":	5.000223,
					"seconds":	0.99976599216461182,
					"bytes":	2621440,
					"bits_per_second":	20976428.648662247,
					"retransmits":	0,
					"snd_cwnd":	362000,
					"snd_wnd":	3143552,
					"rtt":	259582,
					"rttvar":	1672,
					"pmtu":	1500,
					"omitted":	false,
					"sender":	true
				}],
			"sum":	{
				"start":	4.000457,
				"end":	5.000223,
				"seconds":	0.99976599216461182,
				"bytes":	2621440,
				"bits_per_second":	20976428.648662247,
				"retransmits":	0,
				"omitted":	false,
				"sender":	true
			}
		}, {
			"streams":	[{
					"socket":	6,
					"start":	5.000223,
					"end":	6.00032,
					"seconds":	1.0000970363616943,
					"bytes":	1310720,
					"bits_per_second":	10484742.598724918,
					"retransmits":	0,
					"snd_cwnd":	411232,
					"snd_wnd":	3143552,
					"rtt":	241063,
					"rttvar":	7889,
					"pmtu":	1500,
					"omitted":	false,
					"sender":	true
				}],
			"sum":	{
				"start":	5.000223,
				"end":	6.00032,
				"seconds":	1.0000970363616943,
				"bytes":	1310720,
				"bits_per_second":	10484742.598724918,
				"retransmits":	0,
				"omitted":	false,
				"sender":	true
			}
		}, {
			"streams":	[{
					"socket":	6,
					"start":	6.00032,
					"end":	7.000443,
					"seconds":	1.0001230239868164,
					"bytes":	1310720,
					"bits_per_second":	10484470.158681421,
					"retransmits":	0,
					"snd_cwnd":	347520,
					"snd_wnd":	3143552,
					"rtt":	252437,
					"rttvar":	6044,
					"pmtu":	1500,
					"omitted":	false,
					"sender":	true
				}],
			"sum":	{
				"start":	6.00032,
				"end":	7.000443,
				"seconds":	1.0001230239868164,
				"bytes":	1310720,
				"bits_per_second":	10484470.158681421,
				"retransmits":	0,
				"omitted":	false,
				"sender":	true
			}
		}, {
			"streams":	[{
					"socket":	6,
					"start":	7.000443,
					"end":	8.000237,
					"seconds":	0.99979400634765625,
					"bytes":	1310720,
					"bits_per_second":	10487920.445037965,
					"retransmits":	0,
					"snd_cwnd":	312768,
					"snd_wnd":	3143552,
					"rtt":	280577,
					"rttvar":	16361,
					"pmtu":	1500,
					"omitted":	false,
					"sender":	true
				}],
			"sum":	{
				"start":	7.000443,
				"end":	8.000237,
				"seconds":	0.99979400634765625,
				"bytes":	1310720,
				"bits_per_second":	10487920.445037965,
				"retransmits":	0,
				"omitted":	false,
				"sender":	true
			}
		}, {
			"streams":	[{
					"socket":	6,
					"start":	8.000237,
					"end":	9.00009,
					"seconds":	0.999853014945984,
					"bytes":	1310720,
					"bits_per_second":	10487301.476574017,
					"retransmits":	0,
					"snd_cwnd":	251952,
					"snd_wnd":	3143552,
					"rtt":	281038,
					"rttvar":	4650,
					"pmtu":	1500,
					"omitted":	false,
					"sender":	true
				}],
			"sum":	{
				"start":	8.000237,
				"end":	9.00009,
				"seconds":	0.999853014945984,
				"bytes":	1310720,
				"bits_per_second":	10487301.476574017,
				"retransmits":	0,
				"omitted":	false,
				"sender":	true
			}
		}, {
			"streams":	[{
					"socket":	6,
					"start":	9.00009,
					"end":	10.001039,
					"seconds":	1.0009490251541138,
					"bytes":	0,
					"bits_per_second":	0,
					"retransmits":	0,
					"snd_cwnd":	214304,
					"snd_wnd":	3143552,
					"rtt":	244533,
					"rttvar":	16434,
					"pmtu":	1500,
					"omitted":	false,
					"sender":	true
				}],
			"sum":	{
				"start":	9.00009,
				"end":	10.001039,
				"seconds":	1.0009490251541138,
				"bytes":	0,
				"bits_per_second":	0,
				"retransmits":	0,
				"omitted":	false,
				"sender":	true
			}
		}],
	"end":	{
		"streams":	[{
				"sender":	{
					"socket":	6,
					"start":	0,
					"end":	10.001039,
					"seconds":	10.001039,
					"bytes":	26083328,
					"bits_per_second":	20864494.57901324,
					"retransmits":	0,
					"max_snd_cwnd":	900656,
					"max_snd_wnd":	3143552,
					"max_rtt":	281038,
					"min_rtt":	134584,
					"mean_rtt":	229838,
					"sender":	true
				},
				"receiver":	{
					"socket":	6,
					"start":	0,
					"end":	10.281528,
					"seconds":	10.001039,
					"bytes":	23230264,
					"bits_per_second":	18075339.774399292,
					"sender":	true
				}
			}],
		"sum_sent":	{
			"start":	0,
			"end":	10.001039,
			"seconds":	10.001039,
			"bytes":	26083328,
			"bits_per_second":	20864494.57901324,
			"retransmits":	0,
			"sender":	true
		},
		"sum_received":	{
			"start":	0,
			"end":	10.281528,
			"seconds":	10.281528,
			"bytes":	23230264,
			"bits_per_second":	18075339.774399292,
			"sender":	true
		},
		"cpu_utilization_percent":	{
			"host_total":	0.531384658271234,
			"host_user":	0.0605554833490064,
			"host_system":	0.4708291749222277,
			"remote_total":	1.0630411397514381,
			"remote_user":	0.10852459845509525,
			"remote_system":	0.95452626746576874
		},
		"sender_tcp_congestion":	"bbr",
		"receiver_tcp_congestion":	"bbr"
	}
}
