{
	"start":	{
		"connected":	[{
				"socket":	6,
				"local_host":	"192.168.101.210",
				"local_port":	33402,
				"remote_host":	"192.168.100.168",
				"remote_port":	5201
			}],
		"version":	"iperf 3.11",
		"system_info":	"Linux f1 6.0.10-300.fc37.x86_64 #1 SMP PREEMPT_DYNAMIC Sat Nov 26 16:55:13 UTC 2022 x86_64",
		"timestamp":	{
			"time":	"Fri, 09 Dec 2022 22:53:30 GMT",
			"timesecs":	1670626410
		},
		"connecting_to":	{
			"host":	"192.168.100.168",
			"port":	5201
		},
		"cookie":	"xc2z4ssb4it6slbhdvi4yqe2725zeiviru4n",
		"tcp_mss_default":	1448,
		"target_bitrate":	0,
		"sock_bufsize":	0,
		"sndbuf_actual":	16384,
		"rcvbuf_actual":	131072,
		"test_start":	{
			"protocol":	"TCP",
			"num_streams":	1,
			"blksize":	131072,
			"omit":	0,
			"duration":	10,
			"bytes":	0,
			"blocks":	0,
			"reverse":	0,
			"tos":	0,
			"target_bitrate":	0
		}
	},
	"intervals":	[{
			"streams":	[{
					"socket":	6,
					"start":	0,
					"end":	1.000223,
					"seconds":	1.0002230405807495,
					"bytes":	1479856,
					"bits_per_second":	11836208.045283709,
					"retransmits":	0,
					"snd_cwnd":	218648,
					"snd_wnd":	805760,
					"rtt":	262094,
					"rttvar":	5605,
					"pmtu":	1500,
					"omitted":	false,
					"sender":	true
				}],
			"sum":	{
				"start":	0,
				"end":	1.000223,
				"seconds":	1.0002230405807495,
				"bytes":	1479856,
				"bits_per_second":	11836208.045283709,
				"retransmits":	0,
				"omitted":	false,
				"sender":	true
			}
		}, {
			"streams":	[{
					"socket":	6,
					"start":	1.000223,
					"end":	2.000615,
					"seconds":	1.000391960144043,
					"bytes":	521280,
					"bits_per_second":	4168606.07256334,
					"retransmits":	0,
					"snd_cwnd":	246160,
					"snd_wnd":	936960,
					"rtt":	427913,
					"rttvar":	6989,
					"pmtu":	1500,
					"omitted":	false,
					"sender":	true
				}],
			"sum":	{
				"start":	1.000223,
				"end":	2.000615,
				"seconds":	1.000391960144043,
				"bytes":	521280,
				"bits_per_second":	4168606.07256334,
				"retransmits":	0,
				"omitted":	false,
				"sender":	true
			}
		}, {
			"streams":	[{
					"socket":	6,
					"start":	2.000615,
					"end":	3.000791,
					"seconds":	1.000175952911377,
					"bytes":	521280,
					"bits_per_second":	4169506.3632163876,
					"retransmits":	0,
					"snd_cwnd":	275120,
					"snd_wnd":	936960,
					"rtt":	465317,
					"rttvar":	721,
					"pmtu":	1500,
					"omitted":	false,
					"sender":	true
				}],
			"sum":	{
				"start":	2.000615,
				"end":	3.000791,
				"seconds":	1.000175952911377,
				"bytes":	521280,
				"bits_per_second":	4169506.3632163876,
				"retransmits":	0,
				"omitted":	false,
				"sender":	true
			}
		}, {
			"streams":	[{
					"socket":	6,
					"start":	3.000791,
					"end":	4.000338,
					"seconds":	0.999547004699707,
					"bytes":	1238040,
					"bits_per_second":	9908808.64374712,
					"retransmits":	0,
					"snd_cwnd":	309872,
					"snd_wnd":	936960,
					"rtt":	456954,
					"rttvar":	2313,
					"pmtu":	1500,
					"omitted":	false,
					"sender":	true
				}],
			"sum":	{
				"start":	3.000791,
				"end":	4.000338,
				"seconds":	0.999547004699707,
				"bytes":	1238040,
				"bits_per_second":	9908808.64374712,
				"retransmits":	0,
				"omitted":	false,
				"sender":	true
			}
		}, {
			"streams":	[{
					"socket":	6,
					"start":	4.000338,
					"end":	5.000488,
					"seconds":	1.0001499652862549,
					"bytes":	651600,
					"bits_per_second":	5212018.3781719515,
					"retransmits":	0,
					"snd_cwnd":	343176,
					"snd_wnd":	936960,
					"rtt":	487697,
					"rttvar":	707,
					"pmtu":	1500,
					"omitted":	false,
					"sender":	true
				}],
			"sum":	{
				"start":	4.000338,
				"end":	5.000488,
				"seconds":	1.0001499652862549,
				"bytes":	651600,
				"bits_per_second":	5212018.3781719515,
				"retransmits":	0,
				"omitted":	false,
				"sender":	true
			}
		}, {
			"streams":	[{
					"socket":	6,
					"start":	5.000488,
					"end":	6.000662,
					"seconds":	1.0001740455627441,
					"bytes":	716760,
					"bits_per_second":	5733082.18248529,
					"retransmits":	0,
					"snd_cwnd":	377928,
					"snd_wnd":	936960,
					"rtt":	511061,
					"rttvar":	1011,
					"pmtu":	1500,
					"omitted":	false,
					"sender":	true
				}],
			"sum":	{
				"start":	5.000488,
				"end":	6.000662,
				"seconds":	1.0001740455627441,
				"bytes":	716760,
				"bits_per_second":	5733082.18248529,
				"retransmits":	0,
				"omitted":	false,
				"sender":	true
			}
		}, {
			"streams":	[{
					"socket":	6,
					"start":	6.000662,
					"end":	7.000803,
					"seconds":	1.0001410245895386,
					"bytes":	781920,
					"bits_per_second":	6254477.964812234,
					"retransmits":	0,
					"snd_cwnd":	414128,
					"snd_wnd":	936960,
					"rtt":	539435,
					"rttvar":	718,
					"pmtu":	1500,
					"omitted":	false,
					"sender":	true
				}],
			"sum":	{
				"start":	6.000662,
				"end":	7.000803,
				"seconds":	1.0001410245895386,
				"bytes":	781920,
				"bits_per_second":	6254477.964812234,
				"retransmits":	0,
				"omitted":	false,
				"sender":	true
			}
		}, {
			"streams":	[{
					"socket":	6,
					"start":	7.000803,
					"end":	8.000888,
					"seconds":	1.00008499622345,
					"bytes":	847080,
					"bits_per_second":	6776064.0601450345,
					"retransmits":	0,
					"snd_cwnd":	451776,
					"snd_wnd":	971264,
					"rtt":	562772,
					"rttvar":	966,
					"pmtu":	1500,
					"omitted":	false,
					"sender":	true
				}],
			"sum":	{
				"start":	7.000803,
				"end":	8.000888,
				"seconds":	1.00008499622345,
				"bytes":	847080,
				"bits_per_second":	6776064.0601450345,
				"retransmits":	0,
				"omitted":	false,
				"sender":	true
			}
		}, {
			"streams":	[{
					"socket":	6,
					"start":	8.000888,
					"end":	9.000086,
					"seconds":	0.999198019504547,
					"bytes":	1954800,
					"bits_per_second":	15650951.758045226,
					"retransmits":	0,
					"snd_cwnd":	508248,
					"snd_wnd":	1044480,
					"rtt":	566169,
					"rttvar":	1499,
					"pmtu":	1500,
					"omitted":	false,
					"sender":	true
				}],
			"sum":	{
				"start":	8.000888,
				"end":	9.000086,
				"seconds":	0.999198019504547,
				"bytes":	1954800,
				"bits_per_second":	15650951.758045226,
				"retransmits":	0,
				"omitted":	false,
				"sender":	true
			}
		}, {
			"streams":	[{
					"socket":	6,
					"start":	9.000086,
					"end":	10.000222,
					"seconds":	1.0001360177993774,
					"bytes":	1172880,
					"bits_per_second":	9381763.91311826,
					"retransmits":	0,
					"snd_cwnd":	621192,
					"snd_wnd":	1351680,
					"rtt":	609554,
					"rttvar":	2180,
					"pmtu":	1500,
					"omitted":	false,
					"sender":	true
				}],
			"sum":	{
				"start":	9.000086,
				"end":	10.000222,
				"seconds":	1.0001360177993774,
				"bytes":	1172880,
				"bits_per_second":	9381763.91311826,
				"retransmits":	0,
				"omitted":	false,
				"sender":	true
			}
		}],
	"end":	{
		"streams":	[{
				"sender":	{
					"socket":	6,
					"start":	0,
					"end":	10.000222,
					"seconds":	10.000222,
					"bytes":	9885496,
					"bits_per_second":	7908221.2374885269,
					"retransmits":	0,
					"max_snd_cwnd":	621192,
					"max_snd_wnd":	1351680,
					"max_rtt":	609554,
					"min_rtt":	262094,
					"mean_rtt":	488896,
					"sender":	true
				},
				"receiver":	{
					"socket":	6,
					"start":	0,
					"end":	10.672464,
					"seconds":	10.000222,
					"bytes":	7444168,
					"bits_per_second":	5580093.2193352915,
					"sender":	true
				}
			}],
		"sum_sent":	{
			"start":	0,
			"end":	10.000222,
			"seconds":	10.000222,
			"bytes":	9885496,
			"bits_per_second":	7908221.2374885269,
			"retransmits":	0,
			"sender":	true
		},
		"sum_received":	{
			"start":	0,
			"end":	10.672464,
			"seconds":	10.672464,
			"bytes":	7444168,
			"bits_per_second":	5580093.2193352915,
			"sender":	true
		},
		"cpu_utilization_percent":	{
			"host_total":	1.4441997236279258,
			"host_user":	0.14724123131776656,
			"host_system":	1.2969584923101594,
			"remote_total":	0.666152696683938,
			"remote_user":	0.046530899384379147,
			"remote_system":	0.619603057509231
		},
		"sender_tcp_congestion":	"cubic",
		"receiver_tcp_congestion":	"cubic"
	}
}
