{
	"start":	{
		"connected":	[{
				"socket":	6,
				"local_host":	"192.168.101.210",
				"local_port":	33976,
				"remote_host":	"192.168.100.168",
				"remote_port":	5201
			}],
		"version":	"iperf 3.11",
		"system_info":	"Linux f1 6.0.10-300.fc37.x86_64 #1 SMP PREEMPT_DYNAMIC Sat Nov 26 16:55:13 UTC 2022 x86_64",
		"timestamp":	{
			"time":	"Fri, 09 Dec 2022 22:49:36 GMT",
			"timesecs":	1670626176
		},
		"connecting_to":	{
			"host":	"192.168.100.168",
			"port":	5201
		},
		"cookie":	"yd54ujfr4iwksu3vpnxwax2jryxvhodtt4of",
		"tcp_mss_default":	1448,
		"target_bitrate":	0,
		"sock_bufsize":	0,
		"sndbuf_actual":	16384,
		"rcvbuf_actual":	131072,
		"test_start":	{
			"protocol":	"TCP",
			"num_streams":	1,
			"blksize":	131072,
			"omit":	0,
			"duration":	10,
			"bytes":	0,
			"blocks":	0,
			"reverse":	0,
			"tos":	0,
			"target_bitrate":	0
		}
	},
	"intervals":	[{
			"streams":	[{
					"socket":	6,
					"start":	0,
					"end":	1.000107,
					"seconds":	1.0001070499420166,
					"bytes":	1156952,
					"bits_per_second":	9254625.29289901,
					"retransmits":	0,
					"snd_cwnd":	99912,
					"snd_wnd":	499840,
					"rtt":	123104,
					"rttvar":	1219,
					"pmtu":	1500,
					"omitted":	false,
					"sender":	true
				}],
			"sum":	{
				"start":	0,
				"end":	1.000107,
				"seconds":	1.0001070499420166,
				"bytes":	1156952,
				"bits_per_second":	9254625.29289901,
				"retransmits":	0,
				"omitted":	false,
				"sender":	true
			}
		}, {
			"streams":	[{
					"socket":	6,
					"start":	1.000107,
					"end":	2.000112,
					"seconds":	1.0000050067901611,
					"bytes":	1107720,
					"bits_per_second":	8861715.6312493663,
					"retransmits":	0,
					"snd_cwnd":	141904,
					"snd_wnd":	499840,
					"rtt":	147971,
					"rttvar":	505,
					"pmtu":	1500,
					"omitted":	false,
					"sender":	true
				}],
			"sum":	{
				"start":	1.000107,
				"end":	2.000112,
				"seconds":	1.0000050067901611,
				"bytes":	1107720,
				"bits_per_second":	8861715.6312493663,
				"retransmits":	0,
				"omitted":	false,
				"sender":	true
			}
		}, {
			"streams":	[{
					"socket":	6,
					"start":	2.000112,
					"end":	3.000181,
					"seconds":	1.00006902217865,
					"bytes":	1107720,
					"bits_per_second":	8861148.38423318,
					"retransmits":	0,
					"snd_cwnd":	189688,
					"snd_wnd":	499840,
					"rtt":	180983,
					"rttvar":	1118,
					"pmtu":	1500,
					"omitted":	false,
					"sender":	true
				}],
			"sum":	{
				"start":	2.000112,
				"end":	3.000181,
				"seconds":	1.00006902217865,
				"bytes":	1107720,
				"bits_per_second":	8861148.38423318,
				"retransmits":	0,
				"omitted":	false,
				"sender":	true
			}
		}, {
			"streams":	[{
					"socket":	6,
					"start":	3.000181,
					"end":	4.000093,
					"seconds":	0.99991202354431152,
					"bytes":	1433520,
					"bits_per_second":	11469169.016839793,
					"retransmits":	0,
					"snd_cwnd":	241816,
					"snd_wnd":	529664,
					"rtt":	219973,
					"rttvar":	394,
					"pmtu":	1500,
					"omitted":	false,
					"sender":	true
				}],
			"sum":	{
				"start":	3.000181,
				"end":	4.000093,
				"seconds":	0.99991202354431152,
				"bytes":	1433520,
				"bits_per_second":	11469169.016839793,
				"retransmits":	0,
				"omitted":	false,
				"sender":	true
			}
		}, {
			"streams":	[{
					"socket":	6,
					"start":	4.000093,
					"end":	5.000261,
					"seconds":	1.0001679658889771,
					"bytes":	1107720,
					"bits_per_second":	8860271.77657447,
					"retransmits":	0,
					"snd_cwnd":	295392,
					"snd_wnd":	643968,
					"rtt":	255642,
					"rttvar":	1335,
					"pmtu":	1500,
					"omitted":	false,
					"sender":	true
				}],
			"sum":	{
				"start":	4.000093,
				"end":	5.000261,
				"seconds":	1.0001679658889771,
				"bytes":	1107720,
				"bits_per_second":	8860271.77657447,
				"retransmits":	0,
				"omitted":	false,
				"sender":	true
			}
		}, {
			"streams":	[{
					"socket":	6,
					"start":	5.000261,
					"end":	6.000312,
					"seconds":	1.0000510215759277,
					"bytes":	1368360,
					"bits_per_second":	10946321.501426386,
					"retransmits":	0,
					"snd_cwnd":	350416,
					"snd_wnd":	769280,
					"rtt":	299521,
					"rttvar":	755,
					"pmtu":	1500,
					"omitted":	false,
					"sender":	true
				}],
			"sum":	{
				"start":	5.000261,
				"end":	6.000312,
				"seconds":	1.0000510215759277,
				"bytes":	1368360,
				"bits_per_second":	10946321.501426386,
				"retransmits":	0,
				"omitted":	false,
				"sender":	true
			}
		}, {
			"streams":	[{
					"socket":	6,
					"start":	6.000312,
					"end":	7.000157,
					"seconds":	0.999845027923584,
					"bytes":	1629000,
					"bits_per_second":	13034019.909129366,
					"retransmits":	0,
					"snd_cwnd":	406888,
					"snd_wnd":	896128,
					"rtt":	344398,
					"rttvar":	1009,
					"pmtu":	1500,
					"omitted":	false,
					"sender":	true
				}],
			"sum":	{
				"start":	6.000312,
				"end":	7.000157,
				"seconds":	0.999845027923584,
				"bytes":	1629000,
				"bits_per_second":	13034019.909129366,
				"retransmits":	0,
				"omitted":	false,
				"sender":	true
			}
		}, {
			"streams":	[{
					"socket":	6,
					"start":	7.000157,
					"end":	8.000522,
					"seconds":	1.0003650188446045,
					"bytes":	912240,
					"bits_per_second":	7295257.09368457,
					"retransmits":	0,
					"snd_cwnd":	463360,
					"snd_wnd":	975872,
					"rtt":	384685,
					"rttvar":	1647,
					"pmtu":	1500,
					"omitted":	false,
					"sender":	true
				}],
			"sum":	{
				"start":	7.000157,
				"end":	8.000522,
				"seconds":	1.0003650188446045,
				"bytes":	912240,
				"bits_per_second":	7295257.09368457,
				"retransmits":	0,
				"omitted":	false,
				"sender":	true
			}
		}, {
			"streams":	[{
					"socket":	6,
					"start":	8.000522,
					"end":	9.000127,
					"seconds":	0.99960500001907349,
					"bytes":	2019960,
					"bits_per_second":	16166065.59560192,
					"retransmits":	0,
					"snd_cwnd":	521280,
					"snd_wnd":	1126400,
					"rtt":	429064,
					"rttvar":	811,
					"pmtu":	1500,
					"omitted":	false,
					"sender":	true
				}],
			"sum":	{
				"start":	8.000522,
				"end":	9.000127,
				"seconds":	0.99960500001907349,
				"bytes":	2019960,
				"bits_per_second":	16166065.59560192,
				"retransmits":	0,
				"omitted":	false,
				"sender":	true
			}
		}, {
			"streams":	[{
					"socket":	6,
					"start":	9.000127,
					"end":	10.000359,
					"seconds":	1.0002319812774658,
					"bytes":	1107720,
					"bits_per_second":	8859704.71438239,
					"retransmits":	0,
					"snd_cwnd":	583544,
					"snd_wnd":	1253248,
					"rtt":	473970,
					"rttvar":	1094,
					"pmtu":	1500,
					"omitted":	false,
					"sender":	true
				}],
			"sum":	{
				"start":	9.000127,
				"end":	10.000359,
				"seconds":	1.0002319812774658,
				"bytes":	1107720,
				"bits_per_second":	8859704.71438239,
				"retransmits":	0,
				"omitted":	false,
				"sender":	true
			}
		}],
	"end":	{
		"streams":	[{
				"sender":	{
					"socket":	6,
					"start":	0,
					"end":	10.000359,
					"seconds":	10.000359,
					"bytes":	12950912,
					"bits_per_second":	10360357.663159894,
					"retransmits":	0,
					"max_snd_cwnd":	583544,
					"max_snd_wnd":	1253248,
					"max_rtt":	473970,
					"min_rtt":	123104,
					"mean_rtt":	285931,
					"sender":	true
				},
				"receiver":	{
					"socket":	6,
					"start":	0,
					"end":	10.50226,
					"seconds":	10.000359,
					"bytes":	10841176,
					"bits_per_second":	8258166.14709596,
					"sender":	true
				}
			}],
		"sum_sent":	{
			"start":	0,
			"end":	10.000359,
			"seconds":	10.000359,
			"bytes":	12950912,
			"bits_per_second":	10360357.663159894,
			"retransmits":	0,
			"sender":	true
		},
		"sum_received":	{
			"start":	0,
			"end":	10.50226,
			"seconds":	10.50226,
			"bytes":	10841176,
			"bits_per_second":	8258166.14709596,
			"sender":	true
		},
		"cpu_utilization_percent":	{
			"host_total":	0.2992744591607327,
			"host_user":	0.02746145842717318,
			"host_system":	0.27180310114508538,
			"remote_total":	0.938853724550157,
			"remote_user":	0.092037201463492438,
			"remote_system":	0.84681652308666444
		},
		"sender_tcp_congestion":	"cubic",
		"receiver_tcp_congestion":	"cubic"
	}
}
