{
	"start":	{
		"connected":	[{
				"socket":	6,
				"local_host":	"192.168.101.210",
				"local_port":	45808,
				"remote_host":	"192.168.100.168",
				"remote_port":	5201
			}],
		"version":	"iperf 3.11",
		"system_info":	"Linux f1 6.0.10-300.fc37.x86_64 #1 SMP PREEMPT_DYNAMIC Sat Nov 26 16:55:13 UTC 2022 x86_64",
		"timestamp":	{
			"time":	"Fri, 09 Dec 2022 22:53:17 GMT",
			"timesecs":	1670626397
		},
		"connecting_to":	{
			"host":	"192.168.100.168",
			"port":	5201
		},
		"cookie":	"aqod2dnilacocheef76ex7riiv6sjxvgy3ga",
		"tcp_mss_default":	1448,
		"target_bitrate":	0,
		"sock_bufsize":	0,
		"sndbuf_actual":	16384,
		"rcvbuf_actual":	131072,
		"test_start":	{
			"protocol":	"TCP",
			"num_streams":	1,
			"blksize":	131072,
			"omit":	0,
			"duration":	10,
			"bytes":	0,
			"blocks":	0,
			"reverse":	0,
			"tos":	0,
			"target_bitrate":	0
		}
	},
	"intervals":	[{
			"streams":	[{
					"socket":	6,
					"start":	0,
					"end":	1.00039,
					"seconds":	1.00039005279541,
					"bytes":	1125096,
					"bits_per_second":	8997258.59413433,
					"retransmits":	36,
					"snd_cwnd":	137560,
					"snd_wnd":	630784,
					"rtt":	226564,
					"rttvar":	2213,
					"pmtu":	1500,
					"omitted":	false,
					"sender":	true
				}],
			"sum":	{
				"start":	0,
				"end":	1.00039,
				"seconds":	1.00039005279541,
				"bytes":	1125096,
				"bits_per_second":	8997258.59413433,
				"retransmits":	36,
				"omitted":	false,
				"sender":	true
			}
		}, {
			"streams":	[{
					"socket":	6,
					"start":	1.00039,
					"end":	2.000658,
					"seconds":	1.00026798248291,
					"bytes":	521280,
					"bits_per_second":	4169122.7481343979,
					"retransmits":	88,
					"snd_cwnd":	118736,
					"snd_wnd":	762624,
					"rtt":	228155,
					"rttvar":	903,
					"pmtu":	1500,
					"omitted":	false,
					"sender":	true
				}],
			"sum":	{
				"start":	1.00039,
				"end":	2.000658,
				"seconds":	1.00026798248291,
				"bytes":	521280,
				"bits_per_second":	4169122.7481343979,
				"retransmits":	88,
				"omitted":	false,
				"sender":	true
			}
		}, {
			"streams":	[{
					"socket":	6,
					"start":	2.000658,
					"end":	3.000839,
					"seconds":	1.0001809597015381,
					"bytes":	456120,
					"bits_per_second":	3648299.80475621,
					"retransmits":	37,
					"snd_cwnd":	78192,
					"snd_wnd":	1184128,
					"rtt":	227027,
					"rttvar":	910,
					"pmtu":	1500,
					"omitted":	false,
					"sender":	true
				}],
			"sum":	{
				"start":	2.000658,
				"end":	3.000839,
				"seconds":	1.0001809597015381,
				"bytes":	456120,
				"bits_per_second":	3648299.80475621,
				"retransmits":	37,
				"omitted":	false,
				"sender":	true
			}
		}, {
			"streams":	[{
					"socket":	6,
					"start":	3.000839,
					"end":	4.000405,
					"seconds":	0.99956601858139038,
					"bytes":	456120,
					"bits_per_second":	3650544.268380289,
					"retransmits":	31,
					"snd_cwnd":	47784,
					"snd_wnd":	1205632,
					"rtt":	226299,
					"rttvar":	2264,
					"pmtu":	1500,
					"omitted":	false,
					"sender":	true
				}],
			"sum":	{
				"start":	3.000839,
				"end":	4.000405,
				"seconds":	0.99956601858139038,
				"bytes":	456120,
				"bits_per_second":	3650544.268380289,
				"retransmits":	31,
				"omitted":	false,
				"sender":	true
			}
		}, {
			"streams":	[{
					"socket":	6,
					"start":	4.000405,
					"end":	5.001038,
					"seconds":	1.0006330013275146,
					"bytes":	0,
					"bits_per_second":	0,
					"retransmits":	2,
					"snd_cwnd":	46336,
					"snd_wnd":	1207040,
					"rtt":	205838,
					"rttvar":	5667,
					"pmtu":	1500,
					"omitted":	false,
					"sender":	true
				}],
			"sum":	{
				"start":	4.000405,
				"end":	5.001038,
				"seconds":	1.0006330013275146,
				"bytes":	0,
				"bits_per_second":	0,
				"retransmits":	2,
				"omitted":	false,
				"sender":	true
			}
		}, {
			"streams":	[{
					"socket":	6,
					"start":	5.001038,
					"end":	6.00011,
					"seconds":	0.999072015285492,
					"bytes":	456120,
					"bits_per_second":	3652349.3243450359,
					"retransmits":	16,
					"snd_cwnd":	34752,
					"snd_wnd":	1207040,
					"rtt":	194843,
					"rttvar":	4997,
					"pmtu":	1500,
					"omitted":	false,
					"sender":	true
				}],
			"sum":	{
				"start":	5.001038,
				"end":	6.00011,
				"seconds":	0.999072015285492,
				"bytes":	456120,
				"bits_per_second":	3652349.3243450359,
				"retransmits":	16,
				"omitted":	false,
				"sender":	true
			}
		}, {
			"streams":	[{
					"socket":	6,
					"start":	6.00011,
					"end":	7.001028,
					"seconds":	1.0009180307388306,
					"bytes":	0,
					"bits_per_second":	0,
					"retransmits":	13,
					"snd_cwnd":	23168,
					"snd_wnd":	1207040,
					"rtt":	221506,
					"rttvar":	5806,
					"pmtu":	1500,
					"omitted":	false,
					"sender":	true
				}],
			"sum":	{
				"start":	6.00011,
				"end":	7.001028,
				"seconds":	1.0009180307388306,
				"bytes":	0,
				"bits_per_second":	0,
				"retransmits":	13,
				"omitted":	false,
				"sender":	true
			}
		}, {
			"streams":	[{
					"socket":	6,
					"start":	7.001028,
					"end":	8.001027,
					"seconds":	0.99999898672103882,
					"bytes":	0,
					"bits_per_second":	0,
					"retransmits":	0,
					"snd_cwnd":	36200,
					"snd_wnd":	1207040,
					"rtt":	218892,
					"rttvar":	8659,
					"pmtu":	1500,
					"omitted":	false,
					"sender":	true
				}],
			"sum":	{
				"start":	7.001028,
				"end":	8.001027,
				"seconds":	0.99999898672103882,
				"bytes":	0,
				"bits_per_second":	0,
				"retransmits":	0,
				"omitted":	false,
				"sender":	true
			}
		}, {
			"streams":	[{
					"socket":	6,
					"start":	8.001027,
					"end":	9.001024,
					"seconds":	0.99999701976776123,
					"bytes":	0,
					"bits_per_second":	0,
					"retransmits":	8,
					"snd_cwnd":	31856,
					"snd_wnd":	1207040,
					"rtt":	202964,
					"rttvar":	4618,
					"pmtu":	1500,
					"omitted":	false,
					"sender":	true
				}],
			"sum":	{
				"start":	8.001027,
				"end":	9.001024,
				"seconds":	0.99999701976776123,
				"bytes":	0,
				"bits_per_second":	0,
				"retransmits":	8,
				"omitted":	false,
				"sender":	true
			}
		}, {
			"streams":	[{
					"socket":	6,
					"start":	9.001024,
					"end":	10.00095,
					"seconds":	0.999925971031189,
					"bytes":	456120,
					"bits_per_second":	3649230.1487448658,
					"retransmits":	4,
					"snd_cwnd":	26064,
					"snd_wnd":	1207040,
					"rtt":	197107,
					"rttvar":	3720,
					"pmtu":	1500,
					"omitted":	false,
					"sender":	true
				}],
			"sum":	{
				"start":	9.001024,
				"end":	10.00095,
				"seconds":	0.999925971031189,
				"bytes":	456120,
				"bits_per_second":	3649230.1487448658,
				"retransmits":	4,
				"omitted":	false,
				"sender":	true
			}
		}],
	"end":	{
		"streams":	[{
				"sender":	{
					"socket":	6,
					"start":	0,
					"end":	10.00095,
					"seconds":	10.00095,
					"bytes":	3470856,
					"bits_per_second":	2776421.0400012,
					"retransmits":	235,
					"max_snd_cwnd":	137560,
					"max_snd_wnd":	1207040,
					"max_rtt":	228155,
					"min_rtt":	194843,
					"mean_rtt":	214919,
					"sender":	true
				},
				"receiver":	{
					"socket":	6,
					"start":	0,
					"end":	10.198943,
					"seconds":	10.00095,
					"bytes":	2332728,
					"bits_per_second":	1829780.2036936572,
					"sender":	true
				}
			}],
		"sum_sent":	{
			"start":	0,
			"end":	10.00095,
			"seconds":	10.00095,
			"bytes":	3470856,
			"bits_per_second":	2776421.0400012,
			"retransmits":	235,
			"sender":	true
		},
		"sum_received":	{
			"start":	0,
			"end":	10.198943,
			"seconds":	10.198943,
			"bytes":	2332728,
			"bits_per_second":	1829780.2036936572,
			"sender":	true
		},
		"cpu_utilization_percent":	{
			"host_total":	1.4331078472605465,
			"host_user":	0.22985940659299409,
			"host_system":	1.2032484406675525,
			"remote_total":	0.19521609765079831,
			"remote_user":	0.00432397283093933,
			"remote_system":	0.19090192974691325
		},
		"sender_tcp_congestion":	"cubic",
		"receiver_tcp_congestion":	"cubic"
	}
}
