{
	"start":	{
		"connected":	[{
				"socket":	6,
				"local_host":	"192.168.101.210",
				"local_port":	48186,
				"remote_host":	"192.168.100.168",
				"remote_port":	5202
			}],
		"version":	"iperf 3.11",
		"system_info":	"Linux f1 6.0.10-300.fc37.x86_64 #1 SMP PREEMPT_DYNAMIC Sat Nov 26 16:55:13 UTC 2022 x86_64",
		"timestamp":	{
			"time":	"Fri, 09 Dec 2022 22:51:47 GMT",
			"timesecs":	1670626307
		},
		"connecting_to":	{
			"host":	"192.168.100.168",
			"port":	5202
		},
		"cookie":	"tvuiloghimfko67xzwm2qb3lvaek7spf2oe6",
		"tcp_mss_default":	1448,
		"target_bitrate":	0,
		"sock_bufsize":	0,
		"sndbuf_actual":	16384,
		"rcvbuf_actual":	131072,
		"test_start":	{
			"protocol":	"TCP",
			"num_streams":	1,
			"blksize":	131072,
			"omit":	0,
			"duration":	10,
			"bytes":	0,
			"blocks":	0,
			"reverse":	0,
			"tos":	0,
			"target_bitrate":	0
		}
	},
	"intervals":	[{
			"streams":	[{
					"socket":	6,
					"start":	0,
					"end":	1.000565,
					"seconds":	1.0005650520324707,
					"bytes":	1057040,
					"bits_per_second":	8451544.4376379959,
					"retransmits":	0,
					"snd_cwnd":	108600,
					"snd_wnd":	469760,
					"rtt":	271660,
					"rttvar":	2480,
					"pmtu":	1500,
					"omitted":	false,
					"sender":	true
				}],
			"sum":	{
				"start":	0,
				"end":	1.000565,
				"seconds":	1.0005650520324707,
				"bytes":	1057040,
				"bits_per_second":	8451544.4376379959,
				"retransmits":	0,
				"omitted":	false,
				"sender":	true
			}
		}, {
			"streams":	[{
					"socket":	6,
					"start":	1.000565,
					"end":	2.000647,
					"seconds":	1.0000820159912109,
					"bytes":	390960,
					"bits_per_second":	3127423.5012616077,
					"retransmits":	0,
					"snd_cwnd":	101360,
					"snd_wnd":	471296,
					"rtt":	302135,
					"rttvar":	9021,
					"pmtu":	1500,
					"omitted":	false,
					"sender":	true
				}],
			"sum":	{
				"start":	1.000565,
				"end":	2.000647,
				"seconds":	1.0000820159912109,
				"bytes":	390960,
				"bits_per_second":	3127423.5012616077,
				"retransmits":	0,
				"omitted":	false,
				"sender":	true
			}
		}, {
			"streams":	[{
					"socket":	6,
					"start":	2.000647,
					"end":	3.000956,
					"seconds":	1.0003089904785156,
					"bytes":	456120,
					"bits_per_second":	3647832.85438078,
					"retransmits":	0,
					"snd_cwnd":	104256,
					"snd_wnd":	471424,
					"rtt":	334832,
					"rttvar":	2193,
					"pmtu":	1500,
					"omitted":	false,
					"sender":	true
				}],
			"sum":	{
				"start":	2.000647,
				"end":	3.000956,
				"seconds":	1.0003089904785156,
				"bytes":	456120,
				"bits_per_second":	3647832.85438078,
				"retransmits":	0,
				"omitted":	false,
				"sender":	true
			}
		}, {
			"streams":	[{
					"socket":	6,
					"start":	3.000956,
					"end":	4.000435,
					"seconds":	0.99947899580001831,
					"bytes":	456120,
					"bits_per_second":	3650862.1144952062,
					"retransmits":	0,
					"snd_cwnd":	72400,
					"snd_wnd":	471552,
					"rtt":	362185,
					"rttvar":	1997,
					"pmtu":	1500,
					"omitted":	false,
					"sender":	true
				}],
			"sum":	{
				"start":	3.000956,
				"end":	4.000435,
				"seconds":	0.99947899580001831,
				"bytes":	456120,
				"bits_per_second":	3650862.1144952062,
				"retransmits":	0,
				"omitted":	false,
				"sender":	true
			}
		}, {
			"streams":	[{
					"socket":	6,
					"start":	4.000435,
					"end":	5.001031,
					"seconds":	1.0005960464477539,
					"bytes":	0,
					"bits_per_second":	0,
					"retransmits":	0,
					"snd_cwnd":	72400,
					"snd_wnd":	471552,
					"rtt":	384821,
					"rttvar":	4793,
					"pmtu":	1500,
					"omitted":	false,
					"sender":	true
				}],
			"sum":	{
				"start":	4.000435,
				"end":	5.001031,
				"seconds":	1.0005960464477539,
				"bytes":	0,
				"bits_per_second":	0,
				"retransmits":	0,
				"omitted":	false,
				"sender":	true
			}
		}, {
			"streams":	[{
					"socket":	6,
					"start":	5.001031,
					"end":	6.000078,
					"seconds":	0.99904698133468628,
					"bytes":	456120,
					"bits_per_second":	3652440.8442985709,
					"retransmits":	0,
					"snd_cwnd":	66608,
					"snd_wnd":	471552,
					"rtt":	422606,
					"rttvar":	4128,
					"pmtu":	1500,
					"omitted":	false,
					"sender":	true
				}],
			"sum":	{
				"start":	5.001031,
				"end":	6.000078,
				"seconds":	0.99904698133468628,
				"bytes":	456120,
				"bits_per_second":	3652440.8442985709,
				"retransmits":	0,
				"omitted":	false,
				"sender":	true
			}
		}, {
			"streams":	[{
					"socket":	6,
					"start":	6.000078,
					"end":	7.001056,
					"seconds":	1.0009779930114746,
					"bytes":	0,
					"bits_per_second":	0,
					"retransmits":	0,
					"snd_cwnd":	52128,
					"snd_wnd":	471552,
					"rtt":	455876,
					"rttvar":	4124,
					"pmtu":	1500,
					"omitted":	false,
					"sender":	true
				}],
			"sum":	{
				"start":	6.000078,
				"end":	7.001056,
				"seconds":	1.0009779930114746,
				"bytes":	0,
				"bits_per_second":	0,
				"retransmits":	0,
				"omitted":	false,
				"sender":	true
			}
		}, {
			"streams":	[{
					"socket":	6,
					"start":	7.001056,
					"end":	8.001035,
					"seconds":	0.999979019165039,
					"bytes":	0,
					"bits_per_second":	0,
					"retransmits":	0,
					"snd_cwnd":	52128,
					"snd_wnd":	471552,
					"rtt":	495284,
					"rttvar":	8170,
					"pmtu":	1500,
					"omitted":	false,
					"sender":	true
				}],
			"sum":	{
				"start":	7.001056,
				"end":	8.001035,
				"seconds":	0.999979019165039,
				"bytes":	0,
				"bits_per_second":	0,
				"retransmits":	0,
				"omitted":	false,
				"sender":	true
			}
		}, {
			"streams":	[{
					"socket":	6,
					"start":	8.001035,
					"end":	9.001036,
					"seconds":	1.0000009536743164,
					"bytes":	0,
					"bits_per_second":	0,
					"retransmits":	0,
					"snd_cwnd":	43440,
					"snd_wnd":	471552,
					"rtt":	535361,
					"rttvar":	11621,
					"pmtu":	1500,
					"omitted":	false,
					"sender":	true
				}],
			"sum":	{
				"start":	8.001035,
				"end":	9.001036,
				"seconds":	1.0000009536743164,
				"bytes":	0,
				"bits_per_second":	0,
				"retransmits":	0,
				"omitted":	false,
				"sender":	true
			}
		}, {
			"streams":	[{
					"socket":	6,
					"start":	9.001036,
					"end":	10.001039,
					"seconds":	1.0000029802322388,
					"bytes":	0,
					"bits_per_second":	0,
					"retransmits":	0,
					"snd_cwnd":	43440,
					"snd_wnd":	471552,
					"rtt":	570733,
					"rttvar":	18041,
					"pmtu":	1500,
					"omitted":	false,
					"sender":	true
				}],
			"sum":	{
				"start":	9.001036,
				"end":	10.001039,
				"seconds":	1.0000029802322388,
				"bytes":	0,
				"bits_per_second":	0,
				"retransmits":	0,
				"omitted":	false,
				"sender":	true
			}
		}],
	"end":	{
		"streams":	[{
				"sender":	{
					"socket":	6,
					"start":	0,
					"end":	10.001039,
					"seconds":	10.001039,
					"bytes":	2816360,
					"bits_per_second":	2252853.9284768309,
					"retransmits":	0,
					"max_snd_cwnd":	108600,
					"max_snd_wnd":	471552,
					"max_rtt":	570733,
					"min_rtt":	271660,
					"mean_rtt":	413549,
					"sender":	true
				},
				"receiver":	{
					"socket":	6,
					"start":	0,
					"end":	10.616646,
					"seconds":	10.001039,
					"bytes":	2069192,
					"bits_per_second":	1559205.7981400152,
					"sender":	true
				}
			}],
		"sum_sent":	{
			"start":	0,
			"end":	10.001039,
			"seconds":	10.001039,
			"bytes":	2816360,
			"bits_per_second":	2252853.9284768309,
			"retransmits":	0,
			"sender":	true
		},
		"sum_received":	{
			"start":	0,
			"end":	10.616646,
			"seconds":	10.616646,
			"bytes":	2069192,
			"bits_per_second":	1559205.7981400152,
			"sender":	true
		},
		"cpu_utilization_percent":	{
			"host_total":	0.74838744495880727,
			"host_user":	0.170340868102646,
			"host_system":	0.57804657685616123,
			"remote_total":	0.20401896641693337,
			"remote_user":	0.030348527691383163,
			"remote_system":	0.17367985788374121
		},
		"sender_tcp_congestion":	"bbr",
		"receiver_tcp_congestion":	"bbr"
	}
}
