{
	"start":	{
		"connected":	[{
				"socket":	6,
				"local_host":	"192.168.101.210",
				"local_port":	59056,
				"remote_host":	"192.168.100.168",
				"remote_port":	5202
			}],
		"version":	"iperf 3.11",
		"system_info":	"Linux f1 6.0.10-300.fc37.x86_64 #1 SMP PREEMPT_DYNAMIC Sat Nov 26 16:55:13 UTC 2022 x86_64",
		"timestamp":	{
			"time":	"Fri, 09 Dec 2022 23:13:31 GMT",
			"timesecs":	1670627611
		},
		"connecting_to":	{
			"host":	"192.168.100.168",
			"port":	5202
		},
		"cookie":	"byvxyrylyaxegvqlcfmvrfm2xhfklxm4cvsl",
		"tcp_mss_default":	1448,
		"target_bitrate":	0,
		"sock_bufsize":	0,
		"sndbuf_actual":	16384,
		"rcvbuf_actual":	131072,
		"test_start":	{
			"protocol":	"TCP",
			"num_streams":	1,
			"blksize":	131072,
			"omit":	0,
			"duration":	10,
			"bytes":	0,
			"blocks":	0,
			"reverse":	0,
			"tos":	0,
			"target_bitrate":	0
		}
	},
	"intervals":	[{
			"streams":	[{
					"socket":	6,
					"start":	0,
					"end":	1.000103,
					"seconds":	1.0001029968261719,
					"bytes":	12058624,
					"bits_per_second":	96459057.023271069,
					"retransmits":	641,
					"snd_cwnd":	616848,
					"snd_wnd":	3145728,
					"rtt":	28705,
					"rttvar":	196,
					"pmtu":	1500,
					"omitted":	false,
					"sender":	true
				}],
			"sum":	{
				"start":	0,
				"end":	1.000103,
				"seconds":	1.0001029968261719,
				"bytes":	12058624,
				"bits_per_second":	96459057.023271069,
				"retransmits":	641,
				"omitted":	false,
				"sender":	true
			}
		}, {
			"streams":	[{
					"socket":	6,
					"start":	1.000103,
					"end":	2.000144,
					"seconds":	1.0000410079956055,
					"bytes":	10485760,
					"bits_per_second":	83882640.141061723,
					"retransmits":	91,
					"snd_cwnd":	625536,
					"snd_wnd":	3145728,
					"rtt":	28608,
					"rttvar":	140,
					"pmtu":	1500,
					"omitted":	false,
					"sender":	true
				}],
			"sum":	{
				"start":	1.000103,
				"end":	2.000144,
				"seconds":	1.0000410079956055,
				"bytes":	10485760,
				"bits_per_second":	83882640.141061723,
				"retransmits":	91,
				"omitted":	false,
				"sender":	true
			}
		}, {
			"streams":	[{
					"socket":	6,
					"start":	2.000144,
					"end":	3.00007,
					"seconds":	0.999925971031189,
					"bytes":	11796480,
					"bits_per_second":	94378826.7672232,
					"retransmits":	95,
					"snd_cwnd":	619744,
					"snd_wnd":	3145728,
					"rtt":	25401,
					"rttvar":	139,
					"pmtu":	1500,
					"omitted":	false,
					"sender":	true
				}],
			"sum":	{
				"start":	2.000144,
				"end":	3.00007,
				"seconds":	0.999925971031189,
				"bytes":	11796480,
				"bits_per_second":	94378826.7672232,
				"retransmits":	95,
				"omitted":	false,
				"sender":	true
			}
		}, {
			"streams":	[{
					"socket":	6,
					"start":	3.00007,
					"end":	4.000125,
					"seconds":	1.0000549554824829,
					"bytes":	10485760,
					"bits_per_second":	83881470.253330857,
					"retransmits":	72,
					"snd_cwnd":	622640,
					"snd_wnd":	2966656,
					"rtt":	29155,
					"rttvar":	1198,
					"pmtu":	1500,
					"omitted":	false,
					"sender":	true
				}],
			"sum":	{
				"start":	3.00007,
				"end":	4.000125,
				"seconds":	1.0000549554824829,
				"bytes":	10485760,
				"bits_per_second":	83881470.253330857,
				"retransmits":	72,
				"omitted":	false,
				"sender":	true
			}
		}, {
			"streams":	[{
					"socket":	6,
					"start":	4.000125,
					"end":	5.00007,
					"seconds":	0.99994498491287231,
					"bytes":	11796480,
					"bits_per_second":	94377032.160647169,
					"retransmits":	63,
					"snd_cwnd":	337384,
					"snd_wnd":	3145728,
					"rtt":	30503,
					"rttvar":	1552,
					"pmtu":	1500,
					"omitted":	false,
					"sender":	true
				}],
			"sum":	{
				"start":	4.000125,
				"end":	5.00007,
				"seconds":	0.99994498491287231,
				"bytes":	11796480,
				"bits_per_second":	94377032.160647169,
				"retransmits":	63,
				"omitted":	false,
				"sender":	true
			}
		}, {
			"streams":	[{
					"socket":	6,
					"start":	5.00007,
					"end":	6.00007,
					"seconds":	1,
					"bytes":	11796480,
					"bits_per_second":	94371840,
					"retransmits":	172,
					"snd_cwnd":	668976,
					"snd_wnd":	3145728,
					"rtt":	28404,
					"rttvar":	195,
					"pmtu":	1500,
					"omitted":	false,
					"sender":	true
				}],
			"sum":	{
				"start":	5.00007,
				"end":	6.00007,
				"seconds":	1,
				"bytes":	11796480,
				"bits_per_second":	94371840,
				"retransmits":	172,
				"omitted":	false,
				"sender":	true
			}
		}, {
			"streams":	[{
					"socket":	6,
					"start":	6.00007,
					"end":	7.000114,
					"seconds":	1.0000439882278442,
					"bytes":	10485760,
					"bits_per_second":	83882390.162309423,
					"retransmits":	128,
					"snd_cwnd":	625536,
					"snd_wnd":	3145728,
					"rtt":	27472,
					"rttvar":	164,
					"pmtu":	1500,
					"omitted":	false,
					"sender":	true
				}],
			"sum":	{
				"start":	6.00007,
				"end":	7.000114,
				"seconds":	1.0000439882278442,
				"bytes":	10485760,
				"bits_per_second":	83882390.162309423,
				"retransmits":	128,
				"omitted":	false,
				"sender":	true
			}
		}, {
			"streams":	[{
					"socket":	6,
					"start":	7.000114,
					"end":	8.000075,
					"seconds":	0.999961018562317,
					"bytes":	11796480,
					"bits_per_second":	94375518.893408552,
					"retransmits":	86,
					"snd_cwnd":	613952,
					"snd_wnd":	3145728,
					"rtt":	28441,
					"rttvar":	359,
					"pmtu":	1500,
					"omitted":	false,
					"sender":	true
				}],
			"sum":	{
				"start":	7.000114,
				"end":	8.000075,
				"seconds":	0.999961018562317,
				"bytes":	11796480,
				"bits_per_second":	94375518.893408552,
				"retransmits":	86,
				"omitted":	false,
				"sender":	true
			}
		}, {
			"streams":	[{
					"socket":	6,
					"start":	8.000075,
					"end":	9.0001,
					"seconds":	1.0000250339508057,
					"bytes":	10485760,
					"bits_per_second":	83883980.05257,
					"retransmits":	77,
					"snd_cwnd":	631328,
					"snd_wnd":	3145728,
					"rtt":	27516,
					"rttvar":	306,
					"pmtu":	1500,
					"omitted":	false,
					"sender":	true
				}],
			"sum":	{
				"start":	8.000075,
				"end":	9.0001,
				"seconds":	1.0000250339508057,
				"bytes":	10485760,
				"bits_per_second":	83883980.05257,
				"retransmits":	77,
				"omitted":	false,
				"sender":	true
			}
		}, {
			"streams":	[{
					"socket":	6,
					"start":	9.0001,
					"end":	10.000083,
					"seconds":	0.999983012676239,
					"bytes":	11796480,
					"bits_per_second":	94373443.152233273,
					"retransmits":	104,
					"snd_cwnd":	622640,
					"snd_wnd":	3145728,
					"rtt":	26629,
					"rttvar":	704,
					"pmtu":	1500,
					"omitted":	false,
					"sender":	true
				}],
			"sum":	{
				"start":	9.0001,
				"end":	10.000083,
				"seconds":	0.999983012676239,
				"bytes":	11796480,
				"bits_per_second":	94373443.152233273,
				"retransmits":	104,
				"omitted":	false,
				"sender":	true
			}
		}],
	"end":	{
		"streams":	[{
				"sender":	{
					"socket":	6,
					"start":	0,
					"end":	10.000083,
					"seconds":	10.000083,
					"bytes":	112984064,
					"bits_per_second":	90386500.992041767,
					"retransmits":	1529,
					"max_snd_cwnd":	668976,
					"max_snd_wnd":	3145728,
					"max_rtt":	30503,
					"min_rtt":	25401,
					"mean_rtt":	28083,
					"sender":	true
				},
				"receiver":	{
					"socket":	6,
					"start":	0,
					"end":	10.025719,
					"seconds":	10.000083,
					"bytes":	109339928,
					"bits_per_second":	87247550.425061777,
					"sender":	true
				}
			}],
		"sum_sent":	{
			"start":	0,
			"end":	10.000083,
			"seconds":	10.000083,
			"bytes":	112984064,
			"bits_per_second":	90386500.992041767,
			"retransmits":	1529,
			"sender":	true
		},
		"sum_received":	{
			"start":	0,
			"end":	10.025719,
			"seconds":	10.025719,
			"bytes":	109339928,
			"bits_per_second":	87247550.425061777,
			"sender":	true
		},
		"cpu_utilization_percent":	{
			"host_total":	0.66801587168804832,
			"host_user":	0.041687881023124151,
			"host_system":	0.62632799066492417,
			"remote_total":	2.1080258387144042,
			"remote_user":	0.19365171477271831,
			"remote_system":	1.9143741239416856
		},
		"sender_tcp_congestion":	"bbr",
		"receiver_tcp_congestion":	"bbr"
	}
}
