{
	"start":	{
		"connected":	[{
				"socket":	6,
				"local_host":	"192.168.101.210",
				"local_port":	34106,
				"remote_host":	"192.168.100.168",
				"remote_port":	5201
			}],
		"version":	"iperf 3.11",
		"system_info":	"Linux f1 6.0.10-300.fc37.x86_64 #1 SMP PREEMPT_DYNAMIC Sat Nov 26 16:55:13 UTC 2022 x86_64",
		"timestamp":	{
			"time":	"Fri, 09 Dec 2022 23:17:47 GMT",
			"timesecs":	1670627867
		},
		"connecting_to":	{
			"host":	"192.168.100.168",
			"port":	5201
		},
		"cookie":	"275nqgepfud3y2gt7mmjmobym2pzf4hjphgi",
		"tcp_mss_default":	1448,
		"target_bitrate":	0,
		"sock_bufsize":	0,
		"sndbuf_actual":	16384,
		"rcvbuf_actual":	131072,
		"test_start":	{
			"protocol":	"TCP",
			"num_streams":	1,
			"blksize":	131072,
			"omit":	0,
			"duration":	10,
			"bytes":	0,
			"blocks":	0,
			"reverse":	0,
			"tos":	0,
			"target_bitrate":	0
		}
	},
	"intervals":	[{
			"streams":	[{
					"socket":	6,
					"start":	0,
					"end":	1.000122,
					"seconds":	1.0001219511032104,
					"bytes":	4063232,
					"bits_per_second":	32501892.358370468,
					"retransmits":	0,
					"snd_cwnd":	648704,
					"snd_wnd":	1289216,
					"rtt":	163363,
					"rttvar":	1083,
					"pmtu":	1500,
					"omitted":	false,
					"sender":	true
				}],
			"sum":	{
				"start":	0,
				"end":	1.000122,
				"seconds":	1.0001219511032104,
				"bytes":	4063232,
				"bits_per_second":	32501892.358370468,
				"retransmits":	0,
				"omitted":	false,
				"sender":	true
			}
		}, {
			"streams":	[{
					"socket":	6,
					"start":	1.000122,
					"end":	2.000108,
					"seconds":	0.99998599290847778,
					"bytes":	5242880,
					"bits_per_second":	41943627.508229278,
					"retransmits":	0,
					"snd_cwnd":	2412368,
					"snd_wnd":	3143552,
					"rtt":	419473,
					"rttvar":	518,
					"pmtu":	1500,
					"omitted":	false,
					"sender":	true
				}],
			"sum":	{
				"start":	1.000122,
				"end":	2.000108,
				"seconds":	0.99998599290847778,
				"bytes":	5242880,
				"bits_per_second":	41943627.508229278,
				"retransmits":	0,
				"omitted":	false,
				"sender":	true
			}
		}, {
			"streams":	[{
					"socket":	6,
					"start":	2.000108,
					"end":	3.000157,
					"seconds":	1.0000489950180054,
					"bytes":	5242880,
					"bits_per_second":	41940985.10067983,
					"retransmits":	0,
					"snd_cwnd":	2686040,
					"snd_wnd":	3143552,
					"rtt":	457890,
					"rttvar":	236,
					"pmtu":	1500,
					"omitted":	false,
					"sender":	true
				}],
			"sum":	{
				"start":	2.000108,
				"end":	3.000157,
				"seconds":	1.0000489950180054,
				"bytes":	5242880,
				"bits_per_second":	41940985.10067983,
				"retransmits":	0,
				"omitted":	false,
				"sender":	true
			}
		}, {
			"streams":	[{
					"socket":	6,
					"start":	3.000157,
					"end":	4.000081,
					"seconds":	0.99992400407791138,
					"bytes":	6553600,
					"bits_per_second":	52432784.677819267,
					"retransmits":	0,
					"snd_cwnd":	2981432,
					"snd_wnd":	3143552,
					"rtt":	455995,
					"rttvar":	1027,
					"pmtu":	1500,
					"omitted":	false,
					"sender":	true
				}],
			"sum":	{
				"start":	3.000157,
				"end":	4.000081,
				"seconds":	0.99992400407791138,
				"bytes":	6553600,
				"bits_per_second":	52432784.677819267,
				"retransmits":	0,
				"omitted":	false,
				"sender":	true
			}
		}, {
			"streams":	[{
					"socket":	6,
					"start":	4.000081,
					"end":	5.000187,
					"seconds":	1.0001059770584106,
					"bytes":	5242880,
					"bits_per_second":	41938595.4710181,
					"retransmits":	0,
					"snd_cwnd":	3276824,
					"snd_wnd":	3143552,
					"rtt":	479682,
					"rttvar":	101,
					"pmtu":	1500,
					"omitted":	false,
					"sender":	true
				}],
			"sum":	{
				"start":	4.000081,
				"end":	5.000187,
				"seconds":	1.0001059770584106,
				"bytes":	5242880,
				"bits_per_second":	41938595.4710181,
				"retransmits":	0,
				"omitted":	false,
				"sender":	true
			}
		}, {
			"streams":	[{
					"socket":	6,
					"start":	5.000187,
					"end":	6.00009,
					"seconds":	0.99990302324295044,
					"bytes":	6553600,
					"bits_per_second":	52433884.868114017,
					"retransmits":	0,
					"snd_cwnd":	3276824,
					"snd_wnd":	3143552,
					"rtt":	481808,
					"rttvar":	262,
					"pmtu":	1500,
					"omitted":	false,
					"sender":	true
				}],
			"sum":	{
				"start":	5.000187,
				"end":	6.00009,
				"seconds":	0.99990302324295044,
				"bytes":	6553600,
				"bits_per_second":	52433884.868114017,
				"retransmits":	0,
				"omitted":	false,
				"sender":	true
			}
		}, {
			"streams":	[{
					"socket":	6,
					"start":	6.00009,
					"end":	7.000221,
					"seconds":	1.0001310110092163,
					"bytes":	5242880,
					"bits_per_second":	41937545.7198112,
					"retransmits":	0,
					"snd_cwnd":	3276824,
					"snd_wnd":	3143552,
					"rtt":	481851,
					"rttvar":	175,
					"pmtu":	1500,
					"omitted":	false,
					"sender":	true
				}],
			"sum":	{
				"start":	6.00009,
				"end":	7.000221,
				"seconds":	1.0001310110092163,
				"bytes":	5242880,
				"bits_per_second":	41937545.7198112,
				"retransmits":	0,
				"omitted":	false,
				"sender":	true
			}
		}, {
			"streams":	[{
					"socket":	6,
					"start":	7.000221,
					"end":	8.00012,
					"seconds":	0.99989902973175049,
					"bytes":	6553600,
					"bits_per_second":	52434094.28456533,
					"retransmits":	0,
					"snd_cwnd":	3276824,
					"snd_wnd":	3143552,
					"rtt":	481852,
					"rttvar":	131,
					"pmtu":	1500,
					"omitted":	false,
					"sender":	true
				}],
			"sum":	{
				"start":	7.000221,
				"end":	8.00012,
				"seconds":	0.99989902973175049,
				"bytes":	6553600,
				"bits_per_second":	52434094.28456533,
				"retransmits":	0,
				"omitted":	false,
				"sender":	true
			}
		}, {
			"streams":	[{
					"socket":	6,
					"start":	8.00012,
					"end":	9.000241,
					"seconds":	1.000120997428894,
					"bytes":	5242880,
					"bits_per_second":	41937965.613987662,
					"retransmits":	0,
					"snd_cwnd":	3276824,
					"snd_wnd":	3143552,
					"rtt":	432489,
					"rttvar":	3867,
					"pmtu":	1500,
					"omitted":	false,
					"sender":	true
				}],
			"sum":	{
				"start":	8.00012,
				"end":	9.000241,
				"seconds":	1.000120997428894,
				"bytes":	5242880,
				"bits_per_second":	41937965.613987662,
				"retransmits":	0,
				"omitted":	false,
				"sender":	true
			}
		}, {
			"streams":	[{
					"socket":	6,
					"start":	9.000241,
					"end":	10.000153,
					"seconds":	0.99991202354431152,
					"bytes":	6553600,
					"bits_per_second":	52433412.9058271,
					"retransmits":	0,
					"snd_cwnd":	3276824,
					"snd_wnd":	3143552,
					"rtt":	481817,
					"rttvar":	154,
					"pmtu":	1500,
					"omitted":	false,
					"sender":	true
				}],
			"sum":	{
				"start":	9.000241,
				"end":	10.000153,
				"seconds":	0.99991202354431152,
				"bytes":	6553600,
				"bits_per_second":	52433412.9058271,
				"retransmits":	0,
				"omitted":	false,
				"sender":	true
			}
		}],
	"end":	{
		"streams":	[{
				"sender":	{
					"socket":	6,
					"start":	0,
					"end":	10.000153,
					"seconds":	10.000153,
					"bytes":	56492032,
					"bits_per_second":	45192934.148107536,
					"retransmits":	0,
					"max_snd_cwnd":	3276824,
					"max_snd_wnd":	3143552,
					"max_rtt":	481852,
					"min_rtt":	163363,
					"mean_rtt":	433622,
					"sender":	true
				},
				"receiver":	{
					"socket":	6,
					"start":	0,
					"end":	10.451269,
					"seconds":	10.000153,
					"bytes":	56491752,
					"bits_per_second":	43242023.145706035,
					"sender":	true
				}
			}],
		"sum_sent":	{
			"start":	0,
			"end":	10.000153,
			"seconds":	10.000153,
			"bytes":	56492032,
			"bits_per_second":	45192934.148107536,
			"retransmits":	0,
			"sender":	true
		},
		"sum_received":	{
			"start":	0,
			"end":	10.451269,
			"seconds":	10.451269,
			"bytes":	56491752,
			"bits_per_second":	43242023.145706035,
			"sender":	true
		},
		"cpu_utilization_percent":	{
			"host_total":	1.5150235988437111,
			"host_user":	0.19678987808403894,
			"host_system":	1.3182337207596719,
			"remote_total":	1.5773571827907378,
			"remote_user":	0.16353022438689083,
			"remote_system":	1.4138365266107622
		},
		"sender_tcp_congestion":	"cubic",
		"receiver_tcp_congestion":	"cubic"
	}
}
