{
	"start":	{
		"connected":	[{
				"socket":	6,
				"local_host":	"192.168.101.210",
				"local_port":	59848,
				"remote_host":	"192.168.100.168",
				"remote_port":	5201
			}],
		"version":	"iperf 3.11",
		"system_info":	"Linux f1 6.0.10-300.fc37.x86_64 #1 SMP PREEMPT_DYNAMIC Sat Nov 26 16:55:13 UTC 2022 x86_64",
		"timestamp":	{
			"time":	"Fri, 09 Dec 2022 22:54:12 GMT",
			"timesecs":	1670626452
		},
		"connecting_to":	{
			"host":	"192.168.100.168",
			"port":	5201
		},
		"cookie":	"mfv6pt36h4gdylixh25jz73b2elk5kiq4lqt",
		"tcp_mss_default":	1448,
		"target_bitrate":	0,
		"sock_bufsize":	0,
		"sndbuf_actual":	16384,
		"rcvbuf_actual":	131072,
		"test_start":	{
			"protocol":	"TCP",
			"num_streams":	1,
			"blksize":	131072,
			"omit":	0,
			"duration":	10,
			"bytes":	0,
			"blocks":	0,
			"reverse":	0,
			"tos":	0,
			"target_bitrate":	0
		}
	},
	"intervals":	[{
			"streams":	[{
					"socket":	6,
					"start":	0,
					"end":	1.000393,
					"seconds":	1.0003930330276489,
					"bytes":	1200392,
					"bits_per_second":	9599363.13324424,
					"retransmits":	0,
					"snd_cwnd":	220096,
					"snd_wnd":	790400,
					"rtt":	262942,
					"rttvar":	6153,
					"pmtu":	1500,
					"omitted":	false,
					"sender":	true
				}],
			"sum":	{
				"start":	0,
				"end":	1.000393,
				"seconds":	1.0003930330276489,
				"bytes":	1200392,
				"bits_per_second":	9599363.13324424,
				"retransmits":	0,
				"omitted":	false,
				"sender":	true
			}
		}, {
			"streams":	[{
					"socket":	6,
					"start":	1.000393,
					"end":	2.00034,
					"seconds":	0.99994701147079468,
					"bytes":	977400,
					"bits_per_second":	7819614.3498633523,
					"retransmits":	0,
					"snd_cwnd":	246160,
					"snd_wnd":	893696,
					"rtt":	428782,
					"rttvar":	8189,
					"pmtu":	1500,
					"omitted":	false,
					"sender":	true
				}],
			"sum":	{
				"start":	1.000393,
				"end":	2.00034,
				"seconds":	0.99994701147079468,
				"bytes":	977400,
				"bits_per_second":	7819614.3498633523,
				"retransmits":	0,
				"omitted":	false,
				"sender":	true
			}
		}, {
			"streams":	[{
					"socket":	6,
					"start":	2.00034,
					"end":	3.000531,
					"seconds":	1.0001909732818604,
					"bytes":	586440,
					"bits_per_second":	4690624.2160994783,
					"retransmits":	0,
					"snd_cwnd":	273672,
					"snd_wnd":	893696,
					"rtt":	465682,
					"rttvar":	1065,
					"pmtu":	1500,
					"omitted":	false,
					"sender":	true
				}],
			"sum":	{
				"start":	2.00034,
				"end":	3.000531,
				"seconds":	1.0001909732818604,
				"bytes":	586440,
				"bits_per_second":	4690624.2160994783,
				"retransmits":	0,
				"omitted":	false,
				"sender":	true
			}
		}, {
			"streams":	[{
					"socket":	6,
					"start":	3.000531,
					"end":	4.000787,
					"seconds":	1.0002559423446655,
					"bytes":	586440,
					"bits_per_second":	4690319.5486174962,
					"retransmits":	0,
					"snd_cwnd":	311320,
					"snd_wnd":	893696,
					"rtt":	444631,
					"rttvar":	4027,
					"pmtu":	1500,
					"omitted":	false,
					"sender":	true
				}],
			"sum":	{
				"start":	3.000531,
				"end":	4.000787,
				"seconds":	1.0002559423446655,
				"bytes":	586440,
				"bits_per_second":	4690319.5486174962,
				"retransmits":	0,
				"omitted":	false,
				"sender":	true
			}
		}, {
			"streams":	[{
					"socket":	6,
					"start":	4.000787,
					"end":	5.000192,
					"seconds":	0.999405026435852,
					"bytes":	1368360,
					"bits_per_second":	10953396.981641695,
					"retransmits":	0,
					"snd_cwnd":	343176,
					"snd_wnd":	893696,
					"rtt":	492526,
					"rttvar":	827,
					"pmtu":	1500,
					"omitted":	false,
					"sender":	true
				}],
			"sum":	{
				"start":	4.000787,
				"end":	5.000192,
				"seconds":	0.999405026435852,
				"bytes":	1368360,
				"bits_per_second":	10953396.981641695,
				"retransmits":	0,
				"omitted":	false,
				"sender":	true
			}
		}, {
			"streams":	[{
					"socket":	6,
					"start":	5.000192,
					"end":	6.000299,
					"seconds":	1.0001070499420166,
					"bytes":	781920,
					"bits_per_second":	6254690.43575152,
					"retransmits":	0,
					"snd_cwnd":	377928,
					"snd_wnd":	893696,
					"rtt":	515085,
					"rttvar":	882,
					"pmtu":	1500,
					"omitted":	false,
					"sender":	true
				}],
			"sum":	{
				"start":	5.000192,
				"end":	6.000299,
				"seconds":	1.0001070499420166,
				"bytes":	781920,
				"bits_per_second":	6254690.43575152,
				"retransmits":	0,
				"omitted":	false,
				"sender":	true
			}
		}, {
			"streams":	[{
					"socket":	6,
					"start":	6.000299,
					"end":	7.000324,
					"seconds":	1.0000250339508057,
					"bytes":	847080,
					"bits_per_second":	6776470.3581744172,
					"retransmits":	0,
					"snd_cwnd":	414128,
					"snd_wnd":	893696,
					"rtt":	544257,
					"rttvar":	1298,
					"pmtu":	1500,
					"omitted":	false,
					"sender":	true
				}],
			"sum":	{
				"start":	6.000299,
				"end":	7.000324,
				"seconds":	1.0000250339508057,
				"bytes":	847080,
				"bits_per_second":	6776470.3581744172,
				"retransmits":	0,
				"omitted":	false,
				"sender":	true
			}
		}, {
			"streams":	[{
					"socket":	6,
					"start":	7.000324,
					"end":	8.000376,
					"seconds":	1.0000519752502441,
					"bytes":	912240,
					"bits_per_second":	7297540.70849551,
					"retransmits":	0,
					"snd_cwnd":	450328,
					"snd_wnd":	971264,
					"rtt":	565982,
					"rttvar":	1107,
					"pmtu":	1500,
					"omitted":	false,
					"sender":	true
				}],
			"sum":	{
				"start":	7.000324,
				"end":	8.000376,
				"seconds":	1.0000519752502441,
				"bytes":	912240,
				"bits_per_second":	7297540.70849551,
				"retransmits":	0,
				"omitted":	false,
				"sender":	true
			}
		}, {
			"streams":	[{
					"socket":	6,
					"start":	8.000376,
					"end":	9.000402,
					"seconds":	1.0000259876251221,
					"bytes":	977400,
					"bits_per_second":	7818996.8028422566,
					"retransmits":	0,
					"snd_cwnd":	508248,
					"snd_wnd":	1062272,
					"rtt":	562133,
					"rttvar":	1345,
					"pmtu":	1500,
					"omitted":	false,
					"sender":	true
				}],
			"sum":	{
				"start":	8.000376,
				"end":	9.000402,
				"seconds":	1.0000259876251221,
				"bytes":	977400,
				"bits_per_second":	7818996.8028422566,
				"retransmits":	0,
				"omitted":	false,
				"sender":	true
			}
		}, {
			"streams":	[{
					"socket":	6,
					"start":	9.000402,
					"end":	10.000596,
					"seconds":	1.0001939535140991,
					"bytes":	1107720,
					"bits_per_second":	8860041.5638036355,
					"retransmits":	0,
					"snd_cwnd":	621192,
					"snd_wnd":	1326976,
					"rtt":	608076,
					"rttvar":	3352,
					"pmtu":	1500,
					"omitted":	false,
					"sender":	true
				}],
			"sum":	{
				"start":	9.000402,
				"end":	10.000596,
				"seconds":	1.0001939535140991,
				"bytes":	1107720,
				"bits_per_second":	8860041.5638036355,
				"retransmits":	0,
				"omitted":	false,
				"sender":	true
			}
		}],
	"end":	{
		"streams":	[{
				"sender":	{
					"socket":	6,
					"start":	0,
					"end":	10.000596,
					"seconds":	10.000596,
					"bytes":	9345392,
					"bits_per_second":	7475868.03826492,
					"retransmits":	0,
					"max_snd_cwnd":	621192,
					"max_snd_wnd":	1326976,
					"max_rtt":	608076,
					"min_rtt":	262942,
					"mean_rtt":	489009,
					"sender":	true
				},
				"receiver":	{
					"socket":	6,
					"start":	0,
					"end":	10.667115,
					"seconds":	10.000596,
					"bytes":	7416656,
					"bits_per_second":	5562258.2113345545,
					"sender":	true
				}
			}],
		"sum_sent":	{
			"start":	0,
			"end":	10.000596,
			"seconds":	10.000596,
			"bytes":	9345392,
			"bits_per_second":	7475868.03826492,
			"retransmits":	0,
			"sender":	true
		},
		"sum_received":	{
			"start":	0,
			"end":	10.667115,
			"seconds":	10.667115,
			"bytes":	7416656,
			"bits_per_second":	5562258.2113345545,
			"sender":	true
		},
		"cpu_utilization_percent":	{
			"host_total":	1.4428693006228757,
			"host_user":	0.16427603240322811,
			"host_system":	1.2786027001558251,
			"remote_total":	0.682198619909689,
			"remote_user":	0.049816595432247562,
			"remote_system":	0.63237264988289266
		},
		"sender_tcp_congestion":	"cubic",
		"receiver_tcp_congestion":	"cubic"
	}
}
