{
	"start":	{
		"connected":	[{
				"socket":	6,
				"local_host":	"192.168.101.210",
				"local_port":	43466,
				"remote_host":	"192.168.100.168",
				"remote_port":	5202
			}],
		"version":	"iperf 3.11",
		"system_info":	"Linux f1 6.0.10-300.fc37.x86_64 #1 SMP PREEMPT_DYNAMIC Sat Nov 26 16:55:13 UTC 2022 x86_64",
		"timestamp":	{
			"time":	"Fri, 09 Dec 2022 23:17:09 GMT",
			"timesecs":	1670627829
		},
		"connecting_to":	{
			"host":	"192.168.100.168",
			"port":	5202
		},
		"cookie":	"oqzz3wkrjnrh5rgokuz33ldzt5q4577zym4y",
		"tcp_mss_default":	1448,
		"target_bitrate":	0,
		"sock_bufsize":	0,
		"sndbuf_actual":	16384,
		"rcvbuf_actual":	131072,
		"test_start":	{
			"protocol":	"TCP",
			"num_streams":	1,
			"blksize":	131072,
			"omit":	0,
			"duration":	10,
			"bytes":	0,
			"blocks":	0,
			"reverse":	0,
			"tos":	0,
			"target_bitrate":	0
		}
	},
	"intervals":	[{
			"streams":	[{
					"socket":	6,
					"start":	0,
					"end":	1.000222,
					"seconds":	1.0002219676971436,
					"bytes":	5111808,
					"bits_per_second":	40885388.764409147,
					"retransmits":	0,
					"snd_cwnd":	1660856,
					"snd_wnd":	3141248,
					"rtt":	197603,
					"rttvar":	396,
					"pmtu":	1500,
					"omitted":	false,
					"sender":	true
				}],
			"sum":	{
				"start":	0,
				"end":	1.000222,
				"seconds":	1.0002219676971436,
				"bytes":	5111808,
				"bits_per_second":	40885388.764409147,
				"retransmits":	0,
				"omitted":	false,
				"sender":	true
			}
		}, {
			"streams":	[{
					"socket":	6,
					"start":	1.000222,
					"end":	2.000095,
					"seconds":	0.99987298250198364,
					"bytes":	6553600,
					"bits_per_second":	52435460.2209646,
					"retransmits":	0,
					"snd_cwnd":	1833168,
					"snd_wnd":	3143552,
					"rtt":	235365,
					"rttvar":	807,
					"pmtu":	1500,
					"omitted":	false,
					"sender":	true
				}],
			"sum":	{
				"start":	1.000222,
				"end":	2.000095,
				"seconds":	0.99987298250198364,
				"bytes":	6553600,
				"bits_per_second":	52435460.2209646,
				"retransmits":	0,
				"omitted":	false,
				"sender":	true
			}
		}, {
			"streams":	[{
					"socket":	6,
					"start":	2.000095,
					"end":	3.000253,
					"seconds":	1.0001579523086548,
					"bytes":	3932160,
					"bits_per_second":	31452312.034701589,
					"retransmits":	0,
					"snd_cwnd":	1833168,
					"snd_wnd":	3143552,
					"rtt":	330107,
					"rttvar":	410,
					"pmtu":	1500,
					"omitted":	false,
					"sender":	true
				}],
			"sum":	{
				"start":	2.000095,
				"end":	3.000253,
				"seconds":	1.0001579523086548,
				"bytes":	3932160,
				"bits_per_second":	31452312.034701589,
				"retransmits":	0,
				"omitted":	false,
				"sender":	true
			}
		}, {
			"streams":	[{
					"socket":	6,
					"start":	3.000253,
					"end":	4.00007,
					"seconds":	0.99981701374053955,
					"bytes":	6553600,
					"bits_per_second":	52438395.505845726,
					"retransmits":	0,
					"snd_cwnd":	1830272,
					"snd_wnd":	3143552,
					"rtt":	356609,
					"rttvar":	351,
					"pmtu":	1500,
					"omitted":	false,
					"sender":	true
				}],
			"sum":	{
				"start":	3.000253,
				"end":	4.00007,
				"seconds":	0.99981701374053955,
				"bytes":	6553600,
				"bits_per_second":	52438395.505845726,
				"retransmits":	0,
				"omitted":	false,
				"sender":	true
			}
		}, {
			"streams":	[{
					"socket":	6,
					"start":	4.00007,
					"end":	5.000162,
					"seconds":	1.0000920295715332,
					"bytes":	3932160,
					"bits_per_second":	31454385.266401093,
					"retransmits":	0,
					"snd_cwnd":	1291616,
					"snd_wnd":	3143552,
					"rtt":	350382,
					"rttvar":	481,
					"pmtu":	1500,
					"omitted":	false,
					"sender":	true
				}],
			"sum":	{
				"start":	4.00007,
				"end":	5.000162,
				"seconds":	1.0000920295715332,
				"bytes":	3932160,
				"bits_per_second":	31454385.266401093,
				"retransmits":	0,
				"omitted":	false,
				"sender":	true
			}
		}, {
			"streams":	[{
					"socket":	6,
					"start":	5.000162,
					"end":	6.000076,
					"seconds":	0.999913990497589,
					"bytes":	3932160,
					"bits_per_second":	31459985.857729476,
					"retransmits":	0,
					"snd_cwnd":	1456688,
					"snd_wnd":	3143552,
					"rtt":	302760,
					"rttvar":	3550,
					"pmtu":	1500,
					"omitted":	false,
					"sender":	true
				}],
			"sum":	{
				"start":	5.000162,
				"end":	6.000076,
				"seconds":	0.999913990497589,
				"bytes":	3932160,
				"bits_per_second":	31459985.857729476,
				"retransmits":	0,
				"omitted":	false,
				"sender":	true
			}
		}, {
			"streams":	[{
					"socket":	6,
					"start":	6.000076,
					"end":	7.000072,
					"seconds":	0.9999960064888,
					"bytes":	3932160,
					"bits_per_second":	31457405.625501689,
					"retransmits":	0,
					"snd_cwnd":	1193152,
					"snd_wnd":	3143680,
					"rtt":	322594,
					"rttvar":	3435,
					"pmtu":	1500,
					"omitted":	false,
					"sender":	true
				}],
			"sum":	{
				"start":	6.000076,
				"end":	7.000072,
				"seconds":	0.9999960064888,
				"bytes":	3932160,
				"bits_per_second":	31457405.625501689,
				"retransmits":	0,
				"omitted":	false,
				"sender":	true
			}
		}, {
			"streams":	[{
					"socket":	6,
					"start":	7.000072,
					"end":	8.000305,
					"seconds":	1.0002330541610718,
					"bytes":	2621440,
					"bits_per_second":	20966633.638786811,
					"retransmits":	0,
					"snd_cwnd":	1198944,
					"snd_wnd":	3143936,
					"rtt":	360723,
					"rttvar":	2628,
					"pmtu":	1500,
					"omitted":	false,
					"sender":	true
				}],
			"sum":	{
				"start":	7.000072,
				"end":	8.000305,
				"seconds":	1.0002330541610718,
				"bytes":	2621440,
				"bits_per_second":	20966633.638786811,
				"retransmits":	0,
				"omitted":	false,
				"sender":	true
			}
		}, {
			"streams":	[{
					"socket":	6,
					"start":	8.000305,
					"end":	9.000115,
					"seconds":	0.999809980392456,
					"bytes":	3932160,
					"bits_per_second":	31463258.636058077,
					"retransmits":	0,
					"snd_cwnd":	1132336,
					"snd_wnd":	3143936,
					"rtt":	299727,
					"rttvar":	3602,
					"pmtu":	1500,
					"omitted":	false,
					"sender":	true
				}],
			"sum":	{
				"start":	8.000305,
				"end":	9.000115,
				"seconds":	0.999809980392456,
				"bytes":	3932160,
				"bits_per_second":	31463258.636058077,
				"retransmits":	0,
				"omitted":	false,
				"sender":	true
			}
		}, {
			"streams":	[{
					"socket":	6,
					"start":	9.000115,
					"end":	10.000354,
					"seconds":	1.0002390146255493,
					"bytes":	2621440,
					"bits_per_second":	20966508.697774526,
					"retransmits":	0,
					"snd_cwnd":	1103376,
					"snd_wnd":	3143936,
					"rtt":	354719,
					"rttvar":	1778,
					"pmtu":	1500,
					"omitted":	false,
					"sender":	true
				}],
			"sum":	{
				"start":	9.000115,
				"end":	10.000354,
				"seconds":	1.0002390146255493,
				"bytes":	2621440,
				"bits_per_second":	20966508.697774526,
				"retransmits":	0,
				"omitted":	false,
				"sender":	true
			}
		}],
	"end":	{
		"streams":	[{
				"sender":	{
					"socket":	6,
					"start":	0,
					"end":	10.000354,
					"seconds":	10.000354,
					"bytes":	43122688,
					"bits_per_second":	34496929.208706014,
					"retransmits":	0,
					"max_snd_cwnd":	1833168,
					"max_snd_wnd":	3143936,
					"max_rtt":	360723,
					"min_rtt":	197603,
					"mean_rtt":	311058,
					"sender":	true
				},
				"receiver":	{
					"socket":	6,
					"start":	0,
					"end":	10.324977,
					"seconds":	10.000354,
					"bytes":	41634344,
					"bits_per_second":	32259127.744303934,
					"sender":	true
				}
			}],
		"sum_sent":	{
			"start":	0,
			"end":	10.000354,
			"seconds":	10.000354,
			"bytes":	43122688,
			"bits_per_second":	34496929.208706014,
			"retransmits":	0,
			"sender":	true
		},
		"sum_received":	{
			"start":	0,
			"end":	10.324977,
			"seconds":	10.324977,
			"bytes":	41634344,
			"bits_per_second":	32259127.744303934,
			"sender":	true
		},
		"cpu_utilization_percent":	{
			"host_total":	1.0204139513039752,
			"host_user":	0.15581458957944866,
			"host_system":	0.864589747694195,
			"remote_total":	1.7731257191897676,
			"remote_user":	0.18075567552772706,
			"remote_system":	1.5923700436620405
		},
		"sender_tcp_congestion":	"bbr",
		"receiver_tcp_congestion":	"bbr"
	}
}
