{
	"start":	{
		"connected":	[{
				"socket":	6,
				"local_host":	"192.168.101.210",
				"local_port":	43156,
				"remote_host":	"192.168.100.168",
				"remote_port":	5201
			}],
		"version":	"iperf 3.11",
		"system_info":	"Linux f1 6.0.10-300.fc37.x86_64 #1 SMP PREEMPT_DYNAMIC Sat Nov 26 16:55:13 UTC 2022 x86_64",
		"timestamp":	{
			"time":	"Fri, 09 Dec 2022 22:51:11 GMT",
			"timesecs":	1670626271
		},
		"connecting_to":	{
			"host":	"192.168.100.168",
			"port":	5201
		},
		"cookie":	"jxklzlspwapt3bssvlxwnojwveth4hlwhf5o",
		"tcp_mss_default":	1448,
		"target_bitrate":	0,
		"sock_bufsize":	0,
		"sndbuf_actual":	16384,
		"rcvbuf_actual":	131072,
		"test_start":	{
			"protocol":	"TCP",
			"num_streams":	1,
			"blksize":	131072,
			"omit":	0,
			"duration":	10,
			"bytes":	0,
			"blocks":	0,
			"reverse":	0,
			"tos":	0,
			"target_bitrate":	0
		}
	},
	"intervals":	[{
			"streams":	[{
					"socket":	6,
					"start":	0,
					"end":	1.000613,
					"seconds":	1.00061297416687,
					"bytes":	865904,
					"bits_per_second":	6922988.38696125,
					"retransmits":	62,
					"snd_cwnd":	57920,
					"snd_wnd":	460928,
					"rtt":	152063,
					"rttvar":	1156,
					"pmtu":	1500,
					"omitted":	false,
					"sender":	true
				}],
			"sum":	{
				"start":	0,
				"end":	1.000613,
				"seconds":	1.00061297416687,
				"bytes":	865904,
				"bits_per_second":	6922988.38696125,
				"retransmits":	62,
				"omitted":	false,
				"sender":	true
			}
		}, {
			"streams":	[{
					"socket":	6,
					"start":	1.000613,
					"end":	2.000229,
					"seconds":	0.999616026878357,
					"bytes":	521280,
					"bits_per_second":	4171841.8751478018,
					"retransmits":	9,
					"snd_cwnd":	47784,
					"snd_wnd":	519296,
					"rtt":	135762,
					"rttvar":	2859,
					"pmtu":	1500,
					"omitted":	false,
					"sender":	true
				}],
			"sum":	{
				"start":	1.000613,
				"end":	2.000229,
				"seconds":	0.999616026878357,
				"bytes":	521280,
				"bits_per_second":	4171841.8751478018,
				"retransmits":	9,
				"omitted":	false,
				"sender":	true
			}
		}, {
			"streams":	[{
					"socket":	6,
					"start":	2.000229,
					"end":	3.000396,
					"seconds":	1.0001670122146606,
					"bytes":	260640,
					"bits_per_second":	2084771.8176416736,
					"retransmits":	4,
					"snd_cwnd":	37648,
					"snd_wnd":	519296,
					"rtt":	126455,
					"rttvar":	1268,
					"pmtu":	1500,
					"omitted":	false,
					"sender":	true
				}],
			"sum":	{
				"start":	2.000229,
				"end":	3.000396,
				"seconds":	1.0001670122146606,
				"bytes":	260640,
				"bits_per_second":	2084771.8176416736,
				"retransmits":	4,
				"omitted":	false,
				"sender":	true
			}
		}, {
			"streams":	[{
					"socket":	6,
					"start":	3.000396,
					"end":	4.000509,
					"seconds":	1.0001130104064941,
					"bytes":	260640,
					"bits_per_second":	2084884.3863680032,
					"retransmits":	2,
					"snd_cwnd":	33304,
					"snd_wnd":	519296,
					"rtt":	135150,
					"rttvar":	6097,
					"pmtu":	1500,
					"omitted":	false,
					"sender":	true
				}],
			"sum":	{
				"start":	3.000396,
				"end":	4.000509,
				"seconds":	1.0001130104064941,
				"bytes":	260640,
				"bits_per_second":	2084884.3863680032,
				"retransmits":	2,
				"omitted":	false,
				"sender":	true
			}
		}, {
			"streams":	[{
					"socket":	6,
					"start":	4.000509,
					"end":	5.000554,
					"seconds":	1.0000449419021606,
					"bytes":	260640,
					"bits_per_second":	2085026.29495225,
					"retransmits":	0,
					"snd_cwnd":	39096,
					"snd_wnd":	519296,
					"rtt":	146520,
					"rttvar":	6519,
					"pmtu":	1500,
					"omitted":	false,
					"sender":	true
				}],
			"sum":	{
				"start":	4.000509,
				"end":	5.000554,
				"seconds":	1.0000449419021606,
				"bytes":	260640,
				"bits_per_second":	2085026.29495225,
				"retransmits":	0,
				"omitted":	false,
				"sender":	true
			}
		}, {
			"streams":	[{
					"socket":	6,
					"start":	5.000554,
					"end":	6.000557,
					"seconds":	1.0000029802322388,
					"bytes":	260640,
					"bits_per_second":	2085113.7858766739,
					"retransmits":	0,
					"snd_cwnd":	43440,
					"snd_wnd":	519296,
					"rtt":	144491,
					"rttvar":	2234,
					"pmtu":	1500,
					"omitted":	false,
					"sender":	true
				}],
			"sum":	{
				"start":	5.000554,
				"end":	6.000557,
				"seconds":	1.0000029802322388,
				"bytes":	260640,
				"bits_per_second":	2085113.7858766739,
				"retransmits":	0,
				"omitted":	false,
				"sender":	true
			}
		}, {
			"streams":	[{
					"socket":	6,
					"start":	6.000557,
					"end":	7.000562,
					"seconds":	1.0000050067901611,
					"bytes":	260640,
					"bits_per_second":	2085109.5602939685,
					"retransmits":	6,
					"snd_cwnd":	37648,
					"snd_wnd":	519296,
					"rtt":	136217,
					"rttvar":	1282,
					"pmtu":	1500,
					"omitted":	false,
					"sender":	true
				}],
			"sum":	{
				"start":	6.000557,
				"end":	7.000562,
				"seconds":	1.0000050067901611,
				"bytes":	260640,
				"bits_per_second":	2085109.5602939685,
				"retransmits":	6,
				"omitted":	false,
				"sender":	true
			}
		}, {
			"streams":	[{
					"socket":	6,
					"start":	7.000562,
					"end":	8.000519,
					"seconds":	0.999957025051117,
					"bytes":	260640,
					"bits_per_second":	2085209.6117764765,
					"retransmits":	2,
					"snd_cwnd":	31856,
					"snd_wnd":	519296,
					"rtt":	132994,
					"rttvar":	6127,
					"pmtu":	1500,
					"omitted":	false,
					"sender":	true
				}],
			"sum":	{
				"start":	7.000562,
				"end":	8.000519,
				"seconds":	0.999957025051117,
				"bytes":	260640,
				"bits_per_second":	2085209.6117764765,
				"retransmits":	2,
				"omitted":	false,
				"sender":	true
			}
		}, {
			"streams":	[{
					"socket":	6,
					"start":	8.000519,
					"end":	9.00038,
					"seconds":	0.99986100196838379,
					"bytes":	260640,
					"bits_per_second":	2085409.8678667466,
					"retransmits":	0,
					"snd_cwnd":	34752,
					"snd_wnd":	519296,
					"rtt":	139383,
					"rttvar":	1291,
					"pmtu":	1500,
					"omitted":	false,
					"sender":	true
				}],
			"sum":	{
				"start":	8.000519,
				"end":	9.00038,
				"seconds":	0.99986100196838379,
				"bytes":	260640,
				"bits_per_second":	2085409.8678667466,
				"retransmits":	0,
				"omitted":	false,
				"sender":	true
			}
		}, {
			"streams":	[{
					"socket":	6,
					"start":	9.00038,
					"end":	10.000287,
					"seconds":	0.99990701675415039,
					"bytes":	260640,
					"bits_per_second":	2085313.8992549679,
					"retransmits":	10,
					"snd_cwnd":	26064,
					"snd_wnd":	495872,
					"rtt":	138246,
					"rttvar":	5100,
					"pmtu":	1500,
					"omitted":	false,
					"sender":	true
				}],
			"sum":	{
				"start":	9.00038,
				"end":	10.000287,
				"seconds":	0.99990701675415039,
				"bytes":	260640,
				"bits_per_second":	2085313.8992549679,
				"retransmits":	10,
				"omitted":	false,
				"sender":	true
			}
		}],
	"end":	{
		"streams":	[{
				"sender":	{
					"socket":	6,
					"start":	0,
					"end":	10.000287,
					"seconds":	10.000287,
					"bytes":	3472304,
					"bits_per_second":	2777763.4781881762,
					"retransmits":	95,
					"max_snd_cwnd":	57920,
					"max_snd_wnd":	519296,
					"max_rtt":	152063,
					"min_rtt":	126455,
					"mean_rtt":	138728,
					"sender":	true
				},
				"receiver":	{
					"socket":	6,
					"start":	0,
					"end":	10.132194,
					"seconds":	10.000287,
					"bytes":	2825048,
					"bits_per_second":	2230551.8429670809,
					"sender":	true
				}
			}],
		"sum_sent":	{
			"start":	0,
			"end":	10.000287,
			"seconds":	10.000287,
			"bytes":	3472304,
			"bits_per_second":	2777763.4781881762,
			"retransmits":	95,
			"sender":	true
		},
		"sum_received":	{
			"start":	0,
			"end":	10.132194,
			"seconds":	10.132194,
			"bytes":	2825048,
			"bits_per_second":	2230551.8429670809,
			"sender":	true
		},
		"cpu_utilization_percent":	{
			"host_total":	0.753633801280204,
			"host_user":	0.10152443910392524,
			"host_system":	0.65210936217627857,
			"remote_total":	0.26180857644905176,
			"remote_user":	0.00943525461172743,
			"remote_system":	0.25237332183732436
		},
		"sender_tcp_congestion":	"cubic",
		"receiver_tcp_congestion":	"cubic"
	}
}
