{
	"start":	{
		"connected":	[{
				"socket":	6,
				"local_host":	"192.168.101.210",
				"local_port":	49122,
				"remote_host":	"192.168.100.168",
				"remote_port":	5201
			}],
		"version":	"iperf 3.11",
		"system_info":	"Linux f1 6.0.10-300.fc37.x86_64 #1 SMP PREEMPT_DYNAMIC Sat Nov 26 16:55:13 UTC 2022 x86_64",
		"timestamp":	{
			"time":	"Fri, 09 Dec 2022 22:53:58 GMT",
			"timesecs":	1670626438
		},
		"connecting_to":	{
			"host":	"192.168.100.168",
			"port":	5201
		},
		"cookie":	"muhjmensgemugvqng5gbbsmenyeo5euloqcb",
		"tcp_mss_default":	1448,
		"target_bitrate":	0,
		"sock_bufsize":	0,
		"sndbuf_actual":	16384,
		"rcvbuf_actual":	131072,
		"test_start":	{
			"protocol":	"TCP",
			"num_streams":	1,
			"blksize":	131072,
			"omit":	0,
			"duration":	10,
			"bytes":	0,
			"blocks":	0,
			"reverse":	0,
			"tos":	0,
			"target_bitrate":	0
		}
	},
	"intervals":	[{
			"streams":	[{
					"socket":	6,
					"start":	0,
					"end":	1.000383,
					"seconds":	1.0003830194473267,
					"bytes":	1242384,
					"bits_per_second":	9935266.59967795,
					"retransmits":	0,
					"snd_cwnd":	218648,
					"snd_wnd":	806912,
					"rtt":	260557,
					"rttvar":	5499,
					"pmtu":	1500,
					"omitted":	false,
					"sender":	true
				}],
			"sum":	{
				"start":	0,
				"end":	1.000383,
				"seconds":	1.0003830194473267,
				"bytes":	1242384,
				"bits_per_second":	9935266.59967795,
				"retransmits":	0,
				"omitted":	false,
				"sender":	true
			}
		}, {
			"streams":	[{
					"socket":	6,
					"start":	1.000383,
					"end":	2.00031,
					"seconds":	0.99992698431015,
					"bytes":	977400,
					"bits_per_second":	7819770.9659715481,
					"retransmits":	0,
					"snd_cwnd":	246160,
					"snd_wnd":	863872,
					"rtt":	427924,
					"rttvar":	6327,
					"pmtu":	1500,
					"omitted":	false,
					"sender":	true
				}],
			"sum":	{
				"start":	1.000383,
				"end":	2.00031,
				"seconds":	0.99992698431015,
				"bytes":	977400,
				"bits_per_second":	7819770.9659715481,
				"retransmits":	0,
				"omitted":	false,
				"sender":	true
			}
		}, {
			"streams":	[{
					"socket":	6,
					"start":	2.00031,
					"end":	3.000462,
					"seconds":	1.0001519918441772,
					"bytes":	521280,
					"bits_per_second":	4169606.2538559833,
					"retransmits":	0,
					"snd_cwnd":	273672,
					"snd_wnd":	863872,
					"rtt":	465443,
					"rttvar":	1426,
					"pmtu":	1500,
					"omitted":	false,
					"sender":	true
				}],
			"sum":	{
				"start":	2.00031,
				"end":	3.000462,
				"seconds":	1.0001519918441772,
				"bytes":	521280,
				"bits_per_second":	4169606.2538559833,
				"retransmits":	0,
				"omitted":	false,
				"sender":	true
			}
		}, {
			"streams":	[{
					"socket":	6,
					"start":	3.000462,
					"end":	4.000072,
					"seconds":	0.99961000680923462,
					"bytes":	1238040,
					"bits_per_second":	9908184.12434134,
					"retransmits":	0,
					"snd_cwnd":	311320,
					"snd_wnd":	863872,
					"rtt":	445106,
					"rttvar":	2789,
					"pmtu":	1500,
					"omitted":	false,
					"sender":	true
				}],
			"sum":	{
				"start":	3.000462,
				"end":	4.000072,
				"seconds":	0.99961000680923462,
				"bytes":	1238040,
				"bits_per_second":	9908184.12434134,
				"retransmits":	0,
				"omitted":	false,
				"sender":	true
			}
		}, {
			"streams":	[{
					"socket":	6,
					"start":	4.000072,
					"end":	5.000237,
					"seconds":	1.0001649856567383,
					"bytes":	716760,
					"bits_per_second":	5733134.11510285,
					"retransmits":	0,
					"snd_cwnd":	343176,
					"snd_wnd":	863872,
					"rtt":	490115,
					"rttvar":	841,
					"pmtu":	1500,
					"omitted":	false,
					"sender":	true
				}],
			"sum":	{
				"start":	4.000072,
				"end":	5.000237,
				"seconds":	1.0001649856567383,
				"bytes":	716760,
				"bits_per_second":	5733134.11510285,
				"retransmits":	0,
				"omitted":	false,
				"sender":	true
			}
		}, {
			"streams":	[{
					"socket":	6,
					"start":	5.000237,
					"end":	6.000341,
					"seconds":	1.0001039505004883,
					"bytes":	781920,
					"bits_per_second":	6254709.8197838245,
					"retransmits":	0,
					"snd_cwnd":	377928,
					"snd_wnd":	863872,
					"rtt":	510482,
					"rttvar":	1103,
					"pmtu":	1500,
					"omitted":	false,
					"sender":	true
				}],
			"sum":	{
				"start":	5.000237,
				"end":	6.000341,
				"seconds":	1.0001039505004883,
				"bytes":	781920,
				"bits_per_second":	6254709.8197838245,
				"retransmits":	0,
				"omitted":	false,
				"sender":	true
			}
		}, {
			"streams":	[{
					"socket":	6,
					"start":	6.000341,
					"end":	7.000376,
					"seconds":	1.0000350475311279,
					"bytes":	847080,
					"bits_per_second":	6776402.5038223118,
					"retransmits":	0,
					"snd_cwnd":	414128,
					"snd_wnd":	874368,
					"rtt":	540022,
					"rttvar":	556,
					"pmtu":	1500,
					"omitted":	false,
					"sender":	true
				}],
			"sum":	{
				"start":	6.000341,
				"end":	7.000376,
				"seconds":	1.0000350475311279,
				"bytes":	847080,
				"bits_per_second":	6776402.5038223118,
				"retransmits":	0,
				"omitted":	false,
				"sender":	true
			}
		}, {
			"streams":	[{
					"socket":	6,
					"start":	7.000376,
					"end":	8.000414,
					"seconds":	1.0000380277633667,
					"bytes":	912240,
					"bits_per_second":	7297642.48697837,
					"retransmits":	0,
					"snd_cwnd":	451776,
					"snd_wnd":	990720,
					"rtt":	561916,
					"rttvar":	340,
					"pmtu":	1500,
					"omitted":	false,
					"sender":	true
				}],
			"sum":	{
				"start":	7.000376,
				"end":	8.000414,
				"seconds":	1.0000380277633667,
				"bytes":	912240,
				"bits_per_second":	7297642.48697837,
				"retransmits":	0,
				"omitted":	false,
				"sender":	true
			}
		}, {
			"streams":	[{
					"socket":	6,
					"start":	8.000414,
					"end":	9.000447,
					"seconds":	1.0000330209732056,
					"bytes":	977400,
					"bits_per_second":	7818941.8109319657,
					"retransmits":	0,
					"snd_cwnd":	508248,
					"snd_wnd":	1044352,
					"rtt":	563454,
					"rttvar":	773,
					"pmtu":	1500,
					"omitted":	false,
					"sender":	true
				}],
			"sum":	{
				"start":	8.000414,
				"end":	9.000447,
				"seconds":	1.0000330209732056,
				"bytes":	977400,
				"bits_per_second":	7818941.8109319657,
				"retransmits":	0,
				"omitted":	false,
				"sender":	true
			}
		}, {
			"streams":	[{
					"socket":	6,
					"start":	9.000447,
					"end":	10.00062,
					"seconds":	1.0001729726791382,
					"bytes":	1107720,
					"bits_per_second":	8860227.42272492,
					"retransmits":	0,
					"snd_cwnd":	619744,
					"snd_wnd":	1326208,
					"rtt":	608748,
					"rttvar":	2381,
					"pmtu":	1500,
					"omitted":	false,
					"sender":	true
				}],
			"sum":	{
				"start":	9.000447,
				"end":	10.00062,
				"seconds":	1.0001729726791382,
				"bytes":	1107720,
				"bits_per_second":	8860227.42272492,
				"retransmits":	0,
				"omitted":	false,
				"sender":	true
			}
		}],
	"end":	{
		"streams":	[{
				"sender":	{
					"socket":	6,
					"start":	0,
					"end":	10.00062,
					"seconds":	10.00062,
					"bytes":	9322224,
					"bits_per_second":	7457316.8463555258,
					"retransmits":	0,
					"max_snd_cwnd":	619744,
					"max_snd_wnd":	1326208,
					"max_rtt":	608748,
					"min_rtt":	260557,
					"mean_rtt":	487376,
					"sender":	true
				},
				"receiver":	{
					"socket":	6,
					"start":	0,
					"end":	10.669831,
					"seconds":	10.00062,
					"bytes":	7438376,
					"bits_per_second":	5577127.5102670323,
					"sender":	true
				}
			}],
		"sum_sent":	{
			"start":	0,
			"end":	10.00062,
			"seconds":	10.00062,
			"bytes":	9322224,
			"bits_per_second":	7457316.8463555258,
			"retransmits":	0,
			"sender":	true
		},
		"sum_received":	{
			"start":	0,
			"end":	10.669831,
			"seconds":	10.669831,
			"bytes":	7438376,
			"bits_per_second":	5577127.5102670323,
			"sender":	true
		},
		"cpu_utilization_percent":	{
			"host_total":	1.4469854438481804,
			"host_user":	0.1692654753604,
			"host_system":	1.27771996848778,
			"remote_total":	0.655267435075421,
			"remote_user":	0.12773385022945982,
			"remote_system":	0.527533584845961
		},
		"sender_tcp_congestion":	"cubic",
		"receiver_tcp_congestion":	"cubic"
	}
}
