{
	"start":	{
		"connected":	[{
				"socket":	6,
				"local_host":	"192.168.101.210",
				"local_port":	43002,
				"remote_host":	"192.168.100.168",
				"remote_port":	5202
			}],
		"version":	"iperf 3.11",
		"system_info":	"Linux f1 6.0.10-300.fc37.x86_64 #1 SMP PREEMPT_DYNAMIC Sat Nov 26 16:55:13 UTC 2022 x86_64",
		"timestamp":	{
			"time":	"Fri, 09 Dec 2022 22:51:35 GMT",
			"timesecs":	1670626295
		},
		"connecting_to":	{
			"host":	"192.168.100.168",
			"port":	5202
		},
		"cookie":	"kuraiep6ljddk735k3t5wm5yyotwsv6j2mcx",
		"tcp_mss_default":	1448,
		"target_bitrate":	0,
		"sock_bufsize":	0,
		"sndbuf_actual":	16384,
		"rcvbuf_actual":	131072,
		"test_start":	{
			"protocol":	"TCP",
			"num_streams":	1,
			"blksize":	131072,
			"omit":	0,
			"duration":	10,
			"bytes":	0,
			"blocks":	0,
			"reverse":	0,
			"tos":	0,
			"target_bitrate":	0
		}
	},
	"intervals":	[{
			"streams":	[{
					"socket":	6,
					"start":	0,
					"end":	1.000235,
					"seconds":	1.0002349615097046,
					"bytes":	1201840,
					"bits_per_second":	9612461.441547716,
					"retransmits":	0,
					"snd_cwnd":	108600,
					"snd_wnd":	469760,
					"rtt":	271428,
					"rttvar":	2453,
					"pmtu":	1500,
					"omitted":	false,
					"sender":	true
				}],
			"sum":	{
				"start":	0,
				"end":	1.000235,
				"seconds":	1.0002349615097046,
				"bytes":	1201840,
				"bits_per_second":	9612461.441547716,
				"retransmits":	0,
				"omitted":	false,
				"sender":	true
			}
		}, {
			"streams":	[{
					"socket":	6,
					"start":	1.000235,
					"end":	2.000776,
					"seconds":	1.0005409717559814,
					"bytes":	456120,
					"bits_per_second":	3646987.0829936713,
					"retransmits":	0,
					"snd_cwnd":	101360,
					"snd_wnd":	471424,
					"rtt":	300904,
					"rttvar":	7001,
					"pmtu":	1500,
					"omitted":	false,
					"sender":	true
				}],
			"sum":	{
				"start":	1.000235,
				"end":	2.000776,
				"seconds":	1.0005409717559814,
				"bytes":	456120,
				"bits_per_second":	3646987.0829936713,
				"retransmits":	0,
				"omitted":	false,
				"sender":	true
			}
		}, {
			"streams":	[{
					"socket":	6,
					"start":	2.000776,
					"end":	3.000276,
					"seconds":	0.99949997663497925,
					"bytes":	456120,
					"bits_per_second":	3650785.4780396982,
					"retransmits":	0,
					"snd_cwnd":	101360,
					"snd_wnd":	471552,
					"rtt":	335590,
					"rttvar":	1649,
					"pmtu":	1500,
					"omitted":	false,
					"sender":	true
				}],
			"sum":	{
				"start":	2.000776,
				"end":	3.000276,
				"seconds":	0.99949997663497925,
				"bytes":	456120,
				"bits_per_second":	3650785.4780396982,
				"retransmits":	0,
				"omitted":	false,
				"sender":	true
			}
		}, {
			"streams":	[{
					"socket":	6,
					"start":	3.000276,
					"end":	4.001025,
					"seconds":	1.0007489919662476,
					"bytes":	0,
					"bits_per_second":	0,
					"retransmits":	0,
					"snd_cwnd":	72400,
					"snd_wnd":	471552,
					"rtt":	360374,
					"rttvar":	1509,
					"pmtu":	1500,
					"omitted":	false,
					"sender":	true
				}],
			"sum":	{
				"start":	3.000276,
				"end":	4.001025,
				"seconds":	1.0007489919662476,
				"bytes":	0,
				"bits_per_second":	0,
				"retransmits":	0,
				"omitted":	false,
				"sender":	true
			}
		}, {
			"streams":	[{
					"socket":	6,
					"start":	4.001025,
					"end":	5.00058,
					"seconds":	0.999554991722107,
					"bytes":	456120,
					"bits_per_second":	3650584.5403396,
					"retransmits":	0,
					"snd_cwnd":	75296,
					"snd_wnd":	471552,
					"rtt":	383772,
					"rttvar":	3973,
					"pmtu":	1500,
					"omitted":	false,
					"sender":	true
				}],
			"sum":	{
				"start":	4.001025,
				"end":	5.00058,
				"seconds":	0.999554991722107,
				"bytes":	456120,
				"bits_per_second":	3650584.5403396,
				"retransmits":	0,
				"omitted":	false,
				"sender":	true
			}
		}, {
			"streams":	[{
					"socket":	6,
					"start":	5.00058,
					"end":	6.001038,
					"seconds":	1.0004580020904541,
					"bytes":	0,
					"bits_per_second":	0,
					"retransmits":	0,
					"snd_cwnd":	69504,
					"snd_wnd":	471552,
					"rtt":	419201,
					"rttvar":	10317,
					"pmtu":	1500,
					"omitted":	false,
					"sender":	true
				}],
			"sum":	{
				"start":	5.00058,
				"end":	6.001038,
				"seconds":	1.0004580020904541,
				"bytes":	0,
				"bits_per_second":	0,
				"retransmits":	0,
				"omitted":	false,
				"sender":	true
			}
		}, {
			"streams":	[{
					"socket":	6,
					"start":	6.001038,
					"end":	7.001028,
					"seconds":	0.99998998641967773,
					"bytes":	0,
					"bits_per_second":	0,
					"retransmits":	0,
					"snd_cwnd":	63712,
					"snd_wnd":	471552,
					"rtt":	453469,
					"rttvar":	2131,
					"pmtu":	1500,
					"omitted":	false,
					"sender":	true
				}],
			"sum":	{
				"start":	6.001038,
				"end":	7.001028,
				"seconds":	0.99998998641967773,
				"bytes":	0,
				"bits_per_second":	0,
				"retransmits":	0,
				"omitted":	false,
				"sender":	true
			}
		}, {
			"streams":	[{
					"socket":	6,
					"start":	7.001028,
					"end":	8.000596,
					"seconds":	0.999567985534668,
					"bytes":	456120,
					"bits_per_second":	3650537.0848268764,
					"retransmits":	0,
					"snd_cwnd":	63712,
					"snd_wnd":	471552,
					"rtt":	500174,
					"rttvar":	8458,
					"pmtu":	1500,
					"omitted":	false,
					"sender":	true
				}],
			"sum":	{
				"start":	7.001028,
				"end":	8.000596,
				"seconds":	0.999567985534668,
				"bytes":	456120,
				"bits_per_second":	3650537.0848268764,
				"retransmits":	0,
				"omitted":	false,
				"sender":	true
			}
		}, {
			"streams":	[{
					"socket":	6,
					"start":	8.000596,
					"end":	9.001027,
					"seconds":	1.0004309415817261,
					"bytes":	0,
					"bits_per_second":	0,
					"retransmits":	0,
					"snd_cwnd":	57920,
					"snd_wnd":	471552,
					"rtt":	539325,
					"rttvar":	9674,
					"pmtu":	1500,
					"omitted":	false,
					"sender":	true
				}],
			"sum":	{
				"start":	8.000596,
				"end":	9.001027,
				"seconds":	1.0004309415817261,
				"bytes":	0,
				"bits_per_second":	0,
				"retransmits":	0,
				"omitted":	false,
				"sender":	true
			}
		}, {
			"streams":	[{
					"socket":	6,
					"start":	9.001027,
					"end":	10.001037,
					"seconds":	1.0000100135803223,
					"bytes":	0,
					"bits_per_second":	0,
					"retransmits":	0,
					"snd_cwnd":	55024,
					"snd_wnd":	471552,
					"rtt":	575209,
					"rttvar":	5630,
					"pmtu":	1500,
					"omitted":	false,
					"sender":	true
				}],
			"sum":	{
				"start":	9.001027,
				"end":	10.001037,
				"seconds":	1.0000100135803223,
				"bytes":	0,
				"bits_per_second":	0,
				"retransmits":	0,
				"omitted":	false,
				"sender":	true
			}
		}],
	"end":	{
		"streams":	[{
				"sender":	{
					"socket":	6,
					"start":	0,
					"end":	10.001037,
					"seconds":	10.001037,
					"bytes":	3026320,
					"bits_per_second":	2420804.9625253859,
					"retransmits":	0,
					"max_snd_cwnd":	108600,
					"max_snd_wnd":	471552,
					"max_rtt":	575209,
					"min_rtt":	271428,
					"mean_rtt":	413944,
					"sender":	true
				},
				"receiver":	{
					"socket":	6,
					"start":	0,
					"end":	10.619256,
					"seconds":	10.001037,
					"bytes":	2157520,
					"bits_per_second":	1625364.3381419564,
					"sender":	true
				}
			}],
		"sum_sent":	{
			"start":	0,
			"end":	10.001037,
			"seconds":	10.001037,
			"bytes":	3026320,
			"bits_per_second":	2420804.9625253859,
			"retransmits":	0,
			"sender":	true
		},
		"sum_received":	{
			"start":	0,
			"end":	10.619256,
			"seconds":	10.619256,
			"bytes":	2157520,
			"bits_per_second":	1625364.3381419564,
			"sender":	true
		},
		"cpu_utilization_percent":	{
			"host_total":	0.74608937172816037,
			"host_user":	0.033633863797120529,
			"host_system":	0.71246521467383839,
			"remote_total":	0.20148277612302917,
			"remote_user":	0.0064787880899534528,
			"remote_system":	0.19500398803307573
		},
		"sender_tcp_congestion":	"bbr",
		"receiver_tcp_congestion":	"bbr"
	}
}
