{
	"start":	{
		"connected":	[{
				"socket":	6,
				"local_host":	"192.168.101.210",
				"local_port":	44286,
				"remote_host":	"192.168.100.168",
				"remote_port":	5202
			}],
		"version":	"iperf 3.11",
		"system_info":	"Linux f1 6.0.10-300.fc37.x86_64 #1 SMP PREEMPT_DYNAMIC Sat Nov 26 16:55:13 UTC 2022 x86_64",
		"timestamp":	{
			"time":	"Fri, 09 Dec 2022 22:52:13 GMT",
			"timesecs":	1670626333
		},
		"connecting_to":	{
			"host":	"192.168.100.168",
			"port":	5202
		},
		"cookie":	"szo7is2kzpwnsur33c5wyey2bjalrjhyvmns",
		"tcp_mss_default":	1448,
		"target_bitrate":	0,
		"sock_bufsize":	0,
		"sndbuf_actual":	16384,
		"rcvbuf_actual":	131072,
		"test_start":	{
			"protocol":	"TCP",
			"num_streams":	1,
			"blksize":	131072,
			"omit":	0,
			"duration":	10,
			"bytes":	0,
			"blocks":	0,
			"reverse":	0,
			"tos":	0,
			"target_bitrate":	0
		}
	},
	"intervals":	[{
			"streams":	[{
					"socket":	6,
					"start":	0,
					"end":	1.00014,
					"seconds":	1.0001399517059326,
					"bytes":	1933080,
					"bits_per_second":	15462476.000105843,
					"retransmits":	44,
					"snd_cwnd":	150592,
					"snd_wnd":	413696,
					"rtt":	178691,
					"rttvar":	922,
					"pmtu":	1500,
					"omitted":	false,
					"sender":	true
				}],
			"sum":	{
				"start":	0,
				"end":	1.00014,
				"seconds":	1.0001399517059326,
				"bytes":	1933080,
				"bits_per_second":	15462476.000105843,
				"retransmits":	44,
				"omitted":	false,
				"sender":	true
			}
		}, {
			"streams":	[{
					"socket":	6,
					"start":	1.00014,
					"end":	2.000183,
					"seconds":	1.0000430345535278,
					"bytes":	651600,
					"bits_per_second":	5212575.67913292,
					"retransmits":	48,
					"snd_cwnd":	176656,
					"snd_wnd":	1612672,
					"rtt":	156377,
					"rttvar":	3856,
					"pmtu":	1500,
					"omitted":	false,
					"sender":	true
				}],
			"sum":	{
				"start":	1.00014,
				"end":	2.000183,
				"seconds":	1.0000430345535278,
				"bytes":	651600,
				"bits_per_second":	5212575.67913292,
				"retransmits":	48,
				"omitted":	false,
				"sender":	true
			}
		}, {
			"streams":	[{
					"socket":	6,
					"start":	2.000183,
					"end":	3.000353,
					"seconds":	1.0001699924468994,
					"bytes":	586440,
					"bits_per_second":	4690722.61258536,
					"retransmits":	0,
					"snd_cwnd":	159280,
					"snd_wnd":	1965184,
					"rtt":	153585,
					"rttvar":	1912,
					"pmtu":	1500,
					"omitted":	false,
					"sender":	true
				}],
			"sum":	{
				"start":	2.000183,
				"end":	3.000353,
				"seconds":	1.0001699924468994,
				"bytes":	586440,
				"bits_per_second":	4690722.61258536,
				"retransmits":	0,
				"omitted":	false,
				"sender":	true
			}
		}, {
			"streams":	[{
					"socket":	6,
					"start":	3.000353,
					"end":	4.00045,
					"seconds":	1.0000970363616943,
					"bytes":	586440,
					"bits_per_second":	4691064.79613971,
					"retransmits":	2,
					"snd_cwnd":	170864,
					"snd_wnd":	1965184,
					"rtt":	140353,
					"rttvar":	954,
					"pmtu":	1500,
					"omitted":	false,
					"sender":	true
				}],
			"sum":	{
				"start":	3.000353,
				"end":	4.00045,
				"seconds":	1.0000970363616943,
				"bytes":	586440,
				"bits_per_second":	4691064.79613971,
				"retransmits":	2,
				"omitted":	false,
				"sender":	true
			}
		}, {
			"streams":	[{
					"socket":	6,
					"start":	4.00045,
					"end":	5.000658,
					"seconds":	1.0002080202102661,
					"bytes":	586440,
					"bits_per_second":	4690544.2719942769,
					"retransmits":	0,
					"snd_cwnd":	176656,
					"snd_wnd":	1965184,
					"rtt":	164347,
					"rttvar":	930,
					"pmtu":	1500,
					"omitted":	false,
					"sender":	true
				}],
			"sum":	{
				"start":	4.00045,
				"end":	5.000658,
				"seconds":	1.0002080202102661,
				"bytes":	586440,
				"bits_per_second":	4690544.2719942769,
				"retransmits":	0,
				"omitted":	false,
				"sender":	true
			}
		}, {
			"streams":	[{
					"socket":	6,
					"start":	5.000658,
					"end":	6.000647,
					"seconds":	0.99998897314071655,
					"bytes":	586440,
					"bits_per_second":	4691571.73330132,
					"retransmits":	10,
					"snd_cwnd":	167968,
					"snd_wnd":	1965184,
					"rtt":	177828,
					"rttvar":	1053,
					"pmtu":	1500,
					"omitted":	false,
					"sender":	true
				}],
			"sum":	{
				"start":	5.000658,
				"end":	6.000647,
				"seconds":	0.99998897314071655,
				"bytes":	586440,
				"bits_per_second":	4691571.73330132,
				"retransmits":	10,
				"omitted":	false,
				"sender":	true
			}
		}, {
			"streams":	[{
					"socket":	6,
					"start":	6.000647,
					"end":	7.00011,
					"seconds":	0.99946302175521851,
					"bytes":	1238040,
					"bits_per_second":	9909641.26177116,
					"retransmits":	8,
					"snd_cwnd":	179552,
					"snd_wnd":	1965184,
					"rtt":	157391,
					"rttvar":	2771,
					"pmtu":	1500,
					"omitted":	false,
					"sender":	true
				}],
			"sum":	{
				"start":	6.000647,
				"end":	7.00011,
				"seconds":	0.99946302175521851,
				"bytes":	1238040,
				"bits_per_second":	9909641.26177116,
				"retransmits":	8,
				"omitted":	false,
				"sender":	true
			}
		}, {
			"streams":	[{
					"socket":	6,
					"start":	7.00011,
					"end":	8.000199,
					"seconds":	1.0000890493392944,
					"bytes":	586440,
					"bits_per_second":	4691102.2604431445,
					"retransmits":	9,
					"snd_cwnd":	182448,
					"snd_wnd":	1966464,
					"rtt":	146716,
					"rttvar":	2090,
					"pmtu":	1500,
					"omitted":	false,
					"sender":	true
				}],
			"sum":	{
				"start":	7.00011,
				"end":	8.000199,
				"seconds":	1.0000890493392944,
				"bytes":	586440,
				"bits_per_second":	4691102.2604431445,
				"retransmits":	9,
				"omitted":	false,
				"sender":	true
			}
		}, {
			"streams":	[{
					"socket":	6,
					"start":	8.000199,
					"end":	9.000616,
					"seconds":	1.0004169940948486,
					"bytes":	586440,
					"bits_per_second":	4689564.4793047179,
					"retransmits":	0,
					"snd_cwnd":	191136,
					"snd_wnd":	1966464,
					"rtt":	158090,
					"rttvar":	1381,
					"pmtu":	1500,
					"omitted":	false,
					"sender":	true
				}],
			"sum":	{
				"start":	8.000199,
				"end":	9.000616,
				"seconds":	1.0004169940948486,
				"bytes":	586440,
				"bits_per_second":	4689564.4793047179,
				"retransmits":	0,
				"omitted":	false,
				"sender":	true
			}
		}, {
			"streams":	[{
					"socket":	6,
					"start":	9.000616,
					"end":	10.000162,
					"seconds":	0.999545991420746,
					"bytes":	1172880,
					"bits_per_second":	9387301.9156057332,
					"retransmits":	4,
					"snd_cwnd":	191136,
					"snd_wnd":	1966464,
					"rtt":	141841,
					"rttvar":	1483,
					"pmtu":	1500,
					"omitted":	false,
					"sender":	true
				}],
			"sum":	{
				"start":	9.000616,
				"end":	10.000162,
				"seconds":	0.999545991420746,
				"bytes":	1172880,
				"bits_per_second":	9387301.9156057332,
				"retransmits":	4,
				"omitted":	false,
				"sender":	true
			}
		}],
	"end":	{
		"streams":	[{
				"sender":	{
					"socket":	6,
					"start":	0,
					"end":	10.000162,
					"seconds":	10.000162,
					"bytes":	8514240,
					"bits_per_second":	6811281.6572371535,
					"retransmits":	125,
					"max_snd_cwnd":	191136,
					"max_snd_wnd":	1966464,
					"max_rtt":	178691,
					"min_rtt":	140353,
					"mean_rtt":	157521,
					"sender":	true
				},
				"receiver":	{
					"socket":	6,
					"start":	0,
					"end":	10.159784,
					"seconds":	10.000162,
					"bytes":	7064792,
					"bits_per_second":	5562946.6138256481,
					"sender":	true
				}
			}],
		"sum_sent":	{
			"start":	0,
			"end":	10.000162,
			"seconds":	10.000162,
			"bytes":	8514240,
			"bits_per_second":	6811281.6572371535,
			"retransmits":	125,
			"sender":	true
		},
		"sum_received":	{
			"start":	0,
			"end":	10.159784,
			"seconds":	10.159784,
			"bytes":	7064792,
			"bits_per_second":	5562946.6138256481,
			"sender":	true
		},
		"cpu_utilization_percent":	{
			"host_total":	0.99260564172404675,
			"host_user":	0.15271521597305981,
			"host_system":	0.839900039551174,
			"remote_total":	0.627847128456688,
			"remote_user":	0.0642335605491369,
			"remote_system":	0.56362341062292776
		},
		"sender_tcp_congestion":	"bbr",
		"receiver_tcp_congestion":	"bbr"
	}
}
