{
	"start":	{
		"connected":	[{
				"socket":	6,
				"local_host":	"192.168.101.210",
				"local_port":	35236,
				"remote_host":	"192.168.100.168",
				"remote_port":	5202
			}],
		"version":	"iperf 3.11",
		"system_info":	"Linux f1 6.0.10-300.fc37.x86_64 #1 SMP PREEMPT_DYNAMIC Sat Nov 26 16:55:13 UTC 2022 x86_64",
		"timestamp":	{
			"time":	"Fri, 09 Dec 2022 23:12:27 GMT",
			"timesecs":	1670627547
		},
		"connecting_to":	{
			"host":	"192.168.100.168",
			"port":	5202
		},
		"cookie":	"6zyht6yxzx4hedu7jprae2eutmaaeho5elp4",
		"tcp_mss_default":	1448,
		"target_bitrate":	0,
		"sock_bufsize":	0,
		"sndbuf_actual":	16384,
		"rcvbuf_actual":	131072,
		"test_start":	{
			"protocol":	"TCP",
			"num_streams":	1,
			"blksize":	131072,
			"omit":	0,
			"duration":	10,
			"bytes":	0,
			"blocks":	0,
			"reverse":	0,
			"tos":	0,
			"target_bitrate":	0
		}
	},
	"intervals":	[{
			"streams":	[{
					"socket":	6,
					"start":	0,
					"end":	1.000078,
					"seconds":	1.0000779628753662,
					"bytes":	3124784,
					"bits_per_second":	24996323.214768592,
					"retransmits":	0,
					"snd_cwnd":	63712,
					"snd_wnd":	612608,
					"rtt":	127829,
					"rttvar":	727,
					"pmtu":	1500,
					"omitted":	false,
					"sender":	true
				}],
			"sum":	{
				"start":	0,
				"end":	1.000078,
				"seconds":	1.0000779628753662,
				"bytes":	3124784,
				"bits_per_second":	24996323.214768592,
				"retransmits":	0,
				"omitted":	false,
				"sender":	true
			}
		}, {
			"streams":	[{
					"socket":	6,
					"start":	1.000078,
					"end":	2.001042,
					"seconds":	1.0009640455245972,
					"bytes":	0,
					"bits_per_second":	0,
					"retransmits":	0,
					"snd_cwnd":	34752,
					"snd_wnd":	612608,
					"rtt":	159025,
					"rttvar":	3750,
					"pmtu":	1500,
					"omitted":	false,
					"sender":	true
				}],
			"sum":	{
				"start":	1.000078,
				"end":	2.001042,
				"seconds":	1.0009640455245972,
				"bytes":	0,
				"bits_per_second":	0,
				"retransmits":	0,
				"omitted":	false,
				"sender":	true
			}
		}, {
			"streams":	[{
					"socket":	6,
					"start":	2.001042,
					"end":	3.000752,
					"seconds":	0.99971002340316772,
					"bytes":	521280,
					"bits_per_second":	4171449.622765467,
					"retransmits":	0,
					"snd_cwnd":	20272,
					"snd_wnd":	612608,
					"rtt":	202125,
					"rttvar":	6872,
					"pmtu":	1500,
					"omitted":	false,
					"sender":	true
				}],
			"sum":	{
				"start":	2.001042,
				"end":	3.000752,
				"seconds":	0.99971002340316772,
				"bytes":	521280,
				"bits_per_second":	4171449.622765467,
				"retransmits":	0,
				"omitted":	false,
				"sender":	true
			}
		}, {
			"streams":	[{
					"socket":	6,
					"start":	3.000752,
					"end":	4.001032,
					"seconds":	1.0002800226211548,
					"bytes":	0,
					"bits_per_second":	0,
					"retransmits":	0,
					"snd_cwnd":	17376,
					"snd_wnd":	612608,
					"rtt":	226508,
					"rttvar":	10594,
					"pmtu":	1500,
					"omitted":	false,
					"sender":	true
				}],
			"sum":	{
				"start":	3.000752,
				"end":	4.001032,
				"seconds":	1.0002800226211548,
				"bytes":	0,
				"bits_per_second":	0,
				"retransmits":	0,
				"omitted":	false,
				"sender":	true
			}
		}, {
			"streams":	[{
					"socket":	6,
					"start":	4.001032,
					"end":	5.001031,
					"seconds":	0.99999898672103882,
					"bytes":	0,
					"bits_per_second":	0,
					"retransmits":	0,
					"snd_cwnd":	26064,
					"snd_wnd":	612608,
					"rtt":	242100,
					"rttvar":	15638,
					"pmtu":	1500,
					"omitted":	false,
					"sender":	true
				}],
			"sum":	{
				"start":	4.001032,
				"end":	5.001031,
				"seconds":	0.99999898672103882,
				"bytes":	0,
				"bits_per_second":	0,
				"retransmits":	0,
				"omitted":	false,
				"sender":	true
			}
		}, {
			"streams":	[{
					"socket":	6,
					"start":	5.001031,
					"end":	6.00103,
					"seconds":	0.99999898672103882,
					"bytes":	0,
					"bits_per_second":	0,
					"retransmits":	0,
					"snd_cwnd":	17376,
					"snd_wnd":	612608,
					"rtt":	244938,
					"rttvar":	20145,
					"pmtu":	1500,
					"omitted":	false,
					"sender":	true
				}],
			"sum":	{
				"start":	5.001031,
				"end":	6.00103,
				"seconds":	0.99999898672103882,
				"bytes":	0,
				"bits_per_second":	0,
				"retransmits":	0,
				"omitted":	false,
				"sender":	true
			}
		}, {
			"streams":	[{
					"socket":	6,
					"start":	6.00103,
					"end":	7.001037,
					"seconds":	1.0000070333480835,
					"bytes":	0,
					"bits_per_second":	0,
					"retransmits":	0,
					"snd_cwnd":	17376,
					"snd_wnd":	612608,
					"rtt":	248496,
					"rttvar":	18451,
					"pmtu":	1500,
					"omitted":	false,
					"sender":	true
				}],
			"sum":	{
				"start":	6.00103,
				"end":	7.001037,
				"seconds":	1.0000070333480835,
				"bytes":	0,
				"bits_per_second":	0,
				"retransmits":	0,
				"omitted":	false,
				"sender":	true
			}
		}, {
			"streams":	[{
					"socket":	6,
					"start":	7.001037,
					"end":	8.001037,
					"seconds":	1,
					"bytes":	0,
					"bits_per_second":	0,
					"retransmits":	0,
					"snd_cwnd":	20272,
					"snd_wnd":	612608,
					"rtt":	256858,
					"rttvar":	16328,
					"pmtu":	1500,
					"omitted":	false,
					"sender":	true
				}],
			"sum":	{
				"start":	7.001037,
				"end":	8.001037,
				"seconds":	1,
				"bytes":	0,
				"bits_per_second":	0,
				"retransmits":	0,
				"omitted":	false,
				"sender":	true
			}
		}, {
			"streams":	[{
					"socket":	6,
					"start":	8.001037,
					"end":	9.000827,
					"seconds":	0.9997900128364563,
					"bytes":	521280,
					"bits_per_second":	4171115.88079262,
					"retransmits":	0,
					"snd_cwnd":	14480,
					"snd_wnd":	612608,
					"rtt":	272905,
					"rttvar":	13702,
					"pmtu":	1500,
					"omitted":	false,
					"sender":	true
				}],
			"sum":	{
				"start":	8.001037,
				"end":	9.000827,
				"seconds":	0.9997900128364563,
				"bytes":	521280,
				"bits_per_second":	4171115.88079262,
				"retransmits":	0,
				"omitted":	false,
				"sender":	true
			}
		}, {
			"streams":	[{
					"socket":	6,
					"start":	9.000827,
					"end":	10.00104,
					"seconds":	1.0002130270004272,
					"bytes":	0,
					"bits_per_second":	0,
					"retransmits":	0,
					"snd_cwnd":	14480,
					"snd_wnd":	612608,
					"rtt":	267204,
					"rttvar":	13749,
					"pmtu":	1500,
					"omitted":	false,
					"sender":	true
				}],
			"sum":	{
				"start":	9.000827,
				"end":	10.00104,
				"seconds":	1.0002130270004272,
				"bytes":	0,
				"bits_per_second":	0,
				"retransmits":	0,
				"omitted":	false,
				"sender":	true
			}
		}],
	"end":	{
		"streams":	[{
				"sender":	{
					"socket":	6,
					"start":	0,
					"end":	10.00104,
					"seconds":	10.00104,
					"bytes":	4167344,
					"bits_per_second":	3333528.5130346445,
					"retransmits":	0,
					"max_snd_cwnd":	63712,
					"max_snd_wnd":	612608,
					"max_rtt":	272905,
					"min_rtt":	127829,
					"mean_rtt":	224798,
					"sender":	true
				},
				"receiver":	{
					"socket":	6,
					"start":	0,
					"end":	10.23663,
					"seconds":	10.00104,
					"bytes":	2742512,
					"bits_per_second":	2143292.86102946,
					"sender":	true
				}
			}],
		"sum_sent":	{
			"start":	0,
			"end":	10.00104,
			"seconds":	10.00104,
			"bytes":	4167344,
			"bits_per_second":	3333528.5130346445,
			"retransmits":	0,
			"sender":	true
		},
		"sum_received":	{
			"start":	0,
			"end":	10.23663,
			"seconds":	10.23663,
			"bytes":	2742512,
			"bits_per_second":	2143292.86102946,
			"sender":	true
		},
		"cpu_utilization_percent":	{
			"host_total":	0.071063121053961273,
			"host_user":	0.00961876561303267,
			"host_system":	0.061434377468300973,
			"remote_total":	0.1326020390469729,
			"remote_user":	0.0371606126812056,
			"remote_system":	0.095431657540141324
		},
		"sender_tcp_congestion":	"bbr",
		"receiver_tcp_congestion":	"bbr"
	}
}
