{
	"start":	{
		"connected":	[{
				"socket":	6,
				"local_host":	"192.168.101.210",
				"local_port":	37312,
				"remote_host":	"192.168.100.168",
				"remote_port":	5201
			}],
		"version":	"iperf 3.11",
		"system_info":	"Linux f1 6.0.10-300.fc37.x86_64 #1 SMP PREEMPT_DYNAMIC Sat Nov 26 16:55:13 UTC 2022 x86_64",
		"timestamp":	{
			"time":	"Fri, 09 Dec 2022 23:14:14 GMT",
			"timesecs":	1670627654
		},
		"connecting_to":	{
			"host":	"192.168.100.168",
			"port":	5201
		},
		"cookie":	"saertf6hykwdtq7jqystwdlowjm5jpvhkorn",
		"tcp_mss_default":	1448,
		"target_bitrate":	0,
		"sock_bufsize":	0,
		"sndbuf_actual":	16384,
		"rcvbuf_actual":	131072,
		"test_start":	{
			"protocol":	"TCP",
			"num_streams":	1,
			"blksize":	131072,
			"omit":	0,
			"duration":	10,
			"bytes":	0,
			"blocks":	0,
			"reverse":	0,
			"tos":	0,
			"target_bitrate":	0
		}
	},
	"intervals":	[{
			"streams":	[{
					"socket":	6,
					"start":	0,
					"end":	1.000082,
					"seconds":	1.0000820159912109,
					"bytes":	9830400,
					"bits_per_second":	78636750.528959766,
					"retransmits":	0,
					"snd_cwnd":	854320,
					"snd_wnd":	2861696,
					"rtt":	118063,
					"rttvar":	420,
					"pmtu":	1500,
					"omitted":	false,
					"sender":	true
				}],
			"sum":	{
				"start":	0,
				"end":	1.000082,
				"seconds":	1.0000820159912109,
				"bytes":	9830400,
				"bits_per_second":	78636750.528959766,
				"retransmits":	0,
				"omitted":	false,
				"sender":	true
			}
		}, {
			"streams":	[{
					"socket":	6,
					"start":	1.000082,
					"end":	2.000074,
					"seconds":	0.9999920129776,
					"bytes":	7864320,
					"bits_per_second":	62915062.5040135,
					"retransmits":	0,
					"snd_cwnd":	1258312,
					"snd_wnd":	2861696,
					"rtt":	125121,
					"rttvar":	350,
					"pmtu":	1500,
					"omitted":	false,
					"sender":	true
				}],
			"sum":	{
				"start":	1.000082,
				"end":	2.000074,
				"seconds":	0.9999920129776,
				"bytes":	7864320,
				"bits_per_second":	62915062.5040135,
				"retransmits":	0,
				"omitted":	false,
				"sender":	true
			}
		}, {
			"streams":	[{
					"socket":	6,
					"start":	2.000074,
					"end":	3.000074,
					"seconds":	1,
					"bytes":	10485760,
					"bits_per_second":	83886080,
					"retransmits":	0,
					"snd_cwnd":	1765112,
					"snd_wnd":	3141248,
					"rtt":	158409,
					"rttvar":	159,
					"pmtu":	1500,
					"omitted":	false,
					"sender":	true
				}],
			"sum":	{
				"start":	2.000074,
				"end":	3.000074,
				"seconds":	1,
				"bytes":	10485760,
				"bits_per_second":	83886080,
				"retransmits":	0,
				"omitted":	false,
				"sender":	true
			}
		}, {
			"streams":	[{
					"socket":	6,
					"start":	3.000074,
					"end":	4.000079,
					"seconds":	1.0000050067901611,
					"bytes":	10485760,
					"bits_per_second":	83885660.002102837,
					"retransmits":	0,
					"snd_cwnd":	2309560,
					"snd_wnd":	3143552,
					"rtt":	195751,
					"rttvar":	196,
					"pmtu":	1500,
					"omitted":	false,
					"sender":	true
				}],
			"sum":	{
				"start":	3.000074,
				"end":	4.000079,
				"seconds":	1.0000050067901611,
				"bytes":	10485760,
				"bits_per_second":	83885660.002102837,
				"retransmits":	0,
				"omitted":	false,
				"sender":	true
			}
		}, {
			"streams":	[{
					"socket":	6,
					"start":	4.000079,
					"end":	5.000079,
					"seconds":	1,
					"bytes":	11796480,
					"bits_per_second":	94371840,
					"retransmits":	0,
					"snd_cwnd":	2882968,
					"snd_wnd":	3143552,
					"rtt":	232569,
					"rttvar":	2331,
					"pmtu":	1500,
					"omitted":	false,
					"sender":	true
				}],
			"sum":	{
				"start":	4.000079,
				"end":	5.000079,
				"seconds":	1,
				"bytes":	11796480,
				"bits_per_second":	94371840,
				"retransmits":	0,
				"omitted":	false,
				"sender":	true
			}
		}, {
			"streams":	[{
					"socket":	6,
					"start":	5.000079,
					"end":	6.000119,
					"seconds":	1.0000400543212891,
					"bytes":	10485760,
					"bits_per_second":	83882720.134577125,
					"retransmits":	0,
					"snd_cwnd":	3301440,
					"snd_wnd":	3143552,
					"rtt":	274227,
					"rttvar":	50,
					"pmtu":	1500,
					"omitted":	false,
					"sender":	true
				}],
			"sum":	{
				"start":	5.000079,
				"end":	6.000119,
				"seconds":	1.0000400543212891,
				"bytes":	10485760,
				"bits_per_second":	83882720.134577125,
				"retransmits":	0,
				"omitted":	false,
				"sender":	true
			}
		}, {
			"streams":	[{
					"socket":	6,
					"start":	6.000119,
					"end":	7.000103,
					"seconds":	0.9999840259552002,
					"bytes":	11796480,
					"bits_per_second":	94373347.52408126,
					"retransmits":	0,
					"snd_cwnd":	3301440,
					"snd_wnd":	3143552,
					"rtt":	267356,
					"rttvar":	1023,
					"pmtu":	1500,
					"omitted":	false,
					"sender":	true
				}],
			"sum":	{
				"start":	6.000119,
				"end":	7.000103,
				"seconds":	0.9999840259552002,
				"bytes":	11796480,
				"bits_per_second":	94373347.52408126,
				"retransmits":	0,
				"omitted":	false,
				"sender":	true
			}
		}, {
			"streams":	[{
					"socket":	6,
					"start":	7.000103,
					"end":	8.000082,
					"seconds":	0.999979019165039,
					"bytes":	11796480,
					"bits_per_second":	94373820.0415429,
					"retransmits":	0,
					"snd_cwnd":	3301440,
					"snd_wnd":	3143552,
					"rtt":	266957,
					"rttvar":	3810,
					"pmtu":	1500,
					"omitted":	false,
					"sender":	true
				}],
			"sum":	{
				"start":	7.000103,
				"end":	8.000082,
				"seconds":	0.999979019165039,
				"bytes":	11796480,
				"bits_per_second":	94373820.0415429,
				"retransmits":	0,
				"omitted":	false,
				"sender":	true
			}
		}, {
			"streams":	[{
					"socket":	6,
					"start":	8.000082,
					"end":	9.000083,
					"seconds":	1.0000009536743164,
					"bytes":	11796480,
					"bits_per_second":	94371750.000085831,
					"retransmits":	0,
					"snd_cwnd":	3301440,
					"snd_wnd":	3143552,
					"rtt":	262847,
					"rttvar":	7190,
					"pmtu":	1500,
					"omitted":	false,
					"sender":	true
				}],
			"sum":	{
				"start":	8.000082,
				"end":	9.000083,
				"seconds":	1.0000009536743164,
				"bytes":	11796480,
				"bits_per_second":	94371750.000085831,
				"retransmits":	0,
				"omitted":	false,
				"sender":	true
			}
		}, {
			"streams":	[{
					"socket":	6,
					"start":	9.000083,
					"end":	10.000093,
					"seconds":	1.0000100135803223,
					"bytes":	11796480,
					"bits_per_second":	94370895.009462744,
					"retransmits":	0,
					"snd_cwnd":	3301440,
					"snd_wnd":	3143552,
					"rtt":	257482,
					"rttvar":	8320,
					"pmtu":	1500,
					"omitted":	false,
					"sender":	true
				}],
			"sum":	{
				"start":	9.000083,
				"end":	10.000093,
				"seconds":	1.0000100135803223,
				"bytes":	11796480,
				"bits_per_second":	94370895.009462744,
				"retransmits":	0,
				"omitted":	false,
				"sender":	true
			}
		}],
	"end":	{
		"streams":	[{
				"sender":	{
					"socket":	6,
					"start":	0,
					"end":	10.000093,
					"seconds":	10.000093,
					"bytes":	108134400,
					"bits_per_second":	86506715.487545967,
					"retransmits":	0,
					"max_snd_cwnd":	3301440,
					"max_snd_wnd":	3143552,
					"max_rtt":	274227,
					"min_rtt":	118063,
					"mean_rtt":	215878,
					"sender":	true
				},
				"receiver":	{
					"socket":	6,
					"start":	0,
					"end":	10.267384,
					"seconds":	10.000093,
					"bytes":	107922432,
					"bits_per_second":	84089526.2123244,
					"sender":	true
				}
			}],
		"sum_sent":	{
			"start":	0,
			"end":	10.000093,
			"seconds":	10.000093,
			"bytes":	108134400,
			"bits_per_second":	86506715.487545967,
			"retransmits":	0,
			"sender":	true
		},
		"sum_received":	{
			"start":	0,
			"end":	10.267384,
			"seconds":	10.267384,
			"bytes":	107922432,
			"bits_per_second":	84089526.2123244,
			"sender":	true
		},
		"cpu_utilization_percent":	{
			"host_total":	0.75139989698334242,
			"host_user":	0.044489415647266058,
			"host_system":	0.70691048133607637,
			"remote_total":	2.0558377216579551,
			"remote_user":	0.164101978729563,
			"remote_system":	1.8917454824962436
		},
		"sender_tcp_congestion":	"cubic",
		"receiver_tcp_congestion":	"cubic"
	}
}
