{
	"start":	{
		"connected":	[{
				"socket":	6,
				"local_host":	"192.168.101.210",
				"local_port":	49748,
				"remote_host":	"192.168.100.168",
				"remote_port":	5201
			}],
		"version":	"iperf 3.11",
		"system_info":	"Linux f1 6.0.10-300.fc37.x86_64 #1 SMP PREEMPT_DYNAMIC Sat Nov 26 16:55:13 UTC 2022 x86_64",
		"timestamp":	{
			"time":	"Fri, 09 Dec 2022 23:12:16 GMT",
			"timesecs":	1670627536
		},
		"connecting_to":	{
			"host":	"192.168.100.168",
			"port":	5201
		},
		"cookie":	"leykuai7xmmdn53ldj2n5mj5qbpau4kwjcsv",
		"tcp_mss_default":	1448,
		"target_bitrate":	0,
		"sock_bufsize":	0,
		"sndbuf_actual":	16384,
		"rcvbuf_actual":	131072,
		"test_start":	{
			"protocol":	"TCP",
			"num_streams":	1,
			"blksize":	131072,
			"omit":	0,
			"duration":	10,
			"bytes":	0,
			"blocks":	0,
			"reverse":	0,
			"tos":	0,
			"target_bitrate":	0
		}
	},
	"intervals":	[{
			"streams":	[{
					"socket":	6,
					"start":	0,
					"end":	1.000114,
					"seconds":	1.0001139640808105,
					"bytes":	13238272,
					"bits_per_second":	105894107.87533273,
					"retransmits":	0,
					"snd_cwnd":	1395872,
					"snd_wnd":	3143552,
					"rtt":	124226,
					"rttvar":	555,
					"pmtu":	1500,
					"omitted":	false,
					"sender":	true
				}],
			"sum":	{
				"start":	0,
				"end":	1.000114,
				"seconds":	1.0001139640808105,
				"bytes":	13238272,
				"bits_per_second":	105894107.87533273,
				"retransmits":	0,
				"omitted":	false,
				"sender":	true
			}
		}, {
			"streams":	[{
					"socket":	6,
					"start":	1.000114,
					"end":	2.000072,
					"seconds":	0.99995797872543335,
					"bytes":	11796480,
					"bits_per_second":	94375805.7916476,
					"retransmits":	0,
					"snd_cwnd":	1953352,
					"snd_wnd":	3143552,
					"rtt":	163272,
					"rttvar":	183,
					"pmtu":	1500,
					"omitted":	false,
					"sender":	true
				}],
			"sum":	{
				"start":	1.000114,
				"end":	2.000072,
				"seconds":	0.99995797872543335,
				"bytes":	11796480,
				"bits_per_second":	94375805.7916476,
				"retransmits":	0,
				"omitted":	false,
				"sender":	true
			}
		}, {
			"streams":	[{
					"socket":	6,
					"start":	2.000072,
					"end":	3.00013,
					"seconds":	1.0000580549240112,
					"bytes":	10485760,
					"bits_per_second":	83881210.282711074,
					"retransmits":	0,
					"snd_cwnd":	2529656,
					"snd_wnd":	3143552,
					"rtt":	203266,
					"rttvar":	168,
					"pmtu":	1500,
					"omitted":	false,
					"sender":	true
				}],
			"sum":	{
				"start":	2.000072,
				"end":	3.00013,
				"seconds":	1.0000580549240112,
				"bytes":	10485760,
				"bits_per_second":	83881210.282711074,
				"retransmits":	0,
				"omitted":	false,
				"sender":	true
			}
		}, {
			"streams":	[{
					"socket":	6,
					"start":	3.00013,
					"end":	4.000128,
					"seconds":	0.99999797344207764,
					"bytes":	11796480,
					"bits_per_second":	94372031.2503876,
					"retransmits":	0,
					"snd_cwnd":	3120440,
					"snd_wnd":	3143552,
					"rtt":	250564,
					"rttvar":	456,
					"pmtu":	1500,
					"omitted":	false,
					"sender":	true
				}],
			"sum":	{
				"start":	3.00013,
				"end":	4.000128,
				"seconds":	0.99999797344207764,
				"bytes":	11796480,
				"bits_per_second":	94372031.2503876,
				"retransmits":	0,
				"omitted":	false,
				"sender":	true
			}
		}, {
			"streams":	[{
					"socket":	6,
					"start":	4.000128,
					"end":	5.000126,
					"seconds":	0.99999797344207764,
					"bytes":	11796480,
					"bits_per_second":	94372031.2503876,
					"retransmits":	0,
					"snd_cwnd":	3323160,
					"snd_wnd":	3143552,
					"rtt":	264764,
					"rttvar":	221,
					"pmtu":	1500,
					"omitted":	false,
					"sender":	true
				}],
			"sum":	{
				"start":	4.000128,
				"end":	5.000126,
				"seconds":	0.99999797344207764,
				"bytes":	11796480,
				"bits_per_second":	94372031.2503876,
				"retransmits":	0,
				"omitted":	false,
				"sender":	true
			}
		}, {
			"streams":	[{
					"socket":	6,
					"start":	5.000126,
					"end":	6.000134,
					"seconds":	1.0000079870224,
					"bytes":	11796480,
					"bits_per_second":	94371086.256020173,
					"retransmits":	0,
					"snd_cwnd":	3323160,
					"snd_wnd":	3143552,
					"rtt":	249079,
					"rttvar":	3919,
					"pmtu":	1500,
					"omitted":	false,
					"sender":	true
				}],
			"sum":	{
				"start":	5.000126,
				"end":	6.000134,
				"seconds":	1.0000079870224,
				"bytes":	11796480,
				"bits_per_second":	94371086.256020173,
				"retransmits":	0,
				"omitted":	false,
				"sender":	true
			}
		}, {
			"streams":	[{
					"socket":	6,
					"start":	6.000134,
					"end":	7.000092,
					"seconds":	0.99995797872543335,
					"bytes":	13107200,
					"bits_per_second":	104862006.435164,
					"retransmits":	0,
					"snd_cwnd":	3323160,
					"snd_wnd":	3143552,
					"rtt":	239667,
					"rttvar":	5843,
					"pmtu":	1500,
					"omitted":	false,
					"sender":	true
				}],
			"sum":	{
				"start":	6.000134,
				"end":	7.000092,
				"seconds":	0.99995797872543335,
				"bytes":	13107200,
				"bits_per_second":	104862006.435164,
				"retransmits":	0,
				"omitted":	false,
				"sender":	true
			}
		}, {
			"streams":	[{
					"socket":	6,
					"start":	7.000092,
					"end":	8.000077,
					"seconds":	0.9999849796295166,
					"bytes":	11796480,
					"bits_per_second":	94373257.5212917,
					"retransmits":	0,
					"snd_cwnd":	3323160,
					"snd_wnd":	3143552,
					"rtt":	231618,
					"rttvar":	5605,
					"pmtu":	1500,
					"omitted":	false,
					"sender":	true
				}],
			"sum":	{
				"start":	7.000092,
				"end":	8.000077,
				"seconds":	0.9999849796295166,
				"bytes":	11796480,
				"bits_per_second":	94373257.5212917,
				"retransmits":	0,
				"omitted":	false,
				"sender":	true
			}
		}, {
			"streams":	[{
					"socket":	6,
					"start":	8.000077,
					"end":	9.000075,
					"seconds":	0.99999797344207764,
					"bytes":	11796480,
					"bits_per_second":	94372031.2503876,
					"retransmits":	0,
					"snd_cwnd":	3323160,
					"snd_wnd":	3143552,
					"rtt":	233211,
					"rttvar":	3068,
					"pmtu":	1500,
					"omitted":	false,
					"sender":	true
				}],
			"sum":	{
				"start":	8.000077,
				"end":	9.000075,
				"seconds":	0.99999797344207764,
				"bytes":	11796480,
				"bits_per_second":	94372031.2503876,
				"retransmits":	0,
				"omitted":	false,
				"sender":	true
			}
		}, {
			"streams":	[{
					"socket":	6,
					"start":	9.000075,
					"end":	10.000087,
					"seconds":	1.0000120401382446,
					"bytes":	11796480,
					"bits_per_second":	94370703.763680443,
					"retransmits":	0,
					"snd_cwnd":	3323160,
					"snd_wnd":	3143552,
					"rtt":	237551,
					"rttvar":	6448,
					"pmtu":	1500,
					"omitted":	false,
					"sender":	true
				}],
			"sum":	{
				"start":	9.000075,
				"end":	10.000087,
				"seconds":	1.0000120401382446,
				"bytes":	11796480,
				"bits_per_second":	94370703.763680443,
				"retransmits":	0,
				"omitted":	false,
				"sender":	true
			}
		}],
	"end":	{
		"streams":	[{
				"sender":	{
					"socket":	6,
					"start":	0,
					"end":	10.000087,
					"seconds":	10.000087,
					"bytes":	119406592,
					"bits_per_second":	95524442.537349924,
					"retransmits":	0,
					"max_snd_cwnd":	3323160,
					"max_snd_wnd":	3143552,
					"max_rtt":	264764,
					"min_rtt":	124226,
					"mean_rtt":	219721,
					"sender":	true
				},
				"receiver":	{
					"socket":	6,
					"start":	0,
					"end":	10.263356,
					"seconds":	10.000087,
					"bytes":	118973360,
					"bits_per_second":	92736418.769844875,
					"sender":	true
				}
			}],
		"sum_sent":	{
			"start":	0,
			"end":	10.000087,
			"seconds":	10.000087,
			"bytes":	119406592,
			"bits_per_second":	95524442.537349924,
			"retransmits":	0,
			"sender":	true
		},
		"sum_received":	{
			"start":	0,
			"end":	10.263356,
			"seconds":	10.263356,
			"bytes":	118973360,
			"bits_per_second":	92736418.769844875,
			"sender":	true
		},
		"cpu_utilization_percent":	{
			"host_total":	0.23904685418131918,
			"host_user":	0.020357152265910713,
			"host_system":	0.21868970191540843,
			"remote_total":	1.9836478565897109,
			"remote_user":	0.16289980556082781,
			"remote_system":	1.8207577944229594
		},
		"sender_tcp_congestion":	"cubic",
		"receiver_tcp_congestion":	"cubic"
	}
}
