{
	"start":	{
		"connected":	[{
				"socket":	6,
				"local_host":	"192.168.101.210",
				"local_port":	48524,
				"remote_host":	"192.168.100.168",
				"remote_port":	5202
			}],
		"version":	"iperf 3.11",
		"system_info":	"Linux f1 6.0.10-300.fc37.x86_64 #1 SMP PREEMPT_DYNAMIC Sat Nov 26 16:55:13 UTC 2022 x86_64",
		"timestamp":	{
			"time":	"Fri, 09 Dec 2022 22:55:25 GMT",
			"timesecs":	1670626525
		},
		"connecting_to":	{
			"host":	"192.168.100.168",
			"port":	5202
		},
		"cookie":	"4qyxtrcgwdky3bovpz4jwjciswfc64vv2hnc",
		"tcp_mss_default":	1448,
		"target_bitrate":	0,
		"sock_bufsize":	0,
		"sndbuf_actual":	16384,
		"rcvbuf_actual":	131072,
		"test_start":	{
			"protocol":	"TCP",
			"num_streams":	1,
			"blksize":	131072,
			"omit":	0,
			"duration":	10,
			"bytes":	0,
			"blocks":	0,
			"reverse":	0,
			"tos":	0,
			"target_bitrate":	0
		}
	},
	"intervals":	[{
			"streams":	[{
					"socket":	6,
					"start":	0,
					"end":	1.000123,
					"seconds":	1.0001230239868164,
					"bytes":	1375600,
					"bits_per_second":	11003446.312165957,
					"retransmits":	0,
					"snd_cwnd":	181000,
					"snd_wnd":	307456,
					"rtt":	204841,
					"rttvar":	7816,
					"pmtu":	1500,
					"omitted":	false,
					"sender":	true
				}],
			"sum":	{
				"start":	0,
				"end":	1.000123,
				"seconds":	1.0001230239868164,
				"bytes":	1375600,
				"bits_per_second":	11003446.312165957,
				"retransmits":	0,
				"omitted":	false,
				"sender":	true
			}
		}, {
			"streams":	[{
					"socket":	6,
					"start":	1.000123,
					"end":	2.000198,
					"seconds":	1.0000749826431274,
					"bytes":	2818704,
					"bits_per_second":	22547941.295764562,
					"retransmits":	0,
					"snd_cwnd":	432952,
					"snd_wnd":	1246976,
					"rtt":	478651,
					"rttvar":	7646,
					"pmtu":	1500,
					"omitted":	false,
					"sender":	true
				}],
			"sum":	{
				"start":	1.000123,
				"end":	2.000198,
				"seconds":	1.0000749826431274,
				"bytes":	2818704,
				"bits_per_second":	22547941.295764562,
				"retransmits":	0,
				"omitted":	false,
				"sender":	true
			}
		}, {
			"streams":	[{
					"socket":	6,
					"start":	2.000198,
					"end":	3.001043,
					"seconds":	1.0008449554443359,
					"bytes":	0,
					"bits_per_second":	0,
					"retransmits":	0,
					"snd_cwnd":	461912,
					"snd_wnd":	1526272,
					"rtt":	585644,
					"rttvar":	2744,
					"pmtu":	1500,
					"omitted":	false,
					"sender":	true
				}],
			"sum":	{
				"start":	2.000198,
				"end":	3.001043,
				"seconds":	1.0008449554443359,
				"bytes":	0,
				"bits_per_second":	0,
				"retransmits":	0,
				"omitted":	false,
				"sender":	true
			}
		}, {
			"streams":	[{
					"socket":	6,
					"start":	3.001043,
					"end":	4.000871,
					"seconds":	0.99982798099517822,
					"bytes":	1310720,
					"bits_per_second":	10487564.060332663,
					"retransmits":	0,
					"snd_cwnd":	461912,
					"snd_wnd":	1526272,
					"rtt":	609262,
					"rttvar":	150,
					"pmtu":	1500,
					"omitted":	false,
					"sender":	true
				}],
			"sum":	{
				"start":	3.001043,
				"end":	4.000871,
				"seconds":	0.99982798099517822,
				"bytes":	1310720,
				"bits_per_second":	10487564.060332663,
				"retransmits":	0,
				"omitted":	false,
				"sender":	true
			}
		}, {
			"streams":	[{
					"socket":	6,
					"start":	4.000871,
					"end":	5.0003,
					"seconds":	0.99942898750305176,
					"bytes":	1310720,
					"bits_per_second":	10491750.920890696,
					"retransmits":	0,
					"snd_cwnd":	529968,
					"snd_wnd":	1526272,
					"rtt":	627642,
					"rttvar":	1597,
					"pmtu":	1500,
					"omitted":	false,
					"sender":	true
				}],
			"sum":	{
				"start":	4.000871,
				"end":	5.0003,
				"seconds":	0.99942898750305176,
				"bytes":	1310720,
				"bits_per_second":	10491750.920890696,
				"retransmits":	0,
				"omitted":	false,
				"sender":	true
			}
		}, {
			"streams":	[{
					"socket":	6,
					"start":	5.0003,
					"end":	6.00103,
					"seconds":	1.000730037689209,
					"bytes":	0,
					"bits_per_second":	0,
					"retransmits":	0,
					"snd_cwnd":	390960,
					"snd_wnd":	1526272,
					"rtt":	516975,
					"rttvar":	11312,
					"pmtu":	1500,
					"omitted":	false,
					"sender":	true
				}],
			"sum":	{
				"start":	5.0003,
				"end":	6.00103,
				"seconds":	1.000730037689209,
				"bytes":	0,
				"bits_per_second":	0,
				"retransmits":	0,
				"omitted":	false,
				"sender":	true
			}
		}, {
			"streams":	[{
					"socket":	6,
					"start":	6.00103,
					"end":	7.001032,
					"seconds":	1.0000020265579224,
					"bytes":	0,
					"bits_per_second":	0,
					"retransmits":	0,
					"snd_cwnd":	390960,
					"snd_wnd":	1526272,
					"rtt":	617184,
					"rttvar":	1582,
					"pmtu":	1500,
					"omitted":	false,
					"sender":	true
				}],
			"sum":	{
				"start":	6.00103,
				"end":	7.001032,
				"seconds":	1.0000020265579224,
				"bytes":	0,
				"bits_per_second":	0,
				"retransmits":	0,
				"omitted":	false,
				"sender":	true
			}
		}, {
			"streams":	[{
					"socket":	6,
					"start":	7.001032,
					"end":	8.001001,
					"seconds":	0.9999690055847168,
					"bytes":	1310720,
					"bits_per_second":	10486085.0100735,
					"retransmits":	0,
					"snd_cwnd":	390960,
					"snd_wnd":	1526272,
					"rtt":	640590,
					"rttvar":	767,
					"pmtu":	1500,
					"omitted":	false,
					"sender":	true
				}],
			"sum":	{
				"start":	7.001032,
				"end":	8.001001,
				"seconds":	0.9999690055847168,
				"bytes":	1310720,
				"bits_per_second":	10486085.0100735,
				"retransmits":	0,
				"omitted":	false,
				"sender":	true
			}
		}, {
			"streams":	[{
					"socket":	6,
					"start":	8.001001,
					"end":	9.00105,
					"seconds":	1.0000489950180054,
					"bytes":	0,
					"bits_per_second":	0,
					"retransmits":	0,
					"snd_cwnd":	390960,
					"snd_wnd":	1526272,
					"rtt":	675135,
					"rttvar":	2530,
					"pmtu":	1500,
					"omitted":	false,
					"sender":	true
				}],
			"sum":	{
				"start":	8.001001,
				"end":	9.00105,
				"seconds":	1.0000489950180054,
				"bytes":	0,
				"bits_per_second":	0,
				"retransmits":	0,
				"omitted":	false,
				"sender":	true
			}
		}, {
			"streams":	[{
					"socket":	6,
					"start":	9.00105,
					"end":	10.000771,
					"seconds":	0.9997209906578064,
					"bytes":	1310720,
					"bits_per_second":	10488686.441504519,
					"retransmits":	0,
					"snd_cwnd":	318560,
					"snd_wnd":	1526272,
					"rtt":	741628,
					"rttvar":	5687,
					"pmtu":	1500,
					"omitted":	false,
					"sender":	true
				}],
			"sum":	{
				"start":	9.00105,
				"end":	10.000771,
				"seconds":	0.9997209906578064,
				"bytes":	1310720,
				"bits_per_second":	10488686.441504519,
				"retransmits":	0,
				"omitted":	false,
				"sender":	true
			}
		}],
	"end":	{
		"streams":	[{
				"sender":	{
					"socket":	6,
					"start":	0,
					"end":	10.000771,
					"seconds":	10.000771,
					"bytes":	9437184,
					"bits_per_second":	7549165.1593662128,
					"retransmits":	0,
					"max_snd_cwnd":	529968,
					"max_snd_wnd":	1526272,
					"max_rtt":	741628,
					"min_rtt":	204841,
					"mean_rtt":	569755,
					"sender":	true
				},
				"receiver":	{
					"socket":	6,
					"start":	0,
					"end":	10.753621,
					"seconds":	10.000771,
					"bytes":	6235088,
					"bits_per_second":	4638503.0679433467,
					"sender":	true
				}
			}],
		"sum_sent":	{
			"start":	0,
			"end":	10.000771,
			"seconds":	10.000771,
			"bytes":	9437184,
			"bits_per_second":	7549165.1593662128,
			"retransmits":	0,
			"sender":	true
		},
		"sum_received":	{
			"start":	0,
			"end":	10.753621,
			"seconds":	10.753621,
			"bytes":	6235088,
			"bits_per_second":	4638503.0679433467,
			"sender":	true
		},
		"cpu_utilization_percent":	{
			"host_total":	1.8809464280309052,
			"host_user":	0.37062787726282809,
			"host_system":	1.510318550768077,
			"remote_total":	0.51424457471973672,
			"remote_user":	0.082186140169494271,
			"remote_system":	0.4320584345502424
		},
		"sender_tcp_congestion":	"bbr",
		"receiver_tcp_congestion":	"bbr"
	}
}
