{
	"start":	{
		"connected":	[{
				"socket":	6,
				"local_host":	"192.168.101.210",
				"local_port":	49816,
				"remote_host":	"192.168.100.168",
				"remote_port":	5201
			}],
		"version":	"iperf 3.11",
		"system_info":	"Linux f1 6.0.10-300.fc37.x86_64 #1 SMP PREEMPT_DYNAMIC Sat Nov 26 16:55:13 UTC 2022 x86_64",
		"timestamp":	{
			"time":	"Fri, 09 Dec 2022 23:12:06 GMT",
			"timesecs":	1670627526
		},
		"connecting_to":	{
			"host":	"192.168.100.168",
			"port":	5201
		},
		"cookie":	"vsd4wpb73622rqwitzlyhii3cet2nfeydoxc",
		"tcp_mss_default":	1448,
		"target_bitrate":	0,
		"sock_bufsize":	0,
		"sndbuf_actual":	16384,
		"rcvbuf_actual":	131072,
		"test_start":	{
			"protocol":	"TCP",
			"num_streams":	1,
			"blksize":	131072,
			"omit":	0,
			"duration":	10,
			"bytes":	0,
			"blocks":	0,
			"reverse":	0,
			"tos":	0,
			"target_bitrate":	0
		}
	},
	"intervals":	[{
			"streams":	[{
					"socket":	6,
					"start":	0,
					"end":	1.000133,
					"seconds":	1.0001330375671387,
					"bytes":	12451840,
					"bits_per_second":	99601469.262845829,
					"retransmits":	0,
					"snd_cwnd":	1245280,
					"snd_wnd":	3143552,
					"rtt":	107157,
					"rttvar":	372,
					"pmtu":	1500,
					"omitted":	false,
					"sender":	true
				}],
			"sum":	{
				"start":	0,
				"end":	1.000133,
				"seconds":	1.0001330375671387,
				"bytes":	12451840,
				"bits_per_second":	99601469.262845829,
				"retransmits":	0,
				"omitted":	false,
				"sender":	true
			}
		}, {
			"streams":	[{
					"socket":	6,
					"start":	1.000133,
					"end":	2.000093,
					"seconds":	0.99996000528335571,
					"bytes":	11796480,
					"bits_per_second":	94375614.5259611,
					"retransmits":	0,
					"snd_cwnd":	1812896,
					"snd_wnd":	3143552,
					"rtt":	149135,
					"rttvar":	366,
					"pmtu":	1500,
					"omitted":	false,
					"sender":	true
				}],
			"sum":	{
				"start":	1.000133,
				"end":	2.000093,
				"seconds":	0.99996000528335571,
				"bytes":	11796480,
				"bits_per_second":	94375614.5259611,
				"retransmits":	0,
				"omitted":	false,
				"sender":	true
			}
		}, {
			"streams":	[{
					"socket":	6,
					"start":	2.000093,
					"end":	3.000085,
					"seconds":	0.9999920129776,
					"bytes":	11796480,
					"bits_per_second":	94372593.756020263,
					"retransmits":	0,
					"snd_cwnd":	2400784,
					"snd_wnd":	3143552,
					"rtt":	193157,
					"rttvar":	445,
					"pmtu":	1500,
					"omitted":	false,
					"sender":	true
				}],
			"sum":	{
				"start":	2.000093,
				"end":	3.000085,
				"seconds":	0.9999920129776,
				"bytes":	11796480,
				"bits_per_second":	94372593.756020263,
				"retransmits":	0,
				"omitted":	false,
				"sender":	true
			}
		}, {
			"streams":	[{
					"socket":	6,
					"start":	3.000085,
					"end":	4.000078,
					"seconds":	0.99999302625656128,
					"bytes":	11796480,
					"bits_per_second":	94372498.129589632,
					"retransmits":	0,
					"snd_cwnd":	2991568,
					"snd_wnd":	3143552,
					"rtt":	239563,
					"rttvar":	793,
					"pmtu":	1500,
					"omitted":	false,
					"sender":	true
				}],
			"sum":	{
				"start":	3.000085,
				"end":	4.000078,
				"seconds":	0.99999302625656128,
				"bytes":	11796480,
				"bits_per_second":	94372498.129589632,
				"retransmits":	0,
				"omitted":	false,
				"sender":	true
			}
		}, {
			"streams":	[{
					"socket":	6,
					"start":	4.000078,
					"end":	5.000099,
					"seconds":	1.0000209808349609,
					"bytes":	11796480,
					"bits_per_second":	94369860.0415412,
					"retransmits":	0,
					"snd_cwnd":	3291304,
					"snd_wnd":	3143552,
					"rtt":	260276,
					"rttvar":	6958,
					"pmtu":	1500,
					"omitted":	false,
					"sender":	true
				}],
			"sum":	{
				"start":	4.000078,
				"end":	5.000099,
				"seconds":	1.0000209808349609,
				"bytes":	11796480,
				"bits_per_second":	94369860.0415412,
				"retransmits":	0,
				"omitted":	false,
				"sender":	true
			}
		}, {
			"streams":	[{
					"socket":	6,
					"start":	5.000099,
					"end":	6.000085,
					"seconds":	0.99998599290847778,
					"bytes":	11796480,
					"bits_per_second":	94373161.8935159,
					"retransmits":	0,
					"snd_cwnd":	3291304,
					"snd_wnd":	3143552,
					"rtt":	261691,
					"rttvar":	5055,
					"pmtu":	1500,
					"omitted":	false,
					"sender":	true
				}],
			"sum":	{
				"start":	5.000099,
				"end":	6.000085,
				"seconds":	0.99998599290847778,
				"bytes":	11796480,
				"bits_per_second":	94373161.8935159,
				"retransmits":	0,
				"omitted":	false,
				"sender":	true
			}
		}, {
			"streams":	[{
					"socket":	6,
					"start":	6.000085,
					"end":	7.000097,
					"seconds":	1.0000120401382446,
					"bytes":	11796480,
					"bits_per_second":	94370703.763680443,
					"retransmits":	0,
					"snd_cwnd":	3291304,
					"snd_wnd":	3143552,
					"rtt":	262619,
					"rttvar":	2897,
					"pmtu":	1500,
					"omitted":	false,
					"sender":	true
				}],
			"sum":	{
				"start":	6.000085,
				"end":	7.000097,
				"seconds":	1.0000120401382446,
				"bytes":	11796480,
				"bits_per_second":	94370703.763680443,
				"retransmits":	0,
				"omitted":	false,
				"sender":	true
			}
		}, {
			"streams":	[{
					"socket":	6,
					"start":	7.000097,
					"end":	8.000111,
					"seconds":	1.0000139474868774,
					"bytes":	11796480,
					"bits_per_second":	94370523.768358126,
					"retransmits":	0,
					"snd_cwnd":	3291304,
					"snd_wnd":	3143552,
					"rtt":	263596,
					"rttvar":	1379,
					"pmtu":	1500,
					"omitted":	false,
					"sender":	true
				}],
			"sum":	{
				"start":	7.000097,
				"end":	8.000111,
				"seconds":	1.0000139474868774,
				"bytes":	11796480,
				"bits_per_second":	94370523.768358126,
				"retransmits":	0,
				"omitted":	false,
				"sender":	true
			}
		}, {
			"streams":	[{
					"socket":	6,
					"start":	8.000111,
					"end":	9.000122,
					"seconds":	1.0000109672546387,
					"bytes":	11796480,
					"bits_per_second":	94370805.011351,
					"retransmits":	0,
					"snd_cwnd":	3291304,
					"snd_wnd":	3143552,
					"rtt":	263499,
					"rttvar":	492,
					"pmtu":	1500,
					"omitted":	false,
					"sender":	true
				}],
			"sum":	{
				"start":	8.000111,
				"end":	9.000122,
				"seconds":	1.0000109672546387,
				"bytes":	11796480,
				"bits_per_second":	94370805.011351,
				"retransmits":	0,
				"omitted":	false,
				"sender":	true
			}
		}, {
			"streams":	[{
					"socket":	6,
					"start":	9.000122,
					"end":	10.000121,
					"seconds":	0.99999898672103882,
					"bytes":	11796480,
					"bits_per_second":	94371935.6250969,
					"retransmits":	0,
					"snd_cwnd":	3291304,
					"snd_wnd":	3143552,
					"rtt":	263613,
					"rttvar":	271,
					"pmtu":	1500,
					"omitted":	false,
					"sender":	true
				}],
			"sum":	{
				"start":	9.000122,
				"end":	10.000121,
				"seconds":	0.99999898672103882,
				"bytes":	11796480,
				"bits_per_second":	94371935.6250969,
				"retransmits":	0,
				"omitted":	false,
				"sender":	true
			}
		}],
	"end":	{
		"streams":	[{
				"sender":	{
					"socket":	6,
					"start":	0,
					"end":	10.000121,
					"seconds":	10.000121,
					"bytes":	118620160,
					"bits_per_second":	94894979.770744771,
					"retransmits":	0,
					"max_snd_cwnd":	3291304,
					"max_snd_wnd":	3143552,
					"max_rtt":	263613,
					"min_rtt":	107157,
					"mean_rtt":	226430,
					"sender":	true
				},
				"receiver":	{
					"socket":	6,
					"start":	0,
					"end":	10.234698,
					"seconds":	10.000121,
					"bytes":	118619880,
					"bits_per_second":	92719789.093923435,
					"sender":	true
				}
			}],
		"sum_sent":	{
			"start":	0,
			"end":	10.000121,
			"seconds":	10.000121,
			"bytes":	118620160,
			"bits_per_second":	94894979.770744771,
			"retransmits":	0,
			"sender":	true
		},
		"sum_received":	{
			"start":	0,
			"end":	10.234698,
			"seconds":	10.234698,
			"bytes":	118619880,
			"bits_per_second":	92719789.093923435,
			"sender":	true
		},
		"cpu_utilization_percent":	{
			"host_total":	0.27875996916636936,
			"host_user":	0.023030427005869866,
			"host_system":	0.25573952068173261,
			"remote_total":	2.019008026494888,
			"remote_user":	0.1194657914244725,
			"remote_system":	1.8995324644160094
		},
		"sender_tcp_congestion":	"cubic",
		"receiver_tcp_congestion":	"cubic"
	}
}
