{
	"start":	{
		"connected":	[{
				"socket":	6,
				"local_host":	"192.168.101.210",
				"local_port":	56318,
				"remote_host":	"192.168.100.168",
				"remote_port":	5201
			}],
		"version":	"iperf 3.11",
		"system_info":	"Linux f1 6.0.10-300.fc37.x86_64 #1 SMP PREEMPT_DYNAMIC Sat Nov 26 16:55:13 UTC 2022 x86_64",
		"timestamp":	{
			"time":	"Fri, 09 Dec 2022 22:53:44 GMT",
			"timesecs":	1670626424
		},
		"connecting_to":	{
			"host":	"192.168.100.168",
			"port":	5201
		},
		"cookie":	"uv3bzqv2y3xtmuluhsd3muqodo34vu7yrvna",
		"tcp_mss_default":	1448,
		"target_bitrate":	0,
		"sock_bufsize":	0,
		"sndbuf_actual":	16384,
		"rcvbuf_actual":	131072,
		"test_start":	{
			"protocol":	"TCP",
			"num_streams":	1,
			"blksize":	131072,
			"omit":	0,
			"duration":	10,
			"bytes":	0,
			"blocks":	0,
			"reverse":	0,
			"tos":	0,
			"target_bitrate":	0
		}
	},
	"intervals":	[{
			"streams":	[{
					"socket":	6,
					"start":	0,
					"end":	1.000082,
					"seconds":	1.0000820159912109,
					"bytes":	1581216,
					"bits_per_second":	12648690.6051025,
					"retransmits":	0,
					"snd_cwnd":	218648,
					"snd_wnd":	760832,
					"rtt":	282082,
					"rttvar":	8170,
					"pmtu":	1500,
					"omitted":	false,
					"sender":	true
				}],
			"sum":	{
				"start":	0,
				"end":	1.000082,
				"seconds":	1.0000820159912109,
				"bytes":	1581216,
				"bits_per_second":	12648690.6051025,
				"retransmits":	0,
				"omitted":	false,
				"sender":	true
			}
		}, {
			"streams":	[{
					"socket":	6,
					"start":	1.000082,
					"end":	2.000325,
					"seconds":	1.0002429485321045,
					"bytes":	521280,
					"bits_per_second":	4169227.0923978915,
					"retransmits":	0,
					"snd_cwnd":	244712,
					"snd_wnd":	863872,
					"rtt":	433624,
					"rttvar":	977,
					"pmtu":	1500,
					"omitted":	false,
					"sender":	true
				}],
			"sum":	{
				"start":	1.000082,
				"end":	2.000325,
				"seconds":	1.0002429485321045,
				"bytes":	521280,
				"bits_per_second":	4169227.0923978915,
				"retransmits":	0,
				"omitted":	false,
				"sender":	true
			}
		}, {
			"streams":	[{
					"socket":	6,
					"start":	2.000325,
					"end":	3.000579,
					"seconds":	1.0002540349960327,
					"bytes":	521280,
					"bits_per_second":	4169180.8821511432,
					"retransmits":	0,
					"snd_cwnd":	279464,
					"snd_wnd":	863872,
					"rtt":	381016,
					"rttvar":	9491,
					"pmtu":	1500,
					"omitted":	false,
					"sender":	true
				}],
			"sum":	{
				"start":	2.000325,
				"end":	3.000579,
				"seconds":	1.0002540349960327,
				"bytes":	521280,
				"bits_per_second":	4169180.8821511432,
				"retransmits":	0,
				"omitted":	false,
				"sender":	true
			}
		}, {
			"streams":	[{
					"socket":	6,
					"start":	3.000579,
					"end":	4.000185,
					"seconds":	0.99960601329803467,
					"bytes":	1238040,
					"bits_per_second":	9908223.7083812,
					"retransmits":	0,
					"snd_cwnd":	309872,
					"snd_wnd":	863872,
					"rtt":	476456,
					"rttvar":	2808,
					"pmtu":	1500,
					"omitted":	false,
					"sender":	true
				}],
			"sum":	{
				"start":	3.000579,
				"end":	4.000185,
				"seconds":	0.99960601329803467,
				"bytes":	1238040,
				"bits_per_second":	9908223.7083812,
				"retransmits":	0,
				"omitted":	false,
				"sender":	true
			}
		}, {
			"streams":	[{
					"socket":	6,
					"start":	4.000185,
					"end":	5.000293,
					"seconds":	1.000108003616333,
					"bytes":	716760,
					"bits_per_second":	5733460.7655032221,
					"retransmits":	0,
					"snd_cwnd":	343176,
					"snd_wnd":	863872,
					"rtt":	486939,
					"rttvar":	4050,
					"pmtu":	1500,
					"omitted":	false,
					"sender":	true
				}],
			"sum":	{
				"start":	4.000185,
				"end":	5.000293,
				"seconds":	1.000108003616333,
				"bytes":	716760,
				"bits_per_second":	5733460.7655032221,
				"retransmits":	0,
				"omitted":	false,
				"sender":	true
			}
		}, {
			"streams":	[{
					"socket":	6,
					"start":	5.000293,
					"end":	6.000434,
					"seconds":	1.0001410245895386,
					"bytes":	716760,
					"bits_per_second":	5733271.4677445479,
					"retransmits":	0,
					"snd_cwnd":	377928,
					"snd_wnd":	863872,
					"rtt":	503704,
					"rttvar":	339,
					"pmtu":	1500,
					"omitted":	false,
					"sender":	true
				}],
			"sum":	{
				"start":	5.000293,
				"end":	6.000434,
				"seconds":	1.0001410245895386,
				"bytes":	716760,
				"bits_per_second":	5733271.4677445479,
				"retransmits":	0,
				"omitted":	false,
				"sender":	true
			}
		}, {
			"streams":	[{
					"socket":	6,
					"start":	6.000434,
					"end":	7.000559,
					"seconds":	1.0001250505447388,
					"bytes":	781920,
					"bits_per_second":	6254577.8616312919,
					"retransmits":	0,
					"snd_cwnd":	412680,
					"snd_wnd":	884736,
					"rtt":	533481,
					"rttvar":	1660,
					"pmtu":	1500,
					"omitted":	false,
					"sender":	true
				}],
			"sum":	{
				"start":	6.000434,
				"end":	7.000559,
				"seconds":	1.0001250505447388,
				"bytes":	781920,
				"bits_per_second":	6254577.8616312919,
				"retransmits":	0,
				"omitted":	false,
				"sender":	true
			}
		}, {
			"streams":	[{
					"socket":	6,
					"start":	7.000559,
					"end":	8.000674,
					"seconds":	1.0001150369644165,
					"bytes":	847080,
					"bits_per_second":	6775860.5255738283,
					"retransmits":	0,
					"snd_cwnd":	453224,
					"snd_wnd":	1020544,
					"rtt":	522806,
					"rttvar":	1425,
					"pmtu":	1500,
					"omitted":	false,
					"sender":	true
				}],
			"sum":	{
				"start":	7.000559,
				"end":	8.000674,
				"seconds":	1.0001150369644165,
				"bytes":	847080,
				"bits_per_second":	6775860.5255738283,
				"retransmits":	0,
				"omitted":	false,
				"sender":	true
			}
		}, {
			"streams":	[{
					"socket":	6,
					"start":	8.000674,
					"end":	9.000808,
					"seconds":	1.0001339912414551,
					"bytes":	977400,
					"bits_per_second":	7818152.43604921,
					"retransmits":	0,
					"snd_cwnd":	508248,
					"snd_wnd":	1057792,
					"rtt":	556928,
					"rttvar":	634,
					"pmtu":	1500,
					"omitted":	false,
					"sender":	true
				}],
			"sum":	{
				"start":	8.000674,
				"end":	9.000808,
				"seconds":	1.0001339912414551,
				"bytes":	977400,
				"bits_per_second":	7818152.43604921,
				"retransmits":	0,
				"omitted":	false,
				"sender":	true
			}
		}, {
			"streams":	[{
					"socket":	6,
					"start":	9.000808,
					"end":	10.000099,
					"seconds":	0.99929100275039673,
					"bytes":	2280600,
					"bits_per_second":	18257744.690769713,
					"retransmits":	0,
					"snd_cwnd":	618296,
					"snd_wnd":	1339648,
					"rtt":	613931,
					"rttvar":	1934,
					"pmtu":	1500,
					"omitted":	false,
					"sender":	true
				}],
			"sum":	{
				"start":	9.000808,
				"end":	10.000099,
				"seconds":	0.99929100275039673,
				"bytes":	2280600,
				"bits_per_second":	18257744.690769713,
				"retransmits":	0,
				"omitted":	false,
				"sender":	true
			}
		}],
	"end":	{
		"streams":	[{
				"sender":	{
					"socket":	6,
					"start":	0,
					"end":	10.000099,
					"seconds":	10.000099,
					"bytes":	10182336,
					"bits_per_second":	8145788.1566972481,
					"retransmits":	0,
					"max_snd_cwnd":	618296,
					"max_snd_wnd":	1339648,
					"max_rtt":	613931,
					"min_rtt":	282082,
					"mean_rtt":	479096,
					"sender":	true
				},
				"receiver":	{
					"socket":	6,
					"start":	0,
					"end":	10.672687,
					"seconds":	10.000099,
					"bytes":	7444168,
					"bits_per_second":	5579976.6263172524,
					"sender":	true
				}
			}],
		"sum_sent":	{
			"start":	0,
			"end":	10.000099,
			"seconds":	10.000099,
			"bytes":	10182336,
			"bits_per_second":	8145788.1566972481,
			"retransmits":	0,
			"sender":	true
		},
		"sum_received":	{
			"start":	0,
			"end":	10.672687,
			"seconds":	10.672687,
			"bytes":	7444168,
			"bits_per_second":	5579976.6263172524,
			"sender":	true
		},
		"cpu_utilization_percent":	{
			"host_total":	1.4432655750150027,
			"host_user":	0.21888812567055418,
			"host_system":	1.2243774493444488,
			"remote_total":	0.63500332624359346,
			"remote_user":	0.0810291678769196,
			"remote_system":	0.553974158366674
		},
		"sender_tcp_congestion":	"cubic",
		"receiver_tcp_congestion":	"cubic"
	}
}
