{
	"start":	{
		"connected":	[{
				"socket":	6,
				"local_host":	"192.168.101.210",
				"local_port":	34354,
				"remote_host":	"192.168.100.168",
				"remote_port":	5202
			}],
		"version":	"iperf 3.11",
		"system_info":	"Linux f1 6.0.10-300.fc37.x86_64 #1 SMP PREEMPT_DYNAMIC Sat Nov 26 16:55:13 UTC 2022 x86_64",
		"timestamp":	{
			"time":	"Fri, 09 Dec 2022 23:18:00 GMT",
			"timesecs":	1670627880
		},
		"connecting_to":	{
			"host":	"192.168.100.168",
			"port":	5202
		},
		"cookie":	"odvqlbffcool5ok5bn7re4hvqd23hrf2vtbt",
		"tcp_mss_default":	1448,
		"target_bitrate":	0,
		"sock_bufsize":	0,
		"sndbuf_actual":	16384,
		"rcvbuf_actual":	131072,
		"test_start":	{
			"protocol":	"TCP",
			"num_streams":	1,
			"blksize":	131072,
			"omit":	0,
			"duration":	10,
			"bytes":	0,
			"blocks":	0,
			"reverse":	0,
			"tos":	0,
			"target_bitrate":	0
		}
	},
	"intervals":	[{
			"streams":	[{
					"socket":	6,
					"start":	0,
					"end":	1.000047,
					"seconds":	1.000046968460083,
					"bytes":	4325376,
					"bits_per_second":	34601382.8263319,
					"retransmits":	0,
					"snd_cwnd":	626984,
					"snd_wnd":	977280,
					"rtt":	150084,
					"rttvar":	18,
					"pmtu":	1500,
					"omitted":	false,
					"sender":	true
				}],
			"sum":	{
				"start":	0,
				"end":	1.000047,
				"seconds":	1.000046968460083,
				"bytes":	4325376,
				"bits_per_second":	34601382.8263319,
				"retransmits":	0,
				"omitted":	false,
				"sender":	true
			}
		}, {
			"streams":	[{
					"socket":	6,
					"start":	1.000047,
					"end":	2.000161,
					"seconds":	1.0001139640808105,
					"bytes":	3932160,
					"bits_per_second":	31453695.408514675,
					"retransmits":	0,
					"snd_cwnd":	2316800,
					"snd_wnd":	3141248,
					"rtt":	433611,
					"rttvar":	3787,
					"pmtu":	1500,
					"omitted":	false,
					"sender":	true
				}],
			"sum":	{
				"start":	1.000047,
				"end":	2.000161,
				"seconds":	1.0001139640808105,
				"bytes":	3932160,
				"bits_per_second":	31453695.408514675,
				"retransmits":	0,
				"omitted":	false,
				"sender":	true
			}
		}, {
			"streams":	[{
					"socket":	6,
					"start":	2.000161,
					"end":	3.000162,
					"seconds":	1.0000009536743164,
					"bytes":	5242880,
					"bits_per_second":	41943000.000038147,
					"retransmits":	0,
					"snd_cwnd":	2337072,
					"snd_wnd":	3141248,
					"rtt":	424813,
					"rttvar":	639,
					"pmtu":	1500,
					"omitted":	false,
					"sender":	true
				}],
			"sum":	{
				"start":	2.000161,
				"end":	3.000162,
				"seconds":	1.0000009536743164,
				"bytes":	5242880,
				"bits_per_second":	41943000.000038147,
				"retransmits":	0,
				"omitted":	false,
				"sender":	true
			}
		}, {
			"streams":	[{
					"socket":	6,
					"start":	3.000162,
					"end":	4.000166,
					"seconds":	1.0000040531158447,
					"bytes":	3932160,
					"bits_per_second":	31457152.500516769,
					"retransmits":	0,
					"snd_cwnd":	2334176,
					"snd_wnd":	3143552,
					"rtt":	431880,
					"rttvar":	8695,
					"pmtu":	1500,
					"omitted":	false,
					"sender":	true
				}],
			"sum":	{
				"start":	3.000162,
				"end":	4.000166,
				"seconds":	1.0000040531158447,
				"bytes":	3932160,
				"bits_per_second":	31457152.500516769,
				"retransmits":	0,
				"omitted":	false,
				"sender":	true
			}
		}, {
			"streams":	[{
					"socket":	6,
					"start":	4.000166,
					"end":	5.000053,
					"seconds":	0.999886989593506,
					"bytes":	5242880,
					"bits_per_second":	41947780.53572987,
					"retransmits":	0,
					"snd_cwnd":	2337072,
					"snd_wnd":	3143552,
					"rtt":	450092,
					"rttvar":	3136,
					"pmtu":	1500,
					"omitted":	false,
					"sender":	true
				}],
			"sum":	{
				"start":	4.000166,
				"end":	5.000053,
				"seconds":	0.999886989593506,
				"bytes":	5242880,
				"bits_per_second":	41947780.53572987,
				"retransmits":	0,
				"omitted":	false,
				"sender":	true
			}
		}, {
			"streams":	[{
					"socket":	6,
					"start":	5.000053,
					"end":	6.000181,
					"seconds":	1.0001280307769775,
					"bytes":	5242880,
					"bits_per_second":	41937670.687437259,
					"retransmits":	0,
					"snd_cwnd":	2148832,
					"snd_wnd":	3143552,
					"rtt":	435016,
					"rttvar":	1544,
					"pmtu":	1500,
					"omitted":	false,
					"sender":	true
				}],
			"sum":	{
				"start":	5.000053,
				"end":	6.000181,
				"seconds":	1.0001280307769775,
				"bytes":	5242880,
				"bits_per_second":	41937670.687437259,
				"retransmits":	0,
				"omitted":	false,
				"sender":	true
			}
		}, {
			"streams":	[{
					"socket":	6,
					"start":	6.000181,
					"end":	7.000086,
					"seconds":	0.999904990196228,
					"bytes":	5242880,
					"bits_per_second":	41947025.378650047,
					"retransmits":	0,
					"snd_cwnd":	2085120,
					"snd_wnd":	3143552,
					"rtt":	363825,
					"rttvar":	3457,
					"pmtu":	1500,
					"omitted":	false,
					"sender":	true
				}],
			"sum":	{
				"start":	6.000181,
				"end":	7.000086,
				"seconds":	0.999904990196228,
				"bytes":	5242880,
				"bits_per_second":	41947025.378650047,
				"retransmits":	0,
				"omitted":	false,
				"sender":	true
			}
		}, {
			"streams":	[{
					"socket":	6,
					"start":	7.000086,
					"end":	8.000163,
					"seconds":	1.00007700920105,
					"bytes":	3932160,
					"bits_per_second":	31454857.686540425,
					"retransmits":	0,
					"snd_cwnd":	2099600,
					"snd_wnd":	3143936,
					"rtt":	421135,
					"rttvar":	5297,
					"pmtu":	1500,
					"omitted":	false,
					"sender":	true
				}],
			"sum":	{
				"start":	7.000086,
				"end":	8.000163,
				"seconds":	1.00007700920105,
				"bytes":	3932160,
				"bits_per_second":	31454857.686540425,
				"retransmits":	0,
				"omitted":	false,
				"sender":	true
			}
		}, {
			"streams":	[{
					"socket":	6,
					"start":	8.000163,
					"end":	9.000232,
					"seconds":	1.00006902217865,
					"bytes":	5242880,
					"bits_per_second":	41940145.199805416,
					"retransmits":	0,
					"snd_cwnd":	2099600,
					"snd_wnd":	3143936,
					"rtt":	413555,
					"rttvar":	2566,
					"pmtu":	1500,
					"omitted":	false,
					"sender":	true
				}],
			"sum":	{
				"start":	8.000163,
				"end":	9.000232,
				"seconds":	1.00006902217865,
				"bytes":	5242880,
				"bits_per_second":	41940145.199805416,
				"retransmits":	0,
				"omitted":	false,
				"sender":	true
			}
		}, {
			"streams":	[{
					"socket":	6,
					"start":	9.000232,
					"end":	10.000138,
					"seconds":	0.99990600347518921,
					"bytes":	5242880,
					"bits_per_second":	41946982.870616138,
					"retransmits":	0,
					"snd_cwnd":	1980864,
					"snd_wnd":	3143936,
					"rtt":	350917,
					"rttvar":	3735,
					"pmtu":	1500,
					"omitted":	false,
					"sender":	true
				}],
			"sum":	{
				"start":	9.000232,
				"end":	10.000138,
				"seconds":	0.99990600347518921,
				"bytes":	5242880,
				"bits_per_second":	41946982.870616138,
				"retransmits":	0,
				"omitted":	false,
				"sender":	true
			}
		}],
	"end":	{
		"streams":	[{
				"sender":	{
					"socket":	6,
					"start":	0,
					"end":	10.000138,
					"seconds":	10.000138,
					"bytes":	47579136,
					"bits_per_second":	38062783.53358724,
					"retransmits":	0,
					"max_snd_cwnd":	2337072,
					"max_snd_wnd":	3143936,
					"max_rtt":	450092,
					"min_rtt":	150084,
					"mean_rtt":	387492,
					"sender":	true
				},
				"receiver":	{
					"socket":	6,
					"start":	0,
					"end":	10.41504,
					"seconds":	10.000138,
					"bytes":	46582216,
					"bits_per_second":	35780729.40670415,
					"sender":	true
				}
			}],
		"sum_sent":	{
			"start":	0,
			"end":	10.000138,
			"seconds":	10.000138,
			"bytes":	47579136,
			"bits_per_second":	38062783.53358724,
			"retransmits":	0,
			"sender":	true
		},
		"sum_received":	{
			"start":	0,
			"end":	10.41504,
			"seconds":	10.41504,
			"bytes":	46582216,
			"bits_per_second":	35780729.40670415,
			"sender":	true
		},
		"cpu_utilization_percent":	{
			"host_total":	1.5284959699643561,
			"host_user":	0.19306175646297505,
			"host_system":	1.335434213501381,
			"remote_total":	2.0272492236954429,
			"remote_user":	0.19382530029383443,
			"remote_system":	1.8334239234016088
		},
		"sender_tcp_congestion":	"bbr",
		"receiver_tcp_congestion":	"bbr"
	}
}
