{
	"start":	{
		"connected":	[{
				"socket":	6,
				"local_host":	"192.168.101.210",
				"local_port":	60098,
				"remote_host":	"192.168.100.168",
				"remote_port":	5202
			}],
		"version":	"iperf 3.11",
		"system_info":	"Linux f1 6.0.10-300.fc37.x86_64 #1 SMP PREEMPT_DYNAMIC Sat Nov 26 16:55:13 UTC 2022 x86_64",
		"timestamp":	{
			"time":	"Fri, 09 Dec 2022 23:14:59 GMT",
			"timesecs":	1670627699
		},
		"connecting_to":	{
			"host":	"192.168.100.168",
			"port":	5202
		},
		"cookie":	"k55qurkqj4daroez7qn76k2sqez3tu6mtz6e",
		"tcp_mss_default":	1448,
		"target_bitrate":	0,
		"sock_bufsize":	0,
		"sndbuf_actual":	16384,
		"rcvbuf_actual":	131072,
		"test_start":	{
			"protocol":	"TCP",
			"num_streams":	1,
			"blksize":	131072,
			"omit":	0,
			"duration":	10,
			"bytes":	0,
			"blocks":	0,
			"reverse":	0,
			"tos":	0,
			"target_bitrate":	0
		}
	},
	"intervals":	[{
			"streams":	[{
					"socket":	6,
					"start":	0,
					"end":	1.000085,
					"seconds":	1.00008499622345,
					"bytes":	7602176,
					"bits_per_second":	60812239.189329386,
					"retransmits":	0,
					"snd_cwnd":	1072968,
					"snd_wnd":	3139200,
					"rtt":	228308,
					"rttvar":	1665,
					"pmtu":	1500,
					"omitted":	false,
					"sender":	true
				}],
			"sum":	{
				"start":	0,
				"end":	1.000085,
				"seconds":	1.00008499622345,
				"bytes":	7602176,
				"bits_per_second":	60812239.189329386,
				"retransmits":	0,
				"omitted":	false,
				"sender":	true
			}
		}, {
			"streams":	[{
					"socket":	6,
					"start":	1.000085,
					"end":	2.000092,
					"seconds":	1.0000070333480835,
					"bytes":	2621440,
					"bits_per_second":	20971372.501037411,
					"retransmits":	0,
					"snd_cwnd":	1308992,
					"snd_wnd":	3143552,
					"rtt":	218031,
					"rttvar":	652,
					"pmtu":	1500,
					"omitted":	false,
					"sender":	true
				}],
			"sum":	{
				"start":	1.000085,
				"end":	2.000092,
				"seconds":	1.0000070333480835,
				"bytes":	2621440,
				"bits_per_second":	20971372.501037411,
				"retransmits":	0,
				"omitted":	false,
				"sender":	true
			}
		}, {
			"streams":	[{
					"socket":	6,
					"start":	2.000092,
					"end":	3.000523,
					"seconds":	1.0004309415817261,
					"bytes":	1310720,
					"bits_per_second":	10481243.196478454,
					"retransmits":	0,
					"snd_cwnd":	990432,
					"snd_wnd":	3143552,
					"rtt":	260212,
					"rttvar":	330,
					"pmtu":	1500,
					"omitted":	false,
					"sender":	true
				}],
			"sum":	{
				"start":	2.000092,
				"end":	3.000523,
				"seconds":	1.0004309415817261,
				"bytes":	1310720,
				"bits_per_second":	10481243.196478454,
				"retransmits":	0,
				"omitted":	false,
				"sender":	true
			}
		}, {
			"streams":	[{
					"socket":	6,
					"start":	3.000523,
					"end":	4.000897,
					"seconds":	1.0003739595413208,
					"bytes":	1310720,
					"bits_per_second":	10481840.215840686,
					"retransmits":	0,
					"snd_cwnd":	396752,
					"snd_wnd":	3143552,
					"rtt":	268177,
					"rttvar":	12613,
					"pmtu":	1500,
					"omitted":	false,
					"sender":	true
				}],
			"sum":	{
				"start":	3.000523,
				"end":	4.000897,
				"seconds":	1.0003739595413208,
				"bytes":	1310720,
				"bits_per_second":	10481840.215840686,
				"retransmits":	0,
				"omitted":	false,
				"sender":	true
			}
		}, {
			"streams":	[{
					"socket":	6,
					"start":	4.000897,
					"end":	5.000889,
					"seconds":	0.9999920129776,
					"bytes":	1310720,
					"bits_per_second":	10485843.750668919,
					"retransmits":	0,
					"snd_cwnd":	382272,
					"snd_wnd":	3143552,
					"rtt":	251366,
					"rttvar":	8632,
					"pmtu":	1500,
					"omitted":	false,
					"sender":	true
				}],
			"sum":	{
				"start":	4.000897,
				"end":	5.000889,
				"seconds":	0.9999920129776,
				"bytes":	1310720,
				"bits_per_second":	10485843.750668919,
				"retransmits":	0,
				"omitted":	false,
				"sender":	true
			}
		}, {
			"streams":	[{
					"socket":	6,
					"start":	5.000889,
					"end":	6.000149,
					"seconds":	0.99926000833511353,
					"bytes":	1310720,
					"bits_per_second":	10493525.12112491,
					"retransmits":	0,
					"snd_cwnd":	280912,
					"snd_wnd":	3143552,
					"rtt":	265801,
					"rttvar":	13782,
					"pmtu":	1500,
					"omitted":	false,
					"sender":	true
				}],
			"sum":	{
				"start":	5.000889,
				"end":	6.000149,
				"seconds":	0.99926000833511353,
				"bytes":	1310720,
				"bits_per_second":	10493525.12112491,
				"retransmits":	0,
				"omitted":	false,
				"sender":	true
			}
		}, {
			"streams":	[{
					"socket":	6,
					"start":	6.000149,
					"end":	7.001029,
					"seconds":	1.0008800029754639,
					"bytes":	0,
					"bits_per_second":	0,
					"retransmits":	0,
					"snd_cwnd":	165072,
					"snd_wnd":	3143552,
					"rtt":	256920,
					"rttvar":	11760,
					"pmtu":	1500,
					"omitted":	false,
					"sender":	true
				}],
			"sum":	{
				"start":	6.000149,
				"end":	7.001029,
				"seconds":	1.0008800029754639,
				"bytes":	0,
				"bits_per_second":	0,
				"retransmits":	0,
				"omitted":	false,
				"sender":	true
			}
		}, {
			"streams":	[{
					"socket":	6,
					"start":	7.001029,
					"end":	8.001039,
					"seconds":	1.0000100135803223,
					"bytes":	0,
					"bits_per_second":	0,
					"retransmits":	0,
					"snd_cwnd":	159280,
					"snd_wnd":	3143552,
					"rtt":	251252,
					"rttvar":	12773,
					"pmtu":	1500,
					"omitted":	false,
					"sender":	true
				}],
			"sum":	{
				"start":	7.001029,
				"end":	8.001039,
				"seconds":	1.0000100135803223,
				"bytes":	0,
				"bits_per_second":	0,
				"retransmits":	0,
				"omitted":	false,
				"sender":	true
			}
		}, {
			"streams":	[{
					"socket":	6,
					"start":	8.001039,
					"end":	9.001041,
					"seconds":	1.0000020265579224,
					"bytes":	0,
					"bits_per_second":	0,
					"retransmits":	0,
					"snd_cwnd":	78192,
					"snd_wnd":	3143552,
					"rtt":	253531,
					"rttvar":	15285,
					"pmtu":	1500,
					"omitted":	false,
					"sender":	true
				}],
			"sum":	{
				"start":	8.001039,
				"end":	9.001041,
				"seconds":	1.0000020265579224,
				"bytes":	0,
				"bits_per_second":	0,
				"retransmits":	0,
				"omitted":	false,
				"sender":	true
			}
		}, {
			"streams":	[{
					"socket":	6,
					"start":	9.001041,
					"end":	10.001037,
					"seconds":	0.9999960064888,
					"bytes":	0,
					"bits_per_second":	0,
					"retransmits":	0,
					"snd_cwnd":	78192,
					"snd_wnd":	3143552,
					"rtt":	251440,
					"rttvar":	10544,
					"pmtu":	1500,
					"omitted":	false,
					"sender":	true
				}],
			"sum":	{
				"start":	9.001041,
				"end":	10.001037,
				"seconds":	0.9999960064888,
				"bytes":	0,
				"bits_per_second":	0,
				"retransmits":	0,
				"omitted":	false,
				"sender":	true
			}
		}],
	"end":	{
		"streams":	[{
				"sender":	{
					"socket":	6,
					"start":	0,
					"end":	10.001037,
					"seconds":	10.001037,
					"bytes":	15466496,
					"bits_per_second":	12371913.832535567,
					"retransmits":	0,
					"max_snd_cwnd":	1308992,
					"max_snd_wnd":	3143552,
					"max_rtt":	268177,
					"min_rtt":	218031,
					"mean_rtt":	250503,
					"sender":	true
				},
				"receiver":	{
					"socket":	6,
					"start":	0,
					"end":	10.270199,
					"seconds":	10.001037,
					"bytes":	12810456,
					"bits_per_second":	9978740.23667896,
					"sender":	true
				}
			}],
		"sum_sent":	{
			"start":	0,
			"end":	10.001037,
			"seconds":	10.001037,
			"bytes":	15466496,
			"bits_per_second":	12371913.832535567,
			"retransmits":	0,
			"sender":	true
		},
		"sum_received":	{
			"start":	0,
			"end":	10.270199,
			"seconds":	10.270199,
			"bytes":	12810456,
			"bits_per_second":	9978740.23667896,
			"sender":	true
		},
		"cpu_utilization_percent":	{
			"host_total":	0.52212290840113373,
			"host_user":	0.0983826314908326,
			"host_system":	0.42375007890606586,
			"remote_total":	0.64378449236709645,
			"remote_user":	0.083503672321307634,
			"remote_system":	0.56028082004578872
		},
		"sender_tcp_congestion":	"bbr",
		"receiver_tcp_congestion":	"bbr"
	}
}
