{
	"start":	{
		"connected":	[{
				"socket":	6,
				"local_host":	"192.168.101.210",
				"local_port":	46818,
				"remote_host":	"192.168.100.168",
				"remote_port":	5201
			}],
		"version":	"iperf 3.11",
		"system_info":	"Linux f1 6.0.10-300.fc37.x86_64 #1 SMP PREEMPT_DYNAMIC Sat Nov 26 16:55:13 UTC 2022 x86_64",
		"timestamp":	{
			"time":	"Fri, 09 Dec 2022 23:15:45 GMT",
			"timesecs":	1670627745
		},
		"connecting_to":	{
			"host":	"192.168.100.168",
			"port":	5201
		},
		"cookie":	"d7r2na4kczwg4t44oyju7mk6lewyjyktcxmd",
		"tcp_mss_default":	1448,
		"target_bitrate":	0,
		"sock_bufsize":	0,
		"sndbuf_actual":	16384,
		"rcvbuf_actual":	131072,
		"test_start":	{
			"protocol":	"TCP",
			"num_streams":	1,
			"blksize":	131072,
			"omit":	0,
			"duration":	10,
			"bytes":	0,
			"blocks":	0,
			"reverse":	0,
			"tos":	0,
			"target_bitrate":	0
		}
	},
	"intervals":	[{
			"streams":	[{
					"socket":	6,
					"start":	0,
					"end":	1.000314,
					"seconds":	1.0003139972686768,
					"bytes":	5898240,
					"bits_per_second":	47171108.4008017,
					"retransmits":	0,
					"snd_cwnd":	1171432,
					"snd_wnd":	3141248,
					"rtt":	224519,
					"rttvar":	1185,
					"pmtu":	1500,
					"omitted":	false,
					"sender":	true
				}],
			"sum":	{
				"start":	0,
				"end":	1.000314,
				"seconds":	1.0003139972686768,
				"bytes":	5898240,
				"bits_per_second":	47171108.4008017,
				"retransmits":	0,
				"omitted":	false,
				"sender":	true
			}
		}, {
			"streams":	[{
					"socket":	6,
					"start":	1.000314,
					"end":	2.00012,
					"seconds":	0.999805986881256,
					"bytes":	6553600,
					"bits_per_second":	52438973.848860145,
					"retransmits":	0,
					"snd_cwnd":	1471168,
					"snd_wnd":	3143552,
					"rtt":	215181,
					"rttvar":	2176,
					"pmtu":	1500,
					"omitted":	false,
					"sender":	true
				}],
			"sum":	{
				"start":	1.000314,
				"end":	2.00012,
				"seconds":	0.999805986881256,
				"bytes":	6553600,
				"bits_per_second":	52438973.848860145,
				"retransmits":	0,
				"omitted":	false,
				"sender":	true
			}
		}, {
			"streams":	[{
					"socket":	6,
					"start":	2.00012,
					"end":	3.000075,
					"seconds":	0.99995499849319458,
					"bytes":	6553600,
					"bits_per_second":	52431159.4811802,
					"retransmits":	0,
					"snd_cwnd":	1778144,
					"snd_wnd":	3143552,
					"rtt":	265444,
					"rttvar":	368,
					"pmtu":	1500,
					"omitted":	false,
					"sender":	true
				}],
			"sum":	{
				"start":	2.00012,
				"end":	3.000075,
				"seconds":	0.99995499849319458,
				"bytes":	6553600,
				"bits_per_second":	52431159.4811802,
				"retransmits":	0,
				"omitted":	false,
				"sender":	true
			}
		}, {
			"streams":	[{
					"socket":	6,
					"start":	3.000075,
					"end":	4.000096,
					"seconds":	1.0000209808349609,
					"bytes":	6553600,
					"bits_per_second":	52427700.023078434,
					"retransmits":	0,
					"snd_cwnd":	2135800,
					"snd_wnd":	3143552,
					"rtt":	260603,
					"rttvar":	382,
					"pmtu":	1500,
					"omitted":	false,
					"sender":	true
				}],
			"sum":	{
				"start":	3.000075,
				"end":	4.000096,
				"seconds":	1.0000209808349609,
				"bytes":	6553600,
				"bits_per_second":	52427700.023078434,
				"retransmits":	0,
				"omitted":	false,
				"sender":	true
			}
		}, {
			"streams":	[{
					"socket":	6,
					"start":	4.000096,
					"end":	5.000174,
					"seconds":	1.0000779628753662,
					"bytes":	7864320,
					"bits_per_second":	62909655.3823781,
					"retransmits":	0,
					"snd_cwnd":	2547032,
					"snd_wnd":	3143552,
					"rtt":	282083,
					"rttvar":	285,
					"pmtu":	1500,
					"omitted":	false,
					"sender":	true
				}],
			"sum":	{
				"start":	4.000096,
				"end":	5.000174,
				"seconds":	1.0000779628753662,
				"bytes":	7864320,
				"bits_per_second":	62909655.3823781,
				"retransmits":	0,
				"omitted":	false,
				"sender":	true
			}
		}, {
			"streams":	[{
					"socket":	6,
					"start":	5.000174,
					"end":	6.000106,
					"seconds":	0.99993199110031128,
					"bytes":	9175040,
					"bits_per_second":	73405312.214515,
					"retransmits":	0,
					"snd_cwnd":	3003152,
					"snd_wnd":	3143552,
					"rtt":	314077,
					"rttvar":	305,
					"pmtu":	1500,
					"omitted":	false,
					"sender":	true
				}],
			"sum":	{
				"start":	5.000174,
				"end":	6.000106,
				"seconds":	0.99993199110031128,
				"bytes":	9175040,
				"bits_per_second":	73405312.214515,
				"retransmits":	0,
				"omitted":	false,
				"sender":	true
			}
		}, {
			"streams":	[{
					"socket":	6,
					"start":	6.000106,
					"end":	7.000103,
					"seconds":	0.99999701976776123,
					"bytes":	9175040,
					"bits_per_second":	73400538.750651926,
					"retransmits":	0,
					"snd_cwnd":	3268136,
					"snd_wnd":	3143552,
					"rtt":	341871,
					"rttvar":	96,
					"pmtu":	1500,
					"omitted":	false,
					"sender":	true
				}],
			"sum":	{
				"start":	6.000106,
				"end":	7.000103,
				"seconds":	0.99999701976776123,
				"bytes":	9175040,
				"bits_per_second":	73400538.750651926,
				"retransmits":	0,
				"omitted":	false,
				"sender":	true
			}
		}, {
			"streams":	[{
					"socket":	6,
					"start":	7.000103,
					"end":	8.000109,
					"seconds":	1.0000059604644775,
					"bytes":	9175040,
					"bits_per_second":	73399882.5026077,
					"retransmits":	0,
					"snd_cwnd":	3268136,
					"snd_wnd":	3143552,
					"rtt":	330923,
					"rttvar":	282,
					"pmtu":	1500,
					"omitted":	false,
					"sender":	true
				}],
			"sum":	{
				"start":	7.000103,
				"end":	8.000109,
				"seconds":	1.0000059604644775,
				"bytes":	9175040,
				"bits_per_second":	73399882.5026077,
				"retransmits":	0,
				"omitted":	false,
				"sender":	true
			}
		}, {
			"streams":	[{
					"socket":	6,
					"start":	8.000109,
					"end":	9.000144,
					"seconds":	1.0000350475311279,
					"bytes":	9175040,
					"bits_per_second":	73397747.5901566,
					"retransmits":	0,
					"snd_cwnd":	3268136,
					"snd_wnd":	3143552,
					"rtt":	315793,
					"rttvar":	3594,
					"pmtu":	1500,
					"omitted":	false,
					"sender":	true
				}],
			"sum":	{
				"start":	8.000109,
				"end":	9.000144,
				"seconds":	1.0000350475311279,
				"bytes":	9175040,
				"bits_per_second":	73397747.5901566,
				"retransmits":	0,
				"omitted":	false,
				"sender":	true
			}
		}, {
			"streams":	[{
					"socket":	6,
					"start":	9.000144,
					"end":	10.00008,
					"seconds":	0.99993598461151123,
					"bytes":	10485760,
					"bits_per_second":	83891450.343784645,
					"retransmits":	0,
					"snd_cwnd":	3268136,
					"snd_wnd":	3143552,
					"rtt":	295910,
					"rttvar":	7849,
					"pmtu":	1500,
					"omitted":	false,
					"sender":	true
				}],
			"sum":	{
				"start":	9.000144,
				"end":	10.00008,
				"seconds":	0.99993598461151123,
				"bytes":	10485760,
				"bits_per_second":	83891450.343784645,
				"retransmits":	0,
				"omitted":	false,
				"sender":	true
			}
		}],
	"end":	{
		"streams":	[{
				"sender":	{
					"socket":	6,
					"start":	0,
					"end":	10.00008,
					"seconds":	10.00008,
					"bytes":	80609280,
					"bits_per_second":	64486908.104735158,
					"retransmits":	0,
					"max_snd_cwnd":	3268136,
					"max_snd_wnd":	3143552,
					"max_rtt":	341871,
					"min_rtt":	215181,
					"mean_rtt":	284640,
					"sender":	true
				},
				"receiver":	{
					"socket":	6,
					"start":	0,
					"end":	10.318873,
					"seconds":	10.00008,
					"bytes":	80287544,
					"bits_per_second":	62245203.7155608,
					"sender":	true
				}
			}],
		"sum_sent":	{
			"start":	0,
			"end":	10.00008,
			"seconds":	10.00008,
			"bytes":	80609280,
			"bits_per_second":	64486908.104735158,
			"retransmits":	0,
			"sender":	true
		},
		"sum_received":	{
			"start":	0,
			"end":	10.318873,
			"seconds":	10.318873,
			"bytes":	80287544,
			"bits_per_second":	62245203.7155608,
			"sender":	true
		},
		"cpu_utilization_percent":	{
			"host_total":	0.89641088126166946,
			"host_user":	0.11653613260792625,
			"host_system":	0.77987474865374318,
			"remote_total":	1.907415014817005,
			"remote_user":	0.132000670227322,
			"remote_system":	1.7754046536220429
		},
		"sender_tcp_congestion":	"cubic",
		"receiver_tcp_congestion":	"cubic"
	}
}
