{
	"start":	{
		"connected":	[{
				"socket":	6,
				"local_host":	"192.168.101.210",
				"local_port":	34140,
				"remote_host":	"192.168.100.168",
				"remote_port":	5201
			}],
		"version":	"iperf 3.11",
		"system_info":	"Linux f1 6.0.10-300.fc37.x86_64 #1 SMP PREEMPT_DYNAMIC Sat Nov 26 16:55:13 UTC 2022 x86_64",
		"timestamp":	{
			"time":	"Fri, 09 Dec 2022 22:51:35 GMT",
			"timesecs":	1670626295
		},
		"connecting_to":	{
			"host":	"192.168.100.168",
			"port":	5201
		},
		"cookie":	"3xol4f2ltlrmkoodzz5ld7kt7txpnn55rrdw",
		"tcp_mss_default":	1448,
		"target_bitrate":	0,
		"sock_bufsize":	0,
		"sndbuf_actual":	16384,
		"rcvbuf_actual":	131072,
		"test_start":	{
			"protocol":	"TCP",
			"num_streams":	1,
			"blksize":	131072,
			"omit":	0,
			"duration":	10,
			"bytes":	0,
			"blocks":	0,
			"reverse":	0,
			"tos":	0,
			"target_bitrate":	0
		}
	},
	"intervals":	[{
			"streams":	[{
					"socket":	6,
					"start":	0,
					"end":	1.000082,
					"seconds":	1.0000820159912109,
					"bytes":	2001136,
					"bits_per_second":	16007775.106457561,
					"retransmits":	0,
					"snd_cwnd":	231680,
					"snd_wnd":	989696,
					"rtt":	272929,
					"rttvar":	1269,
					"pmtu":	1500,
					"omitted":	false,
					"sender":	true
				}],
			"sum":	{
				"start":	0,
				"end":	1.000082,
				"seconds":	1.0000820159912109,
				"bytes":	2001136,
				"bits_per_second":	16007775.106457561,
				"retransmits":	0,
				"omitted":	false,
				"sender":	true
			}
		}, {
			"streams":	[{
					"socket":	6,
					"start":	1.000082,
					"end":	2.000509,
					"seconds":	1.0004270076751709,
					"bytes":	521280,
					"bits_per_second":	4168460.0355711682,
					"retransmits":	0,
					"snd_cwnd":	275120,
					"snd_wnd":	1300992,
					"rtt":	303969,
					"rttvar":	1636,
					"pmtu":	1500,
					"omitted":	false,
					"sender":	true
				}],
			"sum":	{
				"start":	1.000082,
				"end":	2.000509,
				"seconds":	1.0004270076751709,
				"bytes":	521280,
				"bits_per_second":	4168460.0355711682,
				"retransmits":	0,
				"omitted":	false,
				"sender":	true
			}
		}, {
			"streams":	[{
					"socket":	6,
					"start":	2.000509,
					"end":	3.000444,
					"seconds":	0.99993497133255,
					"bytes":	1238040,
					"bits_per_second":	9904964.10661699,
					"retransmits":	0,
					"snd_cwnd":	318560,
					"snd_wnd":	1300992,
					"rtt":	336454,
					"rttvar":	453,
					"pmtu":	1500,
					"omitted":	false,
					"sender":	true
				}],
			"sum":	{
				"start":	2.000509,
				"end":	3.000444,
				"seconds":	0.99993497133255,
				"bytes":	1238040,
				"bits_per_second":	9904964.10661699,
				"retransmits":	0,
				"omitted":	false,
				"sender":	true
			}
		}, {
			"streams":	[{
					"socket":	6,
					"start":	3.000444,
					"end":	4.000217,
					"seconds":	0.99977302551269531,
					"bytes":	1368360,
					"bits_per_second":	10949365.226558611,
					"retransmits":	0,
					"snd_cwnd":	366344,
					"snd_wnd":	1300992,
					"rtt":	359930,
					"rttvar":	858,
					"pmtu":	1500,
					"omitted":	false,
					"sender":	true
				}],
			"sum":	{
				"start":	3.000444,
				"end":	4.000217,
				"seconds":	0.99977302551269531,
				"bytes":	1368360,
				"bits_per_second":	10949365.226558611,
				"retransmits":	0,
				"omitted":	false,
				"sender":	true
			}
		}, {
			"streams":	[{
					"socket":	6,
					"start":	4.000217,
					"end":	5.000605,
					"seconds":	1.0003880262374878,
					"bytes":	781920,
					"bits_per_second":	6252933.6976640346,
					"retransmits":	0,
					"snd_cwnd":	415576,
					"snd_wnd":	1300992,
					"rtt":	392628,
					"rttvar":	1043,
					"pmtu":	1500,
					"omitted":	false,
					"sender":	true
				}],
			"sum":	{
				"start":	4.000217,
				"end":	5.000605,
				"seconds":	1.0003880262374878,
				"bytes":	781920,
				"bits_per_second":	6252933.6976640346,
				"retransmits":	0,
				"omitted":	false,
				"sender":	true
			}
		}, {
			"streams":	[{
					"socket":	6,
					"start":	5.000605,
					"end":	6.000251,
					"seconds":	0.999646008014679,
					"bytes":	1759320,
					"bits_per_second":	14079544.045749171,
					"retransmits":	0,
					"snd_cwnd":	467704,
					"snd_wnd":	1300992,
					"rtt":	427686,
					"rttvar":	544,
					"pmtu":	1500,
					"omitted":	false,
					"sender":	true
				}],
			"sum":	{
				"start":	5.000605,
				"end":	6.000251,
				"seconds":	0.999646008014679,
				"bytes":	1759320,
				"bits_per_second":	14079544.045749171,
				"retransmits":	0,
				"omitted":	false,
				"sender":	true
			}
		}, {
			"streams":	[{
					"socket":	6,
					"start":	6.000251,
					"end":	7.000504,
					"seconds":	1.0002529621124268,
					"bytes":	977400,
					"bits_per_second":	7817222.5388732562,
					"retransmits":	0,
					"snd_cwnd":	519832,
					"snd_wnd":	1300992,
					"rtt":	455507,
					"rttvar":	957,
					"pmtu":	1500,
					"omitted":	false,
					"sender":	true
				}],
			"sum":	{
				"start":	6.000251,
				"end":	7.000504,
				"seconds":	1.0002529621124268,
				"bytes":	977400,
				"bits_per_second":	7817222.5388732562,
				"retransmits":	0,
				"omitted":	false,
				"sender":	true
			}
		}, {
			"streams":	[{
					"socket":	6,
					"start":	7.000504,
					"end":	8.000731,
					"seconds":	1.0002269744873047,
					"bytes":	1107720,
					"bits_per_second":	8859749.06299878,
					"retransmits":	0,
					"snd_cwnd":	573408,
					"snd_wnd":	1300992,
					"rtt":	506089,
					"rttvar":	936,
					"pmtu":	1500,
					"omitted":	false,
					"sender":	true
				}],
			"sum":	{
				"start":	7.000504,
				"end":	8.000731,
				"seconds":	1.0002269744873047,
				"bytes":	1107720,
				"bits_per_second":	8859749.06299878,
				"retransmits":	0,
				"omitted":	false,
				"sender":	true
			}
		}, {
			"streams":	[{
					"socket":	6,
					"start":	8.000731,
					"end":	9.000835,
					"seconds":	1.0001039505004883,
					"bytes":	1172880,
					"bits_per_second":	9382064.7296757363,
					"retransmits":	0,
					"snd_cwnd":	628432,
					"snd_wnd":	1351808,
					"rtt":	550734,
					"rttvar":	1165,
					"pmtu":	1500,
					"omitted":	false,
					"sender":	true
				}],
			"sum":	{
				"start":	8.000731,
				"end":	9.000835,
				"seconds":	1.0001039505004883,
				"bytes":	1172880,
				"bits_per_second":	9382064.7296757363,
				"retransmits":	0,
				"omitted":	false,
				"sender":	true
			}
		}, {
			"streams":	[{
					"socket":	6,
					"start":	9.000835,
					"end":	10.000938,
					"seconds":	1.0001029968261719,
					"bytes":	1261640,
					"bits_per_second":	10092080.547734112,
					"retransmits":	0,
					"snd_cwnd":	684904,
					"snd_wnd":	1474176,
					"rtt":	587871,
					"rttvar":	1393,
					"pmtu":	1500,
					"omitted":	false,
					"sender":	true
				}],
			"sum":	{
				"start":	9.000835,
				"end":	10.000938,
				"seconds":	1.0001029968261719,
				"bytes":	1261640,
				"bits_per_second":	10092080.547734112,
				"retransmits":	0,
				"omitted":	false,
				"sender":	true
			}
		}],
	"end":	{
		"streams":	[{
				"sender":	{
					"socket":	6,
					"start":	0,
					"end":	10.000938,
					"seconds":	10.000938,
					"bytes":	12189696,
					"bits_per_second":	9750842.17100436,
					"retransmits":	0,
					"max_snd_cwnd":	684904,
					"max_snd_wnd":	1474176,
					"max_rtt":	587871,
					"min_rtt":	272929,
					"mean_rtt":	419379,
					"sender":	true
				},
				"receiver":	{
					"socket":	6,
					"start":	0,
					"end":	10.61802,
					"seconds":	10.000938,
					"bytes":	10364784,
					"bits_per_second":	7809202.8457283,
					"sender":	true
				}
			}],
		"sum_sent":	{
			"start":	0,
			"end":	10.000938,
			"seconds":	10.000938,
			"bytes":	12189696,
			"bits_per_second":	9750842.17100436,
			"retransmits":	0,
			"sender":	true
		},
		"sum_received":	{
			"start":	0,
			"end":	10.61802,
			"seconds":	10.61802,
			"bytes":	10364784,
			"bits_per_second":	7809202.8457283,
			"sender":	true
		},
		"cpu_utilization_percent":	{
			"host_total":	0.76093754292127835,
			"host_user":	0.11638188049628961,
			"host_system":	0.644565369003846,
			"remote_total":	0.89113475327591218,
			"remote_user":	0.12462757939675279,
			"remote_system":	0.766497755940718
		},
		"sender_tcp_congestion":	"cubic",
		"receiver_tcp_congestion":	"cubic"
	}
}
