{
	"start":	{
		"connected":	[{
				"socket":	6,
				"local_host":	"192.168.101.210",
				"local_port":	42686,
				"remote_host":	"192.168.100.168",
				"remote_port":	5201
			}],
		"version":	"iperf 3.11",
		"system_info":	"Linux f1 6.0.10-300.fc37.x86_64 #1 SMP PREEMPT_DYNAMIC Sat Nov 26 16:55:13 UTC 2022 x86_64",
		"timestamp":	{
			"time":	"Fri, 09 Dec 2022 22:55:10 GMT",
			"timesecs":	1670626510
		},
		"connecting_to":	{
			"host":	"192.168.100.168",
			"port":	5201
		},
		"cookie":	"bl5vcu5a4cqasb3myurfdjssnwkgrh4pjiet",
		"tcp_mss_default":	1448,
		"target_bitrate":	0,
		"sock_bufsize":	0,
		"sndbuf_actual":	16384,
		"rcvbuf_actual":	131072,
		"test_start":	{
			"protocol":	"TCP",
			"num_streams":	1,
			"blksize":	131072,
			"omit":	0,
			"duration":	10,
			"bytes":	0,
			"blocks":	0,
			"reverse":	0,
			"tos":	0,
			"target_bitrate":	0
		}
	},
	"intervals":	[{
			"streams":	[{
					"socket":	6,
					"start":	0,
					"end":	1.000202,
					"seconds":	1.000201940536499,
					"bytes":	1023736,
					"bits_per_second":	8188234.4635394532,
					"retransmits":	0,
					"snd_cwnd":	208512,
					"snd_wnd":	391680,
					"rtt":	247422,
					"rttvar":	11849,
					"pmtu":	1500,
					"omitted":	false,
					"sender":	true
				}],
			"sum":	{
				"start":	0,
				"end":	1.000202,
				"seconds":	1.000201940536499,
				"bytes":	1023736,
				"bits_per_second":	8188234.4635394532,
				"retransmits":	0,
				"omitted":	false,
				"sender":	true
			}
		}, {
			"streams":	[{
					"socket":	6,
					"start":	1.000202,
					"end":	2.000297,
					"seconds":	1.000095009803772,
					"bytes":	977400,
					"bits_per_second":	7818457.1699184868,
					"retransmits":	0,
					"snd_cwnd":	238920,
					"snd_wnd":	1029504,
					"rtt":	487013,
					"rttvar":	4254,
					"pmtu":	1500,
					"omitted":	false,
					"sender":	true
				}],
			"sum":	{
				"start":	1.000202,
				"end":	2.000297,
				"seconds":	1.000095009803772,
				"bytes":	977400,
				"bits_per_second":	7818457.1699184868,
				"retransmits":	0,
				"omitted":	false,
				"sender":	true
			}
		}, {
			"streams":	[{
					"socket":	6,
					"start":	2.000297,
					"end":	3.000372,
					"seconds":	1.0000749826431274,
					"bytes":	521280,
					"bits_per_second":	4169927.32782731,
					"retransmits":	0,
					"snd_cwnd":	257744,
					"snd_wnd":	1029504,
					"rtt":	580482,
					"rttvar":	3684,
					"pmtu":	1500,
					"omitted":	false,
					"sender":	true
				}],
			"sum":	{
				"start":	2.000297,
				"end":	3.000372,
				"seconds":	1.0000749826431274,
				"bytes":	521280,
				"bits_per_second":	4169927.32782731,
				"retransmits":	0,
				"omitted":	false,
				"sender":	true
			}
		}, {
			"streams":	[{
					"socket":	6,
					"start":	3.000372,
					"end":	4.000284,
					"seconds":	0.99991202354431152,
					"bytes":	586440,
					"bits_per_second":	4691932.77961628,
					"retransmits":	0,
					"snd_cwnd":	283808,
					"snd_wnd":	1029504,
					"rtt":	463420,
					"rttvar":	25303,
					"pmtu":	1500,
					"omitted":	false,
					"sender":	true
				}],
			"sum":	{
				"start":	3.000372,
				"end":	4.000284,
				"seconds":	0.99991202354431152,
				"bytes":	586440,
				"bits_per_second":	4691932.77961628,
				"retransmits":	0,
				"omitted":	false,
				"sender":	true
			}
		}, {
			"streams":	[{
					"socket":	6,
					"start":	4.000284,
					"end":	5.000538,
					"seconds":	1.0002540349960327,
					"bytes":	651600,
					"bits_per_second":	5211476.10268893,
					"retransmits":	0,
					"snd_cwnd":	315664,
					"snd_wnd":	1029504,
					"rtt":	515301,
					"rttvar":	2746,
					"pmtu":	1500,
					"omitted":	false,
					"sender":	true
				}],
			"sum":	{
				"start":	4.000284,
				"end":	5.000538,
				"seconds":	1.0002540349960327,
				"bytes":	651600,
				"bits_per_second":	5211476.10268893,
				"retransmits":	0,
				"omitted":	false,
				"sender":	true
			}
		}, {
			"streams":	[{
					"socket":	6,
					"start":	5.000538,
					"end":	6.000551,
					"seconds":	1.000012993812561,
					"bytes":	651600,
					"bits_per_second":	5212732.2667339956,
					"retransmits":	0,
					"snd_cwnd":	341728,
					"snd_wnd":	1029504,
					"rtt":	598247,
					"rttvar":	1683,
					"pmtu":	1500,
					"omitted":	false,
					"sender":	true
				}],
			"sum":	{
				"start":	5.000538,
				"end":	6.000551,
				"seconds":	1.000012993812561,
				"bytes":	651600,
				"bits_per_second":	5212732.2667339956,
				"retransmits":	0,
				"omitted":	false,
				"sender":	true
			}
		}, {
			"streams":	[{
					"socket":	6,
					"start":	6.000551,
					"end":	7.000532,
					"seconds":	0.99998098611831665,
					"bytes":	716760,
					"bits_per_second":	5734189.02919175,
					"retransmits":	0,
					"snd_cwnd":	370688,
					"snd_wnd":	1029504,
					"rtt":	621190,
					"rttvar":	1601,
					"pmtu":	1500,
					"omitted":	false,
					"sender":	true
				}],
			"sum":	{
				"start":	6.000551,
				"end":	7.000532,
				"seconds":	0.99998098611831665,
				"bytes":	716760,
				"bits_per_second":	5734189.02919175,
				"retransmits":	0,
				"omitted":	false,
				"sender":	true
			}
		}, {
			"streams":	[{
					"socket":	6,
					"start":	7.000532,
					"end":	8.000474,
					"seconds":	0.99994200468063354,
					"bytes":	781920,
					"bits_per_second":	6255722.8026418071,
					"retransmits":	0,
					"snd_cwnd":	402544,
					"snd_wnd":	1029504,
					"rtt":	645756,
					"rttvar":	2484,
					"pmtu":	1500,
					"omitted":	false,
					"sender":	true
				}],
			"sum":	{
				"start":	7.000532,
				"end":	8.000474,
				"seconds":	0.99994200468063354,
				"bytes":	781920,
				"bits_per_second":	6255722.8026418071,
				"retransmits":	0,
				"omitted":	false,
				"sender":	true
			}
		}, {
			"streams":	[{
					"socket":	6,
					"start":	8.000474,
					"end":	9.000501,
					"seconds":	1.0000269412994385,
					"bytes":	912240,
					"bits_per_second":	7297723.3898489345,
					"retransmits":	0,
					"snd_cwnd":	476392,
					"snd_wnd":	1029504,
					"rtt":	677561,
					"rttvar":	1504,
					"pmtu":	1500,
					"omitted":	false,
					"sender":	true
				}],
			"sum":	{
				"start":	8.000474,
				"end":	9.000501,
				"seconds":	1.0000269412994385,
				"bytes":	912240,
				"bits_per_second":	7297723.3898489345,
				"retransmits":	0,
				"omitted":	false,
				"sender":	true
			}
		}, {
			"streams":	[{
					"socket":	6,
					"start":	9.000501,
					"end":	10.000555,
					"seconds":	1.0000540018081665,
					"bytes":	1042560,
					"bits_per_second":	8340029.6233201781,
					"retransmits":	0,
					"snd_cwnd":	593680,
					"snd_wnd":	1229184,
					"rtt":	674804,
					"rttvar":	7891,
					"pmtu":	1500,
					"omitted":	false,
					"sender":	true
				}],
			"sum":	{
				"start":	9.000501,
				"end":	10.000555,
				"seconds":	1.0000540018081665,
				"bytes":	1042560,
				"bits_per_second":	8340029.6233201781,
				"retransmits":	0,
				"omitted":	false,
				"sender":	true
			}
		}],
	"end":	{
		"streams":	[{
				"sender":	{
					"socket":	6,
					"start":	0,
					"end":	10.000555,
					"seconds":	10.000555,
					"bytes":	7865536,
					"bits_per_second":	6292079.5895827776,
					"retransmits":	0,
					"max_snd_cwnd":	593680,
					"max_snd_wnd":	1229184,
					"max_rtt":	677561,
					"min_rtt":	247422,
					"mean_rtt":	551119,
					"sender":	true
				},
				"receiver":	{
					"socket":	6,
					"start":	0,
					"end":	10.731367,
					"seconds":	10.000555,
					"bytes":	5962864,
					"bits_per_second":	4445185.0356063675,
					"sender":	true
				}
			}],
		"sum_sent":	{
			"start":	0,
			"end":	10.000555,
			"seconds":	10.000555,
			"bytes":	7865536,
			"bits_per_second":	6292079.5895827776,
			"retransmits":	0,
			"sender":	true
		},
		"sum_received":	{
			"start":	0,
			"end":	10.731367,
			"seconds":	10.731367,
			"bytes":	5962864,
			"bits_per_second":	4445185.0356063675,
			"sender":	true
		},
		"cpu_utilization_percent":	{
			"host_total":	1.8200568111074649,
			"host_user":	0.22348602842036513,
			"host_system":	1.5965800398335011,
			"remote_total":	0.5973786235420685,
			"remote_user":	0.042799694540825814,
			"remote_system":	0.55457892900124262
		},
		"sender_tcp_congestion":	"cubic",
		"receiver_tcp_congestion":	"cubic"
	}
}
