{
	"start":	{
		"connected":	[{
				"socket":	6,
				"local_host":	"192.168.101.210",
				"local_port":	39796,
				"remote_host":	"192.168.100.168",
				"remote_port":	5202
			}],
		"version":	"iperf 3.11",
		"system_info":	"Linux f1 6.0.10-300.fc37.x86_64 #1 SMP PREEMPT_DYNAMIC Sat Nov 26 16:55:13 UTC 2022 x86_64",
		"timestamp":	{
			"time":	"Fri, 09 Dec 2022 23:16:56 GMT",
			"timesecs":	1670627816
		},
		"connecting_to":	{
			"host":	"192.168.100.168",
			"port":	5202
		},
		"cookie":	"nrb4j3d5jer4hedocycizaybpudtk63jernw",
		"tcp_mss_default":	1448,
		"target_bitrate":	0,
		"sock_bufsize":	0,
		"sndbuf_actual":	16384,
		"rcvbuf_actual":	131072,
		"test_start":	{
			"protocol":	"TCP",
			"num_streams":	1,
			"blksize":	131072,
			"omit":	0,
			"duration":	10,
			"bytes":	0,
			"blocks":	0,
			"reverse":	0,
			"tos":	0,
			"target_bitrate":	0
		}
	},
	"intervals":	[{
			"streams":	[{
					"socket":	6,
					"start":	0,
					"end":	1.000071,
					"seconds":	1.0000710487365723,
					"bytes":	5636096,
					"bits_per_second":	45085564.72758846,
					"retransmits":	0,
					"snd_cwnd":	1508816,
					"snd_wnd":	3072512,
					"rtt":	189788,
					"rttvar":	191,
					"pmtu":	1500,
					"omitted":	false,
					"sender":	true
				}],
			"sum":	{
				"start":	0,
				"end":	1.000071,
				"seconds":	1.0000710487365723,
				"bytes":	5636096,
				"bits_per_second":	45085564.72758846,
				"retransmits":	0,
				"omitted":	false,
				"sender":	true
			}
		}, {
			"streams":	[{
					"socket":	6,
					"start":	1.000071,
					"end":	2.000087,
					"seconds":	1.0000159740448,
					"bytes":	5242880,
					"bits_per_second":	41942370.010702439,
					"retransmits":	0,
					"snd_cwnd":	2267568,
					"snd_wnd":	3143552,
					"rtt":	304684,
					"rttvar":	660,
					"pmtu":	1500,
					"omitted":	false,
					"sender":	true
				}],
			"sum":	{
				"start":	1.000071,
				"end":	2.000087,
				"seconds":	1.0000159740448,
				"bytes":	5242880,
				"bits_per_second":	41942370.010702439,
				"retransmits":	0,
				"omitted":	false,
				"sender":	true
			}
		}, {
			"streams":	[{
					"socket":	6,
					"start":	2.000087,
					"end":	3.000101,
					"seconds":	1.0000139474868774,
					"bytes":	5242880,
					"bits_per_second":	41942455.008159168,
					"retransmits":	0,
					"snd_cwnd":	1740496,
					"snd_wnd":	3143552,
					"rtt":	327712,
					"rttvar":	1028,
					"pmtu":	1500,
					"omitted":	false,
					"sender":	true
				}],
			"sum":	{
				"start":	2.000087,
				"end":	3.000101,
				"seconds":	1.0000139474868774,
				"bytes":	5242880,
				"bits_per_second":	41942455.008159168,
				"retransmits":	0,
				"omitted":	false,
				"sender":	true
			}
		}, {
			"streams":	[{
					"socket":	6,
					"start":	3.000101,
					"end":	4.000274,
					"seconds":	1.0001729726791382,
					"bytes":	3932160,
					"bits_per_second":	31451839.691024818,
					"retransmits":	0,
					"snd_cwnd":	1740496,
					"snd_wnd":	3143552,
					"rtt":	356666,
					"rttvar":	459,
					"pmtu":	1500,
					"omitted":	false,
					"sender":	true
				}],
			"sum":	{
				"start":	3.000101,
				"end":	4.000274,
				"seconds":	1.0001729726791382,
				"bytes":	3932160,
				"bits_per_second":	31451839.691024818,
				"retransmits":	0,
				"omitted":	false,
				"sender":	true
			}
		}, {
			"streams":	[{
					"socket":	6,
					"start":	4.000274,
					"end":	5.000148,
					"seconds":	0.99987399578094482,
					"bytes":	5242880,
					"bits_per_second":	41948325.666016221,
					"retransmits":	0,
					"snd_cwnd":	1364016,
					"snd_wnd":	3143552,
					"rtt":	352165,
					"rttvar":	2252,
					"pmtu":	1500,
					"omitted":	false,
					"sender":	true
				}],
			"sum":	{
				"start":	4.000274,
				"end":	5.000148,
				"seconds":	0.99987399578094482,
				"bytes":	5242880,
				"bits_per_second":	41948325.666016221,
				"retransmits":	0,
				"omitted":	false,
				"sender":	true
			}
		}, {
			"streams":	[{
					"socket":	6,
					"start":	5.000148,
					"end":	6.000138,
					"seconds":	0.99998998641967773,
					"bytes":	3932160,
					"bits_per_second":	31457595.003154308,
					"retransmits":	0,
					"snd_cwnd":	1329264,
					"snd_wnd":	3143552,
					"rtt":	373849,
					"rttvar":	12413,
					"pmtu":	1500,
					"omitted":	false,
					"sender":	true
				}],
			"sum":	{
				"start":	5.000148,
				"end":	6.000138,
				"seconds":	0.99998998641967773,
				"bytes":	3932160,
				"bits_per_second":	31457595.003154308,
				"retransmits":	0,
				"omitted":	false,
				"sender":	true
			}
		}, {
			"streams":	[{
					"socket":	6,
					"start":	6.000138,
					"end":	7.000076,
					"seconds":	0.99993801116943359,
					"bytes":	3932160,
					"bits_per_second":	31459230.120885715,
					"retransmits":	0,
					"snd_cwnd":	1146816,
					"snd_wnd":	3143552,
					"rtt":	371553,
					"rttvar":	1289,
					"pmtu":	1500,
					"omitted":	false,
					"sender":	true
				}],
			"sum":	{
				"start":	6.000138,
				"end":	7.000076,
				"seconds":	0.99993801116943359,
				"bytes":	3932160,
				"bits_per_second":	31459230.120885715,
				"retransmits":	0,
				"omitted":	false,
				"sender":	true
			}
		}, {
			"streams":	[{
					"socket":	6,
					"start":	7.000076,
					"end":	8.000268,
					"seconds":	1.0001920461654663,
					"bytes":	2621440,
					"bits_per_second":	20967493.273317419,
					"retransmits":	0,
					"snd_cwnd":	1146816,
					"snd_wnd":	3143936,
					"rtt":	342964,
					"rttvar":	13840,
					"pmtu":	1500,
					"omitted":	false,
					"sender":	true
				}],
			"sum":	{
				"start":	7.000076,
				"end":	8.000268,
				"seconds":	1.0001920461654663,
				"bytes":	2621440,
				"bits_per_second":	20967493.273317419,
				"retransmits":	0,
				"omitted":	false,
				"sender":	true
			}
		}, {
			"streams":	[{
					"socket":	6,
					"start":	8.000268,
					"end":	9.000069,
					"seconds":	0.999800980091095,
					"bytes":	3932160,
					"bits_per_second":	31463541.871237043,
					"retransmits":	0,
					"snd_cwnd":	1146816,
					"snd_wnd":	3143936,
					"rtt":	294194,
					"rttvar":	5612,
					"pmtu":	1500,
					"omitted":	false,
					"sender":	true
				}],
			"sum":	{
				"start":	8.000268,
				"end":	9.000069,
				"seconds":	0.999800980091095,
				"bytes":	3932160,
				"bits_per_second":	31463541.871237043,
				"retransmits":	0,
				"omitted":	false,
				"sender":	true
			}
		}, {
			"streams":	[{
					"socket":	6,
					"start":	9.000069,
					"end":	10.000102,
					"seconds":	1.0000330209732056,
					"bytes":	2621440,
					"bits_per_second":	20970827.522866268,
					"retransmits":	0,
					"snd_cwnd":	1033872,
					"snd_wnd":	3143936,
					"rtt":	342510,
					"rttvar":	1545,
					"pmtu":	1500,
					"omitted":	false,
					"sender":	true
				}],
			"sum":	{
				"start":	9.000069,
				"end":	10.000102,
				"seconds":	1.0000330209732056,
				"bytes":	2621440,
				"bits_per_second":	20970827.522866268,
				"retransmits":	0,
				"omitted":	false,
				"sender":	true
			}
		}],
	"end":	{
		"streams":	[{
				"sender":	{
					"socket":	6,
					"start":	0,
					"end":	10.000102,
					"seconds":	10.000102,
					"bytes":	42336256,
					"bits_per_second":	33868659.339674734,
					"retransmits":	0,
					"max_snd_cwnd":	2267568,
					"max_snd_wnd":	3143936,
					"max_rtt":	373849,
					"min_rtt":	189788,
					"mean_rtt":	325608,
					"sender":	true
				},
				"receiver":	{
					"socket":	6,
					"start":	0,
					"end":	10.314111,
					"seconds":	10.000102,
					"bytes":	40452776,
					"bits_per_second":	31376645.839859586,
					"sender":	true
				}
			}],
		"sum_sent":	{
			"start":	0,
			"end":	10.000102,
			"seconds":	10.000102,
			"bytes":	42336256,
			"bits_per_second":	33868659.339674734,
			"retransmits":	0,
			"sender":	true
		},
		"sum_received":	{
			"start":	0,
			"end":	10.314111,
			"seconds":	10.314111,
			"bytes":	40452776,
			"bits_per_second":	31376645.839859586,
			"sender":	true
		},
		"cpu_utilization_percent":	{
			"host_total":	1.0866074903359684,
			"host_user":	0.13925934984486787,
			"host_system":	0.94733852645245054,
			"remote_total":	1.6981564894592134,
			"remote_user":	0.20777330042312842,
			"remote_system":	1.490383189036085
		},
		"sender_tcp_congestion":	"bbr",
		"receiver_tcp_congestion":	"bbr"
	}
}
