{
	"start":	{
		"connected":	[{
				"socket":	6,
				"local_host":	"192.168.101.210",
				"local_port":	49446,
				"remote_host":	"192.168.100.168",
				"remote_port":	5201
			}],
		"version":	"iperf 3.11",
		"system_info":	"Linux f1 6.0.10-300.fc37.x86_64 #1 SMP PREEMPT_DYNAMIC Sat Nov 26 16:55:13 UTC 2022 x86_64",
		"timestamp":	{
			"time":	"Fri, 09 Dec 2022 22:49:01 GMT",
			"timesecs":	1670626141
		},
		"connecting_to":	{
			"host":	"192.168.100.168",
			"port":	5201
		},
		"cookie":	"cpxgdqiligctjpcrtte2jsahojz43ltwqja3",
		"tcp_mss_default":	1448,
		"target_bitrate":	0,
		"sock_bufsize":	0,
		"sndbuf_actual":	16384,
		"rcvbuf_actual":	131072,
		"test_start":	{
			"protocol":	"TCP",
			"num_streams":	1,
			"blksize":	131072,
			"omit":	0,
			"duration":	10,
			"bytes":	0,
			"blocks":	0,
			"reverse":	0,
			"tos":	0,
			"target_bitrate":	0
		}
	},
	"intervals":	[{
			"streams":	[{
					"socket":	6,
					"start":	0,
					"end":	1.000075,
					"seconds":	1.0000749826431274,
					"bytes":	1337952,
					"bits_per_second":	10702813.474756762,
					"retransmits":	0,
					"snd_cwnd":	104256,
					"snd_wnd":	428288,
					"rtt":	115790,
					"rttvar":	831,
					"pmtu":	1500,
					"omitted":	false,
					"sender":	true
				}],
			"sum":	{
				"start":	0,
				"end":	1.000075,
				"seconds":	1.0000749826431274,
				"bytes":	1337952,
				"bits_per_second":	10702813.474756762,
				"retransmits":	0,
				"omitted":	false,
				"sender":	true
			}
		}, {
			"streams":	[{
					"socket":	6,
					"start":	1.000075,
					"end":	2.000071,
					"seconds":	0.9999960064888,
					"bytes":	1172880,
					"bits_per_second":	9383077.47142497,
					"retransmits":	0,
					"snd_cwnd":	150592,
					"snd_wnd":	428288,
					"rtt":	145516,
					"rttvar":	1121,
					"pmtu":	1500,
					"omitted":	false,
					"sender":	true
				}],
			"sum":	{
				"start":	1.000075,
				"end":	2.000071,
				"seconds":	0.9999960064888,
				"bytes":	1172880,
				"bits_per_second":	9383077.47142497,
				"retransmits":	0,
				"omitted":	false,
				"sender":	true
			}
		}, {
			"streams":	[{
					"socket":	6,
					"start":	2.000071,
					"end":	3.000223,
					"seconds":	1.0001519918441772,
					"bytes":	1107720,
					"bits_per_second":	8860413.2894439641,
					"retransmits":	0,
					"snd_cwnd":	202720,
					"snd_wnd":	472960,
					"rtt":	182066,
					"rttvar":	1153,
					"pmtu":	1500,
					"omitted":	false,
					"sender":	true
				}],
			"sum":	{
				"start":	2.000071,
				"end":	3.000223,
				"seconds":	1.0001519918441772,
				"bytes":	1107720,
				"bits_per_second":	8860413.2894439641,
				"retransmits":	0,
				"omitted":	false,
				"sender":	true
			}
		}, {
			"streams":	[{
					"socket":	6,
					"start":	3.000223,
					"end":	4.000121,
					"seconds":	0.99989801645278931,
					"bytes":	1498680,
					"bits_per_second":	11990662.850330884,
					"retransmits":	0,
					"snd_cwnd":	256296,
					"snd_wnd":	562432,
					"rtt":	220229,
					"rttvar":	283,
					"pmtu":	1500,
					"omitted":	false,
					"sender":	true
				}],
			"sum":	{
				"start":	3.000223,
				"end":	4.000121,
				"seconds":	0.99989801645278931,
				"bytes":	1498680,
				"bits_per_second":	11990662.850330884,
				"retransmits":	0,
				"omitted":	false,
				"sender":	true
			}
		}, {
			"streams":	[{
					"socket":	6,
					"start":	4.000121,
					"end":	5.000284,
					"seconds":	1.0001629590988159,
					"bytes":	1172880,
					"bits_per_second":	9381511.19738974,
					"retransmits":	0,
					"snd_cwnd":	312768,
					"snd_wnd":	686336,
					"rtt":	263951,
					"rttvar":	589,
					"pmtu":	1500,
					"omitted":	false,
					"sender":	true
				}],
			"sum":	{
				"start":	4.000121,
				"end":	5.000284,
				"seconds":	1.0001629590988159,
				"bytes":	1172880,
				"bits_per_second":	9381511.19738974,
				"retransmits":	0,
				"omitted":	false,
				"sender":	true
			}
		}, {
			"streams":	[{
					"socket":	6,
					"start":	5.000284,
					"end":	6.000352,
					"seconds":	1.0000679492950439,
					"bytes":	1368360,
					"bits_per_second":	10946136.217760548,
					"retransmits":	0,
					"snd_cwnd":	369240,
					"snd_wnd":	801280,
					"rtt":	305481,
					"rttvar":	1317,
					"pmtu":	1500,
					"omitted":	false,
					"sender":	true
				}],
			"sum":	{
				"start":	5.000284,
				"end":	6.000352,
				"seconds":	1.0000679492950439,
				"bytes":	1368360,
				"bits_per_second":	10946136.217760548,
				"retransmits":	0,
				"omitted":	false,
				"sender":	true
			}
		}, {
			"streams":	[{
					"socket":	6,
					"start":	6.000352,
					"end":	7.000241,
					"seconds":	0.99988901615142822,
					"bytes":	1629000,
					"bits_per_second":	13033446.502052952,
					"retransmits":	0,
					"snd_cwnd":	427160,
					"snd_wnd":	910080,
					"rtt":	350592,
					"rttvar":	1308,
					"pmtu":	1500,
					"omitted":	false,
					"sender":	true
				}],
			"sum":	{
				"start":	6.000352,
				"end":	7.000241,
				"seconds":	0.99988901615142822,
				"bytes":	1629000,
				"bits_per_second":	13033446.502052952,
				"retransmits":	0,
				"omitted":	false,
				"sender":	true
			}
		}, {
			"streams":	[{
					"socket":	6,
					"start":	7.000241,
					"end":	8.000646,
					"seconds":	1.000404953956604,
					"bytes":	912240,
					"bits_per_second":	7294965.8747057468,
					"retransmits":	0,
					"snd_cwnd":	485080,
					"snd_wnd":	1065344,
					"rtt":	396270,
					"rttvar":	2145,
					"pmtu":	1500,
					"omitted":	false,
					"sender":	true
				}],
			"sum":	{
				"start":	7.000241,
				"end":	8.000646,
				"seconds":	1.000404953956604,
				"bytes":	912240,
				"bits_per_second":	7294965.8747057468,
				"retransmits":	0,
				"omitted":	false,
				"sender":	true
			}
		}, {
			"streams":	[{
					"socket":	6,
					"start":	8.000646,
					"end":	9.000233,
					"seconds":	0.99958699941635132,
					"bytes":	2085120,
					"bits_per_second":	16687852.092654109,
					"retransmits":	0,
					"snd_cwnd":	543000,
					"snd_wnd":	1150336,
					"rtt":	442076,
					"rttvar":	591,
					"pmtu":	1500,
					"omitted":	false,
					"sender":	true
				}],
			"sum":	{
				"start":	8.000646,
				"end":	9.000233,
				"seconds":	0.99958699941635132,
				"bytes":	2085120,
				"bits_per_second":	16687852.092654109,
				"retransmits":	0,
				"omitted":	false,
				"sender":	true
			}
		}, {
			"streams":	[{
					"socket":	6,
					"start":	9.000233,
					"end":	10.00044,
					"seconds":	1.00020694732666,
					"bytes":	1172880,
					"bits_per_second":	9381098.606722204,
					"retransmits":	0,
					"snd_cwnd":	602368,
					"snd_wnd":	1296512,
					"rtt":	488021,
					"rttvar":	592,
					"pmtu":	1500,
					"omitted":	false,
					"sender":	true
				}],
			"sum":	{
				"start":	9.000233,
				"end":	10.00044,
				"seconds":	1.00020694732666,
				"bytes":	1172880,
				"bits_per_second":	9381098.606722204,
				"retransmits":	0,
				"omitted":	false,
				"sender":	true
			}
		}],
	"end":	{
		"streams":	[{
				"sender":	{
					"socket":	6,
					"start":	0,
					"end":	10.00044,
					"seconds":	10.00044,
					"bytes":	13457712,
					"bits_per_second":	10765695.909379989,
					"retransmits":	0,
					"max_snd_cwnd":	602368,
					"max_snd_wnd":	1296512,
					"max_rtt":	488021,
					"min_rtt":	115790,
					"mean_rtt":	290999,
					"sender":	true
				},
				"receiver":	{
					"socket":	6,
					"start":	0,
					"end":	10.513181,
					"seconds":	10.00044,
					"bytes":	11321912,
					"bits_per_second":	8615403.4635187965,
					"sender":	true
				}
			}],
		"sum_sent":	{
			"start":	0,
			"end":	10.00044,
			"seconds":	10.00044,
			"bytes":	13457712,
			"bits_per_second":	10765695.909379989,
			"retransmits":	0,
			"sender":	true
		},
		"sum_received":	{
			"start":	0,
			"end":	10.513181,
			"seconds":	10.513181,
			"bytes":	11321912,
			"bits_per_second":	8615403.4635187965,
			"sender":	true
		},
		"cpu_utilization_percent":	{
			"host_total":	0.13548591792929318,
			"host_user":	0.011312899872670125,
			"host_system":	0.12417301805662305,
			"remote_total":	0.940646313390684,
			"remote_user":	0.059420554946321279,
			"remote_system":	0.88122575844436279
		},
		"sender_tcp_congestion":	"cubic",
		"receiver_tcp_congestion":	"cubic"
	}
}
