{
	"start":	{
		"connected":	[{
				"socket":	6,
				"local_host":	"192.168.101.210",
				"local_port":	57842,
				"remote_host":	"192.168.100.168",
				"remote_port":	5202
			}],
		"version":	"iperf 3.11",
		"system_info":	"Linux f1 6.0.10-300.fc37.x86_64 #1 SMP PREEMPT_DYNAMIC Sat Nov 26 16:55:13 UTC 2022 x86_64",
		"timestamp":	{
			"time":	"Fri, 09 Dec 2022 22:48:16 GMT",
			"timesecs":	1670626096
		},
		"connecting_to":	{
			"host":	"192.168.100.168",
			"port":	5202
		},
		"cookie":	"rbbsasehdpqdid6gbgvakvccuzpk62rz7d5b",
		"tcp_mss_default":	1448,
		"target_bitrate":	0,
		"sock_bufsize":	0,
		"sndbuf_actual":	16384,
		"rcvbuf_actual":	131072,
		"test_start":	{
			"protocol":	"TCP",
			"num_streams":	1,
			"blksize":	131072,
			"omit":	0,
			"duration":	10,
			"bytes":	0,
			"blocks":	0,
			"reverse":	0,
			"tos":	0,
			"target_bitrate":	0
		}
	},
	"intervals":	[{
			"streams":	[{
					"socket":	6,
					"start":	0,
					"end":	1.000226,
					"seconds":	1.0002260208129883,
					"bytes":	693592,
					"bits_per_second":	5547482.1535736118,
					"retransmits":	2,
					"snd_cwnd":	31856,
					"snd_wnd":	259840,
					"rtt":	83729,
					"rttvar":	790,
					"pmtu":	1500,
					"omitted":	false,
					"sender":	true
				}],
			"sum":	{
				"start":	0,
				"end":	1.000226,
				"seconds":	1.0002260208129883,
				"bytes":	693592,
				"bits_per_second":	5547482.1535736118,
				"retransmits":	2,
				"omitted":	false,
				"sender":	true
			}
		}, {
			"streams":	[{
					"socket":	6,
					"start":	1.000226,
					"end":	2.000103,
					"seconds":	0.99987697601318359,
					"bytes":	390960,
					"bits_per_second":	3128064.8270060383,
					"retransmits":	0,
					"snd_cwnd":	26064,
					"snd_wnd":	259840,
					"rtt":	86359,
					"rttvar":	1396,
					"pmtu":	1500,
					"omitted":	false,
					"sender":	true
				}],
			"sum":	{
				"start":	1.000226,
				"end":	2.000103,
				"seconds":	0.99987697601318359,
				"bytes":	390960,
				"bits_per_second":	3128064.8270060383,
				"retransmits":	0,
				"omitted":	false,
				"sender":	true
			}
		}, {
			"streams":	[{
					"socket":	6,
					"start":	2.000103,
					"end":	3.000307,
					"seconds":	1.0002039670944214,
					"bytes":	260640,
					"bits_per_second":	2084694.7908607528,
					"retransmits":	0,
					"snd_cwnd":	26064,
					"snd_wnd":	259840,
					"rtt":	73419,
					"rttvar":	663,
					"pmtu":	1500,
					"omitted":	false,
					"sender":	true
				}],
			"sum":	{
				"start":	2.000103,
				"end":	3.000307,
				"seconds":	1.0002039670944214,
				"bytes":	260640,
				"bits_per_second":	2084694.7908607528,
				"retransmits":	0,
				"omitted":	false,
				"sender":	true
			}
		}, {
			"streams":	[{
					"socket":	6,
					"start":	3.000307,
					"end":	4.000085,
					"seconds":	0.99977797269821167,
					"bytes":	390960,
					"bits_per_second":	3128374.5845679948,
					"retransmits":	0,
					"snd_cwnd":	23168,
					"snd_wnd":	259840,
					"rtt":	77179,
					"rttvar":	1093,
					"pmtu":	1500,
					"omitted":	false,
					"sender":	true
				}],
			"sum":	{
				"start":	3.000307,
				"end":	4.000085,
				"seconds":	0.99977797269821167,
				"bytes":	390960,
				"bits_per_second":	3128374.5845679948,
				"retransmits":	0,
				"omitted":	false,
				"sender":	true
			}
		}, {
			"streams":	[{
					"socket":	6,
					"start":	4.000085,
					"end":	5.000101,
					"seconds":	1.0000159740448,
					"bytes":	260640,
					"bits_per_second":	2085086.6927317588,
					"retransmits":	0,
					"snd_cwnd":	23168,
					"snd_wnd":	259840,
					"rtt":	85432,
					"rttvar":	916,
					"pmtu":	1500,
					"omitted":	false,
					"sender":	true
				}],
			"sum":	{
				"start":	4.000085,
				"end":	5.000101,
				"seconds":	1.0000159740448,
				"bytes":	260640,
				"bits_per_second":	2085086.6927317588,
				"retransmits":	0,
				"omitted":	false,
				"sender":	true
			}
		}, {
			"streams":	[{
					"socket":	6,
					"start":	5.000101,
					"end":	6.000184,
					"seconds":	1.0000829696655273,
					"bytes":	260640,
					"bits_per_second":	2084947.0126437186,
					"retransmits":	0,
					"snd_cwnd":	26064,
					"snd_wnd":	259840,
					"rtt":	74482,
					"rttvar":	2527,
					"pmtu":	1500,
					"omitted":	false,
					"sender":	true
				}],
			"sum":	{
				"start":	5.000101,
				"end":	6.000184,
				"seconds":	1.0000829696655273,
				"bytes":	260640,
				"bits_per_second":	2084947.0126437186,
				"retransmits":	0,
				"omitted":	false,
				"sender":	true
			}
		}, {
			"streams":	[{
					"socket":	6,
					"start":	6.000184,
					"end":	7.000275,
					"seconds":	1.0000909566879272,
					"bytes":	260640,
					"bits_per_second":	2084930.3616397462,
					"retransmits":	0,
					"snd_cwnd":	23168,
					"snd_wnd":	259840,
					"rtt":	84926,
					"rttvar":	1016,
					"pmtu":	1500,
					"omitted":	false,
					"sender":	true
				}],
			"sum":	{
				"start":	6.000184,
				"end":	7.000275,
				"seconds":	1.0000909566879272,
				"bytes":	260640,
				"bits_per_second":	2084930.3616397462,
				"retransmits":	0,
				"omitted":	false,
				"sender":	true
			}
		}, {
			"streams":	[{
					"socket":	6,
					"start":	7.000275,
					"end":	8.000284,
					"seconds":	1.0000089406967163,
					"bytes":	260640,
					"bits_per_second":	2085101.3577411377,
					"retransmits":	0,
					"snd_cwnd":	20272,
					"snd_wnd":	259840,
					"rtt":	87671,
					"rttvar":	1462,
					"pmtu":	1500,
					"omitted":	false,
					"sender":	true
				}],
			"sum":	{
				"start":	7.000275,
				"end":	8.000284,
				"seconds":	1.0000089406967163,
				"bytes":	260640,
				"bits_per_second":	2085101.3577411377,
				"retransmits":	0,
				"omitted":	false,
				"sender":	true
			}
		}, {
			"streams":	[{
					"socket":	6,
					"start":	8.000284,
					"end":	9.000189,
					"seconds":	0.999904990196228,
					"bytes":	260640,
					"bits_per_second":	2085318.1256659217,
					"retransmits":	0,
					"snd_cwnd":	26064,
					"snd_wnd":	259840,
					"rtt":	68445,
					"rttvar":	2478,
					"pmtu":	1500,
					"omitted":	false,
					"sender":	true
				}],
			"sum":	{
				"start":	8.000284,
				"end":	9.000189,
				"seconds":	0.999904990196228,
				"bytes":	260640,
				"bits_per_second":	2085318.1256659217,
				"retransmits":	0,
				"omitted":	false,
				"sender":	true
			}
		}, {
			"streams":	[{
					"socket":	6,
					"start":	9.000189,
					"end":	10.000178,
					"seconds":	0.99998897314071655,
					"bytes":	260640,
					"bits_per_second":	2085142.9925783651,
					"retransmits":	0,
					"snd_cwnd":	20272,
					"snd_wnd":	259840,
					"rtt":	82673,
					"rttvar":	950,
					"pmtu":	1500,
					"omitted":	false,
					"sender":	true
				}],
			"sum":	{
				"start":	9.000189,
				"end":	10.000178,
				"seconds":	0.99998897314071655,
				"bytes":	260640,
				"bits_per_second":	2085142.9925783651,
				"retransmits":	0,
				"omitted":	false,
				"sender":	true
			}
		}],
	"end":	{
		"streams":	[{
				"sender":	{
					"socket":	6,
					"start":	0,
					"end":	10.000178,
					"seconds":	10.000178,
					"bytes":	3299992,
					"bits_per_second":	2639946.60895036,
					"retransmits":	2,
					"max_snd_cwnd":	31856,
					"max_snd_wnd":	259840,
					"max_rtt":	87671,
					"min_rtt":	68445,
					"mean_rtt":	80431,
					"sender":	true
				},
				"receiver":	{
					"socket":	6,
					"start":	0,
					"end":	10.080804,
					"seconds":	10.000178,
					"bytes":	2988672,
					"bits_per_second":	2371772.7276514848,
					"sender":	true
				}
			}],
		"sum_sent":	{
			"start":	0,
			"end":	10.000178,
			"seconds":	10.000178,
			"bytes":	3299992,
			"bits_per_second":	2639946.60895036,
			"retransmits":	2,
			"sender":	true
		},
		"sum_received":	{
			"start":	0,
			"end":	10.080804,
			"seconds":	10.080804,
			"bytes":	2988672,
			"bits_per_second":	2371772.7276514848,
			"sender":	true
		},
		"cpu_utilization_percent":	{
			"host_total":	0.1229836394612462,
			"host_user":	0.031948458611359448,
			"host_system":	0.0910152628582338,
			"remote_total":	0.27656496786866619,
			"remote_user":	0.029481746216128975,
			"remote_system":	0.24708322165253718
		},
		"sender_tcp_congestion":	"bbr",
		"receiver_tcp_congestion":	"bbr"
	}
}
