{
	"start":	{
		"connected":	[{
				"socket":	6,
				"local_host":	"192.168.101.210",
				"local_port":	40156,
				"remote_host":	"192.168.100.168",
				"remote_port":	5202
			}],
		"version":	"iperf 3.11",
		"system_info":	"Linux f1 6.0.10-300.fc37.x86_64 #1 SMP PREEMPT_DYNAMIC Sat Nov 26 16:55:13 UTC 2022 x86_64",
		"timestamp":	{
			"time":	"Fri, 09 Dec 2022 22:49:01 GMT",
			"timesecs":	1670626141
		},
		"connecting_to":	{
			"host":	"192.168.100.168",
			"port":	5202
		},
		"cookie":	"qgjpkvqvedvkm533sneiwrd4xoihwdhvyccm",
		"tcp_mss_default":	1448,
		"target_bitrate":	0,
		"sock_bufsize":	0,
		"sndbuf_actual":	16384,
		"rcvbuf_actual":	131072,
		"test_start":	{
			"protocol":	"TCP",
			"num_streams":	1,
			"blksize":	131072,
			"omit":	0,
			"duration":	10,
			"bytes":	0,
			"blocks":	0,
			"reverse":	0,
			"tos":	0,
			"target_bitrate":	0
		}
	},
	"intervals":	[{
			"streams":	[{
					"socket":	6,
					"start":	0,
					"end":	1.000473,
					"seconds":	1.0004730224609375,
					"bytes":	750064,
					"bits_per_second":	5997674.96502814,
					"retransmits":	0,
					"snd_cwnd":	40544,
					"snd_wnd":	392064,
					"rtt":	113080,
					"rttvar":	1227,
					"pmtu":	1500,
					"omitted":	false,
					"sender":	true
				}],
			"sum":	{
				"start":	0,
				"end":	1.000473,
				"seconds":	1.0004730224609375,
				"bytes":	750064,
				"bits_per_second":	5997674.96502814,
				"retransmits":	0,
				"omitted":	false,
				"sender":	true
			}
		}, {
			"streams":	[{
					"socket":	6,
					"start":	1.000473,
					"end":	2.000222,
					"seconds":	0.99974900484085083,
					"bytes":	390960,
					"bits_per_second":	3128465.229628203,
					"retransmits":	0,
					"snd_cwnd":	28960,
					"snd_wnd":	392320,
					"rtt":	144490,
					"rttvar":	2841,
					"pmtu":	1500,
					"omitted":	false,
					"sender":	true
				}],
			"sum":	{
				"start":	1.000473,
				"end":	2.000222,
				"seconds":	0.99974900484085083,
				"bytes":	390960,
				"bits_per_second":	3128465.229628203,
				"retransmits":	0,
				"omitted":	false,
				"sender":	true
			}
		}, {
			"streams":	[{
					"socket":	6,
					"start":	2.000222,
					"end":	3.000101,
					"seconds":	0.999879002571106,
					"bytes":	195480,
					"bits_per_second":	1564029.2435171807,
					"retransmits":	0,
					"snd_cwnd":	26064,
					"snd_wnd":	392320,
					"rtt":	177703,
					"rttvar":	6199,
					"pmtu":	1500,
					"omitted":	false,
					"sender":	true
				}],
			"sum":	{
				"start":	2.000222,
				"end":	3.000101,
				"seconds":	0.999879002571106,
				"bytes":	195480,
				"bits_per_second":	1564029.2435171807,
				"retransmits":	0,
				"omitted":	false,
				"sender":	true
			}
		}, {
			"streams":	[{
					"socket":	6,
					"start":	3.000101,
					"end":	4.001061,
					"seconds":	1.0009599924087524,
					"bytes":	0,
					"bits_per_second":	0,
					"retransmits":	0,
					"snd_cwnd":	20272,
					"snd_wnd":	392320,
					"rtt":	213817,
					"rttvar":	8444,
					"pmtu":	1500,
					"omitted":	false,
					"sender":	true
				}],
			"sum":	{
				"start":	3.000101,
				"end":	4.001061,
				"seconds":	1.0009599924087524,
				"bytes":	0,
				"bits_per_second":	0,
				"retransmits":	0,
				"omitted":	false,
				"sender":	true
			}
		}, {
			"streams":	[{
					"socket":	6,
					"start":	4.001061,
					"end":	5.000188,
					"seconds":	0.999126970767975,
					"bytes":	195480,
					"bits_per_second":	1565206.4710033408,
					"retransmits":	0,
					"snd_cwnd":	14480,
					"snd_wnd":	392320,
					"rtt":	253043,
					"rttvar":	13042,
					"pmtu":	1500,
					"omitted":	false,
					"sender":	true
				}],
			"sum":	{
				"start":	4.001061,
				"end":	5.000188,
				"seconds":	0.999126970767975,
				"bytes":	195480,
				"bits_per_second":	1565206.4710033408,
				"retransmits":	0,
				"omitted":	false,
				"sender":	true
			}
		}, {
			"streams":	[{
					"socket":	6,
					"start":	5.000188,
					"end":	6.001039,
					"seconds":	1.000851035118103,
					"bytes":	0,
					"bits_per_second":	0,
					"retransmits":	0,
					"snd_cwnd":	14480,
					"snd_wnd":	392448,
					"rtt":	300822,
					"rttvar":	29652,
					"pmtu":	1500,
					"omitted":	false,
					"sender":	true
				}],
			"sum":	{
				"start":	5.000188,
				"end":	6.001039,
				"seconds":	1.000851035118103,
				"bytes":	0,
				"bits_per_second":	0,
				"retransmits":	0,
				"omitted":	false,
				"sender":	true
			}
		}, {
			"streams":	[{
					"socket":	6,
					"start":	6.001039,
					"end":	7.001038,
					"seconds":	0.99999898672103882,
					"bytes":	0,
					"bits_per_second":	0,
					"retransmits":	0,
					"snd_cwnd":	14480,
					"snd_wnd":	392448,
					"rtt":	344102,
					"rttvar":	19684,
					"pmtu":	1500,
					"omitted":	false,
					"sender":	true
				}],
			"sum":	{
				"start":	6.001039,
				"end":	7.001038,
				"seconds":	0.99999898672103882,
				"bytes":	0,
				"bits_per_second":	0,
				"retransmits":	0,
				"omitted":	false,
				"sender":	true
			}
		}, {
			"streams":	[{
					"socket":	6,
					"start":	7.001038,
					"end":	8.001061,
					"seconds":	1.0000230073928833,
					"bytes":	0,
					"bits_per_second":	0,
					"retransmits":	0,
					"snd_cwnd":	14480,
					"snd_wnd":	392448,
					"rtt":	396617,
					"rttvar":	31849,
					"pmtu":	1500,
					"omitted":	false,
					"sender":	true
				}],
			"sum":	{
				"start":	7.001038,
				"end":	8.001061,
				"seconds":	1.0000230073928833,
				"bytes":	0,
				"bits_per_second":	0,
				"retransmits":	0,
				"omitted":	false,
				"sender":	true
			}
		}, {
			"streams":	[{
					"socket":	6,
					"start":	8.001061,
					"end":	9.001033,
					"seconds":	0.99997198581695557,
					"bytes":	0,
					"bits_per_second":	0,
					"retransmits":	0,
					"snd_cwnd":	11584,
					"snd_wnd":	392448,
					"rtt":	439816,
					"rttvar":	32680,
					"pmtu":	1500,
					"omitted":	false,
					"sender":	true
				}],
			"sum":	{
				"start":	8.001061,
				"end":	9.001033,
				"seconds":	0.99997198581695557,
				"bytes":	0,
				"bits_per_second":	0,
				"retransmits":	0,
				"omitted":	false,
				"sender":	true
			}
		}, {
			"streams":	[{
					"socket":	6,
					"start":	9.001033,
					"end":	10.001036,
					"seconds":	1.0000029802322388,
					"bytes":	0,
					"bits_per_second":	0,
					"retransmits":	0,
					"snd_cwnd":	11584,
					"snd_wnd":	392448,
					"rtt":	465573,
					"rttvar":	31647,
					"pmtu":	1500,
					"omitted":	false,
					"sender":	true
				}],
			"sum":	{
				"start":	9.001033,
				"end":	10.001036,
				"seconds":	1.0000029802322388,
				"bytes":	0,
				"bits_per_second":	0,
				"retransmits":	0,
				"omitted":	false,
				"sender":	true
			}
		}],
	"end":	{
		"streams":	[{
				"sender":	{
					"socket":	6,
					"start":	0,
					"end":	10.001036,
					"seconds":	10.001036,
					"bytes":	1531984,
					"bits_per_second":	1225460.2423188959,
					"retransmits":	0,
					"max_snd_cwnd":	40544,
					"max_snd_wnd":	392448,
					"max_rtt":	465573,
					"min_rtt":	113080,
					"mean_rtt":	284906,
					"sender":	true
				},
				"receiver":	{
					"socket":	6,
					"start":	0,
					"end":	10.513708,
					"seconds":	10.001036,
					"bytes":	1245280,
					"bits_per_second":	947547.71580112365,
					"sender":	true
				}
			}],
		"sum_sent":	{
			"start":	0,
			"end":	10.001036,
			"seconds":	10.001036,
			"bytes":	1531984,
			"bits_per_second":	1225460.2423188959,
			"retransmits":	0,
			"sender":	true
		},
		"sum_received":	{
			"start":	0,
			"end":	10.513708,
			"seconds":	10.513708,
			"bytes":	1245280,
			"bits_per_second":	947547.71580112365,
			"sender":	true
		},
		"cpu_utilization_percent":	{
			"host_total":	0.11842017213744228,
			"host_user":	0.00871322322740178,
			"host_system":	0.10971690687944324,
			"remote_total":	0.142119032631831,
			"remote_user":	0,
			"remote_system":	0.142119032631831
		},
		"sender_tcp_congestion":	"bbr",
		"receiver_tcp_congestion":	"bbr"
	}
}
