{
	"start":	{
		"connected":	[{
				"socket":	6,
				"local_host":	"192.168.101.210",
				"local_port":	46134,
				"remote_host":	"192.168.100.168",
				"remote_port":	5202
			}],
		"version":	"iperf 3.11",
		"system_info":	"Linux f1 6.0.10-300.fc37.x86_64 #1 SMP PREEMPT_DYNAMIC Sat Nov 26 16:55:13 UTC 2022 x86_64",
		"timestamp":	{
			"time":	"Fri, 09 Dec 2022 22:54:27 GMT",
			"timesecs":	1670626467
		},
		"connecting_to":	{
			"host":	"192.168.100.168",
			"port":	5202
		},
		"cookie":	"ilr27dkf6nzslbmftamrxpr45ir3wner6sbi",
		"tcp_mss_default":	1448,
		"target_bitrate":	0,
		"sock_bufsize":	0,
		"sndbuf_actual":	16384,
		"rcvbuf_actual":	131072,
		"test_start":	{
			"protocol":	"TCP",
			"num_streams":	1,
			"blksize":	131072,
			"omit":	0,
			"duration":	10,
			"bytes":	0,
			"blocks":	0,
			"reverse":	0,
			"tos":	0,
			"target_bitrate":	0
		}
	},
	"intervals":	[{
			"streams":	[{
					"socket":	6,
					"start":	0,
					"end":	1.00008,
					"seconds":	1.0000799894332886,
					"bytes":	2012720,
					"bits_per_second":	16100472.132358454,
					"retransmits":	0,
					"snd_cwnd":	209960,
					"snd_wnd":	326400,
					"rtt":	206920,
					"rttvar":	9999,
					"pmtu":	1500,
					"omitted":	false,
					"sender":	true
				}],
			"sum":	{
				"start":	0,
				"end":	1.00008,
				"seconds":	1.0000799894332886,
				"bytes":	2012720,
				"bits_per_second":	16100472.132358454,
				"retransmits":	0,
				"omitted":	false,
				"sender":	true
			}
		}, {
			"streams":	[{
					"socket":	6,
					"start":	1.00008,
					"end":	2.000299,
					"seconds":	1.0002189874649048,
					"bytes":	2181584,
					"bits_per_second":	17448850.920371447,
					"retransmits":	136,
					"snd_cwnd":	246160,
					"snd_wnd":	644992,
					"rtt":	275181,
					"rttvar":	4114,
					"pmtu":	1500,
					"omitted":	false,
					"sender":	true
				}],
			"sum":	{
				"start":	1.00008,
				"end":	2.000299,
				"seconds":	1.0002189874649048,
				"bytes":	2181584,
				"bits_per_second":	17448850.920371447,
				"retransmits":	136,
				"omitted":	false,
				"sender":	true
			}
		}, {
			"streams":	[{
					"socket":	6,
					"start":	2.000299,
					"end":	3.000209,
					"seconds":	0.999909996986389,
					"bytes":	1310720,
					"bits_per_second":	10486703.83494799,
					"retransmits":	141,
					"snd_cwnd":	431504,
					"snd_wnd":	2199936,
					"rtt":	209655,
					"rttvar":	1005,
					"pmtu":	1500,
					"omitted":	false,
					"sender":	true
				}],
			"sum":	{
				"start":	2.000299,
				"end":	3.000209,
				"seconds":	0.999909996986389,
				"bytes":	1310720,
				"bits_per_second":	10486703.83494799,
				"retransmits":	141,
				"omitted":	false,
				"sender":	true
			}
		}, {
			"streams":	[{
					"socket":	6,
					"start":	3.000209,
					"end":	4.001046,
					"seconds":	1.000836968421936,
					"bytes":	0,
					"bits_per_second":	0,
					"retransmits":	0,
					"snd_cwnd":	408336,
					"snd_wnd":	3144320,
					"rtt":	247926,
					"rttvar":	700,
					"pmtu":	1500,
					"omitted":	false,
					"sender":	true
				}],
			"sum":	{
				"start":	3.000209,
				"end":	4.001046,
				"seconds":	1.000836968421936,
				"bytes":	0,
				"bits_per_second":	0,
				"retransmits":	0,
				"omitted":	false,
				"sender":	true
			}
		}, {
			"streams":	[{
					"socket":	6,
					"start":	4.001046,
					"end":	5.000682,
					"seconds":	0.99963599443435669,
					"bytes":	1310720,
					"bits_per_second":	10489578.264869664,
					"retransmits":	22,
					"snd_cwnd":	228784,
					"snd_wnd":	3144320,
					"rtt":	276637,
					"rttvar":	1143,
					"pmtu":	1500,
					"omitted":	false,
					"sender":	true
				}],
			"sum":	{
				"start":	4.001046,
				"end":	5.000682,
				"seconds":	0.99963599443435669,
				"bytes":	1310720,
				"bits_per_second":	10489578.264869664,
				"retransmits":	22,
				"omitted":	false,
				"sender":	true
			}
		}, {
			"streams":	[{
					"socket":	6,
					"start":	5.000682,
					"end":	6.000239,
					"seconds":	0.9995570182800293,
					"bytes":	1310720,
					"bits_per_second":	10490407.058561994,
					"retransmits":	0,
					"snd_cwnd":	390960,
					"snd_wnd":	3144320,
					"rtt":	233656,
					"rttvar":	1255,
					"pmtu":	1500,
					"omitted":	false,
					"sender":	true
				}],
			"sum":	{
				"start":	5.000682,
				"end":	6.000239,
				"seconds":	0.9995570182800293,
				"bytes":	1310720,
				"bits_per_second":	10490407.058561994,
				"retransmits":	0,
				"omitted":	false,
				"sender":	true
			}
		}, {
			"streams":	[{
					"socket":	6,
					"start":	6.000239,
					"end":	7.001043,
					"seconds":	1.0008039474487305,
					"bytes":	0,
					"bits_per_second":	0,
					"retransmits":	2,
					"snd_cwnd":	405440,
					"snd_wnd":	3145728,
					"rtt":	221974,
					"rttvar":	484,
					"pmtu":	1500,
					"omitted":	false,
					"sender":	true
				}],
			"sum":	{
				"start":	6.000239,
				"end":	7.001043,
				"seconds":	1.0008039474487305,
				"bytes":	0,
				"bits_per_second":	0,
				"retransmits":	2,
				"omitted":	false,
				"sender":	true
			}
		}, {
			"streams":	[{
					"socket":	6,
					"start":	7.001043,
					"end":	8.000801,
					"seconds":	0.999758005142212,
					"bytes":	1310720,
					"bits_per_second":	10488298.114210587,
					"retransmits":	0,
					"snd_cwnd":	402544,
					"snd_wnd":	3145728,
					"rtt":	242807,
					"rttvar":	4464,
					"pmtu":	1500,
					"omitted":	false,
					"sender":	true
				}],
			"sum":	{
				"start":	7.001043,
				"end":	8.000801,
				"seconds":	0.999758005142212,
				"bytes":	1310720,
				"bits_per_second":	10488298.114210587,
				"retransmits":	0,
				"omitted":	false,
				"sender":	true
			}
		}, {
			"streams":	[{
					"socket":	6,
					"start":	8.000801,
					"end":	9.000366,
					"seconds":	0.9995650053024292,
					"bytes":	1310720,
					"bits_per_second":	10490323.234983021,
					"retransmits":	0,
					"snd_cwnd":	405440,
					"snd_wnd":	3145728,
					"rtt":	255078,
					"rttvar":	845,
					"pmtu":	1500,
					"omitted":	false,
					"sender":	true
				}],
			"sum":	{
				"start":	8.000801,
				"end":	9.000366,
				"seconds":	0.9995650053024292,
				"bytes":	1310720,
				"bits_per_second":	10490323.234983021,
				"retransmits":	0,
				"omitted":	false,
				"sender":	true
			}
		}, {
			"streams":	[{
					"socket":	6,
					"start":	9.000366,
					"end":	10.001036,
					"seconds":	1.0006699562072754,
					"bytes":	0,
					"bits_per_second":	0,
					"retransmits":	14,
					"snd_cwnd":	312768,
					"snd_wnd":	3014400,
					"rtt":	231127,
					"rttvar":	3008,
					"pmtu":	1500,
					"omitted":	false,
					"sender":	true
				}],
			"sum":	{
				"start":	9.000366,
				"end":	10.001036,
				"seconds":	1.0006699562072754,
				"bytes":	0,
				"bits_per_second":	0,
				"retransmits":	14,
				"omitted":	false,
				"sender":	true
			}
		}],
	"end":	{
		"streams":	[{
				"sender":	{
					"socket":	6,
					"start":	0,
					"end":	10.001036,
					"seconds":	10.001036,
					"bytes":	10747904,
					"bits_per_second":	8597432.50599238,
					"retransmits":	315,
					"max_snd_cwnd":	431504,
					"max_snd_wnd":	3145728,
					"max_rtt":	276637,
					"min_rtt":	206920,
					"mean_rtt":	240096,
					"sender":	true
				},
				"receiver":	{
					"socket":	6,
					"start":	0,
					"end":	10.227382,
					"seconds":	10.001036,
					"bytes":	8288352,
					"bits_per_second":	6483263.8499275763,
					"sender":	true
				}
			}],
		"sum_sent":	{
			"start":	0,
			"end":	10.001036,
			"seconds":	10.001036,
			"bytes":	10747904,
			"bits_per_second":	8597432.50599238,
			"retransmits":	315,
			"sender":	true
		},
		"sum_received":	{
			"start":	0,
			"end":	10.227382,
			"seconds":	10.227382,
			"bytes":	8288352,
			"bits_per_second":	6483263.8499275763,
			"sender":	true
		},
		"cpu_utilization_percent":	{
			"host_total":	1.8788858225863605,
			"host_user":	0.35826122503085334,
			"host_system":	1.5206153406379053,
			"remote_total":	0.59948782666791944,
			"remote_user":	0.031317841675648266,
			"remote_system":	0.568160207333303
		},
		"sender_tcp_congestion":	"bbr",
		"receiver_tcp_congestion":	"bbr"
	}
}
