{
	"start":	{
		"connected":	[{
				"socket":	6,
				"local_host":	"192.168.101.210",
				"local_port":	34964,
				"remote_host":	"192.168.100.168",
				"remote_port":	5201
			}],
		"version":	"iperf 3.11",
		"system_info":	"Linux f1 6.0.10-300.fc37.x86_64 #1 SMP PREEMPT_DYNAMIC Sat Nov 26 16:55:13 UTC 2022 x86_64",
		"timestamp":	{
			"time":	"Fri, 09 Dec 2022 23:16:08 GMT",
			"timesecs":	1670627768
		},
		"connecting_to":	{
			"host":	"192.168.100.168",
			"port":	5201
		},
		"cookie":	"he5f7tbsjwjlfgqpq6kgheq7q7wdfbl3rk2g",
		"tcp_mss_default":	1448,
		"target_bitrate":	0,
		"sock_bufsize":	0,
		"sndbuf_actual":	16384,
		"rcvbuf_actual":	131072,
		"test_start":	{
			"protocol":	"TCP",
			"num_streams":	1,
			"blksize":	131072,
			"omit":	0,
			"duration":	10,
			"bytes":	0,
			"blocks":	0,
			"reverse":	0,
			"tos":	0,
			"target_bitrate":	0
		}
	},
	"intervals":	[{
			"streams":	[{
					"socket":	6,
					"start":	0,
					"end":	1.000201,
					"seconds":	1.0002009868621826,
					"bytes":	6946816,
					"bits_per_second":	55563360.494521886,
					"retransmits":	0,
					"snd_cwnd":	1484200,
					"snd_wnd":	3141248,
					"rtt":	214656,
					"rttvar":	416,
					"pmtu":	1500,
					"omitted":	false,
					"sender":	true
				}],
			"sum":	{
				"start":	0,
				"end":	1.000201,
				"seconds":	1.0002009868621826,
				"bytes":	6946816,
				"bits_per_second":	55563360.494521886,
				"retransmits":	0,
				"omitted":	false,
				"sender":	true
			}
		}, {
			"streams":	[{
					"socket":	6,
					"start":	1.000201,
					"end":	2.000105,
					"seconds":	0.999903976917267,
					"bytes":	7864320,
					"bits_per_second":	62920601.830155157,
					"retransmits":	0,
					"snd_cwnd":	1840408,
					"snd_wnd":	3143552,
					"rtt":	246472,
					"rttvar":	606,
					"pmtu":	1500,
					"omitted":	false,
					"sender":	true
				}],
			"sum":	{
				"start":	1.000201,
				"end":	2.000105,
				"seconds":	0.999903976917267,
				"bytes":	7864320,
				"bits_per_second":	62920601.830155157,
				"retransmits":	0,
				"omitted":	false,
				"sender":	true
			}
		}, {
			"streams":	[{
					"socket":	6,
					"start":	2.000105,
					"end":	3.000193,
					"seconds":	1.0000879764556885,
					"bytes":	6553600,
					"bits_per_second":	52424187.9057557,
					"retransmits":	0,
					"snd_cwnd":	2205304,
					"snd_wnd":	3143552,
					"rtt":	280111,
					"rttvar":	235,
					"pmtu":	1500,
					"omitted":	false,
					"sender":	true
				}],
			"sum":	{
				"start":	2.000105,
				"end":	3.000193,
				"seconds":	1.0000879764556885,
				"bytes":	6553600,
				"bits_per_second":	52424187.9057557,
				"retransmits":	0,
				"omitted":	false,
				"sender":	true
			}
		}, {
			"streams":	[{
					"socket":	6,
					"start":	3.000193,
					"end":	4.00008,
					"seconds":	0.999886989593506,
					"bytes":	9175040,
					"bits_per_second":	73408615.937527269,
					"retransmits":	0,
					"snd_cwnd":	2609296,
					"snd_wnd":	3143552,
					"rtt":	278193,
					"rttvar":	168,
					"pmtu":	1500,
					"omitted":	false,
					"sender":	true
				}],
			"sum":	{
				"start":	3.000193,
				"end":	4.00008,
				"seconds":	0.999886989593506,
				"bytes":	9175040,
				"bits_per_second":	73408615.937527269,
				"retransmits":	0,
				"omitted":	false,
				"sender":	true
			}
		}, {
			"streams":	[{
					"socket":	6,
					"start":	4.00008,
					"end":	5.000186,
					"seconds":	1.0001059770584106,
					"bytes":	7864320,
					"bits_per_second":	62907893.206527159,
					"retransmits":	0,
					"snd_cwnd":	3055280,
					"snd_wnd":	3143552,
					"rtt":	306316,
					"rttvar":	2246,
					"pmtu":	1500,
					"omitted":	false,
					"sender":	true
				}],
			"sum":	{
				"start":	4.00008,
				"end":	5.000186,
				"seconds":	1.0001059770584106,
				"bytes":	7864320,
				"bits_per_second":	62907893.206527159,
				"retransmits":	0,
				"omitted":	false,
				"sender":	true
			}
		}, {
			"streams":	[{
					"socket":	6,
					"start":	5.000186,
					"end":	6.000183,
					"seconds":	0.99999701976776123,
					"bytes":	9175040,
					"bits_per_second":	73400538.750651926,
					"retransmits":	0,
					"snd_cwnd":	3323160,
					"snd_wnd":	3143552,
					"rtt":	310318,
					"rttvar":	8831,
					"pmtu":	1500,
					"omitted":	false,
					"sender":	true
				}],
			"sum":	{
				"start":	5.000186,
				"end":	6.000183,
				"seconds":	0.99999701976776123,
				"bytes":	9175040,
				"bits_per_second":	73400538.750651926,
				"retransmits":	0,
				"omitted":	false,
				"sender":	true
			}
		}, {
			"streams":	[{
					"socket":	6,
					"start":	6.000183,
					"end":	7.000093,
					"seconds":	0.999909996986389,
					"bytes":	10485760,
					"bits_per_second":	83893630.6795839,
					"retransmits":	0,
					"snd_cwnd":	3323160,
					"snd_wnd":	3143552,
					"rtt":	312506,
					"rttvar":	4668,
					"pmtu":	1500,
					"omitted":	false,
					"sender":	true
				}],
			"sum":	{
				"start":	6.000183,
				"end":	7.000093,
				"seconds":	0.999909996986389,
				"bytes":	10485760,
				"bits_per_second":	83893630.6795839,
				"retransmits":	0,
				"omitted":	false,
				"sender":	true
			}
		}, {
			"streams":	[{
					"socket":	6,
					"start":	7.000093,
					"end":	8.000128,
					"seconds":	1.0000350475311279,
					"bytes":	9175040,
					"bits_per_second":	73397747.5901566,
					"retransmits":	0,
					"snd_cwnd":	3323160,
					"snd_wnd":	3143552,
					"rtt":	324330,
					"rttvar":	446,
					"pmtu":	1500,
					"omitted":	false,
					"sender":	true
				}],
			"sum":	{
				"start":	7.000093,
				"end":	8.000128,
				"seconds":	1.0000350475311279,
				"bytes":	9175040,
				"bits_per_second":	73397747.5901566,
				"retransmits":	0,
				"omitted":	false,
				"sender":	true
			}
		}, {
			"streams":	[{
					"socket":	6,
					"start":	8.000128,
					"end":	9.000083,
					"seconds":	0.99995499849319458,
					"bytes":	10485760,
					"bits_per_second":	83889855.169888332,
					"retransmits":	0,
					"snd_cwnd":	3323160,
					"snd_wnd":	3143552,
					"rtt":	294628,
					"rttvar":	7966,
					"pmtu":	1500,
					"omitted":	false,
					"sender":	true
				}],
			"sum":	{
				"start":	8.000128,
				"end":	9.000083,
				"seconds":	0.99995499849319458,
				"bytes":	10485760,
				"bits_per_second":	83889855.169888332,
				"retransmits":	0,
				"omitted":	false,
				"sender":	true
			}
		}, {
			"streams":	[{
					"socket":	6,
					"start":	9.000083,
					"end":	10.000074,
					"seconds":	0.999990999698639,
					"bytes":	10485760,
					"bits_per_second":	83886835.0067953,
					"retransmits":	0,
					"snd_cwnd":	3323160,
					"snd_wnd":	3143552,
					"rtt":	271836,
					"rttvar":	7698,
					"pmtu":	1500,
					"omitted":	false,
					"sender":	true
				}],
			"sum":	{
				"start":	9.000083,
				"end":	10.000074,
				"seconds":	0.999990999698639,
				"bytes":	10485760,
				"bits_per_second":	83886835.0067953,
				"retransmits":	0,
				"omitted":	false,
				"sender":	true
			}
		}],
	"end":	{
		"streams":	[{
				"sender":	{
					"socket":	6,
					"start":	0,
					"end":	10.000074,
					"seconds":	10.000074,
					"bytes":	88211456,
					"bits_per_second":	70568642.5920448,
					"retransmits":	0,
					"max_snd_cwnd":	3323160,
					"max_snd_wnd":	3143552,
					"max_rtt":	324330,
					"min_rtt":	214656,
					"mean_rtt":	283936,
					"sender":	true
				},
				"receiver":	{
					"socket":	6,
					"start":	0,
					"end":	10.302608,
					"seconds":	10.000074,
					"bytes":	87526272,
					"bits_per_second":	67964361.6451291,
					"sender":	true
				}
			}],
		"sum_sent":	{
			"start":	0,
			"end":	10.000074,
			"seconds":	10.000074,
			"bytes":	88211456,
			"bits_per_second":	70568642.5920448,
			"retransmits":	0,
			"sender":	true
		},
		"sum_received":	{
			"start":	0,
			"end":	10.302608,
			"seconds":	10.302608,
			"bytes":	87526272,
			"bits_per_second":	67964361.6451291,
			"sender":	true
		},
		"cpu_utilization_percent":	{
			"host_total":	0.882994985725437,
			"host_user":	0.1419350442099365,
			"host_system":	0.74104052628477624,
			"remote_total":	1.9449229365853478,
			"remote_user":	0.23159159821400754,
			"remote_system":	1.71333133837134
		},
		"sender_tcp_congestion":	"cubic",
		"receiver_tcp_congestion":	"cubic"
	}
}
