{
	"start":	{
		"connected":	[{
				"socket":	6,
				"local_host":	"192.168.101.210",
				"local_port":	51950,
				"remote_host":	"192.168.100.168",
				"remote_port":	5201
			}],
		"version":	"iperf 3.11",
		"system_info":	"Linux f1 6.0.10-300.fc37.x86_64 #1 SMP PREEMPT_DYNAMIC Sat Nov 26 16:55:13 UTC 2022 x86_64",
		"timestamp":	{
			"time":	"Fri, 09 Dec 2022 22:50:58 GMT",
			"timesecs":	1670626258
		},
		"connecting_to":	{
			"host":	"192.168.100.168",
			"port":	5201
		},
		"cookie":	"6y6aful2gac5arznrlh5t5nyvzrj77twqw56",
		"tcp_mss_default":	1448,
		"target_bitrate":	0,
		"sock_bufsize":	0,
		"sndbuf_actual":	16384,
		"rcvbuf_actual":	131072,
		"test_start":	{
			"protocol":	"TCP",
			"num_streams":	1,
			"blksize":	131072,
			"omit":	0,
			"duration":	10,
			"bytes":	0,
			"blocks":	0,
			"reverse":	0,
			"tos":	0,
			"target_bitrate":	0
		}
	},
	"intervals":	[{
			"streams":	[{
					"socket":	6,
					"start":	0,
					"end":	1.000301,
					"seconds":	1.0003010034561157,
					"bytes":	1284376,
					"bits_per_second":	10271916.117747627,
					"retransmits":	0,
					"snd_cwnd":	146248,
					"snd_wnd":	1135360,
					"rtt":	153151,
					"rttvar":	3671,
					"pmtu":	1500,
					"omitted":	false,
					"sender":	true
				}],
			"sum":	{
				"start":	0,
				"end":	1.000301,
				"seconds":	1.0003010034561157,
				"bytes":	1284376,
				"bits_per_second":	10271916.117747627,
				"retransmits":	0,
				"omitted":	false,
				"sender":	true
			}
		}, {
			"streams":	[{
					"socket":	6,
					"start":	1.000301,
					"end":	2.000307,
					"seconds":	1.0000059604644775,
					"bytes":	1042560,
					"bits_per_second":	8340430.2871615458,
					"retransmits":	0,
					"snd_cwnd":	185344,
					"snd_wnd":	1135360,
					"rtt":	214822,
					"rttvar":	977,
					"pmtu":	1500,
					"omitted":	false,
					"sender":	true
				}],
			"sum":	{
				"start":	1.000301,
				"end":	2.000307,
				"seconds":	1.0000059604644775,
				"bytes":	1042560,
				"bits_per_second":	8340430.2871615458,
				"retransmits":	0,
				"omitted":	false,
				"sender":	true
			}
		}, {
			"streams":	[{
					"socket":	6,
					"start":	2.000307,
					"end":	3.000088,
					"seconds":	0.99978101253509521,
					"bytes":	1303200,
					"bits_per_second":	10427883.575788584,
					"retransmits":	0,
					"snd_cwnd":	230232,
					"snd_wnd":	1135360,
					"rtt":	232493,
					"rttvar":	1449,
					"pmtu":	1500,
					"omitted":	false,
					"sender":	true
				}],
			"sum":	{
				"start":	2.000307,
				"end":	3.000088,
				"seconds":	0.99978101253509521,
				"bytes":	1303200,
				"bits_per_second":	10427883.575788584,
				"retransmits":	0,
				"omitted":	false,
				"sender":	true
			}
		}, {
			"streams":	[{
					"socket":	6,
					"start":	3.000088,
					"end":	4.000206,
					"seconds":	1.0001180171966553,
					"bytes":	1107720,
					"bits_per_second":	8860714.28333992,
					"retransmits":	0,
					"snd_cwnd":	278016,
					"snd_wnd":	1135488,
					"rtt":	270354,
					"rttvar":	1306,
					"pmtu":	1500,
					"omitted":	false,
					"sender":	true
				}],
			"sum":	{
				"start":	3.000088,
				"end":	4.000206,
				"seconds":	1.0001180171966553,
				"bytes":	1107720,
				"bits_per_second":	8860714.28333992,
				"retransmits":	0,
				"omitted":	false,
				"sender":	true
			}
		}, {
			"streams":	[{
					"socket":	6,
					"start":	4.000206,
					"end":	5.000217,
					"seconds":	1.0000109672546387,
					"bytes":	1238040,
					"bits_per_second":	9904211.37799182,
					"retransmits":	0,
					"snd_cwnd":	330144,
					"snd_wnd":	1135488,
					"rtt":	300428,
					"rttvar":	1522,
					"pmtu":	1500,
					"omitted":	false,
					"sender":	true
				}],
			"sum":	{
				"start":	4.000206,
				"end":	5.000217,
				"seconds":	1.0000109672546387,
				"bytes":	1238040,
				"bits_per_second":	9904211.37799182,
				"retransmits":	0,
				"omitted":	false,
				"sender":	true
			}
		}, {
			"streams":	[{
					"socket":	6,
					"start":	5.000217,
					"end":	6.000118,
					"seconds":	0.999900996685028,
					"bytes":	1498680,
					"bits_per_second":	11990627.111832663,
					"retransmits":	0,
					"snd_cwnd":	382272,
					"snd_wnd":	1135488,
					"rtt":	338818,
					"rttvar":	388,
					"pmtu":	1500,
					"omitted":	false,
					"sender":	true
				}],
			"sum":	{
				"start":	5.000217,
				"end":	6.000118,
				"seconds":	0.999900996685028,
				"bytes":	1498680,
				"bits_per_second":	11990627.111832663,
				"retransmits":	0,
				"omitted":	false,
				"sender":	true
			}
		}, {
			"streams":	[{
					"socket":	6,
					"start":	6.000118,
					"end":	7.000489,
					"seconds":	1.000370979309082,
					"bytes":	847080,
					"bits_per_second":	6774126.93906851,
					"retransmits":	0,
					"snd_cwnd":	437296,
					"snd_wnd":	1135488,
					"rtt":	382732,
					"rttvar":	208,
					"pmtu":	1500,
					"omitted":	false,
					"sender":	true
				}],
			"sum":	{
				"start":	6.000118,
				"end":	7.000489,
				"seconds":	1.000370979309082,
				"bytes":	847080,
				"bits_per_second":	6774126.93906851,
				"retransmits":	0,
				"omitted":	false,
				"sender":	true
			}
		}, {
			"streams":	[{
					"socket":	6,
					"start":	7.000489,
					"end":	8.000128,
					"seconds":	0.99963897466659546,
					"bytes":	1889640,
					"bits_per_second":	15122579.634354429,
					"retransmits":	0,
					"snd_cwnd":	492320,
					"snd_wnd":	1135488,
					"rtt":	423093,
					"rttvar":	1272,
					"pmtu":	1500,
					"omitted":	false,
					"sender":	true
				}],
			"sum":	{
				"start":	7.000489,
				"end":	8.000128,
				"seconds":	0.99963897466659546,
				"bytes":	1889640,
				"bits_per_second":	15122579.634354429,
				"retransmits":	0,
				"omitted":	false,
				"sender":	true
			}
		}, {
			"streams":	[{
					"socket":	6,
					"start":	8.000128,
					"end":	9.000386,
					"seconds":	1.0002579689025879,
					"bytes":	1042560,
					"bits_per_second":	8338328.9704260826,
					"retransmits":	0,
					"snd_cwnd":	547344,
					"snd_wnd":	1157888,
					"rtt":	459687,
					"rttvar":	1234,
					"pmtu":	1500,
					"omitted":	false,
					"sender":	true
				}],
			"sum":	{
				"start":	8.000128,
				"end":	9.000386,
				"seconds":	1.0002579689025879,
				"bytes":	1042560,
				"bits_per_second":	8338328.9704260826,
				"retransmits":	0,
				"omitted":	false,
				"sender":	true
			}
		}, {
			"streams":	[{
					"socket":	6,
					"start":	9.000386,
					"end":	10.000598,
					"seconds":	1.0002119541168213,
					"bytes":	1172880,
					"bits_per_second":	9381051.6474832036,
					"retransmits":	0,
					"snd_cwnd":	612504,
					"snd_wnd":	1271296,
					"rtt":	504523,
					"rttvar":	945,
					"pmtu":	1500,
					"omitted":	false,
					"sender":	true
				}],
			"sum":	{
				"start":	9.000386,
				"end":	10.000598,
				"seconds":	1.0002119541168213,
				"bytes":	1172880,
				"bits_per_second":	9381051.6474832036,
				"retransmits":	0,
				"omitted":	false,
				"sender":	true
			}
		}],
	"end":	{
		"streams":	[{
				"sender":	{
					"socket":	6,
					"start":	0,
					"end":	10.000598,
					"seconds":	10.000598,
					"bytes":	12426736,
					"bits_per_second":	9940794.34049844,
					"retransmits":	0,
					"max_snd_cwnd":	612504,
					"max_snd_wnd":	1271296,
					"max_rtt":	504523,
					"min_rtt":	153151,
					"mean_rtt":	328010,
					"sender":	true
				},
				"receiver":	{
					"socket":	6,
					"start":	0,
					"end":	10.536318,
					"seconds":	10.000598,
					"bytes":	10509584,
					"bits_per_second":	7979701.4478872037,
					"sender":	true
				}
			}],
		"sum_sent":	{
			"start":	0,
			"end":	10.000598,
			"seconds":	10.000598,
			"bytes":	12426736,
			"bits_per_second":	9940794.34049844,
			"retransmits":	0,
			"sender":	true
		},
		"sum_received":	{
			"start":	0,
			"end":	10.536318,
			"seconds":	10.536318,
			"bytes":	10509584,
			"bits_per_second":	7979701.4478872037,
			"sender":	true
		},
		"cpu_utilization_percent":	{
			"host_total":	0.520821642357442,
			"host_user":	0.065781496628539021,
			"host_system":	0.455049947769825,
			"remote_total":	0.986586036471509,
			"remote_user":	0.098060672715956046,
			"remote_system":	0.8885253637555528
		},
		"sender_tcp_congestion":	"cubic",
		"receiver_tcp_congestion":	"cubic"
	}
}
