{
	"start":	{
		"connected":	[{
				"socket":	6,
				"local_host":	"192.168.101.210",
				"local_port":	34220,
				"remote_host":	"192.168.100.168",
				"remote_port":	5202
			}],
		"version":	"iperf 3.11",
		"system_info":	"Linux f1 6.0.10-300.fc37.x86_64 #1 SMP PREEMPT_DYNAMIC Sat Nov 26 16:55:13 UTC 2022 x86_64",
		"timestamp":	{
			"time":	"Fri, 09 Dec 2022 22:53:44 GMT",
			"timesecs":	1670626424
		},
		"connecting_to":	{
			"host":	"192.168.100.168",
			"port":	5202
		},
		"cookie":	"sadh4h6hgxygetkn7iimzkvuc3fctn5a73ok",
		"tcp_mss_default":	1448,
		"target_bitrate":	0,
		"sock_bufsize":	0,
		"sndbuf_actual":	16384,
		"rcvbuf_actual":	131072,
		"test_start":	{
			"protocol":	"TCP",
			"num_streams":	1,
			"blksize":	131072,
			"omit":	0,
			"duration":	10,
			"bytes":	0,
			"blocks":	0,
			"reverse":	0,
			"tos":	0,
			"target_bitrate":	0
		}
	},
	"intervals":	[{
			"streams":	[{
					"socket":	6,
					"start":	0,
					"end":	1.000142,
					"seconds":	1.000141978263855,
					"bytes":	2360240,
					"bits_per_second":	18879239.5583446,
					"retransmits":	0,
					"snd_cwnd":	247608,
					"snd_wnd":	424832,
					"rtt":	253604,
					"rttvar":	37487,
					"pmtu":	1500,
					"omitted":	false,
					"sender":	true
				}],
			"sum":	{
				"start":	0,
				"end":	1.000142,
				"seconds":	1.000141978263855,
				"bytes":	2360240,
				"bits_per_second":	18879239.5583446,
				"retransmits":	0,
				"omitted":	false,
				"sender":	true
			}
		}, {
			"streams":	[{
					"socket":	6,
					"start":	1.000142,
					"end":	2.000419,
					"seconds":	1.000277042388916,
					"bytes":	912240,
					"bits_per_second":	7295898.7267874414,
					"retransmits":	0,
					"snd_cwnd":	364896,
					"snd_wnd":	1050368,
					"rtt":	434860,
					"rttvar":	2086,
					"pmtu":	1500,
					"omitted":	false,
					"sender":	true
				}],
			"sum":	{
				"start":	1.000142,
				"end":	2.000419,
				"seconds":	1.000277042388916,
				"bytes":	912240,
				"bits_per_second":	7295898.7267874414,
				"retransmits":	0,
				"omitted":	false,
				"sender":	true
			}
		}, {
			"streams":	[{
					"socket":	6,
					"start":	2.000419,
					"end":	3.000702,
					"seconds":	1.0002830028533936,
					"bytes":	1107720,
					"bits_per_second":	8859252.80617692,
					"retransmits":	0,
					"snd_cwnd":	278016,
					"snd_wnd":	1050368,
					"rtt":	374261,
					"rttvar":	16012,
					"pmtu":	1500,
					"omitted":	false,
					"sender":	true
				}],
			"sum":	{
				"start":	2.000419,
				"end":	3.000702,
				"seconds":	1.0002830028533936,
				"bytes":	1107720,
				"bits_per_second":	8859252.80617692,
				"retransmits":	0,
				"omitted":	false,
				"sender":	true
			}
		}, {
			"streams":	[{
					"socket":	6,
					"start":	3.000702,
					"end":	4.001033,
					"seconds":	1.0003310441970825,
					"bytes":	0,
					"bits_per_second":	0,
					"retransmits":	0,
					"snd_cwnd":	278016,
					"snd_wnd":	1050368,
					"rtt":	476104,
					"rttvar":	1959,
					"pmtu":	1500,
					"omitted":	false,
					"sender":	true
				}],
			"sum":	{
				"start":	3.000702,
				"end":	4.001033,
				"seconds":	1.0003310441970825,
				"bytes":	0,
				"bits_per_second":	0,
				"retransmits":	0,
				"omitted":	false,
				"sender":	true
			}
		}, {
			"streams":	[{
					"socket":	6,
					"start":	4.001033,
					"end":	5.000531,
					"seconds":	0.99949800968170166,
					"bytes":	1107720,
					"bits_per_second":	8866210.7519574761,
					"retransmits":	0,
					"snd_cwnd":	246160,
					"snd_wnd":	1050368,
					"rtt":	498123,
					"rttvar":	2492,
					"pmtu":	1500,
					"omitted":	false,
					"sender":	true
				}],
			"sum":	{
				"start":	4.001033,
				"end":	5.000531,
				"seconds":	0.99949800968170166,
				"bytes":	1107720,
				"bits_per_second":	8866210.7519574761,
				"retransmits":	0,
				"omitted":	false,
				"sender":	true
			}
		}, {
			"streams":	[{
					"socket":	6,
					"start":	5.000531,
					"end":	6.00103,
					"seconds":	1.0004990100860596,
					"bytes":	0,
					"bits_per_second":	0,
					"retransmits":	0,
					"snd_cwnd":	246160,
					"snd_wnd":	1050368,
					"rtt":	503194,
					"rttvar":	1192,
					"pmtu":	1500,
					"omitted":	false,
					"sender":	true
				}],
			"sum":	{
				"start":	5.000531,
				"end":	6.00103,
				"seconds":	1.0004990100860596,
				"bytes":	0,
				"bits_per_second":	0,
				"retransmits":	0,
				"omitted":	false,
				"sender":	true
			}
		}, {
			"streams":	[{
					"socket":	6,
					"start":	6.00103,
					"end":	7.000297,
					"seconds":	0.99926698207855225,
					"bytes":	1107720,
					"bits_per_second":	8868260.5939474329,
					"retransmits":	0,
					"snd_cwnd":	246160,
					"snd_wnd":	1050368,
					"rtt":	533255,
					"rttvar":	1958,
					"pmtu":	1500,
					"omitted":	false,
					"sender":	true
				}],
			"sum":	{
				"start":	6.00103,
				"end":	7.000297,
				"seconds":	0.99926698207855225,
				"bytes":	1107720,
				"bits_per_second":	8868260.5939474329,
				"retransmits":	0,
				"omitted":	false,
				"sender":	true
			}
		}, {
			"streams":	[{
					"socket":	6,
					"start":	7.000297,
					"end":	8.001039,
					"seconds":	1.0007419586181641,
					"bytes":	0,
					"bits_per_second":	0,
					"retransmits":	0,
					"snd_cwnd":	199824,
					"snd_wnd":	1050368,
					"rtt":	522429,
					"rttvar":	1576,
					"pmtu":	1500,
					"omitted":	false,
					"sender":	true
				}],
			"sum":	{
				"start":	7.000297,
				"end":	8.001039,
				"seconds":	1.0007419586181641,
				"bytes":	0,
				"bits_per_second":	0,
				"retransmits":	0,
				"omitted":	false,
				"sender":	true
			}
		}, {
			"streams":	[{
					"socket":	6,
					"start":	8.001039,
					"end":	9.001029,
					"seconds":	0.99998998641967773,
					"bytes":	0,
					"bits_per_second":	0,
					"retransmits":	0,
					"snd_cwnd":	196928,
					"snd_wnd":	1050368,
					"rtt":	555746,
					"rttvar":	2059,
					"pmtu":	1500,
					"omitted":	false,
					"sender":	true
				}],
			"sum":	{
				"start":	8.001039,
				"end":	9.001029,
				"seconds":	0.99998998641967773,
				"bytes":	0,
				"bits_per_second":	0,
				"retransmits":	0,
				"omitted":	false,
				"sender":	true
			}
		}, {
			"streams":	[{
					"socket":	6,
					"start":	9.001029,
					"end":	10.000442,
					"seconds":	0.999413013458252,
					"bytes":	1107720,
					"bits_per_second":	8866964.7889972944,
					"retransmits":	0,
					"snd_cwnd":	188240,
					"snd_wnd":	1050368,
					"rtt":	609741,
					"rttvar":	7321,
					"pmtu":	1500,
					"omitted":	false,
					"sender":	true
				}],
			"sum":	{
				"start":	9.001029,
				"end":	10.000442,
				"seconds":	0.999413013458252,
				"bytes":	1107720,
				"bits_per_second":	8866964.7889972944,
				"retransmits":	0,
				"omitted":	false,
				"sender":	true
			}
		}],
	"end":	{
		"streams":	[{
				"sender":	{
					"socket":	6,
					"start":	0,
					"end":	10.000442,
					"seconds":	10.000442,
					"bytes":	7703360,
					"bits_per_second":	6162415.6212295415,
					"retransmits":	0,
					"max_snd_cwnd":	364896,
					"max_snd_wnd":	1050368,
					"max_rtt":	609741,
					"min_rtt":	253604,
					"mean_rtt":	476131,
					"sender":	true
				},
				"receiver":	{
					"socket":	6,
					"start":	0,
					"end":	10.674827,
					"seconds":	10.000442,
					"bytes":	4803016,
					"bits_per_second":	3599508.2636936409,
					"sender":	true
				}
			}],
		"sum_sent":	{
			"start":	0,
			"end":	10.000442,
			"seconds":	10.000442,
			"bytes":	7703360,
			"bits_per_second":	6162415.6212295415,
			"retransmits":	0,
			"sender":	true
		},
		"sum_received":	{
			"start":	0,
			"end":	10.674827,
			"seconds":	10.674827,
			"bytes":	4803016,
			"bits_per_second":	3599508.2636936409,
			"sender":	true
		},
		"cpu_utilization_percent":	{
			"host_total":	1.440213139093991,
			"host_user":	0.2478328654770752,
			"host_system":	1.1923897058858208,
			"remote_total":	0.418629264572515,
			"remote_user":	0.062642630956776024,
			"remote_system":	0.35598663361573885
		},
		"sender_tcp_congestion":	"bbr",
		"receiver_tcp_congestion":	"bbr"
	}
}
