{
	"start":	{
		"connected":	[{
				"socket":	6,
				"local_host":	"192.168.101.210",
				"local_port":	56328,
				"remote_host":	"192.168.100.168",
				"remote_port":	5201
			}],
		"version":	"iperf 3.11",
		"system_info":	"Linux f1 6.0.10-300.fc37.x86_64 #1 SMP PREEMPT_DYNAMIC Sat Nov 26 16:55:13 UTC 2022 x86_64",
		"timestamp":	{
			"time":	"Fri, 09 Dec 2022 22:52:25 GMT",
			"timesecs":	1670626345
		},
		"connecting_to":	{
			"host":	"192.168.100.168",
			"port":	5201
		},
		"cookie":	"bsjcb7exhqogtjhsfqg2jedgzapoggdflcab",
		"tcp_mss_default":	1448,
		"target_bitrate":	0,
		"sock_bufsize":	0,
		"sndbuf_actual":	16384,
		"rcvbuf_actual":	131072,
		"test_start":	{
			"protocol":	"TCP",
			"num_streams":	1,
			"blksize":	131072,
			"omit":	0,
			"duration":	10,
			"bytes":	0,
			"blocks":	0,
			"reverse":	0,
			"tos":	0,
			"target_bitrate":	0
		}
	},
	"intervals":	[{
			"streams":	[{
					"socket":	6,
					"start":	0,
					"end":	1.000474,
					"seconds":	1.0004739761352539,
					"bytes":	1433520,
					"bits_per_second":	11462726.940985041,
					"retransmits":	0,
					"snd_cwnd":	227336,
					"snd_wnd":	842752,
					"rtt":	295161,
					"rttvar":	1090,
					"pmtu":	1500,
					"omitted":	false,
					"sender":	true
				}],
			"sum":	{
				"start":	0,
				"end":	1.000474,
				"seconds":	1.0004739761352539,
				"bytes":	1433520,
				"bits_per_second":	11462726.940985041,
				"retransmits":	0,
				"omitted":	false,
				"sender":	true
			}
		}, {
			"streams":	[{
					"socket":	6,
					"start":	1.000474,
					"end":	2.000367,
					"seconds":	0.99989300966262817,
					"bytes":	1042560,
					"bits_per_second":	8341372.4462521682,
					"retransmits":	0,
					"snd_cwnd":	264984,
					"snd_wnd":	1144320,
					"rtt":	332792,
					"rttvar":	1446,
					"pmtu":	1500,
					"omitted":	false,
					"sender":	true
				}],
			"sum":	{
				"start":	1.000474,
				"end":	2.000367,
				"seconds":	0.99989300966262817,
				"bytes":	1042560,
				"bits_per_second":	8341372.4462521682,
				"retransmits":	0,
				"omitted":	false,
				"sender":	true
			}
		}, {
			"streams":	[{
					"socket":	6,
					"start":	2.000367,
					"end":	3.00018,
					"seconds":	0.9998130202293396,
					"bytes":	1238040,
					"bits_per_second":	9906172.25381614,
					"retransmits":	0,
					"snd_cwnd":	304080,
					"snd_wnd":	1144320,
					"rtt":	360658,
					"rttvar":	3391,
					"pmtu":	1500,
					"omitted":	false,
					"sender":	true
				}],
			"sum":	{
				"start":	2.000367,
				"end":	3.00018,
				"seconds":	0.9998130202293396,
				"bytes":	1238040,
				"bits_per_second":	9906172.25381614,
				"retransmits":	0,
				"omitted":	false,
				"sender":	true
			}
		}, {
			"streams":	[{
					"socket":	6,
					"start":	3.00018,
					"end":	4.000474,
					"seconds":	1.0002939701080322,
					"bytes":	651600,
					"bits_per_second":	5211268.0429704227,
					"retransmits":	0,
					"snd_cwnd":	344624,
					"snd_wnd":	1144320,
					"rtt":	401571,
					"rttvar":	2044,
					"pmtu":	1500,
					"omitted":	false,
					"sender":	true
				}],
			"sum":	{
				"start":	3.00018,
				"end":	4.000474,
				"seconds":	1.0002939701080322,
				"bytes":	651600,
				"bits_per_second":	5211268.0429704227,
				"retransmits":	0,
				"omitted":	false,
				"sender":	true
			}
		}, {
			"streams":	[{
					"socket":	6,
					"start":	4.000474,
					"end":	5.000085,
					"seconds":	0.9996110200881958,
					"bytes":	1498680,
					"bits_per_second":	11994105.466086369,
					"retransmits":	0,
					"snd_cwnd":	386616,
					"snd_wnd":	1144320,
					"rtt":	431447,
					"rttvar":	785,
					"pmtu":	1500,
					"omitted":	false,
					"sender":	true
				}],
			"sum":	{
				"start":	4.000474,
				"end":	5.000085,
				"seconds":	0.9996110200881958,
				"bytes":	1498680,
				"bits_per_second":	11994105.466086369,
				"retransmits":	0,
				"omitted":	false,
				"sender":	true
			}
		}, {
			"streams":	[{
					"socket":	6,
					"start":	5.000085,
					"end":	6.000311,
					"seconds":	1.0002260208129883,
					"bytes":	847080,
					"bits_per_second":	6775108.684427062,
					"retransmits":	0,
					"snd_cwnd":	430056,
					"snd_wnd":	1144320,
					"rtt":	460261,
					"rttvar":	973,
					"pmtu":	1500,
					"omitted":	false,
					"sender":	true
				}],
			"sum":	{
				"start":	5.000085,
				"end":	6.000311,
				"seconds":	1.0002260208129883,
				"bytes":	847080,
				"bits_per_second":	6775108.684427062,
				"retransmits":	0,
				"omitted":	false,
				"sender":	true
			}
		}, {
			"streams":	[{
					"socket":	6,
					"start":	6.000311,
					"end":	7.000529,
					"seconds":	1.0002180337905884,
					"bytes":	912240,
					"bits_per_second":	7296329.15369724,
					"retransmits":	0,
					"snd_cwnd":	476392,
					"snd_wnd":	1144448,
					"rtt":	468184,
					"rttvar":	946,
					"pmtu":	1500,
					"omitted":	false,
					"sender":	true
				}],
			"sum":	{
				"start":	6.000311,
				"end":	7.000529,
				"seconds":	1.0002180337905884,
				"bytes":	912240,
				"bits_per_second":	7296329.15369724,
				"retransmits":	0,
				"omitted":	false,
				"sender":	true
			}
		}, {
			"streams":	[{
					"socket":	6,
					"start":	7.000529,
					"end":	8.000736,
					"seconds":	1.00020694732666,
					"bytes":	977400,
					"bits_per_second":	7817582.1722685033,
					"retransmits":	0,
					"snd_cwnd":	527072,
					"snd_wnd":	1144448,
					"rtt":	500211,
					"rttvar":	537,
					"pmtu":	1500,
					"omitted":	false,
					"sender":	true
				}],
			"sum":	{
				"start":	7.000529,
				"end":	8.000736,
				"seconds":	1.00020694732666,
				"bytes":	977400,
				"bits_per_second":	7817582.1722685033,
				"retransmits":	0,
				"omitted":	false,
				"sender":	true
			}
		}, {
			"streams":	[{
					"socket":	6,
					"start":	8.000736,
					"end":	9.000899,
					"seconds":	1.0001629590988159,
					"bytes":	1107720,
					"bits_per_second":	8860316.13086809,
					"retransmits":	0,
					"snd_cwnd":	577752,
					"snd_wnd":	1209984,
					"rtt":	532091,
					"rttvar":	1015,
					"pmtu":	1500,
					"omitted":	false,
					"sender":	true
				}],
			"sum":	{
				"start":	8.000736,
				"end":	9.000899,
				"seconds":	1.0001629590988159,
				"bytes":	1107720,
				"bits_per_second":	8860316.13086809,
				"retransmits":	0,
				"omitted":	false,
				"sender":	true
			}
		}, {
			"streams":	[{
					"socket":	6,
					"start":	9.000899,
					"end":	10.000097,
					"seconds":	0.999198019504547,
					"bytes":	2476080,
					"bits_per_second":	19824538.893523954,
					"retransmits":	0,
					"snd_cwnd":	654496,
					"snd_wnd":	1351808,
					"rtt":	571315,
					"rttvar":	1872,
					"pmtu":	1500,
					"omitted":	false,
					"sender":	true
				}],
			"sum":	{
				"start":	9.000899,
				"end":	10.000097,
				"seconds":	0.999198019504547,
				"bytes":	2476080,
				"bits_per_second":	19824538.893523954,
				"retransmits":	0,
				"omitted":	false,
				"sender":	true
			}
		}],
	"end":	{
		"streams":	[{
				"sender":	{
					"socket":	6,
					"start":	0,
					"end":	10.000097,
					"seconds":	10.000097,
					"bytes":	12184920,
					"bits_per_second":	9747841.4459379744,
					"retransmits":	0,
					"max_snd_cwnd":	654496,
					"max_snd_wnd":	1351808,
					"max_rtt":	571315,
					"min_rtt":	295161,
					"mean_rtt":	435369,
					"sender":	true
				},
				"receiver":	{
					"socket":	6,
					"start":	0,
					"end":	10.617581,
					"seconds":	10.000097,
					"bytes":	9317880,
					"bits_per_second":	7020717.80756841,
					"sender":	true
				}
			}],
		"sum_sent":	{
			"start":	0,
			"end":	10.000097,
			"seconds":	10.000097,
			"bytes":	12184920,
			"bits_per_second":	9747841.4459379744,
			"retransmits":	0,
			"sender":	true
		},
		"sum_received":	{
			"start":	0,
			"end":	10.617581,
			"seconds":	10.617581,
			"bytes":	9317880,
			"bits_per_second":	7020717.80756841,
			"sender":	true
		},
		"cpu_utilization_percent":	{
			"host_total":	0.9956728393928227,
			"host_user":	0.21935278813872106,
			"host_system":	0.776329665243764,
			"remote_total":	0.84582075674991453,
			"remote_user":	0.12918154131774967,
			"remote_system":	0.71662979712206576
		},
		"sender_tcp_congestion":	"cubic",
		"receiver_tcp_congestion":	"cubic"
	}
}
