{
	"start":	{
		"connected":	[{
				"socket":	6,
				"local_host":	"192.168.101.210",
				"local_port":	43058,
				"remote_host":	"192.168.100.168",
				"remote_port":	5202
			}],
		"version":	"iperf 3.11",
		"system_info":	"Linux f1 6.0.10-300.fc37.x86_64 #1 SMP PREEMPT_DYNAMIC Sat Nov 26 16:55:13 UTC 2022 x86_64",
		"timestamp":	{
			"time":	"Fri, 09 Dec 2022 23:13:09 GMT",
			"timesecs":	1670627589
		},
		"connecting_to":	{
			"host":	"192.168.100.168",
			"port":	5202
		},
		"cookie":	"bf3gxbvzo3evh4vvmsx3llu7mo3v7harmwrz",
		"tcp_mss_default":	1448,
		"target_bitrate":	0,
		"sock_bufsize":	0,
		"sndbuf_actual":	16384,
		"rcvbuf_actual":	131072,
		"test_start":	{
			"protocol":	"TCP",
			"num_streams":	1,
			"blksize":	131072,
			"omit":	0,
			"duration":	10,
			"bytes":	0,
			"blocks":	0,
			"reverse":	0,
			"tos":	0,
			"target_bitrate":	0
		}
	},
	"intervals":	[{
			"streams":	[{
					"socket":	6,
					"start":	0,
					"end":	1.000182,
					"seconds":	1.000182032585144,
					"bytes":	4904376,
					"bits_per_second":	39227867.2499148,
					"retransmits":	0,
					"snd_cwnd":	127424,
					"snd_wnd":	1173632,
					"rtt":	87209,
					"rttvar":	1520,
					"pmtu":	1500,
					"omitted":	false,
					"sender":	true
				}],
			"sum":	{
				"start":	0,
				"end":	1.000182,
				"seconds":	1.000182032585144,
				"bytes":	4904376,
				"bits_per_second":	39227867.2499148,
				"retransmits":	0,
				"omitted":	false,
				"sender":	true
			}
		}, {
			"streams":	[{
					"socket":	6,
					"start":	1.000182,
					"end":	2.001028,
					"seconds":	1.0008460283279419,
					"bytes":	0,
					"bits_per_second":	0,
					"retransmits":	0,
					"snd_cwnd":	49232,
					"snd_wnd":	1173632,
					"rtt":	129012,
					"rttvar":	2989,
					"pmtu":	1500,
					"omitted":	false,
					"sender":	true
				}],
			"sum":	{
				"start":	1.000182,
				"end":	2.001028,
				"seconds":	1.0008460283279419,
				"bytes":	0,
				"bits_per_second":	0,
				"retransmits":	0,
				"omitted":	false,
				"sender":	true
			}
		}, {
			"streams":	[{
					"socket":	6,
					"start":	2.001028,
					"end":	3.000864,
					"seconds":	0.999836027622223,
					"bytes":	977400,
					"bits_per_second":	7820482.34308516,
					"retransmits":	0,
					"snd_cwnd":	31856,
					"snd_wnd":	1173632,
					"rtt":	167864,
					"rttvar":	5736,
					"pmtu":	1500,
					"omitted":	false,
					"sender":	true
				}],
			"sum":	{
				"start":	2.001028,
				"end":	3.000864,
				"seconds":	0.999836027622223,
				"bytes":	977400,
				"bits_per_second":	7820482.34308516,
				"retransmits":	0,
				"omitted":	false,
				"sender":	true
			}
		}, {
			"streams":	[{
					"socket":	6,
					"start":	3.000864,
					"end":	4.001034,
					"seconds":	1.0001699924468994,
					"bytes":	0,
					"bits_per_second":	0,
					"retransmits":	0,
					"snd_cwnd":	20272,
					"snd_wnd":	1173632,
					"rtt":	213043,
					"rttvar":	7036,
					"pmtu":	1500,
					"omitted":	false,
					"sender":	true
				}],
			"sum":	{
				"start":	3.000864,
				"end":	4.001034,
				"seconds":	1.0001699924468994,
				"bytes":	0,
				"bits_per_second":	0,
				"retransmits":	0,
				"omitted":	false,
				"sender":	true
			}
		}, {
			"streams":	[{
					"socket":	6,
					"start":	4.001034,
					"end":	5.001025,
					"seconds":	0.999990999698639,
					"bytes":	0,
					"bits_per_second":	0,
					"retransmits":	0,
					"snd_cwnd":	17376,
					"snd_wnd":	1173632,
					"rtt":	261995,
					"rttvar":	27954,
					"pmtu":	1500,
					"omitted":	false,
					"sender":	true
				}],
			"sum":	{
				"start":	4.001034,
				"end":	5.001025,
				"seconds":	0.999990999698639,
				"bytes":	0,
				"bits_per_second":	0,
				"retransmits":	0,
				"omitted":	false,
				"sender":	true
			}
		}, {
			"streams":	[{
					"socket":	6,
					"start":	5.001025,
					"end":	6.00103,
					"seconds":	1.0000050067901611,
					"bytes":	0,
					"bits_per_second":	0,
					"retransmits":	0,
					"snd_cwnd":	14480,
					"snd_wnd":	1173632,
					"rtt":	267435,
					"rttvar":	18013,
					"pmtu":	1500,
					"omitted":	false,
					"sender":	true
				}],
			"sum":	{
				"start":	5.001025,
				"end":	6.00103,
				"seconds":	1.0000050067901611,
				"bytes":	0,
				"bits_per_second":	0,
				"retransmits":	0,
				"omitted":	false,
				"sender":	true
			}
		}, {
			"streams":	[{
					"socket":	6,
					"start":	6.00103,
					"end":	7.001029,
					"seconds":	0.99999898672103882,
					"bytes":	0,
					"bits_per_second":	0,
					"retransmits":	0,
					"snd_cwnd":	14480,
					"snd_wnd":	1173632,
					"rtt":	243912,
					"rttvar":	15546,
					"pmtu":	1500,
					"omitted":	false,
					"sender":	true
				}],
			"sum":	{
				"start":	6.00103,
				"end":	7.001029,
				"seconds":	0.99999898672103882,
				"bytes":	0,
				"bits_per_second":	0,
				"retransmits":	0,
				"omitted":	false,
				"sender":	true
			}
		}, {
			"streams":	[{
					"socket":	6,
					"start":	7.001029,
					"end":	8.001024,
					"seconds":	0.999994993209839,
					"bytes":	0,
					"bits_per_second":	0,
					"retransmits":	0,
					"snd_cwnd":	14480,
					"snd_wnd":	1173632,
					"rtt":	260722,
					"rttvar":	18356,
					"pmtu":	1500,
					"omitted":	false,
					"sender":	true
				}],
			"sum":	{
				"start":	7.001029,
				"end":	8.001024,
				"seconds":	0.999994993209839,
				"bytes":	0,
				"bits_per_second":	0,
				"retransmits":	0,
				"omitted":	false,
				"sender":	true
			}
		}, {
			"streams":	[{
					"socket":	6,
					"start":	8.001024,
					"end":	9.001025,
					"seconds":	1.0000009536743164,
					"bytes":	0,
					"bits_per_second":	0,
					"retransmits":	0,
					"snd_cwnd":	14480,
					"snd_wnd":	1173632,
					"rtt":	274824,
					"rttvar":	12535,
					"pmtu":	1500,
					"omitted":	false,
					"sender":	true
				}],
			"sum":	{
				"start":	8.001024,
				"end":	9.001025,
				"seconds":	1.0000009536743164,
				"bytes":	0,
				"bits_per_second":	0,
				"retransmits":	0,
				"omitted":	false,
				"sender":	true
			}
		}, {
			"streams":	[{
					"socket":	6,
					"start":	9.001025,
					"end":	10.001048,
					"seconds":	1.0000230073928833,
					"bytes":	0,
					"bits_per_second":	0,
					"retransmits":	0,
					"snd_cwnd":	11584,
					"snd_wnd":	1173632,
					"rtt":	275909,
					"rttvar":	13281,
					"pmtu":	1500,
					"omitted":	false,
					"sender":	true
				}],
			"sum":	{
				"start":	9.001025,
				"end":	10.001048,
				"seconds":	1.0000230073928833,
				"bytes":	0,
				"bits_per_second":	0,
				"retransmits":	0,
				"omitted":	false,
				"sender":	true
			}
		}],
	"end":	{
		"streams":	[{
				"sender":	{
					"socket":	6,
					"start":	0,
					"end":	10.001048,
					"seconds":	10.001048,
					"bytes":	5881776,
					"bits_per_second":	4704927.72357457,
					"retransmits":	0,
					"max_snd_cwnd":	127424,
					"max_snd_wnd":	1173632,
					"max_rtt":	275909,
					"min_rtt":	87209,
					"mean_rtt":	218192,
					"sender":	true
				},
				"receiver":	{
					"socket":	6,
					"start":	0,
					"end":	10.245131,
					"seconds":	10.001048,
					"bytes":	3828512,
					"bits_per_second":	2989527.0250814753,
					"sender":	true
				}
			}],
		"sum_sent":	{
			"start":	0,
			"end":	10.001048,
			"seconds":	10.001048,
			"bytes":	5881776,
			"bits_per_second":	4704927.72357457,
			"retransmits":	0,
			"sender":	true
		},
		"sum_received":	{
			"start":	0,
			"end":	10.245131,
			"seconds":	10.245131,
			"bytes":	3828512,
			"bits_per_second":	2989527.0250814753,
			"sender":	true
		},
		"cpu_utilization_percent":	{
			"host_total":	0.12204244241022671,
			"host_user":	0.017057661867552087,
			"host_system":	0.10498478054267461,
			"remote_total":	0.29413932160062156,
			"remote_user":	0.033410947331638546,
			"remote_system":	0.260728374268983
		},
		"sender_tcp_congestion":	"bbr",
		"receiver_tcp_congestion":	"bbr"
	}
}
