{
	"start":	{
		"connected":	[{
				"socket":	6,
				"local_host":	"192.168.101.210",
				"local_port":	57742,
				"remote_host":	"192.168.100.168",
				"remote_port":	5202
			}],
		"version":	"iperf 3.11",
		"system_info":	"Linux f1 6.0.10-300.fc37.x86_64 #1 SMP PREEMPT_DYNAMIC Sat Nov 26 16:55:13 UTC 2022 x86_64",
		"timestamp":	{
			"time":	"Fri, 09 Dec 2022 23:13:52 GMT",
			"timesecs":	1670627632
		},
		"connecting_to":	{
			"host":	"192.168.100.168",
			"port":	5202
		},
		"cookie":	"sow5kcewv5dez4gboobnuwhg4fvnfsq55xau",
		"tcp_mss_default":	1448,
		"target_bitrate":	0,
		"sock_bufsize":	0,
		"sndbuf_actual":	16384,
		"rcvbuf_actual":	131072,
		"test_start":	{
			"protocol":	"TCP",
			"num_streams":	1,
			"blksize":	131072,
			"omit":	0,
			"duration":	10,
			"bytes":	0,
			"blocks":	0,
			"reverse":	0,
			"tos":	0,
			"target_bitrate":	0
		}
	},
	"intervals":	[{
			"streams":	[{
					"socket":	6,
					"start":	0,
					"end":	1.000085,
					"seconds":	1.00008499622345,
					"bytes":	8126464,
					"bits_per_second":	65006186.719627962,
					"retransmits":	0,
					"snd_cwnd":	550240,
					"snd_wnd":	2807296,
					"rtt":	118795,
					"rttvar":	211,
					"pmtu":	1500,
					"omitted":	false,
					"sender":	true
				}],
			"sum":	{
				"start":	0,
				"end":	1.000085,
				"seconds":	1.00008499622345,
				"bytes":	8126464,
				"bits_per_second":	65006186.719627962,
				"retransmits":	0,
				"omitted":	false,
				"sender":	true
			}
		}, {
			"streams":	[{
					"socket":	6,
					"start":	1.000085,
					"end":	2.000404,
					"seconds":	1.0003190040588379,
					"bytes":	2621440,
					"bits_per_second":	20964832.133456573,
					"retransmits":	0,
					"snd_cwnd":	275120,
					"snd_wnd":	2807296,
					"rtt":	129524,
					"rttvar":	730,
					"pmtu":	1500,
					"omitted":	false,
					"sender":	true
				}],
			"sum":	{
				"start":	1.000085,
				"end":	2.000404,
				"seconds":	1.0003190040588379,
				"bytes":	2621440,
				"bits_per_second":	20964832.133456573,
				"retransmits":	0,
				"omitted":	false,
				"sender":	true
			}
		}, {
			"streams":	[{
					"socket":	6,
					"start":	2.000404,
					"end":	3.000096,
					"seconds":	0.99969202280044556,
					"bytes":	2621440,
					"bits_per_second":	20977980.739760537,
					"retransmits":	0,
					"snd_cwnd":	199824,
					"snd_wnd":	2807296,
					"rtt":	165487,
					"rttvar":	252,
					"pmtu":	1500,
					"omitted":	false,
					"sender":	true
				}],
			"sum":	{
				"start":	2.000404,
				"end":	3.000096,
				"seconds":	0.99969202280044556,
				"bytes":	2621440,
				"bits_per_second":	20977980.739760537,
				"retransmits":	0,
				"omitted":	false,
				"sender":	true
			}
		}, {
			"streams":	[{
					"socket":	6,
					"start":	3.000096,
					"end":	4.001039,
					"seconds":	1.0009429454803467,
					"bytes":	0,
					"bits_per_second":	0,
					"retransmits":	0,
					"snd_cwnd":	153488,
					"snd_wnd":	2807296,
					"rtt":	199366,
					"rttvar":	1257,
					"pmtu":	1500,
					"omitted":	false,
					"sender":	true
				}],
			"sum":	{
				"start":	3.000096,
				"end":	4.001039,
				"seconds":	1.0009429454803467,
				"bytes":	0,
				"bits_per_second":	0,
				"retransmits":	0,
				"omitted":	false,
				"sender":	true
			}
		}, {
			"streams":	[{
					"socket":	6,
					"start":	4.001039,
					"end":	5.000541,
					"seconds":	0.99950200319290161,
					"bytes":	1310720,
					"bits_per_second":	10490984.476772752,
					"retransmits":	0,
					"snd_cwnd":	130320,
					"snd_wnd":	2807296,
					"rtt":	237969,
					"rttvar":	8509,
					"pmtu":	1500,
					"omitted":	false,
					"sender":	true
				}],
			"sum":	{
				"start":	4.001039,
				"end":	5.000541,
				"seconds":	0.99950200319290161,
				"bytes":	1310720,
				"bits_per_second":	10490984.476772752,
				"retransmits":	0,
				"omitted":	false,
				"sender":	true
			}
		}, {
			"streams":	[{
					"socket":	6,
					"start":	5.000541,
					"end":	6.001031,
					"seconds":	1.0004899501800537,
					"bytes":	0,
					"bits_per_second":	0,
					"retransmits":	0,
					"snd_cwnd":	104256,
					"snd_wnd":	2807296,
					"rtt":	247767,
					"rttvar":	7645,
					"pmtu":	1500,
					"omitted":	false,
					"sender":	true
				}],
			"sum":	{
				"start":	5.000541,
				"end":	6.001031,
				"seconds":	1.0004899501800537,
				"bytes":	0,
				"bits_per_second":	0,
				"retransmits":	0,
				"omitted":	false,
				"sender":	true
			}
		}, {
			"streams":	[{
					"socket":	6,
					"start":	6.001031,
					"end":	7.000141,
					"seconds":	0.999109983444214,
					"bytes":	0,
					"bits_per_second":	0,
					"retransmits":	0,
					"snd_cwnd":	110048,
					"snd_wnd":	2807296,
					"rtt":	261530,
					"rttvar":	13895,
					"pmtu":	1500,
					"omitted":	false,
					"sender":	true
				}],
			"sum":	{
				"start":	6.001031,
				"end":	7.000141,
				"seconds":	0.999109983444214,
				"bytes":	0,
				"bits_per_second":	0,
				"retransmits":	0,
				"omitted":	false,
				"sender":	true
			}
		}, {
			"streams":	[{
					"socket":	6,
					"start":	7.000141,
					"end":	8.000794,
					"seconds":	1.0006530284881592,
					"bytes":	1310720,
					"bits_per_second":	10478916.968694387,
					"retransmits":	0,
					"snd_cwnd":	89776,
					"snd_wnd":	2807296,
					"rtt":	255255,
					"rttvar":	17361,
					"pmtu":	1500,
					"omitted":	false,
					"sender":	true
				}],
			"sum":	{
				"start":	7.000141,
				"end":	8.000794,
				"seconds":	1.0006530284881592,
				"bytes":	1310720,
				"bits_per_second":	10478916.968694387,
				"retransmits":	0,
				"omitted":	false,
				"sender":	true
			}
		}, {
			"streams":	[{
					"socket":	6,
					"start":	8.000794,
					"end":	9.001028,
					"seconds":	1.0002340078353882,
					"bytes":	0,
					"bits_per_second":	0,
					"retransmits":	0,
					"snd_cwnd":	69504,
					"snd_wnd":	2807296,
					"rtt":	246912,
					"rttvar":	18228,
					"pmtu":	1500,
					"omitted":	false,
					"sender":	true
				}],
			"sum":	{
				"start":	8.000794,
				"end":	9.001028,
				"seconds":	1.0002340078353882,
				"bytes":	0,
				"bits_per_second":	0,
				"retransmits":	0,
				"omitted":	false,
				"sender":	true
			}
		}, {
			"streams":	[{
					"socket":	6,
					"start":	9.001028,
					"end":	10.001045,
					"seconds":	1.0000170469284058,
					"bytes":	0,
					"bits_per_second":	0,
					"retransmits":	0,
					"snd_cwnd":	60816,
					"snd_wnd":	2807296,
					"rtt":	249237,
					"rttvar":	14845,
					"pmtu":	1500,
					"omitted":	false,
					"sender":	true
				}],
			"sum":	{
				"start":	9.001028,
				"end":	10.001045,
				"seconds":	1.0000170469284058,
				"bytes":	0,
				"bits_per_second":	0,
				"retransmits":	0,
				"omitted":	false,
				"sender":	true
			}
		}],
	"end":	{
		"streams":	[{
				"sender":	{
					"socket":	6,
					"start":	0,
					"end":	10.001045,
					"seconds":	10.001045,
					"bytes":	15990784,
					"bits_per_second":	12791290.510141691,
					"retransmits":	0,
					"max_snd_cwnd":	550240,
					"max_snd_wnd":	2807296,
					"max_rtt":	261530,
					"min_rtt":	118795,
					"mean_rtt":	211184,
					"sender":	true
				},
				"receiver":	{
					"socket":	6,
					"start":	0,
					"end":	10.268645,
					"seconds":	10.001045,
					"bytes":	12774256,
					"bits_per_second":	9952048.0063338447,
					"sender":	true
				}
			}],
		"sum_sent":	{
			"start":	0,
			"end":	10.001045,
			"seconds":	10.001045,
			"bytes":	15990784,
			"bits_per_second":	12791290.510141691,
			"retransmits":	0,
			"sender":	true
		},
		"sum_received":	{
			"start":	0,
			"end":	10.268645,
			"seconds":	10.268645,
			"bytes":	12774256,
			"bits_per_second":	9952048.0063338447,
			"sender":	true
		},
		"cpu_utilization_percent":	{
			"host_total":	0.28082021398720058,
			"host_user":	0.044109234499875423,
			"host_system":	0.2367109794873252,
			"remote_total":	0.59436204753942,
			"remote_user":	0.0903915672711631,
			"remote_system":	0.503970480268257
		},
		"sender_tcp_congestion":	"bbr",
		"receiver_tcp_congestion":	"bbr"
	}
}
