{
	"start":	{
		"connected":	[{
				"socket":	6,
				"local_host":	"192.168.101.210",
				"local_port":	47928,
				"remote_host":	"192.168.100.168",
				"remote_port":	5201
			}],
		"version":	"iperf 3.11",
		"system_info":	"Linux f1 6.0.10-300.fc37.x86_64 #1 SMP PREEMPT_DYNAMIC Sat Nov 26 16:55:13 UTC 2022 x86_64",
		"timestamp":	{
			"time":	"Fri, 09 Dec 2022 23:13:31 GMT",
			"timesecs":	1670627611
		},
		"connecting_to":	{
			"host":	"192.168.100.168",
			"port":	5201
		},
		"cookie":	"yjsa3547pwy6bprq4yecx5ddg4yf7pct5vcb",
		"tcp_mss_default":	1448,
		"target_bitrate":	0,
		"sock_bufsize":	0,
		"sndbuf_actual":	16384,
		"rcvbuf_actual":	131072,
		"test_start":	{
			"protocol":	"TCP",
			"num_streams":	1,
			"blksize":	131072,
			"omit":	0,
			"duration":	10,
			"bytes":	0,
			"blocks":	0,
			"reverse":	0,
			"tos":	0,
			"target_bitrate":	0
		}
	},
	"intervals":	[{
			"streams":	[{
					"socket":	6,
					"start":	0,
					"end":	1.000434,
					"seconds":	1.0004340410232544,
					"bytes":	4102184,
					"bits_per_second":	32803234.05072657,
					"retransmits":	239,
					"snd_cwnd":	40544,
					"snd_wnd":	1994880,
					"rtt":	28472,
					"rttvar":	654,
					"pmtu":	1500,
					"omitted":	false,
					"sender":	true
				}],
			"sum":	{
				"start":	0,
				"end":	1.000434,
				"seconds":	1.0004340410232544,
				"bytes":	4102184,
				"bits_per_second":	32803234.05072657,
				"retransmits":	239,
				"omitted":	false,
				"sender":	true
			}
		}, {
			"streams":	[{
					"socket":	6,
					"start":	1.000434,
					"end":	2.000734,
					"seconds":	1.0003000497817993,
					"bytes":	847080,
					"bits_per_second":	6774607.28056369,
					"retransmits":	12,
					"snd_cwnd":	30408,
					"snd_wnd":	1994880,
					"rtt":	28343,
					"rttvar":	416,
					"pmtu":	1500,
					"omitted":	false,
					"sender":	true
				}],
			"sum":	{
				"start":	1.000434,
				"end":	2.000734,
				"seconds":	1.0003000497817993,
				"bytes":	847080,
				"bits_per_second":	6774607.28056369,
				"retransmits":	12,
				"omitted":	false,
				"sender":	true
			}
		}, {
			"streams":	[{
					"socket":	6,
					"start":	2.000734,
					"end":	3.000803,
					"seconds":	1.00006902217865,
					"bytes":	847080,
					"bits_per_second":	6776172.2938253731,
					"retransmits":	10,
					"snd_cwnd":	23168,
					"snd_wnd":	1994880,
					"rtt":	26548,
					"rttvar":	1774,
					"pmtu":	1500,
					"omitted":	false,
					"sender":	true
				}],
			"sum":	{
				"start":	2.000734,
				"end":	3.000803,
				"seconds":	1.00006902217865,
				"bytes":	847080,
				"bits_per_second":	6776172.2938253731,
				"retransmits":	10,
				"omitted":	false,
				"sender":	true
			}
		}, {
			"streams":	[{
					"socket":	6,
					"start":	3.000803,
					"end":	4.000906,
					"seconds":	1.0001029968261719,
					"bytes":	847080,
					"bits_per_second":	6775942.09946943,
					"retransmits":	10,
					"snd_cwnd":	24616,
					"snd_wnd":	1992704,
					"rtt":	28166,
					"rttvar":	2736,
					"pmtu":	1500,
					"omitted":	false,
					"sender":	true
				}],
			"sum":	{
				"start":	3.000803,
				"end":	4.000906,
				"seconds":	1.0001029968261719,
				"bytes":	847080,
				"bits_per_second":	6775942.09946943,
				"retransmits":	10,
				"omitted":	false,
				"sender":	true
			}
		}, {
			"streams":	[{
					"socket":	6,
					"start":	4.000906,
					"end":	5.000912,
					"seconds":	1.0000059604644775,
					"bytes":	847080,
					"bits_per_second":	6776599.6083187563,
					"retransmits":	6,
					"snd_cwnd":	20272,
					"snd_wnd":	1992704,
					"rtt":	28886,
					"rttvar":	1900,
					"pmtu":	1500,
					"omitted":	false,
					"sender":	true
				}],
			"sum":	{
				"start":	4.000906,
				"end":	5.000912,
				"seconds":	1.0000059604644775,
				"bytes":	847080,
				"bits_per_second":	6776599.6083187563,
				"retransmits":	6,
				"omitted":	false,
				"sender":	true
			}
		}, {
			"streams":	[{
					"socket":	6,
					"start":	5.000912,
					"end":	6.000592,
					"seconds":	0.999679982662201,
					"bytes":	847080,
					"bits_per_second":	6778809.33651732,
					"retransmits":	6,
					"snd_cwnd":	18824,
					"snd_wnd":	1992704,
					"rtt":	28205,
					"rttvar":	470,
					"pmtu":	1500,
					"omitted":	false,
					"sender":	true
				}],
			"sum":	{
				"start":	5.000912,
				"end":	6.000592,
				"seconds":	0.999679982662201,
				"bytes":	847080,
				"bits_per_second":	6778809.33651732,
				"retransmits":	6,
				"omitted":	false,
				"sender":	true
			}
		}, {
			"streams":	[{
					"socket":	6,
					"start":	6.000592,
					"end":	7.000282,
					"seconds":	0.99968999624252319,
					"bytes":	847080,
					"bits_per_second":	6778741.4353159117,
					"retransmits":	4,
					"snd_cwnd":	27512,
					"snd_wnd":	1992704,
					"rtt":	27259,
					"rttvar":	773,
					"pmtu":	1500,
					"omitted":	false,
					"sender":	true
				}],
			"sum":	{
				"start":	6.000592,
				"end":	7.000282,
				"seconds":	0.99968999624252319,
				"bytes":	847080,
				"bits_per_second":	6778741.4353159117,
				"retransmits":	4,
				"omitted":	false,
				"sender":	true
			}
		}, {
			"streams":	[{
					"socket":	6,
					"start":	7.000282,
					"end":	8.000237,
					"seconds":	0.99995499849319458,
					"bytes":	847080,
					"bits_per_second":	6776944.97273531,
					"retransmits":	4,
					"snd_cwnd":	30408,
					"snd_wnd":	1992704,
					"rtt":	28024,
					"rttvar":	947,
					"pmtu":	1500,
					"omitted":	false,
					"sender":	true
				}],
			"sum":	{
				"start":	7.000282,
				"end":	8.000237,
				"seconds":	0.99995499849319458,
				"bytes":	847080,
				"bits_per_second":	6776944.97273531,
				"retransmits":	4,
				"omitted":	false,
				"sender":	true
			}
		}, {
			"streams":	[{
					"socket":	6,
					"start":	8.000237,
					"end":	9.00037,
					"seconds":	1.0001330375671387,
					"bytes":	847080,
					"bits_per_second":	6775738.5722247837,
					"retransmits":	6,
					"snd_cwnd":	24616,
					"snd_wnd":	1992704,
					"rtt":	28034,
					"rttvar":	1697,
					"pmtu":	1500,
					"omitted":	false,
					"sender":	true
				}],
			"sum":	{
				"start":	8.000237,
				"end":	9.00037,
				"seconds":	1.0001330375671387,
				"bytes":	847080,
				"bits_per_second":	6775738.5722247837,
				"retransmits":	6,
				"omitted":	false,
				"sender":	true
			}
		}, {
			"streams":	[{
					"socket":	6,
					"start":	9.00037,
					"end":	10.000264,
					"seconds":	0.99989402294158936,
					"bytes":	847080,
					"bits_per_second":	6777358.2444905462,
					"retransmits":	7,
					"snd_cwnd":	20272,
					"snd_wnd":	1992704,
					"rtt":	28621,
					"rttvar":	1138,
					"pmtu":	1500,
					"omitted":	false,
					"sender":	true
				}],
			"sum":	{
				"start":	9.00037,
				"end":	10.000264,
				"seconds":	0.99989402294158936,
				"bytes":	847080,
				"bits_per_second":	6777358.2444905462,
				"retransmits":	7,
				"omitted":	false,
				"sender":	true
			}
		}],
	"end":	{
		"streams":	[{
				"sender":	{
					"socket":	6,
					"start":	0,
					"end":	10.000264,
					"seconds":	10.000264,
					"bytes":	11725904,
					"bits_per_second":	9380475.5554453358,
					"retransmits":	304,
					"max_snd_cwnd":	40544,
					"max_snd_wnd":	1994880,
					"max_rtt":	28886,
					"min_rtt":	26548,
					"mean_rtt":	28055,
					"sender":	true
				},
				"receiver":	{
					"socket":	6,
					"start":	0,
					"end":	10.025724,
					"seconds":	10.000264,
					"bytes":	9482952,
					"bits_per_second":	7566896.5154037755,
					"sender":	true
				}
			}],
		"sum_sent":	{
			"start":	0,
			"end":	10.000264,
			"seconds":	10.000264,
			"bytes":	11725904,
			"bits_per_second":	9380475.5554453358,
			"retransmits":	304,
			"sender":	true
		},
		"sum_received":	{
			"start":	0,
			"end":	10.025724,
			"seconds":	10.025724,
			"bytes":	9482952,
			"bits_per_second":	7566896.5154037755,
			"sender":	true
		},
		"cpu_utilization_percent":	{
			"host_total":	0.27714095471123784,
			"host_user":	0.021106073064631508,
			"host_system":	0.25604478130564223,
			"remote_total":	0.61996464497907533,
			"remote_user":	0.050290587231876217,
			"remote_system":	0.569684032080248
		},
		"sender_tcp_congestion":	"cubic",
		"receiver_tcp_congestion":	"cubic"
	}
}
