{
	"start":	{
		"connected":	[{
				"socket":	6,
				"local_host":	"192.168.101.210",
				"local_port":	58160,
				"remote_host":	"192.168.100.168",
				"remote_port":	5202
			}],
		"version":	"iperf 3.11",
		"system_info":	"Linux f1 6.0.10-300.fc37.x86_64 #1 SMP PREEMPT_DYNAMIC Sat Nov 26 16:55:13 UTC 2022 x86_64",
		"timestamp":	{
			"time":	"Fri, 09 Dec 2022 22:49:24 GMT",
			"timesecs":	1670626164
		},
		"connecting_to":	{
			"host":	"192.168.100.168",
			"port":	5202
		},
		"cookie":	"zwsfkgi4wsflmqj5uwsj7lyq4cdvxscbqzsf",
		"tcp_mss_default":	1448,
		"target_bitrate":	0,
		"sock_bufsize":	0,
		"sndbuf_actual":	16384,
		"rcvbuf_actual":	131072,
		"test_start":	{
			"protocol":	"TCP",
			"num_streams":	1,
			"blksize":	131072,
			"omit":	0,
			"duration":	10,
			"bytes":	0,
			"blocks":	0,
			"reverse":	0,
			"tos":	0,
			"target_bitrate":	0
		}
	},
	"intervals":	[{
			"streams":	[{
					"socket":	6,
					"start":	0,
					"end":	1.000088,
					"seconds":	1.0000879764556885,
					"bytes":	1178672,
					"bits_per_second":	9428546.5098957662,
					"retransmits":	0,
					"snd_cwnd":	66608,
					"snd_wnd":	316288,
					"rtt":	134812,
					"rttvar":	2198,
					"pmtu":	1500,
					"omitted":	false,
					"sender":	true
				}],
			"sum":	{
				"start":	0,
				"end":	1.000088,
				"seconds":	1.0000879764556885,
				"bytes":	1178672,
				"bits_per_second":	9428546.5098957662,
				"retransmits":	0,
				"omitted":	false,
				"sender":	true
			}
		}, {
			"streams":	[{
					"socket":	6,
					"start":	1.000088,
					"end":	2.000471,
					"seconds":	1.0003830194473267,
					"bytes":	260640,
					"bits_per_second":	2084321.6642681011,
					"retransmits":	0,
					"snd_cwnd":	43440,
					"snd_wnd":	316288,
					"rtt":	145774,
					"rttvar":	2236,
					"pmtu":	1500,
					"omitted":	false,
					"sender":	true
				}],
			"sum":	{
				"start":	1.000088,
				"end":	2.000471,
				"seconds":	1.0003830194473267,
				"bytes":	260640,
				"bits_per_second":	2084321.6642681011,
				"retransmits":	0,
				"omitted":	false,
				"sender":	true
			}
		}, {
			"streams":	[{
					"socket":	6,
					"start":	2.000471,
					"end":	3.000622,
					"seconds":	1.0001510381698608,
					"bytes":	260640,
					"bits_per_second":	2084805.1148509365,
					"retransmits":	0,
					"snd_cwnd":	40544,
					"snd_wnd":	316288,
					"rtt":	179875,
					"rttvar":	3004,
					"pmtu":	1500,
					"omitted":	false,
					"sender":	true
				}],
			"sum":	{
				"start":	2.000471,
				"end":	3.000622,
				"seconds":	1.0001510381698608,
				"bytes":	260640,
				"bits_per_second":	2084805.1148509365,
				"retransmits":	0,
				"omitted":	false,
				"sender":	true
			}
		}, {
			"streams":	[{
					"socket":	6,
					"start":	3.000622,
					"end":	4.000447,
					"seconds":	0.99982500076293945,
					"bytes":	260640,
					"bits_per_second":	2085484.9582765996,
					"retransmits":	0,
					"snd_cwnd":	31856,
					"snd_wnd":	316288,
					"rtt":	211229,
					"rttvar":	6547,
					"pmtu":	1500,
					"omitted":	false,
					"sender":	true
				}],
			"sum":	{
				"start":	3.000622,
				"end":	4.000447,
				"seconds":	0.99982500076293945,
				"bytes":	260640,
				"bits_per_second":	2085484.9582765996,
				"retransmits":	0,
				"omitted":	false,
				"sender":	true
			}
		}, {
			"streams":	[{
					"socket":	6,
					"start":	4.000447,
					"end":	5.001038,
					"seconds":	1.0005910396575928,
					"bytes":	0,
					"bits_per_second":	0,
					"retransmits":	0,
					"snd_cwnd":	31856,
					"snd_wnd":	316288,
					"rtt":	251453,
					"rttvar":	6890,
					"pmtu":	1500,
					"omitted":	false,
					"sender":	true
				}],
			"sum":	{
				"start":	4.000447,
				"end":	5.001038,
				"seconds":	1.0005910396575928,
				"bytes":	0,
				"bits_per_second":	0,
				"retransmits":	0,
				"omitted":	false,
				"sender":	true
			}
		}, {
			"streams":	[{
					"socket":	6,
					"start":	5.001038,
					"end":	6.00029,
					"seconds":	0.99925202131271362,
					"bytes":	260640,
					"bits_per_second":	2086680.7927601545,
					"retransmits":	0,
					"snd_cwnd":	17376,
					"snd_wnd":	316288,
					"rtt":	288415,
					"rttvar":	10193,
					"pmtu":	1500,
					"omitted":	false,
					"sender":	true
				}],
			"sum":	{
				"start":	5.001038,
				"end":	6.00029,
				"seconds":	0.99925202131271362,
				"bytes":	260640,
				"bits_per_second":	2086680.7927601545,
				"retransmits":	0,
				"omitted":	false,
				"sender":	true
			}
		}, {
			"streams":	[{
					"socket":	6,
					"start":	6.00029,
					"end":	7.001034,
					"seconds":	1.0007439851760864,
					"bytes":	0,
					"bits_per_second":	0,
					"retransmits":	0,
					"snd_cwnd":	20272,
					"snd_wnd":	316416,
					"rtt":	331315,
					"rttvar":	20191,
					"pmtu":	1500,
					"omitted":	false,
					"sender":	true
				}],
			"sum":	{
				"start":	6.00029,
				"end":	7.001034,
				"seconds":	1.0007439851760864,
				"bytes":	0,
				"bits_per_second":	0,
				"retransmits":	0,
				"omitted":	false,
				"sender":	true
			}
		}, {
			"streams":	[{
					"socket":	6,
					"start":	7.001034,
					"end":	8.001033,
					"seconds":	0.99999898672103882,
					"bytes":	0,
					"bits_per_second":	0,
					"retransmits":	0,
					"snd_cwnd":	20272,
					"snd_wnd":	316416,
					"rtt":	372988,
					"rttvar":	16559,
					"pmtu":	1500,
					"omitted":	false,
					"sender":	true
				}],
			"sum":	{
				"start":	7.001034,
				"end":	8.001033,
				"seconds":	0.99999898672103882,
				"bytes":	0,
				"bits_per_second":	0,
				"retransmits":	0,
				"omitted":	false,
				"sender":	true
			}
		}, {
			"streams":	[{
					"socket":	6,
					"start":	8.001033,
					"end":	9.001037,
					"seconds":	1.0000040531158447,
					"bytes":	0,
					"bits_per_second":	0,
					"retransmits":	0,
					"snd_cwnd":	20272,
					"snd_wnd":	316416,
					"rtt":	413834,
					"rttvar":	24137,
					"pmtu":	1500,
					"omitted":	false,
					"sender":	true
				}],
			"sum":	{
				"start":	8.001033,
				"end":	9.001037,
				"seconds":	1.0000040531158447,
				"bytes":	0,
				"bits_per_second":	0,
				"retransmits":	0,
				"omitted":	false,
				"sender":	true
			}
		}, {
			"streams":	[{
					"socket":	6,
					"start":	9.001037,
					"end":	10.001031,
					"seconds":	0.99999397993087769,
					"bytes":	0,
					"bits_per_second":	0,
					"retransmits":	0,
					"snd_cwnd":	17376,
					"snd_wnd":	316416,
					"rtt":	458798,
					"rttvar":	16735,
					"pmtu":	1500,
					"omitted":	false,
					"sender":	true
				}],
			"sum":	{
				"start":	9.001037,
				"end":	10.001031,
				"seconds":	0.99999397993087769,
				"bytes":	0,
				"bits_per_second":	0,
				"retransmits":	0,
				"omitted":	false,
				"sender":	true
			}
		}],
	"end":	{
		"streams":	[{
				"sender":	{
					"socket":	6,
					"start":	0,
					"end":	10.001031,
					"seconds":	10.001031,
					"bytes":	2221232,
					"bits_per_second":	1776802.4116713568,
					"retransmits":	0,
					"max_snd_cwnd":	66608,
					"max_snd_wnd":	316416,
					"max_rtt":	458798,
					"min_rtt":	134812,
					"mean_rtt":	278849,
					"sender":	true
				},
				"receiver":	{
					"socket":	6,
					"start":	0,
					"end":	10.50206,
					"seconds":	10.001031,
					"bytes":	1741944,
					"bits_per_second":	1326935.096542964,
					"sender":	true
				}
			}],
		"sum_sent":	{
			"start":	0,
			"end":	10.001031,
			"seconds":	10.001031,
			"bytes":	2221232,
			"bits_per_second":	1776802.4116713568,
			"retransmits":	0,
			"sender":	true
		},
		"sum_received":	{
			"start":	0,
			"end":	10.50206,
			"seconds":	10.50206,
			"bytes":	1741944,
			"bits_per_second":	1326935.096542964,
			"sender":	true
		},
		"cpu_utilization_percent":	{
			"host_total":	0.26697197358511782,
			"host_user":	0.082793978015051,
			"host_system":	0.18416809672047152,
			"remote_total":	0.19459009818630144,
			"remote_user":	0.00903630863078881,
			"remote_system":	0.18554426762860982
		},
		"sender_tcp_congestion":	"bbr",
		"receiver_tcp_congestion":	"bbr"
	}
}
