{
	"start":	{
		"connected":	[{
				"socket":	6,
				"local_host":	"192.168.101.210",
				"local_port":	52264,
				"remote_host":	"192.168.100.168",
				"remote_port":	5202
			}],
		"version":	"iperf 3.11",
		"system_info":	"Linux f1 6.0.10-300.fc37.x86_64 #1 SMP PREEMPT_DYNAMIC Sat Nov 26 16:55:13 UTC 2022 x86_64",
		"timestamp":	{
			"time":	"Fri, 09 Dec 2022 23:15:33 GMT",
			"timesecs":	1670627733
		},
		"connecting_to":	{
			"host":	"192.168.100.168",
			"port":	5202
		},
		"cookie":	"p367wymogyzuiisquecdjeooryduvxhndt4a",
		"tcp_mss_default":	1448,
		"target_bitrate":	0,
		"sock_bufsize":	0,
		"sndbuf_actual":	16384,
		"rcvbuf_actual":	131072,
		"test_start":	{
			"protocol":	"TCP",
			"num_streams":	1,
			"blksize":	131072,
			"omit":	0,
			"duration":	10,
			"bytes":	0,
			"blocks":	0,
			"reverse":	0,
			"tos":	0,
			"target_bitrate":	0
		}
	},
	"intervals":	[{
			"streams":	[{
					"socket":	6,
					"start":	0,
					"end":	1.00007,
					"seconds":	1.0000699758529663,
					"bytes":	6946816,
					"bits_per_second":	55570639.3971083,
					"retransmits":	189,
					"snd_cwnd":	1303200,
					"snd_wnd":	3060480,
					"rtt":	154120,
					"rttvar":	216,
					"pmtu":	1500,
					"omitted":	false,
					"sender":	true
				}],
			"sum":	{
				"start":	0,
				"end":	1.00007,
				"seconds":	1.0000699758529663,
				"bytes":	6946816,
				"bits_per_second":	55570639.3971083,
				"retransmits":	189,
				"omitted":	false,
				"sender":	true
			}
		}, {
			"streams":	[{
					"socket":	6,
					"start":	1.00007,
					"end":	2.000119,
					"seconds":	1.0000489950180054,
					"bytes":	5242880,
					"bits_per_second":	41940985.10067983,
					"retransmits":	274,
					"snd_cwnd":	1198944,
					"snd_wnd":	3145728,
					"rtt":	124404,
					"rttvar":	252,
					"pmtu":	1500,
					"omitted":	false,
					"sender":	true
				}],
			"sum":	{
				"start":	1.00007,
				"end":	2.000119,
				"seconds":	1.0000489950180054,
				"bytes":	5242880,
				"bits_per_second":	41940985.10067983,
				"retransmits":	274,
				"omitted":	false,
				"sender":	true
			}
		}, {
			"streams":	[{
					"socket":	6,
					"start":	2.000119,
					"end":	3.000078,
					"seconds":	0.99995899200439453,
					"bytes":	6553600,
					"bits_per_second":	52430950.0881708,
					"retransmits":	0,
					"snd_cwnd":	1042560,
					"snd_wnd":	3145728,
					"rtt":	141197,
					"rttvar":	394,
					"pmtu":	1500,
					"omitted":	false,
					"sender":	true
				}],
			"sum":	{
				"start":	2.000119,
				"end":	3.000078,
				"seconds":	0.99995899200439453,
				"bytes":	6553600,
				"bits_per_second":	52430950.0881708,
				"retransmits":	0,
				"omitted":	false,
				"sender":	true
			}
		}, {
			"streams":	[{
					"socket":	6,
					"start":	3.000078,
					"end":	4.000233,
					"seconds":	1.000154972076416,
					"bytes":	5242880,
					"bits_per_second":	41936541.007162414,
					"retransmits":	10,
					"snd_cwnd":	938304,
					"snd_wnd":	3145728,
					"rtt":	148710,
					"rttvar":	1018,
					"pmtu":	1500,
					"omitted":	false,
					"sender":	true
				}],
			"sum":	{
				"start":	3.000078,
				"end":	4.000233,
				"seconds":	1.000154972076416,
				"bytes":	5242880,
				"bits_per_second":	41936541.007162414,
				"retransmits":	10,
				"omitted":	false,
				"sender":	true
			}
		}, {
			"streams":	[{
					"socket":	6,
					"start":	4.000233,
					"end":	5.000075,
					"seconds":	0.99984198808670044,
					"bytes":	7864320,
					"bits_per_second":	62924502.821084186,
					"retransmits":	0,
					"snd_cwnd":	1236592,
					"snd_wnd":	3145728,
					"rtt":	127088,
					"rttvar":	286,
					"pmtu":	1500,
					"omitted":	false,
					"sender":	true
				}],
			"sum":	{
				"start":	4.000233,
				"end":	5.000075,
				"seconds":	0.99984198808670044,
				"bytes":	7864320,
				"bits_per_second":	62924502.821084186,
				"retransmits":	0,
				"omitted":	false,
				"sender":	true
			}
		}, {
			"streams":	[{
					"socket":	6,
					"start":	5.000075,
					"end":	6.000183,
					"seconds":	1.000108003616333,
					"bytes":	6553600,
					"bits_per_second":	52423138.111504436,
					"retransmits":	0,
					"snd_cwnd":	1204736,
					"snd_wnd":	3145728,
					"rtt":	143646,
					"rttvar":	62,
					"pmtu":	1500,
					"omitted":	false,
					"sender":	true
				}],
			"sum":	{
				"start":	5.000075,
				"end":	6.000183,
				"seconds":	1.000108003616333,
				"bytes":	6553600,
				"bits_per_second":	52423138.111504436,
				"retransmits":	0,
				"omitted":	false,
				"sender":	true
			}
		}, {
			"streams":	[{
					"socket":	6,
					"start":	6.000183,
					"end":	7.000148,
					"seconds":	0.999965012073517,
					"bytes":	7864320,
					"bits_per_second":	62916761.32701987,
					"retransmits":	12,
					"snd_cwnd":	1366912,
					"snd_wnd":	3145728,
					"rtt":	113544,
					"rttvar":	132,
					"pmtu":	1500,
					"omitted":	false,
					"sender":	true
				}],
			"sum":	{
				"start":	6.000183,
				"end":	7.000148,
				"seconds":	0.999965012073517,
				"bytes":	7864320,
				"bits_per_second":	62916761.32701987,
				"retransmits":	12,
				"omitted":	false,
				"sender":	true
			}
		}, {
			"streams":	[{
					"socket":	6,
					"start":	7.000148,
					"end":	8.000143,
					"seconds":	0.999994993209839,
					"bytes":	7864320,
					"bits_per_second":	62914875.001577146,
					"retransmits":	0,
					"snd_cwnd":	1288720,
					"snd_wnd":	3145728,
					"rtt":	135447,
					"rttvar":	113,
					"pmtu":	1500,
					"omitted":	false,
					"sender":	true
				}],
			"sum":	{
				"start":	7.000148,
				"end":	8.000143,
				"seconds":	0.999994993209839,
				"bytes":	7864320,
				"bits_per_second":	62914875.001577146,
				"retransmits":	0,
				"omitted":	false,
				"sender":	true
			}
		}, {
			"streams":	[{
					"socket":	6,
					"start":	8.000143,
					"end":	9.000178,
					"seconds":	1.0000350475311279,
					"bytes":	7864320,
					"bits_per_second":	62912355.0772771,
					"retransmits":	0,
					"snd_cwnd":	1317680,
					"snd_wnd":	3145728,
					"rtt":	145979,
					"rttvar":	89,
					"pmtu":	1500,
					"omitted":	false,
					"sender":	true
				}],
			"sum":	{
				"start":	8.000143,
				"end":	9.000178,
				"seconds":	1.0000350475311279,
				"bytes":	7864320,
				"bits_per_second":	62912355.0772771,
				"retransmits":	0,
				"omitted":	false,
				"sender":	true
			}
		}, {
			"streams":	[{
					"socket":	6,
					"start":	9.000178,
					"end":	10.000223,
					"seconds":	1.0000449419021606,
					"bytes":	7864320,
					"bits_per_second":	62911732.627067521,
					"retransmits":	38,
					"snd_cwnd":	1133784,
					"snd_wnd":	3145728,
					"rtt":	152273,
					"rttvar":	926,
					"pmtu":	1500,
					"omitted":	false,
					"sender":	true
				}],
			"sum":	{
				"start":	9.000178,
				"end":	10.000223,
				"seconds":	1.0000449419021606,
				"bytes":	7864320,
				"bits_per_second":	62911732.627067521,
				"retransmits":	38,
				"omitted":	false,
				"sender":	true
			}
		}],
	"end":	{
		"streams":	[{
				"sender":	{
					"socket":	6,
					"start":	0,
					"end":	10.000223,
					"seconds":	10.000223,
					"bytes":	69861376,
					"bits_per_second":	55887854.500844628,
					"retransmits":	523,
					"max_snd_cwnd":	1366912,
					"max_snd_wnd":	3145728,
					"max_rtt":	154120,
					"min_rtt":	113544,
					"mean_rtt":	138640,
					"sender":	true
				},
				"receiver":	{
					"socket":	6,
					"start":	0,
					"end":	10.13421,
					"seconds":	10.000223,
					"bytes":	68541080,
					"bits_per_second":	54106698.00606066,
					"sender":	true
				}
			}],
		"sum_sent":	{
			"start":	0,
			"end":	10.000223,
			"seconds":	10.000223,
			"bytes":	69861376,
			"bits_per_second":	55887854.500844628,
			"retransmits":	523,
			"sender":	true
		},
		"sum_received":	{
			"start":	0,
			"end":	10.13421,
			"seconds":	10.13421,
			"bytes":	68541080,
			"bits_per_second":	54106698.00606066,
			"sender":	true
		},
		"cpu_utilization_percent":	{
			"host_total":	0.81615370046918456,
			"host_user":	0.121196048222534,
			"host_system":	0.69495765224665051,
			"remote_total":	1.9994420886763242,
			"remote_user":	0.228571947322672,
			"remote_system":	1.7708701413536525
		},
		"sender_tcp_congestion":	"bbr",
		"receiver_tcp_congestion":	"bbr"
	}
}
