{
	"start":	{
		"connected":	[{
				"socket":	6,
				"local_host":	"192.168.101.210",
				"local_port":	46860,
				"remote_host":	"192.168.100.168",
				"remote_port":	5202
			}],
		"version":	"iperf 3.11",
		"system_info":	"Linux f1 6.0.10-300.fc37.x86_64 #1 SMP PREEMPT_DYNAMIC Sat Nov 26 16:55:13 UTC 2022 x86_64",
		"timestamp":	{
			"time":	"Fri, 09 Dec 2022 23:12:38 GMT",
			"timesecs":	1670627558
		},
		"connecting_to":	{
			"host":	"192.168.100.168",
			"port":	5202
		},
		"cookie":	"omp2tmilwv7hhawpbchphchwwqno772b3wkm",
		"tcp_mss_default":	1448,
		"target_bitrate":	0,
		"sock_bufsize":	0,
		"sndbuf_actual":	16384,
		"rcvbuf_actual":	131072,
		"test_start":	{
			"protocol":	"TCP",
			"num_streams":	1,
			"blksize":	131072,
			"omit":	0,
			"duration":	10,
			"bytes":	0,
			"blocks":	0,
			"reverse":	0,
			"tos":	0,
			"target_bitrate":	0
		}
	},
	"intervals":	[{
			"streams":	[{
					"socket":	6,
					"start":	0,
					"end":	1.000125,
					"seconds":	1.0001250505447388,
					"bytes":	11142360,
					"bits_per_second":	89127734.5282459,
					"retransmits":	384,
					"snd_cwnd":	172312,
					"snd_wnd":	2473856,
					"rtt":	17421,
					"rttvar":	846,
					"pmtu":	1500,
					"omitted":	false,
					"sender":	true
				}],
			"sum":	{
				"start":	0,
				"end":	1.000125,
				"seconds":	1.0001250505447388,
				"bytes":	11142360,
				"bits_per_second":	89127734.5282459,
				"retransmits":	384,
				"omitted":	false,
				"sender":	true
			}
		}, {
			"streams":	[{
					"socket":	6,
					"start":	1.000125,
					"end":	2.000075,
					"seconds":	0.99994999170303345,
					"bytes":	10490760,
					"bits_per_second":	83930277.2102272,
					"retransmits":	165,
					"snd_cwnd":	249056,
					"snd_wnd":	2467328,
					"rtt":	17755,
					"rttvar":	192,
					"pmtu":	1500,
					"omitted":	false,
					"sender":	true
				}],
			"sum":	{
				"start":	1.000125,
				"end":	2.000075,
				"seconds":	0.99994999170303345,
				"bytes":	10490760,
				"bits_per_second":	83930277.2102272,
				"retransmits":	165,
				"omitted":	false,
				"sender":	true
			}
		}, {
			"streams":	[{
					"socket":	6,
					"start":	2.000075,
					"end":	3.000116,
					"seconds":	1.0000410079956055,
					"bytes":	9383040,
					"bits_per_second":	75061241.8889225,
					"retransmits":	164,
					"snd_cwnd":	198376,
					"snd_wnd":	2473856,
					"rtt":	17468,
					"rttvar":	302,
					"pmtu":	1500,
					"omitted":	false,
					"sender":	true
				}],
			"sum":	{
				"start":	2.000075,
				"end":	3.000116,
				"seconds":	1.0000410079956055,
				"bytes":	9383040,
				"bits_per_second":	75061241.8889225,
				"retransmits":	164,
				"omitted":	false,
				"sender":	true
			}
		}, {
			"streams":	[{
					"socket":	6,
					"start":	3.000116,
					"end":	4.000075,
					"seconds":	0.99995899200439453,
					"bytes":	9708840,
					"bits_per_second":	77673905.2511652,
					"retransmits":	178,
					"snd_cwnd":	249056,
					"snd_wnd":	2473856,
					"rtt":	16919,
					"rttvar":	322,
					"pmtu":	1500,
					"omitted":	false,
					"sender":	true
				}],
			"sum":	{
				"start":	3.000116,
				"end":	4.000075,
				"seconds":	0.99995899200439453,
				"bytes":	9708840,
				"bits_per_second":	77673905.2511652,
				"retransmits":	178,
				"omitted":	false,
				"sender":	true
			}
		}, {
			"streams":	[{
					"socket":	6,
					"start":	4.000075,
					"end":	5.00013,
					"seconds":	1.0000549554824829,
					"bytes":	8535960,
					"bits_per_second":	68283927.4238226,
					"retransmits":	165,
					"snd_cwnd":	254848,
					"snd_wnd":	2473856,
					"rtt":	14162,
					"rttvar":	162,
					"pmtu":	1500,
					"omitted":	false,
					"sender":	true
				}],
			"sum":	{
				"start":	4.000075,
				"end":	5.00013,
				"seconds":	1.0000549554824829,
				"bytes":	8535960,
				"bits_per_second":	68283927.4238226,
				"retransmits":	165,
				"omitted":	false,
				"sender":	true
			}
		}, {
			"streams":	[{
					"socket":	6,
					"start":	5.00013,
					"end":	6.000079,
					"seconds":	0.99994897842407227,
					"bytes":	10425600,
					"bits_per_second":	83409055.6614665,
					"retransmits":	141,
					"snd_cwnd":	266432,
					"snd_wnd":	2473856,
					"rtt":	15038,
					"rttvar":	234,
					"pmtu":	1500,
					"omitted":	false,
					"sender":	true
				}],
			"sum":	{
				"start":	5.00013,
				"end":	6.000079,
				"seconds":	0.99994897842407227,
				"bytes":	10425600,
				"bits_per_second":	83409055.6614665,
				"retransmits":	141,
				"omitted":	false,
				"sender":	true
			}
		}, {
			"streams":	[{
					"socket":	6,
					"start":	6.000079,
					"end":	7.000083,
					"seconds":	1.0000040531158447,
					"bytes":	10490760,
					"bits_per_second":	83925739.8392541,
					"retransmits":	195,
					"snd_cwnd":	251952,
					"snd_wnd":	2473856,
					"rtt":	16008,
					"rttvar":	395,
					"pmtu":	1500,
					"omitted":	false,
					"sender":	true
				}],
			"sum":	{
				"start":	6.000079,
				"end":	7.000083,
				"seconds":	1.0000040531158447,
				"bytes":	10490760,
				"bits_per_second":	83925739.8392541,
				"retransmits":	195,
				"omitted":	false,
				"sender":	true
			}
		}, {
			"streams":	[{
					"socket":	6,
					"start":	7.000083,
					"end":	8.000074,
					"seconds":	0.999990999698639,
					"bytes":	9513360,
					"bits_per_second":	76107564.9910208,
					"retransmits":	185,
					"snd_cwnd":	251952,
					"snd_wnd":	2473856,
					"rtt":	15784,
					"rttvar":	551,
					"pmtu":	1500,
					"omitted":	false,
					"sender":	true
				}],
			"sum":	{
				"start":	7.000083,
				"end":	8.000074,
				"seconds":	0.999990999698639,
				"bytes":	9513360,
				"bits_per_second":	76107564.9910208,
				"retransmits":	185,
				"omitted":	false,
				"sender":	true
			}
		}, {
			"streams":	[{
					"socket":	6,
					"start":	8.000074,
					"end":	9.000082,
					"seconds":	1.0000079870224,
					"bytes":	9643680,
					"bits_per_second":	77148823.8106161,
					"retransmits":	169,
					"snd_cwnd":	159280,
					"snd_wnd":	2473856,
					"rtt":	17134,
					"rttvar":	438,
					"pmtu":	1500,
					"omitted":	false,
					"sender":	true
				}],
			"sum":	{
				"start":	8.000074,
				"end":	9.000082,
				"seconds":	1.0000079870224,
				"bytes":	9643680,
				"bits_per_second":	77148823.8106161,
				"retransmits":	169,
				"omitted":	false,
				"sender":	true
			}
		}, {
			"streams":	[{
					"socket":	6,
					"start":	9.000082,
					"end":	10.000122,
					"seconds":	1.0000400543212891,
					"bytes":	9513360,
					"bits_per_second":	76103831.712673247,
					"retransmits":	111,
					"snd_cwnd":	269328,
					"snd_wnd":	2473856,
					"rtt":	15838,
					"rttvar":	412,
					"pmtu":	1500,
					"omitted":	false,
					"sender":	true
				}],
			"sum":	{
				"start":	9.000082,
				"end":	10.000122,
				"seconds":	1.0000400543212891,
				"bytes":	9513360,
				"bits_per_second":	76103831.712673247,
				"retransmits":	111,
				"omitted":	false,
				"sender":	true
			}
		}],
	"end":	{
		"streams":	[{
				"sender":	{
					"socket":	6,
					"start":	0,
					"end":	10.000122,
					"seconds":	10.000122,
					"bytes":	98847720,
					"bits_per_second":	79077211.258022651,
					"retransmits":	1857,
					"max_snd_cwnd":	269328,
					"max_snd_wnd":	2473856,
					"max_rtt":	17755,
					"min_rtt":	14162,
					"mean_rtt":	16352,
					"sender":	true
				},
				"receiver":	{
					"socket":	6,
					"start":	0,
					"end":	10.013797,
					"seconds":	10.000122,
					"bytes":	96823416,
					"bits_per_second":	77352010.231483623,
					"sender":	true
				}
			}],
		"sum_sent":	{
			"start":	0,
			"end":	10.000122,
			"seconds":	10.000122,
			"bytes":	98847720,
			"bits_per_second":	79077211.258022651,
			"retransmits":	1857,
			"sender":	true
		},
		"sum_received":	{
			"start":	0,
			"end":	10.013797,
			"seconds":	10.013797,
			"bytes":	96823416,
			"bits_per_second":	77352010.231483623,
			"sender":	true
		},
		"cpu_utilization_percent":	{
			"host_total":	0.323393479428219,
			"host_user":	0.019867889984273,
			"host_system":	0.30351563060184866,
			"remote_total":	1.9314328843300286,
			"remote_user":	0.17631652451130234,
			"remote_system":	1.7551163598187263
		},
		"sender_tcp_congestion":	"bbr",
		"receiver_tcp_congestion":	"bbr"
	}
}
