{
	"start":	{
		"connected":	[{
				"socket":	6,
				"local_host":	"192.168.101.210",
				"local_port":	50586,
				"remote_host":	"192.168.100.168",
				"remote_port":	5201
			}],
		"version":	"iperf 3.11",
		"system_info":	"Linux f1 6.0.10-300.fc37.x86_64 #1 SMP PREEMPT_DYNAMIC Sat Nov 26 16:55:13 UTC 2022 x86_64",
		"timestamp":	{
			"time":	"Fri, 09 Dec 2022 23:12:59 GMT",
			"timesecs":	1670627579
		},
		"connecting_to":	{
			"host":	"192.168.100.168",
			"port":	5201
		},
		"cookie":	"htigpfsvfydqtv2gjz4j3uzwm7ijzfy5uwrj",
		"tcp_mss_default":	1448,
		"target_bitrate":	0,
		"sock_bufsize":	0,
		"sndbuf_actual":	16384,
		"rcvbuf_actual":	131072,
		"test_start":	{
			"protocol":	"TCP",
			"num_streams":	1,
			"blksize":	131072,
			"omit":	0,
			"duration":	10,
			"bytes":	0,
			"blocks":	0,
			"reverse":	0,
			"tos":	0,
			"target_bitrate":	0
		}
	},
	"intervals":	[{
			"streams":	[{
					"socket":	6,
					"start":	0,
					"end":	1.000171,
					"seconds":	1.0001709461212158,
					"bytes":	11796480,
					"bits_per_second":	94355710.257316947,
					"retransmits":	0,
					"snd_cwnd":	1138128,
					"snd_wnd":	3143552,
					"rtt":	110768,
					"rttvar":	322,
					"pmtu":	1500,
					"omitted":	false,
					"sender":	true
				}],
			"sum":	{
				"start":	0,
				"end":	1.000171,
				"seconds":	1.0001709461212158,
				"bytes":	11796480,
				"bits_per_second":	94355710.257316947,
				"retransmits":	0,
				"omitted":	false,
				"sender":	true
			}
		}, {
			"streams":	[{
					"socket":	6,
					"start":	1.000171,
					"end":	2.000075,
					"seconds":	0.999903976917267,
					"bytes":	11796480,
					"bits_per_second":	94380902.745232731,
					"retransmits":	0,
					"snd_cwnd":	1692712,
					"snd_wnd":	3143552,
					"rtt":	140586,
					"rttvar":	235,
					"pmtu":	1500,
					"omitted":	false,
					"sender":	true
				}],
			"sum":	{
				"start":	1.000171,
				"end":	2.000075,
				"seconds":	0.999903976917267,
				"bytes":	11796480,
				"bits_per_second":	94380902.745232731,
				"retransmits":	0,
				"omitted":	false,
				"sender":	true
			}
		}, {
			"streams":	[{
					"socket":	6,
					"start":	2.000075,
					"end":	3.000077,
					"seconds":	1.0000020265579224,
					"bytes":	11796480,
					"bits_per_second":	94371648.7503876,
					"retransmits":	0,
					"snd_cwnd":	2270464,
					"snd_wnd":	3143552,
					"rtt":	183727,
					"rttvar":	295,
					"pmtu":	1500,
					"omitted":	false,
					"sender":	true
				}],
			"sum":	{
				"start":	2.000075,
				"end":	3.000077,
				"seconds":	1.0000020265579224,
				"bytes":	11796480,
				"bits_per_second":	94371648.7503876,
				"retransmits":	0,
				"omitted":	false,
				"sender":	true
			}
		}, {
			"streams":	[{
					"socket":	6,
					"start":	3.000077,
					"end":	4.000074,
					"seconds":	0.99999701976776123,
					"bytes":	11796480,
					"bits_per_second":	94372121.2508382,
					"retransmits":	0,
					"snd_cwnd":	2859800,
					"snd_wnd":	3143552,
					"rtt":	227426,
					"rttvar":	2570,
					"pmtu":	1500,
					"omitted":	false,
					"sender":	true
				}],
			"sum":	{
				"start":	3.000077,
				"end":	4.000074,
				"seconds":	0.99999701976776123,
				"bytes":	11796480,
				"bits_per_second":	94372121.2508382,
				"retransmits":	0,
				"omitted":	false,
				"sender":	true
			}
		}, {
			"streams":	[{
					"socket":	6,
					"start":	4.000074,
					"end":	5.000082,
					"seconds":	1.0000079870224,
					"bytes":	11796480,
					"bits_per_second":	94371086.256020173,
					"retransmits":	0,
					"snd_cwnd":	3310128,
					"snd_wnd":	3143552,
					"rtt":	234972,
					"rttvar":	4286,
					"pmtu":	1500,
					"omitted":	false,
					"sender":	true
				}],
			"sum":	{
				"start":	4.000074,
				"end":	5.000082,
				"seconds":	1.0000079870224,
				"bytes":	11796480,
				"bits_per_second":	94371086.256020173,
				"retransmits":	0,
				"omitted":	false,
				"sender":	true
			}
		}, {
			"streams":	[{
					"socket":	6,
					"start":	5.000082,
					"end":	6.000078,
					"seconds":	0.9999960064888,
					"bytes":	11796480,
					"bits_per_second":	94372216.876505062,
					"retransmits":	0,
					"snd_cwnd":	3310128,
					"snd_wnd":	3143552,
					"rtt":	236941,
					"rttvar":	5770,
					"pmtu":	1500,
					"omitted":	false,
					"sender":	true
				}],
			"sum":	{
				"start":	5.000082,
				"end":	6.000078,
				"seconds":	0.9999960064888,
				"bytes":	11796480,
				"bits_per_second":	94372216.876505062,
				"retransmits":	0,
				"omitted":	false,
				"sender":	true
			}
		}, {
			"streams":	[{
					"socket":	6,
					"start":	6.000078,
					"end":	7.000083,
					"seconds":	1.0000050067901611,
					"bytes":	11796480,
					"bits_per_second":	94371367.5023657,
					"retransmits":	0,
					"snd_cwnd":	3310128,
					"snd_wnd":	3143552,
					"rtt":	240835,
					"rttvar":	7224,
					"pmtu":	1500,
					"omitted":	false,
					"sender":	true
				}],
			"sum":	{
				"start":	6.000078,
				"end":	7.000083,
				"seconds":	1.0000050067901611,
				"bytes":	11796480,
				"bits_per_second":	94371367.5023657,
				"retransmits":	0,
				"omitted":	false,
				"sender":	true
			}
		}, {
			"streams":	[{
					"socket":	6,
					"start":	7.000083,
					"end":	8.000076,
					"seconds":	0.99999302625656128,
					"bytes":	11796480,
					"bits_per_second":	94372498.129589632,
					"retransmits":	0,
					"snd_cwnd":	3310128,
					"snd_wnd":	3143552,
					"rtt":	246055,
					"rttvar":	8912,
					"pmtu":	1500,
					"omitted":	false,
					"sender":	true
				}],
			"sum":	{
				"start":	7.000083,
				"end":	8.000076,
				"seconds":	0.99999302625656128,
				"bytes":	11796480,
				"bits_per_second":	94372498.129589632,
				"retransmits":	0,
				"omitted":	false,
				"sender":	true
			}
		}, {
			"streams":	[{
					"socket":	6,
					"start":	8.000076,
					"end":	9.000079,
					"seconds":	1.0000029802322388,
					"bytes":	11796480,
					"bits_per_second":	94371558.7508382,
					"retransmits":	0,
					"snd_cwnd":	3310128,
					"snd_wnd":	3143552,
					"rtt":	254199,
					"rttvar":	9939,
					"pmtu":	1500,
					"omitted":	false,
					"sender":	true
				}],
			"sum":	{
				"start":	8.000076,
				"end":	9.000079,
				"seconds":	1.0000029802322388,
				"bytes":	11796480,
				"bits_per_second":	94371558.7508382,
				"retransmits":	0,
				"omitted":	false,
				"sender":	true
			}
		}, {
			"streams":	[{
					"socket":	6,
					"start":	9.000079,
					"end":	10.000079,
					"seconds":	1,
					"bytes":	11796480,
					"bits_per_second":	94371840,
					"retransmits":	0,
					"snd_cwnd":	3310128,
					"snd_wnd":	3143552,
					"rtt":	258772,
					"rttvar":	8055,
					"pmtu":	1500,
					"omitted":	false,
					"sender":	true
				}],
			"sum":	{
				"start":	9.000079,
				"end":	10.000079,
				"seconds":	1,
				"bytes":	11796480,
				"bits_per_second":	94371840,
				"retransmits":	0,
				"omitted":	false,
				"sender":	true
			}
		}],
	"end":	{
		"streams":	[{
				"sender":	{
					"socket":	6,
					"start":	0,
					"end":	10.000079,
					"seconds":	10.000079,
					"bytes":	117964800,
					"bits_per_second":	94371094.4683537,
					"retransmits":	0,
					"max_snd_cwnd":	3310128,
					"max_snd_wnd":	3143552,
					"max_rtt":	258772,
					"min_rtt":	110768,
					"mean_rtt":	213428,
					"sender":	true
				},
				"receiver":	{
					"socket":	6,
					"start":	0,
					"end":	10.263834,
					"seconds":	10.000079,
					"bytes":	117853024,
					"bits_per_second":	91858869.892089069,
					"sender":	true
				}
			}],
		"sum_sent":	{
			"start":	0,
			"end":	10.000079,
			"seconds":	10.000079,
			"bytes":	117964800,
			"bits_per_second":	94371094.4683537,
			"retransmits":	0,
			"sender":	true
		},
		"sum_received":	{
			"start":	0,
			"end":	10.263834,
			"seconds":	10.263834,
			"bytes":	117853024,
			"bits_per_second":	91858869.892089069,
			"sender":	true
		},
		"cpu_utilization_percent":	{
			"host_total":	0.7421861267442853,
			"host_user":	0.010805538450935934,
			"host_system":	0.731390547314963,
			"remote_total":	2.0387579822653241,
			"remote_user":	0.097059124127629723,
			"remote_system":	1.9416988581376944
		},
		"sender_tcp_congestion":	"cubic",
		"receiver_tcp_congestion":	"cubic"
	}
}
