{
	"start":	{
		"connected":	[{
				"socket":	6,
				"local_host":	"192.168.101.210",
				"local_port":	44106,
				"remote_host":	"192.168.100.168",
				"remote_port":	5201
			}],
		"version":	"iperf 3.11",
		"system_info":	"Linux f1 6.0.10-300.fc37.x86_64 #1 SMP PREEMPT_DYNAMIC Sat Nov 26 16:55:13 UTC 2022 x86_64",
		"timestamp":	{
			"time":	"Fri, 09 Dec 2022 22:48:16 GMT",
			"timesecs":	1670626096
		},
		"connecting_to":	{
			"host":	"192.168.100.168",
			"port":	5201
		},
		"cookie":	"ds4hghy46gepheg6itxhocdx5uy3fjgrgywp",
		"tcp_mss_default":	1448,
		"target_bitrate":	0,
		"sock_bufsize":	0,
		"sndbuf_actual":	16384,
		"rcvbuf_actual":	131072,
		"test_start":	{
			"protocol":	"TCP",
			"num_streams":	1,
			"blksize":	131072,
			"omit":	0,
			"duration":	10,
			"bytes":	0,
			"blocks":	0,
			"reverse":	0,
			"tos":	0,
			"target_bitrate":	0
		}
	},
	"intervals":	[{
			"streams":	[{
					"socket":	6,
					"start":	0,
					"end":	1.000185,
					"seconds":	1.0001850128173828,
					"bytes":	1132336,
					"bits_per_second":	9057012.33663053,
					"retransmits":	2,
					"snd_cwnd":	69504,
					"snd_wnd":	1284864,
					"rtt":	84781,
					"rttvar":	2361,
					"pmtu":	1500,
					"omitted":	false,
					"sender":	true
				}],
			"sum":	{
				"start":	0,
				"end":	1.000185,
				"seconds":	1.0001850128173828,
				"bytes":	1132336,
				"bits_per_second":	9057012.33663053,
				"retransmits":	2,
				"omitted":	false,
				"sender":	true
			}
		}, {
			"streams":	[{
					"socket":	6,
					"start":	1.000185,
					"end":	2.000079,
					"seconds":	0.99989402294158936,
					"bytes":	977400,
					"bits_per_second":	7820028.7436429383,
					"retransmits":	0,
					"snd_cwnd":	79640,
					"snd_wnd":	1284864,
					"rtt":	87202,
					"rttvar":	1138,
					"pmtu":	1500,
					"omitted":	false,
					"sender":	true
				}],
			"sum":	{
				"start":	1.000185,
				"end":	2.000079,
				"seconds":	0.99989402294158936,
				"bytes":	977400,
				"bits_per_second":	7820028.7436429383,
				"retransmits":	0,
				"omitted":	false,
				"sender":	true
			}
		}, {
			"streams":	[{
					"socket":	6,
					"start":	2.000079,
					"end":	3.000189,
					"seconds":	1.0001100301742554,
					"bytes":	781920,
					"bits_per_second":	6254671.7973722247,
					"retransmits":	3,
					"snd_cwnd":	63712,
					"snd_wnd":	1286144,
					"rtt":	73968,
					"rttvar":	851,
					"pmtu":	1500,
					"omitted":	false,
					"sender":	true
				}],
			"sum":	{
				"start":	2.000079,
				"end":	3.000189,
				"seconds":	1.0001100301742554,
				"bytes":	781920,
				"bits_per_second":	6254671.7973722247,
				"retransmits":	3,
				"omitted":	false,
				"sender":	true
			}
		}, {
			"streams":	[{
					"socket":	6,
					"start":	3.000189,
					"end":	4.000074,
					"seconds":	0.99988502264022827,
					"bytes":	977400,
					"bits_per_second":	7820099.13435162,
					"retransmits":	0,
					"snd_cwnd":	72400,
					"snd_wnd":	1286144,
					"rtt":	78302,
					"rttvar":	698,
					"pmtu":	1500,
					"omitted":	false,
					"sender":	true
				}],
			"sum":	{
				"start":	3.000189,
				"end":	4.000074,
				"seconds":	0.99988502264022827,
				"bytes":	977400,
				"bits_per_second":	7820099.13435162,
				"retransmits":	0,
				"omitted":	false,
				"sender":	true
			}
		}, {
			"streams":	[{
					"socket":	6,
					"start":	4.000074,
					"end":	5.00018,
					"seconds":	1.0001059770584106,
					"bytes":	781920,
					"bits_per_second":	6254697.14559526,
					"retransmits":	0,
					"snd_cwnd":	82536,
					"snd_wnd":	1286144,
					"rtt":	85747,
					"rttvar":	452,
					"pmtu":	1500,
					"omitted":	false,
					"sender":	true
				}],
			"sum":	{
				"start":	4.000074,
				"end":	5.00018,
				"seconds":	1.0001059770584106,
				"bytes":	781920,
				"bits_per_second":	6254697.14559526,
				"retransmits":	0,
				"omitted":	false,
				"sender":	true
			}
		}, {
			"streams":	[{
					"socket":	6,
					"start":	5.00018,
					"end":	6.000142,
					"seconds":	0.9999619722366333,
					"bytes":	977400,
					"bits_per_second":	7819497.3579951767,
					"retransmits":	1,
					"snd_cwnd":	69504,
					"snd_wnd":	1286144,
					"rtt":	75108,
					"rttvar":	809,
					"pmtu":	1500,
					"omitted":	false,
					"sender":	true
				}],
			"sum":	{
				"start":	5.00018,
				"end":	6.000142,
				"seconds":	0.9999619722366333,
				"bytes":	977400,
				"bits_per_second":	7819497.3579951767,
				"retransmits":	1,
				"omitted":	false,
				"sender":	true
			}
		}, {
			"streams":	[{
					"socket":	6,
					"start":	6.000142,
					"end":	7.000075,
					"seconds":	0.99993300437927246,
					"bytes":	977400,
					"bits_per_second":	7819723.887255745,
					"retransmits":	0,
					"snd_cwnd":	81088,
					"snd_wnd":	1286144,
					"rtt":	85789,
					"rttvar":	936,
					"pmtu":	1500,
					"omitted":	false,
					"sender":	true
				}],
			"sum":	{
				"start":	6.000142,
				"end":	7.000075,
				"seconds":	0.99993300437927246,
				"bytes":	977400,
				"bits_per_second":	7819723.887255745,
				"retransmits":	0,
				"omitted":	false,
				"sender":	true
			}
		}, {
			"streams":	[{
					"socket":	6,
					"start":	7.000075,
					"end":	8.000214,
					"seconds":	1.0001389980316162,
					"bytes":	781920,
					"bits_per_second":	6254490.63811254,
					"retransmits":	0,
					"snd_cwnd":	85432,
					"snd_wnd":	1286144,
					"rtt":	86627,
					"rttvar":	649,
					"pmtu":	1500,
					"omitted":	false,
					"sender":	true
				}],
			"sum":	{
				"start":	7.000075,
				"end":	8.000214,
				"seconds":	1.0001389980316162,
				"bytes":	781920,
				"bits_per_second":	6254490.63811254,
				"retransmits":	0,
				"omitted":	false,
				"sender":	true
			}
		}, {
			"streams":	[{
					"socket":	6,
					"start":	8.000214,
					"end":	9.000157,
					"seconds":	0.99994301795959473,
					"bytes":	1042560,
					"bits_per_second":	8340955.2846510485,
					"retransmits":	1,
					"snd_cwnd":	66608,
					"snd_wnd":	1286144,
					"rtt":	68242,
					"rttvar":	773,
					"pmtu":	1500,
					"omitted":	false,
					"sender":	true
				}],
			"sum":	{
				"start":	8.000214,
				"end":	9.000157,
				"seconds":	0.99994301795959473,
				"bytes":	1042560,
				"bits_per_second":	8340955.2846510485,
				"retransmits":	1,
				"omitted":	false,
				"sender":	true
			}
		}, {
			"streams":	[{
					"socket":	6,
					"start":	9.000157,
					"end":	10.000107,
					"seconds":	0.99994999170303345,
					"bytes":	977400,
					"bits_per_second":	7819591.0444311071,
					"retransmits":	0,
					"snd_cwnd":	81088,
					"snd_wnd":	1286144,
					"rtt":	83254,
					"rttvar":	420,
					"pmtu":	1500,
					"omitted":	false,
					"sender":	true
				}],
			"sum":	{
				"start":	9.000157,
				"end":	10.000107,
				"seconds":	0.99994999170303345,
				"bytes":	977400,
				"bits_per_second":	7819591.0444311071,
				"retransmits":	0,
				"omitted":	false,
				"sender":	true
			}
		}],
	"end":	{
		"streams":	[{
				"sender":	{
					"socket":	6,
					"start":	0,
					"end":	10.000107,
					"seconds":	10.000107,
					"bytes":	9407656,
					"bits_per_second":	7526044.271326297,
					"retransmits":	7,
					"max_snd_cwnd":	85432,
					"max_snd_wnd":	1286144,
					"max_rtt":	87202,
					"min_rtt":	68242,
					"mean_rtt":	80902,
					"sender":	true
				},
				"receiver":	{
					"socket":	6,
					"start":	0,
					"end":	10.081849,
					"seconds":	10.000107,
					"bytes":	9060136,
					"bits_per_second":	7189265.3817766961,
					"sender":	true
				}
			}],
		"sum_sent":	{
			"start":	0,
			"end":	10.000107,
			"seconds":	10.000107,
			"bytes":	9407656,
			"bits_per_second":	7526044.271326297,
			"retransmits":	7,
			"sender":	true
		},
		"sum_received":	{
			"start":	0,
			"end":	10.081849,
			"seconds":	10.081849,
			"bytes":	9060136,
			"bits_per_second":	7189265.3817766961,
			"sender":	true
		},
		"cpu_utilization_percent":	{
			"host_total":	0.13558132359798217,
			"host_user":	0.025883345088229443,
			"host_system":	0.10970793747284938,
			"remote_total":	0.78052065789447578,
			"remote_user":	0.044257706415284481,
			"remote_system":	0.7362629514791913
		},
		"sender_tcp_congestion":	"cubic",
		"receiver_tcp_congestion":	"cubic"
	}
}
