{
	"start":	{
		"connected":	[{
				"socket":	6,
				"local_host":	"192.168.101.210",
				"local_port":	54334,
				"remote_host":	"192.168.100.168",
				"remote_port":	5201
			}],
		"version":	"iperf 3.11",
		"system_info":	"Linux f1 6.0.10-300.fc37.x86_64 #1 SMP PREEMPT_DYNAMIC Sat Nov 26 16:55:13 UTC 2022 x86_64",
		"timestamp":	{
			"time":	"Fri, 09 Dec 2022 23:15:10 GMT",
			"timesecs":	1670627710
		},
		"connecting_to":	{
			"host":	"192.168.100.168",
			"port":	5201
		},
		"cookie":	"2yfnkjmysrpwihyxlx6gl73uogxvwu7pwspi",
		"tcp_mss_default":	1448,
		"target_bitrate":	0,
		"sock_bufsize":	0,
		"sndbuf_actual":	16384,
		"rcvbuf_actual":	131072,
		"test_start":	{
			"protocol":	"TCP",
			"num_streams":	1,
			"blksize":	131072,
			"omit":	0,
			"duration":	10,
			"bytes":	0,
			"blocks":	0,
			"reverse":	0,
			"tos":	0,
			"target_bitrate":	0
		}
	},
	"intervals":	[{
			"streams":	[{
					"socket":	6,
					"start":	0,
					"end":	1.000172,
					"seconds":	1.0001720190048218,
					"bytes":	8126464,
					"bits_per_second":	65000530.673400678,
					"retransmits":	0,
					"snd_cwnd":	1062832,
					"snd_wnd":	3143552,
					"rtt":	159079,
					"rttvar":	112,
					"pmtu":	1500,
					"omitted":	false,
					"sender":	true
				}],
			"sum":	{
				"start":	0,
				"end":	1.000172,
				"seconds":	1.0001720190048218,
				"bytes":	8126464,
				"bits_per_second":	65000530.673400678,
				"retransmits":	0,
				"omitted":	false,
				"sender":	true
			}
		}, {
			"streams":	[{
					"socket":	6,
					"start":	1.000172,
					"end":	2.000085,
					"seconds":	0.999912977218628,
					"bytes":	7864320,
					"bits_per_second":	62920035.4764912,
					"retransmits":	0,
					"snd_cwnd":	1434968,
					"snd_wnd":	3143552,
					"rtt":	184748,
					"rttvar":	107,
					"pmtu":	1500,
					"omitted":	false,
					"sender":	true
				}],
			"sum":	{
				"start":	1.000172,
				"end":	2.000085,
				"seconds":	0.999912977218628,
				"bytes":	7864320,
				"bits_per_second":	62920035.4764912,
				"retransmits":	0,
				"omitted":	false,
				"sender":	true
			}
		}, {
			"streams":	[{
					"socket":	6,
					"start":	2.000085,
					"end":	3.000103,
					"seconds":	1.0000180006027222,
					"bytes":	7864320,
					"bits_per_second":	62913427.520385318,
					"retransmits":	0,
					"snd_cwnd":	1841856,
					"snd_wnd":	3143552,
					"rtt":	194477,
					"rttvar":	437,
					"pmtu":	1500,
					"omitted":	false,
					"sender":	true
				}],
			"sum":	{
				"start":	2.000085,
				"end":	3.000103,
				"seconds":	1.0000180006027222,
				"bytes":	7864320,
				"bits_per_second":	62913427.520385318,
				"retransmits":	0,
				"omitted":	false,
				"sender":	true
			}
		}, {
			"streams":	[{
					"socket":	6,
					"start":	3.000103,
					"end":	4.00012,
					"seconds":	1.0000170469284058,
					"bytes":	9175040,
					"bits_per_second":	73399068.7713296,
					"retransmits":	0,
					"snd_cwnd":	2318248,
					"snd_wnd":	3143552,
					"rtt":	222196,
					"rttvar":	212,
					"pmtu":	1500,
					"omitted":	false,
					"sender":	true
				}],
			"sum":	{
				"start":	3.000103,
				"end":	4.00012,
				"seconds":	1.0000170469284058,
				"bytes":	9175040,
				"bits_per_second":	73399068.7713296,
				"retransmits":	0,
				"omitted":	false,
				"sender":	true
			}
		}, {
			"streams":	[{
					"socket":	6,
					"start":	4.00012,
					"end":	5.000084,
					"seconds":	0.99996399879455566,
					"bytes":	10485760,
					"bits_per_second":	83889100.108727559,
					"retransmits":	0,
					"snd_cwnd":	2823600,
					"snd_wnd":	3143552,
					"rtt":	261972,
					"rttvar":	578,
					"pmtu":	1500,
					"omitted":	false,
					"sender":	true
				}],
			"sum":	{
				"start":	4.00012,
				"end":	5.000084,
				"seconds":	0.99996399879455566,
				"bytes":	10485760,
				"bits_per_second":	83889100.108727559,
				"retransmits":	0,
				"omitted":	false,
				"sender":	true
			}
		}, {
			"streams":	[{
					"socket":	6,
					"start":	5.000084,
					"end":	6.000079,
					"seconds":	0.999994993209839,
					"bytes":	10485760,
					"bits_per_second":	83886500.002102867,
					"retransmits":	0,
					"snd_cwnd":	3314472,
					"snd_wnd":	3143552,
					"rtt":	289040,
					"rttvar":	7899,
					"pmtu":	1500,
					"omitted":	false,
					"sender":	true
				}],
			"sum":	{
				"start":	5.000084,
				"end":	6.000079,
				"seconds":	0.999994993209839,
				"bytes":	10485760,
				"bits_per_second":	83886500.002102867,
				"retransmits":	0,
				"omitted":	false,
				"sender":	true
			}
		}, {
			"streams":	[{
					"socket":	6,
					"start":	6.000079,
					"end":	7.000093,
					"seconds":	1.0000139474868774,
					"bytes":	10485760,
					"bits_per_second":	83884910.016318336,
					"retransmits":	0,
					"snd_cwnd":	3314472,
					"snd_wnd":	3143552,
					"rtt":	293360,
					"rttvar":	1211,
					"pmtu":	1500,
					"omitted":	false,
					"sender":	true
				}],
			"sum":	{
				"start":	6.000079,
				"end":	7.000093,
				"seconds":	1.0000139474868774,
				"bytes":	10485760,
				"bits_per_second":	83884910.016318336,
				"retransmits":	0,
				"omitted":	false,
				"sender":	true
			}
		}, {
			"streams":	[{
					"socket":	6,
					"start":	7.000093,
					"end":	8.00013,
					"seconds":	1.0000369548797607,
					"bytes":	10485760,
					"bits_per_second":	83882980.1145559,
					"retransmits":	0,
					"snd_cwnd":	3314472,
					"snd_wnd":	3143552,
					"rtt":	289861,
					"rttvar":	120,
					"pmtu":	1500,
					"omitted":	false,
					"sender":	true
				}],
			"sum":	{
				"start":	7.000093,
				"end":	8.00013,
				"seconds":	1.0000369548797607,
				"bytes":	10485760,
				"bits_per_second":	83882980.1145559,
				"retransmits":	0,
				"omitted":	false,
				"sender":	true
			}
		}, {
			"streams":	[{
					"socket":	6,
					"start":	8.00013,
					"end":	9.000083,
					"seconds":	0.99995297193527222,
					"bytes":	11796480,
					"bits_per_second":	94376278.333726242,
					"retransmits":	0,
					"snd_cwnd":	3314472,
					"snd_wnd":	3143552,
					"rtt":	251623,
					"rttvar":	4960,
					"pmtu":	1500,
					"omitted":	false,
					"sender":	true
				}],
			"sum":	{
				"start":	8.00013,
				"end":	9.000083,
				"seconds":	0.99995297193527222,
				"bytes":	11796480,
				"bits_per_second":	94376278.333726242,
				"retransmits":	0,
				"omitted":	false,
				"sender":	true
			}
		}, {
			"streams":	[{
					"socket":	6,
					"start":	9.000083,
					"end":	10.000108,
					"seconds":	1.0000250339508057,
					"bytes":	10485760,
					"bits_per_second":	83883980.05257,
					"retransmits":	0,
					"snd_cwnd":	3314472,
					"snd_wnd":	3143552,
					"rtt":	278447,
					"rttvar":	2619,
					"pmtu":	1500,
					"omitted":	false,
					"sender":	true
				}],
			"sum":	{
				"start":	9.000083,
				"end":	10.000108,
				"seconds":	1.0000250339508057,
				"bytes":	10485760,
				"bits_per_second":	83883980.05257,
				"retransmits":	0,
				"omitted":	false,
				"sender":	true
			}
		}],
	"end":	{
		"streams":	[{
				"sender":	{
					"socket":	6,
					"start":	0,
					"end":	10.000108,
					"seconds":	10.000108,
					"bytes":	97255424,
					"bits_per_second":	77803498.922211632,
					"retransmits":	0,
					"max_snd_cwnd":	3314472,
					"max_snd_wnd":	3143552,
					"max_rtt":	293360,
					"min_rtt":	159079,
					"mean_rtt":	242480,
					"sender":	true
				},
				"receiver":	{
					"socket":	6,
					"start":	0,
					"end":	10.280297,
					"seconds":	10.000108,
					"bytes":	97251968,
					"bits_per_second":	75680278.8868843,
					"sender":	true
				}
			}],
		"sum_sent":	{
			"start":	0,
			"end":	10.000108,
			"seconds":	10.000108,
			"bytes":	97255424,
			"bits_per_second":	77803498.922211632,
			"retransmits":	0,
			"sender":	true
		},
		"sum_received":	{
			"start":	0,
			"end":	10.280297,
			"seconds":	10.280297,
			"bytes":	97251968,
			"bits_per_second":	75680278.8868843,
			"sender":	true
		},
		"cpu_utilization_percent":	{
			"host_total":	1.0039895500627807,
			"host_user":	0.063295227782929023,
			"host_system":	0.94070412485500765,
			"remote_total":	2.0439562705708814,
			"remote_user":	0.18047124658132813,
			"remote_system":	1.8634947513245712
		},
		"sender_tcp_congestion":	"cubic",
		"receiver_tcp_congestion":	"cubic"
	}
}
