{
	"start":	{
		"connected":	[{
				"socket":	6,
				"local_host":	"192.168.101.210",
				"local_port":	48092,
				"remote_host":	"192.168.100.168",
				"remote_port":	5201
			}],
		"version":	"iperf 3.11",
		"system_info":	"Linux f1 6.0.10-300.fc37.x86_64 #1 SMP PREEMPT_DYNAMIC Sat Nov 26 16:55:13 UTC 2022 x86_64",
		"timestamp":	{
			"time":	"Fri, 09 Dec 2022 23:18:13 GMT",
			"timesecs":	1670627893
		},
		"connecting_to":	{
			"host":	"192.168.100.168",
			"port":	5201
		},
		"cookie":	"dwhwcjskvajaki5rb73kozmxhwyrfy5bcwvv",
		"tcp_mss_default":	1448,
		"target_bitrate":	0,
		"sock_bufsize":	0,
		"sndbuf_actual":	16384,
		"rcvbuf_actual":	131072,
		"test_start":	{
			"protocol":	"TCP",
			"num_streams":	1,
			"blksize":	131072,
			"omit":	0,
			"duration":	10,
			"bytes":	0,
			"blocks":	0,
			"reverse":	0,
			"tos":	0,
			"target_bitrate":	0
		}
	},
	"intervals":	[{
			"streams":	[{
					"socket":	6,
					"start":	0,
					"end":	1.000126,
					"seconds":	1.0001260042190552,
					"bytes":	4194304,
					"bits_per_second":	33550204.53267872,
					"retransmits":	0,
					"snd_cwnd":	926720,
					"snd_wnd":	1672448,
					"rtt":	173879,
					"rttvar":	11605,
					"pmtu":	1500,
					"omitted":	false,
					"sender":	true
				}],
			"sum":	{
				"start":	0,
				"end":	1.000126,
				"seconds":	1.0001260042190552,
				"bytes":	4194304,
				"bits_per_second":	33550204.53267872,
				"retransmits":	0,
				"omitted":	false,
				"sender":	true
			}
		}, {
			"streams":	[{
					"socket":	6,
					"start":	1.000126,
					"end":	2.000122,
					"seconds":	0.9999960064888,
					"bytes":	6553600,
					"bits_per_second":	52429009.375836141,
					"retransmits":	0,
					"snd_cwnd":	2942336,
					"snd_wnd":	3143552,
					"rtt":	409700,
					"rttvar":	529,
					"pmtu":	1500,
					"omitted":	false,
					"sender":	true
				}],
			"sum":	{
				"start":	1.000126,
				"end":	2.000122,
				"seconds":	0.9999960064888,
				"bytes":	6553600,
				"bits_per_second":	52429009.375836141,
				"retransmits":	0,
				"omitted":	false,
				"sender":	true
			}
		}, {
			"streams":	[{
					"socket":	6,
					"start":	2.000122,
					"end":	3.000104,
					"seconds":	0.99998199939727783,
					"bytes":	6553600,
					"bits_per_second":	52429743.766988374,
					"retransmits":	0,
					"snd_cwnd":	3286960,
					"snd_wnd":	3143552,
					"rtt":	477451,
					"rttvar":	374,
					"pmtu":	1500,
					"omitted":	false,
					"sender":	true
				}],
			"sum":	{
				"start":	2.000122,
				"end":	3.000104,
				"seconds":	0.99998199939727783,
				"bytes":	6553600,
				"bits_per_second":	52429743.766988374,
				"retransmits":	0,
				"omitted":	false,
				"sender":	true
			}
		}, {
			"streams":	[{
					"socket":	6,
					"start":	3.000104,
					"end":	4.000078,
					"seconds":	0.999974012374878,
					"bytes":	7864320,
					"bits_per_second":	62916195.04249087,
					"retransmits":	0,
					"snd_cwnd":	3305784,
					"snd_wnd":	3143552,
					"rtt":	412365,
					"rttvar":	6093,
					"pmtu":	1500,
					"omitted":	false,
					"sender":	true
				}],
			"sum":	{
				"start":	3.000104,
				"end":	4.000078,
				"seconds":	0.999974012374878,
				"bytes":	7864320,
				"bits_per_second":	62916195.04249087,
				"retransmits":	0,
				"omitted":	false,
				"sender":	true
			}
		}, {
			"streams":	[{
					"socket":	6,
					"start":	4.000078,
					"end":	5.000089,
					"seconds":	1.0000109672546387,
					"bytes":	6553600,
					"bits_per_second":	52428225.0063061,
					"retransmits":	0,
					"snd_cwnd":	3305784,
					"snd_wnd":	3143552,
					"rtt":	433778,
					"rttvar":	2835,
					"pmtu":	1500,
					"omitted":	false,
					"sender":	true
				}],
			"sum":	{
				"start":	4.000078,
				"end":	5.000089,
				"seconds":	1.0000109672546387,
				"bytes":	6553600,
				"bits_per_second":	52428225.0063061,
				"retransmits":	0,
				"omitted":	false,
				"sender":	true
			}
		}, {
			"streams":	[{
					"socket":	6,
					"start":	5.000089,
					"end":	6.000104,
					"seconds":	1.0000150203704834,
					"bytes":	6553600,
					"bits_per_second":	52428012.511828363,
					"retransmits":	0,
					"snd_cwnd":	3305784,
					"snd_wnd":	3143552,
					"rtt":	450639,
					"rttvar":	233,
					"pmtu":	1500,
					"omitted":	false,
					"sender":	true
				}],
			"sum":	{
				"start":	5.000089,
				"end":	6.000104,
				"seconds":	1.0000150203704834,
				"bytes":	6553600,
				"bits_per_second":	52428012.511828363,
				"retransmits":	0,
				"omitted":	false,
				"sender":	true
			}
		}, {
			"streams":	[{
					"socket":	6,
					"start":	6.000104,
					"end":	7.00016,
					"seconds":	1.0000560283660889,
					"bytes":	6553600,
					"bits_per_second":	52425862.6645741,
					"retransmits":	0,
					"snd_cwnd":	3305784,
					"snd_wnd":	3143552,
					"rtt":	450402,
					"rttvar":	865,
					"pmtu":	1500,
					"omitted":	false,
					"sender":	true
				}],
			"sum":	{
				"start":	6.000104,
				"end":	7.00016,
				"seconds":	1.0000560283660889,
				"bytes":	6553600,
				"bits_per_second":	52425862.6645741,
				"retransmits":	0,
				"omitted":	false,
				"sender":	true
			}
		}, {
			"streams":	[{
					"socket":	6,
					"start":	7.00016,
					"end":	8.000182,
					"seconds":	1.0000220537185669,
					"bytes":	6553600,
					"bits_per_second":	52427643.775499053,
					"retransmits":	0,
					"snd_cwnd":	3305784,
					"snd_wnd":	3143552,
					"rtt":	442373,
					"rttvar":	1913,
					"pmtu":	1500,
					"omitted":	false,
					"sender":	true
				}],
			"sum":	{
				"start":	7.00016,
				"end":	8.000182,
				"seconds":	1.0000220537185669,
				"bytes":	6553600,
				"bits_per_second":	52427643.775499053,
				"retransmits":	0,
				"omitted":	false,
				"sender":	true
			}
		}, {
			"streams":	[{
					"socket":	6,
					"start":	8.000182,
					"end":	9.000078,
					"seconds":	0.999895989894867,
					"bytes":	7864320,
					"bits_per_second":	62921104.430686921,
					"retransmits":	0,
					"snd_cwnd":	3305784,
					"snd_wnd":	3143552,
					"rtt":	395733,
					"rttvar":	6078,
					"pmtu":	1500,
					"omitted":	false,
					"sender":	true
				}],
			"sum":	{
				"start":	8.000182,
				"end":	9.000078,
				"seconds":	0.999895989894867,
				"bytes":	7864320,
				"bits_per_second":	62921104.430686921,
				"retransmits":	0,
				"omitted":	false,
				"sender":	true
			}
		}, {
			"streams":	[{
					"socket":	6,
					"start":	9.000078,
					"end":	10.000123,
					"seconds":	1.0000449419021606,
					"bytes":	6553600,
					"bits_per_second":	52426443.8558896,
					"retransmits":	0,
					"snd_cwnd":	3305784,
					"snd_wnd":	3143552,
					"rtt":	427590,
					"rttvar":	2706,
					"pmtu":	1500,
					"omitted":	false,
					"sender":	true
				}],
			"sum":	{
				"start":	9.000078,
				"end":	10.000123,
				"seconds":	1.0000449419021606,
				"bytes":	6553600,
				"bits_per_second":	52426443.8558896,
				"retransmits":	0,
				"omitted":	false,
				"sender":	true
			}
		}],
	"end":	{
		"streams":	[{
				"sender":	{
					"socket":	6,
					"start":	0,
					"end":	10.000123,
					"seconds":	10.000123,
					"bytes":	65798144,
					"bits_per_second":	52637867.754226625,
					"retransmits":	0,
					"max_snd_cwnd":	3305784,
					"max_snd_wnd":	3143552,
					"max_rtt":	477451,
					"min_rtt":	173879,
					"mean_rtt":	407391,
					"sender":	true
				},
				"receiver":	{
					"socket":	6,
					"start":	0,
					"end":	10.409489,
					"seconds":	10.000123,
					"bytes":	65797584,
					"bits_per_second":	50567388.274294727,
					"sender":	true
				}
			}],
		"sum_sent":	{
			"start":	0,
			"end":	10.000123,
			"seconds":	10.000123,
			"bytes":	65798144,
			"bits_per_second":	52637867.754226625,
			"retransmits":	0,
			"sender":	true
		},
		"sum_received":	{
			"start":	0,
			"end":	10.409489,
			"seconds":	10.409489,
			"bytes":	65797584,
			"bits_per_second":	50567388.274294727,
			"sender":	true
		},
		"cpu_utilization_percent":	{
			"host_total":	1.5300394904584771,
			"host_user":	0.25760060445445582,
			"host_system":	1.2724483188138809,
			"remote_total":	1.6824149399668629,
			"remote_user":	0.13430999238099886,
			"remote_system":	1.5481145541942885
		},
		"sender_tcp_congestion":	"cubic",
		"receiver_tcp_congestion":	"cubic"
	}
}
