{
	"start":	{
		"connected":	[{
				"socket":	6,
				"local_host":	"192.168.101.210",
				"local_port":	48188,
				"remote_host":	"192.168.100.168",
				"remote_port":	5202
			}],
		"version":	"iperf 3.11",
		"system_info":	"Linux f1 6.0.10-300.fc37.x86_64 #1 SMP PREEMPT_DYNAMIC Sat Nov 26 16:55:13 UTC 2022 x86_64",
		"timestamp":	{
			"time":	"Fri, 09 Dec 2022 22:52:00 GMT",
			"timesecs":	1670626320
		},
		"connecting_to":	{
			"host":	"192.168.100.168",
			"port":	5202
		},
		"cookie":	"wtmi5arwovascjmx4g4lg6y46ilfx7tnh2cb",
		"tcp_mss_default":	1448,
		"target_bitrate":	0,
		"sock_bufsize":	0,
		"sndbuf_actual":	16384,
		"rcvbuf_actual":	131072,
		"test_start":	{
			"protocol":	"TCP",
			"num_streams":	1,
			"blksize":	131072,
			"omit":	0,
			"duration":	10,
			"bytes":	0,
			"blocks":	0,
			"reverse":	0,
			"tos":	0,
			"target_bitrate":	0
		}
	},
	"intervals":	[{
			"streams":	[{
					"socket":	6,
					"start":	0,
					"end":	1.000102,
					"seconds":	1.0001020431518555,
					"bytes":	1867920,
					"bits_per_second":	14941835.288032703,
					"retransmits":	0,
					"snd_cwnd":	185344,
					"snd_wnd":	650240,
					"rtt":	232715,
					"rttvar":	1279,
					"pmtu":	1500,
					"omitted":	false,
					"sender":	true
				}],
			"sum":	{
				"start":	0,
				"end":	1.000102,
				"seconds":	1.0001020431518555,
				"bytes":	1867920,
				"bits_per_second":	14941835.288032703,
				"retransmits":	0,
				"omitted":	false,
				"sender":	true
			}
		}, {
			"streams":	[{
					"socket":	6,
					"start":	1.000102,
					"end":	2.000399,
					"seconds":	1.000296950340271,
					"bytes":	586440,
					"bits_per_second":	4690127.26511271,
					"retransmits":	0,
					"snd_cwnd":	141904,
					"snd_wnd":	650496,
					"rtt":	250030,
					"rttvar":	1543,
					"pmtu":	1500,
					"omitted":	false,
					"sender":	true
				}],
			"sum":	{
				"start":	1.000102,
				"end":	2.000399,
				"seconds":	1.000296950340271,
				"bytes":	586440,
				"bits_per_second":	4690127.26511271,
				"retransmits":	0,
				"omitted":	false,
				"sender":	true
			}
		}, {
			"streams":	[{
					"socket":	6,
					"start":	2.000399,
					"end":	3.000353,
					"seconds":	0.9999539852142334,
					"bytes":	586440,
					"bits_per_second":	4691735.8892218163,
					"retransmits":	0,
					"snd_cwnd":	115840,
					"snd_wnd":	650496,
					"rtt":	258049,
					"rttvar":	795,
					"pmtu":	1500,
					"omitted":	false,
					"sender":	true
				}],
			"sum":	{
				"start":	2.000399,
				"end":	3.000353,
				"seconds":	0.9999539852142334,
				"bytes":	586440,
				"bits_per_second":	4691735.8892218163,
				"retransmits":	0,
				"omitted":	false,
				"sender":	true
			}
		}, {
			"streams":	[{
					"socket":	6,
					"start":	3.000353,
					"end":	4.001055,
					"seconds":	1.0007020235061646,
					"bytes":	0,
					"bits_per_second":	0,
					"retransmits":	0,
					"snd_cwnd":	104256,
					"snd_wnd":	650496,
					"rtt":	275721,
					"rttvar":	2629,
					"pmtu":	1500,
					"omitted":	false,
					"sender":	true
				}],
			"sum":	{
				"start":	3.000353,
				"end":	4.001055,
				"seconds":	1.0007020235061646,
				"bytes":	0,
				"bits_per_second":	0,
				"retransmits":	0,
				"omitted":	false,
				"sender":	true
			}
		}, {
			"streams":	[{
					"socket":	6,
					"start":	4.001055,
					"end":	5.000939,
					"seconds":	0.999884009361267,
					"bytes":	586440,
					"bits_per_second":	4692064.2355276551,
					"retransmits":	0,
					"snd_cwnd":	101360,
					"snd_wnd":	650496,
					"rtt":	310929,
					"rttvar":	1831,
					"pmtu":	1500,
					"omitted":	false,
					"sender":	true
				}],
			"sum":	{
				"start":	4.001055,
				"end":	5.000939,
				"seconds":	0.999884009361267,
				"bytes":	586440,
				"bits_per_second":	4692064.2355276551,
				"retransmits":	0,
				"omitted":	false,
				"sender":	true
			}
		}, {
			"streams":	[{
					"socket":	6,
					"start":	5.000939,
					"end":	6.000076,
					"seconds":	0.999136984348297,
					"bytes":	586440,
					"bits_per_second":	4695572.3524338538,
					"retransmits":	0,
					"snd_cwnd":	83984,
					"snd_wnd":	650496,
					"rtt":	328892,
					"rttvar":	5842,
					"pmtu":	1500,
					"omitted":	false,
					"sender":	true
				}],
			"sum":	{
				"start":	5.000939,
				"end":	6.000076,
				"seconds":	0.999136984348297,
				"bytes":	586440,
				"bits_per_second":	4695572.3524338538,
				"retransmits":	0,
				"omitted":	false,
				"sender":	true
			}
		}, {
			"streams":	[{
					"socket":	6,
					"start":	6.000076,
					"end":	7.001029,
					"seconds":	1.0009529590606689,
					"bytes":	0,
					"bits_per_second":	0,
					"retransmits":	0,
					"snd_cwnd":	83984,
					"snd_wnd":	650496,
					"rtt":	362598,
					"rttvar":	1195,
					"pmtu":	1500,
					"omitted":	false,
					"sender":	true
				}],
			"sum":	{
				"start":	6.000076,
				"end":	7.001029,
				"seconds":	1.0009529590606689,
				"bytes":	0,
				"bits_per_second":	0,
				"retransmits":	0,
				"omitted":	false,
				"sender":	true
			}
		}, {
			"streams":	[{
					"socket":	6,
					"start":	7.001029,
					"end":	8.001039,
					"seconds":	1.0000100135803223,
					"bytes":	0,
					"bits_per_second":	0,
					"retransmits":	0,
					"snd_cwnd":	66608,
					"snd_wnd":	650496,
					"rtt":	392212,
					"rttvar":	3675,
					"pmtu":	1500,
					"omitted":	false,
					"sender":	true
				}],
			"sum":	{
				"start":	7.001029,
				"end":	8.001039,
				"seconds":	1.0000100135803223,
				"bytes":	0,
				"bits_per_second":	0,
				"retransmits":	0,
				"omitted":	false,
				"sender":	true
			}
		}, {
			"streams":	[{
					"socket":	6,
					"start":	8.001039,
					"end":	9.00016,
					"seconds":	0.99912101030349731,
					"bytes":	586440,
					"bits_per_second":	4695647.4257056043,
					"retransmits":	0,
					"snd_cwnd":	66608,
					"snd_wnd":	650496,
					"rtt":	430877,
					"rttvar":	2942,
					"pmtu":	1500,
					"omitted":	false,
					"sender":	true
				}],
			"sum":	{
				"start":	8.001039,
				"end":	9.00016,
				"seconds":	0.99912101030349731,
				"bytes":	586440,
				"bits_per_second":	4695647.4257056043,
				"retransmits":	0,
				"omitted":	false,
				"sender":	true
			}
		}, {
			"streams":	[{
					"socket":	6,
					"start":	9.00016,
					"end":	10.001042,
					"seconds":	1.0008820295333862,
					"bytes":	0,
					"bits_per_second":	0,
					"retransmits":	0,
					"snd_cwnd":	57920,
					"snd_wnd":	650496,
					"rtt":	469825,
					"rttvar":	5991,
					"pmtu":	1500,
					"omitted":	false,
					"sender":	true
				}],
			"sum":	{
				"start":	9.00016,
				"end":	10.001042,
				"seconds":	1.0008820295333862,
				"bytes":	0,
				"bits_per_second":	0,
				"retransmits":	0,
				"omitted":	false,
				"sender":	true
			}
		}],
	"end":	{
		"streams":	[{
				"sender":	{
					"socket":	6,
					"start":	0,
					"end":	10.001042,
					"seconds":	10.001042,
					"bytes":	4800120,
					"bits_per_second":	3839695.9036868359,
					"retransmits":	0,
					"max_snd_cwnd":	185344,
					"max_snd_wnd":	650496,
					"max_rtt":	469825,
					"min_rtt":	232715,
					"mean_rtt":	331184,
					"sender":	true
				},
				"receiver":	{
					"socket":	6,
					"start":	0,
					"end":	10.538478,
					"seconds":	10.001042,
					"bytes":	3341984,
					"bits_per_second":	2536976.59187598,
					"sender":	true
				}
			}],
		"sum_sent":	{
			"start":	0,
			"end":	10.001042,
			"seconds":	10.001042,
			"bytes":	4800120,
			"bits_per_second":	3839695.9036868359,
			"retransmits":	0,
			"sender":	true
		},
		"sum_received":	{
			"start":	0,
			"end":	10.538478,
			"seconds":	10.538478,
			"bytes":	3341984,
			"bits_per_second":	2536976.59187598,
			"sender":	true
		},
		"cpu_utilization_percent":	{
			"host_total":	0.75201799632828625,
			"host_user":	0.0899680525571058,
			"host_system":	0.66204994377118043,
			"remote_total":	0.35280159863342991,
			"remote_user":	0.067115807077306341,
			"remote_system":	0.28566681352499756
		},
		"sender_tcp_congestion":	"bbr",
		"receiver_tcp_congestion":	"bbr"
	}
}
