{
	"start":	{
		"connected":	[{
				"socket":	6,
				"local_host":	"192.168.101.210",
				"local_port":	39606,
				"remote_host":	"192.168.100.168",
				"remote_port":	5202
			}],
		"version":	"iperf 3.11",
		"system_info":	"Linux f1 6.0.10-300.fc37.x86_64 #1 SMP PREEMPT_DYNAMIC Sat Nov 26 16:55:13 UTC 2022 x86_64",
		"timestamp":	{
			"time":	"Fri, 09 Dec 2022 23:17:34 GMT",
			"timesecs":	1670627854
		},
		"connecting_to":	{
			"host":	"192.168.100.168",
			"port":	5202
		},
		"cookie":	"2i6r5hixo6nw3khkq7rctz5cdxhbsnlpj5li",
		"tcp_mss_default":	1448,
		"target_bitrate":	0,
		"sock_bufsize":	0,
		"sndbuf_actual":	16384,
		"rcvbuf_actual":	131072,
		"test_start":	{
			"protocol":	"TCP",
			"num_streams":	1,
			"blksize":	131072,
			"omit":	0,
			"duration":	10,
			"bytes":	0,
			"blocks":	0,
			"reverse":	0,
			"tos":	0,
			"target_bitrate":	0
		}
	},
	"intervals":	[{
			"streams":	[{
					"socket":	6,
					"start":	0,
					"end":	1.000066,
					"seconds":	1.0000660419464111,
					"bytes":	4325376,
					"bits_per_second":	34600722.9009124,
					"retransmits":	0,
					"snd_cwnd":	626984,
					"snd_wnd":	971520,
					"rtt":	150077,
					"rttvar":	17,
					"pmtu":	1500,
					"omitted":	false,
					"sender":	true
				}],
			"sum":	{
				"start":	0,
				"end":	1.000066,
				"seconds":	1.0000660419464111,
				"bytes":	4325376,
				"bits_per_second":	34600722.9009124,
				"retransmits":	0,
				"omitted":	false,
				"sender":	true
			}
		}, {
			"streams":	[{
					"socket":	6,
					"start":	1.000066,
					"end":	2.000066,
					"seconds":	1,
					"bytes":	5242880,
					"bits_per_second":	41943040,
					"retransmits":	243,
					"snd_cwnd":	3039352,
					"snd_wnd":	2656000,
					"rtt":	219826,
					"rttvar":	2979,
					"pmtu":	1500,
					"omitted":	false,
					"sender":	true
				}],
			"sum":	{
				"start":	1.000066,
				"end":	2.000066,
				"seconds":	1,
				"bytes":	5242880,
				"bits_per_second":	41943040,
				"retransmits":	243,
				"omitted":	false,
				"sender":	true
			}
		}, {
			"streams":	[{
					"socket":	6,
					"start":	2.000066,
					"end":	3.000347,
					"seconds":	1.0002809762954712,
					"bytes":	5242880,
					"bits_per_second":	41931258.3103755,
					"retransmits":	1292,
					"snd_cwnd":	2486216,
					"snd_wnd":	2782464,
					"rtt":	228010,
					"rttvar":	404,
					"pmtu":	1500,
					"omitted":	false,
					"sender":	true
				}],
			"sum":	{
				"start":	2.000066,
				"end":	3.000347,
				"seconds":	1.0002809762954712,
				"bytes":	5242880,
				"bits_per_second":	41931258.3103755,
				"retransmits":	1292,
				"omitted":	false,
				"sender":	true
			}
		}, {
			"streams":	[{
					"socket":	6,
					"start":	3.000347,
					"end":	4.000088,
					"seconds":	0.999741017818451,
					"bytes":	9175040,
					"bits_per_second":	73419334.299364731,
					"retransmits":	1236,
					"snd_cwnd":	2316800,
					"snd_wnd":	3145728,
					"rtt":	229820,
					"rttvar":	2864,
					"pmtu":	1500,
					"omitted":	false,
					"sender":	true
				}],
			"sum":	{
				"start":	3.000347,
				"end":	4.000088,
				"seconds":	0.999741017818451,
				"bytes":	9175040,
				"bits_per_second":	73419334.299364731,
				"retransmits":	1236,
				"omitted":	false,
				"sender":	true
			}
		}, {
			"streams":	[{
					"socket":	6,
					"start":	4.000088,
					"end":	5.000123,
					"seconds":	1.0000350475311279,
					"bytes":	7864320,
					"bits_per_second":	62912355.0772771,
					"retransmits":	1358,
					"snd_cwnd":	4355584,
					"snd_wnd":	3145728,
					"rtt":	160697,
					"rttvar":	6230,
					"pmtu":	1500,
					"omitted":	false,
					"sender":	true
				}],
			"sum":	{
				"start":	4.000088,
				"end":	5.000123,
				"seconds":	1.0000350475311279,
				"bytes":	7864320,
				"bits_per_second":	62912355.0772771,
				"retransmits":	1358,
				"omitted":	false,
				"sender":	true
			}
		}, {
			"streams":	[{
					"socket":	6,
					"start":	5.000123,
					"end":	6.000303,
					"seconds":	1.0001800060272217,
					"bytes":	6553600,
					"bits_per_second":	52419364.19850114,
					"retransmits":	1212,
					"snd_cwnd":	2593368,
					"snd_wnd":	2647552,
					"rtt":	213373,
					"rttvar":	776,
					"pmtu":	1500,
					"omitted":	false,
					"sender":	true
				}],
			"sum":	{
				"start":	5.000123,
				"end":	6.000303,
				"seconds":	1.0001800060272217,
				"bytes":	6553600,
				"bits_per_second":	52419364.19850114,
				"retransmits":	1212,
				"omitted":	false,
				"sender":	true
			}
		}, {
			"streams":	[{
					"socket":	6,
					"start":	6.000303,
					"end":	7.00014,
					"seconds":	0.99983698129653931,
					"bytes":	10485760,
					"bits_per_second":	83899757.229644239,
					"retransmits":	860,
					"snd_cwnd":	2536896,
					"snd_wnd":	3145728,
					"rtt":	210353,
					"rttvar":	5150,
					"pmtu":	1500,
					"omitted":	false,
					"sender":	true
				}],
			"sum":	{
				"start":	6.000303,
				"end":	7.00014,
				"seconds":	0.99983698129653931,
				"bytes":	10485760,
				"bits_per_second":	83899757.229644239,
				"retransmits":	860,
				"omitted":	false,
				"sender":	true
			}
		}, {
			"streams":	[{
					"socket":	6,
					"start":	7.00014,
					"end":	8.000061,
					"seconds":	0.99992102384567261,
					"bytes":	9175040,
					"bits_per_second":	73406117.332851052,
					"retransmits":	682,
					"snd_cwnd":	3628688,
					"snd_wnd":	3145728,
					"rtt":	155993,
					"rttvar":	200,
					"pmtu":	1500,
					"omitted":	false,
					"sender":	true
				}],
			"sum":	{
				"start":	7.00014,
				"end":	8.000061,
				"seconds":	0.99992102384567261,
				"bytes":	9175040,
				"bits_per_second":	73406117.332851052,
				"retransmits":	682,
				"omitted":	false,
				"sender":	true
			}
		}, {
			"streams":	[{
					"socket":	6,
					"start":	8.000061,
					"end":	9.00008,
					"seconds":	1.0000189542770386,
					"bytes":	10485760,
					"bits_per_second":	83884490.030136734,
					"retransmits":	0,
					"snd_cwnd":	3573664,
					"snd_wnd":	3145728,
					"rtt":	176057,
					"rttvar":	978,
					"pmtu":	1500,
					"omitted":	false,
					"sender":	true
				}],
			"sum":	{
				"start":	8.000061,
				"end":	9.00008,
				"seconds":	1.0000189542770386,
				"bytes":	10485760,
				"bits_per_second":	83884490.030136734,
				"retransmits":	0,
				"omitted":	false,
				"sender":	true
			}
		}, {
			"streams":	[{
					"socket":	6,
					"start":	9.00008,
					"end":	10.000139,
					"seconds":	1.0000590085983276,
					"bytes":	10485760,
					"bits_per_second":	83881130.2920753,
					"retransmits":	0,
					"snd_cwnd":	3469408,
					"snd_wnd":	3145728,
					"rtt":	219117,
					"rttvar":	1041,
					"pmtu":	1500,
					"omitted":	false,
					"sender":	true
				}],
			"sum":	{
				"start":	9.00008,
				"end":	10.000139,
				"seconds":	1.0000590085983276,
				"bytes":	10485760,
				"bits_per_second":	83881130.2920753,
				"retransmits":	0,
				"omitted":	false,
				"sender":	true
			}
		}],
	"end":	{
		"streams":	[{
				"sender":	{
					"socket":	6,
					"start":	0,
					"end":	10.000139,
					"seconds":	10.000139,
					"bytes":	79036416,
					"bits_per_second":	63228253.9272704,
					"retransmits":	6883,
					"max_snd_cwnd":	4355584,
					"max_snd_wnd":	3145728,
					"max_rtt":	229820,
					"min_rtt":	150077,
					"mean_rtt":	196332,
					"sender":	true
				},
				"receiver":	{
					"socket":	6,
					"start":	0,
					"end":	10.193463,
					"seconds":	10.000139,
					"bytes":	78630888,
					"bits_per_second":	61710834.0904362,
					"sender":	true
				}
			}],
		"sum_sent":	{
			"start":	0,
			"end":	10.000139,
			"seconds":	10.000139,
			"bytes":	79036416,
			"bits_per_second":	63228253.9272704,
			"retransmits":	6883,
			"sender":	true
		},
		"sum_received":	{
			"start":	0,
			"end":	10.193463,
			"seconds":	10.193463,
			"bytes":	78630888,
			"bits_per_second":	61710834.0904362,
			"sender":	true
		},
		"cpu_utilization_percent":	{
			"host_total":	1.4897597235980922,
			"host_user":	0.2391010825577892,
			"host_system":	1.2506586410403029,
			"remote_total":	1.1084933147436655,
			"remote_user":	0.1191350232246586,
			"remote_system":	0.989358291519007
		},
		"sender_tcp_congestion":	"bbr",
		"receiver_tcp_congestion":	"bbr"
	}
}
