{
	"start":	{
		"connected":	[{
				"socket":	6,
				"local_host":	"192.168.101.210",
				"local_port":	55632,
				"remote_host":	"192.168.100.168",
				"remote_port":	5202
			}],
		"version":	"iperf 3.11",
		"system_info":	"Linux f1 6.0.10-300.fc37.x86_64 #1 SMP PREEMPT_DYNAMIC Sat Nov 26 16:55:13 UTC 2022 x86_64",
		"timestamp":	{
			"time":	"Fri, 09 Dec 2022 23:18:41 GMT",
			"timesecs":	1670627921
		},
		"connecting_to":	{
			"host":	"192.168.100.168",
			"port":	5202
		},
		"cookie":	"sqaz4mu2gmvhystgvsoozh5ff5w2bn24th2y",
		"tcp_mss_default":	1448,
		"target_bitrate":	0,
		"sock_bufsize":	0,
		"sndbuf_actual":	16384,
		"rcvbuf_actual":	131072,
		"test_start":	{
			"protocol":	"TCP",
			"num_streams":	1,
			"blksize":	131072,
			"omit":	0,
			"duration":	10,
			"bytes":	0,
			"blocks":	0,
			"reverse":	0,
			"tos":	0,
			"target_bitrate":	0
		}
	},
	"intervals":	[{
			"streams":	[{
					"socket":	6,
					"start":	0,
					"end":	1.000164,
					"seconds":	1.0001640319824219,
					"bytes":	1346640,
					"bits_per_second":	10771353.15358885,
					"retransmits":	0,
					"snd_cwnd":	209960,
					"snd_wnd":	342144,
					"rtt":	200095,
					"rttvar":	12,
					"pmtu":	1500,
					"omitted":	false,
					"sender":	true
				}],
			"sum":	{
				"start":	0,
				"end":	1.000164,
				"seconds":	1.0001640319824219,
				"bytes":	1346640,
				"bits_per_second":	10771353.15358885,
				"retransmits":	0,
				"omitted":	false,
				"sender":	true
			}
		}, {
			"streams":	[{
					"socket":	6,
					"start":	1.000164,
					"end":	2.000139,
					"seconds":	0.999975025653839,
					"bytes":	5469104,
					"bits_per_second":	43753924.725662,
					"retransmits":	53,
					"snd_cwnd":	2568752,
					"snd_wnd":	3143552,
					"rtt":	280795,
					"rttvar":	2976,
					"pmtu":	1500,
					"omitted":	false,
					"sender":	true
				}],
			"sum":	{
				"start":	1.000164,
				"end":	2.000139,
				"seconds":	0.999975025653839,
				"bytes":	5469104,
				"bits_per_second":	43753924.725662,
				"retransmits":	53,
				"omitted":	false,
				"sender":	true
			}
		}, {
			"streams":	[{
					"socket":	6,
					"start":	2.000139,
					"end":	3.000111,
					"seconds":	0.99997198581695557,
					"bytes":	5242880,
					"bits_per_second":	41944215.0329176,
					"retransmits":	1051,
					"snd_cwnd":	2447120,
					"snd_wnd":	2339840,
					"rtt":	259602,
					"rttvar":	508,
					"pmtu":	1500,
					"omitted":	false,
					"sender":	true
				}],
			"sum":	{
				"start":	2.000139,
				"end":	3.000111,
				"seconds":	0.99997198581695557,
				"bytes":	5242880,
				"bits_per_second":	41944215.0329176,
				"retransmits":	1051,
				"omitted":	false,
				"sender":	true
			}
		}, {
			"streams":	[{
					"socket":	6,
					"start":	3.000111,
					"end":	4.000064,
					"seconds":	0.99995297193527222,
					"bytes":	7864320,
					"bits_per_second":	62917518.889150828,
					"retransmits":	723,
					"snd_cwnd":	4756680,
					"snd_wnd":	3145728,
					"rtt":	206715,
					"rttvar":	3024,
					"pmtu":	1500,
					"omitted":	false,
					"sender":	true
				}],
			"sum":	{
				"start":	3.000111,
				"end":	4.000064,
				"seconds":	0.99995297193527222,
				"bytes":	7864320,
				"bits_per_second":	62917518.889150828,
				"retransmits":	723,
				"omitted":	false,
				"sender":	true
			}
		}, {
			"streams":	[{
					"socket":	6,
					"start":	4.000064,
					"end":	5.000148,
					"seconds":	1.0000840425491333,
					"bytes":	6553600,
					"bits_per_second":	52424394.120281361,
					"retransmits":	736,
					"snd_cwnd":	1536328,
					"snd_wnd":	3145728,
					"rtt":	202014,
					"rttvar":	1666,
					"pmtu":	1500,
					"omitted":	false,
					"sender":	true
				}],
			"sum":	{
				"start":	4.000064,
				"end":	5.000148,
				"seconds":	1.0000840425491333,
				"bytes":	6553600,
				"bits_per_second":	52424394.120281361,
				"retransmits":	736,
				"omitted":	false,
				"sender":	true
			}
		}, {
			"streams":	[{
					"socket":	6,
					"start":	5.000148,
					"end":	6.000159,
					"seconds":	1.0000109672546387,
					"bytes":	7864320,
					"bits_per_second":	62913870.007567324,
					"retransmits":	0,
					"snd_cwnd":	4149968,
					"snd_wnd":	3145728,
					"rtt":	234129,
					"rttvar":	1436,
					"pmtu":	1500,
					"omitted":	false,
					"sender":	true
				}],
			"sum":	{
				"start":	5.000148,
				"end":	6.000159,
				"seconds":	1.0000109672546387,
				"bytes":	7864320,
				"bits_per_second":	62913870.007567324,
				"retransmits":	0,
				"omitted":	false,
				"sender":	true
			}
		}, {
			"streams":	[{
					"socket":	6,
					"start":	6.000159,
					"end":	7.000109,
					"seconds":	0.99994999170303345,
					"bytes":	9175040,
					"bits_per_second":	73403990.8085709,
					"retransmits":	0,
					"snd_cwnd":	3999376,
					"snd_wnd":	3145728,
					"rtt":	268634,
					"rttvar":	1547,
					"pmtu":	1500,
					"omitted":	false,
					"sender":	true
				}],
			"sum":	{
				"start":	6.000159,
				"end":	7.000109,
				"seconds":	0.99994999170303345,
				"bytes":	9175040,
				"bits_per_second":	73403990.8085709,
				"retransmits":	0,
				"omitted":	false,
				"sender":	true
			}
		}, {
			"streams":	[{
					"socket":	6,
					"start":	7.000109,
					"end":	8.000045,
					"seconds":	0.99993598461151123,
					"bytes":	7864320,
					"bits_per_second":	62918587.75783848,
					"retransmits":	122,
					"snd_cwnd":	3732944,
					"snd_wnd":	3145728,
					"rtt":	200086,
					"rttvar":	18,
					"pmtu":	1500,
					"omitted":	false,
					"sender":	true
				}],
			"sum":	{
				"start":	7.000109,
				"end":	8.000045,
				"seconds":	0.99993598461151123,
				"bytes":	7864320,
				"bits_per_second":	62918587.75783848,
				"retransmits":	122,
				"omitted":	false,
				"sender":	true
			}
		}, {
			"streams":	[{
					"socket":	6,
					"start":	8.000045,
					"end":	9.000077,
					"seconds":	1.0000319480895996,
					"bytes":	9175040,
					"bits_per_second":	73397975.074915871,
					"retransmits":	0,
					"snd_cwnd":	3814032,
					"snd_wnd":	3145728,
					"rtt":	209859,
					"rttvar":	129,
					"pmtu":	1500,
					"omitted":	false,
					"sender":	true
				}],
			"sum":	{
				"start":	8.000045,
				"end":	9.000077,
				"seconds":	1.0000319480895996,
				"bytes":	9175040,
				"bits_per_second":	73397975.074915871,
				"retransmits":	0,
				"omitted":	false,
				"sender":	true
			}
		}, {
			"streams":	[{
					"socket":	6,
					"start":	9.000077,
					"end":	10.000077,
					"seconds":	1,
					"bytes":	9175040,
					"bits_per_second":	73400320,
					"retransmits":	0,
					"snd_cwnd":	3811136,
					"snd_wnd":	3145728,
					"rtt":	236335,
					"rttvar":	334,
					"pmtu":	1500,
					"omitted":	false,
					"sender":	true
				}],
			"sum":	{
				"start":	9.000077,
				"end":	10.000077,
				"seconds":	1,
				"bytes":	9175040,
				"bits_per_second":	73400320,
				"retransmits":	0,
				"omitted":	false,
				"sender":	true
			}
		}],
	"end":	{
		"streams":	[{
				"sender":	{
					"socket":	6,
					"start":	0,
					"end":	10.000077,
					"seconds":	10.000077,
					"bytes":	69730304,
					"bits_per_second":	55783813.664634787,
					"retransmits":	2685,
					"max_snd_cwnd":	4756680,
					"max_snd_wnd":	3145728,
					"max_rtt":	280795,
					"min_rtt":	200086,
					"mean_rtt":	229826,
					"sender":	true
				},
				"receiver":	{
					"socket":	6,
					"start":	0,
					"end":	10.251058,
					"seconds":	10.000077,
					"bytes":	68740952,
					"bits_per_second":	53645937.424215138,
					"sender":	true
				}
			}],
		"sum_sent":	{
			"start":	0,
			"end":	10.000077,
			"seconds":	10.000077,
			"bytes":	69730304,
			"bits_per_second":	55783813.664634787,
			"retransmits":	2685,
			"sender":	true
		},
		"sum_received":	{
			"start":	0,
			"end":	10.251058,
			"seconds":	10.251058,
			"bytes":	68740952,
			"bits_per_second":	53645937.424215138,
			"sender":	true
		},
		"cpu_utilization_percent":	{
			"host_total":	2.1337591322470932,
			"host_user":	0.25882318306967922,
			"host_system":	1.8749359491774138,
			"remote_total":	1.4544927770919414,
			"remote_user":	0.13641509443165173,
			"remote_system":	1.3180776826602894
		},
		"sender_tcp_congestion":	"bbr",
		"receiver_tcp_congestion":	"bbr"
	}
}
