{
	"start":	{
		"connected":	[{
				"socket":	6,
				"local_host":	"192.168.101.210",
				"local_port":	33094,
				"remote_host":	"192.168.100.168",
				"remote_port":	5202
			}],
		"version":	"iperf 3.11",
		"system_info":	"Linux f1 6.0.10-300.fc37.x86_64 #1 SMP PREEMPT_DYNAMIC Sat Nov 26 16:55:13 UTC 2022 x86_64",
		"timestamp":	{
			"time":	"Fri, 09 Dec 2022 22:54:40 GMT",
			"timesecs":	1670626480
		},
		"connecting_to":	{
			"host":	"192.168.100.168",
			"port":	5202
		},
		"cookie":	"hysi4s33yind22b4acg4bmwgluygsl3hqlzi",
		"tcp_mss_default":	1448,
		"target_bitrate":	0,
		"sock_bufsize":	0,
		"sndbuf_actual":	16384,
		"rcvbuf_actual":	131072,
		"test_start":	{
			"protocol":	"TCP",
			"num_streams":	1,
			"blksize":	131072,
			"omit":	0,
			"duration":	10,
			"bytes":	0,
			"blocks":	0,
			"reverse":	0,
			"tos":	0,
			"target_bitrate":	0
		}
	},
	"intervals":	[{
			"streams":	[{
					"socket":	6,
					"start":	0,
					"end":	1.000071,
					"seconds":	1.0000710487365723,
					"bytes":	1734704,
					"bits_per_second":	13876646.081828026,
					"retransmits":	0,
					"snd_cwnd":	209960,
					"snd_wnd":	326144,
					"rtt":	205900,
					"rttvar":	9009,
					"pmtu":	1500,
					"omitted":	false,
					"sender":	true
				}],
			"sum":	{
				"start":	0,
				"end":	1.000071,
				"seconds":	1.0000710487365723,
				"bytes":	1734704,
				"bits_per_second":	13876646.081828026,
				"retransmits":	0,
				"omitted":	false,
				"sender":	true
			}
		}, {
			"streams":	[{
					"socket":	6,
					"start":	1.000071,
					"end":	2.000517,
					"seconds":	1.0004459619522095,
					"bytes":	2019960,
					"bits_per_second":	16152476.609997988,
					"retransmits":	0,
					"snd_cwnd":	447432,
					"snd_wnd":	1270144,
					"rtt":	497421,
					"rttvar":	6341,
					"pmtu":	1500,
					"omitted":	false,
					"sender":	true
				}],
			"sum":	{
				"start":	1.000071,
				"end":	2.000517,
				"seconds":	1.0004459619522095,
				"bytes":	2019960,
				"bits_per_second":	16152476.609997988,
				"retransmits":	0,
				"omitted":	false,
				"sender":	true
			}
		}, {
			"streams":	[{
					"socket":	6,
					"start":	2.000517,
					"end":	3.000557,
					"seconds":	1.0000400543212891,
					"bytes":	1226072,
					"bits_per_second":	9808183.1398812532,
					"retransmits":	0,
					"snd_cwnd":	464808,
					"snd_wnd":	1693184,
					"rtt":	586820,
					"rttvar":	1233,
					"pmtu":	1500,
					"omitted":	false,
					"sender":	true
				}],
			"sum":	{
				"start":	2.000517,
				"end":	3.000557,
				"seconds":	1.0000400543212891,
				"bytes":	1226072,
				"bits_per_second":	9808183.1398812532,
				"retransmits":	0,
				"omitted":	false,
				"sender":	true
			}
		}, {
			"streams":	[{
					"socket":	6,
					"start":	3.000557,
					"end":	4.000081,
					"seconds":	0.99952399730682373,
					"bytes":	1310720,
					"bits_per_second":	10490753.626979891,
					"retransmits":	0,
					"snd_cwnd":	535760,
					"snd_wnd":	1693184,
					"rtt":	611636,
					"rttvar":	231,
					"pmtu":	1500,
					"omitted":	false,
					"sender":	true
				}],
			"sum":	{
				"start":	3.000557,
				"end":	4.000081,
				"seconds":	0.99952399730682373,
				"bytes":	1310720,
				"bits_per_second":	10490753.626979891,
				"retransmits":	0,
				"omitted":	false,
				"sender":	true
			}
		}, {
			"streams":	[{
					"socket":	6,
					"start":	4.000081,
					"end":	5.001042,
					"seconds":	1.0009609460830688,
					"bytes":	0,
					"bits_per_second":	0,
					"retransmits":	0,
					"snd_cwnd":	396752,
					"snd_wnd":	1693184,
					"rtt":	489497,
					"rttvar":	751,
					"pmtu":	1500,
					"omitted":	false,
					"sender":	true
				}],
			"sum":	{
				"start":	4.000081,
				"end":	5.001042,
				"seconds":	1.0009609460830688,
				"bytes":	0,
				"bits_per_second":	0,
				"retransmits":	0,
				"omitted":	false,
				"sender":	true
			}
		}, {
			"streams":	[{
					"socket":	6,
					"start":	5.001042,
					"end":	6.001033,
					"seconds":	0.999990999698639,
					"bytes":	0,
					"bits_per_second":	0,
					"retransmits":	0,
					"snd_cwnd":	396752,
					"snd_wnd":	1693184,
					"rtt":	599050,
					"rttvar":	1004,
					"pmtu":	1500,
					"omitted":	false,
					"sender":	true
				}],
			"sum":	{
				"start":	5.001042,
				"end":	6.001033,
				"seconds":	0.999990999698639,
				"bytes":	0,
				"bits_per_second":	0,
				"retransmits":	0,
				"omitted":	false,
				"sender":	true
			}
		}, {
			"streams":	[{
					"socket":	6,
					"start":	6.001033,
					"end":	7.000879,
					"seconds":	0.99984598159790039,
					"bytes":	1310720,
					"bits_per_second":	10487375.248778036,
					"retransmits":	0,
					"snd_cwnd":	396752,
					"snd_wnd":	1693184,
					"rtt":	620429,
					"rttvar":	675,
					"pmtu":	1500,
					"omitted":	false,
					"sender":	true
				}],
			"sum":	{
				"start":	6.001033,
				"end":	7.000879,
				"seconds":	0.99984598159790039,
				"bytes":	1310720,
				"bits_per_second":	10487375.248778036,
				"retransmits":	0,
				"omitted":	false,
				"sender":	true
			}
		}, {
			"streams":	[{
					"socket":	6,
					"start":	7.000879,
					"end":	8.001027,
					"seconds":	1.0001480579376221,
					"bytes":	0,
					"bits_per_second":	0,
					"retransmits":	0,
					"snd_cwnd":	396752,
					"snd_wnd":	1693184,
					"rtt":	643347,
					"rttvar":	1672,
					"pmtu":	1500,
					"omitted":	false,
					"sender":	true
				}],
			"sum":	{
				"start":	7.000879,
				"end":	8.001027,
				"seconds":	1.0001480579376221,
				"bytes":	0,
				"bits_per_second":	0,
				"retransmits":	0,
				"omitted":	false,
				"sender":	true
			}
		}, {
			"streams":	[{
					"socket":	6,
					"start":	8.001027,
					"end":	9.00038,
					"seconds":	0.999352991580963,
					"bytes":	1310720,
					"bits_per_second":	10492548.767389655,
					"retransmits":	0,
					"snd_cwnd":	321456,
					"snd_wnd":	1693184,
					"rtt":	678564,
					"rttvar":	1646,
					"pmtu":	1500,
					"omitted":	false,
					"sender":	true
				}],
			"sum":	{
				"start":	8.001027,
				"end":	9.00038,
				"seconds":	0.999352991580963,
				"bytes":	1310720,
				"bits_per_second":	10492548.767389655,
				"retransmits":	0,
				"omitted":	false,
				"sender":	true
			}
		}, {
			"streams":	[{
					"socket":	6,
					"start":	9.00038,
					"end":	10.001036,
					"seconds":	1.0006560087203979,
					"bytes":	0,
					"bits_per_second":	0,
					"retransmits":	0,
					"snd_cwnd":	321456,
					"snd_wnd":	1693184,
					"rtt":	687125,
					"rttvar":	3840,
					"pmtu":	1500,
					"omitted":	false,
					"sender":	true
				}],
			"sum":	{
				"start":	9.00038,
				"end":	10.001036,
				"seconds":	1.0006560087203979,
				"bytes":	0,
				"bits_per_second":	0,
				"retransmits":	0,
				"omitted":	false,
				"sender":	true
			}
		}],
	"end":	{
		"streams":	[{
				"sender":	{
					"socket":	6,
					"start":	0,
					"end":	10.001036,
					"seconds":	10.001036,
					"bytes":	8912896,
					"bits_per_second":	7129578.1757009979,
					"retransmits":	0,
					"max_snd_cwnd":	535760,
					"max_snd_wnd":	1693184,
					"max_rtt":	687125,
					"min_rtt":	205900,
					"mean_rtt":	561978,
					"sender":	true
				},
				"receiver":	{
					"socket":	6,
					"start":	0,
					"end":	10.758731,
					"seconds":	10.001036,
					"bytes":	6277080,
					"bits_per_second":	4667524.4506066749,
					"sender":	true
				}
			}],
		"sum_sent":	{
			"start":	0,
			"end":	10.001036,
			"seconds":	10.001036,
			"bytes":	8912896,
			"bits_per_second":	7129578.1757009979,
			"retransmits":	0,
			"sender":	true
		},
		"sum_received":	{
			"start":	0,
			"end":	10.758731,
			"seconds":	10.758731,
			"bytes":	6277080,
			"bits_per_second":	4667524.4506066749,
			"sender":	true
		},
		"cpu_utilization_percent":	{
			"host_total":	1.8722700632301124,
			"host_user":	0.35148514484864912,
			"host_system":	1.520784918381463,
			"remote_total":	0.52866765860401543,
			"remote_user":	0.058445483970991412,
			"remote_system":	0.47022217463302413
		},
		"sender_tcp_congestion":	"bbr",
		"receiver_tcp_congestion":	"bbr"
	}
}
