{
	"start":	{
		"connected":	[{
				"socket":	6,
				"local_host":	"192.168.101.210",
				"local_port":	35742,
				"remote_host":	"192.168.100.168",
				"remote_port":	5202
			}],
		"version":	"iperf 3.11",
		"system_info":	"Linux f1 6.0.10-300.fc37.x86_64 #1 SMP PREEMPT_DYNAMIC Sat Nov 26 16:55:13 UTC 2022 x86_64",
		"timestamp":	{
			"time":	"Fri, 09 Dec 2022 22:51:11 GMT",
			"timesecs":	1670626271
		},
		"connecting_to":	{
			"host":	"192.168.100.168",
			"port":	5202
		},
		"cookie":	"2dpblrifhv6xw5fo64of2wrduwb445m2dfqt",
		"tcp_mss_default":	1448,
		"target_bitrate":	0,
		"sock_bufsize":	0,
		"sndbuf_actual":	16384,
		"rcvbuf_actual":	131072,
		"test_start":	{
			"protocol":	"TCP",
			"num_streams":	1,
			"blksize":	131072,
			"omit":	0,
			"duration":	10,
			"bytes":	0,
			"blocks":	0,
			"reverse":	0,
			"tos":	0,
			"target_bitrate":	0
		}
	},
	"intervals":	[{
			"streams":	[{
					"socket":	6,
					"start":	0,
					"end":	1.000078,
					"seconds":	1.0000779628753662,
					"bytes":	2099600,
					"bits_per_second":	16795490.575261567,
					"retransmits":	50,
					"snd_cwnd":	191136,
					"snd_wnd":	794752,
					"rtt":	152562,
					"rttvar":	195,
					"pmtu":	1500,
					"omitted":	false,
					"sender":	true
				}],
			"sum":	{
				"start":	0,
				"end":	1.000078,
				"seconds":	1.0000779628753662,
				"bytes":	2099600,
				"bits_per_second":	16795490.575261567,
				"retransmits":	50,
				"omitted":	false,
				"sender":	true
			}
		}, {
			"streams":	[{
					"socket":	6,
					"start":	1.000078,
					"end":	2.000684,
					"seconds":	1.0006059408187866,
					"bytes":	651600,
					"bits_per_second":	5209643.2644947255,
					"retransmits":	40,
					"snd_cwnd":	176656,
					"snd_wnd":	2396288,
					"rtt":	132850,
					"rttvar":	829,
					"pmtu":	1500,
					"omitted":	false,
					"sender":	true
				}],
			"sum":	{
				"start":	1.000078,
				"end":	2.000684,
				"seconds":	1.0006059408187866,
				"bytes":	651600,
				"bits_per_second":	5209643.2644947255,
				"retransmits":	40,
				"omitted":	false,
				"sender":	true
			}
		}, {
			"streams":	[{
					"socket":	6,
					"start":	2.000684,
					"end":	3.000195,
					"seconds":	0.9995110034942627,
					"bytes":	1303200,
					"bits_per_second":	10430700.576134121,
					"retransmits":	4,
					"snd_cwnd":	162176,
					"snd_wnd":	2450816,
					"rtt":	125530,
					"rttvar":	451,
					"pmtu":	1500,
					"omitted":	false,
					"sender":	true
				}],
			"sum":	{
				"start":	2.000684,
				"end":	3.000195,
				"seconds":	0.9995110034942627,
				"bytes":	1303200,
				"bits_per_second":	10430700.576134121,
				"retransmits":	4,
				"omitted":	false,
				"sender":	true
			}
		}, {
			"streams":	[{
					"socket":	6,
					"start":	3.000195,
					"end":	4.00045,
					"seconds":	1.0002549886703491,
					"bytes":	651600,
					"bits_per_second":	5211471.1339050028,
					"retransmits":	4,
					"snd_cwnd":	162176,
					"snd_wnd":	2450816,
					"rtt":	129813,
					"rttvar":	859,
					"pmtu":	1500,
					"omitted":	false,
					"sender":	true
				}],
			"sum":	{
				"start":	3.000195,
				"end":	4.00045,
				"seconds":	1.0002549886703491,
				"bytes":	651600,
				"bits_per_second":	5211471.1339050028,
				"retransmits":	4,
				"omitted":	false,
				"sender":	true
			}
		}, {
			"streams":	[{
					"socket":	6,
					"start":	4.00045,
					"end":	5.000071,
					"seconds":	0.99962097406387329,
					"bytes":	1303200,
					"bits_per_second":	10429553.071116162,
					"retransmits":	0,
					"snd_cwnd":	167968,
					"snd_wnd":	2450816,
					"rtt":	145272,
					"rttvar":	2928,
					"pmtu":	1500,
					"omitted":	false,
					"sender":	true
				}],
			"sum":	{
				"start":	4.00045,
				"end":	5.000071,
				"seconds":	0.99962097406387329,
				"bytes":	1303200,
				"bits_per_second":	10429553.071116162,
				"retransmits":	0,
				"omitted":	false,
				"sender":	true
			}
		}, {
			"streams":	[{
					"socket":	6,
					"start":	5.000071,
					"end":	6.000348,
					"seconds":	1.000277042388916,
					"bytes":	651600,
					"bits_per_second":	5211356.2334196,
					"retransmits":	10,
					"snd_cwnd":	165072,
					"snd_wnd":	2450816,
					"rtt":	145227,
					"rttvar":	614,
					"pmtu":	1500,
					"omitted":	false,
					"sender":	true
				}],
			"sum":	{
				"start":	5.000071,
				"end":	6.000348,
				"seconds":	1.000277042388916,
				"bytes":	651600,
				"bits_per_second":	5211356.2334196,
				"retransmits":	10,
				"omitted":	false,
				"sender":	true
			}
		}, {
			"streams":	[{
					"socket":	6,
					"start":	6.000348,
					"end":	7.000672,
					"seconds":	1.000324010848999,
					"bytes":	651600,
					"bits_per_second":	5211111.5433246186,
					"retransmits":	6,
					"snd_cwnd":	167968,
					"snd_wnd":	2450816,
					"rtt":	136382,
					"rttvar":	704,
					"pmtu":	1500,
					"omitted":	false,
					"sender":	true
				}],
			"sum":	{
				"start":	6.000348,
				"end":	7.000672,
				"seconds":	1.000324010848999,
				"bytes":	651600,
				"bits_per_second":	5211111.5433246186,
				"retransmits":	6,
				"omitted":	false,
				"sender":	true
			}
		}, {
			"streams":	[{
					"socket":	6,
					"start":	7.000672,
					"end":	8.000314,
					"seconds":	0.999642014503479,
					"bytes":	1303200,
					"bits_per_second":	10429333.550149333,
					"retransmits":	8,
					"snd_cwnd":	167968,
					"snd_wnd":	2450816,
					"rtt":	139552,
					"rttvar":	2757,
					"pmtu":	1500,
					"omitted":	false,
					"sender":	true
				}],
			"sum":	{
				"start":	7.000672,
				"end":	8.000314,
				"seconds":	0.999642014503479,
				"bytes":	1303200,
				"bits_per_second":	10429333.550149333,
				"retransmits":	8,
				"omitted":	false,
				"sender":	true
			}
		}, {
			"streams":	[{
					"socket":	6,
					"start":	8.000314,
					"end":	9.000628,
					"seconds":	1.0003139972686768,
					"bytes":	651600,
					"bits_per_second":	5211163.7088288,
					"retransmits":	4,
					"snd_cwnd":	170864,
					"snd_wnd":	2450816,
					"rtt":	139887,
					"rttvar":	544,
					"pmtu":	1500,
					"omitted":	false,
					"sender":	true
				}],
			"sum":	{
				"start":	8.000314,
				"end":	9.000628,
				"seconds":	1.0003139972686768,
				"bytes":	651600,
				"bits_per_second":	5211163.7088288,
				"retransmits":	4,
				"omitted":	false,
				"sender":	true
			}
		}, {
			"streams":	[{
					"socket":	6,
					"start":	9.000628,
					"end":	10.000256,
					"seconds":	0.99962800741195679,
					"bytes":	1303200,
					"bits_per_second":	10429479.689141508,
					"retransmits":	10,
					"snd_cwnd":	179552,
					"snd_wnd":	2449664,
					"rtt":	130459,
					"rttvar":	1405,
					"pmtu":	1500,
					"omitted":	false,
					"sender":	true
				}],
			"sum":	{
				"start":	9.000628,
				"end":	10.000256,
				"seconds":	0.99962800741195679,
				"bytes":	1303200,
				"bits_per_second":	10429479.689141508,
				"retransmits":	10,
				"omitted":	false,
				"sender":	true
			}
		}],
	"end":	{
		"streams":	[{
				"sender":	{
					"socket":	6,
					"start":	0,
					"end":	10.000256,
					"seconds":	10.000256,
					"bytes":	10570400,
					"bits_per_second":	8456103.52374979,
					"retransmits":	136,
					"max_snd_cwnd":	191136,
					"max_snd_wnd":	2450816,
					"max_rtt":	152562,
					"min_rtt":	125530,
					"mean_rtt":	137753,
					"sender":	true
				},
				"receiver":	{
					"socket":	6,
					"start":	0,
					"end":	10.132579,
					"seconds":	10.000256,
					"bytes":	9115160,
					"bits_per_second":	7196714.6764905564,
					"sender":	true
				}
			}],
		"sum_sent":	{
			"start":	0,
			"end":	10.000256,
			"seconds":	10.000256,
			"bytes":	10570400,
			"bits_per_second":	8456103.52374979,
			"retransmits":	136,
			"sender":	true
		},
		"sum_received":	{
			"start":	0,
			"end":	10.132579,
			"seconds":	10.132579,
			"bytes":	9115160,
			"bits_per_second":	7196714.6764905564,
			"sender":	true
		},
		"cpu_utilization_percent":	{
			"host_total":	0.76398756723244932,
			"host_user":	0.0908452823983698,
			"host_system":	0.67315199156368721,
			"remote_total":	0.727523188031342,
			"remote_user":	0.067899664034830956,
			"remote_system":	0.659623523996511
		},
		"sender_tcp_congestion":	"bbr",
		"receiver_tcp_congestion":	"bbr"
	}
}
