{
	"start":	{
		"connected":	[{
				"socket":	6,
				"local_host":	"192.168.101.210",
				"local_port":	38132,
				"remote_host":	"192.168.100.168",
				"remote_port":	5202
			}],
		"version":	"iperf 3.11",
		"system_info":	"Linux f1 6.0.10-300.fc37.x86_64 #1 SMP PREEMPT_DYNAMIC Sat Nov 26 16:55:13 UTC 2022 x86_64",
		"timestamp":	{
			"time":	"Fri, 09 Dec 2022 23:18:27 GMT",
			"timesecs":	1670627907
		},
		"connecting_to":	{
			"host":	"192.168.100.168",
			"port":	5202
		},
		"cookie":	"fl264yfmucldfasxj73r5jvhhuwumddt63va",
		"tcp_mss_default":	1448,
		"target_bitrate":	0,
		"sock_bufsize":	0,
		"sndbuf_actual":	16384,
		"rcvbuf_actual":	131072,
		"test_start":	{
			"protocol":	"TCP",
			"num_streams":	1,
			"blksize":	131072,
			"omit":	0,
			"duration":	10,
			"bytes":	0,
			"blocks":	0,
			"reverse":	0,
			"tos":	0,
			"target_bitrate":	0
		}
	},
	"intervals":	[{
			"streams":	[{
					"socket":	6,
					"start":	0,
					"end":	1.000084,
					"seconds":	1.0000840425491333,
					"bytes":	1789728,
					"bits_per_second":	14316620.794693438,
					"retransmits":	0,
					"snd_cwnd":	209960,
					"snd_wnd":	337280,
					"rtt":	200103,
					"rttvar":	7,
					"pmtu":	1500,
					"omitted":	false,
					"sender":	true
				}],
			"sum":	{
				"start":	0,
				"end":	1.000084,
				"seconds":	1.0000840425491333,
				"bytes":	1789728,
				"bits_per_second":	14316620.794693438,
				"retransmits":	0,
				"omitted":	false,
				"sender":	true
			}
		}, {
			"streams":	[{
					"socket":	6,
					"start":	1.000084,
					"end":	2.000282,
					"seconds":	1.0001980066299438,
					"bytes":	4632800,
					"bits_per_second":	37055062.851882339,
					"retransmits":	484,
					"snd_cwnd":	2441328,
					"snd_wnd":	3142400,
					"rtt":	208074,
					"rttvar":	355,
					"pmtu":	1500,
					"omitted":	false,
					"sender":	true
				}],
			"sum":	{
				"start":	1.000084,
				"end":	2.000282,
				"seconds":	1.0001980066299438,
				"bytes":	4632800,
				"bits_per_second":	37055062.851882339,
				"retransmits":	484,
				"omitted":	false,
				"sender":	true
			}
		}, {
			"streams":	[{
					"socket":	6,
					"start":	2.000282,
					"end":	3.000072,
					"seconds":	0.9997900128364563,
					"bytes":	7864320,
					"bits_per_second":	62927774.02477558,
					"retransmits":	2083,
					"snd_cwnd":	1879504,
					"snd_wnd":	2453248,
					"rtt":	200166,
					"rttvar":	303,
					"pmtu":	1500,
					"omitted":	false,
					"sender":	true
				}],
			"sum":	{
				"start":	2.000282,
				"end":	3.000072,
				"seconds":	0.9997900128364563,
				"bytes":	7864320,
				"bits_per_second":	62927774.02477558,
				"retransmits":	2083,
				"omitted":	false,
				"sender":	true
			}
		}, {
			"streams":	[{
					"socket":	6,
					"start":	3.000072,
					"end":	4.000498,
					"seconds":	1.0004260540008545,
					"bytes":	3932160,
					"bits_per_second":	31443883.207756933,
					"retransmits":	2029,
					"snd_cwnd":	3980552,
					"snd_wnd":	2627712,
					"rtt":	205078,
					"rttvar":	1492,
					"pmtu":	1500,
					"omitted":	false,
					"sender":	true
				}],
			"sum":	{
				"start":	3.000072,
				"end":	4.000498,
				"seconds":	1.0004260540008545,
				"bytes":	3932160,
				"bits_per_second":	31443883.207756933,
				"retransmits":	2029,
				"omitted":	false,
				"sender":	true
			}
		}, {
			"streams":	[{
					"socket":	6,
					"start":	4.000498,
					"end":	5.000091,
					"seconds":	0.99959301948547363,
					"bytes":	7864320,
					"bits_per_second":	62940175.424978837,
					"retransmits":	495,
					"snd_cwnd":	4694416,
					"snd_wnd":	3145728,
					"rtt":	200076,
					"rttvar":	10,
					"pmtu":	1500,
					"omitted":	false,
					"sender":	true
				}],
			"sum":	{
				"start":	4.000498,
				"end":	5.000091,
				"seconds":	0.99959301948547363,
				"bytes":	7864320,
				"bits_per_second":	62940175.424978837,
				"retransmits":	495,
				"omitted":	false,
				"sender":	true
			}
		}, {
			"streams":	[{
					"socket":	6,
					"start":	5.000091,
					"end":	6.000071,
					"seconds":	0.99997997283935547,
					"bytes":	11796480,
					"bits_per_second":	94373730.0378521,
					"retransmits":	0,
					"snd_cwnd":	4873968,
					"snd_wnd":	3145728,
					"rtt":	204116,
					"rttvar":	1233,
					"pmtu":	1500,
					"omitted":	false,
					"sender":	true
				}],
			"sum":	{
				"start":	5.000091,
				"end":	6.000071,
				"seconds":	0.99997997283935547,
				"bytes":	11796480,
				"bits_per_second":	94373730.0378521,
				"retransmits":	0,
				"omitted":	false,
				"sender":	true
			}
		}, {
			"streams":	[{
					"socket":	6,
					"start":	6.000071,
					"end":	7.000079,
					"seconds":	1.0000079870224,
					"bytes":	9175040,
					"bits_per_second":	73399733.754682347,
					"retransmits":	216,
					"snd_cwnd":	4891344,
					"snd_wnd":	3145728,
					"rtt":	200722,
					"rttvar":	19,
					"pmtu":	1500,
					"omitted":	false,
					"sender":	true
				}],
			"sum":	{
				"start":	6.000071,
				"end":	7.000079,
				"seconds":	1.0000079870224,
				"bytes":	9175040,
				"bits_per_second":	73399733.754682347,
				"retransmits":	216,
				"omitted":	false,
				"sender":	true
			}
		}, {
			"streams":	[{
					"socket":	6,
					"start":	7.000079,
					"end":	8.000096,
					"seconds":	1.0000170469284058,
					"bytes":	9175040,
					"bits_per_second":	73399068.7713296,
					"retransmits":	35,
					"snd_cwnd":	4824736,
					"snd_wnd":	3145728,
					"rtt":	200097,
					"rttvar":	21,
					"pmtu":	1500,
					"omitted":	false,
					"sender":	true
				}],
			"sum":	{
				"start":	7.000079,
				"end":	8.000096,
				"seconds":	1.0000170469284058,
				"bytes":	9175040,
				"bits_per_second":	73399068.7713296,
				"retransmits":	35,
				"omitted":	false,
				"sender":	true
			}
		}, {
			"streams":	[{
					"socket":	6,
					"start":	8.000096,
					"end":	9.00022,
					"seconds":	1.0001239776611328,
					"bytes":	10485760,
					"bits_per_second":	83875681.289207846,
					"retransmits":	189,
					"snd_cwnd":	2538344,
					"snd_wnd":	3145728,
					"rtt":	208598,
					"rttvar":	588,
					"pmtu":	1500,
					"omitted":	false,
					"sender":	true
				}],
			"sum":	{
				"start":	8.000096,
				"end":	9.00022,
				"seconds":	1.0001239776611328,
				"bytes":	10485760,
				"bits_per_second":	83875681.289207846,
				"retransmits":	189,
				"omitted":	false,
				"sender":	true
			}
		}, {
			"streams":	[{
					"socket":	6,
					"start":	9.00022,
					"end":	10.000113,
					"seconds":	0.99989300966262817,
					"bytes":	10485760,
					"bits_per_second":	83895055.960341,
					"retransmits":	99,
					"snd_cwnd":	4879760,
					"snd_wnd":	3145728,
					"rtt":	200088,
					"rttvar":	4,
					"pmtu":	1500,
					"omitted":	false,
					"sender":	true
				}],
			"sum":	{
				"start":	9.00022,
				"end":	10.000113,
				"seconds":	0.99989300966262817,
				"bytes":	10485760,
				"bits_per_second":	83895055.960341,
				"retransmits":	99,
				"omitted":	false,
				"sender":	true
			}
		}],
	"end":	{
		"streams":	[{
				"sender":	{
					"socket":	6,
					"start":	0,
					"end":	10.000113,
					"seconds":	10.000113,
					"bytes":	77201408,
					"bits_per_second":	61760428.507157862,
					"retransmits":	5630,
					"max_snd_cwnd":	4891344,
					"max_snd_wnd":	3145728,
					"max_rtt":	208598,
					"min_rtt":	200076,
					"mean_rtt":	202711,
					"sender":	true
				},
				"receiver":	{
					"socket":	6,
					"start":	0,
					"end":	10.200211,
					"seconds":	10.000113,
					"bytes":	76715256,
					"bits_per_second":	60167583.592143342,
					"sender":	true
				}
			}],
		"sum_sent":	{
			"start":	0,
			"end":	10.000113,
			"seconds":	10.000113,
			"bytes":	77201408,
			"bits_per_second":	61760428.507157862,
			"retransmits":	5630,
			"sender":	true
		},
		"sum_received":	{
			"start":	0,
			"end":	10.200211,
			"seconds":	10.200211,
			"bytes":	76715256,
			"bits_per_second":	60167583.592143342,
			"sender":	true
		},
		"cpu_utilization_percent":	{
			"host_total":	1.9639600721661425,
			"host_user":	0.25933260853645068,
			"host_system":	1.7046274636296919,
			"remote_total":	1.470742355338702,
			"remote_user":	0.12065422491253376,
			"remote_system":	1.350088130426168
		},
		"sender_tcp_congestion":	"bbr",
		"receiver_tcp_congestion":	"bbr"
	}
}
