{
	"start":	{
		"connected":	[{
				"socket":	6,
				"local_host":	"192.168.101.210",
				"local_port":	48258,
				"remote_host":	"192.168.100.168",
				"remote_port":	5202
			}],
		"version":	"iperf 3.11",
		"system_info":	"Linux f1 6.0.10-300.fc37.x86_64 #1 SMP PREEMPT_DYNAMIC Sat Nov 26 16:55:13 UTC 2022 x86_64",
		"timestamp":	{
			"time":	"Fri, 09 Dec 2022 23:16:32 GMT",
			"timesecs":	1670627792
		},
		"connecting_to":	{
			"host":	"192.168.100.168",
			"port":	5202
		},
		"cookie":	"txlbatg3zmthck2ix245nh4o6yyaoxbgzn7q",
		"tcp_mss_default":	1448,
		"target_bitrate":	0,
		"sock_bufsize":	0,
		"sndbuf_actual":	16384,
		"rcvbuf_actual":	131072,
		"test_start":	{
			"protocol":	"TCP",
			"num_streams":	1,
			"blksize":	131072,
			"omit":	0,
			"duration":	10,
			"bytes":	0,
			"blocks":	0,
			"reverse":	0,
			"tos":	0,
			"target_bitrate":	0
		}
	},
	"intervals":	[{
			"streams":	[{
					"socket":	6,
					"start":	0,
					"end":	1.000158,
					"seconds":	1.0001579523086548,
					"bytes":	5505024,
					"bits_per_second":	44033236.848582223,
					"retransmits":	26,
					"snd_cwnd":	1581216,
					"snd_wnd":	3011840,
					"rtt":	180856,
					"rttvar":	1235,
					"pmtu":	1500,
					"omitted":	false,
					"sender":	true
				}],
			"sum":	{
				"start":	0,
				"end":	1.000158,
				"seconds":	1.0001579523086548,
				"bytes":	5505024,
				"bits_per_second":	44033236.848582223,
				"retransmits":	26,
				"omitted":	false,
				"sender":	true
			}
		}, {
			"streams":	[{
					"socket":	6,
					"start":	1.000158,
					"end":	2.000068,
					"seconds":	0.999909996986389,
					"bytes":	6553600,
					"bits_per_second":	52433519.174739949,
					"retransmits":	815,
					"snd_cwnd":	1688368,
					"snd_wnd":	3143552,
					"rtt":	131683,
					"rttvar":	610,
					"pmtu":	1500,
					"omitted":	false,
					"sender":	true
				}],
			"sum":	{
				"start":	1.000158,
				"end":	2.000068,
				"seconds":	0.999909996986389,
				"bytes":	6553600,
				"bits_per_second":	52433519.174739949,
				"retransmits":	815,
				"omitted":	false,
				"sender":	true
			}
		}, {
			"streams":	[{
					"socket":	6,
					"start":	2.000068,
					"end":	3.000186,
					"seconds":	1.0001180171966553,
					"bytes":	5242880,
					"bits_per_second":	41938090.5841162,
					"retransmits":	0,
					"snd_cwnd":	1439312,
					"snd_wnd":	3143552,
					"rtt":	152549,
					"rttvar":	206,
					"pmtu":	1500,
					"omitted":	false,
					"sender":	true
				}],
			"sum":	{
				"start":	2.000068,
				"end":	3.000186,
				"seconds":	1.0001180171966553,
				"bytes":	5242880,
				"bits_per_second":	41938090.5841162,
				"retransmits":	0,
				"omitted":	false,
				"sender":	true
			}
		}, {
			"streams":	[{
					"socket":	6,
					"start":	3.000186,
					"end":	4.000197,
					"seconds":	1.0000109672546387,
					"bytes":	6553600,
					"bits_per_second":	52428225.0063061,
					"retransmits":	0,
					"snd_cwnd":	1474064,
					"snd_wnd":	3143552,
					"rtt":	180139,
					"rttvar":	1006,
					"pmtu":	1500,
					"omitted":	false,
					"sender":	true
				}],
			"sum":	{
				"start":	3.000186,
				"end":	4.000197,
				"seconds":	1.0000109672546387,
				"bytes":	6553600,
				"bits_per_second":	52428225.0063061,
				"retransmits":	0,
				"omitted":	false,
				"sender":	true
			}
		}, {
			"streams":	[{
					"socket":	6,
					"start":	4.000197,
					"end":	5.000107,
					"seconds":	0.999909996986389,
					"bytes":	7864320,
					"bits_per_second":	62920223.009687938,
					"retransmits":	20,
					"snd_cwnd":	1670992,
					"snd_wnd":	3145728,
					"rtt":	135144,
					"rttvar":	608,
					"pmtu":	1500,
					"omitted":	false,
					"sender":	true
				}],
			"sum":	{
				"start":	4.000197,
				"end":	5.000107,
				"seconds":	0.999909996986389,
				"bytes":	7864320,
				"bits_per_second":	62920223.009687938,
				"retransmits":	20,
				"omitted":	false,
				"sender":	true
			}
		}, {
			"streams":	[{
					"socket":	6,
					"start":	5.000107,
					"end":	6.000072,
					"seconds":	0.999965012073517,
					"bytes":	7864320,
					"bits_per_second":	62916761.32701987,
					"retransmits":	0,
					"snd_cwnd":	1624656,
					"snd_wnd":	3145728,
					"rtt":	157552,
					"rttvar":	243,
					"pmtu":	1500,
					"omitted":	false,
					"sender":	true
				}],
			"sum":	{
				"start":	5.000107,
				"end":	6.000072,
				"seconds":	0.999965012073517,
				"bytes":	7864320,
				"bits_per_second":	62916761.32701987,
				"retransmits":	0,
				"omitted":	false,
				"sender":	true
			}
		}, {
			"streams":	[{
					"socket":	6,
					"start":	6.000072,
					"end":	7.000181,
					"seconds":	1.0001089572906494,
					"bytes":	6553600,
					"bits_per_second":	52423088.122350715,
					"retransmits":	3,
					"snd_cwnd":	1682576,
					"snd_wnd":	3145728,
					"rtt":	171506,
					"rttvar":	426,
					"pmtu":	1500,
					"omitted":	false,
					"sender":	true
				}],
			"sum":	{
				"start":	6.000072,
				"end":	7.000181,
				"seconds":	1.0001089572906494,
				"bytes":	6553600,
				"bits_per_second":	52423088.122350715,
				"retransmits":	3,
				"omitted":	false,
				"sender":	true
			}
		}, {
			"streams":	[{
					"socket":	6,
					"start":	7.000181,
					"end":	8.000143,
					"seconds":	0.9999619722366333,
					"bytes":	7864320,
					"bits_per_second":	62916952.590984881,
					"retransmits":	139,
					"snd_cwnd":	1337952,
					"snd_wnd":	3145728,
					"rtt":	182075,
					"rttvar":	493,
					"pmtu":	1500,
					"omitted":	false,
					"sender":	true
				}],
			"sum":	{
				"start":	7.000181,
				"end":	8.000143,
				"seconds":	0.9999619722366333,
				"bytes":	7864320,
				"bits_per_second":	62916952.590984881,
				"retransmits":	139,
				"omitted":	false,
				"sender":	true
			}
		}, {
			"streams":	[{
					"socket":	6,
					"start":	8.000143,
					"end":	9.000166,
					"seconds":	1.0000230073928833,
					"bytes":	7864320,
					"bits_per_second":	62913112.533302434,
					"retransmits":	72,
					"snd_cwnd":	1847648,
					"snd_wnd":	3145728,
					"rtt":	135977,
					"rttvar":	744,
					"pmtu":	1500,
					"omitted":	false,
					"sender":	true
				}],
			"sum":	{
				"start":	8.000143,
				"end":	9.000166,
				"seconds":	1.0000230073928833,
				"bytes":	7864320,
				"bits_per_second":	62913112.533302434,
				"retransmits":	72,
				"omitted":	false,
				"sender":	true
			}
		}, {
			"streams":	[{
					"socket":	6,
					"start":	9.000166,
					"end":	10.000069,
					"seconds":	0.99990302324295044,
					"bytes":	9175040,
					"bits_per_second":	73407438.8153596,
					"retransmits":	0,
					"snd_cwnd":	1763664,
					"snd_wnd":	3145728,
					"rtt":	158250,
					"rttvar":	500,
					"pmtu":	1500,
					"omitted":	false,
					"sender":	true
				}],
			"sum":	{
				"start":	9.000166,
				"end":	10.000069,
				"seconds":	0.99990302324295044,
				"bytes":	9175040,
				"bits_per_second":	73407438.8153596,
				"retransmits":	0,
				"omitted":	false,
				"sender":	true
			}
		}],
	"end":	{
		"streams":	[{
				"sender":	{
					"socket":	6,
					"start":	0,
					"end":	10.000069,
					"seconds":	10.000069,
					"bytes":	71041024,
					"bits_per_second":	56832427.056253314,
					"retransmits":	1075,
					"max_snd_cwnd":	1847648,
					"max_snd_wnd":	3145728,
					"max_rtt":	182075,
					"min_rtt":	131683,
					"mean_rtt":	158573,
					"sender":	true
				},
				"receiver":	{
					"socket":	6,
					"start":	0,
					"end":	10.16203,
					"seconds":	10.000069,
					"bytes":	68652576,
					"bits_per_second":	54046347.826172531,
					"sender":	true
				}
			}],
		"sum_sent":	{
			"start":	0,
			"end":	10.000069,
			"seconds":	10.000069,
			"bytes":	71041024,
			"bits_per_second":	56832427.056253314,
			"retransmits":	1075,
			"sender":	true
		},
		"sum_received":	{
			"start":	0,
			"end":	10.16203,
			"seconds":	10.16203,
			"bytes":	68652576,
			"bits_per_second":	54046347.826172531,
			"sender":	true
		},
		"cpu_utilization_percent":	{
			"host_total":	1.1030567165866509,
			"host_user":	0.17356422804151506,
			"host_system":	0.92948287492887127,
			"remote_total":	2.1260111778792337,
			"remote_user":	0.19994026786957531,
			"remote_system":	1.9260709100096585
		},
		"sender_tcp_congestion":	"bbr",
		"receiver_tcp_congestion":	"bbr"
	}
}
