{
	"start":	{
		"connected":	[{
				"socket":	6,
				"local_host":	"192.168.101.210",
				"local_port":	45092,
				"remote_host":	"192.168.100.168",
				"remote_port":	5201
			}],
		"version":	"iperf 3.11",
		"system_info":	"Linux f1 6.0.10-300.fc37.x86_64 #1 SMP PREEMPT_DYNAMIC Sat Nov 26 16:55:13 UTC 2022 x86_64",
		"timestamp":	{
			"time":	"Fri, 09 Dec 2022 23:16:44 GMT",
			"timesecs":	1670627804
		},
		"connecting_to":	{
			"host":	"192.168.100.168",
			"port":	5201
		},
		"cookie":	"b6s2dcskdut4hvuvtafym4iikktop7mlbwpj",
		"tcp_mss_default":	1448,
		"target_bitrate":	0,
		"sock_bufsize":	0,
		"sndbuf_actual":	16384,
		"rcvbuf_actual":	131072,
		"test_start":	{
			"protocol":	"TCP",
			"num_streams":	1,
			"blksize":	131072,
			"omit":	0,
			"duration":	10,
			"bytes":	0,
			"blocks":	0,
			"reverse":	0,
			"tos":	0,
			"target_bitrate":	0
		}
	},
	"intervals":	[{
			"streams":	[{
					"socket":	6,
					"start":	0,
					"end":	1.000092,
					"seconds":	1.0000920295715332,
					"bytes":	6684672,
					"bits_per_second":	53472454.952881858,
					"retransmits":	0,
					"snd_cwnd":	1566736,
					"snd_wnd":	3143552,
					"rtt":	191877,
					"rttvar":	1699,
					"pmtu":	1500,
					"omitted":	false,
					"sender":	true
				}],
			"sum":	{
				"start":	0,
				"end":	1.000092,
				"seconds":	1.0000920295715332,
				"bytes":	6684672,
				"bits_per_second":	53472454.952881858,
				"retransmits":	0,
				"omitted":	false,
				"sender":	true
			}
		}, {
			"streams":	[{
					"socket":	6,
					"start":	1.000092,
					"end":	2.000112,
					"seconds":	1.0000200271606445,
					"bytes":	5242880,
					"bits_per_second":	41942200.01682248,
					"retransmits":	0,
					"snd_cwnd":	1840408,
					"snd_wnd":	3143552,
					"rtt":	304499,
					"rttvar":	262,
					"pmtu":	1500,
					"omitted":	false,
					"sender":	true
				}],
			"sum":	{
				"start":	1.000092,
				"end":	2.000112,
				"seconds":	1.0000200271606445,
				"bytes":	5242880,
				"bits_per_second":	41942200.01682248,
				"retransmits":	0,
				"omitted":	false,
				"sender":	true
			}
		}, {
			"streams":	[{
					"socket":	6,
					"start":	2.000112,
					"end":	3.000186,
					"seconds":	1.000074028968811,
					"bytes":	6553600,
					"bits_per_second":	52424919.037303664,
					"retransmits":	0,
					"snd_cwnd":	2196616,
					"snd_wnd":	3143552,
					"rtt":	323142,
					"rttvar":	283,
					"pmtu":	1500,
					"omitted":	false,
					"sender":	true
				}],
			"sum":	{
				"start":	2.000112,
				"end":	3.000186,
				"seconds":	1.000074028968811,
				"bytes":	6553600,
				"bits_per_second":	52424919.037303664,
				"retransmits":	0,
				"omitted":	false,
				"sender":	true
			}
		}, {
			"streams":	[{
					"socket":	6,
					"start":	3.000186,
					"end":	4.000191,
					"seconds":	1.0000050067901611,
					"bytes":	6553600,
					"bits_per_second":	52428537.501314275,
					"retransmits":	0,
					"snd_cwnd":	2535448,
					"snd_wnd":	3143552,
					"rtt":	350082,
					"rttvar":	455,
					"pmtu":	1500,
					"omitted":	false,
					"sender":	true
				}],
			"sum":	{
				"start":	3.000186,
				"end":	4.000191,
				"seconds":	1.0000050067901611,
				"bytes":	6553600,
				"bits_per_second":	52428537.501314275,
				"retransmits":	0,
				"omitted":	false,
				"sender":	true
			}
		}, {
			"streams":	[{
					"socket":	6,
					"start":	4.000191,
					"end":	5.000122,
					"seconds":	0.99993097782135,
					"bytes":	7864320,
					"bits_per_second":	62918902.7997495,
					"retransmits":	0,
					"snd_cwnd":	2904688,
					"snd_wnd":	3143552,
					"rtt":	343842,
					"rttvar":	190,
					"pmtu":	1500,
					"omitted":	false,
					"sender":	true
				}],
			"sum":	{
				"start":	4.000191,
				"end":	5.000122,
				"seconds":	0.99993097782135,
				"bytes":	7864320,
				"bits_per_second":	62918902.7997495,
				"retransmits":	0,
				"omitted":	false,
				"sender":	true
			}
		}, {
			"streams":	[{
					"socket":	6,
					"start":	5.000122,
					"end":	6.000126,
					"seconds":	1.0000040531158447,
					"bytes":	7864320,
					"bits_per_second":	62914305.001033537,
					"retransmits":	0,
					"snd_cwnd":	3314472,
					"snd_wnd":	3143552,
					"rtt":	384104,
					"rttvar":	121,
					"pmtu":	1500,
					"omitted":	false,
					"sender":	true
				}],
			"sum":	{
				"start":	5.000122,
				"end":	6.000126,
				"seconds":	1.0000040531158447,
				"bytes":	7864320,
				"bits_per_second":	62914305.001033537,
				"retransmits":	0,
				"omitted":	false,
				"sender":	true
			}
		}, {
			"streams":	[{
					"socket":	6,
					"start":	6.000126,
					"end":	7.000126,
					"seconds":	1,
					"bytes":	7864320,
					"bits_per_second":	62914560,
					"retransmits":	0,
					"snd_cwnd":	3317368,
					"snd_wnd":	3143552,
					"rtt":	387919,
					"rttvar":	225,
					"pmtu":	1500,
					"omitted":	false,
					"sender":	true
				}],
			"sum":	{
				"start":	6.000126,
				"end":	7.000126,
				"seconds":	1,
				"bytes":	7864320,
				"bits_per_second":	62914560,
				"retransmits":	0,
				"omitted":	false,
				"sender":	true
			}
		}, {
			"streams":	[{
					"socket":	6,
					"start":	7.000126,
					"end":	8.000084,
					"seconds":	0.99995797872543335,
					"bytes":	9175040,
					"bits_per_second":	73403404.5046148,
					"retransmits":	0,
					"snd_cwnd":	3317368,
					"snd_wnd":	3143552,
					"rtt":	316027,
					"rttvar":	4368,
					"pmtu":	1500,
					"omitted":	false,
					"sender":	true
				}],
			"sum":	{
				"start":	7.000126,
				"end":	8.000084,
				"seconds":	0.99995797872543335,
				"bytes":	9175040,
				"bits_per_second":	73403404.5046148,
				"retransmits":	0,
				"omitted":	false,
				"sender":	true
			}
		}, {
			"streams":	[{
					"socket":	6,
					"start":	8.000084,
					"end":	9.00009,
					"seconds":	1.0000059604644775,
					"bytes":	7864320,
					"bits_per_second":	62914185.002235159,
					"retransmits":	0,
					"snd_cwnd":	3317368,
					"snd_wnd":	3143552,
					"rtt":	357522,
					"rttvar":	3506,
					"pmtu":	1500,
					"omitted":	false,
					"sender":	true
				}],
			"sum":	{
				"start":	8.000084,
				"end":	9.00009,
				"seconds":	1.0000059604644775,
				"bytes":	7864320,
				"bits_per_second":	62914185.002235159,
				"retransmits":	0,
				"omitted":	false,
				"sender":	true
			}
		}, {
			"streams":	[{
					"socket":	6,
					"start":	9.00009,
					"end":	10.000182,
					"seconds":	1.0000920295715332,
					"bytes":	7864320,
					"bits_per_second":	62908770.532802187,
					"retransmits":	0,
					"snd_cwnd":	3317368,
					"snd_wnd":	3143552,
					"rtt":	356831,
					"rttvar":	288,
					"pmtu":	1500,
					"omitted":	false,
					"sender":	true
				}],
			"sum":	{
				"start":	9.00009,
				"end":	10.000182,
				"seconds":	1.0000920295715332,
				"bytes":	7864320,
				"bits_per_second":	62908770.532802187,
				"retransmits":	0,
				"omitted":	false,
				"sender":	true
			}
		}],
	"end":	{
		"streams":	[{
				"sender":	{
					"socket":	6,
					"start":	0,
					"end":	10.000182,
					"seconds":	10.000182,
					"bytes":	73531392,
					"bits_per_second":	58824043.002417356,
					"retransmits":	0,
					"max_snd_cwnd":	3317368,
					"max_snd_wnd":	3143552,
					"max_rtt":	387919,
					"min_rtt":	191877,
					"mean_rtt":	331584,
					"sender":	true
				},
				"receiver":	{
					"socket":	6,
					"start":	0,
					"end":	10.300281,
					"seconds":	10.000182,
					"bytes":	73531112,
					"bits_per_second":	57109985.251858659,
					"sender":	true
				}
			}],
		"sum_sent":	{
			"start":	0,
			"end":	10.000182,
			"seconds":	10.000182,
			"bytes":	73531392,
			"bits_per_second":	58824043.002417356,
			"retransmits":	0,
			"sender":	true
		},
		"sum_received":	{
			"start":	0,
			"end":	10.300281,
			"seconds":	10.300281,
			"bytes":	73531112,
			"bits_per_second":	57109985.251858659,
			"sender":	true
		},
		"cpu_utilization_percent":	{
			"host_total":	1.2616634236821542,
			"host_user":	0.20209726992267504,
			"host_system":	1.0595565396940247,
			"remote_total":	1.9185471793329394,
			"remote_user":	0.1005505279752209,
			"remote_system":	1.8180063598184673
		},
		"sender_tcp_congestion":	"cubic",
		"receiver_tcp_congestion":	"cubic"
	}
}
