{
	"start":	{
		"connected":	[{
				"socket":	6,
				"local_host":	"192.168.101.210",
				"local_port":	38300,
				"remote_host":	"192.168.100.168",
				"remote_port":	5202
			}],
		"version":	"iperf 3.11",
		"system_info":	"Linux f1 6.0.10-300.fc37.x86_64 #1 SMP PREEMPT_DYNAMIC Sat Nov 26 16:55:13 UTC 2022 x86_64",
		"timestamp":	{
			"time":	"Fri, 09 Dec 2022 23:16:08 GMT",
			"timesecs":	1670627768
		},
		"connecting_to":	{
			"host":	"192.168.100.168",
			"port":	5202
		},
		"cookie":	"322ivpdzek77lx6rvaq7l67gxjvmtqq7bhfy",
		"tcp_mss_default":	1448,
		"target_bitrate":	0,
		"sock_bufsize":	0,
		"sndbuf_actual":	16384,
		"rcvbuf_actual":	131072,
		"test_start":	{
			"protocol":	"TCP",
			"num_streams":	1,
			"blksize":	131072,
			"omit":	0,
			"duration":	10,
			"bytes":	0,
			"blocks":	0,
			"reverse":	0,
			"tos":	0,
			"target_bitrate":	0
		}
	},
	"intervals":	[{
			"streams":	[{
					"socket":	6,
					"start":	0,
					"end":	1.000075,
					"seconds":	1.0000749826431274,
					"bytes":	6815744,
					"bits_per_second":	54521863.806543551,
					"retransmits":	0,
					"snd_cwnd":	1251072,
					"snd_wnd":	3143552,
					"rtt":	214794,
					"rttvar":	499,
					"pmtu":	1500,
					"omitted":	false,
					"sender":	true
				}],
			"sum":	{
				"start":	0,
				"end":	1.000075,
				"seconds":	1.0000749826431274,
				"bytes":	6815744,
				"bits_per_second":	54521863.806543551,
				"retransmits":	0,
				"omitted":	false,
				"sender":	true
			}
		}, {
			"streams":	[{
					"socket":	6,
					"start":	1.000075,
					"end":	2.000186,
					"seconds":	1.0001109838485718,
					"bytes":	3932160,
					"bits_per_second":	31453789.137429364,
					"retransmits":	0,
					"snd_cwnd":	1256864,
					"snd_wnd":	3143552,
					"rtt":	247204,
					"rttvar":	868,
					"pmtu":	1500,
					"omitted":	false,
					"sender":	true
				}],
			"sum":	{
				"start":	1.000075,
				"end":	2.000186,
				"seconds":	1.0001109838485718,
				"bytes":	3932160,
				"bits_per_second":	31453789.137429364,
				"retransmits":	0,
				"omitted":	false,
				"sender":	true
			}
		}, {
			"streams":	[{
					"socket":	6,
					"start":	2.000186,
					"end":	3.000085,
					"seconds":	0.99989902973175049,
					"bytes":	5242880,
					"bits_per_second":	41947275.42765227,
					"retransmits":	0,
					"snd_cwnd":	1265552,
					"snd_wnd":	3143552,
					"rtt":	280557,
					"rttvar":	457,
					"pmtu":	1500,
					"omitted":	false,
					"sender":	true
				}],
			"sum":	{
				"start":	2.000186,
				"end":	3.000085,
				"seconds":	0.99989902973175049,
				"bytes":	5242880,
				"bits_per_second":	41947275.42765227,
				"retransmits":	0,
				"omitted":	false,
				"sender":	true
			}
		}, {
			"streams":	[{
					"socket":	6,
					"start":	3.000085,
					"end":	4.000082,
					"seconds":	0.99999701976776123,
					"bytes":	3932160,
					"bits_per_second":	31457373.7502794,
					"retransmits":	0,
					"snd_cwnd":	784816,
					"snd_wnd":	3143552,
					"rtt":	278117,
					"rttvar":	202,
					"pmtu":	1500,
					"omitted":	false,
					"sender":	true
				}],
			"sum":	{
				"start":	3.000085,
				"end":	4.000082,
				"seconds":	0.99999701976776123,
				"bytes":	3932160,
				"bits_per_second":	31457373.7502794,
				"retransmits":	0,
				"omitted":	false,
				"sender":	true
			}
		}, {
			"streams":	[{
					"socket":	6,
					"start":	4.000082,
					"end":	5.000151,
					"seconds":	1.00006902217865,
					"bytes":	2621440,
					"bits_per_second":	20970072.599902708,
					"retransmits":	0,
					"snd_cwnd":	883280,
					"snd_wnd":	3143552,
					"rtt":	282280,
					"rttvar":	4285,
					"pmtu":	1500,
					"omitted":	false,
					"sender":	true
				}],
			"sum":	{
				"start":	4.000082,
				"end":	5.000151,
				"seconds":	1.00006902217865,
				"bytes":	2621440,
				"bits_per_second":	20970072.599902708,
				"retransmits":	0,
				"omitted":	false,
				"sender":	true
			}
		}, {
			"streams":	[{
					"socket":	6,
					"start":	5.000151,
					"end":	6.000212,
					"seconds":	1.00006103515625,
					"bytes":	2621440,
					"bits_per_second":	20970240.078120232,
					"retransmits":	0,
					"snd_cwnd":	741376,
					"snd_wnd":	3143552,
					"rtt":	300622,
					"rttvar":	4622,
					"pmtu":	1500,
					"omitted":	false,
					"sender":	true
				}],
			"sum":	{
				"start":	5.000151,
				"end":	6.000212,
				"seconds":	1.00006103515625,
				"bytes":	2621440,
				"bits_per_second":	20970240.078120232,
				"retransmits":	0,
				"omitted":	false,
				"sender":	true
			}
		}, {
			"streams":	[{
					"socket":	6,
					"start":	6.000212,
					"end":	7.000106,
					"seconds":	0.99989402294158936,
					"bytes":	2621440,
					"bits_per_second":	20973742.735558975,
					"retransmits":	0,
					"snd_cwnd":	741376,
					"snd_wnd":	3143552,
					"rtt":	309184,
					"rttvar":	12290,
					"pmtu":	1500,
					"omitted":	false,
					"sender":	true
				}],
			"sum":	{
				"start":	6.000212,
				"end":	7.000106,
				"seconds":	0.99989402294158936,
				"bytes":	2621440,
				"bits_per_second":	20973742.735558975,
				"retransmits":	0,
				"omitted":	false,
				"sender":	true
			}
		}, {
			"streams":	[{
					"socket":	6,
					"start":	7.000106,
					"end":	8.000571,
					"seconds":	1.0004650354385376,
					"bytes":	1310720,
					"bits_per_second":	10480886.01657502,
					"retransmits":	0,
					"snd_cwnd":	744272,
					"snd_wnd":	3143552,
					"rtt":	324107,
					"rttvar":	1030,
					"pmtu":	1500,
					"omitted":	false,
					"sender":	true
				}],
			"sum":	{
				"start":	7.000106,
				"end":	8.000571,
				"seconds":	1.0004650354385376,
				"bytes":	1310720,
				"bits_per_second":	10480886.01657502,
				"retransmits":	0,
				"omitted":	false,
				"sender":	true
			}
		}, {
			"streams":	[{
					"socket":	6,
					"start":	8.000571,
					"end":	9.000387,
					"seconds":	0.99981600046157837,
					"bytes":	2621440,
					"bits_per_second":	20975379.460138883,
					"retransmits":	0,
					"snd_cwnd":	550240,
					"snd_wnd":	3143552,
					"rtt":	271251,
					"rttvar":	12835,
					"pmtu":	1500,
					"omitted":	false,
					"sender":	true
				}],
			"sum":	{
				"start":	8.000571,
				"end":	9.000387,
				"seconds":	0.99981600046157837,
				"bytes":	2621440,
				"bits_per_second":	20975379.460138883,
				"retransmits":	0,
				"omitted":	false,
				"sender":	true
			}
		}, {
			"streams":	[{
					"socket":	6,
					"start":	9.000387,
					"end":	10.000078,
					"seconds":	0.99969100952148438,
					"bytes":	2621440,
					"bits_per_second":	20978002.002877172,
					"retransmits":	0,
					"snd_cwnd":	524176,
					"snd_wnd":	3143552,
					"rtt":	258839,
					"rttvar":	7801,
					"pmtu":	1500,
					"omitted":	false,
					"sender":	true
				}],
			"sum":	{
				"start":	9.000387,
				"end":	10.000078,
				"seconds":	0.99969100952148438,
				"bytes":	2621440,
				"bits_per_second":	20978002.002877172,
				"retransmits":	0,
				"omitted":	false,
				"sender":	true
			}
		}],
	"end":	{
		"streams":	[{
				"sender":	{
					"socket":	6,
					"start":	0,
					"end":	10.000078,
					"seconds":	10.000078,
					"bytes":	34340864,
					"bits_per_second":	27472476.914680064,
					"retransmits":	0,
					"max_snd_cwnd":	1265552,
					"max_snd_wnd":	3143552,
					"max_rtt":	324107,
					"min_rtt":	214794,
					"mean_rtt":	276695,
					"sender":	true
				},
				"receiver":	{
					"socket":	6,
					"start":	0,
					"end":	10.303691,
					"seconds":	10.000078,
					"bytes":	31004576,
					"bits_per_second":	24072597.673979159,
					"sender":	true
				}
			}],
		"sum_sent":	{
			"start":	0,
			"end":	10.000078,
			"seconds":	10.000078,
			"bytes":	34340864,
			"bits_per_second":	27472476.914680064,
			"retransmits":	0,
			"sender":	true
		},
		"sum_received":	{
			"start":	0,
			"end":	10.303691,
			"seconds":	10.303691,
			"bytes":	31004576,
			"bits_per_second":	24072597.673979159,
			"sender":	true
		},
		"cpu_utilization_percent":	{
			"host_total":	0.77831032832124447,
			"host_user":	0.14318774359511516,
			"host_system":	0.635112877082496,
			"remote_total":	1.564941931082072,
			"remote_user":	0.14957726371242189,
			"remote_system":	1.415374372616452
		},
		"sender_tcp_congestion":	"bbr",
		"receiver_tcp_congestion":	"bbr"
	}
}
