{
	"start":	{
		"connected":	[{
				"socket":	6,
				"local_host":	"192.168.101.210",
				"local_port":	38258,
				"remote_host":	"192.168.100.168",
				"remote_port":	5202
			}],
		"version":	"iperf 3.11",
		"system_info":	"Linux f1 6.0.10-300.fc37.x86_64 #1 SMP PREEMPT_DYNAMIC Sat Nov 26 16:55:13 UTC 2022 x86_64",
		"timestamp":	{
			"time":	"Fri, 09 Dec 2022 23:14:25 GMT",
			"timesecs":	1670627665
		},
		"connecting_to":	{
			"host":	"192.168.100.168",
			"port":	5202
		},
		"cookie":	"hkx7zk7ogxju254w66nvce52paylvmh4ray3",
		"tcp_mss_default":	1448,
		"target_bitrate":	0,
		"sock_bufsize":	0,
		"sndbuf_actual":	16384,
		"rcvbuf_actual":	131072,
		"test_start":	{
			"protocol":	"TCP",
			"num_streams":	1,
			"blksize":	131072,
			"omit":	0,
			"duration":	10,
			"bytes":	0,
			"blocks":	0,
			"reverse":	0,
			"tos":	0,
			"target_bitrate":	0
		}
	},
	"intervals":	[{
			"streams":	[{
					"socket":	6,
					"start":	0,
					"end":	1.000113,
					"seconds":	1.0001130104064941,
					"bytes":	9306112,
					"bits_per_second":	74440483.4507056,
					"retransmits":	916,
					"snd_cwnd":	1242384,
					"snd_wnd":	3145728,
					"rtt":	50078,
					"rttvar":	5,
					"pmtu":	1500,
					"omitted":	false,
					"sender":	true
				}],
			"sum":	{
				"start":	0,
				"end":	1.000113,
				"seconds":	1.0001130104064941,
				"bytes":	9306112,
				"bits_per_second":	74440483.4507056,
				"retransmits":	916,
				"omitted":	false,
				"sender":	true
			}
		}, {
			"streams":	[{
					"socket":	6,
					"start":	1.000113,
					"end":	2.000084,
					"seconds":	0.99997097253799438,
					"bytes":	10485760,
					"bits_per_second":	83888515.070683926,
					"retransmits":	147,
					"snd_cwnd":	1282928,
					"snd_wnd":	3145728,
					"rtt":	50067,
					"rttvar":	3,
					"pmtu":	1500,
					"omitted":	false,
					"sender":	true
				}],
			"sum":	{
				"start":	1.000113,
				"end":	2.000084,
				"seconds":	0.99997097253799438,
				"bytes":	10485760,
				"bits_per_second":	83888515.070683926,
				"retransmits":	147,
				"omitted":	false,
				"sender":	true
			}
		}, {
			"streams":	[{
					"socket":	6,
					"start":	2.000084,
					"end":	3.000066,
					"seconds":	0.99998199939727783,
					"bytes":	11796480,
					"bits_per_second":	94373538.780579075,
					"retransmits":	548,
					"snd_cwnd":	1242384,
					"snd_wnd":	3145728,
					"rtt":	50077,
					"rttvar":	8,
					"pmtu":	1500,
					"omitted":	false,
					"sender":	true
				}],
			"sum":	{
				"start":	2.000084,
				"end":	3.000066,
				"seconds":	0.99998199939727783,
				"bytes":	11796480,
				"bits_per_second":	94373538.780579075,
				"retransmits":	548,
				"omitted":	false,
				"sender":	true
			}
		}, {
			"streams":	[{
					"socket":	6,
					"start":	3.000066,
					"end":	4.000139,
					"seconds":	1.0000729560852051,
					"bytes":	10485760,
					"bits_per_second":	83879960.446458668,
					"retransmits":	171,
					"snd_cwnd":	1262656,
					"snd_wnd":	3145728,
					"rtt":	53553,
					"rttvar":	76,
					"pmtu":	1500,
					"omitted":	false,
					"sender":	true
				}],
			"sum":	{
				"start":	3.000066,
				"end":	4.000139,
				"seconds":	1.0000729560852051,
				"bytes":	10485760,
				"bits_per_second":	83879960.446458668,
				"retransmits":	171,
				"omitted":	false,
				"sender":	true
			}
		}, {
			"streams":	[{
					"socket":	6,
					"start":	4.000139,
					"end":	5.000081,
					"seconds":	0.99994200468063354,
					"bytes":	11796480,
					"bits_per_second":	94377313.442434043,
					"retransmits":	253,
					"snd_cwnd":	1230800,
					"snd_wnd":	3145728,
					"rtt":	50072,
					"rttvar":	3,
					"pmtu":	1500,
					"omitted":	false,
					"sender":	true
				}],
			"sum":	{
				"start":	4.000139,
				"end":	5.000081,
				"seconds":	0.99994200468063354,
				"bytes":	11796480,
				"bits_per_second":	94377313.442434043,
				"retransmits":	253,
				"omitted":	false,
				"sender":	true
			}
		}, {
			"streams":	[{
					"socket":	6,
					"start":	5.000081,
					"end":	6.000071,
					"seconds":	0.99998998641967773,
					"bytes":	11796480,
					"bits_per_second":	94372785.009462923,
					"retransmits":	319,
					"snd_cwnd":	758752,
					"snd_wnd":	2908288,
					"rtt":	57384,
					"rttvar":	389,
					"pmtu":	1500,
					"omitted":	false,
					"sender":	true
				}],
			"sum":	{
				"start":	5.000081,
				"end":	6.000071,
				"seconds":	0.99998998641967773,
				"bytes":	11796480,
				"bits_per_second":	94372785.009462923,
				"retransmits":	319,
				"omitted":	false,
				"sender":	true
			}
		}, {
			"streams":	[{
					"socket":	6,
					"start":	6.000071,
					"end":	7.000072,
					"seconds":	1.0000009536743164,
					"bytes":	11796480,
					"bits_per_second":	94371750.000085831,
					"retransmits":	285,
					"snd_cwnd":	1288720,
					"snd_wnd":	3145728,
					"rtt":	53705,
					"rttvar":	218,
					"pmtu":	1500,
					"omitted":	false,
					"sender":	true
				}],
			"sum":	{
				"start":	6.000071,
				"end":	7.000072,
				"seconds":	1.0000009536743164,
				"bytes":	11796480,
				"bits_per_second":	94371750.000085831,
				"retransmits":	285,
				"omitted":	false,
				"sender":	true
			}
		}, {
			"streams":	[{
					"socket":	6,
					"start":	7.000072,
					"end":	8.000063,
					"seconds":	0.999990999698639,
					"bytes":	11796480,
					"bits_per_second":	94372689.3826447,
					"retransmits":	206,
					"snd_cwnd":	1253968,
					"snd_wnd":	3145728,
					"rtt":	54025,
					"rttvar":	266,
					"pmtu":	1500,
					"omitted":	false,
					"sender":	true
				}],
			"sum":	{
				"start":	7.000072,
				"end":	8.000063,
				"seconds":	0.999990999698639,
				"bytes":	11796480,
				"bits_per_second":	94372689.3826447,
				"retransmits":	206,
				"omitted":	false,
				"sender":	true
			}
		}, {
			"streams":	[{
					"socket":	6,
					"start":	8.000063,
					"end":	9.000069,
					"seconds":	1.0000059604644775,
					"bytes":	10485760,
					"bits_per_second":	83885580.0029802,
					"retransmits":	320,
					"snd_cwnd":	1256864,
					"snd_wnd":	3145728,
					"rtt":	50103,
					"rttvar":	35,
					"pmtu":	1500,
					"omitted":	false,
					"sender":	true
				}],
			"sum":	{
				"start":	8.000063,
				"end":	9.000069,
				"seconds":	1.0000059604644775,
				"bytes":	10485760,
				"bits_per_second":	83885580.0029802,
				"retransmits":	320,
				"omitted":	false,
				"sender":	true
			}
		}, {
			"streams":	[{
					"socket":	6,
					"start":	9.000069,
					"end":	10.000079,
					"seconds":	1.0000100135803223,
					"bytes":	11796480,
					"bits_per_second":	94370895.009462744,
					"retransmits":	176,
					"snd_cwnd":	1251072,
					"snd_wnd":	3145728,
					"rtt":	50660,
					"rttvar":	102,
					"pmtu":	1500,
					"omitted":	false,
					"sender":	true
				}],
			"sum":	{
				"start":	9.000069,
				"end":	10.000079,
				"seconds":	1.0000100135803223,
				"bytes":	11796480,
				"bits_per_second":	94370895.009462744,
				"retransmits":	176,
				"omitted":	false,
				"sender":	true
			}
		}],
	"end":	{
		"streams":	[{
				"sender":	{
					"socket":	6,
					"start":	0,
					"end":	10.000079,
					"seconds":	10.000079,
					"bytes":	111542272,
					"bits_per_second":	89233112.65841,
					"retransmits":	3341,
					"max_snd_cwnd":	1288720,
					"max_snd_wnd":	3145728,
					"max_rtt":	57384,
					"min_rtt":	50067,
					"mean_rtt":	51972,
					"sender":	true
				},
				"receiver":	{
					"socket":	6,
					"start":	0,
					"end":	10.051668,
					"seconds":	10.000079,
					"bytes":	108749144,
					"bits_per_second":	86552117.718173742,
					"sender":	true
				}
			}],
		"sum_sent":	{
			"start":	0,
			"end":	10.000079,
			"seconds":	10.000079,
			"bytes":	111542272,
			"bits_per_second":	89233112.65841,
			"retransmits":	3341,
			"sender":	true
		},
		"sum_received":	{
			"start":	0,
			"end":	10.051668,
			"seconds":	10.051668,
			"bytes":	108749144,
			"bits_per_second":	86552117.718173742,
			"sender":	true
		},
		"cpu_utilization_percent":	{
			"host_total":	0.837486866939428,
			"host_user":	0.067628277579623253,
			"host_system":	0.76985858935980467,
			"remote_total":	1.7169166314652613,
			"remote_user":	0.18008926267265518,
			"remote_system":	1.536827368792606
		},
		"sender_tcp_congestion":	"bbr",
		"receiver_tcp_congestion":	"bbr"
	}
}
