{
	"start":	{
		"connected":	[{
				"socket":	6,
				"local_host":	"192.168.101.210",
				"local_port":	51864,
				"remote_host":	"192.168.100.168",
				"remote_port":	5201
			}],
		"version":	"iperf 3.11",
		"system_info":	"Linux f1 6.0.10-300.fc37.x86_64 #1 SMP PREEMPT_DYNAMIC Sat Nov 26 16:55:13 UTC 2022 x86_64",
		"timestamp":	{
			"time":	"Fri, 09 Dec 2022 23:14:47 GMT",
			"timesecs":	1670627687
		},
		"connecting_to":	{
			"host":	"192.168.100.168",
			"port":	5201
		},
		"cookie":	"ubjcuvt37azurvrtzx3l32lv4pmpt3r2ufhb",
		"tcp_mss_default":	1448,
		"target_bitrate":	0,
		"sock_bufsize":	0,
		"sndbuf_actual":	16384,
		"rcvbuf_actual":	131072,
		"test_start":	{
			"protocol":	"TCP",
			"num_streams":	1,
			"blksize":	131072,
			"omit":	0,
			"duration":	10,
			"bytes":	0,
			"blocks":	0,
			"reverse":	0,
			"tos":	0,
			"target_bitrate":	0
		}
	},
	"intervals":	[{
			"streams":	[{
					"socket":	6,
					"start":	0,
					"end":	1.000147,
					"seconds":	1.0001469850540161,
					"bytes":	8126464,
					"bits_per_second":	65002157.654346012,
					"retransmits":	0,
					"snd_cwnd":	1065728,
					"snd_wnd":	3141248,
					"rtt":	133990,
					"rttvar":	281,
					"pmtu":	1500,
					"omitted":	false,
					"sender":	true
				}],
			"sum":	{
				"start":	0,
				"end":	1.000147,
				"seconds":	1.0001469850540161,
				"bytes":	8126464,
				"bits_per_second":	65002157.654346012,
				"retransmits":	0,
				"omitted":	false,
				"sender":	true
			}
		}, {
			"streams":	[{
					"socket":	6,
					"start":	1.000147,
					"end":	2.000083,
					"seconds":	0.99993598461151123,
					"bytes":	7864320,
					"bits_per_second":	62918587.75783848,
					"retransmits":	0,
					"snd_cwnd":	1423384,
					"snd_wnd":	3141248,
					"rtt":	187829,
					"rttvar":	290,
					"pmtu":	1500,
					"omitted":	false,
					"sender":	true
				}],
			"sum":	{
				"start":	1.000147,
				"end":	2.000083,
				"seconds":	0.99993598461151123,
				"bytes":	7864320,
				"bits_per_second":	62918587.75783848,
				"retransmits":	0,
				"omitted":	false,
				"sender":	true
			}
		}, {
			"streams":	[{
					"socket":	6,
					"start":	2.000083,
					"end":	3.000085,
					"seconds":	1.0000020265579224,
					"bytes":	7864320,
					"bits_per_second":	62914432.500258386,
					"retransmits":	0,
					"snd_cwnd":	1831720,
					"snd_wnd":	3141248,
					"rtt":	196147,
					"rttvar":	262,
					"pmtu":	1500,
					"omitted":	false,
					"sender":	true
				}],
			"sum":	{
				"start":	2.000083,
				"end":	3.000085,
				"seconds":	1.0000020265579224,
				"bytes":	7864320,
				"bits_per_second":	62914432.500258386,
				"retransmits":	0,
				"omitted":	false,
				"sender":	true
			}
		}, {
			"streams":	[{
					"socket":	6,
					"start":	3.000085,
					"end":	4.000098,
					"seconds":	1.000012993812561,
					"bytes":	9175040,
					"bits_per_second":	73399366.2623927,
					"retransmits":	0,
					"snd_cwnd":	2305216,
					"snd_wnd":	3143552,
					"rtt":	223346,
					"rttvar":	155,
					"pmtu":	1500,
					"omitted":	false,
					"sender":	true
				}],
			"sum":	{
				"start":	3.000085,
				"end":	4.000098,
				"seconds":	1.000012993812561,
				"bytes":	9175040,
				"bits_per_second":	73399366.2623927,
				"retransmits":	0,
				"omitted":	false,
				"sender":	true
			}
		}, {
			"streams":	[{
					"socket":	6,
					"start":	4.000098,
					"end":	5.000084,
					"seconds":	0.99998599290847778,
					"bytes":	10485760,
					"bits_per_second":	83887255.016458556,
					"retransmits":	0,
					"snd_cwnd":	2806224,
					"snd_wnd":	3143552,
					"rtt":	262592,
					"rttvar":	1061,
					"pmtu":	1500,
					"omitted":	false,
					"sender":	true
				}],
			"sum":	{
				"start":	4.000098,
				"end":	5.000084,
				"seconds":	0.99998599290847778,
				"bytes":	10485760,
				"bits_per_second":	83887255.016458556,
				"retransmits":	0,
				"omitted":	false,
				"sender":	true
			}
		}, {
			"streams":	[{
					"socket":	6,
					"start":	5.000084,
					"end":	6.000078,
					"seconds":	0.99999397993087769,
					"bytes":	10485760,
					"bits_per_second":	83886585.00304015,
					"retransmits":	0,
					"snd_cwnd":	3314472,
					"snd_wnd":	3143552,
					"rtt":	260365,
					"rttvar":	7128,
					"pmtu":	1500,
					"omitted":	false,
					"sender":	true
				}],
			"sum":	{
				"start":	5.000084,
				"end":	6.000078,
				"seconds":	0.99999397993087769,
				"bytes":	10485760,
				"bits_per_second":	83886585.00304015,
				"retransmits":	0,
				"omitted":	false,
				"sender":	true
			}
		}, {
			"streams":	[{
					"socket":	6,
					"start":	6.000078,
					"end":	7.00008,
					"seconds":	1.0000020265579224,
					"bytes":	10485760,
					"bits_per_second":	83885910.0003445,
					"retransmits":	0,
					"snd_cwnd":	3314472,
					"snd_wnd":	3143552,
					"rtt":	280377,
					"rttvar":	8274,
					"pmtu":	1500,
					"omitted":	false,
					"sender":	true
				}],
			"sum":	{
				"start":	6.000078,
				"end":	7.00008,
				"seconds":	1.0000020265579224,
				"bytes":	10485760,
				"bits_per_second":	83885910.0003445,
				"retransmits":	0,
				"omitted":	false,
				"sender":	true
			}
		}, {
			"streams":	[{
					"socket":	6,
					"start":	7.00008,
					"end":	8.0001,
					"seconds":	1.0000200271606445,
					"bytes":	10485760,
					"bits_per_second":	83884400.033644959,
					"retransmits":	0,
					"snd_cwnd":	3314472,
					"snd_wnd":	3143552,
					"rtt":	290372,
					"rttvar":	2180,
					"pmtu":	1500,
					"omitted":	false,
					"sender":	true
				}],
			"sum":	{
				"start":	7.00008,
				"end":	8.0001,
				"seconds":	1.0000200271606445,
				"bytes":	10485760,
				"bits_per_second":	83884400.033644959,
				"retransmits":	0,
				"omitted":	false,
				"sender":	true
			}
		}, {
			"streams":	[{
					"socket":	6,
					"start":	8.0001,
					"end":	9.000148,
					"seconds":	1.000048041343689,
					"bytes":	10485760,
					"bits_per_second":	83882050.1935973,
					"retransmits":	0,
					"snd_cwnd":	3314472,
					"snd_wnd":	3143552,
					"rtt":	283571,
					"rttvar":	338,
					"pmtu":	1500,
					"omitted":	false,
					"sender":	true
				}],
			"sum":	{
				"start":	8.0001,
				"end":	9.000148,
				"seconds":	1.000048041343689,
				"bytes":	10485760,
				"bits_per_second":	83882050.1935973,
				"retransmits":	0,
				"omitted":	false,
				"sender":	true
			}
		}, {
			"streams":	[{
					"socket":	6,
					"start":	9.000148,
					"end":	10.000097,
					"seconds":	0.99994897842407227,
					"bytes":	11796480,
					"bits_per_second":	94376655.2456814,
					"retransmits":	0,
					"snd_cwnd":	3314472,
					"snd_wnd":	3143552,
					"rtt":	270154,
					"rttvar":	8354,
					"pmtu":	1500,
					"omitted":	false,
					"sender":	true
				}],
			"sum":	{
				"start":	9.000148,
				"end":	10.000097,
				"seconds":	0.99994897842407227,
				"bytes":	11796480,
				"bits_per_second":	94376655.2456814,
				"retransmits":	0,
				"omitted":	false,
				"sender":	true
			}
		}],
	"end":	{
		"streams":	[{
				"sender":	{
					"socket":	6,
					"start":	0,
					"end":	10.000097,
					"seconds":	10.000097,
					"bytes":	97255424,
					"bits_per_second":	77803584.5052303,
					"retransmits":	0,
					"max_snd_cwnd":	3314472,
					"max_snd_wnd":	3143552,
					"max_rtt":	290372,
					"min_rtt":	133990,
					"mean_rtt":	238874,
					"sender":	true
				},
				"receiver":	{
					"socket":	6,
					"start":	0,
					"end":	10.280848,
					"seconds":	10.000097,
					"bytes":	97049248,
					"bits_per_second":	75518477.075042829,
					"sender":	true
				}
			}],
		"sum_sent":	{
			"start":	0,
			"end":	10.000097,
			"seconds":	10.000097,
			"bytes":	97255424,
			"bits_per_second":	77803584.5052303,
			"retransmits":	0,
			"sender":	true
		},
		"sum_received":	{
			"start":	0,
			"end":	10.280848,
			"seconds":	10.280848,
			"bytes":	97049248,
			"bits_per_second":	75518477.075042829,
			"sender":	true
		},
		"cpu_utilization_percent":	{
			"host_total":	0.6556203607073614,
			"host_user":	0.06520815537186,
			"host_system":	0.59041220533550143,
			"remote_total":	1.9725491809585172,
			"remote_user":	0.11387180779349274,
			"remote_system":	1.8586870999787082
		},
		"sender_tcp_congestion":	"cubic",
		"receiver_tcp_congestion":	"cubic"
	}
}
