{
	"start":	{
		"connected":	[{
				"socket":	6,
				"local_host":	"192.168.101.210",
				"local_port":	32986,
				"remote_host":	"192.168.100.168",
				"remote_port":	5201
			}],
		"version":	"iperf 3.11",
		"system_info":	"Linux f1 6.0.10-300.fc37.x86_64 #1 SMP PREEMPT_DYNAMIC Sat Nov 26 16:55:13 UTC 2022 x86_64",
		"timestamp":	{
			"time":	"Fri, 09 Dec 2022 22:50:34 GMT",
			"timesecs":	1670626234
		},
		"connecting_to":	{
			"host":	"192.168.100.168",
			"port":	5201
		},
		"cookie":	"24t2jkwopy6ghppdpbrhtnpyyyncaxjkao2h",
		"tcp_mss_default":	1448,
		"target_bitrate":	0,
		"sock_bufsize":	0,
		"sndbuf_actual":	16384,
		"rcvbuf_actual":	131072,
		"test_start":	{
			"protocol":	"TCP",
			"num_streams":	1,
			"blksize":	131072,
			"omit":	0,
			"duration":	10,
			"bytes":	0,
			"blocks":	0,
			"reverse":	0,
			"tos":	0,
			"target_bitrate":	0
		}
	},
	"intervals":	[{
			"streams":	[{
					"socket":	6,
					"start":	0,
					"end":	1.000311,
					"seconds":	1.000311017036438,
					"bytes":	1284376,
					"bits_per_second":	10271813.291071367,
					"retransmits":	0,
					"snd_cwnd":	146248,
					"snd_wnd":	1134848,
					"rtt":	155263,
					"rttvar":	5647,
					"pmtu":	1500,
					"omitted":	false,
					"sender":	true
				}],
			"sum":	{
				"start":	0,
				"end":	1.000311,
				"seconds":	1.000311017036438,
				"bytes":	1284376,
				"bits_per_second":	10271813.291071367,
				"retransmits":	0,
				"omitted":	false,
				"sender":	true
			}
		}, {
			"streams":	[{
					"socket":	6,
					"start":	1.000311,
					"end":	2.000302,
					"seconds":	0.999990999698639,
					"bytes":	1042560,
					"bits_per_second":	8340555.0675091259,
					"retransmits":	0,
					"snd_cwnd":	186792,
					"snd_wnd":	1135360,
					"rtt":	214261,
					"rttvar":	1881,
					"pmtu":	1500,
					"omitted":	false,
					"sender":	true
				}],
			"sum":	{
				"start":	1.000311,
				"end":	2.000302,
				"seconds":	0.999990999698639,
				"bytes":	1042560,
				"bits_per_second":	8340555.0675091259,
				"retransmits":	0,
				"omitted":	false,
				"sender":	true
			}
		}, {
			"streams":	[{
					"socket":	6,
					"start":	2.000302,
					"end":	3.000083,
					"seconds":	0.99978101253509521,
					"bytes":	1303200,
					"bits_per_second":	10427883.575788584,
					"retransmits":	0,
					"snd_cwnd":	231680,
					"snd_wnd":	1135488,
					"rtt":	235319,
					"rttvar":	996,
					"pmtu":	1500,
					"omitted":	false,
					"sender":	true
				}],
			"sum":	{
				"start":	2.000302,
				"end":	3.000083,
				"seconds":	0.99978101253509521,
				"bytes":	1303200,
				"bits_per_second":	10427883.575788584,
				"retransmits":	0,
				"omitted":	false,
				"sender":	true
			}
		}, {
			"streams":	[{
					"socket":	6,
					"start":	3.000083,
					"end":	4.000284,
					"seconds":	1.0002009868621826,
					"bytes":	1107720,
					"bits_per_second":	8859979.260569416,
					"retransmits":	0,
					"snd_cwnd":	279464,
					"snd_wnd":	1135488,
					"rtt":	270153,
					"rttvar":	1400,
					"pmtu":	1500,
					"omitted":	false,
					"sender":	true
				}],
			"sum":	{
				"start":	3.000083,
				"end":	4.000284,
				"seconds":	1.0002009868621826,
				"bytes":	1107720,
				"bits_per_second":	8859979.260569416,
				"retransmits":	0,
				"omitted":	false,
				"sender":	true
			}
		}, {
			"streams":	[{
					"socket":	6,
					"start":	4.000284,
					"end":	5.000241,
					"seconds":	0.999957025051117,
					"bytes":	1238040,
					"bits_per_second":	9904745.655938264,
					"retransmits":	0,
					"snd_cwnd":	330144,
					"snd_wnd":	1135488,
					"rtt":	306064,
					"rttvar":	1305,
					"pmtu":	1500,
					"omitted":	false,
					"sender":	true
				}],
			"sum":	{
				"start":	4.000284,
				"end":	5.000241,
				"seconds":	0.999957025051117,
				"bytes":	1238040,
				"bits_per_second":	9904745.655938264,
				"retransmits":	0,
				"omitted":	false,
				"sender":	true
			}
		}, {
			"streams":	[{
					"socket":	6,
					"start":	5.000241,
					"end":	6.000148,
					"seconds":	0.99990701675415039,
					"bytes":	1498680,
					"bits_per_second":	11990554.920716066,
					"retransmits":	0,
					"snd_cwnd":	382272,
					"snd_wnd":	1135488,
					"rtt":	346431,
					"rttvar":	1599,
					"pmtu":	1500,
					"omitted":	false,
					"sender":	true
				}],
			"sum":	{
				"start":	5.000241,
				"end":	6.000148,
				"seconds":	0.99990701675415039,
				"bytes":	1498680,
				"bits_per_second":	11990554.920716066,
				"retransmits":	0,
				"omitted":	false,
				"sender":	true
			}
		}, {
			"streams":	[{
					"socket":	6,
					"start":	6.000148,
					"end":	7.000485,
					"seconds":	1.00033700466156,
					"bytes":	847080,
					"bits_per_second":	6774357.01010852,
					"retransmits":	0,
					"snd_cwnd":	435848,
					"snd_wnd":	1135488,
					"rtt":	388850,
					"rttvar":	1260,
					"pmtu":	1500,
					"omitted":	false,
					"sender":	true
				}],
			"sum":	{
				"start":	6.000148,
				"end":	7.000485,
				"seconds":	1.00033700466156,
				"bytes":	847080,
				"bits_per_second":	6774357.01010852,
				"retransmits":	0,
				"omitted":	false,
				"sender":	true
			}
		}, {
			"streams":	[{
					"socket":	6,
					"start":	7.000485,
					"end":	8.000143,
					"seconds":	0.99965798854827881,
					"bytes":	1889640,
					"bits_per_second":	15122291.997039258,
					"retransmits":	0,
					"snd_cwnd":	490872,
					"snd_wnd":	1135488,
					"rtt":	424636,
					"rttvar":	1159,
					"pmtu":	1500,
					"omitted":	false,
					"sender":	true
				}],
			"sum":	{
				"start":	7.000485,
				"end":	8.000143,
				"seconds":	0.99965798854827881,
				"bytes":	1889640,
				"bits_per_second":	15122291.997039258,
				"retransmits":	0,
				"omitted":	false,
				"sender":	true
			}
		}, {
			"streams":	[{
					"socket":	6,
					"start":	8.000143,
					"end":	9.000364,
					"seconds":	1.0002210140228271,
					"bytes":	1042560,
					"bits_per_second":	8338637.0442819474,
					"retransmits":	0,
					"snd_cwnd":	547344,
					"snd_wnd":	1154816,
					"rtt":	465196,
					"rttvar":	666,
					"pmtu":	1500,
					"omitted":	false,
					"sender":	true
				}],
			"sum":	{
				"start":	8.000143,
				"end":	9.000364,
				"seconds":	1.0002210140228271,
				"bytes":	1042560,
				"bits_per_second":	8338637.0442819474,
				"retransmits":	0,
				"omitted":	false,
				"sender":	true
			}
		}, {
			"streams":	[{
					"socket":	6,
					"start":	9.000364,
					"end":	10.000585,
					"seconds":	1.0002210140228271,
					"bytes":	1172880,
					"bits_per_second":	9380966.67481719,
					"retransmits":	0,
					"snd_cwnd":	612504,
					"snd_wnd":	1241472,
					"rtt":	506366,
					"rttvar":	1447,
					"pmtu":	1500,
					"omitted":	false,
					"sender":	true
				}],
			"sum":	{
				"start":	9.000364,
				"end":	10.000585,
				"seconds":	1.0002210140228271,
				"bytes":	1172880,
				"bits_per_second":	9380966.67481719,
				"retransmits":	0,
				"omitted":	false,
				"sender":	true
			}
		}],
	"end":	{
		"streams":	[{
				"sender":	{
					"socket":	6,
					"start":	0,
					"end":	10.000585,
					"seconds":	10.000585,
					"bytes":	12426736,
					"bits_per_second":	9940807.26277513,
					"retransmits":	0,
					"max_snd_cwnd":	612504,
					"max_snd_wnd":	1241472,
					"max_rtt":	506366,
					"min_rtt":	155263,
					"mean_rtt":	331253,
					"sender":	true
				},
				"receiver":	{
					"socket":	6,
					"start":	0,
					"end":	10.538161,
					"seconds":	10.000585,
					"bytes":	10483520,
					"bits_per_second":	7958519.51777924,
					"sender":	true
				}
			}],
		"sum_sent":	{
			"start":	0,
			"end":	10.000585,
			"seconds":	10.000585,
			"bytes":	12426736,
			"bits_per_second":	9940807.26277513,
			"retransmits":	0,
			"sender":	true
		},
		"sum_received":	{
			"start":	0,
			"end":	10.538161,
			"seconds":	10.538161,
			"bytes":	10483520,
			"bits_per_second":	7958519.51777924,
			"sender":	true
		},
		"cpu_utilization_percent":	{
			"host_total":	0.52175890484540821,
			"host_user":	0.1093605880398313,
			"host_system":	0.412398316805577,
			"remote_total":	0.92473290923725149,
			"remote_user":	0.06654850582330267,
			"remote_system":	0.85818440341394875
		},
		"sender_tcp_congestion":	"cubic",
		"receiver_tcp_congestion":	"cubic"
	}
}
