{
	"start":	{
		"connected":	[{
				"socket":	6,
				"local_host":	"192.168.101.210",
				"local_port":	46182,
				"remote_host":	"192.168.100.168",
				"remote_port":	5202
			}],
		"version":	"iperf 3.11",
		"system_info":	"Linux f1 6.0.10-300.fc37.x86_64 #1 SMP PREEMPT_DYNAMIC Sat Nov 26 16:55:13 UTC 2022 x86_64",
		"timestamp":	{
			"time":	"Fri, 09 Dec 2022 23:15:45 GMT",
			"timesecs":	1670627745
		},
		"connecting_to":	{
			"host":	"192.168.100.168",
			"port":	5202
		},
		"cookie":	"o4dgimemciggke6t237lruvbl3ii2u6fuz6x",
		"tcp_mss_default":	1448,
		"target_bitrate":	0,
		"sock_bufsize":	0,
		"sndbuf_actual":	16384,
		"rcvbuf_actual":	131072,
		"test_start":	{
			"protocol":	"TCP",
			"num_streams":	1,
			"blksize":	131072,
			"omit":	0,
			"duration":	10,
			"bytes":	0,
			"blocks":	0,
			"reverse":	0,
			"tos":	0,
			"target_bitrate":	0
		}
	},
	"intervals":	[{
			"streams":	[{
					"socket":	6,
					"start":	0,
					"end":	1.000155,
					"seconds":	1.000154972076416,
					"bytes":	6946816,
					"bits_per_second":	55565916.8344902,
					"retransmits":	0,
					"snd_cwnd":	1594248,
					"snd_wnd":	3139200,
					"rtt":	225846,
					"rttvar":	159,
					"pmtu":	1500,
					"omitted":	false,
					"sender":	true
				}],
			"sum":	{
				"start":	0,
				"end":	1.000155,
				"seconds":	1.000154972076416,
				"bytes":	6946816,
				"bits_per_second":	55565916.8344902,
				"retransmits":	0,
				"omitted":	false,
				"sender":	true
			}
		}, {
			"streams":	[{
					"socket":	6,
					"start":	1.000155,
					"end":	2.000074,
					"seconds":	0.99991899728775024,
					"bytes":	6553600,
					"bits_per_second":	52433047.219036259,
					"retransmits":	0,
					"snd_cwnd":	1503024,
					"snd_wnd":	3143552,
					"rtt":	217008,
					"rttvar":	1758,
					"pmtu":	1500,
					"omitted":	false,
					"sender":	true
				}],
			"sum":	{
				"start":	1.000155,
				"end":	2.000074,
				"seconds":	0.99991899728775024,
				"bytes":	6553600,
				"bits_per_second":	52433047.219036259,
				"retransmits":	0,
				"omitted":	false,
				"sender":	true
			}
		}, {
			"streams":	[{
					"socket":	6,
					"start":	2.000074,
					"end":	3.000141,
					"seconds":	1.0000669956207275,
					"bytes":	5242880,
					"bits_per_second":	41940230.18824508,
					"retransmits":	0,
					"snd_cwnd":	1500128,
					"snd_wnd":	3143552,
					"rtt":	265058,
					"rttvar":	144,
					"pmtu":	1500,
					"omitted":	false,
					"sender":	true
				}],
			"sum":	{
				"start":	2.000074,
				"end":	3.000141,
				"seconds":	1.0000669956207275,
				"bytes":	5242880,
				"bits_per_second":	41940230.18824508,
				"retransmits":	0,
				"omitted":	false,
				"sender":	true
			}
		}, {
			"streams":	[{
					"socket":	6,
					"start":	3.000141,
					"end":	4.00013,
					"seconds":	0.99998897314071655,
					"bytes":	5242880,
					"bits_per_second":	41943502.505099982,
					"retransmits":	0,
					"snd_cwnd":	958576,
					"snd_wnd":	3143552,
					"rtt":	260835,
					"rttvar":	714,
					"pmtu":	1500,
					"omitted":	false,
					"sender":	true
				}],
			"sum":	{
				"start":	3.000141,
				"end":	4.00013,
				"seconds":	0.99998897314071655,
				"bytes":	5242880,
				"bits_per_second":	41943502.505099982,
				"retransmits":	0,
				"omitted":	false,
				"sender":	true
			}
		}, {
			"streams":	[{
					"socket":	6,
					"start":	4.00013,
					"end":	5.000085,
					"seconds":	0.99995499849319458,
					"bytes":	3932160,
					"bits_per_second":	31458695.688708127,
					"retransmits":	0,
					"snd_cwnd":	944096,
					"snd_wnd":	3143552,
					"rtt":	281820,
					"rttvar":	285,
					"pmtu":	1500,
					"omitted":	false,
					"sender":	true
				}],
			"sum":	{
				"start":	4.00013,
				"end":	5.000085,
				"seconds":	0.99995499849319458,
				"bytes":	3932160,
				"bits_per_second":	31458695.688708127,
				"retransmits":	0,
				"omitted":	false,
				"sender":	true
			}
		}, {
			"streams":	[{
					"socket":	6,
					"start":	5.000085,
					"end":	6.000168,
					"seconds":	1.0000829696655273,
					"bytes":	2621440,
					"bits_per_second":	20969780.144355241,
					"retransmits":	0,
					"snd_cwnd":	955680,
					"snd_wnd":	3143552,
					"rtt":	290800,
					"rttvar":	4064,
					"pmtu":	1500,
					"omitted":	false,
					"sender":	true
				}],
			"sum":	{
				"start":	5.000085,
				"end":	6.000168,
				"seconds":	1.0000829696655273,
				"bytes":	2621440,
				"bits_per_second":	20969780.144355241,
				"retransmits":	0,
				"omitted":	false,
				"sender":	true
			}
		}, {
			"streams":	[{
					"socket":	6,
					"start":	6.000168,
					"end":	7.000179,
					"seconds":	1.0000109672546387,
					"bytes":	2621440,
					"bits_per_second":	20971290.002522442,
					"retransmits":	0,
					"snd_cwnd":	946992,
					"snd_wnd":	3143808,
					"rtt":	326836,
					"rttvar":	22411,
					"pmtu":	1500,
					"omitted":	false,
					"sender":	true
				}],
			"sum":	{
				"start":	6.000168,
				"end":	7.000179,
				"seconds":	1.0000109672546387,
				"bytes":	2621440,
				"bits_per_second":	20971290.002522442,
				"retransmits":	0,
				"omitted":	false,
				"sender":	true
			}
		}, {
			"streams":	[{
					"socket":	6,
					"start":	7.000179,
					"end":	8.000297,
					"seconds":	1.0001180171966553,
					"bytes":	2621440,
					"bits_per_second":	20969045.2920581,
					"retransmits":	0,
					"snd_cwnd":	816672,
					"snd_wnd":	3143808,
					"rtt":	327151,
					"rttvar":	5635,
					"pmtu":	1500,
					"omitted":	false,
					"sender":	true
				}],
			"sum":	{
				"start":	7.000179,
				"end":	8.000297,
				"seconds":	1.0001180171966553,
				"bytes":	2621440,
				"bits_per_second":	20969045.2920581,
				"retransmits":	0,
				"omitted":	false,
				"sender":	true
			}
		}, {
			"streams":	[{
					"socket":	6,
					"start":	8.000297,
					"end":	9.0002,
					"seconds":	0.99990302324295044,
					"bytes":	2621440,
					"bits_per_second":	20973553.947245609,
					"retransmits":	0,
					"snd_cwnd":	799296,
					"snd_wnd":	3143808,
					"rtt":	276360,
					"rttvar":	5886,
					"pmtu":	1500,
					"omitted":	false,
					"sender":	true
				}],
			"sum":	{
				"start":	8.000297,
				"end":	9.0002,
				"seconds":	0.99990302324295044,
				"bytes":	2621440,
				"bits_per_second":	20973553.947245609,
				"retransmits":	0,
				"omitted":	false,
				"sender":	true
			}
		}, {
			"streams":	[{
					"socket":	6,
					"start":	9.0002,
					"end":	10.000126,
					"seconds":	0.999925971031189,
					"bytes":	2621440,
					"bits_per_second":	20973072.614938483,
					"retransmits":	0,
					"snd_cwnd":	683456,
					"snd_wnd":	3143552,
					"rtt":	269660,
					"rttvar":	6211,
					"pmtu":	1500,
					"omitted":	false,
					"sender":	true
				}],
			"sum":	{
				"start":	9.0002,
				"end":	10.000126,
				"seconds":	0.999925971031189,
				"bytes":	2621440,
				"bits_per_second":	20973072.614938483,
				"retransmits":	0,
				"omitted":	false,
				"sender":	true
			}
		}],
	"end":	{
		"streams":	[{
				"sender":	{
					"socket":	6,
					"start":	0,
					"end":	10.000126,
					"seconds":	10.000126,
					"bytes":	41025536,
					"bits_per_second":	32820015.267807625,
					"retransmits":	0,
					"max_snd_cwnd":	1594248,
					"max_snd_wnd":	3143808,
					"max_rtt":	327151,
					"min_rtt":	217008,
					"mean_rtt":	274137,
					"sender":	true
				},
				"receiver":	{
					"socket":	6,
					"start":	0,
					"end":	10.319353,
					"seconds":	10.000126,
					"bytes":	38172176,
					"bits_per_second":	29592689.38663112,
					"sender":	true
				}
			}],
		"sum_sent":	{
			"start":	0,
			"end":	10.000126,
			"seconds":	10.000126,
			"bytes":	41025536,
			"bits_per_second":	32820015.267807625,
			"retransmits":	0,
			"sender":	true
		},
		"sum_received":	{
			"start":	0,
			"end":	10.319353,
			"seconds":	10.319353,
			"bytes":	38172176,
			"bits_per_second":	29592689.38663112,
			"sender":	true
		},
		"cpu_utilization_percent":	{
			"host_total":	0.78387536275919767,
			"host_user":	0.083727662309107,
			"host_system":	0.700157408005141,
			"remote_total":	1.5727022923487981,
			"remote_user":	0.19190121259316942,
			"remote_system":	1.3808010797556285
		},
		"sender_tcp_congestion":	"bbr",
		"receiver_tcp_congestion":	"bbr"
	}
}
