{
	"start":	{
		"connected":	[{
				"socket":	6,
				"local_host":	"192.168.101.210",
				"local_port":	33288,
				"remote_host":	"192.168.100.168",
				"remote_port":	5202
			}],
		"version":	"iperf 3.11",
		"system_info":	"Linux f1 6.0.10-300.fc37.x86_64 #1 SMP PREEMPT_DYNAMIC Sat Nov 26 16:55:13 UTC 2022 x86_64",
		"timestamp":	{
			"time":	"Fri, 09 Dec 2022 22:50:58 GMT",
			"timesecs":	1670626258
		},
		"connecting_to":	{
			"host":	"192.168.100.168",
			"port":	5202
		},
		"cookie":	"pglfyjnptglieo7dcwcrroygzzezn3nf5uzl",
		"tcp_mss_default":	1448,
		"target_bitrate":	0,
		"sock_bufsize":	0,
		"sndbuf_actual":	16384,
		"rcvbuf_actual":	131072,
		"test_start":	{
			"protocol":	"TCP",
			"num_streams":	1,
			"blksize":	131072,
			"omit":	0,
			"duration":	10,
			"bytes":	0,
			"blocks":	0,
			"reverse":	0,
			"tos":	0,
			"target_bitrate":	0
		}
	},
	"intervals":	[{
			"streams":	[{
					"socket":	6,
					"start":	0,
					"end":	1.000348,
					"seconds":	1.0003479719161987,
					"bytes":	1175776,
					"bits_per_second":	9402936.04232746,
					"retransmits":	0,
					"snd_cwnd":	83984,
					"snd_wnd":	403712,
					"rtt":	154821,
					"rttvar":	2971,
					"pmtu":	1500,
					"omitted":	false,
					"sender":	true
				}],
			"sum":	{
				"start":	0,
				"end":	1.000348,
				"seconds":	1.0003479719161987,
				"bytes":	1175776,
				"bits_per_second":	9402936.04232746,
				"retransmits":	0,
				"omitted":	false,
				"sender":	true
			}
		}, {
			"streams":	[{
					"socket":	6,
					"start":	1.000348,
					"end":	2.000554,
					"seconds":	1.0002059936523438,
					"bytes":	325800,
					"bits_per_second":	2605863.2087201276,
					"retransmits":	0,
					"snd_cwnd":	86880,
					"snd_wnd":	404352,
					"rtt":	214840,
					"rttvar":	1586,
					"pmtu":	1500,
					"omitted":	false,
					"sender":	true
				}],
			"sum":	{
				"start":	1.000348,
				"end":	2.000554,
				"seconds":	1.0002059936523438,
				"bytes":	325800,
				"bits_per_second":	2605863.2087201276,
				"retransmits":	0,
				"omitted":	false,
				"sender":	true
			}
		}, {
			"streams":	[{
					"socket":	6,
					"start":	2.000554,
					"end":	3.000704,
					"seconds":	1.0001499652862549,
					"bytes":	325800,
					"bits_per_second":	2606009.1890859758,
					"retransmits":	0,
					"snd_cwnd":	63712,
					"snd_wnd":	404352,
					"rtt":	228439,
					"rttvar":	3068,
					"pmtu":	1500,
					"omitted":	false,
					"sender":	true
				}],
			"sum":	{
				"start":	2.000554,
				"end":	3.000704,
				"seconds":	1.0001499652862549,
				"bytes":	325800,
				"bits_per_second":	2606009.1890859758,
				"retransmits":	0,
				"omitted":	false,
				"sender":	true
			}
		}, {
			"streams":	[{
					"socket":	6,
					"start":	3.000704,
					"end":	4.000443,
					"seconds":	0.99973899126052856,
					"bytes":	325800,
					"bits_per_second":	2607080.4707873808,
					"retransmits":	0,
					"snd_cwnd":	60816,
					"snd_wnd":	404352,
					"rtt":	265888,
					"rttvar":	2058,
					"pmtu":	1500,
					"omitted":	false,
					"sender":	true
				}],
			"sum":	{
				"start":	3.000704,
				"end":	4.000443,
				"seconds":	0.99973899126052856,
				"bytes":	325800,
				"bits_per_second":	2607080.4707873808,
				"retransmits":	0,
				"omitted":	false,
				"sender":	true
			}
		}, {
			"streams":	[{
					"socket":	6,
					"start":	4.000443,
					"end":	5.00104,
					"seconds":	1.00059700012207,
					"bytes":	0,
					"bits_per_second":	0,
					"retransmits":	0,
					"snd_cwnd":	46336,
					"snd_wnd":	404352,
					"rtt":	296059,
					"rttvar":	6615,
					"pmtu":	1500,
					"omitted":	false,
					"sender":	true
				}],
			"sum":	{
				"start":	4.000443,
				"end":	5.00104,
				"seconds":	1.00059700012207,
				"bytes":	0,
				"bits_per_second":	0,
				"retransmits":	0,
				"omitted":	false,
				"sender":	true
			}
		}, {
			"streams":	[{
					"socket":	6,
					"start":	5.00104,
					"end":	6.000648,
					"seconds":	0.99960798025131226,
					"bytes":	325800,
					"bits_per_second":	2607422.16098027,
					"retransmits":	0,
					"snd_cwnd":	43440,
					"snd_wnd":	404352,
					"rtt":	335669,
					"rttvar":	7409,
					"pmtu":	1500,
					"omitted":	false,
					"sender":	true
				}],
			"sum":	{
				"start":	5.00104,
				"end":	6.000648,
				"seconds":	0.99960798025131226,
				"bytes":	325800,
				"bits_per_second":	2607422.16098027,
				"retransmits":	0,
				"omitted":	false,
				"sender":	true
			}
		}, {
			"streams":	[{
					"socket":	6,
					"start":	6.000648,
					"end":	7.001037,
					"seconds":	1.0003889799118042,
					"bytes":	0,
					"bits_per_second":	0,
					"retransmits":	0,
					"snd_cwnd":	40544,
					"snd_wnd":	404352,
					"rtt":	371708,
					"rttvar":	7471,
					"pmtu":	1500,
					"omitted":	false,
					"sender":	true
				}],
			"sum":	{
				"start":	6.000648,
				"end":	7.001037,
				"seconds":	1.0003889799118042,
				"bytes":	0,
				"bits_per_second":	0,
				"retransmits":	0,
				"omitted":	false,
				"sender":	true
			}
		}, {
			"streams":	[{
					"socket":	6,
					"start":	7.001037,
					"end":	8.001034,
					"seconds":	0.99999701976776123,
					"bytes":	0,
					"bits_per_second":	0,
					"retransmits":	0,
					"snd_cwnd":	28960,
					"snd_wnd":	404352,
					"rtt":	416848,
					"rttvar":	9616,
					"pmtu":	1500,
					"omitted":	false,
					"sender":	true
				}],
			"sum":	{
				"start":	7.001037,
				"end":	8.001034,
				"seconds":	0.99999701976776123,
				"bytes":	0,
				"bits_per_second":	0,
				"retransmits":	0,
				"omitted":	false,
				"sender":	true
			}
		}, {
			"streams":	[{
					"socket":	6,
					"start":	8.001034,
					"end":	9.000555,
					"seconds":	0.999521017074585,
					"bytes":	325800,
					"bits_per_second":	2607649.0193557465,
					"retransmits":	0,
					"snd_cwnd":	28960,
					"snd_wnd":	404352,
					"rtt":	455283,
					"rttvar":	12175,
					"pmtu":	1500,
					"omitted":	false,
					"sender":	true
				}],
			"sum":	{
				"start":	8.001034,
				"end":	9.000555,
				"seconds":	0.999521017074585,
				"bytes":	325800,
				"bits_per_second":	2607649.0193557465,
				"retransmits":	0,
				"omitted":	false,
				"sender":	true
			}
		}, {
			"streams":	[{
					"socket":	6,
					"start":	9.000555,
					"end":	10.001069,
					"seconds":	1.000514030456543,
					"bytes":	0,
					"bits_per_second":	0,
					"retransmits":	0,
					"snd_cwnd":	28960,
					"snd_wnd":	404352,
					"rtt":	494755,
					"rttvar":	16907,
					"pmtu":	1500,
					"omitted":	false,
					"sender":	true
				}],
			"sum":	{
				"start":	9.000555,
				"end":	10.001069,
				"seconds":	1.000514030456543,
				"bytes":	0,
				"bits_per_second":	0,
				"retransmits":	0,
				"omitted":	false,
				"sender":	true
			}
		}],
	"end":	{
		"streams":	[{
				"sender":	{
					"socket":	6,
					"start":	0,
					"end":	10.001069,
					"seconds":	10.001069,
					"bytes":	2804776,
					"bits_per_second":	2243580.9611952482,
					"retransmits":	0,
					"max_snd_cwnd":	86880,
					"max_snd_wnd":	404352,
					"max_rtt":	494755,
					"min_rtt":	154821,
					"mean_rtt":	323431,
					"sender":	true
				},
				"receiver":	{
					"socket":	6,
					"start":	0,
					"end":	10.536286,
					"seconds":	10.001069,
					"bytes":	2004032,
					"bits_per_second":	1521623.0842632782,
					"sender":	true
				}
			}],
		"sum_sent":	{
			"start":	0,
			"end":	10.001069,
			"seconds":	10.001069,
			"bytes":	2804776,
			"bits_per_second":	2243580.9611952482,
			"retransmits":	0,
			"sender":	true
		},
		"sum_received":	{
			"start":	0,
			"end":	10.536286,
			"seconds":	10.536286,
			"bytes":	2004032,
			"bits_per_second":	1521623.0842632782,
			"sender":	true
		},
		"cpu_utilization_percent":	{
			"host_total":	0.512049748640727,
			"host_user":	0.079276016290005941,
			"host_system":	0.43277373235072114,
			"remote_total":	0.21131702565093521,
			"remote_user":	0.035923419810859634,
			"remote_system":	0.17538411484408856
		},
		"sender_tcp_congestion":	"bbr",
		"receiver_tcp_congestion":	"bbr"
	}
}
