{
	"start":	{
		"connected":	[{
				"socket":	6,
				"local_host":	"192.168.101.210",
				"local_port":	47962,
				"remote_host":	"192.168.100.168",
				"remote_port":	5201
			}],
		"version":	"iperf 3.11",
		"system_info":	"Linux f1 6.0.10-300.fc37.x86_64 #1 SMP PREEMPT_DYNAMIC Sat Nov 26 16:55:13 UTC 2022 x86_64",
		"timestamp":	{
			"time":	"Fri, 09 Dec 2022 22:54:40 GMT",
			"timesecs":	1670626480
		},
		"connecting_to":	{
			"host":	"192.168.100.168",
			"port":	5201
		},
		"cookie":	"br2o3ogdkjknvif2ttjht526qxn54nevkthy",
		"tcp_mss_default":	1448,
		"target_bitrate":	0,
		"sock_bufsize":	0,
		"sndbuf_actual":	16384,
		"rcvbuf_actual":	131072,
		"test_start":	{
			"protocol":	"TCP",
			"num_streams":	1,
			"blksize":	131072,
			"omit":	0,
			"duration":	10,
			"bytes":	0,
			"blocks":	0,
			"reverse":	0,
			"tos":	0,
			"target_bitrate":	0
		}
	},
	"intervals":	[{
			"streams":	[{
					"socket":	6,
					"start":	0,
					"end":	1.000163,
					"seconds":	1.0001629590988159,
					"bytes":	1162744,
					"bits_per_second":	9300436.40926415,
					"retransmits":	0,
					"snd_cwnd":	208512,
					"snd_wnd":	358144,
					"rtt":	248091,
					"rttvar":	11537,
					"pmtu":	1500,
					"omitted":	false,
					"sender":	true
				}],
			"sum":	{
				"start":	0,
				"end":	1.000163,
				"seconds":	1.0001629590988159,
				"bytes":	1162744,
				"bits_per_second":	9300436.40926415,
				"retransmits":	0,
				"omitted":	false,
				"sender":	true
			}
		}, {
			"streams":	[{
					"socket":	6,
					"start":	1.000163,
					"end":	2.000846,
					"seconds":	1.0006829500198364,
					"bytes":	456120,
					"bits_per_second":	3646469.6434846492,
					"retransmits":	0,
					"snd_cwnd":	236024,
					"snd_wnd":	886272,
					"rtt":	495744,
					"rttvar":	9875,
					"pmtu":	1500,
					"omitted":	false,
					"sender":	true
				}],
			"sum":	{
				"start":	1.000163,
				"end":	2.000846,
				"seconds":	1.0006829500198364,
				"bytes":	456120,
				"bits_per_second":	3646469.6434846492,
				"retransmits":	0,
				"omitted":	false,
				"sender":	true
			}
		}, {
			"streams":	[{
					"socket":	6,
					"start":	2.000846,
					"end":	3.000572,
					"seconds":	0.99972599744796753,
					"bytes":	521280,
					"bits_per_second":	4171382.96957917,
					"retransmits":	0,
					"snd_cwnd":	256296,
					"snd_wnd":	886272,
					"rtt":	585303,
					"rttvar":	4963,
					"pmtu":	1500,
					"omitted":	false,
					"sender":	true
				}],
			"sum":	{
				"start":	2.000846,
				"end":	3.000572,
				"seconds":	0.99972599744796753,
				"bytes":	521280,
				"bits_per_second":	4171382.96957917,
				"retransmits":	0,
				"omitted":	false,
				"sender":	true
			}
		}, {
			"streams":	[{
					"socket":	6,
					"start":	3.000572,
					"end":	4.000918,
					"seconds":	1.0003459453582764,
					"bytes":	521280,
					"bits_per_second":	4168797.8237432833,
					"retransmits":	0,
					"snd_cwnd":	279464,
					"snd_wnd":	886272,
					"rtt":	610215,
					"rttvar":	1647,
					"pmtu":	1500,
					"omitted":	false,
					"sender":	true
				}],
			"sum":	{
				"start":	3.000572,
				"end":	4.000918,
				"seconds":	1.0003459453582764,
				"bytes":	521280,
				"bits_per_second":	4168797.8237432833,
				"retransmits":	0,
				"omitted":	false,
				"sender":	true
			}
		}, {
			"streams":	[{
					"socket":	6,
					"start":	4.000918,
					"end":	5.00014,
					"seconds":	0.99922198057174683,
					"bytes":	1238040,
					"bits_per_second":	9912031.75327751,
					"retransmits":	0,
					"snd_cwnd":	309872,
					"snd_wnd":	886272,
					"rtt":	491123,
					"rttvar":	2514,
					"pmtu":	1500,
					"omitted":	false,
					"sender":	true
				}],
			"sum":	{
				"start":	4.000918,
				"end":	5.00014,
				"seconds":	0.99922198057174683,
				"bytes":	1238040,
				"bits_per_second":	9912031.75327751,
				"retransmits":	0,
				"omitted":	false,
				"sender":	true
			}
		}, {
			"streams":	[{
					"socket":	6,
					"start":	5.00014,
					"end":	6.000117,
					"seconds":	0.9999769926071167,
					"bytes":	716760,
					"bits_per_second":	5734211.9292667331,
					"retransmits":	0,
					"snd_cwnd":	337384,
					"snd_wnd":	886272,
					"rtt":	598964,
					"rttvar":	1130,
					"pmtu":	1500,
					"omitted":	false,
					"sender":	true
				}],
			"sum":	{
				"start":	5.00014,
				"end":	6.000117,
				"seconds":	0.9999769926071167,
				"bytes":	716760,
				"bits_per_second":	5734211.9292667331,
				"retransmits":	0,
				"omitted":	false,
				"sender":	true
			}
		}, {
			"streams":	[{
					"socket":	6,
					"start":	6.000117,
					"end":	7.001048,
					"seconds":	1.0009310245513916,
					"bytes":	0,
					"bits_per_second":	0,
					"retransmits":	0,
					"snd_cwnd":	364896,
					"snd_wnd":	886272,
					"rtt":	621297,
					"rttvar":	2279,
					"pmtu":	1500,
					"omitted":	false,
					"sender":	true
				}],
			"sum":	{
				"start":	6.000117,
				"end":	7.001048,
				"seconds":	1.0009310245513916,
				"bytes":	0,
				"bits_per_second":	0,
				"retransmits":	0,
				"omitted":	false,
				"sender":	true
			}
		}, {
			"streams":	[{
					"socket":	6,
					"start":	7.001048,
					"end":	8.001,
					"seconds":	0.99995201826095581,
					"bytes":	781920,
					"bits_per_second":	6255660.1574532241,
					"retransmits":	0,
					"snd_cwnd":	399648,
					"snd_wnd":	886272,
					"rtt":	643700,
					"rttvar":	1382,
					"pmtu":	1500,
					"omitted":	false,
					"sender":	true
				}],
			"sum":	{
				"start":	7.001048,
				"end":	8.001,
				"seconds":	0.99995201826095581,
				"bytes":	781920,
				"bits_per_second":	6255660.1574532241,
				"retransmits":	0,
				"omitted":	false,
				"sender":	true
			}
		}, {
			"streams":	[{
					"socket":	6,
					"start":	8.001,
					"end":	9.000911,
					"seconds":	0.99991101026535034,
					"bytes":	847080,
					"bits_per_second":	6777243.1050655758,
					"retransmits":	0,
					"snd_cwnd":	473496,
					"snd_wnd":	989184,
					"rtt":	678554,
					"rttvar":	1567,
					"pmtu":	1500,
					"omitted":	false,
					"sender":	true
				}],
			"sum":	{
				"start":	8.001,
				"end":	9.000911,
				"seconds":	0.99991101026535034,
				"bytes":	847080,
				"bits_per_second":	6777243.1050655758,
				"retransmits":	0,
				"omitted":	false,
				"sender":	true
			}
		}, {
			"streams":	[{
					"socket":	6,
					"start":	9.000911,
					"end":	10.000105,
					"seconds":	0.99919402599334717,
					"bytes":	2150280,
					"bits_per_second":	17216115.7417834,
					"retransmits":	0,
					"snd_cwnd":	586440,
					"snd_wnd":	1289088,
					"rtt":	688967,
					"rttvar":	2505,
					"pmtu":	1500,
					"omitted":	false,
					"sender":	true
				}],
			"sum":	{
				"start":	9.000911,
				"end":	10.000105,
				"seconds":	0.99919402599334717,
				"bytes":	2150280,
				"bits_per_second":	17216115.7417834,
				"retransmits":	0,
				"omitted":	false,
				"sender":	true
			}
		}],
	"end":	{
		"streams":	[{
				"sender":	{
					"socket":	6,
					"start":	0,
					"end":	10.000105,
					"seconds":	10.000105,
					"bytes":	8395504,
					"bits_per_second":	6716332.6785068763,
					"retransmits":	0,
					"max_snd_cwnd":	586440,
					"max_snd_wnd":	1289088,
					"max_rtt":	688967,
					"min_rtt":	248091,
					"mean_rtt":	566195,
					"sender":	true
				},
				"receiver":	{
					"socket":	6,
					"start":	0,
					"end":	10.757487,
					"seconds":	10.000105,
					"bytes":	5803584,
					"bits_per_second":	4315940.3306738837,
					"sender":	true
				}
			}],
		"sum_sent":	{
			"start":	0,
			"end":	10.000105,
			"seconds":	10.000105,
			"bytes":	8395504,
			"bits_per_second":	6716332.6785068763,
			"retransmits":	0,
			"sender":	true
		},
		"sum_received":	{
			"start":	0,
			"end":	10.757487,
			"seconds":	10.757487,
			"bytes":	5803584,
			"bits_per_second":	4315940.3306738837,
			"sender":	true
		},
		"cpu_utilization_percent":	{
			"host_total":	1.8757030449309942,
			"host_user":	0.25374887859993722,
			"host_system":	1.6219726827407619,
			"remote_total":	0.49469681518881065,
			"remote_user":	0.0625796072655556,
			"remote_system":	0.43210791208141525
		},
		"sender_tcp_congestion":	"cubic",
		"receiver_tcp_congestion":	"cubic"
	}
}
