{
	"start":	{
		"connected":	[{
				"socket":	6,
				"local_host":	"192.168.101.210",
				"local_port":	34212,
				"remote_host":	"192.168.100.168",
				"remote_port":	5202
			}],
		"version":	"iperf 3.11",
		"system_info":	"Linux f1 6.0.10-300.fc37.x86_64 #1 SMP PREEMPT_DYNAMIC Sat Nov 26 16:55:13 UTC 2022 x86_64",
		"timestamp":	{
			"time":	"Fri, 09 Dec 2022 23:12:48 GMT",
			"timesecs":	1670627568
		},
		"connecting_to":	{
			"host":	"192.168.100.168",
			"port":	5202
		},
		"cookie":	"ayqtqyu636eidmqt7lmf52ws4dkpmumcwvud",
		"tcp_mss_default":	1448,
		"target_bitrate":	0,
		"sock_bufsize":	0,
		"sndbuf_actual":	16384,
		"rcvbuf_actual":	131072,
		"test_start":	{
			"protocol":	"TCP",
			"num_streams":	1,
			"blksize":	131072,
			"omit":	0,
			"duration":	10,
			"bytes":	0,
			"blocks":	0,
			"reverse":	0,
			"tos":	0,
			"target_bitrate":	0
		}
	},
	"intervals":	[{
			"streams":	[{
					"socket":	6,
					"start":	0,
					"end":	1.000335,
					"seconds":	1.0003349781036377,
					"bytes":	4839216,
					"bits_per_second":	38700764.091435321,
					"retransmits":	10,
					"snd_cwnd":	118736,
					"snd_wnd":	2804352,
					"rtt":	62708,
					"rttvar":	1113,
					"pmtu":	1500,
					"omitted":	false,
					"sender":	true
				}],
			"sum":	{
				"start":	0,
				"end":	1.000335,
				"seconds":	1.0003349781036377,
				"bytes":	4839216,
				"bits_per_second":	38700764.091435321,
				"retransmits":	10,
				"omitted":	false,
				"sender":	true
			}
		}, {
			"streams":	[{
					"socket":	6,
					"start":	1.000335,
					"end":	2.000184,
					"seconds":	0.999849021434784,
					"bytes":	977400,
					"bits_per_second":	7820380.7098590182,
					"retransmits":	0,
					"snd_cwnd":	31856,
					"snd_wnd":	2804352,
					"rtt":	64075,
					"rttvar":	832,
					"pmtu":	1500,
					"omitted":	false,
					"sender":	true
				}],
			"sum":	{
				"start":	1.000335,
				"end":	2.000184,
				"seconds":	0.999849021434784,
				"bytes":	977400,
				"bits_per_second":	7820380.7098590182,
				"retransmits":	0,
				"omitted":	false,
				"sender":	true
			}
		}, {
			"streams":	[{
					"socket":	6,
					"start":	2.000184,
					"end":	3.001027,
					"seconds":	1.0008430480957031,
					"bytes":	0,
					"bits_per_second":	0,
					"retransmits":	0,
					"snd_cwnd":	28960,
					"snd_wnd":	2804352,
					"rtt":	68780,
					"rttvar":	139,
					"pmtu":	1500,
					"omitted":	false,
					"sender":	true
				}],
			"sum":	{
				"start":	2.000184,
				"end":	3.001027,
				"seconds":	1.0008430480957031,
				"bytes":	0,
				"bits_per_second":	0,
				"retransmits":	0,
				"omitted":	false,
				"sender":	true
			}
		}, {
			"streams":	[{
					"socket":	6,
					"start":	3.001027,
					"end":	4.000794,
					"seconds":	0.999767005443573,
					"bytes":	977400,
					"bits_per_second":	7821022.255611252,
					"retransmits":	0,
					"snd_cwnd":	28960,
					"snd_wnd":	2804352,
					"rtt":	72333,
					"rttvar":	1040,
					"pmtu":	1500,
					"omitted":	false,
					"sender":	true
				}],
			"sum":	{
				"start":	3.001027,
				"end":	4.000794,
				"seconds":	0.999767005443573,
				"bytes":	977400,
				"bits_per_second":	7821022.255611252,
				"retransmits":	0,
				"omitted":	false,
				"sender":	true
			}
		}, {
			"streams":	[{
					"socket":	6,
					"start":	4.000794,
					"end":	5.001026,
					"seconds":	1.0002319812774658,
					"bytes":	0,
					"bits_per_second":	0,
					"retransmits":	0,
					"snd_cwnd":	26064,
					"snd_wnd":	2804352,
					"rtt":	75841,
					"rttvar":	2297,
					"pmtu":	1500,
					"omitted":	false,
					"sender":	true
				}],
			"sum":	{
				"start":	4.000794,
				"end":	5.001026,
				"seconds":	1.0002319812774658,
				"bytes":	0,
				"bits_per_second":	0,
				"retransmits":	0,
				"omitted":	false,
				"sender":	true
			}
		}, {
			"streams":	[{
					"socket":	6,
					"start":	5.001026,
					"end":	6.001034,
					"seconds":	1.0000079870224,
					"bytes":	0,
					"bits_per_second":	0,
					"retransmits":	0,
					"snd_cwnd":	26064,
					"snd_wnd":	2804352,
					"rtt":	76209,
					"rttvar":	220,
					"pmtu":	1500,
					"omitted":	false,
					"sender":	true
				}],
			"sum":	{
				"start":	5.001026,
				"end":	6.001034,
				"seconds":	1.0000079870224,
				"bytes":	0,
				"bits_per_second":	0,
				"retransmits":	0,
				"omitted":	false,
				"sender":	true
			}
		}, {
			"streams":	[{
					"socket":	6,
					"start":	6.001034,
					"end":	7.000947,
					"seconds":	0.999912977218628,
					"bytes":	977400,
					"bits_per_second":	7819880.5077517815,
					"retransmits":	0,
					"snd_cwnd":	26064,
					"snd_wnd":	2804352,
					"rtt":	76116,
					"rttvar":	115,
					"pmtu":	1500,
					"omitted":	false,
					"sender":	true
				}],
			"sum":	{
				"start":	6.001034,
				"end":	7.000947,
				"seconds":	0.999912977218628,
				"bytes":	977400,
				"bits_per_second":	7819880.5077517815,
				"retransmits":	0,
				"omitted":	false,
				"sender":	true
			}
		}, {
			"streams":	[{
					"socket":	6,
					"start":	7.000947,
					"end":	8.001026,
					"seconds":	1.0000790357589722,
					"bytes":	0,
					"bits_per_second":	0,
					"retransmits":	0,
					"snd_cwnd":	23168,
					"snd_wnd":	2804352,
					"rtt":	76313,
					"rttvar":	1843,
					"pmtu":	1500,
					"omitted":	false,
					"sender":	true
				}],
			"sum":	{
				"start":	7.000947,
				"end":	8.001026,
				"seconds":	1.0000790357589722,
				"bytes":	0,
				"bits_per_second":	0,
				"retransmits":	0,
				"omitted":	false,
				"sender":	true
			}
		}, {
			"streams":	[{
					"socket":	6,
					"start":	8.001026,
					"end":	9.001024,
					"seconds":	0.99999797344207764,
					"bytes":	0,
					"bits_per_second":	0,
					"retransmits":	0,
					"snd_cwnd":	26064,
					"snd_wnd":	2804352,
					"rtt":	75980,
					"rttvar":	167,
					"pmtu":	1500,
					"omitted":	false,
					"sender":	true
				}],
			"sum":	{
				"start":	8.001026,
				"end":	9.001024,
				"seconds":	0.99999797344207764,
				"bytes":	0,
				"bits_per_second":	0,
				"retransmits":	0,
				"omitted":	false,
				"sender":	true
			}
		}, {
			"streams":	[{
					"socket":	6,
					"start":	9.001024,
					"end":	10.000774,
					"seconds":	0.999750018119812,
					"bytes":	977400,
					"bits_per_second":	7821155.1470689066,
					"retransmits":	0,
					"snd_cwnd":	23168,
					"snd_wnd":	2804352,
					"rtt":	76738,
					"rttvar":	1891,
					"pmtu":	1500,
					"omitted":	false,
					"sender":	true
				}],
			"sum":	{
				"start":	9.001024,
				"end":	10.000774,
				"seconds":	0.999750018119812,
				"bytes":	977400,
				"bits_per_second":	7821155.1470689066,
				"retransmits":	0,
				"omitted":	false,
				"sender":	true
			}
		}],
	"end":	{
		"streams":	[{
				"sender":	{
					"socket":	6,
					"start":	0,
					"end":	10.000774,
					"seconds":	10.000774,
					"bytes":	8748816,
					"bits_per_second":	6998511.11523968,
					"retransmits":	10,
					"max_snd_cwnd":	118736,
					"max_snd_wnd":	2804352,
					"max_rtt":	76738,
					"min_rtt":	62708,
					"mean_rtt":	72509,
					"sender":	true
				},
				"receiver":	{
					"socket":	6,
					"start":	0,
					"end":	10.076042,
					"seconds":	10.000774,
					"bytes":	6120696,
					"bits_per_second":	4859603.4037968479,
					"sender":	true
				}
			}],
		"sum_sent":	{
			"start":	0,
			"end":	10.000774,
			"seconds":	10.000774,
			"bytes":	8748816,
			"bits_per_second":	6998511.11523968,
			"retransmits":	10,
			"sender":	true
		},
		"sum_received":	{
			"start":	0,
			"end":	10.076042,
			"seconds":	10.076042,
			"bytes":	6120696,
			"bits_per_second":	4859603.4037968479,
			"sender":	true
		},
		"cpu_utilization_percent":	{
			"host_total":	0.12370197324663507,
			"host_user":	0.028889021444895212,
			"host_system":	0.094812951801739848,
			"remote_total":	0.42081945761510825,
			"remote_user":	0.058882171643564865,
			"remote_system":	0.36194721049061362
		},
		"sender_tcp_congestion":	"bbr",
		"receiver_tcp_congestion":	"bbr"
	}
}
