{
	"start":	{
		"connected":	[{
				"socket":	6,
				"local_host":	"192.168.101.210",
				"local_port":	34000,
				"remote_host":	"192.168.100.168",
				"remote_port":	5201
			}],
		"version":	"iperf 3.11",
		"system_info":	"Linux f1 6.0.10-300.fc37.x86_64 #1 SMP PREEMPT_DYNAMIC Sat Nov 26 16:55:13 UTC 2022 x86_64",
		"timestamp":	{
			"time":	"Fri, 09 Dec 2022 22:51:22 GMT",
			"timesecs":	1670626282
		},
		"connecting_to":	{
			"host":	"192.168.100.168",
			"port":	5201
		},
		"cookie":	"wahvz4mwbijoukkg3dfarmqhecjt2dxqafnj",
		"tcp_mss_default":	1448,
		"target_bitrate":	0,
		"sock_bufsize":	0,
		"sndbuf_actual":	16384,
		"rcvbuf_actual":	131072,
		"test_start":	{
			"protocol":	"TCP",
			"num_streams":	1,
			"blksize":	131072,
			"omit":	0,
			"duration":	10,
			"bytes":	0,
			"blocks":	0,
			"reverse":	0,
			"tos":	0,
			"target_bitrate":	0
		}
	},
	"intervals":	[{
			"streams":	[{
					"socket":	6,
					"start":	0,
					"end":	1.000404,
					"seconds":	1.0004040002822876,
					"bytes":	994776,
					"bits_per_second":	7954994.1801056415,
					"retransmits":	0,
					"snd_cwnd":	134664,
					"snd_wnd":	541568,
					"rtt":	231873,
					"rttvar":	1249,
					"pmtu":	1500,
					"omitted":	false,
					"sender":	true
				}],
			"sum":	{
				"start":	0,
				"end":	1.000404,
				"seconds":	1.0004040002822876,
				"bytes":	994776,
				"bits_per_second":	7954994.1801056415,
				"retransmits":	0,
				"omitted":	false,
				"sender":	true
			}
		}, {
			"streams":	[{
					"socket":	6,
					"start":	1.000404,
					"end":	2.000193,
					"seconds":	0.999788999557495,
					"bytes":	977400,
					"bits_per_second":	7820850.202853567,
					"retransmits":	0,
					"snd_cwnd":	169416,
					"snd_wnd":	541568,
					"rtt":	251292,
					"rttvar":	619,
					"pmtu":	1500,
					"omitted":	false,
					"sender":	true
				}],
			"sum":	{
				"start":	1.000404,
				"end":	2.000193,
				"seconds":	0.999788999557495,
				"bytes":	977400,
				"bits_per_second":	7820850.202853567,
				"retransmits":	0,
				"omitted":	false,
				"sender":	true
			}
		}, {
			"streams":	[{
					"socket":	6,
					"start":	2.000193,
					"end":	3.000276,
					"seconds":	1.0000829696655273,
					"bytes":	781920,
					"bits_per_second":	6254841.0379311563,
					"retransmits":	0,
					"snd_cwnd":	202720,
					"snd_wnd":	541568,
					"rtt":	257576,
					"rttvar":	1046,
					"pmtu":	1500,
					"omitted":	false,
					"sender":	true
				}],
			"sum":	{
				"start":	2.000193,
				"end":	3.000276,
				"seconds":	1.0000829696655273,
				"bytes":	781920,
				"bits_per_second":	6254841.0379311563,
				"retransmits":	0,
				"omitted":	false,
				"sender":	true
			}
		}, {
			"streams":	[{
					"socket":	6,
					"start":	3.000276,
					"end":	4.000344,
					"seconds":	1.0000679492950439,
					"bytes":	912240,
					"bits_per_second":	7297424.1451737,
					"retransmits":	0,
					"snd_cwnd":	243264,
					"snd_wnd":	541568,
					"rtt":	277030,
					"rttvar":	1605,
					"pmtu":	1500,
					"omitted":	false,
					"sender":	true
				}],
			"sum":	{
				"start":	3.000276,
				"end":	4.000344,
				"seconds":	1.0000679492950439,
				"bytes":	912240,
				"bits_per_second":	7297424.1451737,
				"retransmits":	0,
				"omitted":	false,
				"sender":	true
			}
		}, {
			"streams":	[{
					"socket":	6,
					"start":	4.000344,
					"end":	5.000344,
					"seconds":	1,
					"bytes":	1107720,
					"bits_per_second":	8861760,
					"retransmits":	0,
					"snd_cwnd":	285256,
					"snd_wnd":	616192,
					"rtt":	313082,
					"rttvar":	805,
					"pmtu":	1500,
					"omitted":	false,
					"sender":	true
				}],
			"sum":	{
				"start":	4.000344,
				"end":	5.000344,
				"seconds":	1,
				"bytes":	1107720,
				"bits_per_second":	8861760,
				"retransmits":	0,
				"omitted":	false,
				"sender":	true
			}
		}, {
			"streams":	[{
					"socket":	6,
					"start":	5.000344,
					"end":	6.000241,
					"seconds":	0.999897003173828,
					"bytes":	1238040,
					"bits_per_second":	9905340.21860467,
					"retransmits":	0,
					"snd_cwnd":	331592,
					"snd_wnd":	726656,
					"rtt":	332049,
					"rttvar":	1607,
					"pmtu":	1500,
					"omitted":	false,
					"sender":	true
				}],
			"sum":	{
				"start":	5.000344,
				"end":	6.000241,
				"seconds":	0.999897003173828,
				"bytes":	1238040,
				"bits_per_second":	9905340.21860467,
				"retransmits":	0,
				"omitted":	false,
				"sender":	true
			}
		}, {
			"streams":	[{
					"socket":	6,
					"start":	6.000241,
					"end":	7.000069,
					"seconds":	0.99982798099517822,
					"bytes":	1498680,
					"bits_per_second":	11991502.766372189,
					"retransmits":	0,
					"snd_cwnd":	380824,
					"snd_wnd":	820608,
					"rtt":	370366,
					"rttvar":	2043,
					"pmtu":	1500,
					"omitted":	false,
					"sender":	true
				}],
			"sum":	{
				"start":	6.000241,
				"end":	7.000069,
				"seconds":	0.99982798099517822,
				"bytes":	1498680,
				"bits_per_second":	11991502.766372189,
				"retransmits":	0,
				"omitted":	false,
				"sender":	true
			}
		}, {
			"streams":	[{
					"socket":	6,
					"start":	7.000069,
					"end":	8.000371,
					"seconds":	1.0003019571304321,
					"bytes":	847080,
					"bits_per_second":	6774594.36292633,
					"retransmits":	0,
					"snd_cwnd":	430056,
					"snd_wnd":	904192,
					"rtt":	398490,
					"rttvar":	1436,
					"pmtu":	1500,
					"omitted":	false,
					"sender":	true
				}],
			"sum":	{
				"start":	7.000069,
				"end":	8.000371,
				"seconds":	1.0003019571304321,
				"bytes":	847080,
				"bits_per_second":	6774594.36292633,
				"retransmits":	0,
				"omitted":	false,
				"sender":	true
			}
		}, {
			"streams":	[{
					"socket":	6,
					"start":	8.000371,
					"end":	9.000664,
					"seconds":	1.0002930164337158,
					"bytes":	912240,
					"bits_per_second":	7295782.2159139253,
					"retransmits":	0,
					"snd_cwnd":	482184,
					"snd_wnd":	1048832,
					"rtt":	441608,
					"rttvar":	1116,
					"pmtu":	1500,
					"omitted":	false,
					"sender":	true
				}],
			"sum":	{
				"start":	8.000371,
				"end":	9.000664,
				"seconds":	1.0002930164337158,
				"bytes":	912240,
				"bits_per_second":	7295782.2159139253,
				"retransmits":	0,
				"omitted":	false,
				"sender":	true
			}
		}, {
			"streams":	[{
					"socket":	6,
					"start":	9.000664,
					"end":	10.000231,
					"seconds":	0.99956697225570679,
					"bytes":	2085120,
					"bits_per_second":	16688186.447733806,
					"retransmits":	0,
					"snd_cwnd":	587888,
					"snd_wnd":	1199616,
					"rtt":	495557,
					"rttvar":	1674,
					"pmtu":	1500,
					"omitted":	false,
					"sender":	true
				}],
			"sum":	{
				"start":	9.000664,
				"end":	10.000231,
				"seconds":	0.99956697225570679,
				"bytes":	2085120,
				"bits_per_second":	16688186.447733806,
				"retransmits":	0,
				"omitted":	false,
				"sender":	true
			}
		}],
	"end":	{
		"streams":	[{
				"sender":	{
					"socket":	6,
					"start":	0,
					"end":	10.000231,
					"seconds":	10.000231,
					"bytes":	11355216,
					"bits_per_second":	9083962.9604556132,
					"retransmits":	0,
					"max_snd_cwnd":	587888,
					"max_snd_wnd":	1199616,
					"max_rtt":	495557,
					"min_rtt":	231873,
					"mean_rtt":	336892,
					"sender":	true
				},
				"receiver":	{
					"socket":	6,
					"start":	0,
					"end":	10.534782,
					"seconds":	10.000231,
					"bytes":	9097784,
					"bits_per_second":	6908759.1940678032,
					"sender":	true
				}
			}],
		"sum_sent":	{
			"start":	0,
			"end":	10.000231,
			"seconds":	10.000231,
			"bytes":	11355216,
			"bits_per_second":	9083962.9604556132,
			"retransmits":	0,
			"sender":	true
		},
		"sum_received":	{
			"start":	0,
			"end":	10.534782,
			"seconds":	10.534782,
			"bytes":	9097784,
			"bits_per_second":	6908759.1940678032,
			"sender":	true
		},
		"cpu_utilization_percent":	{
			"host_total":	0.75843412136188482,
			"host_user":	0.1386110433754813,
			"host_system":	0.61983278532188746,
			"remote_total":	0.823024564014071,
			"remote_user":	0.1314785158257854,
			"remote_system":	0.69155554053655122
		},
		"sender_tcp_congestion":	"cubic",
		"receiver_tcp_congestion":	"cubic"
	}
}
