{
	"start":	{
		"connected":	[{
				"socket":	6,
				"local_host":	"192.168.101.210",
				"local_port":	36720,
				"remote_host":	"192.168.100.168",
				"remote_port":	5202
			}],
		"version":	"iperf 3.11",
		"system_info":	"Linux f1 6.0.10-300.fc37.x86_64 #1 SMP PREEMPT_DYNAMIC Sat Nov 26 16:55:13 UTC 2022 x86_64",
		"timestamp":	{
			"time":	"Fri, 09 Dec 2022 23:18:13 GMT",
			"timesecs":	1670627893
		},
		"connecting_to":	{
			"host":	"192.168.100.168",
			"port":	5202
		},
		"cookie":	"z52mqdqx2g4ugesk4wn7qp5yecj6sffxj4ke",
		"tcp_mss_default":	1448,
		"target_bitrate":	0,
		"sock_bufsize":	0,
		"sndbuf_actual":	16384,
		"rcvbuf_actual":	131072,
		"test_start":	{
			"protocol":	"TCP",
			"num_streams":	1,
			"blksize":	131072,
			"omit":	0,
			"duration":	10,
			"bytes":	0,
			"blocks":	0,
			"reverse":	0,
			"tos":	0,
			"target_bitrate":	0
		}
	},
	"intervals":	[{
			"streams":	[{
					"socket":	6,
					"start":	0,
					"end":	1.000069,
					"seconds":	1.00006902217865,
					"bytes":	4325376,
					"bits_per_second":	34600619.789839469,
					"retransmits":	0,
					"snd_cwnd":	626984,
					"snd_wnd":	971520,
					"rtt":	150085,
					"rttvar":	17,
					"pmtu":	1500,
					"omitted":	false,
					"sender":	true
				}],
			"sum":	{
				"start":	0,
				"end":	1.000069,
				"seconds":	1.00006902217865,
				"bytes":	4325376,
				"bits_per_second":	34600619.789839469,
				"retransmits":	0,
				"omitted":	false,
				"sender":	true
			}
		}, {
			"streams":	[{
					"socket":	6,
					"start":	1.000069,
					"end":	2.000227,
					"seconds":	1.0001579523086548,
					"bytes":	3932160,
					"bits_per_second":	31452312.034701589,
					"retransmits":	0,
					"snd_cwnd":	2373272,
					"snd_wnd":	3141248,
					"rtt":	409798,
					"rttvar":	638,
					"pmtu":	1500,
					"omitted":	false,
					"sender":	true
				}],
			"sum":	{
				"start":	1.000069,
				"end":	2.000227,
				"seconds":	1.0001579523086548,
				"bytes":	3932160,
				"bits_per_second":	31452312.034701589,
				"retransmits":	0,
				"omitted":	false,
				"sender":	true
			}
		}, {
			"streams":	[{
					"socket":	6,
					"start":	2.000227,
					"end":	3.000304,
					"seconds":	1.00007700920105,
					"bytes":	5242880,
					"bits_per_second":	41939810.248720564,
					"retransmits":	0,
					"snd_cwnd":	2386304,
					"snd_wnd":	3143552,
					"rtt":	426128,
					"rttvar":	8319,
					"pmtu":	1500,
					"omitted":	false,
					"sender":	true
				}],
			"sum":	{
				"start":	2.000227,
				"end":	3.000304,
				"seconds":	1.00007700920105,
				"bytes":	5242880,
				"bits_per_second":	41939810.248720564,
				"retransmits":	0,
				"omitted":	false,
				"sender":	true
			}
		}, {
			"streams":	[{
					"socket":	6,
					"start":	3.000304,
					"end":	4.000275,
					"seconds":	0.99997097253799438,
					"bytes":	3932160,
					"bits_per_second":	31458193.151506472,
					"retransmits":	0,
					"snd_cwnd":	2392096,
					"snd_wnd":	3143552,
					"rtt":	375058,
					"rttvar":	6130,
					"pmtu":	1500,
					"omitted":	false,
					"sender":	true
				}],
			"sum":	{
				"start":	3.000304,
				"end":	4.000275,
				"seconds":	0.99997097253799438,
				"bytes":	3932160,
				"bits_per_second":	31458193.151506472,
				"retransmits":	0,
				"omitted":	false,
				"sender":	true
			}
		}, {
			"streams":	[{
					"socket":	6,
					"start":	4.000275,
					"end":	5.000293,
					"seconds":	1.0000180006027222,
					"bytes":	5242880,
					"bits_per_second":	41942285.0135902,
					"retransmits":	0,
					"snd_cwnd":	2392096,
					"snd_wnd":	3143808,
					"rtt":	423360,
					"rttvar":	18338,
					"pmtu":	1500,
					"omitted":	false,
					"sender":	true
				}],
			"sum":	{
				"start":	4.000275,
				"end":	5.000293,
				"seconds":	1.0000180006027222,
				"bytes":	5242880,
				"bits_per_second":	41942285.0135902,
				"retransmits":	0,
				"omitted":	false,
				"sender":	true
			}
		}, {
			"streams":	[{
					"socket":	6,
					"start":	5.000293,
					"end":	6.00032,
					"seconds":	1.0000269412994385,
					"bytes":	5242880,
					"bits_per_second":	41941910.030442849,
					"retransmits":	0,
					"snd_cwnd":	2250192,
					"snd_wnd":	3143808,
					"rtt":	440288,
					"rttvar":	16456,
					"pmtu":	1500,
					"omitted":	false,
					"sender":	true
				}],
			"sum":	{
				"start":	5.000293,
				"end":	6.00032,
				"seconds":	1.0000269412994385,
				"bytes":	5242880,
				"bits_per_second":	41941910.030442849,
				"retransmits":	0,
				"omitted":	false,
				"sender":	true
			}
		}, {
			"streams":	[{
					"socket":	6,
					"start":	6.00032,
					"end":	7.000205,
					"seconds":	0.99988502264022827,
					"bytes":	5242880,
					"bits_per_second":	41947863.05454208,
					"retransmits":	0,
					"snd_cwnd":	2276256,
					"snd_wnd":	3143808,
					"rtt":	449531,
					"rttvar":	2657,
					"pmtu":	1500,
					"omitted":	false,
					"sender":	true
				}],
			"sum":	{
				"start":	6.00032,
				"end":	7.000205,
				"seconds":	0.99988502264022827,
				"bytes":	5242880,
				"bits_per_second":	41947863.05454208,
				"retransmits":	0,
				"omitted":	false,
				"sender":	true
			}
		}, {
			"streams":	[{
					"socket":	6,
					"start":	7.000205,
					"end":	8.000232,
					"seconds":	1.0000269412994385,
					"bytes":	5242880,
					"bits_per_second":	41941910.030442849,
					"retransmits":	0,
					"snd_cwnd":	2174896,
					"snd_wnd":	3143808,
					"rtt":	386604,
					"rttvar":	3884,
					"pmtu":	1500,
					"omitted":	false,
					"sender":	true
				}],
			"sum":	{
				"start":	7.000205,
				"end":	8.000232,
				"seconds":	1.0000269412994385,
				"bytes":	5242880,
				"bits_per_second":	41941910.030442849,
				"retransmits":	0,
				"omitted":	false,
				"sender":	true
			}
		}, {
			"streams":	[{
					"socket":	6,
					"start":	8.000232,
					"end":	9.00016,
					"seconds":	0.99992799758911133,
					"bytes":	5242880,
					"bits_per_second":	41946060.217462942,
					"retransmits":	0,
					"snd_cwnd":	2174896,
					"snd_wnd":	3143808,
					"rtt":	357056,
					"rttvar":	3634,
					"pmtu":	1500,
					"omitted":	false,
					"sender":	true
				}],
			"sum":	{
				"start":	8.000232,
				"end":	9.00016,
				"seconds":	0.99992799758911133,
				"bytes":	5242880,
				"bits_per_second":	41946060.217462942,
				"retransmits":	0,
				"omitted":	false,
				"sender":	true
			}
		}, {
			"streams":	[{
					"socket":	6,
					"start":	9.00016,
					"end":	10.000082,
					"seconds":	0.999921977519989,
					"bytes":	5242880,
					"bits_per_second":	41946312.755348489,
					"retransmits":	0,
					"snd_cwnd":	2096704,
					"snd_wnd":	3143936,
					"rtt":	424705,
					"rttvar":	4515,
					"pmtu":	1500,
					"omitted":	false,
					"sender":	true
				}],
			"sum":	{
				"start":	9.00016,
				"end":	10.000082,
				"seconds":	0.999921977519989,
				"bytes":	5242880,
				"bits_per_second":	41946312.755348489,
				"retransmits":	0,
				"omitted":	false,
				"sender":	true
			}
		}],
	"end":	{
		"streams":	[{
				"sender":	{
					"socket":	6,
					"start":	0,
					"end":	10.000082,
					"seconds":	10.000082,
					"bytes":	48889856,
					"bits_per_second":	39111564.0851745,
					"retransmits":	0,
					"max_snd_cwnd":	2392096,
					"max_snd_wnd":	3143936,
					"max_rtt":	449531,
					"min_rtt":	150085,
					"mean_rtt":	384261,
					"sender":	true
				},
				"receiver":	{
					"socket":	6,
					"start":	0,
					"end":	10.412215,
					"seconds":	10.000082,
					"bytes":	47713288,
					"bits_per_second":	36659471.97594364,
					"sender":	true
				}
			}],
		"sum_sent":	{
			"start":	0,
			"end":	10.000082,
			"seconds":	10.000082,
			"bytes":	48889856,
			"bits_per_second":	39111564.0851745,
			"retransmits":	0,
			"sender":	true
		},
		"sum_received":	{
			"start":	0,
			"end":	10.412215,
			"seconds":	10.412215,
			"bytes":	47713288,
			"bits_per_second":	36659471.97594364,
			"sender":	true
		},
		"cpu_utilization_percent":	{
			"host_total":	1.4863554009808235,
			"host_user":	0.27961542785952143,
			"host_system":	1.206739973121302,
			"remote_total":	2.0380844522421135,
			"remote_user":	0.16881113244927021,
			"remote_system":	1.8692829238852626
		},
		"sender_tcp_congestion":	"bbr",
		"receiver_tcp_congestion":	"bbr"
	}
}
