{
	"start":	{
		"connected":	[{
				"socket":	6,
				"local_host":	"192.168.101.210",
				"local_port":	45586,
				"remote_host":	"192.168.100.168",
				"remote_port":	5201
			}],
		"version":	"iperf 3.11",
		"system_info":	"Linux f1 6.0.10-300.fc37.x86_64 #1 SMP PREEMPT_DYNAMIC Sat Nov 26 16:55:13 UTC 2022 x86_64",
		"timestamp":	{
			"time":	"Fri, 09 Dec 2022 23:18:54 GMT",
			"timesecs":	1670627934
		},
		"connecting_to":	{
			"host":	"192.168.100.168",
			"port":	5201
		},
		"cookie":	"rpiv72sdinp6rgq7pq6saq3gkb4mh5g6ynyg",
		"tcp_mss_default":	1448,
		"target_bitrate":	0,
		"sock_bufsize":	0,
		"sndbuf_actual":	16384,
		"rcvbuf_actual":	131072,
		"test_start":	{
			"protocol":	"TCP",
			"num_streams":	1,
			"blksize":	131072,
			"omit":	0,
			"duration":	10,
			"bytes":	0,
			"blocks":	0,
			"reverse":	0,
			"tos":	0,
			"target_bitrate":	0
		}
	},
	"intervals":	[{
			"streams":	[{
					"socket":	6,
					"start":	0,
					"end":	1.000226,
					"seconds":	1.0002260208129883,
					"bytes":	1404560,
					"bits_per_second":	11233940.895545727,
					"retransmits":	0,
					"snd_cwnd":	208512,
					"snd_wnd":	362496,
					"rtt":	200118,
					"rttvar":	52,
					"pmtu":	1500,
					"omitted":	false,
					"sender":	true
				}],
			"sum":	{
				"start":	0,
				"end":	1.000226,
				"seconds":	1.0002260208129883,
				"bytes":	1404560,
				"bits_per_second":	11233940.895545727,
				"retransmits":	0,
				"omitted":	false,
				"sender":	true
			}
		}, {
			"streams":	[{
					"socket":	6,
					"start":	1.000226,
					"end":	2.000076,
					"seconds":	0.99984997510910034,
					"bytes":	7115120,
					"bits_per_second":	56929500.842152819,
					"retransmits":	0,
					"snd_cwnd":	2933648,
					"snd_wnd":	3141504,
					"rtt":	330771,
					"rttvar":	6009,
					"pmtu":	1500,
					"omitted":	false,
					"sender":	true
				}],
			"sum":	{
				"start":	1.000226,
				"end":	2.000076,
				"seconds":	0.99984997510910034,
				"bytes":	7115120,
				"bits_per_second":	56929500.842152819,
				"retransmits":	0,
				"omitted":	false,
				"sender":	true
			}
		}, {
			"streams":	[{
					"socket":	6,
					"start":	2.000076,
					"end":	3.000099,
					"seconds":	1.0000230073928833,
					"bytes":	5242880,
					"bits_per_second":	41942075.02220162,
					"retransmits":	0,
					"snd_cwnd":	3242072,
					"snd_wnd":	3143552,
					"rtt":	482395,
					"rttvar":	288,
					"pmtu":	1500,
					"omitted":	false,
					"sender":	true
				}],
			"sum":	{
				"start":	2.000076,
				"end":	3.000099,
				"seconds":	1.0000230073928833,
				"bytes":	5242880,
				"bits_per_second":	41942075.02220162,
				"retransmits":	0,
				"omitted":	false,
				"sender":	true
			}
		}, {
			"streams":	[{
					"socket":	6,
					"start":	3.000099,
					"end":	4.000229,
					"seconds":	1.0001300573349,
					"bytes":	5242880,
					"bits_per_second":	41937585.7093705,
					"retransmits":	0,
					"snd_cwnd":	3330400,
					"snd_wnd":	3143552,
					"rtt":	476447,
					"rttvar":	1372,
					"pmtu":	1500,
					"omitted":	false,
					"sender":	true
				}],
			"sum":	{
				"start":	3.000099,
				"end":	4.000229,
				"seconds":	1.0001300573349,
				"bytes":	5242880,
				"bits_per_second":	41937585.7093705,
				"retransmits":	0,
				"omitted":	false,
				"sender":	true
			}
		}, {
			"streams":	[{
					"socket":	6,
					"start":	4.000229,
					"end":	5.000133,
					"seconds":	0.999903976917267,
					"bytes":	6553600,
					"bits_per_second":	52433834.858462632,
					"retransmits":	0,
					"snd_cwnd":	3330400,
					"snd_wnd":	3143552,
					"rtt":	481857,
					"rttvar":	173,
					"pmtu":	1500,
					"omitted":	false,
					"sender":	true
				}],
			"sum":	{
				"start":	4.000229,
				"end":	5.000133,
				"seconds":	0.999903976917267,
				"bytes":	6553600,
				"bits_per_second":	52433834.858462632,
				"retransmits":	0,
				"omitted":	false,
				"sender":	true
			}
		}, {
			"streams":	[{
					"socket":	6,
					"start":	5.000133,
					"end":	6.000071,
					"seconds":	0.99993801116943359,
					"bytes":	6553600,
					"bits_per_second":	52432050.201476187,
					"retransmits":	0,
					"snd_cwnd":	3330400,
					"snd_wnd":	3143552,
					"rtt":	437255,
					"rttvar":	3512,
					"pmtu":	1500,
					"omitted":	false,
					"sender":	true
				}],
			"sum":	{
				"start":	5.000133,
				"end":	6.000071,
				"seconds":	0.99993801116943359,
				"bytes":	6553600,
				"bits_per_second":	52432050.201476187,
				"retransmits":	0,
				"omitted":	false,
				"sender":	true
			}
		}, {
			"streams":	[{
					"socket":	6,
					"start":	6.000071,
					"end":	7.00016,
					"seconds":	1.0000890493392944,
					"bytes":	5242880,
					"bits_per_second":	41939305.332569666,
					"retransmits":	0,
					"snd_cwnd":	3330400,
					"snd_wnd":	3143552,
					"rtt":	476441,
					"rttvar":	1515,
					"pmtu":	1500,
					"omitted":	false,
					"sender":	true
				}],
			"sum":	{
				"start":	6.000071,
				"end":	7.00016,
				"seconds":	1.0000890493392944,
				"bytes":	5242880,
				"bits_per_second":	41939305.332569666,
				"retransmits":	0,
				"omitted":	false,
				"sender":	true
			}
		}, {
			"streams":	[{
					"socket":	6,
					"start":	7.00016,
					"end":	8.000078,
					"seconds":	0.999917984008789,
					"bytes":	6553600,
					"bits_per_second":	52433100.352697685,
					"retransmits":	0,
					"snd_cwnd":	3330400,
					"snd_wnd":	3143552,
					"rtt":	462683,
					"rttvar":	5361,
					"pmtu":	1500,
					"omitted":	false,
					"sender":	true
				}],
			"sum":	{
				"start":	7.00016,
				"end":	8.000078,
				"seconds":	0.999917984008789,
				"bytes":	6553600,
				"bits_per_second":	52433100.352697685,
				"retransmits":	0,
				"omitted":	false,
				"sender":	true
			}
		}, {
			"streams":	[{
					"socket":	6,
					"start":	8.000078,
					"end":	9.000186,
					"seconds":	1.000108003616333,
					"bytes":	5242880,
					"bits_per_second":	41938510.48920355,
					"retransmits":	0,
					"snd_cwnd":	3330400,
					"snd_wnd":	3143552,
					"rtt":	481865,
					"rttvar":	171,
					"pmtu":	1500,
					"omitted":	false,
					"sender":	true
				}],
			"sum":	{
				"start":	8.000078,
				"end":	9.000186,
				"seconds":	1.000108003616333,
				"bytes":	5242880,
				"bits_per_second":	41938510.48920355,
				"retransmits":	0,
				"omitted":	false,
				"sender":	true
			}
		}, {
			"streams":	[{
					"socket":	6,
					"start":	9.000186,
					"end":	10.000089,
					"seconds":	0.99990302324295044,
					"bytes":	6553600,
					"bits_per_second":	52433884.868114017,
					"retransmits":	0,
					"snd_cwnd":	3330400,
					"snd_wnd":	3143552,
					"rtt":	481683,
					"rttvar":	914,
					"pmtu":	1500,
					"omitted":	false,
					"sender":	true
				}],
			"sum":	{
				"start":	9.000186,
				"end":	10.000089,
				"seconds":	0.99990302324295044,
				"bytes":	6553600,
				"bits_per_second":	52433884.868114017,
				"retransmits":	0,
				"omitted":	false,
				"sender":	true
			}
		}],
	"end":	{
		"streams":	[{
				"sender":	{
					"socket":	6,
					"start":	0,
					"end":	10.000089,
					"seconds":	10.000089,
					"bytes":	55705600,
					"bits_per_second":	44564083.379657924,
					"retransmits":	0,
					"max_snd_cwnd":	3330400,
					"max_snd_wnd":	3143552,
					"max_rtt":	482395,
					"min_rtt":	200118,
					"mean_rtt":	431151,
					"sender":	true
				},
				"receiver":	{
					"socket":	6,
					"start":	0,
					"end":	10.473451,
					"seconds":	10.000089,
					"bytes":	55702144,
					"bits_per_second":	42547308.618716024,
					"sender":	true
				}
			}],
		"sum_sent":	{
			"start":	0,
			"end":	10.000089,
			"seconds":	10.000089,
			"bytes":	55705600,
			"bits_per_second":	44564083.379657924,
			"retransmits":	0,
			"sender":	true
		},
		"sum_received":	{
			"start":	0,
			"end":	10.473451,
			"seconds":	10.473451,
			"bytes":	55702144,
			"bits_per_second":	42547308.618716024,
			"sender":	true
		},
		"cpu_utilization_percent":	{
			"host_total":	1.9763149935328528,
			"host_user":	0.23461519340292666,
			"host_system":	1.7417090580887851,
			"remote_total":	1.5728219153388352,
			"remote_user":	0.13639226281113381,
			"remote_system":	1.4364201045919078
		},
		"sender_tcp_congestion":	"cubic",
		"receiver_tcp_congestion":	"cubic"
	}
}
