{
	"start":	{
		"connected":	[{
				"socket":	6,
				"local_host":	"192.168.101.210",
				"local_port":	41628,
				"remote_host":	"192.168.100.168",
				"remote_port":	5202
			}],
		"version":	"iperf 3.11",
		"system_info":	"Linux f1 6.0.10-300.fc37.x86_64 #1 SMP PREEMPT_DYNAMIC Sat Nov 26 16:55:13 UTC 2022 x86_64",
		"timestamp":	{
			"time":	"Fri, 09 Dec 2022 22:53:58 GMT",
			"timesecs":	1670626438
		},
		"connecting_to":	{
			"host":	"192.168.100.168",
			"port":	5202
		},
		"cookie":	"y36xuvf5m7pi3lldzzufeabxuqmyyjbcddnz",
		"tcp_mss_default":	1448,
		"target_bitrate":	0,
		"sock_bufsize":	0,
		"sndbuf_actual":	16384,
		"rcvbuf_actual":	131072,
		"test_start":	{
			"protocol":	"TCP",
			"num_streams":	1,
			"blksize":	131072,
			"omit":	0,
			"duration":	10,
			"bytes":	0,
			"blocks":	0,
			"reverse":	0,
			"tos":	0,
			"target_bitrate":	0
		}
	},
	"intervals":	[{
			"streams":	[{
					"socket":	6,
					"start":	0,
					"end":	1.000201,
					"seconds":	1.0002009868621826,
					"bytes":	1778144,
					"bits_per_second":	14222293.505855218,
					"retransmits":	0,
					"snd_cwnd":	215752,
					"snd_wnd":	443008,
					"rtt":	252166,
					"rttvar":	7457,
					"pmtu":	1500,
					"omitted":	false,
					"sender":	true
				}],
			"sum":	{
				"start":	0,
				"end":	1.000201,
				"seconds":	1.0002009868621826,
				"bytes":	1778144,
				"bits_per_second":	14222293.505855218,
				"retransmits":	0,
				"omitted":	false,
				"sender":	true
			}
		}, {
			"streams":	[{
					"socket":	6,
					"start":	1.000201,
					"end":	2.000849,
					"seconds":	1.000648021697998,
					"bytes":	781920,
					"bits_per_second":	6251309.0161166657,
					"retransmits":	0,
					"snd_cwnd":	296840,
					"snd_wnd":	977152,
					"rtt":	430793,
					"rttvar":	3215,
					"pmtu":	1500,
					"omitted":	false,
					"sender":	true
				}],
			"sum":	{
				"start":	1.000201,
				"end":	2.000849,
				"seconds":	1.000648021697998,
				"bytes":	781920,
				"bits_per_second":	6251309.0161166657,
				"retransmits":	0,
				"omitted":	false,
				"sender":	true
			}
		}, {
			"streams":	[{
					"socket":	6,
					"start":	2.000849,
					"end":	3.000121,
					"seconds":	0.99927198886871338,
					"bytes":	1954800,
					"bits_per_second":	15649793.223669166,
					"retransmits":	0,
					"snd_cwnd":	344624,
					"snd_wnd":	977280,
					"rtt":	465910,
					"rttvar":	1083,
					"pmtu":	1500,
					"omitted":	false,
					"sender":	true
				}],
			"sum":	{
				"start":	2.000849,
				"end":	3.000121,
				"seconds":	0.99927198886871338,
				"bytes":	1954800,
				"bits_per_second":	15649793.223669166,
				"retransmits":	0,
				"omitted":	false,
				"sender":	true
			}
		}, {
			"streams":	[{
					"socket":	6,
					"start":	3.000121,
					"end":	4.001064,
					"seconds":	1.0009429454803467,
					"bytes":	0,
					"bits_per_second":	0,
					"retransmits":	0,
					"snd_cwnd":	257744,
					"snd_wnd":	977280,
					"rtt":	445272,
					"rttvar":	3569,
					"pmtu":	1500,
					"omitted":	false,
					"sender":	true
				}],
			"sum":	{
				"start":	3.000121,
				"end":	4.001064,
				"seconds":	1.0009429454803467,
				"bytes":	0,
				"bits_per_second":	0,
				"retransmits":	0,
				"omitted":	false,
				"sender":	true
			}
		}, {
			"streams":	[{
					"socket":	6,
					"start":	4.001064,
					"end":	5.001053,
					"seconds":	0.99998897314071655,
					"bytes":	0,
					"bits_per_second":	0,
					"retransmits":	0,
					"snd_cwnd":	251952,
					"snd_wnd":	977280,
					"rtt":	490051,
					"rttvar":	991,
					"pmtu":	1500,
					"omitted":	false,
					"sender":	true
				}],
			"sum":	{
				"start":	4.001064,
				"end":	5.001053,
				"seconds":	0.99998897314071655,
				"bytes":	0,
				"bits_per_second":	0,
				"retransmits":	0,
				"omitted":	false,
				"sender":	true
			}
		}, {
			"streams":	[{
					"socket":	6,
					"start":	5.001053,
					"end":	6.000975,
					"seconds":	0.999921977519989,
					"bytes":	1042560,
					"bits_per_second":	8341130.7957107769,
					"retransmits":	0,
					"snd_cwnd":	251952,
					"snd_wnd":	977280,
					"rtt":	510176,
					"rttvar":	1311,
					"pmtu":	1500,
					"omitted":	false,
					"sender":	true
				}],
			"sum":	{
				"start":	5.001053,
				"end":	6.000975,
				"seconds":	0.999921977519989,
				"bytes":	1042560,
				"bits_per_second":	8341130.7957107769,
				"retransmits":	0,
				"omitted":	false,
				"sender":	true
			}
		}, {
			"streams":	[{
					"socket":	6,
					"start":	6.000975,
					"end":	7.001042,
					"seconds":	1.0000669956207275,
					"bytes":	0,
					"bits_per_second":	0,
					"retransmits":	0,
					"snd_cwnd":	246160,
					"snd_wnd":	977280,
					"rtt":	539278,
					"rttvar":	1538,
					"pmtu":	1500,
					"omitted":	false,
					"sender":	true
				}],
			"sum":	{
				"start":	6.000975,
				"end":	7.001042,
				"seconds":	1.0000669956207275,
				"bytes":	0,
				"bits_per_second":	0,
				"retransmits":	0,
				"omitted":	false,
				"sender":	true
			}
		}, {
			"streams":	[{
					"socket":	6,
					"start":	7.001042,
					"end":	8.000779,
					"seconds":	0.999737024307251,
					"bytes":	1042560,
					"bits_per_second":	8342673.92045361,
					"retransmits":	0,
					"snd_cwnd":	205616,
					"snd_wnd":	977280,
					"rtt":	560982,
					"rttvar":	1843,
					"pmtu":	1500,
					"omitted":	false,
					"sender":	true
				}],
			"sum":	{
				"start":	7.001042,
				"end":	8.000779,
				"seconds":	0.999737024307251,
				"bytes":	1042560,
				"bits_per_second":	8342673.92045361,
				"retransmits":	0,
				"omitted":	false,
				"sender":	true
			}
		}, {
			"streams":	[{
					"socket":	6,
					"start":	8.000779,
					"end":	9.001036,
					"seconds":	1.0002570152282715,
					"bytes":	0,
					"bits_per_second":	0,
					"retransmits":	0,
					"snd_cwnd":	182448,
					"snd_wnd":	977280,
					"rtt":	562862,
					"rttvar":	1343,
					"pmtu":	1500,
					"omitted":	false,
					"sender":	true
				}],
			"sum":	{
				"start":	8.000779,
				"end":	9.001036,
				"seconds":	1.0002570152282715,
				"bytes":	0,
				"bits_per_second":	0,
				"retransmits":	0,
				"omitted":	false,
				"sender":	true
			}
		}, {
			"streams":	[{
					"socket":	6,
					"start":	9.001036,
					"end":	10.001048,
					"seconds":	1.0000120401382446,
					"bytes":	0,
					"bits_per_second":	0,
					"retransmits":	0,
					"snd_cwnd":	182448,
					"snd_wnd":	977280,
					"rtt":	604773,
					"rttvar":	7244,
					"pmtu":	1500,
					"omitted":	false,
					"sender":	true
				}],
			"sum":	{
				"start":	9.001036,
				"end":	10.001048,
				"seconds":	1.0000120401382446,
				"bytes":	0,
				"bits_per_second":	0,
				"retransmits":	0,
				"omitted":	false,
				"sender":	true
			}
		}],
	"end":	{
		"streams":	[{
				"sender":	{
					"socket":	6,
					"start":	0,
					"end":	10.001048,
					"seconds":	10.001048,
					"bytes":	6599984,
					"bits_per_second":	5279433.9153256733,
					"retransmits":	0,
					"max_snd_cwnd":	344624,
					"max_snd_wnd":	977280,
					"max_rtt":	604773,
					"min_rtt":	252166,
					"mean_rtt":	486226,
					"sender":	true
				},
				"receiver":	{
					"socket":	6,
					"start":	0,
					"end":	10.669348,
					"seconds":	10.001048,
					"bytes":	4798672,
					"bits_per_second":	3598099.527731217,
					"sender":	true
				}
			}],
		"sum_sent":	{
			"start":	0,
			"end":	10.001048,
			"seconds":	10.001048,
			"bytes":	6599984,
			"bits_per_second":	5279433.9153256733,
			"retransmits":	0,
			"sender":	true
		},
		"sum_received":	{
			"start":	0,
			"end":	10.669348,
			"seconds":	10.669348,
			"bytes":	4798672,
			"bits_per_second":	3598099.527731217,
			"sender":	true
		},
		"cpu_utilization_percent":	{
			"host_total":	1.438588833249516,
			"host_user":	0.31541903138193944,
			"host_system":	1.1231603700443786,
			"remote_total":	0.43076623152653959,
			"remote_user":	0.0348193331183876,
			"remote_system":	0.395956271041562
		},
		"sender_tcp_congestion":	"bbr",
		"receiver_tcp_congestion":	"bbr"
	}
}
