{
	"start":	{
		"connected":	[{
				"socket":	6,
				"local_host":	"192.168.101.210",
				"local_port":	53284,
				"remote_host":	"192.168.100.168",
				"remote_port":	5201
			}],
		"version":	"iperf 3.11",
		"system_info":	"Linux f1 6.0.10-300.fc37.x86_64 #1 SMP PREEMPT_DYNAMIC Sat Nov 26 16:55:13 UTC 2022 x86_64",
		"timestamp":	{
			"time":	"Fri, 09 Dec 2022 22:48:05 GMT",
			"timesecs":	1670626085
		},
		"connecting_to":	{
			"host":	"192.168.100.168",
			"port":	5201
		},
		"cookie":	"swt3n4h4ggumqh37xhfukfvgd2bwwmsokfat",
		"tcp_mss_default":	1448,
		"target_bitrate":	0,
		"sock_bufsize":	0,
		"sndbuf_actual":	16384,
		"rcvbuf_actual":	131072,
		"test_start":	{
			"protocol":	"TCP",
			"num_streams":	1,
			"blksize":	131072,
			"omit":	0,
			"duration":	10,
			"bytes":	0,
			"blocks":	0,
			"reverse":	0,
			"tos":	0,
			"target_bitrate":	0
		}
	},
	"intervals":	[{
			"streams":	[{
					"socket":	6,
					"start":	0,
					"end":	1.000316,
					"seconds":	1.0003160238265991,
					"bytes":	1169984,
					"bits_per_second":	9356914.99191909,
					"retransmits":	0,
					"snd_cwnd":	111496,
					"snd_wnd":	692224,
					"rtt":	121683,
					"rttvar":	916,
					"pmtu":	1500,
					"omitted":	false,
					"sender":	true
				}],
			"sum":	{
				"start":	0,
				"end":	1.000316,
				"seconds":	1.0003160238265991,
				"bytes":	1169984,
				"bits_per_second":	9356914.99191909,
				"retransmits":	0,
				"omitted":	false,
				"sender":	true
			}
		}, {
			"streams":	[{
					"socket":	6,
					"start":	1.000316,
					"end":	2.000081,
					"seconds":	0.99976497888565063,
					"bytes":	1498680,
					"bits_per_second":	11992258.43394071,
					"retransmits":	0,
					"snd_cwnd":	162176,
					"snd_wnd":	692224,
					"rtt":	144397,
					"rttvar":	926,
					"pmtu":	1500,
					"omitted":	false,
					"sender":	true
				}],
			"sum":	{
				"start":	1.000316,
				"end":	2.000081,
				"seconds":	0.99976497888565063,
				"bytes":	1498680,
				"bits_per_second":	11992258.43394071,
				"retransmits":	0,
				"omitted":	false,
				"sender":	true
			}
		}, {
			"streams":	[{
					"socket":	6,
					"start":	2.000081,
					"end":	3.000165,
					"seconds":	1.0000840425491333,
					"bytes":	1238040,
					"bits_per_second":	9903487.6856495868,
					"retransmits":	0,
					"snd_cwnd":	215752,
					"snd_wnd":	692352,
					"rtt":	184330,
					"rttvar":	1316,
					"pmtu":	1500,
					"omitted":	false,
					"sender":	true
				}],
			"sum":	{
				"start":	2.000081,
				"end":	3.000165,
				"seconds":	1.0000840425491333,
				"bytes":	1238040,
				"bits_per_second":	9903487.6856495868,
				"retransmits":	0,
				"omitted":	false,
				"sender":	true
			}
		}, {
			"streams":	[{
					"socket":	6,
					"start":	3.000165,
					"end":	4.000083,
					"seconds":	0.999917984008789,
					"bytes":	1563840,
					"bits_per_second":	12511746.16326336,
					"retransmits":	0,
					"snd_cwnd":	272224,
					"snd_wnd":	692352,
					"rtt":	233055,
					"rttvar":	1223,
					"pmtu":	1500,
					"omitted":	false,
					"sender":	true
				}],
			"sum":	{
				"start":	3.000165,
				"end":	4.000083,
				"seconds":	0.999917984008789,
				"bytes":	1563840,
				"bits_per_second":	12511746.16326336,
				"retransmits":	0,
				"omitted":	false,
				"sender":	true
			}
		}, {
			"streams":	[{
					"socket":	6,
					"start":	4.000083,
					"end":	5.000174,
					"seconds":	1.0000909566879272,
					"bytes":	1238040,
					"bits_per_second":	9903419.217788795,
					"retransmits":	0,
					"snd_cwnd":	327248,
					"snd_wnd":	710272,
					"rtt":	271069,
					"rttvar":	1086,
					"pmtu":	1500,
					"omitted":	false,
					"sender":	true
				}],
			"sum":	{
				"start":	4.000083,
				"end":	5.000174,
				"seconds":	1.0000909566879272,
				"bytes":	1238040,
				"bits_per_second":	9903419.217788795,
				"retransmits":	0,
				"omitted":	false,
				"sender":	true
			}
		}, {
			"streams":	[{
					"socket":	6,
					"start":	5.000174,
					"end":	6.000158,
					"seconds":	0.9999840259552002,
					"bytes":	1498680,
					"bits_per_second":	11989631.522911079,
					"retransmits":	0,
					"snd_cwnd":	385168,
					"snd_wnd":	840064,
					"rtt":	317989,
					"rttvar":	880,
					"pmtu":	1500,
					"omitted":	false,
					"sender":	true
				}],
			"sum":	{
				"start":	5.000174,
				"end":	6.000158,
				"seconds":	0.9999840259552002,
				"bytes":	1498680,
				"bits_per_second":	11989631.522911079,
				"retransmits":	0,
				"omitted":	false,
				"sender":	true
			}
		}, {
			"streams":	[{
					"socket":	6,
					"start":	6.000158,
					"end":	7.000582,
					"seconds":	1.0004240274429321,
					"bytes":	847080,
					"bits_per_second":	6773767.73658764,
					"retransmits":	0,
					"snd_cwnd":	443088,
					"snd_wnd":	937088,
					"rtt":	361783,
					"rttvar":	566,
					"pmtu":	1500,
					"omitted":	false,
					"sender":	true
				}],
			"sum":	{
				"start":	6.000158,
				"end":	7.000582,
				"seconds":	1.0004240274429321,
				"bytes":	847080,
				"bits_per_second":	6773767.73658764,
				"retransmits":	0,
				"omitted":	false,
				"sender":	true
			}
		}, {
			"streams":	[{
					"socket":	6,
					"start":	7.000582,
					"end":	8.00029,
					"seconds":	0.99970799684524536,
					"bytes":	1889640,
					"bits_per_second":	15121535.536081269,
					"retransmits":	0,
					"snd_cwnd":	501008,
					"snd_wnd":	1094912,
					"rtt":	407370,
					"rttvar":	1050,
					"pmtu":	1500,
					"omitted":	false,
					"sender":	true
				}],
			"sum":	{
				"start":	7.000582,
				"end":	8.00029,
				"seconds":	0.99970799684524536,
				"bytes":	1889640,
				"bits_per_second":	15121535.536081269,
				"retransmits":	0,
				"omitted":	false,
				"sender":	true
			}
		}, {
			"streams":	[{
					"socket":	6,
					"start":	8.00029,
					"end":	9.000582,
					"seconds":	1.00029194355011,
					"bytes":	1107720,
					"bits_per_second":	8859173.62140193,
					"retransmits":	0,
					"snd_cwnd":	560376,
					"snd_wnd":	1209984,
					"rtt":	454673,
					"rttvar":	1146,
					"pmtu":	1500,
					"omitted":	false,
					"sender":	true
				}],
			"sum":	{
				"start":	8.00029,
				"end":	9.000582,
				"seconds":	1.00029194355011,
				"bytes":	1107720,
				"bits_per_second":	8859173.62140193,
				"retransmits":	0,
				"omitted":	false,
				"sender":	true
			}
		}, {
			"streams":	[{
					"socket":	6,
					"start":	9.000582,
					"end":	10.000782,
					"seconds":	1.0002000331878662,
					"bytes":	1172880,
					"bits_per_second":	9381163.45596801,
					"retransmits":	0,
					"snd_cwnd":	618296,
					"snd_wnd":	1339776,
					"rtt":	501025,
					"rttvar":	1305,
					"pmtu":	1500,
					"omitted":	false,
					"sender":	true
				}],
			"sum":	{
				"start":	9.000582,
				"end":	10.000782,
				"seconds":	1.0002000331878662,
				"bytes":	1172880,
				"bits_per_second":	9381163.45596801,
				"retransmits":	0,
				"omitted":	false,
				"sender":	true
			}
		}],
	"end":	{
		"streams":	[{
				"sender":	{
					"socket":	6,
					"start":	0,
					"end":	10.000782,
					"seconds":	10.000782,
					"bytes":	13224584,
					"bits_per_second":	10578839.934717106,
					"retransmits":	0,
					"max_snd_cwnd":	618296,
					"max_snd_wnd":	1339776,
					"max_rtt":	501025,
					"min_rtt":	121683,
					"mean_rtt":	299737,
					"sender":	true
				},
				"receiver":	{
					"socket":	6,
					"start":	0,
					"end":	10.527805,
					"seconds":	10.000782,
					"bytes":	11528976,
					"bits_per_second":	8760782.3283201,
					"sender":	true
				}
			}],
		"sum_sent":	{
			"start":	0,
			"end":	10.000782,
			"seconds":	10.000782,
			"bytes":	13224584,
			"bits_per_second":	10578839.934717106,
			"retransmits":	0,
			"sender":	true
		},
		"sum_received":	{
			"start":	0,
			"end":	10.527805,
			"seconds":	10.527805,
			"bytes":	11528976,
			"bits_per_second":	8760782.3283201,
			"sender":	true
		},
		"cpu_utilization_percent":	{
			"host_total":	0.0842748733856338,
			"host_user":	0.02667141091165038,
			"host_system":	0.0576034624739834,
			"remote_total":	0.95377779576187627,
			"remote_user":	0.04717026385047083,
			"remote_system":	0.90661703055495169
		},
		"sender_tcp_congestion":	"cubic",
		"receiver_tcp_congestion":	"cubic"
	}
}
