{
	"start":	{
		"connected":	[{
				"socket":	6,
				"local_host":	"192.168.101.210",
				"local_port":	46528,
				"remote_host":	"192.168.100.168",
				"remote_port":	5201
			}],
		"version":	"iperf 3.11",
		"system_info":	"Linux f1 6.0.10-300.fc37.x86_64 #1 SMP PREEMPT_DYNAMIC Sat Nov 26 16:55:13 UTC 2022 x86_64",
		"timestamp":	{
			"time":	"Fri, 09 Dec 2022 22:49:47 GMT",
			"timesecs":	1670626187
		},
		"connecting_to":	{
			"host":	"192.168.100.168",
			"port":	5201
		},
		"cookie":	"yytlmelracxhkv7opmoj32cumto4i5ky7cu2",
		"tcp_mss_default":	1448,
		"target_bitrate":	0,
		"sock_bufsize":	0,
		"sndbuf_actual":	16384,
		"rcvbuf_actual":	131072,
		"test_start":	{
			"protocol":	"TCP",
			"num_streams":	1,
			"blksize":	131072,
			"omit":	0,
			"duration":	10,
			"bytes":	0,
			"blocks":	0,
			"reverse":	0,
			"tos":	0,
			"target_bitrate":	0
		}
	},
	"intervals":	[{
			"streams":	[{
					"socket":	6,
					"start":	0,
					"end":	1.000145,
					"seconds":	1.0001449584960938,
					"bytes":	1119304,
					"bits_per_second":	8953134.1671358068,
					"retransmits":	0,
					"snd_cwnd":	99912,
					"snd_wnd":	412160,
					"rtt":	126841,
					"rttvar":	1293,
					"pmtu":	1500,
					"omitted":	false,
					"sender":	true
				}],
			"sum":	{
				"start":	0,
				"end":	1.000145,
				"seconds":	1.0001449584960938,
				"bytes":	1119304,
				"bits_per_second":	8953134.1671358068,
				"retransmits":	0,
				"omitted":	false,
				"sender":	true
			}
		}, {
			"streams":	[{
					"socket":	6,
					"start":	1.000145,
					"end":	2.000122,
					"seconds":	0.9999769926071167,
					"bytes":	1107720,
					"bits_per_second":	8861963.89068495,
					"retransmits":	0,
					"snd_cwnd":	141904,
					"snd_wnd":	412160,
					"rtt":	147536,
					"rttvar":	449,
					"pmtu":	1500,
					"omitted":	false,
					"sender":	true
				}],
			"sum":	{
				"start":	1.000145,
				"end":	2.000122,
				"seconds":	0.9999769926071167,
				"bytes":	1107720,
				"bits_per_second":	8861963.89068495,
				"retransmits":	0,
				"omitted":	false,
				"sender":	true
			}
		}, {
			"streams":	[{
					"socket":	6,
					"start":	2.000122,
					"end":	3.000236,
					"seconds":	1.0001139640808105,
					"bytes":	1042560,
					"bits_per_second":	8339529.59317552,
					"retransmits":	0,
					"snd_cwnd":	189688,
					"snd_wnd":	415744,
					"rtt":	179071,
					"rttvar":	391,
					"pmtu":	1500,
					"omitted":	false,
					"sender":	true
				}],
			"sum":	{
				"start":	2.000122,
				"end":	3.000236,
				"seconds":	1.0001139640808105,
				"bytes":	1042560,
				"bits_per_second":	8339529.59317552,
				"retransmits":	0,
				"omitted":	false,
				"sender":	true
			}
		}, {
			"streams":	[{
					"socket":	6,
					"start":	3.000236,
					"end":	4.0002,
					"seconds":	0.99996399879455566,
					"bytes":	1368360,
					"bits_per_second":	10947274.115064472,
					"retransmits":	0,
					"snd_cwnd":	240368,
					"snd_wnd":	526080,
					"rtt":	219749,
					"rttvar":	2933,
					"pmtu":	1500,
					"omitted":	false,
					"sender":	true
				}],
			"sum":	{
				"start":	3.000236,
				"end":	4.0002,
				"seconds":	0.99996399879455566,
				"bytes":	1368360,
				"bits_per_second":	10947274.115064472,
				"retransmits":	0,
				"omitted":	false,
				"sender":	true
			}
		}, {
			"streams":	[{
					"socket":	6,
					"start":	4.0002,
					"end":	5.000357,
					"seconds":	1.0001569986343384,
					"bytes":	1107720,
					"bits_per_second":	8860368.9341776,
					"retransmits":	0,
					"snd_cwnd":	293944,
					"snd_wnd":	654976,
					"rtt":	253044,
					"rttvar":	1693,
					"pmtu":	1500,
					"omitted":	false,
					"sender":	true
				}],
			"sum":	{
				"start":	4.0002,
				"end":	5.000357,
				"seconds":	1.0001569986343384,
				"bytes":	1107720,
				"bits_per_second":	8860368.9341776,
				"retransmits":	0,
				"omitted":	false,
				"sender":	true
			}
		}, {
			"streams":	[{
					"socket":	6,
					"start":	5.000357,
					"end":	6.000397,
					"seconds":	1.0000400543212891,
					"bytes":	1303200,
					"bits_per_second":	10425182.426393596,
					"retransmits":	0,
					"snd_cwnd":	348968,
					"snd_wnd":	726528,
					"rtt":	300912,
					"rttvar":	1069,
					"pmtu":	1500,
					"omitted":	false,
					"sender":	true
				}],
			"sum":	{
				"start":	5.000357,
				"end":	6.000397,
				"seconds":	1.0000400543212891,
				"bytes":	1303200,
				"bits_per_second":	10425182.426393596,
				"retransmits":	0,
				"omitted":	false,
				"sender":	true
			}
		}, {
			"streams":	[{
					"socket":	6,
					"start":	6.000397,
					"end":	7.000349,
					"seconds":	0.99995201826095581,
					"bytes":	1498680,
					"bits_per_second":	11990015.301785346,
					"retransmits":	0,
					"snd_cwnd":	403992,
					"snd_wnd":	867712,
					"rtt":	344174,
					"rttvar":	1064,
					"pmtu":	1500,
					"omitted":	false,
					"sender":	true
				}],
			"sum":	{
				"start":	6.000397,
				"end":	7.000349,
				"seconds":	0.99995201826095581,
				"bytes":	1498680,
				"bits_per_second":	11990015.301785346,
				"retransmits":	0,
				"omitted":	false,
				"sender":	true
			}
		}, {
			"streams":	[{
					"socket":	6,
					"start":	7.000349,
					"end":	8.000127,
					"seconds":	0.99977797269821167,
					"bytes":	1759320,
					"bits_per_second":	14077685.630555976,
					"retransmits":	0,
					"snd_cwnd":	460464,
					"snd_wnd":	978816,
					"rtt":	381880,
					"rttvar":	1084,
					"pmtu":	1500,
					"omitted":	false,
					"sender":	true
				}],
			"sum":	{
				"start":	7.000349,
				"end":	8.000127,
				"seconds":	0.99977797269821167,
				"bytes":	1759320,
				"bits_per_second":	14077685.630555976,
				"retransmits":	0,
				"omitted":	false,
				"sender":	true
			}
		}, {
			"streams":	[{
					"socket":	6,
					"start":	8.000127,
					"end":	9.000461,
					"seconds":	1.0003340244293213,
					"bytes":	977400,
					"bits_per_second":	7816589.0682972232,
					"retransmits":	0,
					"snd_cwnd":	518384,
					"snd_wnd":	1134592,
					"rtt":	428998,
					"rttvar":	980,
					"pmtu":	1500,
					"omitted":	false,
					"sender":	true
				}],
			"sum":	{
				"start":	8.000127,
				"end":	9.000461,
				"seconds":	1.0003340244293213,
				"bytes":	977400,
				"bits_per_second":	7816589.0682972232,
				"retransmits":	0,
				"omitted":	false,
				"sender":	true
			}
		}, {
			"streams":	[{
					"socket":	6,
					"start":	9.000461,
					"end":	10.000729,
					"seconds":	1.00026798248291,
					"bytes":	1107720,
					"bits_per_second":	8859385.8397855945,
					"retransmits":	0,
					"snd_cwnd":	582096,
					"snd_wnd":	1233920,
					"rtt":	474424,
					"rttvar":	1531,
					"pmtu":	1500,
					"omitted":	false,
					"sender":	true
				}],
			"sum":	{
				"start":	9.000461,
				"end":	10.000729,
				"seconds":	1.00026798248291,
				"bytes":	1107720,
				"bits_per_second":	8859385.8397855945,
				"retransmits":	0,
				"omitted":	false,
				"sender":	true
			}
		}],
	"end":	{
		"streams":	[{
				"sender":	{
					"socket":	6,
					"start":	0,
					"end":	10.000729,
					"seconds":	10.000729,
					"bytes":	12391984,
					"bits_per_second":	9912864.55217415,
					"retransmits":	0,
					"max_snd_cwnd":	582096,
					"max_snd_wnd":	1233920,
					"max_rtt":	474424,
					"min_rtt":	126841,
					"mean_rtt":	285662,
					"sender":	true
				},
				"receiver":	{
					"socket":	6,
					"start":	0,
					"end":	10.501766,
					"seconds":	10.000729,
					"bytes":	10777464,
					"bits_per_second":	8210020.2956340872,
					"sender":	true
				}
			}],
		"sum_sent":	{
			"start":	0,
			"end":	10.000729,
			"seconds":	10.000729,
			"bytes":	12391984,
			"bits_per_second":	9912864.55217415,
			"retransmits":	0,
			"sender":	true
		},
		"sum_received":	{
			"start":	0,
			"end":	10.501766,
			"seconds":	10.501766,
			"bytes":	10777464,
			"bits_per_second":	8210020.2956340872,
			"sender":	true
		},
		"cpu_utilization_percent":	{
			"host_total":	0.29569465376819881,
			"host_user":	0.015076259840278758,
			"host_system":	0.28062829298231284,
			"remote_total":	0.889583036161319,
			"remote_user":	0.12559782756703772,
			"remote_system":	0.76398520859428132
		},
		"sender_tcp_congestion":	"cubic",
		"receiver_tcp_congestion":	"cubic"
	}
}
