{
	"start":	{
		"connected":	[{
				"socket":	6,
				"local_host":	"192.168.101.210",
				"local_port":	45688,
				"remote_host":	"192.168.100.168",
				"remote_port":	5201
			}],
		"version":	"iperf 3.11",
		"system_info":	"Linux f1 6.0.10-300.fc37.x86_64 #1 SMP PREEMPT_DYNAMIC Sat Nov 26 16:55:13 UTC 2022 x86_64",
		"timestamp":	{
			"time":	"Fri, 09 Dec 2022 22:49:13 GMT",
			"timesecs":	1670626153
		},
		"connecting_to":	{
			"host":	"192.168.100.168",
			"port":	5201
		},
		"cookie":	"ycmhpmtywncazt7gbfriolwjaq4oxodjkq6v",
		"tcp_mss_default":	1448,
		"target_bitrate":	0,
		"sock_bufsize":	0,
		"sndbuf_actual":	16384,
		"rcvbuf_actual":	131072,
		"test_start":	{
			"protocol":	"TCP",
			"num_streams":	1,
			"blksize":	131072,
			"omit":	0,
			"duration":	10,
			"bytes":	0,
			"blocks":	0,
			"reverse":	0,
			"tos":	0,
			"target_bitrate":	0
		}
	},
	"intervals":	[{
			"streams":	[{
					"socket":	6,
					"start":	0,
					"end":	1.000216,
					"seconds":	1.000216007232666,
					"bytes":	923824,
					"bits_per_second":	7388995.9234383972,
					"retransmits":	6,
					"snd_cwnd":	60816,
					"snd_wnd":	880256,
					"rtt":	95938,
					"rttvar":	440,
					"pmtu":	1500,
					"omitted":	false,
					"sender":	true
				}],
			"sum":	{
				"start":	0,
				"end":	1.000216,
				"seconds":	1.000216007232666,
				"bytes":	923824,
				"bits_per_second":	7388995.9234383972,
				"retransmits":	6,
				"omitted":	false,
				"sender":	true
			}
		}, {
			"streams":	[{
					"socket":	6,
					"start":	1.000216,
					"end":	2.000095,
					"seconds":	0.999879002571106,
					"bytes":	781920,
					"bits_per_second":	6256116.9740687227,
					"retransmits":	0,
					"snd_cwnd":	69504,
					"snd_wnd":	1606272,
					"rtt":	95805,
					"rttvar":	860,
					"pmtu":	1500,
					"omitted":	false,
					"sender":	true
				}],
			"sum":	{
				"start":	1.000216,
				"end":	2.000095,
				"seconds":	0.999879002571106,
				"bytes":	781920,
				"bits_per_second":	6256116.9740687227,
				"retransmits":	0,
				"omitted":	false,
				"sender":	true
			}
		}, {
			"streams":	[{
					"socket":	6,
					"start":	2.000095,
					"end":	3.000259,
					"seconds":	1.0001640319824219,
					"bytes":	586440,
					"bits_per_second":	4690750.5668854676,
					"retransmits":	0,
					"snd_cwnd":	72400,
					"snd_wnd":	1606656,
					"rtt":	94387,
					"rttvar":	252,
					"pmtu":	1500,
					"omitted":	false,
					"sender":	true
				}],
			"sum":	{
				"start":	2.000095,
				"end":	3.000259,
				"seconds":	1.0001640319824219,
				"bytes":	586440,
				"bits_per_second":	4690750.5668854676,
				"retransmits":	0,
				"omitted":	false,
				"sender":	true
			}
		}, {
			"streams":	[{
					"socket":	6,
					"start":	3.000259,
					"end":	4.000249,
					"seconds":	0.99998998641967773,
					"bytes":	781920,
					"bits_per_second":	6255422.6391770467,
					"retransmits":	0,
					"snd_cwnd":	78192,
					"snd_wnd":	1606656,
					"rtt":	97327,
					"rttvar":	1114,
					"pmtu":	1500,
					"omitted":	false,
					"sender":	true
				}],
			"sum":	{
				"start":	3.000259,
				"end":	4.000249,
				"seconds":	0.99998998641967773,
				"bytes":	781920,
				"bits_per_second":	6255422.6391770467,
				"retransmits":	0,
				"omitted":	false,
				"sender":	true
			}
		}, {
			"streams":	[{
					"socket":	6,
					"start":	4.000249,
					"end":	5.000077,
					"seconds":	0.99982798099517822,
					"bytes":	977400,
					"bits_per_second":	7820545.2824166445,
					"retransmits":	0,
					"snd_cwnd":	86880,
					"snd_wnd":	1606656,
					"rtt":	102453,
					"rttvar":	512,
					"pmtu":	1500,
					"omitted":	false,
					"sender":	true
				}],
			"sum":	{
				"start":	4.000249,
				"end":	5.000077,
				"seconds":	0.99982798099517822,
				"bytes":	977400,
				"bits_per_second":	7820545.2824166445,
				"retransmits":	0,
				"omitted":	false,
				"sender":	true
			}
		}, {
			"streams":	[{
					"socket":	6,
					"start":	5.000077,
					"end":	6.000079,
					"seconds":	1.0000020265579224,
					"bytes":	847080,
					"bits_per_second":	6776626.2667743517,
					"retransmits":	2,
					"snd_cwnd":	70952,
					"snd_wnd":	1607040,
					"rtt":	87491,
					"rttvar":	993,
					"pmtu":	1500,
					"omitted":	false,
					"sender":	true
				}],
			"sum":	{
				"start":	5.000077,
				"end":	6.000079,
				"seconds":	1.0000020265579224,
				"bytes":	847080,
				"bits_per_second":	6776626.2667743517,
				"retransmits":	2,
				"omitted":	false,
				"sender":	true
			}
		}, {
			"streams":	[{
					"socket":	6,
					"start":	6.000079,
					"end":	7.000085,
					"seconds":	1.0000059604644775,
					"bytes":	781920,
					"bits_per_second":	6255322.71537116,
					"retransmits":	0,
					"snd_cwnd":	83984,
					"snd_wnd":	1607040,
					"rtt":	101455,
					"rttvar":	1425,
					"pmtu":	1500,
					"omitted":	false,
					"sender":	true
				}],
			"sum":	{
				"start":	6.000079,
				"end":	7.000085,
				"seconds":	1.0000059604644775,
				"bytes":	781920,
				"bits_per_second":	6255322.71537116,
				"retransmits":	0,
				"omitted":	false,
				"sender":	true
			}
		}, {
			"streams":	[{
					"socket":	6,
					"start":	7.000085,
					"end":	8.000095,
					"seconds":	1.0000100135803223,
					"bytes":	781920,
					"bits_per_second":	6255297.3620774252,
					"retransmits":	2,
					"snd_cwnd":	66608,
					"snd_wnd":	1607040,
					"rtt":	81567,
					"rttvar":	893,
					"pmtu":	1500,
					"omitted":	false,
					"sender":	true
				}],
			"sum":	{
				"start":	7.000085,
				"end":	8.000095,
				"seconds":	1.0000100135803223,
				"bytes":	781920,
				"bits_per_second":	6255297.3620774252,
				"retransmits":	2,
				"omitted":	false,
				"sender":	true
			}
		}, {
			"streams":	[{
					"socket":	6,
					"start":	8.000095,
					"end":	9.000082,
					"seconds":	0.999987006187439,
					"bytes":	781920,
					"bits_per_second":	6255441.2820315054,
					"retransmits":	0,
					"snd_cwnd":	72400,
					"snd_wnd":	1607040,
					"rtt":	90454,
					"rttvar":	690,
					"pmtu":	1500,
					"omitted":	false,
					"sender":	true
				}],
			"sum":	{
				"start":	8.000095,
				"end":	9.000082,
				"seconds":	0.999987006187439,
				"bytes":	781920,
				"bits_per_second":	6255441.2820315054,
				"retransmits":	0,
				"omitted":	false,
				"sender":	true
			}
		}, {
			"streams":	[{
					"socket":	6,
					"start":	9.000082,
					"end":	10.000093,
					"seconds":	1.0000109672546387,
					"bytes":	781920,
					"bits_per_second":	6255291.3966264138,
					"retransmits":	0,
					"snd_cwnd":	81088,
					"snd_wnd":	1607040,
					"rtt":	99968,
					"rttvar":	940,
					"pmtu":	1500,
					"omitted":	false,
					"sender":	true
				}],
			"sum":	{
				"start":	9.000082,
				"end":	10.000093,
				"seconds":	1.0000109672546387,
				"bytes":	781920,
				"bits_per_second":	6255291.3966264138,
				"retransmits":	0,
				"omitted":	false,
				"sender":	true
			}
		}],
	"end":	{
		"streams":	[{
				"sender":	{
					"socket":	6,
					"start":	0,
					"end":	10.000093,
					"seconds":	10.000093,
					"bytes":	8026264,
					"bits_per_second":	6420951.4851511884,
					"retransmits":	10,
					"max_snd_cwnd":	86880,
					"max_snd_wnd":	1607040,
					"max_rtt":	102453,
					"min_rtt":	81567,
					"mean_rtt":	94684,
					"sender":	true
				},
				"receiver":	{
					"socket":	6,
					"start":	0,
					"end":	10.098728,
					"seconds":	10.000093,
					"bytes":	7643992,
					"bits_per_second":	6055409.7506141374,
					"sender":	true
				}
			}],
		"sum_sent":	{
			"start":	0,
			"end":	10.000093,
			"seconds":	10.000093,
			"bytes":	8026264,
			"bits_per_second":	6420951.4851511884,
			"retransmits":	10,
			"sender":	true
		},
		"sum_received":	{
			"start":	0,
			"end":	10.098728,
			"seconds":	10.098728,
			"bytes":	7643992,
			"bits_per_second":	6055409.7506141374,
			"sender":	true
		},
		"cpu_utilization_percent":	{
			"host_total":	0.28478323775386044,
			"host_user":	0.02782791675621725,
			"host_system":	0.25694542134742754,
			"remote_total":	0.6535759376160416,
			"remote_user":	0.063344473325906675,
			"remote_system":	0.590231464290135
		},
		"sender_tcp_congestion":	"cubic",
		"receiver_tcp_congestion":	"cubic"
	}
}
