{
	"start":	{
		"connected":	[{
				"socket":	6,
				"local_host":	"192.168.101.210",
				"local_port":	49104,
				"remote_host":	"192.168.100.168",
				"remote_port":	5202
			}],
		"version":	"iperf 3.11",
		"system_info":	"Linux f1 6.0.10-300.fc37.x86_64 #1 SMP PREEMPT_DYNAMIC Sat Nov 26 16:55:13 UTC 2022 x86_64",
		"timestamp":	{
			"time":	"Fri, 09 Dec 2022 22:52:25 GMT",
			"timesecs":	1670626345
		},
		"connecting_to":	{
			"host":	"192.168.100.168",
			"port":	5202
		},
		"cookie":	"whkafg5hxcagmwpzdm2c4rez5zoxkapsrxcn",
		"tcp_mss_default":	1448,
		"target_bitrate":	0,
		"sock_bufsize":	0,
		"sndbuf_actual":	16384,
		"rcvbuf_actual":	131072,
		"test_start":	{
			"protocol":	"TCP",
			"num_streams":	1,
			"blksize":	131072,
			"omit":	0,
			"duration":	10,
			"bytes":	0,
			"blocks":	0,
			"reverse":	0,
			"tos":	0,
			"target_bitrate":	0
		}
	},
	"intervals":	[{
			"streams":	[{
					"socket":	6,
					"start":	0,
					"end":	1.000489,
					"seconds":	1.0004889965057373,
					"bytes":	1375600,
					"bits_per_second":	10999421.3214087,
					"retransmits":	0,
					"snd_cwnd":	149144,
					"snd_wnd":	404352,
					"rtt":	291983,
					"rttvar":	6010,
					"pmtu":	1500,
					"omitted":	false,
					"sender":	true
				}],
			"sum":	{
				"start":	0,
				"end":	1.000489,
				"seconds":	1.0004889965057373,
				"bytes":	1375600,
				"bits_per_second":	10999421.3214087,
				"retransmits":	0,
				"omitted":	false,
				"sender":	true
			}
		}, {
			"streams":	[{
					"socket":	6,
					"start":	1.000489,
					"end":	2.000589,
					"seconds":	1.0001000165939331,
					"bytes":	456120,
					"bits_per_second":	3648595.0799474628,
					"retransmits":	0,
					"snd_cwnd":	149144,
					"snd_wnd":	717440,
					"rtt":	329153,
					"rttvar":	2380,
					"pmtu":	1500,
					"omitted":	false,
					"sender":	true
				}],
			"sum":	{
				"start":	1.000489,
				"end":	2.000589,
				"seconds":	1.0001000165939331,
				"bytes":	456120,
				"bits_per_second":	3648595.0799474628,
				"retransmits":	0,
				"omitted":	false,
				"sender":	true
			}
		}, {
			"streams":	[{
					"socket":	6,
					"start":	2.000589,
					"end":	3.000973,
					"seconds":	1.0003839731216431,
					"bytes":	586440,
					"bits_per_second":	4689719.27385079,
					"retransmits":	0,
					"snd_cwnd":	153488,
					"snd_wnd":	717696,
					"rtt":	358116,
					"rttvar":	5148,
					"pmtu":	1500,
					"omitted":	false,
					"sender":	true
				}],
			"sum":	{
				"start":	2.000589,
				"end":	3.000973,
				"seconds":	1.0003839731216431,
				"bytes":	586440,
				"bits_per_second":	4689719.27385079,
				"retransmits":	0,
				"omitted":	false,
				"sender":	true
			}
		}, {
			"streams":	[{
					"socket":	6,
					"start":	3.000973,
					"end":	4.000622,
					"seconds":	0.99964898824691772,
					"bytes":	586440,
					"bits_per_second":	4693167.3569014547,
					"retransmits":	0,
					"snd_cwnd":	153488,
					"snd_wnd":	717696,
					"rtt":	399414,
					"rttvar":	2853,
					"pmtu":	1500,
					"omitted":	false,
					"sender":	true
				}],
			"sum":	{
				"start":	3.000973,
				"end":	4.000622,
				"seconds":	0.99964898824691772,
				"bytes":	586440,
				"bits_per_second":	4693167.3569014547,
				"retransmits":	0,
				"omitted":	false,
				"sender":	true
			}
		}, {
			"streams":	[{
					"socket":	6,
					"start":	4.000622,
					"end":	5.001033,
					"seconds":	1.0004110336303711,
					"bytes":	0,
					"bits_per_second":	0,
					"retransmits":	0,
					"snd_cwnd":	150592,
					"snd_wnd":	717696,
					"rtt":	430910,
					"rttvar":	1998,
					"pmtu":	1500,
					"omitted":	false,
					"sender":	true
				}],
			"sum":	{
				"start":	4.000622,
				"end":	5.001033,
				"seconds":	1.0004110336303711,
				"bytes":	0,
				"bits_per_second":	0,
				"retransmits":	0,
				"omitted":	false,
				"sender":	true
			}
		}, {
			"streams":	[{
					"socket":	6,
					"start":	5.001033,
					"end":	6.001005,
					"seconds":	0.99997198581695557,
					"bytes":	586440,
					"bits_per_second":	4691651.4327820186,
					"retransmits":	0,
					"snd_cwnd":	141904,
					"snd_wnd":	717696,
					"rtt":	459163,
					"rttvar":	2595,
					"pmtu":	1500,
					"omitted":	false,
					"sender":	true
				}],
			"sum":	{
				"start":	5.001033,
				"end":	6.001005,
				"seconds":	0.99997198581695557,
				"bytes":	586440,
				"bits_per_second":	4691651.4327820186,
				"retransmits":	0,
				"omitted":	false,
				"sender":	true
			}
		}, {
			"streams":	[{
					"socket":	6,
					"start":	6.001005,
					"end":	7.000093,
					"seconds":	0.99908798933029175,
					"bytes":	586440,
					"bits_per_second":	4695802.6220941935,
					"retransmits":	0,
					"snd_cwnd":	98464,
					"snd_wnd":	717696,
					"rtt":	467168,
					"rttvar":	2644,
					"pmtu":	1500,
					"omitted":	false,
					"sender":	true
				}],
			"sum":	{
				"start":	6.001005,
				"end":	7.000093,
				"seconds":	0.99908798933029175,
				"bytes":	586440,
				"bits_per_second":	4695802.6220941935,
				"retransmits":	0,
				"omitted":	false,
				"sender":	true
			}
		}, {
			"streams":	[{
					"socket":	6,
					"start":	7.000093,
					"end":	8.001043,
					"seconds":	1.00094997882843,
					"bytes":	0,
					"bits_per_second":	0,
					"retransmits":	0,
					"snd_cwnd":	98464,
					"snd_wnd":	717696,
					"rtt":	498315,
					"rttvar":	3044,
					"pmtu":	1500,
					"omitted":	false,
					"sender":	true
				}],
			"sum":	{
				"start":	7.000093,
				"end":	8.001043,
				"seconds":	1.00094997882843,
				"bytes":	0,
				"bits_per_second":	0,
				"retransmits":	0,
				"omitted":	false,
				"sender":	true
			}
		}, {
			"streams":	[{
					"socket":	6,
					"start":	8.001043,
					"end":	9.001038,
					"seconds":	0.999994993209839,
					"bytes":	0,
					"bits_per_second":	0,
					"retransmits":	0,
					"snd_cwnd":	83984,
					"snd_wnd":	717696,
					"rtt":	530208,
					"rttvar":	2282,
					"pmtu":	1500,
					"omitted":	false,
					"sender":	true
				}],
			"sum":	{
				"start":	8.001043,
				"end":	9.001038,
				"seconds":	0.999994993209839,
				"bytes":	0,
				"bits_per_second":	0,
				"retransmits":	0,
				"omitted":	false,
				"sender":	true
			}
		}, {
			"streams":	[{
					"socket":	6,
					"start":	9.001038,
					"end":	10.001055,
					"seconds":	1.0000170469284058,
					"bytes":	0,
					"bits_per_second":	0,
					"retransmits":	0,
					"snd_cwnd":	86880,
					"snd_wnd":	717696,
					"rtt":	563789,
					"rttvar":	11127,
					"pmtu":	1500,
					"omitted":	false,
					"sender":	true
				}],
			"sum":	{
				"start":	9.001038,
				"end":	10.001055,
				"seconds":	1.0000170469284058,
				"bytes":	0,
				"bits_per_second":	0,
				"retransmits":	0,
				"omitted":	false,
				"sender":	true
			}
		}],
	"end":	{
		"streams":	[{
				"sender":	{
					"socket":	6,
					"start":	0,
					"end":	10.001055,
					"seconds":	10.001055,
					"bytes":	4177480,
					"bits_per_second":	3341631.4578811936,
					"retransmits":	0,
					"max_snd_cwnd":	153488,
					"max_snd_wnd":	717696,
					"max_rtt":	563789,
					"min_rtt":	291983,
					"mean_rtt":	432821,
					"sender":	true
				},
				"receiver":	{
					"socket":	6,
					"start":	0,
					"end":	10.617152,
					"seconds":	10.001055,
					"bytes":	3092928,
					"bits_per_second":	2330514.2471352015,
					"sender":	true
				}
			}],
		"sum_sent":	{
			"start":	0,
			"end":	10.001055,
			"seconds":	10.001055,
			"bytes":	4177480,
			"bits_per_second":	3341631.4578811936,
			"retransmits":	0,
			"sender":	true
		},
		"sum_received":	{
			"start":	0,
			"end":	10.617152,
			"seconds":	10.617152,
			"bytes":	3092928,
			"bits_per_second":	2330514.2471352015,
			"sender":	true
		},
		"cpu_utilization_percent":	{
			"host_total":	0.98868960850271526,
			"host_user":	0.12488387059254955,
			"host_system":	0.863796125543279,
			"remote_total":	0.29655736886571471,
			"remote_user":	0.025807253722037037,
			"remote_system":	0.27075011514367764
		},
		"sender_tcp_congestion":	"bbr",
		"receiver_tcp_congestion":	"bbr"
	}
}
