{
	"start":	{
		"connected":	[{
				"socket":	6,
				"local_host":	"192.168.101.210",
				"local_port":	59592,
				"remote_host":	"192.168.100.168",
				"remote_port":	5201
			}],
		"version":	"iperf 3.11",
		"system_info":	"Linux f1 6.0.10-300.fc37.x86_64 #1 SMP PREEMPT_DYNAMIC Sat Nov 26 16:55:13 UTC 2022 x86_64",
		"timestamp":	{
			"time":	"Fri, 09 Dec 2022 23:15:33 GMT",
			"timesecs":	1670627733
		},
		"connecting_to":	{
			"host":	"192.168.100.168",
			"port":	5201
		},
		"cookie":	"tqrm7llqosmewwicy7cv6nel4y4v4vwrr6rk",
		"tcp_mss_default":	1448,
		"target_bitrate":	0,
		"sock_bufsize":	0,
		"sndbuf_actual":	16384,
		"rcvbuf_actual":	131072,
		"test_start":	{
			"protocol":	"TCP",
			"num_streams":	1,
			"blksize":	131072,
			"omit":	0,
			"duration":	10,
			"bytes":	0,
			"blocks":	0,
			"reverse":	0,
			"tos":	0,
			"target_bitrate":	0
		}
	},
	"intervals":	[{
			"streams":	[{
					"socket":	6,
					"start":	0,
					"end":	1.000081,
					"seconds":	1.000080943107605,
					"bytes":	7208960,
					"bits_per_second":	57667012.25282196,
					"retransmits":	779,
					"snd_cwnd":	1123648,
					"snd_wnd":	2937344,
					"rtt":	153636,
					"rttvar":	455,
					"pmtu":	1500,
					"omitted":	false,
					"sender":	true
				}],
			"sum":	{
				"start":	0,
				"end":	1.000081,
				"seconds":	1.000080943107605,
				"bytes":	7208960,
				"bits_per_second":	57667012.25282196,
				"retransmits":	779,
				"omitted":	false,
				"sender":	true
			}
		}, {
			"streams":	[{
					"socket":	6,
					"start":	1.000081,
					"end":	2.000155,
					"seconds":	1.000074028968811,
					"bytes":	6553600,
					"bits_per_second":	52424919.037303664,
					"retransmits":	178,
					"snd_cwnd":	754408,
					"snd_wnd":	3145728,
					"rtt":	124641,
					"rttvar":	362,
					"pmtu":	1500,
					"omitted":	false,
					"sender":	true
				}],
			"sum":	{
				"start":	1.000081,
				"end":	2.000155,
				"seconds":	1.000074028968811,
				"bytes":	6553600,
				"bits_per_second":	52424919.037303664,
				"retransmits":	178,
				"omitted":	false,
				"sender":	true
			}
		}, {
			"streams":	[{
					"socket":	6,
					"start":	2.000155,
					"end":	3.000251,
					"seconds":	1.0000959634780884,
					"bytes":	5242880,
					"bits_per_second":	41939015.38621594,
					"retransmits":	0,
					"snd_cwnd":	809432,
					"snd_wnd":	3145728,
					"rtt":	141470,
					"rttvar":	461,
					"pmtu":	1500,
					"omitted":	false,
					"sender":	true
				}],
			"sum":	{
				"start":	2.000155,
				"end":	3.000251,
				"seconds":	1.0000959634780884,
				"bytes":	5242880,
				"bits_per_second":	41939015.38621594,
				"retransmits":	0,
				"omitted":	false,
				"sender":	true
			}
		}, {
			"streams":	[{
					"socket":	6,
					"start":	3.000251,
					"end":	4.000298,
					"seconds":	1.000046968460083,
					"bytes":	5242880,
					"bits_per_second":	41941070.092523523,
					"retransmits":	20,
					"snd_cwnd":	589336,
					"snd_wnd":	3144320,
					"rtt":	148441,
					"rttvar":	1232,
					"pmtu":	1500,
					"omitted":	false,
					"sender":	true
				}],
			"sum":	{
				"start":	3.000251,
				"end":	4.000298,
				"seconds":	1.000046968460083,
				"bytes":	5242880,
				"bits_per_second":	41941070.092523523,
				"retransmits":	20,
				"omitted":	false,
				"sender":	true
			}
		}, {
			"streams":	[{
					"socket":	6,
					"start":	4.000298,
					"end":	5.000281,
					"seconds":	0.999983012676239,
					"bytes":	5242880,
					"bits_per_second":	41943752.512103677,
					"retransmits":	0,
					"snd_cwnd":	638568,
					"snd_wnd":	3145728,
					"rtt":	127203,
					"rttvar":	294,
					"pmtu":	1500,
					"omitted":	false,
					"sender":	true
				}],
			"sum":	{
				"start":	4.000298,
				"end":	5.000281,
				"seconds":	0.999983012676239,
				"bytes":	5242880,
				"bits_per_second":	41943752.512103677,
				"retransmits":	0,
				"omitted":	false,
				"sender":	true
			}
		}, {
			"streams":	[{
					"socket":	6,
					"start":	5.000281,
					"end":	6.000176,
					"seconds":	0.99989497661590576,
					"bytes":	5242880,
					"bits_per_second":	41947445.4626766,
					"retransmits":	0,
					"snd_cwnd":	676216,
					"snd_wnd":	3145728,
					"rtt":	143599,
					"rttvar":	166,
					"pmtu":	1500,
					"omitted":	false,
					"sender":	true
				}],
			"sum":	{
				"start":	5.000281,
				"end":	6.000176,
				"seconds":	0.99989497661590576,
				"bytes":	5242880,
				"bits_per_second":	41947445.4626766,
				"retransmits":	0,
				"omitted":	false,
				"sender":	true
			}
		}, {
			"streams":	[{
					"socket":	6,
					"start":	6.000176,
					"end":	7.000296,
					"seconds":	1.0001200437545776,
					"bytes":	3932160,
					"bits_per_second":	31453504.203260817,
					"retransmits":	3,
					"snd_cwnd":	505352,
					"snd_wnd":	3145728,
					"rtt":	113393,
					"rttvar":	201,
					"pmtu":	1500,
					"omitted":	false,
					"sender":	true
				}],
			"sum":	{
				"start":	6.000176,
				"end":	7.000296,
				"seconds":	1.0001200437545776,
				"bytes":	3932160,
				"bits_per_second":	31453504.203260817,
				"retransmits":	3,
				"omitted":	false,
				"sender":	true
			}
		}, {
			"streams":	[{
					"socket":	6,
					"start":	7.000296,
					"end":	8.000338,
					"seconds":	1.0000419616699219,
					"bytes":	3932160,
					"bits_per_second":	31455960.05538708,
					"retransmits":	0,
					"snd_cwnd":	541552,
					"snd_wnd":	3145728,
					"rtt":	135456,
					"rttvar":	142,
					"pmtu":	1500,
					"omitted":	false,
					"sender":	true
				}],
			"sum":	{
				"start":	7.000296,
				"end":	8.000338,
				"seconds":	1.0000419616699219,
				"bytes":	3932160,
				"bits_per_second":	31455960.05538708,
				"retransmits":	0,
				"omitted":	false,
				"sender":	true
			}
		}, {
			"streams":	[{
					"socket":	6,
					"start":	8.000338,
					"end":	9.000318,
					"seconds":	0.99997997283935547,
					"bytes":	3932160,
					"bits_per_second":	31457910.012617365,
					"retransmits":	0,
					"snd_cwnd":	564720,
					"snd_wnd":	3145728,
					"rtt":	145726,
					"rttvar":	78,
					"pmtu":	1500,
					"omitted":	false,
					"sender":	true
				}],
			"sum":	{
				"start":	8.000338,
				"end":	9.000318,
				"seconds":	0.99997997283935547,
				"bytes":	3932160,
				"bits_per_second":	31457910.012617365,
				"retransmits":	0,
				"omitted":	false,
				"sender":	true
			}
		}, {
			"streams":	[{
					"socket":	6,
					"start":	9.000318,
					"end":	10.000312,
					"seconds":	0.99999397993087769,
					"bytes":	3932160,
					"bits_per_second":	31457469.376140058,
					"retransmits":	9,
					"snd_cwnd":	474944,
					"snd_wnd":	3145728,
					"rtt":	151658,
					"rttvar":	1034,
					"pmtu":	1500,
					"omitted":	false,
					"sender":	true
				}],
			"sum":	{
				"start":	9.000318,
				"end":	10.000312,
				"seconds":	0.99999397993087769,
				"bytes":	3932160,
				"bits_per_second":	31457469.376140058,
				"retransmits":	9,
				"omitted":	false,
				"sender":	true
			}
		}],
	"end":	{
		"streams":	[{
				"sender":	{
					"socket":	6,
					"start":	0,
					"end":	10.000312,
					"seconds":	10.000312,
					"bytes":	50462720,
					"bits_per_second":	40368916.48980552,
					"retransmits":	989,
					"max_snd_cwnd":	1123648,
					"max_snd_wnd":	3145728,
					"max_rtt":	153636,
					"min_rtt":	113393,
					"mean_rtt":	138522,
					"sender":	true
				},
				"receiver":	{
					"socket":	6,
					"start":	0,
					"end":	10.134508,
					"seconds":	10.000312,
					"bytes":	48090976,
					"bits_per_second":	37962159.386523746,
					"sender":	true
				}
			}],
		"sum_sent":	{
			"start":	0,
			"end":	10.000312,
			"seconds":	10.000312,
			"bytes":	50462720,
			"bits_per_second":	40368916.48980552,
			"retransmits":	989,
			"sender":	true
		},
		"sum_received":	{
			"start":	0,
			"end":	10.134508,
			"seconds":	10.134508,
			"bytes":	48090976,
			"bits_per_second":	37962159.386523746,
			"sender":	true
		},
		"cpu_utilization_percent":	{
			"host_total":	0.8753461904729547,
			"host_user":	0.14469863834174157,
			"host_system":	0.73063784472222737,
			"remote_total":	1.941867225337865,
			"remote_user":	0.22111546630113069,
			"remote_system":	1.7207517590367343
		},
		"sender_tcp_congestion":	"cubic",
		"receiver_tcp_congestion":	"cubic"
	}
}
