{
	"start":	{
		"connected":	[{
				"socket":	6,
				"local_host":	"192.168.101.210",
				"local_port":	49150,
				"remote_host":	"192.168.100.168",
				"remote_port":	5202
			}],
		"version":	"iperf 3.11",
		"system_info":	"Linux f1 6.0.10-300.fc37.x86_64 #1 SMP PREEMPT_DYNAMIC Sat Nov 26 16:55:13 UTC 2022 x86_64",
		"timestamp":	{
			"time":	"Fri, 09 Dec 2022 23:15:21 GMT",
			"timesecs":	1670627721
		},
		"connecting_to":	{
			"host":	"192.168.100.168",
			"port":	5202
		},
		"cookie":	"zejcfbuhixekrv5rbyjyjbzesapxkbcxthea",
		"tcp_mss_default":	1448,
		"target_bitrate":	0,
		"sock_bufsize":	0,
		"sndbuf_actual":	16384,
		"rcvbuf_actual":	131072,
		"test_start":	{
			"protocol":	"TCP",
			"num_streams":	1,
			"blksize":	131072,
			"omit":	0,
			"duration":	10,
			"bytes":	0,
			"blocks":	0,
			"reverse":	0,
			"tos":	0,
			"target_bitrate":	0
		}
	},
	"intervals":	[{
			"streams":	[{
					"socket":	6,
					"start":	0,
					"end":	1.00026,
					"seconds":	1.00025999546051,
					"bytes":	6684672,
					"bits_per_second":	53463475.739004761,
					"retransmits":	1799,
					"snd_cwnd":	1810000,
					"snd_wnd":	2695168,
					"rtt":	82708,
					"rttvar":	482,
					"pmtu":	1500,
					"omitted":	false,
					"sender":	true
				}],
			"sum":	{
				"start":	0,
				"end":	1.00026,
				"seconds":	1.00025999546051,
				"bytes":	6684672,
				"bits_per_second":	53463475.739004761,
				"retransmits":	1799,
				"omitted":	false,
				"sender":	true
			}
		}, {
			"streams":	[{
					"socket":	6,
					"start":	1.00026,
					"end":	2.000095,
					"seconds":	0.99983501434326172,
					"bytes":	11796480,
					"bits_per_second":	94387412.569250569,
					"retransmits":	143,
					"snd_cwnd":	1810000,
					"snd_wnd":	3145728,
					"rtt":	79828,
					"rttvar":	451,
					"pmtu":	1500,
					"omitted":	false,
					"sender":	true
				}],
			"sum":	{
				"start":	1.00026,
				"end":	2.000095,
				"seconds":	0.99983501434326172,
				"bytes":	11796480,
				"bits_per_second":	94387412.569250569,
				"retransmits":	143,
				"omitted":	false,
				"sender":	true
			}
		}, {
			"streams":	[{
					"socket":	6,
					"start":	2.000095,
					"end":	3.000065,
					"seconds":	0.999970018863678,
					"bytes":	11796480,
					"bits_per_second":	94374669.4598304,
					"retransmits":	239,
					"snd_cwnd":	1786832,
					"snd_wnd":	3145728,
					"rtt":	75091,
					"rttvar":	5,
					"pmtu":	1500,
					"omitted":	false,
					"sender":	true
				}],
			"sum":	{
				"start":	2.000095,
				"end":	3.000065,
				"seconds":	0.999970018863678,
				"bytes":	11796480,
				"bits_per_second":	94374669.4598304,
				"retransmits":	239,
				"omitted":	false,
				"sender":	true
			}
		}, {
			"streams":	[{
					"socket":	6,
					"start":	3.000065,
					"end":	4.000065,
					"seconds":	1,
					"bytes":	10485760,
					"bits_per_second":	83886080,
					"retransmits":	300,
					"snd_cwnd":	1348088,
					"snd_wnd":	2707328,
					"rtt":	75387,
					"rttvar":	511,
					"pmtu":	1500,
					"omitted":	false,
					"sender":	true
				}],
			"sum":	{
				"start":	3.000065,
				"end":	4.000065,
				"seconds":	1,
				"bytes":	10485760,
				"bits_per_second":	83886080,
				"retransmits":	300,
				"omitted":	false,
				"sender":	true
			}
		}, {
			"streams":	[{
					"socket":	6,
					"start":	4.000065,
					"end":	5.00007,
					"seconds":	1.0000050067901611,
					"bytes":	11796480,
					"bits_per_second":	94371367.5023657,
					"retransmits":	376,
					"snd_cwnd":	1917152,
					"snd_wnd":	3145728,
					"rtt":	82890,
					"rttvar":	494,
					"pmtu":	1500,
					"omitted":	false,
					"sender":	true
				}],
			"sum":	{
				"start":	4.000065,
				"end":	5.00007,
				"seconds":	1.0000050067901611,
				"bytes":	11796480,
				"bits_per_second":	94371367.5023657,
				"retransmits":	376,
				"omitted":	false,
				"sender":	true
			}
		}, {
			"streams":	[{
					"socket":	6,
					"start":	5.00007,
					"end":	6.000072,
					"seconds":	1.0000020265579224,
					"bytes":	11796480,
					"bits_per_second":	94371648.7503876,
					"retransmits":	324,
					"snd_cwnd":	1931632,
					"snd_wnd":	3145728,
					"rtt":	78662,
					"rttvar":	459,
					"pmtu":	1500,
					"omitted":	false,
					"sender":	true
				}],
			"sum":	{
				"start":	5.00007,
				"end":	6.000072,
				"seconds":	1.0000020265579224,
				"bytes":	11796480,
				"bits_per_second":	94371648.7503876,
				"retransmits":	324,
				"omitted":	false,
				"sender":	true
			}
		}, {
			"streams":	[{
					"socket":	6,
					"start":	6.000072,
					"end":	7.000066,
					"seconds":	0.99999397993087769,
					"bytes":	11796480,
					"bits_per_second":	94372408.128420174,
					"retransmits":	430,
					"snd_cwnd":	1902672,
					"snd_wnd":	3145728,
					"rtt":	75086,
					"rttvar":	21,
					"pmtu":	1500,
					"omitted":	false,
					"sender":	true
				}],
			"sum":	{
				"start":	6.000072,
				"end":	7.000066,
				"seconds":	0.99999397993087769,
				"bytes":	11796480,
				"bits_per_second":	94372408.128420174,
				"retransmits":	430,
				"omitted":	false,
				"sender":	true
			}
		}, {
			"streams":	[{
					"socket":	6,
					"start":	7.000066,
					"end":	8.000152,
					"seconds":	1.0000859498977661,
					"bytes":	10485760,
					"bits_per_second":	83878870.6196455,
					"retransmits":	209,
					"snd_cwnd":	965816,
					"snd_wnd":	3145728,
					"rtt":	83199,
					"rttvar":	94,
					"pmtu":	1500,
					"omitted":	false,
					"sender":	true
				}],
			"sum":	{
				"start":	7.000066,
				"end":	8.000152,
				"seconds":	1.0000859498977661,
				"bytes":	10485760,
				"bits_per_second":	83878870.6196455,
				"retransmits":	209,
				"omitted":	false,
				"sender":	true
			}
		}, {
			"streams":	[{
					"socket":	6,
					"start":	8.000152,
					"end":	9.000138,
					"seconds":	0.99998599290847778,
					"bytes":	11796480,
					"bits_per_second":	94373161.8935159,
					"retransmits":	222,
					"snd_cwnd":	1827376,
					"snd_wnd":	3145728,
					"rtt":	75083,
					"rttvar":	8,
					"pmtu":	1500,
					"omitted":	false,
					"sender":	true
				}],
			"sum":	{
				"start":	8.000152,
				"end":	9.000138,
				"seconds":	0.99998599290847778,
				"bytes":	11796480,
				"bits_per_second":	94373161.8935159,
				"retransmits":	222,
				"omitted":	false,
				"sender":	true
			}
		}, {
			"streams":	[{
					"socket":	6,
					"start":	9.000138,
					"end":	10.000101,
					"seconds":	0.99996298551559448,
					"bytes":	11796480,
					"bits_per_second":	94375333.254301,
					"retransmits":	432,
					"snd_cwnd":	1911360,
					"snd_wnd":	3145728,
					"rtt":	75080,
					"rttvar":	10,
					"pmtu":	1500,
					"omitted":	false,
					"sender":	true
				}],
			"sum":	{
				"start":	9.000138,
				"end":	10.000101,
				"seconds":	0.99996298551559448,
				"bytes":	11796480,
				"bits_per_second":	94375333.254301,
				"retransmits":	432,
				"omitted":	false,
				"sender":	true
			}
		}],
	"end":	{
		"streams":	[{
				"sender":	{
					"socket":	6,
					"start":	0,
					"end":	10.000101,
					"seconds":	10.000101,
					"bytes":	110231552,
					"bits_per_second":	88184350.9380555,
					"retransmits":	4474,
					"max_snd_cwnd":	1931632,
					"max_snd_wnd":	3145728,
					"max_rtt":	83199,
					"min_rtt":	75080,
					"mean_rtt":	78301,
					"sender":	true
				},
				"receiver":	{
					"socket":	6,
					"start":	0,
					"end":	10.078632,
					"seconds":	10.000101,
					"bytes":	108230760,
					"bits_per_second":	85909087.661896959,
					"sender":	true
				}
			}],
		"sum_sent":	{
			"start":	0,
			"end":	10.000101,
			"seconds":	10.000101,
			"bytes":	110231552,
			"bits_per_second":	88184350.9380555,
			"retransmits":	4474,
			"sender":	true
		},
		"sum_received":	{
			"start":	0,
			"end":	10.078632,
			"seconds":	10.078632,
			"bytes":	108230760,
			"bits_per_second":	85909087.661896959,
			"sender":	true
		},
		"cpu_utilization_percent":	{
			"host_total":	0.98200962788418855,
			"host_user":	0.14584820428766929,
			"host_system":	0.83617113127784826,
			"remote_total":	1.5275765271598045,
			"remote_user":	0.068610420211290338,
			"remote_system":	1.4589561849788524
		},
		"sender_tcp_congestion":	"bbr",
		"receiver_tcp_congestion":	"bbr"
	}
}
