{
	"start":	{
		"connected":	[{
				"socket":	6,
				"local_host":	"192.168.101.210",
				"local_port":	60326,
				"remote_host":	"192.168.100.168",
				"remote_port":	5201
			}],
		"version":	"iperf 3.11",
		"system_info":	"Linux f1 6.0.10-300.fc37.x86_64 #1 SMP PREEMPT_DYNAMIC Sat Nov 26 16:55:13 UTC 2022 x86_64",
		"timestamp":	{
			"time":	"Fri, 09 Dec 2022 23:14:25 GMT",
			"timesecs":	1670627665
		},
		"connecting_to":	{
			"host":	"192.168.100.168",
			"port":	5201
		},
		"cookie":	"vmva3k7v4we6k7uqzg7de6lsdzfb3pplmlpg",
		"tcp_mss_default":	1448,
		"target_bitrate":	0,
		"sock_bufsize":	0,
		"sndbuf_actual":	16384,
		"rcvbuf_actual":	131072,
		"test_start":	{
			"protocol":	"TCP",
			"num_streams":	1,
			"blksize":	131072,
			"omit":	0,
			"duration":	10,
			"bytes":	0,
			"blocks":	0,
			"reverse":	0,
			"tos":	0,
			"target_bitrate":	0
		}
	},
	"intervals":	[{
			"streams":	[{
					"socket":	6,
					"start":	0,
					"end":	1.000077,
					"seconds":	1.00007700920105,
					"bytes":	5364840,
					"bits_per_second":	42915415.118169032,
					"retransmits":	168,
					"snd_cwnd":	110048,
					"snd_wnd":	3145728,
					"rtt":	50148,
					"rttvar":	143,
					"pmtu":	1500,
					"omitted":	false,
					"sender":	true
				}],
			"sum":	{
				"start":	0,
				"end":	1.000077,
				"seconds":	1.00007700920105,
				"bytes":	5364840,
				"bits_per_second":	42915415.118169032,
				"retransmits":	168,
				"omitted":	false,
				"sender":	true
			}
		}, {
			"streams":	[{
					"socket":	6,
					"start":	1.000077,
					"end":	2.0006,
					"seconds":	1.0005229711532593,
					"bytes":	847080,
					"bits_per_second":	6773097.8651983,
					"retransmits":	10,
					"snd_cwnd":	65160,
					"snd_wnd":	3145728,
					"rtt":	50252,
					"rttvar":	360,
					"pmtu":	1500,
					"omitted":	false,
					"sender":	true
				}],
			"sum":	{
				"start":	1.000077,
				"end":	2.0006,
				"seconds":	1.0005229711532593,
				"bytes":	847080,
				"bits_per_second":	6773097.8651983,
				"retransmits":	10,
				"omitted":	false,
				"sender":	true
			}
		}, {
			"streams":	[{
					"socket":	6,
					"start":	2.0006,
					"end":	3.000984,
					"seconds":	1.0003839731216431,
					"bytes":	847080,
					"bits_per_second":	6774038.951117808,
					"retransmits":	11,
					"snd_cwnd":	20272,
					"snd_wnd":	3143552,
					"rtt":	52679,
					"rttvar":	3612,
					"pmtu":	1500,
					"omitted":	false,
					"sender":	true
				}],
			"sum":	{
				"start":	2.0006,
				"end":	3.000984,
				"seconds":	1.0003839731216431,
				"bytes":	847080,
				"bits_per_second":	6774038.951117808,
				"retransmits":	11,
				"omitted":	false,
				"sender":	true
			}
		}, {
			"streams":	[{
					"socket":	6,
					"start":	3.000984,
					"end":	4.000378,
					"seconds":	0.9993939995765686,
					"bytes":	847080,
					"bits_per_second":	6780749.1368481116,
					"retransmits":	2,
					"snd_cwnd":	23168,
					"snd_wnd":	3143552,
					"rtt":	52742,
					"rttvar":	930,
					"pmtu":	1500,
					"omitted":	false,
					"sender":	true
				}],
			"sum":	{
				"start":	3.000984,
				"end":	4.000378,
				"seconds":	0.9993939995765686,
				"bytes":	847080,
				"bits_per_second":	6780749.1368481116,
				"retransmits":	2,
				"omitted":	false,
				"sender":	true
			}
		}, {
			"streams":	[{
					"socket":	6,
					"start":	4.000378,
					"end":	5.001043,
					"seconds":	1.0006649494171143,
					"bytes":	0,
					"bits_per_second":	0,
					"retransmits":	2,
					"snd_cwnd":	26064,
					"snd_wnd":	3145728,
					"rtt":	53411,
					"rttvar":	5144,
					"pmtu":	1500,
					"omitted":	false,
					"sender":	true
				}],
			"sum":	{
				"start":	4.000378,
				"end":	5.001043,
				"seconds":	1.0006649494171143,
				"bytes":	0,
				"bits_per_second":	0,
				"retransmits":	2,
				"omitted":	false,
				"sender":	true
			}
		}, {
			"streams":	[{
					"socket":	6,
					"start":	5.001043,
					"end":	6.000683,
					"seconds":	0.99963998794555664,
					"bytes":	847080,
					"bits_per_second":	6779080.5507163,
					"retransmits":	10,
					"snd_cwnd":	11584,
					"snd_wnd":	3145728,
					"rtt":	57839,
					"rttvar":	3015,
					"pmtu":	1500,
					"omitted":	false,
					"sender":	true
				}],
			"sum":	{
				"start":	5.001043,
				"end":	6.000683,
				"seconds":	0.99963998794555664,
				"bytes":	847080,
				"bits_per_second":	6779080.5507163,
				"retransmits":	10,
				"omitted":	false,
				"sender":	true
			}
		}, {
			"streams":	[{
					"socket":	6,
					"start":	6.000683,
					"end":	7.001048,
					"seconds":	1.0003650188446045,
					"bytes":	0,
					"bits_per_second":	0,
					"retransmits":	0,
					"snd_cwnd":	24616,
					"snd_wnd":	3143552,
					"rtt":	53974,
					"rttvar":	1460,
					"pmtu":	1500,
					"omitted":	false,
					"sender":	true
				}],
			"sum":	{
				"start":	6.000683,
				"end":	7.001048,
				"seconds":	1.0003650188446045,
				"bytes":	0,
				"bits_per_second":	0,
				"retransmits":	0,
				"omitted":	false,
				"sender":	true
			}
		}, {
			"streams":	[{
					"socket":	6,
					"start":	7.001048,
					"end":	8.000424,
					"seconds":	0.99937599897384644,
					"bytes":	847080,
					"bits_per_second":	6780871.27063109,
					"retransmits":	0,
					"snd_cwnd":	39096,
					"snd_wnd":	3145728,
					"rtt":	52818,
					"rttvar":	1174,
					"pmtu":	1500,
					"omitted":	false,
					"sender":	true
				}],
			"sum":	{
				"start":	7.001048,
				"end":	8.000424,
				"seconds":	0.99937599897384644,
				"bytes":	847080,
				"bits_per_second":	6780871.27063109,
				"retransmits":	0,
				"omitted":	false,
				"sender":	true
			}
		}, {
			"streams":	[{
					"socket":	6,
					"start":	8.000424,
					"end":	9.000076,
					"seconds":	0.99965202808380127,
					"bytes":	912240,
					"bits_per_second":	7300460.3551789243,
					"retransmits":	7,
					"snd_cwnd":	24616,
					"snd_wnd":	3143552,
					"rtt":	52235,
					"rttvar":	1822,
					"pmtu":	1500,
					"omitted":	false,
					"sender":	true
				}],
			"sum":	{
				"start":	8.000424,
				"end":	9.000076,
				"seconds":	0.99965202808380127,
				"bytes":	912240,
				"bits_per_second":	7300460.3551789243,
				"retransmits":	7,
				"omitted":	false,
				"sender":	true
			}
		}, {
			"streams":	[{
					"socket":	6,
					"start":	9.000076,
					"end":	10.001042,
					"seconds":	1.00096595287323,
					"bytes":	0,
					"bits_per_second":	0,
					"retransmits":	6,
					"snd_cwnd":	26064,
					"snd_wnd":	3145728,
					"rtt":	50352,
					"rttvar":	504,
					"pmtu":	1500,
					"omitted":	false,
					"sender":	true
				}],
			"sum":	{
				"start":	9.000076,
				"end":	10.001042,
				"seconds":	1.00096595287323,
				"bytes":	0,
				"bits_per_second":	0,
				"retransmits":	6,
				"omitted":	false,
				"sender":	true
			}
		}],
	"end":	{
		"streams":	[{
				"sender":	{
					"socket":	6,
					"start":	0,
					"end":	10.001042,
					"seconds":	10.001042,
					"bytes":	10512480,
					"bits_per_second":	8409107.7709702644,
					"retransmits":	216,
					"max_snd_cwnd":	110048,
					"max_snd_wnd":	3145728,
					"max_rtt":	57839,
					"min_rtt":	50148,
					"mean_rtt":	52645,
					"sender":	true
				},
				"receiver":	{
					"socket":	6,
					"start":	0,
					"end":	10.052047,
					"seconds":	10.001042,
					"bytes":	8492520,
					"bits_per_second":	6758838.27443306,
					"sender":	true
				}
			}],
		"sum_sent":	{
			"start":	0,
			"end":	10.001042,
			"seconds":	10.001042,
			"bytes":	10512480,
			"bits_per_second":	8409107.7709702644,
			"retransmits":	216,
			"sender":	true
		},
		"sum_received":	{
			"start":	0,
			"end":	10.052047,
			"seconds":	10.052047,
			"bytes":	8492520,
			"bits_per_second":	6758838.27443306,
			"sender":	true
		},
		"cpu_utilization_percent":	{
			"host_total":	0.520354774782157,
			"host_user":	0.018300193352765975,
			"host_system":	0.50204477950472437,
			"remote_total":	0.40881176682309561,
			"remote_user":	0.0674488679383995,
			"remote_system":	0.34136289888469618
		},
		"sender_tcp_congestion":	"cubic",
		"receiver_tcp_congestion":	"cubic"
	}
}
