{
	"start":	{
		"connected":	[{
				"socket":	6,
				"local_host":	"192.168.101.210",
				"local_port":	56998,
				"remote_host":	"192.168.100.168",
				"remote_port":	5202
			}],
		"version":	"iperf 3.11",
		"system_info":	"Linux f1 6.0.10-300.fc37.x86_64 #1 SMP PREEMPT_DYNAMIC Sat Nov 26 16:55:13 UTC 2022 x86_64",
		"timestamp":	{
			"time":	"Fri, 09 Dec 2022 23:13:41 GMT",
			"timesecs":	1670627621
		},
		"connecting_to":	{
			"host":	"192.168.100.168",
			"port":	5202
		},
		"cookie":	"nsoux5yusiczsfqpm5dtzjt5gc4mbxyjfxyj",
		"tcp_mss_default":	1448,
		"target_bitrate":	0,
		"sock_bufsize":	0,
		"sndbuf_actual":	16384,
		"rcvbuf_actual":	131072,
		"test_start":	{
			"protocol":	"TCP",
			"num_streams":	1,
			"blksize":	131072,
			"omit":	0,
			"duration":	10,
			"bytes":	0,
			"blocks":	0,
			"reverse":	0,
			"tos":	0,
			"target_bitrate":	0
		}
	},
	"intervals":	[{
			"streams":	[{
					"socket":	6,
					"start":	0,
					"end":	1.000153,
					"seconds":	1.0001529455184937,
					"bytes":	8126464,
					"bits_per_second":	65001770.270542964,
					"retransmits":	30,
					"snd_cwnd":	556032,
					"snd_wnd":	3143552,
					"rtt":	91695,
					"rttvar":	210,
					"pmtu":	1500,
					"omitted":	false,
					"sender":	true
				}],
			"sum":	{
				"start":	0,
				"end":	1.000153,
				"seconds":	1.0001529455184937,
				"bytes":	8126464,
				"bits_per_second":	65001770.270542964,
				"retransmits":	30,
				"omitted":	false,
				"sender":	true
			}
		}, {
			"streams":	[{
					"socket":	6,
					"start":	1.000153,
					"end":	2.000182,
					"seconds":	1.0000289678573608,
					"bytes":	5242880,
					"bits_per_second":	41941825.035194926,
					"retransmits":	0,
					"snd_cwnd":	341728,
					"snd_wnd":	3143552,
					"rtt":	78940,
					"rttvar":	362,
					"pmtu":	1500,
					"omitted":	false,
					"sender":	true
				}],
			"sum":	{
				"start":	1.000153,
				"end":	2.000182,
				"seconds":	1.0000289678573608,
				"bytes":	5242880,
				"bits_per_second":	41941825.035194926,
				"retransmits":	0,
				"omitted":	false,
				"sender":	true
			}
		}, {
			"streams":	[{
					"socket":	6,
					"start":	2.000182,
					"end":	3.000114,
					"seconds":	0.99993199110031128,
					"bytes":	3932160,
					"bits_per_second":	31459419.520506434,
					"retransmits":	0,
					"snd_cwnd":	199824,
					"snd_wnd":	3143552,
					"rtt":	74386,
					"rttvar":	275,
					"pmtu":	1500,
					"omitted":	false,
					"sender":	true
				}],
			"sum":	{
				"start":	2.000182,
				"end":	3.000114,
				"seconds":	0.99993199110031128,
				"bytes":	3932160,
				"bits_per_second":	31459419.520506434,
				"retransmits":	0,
				"omitted":	false,
				"sender":	true
			}
		}, {
			"streams":	[{
					"socket":	6,
					"start":	3.000114,
					"end":	4.000199,
					"seconds":	1.00008499622345,
					"bytes":	2621440,
					"bits_per_second":	20969737.651492894,
					"retransmits":	0,
					"snd_cwnd":	170864,
					"snd_wnd":	3143552,
					"rtt":	72585,
					"rttvar":	278,
					"pmtu":	1500,
					"omitted":	false,
					"sender":	true
				}],
			"sum":	{
				"start":	3.000114,
				"end":	4.000199,
				"seconds":	1.00008499622345,
				"bytes":	2621440,
				"bits_per_second":	20969737.651492894,
				"retransmits":	0,
				"omitted":	false,
				"sender":	true
			}
		}, {
			"streams":	[{
					"socket":	6,
					"start":	4.000199,
					"end":	5.000628,
					"seconds":	1.0004290342330933,
					"bytes":	1310720,
					"bits_per_second":	10481263.179290025,
					"retransmits":	0,
					"snd_cwnd":	144800,
					"snd_wnd":	3143552,
					"rtt":	71372,
					"rttvar":	115,
					"pmtu":	1500,
					"omitted":	false,
					"sender":	true
				}],
			"sum":	{
				"start":	4.000199,
				"end":	5.000628,
				"seconds":	1.0004290342330933,
				"bytes":	1310720,
				"bits_per_second":	10481263.179290025,
				"retransmits":	0,
				"omitted":	false,
				"sender":	true
			}
		}, {
			"streams":	[{
					"socket":	6,
					"start":	5.000628,
					"end":	6.000265,
					"seconds":	0.999637007713318,
					"bytes":	2621440,
					"bits_per_second":	20979135.2642822,
					"retransmits":	0,
					"snd_cwnd":	110048,
					"snd_wnd":	3143552,
					"rtt":	70756,
					"rttvar":	148,
					"pmtu":	1500,
					"omitted":	false,
					"sender":	true
				}],
			"sum":	{
				"start":	5.000628,
				"end":	6.000265,
				"seconds":	0.999637007713318,
				"bytes":	2621440,
				"bits_per_second":	20979135.2642822,
				"retransmits":	0,
				"omitted":	false,
				"sender":	true
			}
		}, {
			"streams":	[{
					"socket":	6,
					"start":	6.000265,
					"end":	7.000457,
					"seconds":	1.0001920461654663,
					"bytes":	1310720,
					"bits_per_second":	10483746.636658709,
					"retransmits":	0,
					"snd_cwnd":	98464,
					"snd_wnd":	3143552,
					"rtt":	69279,
					"rttvar":	207,
					"pmtu":	1500,
					"omitted":	false,
					"sender":	true
				}],
			"sum":	{
				"start":	6.000265,
				"end":	7.000457,
				"seconds":	1.0001920461654663,
				"bytes":	1310720,
				"bits_per_second":	10483746.636658709,
				"retransmits":	0,
				"omitted":	false,
				"sender":	true
			}
		}, {
			"streams":	[{
					"socket":	6,
					"start":	7.000457,
					"end":	8.000569,
					"seconds":	1.0001120567321777,
					"bytes":	1310720,
					"bits_per_second":	10484585.131651908,
					"retransmits":	0,
					"snd_cwnd":	92672,
					"snd_wnd":	3143552,
					"rtt":	68717,
					"rttvar":	294,
					"pmtu":	1500,
					"omitted":	false,
					"sender":	true
				}],
			"sum":	{
				"start":	7.000457,
				"end":	8.000569,
				"seconds":	1.0001120567321777,
				"bytes":	1310720,
				"bits_per_second":	10484585.131651908,
				"retransmits":	0,
				"omitted":	false,
				"sender":	true
			}
		}, {
			"streams":	[{
					"socket":	6,
					"start":	8.000569,
					"end":	9.000595,
					"seconds":	1.0000259876251221,
					"bytes":	1310720,
					"bits_per_second":	10485487.507081443,
					"retransmits":	0,
					"snd_cwnd":	86880,
					"snd_wnd":	3143552,
					"rtt":	68349,
					"rttvar":	251,
					"pmtu":	1500,
					"omitted":	false,
					"sender":	true
				}],
			"sum":	{
				"start":	8.000569,
				"end":	9.000595,
				"seconds":	1.0000259876251221,
				"bytes":	1310720,
				"bits_per_second":	10485487.507081443,
				"retransmits":	0,
				"omitted":	false,
				"sender":	true
			}
		}, {
			"streams":	[{
					"socket":	6,
					"start":	9.000595,
					"end":	10.000577,
					"seconds":	0.99998199939727783,
					"bytes":	1310720,
					"bits_per_second":	10485948.753397675,
					"retransmits":	0,
					"snd_cwnd":	86880,
					"snd_wnd":	3143552,
					"rtt":	68515,
					"rttvar":	265,
					"pmtu":	1500,
					"omitted":	false,
					"sender":	true
				}],
			"sum":	{
				"start":	9.000595,
				"end":	10.000577,
				"seconds":	0.99998199939727783,
				"bytes":	1310720,
				"bits_per_second":	10485948.753397675,
				"retransmits":	0,
				"omitted":	false,
				"sender":	true
			}
		}],
	"end":	{
		"streams":	[{
				"sender":	{
					"socket":	6,
					"start":	0,
					"end":	10.000577,
					"seconds":	10.000577,
					"bytes":	29097984,
					"bits_per_second":	23277044.114554591,
					"retransmits":	30,
					"max_snd_cwnd":	556032,
					"max_snd_wnd":	3143552,
					"max_rtt":	91695,
					"min_rtt":	68349,
					"mean_rtt":	73459,
					"sender":	true
				},
				"receiver":	{
					"socket":	6,
					"start":	0,
					"end":	10.068655,
					"seconds":	10.000577,
					"bytes":	25822184,
					"bits_per_second":	20516888.501989592,
					"sender":	true
				}
			}],
		"sum_sent":	{
			"start":	0,
			"end":	10.000577,
			"seconds":	10.000577,
			"bytes":	29097984,
			"bits_per_second":	23277044.114554591,
			"retransmits":	30,
			"sender":	true
		},
		"sum_received":	{
			"start":	0,
			"end":	10.068655,
			"seconds":	10.068655,
			"bytes":	25822184,
			"bits_per_second":	20516888.501989592,
			"sender":	true
		},
		"cpu_utilization_percent":	{
			"host_total":	0.38221691552374615,
			"host_user":	0.0695299806961254,
			"host_system":	0.31268693482762078,
			"remote_total":	1.3126761156490612,
			"remote_user":	0.16027939346098213,
			"remote_system":	1.1523967221880789
		},
		"sender_tcp_congestion":	"bbr",
		"receiver_tcp_congestion":	"bbr"
	}
}
