{
	"start":	{
		"connected":	[{
				"socket":	6,
				"local_host":	"192.168.101.210",
				"local_port":	34352,
				"remote_host":	"192.168.100.168",
				"remote_port":	5201
			}],
		"version":	"iperf 3.11",
		"system_info":	"Linux f1 6.0.10-300.fc37.x86_64 #1 SMP PREEMPT_DYNAMIC Sat Nov 26 16:55:13 UTC 2022 x86_64",
		"timestamp":	{
			"time":	"Fri, 09 Dec 2022 23:14:03 GMT",
			"timesecs":	1670627643
		},
		"connecting_to":	{
			"host":	"192.168.100.168",
			"port":	5201
		},
		"cookie":	"6h2lck5znorxvwrqjddagmmvmdike76rkr6m",
		"tcp_mss_default":	1448,
		"target_bitrate":	0,
		"sock_bufsize":	0,
		"sndbuf_actual":	16384,
		"rcvbuf_actual":	131072,
		"test_start":	{
			"protocol":	"TCP",
			"num_streams":	1,
			"blksize":	131072,
			"omit":	0,
			"duration":	10,
			"bytes":	0,
			"blocks":	0,
			"reverse":	0,
			"tos":	0,
			"target_bitrate":	0
		}
	},
	"intervals":	[{
			"streams":	[{
					"socket":	6,
					"start":	0,
					"end":	1.000143,
					"seconds":	1.0001430511474609,
					"bytes":	9437184,
					"bits_per_second":	75486673.544731423,
					"retransmits":	0,
					"snd_cwnd":	868800,
					"snd_wnd":	3143552,
					"rtt":	117162,
					"rttvar":	190,
					"pmtu":	1500,
					"omitted":	false,
					"sender":	true
				}],
			"sum":	{
				"start":	0,
				"end":	1.000143,
				"seconds":	1.0001430511474609,
				"bytes":	9437184,
				"bits_per_second":	75486673.544731423,
				"retransmits":	0,
				"omitted":	false,
				"sender":	true
			}
		}, {
			"streams":	[{
					"socket":	6,
					"start":	1.000143,
					"end":	2.000158,
					"seconds":	1.0000150203704834,
					"bytes":	7864320,
					"bits_per_second":	62913615.014194034,
					"retransmits":	0,
					"snd_cwnd":	1284376,
					"snd_wnd":	3143552,
					"rtt":	126364,
					"rttvar":	395,
					"pmtu":	1500,
					"omitted":	false,
					"sender":	true
				}],
			"sum":	{
				"start":	1.000143,
				"end":	2.000158,
				"seconds":	1.0000150203704834,
				"bytes":	7864320,
				"bits_per_second":	62913615.014194034,
				"retransmits":	0,
				"omitted":	false,
				"sender":	true
			}
		}, {
			"streams":	[{
					"socket":	6,
					"start":	2.000158,
					"end":	3.000108,
					"seconds":	0.99994999170303345,
					"bytes":	10485760,
					"bits_per_second":	83890275.2097953,
					"retransmits":	0,
					"snd_cwnd":	1796968,
					"snd_wnd":	3143552,
					"rtt":	157025,
					"rttvar":	1174,
					"pmtu":	1500,
					"omitted":	false,
					"sender":	true
				}],
			"sum":	{
				"start":	2.000158,
				"end":	3.000108,
				"seconds":	0.99994999170303345,
				"bytes":	10485760,
				"bits_per_second":	83890275.2097953,
				"retransmits":	0,
				"omitted":	false,
				"sender":	true
			}
		}, {
			"streams":	[{
					"socket":	6,
					"start":	3.000108,
					"end":	4.000068,
					"seconds":	0.99996000528335571,
					"bytes":	11796480,
					"bits_per_second":	94375614.5259611,
					"retransmits":	0,
					"snd_cwnd":	2339968,
					"snd_wnd":	3143552,
					"rtt":	200570,
					"rttvar":	466,
					"pmtu":	1500,
					"omitted":	false,
					"sender":	true
				}],
			"sum":	{
				"start":	3.000108,
				"end":	4.000068,
				"seconds":	0.99996000528335571,
				"bytes":	11796480,
				"bits_per_second":	94375614.5259611,
				"retransmits":	0,
				"omitted":	false,
				"sender":	true
			}
		}, {
			"streams":	[{
					"socket":	6,
					"start":	4.000068,
					"end":	5.000109,
					"seconds":	1.0000410079956055,
					"bytes":	10485760,
					"bits_per_second":	83882640.141061723,
					"retransmits":	0,
					"snd_cwnd":	2913376,
					"snd_wnd":	3143552,
					"rtt":	241060,
					"rttvar":	254,
					"pmtu":	1500,
					"omitted":	false,
					"sender":	true
				}],
			"sum":	{
				"start":	4.000068,
				"end":	5.000109,
				"seconds":	1.0000410079956055,
				"bytes":	10485760,
				"bits_per_second":	83882640.141061723,
				"retransmits":	0,
				"omitted":	false,
				"sender":	true
			}
		}, {
			"streams":	[{
					"socket":	6,
					"start":	5.000109,
					"end":	6.00008,
					"seconds":	0.99997097253799438,
					"bytes":	11796480,
					"bits_per_second":	94374579.4545194,
					"retransmits":	0,
					"snd_cwnd":	3321712,
					"snd_wnd":	3143552,
					"rtt":	270900,
					"rttvar":	1839,
					"pmtu":	1500,
					"omitted":	false,
					"sender":	true
				}],
			"sum":	{
				"start":	5.000109,
				"end":	6.00008,
				"seconds":	0.99997097253799438,
				"bytes":	11796480,
				"bits_per_second":	94374579.4545194,
				"retransmits":	0,
				"omitted":	false,
				"sender":	true
			}
		}, {
			"streams":	[{
					"socket":	6,
					"start":	6.00008,
					"end":	7.000076,
					"seconds":	0.9999960064888,
					"bytes":	11796480,
					"bits_per_second":	94372216.876505062,
					"retransmits":	0,
					"snd_cwnd":	3321712,
					"snd_wnd":	3143552,
					"rtt":	259407,
					"rttvar":	9447,
					"pmtu":	1500,
					"omitted":	false,
					"sender":	true
				}],
			"sum":	{
				"start":	6.00008,
				"end":	7.000076,
				"seconds":	0.9999960064888,
				"bytes":	11796480,
				"bits_per_second":	94372216.876505062,
				"retransmits":	0,
				"omitted":	false,
				"sender":	true
			}
		}, {
			"streams":	[{
					"socket":	6,
					"start":	7.000076,
					"end":	8.000068,
					"seconds":	0.9999920129776,
					"bytes":	11796480,
					"bits_per_second":	94372593.756020263,
					"retransmits":	0,
					"snd_cwnd":	3321712,
					"snd_wnd":	3143552,
					"rtt":	253379,
					"rttvar":	7995,
					"pmtu":	1500,
					"omitted":	false,
					"sender":	true
				}],
			"sum":	{
				"start":	7.000076,
				"end":	8.000068,
				"seconds":	0.9999920129776,
				"bytes":	11796480,
				"bits_per_second":	94372593.756020263,
				"retransmits":	0,
				"omitted":	false,
				"sender":	true
			}
		}, {
			"streams":	[{
					"socket":	6,
					"start":	8.000068,
					"end":	9.000071,
					"seconds":	1.0000029802322388,
					"bytes":	11796480,
					"bits_per_second":	94371558.7508382,
					"retransmits":	0,
					"snd_cwnd":	3321712,
					"snd_wnd":	3143552,
					"rtt":	242748,
					"rttvar":	7296,
					"pmtu":	1500,
					"omitted":	false,
					"sender":	true
				}],
			"sum":	{
				"start":	8.000068,
				"end":	9.000071,
				"seconds":	1.0000029802322388,
				"bytes":	11796480,
				"bits_per_second":	94371558.7508382,
				"retransmits":	0,
				"omitted":	false,
				"sender":	true
			}
		}, {
			"streams":	[{
					"socket":	6,
					"start":	9.000071,
					"end":	10.000078,
					"seconds":	1.0000070333480835,
					"bytes":	11796480,
					"bits_per_second":	94371176.254668355,
					"retransmits":	0,
					"snd_cwnd":	3321712,
					"snd_wnd":	3143552,
					"rtt":	240300,
					"rttvar":	6029,
					"pmtu":	1500,
					"omitted":	false,
					"sender":	true
				}],
			"sum":	{
				"start":	9.000071,
				"end":	10.000078,
				"seconds":	1.0000070333480835,
				"bytes":	11796480,
				"bits_per_second":	94371176.254668355,
				"retransmits":	0,
				"omitted":	false,
				"sender":	true
			}
		}],
	"end":	{
		"streams":	[{
				"sender":	{
					"socket":	6,
					"start":	0,
					"end":	10.000078,
					"seconds":	10.000078,
					"bytes":	109051904,
					"bits_per_second":	87240842.72142677,
					"retransmits":	0,
					"max_snd_cwnd":	3321712,
					"max_snd_wnd":	3143552,
					"max_rtt":	270900,
					"min_rtt":	117162,
					"mean_rtt":	210891,
					"sender":	true
				},
				"receiver":	{
					"socket":	6,
					"start":	0,
					"end":	10.267157,
					"seconds":	10.000078,
					"bytes":	108618392,
					"bits_per_second":	84633665.9700441,
					"sender":	true
				}
			}],
		"sum_sent":	{
			"start":	0,
			"end":	10.000078,
			"seconds":	10.000078,
			"bytes":	109051904,
			"bits_per_second":	87240842.72142677,
			"retransmits":	0,
			"sender":	true
		},
		"sum_received":	{
			"start":	0,
			"end":	10.267157,
			"seconds":	10.267157,
			"bytes":	108618392,
			"bits_per_second":	84633665.9700441,
			"sender":	true
		},
		"cpu_utilization_percent":	{
			"host_total":	0.46909756435365385,
			"host_user":	0.019869129065882646,
			"host_system":	0.44922843528777123,
			"remote_total":	2.0312612007517554,
			"remote_user":	0.18586430065233178,
			"remote_system":	1.8454066398835587
		},
		"sender_tcp_congestion":	"cubic",
		"receiver_tcp_congestion":	"cubic"
	}
}
