{
	"start":	{
		"connected":	[{
				"socket":	6,
				"local_host":	"192.168.101.210",
				"local_port":	44350,
				"remote_host":	"192.168.100.168",
				"remote_port":	5201
			}],
		"version":	"iperf 3.11",
		"system_info":	"Linux f1 6.0.10-300.fc37.x86_64 #1 SMP PREEMPT_DYNAMIC Sat Nov 26 16:55:13 UTC 2022 x86_64",
		"timestamp":	{
			"time":	"Fri, 09 Dec 2022 22:50:11 GMT",
			"timesecs":	1670626211
		},
		"connecting_to":	{
			"host":	"192.168.100.168",
			"port":	5201
		},
		"cookie":	"4qaweyuv3xplvbwdsztrvqqifnxtt2j7do7n",
		"tcp_mss_default":	1448,
		"target_bitrate":	0,
		"sock_bufsize":	0,
		"sndbuf_actual":	16384,
		"rcvbuf_actual":	131072,
		"test_start":	{
			"protocol":	"TCP",
			"num_streams":	1,
			"blksize":	131072,
			"omit":	0,
			"duration":	10,
			"bytes":	0,
			"blocks":	0,
			"reverse":	0,
			"tos":	0,
			"target_bitrate":	0
		}
	},
	"intervals":	[{
			"streams":	[{
					"socket":	6,
					"start":	0,
					"end":	1.000188,
					"seconds":	1.0001879930496216,
					"bytes":	1126544,
					"bits_per_second":	9010658.05891241,
					"retransmits":	47,
					"snd_cwnd":	59368,
					"snd_wnd":	651520,
					"rtt":	110302,
					"rttvar":	978,
					"pmtu":	1500,
					"omitted":	false,
					"sender":	true
				}],
			"sum":	{
				"start":	0,
				"end":	1.000188,
				"seconds":	1.0001879930496216,
				"bytes":	1126544,
				"bits_per_second":	9010658.05891241,
				"retransmits":	47,
				"omitted":	false,
				"sender":	true
			}
		}, {
			"streams":	[{
					"socket":	6,
					"start":	1.000188,
					"end":	2.000171,
					"seconds":	0.999983012676239,
					"bytes":	521280,
					"bits_per_second":	4170310.8424204639,
					"retransmits":	0,
					"snd_cwnd":	66608,
					"snd_wnd":	1415936,
					"rtt":	127324,
					"rttvar":	1247,
					"pmtu":	1500,
					"omitted":	false,
					"sender":	true
				}],
			"sum":	{
				"start":	1.000188,
				"end":	2.000171,
				"seconds":	0.999983012676239,
				"bytes":	521280,
				"bits_per_second":	4170310.8424204639,
				"retransmits":	0,
				"omitted":	false,
				"sender":	true
			}
		}, {
			"streams":	[{
					"socket":	6,
					"start":	2.000171,
					"end":	3.000095,
					"seconds":	0.99992400407791138,
					"bytes":	521280,
					"bits_per_second":	4170556.9453206826,
					"retransmits":	4,
					"snd_cwnd":	56472,
					"snd_wnd":	1417472,
					"rtt":	111442,
					"rttvar":	2019,
					"pmtu":	1500,
					"omitted":	false,
					"sender":	true
				}],
			"sum":	{
				"start":	2.000171,
				"end":	3.000095,
				"seconds":	0.99992400407791138,
				"bytes":	521280,
				"bits_per_second":	4170556.9453206826,
				"retransmits":	4,
				"omitted":	false,
				"sender":	true
			}
		}, {
			"streams":	[{
					"socket":	6,
					"start":	3.000095,
					"end":	4.00055,
					"seconds":	1.0004550218582153,
					"bytes":	260640,
					"bits_per_second":	2084171.6563400924,
					"retransmits":	2,
					"snd_cwnd":	44888,
					"snd_wnd":	1417472,
					"rtt":	121011,
					"rttvar":	2204,
					"pmtu":	1500,
					"omitted":	false,
					"sender":	true
				}],
			"sum":	{
				"start":	3.000095,
				"end":	4.00055,
				"seconds":	1.0004550218582153,
				"bytes":	260640,
				"bits_per_second":	2084171.6563400924,
				"retransmits":	2,
				"omitted":	false,
				"sender":	true
			}
		}, {
			"streams":	[{
					"socket":	6,
					"start":	4.00055,
					"end":	5.000436,
					"seconds":	0.99988597631454468,
					"bytes":	521280,
					"bits_per_second":	4170715.5603591781,
					"retransmits":	0,
					"snd_cwnd":	53576,
					"snd_wnd":	1417472,
					"rtt":	118242,
					"rttvar":	1332,
					"pmtu":	1500,
					"omitted":	false,
					"sender":	true
				}],
			"sum":	{
				"start":	4.00055,
				"end":	5.000436,
				"seconds":	0.99988597631454468,
				"bytes":	521280,
				"bits_per_second":	4170715.5603591781,
				"retransmits":	0,
				"omitted":	false,
				"sender":	true
			}
		}, {
			"streams":	[{
					"socket":	6,
					"start":	5.000436,
					"end":	6.000254,
					"seconds":	0.99981802701950073,
					"bytes":	521280,
					"bits_per_second":	4170999.0091213491,
					"retransmits":	2,
					"snd_cwnd":	52128,
					"snd_wnd":	1417472,
					"rtt":	128257,
					"rttvar":	1872,
					"pmtu":	1500,
					"omitted":	false,
					"sender":	true
				}],
			"sum":	{
				"start":	5.000436,
				"end":	6.000254,
				"seconds":	0.99981802701950073,
				"bytes":	521280,
				"bits_per_second":	4170999.0091213491,
				"retransmits":	2,
				"omitted":	false,
				"sender":	true
			}
		}, {
			"streams":	[{
					"socket":	6,
					"start":	6.000254,
					"end":	7.000641,
					"seconds":	1.0003869533538818,
					"bytes":	260640,
					"bits_per_second":	2084313.46791305,
					"retransmits":	0,
					"snd_cwnd":	52128,
					"snd_wnd":	1417472,
					"rtt":	120236,
					"rttvar":	1214,
					"pmtu":	1500,
					"omitted":	false,
					"sender":	true
				}],
			"sum":	{
				"start":	6.000254,
				"end":	7.000641,
				"seconds":	1.0003869533538818,
				"bytes":	260640,
				"bits_per_second":	2084313.46791305,
				"retransmits":	0,
				"omitted":	false,
				"sender":	true
			}
		}, {
			"streams":	[{
					"socket":	6,
					"start":	7.000641,
					"end":	8.000304,
					"seconds":	0.99966299533844,
					"bytes":	521280,
					"bits_per_second":	4171645.86410258,
					"retransmits":	2,
					"snd_cwnd":	41992,
					"snd_wnd":	1417472,
					"rtt":	109176,
					"rttvar":	1980,
					"pmtu":	1500,
					"omitted":	false,
					"sender":	true
				}],
			"sum":	{
				"start":	7.000641,
				"end":	8.000304,
				"seconds":	0.99966299533844,
				"bytes":	521280,
				"bits_per_second":	4171645.86410258,
				"retransmits":	2,
				"omitted":	false,
				"sender":	true
			}
		}, {
			"streams":	[{
					"socket":	6,
					"start":	8.000304,
					"end":	9.000584,
					"seconds":	1.0002800226211548,
					"bytes":	260640,
					"bits_per_second":	2084536.28268623,
					"retransmits":	0,
					"snd_cwnd":	46336,
					"snd_wnd":	1417472,
					"rtt":	119994,
					"rttvar":	4202,
					"pmtu":	1500,
					"omitted":	false,
					"sender":	true
				}],
			"sum":	{
				"start":	8.000304,
				"end":	9.000584,
				"seconds":	1.0002800226211548,
				"bytes":	260640,
				"bits_per_second":	2084536.28268623,
				"retransmits":	0,
				"omitted":	false,
				"sender":	true
			}
		}, {
			"streams":	[{
					"socket":	6,
					"start":	9.000584,
					"end":	10.000211,
					"seconds":	0.99962699413299561,
					"bytes":	521280,
					"bits_per_second":	4171796.1044228957,
					"retransmits":	0,
					"snd_cwnd":	52128,
					"snd_wnd":	1417472,
					"rtt":	123822,
					"rttvar":	783,
					"pmtu":	1500,
					"omitted":	false,
					"sender":	true
				}],
			"sum":	{
				"start":	9.000584,
				"end":	10.000211,
				"seconds":	0.99962699413299561,
				"bytes":	521280,
				"bits_per_second":	4171796.1044228957,
				"retransmits":	0,
				"omitted":	false,
				"sender":	true
			}
		}],
	"end":	{
		"streams":	[{
				"sender":	{
					"socket":	6,
					"start":	0,
					"end":	10.000211,
					"seconds":	10.000211,
					"bytes":	5036144,
					"bits_per_second":	4028830.1916829553,
					"retransmits":	57,
					"max_snd_cwnd":	66608,
					"max_snd_wnd":	1417472,
					"max_rtt":	128257,
					"min_rtt":	109176,
					"mean_rtt":	118980,
					"sender":	true
				},
				"receiver":	{
					"socket":	6,
					"start":	0,
					"end":	10.125087,
					"seconds":	10.000211,
					"bytes":	4455496,
					"bits_per_second":	3520361.6522011119,
					"sender":	true
				}
			}],
		"sum_sent":	{
			"start":	0,
			"end":	10.000211,
			"seconds":	10.000211,
			"bytes":	5036144,
			"bits_per_second":	4028830.1916829553,
			"retransmits":	57,
			"sender":	true
		},
		"sum_received":	{
			"start":	0,
			"end":	10.125087,
			"seconds":	10.125087,
			"bytes":	4455496,
			"bits_per_second":	3520361.6522011119,
			"sender":	true
		},
		"cpu_utilization_percent":	{
			"host_total":	0.51845945213441935,
			"host_user":	0.040560853287433633,
			"host_system":	0.47790840088982944,
			"remote_total":	0.39596630316093545,
			"remote_user":	0.06946101491895787,
			"remote_system":	0.32649541180021457
		},
		"sender_tcp_congestion":	"cubic",
		"receiver_tcp_congestion":	"cubic"
	}
}
