{
	"start":	{
		"connected":	[{
				"socket":	6,
				"local_host":	"192.168.101.210",
				"local_port":	51850,
				"remote_host":	"192.168.100.168",
				"remote_port":	5202
			}],
		"version":	"iperf 3.11",
		"system_info":	"Linux f1 6.0.10-300.fc37.x86_64 #1 SMP PREEMPT_DYNAMIC Sat Nov 26 16:55:13 UTC 2022 x86_64",
		"timestamp":	{
			"time":	"Fri, 09 Dec 2022 22:47:20 GMT",
			"timesecs":	1670626040
		},
		"connecting_to":	{
			"host":	"192.168.100.168",
			"port":	5202
		},
		"cookie":	"b4kzyex5kd3tsnr23iu37t4bpiiucdogruyx",
		"tcp_mss_default":	1448,
		"target_bitrate":	0,
		"sock_bufsize":	0,
		"sndbuf_actual":	16384,
		"rcvbuf_actual":	131072,
		"test_start":	{
			"protocol":	"TCP",
			"num_streams":	1,
			"blksize":	131072,
			"omit":	0,
			"duration":	10,
			"bytes":	0,
			"blocks":	0,
			"reverse":	0,
			"tos":	0,
			"target_bitrate":	0
		}
	},
	"intervals":	[{
			"streams":	[{
					"socket":	6,
					"start":	0,
					"end":	1.000148,
					"seconds":	1.0001480579376221,
					"bytes":	958576,
					"bits_per_second":	7667472.76979493,
					"retransmits":	2,
					"snd_cwnd":	28960,
					"snd_wnd":	180608,
					"rtt":	71224,
					"rttvar":	1917,
					"pmtu":	1500,
					"omitted":	false,
					"sender":	true
				}],
			"sum":	{
				"start":	0,
				"end":	1.000148,
				"seconds":	1.0001480579376221,
				"bytes":	958576,
				"bits_per_second":	7667472.76979493,
				"retransmits":	2,
				"omitted":	false,
				"sender":	true
			}
		}, {
			"streams":	[{
					"socket":	6,
					"start":	1.000148,
					"end":	2.000622,
					"seconds":	1.0004739761352539,
					"bytes":	195480,
					"bits_per_second":	1563099.1283161419,
					"retransmits":	0,
					"snd_cwnd":	20272,
					"snd_wnd":	180608,
					"rtt":	73856,
					"rttvar":	1242,
					"pmtu":	1500,
					"omitted":	false,
					"sender":	true
				}],
			"sum":	{
				"start":	1.000148,
				"end":	2.000622,
				"seconds":	1.0004739761352539,
				"bytes":	195480,
				"bits_per_second":	1563099.1283161419,
				"retransmits":	0,
				"omitted":	false,
				"sender":	true
			}
		}, {
			"streams":	[{
					"socket":	6,
					"start":	2.000622,
					"end":	3.000222,
					"seconds":	0.99959999322891235,
					"bytes":	390960,
					"bits_per_second":	3128931.5938238,
					"retransmits":	0,
					"snd_cwnd":	20272,
					"snd_wnd":	180608,
					"rtt":	78384,
					"rttvar":	1018,
					"pmtu":	1500,
					"omitted":	false,
					"sender":	true
				}],
			"sum":	{
				"start":	2.000622,
				"end":	3.000222,
				"seconds":	0.99959999322891235,
				"bytes":	390960,
				"bits_per_second":	3128931.5938238,
				"retransmits":	0,
				"omitted":	false,
				"sender":	true
			}
		}, {
			"streams":	[{
					"socket":	6,
					"start":	3.000222,
					"end":	4.000446,
					"seconds":	1.0002239942550659,
					"bytes":	195480,
					"bits_per_second":	1563489.7872697974,
					"retransmits":	0,
					"snd_cwnd":	23168,
					"snd_wnd":	180608,
					"rtt":	65072,
					"rttvar":	705,
					"pmtu":	1500,
					"omitted":	false,
					"sender":	true
				}],
			"sum":	{
				"start":	3.000222,
				"end":	4.000446,
				"seconds":	1.0002239942550659,
				"bytes":	195480,
				"bits_per_second":	1563489.7872697974,
				"retransmits":	0,
				"omitted":	false,
				"sender":	true
			}
		}, {
			"streams":	[{
					"socket":	6,
					"start":	4.000446,
					"end":	5.000738,
					"seconds":	1.00029194355011,
					"bytes":	195480,
					"bits_per_second":	1563383.5802473992,
					"retransmits":	0,
					"snd_cwnd":	20272,
					"snd_wnd":	180608,
					"rtt":	78695,
					"rttvar":	735,
					"pmtu":	1500,
					"omitted":	false,
					"sender":	true
				}],
			"sum":	{
				"start":	4.000446,
				"end":	5.000738,
				"seconds":	1.00029194355011,
				"bytes":	195480,
				"bits_per_second":	1563383.5802473992,
				"retransmits":	0,
				"omitted":	false,
				"sender":	true
			}
		}, {
			"streams":	[{
					"socket":	6,
					"start":	5.000738,
					"end":	6.000092,
					"seconds":	0.99935400485992432,
					"bytes":	390960,
					"bits_per_second":	3129701.7721346854,
					"retransmits":	0,
					"snd_cwnd":	17376,
					"snd_wnd":	180608,
					"rtt":	82099,
					"rttvar":	3632,
					"pmtu":	1500,
					"omitted":	false,
					"sender":	true
				}],
			"sum":	{
				"start":	5.000738,
				"end":	6.000092,
				"seconds":	0.99935400485992432,
				"bytes":	390960,
				"bits_per_second":	3129701.7721346854,
				"retransmits":	0,
				"omitted":	false,
				"sender":	true
			}
		}, {
			"streams":	[{
					"socket":	6,
					"start":	6.000092,
					"end":	7.000208,
					"seconds":	1.0001159906387329,
					"bytes":	195480,
					"bits_per_second":	1563658.6302367186,
					"retransmits":	2,
					"snd_cwnd":	20272,
					"snd_wnd":	180608,
					"rtt":	65247,
					"rttvar":	979,
					"pmtu":	1500,
					"omitted":	false,
					"sender":	true
				}],
			"sum":	{
				"start":	6.000092,
				"end":	7.000208,
				"seconds":	1.0001159906387329,
				"bytes":	195480,
				"bits_per_second":	1563658.6302367186,
				"retransmits":	2,
				"omitted":	false,
				"sender":	true
			}
		}, {
			"streams":	[{
					"socket":	6,
					"start":	7.000208,
					"end":	8.000371,
					"seconds":	1.0001629590988159,
					"bytes":	195480,
					"bits_per_second":	1563585.1995649571,
					"retransmits":	0,
					"snd_cwnd":	17376,
					"snd_wnd":	180608,
					"rtt":	78606,
					"rttvar":	2779,
					"pmtu":	1500,
					"omitted":	false,
					"sender":	true
				}],
			"sum":	{
				"start":	7.000208,
				"end":	8.000371,
				"seconds":	1.0001629590988159,
				"bytes":	195480,
				"bits_per_second":	1563585.1995649571,
				"retransmits":	0,
				"omitted":	false,
				"sender":	true
			}
		}, {
			"streams":	[{
					"socket":	6,
					"start":	8.000371,
					"end":	9.00046,
					"seconds":	1.0000890493392944,
					"bytes":	195480,
					"bits_per_second":	1563700.7534810484,
					"retransmits":	0,
					"snd_cwnd":	17376,
					"snd_wnd":	180608,
					"rtt":	83660,
					"rttvar":	1817,
					"pmtu":	1500,
					"omitted":	false,
					"sender":	true
				}],
			"sum":	{
				"start":	8.000371,
				"end":	9.00046,
				"seconds":	1.0000890493392944,
				"bytes":	195480,
				"bits_per_second":	1563700.7534810484,
				"retransmits":	0,
				"omitted":	false,
				"sender":	true
			}
		}, {
			"streams":	[{
					"socket":	6,
					"start":	9.00046,
					"end":	10.00057,
					"seconds":	1.0001100301742554,
					"bytes":	195480,
					"bits_per_second":	1563667.9493430562,
					"retransmits":	0,
					"snd_cwnd":	17376,
					"snd_wnd":	180608,
					"rtt":	73610,
					"rttvar":	1533,
					"pmtu":	1500,
					"omitted":	false,
					"sender":	true
				}],
			"sum":	{
				"start":	9.00046,
				"end":	10.00057,
				"seconds":	1.0001100301742554,
				"bytes":	195480,
				"bits_per_second":	1563667.9493430562,
				"retransmits":	0,
				"omitted":	false,
				"sender":	true
			}
		}],
	"end":	{
		"streams":	[{
				"sender":	{
					"socket":	6,
					"start":	0,
					"end":	10.00057,
					"seconds":	10.00057,
					"bytes":	3108856,
					"bits_per_second":	2486943.044246478,
					"retransmits":	4,
					"max_snd_cwnd":	28960,
					"max_snd_wnd":	180608,
					"max_rtt":	83660,
					"min_rtt":	65072,
					"mean_rtt":	75045,
					"sender":	true
				},
				"receiver":	{
					"socket":	6,
					"start":	0,
					"end":	10.075263,
					"seconds":	10.00057,
					"bytes":	2791744,
					"bits_per_second":	2216711.56375769,
					"sender":	true
				}
			}],
		"sum_sent":	{
			"start":	0,
			"end":	10.00057,
			"seconds":	10.00057,
			"bytes":	3108856,
			"bits_per_second":	2486943.044246478,
			"retransmits":	4,
			"sender":	true
		},
		"sum_received":	{
			"start":	0,
			"end":	10.075263,
			"seconds":	10.075263,
			"bytes":	2791744,
			"bits_per_second":	2216711.56375769,
			"sender":	true
		},
		"cpu_utilization_percent":	{
			"host_total":	0.0718635100205792,
			"host_user":	0.0016863278524684648,
			"host_system":	0.070177182168110724,
			"remote_total":	0.28818077683850352,
			"remote_user":	0.010232973339779478,
			"remote_system":	0.277947803498724
		},
		"sender_tcp_congestion":	"bbr",
		"receiver_tcp_congestion":	"bbr"
	}
}
