{
	"start":	{
		"connected":	[{
				"socket":	6,
				"local_host":	"192.168.101.210",
				"local_port":	38120,
				"remote_host":	"192.168.100.168",
				"remote_port":	5201
			}],
		"version":	"iperf 3.11",
		"system_info":	"Linux f1 6.0.10-300.fc37.x86_64 #1 SMP PREEMPT_DYNAMIC Sat Nov 26 16:55:13 UTC 2022 x86_64",
		"timestamp":	{
			"time":	"Fri, 09 Dec 2022 23:17:21 GMT",
			"timesecs":	1670627841
		},
		"connecting_to":	{
			"host":	"192.168.100.168",
			"port":	5201
		},
		"cookie":	"rn75sk27jaw2ka54smt6oeoo5hqn3ujhsb2r",
		"tcp_mss_default":	1448,
		"target_bitrate":	0,
		"sock_bufsize":	0,
		"sndbuf_actual":	16384,
		"rcvbuf_actual":	131072,
		"test_start":	{
			"protocol":	"TCP",
			"num_streams":	1,
			"blksize":	131072,
			"omit":	0,
			"duration":	10,
			"bytes":	0,
			"blocks":	0,
			"reverse":	0,
			"tos":	0,
			"target_bitrate":	0
		}
	},
	"intervals":	[{
			"streams":	[{
					"socket":	6,
					"start":	0,
					"end":	1.000284,
					"seconds":	1.00028395652771,
					"bytes":	2242952,
					"bits_per_second":	17938522.239512619,
					"retransmits":	98,
					"snd_cwnd":	292496,
					"snd_wnd":	1285632,
					"rtt":	158116,
					"rttvar":	1010,
					"pmtu":	1500,
					"omitted":	false,
					"sender":	true
				}],
			"sum":	{
				"start":	0,
				"end":	1.000284,
				"seconds":	1.00028395652771,
				"bytes":	2242952,
				"bits_per_second":	17938522.239512619,
				"retransmits":	98,
				"omitted":	false,
				"sender":	true
			}
		}, {
			"streams":	[{
					"socket":	6,
					"start":	1.000284,
					"end":	2.000213,
					"seconds":	0.99992901086807251,
					"bytes":	2150280,
					"bits_per_second":	17203461.258780908,
					"retransmits":	100,
					"snd_cwnd":	154936,
					"snd_wnd":	3065344,
					"rtt":	153644,
					"rttvar":	2951,
					"pmtu":	1500,
					"omitted":	false,
					"sender":	true
				}],
			"sum":	{
				"start":	1.000284,
				"end":	2.000213,
				"seconds":	0.99992901086807251,
				"bytes":	2150280,
				"bits_per_second":	17203461.258780908,
				"retransmits":	100,
				"omitted":	false,
				"sender":	true
			}
		}, {
			"streams":	[{
					"socket":	6,
					"start":	2.000213,
					"end":	3.000319,
					"seconds":	1.0001059770584106,
					"bytes":	912240,
					"bits_per_second":	7297146.6698611369,
					"retransmits":	12,
					"snd_cwnd":	82536,
					"snd_wnd":	3145728,
					"rtt":	154653,
					"rttvar":	2852,
					"pmtu":	1500,
					"omitted":	false,
					"sender":	true
				}],
			"sum":	{
				"start":	2.000213,
				"end":	3.000319,
				"seconds":	1.0001059770584106,
				"bytes":	912240,
				"bits_per_second":	7297146.6698611369,
				"retransmits":	12,
				"omitted":	false,
				"sender":	true
			}
		}, {
			"streams":	[{
					"socket":	6,
					"start":	3.000319,
					"end":	4.001041,
					"seconds":	1.0007220506668091,
					"bytes":	0,
					"bits_per_second":	0,
					"retransmits":	16,
					"snd_cwnd":	44888,
					"snd_wnd":	3137408,
					"rtt":	156718,
					"rttvar":	376,
					"pmtu":	1500,
					"omitted":	false,
					"sender":	true
				}],
			"sum":	{
				"start":	3.000319,
				"end":	4.001041,
				"seconds":	1.0007220506668091,
				"bytes":	0,
				"bits_per_second":	0,
				"retransmits":	16,
				"omitted":	false,
				"sender":	true
			}
		}, {
			"streams":	[{
					"socket":	6,
					"start":	4.001041,
					"end":	5.00103,
					"seconds":	0.99998897314071655,
					"bytes":	0,
					"bits_per_second":	0,
					"retransmits":	2,
					"snd_cwnd":	37648,
					"snd_wnd":	3145728,
					"rtt":	151121,
					"rttvar":	2034,
					"pmtu":	1500,
					"omitted":	false,
					"sender":	true
				}],
			"sum":	{
				"start":	4.001041,
				"end":	5.00103,
				"seconds":	0.99998897314071655,
				"bytes":	0,
				"bits_per_second":	0,
				"retransmits":	2,
				"omitted":	false,
				"sender":	true
			}
		}, {
			"streams":	[{
					"socket":	6,
					"start":	5.00103,
					"end":	6.000715,
					"seconds":	0.999684989452362,
					"bytes":	912240,
					"bits_per_second":	7300219.6461886233,
					"retransmits":	6,
					"snd_cwnd":	31856,
					"snd_wnd":	3145728,
					"rtt":	150427,
					"rttvar":	663,
					"pmtu":	1500,
					"omitted":	false,
					"sender":	true
				}],
			"sum":	{
				"start":	5.00103,
				"end":	6.000715,
				"seconds":	0.999684989452362,
				"bytes":	912240,
				"bits_per_second":	7300219.6461886233,
				"retransmits":	6,
				"omitted":	false,
				"sender":	true
			}
		}, {
			"streams":	[{
					"socket":	6,
					"start":	6.000715,
					"end":	7.001036,
					"seconds":	1.00032103061676,
					"bytes":	0,
					"bits_per_second":	0,
					"retransmits":	2,
					"snd_cwnd":	27512,
					"snd_wnd":	3143552,
					"rtt":	154093,
					"rttvar":	7127,
					"pmtu":	1500,
					"omitted":	false,
					"sender":	true
				}],
			"sum":	{
				"start":	6.000715,
				"end":	7.001036,
				"seconds":	1.00032103061676,
				"bytes":	0,
				"bits_per_second":	0,
				"retransmits":	2,
				"omitted":	false,
				"sender":	true
			}
		}, {
			"streams":	[{
					"socket":	6,
					"start":	7.001036,
					"end":	8.001053,
					"seconds":	1.0000170469284058,
					"bytes":	0,
					"bits_per_second":	0,
					"retransmits":	4,
					"snd_cwnd":	21720,
					"snd_wnd":	3145728,
					"rtt":	152332,
					"rttvar":	1907,
					"pmtu":	1500,
					"omitted":	false,
					"sender":	true
				}],
			"sum":	{
				"start":	7.001036,
				"end":	8.001053,
				"seconds":	1.0000170469284058,
				"bytes":	0,
				"bits_per_second":	0,
				"retransmits":	4,
				"omitted":	false,
				"sender":	true
			}
		}, {
			"streams":	[{
					"socket":	6,
					"start":	8.001053,
					"end":	9.001029,
					"seconds":	0.99997597932815552,
					"bytes":	0,
					"bits_per_second":	0,
					"retransmits":	0,
					"snd_cwnd":	30408,
					"snd_wnd":	3145728,
					"rtt":	155279,
					"rttvar":	2901,
					"pmtu":	1500,
					"omitted":	false,
					"sender":	true
				}],
			"sum":	{
				"start":	8.001053,
				"end":	9.001029,
				"seconds":	0.99997597932815552,
				"bytes":	0,
				"bits_per_second":	0,
				"retransmits":	0,
				"omitted":	false,
				"sender":	true
			}
		}, {
			"streams":	[{
					"socket":	6,
					"start":	9.001029,
					"end":	10.001042,
					"seconds":	1.000012993812561,
					"bytes":	0,
					"bits_per_second":	0,
					"retransmits":	0,
					"snd_cwnd":	31856,
					"snd_wnd":	3145728,
					"rtt":	155941,
					"rttvar":	274,
					"pmtu":	1500,
					"omitted":	false,
					"sender":	true
				}],
			"sum":	{
				"start":	9.001029,
				"end":	10.001042,
				"seconds":	1.000012993812561,
				"bytes":	0,
				"bits_per_second":	0,
				"retransmits":	0,
				"omitted":	false,
				"sender":	true
			}
		}],
	"end":	{
		"streams":	[{
				"sender":	{
					"socket":	6,
					"start":	0,
					"end":	10.001042,
					"seconds":	10.001042,
					"bytes":	6217712,
					"bits_per_second":	4973651.3455297956,
					"retransmits":	240,
					"max_snd_cwnd":	292496,
					"max_snd_wnd":	3145728,
					"max_rtt":	158116,
					"min_rtt":	150427,
					"mean_rtt":	154232,
					"sender":	true
				},
				"receiver":	{
					"socket":	6,
					"start":	0,
					"end":	10.153174,
					"seconds":	10.001042,
					"bytes":	4546720,
					"bits_per_second":	3582501.3931604046,
					"sender":	true
				}
			}],
		"sum_sent":	{
			"start":	0,
			"end":	10.001042,
			"seconds":	10.001042,
			"bytes":	6217712,
			"bits_per_second":	4973651.3455297956,
			"retransmits":	240,
			"sender":	true
		},
		"sum_received":	{
			"start":	0,
			"end":	10.153174,
			"seconds":	10.153174,
			"bytes":	4546720,
			"bits_per_second":	3582501.3931604046,
			"sender":	true
		},
		"cpu_utilization_percent":	{
			"host_total":	1.4410597815424828,
			"host_user":	0.274184858883929,
			"host_system":	1.1668749226585537,
			"remote_total":	0.16186052338645229,
			"remote_user":	0.022702233564912532,
			"remote_system":	0.13914844069634891
		},
		"sender_tcp_congestion":	"cubic",
		"receiver_tcp_congestion":	"cubic"
	}
}
