{
	"start":	{
		"connected":	[{
				"socket":	6,
				"local_host":	"192.168.101.210",
				"local_port":	48532,
				"remote_host":	"192.168.100.168",
				"remote_port":	5202
			}],
		"version":	"iperf 3.11",
		"system_info":	"Linux f1 6.0.10-300.fc37.x86_64 #1 SMP PREEMPT_DYNAMIC Sat Nov 26 16:55:13 UTC 2022 x86_64",
		"timestamp":	{
			"time":	"Fri, 09 Dec 2022 23:12:06 GMT",
			"timesecs":	1670627526
		},
		"connecting_to":	{
			"host":	"192.168.100.168",
			"port":	5202
		},
		"cookie":	"oqegbzqvkdnxym3olc6nuzoqa5kn6b7rmjey",
		"tcp_mss_default":	1448,
		"target_bitrate":	0,
		"sock_bufsize":	0,
		"sndbuf_actual":	16384,
		"rcvbuf_actual":	131072,
		"test_start":	{
			"protocol":	"TCP",
			"num_streams":	1,
			"blksize":	131072,
			"omit":	0,
			"duration":	10,
			"bytes":	0,
			"blocks":	0,
			"reverse":	0,
			"tos":	0,
			"target_bitrate":	0
		}
	},
	"intervals":	[{
			"streams":	[{
					"socket":	6,
					"start":	0,
					"end":	1.000159,
					"seconds":	1.0001590251922607,
					"bytes":	4448256,
					"bits_per_second":	35580389.8216679,
					"retransmits":	0,
					"snd_cwnd":	101360,
					"snd_wnd":	1473536,
					"rtt":	105568,
					"rttvar":	922,
					"pmtu":	1500,
					"omitted":	false,
					"sender":	true
				}],
			"sum":	{
				"start":	0,
				"end":	1.000159,
				"seconds":	1.0001590251922607,
				"bytes":	4448256,
				"bits_per_second":	35580389.8216679,
				"retransmits":	0,
				"omitted":	false,
				"sender":	true
			}
		}, {
			"streams":	[{
					"socket":	6,
					"start":	1.000159,
					"end":	2.001036,
					"seconds":	1.0008770227432251,
					"bytes":	0,
					"bits_per_second":	0,
					"retransmits":	0,
					"snd_cwnd":	66608,
					"snd_wnd":	1473536,
					"rtt":	148021,
					"rttvar":	1928,
					"pmtu":	1500,
					"omitted":	false,
					"sender":	true
				}],
			"sum":	{
				"start":	1.000159,
				"end":	2.001036,
				"seconds":	1.0008770227432251,
				"bytes":	0,
				"bits_per_second":	0,
				"retransmits":	0,
				"omitted":	false,
				"sender":	true
			}
		}, {
			"streams":	[{
					"socket":	6,
					"start":	2.001036,
					"end":	3.000875,
					"seconds":	0.99983900785446167,
					"bytes":	781920,
					"bits_per_second":	6256367.2259829864,
					"retransmits":	0,
					"snd_cwnd":	34752,
					"snd_wnd":	1473536,
					"rtt":	184194,
					"rttvar":	5256,
					"pmtu":	1500,
					"omitted":	false,
					"sender":	true
				}],
			"sum":	{
				"start":	2.001036,
				"end":	3.000875,
				"seconds":	0.99983900785446167,
				"bytes":	781920,
				"bits_per_second":	6256367.2259829864,
				"retransmits":	0,
				"omitted":	false,
				"sender":	true
			}
		}, {
			"streams":	[{
					"socket":	6,
					"start":	3.000875,
					"end":	4.001029,
					"seconds":	1.0001540184020996,
					"bytes":	0,
					"bits_per_second":	0,
					"retransmits":	0,
					"snd_cwnd":	26064,
					"snd_wnd":	1473536,
					"rtt":	232774,
					"rttvar":	8822,
					"pmtu":	1500,
					"omitted":	false,
					"sender":	true
				}],
			"sum":	{
				"start":	3.000875,
				"end":	4.001029,
				"seconds":	1.0001540184020996,
				"bytes":	0,
				"bits_per_second":	0,
				"retransmits":	0,
				"omitted":	false,
				"sender":	true
			}
		}, {
			"streams":	[{
					"socket":	6,
					"start":	4.001029,
					"end":	5.001041,
					"seconds":	1.0000120401382446,
					"bytes":	0,
					"bits_per_second":	0,
					"retransmits":	0,
					"snd_cwnd":	26064,
					"snd_wnd":	1473536,
					"rtt":	237111,
					"rttvar":	18612,
					"pmtu":	1500,
					"omitted":	false,
					"sender":	true
				}],
			"sum":	{
				"start":	4.001029,
				"end":	5.001041,
				"seconds":	1.0000120401382446,
				"bytes":	0,
				"bits_per_second":	0,
				"retransmits":	0,
				"omitted":	false,
				"sender":	true
			}
		}, {
			"streams":	[{
					"socket":	6,
					"start":	5.001041,
					"end":	6.001027,
					"seconds":	0.99998599290847778,
					"bytes":	0,
					"bits_per_second":	0,
					"retransmits":	0,
					"snd_cwnd":	20272,
					"snd_wnd":	1473536,
					"rtt":	252467,
					"rttvar":	14266,
					"pmtu":	1500,
					"omitted":	false,
					"sender":	true
				}],
			"sum":	{
				"start":	5.001041,
				"end":	6.001027,
				"seconds":	0.99998599290847778,
				"bytes":	0,
				"bits_per_second":	0,
				"retransmits":	0,
				"omitted":	false,
				"sender":	true
			}
		}, {
			"streams":	[{
					"socket":	6,
					"start":	6.001027,
					"end":	7.001033,
					"seconds":	1.0000059604644775,
					"bytes":	0,
					"bits_per_second":	0,
					"retransmits":	0,
					"snd_cwnd":	17376,
					"snd_wnd":	1473536,
					"rtt":	256289,
					"rttvar":	15083,
					"pmtu":	1500,
					"omitted":	false,
					"sender":	true
				}],
			"sum":	{
				"start":	6.001027,
				"end":	7.001033,
				"seconds":	1.0000059604644775,
				"bytes":	0,
				"bits_per_second":	0,
				"retransmits":	0,
				"omitted":	false,
				"sender":	true
			}
		}, {
			"streams":	[{
					"socket":	6,
					"start":	7.001033,
					"end":	8.001032,
					"seconds":	0.99999898672103882,
					"bytes":	0,
					"bits_per_second":	0,
					"retransmits":	0,
					"snd_cwnd":	14480,
					"snd_wnd":	1473536,
					"rtt":	262732,
					"rttvar":	12281,
					"pmtu":	1500,
					"omitted":	false,
					"sender":	true
				}],
			"sum":	{
				"start":	7.001033,
				"end":	8.001032,
				"seconds":	0.99999898672103882,
				"bytes":	0,
				"bits_per_second":	0,
				"retransmits":	0,
				"omitted":	false,
				"sender":	true
			}
		}, {
			"streams":	[{
					"socket":	6,
					"start":	8.001032,
					"end":	9.001045,
					"seconds":	1.000012993812561,
					"bytes":	0,
					"bits_per_second":	0,
					"retransmits":	0,
					"snd_cwnd":	14480,
					"snd_wnd":	1473536,
					"rtt":	270201,
					"rttvar":	15626,
					"pmtu":	1500,
					"omitted":	false,
					"sender":	true
				}],
			"sum":	{
				"start":	8.001032,
				"end":	9.001045,
				"seconds":	1.000012993812561,
				"bytes":	0,
				"bits_per_second":	0,
				"retransmits":	0,
				"omitted":	false,
				"sender":	true
			}
		}, {
			"streams":	[{
					"socket":	6,
					"start":	9.001045,
					"end":	10.001036,
					"seconds":	0.999990999698639,
					"bytes":	0,
					"bits_per_second":	0,
					"retransmits":	0,
					"snd_cwnd":	17376,
					"snd_wnd":	1473536,
					"rtt":	275227,
					"rttvar":	19935,
					"pmtu":	1500,
					"omitted":	false,
					"sender":	true
				}],
			"sum":	{
				"start":	9.001045,
				"end":	10.001036,
				"seconds":	0.999990999698639,
				"bytes":	0,
				"bits_per_second":	0,
				"retransmits":	0,
				"omitted":	false,
				"sender":	true
			}
		}],
	"end":	{
		"streams":	[{
				"sender":	{
					"socket":	6,
					"start":	0,
					"end":	10.001036,
					"seconds":	10.001036,
					"bytes":	5230176,
					"bits_per_second":	4183707.3679166841,
					"retransmits":	0,
					"max_snd_cwnd":	101360,
					"max_snd_wnd":	1473536,
					"max_rtt":	275227,
					"min_rtt":	105568,
					"mean_rtt":	222458,
					"sender":	true
				},
				"receiver":	{
					"socket":	6,
					"start":	0,
					"end":	10.234689,
					"seconds":	10.001036,
					"bytes":	3735840,
					"bits_per_second":	2920139.5372150536,
					"sender":	true
				}
			}],
		"sum_sent":	{
			"start":	0,
			"end":	10.001036,
			"seconds":	10.001036,
			"bytes":	5230176,
			"bits_per_second":	4183707.3679166841,
			"retransmits":	0,
			"sender":	true
		},
		"sum_received":	{
			"start":	0,
			"end":	10.234689,
			"seconds":	10.234689,
			"bytes":	3735840,
			"bits_per_second":	2920139.5372150536,
			"sender":	true
		},
		"cpu_utilization_percent":	{
			"host_total":	0.0705918108111533,
			"host_user":	0.0022349916073071854,
			"host_system":	0.068346841562742053,
			"remote_total":	0.19053805284590142,
			"remote_user":	0.024680740551189524,
			"remote_system":	0.16585731229471187
		},
		"sender_tcp_congestion":	"bbr",
		"receiver_tcp_congestion":	"bbr"
	}
}
