{
	"start":	{
		"connected":	[{
				"socket":	6,
				"local_host":	"192.168.101.210",
				"local_port":	45838,
				"remote_host":	"192.168.100.168",
				"remote_port":	5202
			}],
		"version":	"iperf 3.11",
		"system_info":	"Linux f1 6.0.10-300.fc37.x86_64 #1 SMP PREEMPT_DYNAMIC Sat Nov 26 16:55:13 UTC 2022 x86_64",
		"timestamp":	{
			"time":	"Fri, 09 Dec 2022 23:13:20 GMT",
			"timesecs":	1670627600
		},
		"connecting_to":	{
			"host":	"192.168.100.168",
			"port":	5202
		},
		"cookie":	"skc6v5cur4ky2qlwarovxy425hqaogin4bcq",
		"tcp_mss_default":	1448,
		"target_bitrate":	0,
		"sock_bufsize":	0,
		"sndbuf_actual":	16384,
		"rcvbuf_actual":	131072,
		"test_start":	{
			"protocol":	"TCP",
			"num_streams":	1,
			"blksize":	131072,
			"omit":	0,
			"duration":	10,
			"bytes":	0,
			"blocks":	0,
			"reverse":	0,
			"tos":	0,
			"target_bitrate":	0
		}
	},
	"intervals":	[{
			"streams":	[{
					"socket":	6,
					"start":	0,
					"end":	1.000225,
					"seconds":	1.0002249479293823,
					"bytes":	6728856,
					"bits_per_second":	53818741.585518375,
					"retransmits":	0,
					"snd_cwnd":	214304,
					"snd_wnd":	2027008,
					"rtt":	83897,
					"rttvar":	1736,
					"pmtu":	1500,
					"omitted":	false,
					"sender":	true
				}],
			"sum":	{
				"start":	0,
				"end":	1.000225,
				"seconds":	1.0002249479293823,
				"bytes":	6728856,
				"bits_per_second":	53818741.585518375,
				"retransmits":	0,
				"omitted":	false,
				"sender":	true
			}
		}, {
			"streams":	[{
					"socket":	6,
					"start":	1.000225,
					"end":	2.000603,
					"seconds":	1.0003780126571655,
					"bytes":	1238040,
					"bits_per_second":	9900577.45640823,
					"retransmits":	0,
					"snd_cwnd":	118736,
					"snd_wnd":	2027008,
					"rtt":	120486,
					"rttvar":	938,
					"pmtu":	1500,
					"omitted":	false,
					"sender":	true
				}],
			"sum":	{
				"start":	1.000225,
				"end":	2.000603,
				"seconds":	1.0003780126571655,
				"bytes":	1238040,
				"bits_per_second":	9900577.45640823,
				"retransmits":	0,
				"omitted":	false,
				"sender":	true
			}
		}, {
			"streams":	[{
					"socket":	6,
					"start":	2.000603,
					"end":	3.000616,
					"seconds":	1.000012993812561,
					"bytes":	0,
					"bits_per_second":	0,
					"retransmits":	0,
					"snd_cwnd":	43440,
					"snd_wnd":	2027008,
					"rtt":	158258,
					"rttvar":	3704,
					"pmtu":	1500,
					"omitted":	false,
					"sender":	true
				}],
			"sum":	{
				"start":	2.000603,
				"end":	3.000616,
				"seconds":	1.000012993812561,
				"bytes":	0,
				"bits_per_second":	0,
				"retransmits":	0,
				"omitted":	false,
				"sender":	true
			}
		}, {
			"streams":	[{
					"socket":	6,
					"start":	3.000616,
					"end":	4.000617,
					"seconds":	1.0000009536743164,
					"bytes":	1208144,
					"bits_per_second":	9665142.7826015633,
					"retransmits":	0,
					"snd_cwnd":	23168,
					"snd_wnd":	2027008,
					"rtt":	203549,
					"rttvar":	4279,
					"pmtu":	1500,
					"omitted":	false,
					"sender":	true
				}],
			"sum":	{
				"start":	3.000616,
				"end":	4.000617,
				"seconds":	1.0000009536743164,
				"bytes":	1208144,
				"bits_per_second":	9665142.7826015633,
				"retransmits":	0,
				"omitted":	false,
				"sender":	true
			}
		}, {
			"streams":	[{
					"socket":	6,
					"start":	4.000617,
					"end":	5.000607,
					"seconds":	0.99998998641967773,
					"bytes":	0,
					"bits_per_second":	0,
					"retransmits":	0,
					"snd_cwnd":	23168,
					"snd_wnd":	2027008,
					"rtt":	240059,
					"rttvar":	9955,
					"pmtu":	1500,
					"omitted":	false,
					"sender":	true
				}],
			"sum":	{
				"start":	4.000617,
				"end":	5.000607,
				"seconds":	0.99998998641967773,
				"bytes":	0,
				"bits_per_second":	0,
				"retransmits":	0,
				"omitted":	false,
				"sender":	true
			}
		}, {
			"streams":	[{
					"socket":	6,
					"start":	5.000607,
					"end":	6.00061,
					"seconds":	1.0000029802322388,
					"bytes":	0,
					"bits_per_second":	0,
					"retransmits":	0,
					"snd_cwnd":	31856,
					"snd_wnd":	2027008,
					"rtt":	244880,
					"rttvar":	20295,
					"pmtu":	1500,
					"omitted":	false,
					"sender":	true
				}],
			"sum":	{
				"start":	5.000607,
				"end":	6.00061,
				"seconds":	1.0000029802322388,
				"bytes":	0,
				"bits_per_second":	0,
				"retransmits":	0,
				"omitted":	false,
				"sender":	true
			}
		}, {
			"streams":	[{
					"socket":	6,
					"start":	6.00061,
					"end":	7.000617,
					"seconds":	1.0000070333480835,
					"bytes":	0,
					"bits_per_second":	0,
					"retransmits":	0,
					"snd_cwnd":	26064,
					"snd_wnd":	2027008,
					"rtt":	249967,
					"rttvar":	18858,
					"pmtu":	1500,
					"omitted":	false,
					"sender":	true
				}],
			"sum":	{
				"start":	6.00061,
				"end":	7.000617,
				"seconds":	1.0000070333480835,
				"bytes":	0,
				"bits_per_second":	0,
				"retransmits":	0,
				"omitted":	false,
				"sender":	true
			}
		}, {
			"streams":	[{
					"socket":	6,
					"start":	7.000617,
					"end":	8.000613,
					"seconds":	0.9999960064888,
					"bytes":	0,
					"bits_per_second":	0,
					"retransmits":	0,
					"snd_cwnd":	20272,
					"snd_wnd":	2027008,
					"rtt":	250032,
					"rttvar":	15990,
					"pmtu":	1500,
					"omitted":	false,
					"sender":	true
				}],
			"sum":	{
				"start":	7.000617,
				"end":	8.000613,
				"seconds":	0.9999960064888,
				"bytes":	0,
				"bits_per_second":	0,
				"retransmits":	0,
				"omitted":	false,
				"sender":	true
			}
		}, {
			"streams":	[{
					"socket":	6,
					"start":	8.000613,
					"end":	9.00061,
					"seconds":	0.99999701976776123,
					"bytes":	0,
					"bits_per_second":	0,
					"retransmits":	0,
					"snd_cwnd":	23168,
					"snd_wnd":	2027008,
					"rtt":	257828,
					"rttvar":	11284,
					"pmtu":	1500,
					"omitted":	false,
					"sender":	true
				}],
			"sum":	{
				"start":	8.000613,
				"end":	9.00061,
				"seconds":	0.99999701976776123,
				"bytes":	0,
				"bits_per_second":	0,
				"retransmits":	0,
				"omitted":	false,
				"sender":	true
			}
		}, {
			"streams":	[{
					"socket":	6,
					"start":	9.00061,
					"end":	10.000614,
					"seconds":	1.0000040531158447,
					"bytes":	0,
					"bits_per_second":	0,
					"retransmits":	0,
					"snd_cwnd":	17376,
					"snd_wnd":	2027008,
					"rtt":	259555,
					"rttvar":	13775,
					"pmtu":	1500,
					"omitted":	false,
					"sender":	true
				}],
			"sum":	{
				"start":	9.00061,
				"end":	10.000614,
				"seconds":	1.0000040531158447,
				"bytes":	0,
				"bits_per_second":	0,
				"retransmits":	0,
				"omitted":	false,
				"sender":	true
			}
		}],
	"end":	{
		"streams":	[{
				"sender":	{
					"socket":	6,
					"start":	0,
					"end":	10.000614,
					"seconds":	10.000614,
					"bytes":	9175040,
					"bits_per_second":	7339581.349705128,
					"retransmits":	0,
					"max_snd_cwnd":	214304,
					"max_snd_wnd":	2027008,
					"max_rtt":	259555,
					"min_rtt":	83897,
					"mean_rtt":	206851,
					"sender":	true
				},
				"receiver":	{
					"socket":	6,
					"start":	0,
					"end":	10.2271,
					"seconds":	10.000614,
					"bytes":	6323416,
					"bits_per_second":	4946400.05475648,
					"sender":	true
				}
			}],
		"sum_sent":	{
			"start":	0,
			"end":	10.000614,
			"seconds":	10.000614,
			"bytes":	9175040,
			"bits_per_second":	7339581.349705128,
			"retransmits":	0,
			"sender":	true
		},
		"sum_received":	{
			"start":	0,
			"end":	10.2271,
			"seconds":	10.2271,
			"bytes":	6323416,
			"bits_per_second":	4946400.05475648,
			"sender":	true
		},
		"cpu_utilization_percent":	{
			"host_total":	0.12595251088441609,
			"host_user":	0.011720912817121894,
			"host_system":	0.11422163977263221,
			"remote_total":	0.35665972270772356,
			"remote_user":	0.039669056229444957,
			"remote_system":	0.31698088854970341
		},
		"sender_tcp_congestion":	"bbr",
		"receiver_tcp_congestion":	"bbr"
	}
}
