{
	"start":	{
		"connected":	[{
				"socket":	6,
				"local_host":	"192.168.101.210",
				"local_port":	43896,
				"remote_host":	"192.168.100.168",
				"remote_port":	5202
			}],
		"version":	"iperf 3.11",
		"system_info":	"Linux f1 6.0.10-300.fc37.x86_64 #1 SMP PREEMPT_DYNAMIC Sat Nov 26 16:55:13 UTC 2022 x86_64",
		"timestamp":	{
			"time":	"Fri, 09 Dec 2022 22:47:42 GMT",
			"timesecs":	1670626062
		},
		"connecting_to":	{
			"host":	"192.168.100.168",
			"port":	5202
		},
		"cookie":	"tpvgtudc66tjy2rduwggwvyx2wjidqe7ojcs",
		"tcp_mss_default":	1448,
		"target_bitrate":	0,
		"sock_bufsize":	0,
		"sndbuf_actual":	16384,
		"rcvbuf_actual":	131072,
		"test_start":	{
			"protocol":	"TCP",
			"num_streams":	1,
			"blksize":	131072,
			"omit":	0,
			"duration":	10,
			"bytes":	0,
			"blocks":	0,
			"reverse":	0,
			"tos":	0,
			"target_bitrate":	0
		}
	},
	"intervals":	[{
			"streams":	[{
					"socket":	6,
					"start":	0,
					"end":	1.000465,
					"seconds":	1.0004650354385376,
					"bytes":	721104,
					"bits_per_second":	5766150.5356569765,
					"retransmits":	0,
					"snd_cwnd":	40544,
					"snd_wnd":	261376,
					"rtt":	124027,
					"rttvar":	2460,
					"pmtu":	1500,
					"omitted":	false,
					"sender":	true
				}],
			"sum":	{
				"start":	0,
				"end":	1.000465,
				"seconds":	1.0004650354385376,
				"bytes":	721104,
				"bits_per_second":	5766150.5356569765,
				"retransmits":	0,
				"omitted":	false,
				"sender":	true
			}
		}, {
			"streams":	[{
					"socket":	6,
					"start":	1.000465,
					"end":	2.000923,
					"seconds":	1.0004580020904541,
					"bytes":	195480,
					"bits_per_second":	1563124.0859010182,
					"retransmits":	0,
					"snd_cwnd":	20272,
					"snd_wnd":	261376,
					"rtt":	142333,
					"rttvar":	7086,
					"pmtu":	1500,
					"omitted":	false,
					"sender":	true
				}],
			"sum":	{
				"start":	1.000465,
				"end":	2.000923,
				"seconds":	1.0004580020904541,
				"bytes":	195480,
				"bits_per_second":	1563124.0859010182,
				"retransmits":	0,
				"omitted":	false,
				"sender":	true
			}
		}, {
			"streams":	[{
					"socket":	6,
					"start":	2.000923,
					"end":	3.000577,
					"seconds":	0.999653995037079,
					"bytes":	195480,
					"bits_per_second":	1564381.283688057,
					"retransmits":	0,
					"snd_cwnd":	23168,
					"snd_wnd":	261376,
					"rtt":	182077,
					"rttvar":	9923,
					"pmtu":	1500,
					"omitted":	false,
					"sender":	true
				}],
			"sum":	{
				"start":	2.000923,
				"end":	3.000577,
				"seconds":	0.999653995037079,
				"bytes":	195480,
				"bits_per_second":	1564381.283688057,
				"retransmits":	0,
				"omitted":	false,
				"sender":	true
			}
		}, {
			"streams":	[{
					"socket":	6,
					"start":	3.000577,
					"end":	4.00103,
					"seconds":	1.000452995300293,
					"bytes":	0,
					"bits_per_second":	0,
					"retransmits":	0,
					"snd_cwnd":	14480,
					"snd_wnd":	261376,
					"rtt":	223148,
					"rttvar":	14536,
					"pmtu":	1500,
					"omitted":	false,
					"sender":	true
				}],
			"sum":	{
				"start":	3.000577,
				"end":	4.00103,
				"seconds":	1.000452995300293,
				"bytes":	0,
				"bits_per_second":	0,
				"retransmits":	0,
				"omitted":	false,
				"sender":	true
			}
		}, {
			"streams":	[{
					"socket":	6,
					"start":	4.00103,
					"end":	5.001032,
					"seconds":	1.0000020265579224,
					"bytes":	0,
					"bits_per_second":	0,
					"retransmits":	0,
					"snd_cwnd":	11584,
					"snd_wnd":	261376,
					"rtt":	259614,
					"rttvar":	21496,
					"pmtu":	1500,
					"omitted":	false,
					"sender":	true
				}],
			"sum":	{
				"start":	4.00103,
				"end":	5.001032,
				"seconds":	1.0000020265579224,
				"bytes":	0,
				"bits_per_second":	0,
				"retransmits":	0,
				"omitted":	false,
				"sender":	true
			}
		}, {
			"streams":	[{
					"socket":	6,
					"start":	5.001032,
					"end":	6.000976,
					"seconds":	0.999943971633911,
					"bytes":	195480,
					"bits_per_second":	1563927.6243094713,
					"retransmits":	0,
					"snd_cwnd":	11584,
					"snd_wnd":	261376,
					"rtt":	302846,
					"rttvar":	28450,
					"pmtu":	1500,
					"omitted":	false,
					"sender":	true
				}],
			"sum":	{
				"start":	5.001032,
				"end":	6.000976,
				"seconds":	0.999943971633911,
				"bytes":	195480,
				"bits_per_second":	1563927.6243094713,
				"retransmits":	0,
				"omitted":	false,
				"sender":	true
			}
		}, {
			"streams":	[{
					"socket":	6,
					"start":	6.000976,
					"end":	7.001038,
					"seconds":	1.0000619888305664,
					"bytes":	0,
					"bits_per_second":	0,
					"retransmits":	0,
					"snd_cwnd":	11584,
					"snd_wnd":	261376,
					"rtt":	349109,
					"rttvar":	40384,
					"pmtu":	1500,
					"omitted":	false,
					"sender":	true
				}],
			"sum":	{
				"start":	6.000976,
				"end":	7.001038,
				"seconds":	1.0000619888305664,
				"bytes":	0,
				"bits_per_second":	0,
				"retransmits":	0,
				"omitted":	false,
				"sender":	true
			}
		}, {
			"streams":	[{
					"socket":	6,
					"start":	7.001038,
					"end":	8.001029,
					"seconds":	0.999990999698639,
					"bytes":	0,
					"bits_per_second":	0,
					"retransmits":	0,
					"snd_cwnd":	11584,
					"snd_wnd":	261120,
					"rtt":	409016,
					"rttvar":	38657,
					"pmtu":	1500,
					"omitted":	false,
					"sender":	true
				}],
			"sum":	{
				"start":	7.001038,
				"end":	8.001029,
				"seconds":	0.999990999698639,
				"bytes":	0,
				"bits_per_second":	0,
				"retransmits":	0,
				"omitted":	false,
				"sender":	true
			}
		}, {
			"streams":	[{
					"socket":	6,
					"start":	8.001029,
					"end":	9.001042,
					"seconds":	1.000012993812561,
					"bytes":	0,
					"bits_per_second":	0,
					"retransmits":	0,
					"snd_cwnd":	8688,
					"snd_wnd":	261376,
					"rtt":	458013,
					"rttvar":	34168,
					"pmtu":	1500,
					"omitted":	false,
					"sender":	true
				}],
			"sum":	{
				"start":	8.001029,
				"end":	9.001042,
				"seconds":	1.000012993812561,
				"bytes":	0,
				"bits_per_second":	0,
				"retransmits":	0,
				"omitted":	false,
				"sender":	true
			}
		}, {
			"streams":	[{
					"socket":	6,
					"start":	9.001042,
					"end":	10.001037,
					"seconds":	0.999994993209839,
					"bytes":	0,
					"bits_per_second":	0,
					"retransmits":	0,
					"snd_cwnd":	8688,
					"snd_wnd":	260224,
					"rtt":	487707,
					"rttvar":	25344,
					"pmtu":	1500,
					"omitted":	false,
					"sender":	true
				}],
			"sum":	{
				"start":	9.001042,
				"end":	10.001037,
				"seconds":	0.999994993209839,
				"bytes":	0,
				"bits_per_second":	0,
				"retransmits":	0,
				"omitted":	false,
				"sender":	true
			}
		}],
	"end":	{
		"streams":	[{
				"sender":	{
					"socket":	6,
					"start":	0,
					"end":	10.001037,
					"seconds":	10.001037,
					"bytes":	1307544,
					"bits_per_second":	1045926.7373973319,
					"retransmits":	0,
					"max_snd_cwnd":	40544,
					"max_snd_wnd":	261376,
					"max_rtt":	487707,
					"min_rtt":	124027,
					"mean_rtt":	293789,
					"sender":	true
				},
				"receiver":	{
					"socket":	6,
					"start":	0,
					"end":	10.531056,
					"seconds":	10.001037,
					"bytes":	990432,
					"bits_per_second":	752389.50395857741,
					"sender":	true
				}
			}],
		"sum_sent":	{
			"start":	0,
			"end":	10.001037,
			"seconds":	10.001037,
			"bytes":	1307544,
			"bits_per_second":	1045926.7373973319,
			"retransmits":	0,
			"sender":	true
		},
		"sum_received":	{
			"start":	0,
			"end":	10.531056,
			"seconds":	10.531056,
			"bytes":	990432,
			"bits_per_second":	752389.50395857741,
			"sender":	true
		},
		"cpu_utilization_percent":	{
			"host_total":	0.065615305129129248,
			"host_user":	0.018000305725813435,
			"host_system":	0.0476149994033158,
			"remote_total":	0.086211587106985454,
			"remote_user":	0.0098945339536819967,
			"remote_system":	0.0763075574393364
		},
		"sender_tcp_congestion":	"bbr",
		"receiver_tcp_congestion":	"bbr"
	}
}
