{
	"start":	{
		"connected":	[{
				"socket":	6,
				"local_host":	"192.168.101.210",
				"local_port":	58414,
				"remote_host":	"192.168.100.168",
				"remote_port":	5202
			}],
		"version":	"iperf 3.11",
		"system_info":	"Linux f1 6.0.10-300.fc37.x86_64 #1 SMP PREEMPT_DYNAMIC Sat Nov 26 16:55:13 UTC 2022 x86_64",
		"timestamp":	{
			"time":	"Fri, 09 Dec 2022 22:55:38 GMT",
			"timesecs":	1670626538
		},
		"connecting_to":	{
			"host":	"192.168.100.168",
			"port":	5202
		},
		"cookie":	"naovzwiseuwa2spb7bq5ttbpgheyy7raosx2",
		"tcp_mss_default":	1448,
		"target_bitrate":	0,
		"sock_bufsize":	0,
		"sndbuf_actual":	16384,
		"rcvbuf_actual":	131072,
		"test_start":	{
			"protocol":	"TCP",
			"num_streams":	1,
			"blksize":	131072,
			"omit":	0,
			"duration":	10,
			"bytes":	0,
			"blocks":	0,
			"reverse":	0,
			"tos":	0,
			"target_bitrate":	0
		}
	},
	"intervals":	[{
			"streams":	[{
					"socket":	6,
					"start":	0,
					"end":	1.000168,
					"seconds":	1.0001679658889771,
					"bytes":	1403112,
					"bits_per_second":	11223010.916994328,
					"retransmits":	17,
					"snd_cwnd":	31856,
					"snd_wnd":	499840,
					"rtt":	36741,
					"rttvar":	812,
					"pmtu":	1500,
					"omitted":	false,
					"sender":	true
				}],
			"sum":	{
				"start":	0,
				"end":	1.000168,
				"seconds":	1.0001679658889771,
				"bytes":	1403112,
				"bits_per_second":	11223010.916994328,
				"retransmits":	17,
				"omitted":	false,
				"sender":	true
			}
		}, {
			"streams":	[{
					"socket":	6,
					"start":	1.000168,
					"end":	2.000287,
					"seconds":	1.0001189708709717,
					"bytes":	586440,
					"bits_per_second":	4690961.9121756135,
					"retransmits":	0,
					"snd_cwnd":	23168,
					"snd_wnd":	499840,
					"rtt":	42558,
					"rttvar":	283,
					"pmtu":	1500,
					"omitted":	false,
					"sender":	true
				}],
			"sum":	{
				"start":	1.000168,
				"end":	2.000287,
				"seconds":	1.0001189708709717,
				"bytes":	586440,
				"bits_per_second":	4690961.9121756135,
				"retransmits":	0,
				"omitted":	false,
				"sender":	true
			}
		}, {
			"streams":	[{
					"socket":	6,
					"start":	2.000287,
					"end":	3.000192,
					"seconds":	0.999904990196228,
					"bytes":	586440,
					"bits_per_second":	4691965.7827483239,
					"retransmits":	2,
					"snd_cwnd":	23168,
					"snd_wnd":	501376,
					"rtt":	38739,
					"rttvar":	833,
					"pmtu":	1500,
					"omitted":	false,
					"sender":	true
				}],
			"sum":	{
				"start":	2.000287,
				"end":	3.000192,
				"seconds":	0.999904990196228,
				"bytes":	586440,
				"bits_per_second":	4691965.7827483239,
				"retransmits":	2,
				"omitted":	false,
				"sender":	true
			}
		}, {
			"streams":	[{
					"socket":	6,
					"start":	3.000192,
					"end":	4.000118,
					"seconds":	0.999925971031189,
					"bytes":	586440,
					"bits_per_second":	4691867.3341005417,
					"retransmits":	0,
					"snd_cwnd":	26064,
					"snd_wnd":	501376,
					"rtt":	33408,
					"rttvar":	946,
					"pmtu":	1500,
					"omitted":	false,
					"sender":	true
				}],
			"sum":	{
				"start":	3.000192,
				"end":	4.000118,
				"seconds":	0.999925971031189,
				"bytes":	586440,
				"bits_per_second":	4691867.3341005417,
				"retransmits":	0,
				"omitted":	false,
				"sender":	true
			}
		}, {
			"streams":	[{
					"socket":	6,
					"start":	4.000118,
					"end":	5.000113,
					"seconds":	0.999994993209839,
					"bytes":	586440,
					"bits_per_second":	4691543.4895737842,
					"retransmits":	0,
					"snd_cwnd":	23168,
					"snd_wnd":	501376,
					"rtt":	42926,
					"rttvar":	428,
					"pmtu":	1500,
					"omitted":	false,
					"sender":	true
				}],
			"sum":	{
				"start":	4.000118,
				"end":	5.000113,
				"seconds":	0.999994993209839,
				"bytes":	586440,
				"bits_per_second":	4691543.4895737842,
				"retransmits":	0,
				"omitted":	false,
				"sender":	true
			}
		}, {
			"streams":	[{
					"socket":	6,
					"start":	5.000113,
					"end":	6.000077,
					"seconds":	0.99996399879455566,
					"bytes":	586440,
					"bits_per_second":	4691688.9064562023,
					"retransmits":	0,
					"snd_cwnd":	26064,
					"snd_wnd":	501376,
					"rtt":	38657,
					"rttvar":	520,
					"pmtu":	1500,
					"omitted":	false,
					"sender":	true
				}],
			"sum":	{
				"start":	5.000113,
				"end":	6.000077,
				"seconds":	0.99996399879455566,
				"bytes":	586440,
				"bits_per_second":	4691688.9064562023,
				"retransmits":	0,
				"omitted":	false,
				"sender":	true
			}
		}, {
			"streams":	[{
					"socket":	6,
					"start":	6.000077,
					"end":	7.000339,
					"seconds":	1.0002620220184326,
					"bytes":	390960,
					"bits_per_second":	3126860.6936496925,
					"retransmits":	2,
					"snd_cwnd":	26064,
					"snd_wnd":	501376,
					"rtt":	34812,
					"rttvar":	1933,
					"pmtu":	1500,
					"omitted":	false,
					"sender":	true
				}],
			"sum":	{
				"start":	6.000077,
				"end":	7.000339,
				"seconds":	1.0002620220184326,
				"bytes":	390960,
				"bits_per_second":	3126860.6936496925,
				"retransmits":	2,
				"omitted":	false,
				"sender":	true
			}
		}, {
			"streams":	[{
					"socket":	6,
					"start":	7.000339,
					"end":	8.000284,
					"seconds":	0.99994498491287231,
					"bytes":	586440,
					"bits_per_second":	4691778.1185819777,
					"retransmits":	0,
					"snd_cwnd":	23168,
					"snd_wnd":	501376,
					"rtt":	42148,
					"rttvar":	487,
					"pmtu":	1500,
					"omitted":	false,
					"sender":	true
				}],
			"sum":	{
				"start":	7.000339,
				"end":	8.000284,
				"seconds":	0.99994498491287231,
				"bytes":	586440,
				"bits_per_second":	4691778.1185819777,
				"retransmits":	0,
				"omitted":	false,
				"sender":	true
			}
		}, {
			"streams":	[{
					"socket":	6,
					"start":	8.000284,
					"end":	9.000217,
					"seconds":	0.99993300437927246,
					"bytes":	586440,
					"bits_per_second":	4691834.3323534466,
					"retransmits":	0,
					"snd_cwnd":	23168,
					"snd_wnd":	501376,
					"rtt":	38914,
					"rttvar":	652,
					"pmtu":	1500,
					"omitted":	false,
					"sender":	true
				}],
			"sum":	{
				"start":	8.000284,
				"end":	9.000217,
				"seconds":	0.99993300437927246,
				"bytes":	586440,
				"bits_per_second":	4691834.3323534466,
				"retransmits":	0,
				"omitted":	false,
				"sender":	true
			}
		}, {
			"streams":	[{
					"socket":	6,
					"start":	9.000217,
					"end":	10.000181,
					"seconds":	0.99996399879455566,
					"bytes":	586440,
					"bits_per_second":	4691688.9064562023,
					"retransmits":	0,
					"snd_cwnd":	23168,
					"snd_wnd":	501376,
					"rtt":	34636,
					"rttvar":	800,
					"pmtu":	1500,
					"omitted":	false,
					"sender":	true
				}],
			"sum":	{
				"start":	9.000217,
				"end":	10.000181,
				"seconds":	0.99996399879455566,
				"bytes":	586440,
				"bits_per_second":	4691688.9064562023,
				"retransmits":	0,
				"omitted":	false,
				"sender":	true
			}
		}],
	"end":	{
		"streams":	[{
				"sender":	{
					"socket":	6,
					"start":	0,
					"end":	10.000181,
					"seconds":	10.000181,
					"bytes":	6485592,
					"bits_per_second":	5188379.6903276052,
					"retransmits":	21,
					"max_snd_cwnd":	31856,
					"max_snd_wnd":	501376,
					"max_rtt":	42926,
					"min_rtt":	33408,
					"mean_rtt":	38353,
					"sender":	true
				},
				"receiver":	{
					"socket":	6,
					"start":	0,
					"end":	10.036571,
					"seconds":	10.000181,
					"bytes":	6041056,
					"bits_per_second":	4815235.0040666275,
					"sender":	true
				}
			}],
		"sum_sent":	{
			"start":	0,
			"end":	10.000181,
			"seconds":	10.000181,
			"bytes":	6485592,
			"bits_per_second":	5188379.6903276052,
			"retransmits":	21,
			"sender":	true
		},
		"sum_received":	{
			"start":	0,
			"end":	10.036571,
			"seconds":	10.036571,
			"bytes":	6041056,
			"bits_per_second":	4815235.0040666275,
			"sender":	true
		},
		"cpu_utilization_percent":	{
			"host_total":	0.077695712416096172,
			"host_user":	0.015437357707128277,
			"host_system":	0.0622583547089679,
			"remote_total":	0.50251166158841121,
			"remote_user":	0.045613133473812746,
			"remote_system":	0.45690849166494213
		},
		"sender_tcp_congestion":	"bbr",
		"receiver_tcp_congestion":	"bbr"
	}
}
