{
	"start":	{
		"connected":	[{
				"socket":	6,
				"local_host":	"192.168.101.210",
				"local_port":	41336,
				"remote_host":	"192.168.100.168",
				"remote_port":	5202
			}],
		"version":	"iperf 3.11",
		"system_info":	"Linux f1 6.0.10-300.fc37.x86_64 #1 SMP PREEMPT_DYNAMIC Sat Nov 26 16:55:13 UTC 2022 x86_64",
		"timestamp":	{
			"time":	"Fri, 09 Dec 2022 22:56:11 GMT",
			"timesecs":	1670626571
		},
		"connecting_to":	{
			"host":	"192.168.100.168",
			"port":	5202
		},
		"cookie":	"wwhp73usgbzwcvinhx6anpmce6mragrzjg2j",
		"tcp_mss_default":	1448,
		"target_bitrate":	0,
		"sock_bufsize":	0,
		"sndbuf_actual":	16384,
		"rcvbuf_actual":	131072,
		"test_start":	{
			"protocol":	"TCP",
			"num_streams":	1,
			"blksize":	131072,
			"omit":	0,
			"duration":	10,
			"bytes":	0,
			"blocks":	0,
			"reverse":	0,
			"tos":	0,
			"target_bitrate":	0
		}
	},
	"intervals":	[{
			"streams":	[{
					"socket":	6,
					"start":	0,
					"end":	1.000488,
					"seconds":	1.0004880428314209,
					"bytes":	1049800,
					"bits_per_second":	8394303.2204884663,
					"retransmits":	0,
					"snd_cwnd":	28960,
					"snd_wnd":	684800,
					"rtt":	115662,
					"rttvar":	2043,
					"pmtu":	1500,
					"omitted":	false,
					"sender":	true
				}],
			"sum":	{
				"start":	0,
				"end":	1.000488,
				"seconds":	1.0004880428314209,
				"bytes":	1049800,
				"bits_per_second":	8394303.2204884663,
				"retransmits":	0,
				"omitted":	false,
				"sender":	true
			}
		}, {
			"streams":	[{
					"socket":	6,
					"start":	1.000488,
					"end":	2.001024,
					"seconds":	1.00053596496582,
					"bytes":	260640,
					"bits_per_second":	2084003.0473779426,
					"retransmits":	0,
					"snd_cwnd":	20272,
					"snd_wnd":	684800,
					"rtt":	140757,
					"rttvar":	4551,
					"pmtu":	1500,
					"omitted":	false,
					"sender":	true
				}],
			"sum":	{
				"start":	1.000488,
				"end":	2.001024,
				"seconds":	1.00053596496582,
				"bytes":	260640,
				"bits_per_second":	2084003.0473779426,
				"retransmits":	0,
				"omitted":	false,
				"sender":	true
			}
		}, {
			"streams":	[{
					"socket":	6,
					"start":	2.001024,
					"end":	3.000497,
					"seconds":	0.999472975730896,
					"bytes":	260640,
					"bits_per_second":	2086219.4883010124,
					"retransmits":	0,
					"snd_cwnd":	20272,
					"snd_wnd":	684800,
					"rtt":	182439,
					"rttvar":	9100,
					"pmtu":	1500,
					"omitted":	false,
					"sender":	true
				}],
			"sum":	{
				"start":	2.001024,
				"end":	3.000497,
				"seconds":	0.999472975730896,
				"bytes":	260640,
				"bits_per_second":	2086219.4883010124,
				"retransmits":	0,
				"omitted":	false,
				"sender":	true
			}
		}, {
			"streams":	[{
					"socket":	6,
					"start":	3.000497,
					"end":	4.001038,
					"seconds":	1.0005409717559814,
					"bytes":	0,
					"bits_per_second":	0,
					"retransmits":	0,
					"snd_cwnd":	14480,
					"snd_wnd":	684800,
					"rtt":	220282,
					"rttvar":	10908,
					"pmtu":	1500,
					"omitted":	false,
					"sender":	true
				}],
			"sum":	{
				"start":	3.000497,
				"end":	4.001038,
				"seconds":	1.0005409717559814,
				"bytes":	0,
				"bits_per_second":	0,
				"retransmits":	0,
				"omitted":	false,
				"sender":	true
			}
		}, {
			"streams":	[{
					"socket":	6,
					"start":	4.001038,
					"end":	5.001037,
					"seconds":	0.99999898672103882,
					"bytes":	0,
					"bits_per_second":	0,
					"retransmits":	0,
					"snd_cwnd":	14480,
					"snd_wnd":	684800,
					"rtt":	272948,
					"rttvar":	11496,
					"pmtu":	1500,
					"omitted":	false,
					"sender":	true
				}],
			"sum":	{
				"start":	4.001038,
				"end":	5.001037,
				"seconds":	0.99999898672103882,
				"bytes":	0,
				"bits_per_second":	0,
				"retransmits":	0,
				"omitted":	false,
				"sender":	true
			}
		}, {
			"streams":	[{
					"socket":	6,
					"start":	5.001037,
					"end":	6.001034,
					"seconds":	0.99999701976776123,
					"bytes":	0,
					"bits_per_second":	0,
					"retransmits":	0,
					"snd_cwnd":	17376,
					"snd_wnd":	684800,
					"rtt":	312022,
					"rttvar":	19304,
					"pmtu":	1500,
					"omitted":	false,
					"sender":	true
				}],
			"sum":	{
				"start":	5.001037,
				"end":	6.001034,
				"seconds":	0.99999701976776123,
				"bytes":	0,
				"bits_per_second":	0,
				"retransmits":	0,
				"omitted":	false,
				"sender":	true
			}
		}, {
			"streams":	[{
					"socket":	6,
					"start":	6.001034,
					"end":	7.000374,
					"seconds":	0.999339997768402,
					"bytes":	260640,
					"bits_per_second":	2086497.0927374293,
					"retransmits":	0,
					"snd_cwnd":	11584,
					"snd_wnd":	684800,
					"rtt":	355672,
					"rttvar":	25942,
					"pmtu":	1500,
					"omitted":	false,
					"sender":	true
				}],
			"sum":	{
				"start":	6.001034,
				"end":	7.000374,
				"seconds":	0.999339997768402,
				"bytes":	260640,
				"bits_per_second":	2086497.0927374293,
				"retransmits":	0,
				"omitted":	false,
				"sender":	true
			}
		}, {
			"streams":	[{
					"socket":	6,
					"start":	7.000374,
					"end":	8.001036,
					"seconds":	1.0006619691848755,
					"bytes":	0,
					"bits_per_second":	0,
					"retransmits":	0,
					"snd_cwnd":	14480,
					"snd_wnd":	684800,
					"rtt":	398021,
					"rttvar":	38790,
					"pmtu":	1500,
					"omitted":	false,
					"sender":	true
				}],
			"sum":	{
				"start":	7.000374,
				"end":	8.001036,
				"seconds":	1.0006619691848755,
				"bytes":	0,
				"bits_per_second":	0,
				"retransmits":	0,
				"omitted":	false,
				"sender":	true
			}
		}, {
			"streams":	[{
					"socket":	6,
					"start":	8.001036,
					"end":	9.001046,
					"seconds":	1.0000100135803223,
					"bytes":	0,
					"bits_per_second":	0,
					"retransmits":	0,
					"snd_cwnd":	11584,
					"snd_wnd":	684800,
					"rtt":	445067,
					"rttvar":	42443,
					"pmtu":	1500,
					"omitted":	false,
					"sender":	true
				}],
			"sum":	{
				"start":	8.001036,
				"end":	9.001046,
				"seconds":	1.0000100135803223,
				"bytes":	0,
				"bits_per_second":	0,
				"retransmits":	0,
				"omitted":	false,
				"sender":	true
			}
		}, {
			"streams":	[{
					"socket":	6,
					"start":	9.001046,
					"end":	10.001038,
					"seconds":	0.9999920129776,
					"bytes":	0,
					"bits_per_second":	0,
					"retransmits":	0,
					"snd_cwnd":	11584,
					"snd_wnd":	684800,
					"rtt":	489792,
					"rttvar":	46030,
					"pmtu":	1500,
					"omitted":	false,
					"sender":	true
				}],
			"sum":	{
				"start":	9.001046,
				"end":	10.001038,
				"seconds":	0.9999920129776,
				"bytes":	0,
				"bits_per_second":	0,
				"retransmits":	0,
				"omitted":	false,
				"sender":	true
			}
		}],
	"end":	{
		"streams":	[{
				"sender":	{
					"socket":	6,
					"start":	0,
					"end":	10.001038,
					"seconds":	10.001038,
					"bytes":	1831720,
					"bits_per_second":	1465223.9097581671,
					"retransmits":	0,
					"max_snd_cwnd":	28960,
					"max_snd_wnd":	684800,
					"max_rtt":	489792,
					"min_rtt":	115662,
					"mean_rtt":	293266,
					"sender":	true
				},
				"receiver":	{
					"socket":	6,
					"start":	0,
					"end":	10.539578,
					"seconds":	10.001038,
					"bytes":	1274240,
					"bits_per_second":	967203.810247431,
					"sender":	true
				}
			}],
		"sum_sent":	{
			"start":	0,
			"end":	10.001038,
			"seconds":	10.001038,
			"bytes":	1831720,
			"bits_per_second":	1465223.9097581671,
			"retransmits":	0,
			"sender":	true
		},
		"sum_received":	{
			"start":	0,
			"end":	10.539578,
			"seconds":	10.539578,
			"bytes":	1274240,
			"bits_per_second":	967203.810247431,
			"sender":	true
		},
		"cpu_utilization_percent":	{
			"host_total":	0.067769930266418046,
			"host_user":	0.013500105366676032,
			"host_system":	0.05427980280466934,
			"remote_total":	0.11725311568037927,
			"remote_user":	0.00928878461329433,
			"remote_system":	0.10796433106708495
		},
		"sender_tcp_congestion":	"bbr",
		"receiver_tcp_congestion":	"bbr"
	}
}
