{
	"start":	{
		"connected":	[{
				"socket":	6,
				"local_host":	"192.168.101.210",
				"local_port":	44742,
				"remote_host":	"192.168.100.168",
				"remote_port":	5201
			}],
		"version":	"iperf 3.11",
		"system_info":	"Linux f1 6.0.10-300.fc37.x86_64 #1 SMP PREEMPT_DYNAMIC Sat Nov 26 16:55:13 UTC 2022 x86_64",
		"timestamp":	{
			"time":	"Fri, 09 Dec 2022 22:59:50 GMT",
			"timesecs":	1670626790
		},
		"connecting_to":	{
			"host":	"192.168.100.168",
			"port":	5201
		},
		"cookie":	"dagzu3frldbawabr3kwst2nosaeuri2ao7vo",
		"tcp_mss_default":	1448,
		"target_bitrate":	0,
		"sock_bufsize":	0,
		"sndbuf_actual":	16384,
		"rcvbuf_actual":	131072,
		"test_start":	{
			"protocol":	"TCP",
			"num_streams":	1,
			"blksize":	131072,
			"omit":	0,
			"duration":	10,
			"bytes":	0,
			"blocks":	0,
			"reverse":	0,
			"tos":	0,
			"target_bitrate":	0
		}
	},
	"intervals":	[{
			"streams":	[{
					"socket":	6,
					"start":	0,
					"end":	1.000158,
					"seconds":	1.0001579523086548,
					"bytes":	4031232,
					"bits_per_second":	32244762.865263406,
					"retransmits":	0,
					"snd_cwnd":	556032,
					"snd_wnd":	1648768,
					"rtt":	323196,
					"rttvar":	992,
					"pmtu":	1500,
					"omitted":	false,
					"sender":	true
				}],
			"sum":	{
				"start":	0,
				"end":	1.000158,
				"seconds":	1.0001579523086548,
				"bytes":	4031232,
				"bits_per_second":	32244762.865263406,
				"retransmits":	0,
				"omitted":	false,
				"sender":	true
			}
		}, {
			"streams":	[{
					"socket":	6,
					"start":	1.000158,
					"end":	2.000079,
					"seconds":	0.99992102384567261,
					"bytes":	2391296,
					"bits_per_second":	19131878.962225493,
					"retransmits":	0,
					"snd_cwnd":	644360,
					"snd_wnd":	2883840,
					"rtt":	309352,
					"rttvar":	698,
					"pmtu":	1500,
					"omitted":	false,
					"sender":	true
				}],
			"sum":	{
				"start":	1.000158,
				"end":	2.000079,
				"seconds":	0.99992102384567261,
				"bytes":	2391296,
				"bits_per_second":	19131878.962225493,
				"retransmits":	0,
				"omitted":	false,
				"sender":	true
			}
		}, {
			"streams":	[{
					"socket":	6,
					"start":	2.000079,
					"end":	3.00053,
					"seconds":	1.0004509687423706,
					"bytes":	1310720,
					"bits_per_second":	10481033.381557174,
					"retransmits":	0,
					"snd_cwnd":	745720,
					"snd_wnd":	2883840,
					"rtt":	348136,
					"rttvar":	1025,
					"pmtu":	1500,
					"omitted":	false,
					"sender":	true
				}],
			"sum":	{
				"start":	2.000079,
				"end":	3.00053,
				"seconds":	1.0004509687423706,
				"bytes":	1310720,
				"bits_per_second":	10481033.381557174,
				"retransmits":	0,
				"omitted":	false,
				"sender":	true
			}
		}, {
			"streams":	[{
					"socket":	6,
					"start":	3.00053,
					"end":	4.000239,
					"seconds":	0.99970901012420654,
					"bytes":	2621440,
					"bits_per_second":	20977624.2762826,
					"retransmits":	0,
					"snd_cwnd":	848528,
					"snd_wnd":	2883840,
					"rtt":	395478,
					"rttvar":	477,
					"pmtu":	1500,
					"omitted":	false,
					"sender":	true
				}],
			"sum":	{
				"start":	3.00053,
				"end":	4.000239,
				"seconds":	0.99970901012420654,
				"bytes":	2621440,
				"bits_per_second":	20977624.2762826,
				"retransmits":	0,
				"omitted":	false,
				"sender":	true
			}
		}, {
			"streams":	[{
					"socket":	6,
					"start":	4.000239,
					"end":	5.000579,
					"seconds":	1.0003399848937988,
					"bytes":	1310720,
					"bits_per_second":	10482196.211634209,
					"retransmits":	0,
					"snd_cwnd":	952784,
					"snd_wnd":	2883840,
					"rtt":	423117,
					"rttvar":	318,
					"pmtu":	1500,
					"omitted":	false,
					"sender":	true
				}],
			"sum":	{
				"start":	4.000239,
				"end":	5.000579,
				"seconds":	1.0003399848937988,
				"bytes":	1310720,
				"bits_per_second":	10482196.211634209,
				"retransmits":	0,
				"omitted":	false,
				"sender":	true
			}
		}, {
			"streams":	[{
					"socket":	6,
					"start":	5.000579,
					"end":	6.00034,
					"seconds":	0.99976098537445068,
					"bytes":	2621440,
					"bits_per_second":	20976533.698347233,
					"retransmits":	0,
					"snd_cwnd":	1062832,
					"snd_wnd":	2883840,
					"rtt":	449268,
					"rttvar":	86,
					"pmtu":	1500,
					"omitted":	false,
					"sender":	true
				}],
			"sum":	{
				"start":	5.000579,
				"end":	6.00034,
				"seconds":	0.99976098537445068,
				"bytes":	2621440,
				"bits_per_second":	20976533.698347233,
				"retransmits":	0,
				"omitted":	false,
				"sender":	true
			}
		}, {
			"streams":	[{
					"socket":	6,
					"start":	6.00034,
					"end":	7.000154,
					"seconds":	0.999813973903656,
					"bytes":	2621440,
					"bits_per_second":	20975421.975869339,
					"retransmits":	0,
					"snd_cwnd":	1175776,
					"snd_wnd":	2883840,
					"rtt":	492816,
					"rttvar":	627,
					"pmtu":	1500,
					"omitted":	false,
					"sender":	true
				}],
			"sum":	{
				"start":	6.00034,
				"end":	7.000154,
				"seconds":	0.999813973903656,
				"bytes":	2621440,
				"bits_per_second":	20975421.975869339,
				"retransmits":	0,
				"omitted":	false,
				"sender":	true
			}
		}, {
			"streams":	[{
					"socket":	6,
					"start":	7.000154,
					"end":	8.000563,
					"seconds":	1.0004090070724487,
					"bytes":	1310720,
					"bits_per_second":	10481473.003411924,
					"retransmits":	0,
					"snd_cwnd":	1290168,
					"snd_wnd":	2883840,
					"rtt":	539394,
					"rttvar":	792,
					"pmtu":	1500,
					"omitted":	false,
					"sender":	true
				}],
			"sum":	{
				"start":	7.000154,
				"end":	8.000563,
				"seconds":	1.0004090070724487,
				"bytes":	1310720,
				"bits_per_second":	10481473.003411924,
				"retransmits":	0,
				"omitted":	false,
				"sender":	true
			}
		}, {
			"streams":	[{
					"socket":	6,
					"start":	8.000563,
					"end":	9.00038,
					"seconds":	0.99981701374053955,
					"bytes":	2621440,
					"bits_per_second":	20975358.202338289,
					"retransmits":	0,
					"snd_cwnd":	1404560,
					"snd_wnd":	2978304,
					"rtt":	586684,
					"rttvar":	737,
					"pmtu":	1500,
					"omitted":	false,
					"sender":	true
				}],
			"sum":	{
				"start":	8.000563,
				"end":	9.00038,
				"seconds":	0.99981701374053955,
				"bytes":	2621440,
				"bits_per_second":	20975358.202338289,
				"retransmits":	0,
				"omitted":	false,
				"sender":	true
			}
		}, {
			"streams":	[{
					"socket":	6,
					"start":	9.00038,
					"end":	10.000213,
					"seconds":	0.99983298778533936,
					"bytes":	2621440,
					"bits_per_second":	20975023.085057992,
					"retransmits":	0,
					"snd_cwnd":	1517504,
					"snd_wnd":	3143040,
					"rtt":	634594,
					"rttvar":	884,
					"pmtu":	1500,
					"omitted":	false,
					"sender":	true
				}],
			"sum":	{
				"start":	9.00038,
				"end":	10.000213,
				"seconds":	0.99983298778533936,
				"bytes":	2621440,
				"bits_per_second":	20975023.085057992,
				"retransmits":	0,
				"omitted":	false,
				"sender":	true
			}
		}],
	"end":	{
		"streams":	[{
				"sender":	{
					"socket":	6,
					"start":	0,
					"end":	10.000213,
					"seconds":	10.000213,
					"bytes":	23461888,
					"bits_per_second":	18769110.617943838,
					"retransmits":	0,
					"max_snd_cwnd":	1517504,
					"max_snd_wnd":	3143040,
					"max_rtt":	634594,
					"min_rtt":	309352,
					"mean_rtt":	450203,
					"sender":	true
				},
				"receiver":	{
					"socket":	6,
					"start":	0,
					"end":	10.654249,
					"seconds":	10.000213,
					"bytes":	21967608,
					"bits_per_second":	16494908.650999241,
					"sender":	true
				}
			}],
		"sum_sent":	{
			"start":	0,
			"end":	10.000213,
			"seconds":	10.000213,
			"bytes":	23461888,
			"bits_per_second":	18769110.617943838,
			"retransmits":	0,
			"sender":	true
		},
		"sum_received":	{
			"start":	0,
			"end":	10.654249,
			"seconds":	10.654249,
			"bytes":	21967608,
			"bits_per_second":	16494908.650999241,
			"sender":	true
		},
		"cpu_utilization_percent":	{
			"host_total":	0.773594526277821,
			"host_user":	0.14919191273059348,
			"host_system":	0.62440261354722748,
			"remote_total":	1.7248028746433,
			"remote_user":	0.15543077084370283,
			"remote_system":	1.5693721037995971
		},
		"sender_tcp_congestion":	"cubic",
		"receiver_tcp_congestion":	"cubic"
	}
}
