{
	"start":	{
		"connected":	[{
				"socket":	6,
				"local_host":	"192.168.101.210",
				"local_port":	43290,
				"remote_host":	"192.168.100.168",
				"remote_port":	5201
			}],
		"version":	"iperf 3.11",
		"system_info":	"Linux f1 6.0.10-300.fc37.x86_64 #1 SMP PREEMPT_DYNAMIC Sat Nov 26 16:55:13 UTC 2022 x86_64",
		"timestamp":	{
			"time":	"Fri, 09 Dec 2022 23:01:18 GMT",
			"timesecs":	1670626878
		},
		"connecting_to":	{
			"host":	"192.168.100.168",
			"port":	5201
		},
		"cookie":	"6mbs5mplwf6ygxzisogq226jpyeaonxhd3up",
		"tcp_mss_default":	1448,
		"target_bitrate":	0,
		"sock_bufsize":	0,
		"sndbuf_actual":	16384,
		"rcvbuf_actual":	131072,
		"test_start":	{
			"protocol":	"TCP",
			"num_streams":	1,
			"blksize":	131072,
			"omit":	0,
			"duration":	10,
			"bytes":	0,
			"blocks":	0,
			"reverse":	0,
			"tos":	0,
			"target_bitrate":	0
		}
	},
	"intervals":	[{
			"streams":	[{
					"socket":	6,
					"start":	0,
					"end":	1.000083,
					"seconds":	1.0000829696655273,
					"bytes":	2093808,
					"bits_per_second":	16749074.33490454,
					"retransmits":	0,
					"snd_cwnd":	237472,
					"snd_wnd":	1019008,
					"rtt":	247378,
					"rttvar":	3142,
					"pmtu":	1500,
					"omitted":	false,
					"sender":	true
				}],
			"sum":	{
				"start":	0,
				"end":	1.000083,
				"seconds":	1.0000829696655273,
				"bytes":	2093808,
				"bits_per_second":	16749074.33490454,
				"retransmits":	0,
				"omitted":	false,
				"sender":	true
			}
		}, {
			"streams":	[{
					"socket":	6,
					"start":	1.000083,
					"end":	2.000512,
					"seconds":	1.0004290342330933,
					"bytes":	521280,
					"bits_per_second":	4168451.5915682251,
					"retransmits":	0,
					"snd_cwnd":	279464,
					"snd_wnd":	1019008,
					"rtt":	305646,
					"rttvar":	1087,
					"pmtu":	1500,
					"omitted":	false,
					"sender":	true
				}],
			"sum":	{
				"start":	1.000083,
				"end":	2.000512,
				"seconds":	1.0004290342330933,
				"bytes":	521280,
				"bits_per_second":	4168451.5915682251,
				"retransmits":	0,
				"omitted":	false,
				"sender":	true
			}
		}, {
			"streams":	[{
					"socket":	6,
					"start":	2.000512,
					"end":	3.000086,
					"seconds":	0.99957400560379028,
					"bytes":	1954800,
					"bits_per_second":	15645064.709894754,
					"retransmits":	0,
					"snd_cwnd":	334488,
					"snd_wnd":	1019008,
					"rtt":	270608,
					"rttvar":	3672,
					"pmtu":	1500,
					"omitted":	false,
					"sender":	true
				}],
			"sum":	{
				"start":	2.000512,
				"end":	3.000086,
				"seconds":	0.99957400560379028,
				"bytes":	1954800,
				"bits_per_second":	15645064.709894754,
				"retransmits":	0,
				"omitted":	false,
				"sender":	true
			}
		}, {
			"streams":	[{
					"socket":	6,
					"start":	3.000086,
					"end":	4.00052,
					"seconds":	1.0004340410232544,
					"bytes":	716760,
					"bits_per_second":	5731592.25383327,
					"retransmits":	0,
					"snd_cwnd":	392408,
					"snd_wnd":	1019008,
					"rtt":	319909,
					"rttvar":	1221,
					"pmtu":	1500,
					"omitted":	false,
					"sender":	true
				}],
			"sum":	{
				"start":	3.000086,
				"end":	4.00052,
				"seconds":	1.0004340410232544,
				"bytes":	716760,
				"bits_per_second":	5731592.25383327,
				"retransmits":	0,
				"omitted":	false,
				"sender":	true
			}
		}, {
			"streams":	[{
					"socket":	6,
					"start":	4.00052,
					"end":	5.000456,
					"seconds":	0.99993598461151123,
					"bytes":	1629000,
					"bits_per_second":	13032834.301950948,
					"retransmits":	0,
					"snd_cwnd":	454672,
					"snd_wnd":	1019008,
					"rtt":	312586,
					"rttvar":	587,
					"pmtu":	1500,
					"omitted":	false,
					"sender":	true
				}],
			"sum":	{
				"start":	4.00052,
				"end":	5.000456,
				"seconds":	0.99993598461151123,
				"bytes":	1629000,
				"bits_per_second":	13032834.301950948,
				"retransmits":	0,
				"omitted":	false,
				"sender":	true
			}
		}, {
			"streams":	[{
					"socket":	6,
					"start":	5.000456,
					"end":	6.000319,
					"seconds":	0.999863028526306,
					"bytes":	2019960,
					"bits_per_second":	16161893.718400292,
					"retransmits":	0,
					"snd_cwnd":	527072,
					"snd_wnd":	1136896,
					"rtt":	326682,
					"rttvar":	538,
					"pmtu":	1500,
					"omitted":	false,
					"sender":	true
				}],
			"sum":	{
				"start":	5.000456,
				"end":	6.000319,
				"seconds":	0.999863028526306,
				"bytes":	2019960,
				"bits_per_second":	16161893.718400292,
				"retransmits":	0,
				"omitted":	false,
				"sender":	true
			}
		}, {
			"streams":	[{
					"socket":	6,
					"start":	6.000319,
					"end":	7.000159,
					"seconds":	0.999840021133423,
					"bytes":	2336584,
					"bits_per_second":	18695662.9109624,
					"retransmits":	0,
					"snd_cwnd":	608160,
					"snd_wnd":	1278592,
					"rtt":	348015,
					"rttvar":	291,
					"pmtu":	1500,
					"omitted":	false,
					"sender":	true
				}],
			"sum":	{
				"start":	6.000319,
				"end":	7.000159,
				"seconds":	0.999840021133423,
				"bytes":	2336584,
				"bits_per_second":	18695662.9109624,
				"retransmits":	0,
				"omitted":	false,
				"sender":	true
			}
		}, {
			"streams":	[{
					"socket":	6,
					"start":	7.000159,
					"end":	8.000537,
					"seconds":	1.0003780126571655,
					"bytes":	1310720,
					"bits_per_second":	10481797.747781489,
					"retransmits":	0,
					"snd_cwnd":	692144,
					"snd_wnd":	1486080,
					"rtt":	381129,
					"rttvar":	635,
					"pmtu":	1500,
					"omitted":	false,
					"sender":	true
				}],
			"sum":	{
				"start":	7.000159,
				"end":	8.000537,
				"seconds":	1.0003780126571655,
				"bytes":	1310720,
				"bits_per_second":	10481797.747781489,
				"retransmits":	0,
				"omitted":	false,
				"sender":	true
			}
		}, {
			"streams":	[{
					"socket":	6,
					"start":	8.000537,
					"end":	9.000147,
					"seconds":	0.99961000680923462,
					"bytes":	2621440,
					"bits_per_second":	20979701.940901238,
					"retransmits":	0,
					"snd_cwnd":	781920,
					"snd_wnd":	1633536,
					"rtt":	398691,
					"rttvar":	496,
					"pmtu":	1500,
					"omitted":	false,
					"sender":	true
				}],
			"sum":	{
				"start":	8.000537,
				"end":	9.000147,
				"seconds":	0.99961000680923462,
				"bytes":	2621440,
				"bits_per_second":	20979701.940901238,
				"retransmits":	0,
				"omitted":	false,
				"sender":	true
			}
		}, {
			"streams":	[{
					"socket":	6,
					"start":	9.000147,
					"end":	10.000418,
					"seconds":	1.0002709627151489,
					"bytes":	1310720,
					"bits_per_second":	10482919.519664263,
					"retransmits":	0,
					"snd_cwnd":	874592,
					"snd_wnd":	1909248,
					"rtt":	433673,
					"rttvar":	1513,
					"pmtu":	1500,
					"omitted":	false,
					"sender":	true
				}],
			"sum":	{
				"start":	9.000147,
				"end":	10.000418,
				"seconds":	1.0002709627151489,
				"bytes":	1310720,
				"bits_per_second":	10482919.519664263,
				"retransmits":	0,
				"omitted":	false,
				"sender":	true
			}
		}],
	"end":	{
		"streams":	[{
				"sender":	{
					"socket":	6,
					"start":	0,
					"end":	10.000418,
					"seconds":	10.000418,
					"bytes":	16515072,
					"bits_per_second":	13211505.359075991,
					"retransmits":	0,
					"max_snd_cwnd":	874592,
					"max_snd_wnd":	1909248,
					"max_rtt":	433673,
					"min_rtt":	247378,
					"mean_rtt":	334431,
					"sender":	true
				},
				"receiver":	{
					"socket":	6,
					"start":	0,
					"end":	10.440164,
					"seconds":	10.000418,
					"bytes":	14409048,
					"bits_per_second":	11041242.647146156,
					"sender":	true
				}
			}],
		"sum_sent":	{
			"start":	0,
			"end":	10.000418,
			"seconds":	10.000418,
			"bytes":	16515072,
			"bits_per_second":	13211505.359075991,
			"retransmits":	0,
			"sender":	true
		},
		"sum_received":	{
			"start":	0,
			"end":	10.440164,
			"seconds":	10.440164,
			"bytes":	14409048,
			"bits_per_second":	11041242.647146156,
			"sender":	true
		},
		"cpu_utilization_percent":	{
			"host_total":	0.99783780499715835,
			"host_user":	0.10257256215685778,
			"host_system":	0.89526524284030062,
			"remote_total":	0.94601373207426775,
			"remote_user":	0.0589259105331885,
			"remote_system":	0.88708782154107924
		},
		"sender_tcp_congestion":	"cubic",
		"receiver_tcp_congestion":	"cubic"
	}
}
