{
	"start":	{
		"connected":	[{
				"socket":	6,
				"local_host":	"192.168.101.210",
				"local_port":	59472,
				"remote_host":	"192.168.100.168",
				"remote_port":	5202
			}],
		"version":	"iperf 3.11",
		"system_info":	"Linux f1 6.0.10-300.fc37.x86_64 #1 SMP PREEMPT_DYNAMIC Sat Nov 26 16:55:13 UTC 2022 x86_64",
		"timestamp":	{
			"time":	"Fri, 09 Dec 2022 22:59:14 GMT",
			"timesecs":	1670626754
		},
		"connecting_to":	{
			"host":	"192.168.100.168",
			"port":	5202
		},
		"cookie":	"tu2ydai6mb6pn6vdq4djl4qh7dxlpbgm7ugm",
		"tcp_mss_default":	1448,
		"target_bitrate":	0,
		"sock_bufsize":	0,
		"sndbuf_actual":	16384,
		"rcvbuf_actual":	131072,
		"test_start":	{
			"protocol":	"TCP",
			"num_streams":	1,
			"blksize":	131072,
			"omit":	0,
			"duration":	10,
			"bytes":	0,
			"blocks":	0,
			"reverse":	0,
			"tos":	0,
			"target_bitrate":	0
		}
	},
	"intervals":	[{
			"streams":	[{
					"socket":	6,
					"start":	0,
					"end":	1.000082,
					"seconds":	1.0000820159912109,
					"bytes":	2299424,
					"bits_per_second":	18393883.407420121,
					"retransmits":	0,
					"snd_cwnd":	191136,
					"snd_wnd":	681600,
					"rtt":	191916,
					"rttvar":	759,
					"pmtu":	1500,
					"omitted":	false,
					"sender":	true
				}],
			"sum":	{
				"start":	0,
				"end":	1.000082,
				"seconds":	1.0000820159912109,
				"bytes":	2299424,
				"bits_per_second":	18393883.407420121,
				"retransmits":	0,
				"omitted":	false,
				"sender":	true
			}
		}, {
			"streams":	[{
					"socket":	6,
					"start":	1.000082,
					"end":	2.000298,
					"seconds":	1.000216007232666,
					"bytes":	586440,
					"bits_per_second":	4690506.8166027442,
					"retransmits":	0,
					"snd_cwnd":	147696,
					"snd_wnd":	681856,
					"rtt":	223386,
					"rttvar":	850,
					"pmtu":	1500,
					"omitted":	false,
					"sender":	true
				}],
			"sum":	{
				"start":	1.000082,
				"end":	2.000298,
				"seconds":	1.000216007232666,
				"bytes":	586440,
				"bits_per_second":	4690506.8166027442,
				"retransmits":	0,
				"omitted":	false,
				"sender":	true
			}
		}, {
			"streams":	[{
					"socket":	6,
					"start":	2.000298,
					"end":	3.000343,
					"seconds":	1.0000449419021606,
					"bytes":	586440,
					"bits_per_second":	4691309.163642562,
					"retransmits":	0,
					"snd_cwnd":	101360,
					"snd_wnd":	681856,
					"rtt":	239908,
					"rttvar":	2675,
					"pmtu":	1500,
					"omitted":	false,
					"sender":	true
				}],
			"sum":	{
				"start":	2.000298,
				"end":	3.000343,
				"seconds":	1.0000449419021606,
				"bytes":	586440,
				"bits_per_second":	4691309.163642562,
				"retransmits":	0,
				"omitted":	false,
				"sender":	true
			}
		}, {
			"streams":	[{
					"socket":	6,
					"start":	3.000343,
					"end":	4.001047,
					"seconds":	1.0007040500640869,
					"bytes":	0,
					"bits_per_second":	0,
					"retransmits":	0,
					"snd_cwnd":	89776,
					"snd_wnd":	681856,
					"rtt":	276671,
					"rttvar":	3042,
					"pmtu":	1500,
					"omitted":	false,
					"sender":	true
				}],
			"sum":	{
				"start":	3.000343,
				"end":	4.001047,
				"seconds":	1.0007040500640869,
				"bytes":	0,
				"bits_per_second":	0,
				"retransmits":	0,
				"omitted":	false,
				"sender":	true
			}
		}, {
			"streams":	[{
					"socket":	6,
					"start":	4.001047,
					"end":	5.000764,
					"seconds":	0.99971699714660645,
					"bytes":	586440,
					"bits_per_second":	4692848.0893998425,
					"retransmits":	0,
					"snd_cwnd":	73848,
					"snd_wnd":	681856,
					"rtt":	310490,
					"rttvar":	12948,
					"pmtu":	1500,
					"omitted":	false,
					"sender":	true
				}],
			"sum":	{
				"start":	4.001047,
				"end":	5.000764,
				"seconds":	0.99971699714660645,
				"bytes":	586440,
				"bits_per_second":	4692848.0893998425,
				"retransmits":	0,
				"omitted":	false,
				"sender":	true
			}
		}, {
			"streams":	[{
					"socket":	6,
					"start":	5.000764,
					"end":	6.001032,
					"seconds":	1.00026798248291,
					"bytes":	0,
					"bits_per_second":	0,
					"retransmits":	0,
					"snd_cwnd":	60816,
					"snd_wnd":	681856,
					"rtt":	349983,
					"rttvar":	3873,
					"pmtu":	1500,
					"omitted":	false,
					"sender":	true
				}],
			"sum":	{
				"start":	5.000764,
				"end":	6.001032,
				"seconds":	1.00026798248291,
				"bytes":	0,
				"bits_per_second":	0,
				"retransmits":	0,
				"omitted":	false,
				"sender":	true
			}
		}, {
			"streams":	[{
					"socket":	6,
					"start":	6.001032,
					"end":	7.001037,
					"seconds":	1.0000050067901611,
					"bytes":	0,
					"bits_per_second":	0,
					"retransmits":	0,
					"snd_cwnd":	49232,
					"snd_wnd":	681856,
					"rtt":	391761,
					"rttvar":	5182,
					"pmtu":	1500,
					"omitted":	false,
					"sender":	true
				}],
			"sum":	{
				"start":	6.001032,
				"end":	7.001037,
				"seconds":	1.0000050067901611,
				"bytes":	0,
				"bits_per_second":	0,
				"retransmits":	0,
				"omitted":	false,
				"sender":	true
			}
		}, {
			"streams":	[{
					"socket":	6,
					"start":	7.001037,
					"end":	8.000613,
					"seconds":	0.999575972557068,
					"bytes":	586440,
					"bits_per_second":	4693510.17711878,
					"retransmits":	0,
					"snd_cwnd":	49232,
					"snd_wnd":	681856,
					"rtt":	429952,
					"rttvar":	6171,
					"pmtu":	1500,
					"omitted":	false,
					"sender":	true
				}],
			"sum":	{
				"start":	7.001037,
				"end":	8.000613,
				"seconds":	0.999575972557068,
				"bytes":	586440,
				"bits_per_second":	4693510.17711878,
				"retransmits":	0,
				"omitted":	false,
				"sender":	true
			}
		}, {
			"streams":	[{
					"socket":	6,
					"start":	8.000613,
					"end":	9.001043,
					"seconds":	1.00042998790741,
					"bytes":	0,
					"bits_per_second":	0,
					"retransmits":	0,
					"snd_cwnd":	43440,
					"snd_wnd":	681856,
					"rtt":	468613,
					"rttvar":	8585,
					"pmtu":	1500,
					"omitted":	false,
					"sender":	true
				}],
			"sum":	{
				"start":	8.000613,
				"end":	9.001043,
				"seconds":	1.00042998790741,
				"bytes":	0,
				"bits_per_second":	0,
				"retransmits":	0,
				"omitted":	false,
				"sender":	true
			}
		}, {
			"streams":	[{
					"socket":	6,
					"start":	9.001043,
					"end":	10.001047,
					"seconds":	1.0000040531158447,
					"bytes":	0,
					"bits_per_second":	0,
					"retransmits":	0,
					"snd_cwnd":	43440,
					"snd_wnd":	681856,
					"rtt":	515605,
					"rttvar":	9567,
					"pmtu":	1500,
					"omitted":	false,
					"sender":	true
				}],
			"sum":	{
				"start":	9.001043,
				"end":	10.001047,
				"seconds":	1.0000040531158447,
				"bytes":	0,
				"bits_per_second":	0,
				"retransmits":	0,
				"omitted":	false,
				"sender":	true
			}
		}],
	"end":	{
		"streams":	[{
				"sender":	{
					"socket":	6,
					"start":	0,
					"end":	10.001047,
					"seconds":	10.001047,
					"bytes":	4645184,
					"bits_per_second":	3715758.1601206353,
					"retransmits":	0,
					"max_snd_cwnd":	191136,
					"max_snd_wnd":	681856,
					"max_rtt":	515605,
					"min_rtt":	191916,
					"mean_rtt":	339828,
					"sender":	true
				},
				"receiver":	{
					"socket":	6,
					"start":	0,
					"end":	10.553176,
					"seconds":	10.001047,
					"bytes":	3242072,
					"bits_per_second":	2457703.3492097543,
					"sender":	true
				}
			}],
		"sum_sent":	{
			"start":	0,
			"end":	10.001047,
			"seconds":	10.001047,
			"bytes":	4645184,
			"bits_per_second":	3715758.1601206353,
			"retransmits":	0,
			"sender":	true
		},
		"sum_received":	{
			"start":	0,
			"end":	10.553176,
			"seconds":	10.553176,
			"bytes":	3242072,
			"bits_per_second":	2457703.3492097543,
			"sender":	true
		},
		"cpu_utilization_percent":	{
			"host_total":	0.51245463141581538,
			"host_user":	0.078374722328925076,
			"host_system":	0.43407990908689037,
			"remote_total":	0.2818864369489934,
			"remote_user":	0.010575005500708506,
			"remote_system":	0.2713114314482849
		},
		"sender_tcp_congestion":	"bbr",
		"receiver_tcp_congestion":	"bbr"
	}
}
