{
	"start":	{
		"connected":	[{
				"socket":	6,
				"local_host":	"192.168.101.210",
				"local_port":	38644,
				"remote_host":	"192.168.100.168",
				"remote_port":	5201
			}],
		"version":	"iperf 3.11",
		"system_info":	"Linux f1 6.0.10-300.fc37.x86_64 #1 SMP PREEMPT_DYNAMIC Sat Nov 26 16:55:13 UTC 2022 x86_64",
		"timestamp":	{
			"time":	"Fri, 09 Dec 2022 22:55:48 GMT",
			"timesecs":	1670626548
		},
		"connecting_to":	{
			"host":	"192.168.100.168",
			"port":	5201
		},
		"cookie":	"vcyusu75dcknzuyrahbgla27maayovblrbdd",
		"tcp_mss_default":	1448,
		"target_bitrate":	0,
		"sock_bufsize":	0,
		"sndbuf_actual":	16384,
		"rcvbuf_actual":	131072,
		"test_start":	{
			"protocol":	"TCP",
			"num_streams":	1,
			"blksize":	131072,
			"omit":	0,
			"duration":	10,
			"bytes":	0,
			"blocks":	0,
			"reverse":	0,
			"tos":	0,
			"target_bitrate":	0
		}
	},
	"intervals":	[{
			"streams":	[{
					"socket":	6,
					"start":	0,
					"end":	1.000244,
					"seconds":	1.0002440214157104,
					"bytes":	3402800,
					"bits_per_second":	27215758.772014819,
					"retransmits":	0,
					"snd_cwnd":	346072,
					"snd_wnd":	1124992,
					"rtt":	156667,
					"rttvar":	340,
					"pmtu":	1500,
					"omitted":	false,
					"sender":	true
				}],
			"sum":	{
				"start":	0,
				"end":	1.000244,
				"seconds":	1.0002440214157104,
				"bytes":	3402800,
				"bits_per_second":	27215758.772014819,
				"retransmits":	0,
				"omitted":	false,
				"sender":	true
			}
		}, {
			"streams":	[{
					"socket":	6,
					"start":	1.000244,
					"end":	2.000082,
					"seconds":	0.99983799457550049,
					"bytes":	3258000,
					"bits_per_second":	26068223.193564422,
					"retransmits":	0,
					"snd_cwnd":	454672,
					"snd_wnd":	1124992,
					"rtt":	196537,
					"rttvar":	512,
					"pmtu":	1500,
					"omitted":	false,
					"sender":	true
				}],
			"sum":	{
				"start":	1.000244,
				"end":	2.000082,
				"seconds":	0.99983799457550049,
				"bytes":	3258000,
				"bits_per_second":	26068223.193564422,
				"retransmits":	0,
				"omitted":	false,
				"sender":	true
			}
		}, {
			"streams":	[{
					"socket":	6,
					"start":	2.000082,
					"end":	3.000326,
					"seconds":	1.0002440214157104,
					"bytes":	2085120,
					"bits_per_second":	16676890.481575038,
					"retransmits":	0,
					"snd_cwnd":	566168,
					"snd_wnd":	1186176,
					"rtt":	238882,
					"rttvar":	467,
					"pmtu":	1500,
					"omitted":	false,
					"sender":	true
				}],
			"sum":	{
				"start":	2.000082,
				"end":	3.000326,
				"seconds":	1.0002440214157104,
				"bytes":	2085120,
				"bits_per_second":	16676890.481575038,
				"retransmits":	0,
				"omitted":	false,
				"sender":	true
			}
		}, {
			"streams":	[{
					"socket":	6,
					"start":	3.000326,
					"end":	4.000566,
					"seconds":	1.0002399682998657,
					"bytes":	3705920,
					"bits_per_second":	29640247.280252557,
					"retransmits":	0,
					"snd_cwnd":	682008,
					"snd_wnd":	1450240,
					"rtt":	279664,
					"rttvar":	580,
					"pmtu":	1500,
					"omitted":	false,
					"sender":	true
				}],
			"sum":	{
				"start":	3.000326,
				"end":	4.000566,
				"seconds":	1.0002399682998657,
				"bytes":	3705920,
				"bits_per_second":	29640247.280252557,
				"retransmits":	0,
				"omitted":	false,
				"sender":	true
			}
		}, {
			"streams":	[{
					"socket":	6,
					"start":	4.000566,
					"end":	5.000483,
					"seconds":	0.999916970729828,
					"bytes":	1310720,
					"bits_per_second":	10486630.697293362,
					"retransmits":	0,
					"snd_cwnd":	799296,
					"snd_wnd":	1661568,
					"rtt":	325846,
					"rttvar":	452,
					"pmtu":	1500,
					"omitted":	false,
					"sender":	true
				}],
			"sum":	{
				"start":	4.000566,
				"end":	5.000483,
				"seconds":	0.999916970729828,
				"bytes":	1310720,
				"bits_per_second":	10486630.697293362,
				"retransmits":	0,
				"omitted":	false,
				"sender":	true
			}
		}, {
			"streams":	[{
					"socket":	6,
					"start":	5.000483,
					"end":	6.000343,
					"seconds":	0.99985998868942261,
					"bytes":	2621440,
					"bits_per_second":	20974456.661165778,
					"retransmits":	0,
					"snd_cwnd":	915136,
					"snd_wnd":	1939072,
					"rtt":	371031,
					"rttvar":	324,
					"pmtu":	1500,
					"omitted":	false,
					"sender":	true
				}],
			"sum":	{
				"start":	5.000483,
				"end":	6.000343,
				"seconds":	0.99985998868942261,
				"bytes":	2621440,
				"bits_per_second":	20974456.661165778,
				"retransmits":	0,
				"omitted":	false,
				"sender":	true
			}
		}, {
			"streams":	[{
					"socket":	6,
					"start":	6.000343,
					"end":	7.000195,
					"seconds":	0.99985200166702271,
					"bytes":	2621440,
					"bits_per_second":	20974624.20941782,
					"retransmits":	4,
					"snd_cwnd":	974504,
					"snd_wnd":	2219520,
					"rtt":	414385,
					"rttvar":	324,
					"pmtu":	1500,
					"omitted":	false,
					"sender":	true
				}],
			"sum":	{
				"start":	6.000343,
				"end":	7.000195,
				"seconds":	0.99985200166702271,
				"bytes":	2621440,
				"bits_per_second":	20974624.20941782,
				"retransmits":	4,
				"omitted":	false,
				"sender":	true
			}
		}, {
			"streams":	[{
					"socket":	6,
					"start":	7.000195,
					"end":	8.000136,
					"seconds":	0.99994099140167236,
					"bytes":	2621440,
					"bits_per_second":	20972757.573027451,
					"retransmits":	28,
					"snd_cwnd":	732688,
					"snd_wnd":	3144704,
					"rtt":	305150,
					"rttvar":	159,
					"pmtu":	1500,
					"omitted":	false,
					"sender":	true
				}],
			"sum":	{
				"start":	7.000195,
				"end":	8.000136,
				"seconds":	0.99994099140167236,
				"bytes":	2621440,
				"bits_per_second":	20972757.573027451,
				"retransmits":	28,
				"omitted":	false,
				"sender":	true
			}
		}, {
			"streams":	[{
					"socket":	6,
					"start":	8.000136,
					"end":	9.000574,
					"seconds":	1.0004379749298096,
					"bytes":	1310720,
					"bits_per_second":	10481169.510519309,
					"retransmits":	0,
					"snd_cwnd":	819568,
					"snd_wnd":	3144704,
					"rtt":	335069,
					"rttvar":	645,
					"pmtu":	1500,
					"omitted":	false,
					"sender":	true
				}],
			"sum":	{
				"start":	8.000136,
				"end":	9.000574,
				"seconds":	1.0004379749298096,
				"bytes":	1310720,
				"bits_per_second":	10481169.510519309,
				"retransmits":	0,
				"omitted":	false,
				"sender":	true
			}
		}, {
			"streams":	[{
					"socket":	6,
					"start":	9.000574,
					"end":	10.000456,
					"seconds":	0.99988198280334473,
					"bytes":	2621440,
					"bits_per_second":	20973995.292127039,
					"retransmits":	0,
					"snd_cwnd":	891968,
					"snd_wnd":	3144704,
					"rtt":	367132,
					"rttvar":	371,
					"pmtu":	1500,
					"omitted":	false,
					"sender":	true
				}],
			"sum":	{
				"start":	9.000574,
				"end":	10.000456,
				"seconds":	0.99988198280334473,
				"bytes":	2621440,
				"bits_per_second":	20973995.292127039,
				"retransmits":	0,
				"omitted":	false,
				"sender":	true
			}
		}],
	"end":	{
		"streams":	[{
				"sender":	{
					"socket":	6,
					"start":	0,
					"end":	10.000456,
					"seconds":	10.000456,
					"bytes":	25559040,
					"bits_per_second":	20446299.648736019,
					"retransmits":	32,
					"max_snd_cwnd":	974504,
					"max_snd_wnd":	3144704,
					"max_rtt":	414385,
					"min_rtt":	156667,
					"mean_rtt":	299036,
					"sender":	true
				},
				"receiver":	{
					"socket":	6,
					"start":	0,
					"end":	10.377767,
					"seconds":	10.000456,
					"bytes":	23725480,
					"bits_per_second":	18289468.244950961,
					"sender":	true
				}
			}],
		"sum_sent":	{
			"start":	0,
			"end":	10.000456,
			"seconds":	10.000456,
			"bytes":	25559040,
			"bits_per_second":	20446299.648736019,
			"retransmits":	32,
			"sender":	true
		},
		"sum_received":	{
			"start":	0,
			"end":	10.377767,
			"seconds":	10.377767,
			"bytes":	23725480,
			"bits_per_second":	18289468.244950961,
			"sender":	true
		},
		"cpu_utilization_percent":	{
			"host_total":	0.12354159353388826,
			"host_user":	0.014009562823808993,
			"host_system":	0.10954200903117886,
			"remote_total":	1.88837093401759,
			"remote_user":	0.07455351004227205,
			"remote_system":	1.81382705994663
		},
		"sender_tcp_congestion":	"cubic",
		"receiver_tcp_congestion":	"cubic"
	}
}
