{
	"start":	{
		"connected":	[{
				"socket":	6,
				"local_host":	"192.168.101.210",
				"local_port":	55060,
				"remote_host":	"192.168.100.168",
				"remote_port":	5202
			}],
		"version":	"iperf 3.11",
		"system_info":	"Linux f1 6.0.10-300.fc37.x86_64 #1 SMP PREEMPT_DYNAMIC Sat Nov 26 16:55:13 UTC 2022 x86_64",
		"timestamp":	{
			"time":	"Fri, 09 Dec 2022 22:56:00 GMT",
			"timesecs":	1670626560
		},
		"connecting_to":	{
			"host":	"192.168.100.168",
			"port":	5202
		},
		"cookie":	"zl6d27t5d5tpkdew2duig2bb7gou35bd6hcm",
		"tcp_mss_default":	1448,
		"target_bitrate":	0,
		"sock_bufsize":	0,
		"sndbuf_actual":	16384,
		"rcvbuf_actual":	131072,
		"test_start":	{
			"protocol":	"TCP",
			"num_streams":	1,
			"blksize":	131072,
			"omit":	0,
			"duration":	10,
			"bytes":	0,
			"blocks":	0,
			"reverse":	0,
			"tos":	0,
			"target_bitrate":	0
		}
	},
	"intervals":	[{
			"streams":	[{
					"socket":	6,
					"start":	0,
					"end":	1.000119,
					"seconds":	1.0001189708709717,
					"bytes":	1310440,
					"bits_per_second":	10482272.914861556,
					"retransmits":	0,
					"snd_cwnd":	37648,
					"snd_wnd":	474496,
					"rtt":	108066,
					"rttvar":	2334,
					"pmtu":	1500,
					"omitted":	false,
					"sender":	true
				}],
			"sum":	{
				"start":	0,
				"end":	1.000119,
				"seconds":	1.0001189708709717,
				"bytes":	1310440,
				"bits_per_second":	10482272.914861556,
				"retransmits":	0,
				"omitted":	false,
				"sender":	true
			}
		}, {
			"streams":	[{
					"socket":	6,
					"start":	1.000119,
					"end":	2.00103,
					"seconds":	1.0009109973907471,
					"bytes":	0,
					"bits_per_second":	0,
					"retransmits":	0,
					"snd_cwnd":	23168,
					"snd_wnd":	474496,
					"rtt":	135936,
					"rttvar":	7453,
					"pmtu":	1500,
					"omitted":	false,
					"sender":	true
				}],
			"sum":	{
				"start":	1.000119,
				"end":	2.00103,
				"seconds":	1.0009109973907471,
				"bytes":	0,
				"bits_per_second":	0,
				"retransmits":	0,
				"omitted":	false,
				"sender":	true
			}
		}, {
			"streams":	[{
					"socket":	6,
					"start":	2.00103,
					"end":	3.000919,
					"seconds":	0.99988901615142822,
					"bytes":	260640,
					"bits_per_second":	2085351.4403284723,
					"retransmits":	0,
					"snd_cwnd":	23168,
					"snd_wnd":	474496,
					"rtt":	178982,
					"rttvar":	8101,
					"pmtu":	1500,
					"omitted":	false,
					"sender":	true
				}],
			"sum":	{
				"start":	2.00103,
				"end":	3.000919,
				"seconds":	0.99988901615142822,
				"bytes":	260640,
				"bits_per_second":	2085351.4403284723,
				"retransmits":	0,
				"omitted":	false,
				"sender":	true
			}
		}, {
			"streams":	[{
					"socket":	6,
					"start":	3.000919,
					"end":	4.001037,
					"seconds":	1.0001180171966553,
					"bytes":	0,
					"bits_per_second":	0,
					"retransmits":	0,
					"snd_cwnd":	26064,
					"snd_wnd":	474496,
					"rtt":	221403,
					"rttvar":	10753,
					"pmtu":	1500,
					"omitted":	false,
					"sender":	true
				}],
			"sum":	{
				"start":	3.000919,
				"end":	4.001037,
				"seconds":	1.0001180171966553,
				"bytes":	0,
				"bits_per_second":	0,
				"retransmits":	0,
				"omitted":	false,
				"sender":	true
			}
		}, {
			"streams":	[{
					"socket":	6,
					"start":	4.001037,
					"end":	5.000613,
					"seconds":	0.999575972557068,
					"bytes":	260640,
					"bits_per_second":	2086004.5231639021,
					"retransmits":	0,
					"snd_cwnd":	11584,
					"snd_wnd":	474496,
					"rtt":	263566,
					"rttvar":	12318,
					"pmtu":	1500,
					"omitted":	false,
					"sender":	true
				}],
			"sum":	{
				"start":	4.001037,
				"end":	5.000613,
				"seconds":	0.999575972557068,
				"bytes":	260640,
				"bits_per_second":	2086004.5231639021,
				"retransmits":	0,
				"omitted":	false,
				"sender":	true
			}
		}, {
			"streams":	[{
					"socket":	6,
					"start":	5.000613,
					"end":	6.001033,
					"seconds":	1.0004199743270874,
					"bytes":	0,
					"bits_per_second":	0,
					"retransmits":	0,
					"snd_cwnd":	11584,
					"snd_wnd":	474496,
					"rtt":	299234,
					"rttvar":	25200,
					"pmtu":	1500,
					"omitted":	false,
					"sender":	true
				}],
			"sum":	{
				"start":	5.000613,
				"end":	6.001033,
				"seconds":	1.0004199743270874,
				"bytes":	0,
				"bits_per_second":	0,
				"retransmits":	0,
				"omitted":	false,
				"sender":	true
			}
		}, {
			"streams":	[{
					"socket":	6,
					"start":	6.001033,
					"end":	7.001031,
					"seconds":	0.99999797344207764,
					"bytes":	0,
					"bits_per_second":	0,
					"retransmits":	0,
					"snd_cwnd":	11584,
					"snd_wnd":	474496,
					"rtt":	345859,
					"rttvar":	31037,
					"pmtu":	1500,
					"omitted":	false,
					"sender":	true
				}],
			"sum":	{
				"start":	6.001033,
				"end":	7.001031,
				"seconds":	0.99999797344207764,
				"bytes":	0,
				"bits_per_second":	0,
				"retransmits":	0,
				"omitted":	false,
				"sender":	true
			}
		}, {
			"streams":	[{
					"socket":	6,
					"start":	7.001031,
					"end":	8.001028,
					"seconds":	0.99999701976776123,
					"bytes":	0,
					"bits_per_second":	0,
					"retransmits":	0,
					"snd_cwnd":	11584,
					"snd_wnd":	474496,
					"rtt":	386417,
					"rttvar":	36880,
					"pmtu":	1500,
					"omitted":	false,
					"sender":	true
				}],
			"sum":	{
				"start":	7.001031,
				"end":	8.001028,
				"seconds":	0.99999701976776123,
				"bytes":	0,
				"bits_per_second":	0,
				"retransmits":	0,
				"omitted":	false,
				"sender":	true
			}
		}, {
			"streams":	[{
					"socket":	6,
					"start":	8.001028,
					"end":	9.001028,
					"seconds":	1,
					"bytes":	0,
					"bits_per_second":	0,
					"retransmits":	0,
					"snd_cwnd":	11584,
					"snd_wnd":	474496,
					"rtt":	436099,
					"rttvar":	39886,
					"pmtu":	1500,
					"omitted":	false,
					"sender":	true
				}],
			"sum":	{
				"start":	8.001028,
				"end":	9.001028,
				"seconds":	1,
				"bytes":	0,
				"bits_per_second":	0,
				"retransmits":	0,
				"omitted":	false,
				"sender":	true
			}
		}, {
			"streams":	[{
					"socket":	6,
					"start":	9.001028,
					"end":	10.001035,
					"seconds":	1.0000070333480835,
					"bytes":	0,
					"bits_per_second":	0,
					"retransmits":	0,
					"snd_cwnd":	8688,
					"snd_wnd":	474496,
					"rtt":	480818,
					"rttvar":	56995,
					"pmtu":	1500,
					"omitted":	false,
					"sender":	true
				}],
			"sum":	{
				"start":	9.001028,
				"end":	10.001035,
				"seconds":	1.0000070333480835,
				"bytes":	0,
				"bits_per_second":	0,
				"retransmits":	0,
				"omitted":	false,
				"sender":	true
			}
		}],
	"end":	{
		"streams":	[{
				"sender":	{
					"socket":	6,
					"start":	0,
					"end":	10.001035,
					"seconds":	10.001035,
					"bytes":	1831720,
					"bits_per_second":	1465224.3492798496,
					"retransmits":	0,
					"max_snd_cwnd":	37648,
					"max_snd_wnd":	474496,
					"max_rtt":	480818,
					"min_rtt":	108066,
					"mean_rtt":	285638,
					"sender":	true
				},
				"receiver":	{
					"socket":	6,
					"start":	0,
					"end":	10.534723,
					"seconds":	10.001035,
					"bytes":	1353880,
					"bits_per_second":	1028127.6498679653,
					"sender":	true
				}
			}],
		"sum_sent":	{
			"start":	0,
			"end":	10.001035,
			"seconds":	10.001035,
			"bytes":	1831720,
			"bits_per_second":	1465224.3492798496,
			"retransmits":	0,
			"sender":	true
		},
		"sum_received":	{
			"start":	0,
			"end":	10.534723,
			"seconds":	10.534723,
			"bytes":	1353880,
			"bits_per_second":	1028127.6498679653,
			"sender":	true
		},
		"cpu_utilization_percent":	{
			"host_total":	0.068269097985812169,
			"host_user":	0.0013769563756273133,
			"host_system":	0.066892141610184849,
			"remote_total":	0.13443141453894447,
			"remote_user":	0.016118100684022578,
			"remote_system":	0.1183133138549219
		},
		"sender_tcp_congestion":	"bbr",
		"receiver_tcp_congestion":	"bbr"
	}
}
