{
	"start":	{
		"connected":	[{
				"socket":	6,
				"local_host":	"192.168.101.210",
				"local_port":	43650,
				"remote_host":	"192.168.100.168",
				"remote_port":	5201
			}],
		"version":	"iperf 3.11",
		"system_info":	"Linux f1 6.0.10-300.fc37.x86_64 #1 SMP PREEMPT_DYNAMIC Sat Nov 26 16:55:13 UTC 2022 x86_64",
		"timestamp":	{
			"time":	"Fri, 09 Dec 2022 22:56:00 GMT",
			"timesecs":	1670626560
		},
		"connecting_to":	{
			"host":	"192.168.100.168",
			"port":	5201
		},
		"cookie":	"fnipiv2fxznqoezf6mptcarpwz4umeiyqzhg",
		"tcp_mss_default":	1448,
		"target_bitrate":	0,
		"sock_bufsize":	0,
		"sndbuf_actual":	16384,
		"rcvbuf_actual":	131072,
		"test_start":	{
			"protocol":	"TCP",
			"num_streams":	1,
			"blksize":	131072,
			"omit":	0,
			"duration":	10,
			"bytes":	0,
			"blocks":	0,
			"reverse":	0,
			"tos":	0,
			"target_bitrate":	0
		}
	},
	"intervals":	[{
			"streams":	[{
					"socket":	6,
					"start":	0,
					"end":	1.000124,
					"seconds":	1.0001239776611328,
					"bytes":	2758440,
					"bits_per_second":	22064784.4596293,
					"retransmits":	0,
					"snd_cwnd":	227336,
					"snd_wnd":	699776,
					"rtt":	106141,
					"rttvar":	655,
					"pmtu":	1500,
					"omitted":	false,
					"sender":	true
				}],
			"sum":	{
				"start":	0,
				"end":	1.000124,
				"seconds":	1.0001239776611328,
				"bytes":	2758440,
				"bits_per_second":	22064784.4596293,
				"retransmits":	0,
				"omitted":	false,
				"sender":	true
			}
		}, {
			"streams":	[{
					"socket":	6,
					"start":	1.000124,
					"end":	2.000081,
					"seconds":	0.999957025051117,
					"bytes":	2997360,
					"bits_per_second":	23979910.535429481,
					"retransmits":	0,
					"snd_cwnd":	337384,
					"snd_wnd":	744704,
					"rtt":	143278,
					"rttvar":	416,
					"pmtu":	1500,
					"omitted":	false,
					"sender":	true
				}],
			"sum":	{
				"start":	1.000124,
				"end":	2.000081,
				"seconds":	0.999957025051117,
				"bytes":	2997360,
				"bits_per_second":	23979910.535429481,
				"retransmits":	0,
				"omitted":	false,
				"sender":	true
			}
		}, {
			"streams":	[{
					"socket":	6,
					"start":	2.000081,
					"end":	3.000177,
					"seconds":	1.0000959634780884,
					"bytes":	2541240,
					"bits_per_second":	20327969.257367589,
					"retransmits":	0,
					"snd_cwnd":	450328,
					"snd_wnd":	953344,
					"rtt":	187950,
					"rttvar":	600,
					"pmtu":	1500,
					"omitted":	false,
					"sender":	true
				}],
			"sum":	{
				"start":	2.000081,
				"end":	3.000177,
				"seconds":	1.0000959634780884,
				"bytes":	2541240,
				"bits_per_second":	20327969.257367589,
				"retransmits":	0,
				"omitted":	false,
				"sender":	true
			}
		}, {
			"streams":	[{
					"socket":	6,
					"start":	3.000177,
					"end":	4.000097,
					"seconds":	0.99992001056671143,
					"bytes":	3127680,
					"bits_per_second":	25023441.610913388,
					"retransmits":	0,
					"snd_cwnd":	564720,
					"snd_wnd":	1198080,
					"rtt":	233292,
					"rttvar":	347,
					"pmtu":	1500,
					"omitted":	false,
					"sender":	true
				}],
			"sum":	{
				"start":	3.000177,
				"end":	4.000097,
				"seconds":	0.99992001056671143,
				"bytes":	3127680,
				"bits_per_second":	25023441.610913388,
				"retransmits":	0,
				"omitted":	false,
				"sender":	true
			}
		}, {
			"streams":	[{
					"socket":	6,
					"start":	4.000097,
					"end":	5.000211,
					"seconds":	1.0001139640808105,
					"bytes":	2468912,
					"bits_per_second":	19749045.318203427,
					"retransmits":	0,
					"snd_cwnd":	679112,
					"snd_wnd":	1466624,
					"rtt":	274812,
					"rttvar":	210,
					"pmtu":	1500,
					"omitted":	false,
					"sender":	true
				}],
			"sum":	{
				"start":	4.000097,
				"end":	5.000211,
				"seconds":	1.0001139640808105,
				"bytes":	2468912,
				"bits_per_second":	19749045.318203427,
				"retransmits":	0,
				"omitted":	false,
				"sender":	true
			}
		}, {
			"streams":	[{
					"socket":	6,
					"start":	5.000211,
					"end":	6.000175,
					"seconds":	0.99996399879455566,
					"bytes":	2621440,
					"bits_per_second":	20972275.02718189,
					"retransmits":	0,
					"snd_cwnd":	797848,
					"snd_wnd":	1686912,
					"rtt":	321511,
					"rttvar":	271,
					"pmtu":	1500,
					"omitted":	false,
					"sender":	true
				}],
			"sum":	{
				"start":	5.000211,
				"end":	6.000175,
				"seconds":	0.99996399879455566,
				"bytes":	2621440,
				"bits_per_second":	20972275.02718189,
				"retransmits":	0,
				"omitted":	false,
				"sender":	true
			}
		}, {
			"streams":	[{
					"socket":	6,
					"start":	6.000175,
					"end":	7.000604,
					"seconds":	1.0004290342330933,
					"bytes":	1310720,
					"bits_per_second":	10481263.179290025,
					"retransmits":	0,
					"snd_cwnd":	915136,
					"snd_wnd":	1944960,
					"rtt":	368905,
					"rttvar":	739,
					"pmtu":	1500,
					"omitted":	false,
					"sender":	true
				}],
			"sum":	{
				"start":	6.000175,
				"end":	7.000604,
				"seconds":	1.0004290342330933,
				"bytes":	1310720,
				"bits_per_second":	10481263.179290025,
				"retransmits":	0,
				"omitted":	false,
				"sender":	true
			}
		}, {
			"streams":	[{
					"socket":	6,
					"start":	7.000604,
					"end":	8.000467,
					"seconds":	0.999863028526306,
					"bytes":	2621440,
					"bits_per_second":	20974392.893504456,
					"retransmits":	0,
					"snd_cwnd":	1033872,
					"snd_wnd":	2242304,
					"rtt":	415471,
					"rttvar":	744,
					"pmtu":	1500,
					"omitted":	false,
					"sender":	true
				}],
			"sum":	{
				"start":	7.000604,
				"end":	8.000467,
				"seconds":	0.999863028526306,
				"bytes":	2621440,
				"bits_per_second":	20974392.893504456,
				"retransmits":	0,
				"omitted":	false,
				"sender":	true
			}
		}, {
			"streams":	[{
					"socket":	6,
					"start":	8.000467,
					"end":	9.000363,
					"seconds":	0.999895989894867,
					"bytes":	2621440,
					"bits_per_second":	20973701.476895642,
					"retransmits":	0,
					"snd_cwnd":	1151160,
					"snd_wnd":	2459776,
					"rtt":	462428,
					"rttvar":	433,
					"pmtu":	1500,
					"omitted":	false,
					"sender":	true
				}],
			"sum":	{
				"start":	8.000467,
				"end":	9.000363,
				"seconds":	0.999895989894867,
				"bytes":	2621440,
				"bits_per_second":	20973701.476895642,
				"retransmits":	0,
				"omitted":	false,
				"sender":	true
			}
		}, {
			"streams":	[{
					"socket":	6,
					"start":	9.000363,
					"end":	10.000223,
					"seconds":	0.99985998868942261,
					"bytes":	2621440,
					"bits_per_second":	20974456.661165778,
					"retransmits":	0,
					"snd_cwnd":	1269896,
					"snd_wnd":	2729856,
					"rtt":	508514,
					"rttvar":	677,
					"pmtu":	1500,
					"omitted":	false,
					"sender":	true
				}],
			"sum":	{
				"start":	9.000363,
				"end":	10.000223,
				"seconds":	0.99985998868942261,
				"bytes":	2621440,
				"bits_per_second":	20974456.661165778,
				"retransmits":	0,
				"omitted":	false,
				"sender":	true
			}
		}],
	"end":	{
		"streams":	[{
				"sender":	{
					"socket":	6,
					"start":	0,
					"end":	10.000223,
					"seconds":	10.000223,
					"bytes":	25690112,
					"bits_per_second":	20551631.298622042,
					"retransmits":	0,
					"max_snd_cwnd":	1269896,
					"max_snd_wnd":	2729856,
					"max_rtt":	508514,
					"min_rtt":	106141,
					"mean_rtt":	302230,
					"sender":	true
				},
				"receiver":	{
					"socket":	6,
					"start":	0,
					"end":	10.534322,
					"seconds":	10.000223,
					"bytes":	23839872,
					"bits_per_second":	18104532.593554668,
					"sender":	true
				}
			}],
		"sum_sent":	{
			"start":	0,
			"end":	10.000223,
			"seconds":	10.000223,
			"bytes":	25690112,
			"bits_per_second":	20551631.298622042,
			"retransmits":	0,
			"sender":	true
		},
		"sum_received":	{
			"start":	0,
			"end":	10.534322,
			"seconds":	10.534322,
			"bytes":	23839872,
			"bits_per_second":	18104532.593554668,
			"sender":	true
		},
		"cpu_utilization_percent":	{
			"host_total":	0.1092382666397529,
			"host_user":	0.016313898972962732,
			"host_system":	0.092924367666790159,
			"remote_total":	1.941650248928789,
			"remote_user":	0.22226361067966494,
			"remote_system":	1.7193866382491239
		},
		"sender_tcp_congestion":	"cubic",
		"receiver_tcp_congestion":	"cubic"
	}
}
