{
	"start":	{
		"connected":	[{
				"socket":	6,
				"local_host":	"192.168.101.210",
				"local_port":	58998,
				"remote_host":	"192.168.100.168",
				"remote_port":	5202
			}],
		"version":	"iperf 3.11",
		"system_info":	"Linux f1 6.0.10-300.fc37.x86_64 #1 SMP PREEMPT_DYNAMIC Sat Nov 26 16:55:13 UTC 2022 x86_64",
		"timestamp":	{
			"time":	"Fri, 09 Dec 2022 23:01:05 GMT",
			"timesecs":	1670626865
		},
		"connecting_to":	{
			"host":	"192.168.100.168",
			"port":	5202
		},
		"cookie":	"rtiod36flp5wkpmkyc5txegbnj27enyfksg2",
		"tcp_mss_default":	1448,
		"target_bitrate":	0,
		"sock_bufsize":	0,
		"sndbuf_actual":	16384,
		"rcvbuf_actual":	131072,
		"test_start":	{
			"protocol":	"TCP",
			"num_streams":	1,
			"blksize":	131072,
			"omit":	0,
			"duration":	10,
			"bytes":	0,
			"blocks":	0,
			"reverse":	0,
			"tos":	0,
			"target_bitrate":	0
		}
	},
	"intervals":	[{
			"streams":	[{
					"socket":	6,
					"start":	0,
					"end":	1.000392,
					"seconds":	1.000391960144043,
					"bytes":	2639704,
					"bits_per_second":	21109357.973008245,
					"retransmits":	0,
					"snd_cwnd":	296840,
					"snd_wnd":	914048,
					"rtt":	321102,
					"rttvar":	9618,
					"pmtu":	1500,
					"omitted":	false,
					"sender":	true
				}],
			"sum":	{
				"start":	0,
				"end":	1.000392,
				"seconds":	1.000391960144043,
				"bytes":	2639704,
				"bits_per_second":	21109357.973008245,
				"retransmits":	0,
				"omitted":	false,
				"sender":	true
			}
		}, {
			"streams":	[{
					"socket":	6,
					"start":	1.000392,
					"end":	2.000544,
					"seconds":	1.0001519918441772,
					"bytes":	912240,
					"bits_per_second":	7296810.94424797,
					"retransmits":	0,
					"snd_cwnd":	286704,
					"snd_wnd":	1205504,
					"rtt":	327632,
					"rttvar":	8489,
					"pmtu":	1500,
					"omitted":	false,
					"sender":	true
				}],
			"sum":	{
				"start":	1.000392,
				"end":	2.000544,
				"seconds":	1.0001519918441772,
				"bytes":	912240,
				"bits_per_second":	7296810.94424797,
				"retransmits":	0,
				"omitted":	false,
				"sender":	true
			}
		}, {
			"streams":	[{
					"socket":	6,
					"start":	2.000544,
					"end":	3.000885,
					"seconds":	1.0003410577774048,
					"bytes":	1107720,
					"bits_per_second":	8858738.6582825966,
					"retransmits":	0,
					"snd_cwnd":	289600,
					"snd_wnd":	1205504,
					"rtt":	391581,
					"rttvar":	1077,
					"pmtu":	1500,
					"omitted":	false,
					"sender":	true
				}],
			"sum":	{
				"start":	2.000544,
				"end":	3.000885,
				"seconds":	1.0003410577774048,
				"bytes":	1107720,
				"bits_per_second":	8858738.6582825966,
				"retransmits":	0,
				"omitted":	false,
				"sender":	true
			}
		}, {
			"streams":	[{
					"socket":	6,
					"start":	3.000885,
					"end":	4.00025,
					"seconds":	0.999364972114563,
					"bytes":	1107720,
					"bits_per_second":	8867391.0405818429,
					"retransmits":	0,
					"snd_cwnd":	222992,
					"snd_wnd":	1205504,
					"rtt":	425813,
					"rttvar":	1351,
					"pmtu":	1500,
					"omitted":	false,
					"sender":	true
				}],
			"sum":	{
				"start":	3.000885,
				"end":	4.00025,
				"seconds":	0.999364972114563,
				"bytes":	1107720,
				"bits_per_second":	8867391.0405818429,
				"retransmits":	0,
				"omitted":	false,
				"sender":	true
			}
		}, {
			"streams":	[{
					"socket":	6,
					"start":	4.00025,
					"end":	5.00103,
					"seconds":	1.0007799863815308,
					"bytes":	0,
					"bits_per_second":	0,
					"retransmits":	0,
					"snd_cwnd":	196928,
					"snd_wnd":	1205504,
					"rtt":	435602,
					"rttvar":	1159,
					"pmtu":	1500,
					"omitted":	false,
					"sender":	true
				}],
			"sum":	{
				"start":	4.00025,
				"end":	5.00103,
				"seconds":	1.0007799863815308,
				"bytes":	0,
				"bits_per_second":	0,
				"retransmits":	0,
				"omitted":	false,
				"sender":	true
			}
		}, {
			"streams":	[{
					"socket":	6,
					"start":	5.00103,
					"end":	6.00013,
					"seconds":	0.99910002946853638,
					"bytes":	1107720,
					"bits_per_second":	8869742.50687786,
					"retransmits":	0,
					"snd_cwnd":	196928,
					"snd_wnd":	1205504,
					"rtt":	463309,
					"rttvar":	1373,
					"pmtu":	1500,
					"omitted":	false,
					"sender":	true
				}],
			"sum":	{
				"start":	5.00103,
				"end":	6.00013,
				"seconds":	0.99910002946853638,
				"bytes":	1107720,
				"bits_per_second":	8869742.50687786,
				"retransmits":	0,
				"omitted":	false,
				"sender":	true
			}
		}, {
			"streams":	[{
					"socket":	6,
					"start":	6.00013,
					"end":	7.00103,
					"seconds":	1.0009000301361084,
					"bytes":	0,
					"bits_per_second":	0,
					"retransmits":	0,
					"snd_cwnd":	167968,
					"snd_wnd":	1205504,
					"rtt":	491124,
					"rttvar":	1091,
					"pmtu":	1500,
					"omitted":	false,
					"sender":	true
				}],
			"sum":	{
				"start":	6.00013,
				"end":	7.00103,
				"seconds":	1.0009000301361084,
				"bytes":	0,
				"bits_per_second":	0,
				"retransmits":	0,
				"omitted":	false,
				"sender":	true
			}
		}, {
			"streams":	[{
					"socket":	6,
					"start":	7.00103,
					"end":	8.001034,
					"seconds":	1.0000040531158447,
					"bytes":	0,
					"bits_per_second":	0,
					"retransmits":	0,
					"snd_cwnd":	124528,
					"snd_wnd":	1205504,
					"rtt":	532107,
					"rttvar":	1862,
					"pmtu":	1500,
					"omitted":	false,
					"sender":	true
				}],
			"sum":	{
				"start":	7.00103,
				"end":	8.001034,
				"seconds":	1.0000040531158447,
				"bytes":	0,
				"bits_per_second":	0,
				"retransmits":	0,
				"omitted":	false,
				"sender":	true
			}
		}, {
			"streams":	[{
					"socket":	6,
					"start":	8.001034,
					"end":	9.001024,
					"seconds":	0.99998998641967773,
					"bytes":	0,
					"bits_per_second":	0,
					"retransmits":	0,
					"snd_cwnd":	121632,
					"snd_wnd":	1205504,
					"rtt":	550437,
					"rttvar":	9417,
					"pmtu":	1500,
					"omitted":	false,
					"sender":	true
				}],
			"sum":	{
				"start":	8.001034,
				"end":	9.001024,
				"seconds":	0.99998998641967773,
				"bytes":	0,
				"bits_per_second":	0,
				"retransmits":	0,
				"omitted":	false,
				"sender":	true
			}
		}, {
			"streams":	[{
					"socket":	6,
					"start":	9.001024,
					"end":	10.000422,
					"seconds":	0.99939799308776855,
					"bytes":	1107720,
					"bits_per_second":	8867098.0543201342,
					"retransmits":	0,
					"snd_cwnd":	121632,
					"snd_wnd":	1205504,
					"rtt":	590762,
					"rttvar":	2050,
					"pmtu":	1500,
					"omitted":	false,
					"sender":	true
				}],
			"sum":	{
				"start":	9.001024,
				"end":	10.000422,
				"seconds":	0.99939799308776855,
				"bytes":	1107720,
				"bits_per_second":	8867098.0543201342,
				"retransmits":	0,
				"omitted":	false,
				"sender":	true
			}
		}],
	"end":	{
		"streams":	[{
				"sender":	{
					"socket":	6,
					"start":	0,
					"end":	10.000422,
					"seconds":	10.000422,
					"bytes":	7982824,
					"bits_per_second":	6385989.7112341858,
					"retransmits":	0,
					"max_snd_cwnd":	296840,
					"max_snd_wnd":	1205504,
					"max_rtt":	590762,
					"min_rtt":	321102,
					"mean_rtt":	452946,
					"sender":	true
				},
				"receiver":	{
					"socket":	6,
					"start":	0,
					"end":	10.630331,
					"seconds":	10.000422,
					"bytes":	4934784,
					"bits_per_second":	3713738.7349462588,
					"sender":	true
				}
			}],
		"sum_sent":	{
			"start":	0,
			"end":	10.000422,
			"seconds":	10.000422,
			"bytes":	7982824,
			"bits_per_second":	6385989.7112341858,
			"retransmits":	0,
			"sender":	true
		},
		"sum_received":	{
			"start":	0,
			"end":	10.630331,
			"seconds":	10.630331,
			"bytes":	4934784,
			"bits_per_second":	3713738.7349462588,
			"sender":	true
		},
		"cpu_utilization_percent":	{
			"host_total":	0.98411028080204321,
			"host_user":	0.17336284209310951,
			"host_system":	0.810757052352925,
			"remote_total":	0.41532052020141591,
			"remote_user":	0.036207671172259336,
			"remote_system":	0.37912225606245664
		},
		"sender_tcp_congestion":	"bbr",
		"receiver_tcp_congestion":	"bbr"
	}
}
