{
	"start":	{
		"connected":	[{
				"socket":	6,
				"local_host":	"192.168.101.210",
				"local_port":	50208,
				"remote_host":	"192.168.100.168",
				"remote_port":	5202
			}],
		"version":	"iperf 3.11",
		"system_info":	"Linux f1 6.0.10-300.fc37.x86_64 #1 SMP PREEMPT_DYNAMIC Sat Nov 26 16:55:13 UTC 2022 x86_64",
		"timestamp":	{
			"time":	"Fri, 09 Dec 2022 23:00:15 GMT",
			"timesecs":	1670626815
		},
		"connecting_to":	{
			"host":	"192.168.100.168",
			"port":	5202
		},
		"cookie":	"g7itt7jnzms52wgtdasry7opeia2mqy6cock",
		"tcp_mss_default":	1448,
		"target_bitrate":	0,
		"sock_bufsize":	0,
		"sndbuf_actual":	16384,
		"rcvbuf_actual":	131072,
		"test_start":	{
			"protocol":	"TCP",
			"num_streams":	1,
			"blksize":	131072,
			"omit":	0,
			"duration":	10,
			"bytes":	0,
			"blocks":	0,
			"reverse":	0,
			"tos":	0,
			"target_bitrate":	0
		}
	},
	"intervals":	[{
			"streams":	[{
					"socket":	6,
					"start":	0,
					"end":	1.000046,
					"seconds":	1.0000460147857666,
					"bytes":	3454928,
					"bits_per_second":	27638152.236345861,
					"retransmits":	0,
					"snd_cwnd":	302632,
					"snd_wnd":	1272576,
					"rtt":	218500,
					"rttvar":	269,
					"pmtu":	1500,
					"omitted":	false,
					"sender":	true
				}],
			"sum":	{
				"start":	0,
				"end":	1.000046,
				"seconds":	1.0000460147857666,
				"bytes":	3454928,
				"bits_per_second":	27638152.236345861,
				"retransmits":	0,
				"omitted":	false,
				"sender":	true
			}
		}, {
			"streams":	[{
					"socket":	6,
					"start":	1.000046,
					"end":	2.000585,
					"seconds":	1.0005389451980591,
					"bytes":	1107720,
					"bits_per_second":	8856986.56961903,
					"retransmits":	0,
					"snd_cwnd":	266432,
					"snd_wnd":	1272704,
					"rtt":	233065,
					"rttvar":	476,
					"pmtu":	1500,
					"omitted":	false,
					"sender":	true
				}],
			"sum":	{
				"start":	1.000046,
				"end":	2.000585,
				"seconds":	1.0005389451980591,
				"bytes":	1107720,
				"bits_per_second":	8856986.56961903,
				"retransmits":	0,
				"omitted":	false,
				"sender":	true
			}
		}, {
			"streams":	[{
					"socket":	6,
					"start":	2.000585,
					"end":	3.000568,
					"seconds":	0.999983012676239,
					"bytes":	1107720,
					"bits_per_second":	8861910.5401434861,
					"retransmits":	0,
					"snd_cwnd":	251952,
					"snd_wnd":	1272704,
					"rtt":	255226,
					"rttvar":	533,
					"pmtu":	1500,
					"omitted":	false,
					"sender":	true
				}],
			"sum":	{
				"start":	2.000585,
				"end":	3.000568,
				"seconds":	0.999983012676239,
				"bytes":	1107720,
				"bits_per_second":	8861910.5401434861,
				"retransmits":	0,
				"omitted":	false,
				"sender":	true
			}
		}, {
			"streams":	[{
					"socket":	6,
					"start":	3.000568,
					"end":	4.000436,
					"seconds":	0.99986797571182251,
					"bytes":	1107720,
					"bits_per_second":	8862930.12204053,
					"retransmits":	0,
					"snd_cwnd":	196928,
					"snd_wnd":	1272704,
					"rtt":	260459,
					"rttvar":	555,
					"pmtu":	1500,
					"omitted":	false,
					"sender":	true
				}],
			"sum":	{
				"start":	3.000568,
				"end":	4.000436,
				"seconds":	0.99986797571182251,
				"bytes":	1107720,
				"bits_per_second":	8862930.12204053,
				"retransmits":	0,
				"omitted":	false,
				"sender":	true
			}
		}, {
			"streams":	[{
					"socket":	6,
					"start":	4.000436,
					"end":	5.00103,
					"seconds":	1.0005940198898315,
					"bytes":	0,
					"bits_per_second":	0,
					"retransmits":	0,
					"snd_cwnd":	188240,
					"snd_wnd":	1272704,
					"rtt":	291828,
					"rttvar":	1066,
					"pmtu":	1500,
					"omitted":	false,
					"sender":	true
				}],
			"sum":	{
				"start":	4.000436,
				"end":	5.00103,
				"seconds":	1.0005940198898315,
				"bytes":	0,
				"bits_per_second":	0,
				"retransmits":	0,
				"omitted":	false,
				"sender":	true
			}
		}, {
			"streams":	[{
					"socket":	6,
					"start":	5.00103,
					"end":	6.000889,
					"seconds":	0.99985897541046143,
					"bytes":	1107720,
					"bits_per_second":	8863009.90233355,
					"retransmits":	0,
					"snd_cwnd":	159280,
					"snd_wnd":	1272704,
					"rtt":	311675,
					"rttvar":	1675,
					"pmtu":	1500,
					"omitted":	false,
					"sender":	true
				}],
			"sum":	{
				"start":	5.00103,
				"end":	6.000889,
				"seconds":	0.99985897541046143,
				"bytes":	1107720,
				"bits_per_second":	8863009.90233355,
				"retransmits":	0,
				"omitted":	false,
				"sender":	true
			}
		}, {
			"streams":	[{
					"socket":	6,
					"start":	6.000889,
					"end":	7.001054,
					"seconds":	1.0001649856567383,
					"bytes":	0,
					"bits_per_second":	0,
					"retransmits":	0,
					"snd_cwnd":	127424,
					"snd_wnd":	1272704,
					"rtt":	350868,
					"rttvar":	1833,
					"pmtu":	1500,
					"omitted":	false,
					"sender":	true
				}],
			"sum":	{
				"start":	6.000889,
				"end":	7.001054,
				"seconds":	1.0001649856567383,
				"bytes":	0,
				"bits_per_second":	0,
				"retransmits":	0,
				"omitted":	false,
				"sender":	true
			}
		}, {
			"streams":	[{
					"socket":	6,
					"start":	7.001054,
					"end":	8.0005,
					"seconds":	0.99944597482681274,
					"bytes":	1107720,
					"bits_per_second":	8866672.35968967,
					"retransmits":	0,
					"snd_cwnd":	127424,
					"snd_wnd":	1272704,
					"rtt":	381313,
					"rttvar":	1253,
					"pmtu":	1500,
					"omitted":	false,
					"sender":	true
				}],
			"sum":	{
				"start":	7.001054,
				"end":	8.0005,
				"seconds":	0.99944597482681274,
				"bytes":	1107720,
				"bits_per_second":	8866672.35968967,
				"retransmits":	0,
				"omitted":	false,
				"sender":	true
			}
		}, {
			"streams":	[{
					"socket":	6,
					"start":	8.0005,
					"end":	9.001035,
					"seconds":	1.0005350112915039,
					"bytes":	0,
					"bits_per_second":	0,
					"retransmits":	0,
					"snd_cwnd":	118736,
					"snd_wnd":	1272704,
					"rtt":	413613,
					"rttvar":	2082,
					"pmtu":	1500,
					"omitted":	false,
					"sender":	true
				}],
			"sum":	{
				"start":	8.0005,
				"end":	9.001035,
				"seconds":	1.0005350112915039,
				"bytes":	0,
				"bits_per_second":	0,
				"retransmits":	0,
				"omitted":	false,
				"sender":	true
			}
		}, {
			"streams":	[{
					"socket":	6,
					"start":	9.001035,
					"end":	10.001047,
					"seconds":	1.0000120401382446,
					"bytes":	0,
					"bits_per_second":	0,
					"retransmits":	0,
					"snd_cwnd":	92672,
					"snd_wnd":	1272704,
					"rtt":	441749,
					"rttvar":	8897,
					"pmtu":	1500,
					"omitted":	false,
					"sender":	true
				}],
			"sum":	{
				"start":	9.001035,
				"end":	10.001047,
				"seconds":	1.0000120401382446,
				"bytes":	0,
				"bits_per_second":	0,
				"retransmits":	0,
				"omitted":	false,
				"sender":	true
			}
		}],
	"end":	{
		"streams":	[{
				"sender":	{
					"socket":	6,
					"start":	0,
					"end":	10.001047,
					"seconds":	10.001047,
					"bytes":	8993528,
					"bits_per_second":	7194069.1809567539,
					"retransmits":	0,
					"max_snd_cwnd":	302632,
					"max_snd_wnd":	1272704,
					"max_rtt":	441749,
					"min_rtt":	218500,
					"mean_rtt":	315829,
					"sender":	true
				},
				"receiver":	{
					"socket":	6,
					"start":	0,
					"end":	10.47497,
					"seconds":	10.001047,
					"bytes":	6591296,
					"bits_per_second":	5033939.7630733065,
					"sender":	true
				}
			}],
		"sum_sent":	{
			"start":	0,
			"end":	10.001047,
			"seconds":	10.001047,
			"bytes":	8993528,
			"bits_per_second":	7194069.1809567539,
			"retransmits":	0,
			"sender":	true
		},
		"sum_received":	{
			"start":	0,
			"end":	10.47497,
			"seconds":	10.47497,
			"bytes":	6591296,
			"bits_per_second":	5033939.7630733065,
			"sender":	true
		},
		"cpu_utilization_percent":	{
			"host_total":	0.75670410132458155,
			"host_user":	0.100761227242823,
			"host_system":	0.655952580393987,
			"remote_total":	0.60903149138443247,
			"remote_user":	0.061355655450619911,
			"remote_system":	0.547685382480483
		},
		"sender_tcp_congestion":	"bbr",
		"receiver_tcp_congestion":	"bbr"
	}
}
