{
	"start":	{
		"connected":	[{
				"socket":	6,
				"local_host":	"192.168.101.210",
				"local_port":	36990,
				"remote_host":	"192.168.100.168",
				"remote_port":	5201
			}],
		"version":	"iperf 3.11",
		"system_info":	"Linux f1 6.0.10-300.fc37.x86_64 #1 SMP PREEMPT_DYNAMIC Sat Nov 26 16:55:13 UTC 2022 x86_64",
		"timestamp":	{
			"time":	"Fri, 09 Dec 2022 23:01:31 GMT",
			"timesecs":	1670626891
		},
		"connecting_to":	{
			"host":	"192.168.100.168",
			"port":	5201
		},
		"cookie":	"snzzxcwij7yqqbuj6q5ng6lvtipecggmpre7",
		"tcp_mss_default":	1448,
		"target_bitrate":	0,
		"sock_bufsize":	0,
		"sndbuf_actual":	16384,
		"rcvbuf_actual":	131072,
		"test_start":	{
			"protocol":	"TCP",
			"num_streams":	1,
			"blksize":	131072,
			"omit":	0,
			"duration":	10,
			"bytes":	0,
			"blocks":	0,
			"reverse":	0,
			"tos":	0,
			"target_bitrate":	0
		}
	},
	"intervals":	[{
			"streams":	[{
					"socket":	6,
					"start":	0,
					"end":	1.000219,
					"seconds":	1.0002189874649048,
					"bytes":	2428296,
					"bits_per_second":	19422114.800316788,
					"retransmits":	85,
					"snd_cwnd":	266432,
					"snd_wnd":	922368,
					"rtt":	190617,
					"rttvar":	1151,
					"pmtu":	1500,
					"omitted":	false,
					"sender":	true
				}],
			"sum":	{
				"start":	0,
				"end":	1.000219,
				"seconds":	1.0002189874649048,
				"bytes":	2428296,
				"bits_per_second":	19422114.800316788,
				"retransmits":	85,
				"omitted":	false,
				"sender":	true
			}
		}, {
			"streams":	[{
					"socket":	6,
					"start":	1.000219,
					"end":	2.001027,
					"seconds":	1.0008080005645752,
					"bytes":	0,
					"bits_per_second":	0,
					"retransmits":	128,
					"snd_cwnd":	120184,
					"snd_wnd":	2181120,
					"rtt":	189637,
					"rttvar":	130,
					"pmtu":	1500,
					"omitted":	false,
					"sender":	true
				}],
			"sum":	{
				"start":	1.000219,
				"end":	2.001027,
				"seconds":	1.0008080005645752,
				"bytes":	0,
				"bits_per_second":	0,
				"retransmits":	128,
				"omitted":	false,
				"sender":	true
			}
		}, {
			"streams":	[{
					"socket":	6,
					"start":	2.001027,
					"end":	3.000805,
					"seconds":	0.99977797269821167,
					"bytes":	1042560,
					"bits_per_second":	8342332.2255146531,
					"retransmits":	39,
					"snd_cwnd":	97016,
					"snd_wnd":	3021824,
					"rtt":	184937,
					"rttvar":	1320,
					"pmtu":	1500,
					"omitted":	false,
					"sender":	true
				}],
			"sum":	{
				"start":	2.001027,
				"end":	3.000805,
				"seconds":	0.99977797269821167,
				"bytes":	1042560,
				"bits_per_second":	8342332.2255146531,
				"retransmits":	39,
				"omitted":	false,
				"sender":	true
			}
		}, {
			"streams":	[{
					"socket":	6,
					"start":	3.000805,
					"end":	4.000968,
					"seconds":	1.0001629590988159,
					"bytes":	912240,
					"bits_per_second":	7296730.9313031323,
					"retransmits":	0,
					"snd_cwnd":	110048,
					"snd_wnd":	3144320,
					"rtt":	188766,
					"rttvar":	910,
					"pmtu":	1500,
					"omitted":	false,
					"sender":	true
				}],
			"sum":	{
				"start":	3.000805,
				"end":	4.000968,
				"seconds":	1.0001629590988159,
				"bytes":	912240,
				"bits_per_second":	7296730.9313031323,
				"retransmits":	0,
				"omitted":	false,
				"sender":	true
			}
		}, {
			"streams":	[{
					"socket":	6,
					"start":	4.000968,
					"end":	5.000481,
					"seconds":	0.99951297044754028,
					"bytes":	781920,
					"bits_per_second":	6258408.0296617961,
					"retransmits":	30,
					"snd_cwnd":	85432,
					"snd_wnd":	3144320,
					"rtt":	181451,
					"rttvar":	4293,
					"pmtu":	1500,
					"omitted":	false,
					"sender":	true
				}],
			"sum":	{
				"start":	4.000968,
				"end":	5.000481,
				"seconds":	0.99951297044754028,
				"bytes":	781920,
				"bits_per_second":	6258408.0296617961,
				"retransmits":	30,
				"omitted":	false,
				"sender":	true
			}
		}, {
			"streams":	[{
					"socket":	6,
					"start":	5.000481,
					"end":	6.001025,
					"seconds":	1.00054395198822,
					"bytes":	0,
					"bits_per_second":	0,
					"retransmits":	32,
					"snd_cwnd":	66608,
					"snd_wnd":	3144320,
					"rtt":	169005,
					"rttvar":	3556,
					"pmtu":	1500,
					"omitted":	false,
					"sender":	true
				}],
			"sum":	{
				"start":	5.000481,
				"end":	6.001025,
				"seconds":	1.00054395198822,
				"bytes":	0,
				"bits_per_second":	0,
				"retransmits":	32,
				"omitted":	false,
				"sender":	true
			}
		}, {
			"streams":	[{
					"socket":	6,
					"start":	6.001025,
					"end":	7.000174,
					"seconds":	0.99914902448654175,
					"bytes":	781920,
					"bits_per_second":	6260687.6919232365,
					"retransmits":	23,
					"snd_cwnd":	33304,
					"snd_wnd":	3144320,
					"rtt":	165678,
					"rttvar":	5029,
					"pmtu":	1500,
					"omitted":	false,
					"sender":	true
				}],
			"sum":	{
				"start":	6.001025,
				"end":	7.000174,
				"seconds":	0.99914902448654175,
				"bytes":	781920,
				"bits_per_second":	6260687.6919232365,
				"retransmits":	23,
				"omitted":	false,
				"sender":	true
			}
		}, {
			"streams":	[{
					"socket":	6,
					"start":	7.000174,
					"end":	8.001024,
					"seconds":	1.0008499622344971,
					"bytes":	0,
					"bits_per_second":	0,
					"retransmits":	8,
					"snd_cwnd":	26064,
					"snd_wnd":	3145728,
					"rtt":	158831,
					"rttvar":	5118,
					"pmtu":	1500,
					"omitted":	false,
					"sender":	true
				}],
			"sum":	{
				"start":	7.000174,
				"end":	8.001024,
				"seconds":	1.0008499622344971,
				"bytes":	0,
				"bits_per_second":	0,
				"retransmits":	8,
				"omitted":	false,
				"sender":	true
			}
		}, {
			"streams":	[{
					"socket":	6,
					"start":	8.001024,
					"end":	9.001027,
					"seconds":	1.0000029802322388,
					"bytes":	0,
					"bits_per_second":	0,
					"retransmits":	4,
					"snd_cwnd":	24616,
					"snd_wnd":	3145728,
					"rtt":	179402,
					"rttvar":	9678,
					"pmtu":	1500,
					"omitted":	false,
					"sender":	true
				}],
			"sum":	{
				"start":	8.001024,
				"end":	9.001027,
				"seconds":	1.0000029802322388,
				"bytes":	0,
				"bits_per_second":	0,
				"retransmits":	4,
				"omitted":	false,
				"sender":	true
			}
		}, {
			"streams":	[{
					"socket":	6,
					"start":	9.001027,
					"end":	10.001028,
					"seconds":	1.0000009536743164,
					"bytes":	0,
					"bits_per_second":	0,
					"retransmits":	0,
					"snd_cwnd":	30408,
					"snd_wnd":	3145728,
					"rtt":	153228,
					"rttvar":	1848,
					"pmtu":	1500,
					"omitted":	false,
					"sender":	true
				}],
			"sum":	{
				"start":	9.001027,
				"end":	10.001028,
				"seconds":	1.0000009536743164,
				"bytes":	0,
				"bits_per_second":	0,
				"retransmits":	0,
				"omitted":	false,
				"sender":	true
			}
		}],
	"end":	{
		"streams":	[{
				"sender":	{
					"socket":	6,
					"start":	0,
					"end":	10.001028,
					"seconds":	10.001028,
					"bytes":	5946936,
					"bits_per_second":	4757059.7742552068,
					"retransmits":	349,
					"max_snd_cwnd":	266432,
					"max_snd_wnd":	3145728,
					"max_rtt":	190617,
					"min_rtt":	153228,
					"mean_rtt":	176155,
					"sender":	true
				},
				"receiver":	{
					"socket":	6,
					"start":	0,
					"end":	10.188279,
					"seconds":	10.001028,
					"bytes":	4270152,
					"bits_per_second":	3352991.8055836516,
					"sender":	true
				}
			}],
		"sum_sent":	{
			"start":	0,
			"end":	10.001028,
			"seconds":	10.001028,
			"bytes":	5946936,
			"bits_per_second":	4757059.7742552068,
			"retransmits":	349,
			"sender":	true
		},
		"sum_received":	{
			"start":	0,
			"end":	10.188279,
			"seconds":	10.188279,
			"bytes":	4270152,
			"bits_per_second":	3352991.8055836516,
			"sender":	true
		},
		"cpu_utilization_percent":	{
			"host_total":	1.4359286425161488,
			"host_user":	0.19822466455448354,
			"host_system":	1.2377039779616654,
			"remote_total":	0.2016921766520767,
			"remote_user":	0.0209554137501671,
			"remote_system":	0.18073676290190963
		},
		"sender_tcp_congestion":	"cubic",
		"receiver_tcp_congestion":	"cubic"
	}
}
