{
	"start":	{
		"connected":	[{
				"socket":	6,
				"local_host":	"192.168.101.210",
				"local_port":	38968,
				"remote_host":	"192.168.100.168",
				"remote_port":	5202
			}],
		"version":	"iperf 3.11",
		"system_info":	"Linux f1 6.0.10-300.fc37.x86_64 #1 SMP PREEMPT_DYNAMIC Sat Nov 26 16:55:13 UTC 2022 x86_64",
		"timestamp":	{
			"time":	"Fri, 09 Dec 2022 22:56:55 GMT",
			"timesecs":	1670626615
		},
		"connecting_to":	{
			"host":	"192.168.100.168",
			"port":	5202
		},
		"cookie":	"3t6wnblpqah5m7gwnnl4w4rldhpx4f2ptzjn",
		"tcp_mss_default":	1448,
		"target_bitrate":	0,
		"sock_bufsize":	0,
		"sndbuf_actual":	16384,
		"rcvbuf_actual":	131072,
		"test_start":	{
			"protocol":	"TCP",
			"num_streams":	1,
			"blksize":	131072,
			"omit":	0,
			"duration":	10,
			"bytes":	0,
			"blocks":	0,
			"reverse":	0,
			"tos":	0,
			"target_bitrate":	0
		}
	},
	"intervals":	[{
			"streams":	[{
					"socket":	6,
					"start":	0,
					"end":	1.000133,
					"seconds":	1.0001330375671387,
					"bytes":	1657960,
					"bits_per_second":	13261915.667004064,
					"retransmits":	0,
					"snd_cwnd":	37648,
					"snd_wnd":	298752,
					"rtt":	62661,
					"rttvar":	1889,
					"pmtu":	1500,
					"omitted":	false,
					"sender":	true
				}],
			"sum":	{
				"start":	0,
				"end":	1.000133,
				"seconds":	1.0001330375671387,
				"bytes":	1657960,
				"bits_per_second":	13261915.667004064,
				"retransmits":	0,
				"omitted":	false,
				"sender":	true
			}
		}, {
			"streams":	[{
					"socket":	6,
					"start":	1.000133,
					"end":	2.000682,
					"seconds":	1.0005489587783813,
					"bytes":	260640,
					"bits_per_second":	2083975.9830901467,
					"retransmits":	0,
					"snd_cwnd":	34752,
					"snd_wnd":	298752,
					"rtt":	96072,
					"rttvar":	2090,
					"pmtu":	1500,
					"omitted":	false,
					"sender":	true
				}],
			"sum":	{
				"start":	1.000133,
				"end":	2.000682,
				"seconds":	1.0005489587783813,
				"bytes":	260640,
				"bits_per_second":	2083975.9830901467,
				"retransmits":	0,
				"omitted":	false,
				"sender":	true
			}
		}, {
			"streams":	[{
					"socket":	6,
					"start":	2.000682,
					"end":	3.000956,
					"seconds":	1.0002739429473877,
					"bytes":	260640,
					"bits_per_second":	2084548.9525159739,
					"retransmits":	0,
					"snd_cwnd":	26064,
					"snd_wnd":	298752,
					"rtt":	134557,
					"rttvar":	3420,
					"pmtu":	1500,
					"omitted":	false,
					"sender":	true
				}],
			"sum":	{
				"start":	2.000682,
				"end":	3.000956,
				"seconds":	1.0002739429473877,
				"bytes":	260640,
				"bits_per_second":	2084548.9525159739,
				"retransmits":	0,
				"omitted":	false,
				"sender":	true
			}
		}, {
			"streams":	[{
					"socket":	6,
					"start":	3.000956,
					"end":	4.000828,
					"seconds":	0.99987202882766724,
					"bytes":	260640,
					"bits_per_second":	2085386.8694024447,
					"retransmits":	0,
					"snd_cwnd":	23168,
					"snd_wnd":	298752,
					"rtt":	174694,
					"rttvar":	7021,
					"pmtu":	1500,
					"omitted":	false,
					"sender":	true
				}],
			"sum":	{
				"start":	3.000956,
				"end":	4.000828,
				"seconds":	0.99987202882766724,
				"bytes":	260640,
				"bits_per_second":	2085386.8694024447,
				"retransmits":	0,
				"omitted":	false,
				"sender":	true
			}
		}, {
			"streams":	[{
					"socket":	6,
					"start":	4.000828,
					"end":	5.001032,
					"seconds":	1.0002039670944214,
					"bytes":	0,
					"bits_per_second":	0,
					"retransmits":	0,
					"snd_cwnd":	20272,
					"snd_wnd":	298752,
					"rtt":	216442,
					"rttvar":	10025,
					"pmtu":	1500,
					"omitted":	false,
					"sender":	true
				}],
			"sum":	{
				"start":	4.000828,
				"end":	5.001032,
				"seconds":	1.0002039670944214,
				"bytes":	0,
				"bits_per_second":	0,
				"retransmits":	0,
				"omitted":	false,
				"sender":	true
			}
		}, {
			"streams":	[{
					"socket":	6,
					"start":	5.001032,
					"end":	6.000511,
					"seconds":	0.99947899580001831,
					"bytes":	260640,
					"bits_per_second":	2086206.9225686891,
					"retransmits":	0,
					"snd_cwnd":	14480,
					"snd_wnd":	298752,
					"rtt":	255912,
					"rttvar":	16313,
					"pmtu":	1500,
					"omitted":	false,
					"sender":	true
				}],
			"sum":	{
				"start":	5.001032,
				"end":	6.000511,
				"seconds":	0.99947899580001831,
				"bytes":	260640,
				"bits_per_second":	2086206.9225686891,
				"retransmits":	0,
				"omitted":	false,
				"sender":	true
			}
		}, {
			"streams":	[{
					"socket":	6,
					"start":	6.000511,
					"end":	7.001031,
					"seconds":	1.0005199909210205,
					"bytes":	0,
					"bits_per_second":	0,
					"retransmits":	0,
					"snd_cwnd":	14480,
					"snd_wnd":	298752,
					"rtt":	304208,
					"rttvar":	21163,
					"pmtu":	1500,
					"omitted":	false,
					"sender":	true
				}],
			"sum":	{
				"start":	6.000511,
				"end":	7.001031,
				"seconds":	1.0005199909210205,
				"bytes":	0,
				"bits_per_second":	0,
				"retransmits":	0,
				"omitted":	false,
				"sender":	true
			}
		}, {
			"streams":	[{
					"socket":	6,
					"start":	7.001031,
					"end":	8.001033,
					"seconds":	1.0000020265579224,
					"bytes":	0,
					"bits_per_second":	0,
					"retransmits":	0,
					"snd_cwnd":	14480,
					"snd_wnd":	298752,
					"rtt":	348203,
					"rttvar":	29642,
					"pmtu":	1500,
					"omitted":	false,
					"sender":	true
				}],
			"sum":	{
				"start":	7.001031,
				"end":	8.001033,
				"seconds":	1.0000020265579224,
				"bytes":	0,
				"bits_per_second":	0,
				"retransmits":	0,
				"omitted":	false,
				"sender":	true
			}
		}, {
			"streams":	[{
					"socket":	6,
					"start":	8.001033,
					"end":	9.001047,
					"seconds":	1.0000139474868774,
					"bytes":	0,
					"bits_per_second":	0,
					"retransmits":	0,
					"snd_cwnd":	11584,
					"snd_wnd":	298368,
					"rtt":	396270,
					"rttvar":	14182,
					"pmtu":	1500,
					"omitted":	false,
					"sender":	true
				}],
			"sum":	{
				"start":	8.001033,
				"end":	9.001047,
				"seconds":	1.0000139474868774,
				"bytes":	0,
				"bits_per_second":	0,
				"retransmits":	0,
				"omitted":	false,
				"sender":	true
			}
		}, {
			"streams":	[{
					"socket":	6,
					"start":	9.001047,
					"end":	10.001055,
					"seconds":	1.0000079870224,
					"bytes":	0,
					"bits_per_second":	0,
					"retransmits":	0,
					"snd_cwnd":	11584,
					"snd_wnd":	297600,
					"rtt":	434616,
					"rttvar":	18783,
					"pmtu":	1500,
					"omitted":	false,
					"sender":	true
				}],
			"sum":	{
				"start":	9.001047,
				"end":	10.001055,
				"seconds":	1.0000079870224,
				"bytes":	0,
				"bits_per_second":	0,
				"retransmits":	0,
				"omitted":	false,
				"sender":	true
			}
		}],
	"end":	{
		"streams":	[{
				"sender":	{
					"socket":	6,
					"start":	0,
					"end":	10.001055,
					"seconds":	10.001055,
					"bytes":	2700520,
					"bits_per_second":	2160188.1001554336,
					"retransmits":	0,
					"max_snd_cwnd":	37648,
					"max_snd_wnd":	298752,
					"max_rtt":	434616,
					"min_rtt":	62661,
					"mean_rtt":	242363,
					"sender":	true
				},
				"receiver":	{
					"socket":	6,
					"start":	0,
					"end":	10.479676,
					"seconds":	10.001055,
					"bytes":	2176344,
					"bits_per_second":	1661382.6610670025,
					"sender":	true
				}
			}],
		"sum_sent":	{
			"start":	0,
			"end":	10.001055,
			"seconds":	10.001055,
			"bytes":	2700520,
			"bits_per_second":	2160188.1001554336,
			"retransmits":	0,
			"sender":	true
		},
		"sum_received":	{
			"start":	0,
			"end":	10.479676,
			"seconds":	10.479676,
			"bytes":	2176344,
			"bits_per_second":	1661382.6610670025,
			"sender":	true
		},
		"cpu_utilization_percent":	{
			"host_total":	0.11825291205886934,
			"host_user":	0.036078341085413357,
			"host_system":	0.082174570973456,
			"remote_total":	0.19430925697582924,
			"remote_user":	0,
			"remote_system":	0.19430925697582924
		},
		"sender_tcp_congestion":	"bbr",
		"receiver_tcp_congestion":	"bbr"
	}
}
