{
	"start":	{
		"connected":	[{
				"socket":	6,
				"local_host":	"192.168.101.210",
				"local_port":	48364,
				"remote_host":	"192.168.100.168",
				"remote_port":	5202
			}],
		"version":	"iperf 3.11",
		"system_info":	"Linux f1 6.0.10-300.fc37.x86_64 #1 SMP PREEMPT_DYNAMIC Sat Nov 26 16:55:13 UTC 2022 x86_64",
		"timestamp":	{
			"time":	"Fri, 09 Dec 2022 22:56:22 GMT",
			"timesecs":	1670626582
		},
		"connecting_to":	{
			"host":	"192.168.100.168",
			"port":	5202
		},
		"cookie":	"aptkijivi72wjknggv32b5vxlg3u46cm4ott",
		"tcp_mss_default":	1448,
		"target_bitrate":	0,
		"sock_bufsize":	0,
		"sndbuf_actual":	16384,
		"rcvbuf_actual":	131072,
		"test_start":	{
			"protocol":	"TCP",
			"num_streams":	1,
			"blksize":	131072,
			"omit":	0,
			"duration":	10,
			"bytes":	0,
			"blocks":	0,
			"reverse":	0,
			"tos":	0,
			"target_bitrate":	0
		}
	},
	"intervals":	[{
			"streams":	[{
					"socket":	6,
					"start":	0,
					"end":	1.000518,
					"seconds":	1.0005179643630981,
					"bytes":	1077312,
					"bits_per_second":	8614034.2372426,
					"retransmits":	0,
					"snd_cwnd":	37648,
					"snd_wnd":	559488,
					"rtt":	105959,
					"rttvar":	10677,
					"pmtu":	1500,
					"omitted":	false,
					"sender":	true
				}],
			"sum":	{
				"start":	0,
				"end":	1.000518,
				"seconds":	1.0005179643630981,
				"bytes":	1077312,
				"bits_per_second":	8614034.2372426,
				"retransmits":	0,
				"omitted":	false,
				"sender":	true
			}
		}, {
			"streams":	[{
					"socket":	6,
					"start":	1.000518,
					"end":	2.000915,
					"seconds":	1.0003969669342041,
					"bytes":	260640,
					"bits_per_second":	2084292.6047547061,
					"retransmits":	0,
					"snd_cwnd":	34752,
					"snd_wnd":	559488,
					"rtt":	141733,
					"rttvar":	3474,
					"pmtu":	1500,
					"omitted":	false,
					"sender":	true
				}],
			"sum":	{
				"start":	1.000518,
				"end":	2.000915,
				"seconds":	1.0003969669342041,
				"bytes":	260640,
				"bits_per_second":	2084292.6047547061,
				"retransmits":	0,
				"omitted":	false,
				"sender":	true
			}
		}, {
			"streams":	[{
					"socket":	6,
					"start":	2.000915,
					"end":	3.000843,
					"seconds":	0.99992799758911133,
					"bytes":	260640,
					"bits_per_second":	2085270.1444777565,
					"retransmits":	0,
					"snd_cwnd":	23168,
					"snd_wnd":	559488,
					"rtt":	179397,
					"rttvar":	6963,
					"pmtu":	1500,
					"omitted":	false,
					"sender":	true
				}],
			"sum":	{
				"start":	2.000915,
				"end":	3.000843,
				"seconds":	0.99992799758911133,
				"bytes":	260640,
				"bits_per_second":	2085270.1444777565,
				"retransmits":	0,
				"omitted":	false,
				"sender":	true
			}
		}, {
			"streams":	[{
					"socket":	6,
					"start":	3.000843,
					"end":	4.001035,
					"seconds":	1.0001920461654663,
					"bytes":	0,
					"bits_per_second":	0,
					"retransmits":	0,
					"snd_cwnd":	20272,
					"snd_wnd":	559488,
					"rtt":	220133,
					"rttvar":	11372,
					"pmtu":	1500,
					"omitted":	false,
					"sender":	true
				}],
			"sum":	{
				"start":	3.000843,
				"end":	4.001035,
				"seconds":	1.0001920461654663,
				"bytes":	0,
				"bits_per_second":	0,
				"retransmits":	0,
				"omitted":	false,
				"sender":	true
			}
		}, {
			"streams":	[{
					"socket":	6,
					"start":	4.001035,
					"end":	5.000799,
					"seconds":	0.99976402521133423,
					"bytes":	260640,
					"bits_per_second":	2085612.15188678,
					"retransmits":	0,
					"snd_cwnd":	17376,
					"snd_wnd":	559488,
					"rtt":	265256,
					"rttvar":	19643,
					"pmtu":	1500,
					"omitted":	false,
					"sender":	true
				}],
			"sum":	{
				"start":	4.001035,
				"end":	5.000799,
				"seconds":	0.99976402521133423,
				"bytes":	260640,
				"bits_per_second":	2085612.15188678,
				"retransmits":	0,
				"omitted":	false,
				"sender":	true
			}
		}, {
			"streams":	[{
					"socket":	6,
					"start":	5.000799,
					"end":	6.001044,
					"seconds":	1.0002449750900269,
					"bytes":	0,
					"bits_per_second":	0,
					"retransmits":	0,
					"snd_cwnd":	17376,
					"snd_wnd":	559488,
					"rtt":	309541,
					"rttvar":	18034,
					"pmtu":	1500,
					"omitted":	false,
					"sender":	true
				}],
			"sum":	{
				"start":	5.000799,
				"end":	6.001044,
				"seconds":	1.0002449750900269,
				"bytes":	0,
				"bits_per_second":	0,
				"retransmits":	0,
				"omitted":	false,
				"sender":	true
			}
		}, {
			"streams":	[{
					"socket":	6,
					"start":	6.001044,
					"end":	7.001041,
					"seconds":	0.99999701976776123,
					"bytes":	0,
					"bits_per_second":	0,
					"retransmits":	0,
					"snd_cwnd":	14480,
					"snd_wnd":	559488,
					"rtt":	352820,
					"rttvar":	26462,
					"pmtu":	1500,
					"omitted":	false,
					"sender":	true
				}],
			"sum":	{
				"start":	6.001044,
				"end":	7.001041,
				"seconds":	0.99999701976776123,
				"bytes":	0,
				"bits_per_second":	0,
				"retransmits":	0,
				"omitted":	false,
				"sender":	true
			}
		}, {
			"streams":	[{
					"socket":	6,
					"start":	7.001041,
					"end":	8.001035,
					"seconds":	0.99999397993087769,
					"bytes":	0,
					"bits_per_second":	0,
					"retransmits":	0,
					"snd_cwnd":	11584,
					"snd_wnd":	559488,
					"rtt":	397113,
					"rttvar":	28995,
					"pmtu":	1500,
					"omitted":	false,
					"sender":	true
				}],
			"sum":	{
				"start":	7.001041,
				"end":	8.001035,
				"seconds":	0.99999397993087769,
				"bytes":	0,
				"bits_per_second":	0,
				"retransmits":	0,
				"omitted":	false,
				"sender":	true
			}
		}, {
			"streams":	[{
					"socket":	6,
					"start":	8.001035,
					"end":	9.001045,
					"seconds":	1.0000100135803223,
					"bytes":	0,
					"bits_per_second":	0,
					"retransmits":	0,
					"snd_cwnd":	11584,
					"snd_wnd":	559488,
					"rtt":	441550,
					"rttvar":	39485,
					"pmtu":	1500,
					"omitted":	false,
					"sender":	true
				}],
			"sum":	{
				"start":	8.001035,
				"end":	9.001045,
				"seconds":	1.0000100135803223,
				"bytes":	0,
				"bits_per_second":	0,
				"retransmits":	0,
				"omitted":	false,
				"sender":	true
			}
		}, {
			"streams":	[{
					"socket":	6,
					"start":	9.001045,
					"end":	10.00105,
					"seconds":	1.0000050067901611,
					"bytes":	0,
					"bits_per_second":	0,
					"retransmits":	0,
					"snd_cwnd":	11584,
					"snd_wnd":	559488,
					"rtt":	484647,
					"rttvar":	43252,
					"pmtu":	1500,
					"omitted":	false,
					"sender":	true
				}],
			"sum":	{
				"start":	9.001045,
				"end":	10.00105,
				"seconds":	1.0000050067901611,
				"bytes":	0,
				"bits_per_second":	0,
				"retransmits":	0,
				"omitted":	false,
				"sender":	true
			}
		}],
	"end":	{
		"streams":	[{
				"sender":	{
					"socket":	6,
					"start":	0,
					"end":	10.00105,
					"seconds":	10.00105,
					"bytes":	1859232,
					"bits_per_second":	1487229.4409087047,
					"retransmits":	0,
					"max_snd_cwnd":	37648,
					"max_snd_wnd":	559488,
					"max_rtt":	484647,
					"min_rtt":	105959,
					"mean_rtt":	289814,
					"sender":	true
				},
				"receiver":	{
					"socket":	6,
					"start":	0,
					"end":	10.532077,
					"seconds":	10.00105,
					"bytes":	1446552,
					"bits_per_second":	1098778.1422410794,
					"sender":	true
				}
			}],
		"sum_sent":	{
			"start":	0,
			"end":	10.00105,
			"seconds":	10.00105,
			"bytes":	1859232,
			"bits_per_second":	1487229.4409087047,
			"retransmits":	0,
			"sender":	true
		},
		"sum_received":	{
			"start":	0,
			"end":	10.532077,
			"seconds":	10.532077,
			"bytes":	1446552,
			"bits_per_second":	1098778.1422410794,
			"sender":	true
		},
		"cpu_utilization_percent":	{
			"host_total":	0.0678100989951613,
			"host_user":	0.020903790081645515,
			"host_system":	0.04692626479903525,
			"remote_total":	0.13926961688227282,
			"remote_user":	0.00632353182735163,
			"remote_system":	0.1329460850549212
		},
		"sender_tcp_congestion":	"bbr",
		"receiver_tcp_congestion":	"bbr"
	}
}
