{
	"start":	{
		"connected":	[{
				"socket":	6,
				"local_host":	"192.168.101.210",
				"local_port":	48280,
				"remote_host":	"192.168.100.168",
				"remote_port":	5202
			}],
		"version":	"iperf 3.11",
		"system_info":	"Linux f1 6.0.10-300.fc37.x86_64 #1 SMP PREEMPT_DYNAMIC Sat Nov 26 16:55:13 UTC 2022 x86_64",
		"timestamp":	{
			"time":	"Fri, 09 Dec 2022 23:02:39 GMT",
			"timesecs":	1670626959
		},
		"connecting_to":	{
			"host":	"192.168.100.168",
			"port":	5202
		},
		"cookie":	"usyk7w6zr2s4qj63zdm6vyafir45frdkau6f",
		"tcp_mss_default":	1448,
		"target_bitrate":	0,
		"sock_bufsize":	0,
		"sndbuf_actual":	16384,
		"rcvbuf_actual":	131072,
		"test_start":	{
			"protocol":	"TCP",
			"num_streams":	1,
			"blksize":	131072,
			"omit":	0,
			"duration":	10,
			"bytes":	0,
			"blocks":	0,
			"reverse":	0,
			"tos":	0,
			"target_bitrate":	0
		}
	},
	"intervals":	[{
			"streams":	[{
					"socket":	6,
					"start":	0,
					"end":	1.00017,
					"seconds":	1.0001699924468994,
					"bytes":	1384288,
					"bits_per_second":	11072421.771929888,
					"retransmits":	0,
					"snd_cwnd":	209960,
					"snd_wnd":	290560,
					"rtt":	200424,
					"rttvar":	578,
					"pmtu":	1500,
					"omitted":	false,
					"sender":	true
				}],
			"sum":	{
				"start":	0,
				"end":	1.00017,
				"seconds":	1.0001699924468994,
				"bytes":	1384288,
				"bits_per_second":	11072421.771929888,
				"retransmits":	0,
				"omitted":	false,
				"sender":	true
			}
		}, {
			"streams":	[{
					"socket":	6,
					"start":	1.00017,
					"end":	2.000517,
					"seconds":	1.0003470182418823,
					"bytes":	2941088,
					"bits_per_second":	23520541.942886859,
					"retransmits":	290,
					"snd_cwnd":	810880,
					"snd_wnd":	1740160,
					"rtt":	240801,
					"rttvar":	560,
					"pmtu":	1500,
					"omitted":	false,
					"sender":	true
				}],
			"sum":	{
				"start":	1.00017,
				"end":	2.000517,
				"seconds":	1.0003470182418823,
				"bytes":	2941088,
				"bits_per_second":	23520541.942886859,
				"retransmits":	290,
				"omitted":	false,
				"sender":	true
			}
		}, {
			"streams":	[{
					"socket":	6,
					"start":	2.000517,
					"end":	3.000202,
					"seconds":	0.999684989452362,
					"bytes":	2621440,
					"bits_per_second":	20978128.331694186,
					"retransmits":	570,
					"snd_cwnd":	946992,
					"snd_wnd":	2979712,
					"rtt":	228905,
					"rttvar":	1933,
					"pmtu":	1500,
					"omitted":	false,
					"sender":	true
				}],
			"sum":	{
				"start":	2.000517,
				"end":	3.000202,
				"seconds":	0.999684989452362,
				"bytes":	2621440,
				"bits_per_second":	20978128.331694186,
				"retransmits":	570,
				"omitted":	false,
				"sender":	true
			}
		}, {
			"streams":	[{
					"socket":	6,
					"start":	3.000202,
					"end":	4.000357,
					"seconds":	1.000154972076416,
					"bytes":	1310720,
					"bits_per_second":	10484135.251790604,
					"retransmits":	24,
					"snd_cwnd":	822464,
					"snd_wnd":	3143808,
					"rtt":	200180,
					"rttvar":	166,
					"pmtu":	1500,
					"omitted":	false,
					"sender":	true
				}],
			"sum":	{
				"start":	3.000202,
				"end":	4.000357,
				"seconds":	1.000154972076416,
				"bytes":	1310720,
				"bits_per_second":	10484135.251790604,
				"retransmits":	24,
				"omitted":	false,
				"sender":	true
			}
		}, {
			"streams":	[{
					"socket":	6,
					"start":	4.000357,
					"end":	5.00008,
					"seconds":	0.99972301721572876,
					"bytes":	2621440,
					"bits_per_second":	20977330.359369516,
					"retransmits":	0,
					"snd_cwnd":	822464,
					"snd_wnd":	3143936,
					"rtt":	200157,
					"rttvar":	109,
					"pmtu":	1500,
					"omitted":	false,
					"sender":	true
				}],
			"sum":	{
				"start":	4.000357,
				"end":	5.00008,
				"seconds":	0.99972301721572876,
				"bytes":	2621440,
				"bits_per_second":	20977330.359369516,
				"retransmits":	0,
				"omitted":	false,
				"sender":	true
			}
		}, {
			"streams":	[{
					"socket":	6,
					"start":	5.00008,
					"end":	6.00033,
					"seconds":	1.000249981880188,
					"bytes":	1310720,
					"bits_per_second":	10483139.40510124,
					"retransmits":	0,
					"snd_cwnd":	813776,
					"snd_wnd":	3143936,
					"rtt":	200170,
					"rttvar":	135,
					"pmtu":	1500,
					"omitted":	false,
					"sender":	true
				}],
			"sum":	{
				"start":	5.00008,
				"end":	6.00033,
				"seconds":	1.000249981880188,
				"bytes":	1310720,
				"bits_per_second":	10483139.40510124,
				"retransmits":	0,
				"omitted":	false,
				"sender":	true
			}
		}, {
			"streams":	[{
					"socket":	6,
					"start":	6.00033,
					"end":	7.000584,
					"seconds":	1.0002540349960327,
					"bytes":	1310720,
					"bits_per_second":	10483096.926513862,
					"retransmits":	0,
					"snd_cwnd":	796400,
					"snd_wnd":	3143936,
					"rtt":	200201,
					"rttvar":	215,
					"pmtu":	1500,
					"omitted":	false,
					"sender":	true
				}],
			"sum":	{
				"start":	6.00033,
				"end":	7.000584,
				"seconds":	1.0002540349960327,
				"bytes":	1310720,
				"bits_per_second":	10483096.926513862,
				"retransmits":	0,
				"omitted":	false,
				"sender":	true
			}
		}, {
			"streams":	[{
					"socket":	6,
					"start":	7.000584,
					"end":	8.000086,
					"seconds":	0.99950200319290161,
					"bytes":	2621440,
					"bits_per_second":	20981968.9535455,
					"retransmits":	0,
					"snd_cwnd":	779024,
					"snd_wnd":	3143936,
					"rtt":	200119,
					"rttvar":	21,
					"pmtu":	1500,
					"omitted":	false,
					"sender":	true
				}],
			"sum":	{
				"start":	7.000584,
				"end":	8.000086,
				"seconds":	0.99950200319290161,
				"bytes":	2621440,
				"bits_per_second":	20981968.9535455,
				"retransmits":	0,
				"omitted":	false,
				"sender":	true
			}
		}, {
			"streams":	[{
					"socket":	6,
					"start":	8.000086,
					"end":	9.000324,
					"seconds":	1.0002379417419434,
					"bytes":	1310720,
					"bits_per_second":	10483265.593523422,
					"retransmits":	0,
					"snd_cwnd":	764544,
					"snd_wnd":	3143936,
					"rtt":	200115,
					"rttvar":	27,
					"pmtu":	1500,
					"omitted":	false,
					"sender":	true
				}],
			"sum":	{
				"start":	8.000086,
				"end":	9.000324,
				"seconds":	1.0002379417419434,
				"bytes":	1310720,
				"bits_per_second":	10483265.593523422,
				"retransmits":	0,
				"omitted":	false,
				"sender":	true
			}
		}, {
			"streams":	[{
					"socket":	6,
					"start":	9.000324,
					"end":	10.000062,
					"seconds":	0.99973797798156738,
					"bytes":	1310720,
					"bits_per_second":	10488508.220094176,
					"retransmits":	0,
					"snd_cwnd":	744272,
					"snd_wnd":	3143936,
					"rtt":	200106,
					"rttvar":	43,
					"pmtu":	1500,
					"omitted":	false,
					"sender":	true
				}],
			"sum":	{
				"start":	9.000324,
				"end":	10.000062,
				"seconds":	0.99973797798156738,
				"bytes":	1310720,
				"bits_per_second":	10488508.220094176,
				"retransmits":	0,
				"omitted":	false,
				"sender":	true
			}
		}],
	"end":	{
		"streams":	[{
				"sender":	{
					"socket":	6,
					"start":	0,
					"end":	10.000062,
					"seconds":	10.000062,
					"bytes":	18743296,
					"bits_per_second":	14994543.833828231,
					"retransmits":	884,
					"max_snd_cwnd":	946992,
					"max_snd_wnd":	3143936,
					"max_rtt":	240801,
					"min_rtt":	200106,
					"mean_rtt":	207117,
					"sender":	true
				},
				"receiver":	{
					"socket":	6,
					"start":	0,
					"end":	10.200182,
					"seconds":	10.000062,
					"bytes":	16178504,
					"bits_per_second":	12688796.337163396,
					"sender":	true
				}
			}],
		"sum_sent":	{
			"start":	0,
			"end":	10.000062,
			"seconds":	10.000062,
			"bytes":	18743296,
			"bits_per_second":	14994543.833828231,
			"retransmits":	884,
			"sender":	true
		},
		"sum_received":	{
			"start":	0,
			"end":	10.200182,
			"seconds":	10.200182,
			"bytes":	16178504,
			"bits_per_second":	12688796.337163396,
			"sender":	true
		},
		"cpu_utilization_percent":	{
			"host_total":	1.8860335001068331,
			"host_user":	0.28071975645711911,
			"host_system":	1.6053137436497142,
			"remote_total":	0.96460863165512745,
			"remote_user":	0.10120390788454225,
			"remote_system":	0.86340472377058519
		},
		"sender_tcp_congestion":	"bbr",
		"receiver_tcp_congestion":	"bbr"
	}
}
