{
	"start":	{
		"connected":	[{
				"socket":	6,
				"local_host":	"192.168.101.210",
				"local_port":	43908,
				"remote_host":	"192.168.100.168",
				"remote_port":	5202
			}],
		"version":	"iperf 3.11",
		"system_info":	"Linux f1 6.0.10-300.fc37.x86_64 #1 SMP PREEMPT_DYNAMIC Sat Nov 26 16:55:13 UTC 2022 x86_64",
		"timestamp":	{
			"time":	"Fri, 09 Dec 2022 23:00:52 GMT",
			"timesecs":	1670626852
		},
		"connecting_to":	{
			"host":	"192.168.100.168",
			"port":	5202
		},
		"cookie":	"tok3lnlkregmf6zmwytz5iu74j7oy4t7i5ul",
		"tcp_mss_default":	1448,
		"target_bitrate":	0,
		"sock_bufsize":	0,
		"sndbuf_actual":	16384,
		"rcvbuf_actual":	131072,
		"test_start":	{
			"protocol":	"TCP",
			"num_streams":	1,
			"blksize":	131072,
			"omit":	0,
			"duration":	10,
			"bytes":	0,
			"blocks":	0,
			"reverse":	0,
			"tos":	0,
			"target_bitrate":	0
		}
	},
	"intervals":	[{
			"streams":	[{
					"socket":	6,
					"start":	0,
					"end":	1.0004,
					"seconds":	1.0003999471664429,
					"bytes":	2910480,
					"bits_per_second":	23274531.417109441,
					"retransmits":	0,
					"snd_cwnd":	311320,
					"snd_wnd":	820352,
					"rtt":	317588,
					"rttvar":	9055,
					"pmtu":	1500,
					"omitted":	false,
					"sender":	true
				}],
			"sum":	{
				"start":	0,
				"end":	1.0004,
				"seconds":	1.0003999471664429,
				"bytes":	2910480,
				"bits_per_second":	23274531.417109441,
				"retransmits":	0,
				"omitted":	false,
				"sender":	true
			}
		}, {
			"streams":	[{
					"socket":	6,
					"start":	1.0004,
					"end":	2.000636,
					"seconds":	1.0002360343933105,
					"bytes":	1042560,
					"bits_per_second":	8338511.82442041,
					"retransmits":	0,
					"snd_cwnd":	301184,
					"snd_wnd":	1481600,
					"rtt":	321440,
					"rttvar":	7131,
					"pmtu":	1500,
					"omitted":	false,
					"sender":	true
				}],
			"sum":	{
				"start":	1.0004,
				"end":	2.000636,
				"seconds":	1.0002360343933105,
				"bytes":	1042560,
				"bits_per_second":	8338511.82442041,
				"retransmits":	0,
				"omitted":	false,
				"sender":	true
			}
		}, {
			"streams":	[{
					"socket":	6,
					"start":	2.000636,
					"end":	3.000482,
					"seconds":	0.99984598159790039,
					"bytes":	1172880,
					"bits_per_second":	9384485.3834432848,
					"retransmits":	0,
					"snd_cwnd":	301184,
					"snd_wnd":	1481600,
					"rtt":	402349,
					"rttvar":	1804,
					"pmtu":	1500,
					"omitted":	false,
					"sender":	true
				}],
			"sum":	{
				"start":	2.000636,
				"end":	3.000482,
				"seconds":	0.99984598159790039,
				"bytes":	1172880,
				"bits_per_second":	9384485.3834432848,
				"retransmits":	0,
				"omitted":	false,
				"sender":	true
			}
		}, {
			"streams":	[{
					"socket":	6,
					"start":	3.000482,
					"end":	4.001045,
					"seconds":	1.0005630254745483,
					"bytes":	0,
					"bits_per_second":	0,
					"retransmits":	0,
					"snd_cwnd":	283808,
					"snd_wnd":	1481600,
					"rtt":	433847,
					"rttvar":	1566,
					"pmtu":	1500,
					"omitted":	false,
					"sender":	true
				}],
			"sum":	{
				"start":	3.000482,
				"end":	4.001045,
				"seconds":	1.0005630254745483,
				"bytes":	0,
				"bits_per_second":	0,
				"retransmits":	0,
				"omitted":	false,
				"sender":	true
			}
		}, {
			"streams":	[{
					"socket":	6,
					"start":	4.001045,
					"end":	5.000823,
					"seconds":	0.99977797269821167,
					"bytes":	1172880,
					"bits_per_second":	9385123.7537039854,
					"retransmits":	0,
					"snd_cwnd":	257744,
					"snd_wnd":	1481600,
					"rtt":	453027,
					"rttvar":	1823,
					"pmtu":	1500,
					"omitted":	false,
					"sender":	true
				}],
			"sum":	{
				"start":	4.001045,
				"end":	5.000823,
				"seconds":	0.99977797269821167,
				"bytes":	1172880,
				"bits_per_second":	9385123.7537039854,
				"retransmits":	0,
				"omitted":	false,
				"sender":	true
			}
		}, {
			"streams":	[{
					"socket":	6,
					"start":	5.000823,
					"end":	6.001049,
					"seconds":	1.0002260208129883,
					"bytes":	0,
					"bits_per_second":	0,
					"retransmits":	0,
					"snd_cwnd":	170864,
					"snd_wnd":	1481600,
					"rtt":	487728,
					"rttvar":	2057,
					"pmtu":	1500,
					"omitted":	false,
					"sender":	true
				}],
			"sum":	{
				"start":	5.000823,
				"end":	6.001049,
				"seconds":	1.0002260208129883,
				"bytes":	0,
				"bits_per_second":	0,
				"retransmits":	0,
				"omitted":	false,
				"sender":	true
			}
		}, {
			"streams":	[{
					"socket":	6,
					"start":	6.001049,
					"end":	7.000772,
					"seconds":	0.99972301721572876,
					"bytes":	1172880,
					"bits_per_second":	9385639.66060536,
					"retransmits":	0,
					"snd_cwnd":	170864,
					"snd_wnd":	1481600,
					"rtt":	484661,
					"rttvar":	1494,
					"pmtu":	1500,
					"omitted":	false,
					"sender":	true
				}],
			"sum":	{
				"start":	6.001049,
				"end":	7.000772,
				"seconds":	0.99972301721572876,
				"bytes":	1172880,
				"bits_per_second":	9385639.66060536,
				"retransmits":	0,
				"omitted":	false,
				"sender":	true
			}
		}, {
			"streams":	[{
					"socket":	6,
					"start":	7.000772,
					"end":	8.00104,
					"seconds":	1.00026798248291,
					"bytes":	0,
					"bits_per_second":	0,
					"retransmits":	0,
					"snd_cwnd":	144800,
					"snd_wnd":	1481600,
					"rtt":	527115,
					"rttvar":	2213,
					"pmtu":	1500,
					"omitted":	false,
					"sender":	true
				}],
			"sum":	{
				"start":	7.000772,
				"end":	8.00104,
				"seconds":	1.00026798248291,
				"bytes":	0,
				"bits_per_second":	0,
				"retransmits":	0,
				"omitted":	false,
				"sender":	true
			}
		}, {
			"streams":	[{
					"socket":	6,
					"start":	8.00104,
					"end":	9.00104,
					"seconds":	1,
					"bytes":	0,
					"bits_per_second":	0,
					"retransmits":	0,
					"snd_cwnd":	144800,
					"snd_wnd":	1481600,
					"rtt":	562395,
					"rttvar":	1690,
					"pmtu":	1500,
					"omitted":	false,
					"sender":	true
				}],
			"sum":	{
				"start":	8.00104,
				"end":	9.00104,
				"seconds":	1,
				"bytes":	0,
				"bits_per_second":	0,
				"retransmits":	0,
				"omitted":	false,
				"sender":	true
			}
		}, {
			"streams":	[{
					"socket":	6,
					"start":	9.00104,
					"end":	10.001053,
					"seconds":	1.000012993812561,
					"bytes":	0,
					"bits_per_second":	0,
					"retransmits":	0,
					"snd_cwnd":	144800,
					"snd_wnd":	1481600,
					"rtt":	607023,
					"rttvar":	3359,
					"pmtu":	1500,
					"omitted":	false,
					"sender":	true
				}],
			"sum":	{
				"start":	9.00104,
				"end":	10.001053,
				"seconds":	1.000012993812561,
				"bytes":	0,
				"bits_per_second":	0,
				"retransmits":	0,
				"omitted":	false,
				"sender":	true
			}
		}],
	"end":	{
		"streams":	[{
				"sender":	{
					"socket":	6,
					"start":	0,
					"end":	10.001053,
					"seconds":	10.001053,
					"bytes":	7471680,
					"bits_per_second":	5976714.65194715,
					"retransmits":	0,
					"max_snd_cwnd":	311320,
					"max_snd_wnd":	1481600,
					"max_rtt":	607023,
					"min_rtt":	317588,
					"mean_rtt":	459717,
					"sender":	true
				},
				"receiver":	{
					"socket":	6,
					"start":	0,
					"end":	10.636771,
					"seconds":	10.001053,
					"bytes":	5256240,
					"bits_per_second":	3953259.8755769022,
					"sender":	true
				}
			}],
		"sum_sent":	{
			"start":	0,
			"end":	10.001053,
			"seconds":	10.001053,
			"bytes":	7471680,
			"bits_per_second":	5976714.65194715,
			"retransmits":	0,
			"sender":	true
		},
		"sum_received":	{
			"start":	0,
			"end":	10.636771,
			"seconds":	10.636771,
			"bytes":	5256240,
			"bits_per_second":	3953259.8755769022,
			"sender":	true
		},
		"cpu_utilization_percent":	{
			"host_total":	0.9858627608828866,
			"host_user":	0.11516454996575631,
			"host_system":	0.87069821091713029,
			"remote_total":	0.46531921678582544,
			"remote_user":	0.032453418251230826,
			"remote_system":	0.43287519987244266
		},
		"sender_tcp_congestion":	"bbr",
		"receiver_tcp_congestion":	"bbr"
	}
}
