{
	"start":	{
		"connected":	[{
				"socket":	6,
				"local_host":	"192.168.101.210",
				"local_port":	54738,
				"remote_host":	"192.168.100.168",
				"remote_port":	5201
			}],
		"version":	"iperf 3.11",
		"system_info":	"Linux f1 6.0.10-300.fc37.x86_64 #1 SMP PREEMPT_DYNAMIC Sat Nov 26 16:55:13 UTC 2022 x86_64",
		"timestamp":	{
			"time":	"Fri, 09 Dec 2022 22:59:14 GMT",
			"timesecs":	1670626754
		},
		"connecting_to":	{
			"host":	"192.168.100.168",
			"port":	5201
		},
		"cookie":	"t32ha6bfwn54nlsah4bdevo46dzvomijyjdd",
		"tcp_mss_default":	1448,
		"target_bitrate":	0,
		"sock_bufsize":	0,
		"sndbuf_actual":	16384,
		"rcvbuf_actual":	131072,
		"test_start":	{
			"protocol":	"TCP",
			"num_streams":	1,
			"blksize":	131072,
			"omit":	0,
			"duration":	10,
			"bytes":	0,
			"blocks":	0,
			"reverse":	0,
			"tos":	0,
			"target_bitrate":	0
		}
	},
	"intervals":	[{
			"streams":	[{
					"socket":	6,
					"start":	0,
					"end":	1.000313,
					"seconds":	1.0003130435943604,
					"bytes":	2633912,
					"bits_per_second":	21064701.830025,
					"retransmits":	0,
					"snd_cwnd":	322904,
					"snd_wnd":	1736448,
					"rtt":	192154,
					"rttvar":	638,
					"pmtu":	1500,
					"omitted":	false,
					"sender":	true
				}],
			"sum":	{
				"start":	0,
				"end":	1.000313,
				"seconds":	1.0003130435943604,
				"bytes":	2633912,
				"bits_per_second":	21064701.830025,
				"retransmits":	0,
				"omitted":	false,
				"sender":	true
			}
		}, {
			"streams":	[{
					"socket":	6,
					"start":	1.000313,
					"end":	2.000296,
					"seconds":	0.999983012676239,
					"bytes":	2150280,
					"bits_per_second":	17202532.224984415,
					"retransmits":	0,
					"snd_cwnd":	409784,
					"snd_wnd":	1736448,
					"rtt":	223810,
					"rttvar":	418,
					"pmtu":	1500,
					"omitted":	false,
					"sender":	true
				}],
			"sum":	{
				"start":	1.000313,
				"end":	2.000296,
				"seconds":	0.999983012676239,
				"bytes":	2150280,
				"bits_per_second":	17202532.224984415,
				"retransmits":	0,
				"omitted":	false,
				"sender":	true
			}
		}, {
			"streams":	[{
					"socket":	6,
					"start":	2.000296,
					"end":	3.000114,
					"seconds":	0.99981802701950073,
					"bytes":	2736720,
					"bits_per_second":	21897744.797887083,
					"retransmits":	0,
					"snd_cwnd":	503904,
					"snd_wnd":	1736448,
					"rtt":	242549,
					"rttvar":	657,
					"pmtu":	1500,
					"omitted":	false,
					"sender":	true
				}],
			"sum":	{
				"start":	2.000296,
				"end":	3.000114,
				"seconds":	0.99981802701950073,
				"bytes":	2736720,
				"bits_per_second":	21897744.797887083,
				"retransmits":	0,
				"omitted":	false,
				"sender":	true
			}
		}, {
			"streams":	[{
					"socket":	6,
					"start":	3.000114,
					"end":	4.000249,
					"seconds":	1.0001349449157715,
					"bytes":	2280600,
					"bits_per_second":	18242338.289196089,
					"retransmits":	0,
					"snd_cwnd":	605264,
					"snd_wnd":	1736448,
					"rtt":	277817,
					"rttvar":	637,
					"pmtu":	1500,
					"omitted":	false,
					"sender":	true
				}],
			"sum":	{
				"start":	3.000114,
				"end":	4.000249,
				"seconds":	1.0001349449157715,
				"bytes":	2280600,
				"bits_per_second":	18242338.289196089,
				"retransmits":	0,
				"omitted":	false,
				"sender":	true
			}
		}, {
			"streams":	[{
					"socket":	6,
					"start":	4.000249,
					"end":	5.000287,
					"seconds":	1.0000380277633667,
					"bytes":	2519256,
					"bits_per_second":	20153281.615775652,
					"retransmits":	0,
					"snd_cwnd":	712416,
					"snd_wnd":	1736448,
					"rtt":	313687,
					"rttvar":	719,
					"pmtu":	1500,
					"omitted":	false,
					"sender":	true
				}],
			"sum":	{
				"start":	4.000249,
				"end":	5.000287,
				"seconds":	1.0000380277633667,
				"bytes":	2519256,
				"bits_per_second":	20153281.615775652,
				"retransmits":	0,
				"omitted":	false,
				"sender":	true
			}
		}, {
			"streams":	[{
					"socket":	6,
					"start":	5.000287,
					"end":	6.000091,
					"seconds":	0.99980401992797852,
					"bytes":	2621440,
					"bits_per_second":	20975630.805635985,
					"retransmits":	0,
					"snd_cwnd":	821016,
					"snd_wnd":	1767808,
					"rtt":	357471,
					"rttvar":	600,
					"pmtu":	1500,
					"omitted":	false,
					"sender":	true
				}],
			"sum":	{
				"start":	5.000287,
				"end":	6.000091,
				"seconds":	0.99980401992797852,
				"bytes":	2621440,
				"bits_per_second":	20975630.805635985,
				"retransmits":	0,
				"omitted":	false,
				"sender":	true
			}
		}, {
			"streams":	[{
					"socket":	6,
					"start":	6.000091,
					"end":	7.00049,
					"seconds":	1.0003989934921265,
					"bytes":	1310720,
					"bits_per_second":	10481577.918623254,
					"retransmits":	0,
					"snd_cwnd":	932512,
					"snd_wnd":	1956992,
					"rtt":	395113,
					"rttvar":	704,
					"pmtu":	1500,
					"omitted":	false,
					"sender":	true
				}],
			"sum":	{
				"start":	6.000091,
				"end":	7.00049,
				"seconds":	1.0003989934921265,
				"bytes":	1310720,
				"bits_per_second":	10481577.918623254,
				"retransmits":	0,
				"omitted":	false,
				"sender":	true
			}
		}, {
			"streams":	[{
					"socket":	6,
					"start":	7.00049,
					"end":	8.000303,
					"seconds":	0.9998130202293396,
					"bytes":	2621440,
					"bits_per_second":	20975441.983331542,
					"retransmits":	0,
					"snd_cwnd":	1046904,
					"snd_wnd":	2256896,
					"rtt":	435226,
					"rttvar":	320,
					"pmtu":	1500,
					"omitted":	false,
					"sender":	true
				}],
			"sum":	{
				"start":	7.00049,
				"end":	8.000303,
				"seconds":	0.9998130202293396,
				"bytes":	2621440,
				"bits_per_second":	20975441.983331542,
				"retransmits":	0,
				"omitted":	false,
				"sender":	true
			}
		}, {
			"streams":	[{
					"socket":	6,
					"start":	8.000303,
					"end":	9.000123,
					"seconds":	0.99981999397277832,
					"bytes":	2621440,
					"bits_per_second":	20975295.679645091,
					"retransmits":	0,
					"snd_cwnd":	1161296,
					"snd_wnd":	2510464,
					"rtt":	479472,
					"rttvar":	305,
					"pmtu":	1500,
					"omitted":	false,
					"sender":	true
				}],
			"sum":	{
				"start":	8.000303,
				"end":	9.000123,
				"seconds":	0.99981999397277832,
				"bytes":	2621440,
				"bits_per_second":	20975295.679645091,
				"retransmits":	0,
				"omitted":	false,
				"sender":	true
			}
		}, {
			"streams":	[{
					"socket":	6,
					"start":	9.000123,
					"end":	10.000561,
					"seconds":	1.0004379749298096,
					"bytes":	1310720,
					"bits_per_second":	10481169.510519309,
					"retransmits":	0,
					"snd_cwnd":	1277136,
					"snd_wnd":	2722304,
					"rtt":	526114,
					"rttvar":	449,
					"pmtu":	1500,
					"omitted":	false,
					"sender":	true
				}],
			"sum":	{
				"start":	9.000123,
				"end":	10.000561,
				"seconds":	1.0004379749298096,
				"bytes":	1310720,
				"bits_per_second":	10481169.510519309,
				"retransmits":	0,
				"omitted":	false,
				"sender":	true
			}
		}],
	"end":	{
		"streams":	[{
				"sender":	{
					"socket":	6,
					"start":	0,
					"end":	10.000561,
					"seconds":	10.000561,
					"bytes":	22806528,
					"bits_per_second":	18244198.900441688,
					"retransmits":	0,
					"max_snd_cwnd":	1277136,
					"max_snd_wnd":	2722304,
					"max_rtt":	526114,
					"min_rtt":	192154,
					"mean_rtt":	344341,
					"sender":	true
				},
				"receiver":	{
					"socket":	6,
					"start":	0,
					"end":	10.551258,
					"seconds":	10.000561,
					"bytes":	21718552,
					"bits_per_second":	16467080.607828943,
					"sender":	true
				}
			}],
		"sum_sent":	{
			"start":	0,
			"end":	10.000561,
			"seconds":	10.000561,
			"bytes":	22806528,
			"bits_per_second":	18244198.900441688,
			"retransmits":	0,
			"sender":	true
		},
		"sum_received":	{
			"start":	0,
			"end":	10.551258,
			"seconds":	10.551258,
			"bytes":	21718552,
			"bits_per_second":	16467080.607828943,
			"sender":	true
		},
		"cpu_utilization_percent":	{
			"host_total":	0.53543337649721334,
			"host_user":	0.076052201666640035,
			"host_system":	0.45938117483057339,
			"remote_total":	1.7983999648193945,
			"remote_user":	0.24283337320215923,
			"remote_system":	1.555566591617235
		},
		"sender_tcp_congestion":	"cubic",
		"receiver_tcp_congestion":	"cubic"
	}
}
