{
	"start":	{
		"connected":	[{
				"socket":	6,
				"local_host":	"192.168.101.210",
				"local_port":	53566,
				"remote_host":	"192.168.100.168",
				"remote_port":	5202
			}],
		"version":	"iperf 3.11",
		"system_info":	"Linux f1 6.0.10-300.fc37.x86_64 #1 SMP PREEMPT_DYNAMIC Sat Nov 26 16:55:13 UTC 2022 x86_64",
		"timestamp":	{
			"time":	"Fri, 09 Dec 2022 23:01:44 GMT",
			"timesecs":	1670626904
		},
		"connecting_to":	{
			"host":	"192.168.100.168",
			"port":	5202
		},
		"cookie":	"spcv7abib55yj3d2u4kuixn7etgo4mzi6ow2",
		"tcp_mss_default":	1448,
		"target_bitrate":	0,
		"sock_bufsize":	0,
		"sndbuf_actual":	16384,
		"rcvbuf_actual":	131072,
		"test_start":	{
			"protocol":	"TCP",
			"num_streams":	1,
			"blksize":	131072,
			"omit":	0,
			"duration":	10,
			"bytes":	0,
			"blocks":	0,
			"reverse":	0,
			"tos":	0,
			"target_bitrate":	0
		}
	},
	"intervals":	[{
			"streams":	[{
					"socket":	6,
					"start":	0,
					"end":	1.000147,
					"seconds":	1.0001469850540161,
					"bytes":	3004600,
					"bits_per_second":	24033267.4688829,
					"retransmits":	0,
					"snd_cwnd":	415576,
					"snd_wnd":	567168,
					"rtt":	198578,
					"rttvar":	19303,
					"pmtu":	1500,
					"omitted":	false,
					"sender":	true
				}],
			"sum":	{
				"start":	0,
				"end":	1.000147,
				"seconds":	1.0001469850540161,
				"bytes":	3004600,
				"bits_per_second":	24033267.4688829,
				"retransmits":	0,
				"omitted":	false,
				"sender":	true
			}
		}, {
			"streams":	[{
					"socket":	6,
					"start":	1.000147,
					"end":	2.000895,
					"seconds":	1.0007480382919312,
					"bytes":	1189704,
					"bits_per_second":	9510517.7685330454,
					"retransmits":	20,
					"snd_cwnd":	440192,
					"snd_wnd":	1251584,
					"rtt":	557997,
					"rttvar":	226,
					"pmtu":	1500,
					"omitted":	false,
					"sender":	true
				}],
			"sum":	{
				"start":	1.000147,
				"end":	2.000895,
				"seconds":	1.0007480382919312,
				"bytes":	1189704,
				"bits_per_second":	9510517.7685330454,
				"retransmits":	20,
				"omitted":	false,
				"sender":	true
			}
		}, {
			"streams":	[{
					"socket":	6,
					"start":	2.000895,
					"end":	3.000376,
					"seconds":	0.99948102235794067,
					"bytes":	1310720,
					"bits_per_second":	10491204.70067792,
					"retransmits":	3,
					"snd_cwnd":	576304,
					"snd_wnd":	1954176,
					"rtt":	491959,
					"rttvar":	464,
					"pmtu":	1500,
					"omitted":	false,
					"sender":	true
				}],
			"sum":	{
				"start":	2.000895,
				"end":	3.000376,
				"seconds":	0.99948102235794067,
				"bytes":	1310720,
				"bits_per_second":	10491204.70067792,
				"retransmits":	3,
				"omitted":	false,
				"sender":	true
			}
		}, {
			"streams":	[{
					"socket":	6,
					"start":	3.000376,
					"end":	4.001033,
					"seconds":	1.0006569623947144,
					"bytes":	0,
					"bits_per_second":	0,
					"retransmits":	0,
					"snd_cwnd":	434400,
					"snd_wnd":	3028608,
					"rtt":	470240,
					"rttvar":	8295,
					"pmtu":	1500,
					"omitted":	false,
					"sender":	true
				}],
			"sum":	{
				"start":	3.000376,
				"end":	4.001033,
				"seconds":	1.0006569623947144,
				"bytes":	0,
				"bits_per_second":	0,
				"retransmits":	0,
				"omitted":	false,
				"sender":	true
			}
		}, {
			"streams":	[{
					"socket":	6,
					"start":	4.001033,
					"end":	5.000809,
					"seconds":	0.999776005744934,
					"bytes":	1310720,
					"bits_per_second":	10488109.276224378,
					"retransmits":	0,
					"snd_cwnd":	434400,
					"snd_wnd":	3143936,
					"rtt":	531815,
					"rttvar":	1346,
					"pmtu":	1500,
					"omitted":	false,
					"sender":	true
				}],
			"sum":	{
				"start":	4.001033,
				"end":	5.000809,
				"seconds":	0.999776005744934,
				"bytes":	1310720,
				"bits_per_second":	10488109.276224378,
				"retransmits":	0,
				"omitted":	false,
				"sender":	true
			}
		}, {
			"streams":	[{
					"socket":	6,
					"start":	5.000809,
					"end":	6.000166,
					"seconds":	0.999356985092163,
					"bytes":	1310720,
					"bits_per_second":	10492506.83831762,
					"retransmits":	0,
					"snd_cwnd":	434400,
					"snd_wnd":	3143936,
					"rtt":	557833,
					"rttvar":	983,
					"pmtu":	1500,
					"omitted":	false,
					"sender":	true
				}],
			"sum":	{
				"start":	5.000809,
				"end":	6.000166,
				"seconds":	0.999356985092163,
				"bytes":	1310720,
				"bits_per_second":	10492506.83831762,
				"retransmits":	0,
				"omitted":	false,
				"sender":	true
			}
		}, {
			"streams":	[{
					"socket":	6,
					"start":	6.000166,
					"end":	7.00103,
					"seconds":	1.0008640289306641,
					"bytes":	0,
					"bits_per_second":	0,
					"retransmits":	0,
					"snd_cwnd":	393856,
					"snd_wnd":	3144448,
					"rtt":	438779,
					"rttvar":	3572,
					"pmtu":	1500,
					"omitted":	false,
					"sender":	true
				}],
			"sum":	{
				"start":	6.000166,
				"end":	7.00103,
				"seconds":	1.0008640289306641,
				"bytes":	0,
				"bits_per_second":	0,
				"retransmits":	0,
				"omitted":	false,
				"sender":	true
			}
		}, {
			"streams":	[{
					"socket":	6,
					"start":	7.00103,
					"end":	8.000651,
					"seconds":	0.99962097406387329,
					"bytes":	1310720,
					"bits_per_second":	10489735.881962383,
					"retransmits":	0,
					"snd_cwnd":	318560,
					"snd_wnd":	3144448,
					"rtt":	436451,
					"rttvar":	470,
					"pmtu":	1500,
					"omitted":	false,
					"sender":	true
				}],
			"sum":	{
				"start":	7.00103,
				"end":	8.000651,
				"seconds":	0.99962097406387329,
				"bytes":	1310720,
				"bits_per_second":	10489735.881962383,
				"retransmits":	0,
				"omitted":	false,
				"sender":	true
			}
		}, {
			"streams":	[{
					"socket":	6,
					"start":	8.000651,
					"end":	9.001032,
					"seconds":	1.0003809928894043,
					"bytes":	0,
					"bits_per_second":	0,
					"retransmits":	0,
					"snd_cwnd":	301184,
					"snd_wnd":	3144448,
					"rtt":	427013,
					"rttvar":	2182,
					"pmtu":	1500,
					"omitted":	false,
					"sender":	true
				}],
			"sum":	{
				"start":	8.000651,
				"end":	9.001032,
				"seconds":	1.0003809928894043,
				"bytes":	0,
				"bits_per_second":	0,
				"retransmits":	0,
				"omitted":	false,
				"sender":	true
			}
		}, {
			"streams":	[{
					"socket":	6,
					"start":	9.001032,
					"end":	10.001036,
					"seconds":	1.0000040531158447,
					"bytes":	1310720,
					"bits_per_second":	10485717.500172257,
					"retransmits":	0,
					"snd_cwnd":	289600,
					"snd_wnd":	3144448,
					"rtt":	443107,
					"rttvar":	1372,
					"pmtu":	1500,
					"omitted":	false,
					"sender":	true
				}],
			"sum":	{
				"start":	9.001032,
				"end":	10.001036,
				"seconds":	1.0000040531158447,
				"bytes":	1310720,
				"bits_per_second":	10485717.500172257,
				"retransmits":	0,
				"omitted":	false,
				"sender":	true
			}
		}],
	"end":	{
		"streams":	[{
				"sender":	{
					"socket":	6,
					"start":	0,
					"end":	10.001036,
					"seconds":	10.001036,
					"bytes":	10747904,
					"bits_per_second":	8597432.50599238,
					"retransmits":	23,
					"max_snd_cwnd":	576304,
					"max_snd_wnd":	3144448,
					"max_rtt":	557997,
					"min_rtt":	198578,
					"mean_rtt":	455377,
					"sender":	true
				},
				"receiver":	{
					"socket":	6,
					"start":	0,
					"end":	10.441479,
					"seconds":	10.001036,
					"bytes":	7761280,
					"bits_per_second":	5946498.5755370483,
					"sender":	true
				}
			}],
		"sum_sent":	{
			"start":	0,
			"end":	10.001036,
			"seconds":	10.001036,
			"bytes":	10747904,
			"bits_per_second":	8597432.50599238,
			"retransmits":	23,
			"sender":	true
		},
		"sum_received":	{
			"start":	0,
			"end":	10.441479,
			"seconds":	10.441479,
			"bytes":	7761280,
			"bits_per_second":	5946498.5755370483,
			"sender":	true
		},
		"cpu_utilization_percent":	{
			"host_total":	1.4400907968415013,
			"host_user":	0.27466723606462012,
			"host_system":	1.1654141294945246,
			"remote_total":	0.592415336812019,
			"remote_user":	0.070468856366503949,
			"remote_system":	0.521946480445515
		},
		"sender_tcp_congestion":	"bbr",
		"receiver_tcp_congestion":	"bbr"
	}
}
