{
	"start":	{
		"connected":	[{
				"socket":	6,
				"local_host":	"192.168.101.210",
				"local_port":	37956,
				"remote_host":	"192.168.100.168",
				"remote_port":	5201
			}],
		"version":	"iperf 3.11",
		"system_info":	"Linux f1 6.0.10-300.fc37.x86_64 #1 SMP PREEMPT_DYNAMIC Sat Nov 26 16:55:13 UTC 2022 x86_64",
		"timestamp":	{
			"time":	"Fri, 09 Dec 2022 22:57:40 GMT",
			"timesecs":	1670626660
		},
		"connecting_to":	{
			"host":	"192.168.100.168",
			"port":	5201
		},
		"cookie":	"crki4p4a23awwtgvuyr4zbdpb3s7popmaglu",
		"tcp_mss_default":	1448,
		"target_bitrate":	0,
		"sock_bufsize":	0,
		"sndbuf_actual":	16384,
		"rcvbuf_actual":	131072,
		"test_start":	{
			"protocol":	"TCP",
			"num_streams":	1,
			"blksize":	131072,
			"omit":	0,
			"duration":	10,
			"bytes":	0,
			"blocks":	0,
			"reverse":	0,
			"tos":	0,
			"target_bitrate":	0
		}
	},
	"intervals":	[{
			"streams":	[{
					"socket":	6,
					"start":	0,
					"end":	1.000153,
					"seconds":	1.0001529455184937,
					"bytes":	2787400,
					"bits_per_second":	22295789.95884452,
					"retransmits":	0,
					"snd_cwnd":	247608,
					"snd_wnd":	948864,
					"rtt":	132470,
					"rttvar":	257,
					"pmtu":	1500,
					"omitted":	false,
					"sender":	true
				}],
			"sum":	{
				"start":	0,
				"end":	1.000153,
				"seconds":	1.0001529455184937,
				"bytes":	2787400,
				"bits_per_second":	22295789.95884452,
				"retransmits":	0,
				"omitted":	false,
				"sender":	true
			}
		}, {
			"streams":	[{
					"socket":	6,
					"start":	1.000153,
					"end":	2.000124,
					"seconds":	0.99997097253799438,
					"bytes":	2476080,
					"bits_per_second":	19809215.0112361,
					"retransmits":	0,
					"snd_cwnd":	343176,
					"snd_wnd":	948864,
					"rtt":	158793,
					"rttvar":	1181,
					"pmtu":	1500,
					"omitted":	false,
					"sender":	true
				}],
			"sum":	{
				"start":	1.000153,
				"end":	2.000124,
				"seconds":	0.99997097253799438,
				"bytes":	2476080,
				"bits_per_second":	19809215.0112361,
				"retransmits":	0,
				"omitted":	false,
				"sender":	true
			}
		}, {
			"streams":	[{
					"socket":	6,
					"start":	2.000124,
					"end":	3.000186,
					"seconds":	1.0000619888305664,
					"bytes":	2541240,
					"bits_per_second":	20328659.850148909,
					"retransmits":	0,
					"snd_cwnd":	450328,
					"snd_wnd":	972800,
					"rtt":	197242,
					"rttvar":	267,
					"pmtu":	1500,
					"omitted":	false,
					"sender":	true
				}],
			"sum":	{
				"start":	2.000124,
				"end":	3.000186,
				"seconds":	1.0000619888305664,
				"bytes":	2541240,
				"bits_per_second":	20328659.850148909,
				"retransmits":	0,
				"omitted":	false,
				"sender":	true
			}
		}, {
			"streams":	[{
					"socket":	6,
					"start":	3.000186,
					"end":	4.000086,
					"seconds":	0.999899983406067,
					"bytes":	3127680,
					"bits_per_second":	25023942.809526585,
					"retransmits":	0,
					"snd_cwnd":	558928,
					"snd_wnd":	1168256,
					"rtt":	240565,
					"rttvar":	495,
					"pmtu":	1500,
					"omitted":	false,
					"sender":	true
				}],
			"sum":	{
				"start":	3.000186,
				"end":	4.000086,
				"seconds":	0.999899983406067,
				"bytes":	3127680,
				"bits_per_second":	25023942.809526585,
				"retransmits":	0,
				"omitted":	false,
				"sender":	true
			}
		}, {
			"streams":	[{
					"socket":	6,
					"start":	4.000086,
					"end":	5.000148,
					"seconds":	1.0000619888305664,
					"bytes":	2436944,
					"bits_per_second":	19494343.568439532,
					"retransmits":	0,
					"snd_cwnd":	671872,
					"snd_wnd":	1429376,
					"rtt":	282553,
					"rttvar":	735,
					"pmtu":	1500,
					"omitted":	false,
					"sender":	true
				}],
			"sum":	{
				"start":	4.000086,
				"end":	5.000148,
				"seconds":	1.0000619888305664,
				"bytes":	2436944,
				"bits_per_second":	19494343.568439532,
				"retransmits":	0,
				"omitted":	false,
				"sender":	true
			}
		}, {
			"streams":	[{
					"socket":	6,
					"start":	5.000148,
					"end":	6.000094,
					"seconds":	0.9999459981918335,
					"bytes":	2621440,
					"bits_per_second":	20972652.561160352,
					"retransmits":	0,
					"snd_cwnd":	784816,
					"snd_wnd":	1643904,
					"rtt":	326765,
					"rttvar":	525,
					"pmtu":	1500,
					"omitted":	false,
					"sender":	true
				}],
			"sum":	{
				"start":	5.000148,
				"end":	6.000094,
				"seconds":	0.9999459981918335,
				"bytes":	2621440,
				"bits_per_second":	20972652.561160352,
				"retransmits":	0,
				"omitted":	false,
				"sender":	true
			}
		}, {
			"streams":	[{
					"socket":	6,
					"start":	6.000094,
					"end":	7.0005,
					"seconds":	1.00040602684021,
					"bytes":	1310720,
					"bits_per_second":	10481504.227957675,
					"retransmits":	0,
					"snd_cwnd":	900656,
					"snd_wnd":	1907712,
					"rtt":	370532,
					"rttvar":	185,
					"pmtu":	1500,
					"omitted":	false,
					"sender":	true
				}],
			"sum":	{
				"start":	6.000094,
				"end":	7.0005,
				"seconds":	1.00040602684021,
				"bytes":	1310720,
				"bits_per_second":	10481504.227957675,
				"retransmits":	0,
				"omitted":	false,
				"sender":	true
			}
		}, {
			"streams":	[{
					"socket":	6,
					"start":	7.0005,
					"end":	8.000347,
					"seconds":	0.99984699487686157,
					"bytes":	2621440,
					"bits_per_second":	20974729.241030321,
					"retransmits":	0,
					"snd_cwnd":	1016496,
					"snd_wnd":	2201600,
					"rtt":	415735,
					"rttvar":	466,
					"pmtu":	1500,
					"omitted":	false,
					"sender":	true
				}],
			"sum":	{
				"start":	7.0005,
				"end":	8.000347,
				"seconds":	0.99984699487686157,
				"bytes":	2621440,
				"bits_per_second":	20974729.241030321,
				"retransmits":	0,
				"omitted":	false,
				"sender":	true
			}
		}, {
			"streams":	[{
					"socket":	6,
					"start":	8.000347,
					"end":	9.000769,
					"seconds":	1.00042200088501,
					"bytes":	1310720,
					"bits_per_second":	10481336.866566224,
					"retransmits":	37,
					"snd_cwnd":	750064,
					"snd_wnd":	2031104,
					"rtt":	402310,
					"rttvar":	2981,
					"pmtu":	1500,
					"omitted":	false,
					"sender":	true
				}],
			"sum":	{
				"start":	8.000347,
				"end":	9.000769,
				"seconds":	1.00042200088501,
				"bytes":	1310720,
				"bits_per_second":	10481336.866566224,
				"retransmits":	37,
				"omitted":	false,
				"sender":	true
			}
		}, {
			"streams":	[{
					"socket":	6,
					"start":	9.000769,
					"end":	10.000144,
					"seconds":	0.99937498569488525,
					"bytes":	3932160,
					"bits_per_second":	31476953.546247836,
					"retransmits":	0,
					"snd_cwnd":	805088,
					"snd_wnd":	3144448,
					"rtt":	331331,
					"rttvar":	287,
					"pmtu":	1500,
					"omitted":	false,
					"sender":	true
				}],
			"sum":	{
				"start":	9.000769,
				"end":	10.000144,
				"seconds":	0.99937498569488525,
				"bytes":	3932160,
				"bits_per_second":	31476953.546247836,
				"retransmits":	0,
				"omitted":	false,
				"sender":	true
			}
		}],
	"end":	{
		"streams":	[{
				"sender":	{
					"socket":	6,
					"start":	0,
					"end":	10.000144,
					"seconds":	10.000144,
					"bytes":	25165824,
					"bits_per_second":	20132369.293882165,
					"retransmits":	37,
					"max_snd_cwnd":	1016496,
					"max_snd_wnd":	3144448,
					"max_rtt":	415735,
					"min_rtt":	132470,
					"mean_rtt":	285829,
					"sender":	true
				},
				"receiver":	{
					"socket":	6,
					"start":	0,
					"end":	10.344731,
					"seconds":	10.000144,
					"bytes":	22500472,
					"bits_per_second":	17400527.4762582,
					"sender":	true
				}
			}],
		"sum_sent":	{
			"start":	0,
			"end":	10.000144,
			"seconds":	10.000144,
			"bytes":	25165824,
			"bits_per_second":	20132369.293882165,
			"retransmits":	37,
			"sender":	true
		},
		"sum_received":	{
			"start":	0,
			"end":	10.344731,
			"seconds":	10.344731,
			"bytes":	22500472,
			"bits_per_second":	17400527.4762582,
			"sender":	true
		},
		"cpu_utilization_percent":	{
			"host_total":	0.33944165965271378,
			"host_user":	0.040242368947978349,
			"host_system":	0.29920919042649385,
			"remote_total":	1.6500168249709055,
			"remote_user":	0.24564167519676422,
			"remote_system":	1.4043751497741412
		},
		"sender_tcp_congestion":	"cubic",
		"receiver_tcp_congestion":	"cubic"
	}
}
