{
	"start":	{
		"connected":	[{
				"socket":	6,
				"local_host":	"192.168.101.210",
				"local_port":	41440,
				"remote_host":	"192.168.100.168",
				"remote_port":	5201
			}],
		"version":	"iperf 3.11",
		"system_info":	"Linux f1 6.0.10-300.fc37.x86_64 #1 SMP PREEMPT_DYNAMIC Sat Nov 26 16:55:13 UTC 2022 x86_64",
		"timestamp":	{
			"time":	"Fri, 09 Dec 2022 22:58:50 GMT",
			"timesecs":	1670626730
		},
		"connecting_to":	{
			"host":	"192.168.100.168",
			"port":	5201
		},
		"cookie":	"waczefhkprifr6b4htycnrfgqanrvpuic3no",
		"tcp_mss_default":	1448,
		"target_bitrate":	0,
		"sock_bufsize":	0,
		"sndbuf_actual":	16384,
		"rcvbuf_actual":	131072,
		"test_start":	{
			"protocol":	"TCP",
			"num_streams":	1,
			"blksize":	131072,
			"omit":	0,
			"duration":	10,
			"bytes":	0,
			"blocks":	0,
			"reverse":	0,
			"tos":	0,
			"target_bitrate":	0
		}
	},
	"intervals":	[{
			"streams":	[{
					"socket":	6,
					"start":	0,
					"end":	1.000183,
					"seconds":	1.0001829862594604,
					"bytes":	2901792,
					"bits_per_second":	23210088.872655448,
					"retransmits":	0,
					"snd_cwnd":	330144,
					"snd_wnd":	2027264,
					"rtt":	198761,
					"rttvar":	653,
					"pmtu":	1500,
					"omitted":	false,
					"sender":	true
				}],
			"sum":	{
				"start":	0,
				"end":	1.000183,
				"seconds":	1.0001829862594604,
				"bytes":	2901792,
				"bits_per_second":	23210088.872655448,
				"retransmits":	0,
				"omitted":	false,
				"sender":	true
			}
		}, {
			"streams":	[{
					"socket":	6,
					"start":	1.000183,
					"end":	2.000102,
					"seconds":	0.99991899728775024,
					"bytes":	2345760,
					"bits_per_second":	18767600.226520766,
					"retransmits":	0,
					"snd_cwnd":	417024,
					"snd_wnd":	2027392,
					"rtt":	231158,
					"rttvar":	290,
					"pmtu":	1500,
					"omitted":	false,
					"sender":	true
				}],
			"sum":	{
				"start":	1.000183,
				"end":	2.000102,
				"seconds":	0.99991899728775024,
				"bytes":	2345760,
				"bits_per_second":	18767600.226520766,
				"retransmits":	0,
				"omitted":	false,
				"sender":	true
			}
		}, {
			"streams":	[{
					"socket":	6,
					"start":	2.000102,
					"end":	3.000275,
					"seconds":	1.0001729726791382,
					"bytes":	1889640,
					"bits_per_second":	15114505.603471918,
					"retransmits":	0,
					"snd_cwnd":	508248,
					"snd_wnd":	2027392,
					"rtt":	245377,
					"rttvar":	764,
					"pmtu":	1500,
					"omitted":	false,
					"sender":	true
				}],
			"sum":	{
				"start":	2.000102,
				"end":	3.000275,
				"seconds":	1.0001729726791382,
				"bytes":	1889640,
				"bits_per_second":	15114505.603471918,
				"retransmits":	0,
				"omitted":	false,
				"sender":	true
			}
		}, {
			"streams":	[{
					"socket":	6,
					"start":	3.000275,
					"end":	4.000422,
					"seconds":	1.0001469850540161,
					"bytes":	2215440,
					"bits_per_second":	17720915.290308841,
					"retransmits":	0,
					"snd_cwnd":	611056,
					"snd_wnd":	2027392,
					"rtt":	281262,
					"rttvar":	604,
					"pmtu":	1500,
					"omitted":	false,
					"sender":	true
				}],
			"sum":	{
				"start":	3.000275,
				"end":	4.000422,
				"seconds":	1.0001469850540161,
				"bytes":	2215440,
				"bits_per_second":	17720915.290308841,
				"retransmits":	0,
				"omitted":	false,
				"sender":	true
			}
		}, {
			"streams":	[{
					"socket":	6,
					"start":	4.000422,
					"end":	5.000442,
					"seconds":	1.0000200271606445,
					"bytes":	2443848,
					"bits_per_second":	19550392.461149517,
					"retransmits":	0,
					"snd_cwnd":	716760,
					"snd_wnd":	2027392,
					"rtt":	314404,
					"rttvar":	340,
					"pmtu":	1500,
					"omitted":	false,
					"sender":	true
				}],
			"sum":	{
				"start":	4.000422,
				"end":	5.000442,
				"seconds":	1.0000200271606445,
				"bytes":	2443848,
				"bits_per_second":	19550392.461149517,
				"retransmits":	0,
				"omitted":	false,
				"sender":	true
			}
		}, {
			"streams":	[{
					"socket":	6,
					"start":	5.000442,
					"end":	6.000301,
					"seconds":	0.99985897541046143,
					"bytes":	2621440,
					"bits_per_second":	20974477.91713905,
					"retransmits":	0,
					"snd_cwnd":	825360,
					"snd_wnd":	2027392,
					"rtt":	358182,
					"rttvar":	444,
					"pmtu":	1500,
					"omitted":	false,
					"sender":	true
				}],
			"sum":	{
				"start":	5.000442,
				"end":	6.000301,
				"seconds":	0.99985897541046143,
				"bytes":	2621440,
				"bits_per_second":	20974477.91713905,
				"retransmits":	0,
				"omitted":	false,
				"sender":	true
			}
		}, {
			"streams":	[{
					"socket":	6,
					"start":	6.000301,
					"end":	7.000104,
					"seconds":	0.99980300664901733,
					"bytes":	2621440,
					"bits_per_second":	20975652.063989133,
					"retransmits":	0,
					"snd_cwnd":	936856,
					"snd_wnd":	2035968,
					"rtt":	398322,
					"rttvar":	295,
					"pmtu":	1500,
					"omitted":	false,
					"sender":	true
				}],
			"sum":	{
				"start":	6.000301,
				"end":	7.000104,
				"seconds":	0.99980300664901733,
				"bytes":	2621440,
				"bits_per_second":	20975652.063989133,
				"retransmits":	0,
				"omitted":	false,
				"sender":	true
			}
		}, {
			"streams":	[{
					"socket":	6,
					"start":	7.000104,
					"end":	8.000495,
					"seconds":	1.0003910064697266,
					"bytes":	1310720,
					"bits_per_second":	10481661.602499938,
					"retransmits":	0,
					"snd_cwnd":	1051248,
					"snd_wnd":	2207616,
					"rtt":	439417,
					"rttvar":	372,
					"pmtu":	1500,
					"omitted":	false,
					"sender":	true
				}],
			"sum":	{
				"start":	7.000104,
				"end":	8.000495,
				"seconds":	1.0003910064697266,
				"bytes":	1310720,
				"bits_per_second":	10481661.602499938,
				"retransmits":	0,
				"omitted":	false,
				"sender":	true
			}
		}, {
			"streams":	[{
					"socket":	6,
					"start":	8.000495,
					"end":	9.000315,
					"seconds":	0.99981999397277832,
					"bytes":	2621440,
					"bits_per_second":	20975295.679645091,
					"retransmits":	0,
					"snd_cwnd":	1165640,
					"snd_wnd":	2446336,
					"rtt":	479773,
					"rttvar":	225,
					"pmtu":	1500,
					"omitted":	false,
					"sender":	true
				}],
			"sum":	{
				"start":	8.000495,
				"end":	9.000315,
				"seconds":	0.99981999397277832,
				"bytes":	2621440,
				"bits_per_second":	20975295.679645091,
				"retransmits":	0,
				"omitted":	false,
				"sender":	true
			}
		}, {
			"streams":	[{
					"socket":	6,
					"start":	9.000315,
					"end":	10.000165,
					"seconds":	0.99984997510910034,
					"bytes":	2621440,
					"bits_per_second":	20974666.722086638,
					"retransmits":	0,
					"snd_cwnd":	1281480,
					"snd_wnd":	2691072,
					"rtt":	526809,
					"rttvar":	900,
					"pmtu":	1500,
					"omitted":	false,
					"sender":	true
				}],
			"sum":	{
				"start":	9.000315,
				"end":	10.000165,
				"seconds":	0.99984997510910034,
				"bytes":	2621440,
				"bits_per_second":	20974666.722086638,
				"retransmits":	0,
				"omitted":	false,
				"sender":	true
			}
		}],
	"end":	{
		"streams":	[{
				"sender":	{
					"socket":	6,
					"start":	0,
					"end":	10.000165,
					"seconds":	10.000165,
					"bytes":	23592960,
					"bits_per_second":	18874056.578066461,
					"retransmits":	0,
					"max_snd_cwnd":	1281480,
					"max_snd_wnd":	2691072,
					"max_rtt":	526809,
					"min_rtt":	198761,
					"mean_rtt":	347346,
					"sender":	true
				},
				"receiver":	{
					"socket":	6,
					"start":	0,
					"end":	10.554344,
					"seconds":	10.000165,
					"bytes":	21649048,
					"bits_per_second":	16409583.011506921,
					"sender":	true
				}
			}],
		"sum_sent":	{
			"start":	0,
			"end":	10.000165,
			"seconds":	10.000165,
			"bytes":	23592960,
			"bits_per_second":	18874056.578066461,
			"retransmits":	0,
			"sender":	true
		},
		"sum_received":	{
			"start":	0,
			"end":	10.554344,
			"seconds":	10.554344,
			"bytes":	21649048,
			"bits_per_second":	16409583.011506921,
			"sender":	true
		},
		"cpu_utilization_percent":	{
			"host_total":	0.54454338203451857,
			"host_user":	0.10891063681797053,
			"host_system":	0.435632745216548,
			"remote_total":	1.6244738791160551,
			"remote_user":	0.14382666669572255,
			"remote_system":	1.4806282629253793
		},
		"sender_tcp_congestion":	"cubic",
		"receiver_tcp_congestion":	"cubic"
	}
}
