{
	"start":	{
		"connected":	[{
				"socket":	6,
				"local_host":	"192.168.101.210",
				"local_port":	37024,
				"remote_host":	"192.168.100.168",
				"remote_port":	5201
			}],
		"version":	"iperf 3.11",
		"system_info":	"Linux f1 6.0.10-300.fc37.x86_64 #1 SMP PREEMPT_DYNAMIC Sat Nov 26 16:55:13 UTC 2022 x86_64",
		"timestamp":	{
			"time":	"Fri, 09 Dec 2022 22:55:38 GMT",
			"timesecs":	1670626538
		},
		"connecting_to":	{
			"host":	"192.168.100.168",
			"port":	5201
		},
		"cookie":	"svjaekc2yr5sku5ofegkuitjgz2f7nfhkfpd",
		"tcp_mss_default":	1448,
		"target_bitrate":	0,
		"sock_bufsize":	0,
		"sndbuf_actual":	16384,
		"rcvbuf_actual":	131072,
		"test_start":	{
			"protocol":	"TCP",
			"num_streams":	1,
			"blksize":	131072,
			"omit":	0,
			"duration":	10,
			"bytes":	0,
			"blocks":	0,
			"reverse":	0,
			"tos":	0,
			"target_bitrate":	0
		}
	},
	"intervals":	[{
			"streams":	[{
					"socket":	6,
					"start":	0,
					"end":	1.00016,
					"seconds":	1.0001599788665771,
					"bytes":	1928736,
					"bits_per_second":	15427419.938843975,
					"retransmits":	45,
					"snd_cwnd":	62264,
					"snd_wnd":	501376,
					"rtt":	36502,
					"rttvar":	318,
					"pmtu":	1500,
					"omitted":	false,
					"sender":	true
				}],
			"sum":	{
				"start":	0,
				"end":	1.00016,
				"seconds":	1.0001599788665771,
				"bytes":	1928736,
				"bits_per_second":	15427419.938843975,
				"retransmits":	45,
				"omitted":	false,
				"sender":	true
			}
		}, {
			"streams":	[{
					"socket":	6,
					"start":	1.00016,
					"end":	2.000112,
					"seconds":	0.99995201826095581,
					"bytes":	1824480,
					"bits_per_second":	14596540.367390856,
					"retransmits":	0,
					"snd_cwnd":	81088,
					"snd_wnd":	501376,
					"rtt":	42766,
					"rttvar":	343,
					"pmtu":	1500,
					"omitted":	false,
					"sender":	true
				}],
			"sum":	{
				"start":	1.00016,
				"end":	2.000112,
				"seconds":	0.99995201826095581,
				"bytes":	1824480,
				"bits_per_second":	14596540.367390856,
				"retransmits":	0,
				"omitted":	false,
				"sender":	true
			}
		}, {
			"streams":	[{
					"socket":	6,
					"start":	2.000112,
					"end":	3.000127,
					"seconds":	1.0000150203704834,
					"bytes":	1824480,
					"bits_per_second":	14595620.768368624,
					"retransmits":	4,
					"snd_cwnd":	70952,
					"snd_wnd":	573056,
					"rtt":	39428,
					"rttvar":	397,
					"pmtu":	1500,
					"omitted":	false,
					"sender":	true
				}],
			"sum":	{
				"start":	2.000112,
				"end":	3.000127,
				"seconds":	1.0000150203704834,
				"bytes":	1824480,
				"bits_per_second":	14595620.768368624,
				"retransmits":	4,
				"omitted":	false,
				"sender":	true
			}
		}, {
			"streams":	[{
					"socket":	6,
					"start":	3.000127,
					"end":	4.000158,
					"seconds":	1.0000309944152832,
					"bytes":	1824480,
					"bits_per_second":	14595387.624494746,
					"retransmits":	2,
					"snd_cwnd":	62264,
					"snd_wnd":	574464,
					"rtt":	33071,
					"rttvar":	415,
					"pmtu":	1500,
					"omitted":	false,
					"sender":	true
				}],
			"sum":	{
				"start":	3.000127,
				"end":	4.000158,
				"seconds":	1.0000309944152832,
				"bytes":	1824480,
				"bits_per_second":	14595387.624494746,
				"retransmits":	2,
				"omitted":	false,
				"sender":	true
			}
		}, {
			"streams":	[{
					"socket":	6,
					"start":	4.000158,
					"end":	5.000118,
					"seconds":	0.99996000528335571,
					"bytes":	1824480,
					"bits_per_second":	14596423.779833095,
					"retransmits":	0,
					"snd_cwnd":	81088,
					"snd_wnd":	574464,
					"rtt":	43228,
					"rttvar":	478,
					"pmtu":	1500,
					"omitted":	false,
					"sender":	true
				}],
			"sum":	{
				"start":	4.000158,
				"end":	5.000118,
				"seconds":	0.99996000528335571,
				"bytes":	1824480,
				"bits_per_second":	14596423.779833095,
				"retransmits":	0,
				"omitted":	false,
				"sender":	true
			}
		}, {
			"streams":	[{
					"socket":	6,
					"start":	5.000118,
					"end":	6.000157,
					"seconds":	1.0000389814376831,
					"bytes":	1824480,
					"bits_per_second":	14595271.055350889,
					"retransmits":	2,
					"snd_cwnd":	72400,
					"snd_wnd":	574464,
					"rtt":	38812,
					"rttvar":	382,
					"pmtu":	1500,
					"omitted":	false,
					"sender":	true
				}],
			"sum":	{
				"start":	5.000118,
				"end":	6.000157,
				"seconds":	1.0000389814376831,
				"bytes":	1824480,
				"bits_per_second":	14595271.055350889,
				"retransmits":	2,
				"omitted":	false,
				"sender":	true
			}
		}, {
			"streams":	[{
					"socket":	6,
					"start":	6.000157,
					"end":	7.000123,
					"seconds":	0.999966025352478,
					"bytes":	1889640,
					"bits_per_second":	15117633.61627348,
					"retransmits":	4,
					"snd_cwnd":	62264,
					"snd_wnd":	574464,
					"rtt":	33270,
					"rttvar":	313,
					"pmtu":	1500,
					"omitted":	false,
					"sender":	true
				}],
			"sum":	{
				"start":	6.000157,
				"end":	7.000123,
				"seconds":	0.999966025352478,
				"bytes":	1889640,
				"bits_per_second":	15117633.61627348,
				"retransmits":	4,
				"omitted":	false,
				"sender":	true
			}
		}, {
			"streams":	[{
					"socket":	6,
					"start":	7.000123,
					"end":	8.000149,
					"seconds":	1.0000259876251221,
					"bytes":	1824480,
					"bits_per_second":	14595460.698638881,
					"retransmits":	0,
					"snd_cwnd":	81088,
					"snd_wnd":	574464,
					"rtt":	42196,
					"rttvar":	592,
					"pmtu":	1500,
					"omitted":	false,
					"sender":	true
				}],
			"sum":	{
				"start":	7.000123,
				"end":	8.000149,
				"seconds":	1.0000259876251221,
				"bytes":	1824480,
				"bits_per_second":	14595460.698638881,
				"retransmits":	0,
				"omitted":	false,
				"sender":	true
			}
		}, {
			"streams":	[{
					"socket":	6,
					"start":	8.000149,
					"end":	9.000149,
					"seconds":	1,
					"bytes":	1824480,
					"bits_per_second":	14595840,
					"retransmits":	2,
					"snd_cwnd":	72400,
					"snd_wnd":	574464,
					"rtt":	39325,
					"rttvar":	87,
					"pmtu":	1500,
					"omitted":	false,
					"sender":	true
				}],
			"sum":	{
				"start":	8.000149,
				"end":	9.000149,
				"seconds":	1,
				"bytes":	1824480,
				"bits_per_second":	14595840,
				"retransmits":	2,
				"omitted":	false,
				"sender":	true
			}
		}, {
			"streams":	[{
					"socket":	6,
					"start":	9.000149,
					"end":	10.00014,
					"seconds":	0.999990999698639,
					"bytes":	1824480,
					"bits_per_second":	14595971.368140971,
					"retransmits":	1,
					"snd_cwnd":	65160,
					"snd_wnd":	574464,
					"rtt":	35348,
					"rttvar":	575,
					"pmtu":	1500,
					"omitted":	false,
					"sender":	true
				}],
			"sum":	{
				"start":	9.000149,
				"end":	10.00014,
				"seconds":	0.999990999698639,
				"bytes":	1824480,
				"bits_per_second":	14595971.368140971,
				"retransmits":	1,
				"omitted":	false,
				"sender":	true
			}
		}],
	"end":	{
		"streams":	[{
				"sender":	{
					"socket":	6,
					"start":	0,
					"end":	10.00014,
					"seconds":	10.00014,
					"bytes":	18414216,
					"bits_per_second":	14731166.563668109,
					"retransmits":	60,
					"max_snd_cwnd":	81088,
					"max_snd_wnd":	574464,
					"max_rtt":	43228,
					"min_rtt":	33071,
					"mean_rtt":	38394,
					"sender":	true
				},
				"receiver":	{
					"socket":	6,
					"start":	0,
					"end":	10.036116,
					"seconds":	10.00014,
					"bytes":	17963888,
					"bits_per_second":	14319394.4749144,
					"sender":	true
				}
			}],
		"sum_sent":	{
			"start":	0,
			"end":	10.00014,
			"seconds":	10.00014,
			"bytes":	18414216,
			"bits_per_second":	14731166.563668109,
			"retransmits":	60,
			"sender":	true
		},
		"sum_received":	{
			"start":	0,
			"end":	10.036116,
			"seconds":	10.036116,
			"bytes":	17963888,
			"bits_per_second":	14319394.4749144,
			"sender":	true
		},
		"cpu_utilization_percent":	{
			"host_total":	0.13710902722242857,
			"host_user":	0.007683693665303493,
			"host_system":	0.12942533355712507,
			"remote_total":	1.3885235421469315,
			"remote_user":	0.047358901759722474,
			"remote_system":	1.3411646403872091
		},
		"sender_tcp_congestion":	"cubic",
		"receiver_tcp_congestion":	"cubic"
	}
}
