{
	"start":	{
		"connected":	[{
				"socket":	6,
				"local_host":	"192.168.101.210",
				"local_port":	37914,
				"remote_host":	"192.168.100.168",
				"remote_port":	5202
			}],
		"version":	"iperf 3.11",
		"system_info":	"Linux f1 6.0.10-300.fc37.x86_64 #1 SMP PREEMPT_DYNAMIC Sat Nov 26 16:55:13 UTC 2022 x86_64",
		"timestamp":	{
			"time":	"Fri, 09 Dec 2022 23:00:27 GMT",
			"timesecs":	1670626827
		},
		"connecting_to":	{
			"host":	"192.168.100.168",
			"port":	5202
		},
		"cookie":	"gfa2msuxjwfyktc6ffgjpouuehppsnaafy63",
		"tcp_mss_default":	1448,
		"target_bitrate":	0,
		"sock_bufsize":	0,
		"sndbuf_actual":	16384,
		"rcvbuf_actual":	131072,
		"test_start":	{
			"protocol":	"TCP",
			"num_streams":	1,
			"blksize":	131072,
			"omit":	0,
			"duration":	10,
			"bytes":	0,
			"blocks":	0,
			"reverse":	0,
			"tos":	0,
			"target_bitrate":	0
		}
	},
	"intervals":	[{
			"streams":	[{
					"socket":	6,
					"start":	0,
					"end":	1.000167,
					"seconds":	1.0001670122146606,
					"bytes":	3792312,
					"bits_per_second":	30333429.94668635,
					"retransmits":	92,
					"snd_cwnd":	296840,
					"snd_wnd":	930432,
					"rtt":	139921,
					"rttvar":	533,
					"pmtu":	1500,
					"omitted":	false,
					"sender":	true
				}],
			"sum":	{
				"start":	0,
				"end":	1.000167,
				"seconds":	1.0001670122146606,
				"bytes":	3792312,
				"bits_per_second":	30333429.94668635,
				"retransmits":	92,
				"omitted":	false,
				"sender":	true
			}
		}, {
			"streams":	[{
					"socket":	6,
					"start":	1.000167,
					"end":	2.00032,
					"seconds":	1.0001529455184937,
					"bytes":	2499144,
					"bits_per_second":	19990094.60461596,
					"retransmits":	196,
					"snd_cwnd":	454672,
					"snd_wnd":	3144448,
					"rtt":	122515,
					"rttvar":	2288,
					"pmtu":	1500,
					"omitted":	false,
					"sender":	true
				}],
			"sum":	{
				"start":	1.000167,
				"end":	2.00032,
				"seconds":	1.0001529455184937,
				"bytes":	2499144,
				"bits_per_second":	19990094.60461596,
				"retransmits":	196,
				"omitted":	false,
				"sender":	true
			}
		}, {
			"streams":	[{
					"socket":	6,
					"start":	2.00032,
					"end":	3.000638,
					"seconds":	1.0003180503845215,
					"bytes":	1310720,
					"bits_per_second":	10482426.060360784,
					"retransmits":	22,
					"snd_cwnd":	434400,
					"snd_wnd":	3142528,
					"rtt":	118156,
					"rttvar":	222,
					"pmtu":	1500,
					"omitted":	false,
					"sender":	true
				}],
			"sum":	{
				"start":	2.00032,
				"end":	3.000638,
				"seconds":	1.0003180503845215,
				"bytes":	1310720,
				"bits_per_second":	10482426.060360784,
				"retransmits":	22,
				"omitted":	false,
				"sender":	true
			}
		}, {
			"streams":	[{
					"socket":	6,
					"start":	3.000638,
					"end":	4.000327,
					"seconds":	0.999688982963562,
					"bytes":	2621440,
					"bits_per_second":	20978044.529239748,
					"retransmits":	0,
					"snd_cwnd":	434400,
					"snd_wnd":	3144448,
					"rtt":	120116,
					"rttvar":	740,
					"pmtu":	1500,
					"omitted":	false,
					"sender":	true
				}],
			"sum":	{
				"start":	3.000638,
				"end":	4.000327,
				"seconds":	0.999688982963562,
				"bytes":	2621440,
				"bits_per_second":	20978044.529239748,
				"retransmits":	0,
				"omitted":	false,
				"sender":	true
			}
		}, {
			"streams":	[{
					"socket":	6,
					"start":	4.000327,
					"end":	5.000069,
					"seconds":	0.99974197149276733,
					"bytes":	2621440,
					"bits_per_second":	20976932.646617126,
					"retransmits":	14,
					"snd_cwnd":	448880,
					"snd_wnd":	3144448,
					"rtt":	120118,
					"rttvar":	281,
					"pmtu":	1500,
					"omitted":	false,
					"sender":	true
				}],
			"sum":	{
				"start":	4.000327,
				"end":	5.000069,
				"seconds":	0.99974197149276733,
				"bytes":	2621440,
				"bits_per_second":	20976932.646617126,
				"retransmits":	14,
				"omitted":	false,
				"sender":	true
			}
		}, {
			"streams":	[{
					"socket":	6,
					"start":	5.000069,
					"end":	6.000426,
					"seconds":	1.0003570318222046,
					"bytes":	1310720,
					"bits_per_second":	10482017.586160833,
					"retransmits":	14,
					"snd_cwnd":	443088,
					"snd_wnd":	3144448,
					"rtt":	114597,
					"rttvar":	1470,
					"pmtu":	1500,
					"omitted":	false,
					"sender":	true
				}],
			"sum":	{
				"start":	5.000069,
				"end":	6.000426,
				"seconds":	1.0003570318222046,
				"bytes":	1310720,
				"bits_per_second":	10482017.586160833,
				"retransmits":	14,
				"omitted":	false,
				"sender":	true
			}
		}, {
			"streams":	[{
					"socket":	6,
					"start":	6.000426,
					"end":	7.000156,
					"seconds":	0.99972999095916748,
					"bytes":	2621440,
					"bits_per_second":	20977184.029339131,
					"retransmits":	4,
					"snd_cwnd":	249056,
					"snd_wnd":	3144448,
					"rtt":	119935,
					"rttvar":	1947,
					"pmtu":	1500,
					"omitted":	false,
					"sender":	true
				}],
			"sum":	{
				"start":	6.000426,
				"end":	7.000156,
				"seconds":	0.99972999095916748,
				"bytes":	2621440,
				"bits_per_second":	20977184.029339131,
				"retransmits":	4,
				"omitted":	false,
				"sender":	true
			}
		}, {
			"streams":	[{
					"socket":	6,
					"start":	7.000156,
					"end":	8.000552,
					"seconds":	1.0003960132598877,
					"bytes":	1310720,
					"bits_per_second":	10481609.143794097,
					"retransmits":	0,
					"snd_cwnd":	454672,
					"snd_wnd":	3144448,
					"rtt":	117601,
					"rttvar":	349,
					"pmtu":	1500,
					"omitted":	false,
					"sender":	true
				}],
			"sum":	{
				"start":	7.000156,
				"end":	8.000552,
				"seconds":	1.0003960132598877,
				"bytes":	1310720,
				"bits_per_second":	10481609.143794097,
				"retransmits":	0,
				"omitted":	false,
				"sender":	true
			}
		}, {
			"streams":	[{
					"socket":	6,
					"start":	8.000552,
					"end":	9.000305,
					"seconds":	0.99975299835205078,
					"bytes":	2621440,
					"bits_per_second":	20976701.279784646,
					"retransmits":	11,
					"snd_cwnd":	454672,
					"snd_wnd":	3144448,
					"rtt":	112730,
					"rttvar":	324,
					"pmtu":	1500,
					"omitted":	false,
					"sender":	true
				}],
			"sum":	{
				"start":	8.000552,
				"end":	9.000305,
				"seconds":	0.99975299835205078,
				"bytes":	2621440,
				"bits_per_second":	20976701.279784646,
				"retransmits":	11,
				"omitted":	false,
				"sender":	true
			}
		}, {
			"streams":	[{
					"socket":	6,
					"start":	9.000305,
					"end":	10.000075,
					"seconds":	0.99976998567581177,
					"bytes":	2621440,
					"bits_per_second":	20976344.859786864,
					"retransmits":	0,
					"snd_cwnd":	454672,
					"snd_wnd":	3144448,
					"rtt":	125984,
					"rttvar":	220,
					"pmtu":	1500,
					"omitted":	false,
					"sender":	true
				}],
			"sum":	{
				"start":	9.000305,
				"end":	10.000075,
				"seconds":	0.99976998567581177,
				"bytes":	2621440,
				"bits_per_second":	20976344.859786864,
				"retransmits":	0,
				"omitted":	false,
				"sender":	true
			}
		}],
	"end":	{
		"streams":	[{
				"sender":	{
					"socket":	6,
					"start":	0,
					"end":	10.000075,
					"seconds":	10.000075,
					"bytes":	23330816,
					"bits_per_second":	18664512.816153876,
					"retransmits":	353,
					"max_snd_cwnd":	454672,
					"max_snd_wnd":	3144448,
					"max_rtt":	139921,
					"min_rtt":	112730,
					"mean_rtt":	121167,
					"sender":	true
				},
				"receiver":	{
					"socket":	6,
					"start":	0,
					"end":	10.139588,
					"seconds":	10.000075,
					"bytes":	19669632,
					"bits_per_second":	15519077.895472676,
					"sender":	true
				}
			}],
		"sum_sent":	{
			"start":	0,
			"end":	10.000075,
			"seconds":	10.000075,
			"bytes":	23330816,
			"bits_per_second":	18664512.816153876,
			"retransmits":	353,
			"sender":	true
		},
		"sum_received":	{
			"start":	0,
			"end":	10.139588,
			"seconds":	10.139588,
			"bytes":	19669632,
			"bits_per_second":	15519077.895472676,
			"sender":	true
		},
		"cpu_utilization_percent":	{
			"host_total":	1.03766395293311,
			"host_user":	0.13069222365886887,
			"host_system":	0.90698134323802337,
			"remote_total":	1.3867799965363539,
			"remote_user":	0.085358363107671656,
			"remote_system":	1.3014314957467767
		},
		"sender_tcp_congestion":	"bbr",
		"receiver_tcp_congestion":	"bbr"
	}
}
