{
	"start":	{
		"connected":	[{
				"socket":	6,
				"local_host":	"192.168.101.210",
				"local_port":	47336,
				"remote_host":	"192.168.100.168",
				"remote_port":	5202
			}],
		"version":	"iperf 3.11",
		"system_info":	"Linux f1 6.0.10-300.fc37.x86_64 #1 SMP PREEMPT_DYNAMIC Sat Nov 26 16:55:13 UTC 2022 x86_64",
		"timestamp":	{
			"time":	"Fri, 09 Dec 2022 22:55:48 GMT",
			"timesecs":	1670626548
		},
		"connecting_to":	{
			"host":	"192.168.100.168",
			"port":	5202
		},
		"cookie":	"lllpbrwer5jurjemzjvu7w6ueqfibhs4prla",
		"tcp_mss_default":	1448,
		"target_bitrate":	0,
		"sock_bufsize":	0,
		"sndbuf_actual":	16384,
		"rcvbuf_actual":	131072,
		"test_start":	{
			"protocol":	"TCP",
			"num_streams":	1,
			"blksize":	131072,
			"omit":	0,
			"duration":	10,
			"bytes":	0,
			"blocks":	0,
			"reverse":	0,
			"tos":	0,
			"target_bitrate":	0
		}
	},
	"intervals":	[{
			"streams":	[{
					"socket":	6,
					"start":	0,
					"end":	1.000391,
					"seconds":	1.0003910064697266,
					"bytes":	724000,
					"bits_per_second":	5789736.1756972922,
					"retransmits":	0,
					"snd_cwnd":	46336,
					"snd_wnd":	225280,
					"rtt":	154837,
					"rttvar":	1721,
					"pmtu":	1500,
					"omitted":	false,
					"sender":	true
				}],
			"sum":	{
				"start":	0,
				"end":	1.000391,
				"seconds":	1.0003910064697266,
				"bytes":	724000,
				"bits_per_second":	5789736.1756972922,
				"retransmits":	0,
				"omitted":	false,
				"sender":	true
			}
		}, {
			"streams":	[{
					"socket":	6,
					"start":	1.000391,
					"end":	2.00074,
					"seconds":	1.0003490447998047,
					"bytes":	195480,
					"bits_per_second":	1563294.3402399751,
					"retransmits":	0,
					"snd_cwnd":	34752,
					"snd_wnd":	225280,
					"rtt":	189122,
					"rttvar":	5249,
					"pmtu":	1500,
					"omitted":	false,
					"sender":	true
				}],
			"sum":	{
				"start":	1.000391,
				"end":	2.00074,
				"seconds":	1.0003490447998047,
				"bytes":	195480,
				"bits_per_second":	1563294.3402399751,
				"retransmits":	0,
				"omitted":	false,
				"sender":	true
			}
		}, {
			"streams":	[{
					"socket":	6,
					"start":	2.00074,
					"end":	3.000773,
					"seconds":	1.0000330209732056,
					"bytes":	195480,
					"bits_per_second":	1563788.362186393,
					"retransmits":	0,
					"snd_cwnd":	20272,
					"snd_wnd":	225280,
					"rtt":	235238,
					"rttvar":	6285,
					"pmtu":	1500,
					"omitted":	false,
					"sender":	true
				}],
			"sum":	{
				"start":	2.00074,
				"end":	3.000773,
				"seconds":	1.0000330209732056,
				"bytes":	195480,
				"bits_per_second":	1563788.362186393,
				"retransmits":	0,
				"omitted":	false,
				"sender":	true
			}
		}, {
			"streams":	[{
					"socket":	6,
					"start":	3.000773,
					"end":	4.000222,
					"seconds":	0.99944901466369629,
					"bytes":	195480,
					"bits_per_second":	1564702.1279281715,
					"retransmits":	0,
					"snd_cwnd":	20272,
					"snd_wnd":	225280,
					"rtt":	265926,
					"rttvar":	9353,
					"pmtu":	1500,
					"omitted":	false,
					"sender":	true
				}],
			"sum":	{
				"start":	3.000773,
				"end":	4.000222,
				"seconds":	0.99944901466369629,
				"bytes":	195480,
				"bits_per_second":	1564702.1279281715,
				"retransmits":	0,
				"omitted":	false,
				"sender":	true
			}
		}, {
			"streams":	[{
					"socket":	6,
					"start":	4.000222,
					"end":	5.00105,
					"seconds":	1.00082802772522,
					"bytes":	0,
					"bits_per_second":	0,
					"retransmits":	0,
					"snd_cwnd":	17376,
					"snd_wnd":	225280,
					"rtt":	311013,
					"rttvar":	17126,
					"pmtu":	1500,
					"omitted":	false,
					"sender":	true
				}],
			"sum":	{
				"start":	4.000222,
				"end":	5.00105,
				"seconds":	1.00082802772522,
				"bytes":	0,
				"bits_per_second":	0,
				"retransmits":	0,
				"omitted":	false,
				"sender":	true
			}
		}, {
			"streams":	[{
					"socket":	6,
					"start":	5.00105,
					"end":	6.001054,
					"seconds":	1.0000040531158447,
					"bytes":	0,
					"bits_per_second":	0,
					"retransmits":	0,
					"snd_cwnd":	17376,
					"snd_wnd":	225280,
					"rtt":	363962,
					"rttvar":	33441,
					"pmtu":	1500,
					"omitted":	false,
					"sender":	true
				}],
			"sum":	{
				"start":	5.00105,
				"end":	6.001054,
				"seconds":	1.0000040531158447,
				"bytes":	0,
				"bits_per_second":	0,
				"retransmits":	0,
				"omitted":	false,
				"sender":	true
			}
		}, {
			"streams":	[{
					"socket":	6,
					"start":	6.001054,
					"end":	7.001036,
					"seconds":	0.99998199939727783,
					"bytes":	0,
					"bits_per_second":	0,
					"retransmits":	0,
					"snd_cwnd":	14480,
					"snd_wnd":	225280,
					"rtt":	408990,
					"rttvar":	23956,
					"pmtu":	1500,
					"omitted":	false,
					"sender":	true
				}],
			"sum":	{
				"start":	6.001054,
				"end":	7.001036,
				"seconds":	0.99998199939727783,
				"bytes":	0,
				"bits_per_second":	0,
				"retransmits":	0,
				"omitted":	false,
				"sender":	true
			}
		}, {
			"streams":	[{
					"socket":	6,
					"start":	7.001036,
					"end":	8.001028,
					"seconds":	0.9999920129776,
					"bytes":	0,
					"bits_per_second":	0,
					"retransmits":	2,
					"snd_cwnd":	14480,
					"snd_wnd":	226816,
					"rtt":	340869,
					"rttvar":	16867,
					"pmtu":	1500,
					"omitted":	false,
					"sender":	true
				}],
			"sum":	{
				"start":	7.001036,
				"end":	8.001028,
				"seconds":	0.9999920129776,
				"bytes":	0,
				"bits_per_second":	0,
				"retransmits":	2,
				"omitted":	false,
				"sender":	true
			}
		}, {
			"streams":	[{
					"socket":	6,
					"start":	8.001028,
					"end":	9.001011,
					"seconds":	0.999983012676239,
					"bytes":	195480,
					"bits_per_second":	1563866.5659076741,
					"retransmits":	0,
					"snd_cwnd":	11584,
					"snd_wnd":	226816,
					"rtt":	334350,
					"rttvar":	9043,
					"pmtu":	1500,
					"omitted":	false,
					"sender":	true
				}],
			"sum":	{
				"start":	8.001028,
				"end":	9.001011,
				"seconds":	0.999983012676239,
				"bytes":	195480,
				"bits_per_second":	1563866.5659076741,
				"retransmits":	0,
				"omitted":	false,
				"sender":	true
			}
		}, {
			"streams":	[{
					"socket":	6,
					"start":	9.001011,
					"end":	10.001032,
					"seconds":	1.0000209808349609,
					"bytes":	0,
					"bits_per_second":	0,
					"retransmits":	0,
					"snd_cwnd":	11584,
					"snd_wnd":	225280,
					"rtt":	362878,
					"rttvar":	23628,
					"pmtu":	1500,
					"omitted":	false,
					"sender":	true
				}],
			"sum":	{
				"start":	9.001011,
				"end":	10.001032,
				"seconds":	1.0000209808349609,
				"bytes":	0,
				"bits_per_second":	0,
				"retransmits":	0,
				"omitted":	false,
				"sender":	true
			}
		}],
	"end":	{
		"streams":	[{
				"sender":	{
					"socket":	6,
					"start":	0,
					"end":	10.001032,
					"seconds":	10.001032,
					"bytes":	1505920,
					"bits_per_second":	1204611.6840742035,
					"retransmits":	2,
					"max_snd_cwnd":	46336,
					"max_snd_wnd":	226816,
					"max_rtt":	408990,
					"min_rtt":	154837,
					"mean_rtt":	296718,
					"sender":	true
				},
				"receiver":	{
					"socket":	6,
					"start":	0,
					"end":	10.378328,
					"seconds":	10.001032,
					"bytes":	1093240,
					"bits_per_second":	842709.923987756,
					"sender":	true
				}
			}],
		"sum_sent":	{
			"start":	0,
			"end":	10.001032,
			"seconds":	10.001032,
			"bytes":	1505920,
			"bits_per_second":	1204611.6840742035,
			"retransmits":	2,
			"sender":	true
		},
		"sum_received":	{
			"start":	0,
			"end":	10.378328,
			"seconds":	10.378328,
			"bytes":	1093240,
			"bits_per_second":	842709.923987756,
			"sender":	true
		},
		"cpu_utilization_percent":	{
			"host_total":	0.0662838110547188,
			"host_user":	0.022450485454330472,
			"host_system":	0.0438433035939236,
			"remote_total":	0.10384127941860447,
			"remote_user":	0.01770032757650333,
			"remote_system":	0.0861505872953273
		},
		"sender_tcp_congestion":	"bbr",
		"receiver_tcp_congestion":	"bbr"
	}
}
