{
	"start":	{
		"connected":	[{
				"socket":	6,
				"local_host":	"192.168.101.210",
				"local_port":	60270,
				"remote_host":	"192.168.100.168",
				"remote_port":	5201
			}],
		"version":	"iperf 3.11",
		"system_info":	"Linux f1 6.0.10-300.fc37.x86_64 #1 SMP PREEMPT_DYNAMIC Sat Nov 26 16:55:13 UTC 2022 x86_64",
		"timestamp":	{
			"time":	"Fri, 09 Dec 2022 22:56:11 GMT",
			"timesecs":	1670626571
		},
		"connecting_to":	{
			"host":	"192.168.100.168",
			"port":	5201
		},
		"cookie":	"ffknqndvce5ergogchfzkkszdalrgkbikndq",
		"tcp_mss_default":	1448,
		"target_bitrate":	0,
		"sock_bufsize":	0,
		"sndbuf_actual":	16384,
		"rcvbuf_actual":	131072,
		"test_start":	{
			"protocol":	"TCP",
			"num_streams":	1,
			"blksize":	131072,
			"omit":	0,
			"duration":	10,
			"bytes":	0,
			"blocks":	0,
			"reverse":	0,
			"tos":	0,
			"target_bitrate":	0
		}
	},
	"intervals":	[{
			"streams":	[{
					"socket":	6,
					"start":	0,
					"end":	1.000205,
					"seconds":	1.0002050399780273,
					"bytes":	2645496,
					"bits_per_second":	21159629.4300466,
					"retransmits":	0,
					"snd_cwnd":	236024,
					"snd_wnd":	934016,
					"rtt":	116748,
					"rttvar":	454,
					"pmtu":	1500,
					"omitted":	false,
					"sender":	true
				}],
			"sum":	{
				"start":	0,
				"end":	1.000205,
				"seconds":	1.0002050399780273,
				"bytes":	2645496,
				"bits_per_second":	21159629.4300466,
				"retransmits":	0,
				"omitted":	false,
				"sender":	true
			}
		}, {
			"streams":	[{
					"socket":	6,
					"start":	1.000205,
					"end":	2.00013,
					"seconds":	0.99992501735687256,
					"bytes":	2997360,
					"bits_per_second":	23980678.134630524,
					"retransmits":	0,
					"snd_cwnd":	344624,
					"snd_wnd":	934016,
					"rtt":	146165,
					"rttvar":	632,
					"pmtu":	1500,
					"omitted":	false,
					"sender":	true
				}],
			"sum":	{
				"start":	1.000205,
				"end":	2.00013,
				"seconds":	0.99992501735687256,
				"bytes":	2997360,
				"bits_per_second":	23980678.134630524,
				"retransmits":	0,
				"omitted":	false,
				"sender":	true
			}
		}, {
			"streams":	[{
					"socket":	6,
					"start":	2.00013,
					"end":	3.000269,
					"seconds":	1.0001389980316162,
					"bytes":	2541240,
					"bits_per_second":	20327094.573865756,
					"retransmits":	0,
					"snd_cwnd":	457568,
					"snd_wnd":	987648,
					"rtt":	190098,
					"rttvar":	419,
					"pmtu":	1500,
					"omitted":	false,
					"sender":	true
				}],
			"sum":	{
				"start":	2.00013,
				"end":	3.000269,
				"seconds":	1.0001389980316162,
				"bytes":	2541240,
				"bits_per_second":	20327094.573865756,
				"retransmits":	0,
				"omitted":	false,
				"sender":	true
			}
		}, {
			"streams":	[{
					"socket":	6,
					"start":	3.000269,
					"end":	4.000144,
					"seconds":	0.999875009059906,
					"bytes":	3127680,
					"bits_per_second":	25024567.8442603,
					"retransmits":	0,
					"snd_cwnd":	573408,
					"snd_wnd":	1247360,
					"rtt":	233699,
					"rttvar":	678,
					"pmtu":	1500,
					"omitted":	false,
					"sender":	true
				}],
			"sum":	{
				"start":	3.000269,
				"end":	4.000144,
				"seconds":	0.999875009059906,
				"bytes":	3127680,
				"bits_per_second":	25024567.8442603,
				"retransmits":	0,
				"omitted":	false,
				"sender":	true
			}
		}, {
			"streams":	[{
					"socket":	6,
					"start":	4.000144,
					"end":	5.000293,
					"seconds":	1.0001490116119385,
					"bytes":	2450784,
					"bits_per_second":	19603350.873087008,
					"retransmits":	0,
					"snd_cwnd":	690696,
					"snd_wnd":	1508480,
					"rtt":	279675,
					"rttvar":	399,
					"pmtu":	1500,
					"omitted":	false,
					"sender":	true
				}],
			"sum":	{
				"start":	4.000144,
				"end":	5.000293,
				"seconds":	1.0001490116119385,
				"bytes":	2450784,
				"bits_per_second":	19603350.873087008,
				"retransmits":	0,
				"omitted":	false,
				"sender":	true
			}
		}, {
			"streams":	[{
					"socket":	6,
					"start":	5.000293,
					"end":	6.000356,
					"seconds":	1.0000629425048828,
					"bytes":	2621440,
					"bits_per_second":	20970200.083078876,
					"retransmits":	0,
					"snd_cwnd":	807984,
					"snd_wnd":	1737344,
					"rtt":	327185,
					"rttvar":	649,
					"pmtu":	1500,
					"omitted":	false,
					"sender":	true
				}],
			"sum":	{
				"start":	5.000293,
				"end":	6.000356,
				"seconds":	1.0000629425048828,
				"bytes":	2621440,
				"bits_per_second":	20970200.083078876,
				"retransmits":	0,
				"omitted":	false,
				"sender":	true
			}
		}, {
			"streams":	[{
					"socket":	6,
					"start":	6.000356,
					"end":	7.00013,
					"seconds":	0.99977397918701172,
					"bytes":	2621440,
					"bits_per_second":	20976261.071580853,
					"retransmits":	0,
					"snd_cwnd":	925272,
					"snd_wnd":	2016640,
					"rtt":	373906,
					"rttvar":	589,
					"pmtu":	1500,
					"omitted":	false,
					"sender":	true
				}],
			"sum":	{
				"start":	6.000356,
				"end":	7.00013,
				"seconds":	0.99977397918701172,
				"bytes":	2621440,
				"bits_per_second":	20976261.071580853,
				"retransmits":	0,
				"omitted":	false,
				"sender":	true
			}
		}, {
			"streams":	[{
					"socket":	6,
					"start":	7.00013,
					"end":	8.000564,
					"seconds":	1.0004340410232544,
					"bytes":	1310720,
					"bits_per_second":	10481210.724572161,
					"retransmits":	0,
					"snd_cwnd":	1042560,
					"snd_wnd":	2221056,
					"rtt":	418899,
					"rttvar":	410,
					"pmtu":	1500,
					"omitted":	false,
					"sender":	true
				}],
			"sum":	{
				"start":	7.00013,
				"end":	8.000564,
				"seconds":	1.0004340410232544,
				"bytes":	1310720,
				"bits_per_second":	10481210.724572161,
				"retransmits":	0,
				"omitted":	false,
				"sender":	true
			}
		}, {
			"streams":	[{
					"socket":	6,
					"start":	8.000564,
					"end":	9.000436,
					"seconds":	0.99987202882766724,
					"bytes":	2621440,
					"bits_per_second":	20974204.093486588,
					"retransmits":	0,
					"snd_cwnd":	1161296,
					"snd_wnd":	2446336,
					"rtt":	466756,
					"rttvar":	289,
					"pmtu":	1500,
					"omitted":	false,
					"sender":	true
				}],
			"sum":	{
				"start":	8.000564,
				"end":	9.000436,
				"seconds":	0.99987202882766724,
				"bytes":	2621440,
				"bits_per_second":	20974204.093486588,
				"retransmits":	0,
				"omitted":	false,
				"sender":	true
			}
		}, {
			"streams":	[{
					"socket":	6,
					"start":	9.000436,
					"end":	10.000309,
					"seconds":	0.99987298250198364,
					"bytes":	2621440,
					"bits_per_second":	20974184.088385843,
					"retransmits":	0,
					"snd_cwnd":	1280032,
					"snd_wnd":	2685056,
					"rtt":	514036,
					"rttvar":	878,
					"pmtu":	1500,
					"omitted":	false,
					"sender":	true
				}],
			"sum":	{
				"start":	9.000436,
				"end":	10.000309,
				"seconds":	0.99987298250198364,
				"bytes":	2621440,
				"bits_per_second":	20974184.088385843,
				"retransmits":	0,
				"omitted":	false,
				"sender":	true
			}
		}],
	"end":	{
		"streams":	[{
				"sender":	{
					"socket":	6,
					"start":	0,
					"end":	10.000309,
					"seconds":	10.000309,
					"bytes":	25559040,
					"bits_per_second":	20446600.200053819,
					"retransmits":	0,
					"max_snd_cwnd":	1280032,
					"max_snd_wnd":	2685056,
					"max_rtt":	514036,
					"min_rtt":	116748,
					"mean_rtt":	306716,
					"sender":	true
				},
				"receiver":	{
					"socket":	6,
					"start":	0,
					"end":	10.539337,
					"seconds":	10.000309,
					"bytes":	23931096,
					"bits_per_second":	18165162.381656457,
					"sender":	true
				}
			}],
		"sum_sent":	{
			"start":	0,
			"end":	10.000309,
			"seconds":	10.000309,
			"bytes":	25559040,
			"bits_per_second":	20446600.200053819,
			"retransmits":	0,
			"sender":	true
		},
		"sum_received":	{
			"start":	0,
			"end":	10.539337,
			"seconds":	10.539337,
			"bytes":	23931096,
			"bits_per_second":	18165162.381656457,
			"sender":	true
		},
		"cpu_utilization_percent":	{
			"host_total":	0.17507614240550728,
			"host_user":	0,
			"host_system":	0.17508612109700944,
			"remote_total":	1.9266087427799137,
			"remote_user":	0.11984612330857658,
			"remote_system":	1.8067626194713373
		},
		"sender_tcp_congestion":	"cubic",
		"receiver_tcp_congestion":	"cubic"
	}
}
