{
	"start":	{
		"connected":	[{
				"socket":	6,
				"local_host":	"192.168.101.210",
				"local_port":	36276,
				"remote_host":	"192.168.100.168",
				"remote_port":	5201
			}],
		"version":	"iperf 3.11",
		"system_info":	"Linux f1 6.0.10-300.fc37.x86_64 #1 SMP PREEMPT_DYNAMIC Sat Nov 26 16:55:13 UTC 2022 x86_64",
		"timestamp":	{
			"time":	"Fri, 09 Dec 2022 23:03:07 GMT",
			"timesecs":	1670626987
		},
		"connecting_to":	{
			"host":	"192.168.100.168",
			"port":	5201
		},
		"cookie":	"ulqcbqrli5xp5la6m2cqx6iqkbu6wz32axpn",
		"tcp_mss_default":	1448,
		"target_bitrate":	0,
		"sock_bufsize":	0,
		"sndbuf_actual":	16384,
		"rcvbuf_actual":	131072,
		"test_start":	{
			"protocol":	"TCP",
			"num_streams":	1,
			"blksize":	131072,
			"omit":	0,
			"duration":	10,
			"bytes":	0,
			"blocks":	0,
			"reverse":	0,
			"tos":	0,
			"target_bitrate":	0
		}
	},
	"intervals":	[{
			"streams":	[{
					"socket":	6,
					"start":	0,
					"end":	1.000205,
					"seconds":	1.0002050399780273,
					"bytes":	1183016,
					"bits_per_second":	9462187.8732063863,
					"retransmits":	0,
					"snd_cwnd":	231680,
					"snd_wnd":	415232,
					"rtt":	221273,
					"rttvar":	5445,
					"pmtu":	1500,
					"omitted":	false,
					"sender":	true
				}],
			"sum":	{
				"start":	0,
				"end":	1.000205,
				"seconds":	1.0002050399780273,
				"bytes":	1183016,
				"bits_per_second":	9462187.8732063863,
				"retransmits":	0,
				"omitted":	false,
				"sender":	true
			}
		}, {
			"streams":	[{
					"socket":	6,
					"start":	1.000205,
					"end":	2.000243,
					"seconds":	1.0000380277633667,
					"bytes":	3797720,
					"bits_per_second":	30380604.693553776,
					"retransmits":	0,
					"snd_cwnd":	1007808,
					"snd_wnd":	2560640,
					"rtt":	575897,
					"rttvar":	9566,
					"pmtu":	1500,
					"omitted":	false,
					"sender":	true
				}],
			"sum":	{
				"start":	1.000205,
				"end":	2.000243,
				"seconds":	1.0000380277633667,
				"bytes":	3797720,
				"bits_per_second":	30380604.693553776,
				"retransmits":	0,
				"omitted":	false,
				"sender":	true
			}
		}, {
			"streams":	[{
					"socket":	6,
					"start":	2.000243,
					"end":	3.000426,
					"seconds":	1.0001829862594604,
					"bytes":	1310720,
					"bits_per_second":	10483841.60104065,
					"retransmits":	0,
					"snd_cwnd":	1074416,
					"snd_wnd":	3143936,
					"rtt":	674052,
					"rttvar":	431,
					"pmtu":	1500,
					"omitted":	false,
					"sender":	true
				}],
			"sum":	{
				"start":	2.000243,
				"end":	3.000426,
				"seconds":	1.0001829862594604,
				"bytes":	1310720,
				"bits_per_second":	10483841.60104065,
				"retransmits":	0,
				"omitted":	false,
				"sender":	true
			}
		}, {
			"streams":	[{
					"socket":	6,
					"start":	3.000426,
					"end":	4.000489,
					"seconds":	1.0000629425048828,
					"bytes":	1310720,
					"bits_per_second":	10485100.041539438,
					"retransmits":	0,
					"snd_cwnd":	1165640,
					"snd_wnd":	3143936,
					"rtt":	652917,
					"rttvar":	1327,
					"pmtu":	1500,
					"omitted":	false,
					"sender":	true
				}],
			"sum":	{
				"start":	3.000426,
				"end":	4.000489,
				"seconds":	1.0000629425048828,
				"bytes":	1310720,
				"bits_per_second":	10485100.041539438,
				"retransmits":	0,
				"omitted":	false,
				"sender":	true
			}
		}, {
			"streams":	[{
					"socket":	6,
					"start":	4.000489,
					"end":	5.000817,
					"seconds":	1.0003279447555542,
					"bytes":	1310720,
					"bits_per_second":	10482322.377350319,
					"retransmits":	0,
					"snd_cwnd":	1252520,
					"snd_wnd":	3143936,
					"rtt":	710951,
					"rttvar":	274,
					"pmtu":	1500,
					"omitted":	false,
					"sender":	true
				}],
			"sum":	{
				"start":	4.000489,
				"end":	5.000817,
				"seconds":	1.0003279447555542,
				"bytes":	1310720,
				"bits_per_second":	10482322.377350319,
				"retransmits":	0,
				"omitted":	false,
				"sender":	true
			}
		}, {
			"streams":	[{
					"socket":	6,
					"start":	5.000817,
					"end":	6.000224,
					"seconds":	0.99940699338912964,
					"bytes":	2621440,
					"bits_per_second":	20983963.629154351,
					"retransmits":	0,
					"snd_cwnd":	1336504,
					"snd_wnd":	3143936,
					"rtt":	744820,
					"rttvar":	219,
					"pmtu":	1500,
					"omitted":	false,
					"sender":	true
				}],
			"sum":	{
				"start":	5.000817,
				"end":	6.000224,
				"seconds":	0.99940699338912964,
				"bytes":	2621440,
				"bits_per_second":	20983963.629154351,
				"retransmits":	0,
				"omitted":	false,
				"sender":	true
			}
		}, {
			"streams":	[{
					"socket":	6,
					"start":	6.000224,
					"end":	7.000448,
					"seconds":	1.0002239942550659,
					"bytes":	1310720,
					"bits_per_second":	10483411.775988689,
					"retransmits":	0,
					"snd_cwnd":	1421936,
					"snd_wnd":	3143936,
					"rtt":	778948,
					"rttvar":	500,
					"pmtu":	1500,
					"omitted":	false,
					"sender":	true
				}],
			"sum":	{
				"start":	6.000224,
				"end":	7.000448,
				"seconds":	1.0002239942550659,
				"bytes":	1310720,
				"bits_per_second":	10483411.775988689,
				"retransmits":	0,
				"omitted":	false,
				"sender":	true
			}
		}, {
			"streams":	[{
					"socket":	6,
					"start":	7.000448,
					"end":	8.000697,
					"seconds":	1.0002490282058716,
					"bytes":	1310720,
					"bits_per_second":	10483149.400113005,
					"retransmits":	0,
					"snd_cwnd":	1511712,
					"snd_wnd":	3143936,
					"rtt":	814688,
					"rttvar":	704,
					"pmtu":	1500,
					"omitted":	false,
					"sender":	true
				}],
			"sum":	{
				"start":	7.000448,
				"end":	8.000697,
				"seconds":	1.0002490282058716,
				"bytes":	1310720,
				"bits_per_second":	10483149.400113005,
				"retransmits":	0,
				"omitted":	false,
				"sender":	true
			}
		}, {
			"streams":	[{
					"socket":	6,
					"start":	8.000697,
					"end":	9.000185,
					"seconds":	0.99948799610137939,
					"bytes":	2621440,
					"bits_per_second":	20982263.000458118,
					"retransmits":	0,
					"snd_cwnd":	1601488,
					"snd_wnd":	3143936,
					"rtt":	850637,
					"rttvar":	429,
					"pmtu":	1500,
					"omitted":	false,
					"sender":	true
				}],
			"sum":	{
				"start":	8.000697,
				"end":	9.000185,
				"seconds":	0.99948799610137939,
				"bytes":	2621440,
				"bits_per_second":	20982263.000458118,
				"retransmits":	0,
				"omitted":	false,
				"sender":	true
			}
		}, {
			"streams":	[{
					"socket":	6,
					"start":	9.000185,
					"end":	10.000451,
					"seconds":	1.0002659559249878,
					"bytes":	1310720,
					"bits_per_second":	10482971.991487382,
					"retransmits":	0,
					"snd_cwnd":	1694160,
					"snd_wnd":	3143936,
					"rtt":	861228,
					"rttvar":	223,
					"pmtu":	1500,
					"omitted":	false,
					"sender":	true
				}],
			"sum":	{
				"start":	9.000185,
				"end":	10.000451,
				"seconds":	1.0002659559249878,
				"bytes":	1310720,
				"bits_per_second":	10482971.991487382,
				"retransmits":	0,
				"omitted":	false,
				"sender":	true
			}
		}],
	"end":	{
		"streams":	[{
				"sender":	{
					"socket":	6,
					"start":	0,
					"end":	10.000451,
					"seconds":	10.000451,
					"bytes":	18087936,
					"bits_per_second":	14469696.216700627,
					"retransmits":	0,
					"max_snd_cwnd":	1694160,
					"max_snd_wnd":	3143936,
					"max_rtt":	861228,
					"min_rtt":	221273,
					"mean_rtt":	688541,
					"sender":	true
				},
				"receiver":	{
					"socket":	6,
					"start":	0,
					"end":	10.895859,
					"seconds":	10.000451,
					"bytes":	17229752,
					"bits_per_second":	12650495.5690047,
					"sender":	true
				}
			}],
		"sum_sent":	{
			"start":	0,
			"end":	10.000451,
			"seconds":	10.000451,
			"bytes":	18087936,
			"bits_per_second":	14469696.216700627,
			"retransmits":	0,
			"sender":	true
		},
		"sum_received":	{
			"start":	0,
			"end":	10.895859,
			"seconds":	10.895859,
			"bytes":	17229752,
			"bits_per_second":	12650495.5690047,
			"sender":	true
		},
		"cpu_utilization_percent":	{
			"host_total":	1.945410055960465,
			"host_user":	0.24309062258806063,
			"host_system":	1.7022731445037569,
			"remote_total":	1.0872282640618391,
			"remote_user":	0.12734180430900804,
			"remote_system":	0.959895637540529
		},
		"sender_tcp_congestion":	"cubic",
		"receiver_tcp_congestion":	"cubic"
	}
}
