{
	"start":	{
		"connected":	[{
				"socket":	6,
				"local_host":	"192.168.101.210",
				"local_port":	57420,
				"remote_host":	"192.168.100.168",
				"remote_port":	5201
			}],
		"version":	"iperf 3.11",
		"system_info":	"Linux f1 6.0.10-300.fc37.x86_64 #1 SMP PREEMPT_DYNAMIC Sat Nov 26 16:55:13 UTC 2022 x86_64",
		"timestamp":	{
			"time":	"Fri, 09 Dec 2022 23:01:44 GMT",
			"timesecs":	1670626904
		},
		"connecting_to":	{
			"host":	"192.168.100.168",
			"port":	5201
		},
		"cookie":	"e5765jugl6hakbrgdkxcjgnetbtoiyiebgq7",
		"tcp_mss_default":	1448,
		"target_bitrate":	0,
		"sock_bufsize":	0,
		"sndbuf_actual":	16384,
		"rcvbuf_actual":	131072,
		"test_start":	{
			"protocol":	"TCP",
			"num_streams":	1,
			"blksize":	131072,
			"omit":	0,
			"duration":	10,
			"bytes":	0,
			"blocks":	0,
			"reverse":	0,
			"tos":	0,
			"target_bitrate":	0
		}
	},
	"intervals":	[{
			"streams":	[{
					"socket":	6,
					"start":	0,
					"end":	1.000068,
					"seconds":	1.0000679492950439,
					"bytes":	3786520,
					"bits_per_second":	30290101.808935273,
					"retransmits":	0,
					"snd_cwnd":	628432,
					"snd_wnd":	1126144,
					"rtt":	212468,
					"rttvar":	6089,
					"pmtu":	1500,
					"omitted":	false,
					"sender":	true
				}],
			"sum":	{
				"start":	0,
				"end":	1.000068,
				"seconds":	1.0000679492950439,
				"bytes":	3786520,
				"bits_per_second":	30290101.808935273,
				"retransmits":	0,
				"omitted":	false,
				"sender":	true
			}
		}, {
			"streams":	[{
					"socket":	6,
					"start":	1.000068,
					"end":	2.00054,
					"seconds":	1.0004719495773315,
					"bytes":	1194216,
					"bits_per_second":	9549221.2490676567,
					"retransmits":	66,
					"snd_cwnd":	799296,
					"snd_wnd":	2813056,
					"rtt":	557608,
					"rttvar":	387,
					"pmtu":	1500,
					"omitted":	false,
					"sender":	true
				}],
			"sum":	{
				"start":	1.000068,
				"end":	2.00054,
				"seconds":	1.0004719495773315,
				"bytes":	1194216,
				"bits_per_second":	9549221.2490676567,
				"retransmits":	66,
				"omitted":	false,
				"sender":	true
			}
		}, {
			"streams":	[{
					"socket":	6,
					"start":	2.00054,
					"end":	3.000381,
					"seconds":	0.99984097480773926,
					"bytes":	1310720,
					"bits_per_second":	10487427.765216684,
					"retransmits":	13,
					"snd_cwnd":	719656,
					"snd_wnd":	3144320,
					"rtt":	492191,
					"rttvar":	551,
					"pmtu":	1500,
					"omitted":	false,
					"sender":	true
				}],
			"sum":	{
				"start":	2.00054,
				"end":	3.000381,
				"seconds":	0.99984097480773926,
				"bytes":	1310720,
				"bits_per_second":	10487427.765216684,
				"retransmits":	13,
				"omitted":	false,
				"sender":	true
			}
		}, {
			"streams":	[{
					"socket":	6,
					"start":	3.000381,
					"end":	4.000173,
					"seconds":	0.999791979789734,
					"bytes":	2621440,
					"bits_per_second":	20975883.407676984,
					"retransmits":	0,
					"snd_cwnd":	806536,
					"snd_wnd":	3144448,
					"rtt":	472514,
					"rttvar":	5239,
					"pmtu":	1500,
					"omitted":	false,
					"sender":	true
				}],
			"sum":	{
				"start":	3.000381,
				"end":	4.000173,
				"seconds":	0.999791979789734,
				"bytes":	2621440,
				"bits_per_second":	20975883.407676984,
				"retransmits":	0,
				"omitted":	false,
				"sender":	true
			}
		}, {
			"streams":	[{
					"socket":	6,
					"start":	4.000173,
					"end":	5.000324,
					"seconds":	1.0001510381698608,
					"bytes":	1310720,
					"bits_per_second":	10484176.489170577,
					"retransmits":	0,
					"snd_cwnd":	876040,
					"snd_wnd":	3144448,
					"rtt":	532272,
					"rttvar":	962,
					"pmtu":	1500,
					"omitted":	false,
					"sender":	true
				}],
			"sum":	{
				"start":	4.000173,
				"end":	5.000324,
				"seconds":	1.0001510381698608,
				"bytes":	1310720,
				"bits_per_second":	10484176.489170577,
				"retransmits":	0,
				"omitted":	false,
				"sender":	true
			}
		}, {
			"streams":	[{
					"socket":	6,
					"start":	5.000324,
					"end":	6.000478,
					"seconds":	1.0001540184020996,
					"bytes":	1310720,
					"bits_per_second":	10484145.248701414,
					"retransmits":	0,
					"snd_cwnd":	929616,
					"snd_wnd":	3144448,
					"rtt":	558193,
					"rttvar":	820,
					"pmtu":	1500,
					"omitted":	false,
					"sender":	true
				}],
			"sum":	{
				"start":	5.000324,
				"end":	6.000478,
				"seconds":	1.0001540184020996,
				"bytes":	1310720,
				"bits_per_second":	10484145.248701414,
				"retransmits":	0,
				"omitted":	false,
				"sender":	true
			}
		}, {
			"streams":	[{
					"socket":	6,
					"start":	6.000478,
					"end":	7.000237,
					"seconds":	0.999759018421173,
					"bytes":	1310720,
					"bits_per_second":	10488287.484077103,
					"retransmits":	20,
					"snd_cwnd":	653048,
					"snd_wnd":	3144576,
					"rtt":	436415,
					"rttvar":	1478,
					"pmtu":	1500,
					"omitted":	false,
					"sender":	true
				}],
			"sum":	{
				"start":	6.000478,
				"end":	7.000237,
				"seconds":	0.999759018421173,
				"bytes":	1310720,
				"bits_per_second":	10488287.484077103,
				"retransmits":	20,
				"omitted":	false,
				"sender":	true
			}
		}, {
			"streams":	[{
					"socket":	6,
					"start":	7.000237,
					"end":	8.000857,
					"seconds":	1.0006200075149536,
					"bytes":	1310720,
					"bits_per_second":	10479262.778326264,
					"retransmits":	0,
					"snd_cwnd":	697936,
					"snd_wnd":	3144576,
					"rtt":	436449,
					"rttvar":	464,
					"pmtu":	1500,
					"omitted":	false,
					"sender":	true
				}],
			"sum":	{
				"start":	7.000237,
				"end":	8.000857,
				"seconds":	1.0006200075149536,
				"bytes":	1310720,
				"bits_per_second":	10479262.778326264,
				"retransmits":	0,
				"omitted":	false,
				"sender":	true
			}
		}, {
			"streams":	[{
					"socket":	6,
					"start":	8.000857,
					"end":	9.000208,
					"seconds":	0.99935102462768555,
					"bytes":	2621440,
					"bits_per_second":	20985138.83829065,
					"retransmits":	0,
					"snd_cwnd":	739928,
					"snd_wnd":	3144576,
					"rtt":	427272,
					"rttvar":	2083,
					"pmtu":	1500,
					"omitted":	false,
					"sender":	true
				}],
			"sum":	{
				"start":	8.000857,
				"end":	9.000208,
				"seconds":	0.99935102462768555,
				"bytes":	2621440,
				"bits_per_second":	20985138.83829065,
				"retransmits":	0,
				"omitted":	false,
				"sender":	true
			}
		}, {
			"streams":	[{
					"socket":	6,
					"start":	9.000208,
					"end":	10.000455,
					"seconds":	1.0002470016479492,
					"bytes":	1310720,
					"bits_per_second":	10483170.639576292,
					"retransmits":	0,
					"snd_cwnd":	767440,
					"snd_wnd":	3144576,
					"rtt":	442720,
					"rttvar":	741,
					"pmtu":	1500,
					"omitted":	false,
					"sender":	true
				}],
			"sum":	{
				"start":	9.000208,
				"end":	10.000455,
				"seconds":	1.0002470016479492,
				"bytes":	1310720,
				"bits_per_second":	10483170.639576292,
				"retransmits":	0,
				"omitted":	false,
				"sender":	true
			}
		}],
	"end":	{
		"streams":	[{
				"sender":	{
					"socket":	6,
					"start":	0,
					"end":	10.000455,
					"seconds":	10.000455,
					"bytes":	18087936,
					"bits_per_second":	14469690.429085476,
					"retransmits":	99,
					"max_snd_cwnd":	929616,
					"max_snd_wnd":	3144576,
					"max_rtt":	558193,
					"min_rtt":	212468,
					"mean_rtt":	456810,
					"sender":	true
				},
				"receiver":	{
					"socket":	6,
					"start":	0,
					"end":	10.44196,
					"seconds":	10.000455,
					"bytes":	15830984,
					"bits_per_second":	12128745.178108325,
					"sender":	true
				}
			}],
		"sum_sent":	{
			"start":	0,
			"end":	10.000455,
			"seconds":	10.000455,
			"bytes":	18087936,
			"bits_per_second":	14469690.429085476,
			"retransmits":	99,
			"sender":	true
		},
		"sum_received":	{
			"start":	0,
			"end":	10.44196,
			"seconds":	10.44196,
			"bytes":	15830984,
			"bits_per_second":	12128745.178108325,
			"sender":	true
		},
		"cpu_utilization_percent":	{
			"host_total":	1.4506681526450409,
			"host_user":	0.192139041094986,
			"host_system":	1.2585291115500548,
			"remote_total":	0.879402856088869,
			"remote_user":	0.11875151551833313,
			"remote_system":	0.760651340570536
		},
		"sender_tcp_congestion":	"cubic",
		"receiver_tcp_congestion":	"cubic"
	}
}
