{
	"start":	{
		"connected":	[{
				"socket":	6,
				"local_host":	"192.168.101.210",
				"local_port":	37072,
				"remote_host":	"192.168.100.168",
				"remote_port":	5202
			}],
		"version":	"iperf 3.11",
		"system_info":	"Linux f1 6.0.10-300.fc37.x86_64 #1 SMP PREEMPT_DYNAMIC Sat Nov 26 16:55:13 UTC 2022 x86_64",
		"timestamp":	{
			"time":	"Fri, 09 Dec 2022 23:00:03 GMT",
			"timesecs":	1670626803
		},
		"connecting_to":	{
			"host":	"192.168.100.168",
			"port":	5202
		},
		"cookie":	"yqbfonz3ripk6venqgx52an3m5a5eueupmhz",
		"tcp_mss_default":	1448,
		"target_bitrate":	0,
		"sock_bufsize":	0,
		"sndbuf_actual":	16384,
		"rcvbuf_actual":	131072,
		"test_start":	{
			"protocol":	"TCP",
			"num_streams":	1,
			"blksize":	131072,
			"omit":	0,
			"duration":	10,
			"bytes":	0,
			"blocks":	0,
			"reverse":	0,
			"tos":	0,
			"target_bitrate":	0
		}
	},
	"intervals":	[{
			"streams":	[{
					"socket":	6,
					"start":	0,
					"end":	1.000081,
					"seconds":	1.000080943107605,
					"bytes":	3847336,
					"bits_per_second":	30776196.878984351,
					"retransmits":	0,
					"snd_cwnd":	344624,
					"snd_wnd":	1172608,
					"rtt":	218520,
					"rttvar":	92,
					"pmtu":	1500,
					"omitted":	false,
					"sender":	true
				}],
			"sum":	{
				"start":	0,
				"end":	1.000081,
				"seconds":	1.000080943107605,
				"bytes":	3847336,
				"bits_per_second":	30776196.878984351,
				"retransmits":	0,
				"omitted":	false,
				"sender":	true
			}
		}, {
			"streams":	[{
					"socket":	6,
					"start":	1.000081,
					"end":	2.000216,
					"seconds":	1.0001349449157715,
					"bytes":	1107720,
					"bits_per_second":	8860564.3118952438,
					"retransmits":	0,
					"snd_cwnd":	269328,
					"snd_wnd":	1172736,
					"rtt":	234929,
					"rttvar":	1074,
					"pmtu":	1500,
					"omitted":	false,
					"sender":	true
				}],
			"sum":	{
				"start":	1.000081,
				"end":	2.000216,
				"seconds":	1.0001349449157715,
				"bytes":	1107720,
				"bits_per_second":	8860564.3118952438,
				"retransmits":	0,
				"omitted":	false,
				"sender":	true
			}
		}, {
			"streams":	[{
					"socket":	6,
					"start":	2.000216,
					"end":	3.000179,
					"seconds":	0.99996298551559448,
					"bytes":	1107720,
					"bits_per_second":	8862088.0256190244,
					"retransmits":	0,
					"snd_cwnd":	243264,
					"snd_wnd":	1172736,
					"rtt":	251056,
					"rttvar":	686,
					"pmtu":	1500,
					"omitted":	false,
					"sender":	true
				}],
			"sum":	{
				"start":	2.000216,
				"end":	3.000179,
				"seconds":	0.99996298551559448,
				"bytes":	1107720,
				"bits_per_second":	8862088.0256190244,
				"retransmits":	0,
				"omitted":	false,
				"sender":	true
			}
		}, {
			"streams":	[{
					"socket":	6,
					"start":	3.000179,
					"end":	4.001031,
					"seconds":	1.0008519887924194,
					"bytes":	0,
					"bits_per_second":	0,
					"retransmits":	0,
					"snd_cwnd":	191136,
					"snd_wnd":	1172736,
					"rtt":	260124,
					"rttvar":	784,
					"pmtu":	1500,
					"omitted":	false,
					"sender":	true
				}],
			"sum":	{
				"start":	3.000179,
				"end":	4.001031,
				"seconds":	1.0008519887924194,
				"bytes":	0,
				"bits_per_second":	0,
				"retransmits":	0,
				"omitted":	false,
				"sender":	true
			}
		}, {
			"streams":	[{
					"socket":	6,
					"start":	4.001031,
					"end":	5.00089,
					"seconds":	0.99985897541046143,
					"bytes":	1107720,
					"bits_per_second":	8863009.90233355,
					"retransmits":	0,
					"snd_cwnd":	188240,
					"snd_wnd":	1172736,
					"rtt":	291268,
					"rttvar":	920,
					"pmtu":	1500,
					"omitted":	false,
					"sender":	true
				}],
			"sum":	{
				"start":	4.001031,
				"end":	5.00089,
				"seconds":	0.99985897541046143,
				"bytes":	1107720,
				"bits_per_second":	8863009.90233355,
				"retransmits":	0,
				"omitted":	false,
				"sender":	true
			}
		}, {
			"streams":	[{
					"socket":	6,
					"start":	5.00089,
					"end":	6.000087,
					"seconds":	0.999197006225586,
					"bytes":	1107720,
					"bits_per_second":	8868881.65675639,
					"retransmits":	0,
					"snd_cwnd":	153488,
					"snd_wnd":	1172736,
					"rtt":	313068,
					"rttvar":	2527,
					"pmtu":	1500,
					"omitted":	false,
					"sender":	true
				}],
			"sum":	{
				"start":	5.00089,
				"end":	6.000087,
				"seconds":	0.999197006225586,
				"bytes":	1107720,
				"bits_per_second":	8868881.65675639,
				"retransmits":	0,
				"omitted":	false,
				"sender":	true
			}
		}, {
			"streams":	[{
					"socket":	6,
					"start":	6.000087,
					"end":	7.001059,
					"seconds":	1.0009720325469971,
					"bytes":	0,
					"bits_per_second":	0,
					"retransmits":	0,
					"snd_cwnd":	118736,
					"snd_wnd":	1172736,
					"rtt":	352078,
					"rttvar":	3710,
					"pmtu":	1500,
					"omitted":	false,
					"sender":	true
				}],
			"sum":	{
				"start":	6.000087,
				"end":	7.001059,
				"seconds":	1.0009720325469971,
				"bytes":	0,
				"bits_per_second":	0,
				"retransmits":	0,
				"omitted":	false,
				"sender":	true
			}
		}, {
			"streams":	[{
					"socket":	6,
					"start":	7.001059,
					"end":	8.001043,
					"seconds":	0.9999840259552002,
					"bytes":	0,
					"bits_per_second":	0,
					"retransmits":	0,
					"snd_cwnd":	124528,
					"snd_wnd":	1172736,
					"rtt":	379311,
					"rttvar":	2650,
					"pmtu":	1500,
					"omitted":	false,
					"sender":	true
				}],
			"sum":	{
				"start":	7.001059,
				"end":	8.001043,
				"seconds":	0.9999840259552002,
				"bytes":	0,
				"bits_per_second":	0,
				"retransmits":	0,
				"omitted":	false,
				"sender":	true
			}
		}, {
			"streams":	[{
					"socket":	6,
					"start":	8.001043,
					"end":	9.000269,
					"seconds":	0.99922597408294678,
					"bytes":	1107720,
					"bits_per_second":	8868624.5452466346,
					"retransmits":	0,
					"snd_cwnd":	115840,
					"snd_wnd":	1172736,
					"rtt":	416396,
					"rttvar":	4845,
					"pmtu":	1500,
					"omitted":	false,
					"sender":	true
				}],
			"sum":	{
				"start":	8.001043,
				"end":	9.000269,
				"seconds":	0.99922597408294678,
				"bytes":	1107720,
				"bits_per_second":	8868624.5452466346,
				"retransmits":	0,
				"omitted":	false,
				"sender":	true
			}
		}, {
			"streams":	[{
					"socket":	6,
					"start":	9.000269,
					"end":	10.001036,
					"seconds":	1.00076699256897,
					"bytes":	0,
					"bits_per_second":	0,
					"retransmits":	0,
					"snd_cwnd":	101360,
					"snd_wnd":	1172736,
					"rtt":	449738,
					"rttvar":	709,
					"pmtu":	1500,
					"omitted":	false,
					"sender":	true
				}],
			"sum":	{
				"start":	9.000269,
				"end":	10.001036,
				"seconds":	1.00076699256897,
				"bytes":	0,
				"bits_per_second":	0,
				"retransmits":	0,
				"omitted":	false,
				"sender":	true
			}
		}],
	"end":	{
		"streams":	[{
				"sender":	{
					"socket":	6,
					"start":	0,
					"end":	10.001036,
					"seconds":	10.001036,
					"bytes":	9385936,
					"bits_per_second":	7507970.9742070725,
					"retransmits":	0,
					"max_snd_cwnd":	344624,
					"max_snd_wnd":	1172736,
					"max_rtt":	449738,
					"min_rtt":	218520,
					"mean_rtt":	316648,
					"sender":	true
				},
				"receiver":	{
					"socket":	6,
					"start":	0,
					"end":	10.476844,
					"seconds":	10.001036,
					"bytes":	6586952,
					"bits_per_second":	5029722.3095046561,
					"sender":	true
				}
			}],
		"sum_sent":	{
			"start":	0,
			"end":	10.001036,
			"seconds":	10.001036,
			"bytes":	9385936,
			"bits_per_second":	7507970.9742070725,
			"retransmits":	0,
			"sender":	true
		},
		"sum_received":	{
			"start":	0,
			"end":	10.476844,
			"seconds":	10.476844,
			"bytes":	6586952,
			"bits_per_second":	5029722.3095046561,
			"sender":	true
		},
		"cpu_utilization_percent":	{
			"host_total":	0.75728633675728751,
			"host_user":	0.0752714723158222,
			"host_system":	0.68201486444146531,
			"remote_total":	0.55443143789565175,
			"remote_user":	0.088280275605503528,
			"remote_system":	0.466141617444694
		},
		"sender_tcp_congestion":	"bbr",
		"receiver_tcp_congestion":	"bbr"
	}
}
