{
	"start":	{
		"connected":	[{
				"socket":	6,
				"local_host":	"192.168.101.210",
				"local_port":	51620,
				"remote_host":	"192.168.100.168",
				"remote_port":	5202
			}],
		"version":	"iperf 3.11",
		"system_info":	"Linux f1 6.0.10-300.fc37.x86_64 #1 SMP PREEMPT_DYNAMIC Sat Nov 26 16:55:13 UTC 2022 x86_64",
		"timestamp":	{
			"time":	"Fri, 09 Dec 2022 22:59:02 GMT",
			"timesecs":	1670626742
		},
		"connecting_to":	{
			"host":	"192.168.100.168",
			"port":	5202
		},
		"cookie":	"jqqhynppuzh7amfvo5fnvlczre4nft24yfdp",
		"tcp_mss_default":	1448,
		"target_bitrate":	0,
		"sock_bufsize":	0,
		"sndbuf_actual":	16384,
		"rcvbuf_actual":	131072,
		"test_start":	{
			"protocol":	"TCP",
			"num_streams":	1,
			"blksize":	131072,
			"omit":	0,
			"duration":	10,
			"bytes":	0,
			"blocks":	0,
			"reverse":	0,
			"tos":	0,
			"target_bitrate":	0
		}
	},
	"intervals":	[{
			"streams":	[{
					"socket":	6,
					"start":	0,
					"end":	1.000298,
					"seconds":	1.000298023223877,
					"bytes":	2478976,
					"bits_per_second":	19825899.421538133,
					"retransmits":	0,
					"snd_cwnd":	165072,
					"snd_wnd":	1160576,
					"rtt":	146381,
					"rttvar":	4880,
					"pmtu":	1500,
					"omitted":	false,
					"sender":	true
				}],
			"sum":	{
				"start":	0,
				"end":	1.000298,
				"seconds":	1.000298023223877,
				"bytes":	2478976,
				"bits_per_second":	19825899.421538133,
				"retransmits":	0,
				"omitted":	false,
				"sender":	true
			}
		}, {
			"streams":	[{
					"socket":	6,
					"start":	1.000298,
					"end":	2.000546,
					"seconds":	1.0002479553222656,
					"bytes":	651600,
					"bits_per_second":	5211507.77890919,
					"retransmits":	0,
					"snd_cwnd":	127424,
					"snd_wnd":	1160704,
					"rtt":	202945,
					"rttvar":	961,
					"pmtu":	1500,
					"omitted":	false,
					"sender":	true
				}],
			"sum":	{
				"start":	1.000298,
				"end":	2.000546,
				"seconds":	1.0002479553222656,
				"bytes":	651600,
				"bits_per_second":	5211507.77890919,
				"retransmits":	0,
				"omitted":	false,
				"sender":	true
			}
		}, {
			"streams":	[{
					"socket":	6,
					"start":	2.000546,
					"end":	3.000699,
					"seconds":	1.0001529455184937,
					"bytes":	651600,
					"bits_per_second":	5212002.8475220958,
					"retransmits":	0,
					"snd_cwnd":	110048,
					"snd_wnd":	1160704,
					"rtt":	216347,
					"rttvar":	627,
					"pmtu":	1500,
					"omitted":	false,
					"sender":	true
				}],
			"sum":	{
				"start":	2.000546,
				"end":	3.000699,
				"seconds":	1.0001529455184937,
				"bytes":	651600,
				"bits_per_second":	5212002.8475220958,
				"retransmits":	0,
				"omitted":	false,
				"sender":	true
			}
		}, {
			"streams":	[{
					"socket":	6,
					"start":	3.000699,
					"end":	4.000496,
					"seconds":	0.999796986579895,
					"bytes":	651600,
					"bits_per_second":	5213858.4832426263,
					"retransmits":	0,
					"snd_cwnd":	86880,
					"snd_wnd":	1160704,
					"rtt":	243419,
					"rttvar":	3184,
					"pmtu":	1500,
					"omitted":	false,
					"sender":	true
				}],
			"sum":	{
				"start":	3.000699,
				"end":	4.000496,
				"seconds":	0.999796986579895,
				"bytes":	651600,
				"bits_per_second":	5213858.4832426263,
				"retransmits":	0,
				"omitted":	false,
				"sender":	true
			}
		}, {
			"streams":	[{
					"socket":	6,
					"start":	4.000496,
					"end":	5.001029,
					"seconds":	1.0005329847335815,
					"bytes":	0,
					"bits_per_second":	0,
					"retransmits":	0,
					"snd_cwnd":	78192,
					"snd_wnd":	1160704,
					"rtt":	280542,
					"rttvar":	1951,
					"pmtu":	1500,
					"omitted":	false,
					"sender":	true
				}],
			"sum":	{
				"start":	4.000496,
				"end":	5.001029,
				"seconds":	1.0005329847335815,
				"bytes":	0,
				"bits_per_second":	0,
				"retransmits":	0,
				"omitted":	false,
				"sender":	true
			}
		}, {
			"streams":	[{
					"socket":	6,
					"start":	5.001029,
					"end":	6.000324,
					"seconds":	0.99929499626159668,
					"bytes":	651600,
					"bits_per_second":	5216477.6362348432,
					"retransmits":	0,
					"snd_cwnd":	66608,
					"snd_wnd":	1160704,
					"rtt":	318148,
					"rttvar":	3977,
					"pmtu":	1500,
					"omitted":	false,
					"sender":	true
				}],
			"sum":	{
				"start":	5.001029,
				"end":	6.000324,
				"seconds":	0.99929499626159668,
				"bytes":	651600,
				"bits_per_second":	5216477.6362348432,
				"retransmits":	0,
				"omitted":	false,
				"sender":	true
			}
		}, {
			"streams":	[{
					"socket":	6,
					"start":	6.000324,
					"end":	7.001034,
					"seconds":	1.0007100105285645,
					"bytes":	0,
					"bits_per_second":	0,
					"retransmits":	0,
					"snd_cwnd":	55024,
					"snd_wnd":	1160704,
					"rtt":	357201,
					"rttvar":	3187,
					"pmtu":	1500,
					"omitted":	false,
					"sender":	true
				}],
			"sum":	{
				"start":	6.000324,
				"end":	7.001034,
				"seconds":	1.0007100105285645,
				"bytes":	0,
				"bits_per_second":	0,
				"retransmits":	0,
				"omitted":	false,
				"sender":	true
			}
		}, {
			"streams":	[{
					"socket":	6,
					"start":	7.001034,
					"end":	8.001032,
					"seconds":	0.99999797344207764,
					"bytes":	0,
					"bits_per_second":	0,
					"retransmits":	0,
					"snd_cwnd":	55024,
					"snd_wnd":	1160704,
					"rtt":	398645,
					"rttvar":	10417,
					"pmtu":	1500,
					"omitted":	false,
					"sender":	true
				}],
			"sum":	{
				"start":	7.001034,
				"end":	8.001032,
				"seconds":	0.99999797344207764,
				"bytes":	0,
				"bits_per_second":	0,
				"retransmits":	0,
				"omitted":	false,
				"sender":	true
			}
		}, {
			"streams":	[{
					"socket":	6,
					"start":	8.001032,
					"end":	9.001028,
					"seconds":	0.9999960064888,
					"bytes":	0,
					"bits_per_second":	0,
					"retransmits":	0,
					"snd_cwnd":	49232,
					"snd_wnd":	1160704,
					"rtt":	444027,
					"rttvar":	8346,
					"pmtu":	1500,
					"omitted":	false,
					"sender":	true
				}],
			"sum":	{
				"start":	8.001032,
				"end":	9.001028,
				"seconds":	0.9999960064888,
				"bytes":	0,
				"bits_per_second":	0,
				"retransmits":	0,
				"omitted":	false,
				"sender":	true
			}
		}, {
			"streams":	[{
					"socket":	6,
					"start":	9.001028,
					"end":	10.001035,
					"seconds":	1.0000070333480835,
					"bytes":	0,
					"bits_per_second":	0,
					"retransmits":	0,
					"snd_cwnd":	43440,
					"snd_wnd":	1160704,
					"rtt":	483185,
					"rttvar":	8583,
					"pmtu":	1500,
					"omitted":	false,
					"sender":	true
				}],
			"sum":	{
				"start":	9.001028,
				"end":	10.001035,
				"seconds":	1.0000070333480835,
				"bytes":	0,
				"bits_per_second":	0,
				"retransmits":	0,
				"omitted":	false,
				"sender":	true
			}
		}],
	"end":	{
		"streams":	[{
				"sender":	{
					"socket":	6,
					"start":	0,
					"end":	10.001035,
					"seconds":	10.001035,
					"bytes":	5085376,
					"bits_per_second":	4067879.7744433451,
					"retransmits":	0,
					"max_snd_cwnd":	165072,
					"max_snd_wnd":	1160704,
					"max_rtt":	483185,
					"min_rtt":	146381,
					"mean_rtt":	309084,
					"sender":	true
				},
				"receiver":	{
					"socket":	6,
					"start":	0,
					"end":	10.516004,
					"seconds":	10.001035,
					"bytes":	3861816,
					"bits_per_second":	2937858.1445956086,
					"sender":	true
				}
			}],
		"sum_sent":	{
			"start":	0,
			"end":	10.001035,
			"seconds":	10.001035,
			"bytes":	5085376,
			"bits_per_second":	4067879.7744433451,
			"retransmits":	0,
			"sender":	true
		},
		"sum_received":	{
			"start":	0,
			"end":	10.516004,
			"seconds":	10.516004,
			"bytes":	3861816,
			"bits_per_second":	2937858.1445956086,
			"sender":	true
		},
		"cpu_utilization_percent":	{
			"host_total":	0.513766402915734,
			"host_user":	0.0932828689054686,
			"host_system":	0.4204737323008082,
			"remote_total":	0.36825733243464065,
			"remote_user":	0.024942906134794773,
			"remote_system":	0.34331442629984588
		},
		"sender_tcp_congestion":	"bbr",
		"receiver_tcp_congestion":	"bbr"
	}
}
