{
	"start":	{
		"connected":	[{
				"socket":	6,
				"local_host":	"192.168.101.210",
				"local_port":	56896,
				"remote_host":	"192.168.100.168",
				"remote_port":	5202
			}],
		"version":	"iperf 3.11",
		"system_info":	"Linux f1 6.0.10-300.fc37.x86_64 #1 SMP PREEMPT_DYNAMIC Sat Nov 26 16:55:13 UTC 2022 x86_64",
		"timestamp":	{
			"time":	"Fri, 09 Dec 2022 22:57:40 GMT",
			"timesecs":	1670626660
		},
		"connecting_to":	{
			"host":	"192.168.100.168",
			"port":	5202
		},
		"cookie":	"vv4f6ea4o6fynxdfwrqzwuzp3ujbupur33f3",
		"tcp_mss_default":	1448,
		"target_bitrate":	0,
		"sock_bufsize":	0,
		"sndbuf_actual":	16384,
		"rcvbuf_actual":	131072,
		"test_start":	{
			"protocol":	"TCP",
			"num_streams":	1,
			"blksize":	131072,
			"omit":	0,
			"duration":	10,
			"bytes":	0,
			"blocks":	0,
			"reverse":	0,
			"tos":	0,
			"target_bitrate":	0
		}
	},
	"intervals":	[{
			"streams":	[{
					"socket":	6,
					"start":	0,
					"end":	1.000268,
					"seconds":	1.00026798248291,
					"bytes":	1443656,
					"bits_per_second":	11546153.833027763,
					"retransmits":	0,
					"snd_cwnd":	83984,
					"snd_wnd":	543104,
					"rtt":	132562,
					"rttvar":	1670,
					"pmtu":	1500,
					"omitted":	false,
					"sender":	true
				}],
			"sum":	{
				"start":	0,
				"end":	1.000268,
				"seconds":	1.00026798248291,
				"bytes":	1443656,
				"bits_per_second":	11546153.833027763,
				"retransmits":	0,
				"omitted":	false,
				"sender":	true
			}
		}, {
			"streams":	[{
					"socket":	6,
					"start":	1.000268,
					"end":	2.00073,
					"seconds":	1.0004620552062988,
					"bytes":	325800,
					"bits_per_second":	2605196.2555067129,
					"retransmits":	0,
					"snd_cwnd":	49232,
					"snd_wnd":	543104,
					"rtt":	158237,
					"rttvar":	2347,
					"pmtu":	1500,
					"omitted":	false,
					"sender":	true
				}],
			"sum":	{
				"start":	1.000268,
				"end":	2.00073,
				"seconds":	1.0004620552062988,
				"bytes":	325800,
				"bits_per_second":	2605196.2555067129,
				"retransmits":	0,
				"omitted":	false,
				"sender":	true
			}
		}, {
			"streams":	[{
					"socket":	6,
					"start":	2.00073,
					"end":	3.00095,
					"seconds":	1.0002199411392212,
					"bytes":	325800,
					"bits_per_second":	2605826.871469276,
					"retransmits":	0,
					"snd_cwnd":	46336,
					"snd_wnd":	543104,
					"rtt":	191579,
					"rttvar":	3180,
					"pmtu":	1500,
					"omitted":	false,
					"sender":	true
				}],
			"sum":	{
				"start":	2.00073,
				"end":	3.00095,
				"seconds":	1.0002199411392212,
				"bytes":	325800,
				"bits_per_second":	2605826.871469276,
				"retransmits":	0,
				"omitted":	false,
				"sender":	true
			}
		}, {
			"streams":	[{
					"socket":	6,
					"start":	3.00095,
					"end":	4.000602,
					"seconds":	0.99965202808380127,
					"bytes":	325800,
					"bits_per_second":	2607307.2697067587,
					"retransmits":	0,
					"snd_cwnd":	43440,
					"snd_wnd":	543104,
					"rtt":	236469,
					"rttvar":	6018,
					"pmtu":	1500,
					"omitted":	false,
					"sender":	true
				}],
			"sum":	{
				"start":	3.00095,
				"end":	4.000602,
				"seconds":	0.99965202808380127,
				"bytes":	325800,
				"bits_per_second":	2607307.2697067587,
				"retransmits":	0,
				"omitted":	false,
				"sender":	true
			}
		}, {
			"streams":	[{
					"socket":	6,
					"start":	4.000602,
					"end":	5.001033,
					"seconds":	1.0004309415817261,
					"bytes":	0,
					"bits_per_second":	0,
					"retransmits":	0,
					"snd_cwnd":	37648,
					"snd_wnd":	543104,
					"rtt":	272369,
					"rttvar":	6285,
					"pmtu":	1500,
					"omitted":	false,
					"sender":	true
				}],
			"sum":	{
				"start":	4.000602,
				"end":	5.001033,
				"seconds":	1.0004309415817261,
				"bytes":	0,
				"bits_per_second":	0,
				"retransmits":	0,
				"omitted":	false,
				"sender":	true
			}
		}, {
			"streams":	[{
					"socket":	6,
					"start":	5.001033,
					"end":	6.000589,
					"seconds":	0.999556005001068,
					"bytes":	325800,
					"bits_per_second":	2607557.74259714,
					"retransmits":	0,
					"snd_cwnd":	31856,
					"snd_wnd":	543104,
					"rtt":	317813,
					"rttvar":	10588,
					"pmtu":	1500,
					"omitted":	false,
					"sender":	true
				}],
			"sum":	{
				"start":	5.001033,
				"end":	6.000589,
				"seconds":	0.999556005001068,
				"bytes":	325800,
				"bits_per_second":	2607557.74259714,
				"retransmits":	0,
				"omitted":	false,
				"sender":	true
			}
		}, {
			"streams":	[{
					"socket":	6,
					"start":	6.000589,
					"end":	7.001034,
					"seconds":	1.0004450082778931,
					"bytes":	0,
					"bits_per_second":	0,
					"retransmits":	0,
					"snd_cwnd":	31856,
					"snd_wnd":	543104,
					"rtt":	357524,
					"rttvar":	10956,
					"pmtu":	1500,
					"omitted":	false,
					"sender":	true
				}],
			"sum":	{
				"start":	6.000589,
				"end":	7.001034,
				"seconds":	1.0004450082778931,
				"bytes":	0,
				"bits_per_second":	0,
				"retransmits":	0,
				"omitted":	false,
				"sender":	true
			}
		}, {
			"streams":	[{
					"socket":	6,
					"start":	7.001034,
					"end":	8.001028,
					"seconds":	0.99999397993087769,
					"bytes":	0,
					"bits_per_second":	0,
					"retransmits":	0,
					"snd_cwnd":	20272,
					"snd_wnd":	543104,
					"rtt":	403115,
					"rttvar":	14266,
					"pmtu":	1500,
					"omitted":	false,
					"sender":	true
				}],
			"sum":	{
				"start":	7.001034,
				"end":	8.001028,
				"seconds":	0.99999397993087769,
				"bytes":	0,
				"bits_per_second":	0,
				"retransmits":	0,
				"omitted":	false,
				"sender":	true
			}
		}, {
			"streams":	[{
					"socket":	6,
					"start":	8.001028,
					"end":	9.00103,
					"seconds":	1.0000020265579224,
					"bytes":	0,
					"bits_per_second":	0,
					"retransmits":	2,
					"snd_cwnd":	18824,
					"snd_wnd":	543104,
					"rtt":	417240,
					"rttvar":	6871,
					"pmtu":	1500,
					"omitted":	false,
					"sender":	true
				}],
			"sum":	{
				"start":	8.001028,
				"end":	9.00103,
				"seconds":	1.0000020265579224,
				"bytes":	0,
				"bits_per_second":	0,
				"retransmits":	2,
				"omitted":	false,
				"sender":	true
			}
		}, {
			"streams":	[{
					"socket":	6,
					"start":	9.00103,
					"end":	10.00104,
					"seconds":	1.0000100135803223,
					"bytes":	0,
					"bits_per_second":	0,
					"retransmits":	0,
					"snd_cwnd":	20272,
					"snd_wnd":	544640,
					"rtt":	339542,
					"rttvar":	8051,
					"pmtu":	1500,
					"omitted":	false,
					"sender":	true
				}],
			"sum":	{
				"start":	9.00103,
				"end":	10.00104,
				"seconds":	1.0000100135803223,
				"bytes":	0,
				"bits_per_second":	0,
				"retransmits":	0,
				"omitted":	false,
				"sender":	true
			}
		}],
	"end":	{
		"streams":	[{
				"sender":	{
					"socket":	6,
					"start":	0,
					"end":	10.00104,
					"seconds":	10.00104,
					"bytes":	2746856,
					"bits_per_second":	2197256.2853463241,
					"retransmits":	2,
					"max_snd_cwnd":	83984,
					"max_snd_wnd":	544640,
					"max_rtt":	417240,
					"min_rtt":	132562,
					"mean_rtt":	282645,
					"sender":	true
				},
				"receiver":	{
					"socket":	6,
					"start":	0,
					"end":	10.346361,
					"seconds":	10.00104,
					"bytes":	2145936,
					"bits_per_second":	1659277.885239071,
					"sender":	true
				}
			}],
		"sum_sent":	{
			"start":	0,
			"end":	10.00104,
			"seconds":	10.00104,
			"bytes":	2746856,
			"bits_per_second":	2197256.2853463241,
			"retransmits":	2,
			"sender":	true
		},
		"sum_received":	{
			"start":	0,
			"end":	10.346361,
			"seconds":	10.346361,
			"bytes":	2145936,
			"bits_per_second":	1659277.885239071,
			"sender":	true
		},
		"cpu_utilization_percent":	{
			"host_total":	0.2727539987587243,
			"host_user":	0.0412966678577898,
			"host_system":	0.23146722943110176,
			"remote_total":	0.18912904278068407,
			"remote_user":	0.023950417416728081,
			"remote_system":	0.165178625363956
		},
		"sender_tcp_congestion":	"bbr",
		"receiver_tcp_congestion":	"bbr"
	}
}
