{
	"start":	{
		"connected":	[{
				"socket":	6,
				"local_host":	"192.168.101.210",
				"local_port":	50548,
				"remote_host":	"192.168.100.168",
				"remote_port":	5201
			}],
		"version":	"iperf 3.11",
		"system_info":	"Linux f1 6.0.10-300.fc37.x86_64 #1 SMP PREEMPT_DYNAMIC Sat Nov 26 16:55:13 UTC 2022 x86_64",
		"timestamp":	{
			"time":	"Fri, 09 Dec 2022 23:00:27 GMT",
			"timesecs":	1670626827
		},
		"connecting_to":	{
			"host":	"192.168.100.168",
			"port":	5201
		},
		"cookie":	"sh6xkinorrfjsenryfjgsyqe25s2qeqkydym",
		"tcp_mss_default":	1448,
		"target_bitrate":	0,
		"sock_bufsize":	0,
		"sndbuf_actual":	16384,
		"rcvbuf_actual":	131072,
		"test_start":	{
			"protocol":	"TCP",
			"num_streams":	1,
			"blksize":	131072,
			"omit":	0,
			"duration":	10,
			"bytes":	0,
			"blocks":	0,
			"reverse":	0,
			"tos":	0,
			"target_bitrate":	0
		}
	},
	"intervals":	[{
			"streams":	[{
					"socket":	6,
					"start":	0,
					"end":	1.00046,
					"seconds":	1.0004600286483765,
					"bytes":	2465944,
					"bits_per_second":	19718480.933867957,
					"retransmits":	195,
					"snd_cwnd":	70952,
					"snd_wnd":	928896,
					"rtt":	139060,
					"rttvar":	897,
					"pmtu":	1500,
					"omitted":	false,
					"sender":	true
				}],
			"sum":	{
				"start":	0,
				"end":	1.00046,
				"seconds":	1.0004600286483765,
				"bytes":	2465944,
				"bits_per_second":	19718480.933867957,
				"retransmits":	195,
				"omitted":	false,
				"sender":	true
			}
		}, {
			"streams":	[{
					"socket":	6,
					"start":	1.00046,
					"end":	2.000146,
					"seconds":	0.99968600273132324,
					"bytes":	781920,
					"bits_per_second":	6257324.78289105,
					"retransmits":	38,
					"snd_cwnd":	52128,
					"snd_wnd":	1627264,
					"rtt":	117786,
					"rttvar":	5043,
					"pmtu":	1500,
					"omitted":	false,
					"sender":	true
				}],
			"sum":	{
				"start":	1.00046,
				"end":	2.000146,
				"seconds":	0.99968600273132324,
				"bytes":	781920,
				"bits_per_second":	6257324.78289105,
				"retransmits":	38,
				"omitted":	false,
				"sender":	true
			}
		}, {
			"streams":	[{
					"socket":	6,
					"start":	2.000146,
					"end":	3.000916,
					"seconds":	1.0007699728012085,
					"bytes":	0,
					"bits_per_second":	0,
					"retransmits":	4,
					"snd_cwnd":	39096,
					"snd_wnd":	1808384,
					"rtt":	123687,
					"rttvar":	4168,
					"pmtu":	1500,
					"omitted":	false,
					"sender":	true
				}],
			"sum":	{
				"start":	2.000146,
				"end":	3.000916,
				"seconds":	1.0007699728012085,
				"bytes":	0,
				"bits_per_second":	0,
				"retransmits":	4,
				"omitted":	false,
				"sender":	true
			}
		}, {
			"streams":	[{
					"socket":	6,
					"start":	3.000916,
					"end":	4.00022,
					"seconds":	0.99930399656295776,
					"bytes":	781920,
					"bits_per_second":	6259716.7843968514,
					"retransmits":	0,
					"snd_cwnd":	52128,
					"snd_wnd":	1816960,
					"rtt":	119289,
					"rttvar":	948,
					"pmtu":	1500,
					"omitted":	false,
					"sender":	true
				}],
			"sum":	{
				"start":	3.000916,
				"end":	4.00022,
				"seconds":	0.99930399656295776,
				"bytes":	781920,
				"bits_per_second":	6259716.7843968514,
				"retransmits":	0,
				"omitted":	false,
				"sender":	true
			}
		}, {
			"streams":	[{
					"socket":	6,
					"start":	4.00022,
					"end":	5.001033,
					"seconds":	1.0008130073547363,
					"bytes":	0,
					"bits_per_second":	0,
					"retransmits":	12,
					"snd_cwnd":	41992,
					"snd_wnd":	1816960,
					"rtt":	119069,
					"rttvar":	1117,
					"pmtu":	1500,
					"omitted":	false,
					"sender":	true
				}],
			"sum":	{
				"start":	4.00022,
				"end":	5.001033,
				"seconds":	1.0008130073547363,
				"bytes":	0,
				"bits_per_second":	0,
				"retransmits":	12,
				"omitted":	false,
				"sender":	true
			}
		}, {
			"streams":	[{
					"socket":	6,
					"start":	5.001033,
					"end":	6.00062,
					"seconds":	0.99958699941635132,
					"bytes":	0,
					"bits_per_second":	0,
					"retransmits":	2,
					"snd_cwnd":	34752,
					"snd_wnd":	1816960,
					"rtt":	111923,
					"rttvar":	1151,
					"pmtu":	1500,
					"omitted":	false,
					"sender":	true
				}],
			"sum":	{
				"start":	5.001033,
				"end":	6.00062,
				"seconds":	0.99958699941635132,
				"bytes":	0,
				"bits_per_second":	0,
				"retransmits":	2,
				"omitted":	false,
				"sender":	true
			}
		}, {
			"streams":	[{
					"socket":	6,
					"start":	6.00062,
					"end":	7.000839,
					"seconds":	1.0002189874649048,
					"bytes":	781920,
					"bits_per_second":	6253990.4544848334,
					"retransmits":	4,
					"snd_cwnd":	26064,
					"snd_wnd":	1815552,
					"rtt":	128042,
					"rttvar":	6083,
					"pmtu":	1500,
					"omitted":	false,
					"sender":	true
				}],
			"sum":	{
				"start":	6.00062,
				"end":	7.000839,
				"seconds":	1.0002189874649048,
				"bytes":	781920,
				"bits_per_second":	6253990.4544848334,
				"retransmits":	4,
				"omitted":	false,
				"sender":	true
			}
		}, {
			"streams":	[{
					"socket":	6,
					"start":	7.000839,
					"end":	8.00103,
					"seconds":	1.0001909732818604,
					"bytes":	0,
					"bits_per_second":	0,
					"retransmits":	0,
					"snd_cwnd":	36200,
					"snd_wnd":	1816960,
					"rtt":	117252,
					"rttvar":	1050,
					"pmtu":	1500,
					"omitted":	false,
					"sender":	true
				}],
			"sum":	{
				"start":	7.000839,
				"end":	8.00103,
				"seconds":	1.0001909732818604,
				"bytes":	0,
				"bits_per_second":	0,
				"retransmits":	0,
				"omitted":	false,
				"sender":	true
			}
		}, {
			"streams":	[{
					"socket":	6,
					"start":	8.00103,
					"end":	9.001043,
					"seconds":	1.000012993812561,
					"bytes":	0,
					"bits_per_second":	0,
					"retransmits":	4,
					"snd_cwnd":	30408,
					"snd_wnd":	1816960,
					"rtt":	113424,
					"rttvar":	1131,
					"pmtu":	1500,
					"omitted":	false,
					"sender":	true
				}],
			"sum":	{
				"start":	8.00103,
				"end":	9.001043,
				"seconds":	1.000012993812561,
				"bytes":	0,
				"bits_per_second":	0,
				"retransmits":	4,
				"omitted":	false,
				"sender":	true
			}
		}, {
			"streams":	[{
					"socket":	6,
					"start":	9.001043,
					"end":	10.00102,
					"seconds":	0.9999769926071167,
					"bytes":	781920,
					"bits_per_second":	6255503.922836436,
					"retransmits":	0,
					"snd_cwnd":	37648,
					"snd_wnd":	1816960,
					"rtt":	124881,
					"rttvar":	1518,
					"pmtu":	1500,
					"omitted":	false,
					"sender":	true
				}],
			"sum":	{
				"start":	9.001043,
				"end":	10.00102,
				"seconds":	0.9999769926071167,
				"bytes":	781920,
				"bits_per_second":	6255503.922836436,
				"retransmits":	0,
				"omitted":	false,
				"sender":	true
			}
		}],
	"end":	{
		"streams":	[{
				"sender":	{
					"socket":	6,
					"start":	0,
					"end":	10.00102,
					"seconds":	10.00102,
					"bytes":	5593624,
					"bits_per_second":	4474442.8068337031,
					"retransmits":	259,
					"max_snd_cwnd":	70952,
					"max_snd_wnd":	1816960,
					"max_rtt":	139060,
					"min_rtt":	111923,
					"mean_rtt":	121441,
					"sender":	true
				},
				"receiver":	{
					"socket":	6,
					"start":	0,
					"end":	10.140119,
					"seconds":	10.00102,
					"bytes":	3664888,
					"bits_per_second":	2891396.4421916548,
					"sender":	true
				}
			}],
		"sum_sent":	{
			"start":	0,
			"end":	10.00102,
			"seconds":	10.00102,
			"bytes":	5593624,
			"bits_per_second":	4474442.8068337031,
			"retransmits":	259,
			"sender":	true
		},
		"sum_received":	{
			"start":	0,
			"end":	10.140119,
			"seconds":	10.140119,
			"bytes":	3664888,
			"bits_per_second":	2891396.4421916548,
			"sender":	true
		},
		"cpu_utilization_percent":	{
			"host_total":	0.98362757983184235,
			"host_user":	0.14894330426115893,
			"host_system":	0.834693888537268,
			"remote_total":	0.27919757644156667,
			"remote_user":	0.056932203341357228,
			"remote_system":	0.22226537310020947
		},
		"sender_tcp_congestion":	"cubic",
		"receiver_tcp_congestion":	"cubic"
	}
}
