{
	"start":	{
		"connected":	[{
				"socket":	6,
				"local_host":	"192.168.101.210",
				"local_port":	38492,
				"remote_host":	"192.168.100.168",
				"remote_port":	5202
			}],
		"version":	"iperf 3.11",
		"system_info":	"Linux f1 6.0.10-300.fc37.x86_64 #1 SMP PREEMPT_DYNAMIC Sat Nov 26 16:55:13 UTC 2022 x86_64",
		"timestamp":	{
			"time":	"Fri, 09 Dec 2022 22:57:18 GMT",
			"timesecs":	1670626638
		},
		"connecting_to":	{
			"host":	"192.168.100.168",
			"port":	5202
		},
		"cookie":	"sdftckegfwe45k4x6o2wfbrgsshkarslbyr5",
		"tcp_mss_default":	1448,
		"target_bitrate":	0,
		"sock_bufsize":	0,
		"sndbuf_actual":	16384,
		"rcvbuf_actual":	131072,
		"test_start":	{
			"protocol":	"TCP",
			"num_streams":	1,
			"blksize":	131072,
			"omit":	0,
			"duration":	10,
			"bytes":	0,
			"blocks":	0,
			"reverse":	0,
			"tos":	0,
			"target_bitrate":	0
		}
	},
	"intervals":	[{
			"streams":	[{
					"socket":	6,
					"start":	0,
					"end":	1.000282,
					"seconds":	1.0002820491790771,
					"bytes":	849976,
					"bits_per_second":	6797890.6605197443,
					"retransmits":	0,
					"snd_cwnd":	52128,
					"snd_wnd":	260992,
					"rtt":	120729,
					"rttvar":	3723,
					"pmtu":	1500,
					"omitted":	false,
					"sender":	true
				}],
			"sum":	{
				"start":	0,
				"end":	1.000282,
				"seconds":	1.0002820491790771,
				"bytes":	849976,
				"bits_per_second":	6797890.6605197443,
				"retransmits":	0,
				"omitted":	false,
				"sender":	true
			}
		}, {
			"streams":	[{
					"socket":	6,
					"start":	1.000282,
					"end":	2.000795,
					"seconds":	1.000512957572937,
					"bytes":	195480,
					"bits_per_second":	1563038.2277043089,
					"retransmits":	0,
					"snd_cwnd":	28960,
					"snd_wnd":	261120,
					"rtt":	149635,
					"rttvar":	2965,
					"pmtu":	1500,
					"omitted":	false,
					"sender":	true
				}],
			"sum":	{
				"start":	1.000282,
				"end":	2.000795,
				"seconds":	1.000512957572937,
				"bytes":	195480,
				"bits_per_second":	1563038.2277043089,
				"retransmits":	0,
				"omitted":	false,
				"sender":	true
			}
		}, {
			"streams":	[{
					"socket":	6,
					"start":	2.000795,
					"end":	3.000941,
					"seconds":	1.0001460313797,
					"bytes":	195480,
					"bits_per_second":	1563611.6636314453,
					"retransmits":	0,
					"snd_cwnd":	26064,
					"snd_wnd":	261120,
					"rtt":	187719,
					"rttvar":	7769,
					"pmtu":	1500,
					"omitted":	false,
					"sender":	true
				}],
			"sum":	{
				"start":	2.000795,
				"end":	3.000941,
				"seconds":	1.0001460313797,
				"bytes":	195480,
				"bits_per_second":	1563611.6636314453,
				"retransmits":	0,
				"omitted":	false,
				"sender":	true
			}
		}, {
			"streams":	[{
					"socket":	6,
					"start":	3.000941,
					"end":	4.000325,
					"seconds":	0.99938398599624634,
					"bytes":	195480,
					"bits_per_second":	1564803.9411408717,
					"retransmits":	0,
					"snd_cwnd":	26064,
					"snd_wnd":	261120,
					"rtt":	235001,
					"rttvar":	9608,
					"pmtu":	1500,
					"omitted":	false,
					"sender":	true
				}],
			"sum":	{
				"start":	3.000941,
				"end":	4.000325,
				"seconds":	0.99938398599624634,
				"bytes":	195480,
				"bits_per_second":	1564803.9411408717,
				"retransmits":	0,
				"omitted":	false,
				"sender":	true
			}
		}, {
			"streams":	[{
					"socket":	6,
					"start":	4.000325,
					"end":	5.001027,
					"seconds":	1.0007020235061646,
					"bytes":	0,
					"bits_per_second":	0,
					"retransmits":	0,
					"snd_cwnd":	23168,
					"snd_wnd":	261120,
					"rtt":	273456,
					"rttvar":	10741,
					"pmtu":	1500,
					"omitted":	false,
					"sender":	true
				}],
			"sum":	{
				"start":	4.000325,
				"end":	5.001027,
				"seconds":	1.0007020235061646,
				"bytes":	0,
				"bits_per_second":	0,
				"retransmits":	0,
				"omitted":	false,
				"sender":	true
			}
		}, {
			"streams":	[{
					"socket":	6,
					"start":	5.001027,
					"end":	6.00104,
					"seconds":	1.000012993812561,
					"bytes":	0,
					"bits_per_second":	0,
					"retransmits":	0,
					"snd_cwnd":	14480,
					"snd_wnd":	261120,
					"rtt":	330001,
					"rttvar":	31456,
					"pmtu":	1500,
					"omitted":	false,
					"sender":	true
				}],
			"sum":	{
				"start":	5.001027,
				"end":	6.00104,
				"seconds":	1.000012993812561,
				"bytes":	0,
				"bits_per_second":	0,
				"retransmits":	0,
				"omitted":	false,
				"sender":	true
			}
		}, {
			"streams":	[{
					"socket":	6,
					"start":	6.00104,
					"end":	7.000223,
					"seconds":	0.99918299913406372,
					"bytes":	195480,
					"bits_per_second":	1565118.7033359185,
					"retransmits":	0,
					"snd_cwnd":	14480,
					"snd_wnd":	261120,
					"rtt":	365932,
					"rttvar":	21210,
					"pmtu":	1500,
					"omitted":	false,
					"sender":	true
				}],
			"sum":	{
				"start":	6.00104,
				"end":	7.000223,
				"seconds":	0.99918299913406372,
				"bytes":	195480,
				"bits_per_second":	1565118.7033359185,
				"retransmits":	0,
				"omitted":	false,
				"sender":	true
			}
		}, {
			"streams":	[{
					"socket":	6,
					"start":	7.000223,
					"end":	8.001032,
					"seconds":	1.0008089542388916,
					"bytes":	0,
					"bits_per_second":	0,
					"retransmits":	0,
					"snd_cwnd":	14480,
					"snd_wnd":	261120,
					"rtt":	401288,
					"rttvar":	27890,
					"pmtu":	1500,
					"omitted":	false,
					"sender":	true
				}],
			"sum":	{
				"start":	7.000223,
				"end":	8.001032,
				"seconds":	1.0008089542388916,
				"bytes":	0,
				"bits_per_second":	0,
				"retransmits":	0,
				"omitted":	false,
				"sender":	true
			}
		}, {
			"streams":	[{
					"socket":	6,
					"start":	8.001032,
					"end":	9.00104,
					"seconds":	1.0000079870224,
					"bytes":	0,
					"bits_per_second":	0,
					"retransmits":	0,
					"snd_cwnd":	14480,
					"snd_wnd":	260480,
					"rtt":	453554,
					"rttvar":	19220,
					"pmtu":	1500,
					"omitted":	false,
					"sender":	true
				}],
			"sum":	{
				"start":	8.001032,
				"end":	9.00104,
				"seconds":	1.0000079870224,
				"bytes":	0,
				"bits_per_second":	0,
				"retransmits":	0,
				"omitted":	false,
				"sender":	true
			}
		}, {
			"streams":	[{
					"socket":	6,
					"start":	9.00104,
					"end":	10.001032,
					"seconds":	0.9999920129776,
					"bytes":	0,
					"bits_per_second":	0,
					"retransmits":	0,
					"snd_cwnd":	11584,
					"snd_wnd":	261120,
					"rtt":	491621,
					"rttvar":	15528,
					"pmtu":	1500,
					"omitted":	false,
					"sender":	true
				}],
			"sum":	{
				"start":	9.00104,
				"end":	10.001032,
				"seconds":	0.9999920129776,
				"bytes":	0,
				"bits_per_second":	0,
				"retransmits":	0,
				"omitted":	false,
				"sender":	true
			}
		}],
	"end":	{
		"streams":	[{
				"sender":	{
					"socket":	6,
					"start":	0,
					"end":	10.001032,
					"seconds":	10.001032,
					"bytes":	1631896,
					"bits_per_second":	1305382.0845688723,
					"retransmits":	0,
					"max_snd_cwnd":	52128,
					"max_snd_wnd":	261120,
					"max_rtt":	491621,
					"min_rtt":	120729,
					"mean_rtt":	300893,
					"sender":	true
				},
				"receiver":	{
					"socket":	6,
					"start":	0,
					"end":	10.544858,
					"seconds":	10.001032,
					"bytes":	1235144,
					"bits_per_second":	937058.801550481,
					"sender":	true
				}
			}],
		"sum_sent":	{
			"start":	0,
			"end":	10.001032,
			"seconds":	10.001032,
			"bytes":	1631896,
			"bits_per_second":	1305382.0845688723,
			"retransmits":	0,
			"sender":	true
		},
		"sum_received":	{
			"start":	0,
			"end":	10.544858,
			"seconds":	10.544858,
			"bytes":	1235144,
			"bits_per_second":	937058.801550481,
			"sender":	true
		},
		"cpu_utilization_percent":	{
			"host_total":	0.11616053435638252,
			"host_user":	0.01526567502514654,
			"host_system":	0.10090481737104362,
			"remote_total":	0.12215419651017002,
			"remote_user":	0.010346264140408,
			"remote_system":	0.11179844908457373
		},
		"sender_tcp_congestion":	"bbr",
		"receiver_tcp_congestion":	"bbr"
	}
}
