{
	"start":	{
		"connected":	[{
				"socket":	6,
				"local_host":	"192.168.101.210",
				"local_port":	54406,
				"remote_host":	"192.168.100.168",
				"remote_port":	5201
			}],
		"version":	"iperf 3.11",
		"system_info":	"Linux f1 6.0.10-300.fc37.x86_64 #1 SMP PREEMPT_DYNAMIC Sat Nov 26 16:55:13 UTC 2022 x86_64",
		"timestamp":	{
			"time":	"Fri, 09 Dec 2022 23:03:22 GMT",
			"timesecs":	1670627002
		},
		"connecting_to":	{
			"host":	"192.168.100.168",
			"port":	5201
		},
		"cookie":	"olb6yjza24tcikt26ceey74a6ijkw6tofhiu",
		"tcp_mss_default":	1448,
		"target_bitrate":	0,
		"sock_bufsize":	0,
		"sndbuf_actual":	16384,
		"rcvbuf_actual":	131072,
		"test_start":	{
			"protocol":	"TCP",
			"num_streams":	1,
			"blksize":	131072,
			"omit":	0,
			"duration":	10,
			"bytes":	0,
			"blocks":	0,
			"reverse":	0,
			"tos":	0,
			"target_bitrate":	0
		}
	},
	"intervals":	[{
			"streams":	[{
					"socket":	6,
					"start":	0,
					"end":	1.000218,
					"seconds":	1.0002180337905884,
					"bytes":	1145368,
					"bits_per_second":	9160946.6040865332,
					"retransmits":	0,
					"snd_cwnd":	208512,
					"snd_wnd":	364032,
					"rtt":	222787,
					"rttvar":	5785,
					"pmtu":	1500,
					"omitted":	false,
					"sender":	true
				}],
			"sum":	{
				"start":	0,
				"end":	1.000218,
				"seconds":	1.0002180337905884,
				"bytes":	1145368,
				"bits_per_second":	9160946.6040865332,
				"retransmits":	0,
				"omitted":	false,
				"sender":	true
			}
		}, {
			"streams":	[{
					"socket":	6,
					"start":	1.000218,
					"end":	2.000494,
					"seconds":	1.00027596950531,
					"bytes":	977400,
					"bits_per_second":	7817042.73458355,
					"retransmits":	0,
					"snd_cwnd":	249056,
					"snd_wnd":	1192064,
					"rtt":	450715,
					"rttvar":	18551,
					"pmtu":	1500,
					"omitted":	false,
					"sender":	true
				}],
			"sum":	{
				"start":	1.000218,
				"end":	2.000494,
				"seconds":	1.00027596950531,
				"bytes":	977400,
				"bits_per_second":	7817042.73458355,
				"retransmits":	0,
				"omitted":	false,
				"sender":	true
			}
		}, {
			"streams":	[{
					"socket":	6,
					"start":	2.000494,
					"end":	3.000545,
					"seconds":	1.0000510215759277,
					"bytes":	521280,
					"bits_per_second":	4170027.2386386232,
					"retransmits":	0,
					"snd_cwnd":	270776,
					"snd_wnd":	1192064,
					"rtt":	582114,
					"rttvar":	1970,
					"pmtu":	1500,
					"omitted":	false,
					"sender":	true
				}],
			"sum":	{
				"start":	2.000494,
				"end":	3.000545,
				"seconds":	1.0000510215759277,
				"bytes":	521280,
				"bits_per_second":	4170027.2386386232,
				"retransmits":	0,
				"omitted":	false,
				"sender":	true
			}
		}, {
			"streams":	[{
					"socket":	6,
					"start":	3.000545,
					"end":	4.000562,
					"seconds":	1.0000170469284058,
					"bytes":	586440,
					"bits_per_second":	4691440.0253577679,
					"retransmits":	0,
					"snd_cwnd":	293944,
					"snd_wnd":	1192064,
					"rtt":	594054,
					"rttvar":	203,
					"pmtu":	1500,
					"omitted":	false,
					"sender":	true
				}],
			"sum":	{
				"start":	3.000545,
				"end":	4.000562,
				"seconds":	1.0000170469284058,
				"bytes":	586440,
				"bits_per_second":	4691440.0253577679,
				"retransmits":	0,
				"omitted":	false,
				"sender":	true
			}
		}, {
			"streams":	[{
					"socket":	6,
					"start":	4.000562,
					"end":	5.00062,
					"seconds":	1.0000580549240112,
					"bytes":	651600,
					"bits_per_second":	5212497.38886018,
					"retransmits":	0,
					"snd_cwnd":	324352,
					"snd_wnd":	1192064,
					"rtt":	505285,
					"rttvar":	2914,
					"pmtu":	1500,
					"omitted":	false,
					"sender":	true
				}],
			"sum":	{
				"start":	4.000562,
				"end":	5.00062,
				"seconds":	1.0000580549240112,
				"bytes":	651600,
				"bits_per_second":	5212497.38886018,
				"retransmits":	0,
				"omitted":	false,
				"sender":	true
			}
		}, {
			"streams":	[{
					"socket":	6,
					"start":	5.00062,
					"end":	6.00008,
					"seconds":	0.999459981918335,
					"bytes":	1498680,
					"bits_per_second":	11995918.012632994,
					"retransmits":	0,
					"snd_cwnd":	364896,
					"snd_wnd":	1192064,
					"rtt":	454519,
					"rttvar":	4104,
					"pmtu":	1500,
					"omitted":	false,
					"sender":	true
				}],
			"sum":	{
				"start":	5.00062,
				"end":	6.00008,
				"seconds":	0.999459981918335,
				"bytes":	1498680,
				"bits_per_second":	11995918.012632994,
				"retransmits":	0,
				"omitted":	false,
				"sender":	true
			}
		}, {
			"streams":	[{
					"socket":	6,
					"start":	6.00008,
					"end":	7.0001,
					"seconds":	1.0000200271606445,
					"bytes":	847080,
					"bits_per_second":	6776504.28586006,
					"retransmits":	0,
					"snd_cwnd":	399648,
					"snd_wnd":	1192064,
					"rtt":	522503,
					"rttvar":	618,
					"pmtu":	1500,
					"omitted":	false,
					"sender":	true
				}],
			"sum":	{
				"start":	6.00008,
				"end":	7.0001,
				"seconds":	1.0000200271606445,
				"bytes":	847080,
				"bits_per_second":	6776504.28586006,
				"retransmits":	0,
				"omitted":	false,
				"sender":	true
			}
		}, {
			"streams":	[{
					"socket":	6,
					"start":	7.0001,
					"end":	8.00018,
					"seconds":	1.0000799894332886,
					"bytes":	912240,
					"bits_per_second":	7297336.29020563,
					"retransmits":	0,
					"snd_cwnd":	438744,
					"snd_wnd":	1192064,
					"rtt":	539454,
					"rttvar":	1854,
					"pmtu":	1500,
					"omitted":	false,
					"sender":	true
				}],
			"sum":	{
				"start":	7.0001,
				"end":	8.00018,
				"seconds":	1.0000799894332886,
				"bytes":	912240,
				"bits_per_second":	7297336.29020563,
				"retransmits":	0,
				"omitted":	false,
				"sender":	true
			}
		}, {
			"streams":	[{
					"socket":	6,
					"start":	8.00018,
					"end":	9.000292,
					"seconds":	1.0001120567321777,
					"bytes":	977400,
					"bits_per_second":	7818323.90417219,
					"retransmits":	0,
					"snd_cwnd":	496664,
					"snd_wnd":	1192064,
					"rtt":	523580,
					"rttvar":	722,
					"pmtu":	1500,
					"omitted":	false,
					"sender":	true
				}],
			"sum":	{
				"start":	8.00018,
				"end":	9.000292,
				"seconds":	1.0001120567321777,
				"bytes":	977400,
				"bits_per_second":	7818323.90417219,
				"retransmits":	0,
				"omitted":	false,
				"sender":	true
			}
		}, {
			"streams":	[{
					"socket":	6,
					"start":	9.000292,
					"end":	10.000473,
					"seconds":	1.0001809597015381,
					"bytes":	1107720,
					"bits_per_second":	8860156.66869365,
					"retransmits":	0,
					"snd_cwnd":	611056,
					"snd_wnd":	1196544,
					"rtt":	554495,
					"rttvar":	1036,
					"pmtu":	1500,
					"omitted":	false,
					"sender":	true
				}],
			"sum":	{
				"start":	9.000292,
				"end":	10.000473,
				"seconds":	1.0001809597015381,
				"bytes":	1107720,
				"bits_per_second":	8860156.66869365,
				"retransmits":	0,
				"omitted":	false,
				"sender":	true
			}
		}],
	"end":	{
		"streams":	[{
				"sender":	{
					"socket":	6,
					"start":	0,
					"end":	10.000473,
					"seconds":	10.000473,
					"bytes":	9225208,
					"bits_per_second":	7379817.3346400717,
					"retransmits":	0,
					"max_snd_cwnd":	611056,
					"max_snd_wnd":	1196544,
					"max_rtt":	594054,
					"min_rtt":	222787,
					"mean_rtt":	494950,
					"sender":	true
				},
				"receiver":	{
					"socket":	6,
					"start":	0,
					"end":	10.54914,
					"seconds":	10.000473,
					"bytes":	7248688,
					"bits_per_second":	5497083.5537304468,
					"sender":	true
				}
			}],
		"sum_sent":	{
			"start":	0,
			"end":	10.000473,
			"seconds":	10.000473,
			"bytes":	9225208,
			"bits_per_second":	7379817.3346400717,
			"retransmits":	0,
			"sender":	true
		},
		"sum_received":	{
			"start":	0,
			"end":	10.54914,
			"seconds":	10.54914,
			"bytes":	7248688,
			"bits_per_second":	5497083.5537304468,
			"sender":	true
		},
		"cpu_utilization_percent":	{
			"host_total":	1.9026178643497982,
			"host_user":	0.2314566437481293,
			"host_system":	1.6711519627062348,
			"remote_total":	0.580264210610134,
			"remote_user":	0.0987756371123388,
			"remote_system":	0.48146961464230326
		},
		"sender_tcp_congestion":	"cubic",
		"receiver_tcp_congestion":	"cubic"
	}
}
