{
	"start":	{
		"connected":	[{
				"socket":	6,
				"local_host":	"192.168.101.210",
				"local_port":	46800,
				"remote_host":	"192.168.100.168",
				"remote_port":	5201
			}],
		"version":	"iperf 3.11",
		"system_info":	"Linux f1 6.0.10-300.fc37.x86_64 #1 SMP PREEMPT_DYNAMIC Sat Nov 26 16:55:13 UTC 2022 x86_64",
		"timestamp":	{
			"time":	"Fri, 09 Dec 2022 22:59:38 GMT",
			"timesecs":	1670626778
		},
		"connecting_to":	{
			"host":	"192.168.100.168",
			"port":	5201
		},
		"cookie":	"gltqskigalkgua7lvepbap2bz4mixmf3o5ux",
		"tcp_mss_default":	1448,
		"target_bitrate":	0,
		"sock_bufsize":	0,
		"sndbuf_actual":	16384,
		"rcvbuf_actual":	131072,
		"test_start":	{
			"protocol":	"TCP",
			"num_streams":	1,
			"blksize":	131072,
			"omit":	0,
			"duration":	10,
			"bytes":	0,
			"blocks":	0,
			"reverse":	0,
			"tos":	0,
			"target_bitrate":	0
		}
	},
	"intervals":	[{
			"streams":	[{
					"socket":	6,
					"start":	0,
					"end":	1.000254,
					"seconds":	1.0002540349960327,
					"bytes":	2355896,
					"bits_per_second":	18842381.375721972,
					"retransmits":	0,
					"snd_cwnd":	301184,
					"snd_wnd":	1027840,
					"rtt":	230758,
					"rttvar":	567,
					"pmtu":	1500,
					"omitted":	false,
					"sender":	true
				}],
			"sum":	{
				"start":	0,
				"end":	1.000254,
				"seconds":	1.0002540349960327,
				"bytes":	2355896,
				"bits_per_second":	18842381.375721972,
				"retransmits":	0,
				"omitted":	false,
				"sender":	true
			}
		}, {
			"streams":	[{
					"socket":	6,
					"start":	1.000254,
					"end":	2.000107,
					"seconds":	0.999853014945984,
					"bytes":	2150280,
					"bits_per_second":	17204768.843877852,
					"retransmits":	0,
					"snd_cwnd":	375032,
					"snd_wnd":	1027968,
					"rtt":	248947,
					"rttvar":	727,
					"pmtu":	1500,
					"omitted":	false,
					"sender":	true
				}],
			"sum":	{
				"start":	1.000254,
				"end":	2.000107,
				"seconds":	0.999853014945984,
				"bytes":	2150280,
				"bits_per_second":	17204768.843877852,
				"retransmits":	0,
				"omitted":	false,
				"sender":	true
			}
		}, {
			"streams":	[{
					"socket":	6,
					"start":	2.000107,
					"end":	3.000178,
					"seconds":	1.0000710487365723,
					"bytes":	1759320,
					"bits_per_second":	14073560.091336437,
					"retransmits":	0,
					"snd_cwnd":	450328,
					"snd_wnd":	1027968,
					"rtt":	274146,
					"rttvar":	814,
					"pmtu":	1500,
					"omitted":	false,
					"sender":	true
				}],
			"sum":	{
				"start":	2.000107,
				"end":	3.000178,
				"seconds":	1.0000710487365723,
				"bytes":	1759320,
				"bits_per_second":	14073560.091336437,
				"retransmits":	0,
				"omitted":	false,
				"sender":	true
			}
		}, {
			"streams":	[{
					"socket":	6,
					"start":	3.000178,
					"end":	4.00017,
					"seconds":	0.9999920129776,
					"bytes":	2019960,
					"bits_per_second":	16159809.068757011,
					"retransmits":	0,
					"snd_cwnd":	532864,
					"snd_wnd":	1165184,
					"rtt":	292893,
					"rttvar":	1049,
					"pmtu":	1500,
					"omitted":	false,
					"sender":	true
				}],
			"sum":	{
				"start":	3.000178,
				"end":	4.00017,
				"seconds":	0.9999920129776,
				"bytes":	2019960,
				"bits_per_second":	16159809.068757011,
				"retransmits":	0,
				"omitted":	false,
				"sender":	true
			}
		}, {
			"streams":	[{
					"socket":	6,
					"start":	4.00017,
					"end":	5.000136,
					"seconds":	0.999966025352478,
					"bytes":	2410920,
					"bits_per_second":	19288015.303521335,
					"retransmits":	0,
					"snd_cwnd":	625536,
					"snd_wnd":	1315968,
					"rtt":	316882,
					"rttvar":	629,
					"pmtu":	1500,
					"omitted":	false,
					"sender":	true
				}],
			"sum":	{
				"start":	4.00017,
				"end":	5.000136,
				"seconds":	0.999966025352478,
				"bytes":	2410920,
				"bits_per_second":	19288015.303521335,
				"retransmits":	0,
				"omitted":	false,
				"sender":	true
			}
		}, {
			"streams":	[{
					"socket":	6,
					"start":	5.000136,
					"end":	6.000601,
					"seconds":	1.0004650354385376,
					"bytes":	1231176,
					"bits_per_second":	9844829.8052541856,
					"retransmits":	0,
					"snd_cwnd":	722552,
					"snd_wnd":	1517312,
					"rtt":	343688,
					"rttvar":	547,
					"pmtu":	1500,
					"omitted":	false,
					"sender":	true
				}],
			"sum":	{
				"start":	5.000136,
				"end":	6.000601,
				"seconds":	1.0004650354385376,
				"bytes":	1231176,
				"bits_per_second":	9844829.8052541856,
				"retransmits":	0,
				"omitted":	false,
				"sender":	true
			}
		}, {
			"streams":	[{
					"socket":	6,
					"start":	6.000601,
					"end":	7.000365,
					"seconds":	0.99976402521133423,
					"bytes":	2621440,
					"bits_per_second":	20976469.918055866,
					"retransmits":	0,
					"snd_cwnd":	823912,
					"snd_wnd":	1752832,
					"rtt":	384322,
					"rttvar":	1131,
					"pmtu":	1500,
					"omitted":	false,
					"sender":	true
				}],
			"sum":	{
				"start":	6.000601,
				"end":	7.000365,
				"seconds":	0.99976402521133423,
				"bytes":	2621440,
				"bits_per_second":	20976469.918055866,
				"retransmits":	0,
				"omitted":	false,
				"sender":	true
			}
		}, {
			"streams":	[{
					"socket":	6,
					"start":	7.000365,
					"end":	8.000075,
					"seconds":	0.99971002340316772,
					"bytes":	2621440,
					"bits_per_second":	20977603.013931677,
					"retransmits":	0,
					"snd_cwnd":	928168,
					"snd_wnd":	1992192,
					"rtt":	411412,
					"rttvar":	679,
					"pmtu":	1500,
					"omitted":	false,
					"sender":	true
				}],
			"sum":	{
				"start":	7.000365,
				"end":	8.000075,
				"seconds":	0.99971002340316772,
				"bytes":	2621440,
				"bits_per_second":	20977603.013931677,
				"retransmits":	0,
				"omitted":	false,
				"sender":	true
			}
		}, {
			"streams":	[{
					"socket":	6,
					"start":	8.000075,
					"end":	9.000454,
					"seconds":	1.0003789663314819,
					"bytes":	1310720,
					"bits_per_second":	10481787.755346984,
					"retransmits":	0,
					"snd_cwnd":	1038216,
					"snd_wnd":	2219904,
					"rtt":	455097,
					"rttvar":	553,
					"pmtu":	1500,
					"omitted":	false,
					"sender":	true
				}],
			"sum":	{
				"start":	8.000075,
				"end":	9.000454,
				"seconds":	1.0003789663314819,
				"bytes":	1310720,
				"bits_per_second":	10481787.755346984,
				"retransmits":	0,
				"omitted":	false,
				"sender":	true
			}
		}, {
			"streams":	[{
					"socket":	6,
					"start":	9.000454,
					"end":	10.000839,
					"seconds":	1.000385046005249,
					"bytes":	1310720,
					"bits_per_second":	10481724.054024875,
					"retransmits":	22,
					"snd_cwnd":	916584,
					"snd_wnd":	2331776,
					"rtt":	483891,
					"rttvar":	200,
					"pmtu":	1500,
					"omitted":	false,
					"sender":	true
				}],
			"sum":	{
				"start":	9.000454,
				"end":	10.000839,
				"seconds":	1.000385046005249,
				"bytes":	1310720,
				"bits_per_second":	10481724.054024875,
				"retransmits":	22,
				"omitted":	false,
				"sender":	true
			}
		}],
	"end":	{
		"streams":	[{
				"sender":	{
					"socket":	6,
					"start":	0,
					"end":	10.000839,
					"seconds":	10.000839,
					"bytes":	19791872,
					"bits_per_second":	15832169.280997327,
					"retransmits":	22,
					"max_snd_cwnd":	1038216,
					"max_snd_wnd":	2331776,
					"max_rtt":	483891,
					"min_rtt":	230758,
					"mean_rtt":	344203,
					"sender":	true
				},
				"receiver":	{
					"socket":	6,
					"start":	0,
					"end":	10.411379,
					"seconds":	10.000839,
					"bytes":	18026152,
					"bits_per_second":	13851115.783989806,
					"sender":	true
				}
			}],
		"sum_sent":	{
			"start":	0,
			"end":	10.000839,
			"seconds":	10.000839,
			"bytes":	19791872,
			"bits_per_second":	15832169.280997327,
			"retransmits":	22,
			"sender":	true
		},
		"sum_received":	{
			"start":	0,
			"end":	10.411379,
			"seconds":	10.411379,
			"bytes":	18026152,
			"bits_per_second":	13851115.783989806,
			"sender":	true
		},
		"cpu_utilization_percent":	{
			"host_total":	0.84698495603602841,
			"host_user":	0.12151924389579105,
			"host_system":	0.72546571214023747,
			"remote_total":	1.5313128608246753,
			"remote_user":	0.2262425402633442,
			"remote_system":	1.3050799254240042
		},
		"sender_tcp_congestion":	"cubic",
		"receiver_tcp_congestion":	"cubic"
	}
}
