{
	"start":	{
		"connected":	[{
				"socket":	6,
				"local_host":	"192.168.101.210",
				"local_port":	47754,
				"remote_host":	"192.168.100.168",
				"remote_port":	5201
			}],
		"version":	"iperf 3.11",
		"system_info":	"Linux f1 6.0.10-300.fc37.x86_64 #1 SMP PREEMPT_DYNAMIC Sat Nov 26 16:55:13 UTC 2022 x86_64",
		"timestamp":	{
			"time":	"Fri, 09 Dec 2022 22:56:55 GMT",
			"timesecs":	1670626615
		},
		"connecting_to":	{
			"host":	"192.168.100.168",
			"port":	5201
		},
		"cookie":	"xdflw6cpkjmjjfm2tc5jpubpeunfuzok5p2x",
		"tcp_mss_default":	1448,
		"target_bitrate":	0,
		"sock_bufsize":	0,
		"sndbuf_actual":	16384,
		"rcvbuf_actual":	131072,
		"test_start":	{
			"protocol":	"TCP",
			"num_streams":	1,
			"blksize":	131072,
			"omit":	0,
			"duration":	10,
			"bytes":	0,
			"blocks":	0,
			"reverse":	0,
			"tos":	0,
			"target_bitrate":	0
		}
	},
	"intervals":	[{
			"streams":	[{
					"socket":	6,
					"start":	0,
					"end":	1.000128,
					"seconds":	1.0001280307769775,
					"bytes":	1914256,
					"bits_per_second":	15312087.581529789,
					"retransmits":	0,
					"snd_cwnd":	117288,
					"snd_wnd":	288000,
					"rtt":	62818,
					"rttvar":	754,
					"pmtu":	1500,
					"omitted":	false,
					"sender":	true
				}],
			"sum":	{
				"start":	0,
				"end":	1.000128,
				"seconds":	1.0001280307769775,
				"bytes":	1914256,
				"bits_per_second":	15312087.581529789,
				"retransmits":	0,
				"omitted":	false,
				"sender":	true
			}
		}, {
			"streams":	[{
					"socket":	6,
					"start":	1.000128,
					"end":	2.000116,
					"seconds":	0.9999880194664,
					"bytes":	2476080,
					"bits_per_second":	19808877.320920318,
					"retransmits":	0,
					"snd_cwnd":	214304,
					"snd_wnd":	472960,
					"rtt":	97791,
					"rttvar":	504,
					"pmtu":	1500,
					"omitted":	false,
					"sender":	true
				}],
			"sum":	{
				"start":	1.000128,
				"end":	2.000116,
				"seconds":	0.9999880194664,
				"bytes":	2476080,
				"bits_per_second":	19808877.320920318,
				"retransmits":	0,
				"omitted":	false,
				"sender":	true
			}
		}, {
			"streams":	[{
					"socket":	6,
					"start":	2.000116,
					"end":	3.000088,
					"seconds":	0.99997198581695557,
					"bytes":	2801880,
					"bits_per_second":	22415667.9566252,
					"retransmits":	0,
					"snd_cwnd":	322904,
					"snd_wnd":	705664,
					"rtt":	138071,
					"rttvar":	461,
					"pmtu":	1500,
					"omitted":	false,
					"sender":	true
				}],
			"sum":	{
				"start":	2.000116,
				"end":	3.000088,
				"seconds":	0.99997198581695557,
				"bytes":	2801880,
				"bits_per_second":	22415667.9566252,
				"retransmits":	0,
				"omitted":	false,
				"sender":	true
			}
		}, {
			"streams":	[{
					"socket":	6,
					"start":	3.000088,
					"end":	4.000258,
					"seconds":	1.0001699924468994,
					"bytes":	2345760,
					"bits_per_second":	18762890.450341441,
					"retransmits":	0,
					"snd_cwnd":	434400,
					"snd_wnd":	929536,
					"rtt":	182007,
					"rttvar":	457,
					"pmtu":	1500,
					"omitted":	false,
					"sender":	true
				}],
			"sum":	{
				"start":	3.000088,
				"end":	4.000258,
				"seconds":	1.0001699924468994,
				"bytes":	2345760,
				"bits_per_second":	18762890.450341441,
				"retransmits":	0,
				"omitted":	false,
				"sender":	true
			}
		}, {
			"streams":	[{
					"socket":	6,
					"start":	4.000258,
					"end":	5.000224,
					"seconds":	0.999966025352478,
					"bytes":	2932200,
					"bits_per_second":	23458396.990769193,
					"retransmits":	0,
					"snd_cwnd":	548792,
					"snd_wnd":	1172736,
					"rtt":	225258,
					"rttvar":	230,
					"pmtu":	1500,
					"omitted":	false,
					"sender":	true
				}],
			"sum":	{
				"start":	4.000258,
				"end":	5.000224,
				"seconds":	0.999966025352478,
				"bytes":	2932200,
				"bits_per_second":	23458396.990769193,
				"retransmits":	0,
				"omitted":	false,
				"sender":	true
			}
		}, {
			"streams":	[{
					"socket":	6,
					"start":	5.000224,
					"end":	6.000411,
					"seconds":	1.0001870393753052,
					"bytes":	2410920,
					"bits_per_second":	19283753.178851888,
					"retransmits":	0,
					"snd_cwnd":	666080,
					"snd_wnd":	1411456,
					"rtt":	270095,
					"rttvar":	512,
					"pmtu":	1500,
					"omitted":	false,
					"sender":	true
				}],
			"sum":	{
				"start":	5.000224,
				"end":	6.000411,
				"seconds":	1.0001870393753052,
				"bytes":	2410920,
				"bits_per_second":	19283753.178851888,
				"retransmits":	0,
				"omitted":	false,
				"sender":	true
			}
		}, {
			"streams":	[{
					"socket":	6,
					"start":	6.000411,
					"end":	7.000466,
					"seconds":	1.0000549554824829,
					"bytes":	2551480,
					"bits_per_second":	20410718.319126949,
					"retransmits":	0,
					"snd_cwnd":	781920,
					"snd_wnd":	1639168,
					"rtt":	316353,
					"rttvar":	520,
					"pmtu":	1500,
					"omitted":	false,
					"sender":	true
				}],
			"sum":	{
				"start":	6.000411,
				"end":	7.000466,
				"seconds":	1.0000549554824829,
				"bytes":	2551480,
				"bits_per_second":	20410718.319126949,
				"retransmits":	0,
				"omitted":	false,
				"sender":	true
			}
		}, {
			"streams":	[{
					"socket":	6,
					"start":	7.000466,
					"end":	8.000323,
					"seconds":	0.999857008457184,
					"bytes":	2621440,
					"bits_per_second":	20974519.178857211,
					"retransmits":	0,
					"snd_cwnd":	899208,
					"snd_wnd":	1903232,
					"rtt":	363983,
					"rttvar":	798,
					"pmtu":	1500,
					"omitted":	false,
					"sender":	true
				}],
			"sum":	{
				"start":	7.000466,
				"end":	8.000323,
				"seconds":	0.999857008457184,
				"bytes":	2621440,
				"bits_per_second":	20974519.178857211,
				"retransmits":	0,
				"omitted":	false,
				"sender":	true
			}
		}, {
			"streams":	[{
					"socket":	6,
					"start":	8.000323,
					"end":	9.000201,
					"seconds":	0.99987798929214478,
					"bytes":	2621440,
					"bits_per_second":	20974079.062232994,
					"retransmits":	0,
					"snd_cwnd":	1017944,
					"snd_wnd":	2197120,
					"rtt":	410842,
					"rttvar":	737,
					"pmtu":	1500,
					"omitted":	false,
					"sender":	true
				}],
			"sum":	{
				"start":	8.000323,
				"end":	9.000201,
				"seconds":	0.99987798929214478,
				"bytes":	2621440,
				"bits_per_second":	20974079.062232994,
				"retransmits":	0,
				"omitted":	false,
				"sender":	true
			}
		}, {
			"streams":	[{
					"socket":	6,
					"start":	9.000201,
					"end":	10.000095,
					"seconds":	0.99989402294158936,
					"bytes":	2621440,
					"bits_per_second":	20973742.735558975,
					"retransmits":	0,
					"snd_cwnd":	1135232,
					"snd_wnd":	2389632,
					"rtt":	456830,
					"rttvar":	662,
					"pmtu":	1500,
					"omitted":	false,
					"sender":	true
				}],
			"sum":	{
				"start":	9.000201,
				"end":	10.000095,
				"seconds":	0.99989402294158936,
				"bytes":	2621440,
				"bits_per_second":	20973742.735558975,
				"retransmits":	0,
				"omitted":	false,
				"sender":	true
			}
		}],
	"end":	{
		"streams":	[{
				"sender":	{
					"socket":	6,
					"start":	0,
					"end":	10.000095,
					"seconds":	10.000095,
					"bytes":	25296896,
					"bits_per_second":	20237324.545416817,
					"retransmits":	0,
					"max_snd_cwnd":	1135232,
					"max_snd_wnd":	2389632,
					"max_rtt":	456830,
					"min_rtt":	62818,
					"mean_rtt":	252404,
					"sender":	true
				},
				"receiver":	{
					"socket":	6,
					"start":	0,
					"end":	10.478068,
					"seconds":	10.000095,
					"bytes":	22885640,
					"bits_per_second":	17473175.398365423,
					"sender":	true
				}
			}],
		"sum_sent":	{
			"start":	0,
			"end":	10.000095,
			"seconds":	10.000095,
			"bytes":	25296896,
			"bits_per_second":	20237324.545416817,
			"retransmits":	0,
			"sender":	true
		},
		"sum_received":	{
			"start":	0,
			"end":	10.478068,
			"seconds":	10.478068,
			"bytes":	22885640,
			"bits_per_second":	17473175.398365423,
			"sender":	true
		},
		"cpu_utilization_percent":	{
			"host_total":	0.15364383769004439,
			"host_user":	0.028213183314486367,
			"host_system":	0.125430654375558,
			"remote_total":	1.91883491598697,
			"remote_user":	0.1490540678408834,
			"remote_system":	1.7697808481460864
		},
		"sender_tcp_congestion":	"cubic",
		"receiver_tcp_congestion":	"cubic"
	}
}
