{
	"start":	{
		"connected":	[{
				"socket":	6,
				"local_host":	"192.168.101.210",
				"local_port":	53386,
				"remote_host":	"192.168.100.168",
				"remote_port":	5202
			}],
		"version":	"iperf 3.11",
		"system_info":	"Linux f1 6.0.10-300.fc37.x86_64 #1 SMP PREEMPT_DYNAMIC Sat Nov 26 16:55:13 UTC 2022 x86_64",
		"timestamp":	{
			"time":	"Fri, 09 Dec 2022 22:59:38 GMT",
			"timesecs":	1670626778
		},
		"connecting_to":	{
			"host":	"192.168.100.168",
			"port":	5202
		},
		"cookie":	"vjmfgvzwvzark645x4puvxo35kgkxo7ax2ws",
		"tcp_mss_default":	1448,
		"target_bitrate":	0,
		"sock_bufsize":	0,
		"sndbuf_actual":	16384,
		"rcvbuf_actual":	131072,
		"test_start":	{
			"protocol":	"TCP",
			"num_streams":	1,
			"blksize":	131072,
			"omit":	0,
			"duration":	10,
			"bytes":	0,
			"blocks":	0,
			"reverse":	0,
			"tos":	0,
			"target_bitrate":	0
		}
	},
	"intervals":	[{
			"streams":	[{
					"socket":	6,
					"start":	0,
					"end":	1.000288,
					"seconds":	1.0002880096435547,
					"bytes":	2851112,
					"bits_per_second":	22802328.709436178,
					"retransmits":	0,
					"snd_cwnd":	282360,
					"snd_wnd":	1209600,
					"rtt":	230621,
					"rttvar":	100,
					"pmtu":	1500,
					"omitted":	false,
					"sender":	true
				}],
			"sum":	{
				"start":	0,
				"end":	1.000288,
				"seconds":	1.0002880096435547,
				"bytes":	2851112,
				"bits_per_second":	22802328.709436178,
				"retransmits":	0,
				"omitted":	false,
				"sender":	true
			}
		}, {
			"streams":	[{
					"socket":	6,
					"start":	1.000288,
					"end":	2.000846,
					"seconds":	1.0005580186843872,
					"bytes":	977400,
					"bits_per_second":	7814839.17372558,
					"retransmits":	0,
					"snd_cwnd":	237472,
					"snd_wnd":	1377152,
					"rtt":	248474,
					"rttvar":	634,
					"pmtu":	1500,
					"omitted":	false,
					"sender":	true
				}],
			"sum":	{
				"start":	1.000288,
				"end":	2.000846,
				"seconds":	1.0005580186843872,
				"bytes":	977400,
				"bits_per_second":	7814839.17372558,
				"retransmits":	0,
				"omitted":	false,
				"sender":	true
			}
		}, {
			"streams":	[{
					"socket":	6,
					"start":	2.000846,
					"end":	3.000725,
					"seconds":	0.999879002571106,
					"bytes":	977400,
					"bits_per_second":	7820146.2175859036,
					"retransmits":	0,
					"snd_cwnd":	228784,
					"snd_wnd":	1377152,
					"rtt":	273565,
					"rttvar":	988,
					"pmtu":	1500,
					"omitted":	false,
					"sender":	true
				}],
			"sum":	{
				"start":	2.000846,
				"end":	3.000725,
				"seconds":	0.999879002571106,
				"bytes":	977400,
				"bits_per_second":	7820146.2175859036,
				"retransmits":	0,
				"omitted":	false,
				"sender":	true
			}
		}, {
			"streams":	[{
					"socket":	6,
					"start":	3.000725,
					"end":	4.00056,
					"seconds":	0.99983501434326172,
					"bytes":	977400,
					"bits_per_second":	7820490.268723,
					"retransmits":	0,
					"snd_cwnd":	165072,
					"snd_wnd":	1377152,
					"rtt":	291851,
					"rttvar":	1074,
					"pmtu":	1500,
					"omitted":	false,
					"sender":	true
				}],
			"sum":	{
				"start":	3.000725,
				"end":	4.00056,
				"seconds":	0.99983501434326172,
				"bytes":	977400,
				"bits_per_second":	7820490.268723,
				"retransmits":	0,
				"omitted":	false,
				"sender":	true
			}
		}, {
			"streams":	[{
					"socket":	6,
					"start":	4.00056,
					"end":	5.001035,
					"seconds":	1.00047504901886,
					"bytes":	0,
					"bits_per_second":	0,
					"retransmits":	0,
					"snd_cwnd":	159280,
					"snd_wnd":	1377152,
					"rtt":	317046,
					"rttvar":	2258,
					"pmtu":	1500,
					"omitted":	false,
					"sender":	true
				}],
			"sum":	{
				"start":	4.00056,
				"end":	5.001035,
				"seconds":	1.00047504901886,
				"bytes":	0,
				"bits_per_second":	0,
				"retransmits":	0,
				"omitted":	false,
				"sender":	true
			}
		}, {
			"streams":	[{
					"socket":	6,
					"start":	5.001035,
					"end":	6.000927,
					"seconds":	0.999891996383667,
					"bytes":	977400,
					"bits_per_second":	7820044.59309594,
					"retransmits":	0,
					"snd_cwnd":	136112,
					"snd_wnd":	1377152,
					"rtt":	342010,
					"rttvar":	1253,
					"pmtu":	1500,
					"omitted":	false,
					"sender":	true
				}],
			"sum":	{
				"start":	5.001035,
				"end":	6.000927,
				"seconds":	0.999891996383667,
				"bytes":	977400,
				"bits_per_second":	7820044.59309594,
				"retransmits":	0,
				"omitted":	false,
				"sender":	true
			}
		}, {
			"streams":	[{
					"socket":	6,
					"start":	6.000927,
					"end":	7.001027,
					"seconds":	1.0001000165939331,
					"bytes":	0,
					"bits_per_second":	0,
					"retransmits":	0,
					"snd_cwnd":	136112,
					"snd_wnd":	1377152,
					"rtt":	382500,
					"rttvar":	1185,
					"pmtu":	1500,
					"omitted":	false,
					"sender":	true
				}],
			"sum":	{
				"start":	6.000927,
				"end":	7.001027,
				"seconds":	1.0001000165939331,
				"bytes":	0,
				"bits_per_second":	0,
				"retransmits":	0,
				"omitted":	false,
				"sender":	true
			}
		}, {
			"streams":	[{
					"socket":	6,
					"start":	7.001027,
					"end":	8.000544,
					"seconds":	0.999517023563385,
					"bytes":	977400,
					"bits_per_second":	7822978.3141899034,
					"retransmits":	0,
					"snd_cwnd":	104256,
					"snd_wnd":	1377152,
					"rtt":	406886,
					"rttvar":	3107,
					"pmtu":	1500,
					"omitted":	false,
					"sender":	true
				}],
			"sum":	{
				"start":	7.001027,
				"end":	8.000544,
				"seconds":	0.999517023563385,
				"bytes":	977400,
				"bits_per_second":	7822978.3141899034,
				"retransmits":	0,
				"omitted":	false,
				"sender":	true
			}
		}, {
			"streams":	[{
					"socket":	6,
					"start":	8.000544,
					"end":	9.001024,
					"seconds":	1.000480055809021,
					"bytes":	0,
					"bits_per_second":	0,
					"retransmits":	0,
					"snd_cwnd":	101360,
					"snd_wnd":	1377152,
					"rtt":	446267,
					"rttvar":	3661,
					"pmtu":	1500,
					"omitted":	false,
					"sender":	true
				}],
			"sum":	{
				"start":	8.000544,
				"end":	9.001024,
				"seconds":	1.000480055809021,
				"bytes":	0,
				"bits_per_second":	0,
				"retransmits":	0,
				"omitted":	false,
				"sender":	true
			}
		}, {
			"streams":	[{
					"socket":	6,
					"start":	9.001024,
					"end":	10.001031,
					"seconds":	1.0000070333480835,
					"bytes":	0,
					"bits_per_second":	0,
					"retransmits":	0,
					"snd_cwnd":	92672,
					"snd_wnd":	1377152,
					"rtt":	482760,
					"rttvar":	1211,
					"pmtu":	1500,
					"omitted":	false,
					"sender":	true
				}],
			"sum":	{
				"start":	9.001024,
				"end":	10.001031,
				"seconds":	1.0000070333480835,
				"bytes":	0,
				"bits_per_second":	0,
				"retransmits":	0,
				"omitted":	false,
				"sender":	true
			}
		}],
	"end":	{
		"streams":	[{
				"sender":	{
					"socket":	6,
					"start":	0,
					"end":	10.001031,
					"seconds":	10.001031,
					"bytes":	7738112,
					"bits_per_second":	6189851.426317947,
					"retransmits":	0,
					"max_snd_cwnd":	282360,
					"max_snd_wnd":	1377152,
					"max_rtt":	482760,
					"min_rtt":	230621,
					"mean_rtt":	342198,
					"sender":	true
				},
				"receiver":	{
					"socket":	6,
					"start":	0,
					"end":	10.413061,
					"seconds":	10.001031,
					"bytes":	5506744,
					"bits_per_second":	4230643.80396888,
					"sender":	true
				}
			}],
		"sum_sent":	{
			"start":	0,
			"end":	10.001031,
			"seconds":	10.001031,
			"bytes":	7738112,
			"bits_per_second":	6189851.426317947,
			"retransmits":	0,
			"sender":	true
		},
		"sum_received":	{
			"start":	0,
			"end":	10.413061,
			"seconds":	10.413061,
			"bytes":	5506744,
			"bits_per_second":	4230643.80396888,
			"sender":	true
		},
		"cpu_utilization_percent":	{
			"host_total":	0.73049996539685924,
			"host_user":	0.11557351963832584,
			"host_system":	0.61492644575853339,
			"remote_total":	0.49550190635276142,
			"remote_user":	0.060923388838535542,
			"remote_system":	0.4345977241311359
		},
		"sender_tcp_congestion":	"bbr",
		"receiver_tcp_congestion":	"bbr"
	}
}
