{
	"start":	{
		"connected":	[{
				"socket":	6,
				"local_host":	"192.168.101.210",
				"local_port":	51424,
				"remote_host":	"192.168.100.168",
				"remote_port":	5201
			}],
		"version":	"iperf 3.11",
		"system_info":	"Linux f1 6.0.10-300.fc37.x86_64 #1 SMP PREEMPT_DYNAMIC Sat Nov 26 16:55:13 UTC 2022 x86_64",
		"timestamp":	{
			"time":	"Fri, 09 Dec 2022 22:59:02 GMT",
			"timesecs":	1670626742
		},
		"connecting_to":	{
			"host":	"192.168.100.168",
			"port":	5201
		},
		"cookie":	"pxbx5lbjbdaa2lqmn7okgdsbye45atvrpnxx",
		"tcp_mss_default":	1448,
		"target_bitrate":	0,
		"sock_bufsize":	0,
		"sndbuf_actual":	16384,
		"rcvbuf_actual":	131072,
		"test_start":	{
			"protocol":	"TCP",
			"num_streams":	1,
			"blksize":	131072,
			"omit":	0,
			"duration":	10,
			"bytes":	0,
			"blocks":	0,
			"reverse":	0,
			"tos":	0,
			"target_bitrate":	0
		}
	},
	"intervals":	[{
			"streams":	[{
					"socket":	6,
					"start":	0,
					"end":	1.0001,
					"seconds":	1.0001000165939331,
					"bytes":	2674456,
					"bits_per_second":	21393508.294168137,
					"retransmits":	0,
					"snd_cwnd":	262088,
					"snd_wnd":	1796096,
					"rtt":	148130,
					"rttvar":	3458,
					"pmtu":	1500,
					"omitted":	false,
					"sender":	true
				}],
			"sum":	{
				"start":	0,
				"end":	1.0001,
				"seconds":	1.0001000165939331,
				"bytes":	2674456,
				"bits_per_second":	21393508.294168137,
				"retransmits":	0,
				"omitted":	false,
				"sender":	true
			}
		}, {
			"streams":	[{
					"socket":	6,
					"start":	1.0001,
					"end":	2.00008,
					"seconds":	0.99997997283935547,
					"bytes":	1954800,
					"bits_per_second":	15638713.199021511,
					"retransmits":	0,
					"snd_cwnd":	338832,
					"snd_wnd":	1796096,
					"rtt":	203156,
					"rttvar":	543,
					"pmtu":	1500,
					"omitted":	false,
					"sender":	true
				}],
			"sum":	{
				"start":	1.0001,
				"end":	2.00008,
				"seconds":	0.99997997283935547,
				"bytes":	1954800,
				"bits_per_second":	15638713.199021511,
				"retransmits":	0,
				"omitted":	false,
				"sender":	true
			}
		}, {
			"streams":	[{
					"socket":	6,
					"start":	2.00008,
					"end":	3.000345,
					"seconds":	1.0002650022506714,
					"bytes":	1629000,
					"bits_per_second":	13028547.405614533,
					"retransmits":	0,
					"snd_cwnd":	428608,
					"snd_wnd":	1796096,
					"rtt":	216800,
					"rttvar":	241,
					"pmtu":	1500,
					"omitted":	false,
					"sender":	true
				}],
			"sum":	{
				"start":	2.00008,
				"end":	3.000345,
				"seconds":	1.0002650022506714,
				"bytes":	1629000,
				"bits_per_second":	13028547.405614533,
				"retransmits":	0,
				"omitted":	false,
				"sender":	true
			}
		}, {
			"streams":	[{
					"socket":	6,
					"start":	3.000345,
					"end":	4.000178,
					"seconds":	0.99983298778533936,
					"bytes":	2932200,
					"bits_per_second":	23461518.360140629,
					"retransmits":	0,
					"snd_cwnd":	527072,
					"snd_wnd":	1796096,
					"rtt":	244874,
					"rttvar":	1194,
					"pmtu":	1500,
					"omitted":	false,
					"sender":	true
				}],
			"sum":	{
				"start":	3.000345,
				"end":	4.000178,
				"seconds":	0.99983298778533936,
				"bytes":	2932200,
				"bits_per_second":	23461518.360140629,
				"retransmits":	0,
				"omitted":	false,
				"sender":	true
			}
		}, {
			"streams":	[{
					"socket":	6,
					"start":	4.000178,
					"end":	5.000292,
					"seconds":	1.0001139640808105,
					"bytes":	2343880,
					"bits_per_second":	18748903.298469383,
					"retransmits":	0,
					"snd_cwnd":	631328,
					"snd_wnd":	1796096,
					"rtt":	285548,
					"rttvar":	583,
					"pmtu":	1500,
					"omitted":	false,
					"sender":	true
				}],
			"sum":	{
				"start":	4.000178,
				"end":	5.000292,
				"seconds":	1.0001139640808105,
				"bytes":	2343880,
				"bits_per_second":	18748903.298469383,
				"retransmits":	0,
				"omitted":	false,
				"sender":	true
			}
		}, {
			"streams":	[{
					"socket":	6,
					"start":	5.000292,
					"end":	6.000232,
					"seconds":	0.99993997812271118,
					"bytes":	2490368,
					"bits_per_second":	19924139.884279221,
					"retransmits":	0,
					"snd_cwnd":	739928,
					"snd_wnd":	1796096,
					"rtt":	326625,
					"rttvar":	597,
					"pmtu":	1500,
					"omitted":	false,
					"sender":	true
				}],
			"sum":	{
				"start":	5.000292,
				"end":	6.000232,
				"seconds":	0.99993997812271118,
				"bytes":	2490368,
				"bits_per_second":	19924139.884279221,
				"retransmits":	0,
				"omitted":	false,
				"sender":	true
			}
		}, {
			"streams":	[{
					"socket":	6,
					"start":	6.000232,
					"end":	7.000091,
					"seconds":	0.99985897541046143,
					"bytes":	2621440,
					"bits_per_second":	20974477.91713905,
					"retransmits":	0,
					"snd_cwnd":	848528,
					"snd_wnd":	1796096,
					"rtt":	365527,
					"rttvar":	408,
					"pmtu":	1500,
					"omitted":	false,
					"sender":	true
				}],
			"sum":	{
				"start":	6.000232,
				"end":	7.000091,
				"seconds":	0.99985897541046143,
				"bytes":	2621440,
				"bits_per_second":	20974477.91713905,
				"retransmits":	0,
				"omitted":	false,
				"sender":	true
			}
		}, {
			"streams":	[{
					"socket":	6,
					"start":	7.000091,
					"end":	8.000473,
					"seconds":	1.0003819465637207,
					"bytes":	1310720,
					"bits_per_second":	10481756.529111948,
					"retransmits":	0,
					"snd_cwnd":	961472,
					"snd_wnd":	2067328,
					"rtt":	404920,
					"rttvar":	389,
					"pmtu":	1500,
					"omitted":	false,
					"sender":	true
				}],
			"sum":	{
				"start":	7.000091,
				"end":	8.000473,
				"seconds":	1.0003819465637207,
				"bytes":	1310720,
				"bits_per_second":	10481756.529111948,
				"retransmits":	0,
				"omitted":	false,
				"sender":	true
			}
		}, {
			"streams":	[{
					"socket":	6,
					"start":	8.000473,
					"end":	9.000286,
					"seconds":	0.9998130202293396,
					"bytes":	2621440,
					"bits_per_second":	20975441.983331542,
					"retransmits":	0,
					"snd_cwnd":	1074416,
					"snd_wnd":	2292608,
					"rtt":	449940,
					"rttvar":	862,
					"pmtu":	1500,
					"omitted":	false,
					"sender":	true
				}],
			"sum":	{
				"start":	8.000473,
				"end":	9.000286,
				"seconds":	0.9998130202293396,
				"bytes":	2621440,
				"bits_per_second":	20975441.983331542,
				"retransmits":	0,
				"omitted":	false,
				"sender":	true
			}
		}, {
			"streams":	[{
					"socket":	6,
					"start":	9.000286,
					"end":	10.000115,
					"seconds":	0.9998289942741394,
					"bytes":	2621440,
					"bits_per_second":	20975106.863374174,
					"retransmits":	0,
					"snd_cwnd":	1188808,
					"snd_wnd":	2520960,
					"rtt":	493892,
					"rttvar":	494,
					"pmtu":	1500,
					"omitted":	false,
					"sender":	true
				}],
			"sum":	{
				"start":	9.000286,
				"end":	10.000115,
				"seconds":	0.9998289942741394,
				"bytes":	2621440,
				"bits_per_second":	20975106.863374174,
				"retransmits":	0,
				"omitted":	false,
				"sender":	true
			}
		}],
	"end":	{
		"streams":	[{
				"sender":	{
					"socket":	6,
					"start":	0,
					"end":	10.000115,
					"seconds":	10.000115,
					"bytes":	23199744,
					"bits_per_second":	18559581.7648097,
					"retransmits":	0,
					"max_snd_cwnd":	1188808,
					"max_snd_wnd":	2520960,
					"max_rtt":	493892,
					"min_rtt":	148130,
					"mean_rtt":	313941,
					"sender":	true
				},
				"receiver":	{
					"socket":	6,
					"start":	0,
					"end":	10.513471,
					"seconds":	10.000115,
					"bytes":	21013376,
					"bits_per_second":	15989677.243604897,
					"sender":	true
				}
			}],
		"sum_sent":	{
			"start":	0,
			"end":	10.000115,
			"seconds":	10.000115,
			"bytes":	23199744,
			"bits_per_second":	18559581.7648097,
			"retransmits":	0,
			"sender":	true
		},
		"sum_received":	{
			"start":	0,
			"end":	10.513471,
			"seconds":	10.513471,
			"bytes":	21013376,
			"bits_per_second":	15989677.243604897,
			"sender":	true
		},
		"cpu_utilization_percent":	{
			"host_total":	0.527011508618598,
			"host_user":	0.0699996128014696,
			"host_system":	0.45701189581712859,
			"remote_total":	1.5740744263554978,
			"remote_user":	0.1291960416531919,
			"remote_system":	1.4448878963007492
		},
		"sender_tcp_congestion":	"cubic",
		"receiver_tcp_congestion":	"cubic"
	}
}
