{
	"start":	{
		"connected":	[{
				"socket":	6,
				"local_host":	"192.168.101.210",
				"local_port":	42266,
				"remote_host":	"192.168.100.168",
				"remote_port":	5201
			}],
		"version":	"iperf 3.11",
		"system_info":	"Linux f1 6.0.10-300.fc37.x86_64 #1 SMP PREEMPT_DYNAMIC Sat Nov 26 16:55:13 UTC 2022 x86_64",
		"timestamp":	{
			"time":	"Fri, 09 Dec 2022 23:01:57 GMT",
			"timesecs":	1670626917
		},
		"connecting_to":	{
			"host":	"192.168.100.168",
			"port":	5201
		},
		"cookie":	"ilrcuwzbfj7gbymxt7sptpu7wqu7hkmytulf",
		"tcp_mss_default":	1448,
		"target_bitrate":	0,
		"sock_bufsize":	0,
		"sndbuf_actual":	16384,
		"rcvbuf_actual":	131072,
		"test_start":	{
			"protocol":	"TCP",
			"num_streams":	1,
			"blksize":	131072,
			"omit":	0,
			"duration":	10,
			"bytes":	0,
			"blocks":	0,
			"reverse":	0,
			"tos":	0,
			"target_bitrate":	0
		}
	},
	"intervals":	[{
			"streams":	[{
					"socket":	6,
					"start":	0,
					"end":	1.000238,
					"seconds":	1.0002379417419434,
					"bytes":	2416712,
					"bits_per_second":	19329096.801036969,
					"retransmits":	0,
					"snd_cwnd":	502456,
					"snd_wnd":	1023360,
					"rtt":	213303,
					"rttvar":	6125,
					"pmtu":	1500,
					"omitted":	false,
					"sender":	true
				}],
			"sum":	{
				"start":	0,
				"end":	1.000238,
				"seconds":	1.0002379417419434,
				"bytes":	2416712,
				"bits_per_second":	19329096.801036969,
				"retransmits":	0,
				"omitted":	false,
				"sender":	true
			}
		}, {
			"streams":	[{
					"socket":	6,
					"start":	1.000238,
					"end":	2.000342,
					"seconds":	1.0001039505004883,
					"bytes":	2150280,
					"bits_per_second":	17200452.004405517,
					"retransmits":	0,
					"snd_cwnd":	570512,
					"snd_wnd":	2625664,
					"rtt":	435073,
					"rttvar":	638,
					"pmtu":	1500,
					"omitted":	false,
					"sender":	true
				}],
			"sum":	{
				"start":	1.000238,
				"end":	2.000342,
				"seconds":	1.0001039505004883,
				"bytes":	2150280,
				"bits_per_second":	17200452.004405517,
				"retransmits":	0,
				"omitted":	false,
				"sender":	true
			}
		}, {
			"streams":	[{
					"socket":	6,
					"start":	2.000342,
					"end":	3.000628,
					"seconds":	1.0002859830856323,
					"bytes":	1200176,
					"bits_per_second":	9598662.9447531141,
					"retransmits":	0,
					"snd_cwnd":	635672,
					"snd_wnd":	2625664,
					"rtt":	389845,
					"rttvar":	5947,
					"pmtu":	1500,
					"omitted":	false,
					"sender":	true
				}],
			"sum":	{
				"start":	2.000342,
				"end":	3.000628,
				"seconds":	1.0002859830856323,
				"bytes":	1200176,
				"bits_per_second":	9598662.9447531141,
				"retransmits":	0,
				"omitted":	false,
				"sender":	true
			}
		}, {
			"streams":	[{
					"socket":	6,
					"start":	3.000628,
					"end":	4.000225,
					"seconds":	0.99959701299667358,
					"bytes":	2490368,
					"bits_per_second":	19930975.924261089,
					"retransmits":	0,
					"snd_cwnd":	715312,
					"snd_wnd":	2625664,
					"rtt":	471595,
					"rttvar":	2124,
					"pmtu":	1500,
					"omitted":	false,
					"sender":	true
				}],
			"sum":	{
				"start":	3.000628,
				"end":	4.000225,
				"seconds":	0.99959701299667358,
				"bytes":	2490368,
				"bits_per_second":	19930975.924261089,
				"retransmits":	0,
				"omitted":	false,
				"sender":	true
			}
		}, {
			"streams":	[{
					"socket":	6,
					"start":	4.000225,
					"end":	5.000367,
					"seconds":	1.000141978263855,
					"bytes":	1310720,
					"bits_per_second":	10484271.461340135,
					"retransmits":	0,
					"snd_cwnd":	787712,
					"snd_wnd":	2625664,
					"rtt":	509873,
					"rttvar":	538,
					"pmtu":	1500,
					"omitted":	false,
					"sender":	true
				}],
			"sum":	{
				"start":	4.000225,
				"end":	5.000367,
				"seconds":	1.000141978263855,
				"bytes":	1310720,
				"bits_per_second":	10484271.461340135,
				"retransmits":	0,
				"omitted":	false,
				"sender":	true
			}
		}, {
			"streams":	[{
					"socket":	6,
					"start":	5.000367,
					"end":	6.000248,
					"seconds":	0.99988102912902832,
					"bytes":	1310720,
					"bits_per_second":	10487007.648433821,
					"retransmits":	0,
					"snd_cwnd":	864456,
					"snd_wnd":	2625664,
					"rtt":	535517,
					"rttvar":	425,
					"pmtu":	1500,
					"omitted":	false,
					"sender":	true
				}],
			"sum":	{
				"start":	5.000367,
				"end":	6.000248,
				"seconds":	0.99988102912902832,
				"bytes":	1310720,
				"bits_per_second":	10487007.648433821,
				"retransmits":	0,
				"omitted":	false,
				"sender":	true
			}
		}, {
			"streams":	[{
					"socket":	6,
					"start":	6.000248,
					"end":	7.000602,
					"seconds":	1.0003540515899658,
					"bytes":	1310720,
					"bits_per_second":	10482048.813951321,
					"retransmits":	0,
					"snd_cwnd":	942648,
					"snd_wnd":	2625664,
					"rtt":	566922,
					"rttvar":	988,
					"pmtu":	1500,
					"omitted":	false,
					"sender":	true
				}],
			"sum":	{
				"start":	6.000248,
				"end":	7.000602,
				"seconds":	1.0003540515899658,
				"bytes":	1310720,
				"bits_per_second":	10482048.813951321,
				"retransmits":	0,
				"omitted":	false,
				"sender":	true
			}
		}, {
			"streams":	[{
					"socket":	6,
					"start":	7.000602,
					"end":	8.000756,
					"seconds":	1.0001540184020996,
					"bytes":	1310720,
					"bits_per_second":	10484145.248701414,
					"retransmits":	0,
					"snd_cwnd":	1023736,
					"snd_wnd":	2625664,
					"rtt":	600412,
					"rttvar":	648,
					"pmtu":	1500,
					"omitted":	false,
					"sender":	true
				}],
			"sum":	{
				"start":	7.000602,
				"end":	8.000756,
				"seconds":	1.0001540184020996,
				"bytes":	1310720,
				"bits_per_second":	10484145.248701414,
				"retransmits":	0,
				"omitted":	false,
				"sender":	true
			}
		}, {
			"streams":	[{
					"socket":	6,
					"start":	8.000756,
					"end":	9.000246,
					"seconds":	0.99949002265930176,
					"bytes":	2621440,
					"bits_per_second":	20982220.4569906,
					"retransmits":	0,
					"snd_cwnd":	1116408,
					"snd_wnd":	2625664,
					"rtt":	573629,
					"rttvar":	274,
					"pmtu":	1500,
					"omitted":	false,
					"sender":	true
				}],
			"sum":	{
				"start":	8.000756,
				"end":	9.000246,
				"seconds":	0.99949002265930176,
				"bytes":	2621440,
				"bits_per_second":	20982220.4569906,
				"retransmits":	0,
				"omitted":	false,
				"sender":	true
			}
		}, {
			"streams":	[{
					"socket":	6,
					"start":	9.000246,
					"end":	10.000541,
					"seconds":	1.0002950429916382,
					"bytes":	1310720,
					"bits_per_second":	10482667.162520023,
					"retransmits":	0,
					"snd_cwnd":	1213424,
					"snd_wnd":	2625664,
					"rtt":	611656,
					"rttvar":	685,
					"pmtu":	1500,
					"omitted":	false,
					"sender":	true
				}],
			"sum":	{
				"start":	9.000246,
				"end":	10.000541,
				"seconds":	1.0002950429916382,
				"bytes":	1310720,
				"bits_per_second":	10482667.162520023,
				"retransmits":	0,
				"omitted":	false,
				"sender":	true
			}
		}],
	"end":	{
		"streams":	[{
				"sender":	{
					"socket":	6,
					"start":	0,
					"end":	10.000541,
					"seconds":	10.000541,
					"bytes":	17432576,
					"bits_per_second":	13945306.358925981,
					"retransmits":	0,
					"max_snd_cwnd":	1213424,
					"max_snd_wnd":	2625664,
					"max_rtt":	611656,
					"min_rtt":	213303,
					"mean_rtt":	490782,
					"sender":	true
				},
				"receiver":	{
					"socket":	6,
					"start":	0,
					"end":	10.632009,
					"seconds":	10.000541,
					"bytes":	16033704,
					"bits_per_second":	12064477.3720564,
					"sender":	true
				}
			}],
		"sum_sent":	{
			"start":	0,
			"end":	10.000541,
			"seconds":	10.000541,
			"bytes":	17432576,
			"bits_per_second":	13945306.358925981,
			"retransmits":	0,
			"sender":	true
		},
		"sum_received":	{
			"start":	0,
			"end":	10.632009,
			"seconds":	10.632009,
			"bytes":	16033704,
			"bits_per_second":	12064477.3720564,
			"sender":	true
		},
		"cpu_utilization_percent":	{
			"host_total":	1.4535116509851604,
			"host_user":	0.23114552481192427,
			"host_system":	1.2223661261732361,
			"remote_total":	1.2549442599181,
			"remote_user":	0.044300117400013883,
			"remote_system":	1.2106347369729908
		},
		"sender_tcp_congestion":	"cubic",
		"receiver_tcp_congestion":	"cubic"
	}
}
