{
	"start":	{
		"connected":	[{
				"socket":	6,
				"local_host":	"192.168.101.210",
				"local_port":	60128,
				"remote_host":	"192.168.100.168",
				"remote_port":	5201
			}],
		"version":	"iperf 3.11",
		"system_info":	"Linux f1 6.0.10-300.fc37.x86_64 #1 SMP PREEMPT_DYNAMIC Sat Nov 26 16:55:13 UTC 2022 x86_64",
		"timestamp":	{
			"time":	"Fri, 09 Dec 2022 23:00:15 GMT",
			"timesecs":	1670626815
		},
		"connecting_to":	{
			"host":	"192.168.100.168",
			"port":	5201
		},
		"cookie":	"vo5g3naaerv3wxl3usfpj23ua5ekglocqo3r",
		"tcp_mss_default":	1448,
		"target_bitrate":	0,
		"sock_bufsize":	0,
		"sndbuf_actual":	16384,
		"rcvbuf_actual":	131072,
		"test_start":	{
			"protocol":	"TCP",
			"num_streams":	1,
			"blksize":	131072,
			"omit":	0,
			"duration":	10,
			"bytes":	0,
			"blocks":	0,
			"reverse":	0,
			"tos":	0,
			"target_bitrate":	0
		}
	},
	"intervals":	[{
			"streams":	[{
					"socket":	6,
					"start":	0,
					"end":	1.000173,
					"seconds":	1.0001729726791382,
					"bytes":	2163312,
					"bits_per_second":	17303502.96673337,
					"retransmits":	0,
					"snd_cwnd":	244712,
					"snd_wnd":	835456,
					"rtt":	218363,
					"rttvar":	769,
					"pmtu":	1500,
					"omitted":	false,
					"sender":	true
				}],
			"sum":	{
				"start":	0,
				"end":	1.000173,
				"seconds":	1.0001729726791382,
				"bytes":	2163312,
				"bits_per_second":	17303502.96673337,
				"retransmits":	0,
				"omitted":	false,
				"sender":	true
			}
		}, {
			"streams":	[{
					"socket":	6,
					"start":	1.000173,
					"end":	2.000075,
					"seconds":	0.99990200996398926,
					"bytes":	1759320,
					"bits_per_second":	14075939.301799068,
					"retransmits":	0,
					"snd_cwnd":	308424,
					"snd_wnd":	835584,
					"rtt":	233187,
					"rttvar":	615,
					"pmtu":	1500,
					"omitted":	false,
					"sender":	true
				}],
			"sum":	{
				"start":	1.000173,
				"end":	2.000075,
				"seconds":	0.99990200996398926,
				"bytes":	1759320,
				"bits_per_second":	14075939.301799068,
				"retransmits":	0,
				"omitted":	false,
				"sender":	true
			}
		}, {
			"streams":	[{
					"socket":	6,
					"start":	2.000075,
					"end":	3.000202,
					"seconds":	1.0001269578933716,
					"bytes":	1498680,
					"bits_per_second":	11987918.039179835,
					"retransmits":	0,
					"snd_cwnd":	376480,
					"snd_wnd":	835584,
					"rtt":	255371,
					"rttvar":	360,
					"pmtu":	1500,
					"omitted":	false,
					"sender":	true
				}],
			"sum":	{
				"start":	2.000075,
				"end":	3.000202,
				"seconds":	1.0001269578933716,
				"bytes":	1498680,
				"bits_per_second":	11987918.039179835,
				"retransmits":	0,
				"omitted":	false,
				"sender":	true
			}
		}, {
			"streams":	[{
					"socket":	6,
					"start":	3.000202,
					"end":	4.000225,
					"seconds":	1.0000230073928833,
					"bytes":	1759320,
					"bits_per_second":	14074236.188518478,
					"retransmits":	0,
					"snd_cwnd":	453224,
					"snd_wnd":	978688,
					"rtt":	260107,
					"rttvar":	591,
					"pmtu":	1500,
					"omitted":	false,
					"sender":	true
				}],
			"sum":	{
				"start":	3.000202,
				"end":	4.000225,
				"seconds":	1.0000230073928833,
				"bytes":	1759320,
				"bits_per_second":	14074236.188518478,
				"retransmits":	0,
				"omitted":	false,
				"sender":	true
			}
		}, {
			"streams":	[{
					"socket":	6,
					"start":	4.000225,
					"end":	5.000297,
					"seconds":	1.0000720024108887,
					"bytes":	2019960,
					"bits_per_second":	16158516.54785217,
					"retransmits":	0,
					"snd_cwnd":	537208,
					"snd_wnd":	1175680,
					"rtt":	292354,
					"rttvar":	186,
					"pmtu":	1500,
					"omitted":	false,
					"sender":	true
				}],
			"sum":	{
				"start":	4.000225,
				"end":	5.000297,
				"seconds":	1.0000720024108887,
				"bytes":	2019960,
				"bits_per_second":	16158516.54785217,
				"retransmits":	0,
				"omitted":	false,
				"sender":	true
			}
		}, {
			"streams":	[{
					"socket":	6,
					"start":	5.000297,
					"end":	6.000285,
					"seconds":	0.9999880194664,
					"bytes":	2333744,
					"bits_per_second":	18670175.678667035,
					"retransmits":	0,
					"snd_cwnd":	631328,
					"snd_wnd":	1363712,
					"rtt":	317596,
					"rttvar":	529,
					"pmtu":	1500,
					"omitted":	false,
					"sender":	true
				}],
			"sum":	{
				"start":	5.000297,
				"end":	6.000285,
				"seconds":	0.9999880194664,
				"bytes":	2333744,
				"bits_per_second":	18670175.678667035,
				"retransmits":	0,
				"omitted":	false,
				"sender":	true
			}
		}, {
			"streams":	[{
					"socket":	6,
					"start":	6.000285,
					"end":	7.000131,
					"seconds":	0.99984598159790039,
					"bytes":	2621440,
					"bits_per_second":	20974750.497556072,
					"retransmits":	0,
					"snd_cwnd":	726896,
					"snd_wnd":	1545728,
					"rtt":	355502,
					"rttvar":	397,
					"pmtu":	1500,
					"omitted":	false,
					"sender":	true
				}],
			"sum":	{
				"start":	6.000285,
				"end":	7.000131,
				"seconds":	0.99984598159790039,
				"bytes":	2621440,
				"bits_per_second":	20974750.497556072,
				"retransmits":	0,
				"omitted":	false,
				"sender":	true
			}
		}, {
			"streams":	[{
					"socket":	6,
					"start":	7.000131,
					"end":	8.000458,
					"seconds":	1.0003269910812378,
					"bytes":	1310720,
					"bits_per_second":	10482332.370804178,
					"retransmits":	0,
					"snd_cwnd":	829704,
					"snd_wnd":	1803264,
					"rtt":	381809,
					"rttvar":	594,
					"pmtu":	1500,
					"omitted":	false,
					"sender":	true
				}],
			"sum":	{
				"start":	7.000131,
				"end":	8.000458,
				"seconds":	1.0003269910812378,
				"bytes":	1310720,
				"bits_per_second":	10482332.370804178,
				"retransmits":	0,
				"omitted":	false,
				"sender":	true
			}
		}, {
			"streams":	[{
					"socket":	6,
					"start":	8.000458,
					"end":	9.000196,
					"seconds":	0.99973797798156738,
					"bytes":	2621440,
					"bits_per_second":	20977016.440188352,
					"retransmits":	0,
					"snd_cwnd":	935408,
					"snd_wnd":	2000512,
					"rtt":	421480,
					"rttvar":	690,
					"pmtu":	1500,
					"omitted":	false,
					"sender":	true
				}],
			"sum":	{
				"start":	8.000458,
				"end":	9.000196,
				"seconds":	0.99973797798156738,
				"bytes":	2621440,
				"bits_per_second":	20977016.440188352,
				"retransmits":	0,
				"omitted":	false,
				"sender":	true
			}
		}, {
			"streams":	[{
					"socket":	6,
					"start":	9.000196,
					"end":	10.000557,
					"seconds":	1.00036096572876,
					"bytes":	1310720,
					"bits_per_second":	10481976.36576229,
					"retransmits":	0,
					"snd_cwnd":	1044008,
					"snd_wnd":	2203392,
					"rtt":	451995,
					"rttvar":	409,
					"pmtu":	1500,
					"omitted":	false,
					"sender":	true
				}],
			"sum":	{
				"start":	9.000196,
				"end":	10.000557,
				"seconds":	1.00036096572876,
				"bytes":	1310720,
				"bits_per_second":	10481976.36576229,
				"retransmits":	0,
				"omitted":	false,
				"sender":	true
			}
		}],
	"end":	{
		"streams":	[{
				"sender":	{
					"socket":	6,
					"start":	0,
					"end":	10.000557,
					"seconds":	10.000557,
					"bytes":	19398656,
					"bits_per_second":	15518060.444033267,
					"retransmits":	0,
					"max_snd_cwnd":	1044008,
					"max_snd_wnd":	2203392,
					"max_rtt":	451995,
					"min_rtt":	218363,
					"mean_rtt":	318776,
					"sender":	true
				},
				"receiver":	{
					"socket":	6,
					"start":	0,
					"end":	10.474426,
					"seconds":	10.000557,
					"bytes":	17952304,
					"bits_per_second":	13711341.509310391,
					"sender":	true
				}
			}],
		"sum_sent":	{
			"start":	0,
			"end":	10.000557,
			"seconds":	10.000557,
			"bytes":	19398656,
			"bits_per_second":	15518060.444033267,
			"retransmits":	0,
			"sender":	true
		},
		"sum_received":	{
			"start":	0,
			"end":	10.474426,
			"seconds":	10.474426,
			"bytes":	17952304,
			"bits_per_second":	13711341.509310391,
			"sender":	true
		},
		"cpu_utilization_percent":	{
			"host_total":	0.79881079601540961,
			"host_user":	0.13029606830837384,
			"host_system":	0.66850502150409263,
			"remote_total":	1.5033249004315166,
			"remote_user":	0.12254582556084813,
			"remote_system":	1.3807790748706685
		},
		"sender_tcp_congestion":	"cubic",
		"receiver_tcp_congestion":	"cubic"
	}
}
