{
	"start":	{
		"connected":	[{
				"socket":	6,
				"local_host":	"192.168.101.210",
				"local_port":	34048,
				"remote_host":	"192.168.100.168",
				"remote_port":	5202
			}],
		"version":	"iperf 3.11",
		"system_info":	"Linux f1 6.0.10-300.fc37.x86_64 #1 SMP PREEMPT_DYNAMIC Sat Nov 26 16:55:13 UTC 2022 x86_64",
		"timestamp":	{
			"time":	"Fri, 09 Dec 2022 23:23:44 GMT",
			"timesecs":	1670628224
		},
		"connecting_to":	{
			"host":	"192.168.100.168",
			"port":	5202
		},
		"cookie":	"gnfvyfyod44pzy5igwyfrbzo5gfkmqoixuf3",
		"tcp_mss_default":	1448,
		"target_bitrate":	0,
		"sock_bufsize":	0,
		"sndbuf_actual":	16384,
		"rcvbuf_actual":	131072,
		"test_start":	{
			"protocol":	"TCP",
			"num_streams":	1,
			"blksize":	131072,
			"omit":	0,
			"duration":	10,
			"bytes":	0,
			"blocks":	0,
			"reverse":	0,
			"tos":	0,
			"target_bitrate":	0
		}
	},
	"intervals":	[{
			"streams":	[{
					"socket":	6,
					"start":	0,
					"end":	1.000083,
					"seconds":	1.0000829696655273,
					"bytes":	10354688,
					"bits_per_second":	82830631.5702032,
					"retransmits":	0,
					"snd_cwnd":	3401352,
					"snd_wnd":	3143552,
					"rtt":	200880,
					"rttvar":	5893,
					"pmtu":	1500,
					"omitted":	false,
					"sender":	true
				}],
			"sum":	{
				"start":	0,
				"end":	1.000083,
				"seconds":	1.0000829696655273,
				"bytes":	10354688,
				"bits_per_second":	82830631.5702032,
				"retransmits":	0,
				"omitted":	false,
				"sender":	true
			}
		}, {
			"streams":	[{
					"socket":	6,
					"start":	1.000083,
					"end":	2.000071,
					"seconds":	0.9999880194664,
					"bytes":	15728640,
					"bits_per_second":	125830627.51806088,
					"retransmits":	0,
					"snd_cwnd":	3680816,
					"snd_wnd":	3143552,
					"rtt":	184860,
					"rttvar":	4679,
					"pmtu":	1500,
					"omitted":	false,
					"sender":	true
				}],
			"sum":	{
				"start":	1.000083,
				"end":	2.000071,
				"seconds":	0.9999880194664,
				"bytes":	15728640,
				"bits_per_second":	125830627.51806088,
				"retransmits":	0,
				"omitted":	false,
				"sender":	true
			}
		}, {
			"streams":	[{
					"socket":	6,
					"start":	2.000071,
					"end":	3.000071,
					"seconds":	1,
					"bytes":	15728640,
					"bits_per_second":	125829120,
					"retransmits":	0,
					"snd_cwnd":	3680816,
					"snd_wnd":	3143552,
					"rtt":	193271,
					"rttvar":	8074,
					"pmtu":	1500,
					"omitted":	false,
					"sender":	true
				}],
			"sum":	{
				"start":	2.000071,
				"end":	3.000071,
				"seconds":	1,
				"bytes":	15728640,
				"bits_per_second":	125829120,
				"retransmits":	0,
				"omitted":	false,
				"sender":	true
			}
		}, {
			"streams":	[{
					"socket":	6,
					"start":	3.000071,
					"end":	4.000084,
					"seconds":	1.000012993812561,
					"bytes":	15728640,
					"bits_per_second":	125827485.0212446,
					"retransmits":	0,
					"snd_cwnd":	3680816,
					"snd_wnd":	3143552,
					"rtt":	199101,
					"rttvar":	10684,
					"pmtu":	1500,
					"omitted":	false,
					"sender":	true
				}],
			"sum":	{
				"start":	3.000071,
				"end":	4.000084,
				"seconds":	1.000012993812561,
				"bytes":	15728640,
				"bits_per_second":	125827485.0212446,
				"retransmits":	0,
				"omitted":	false,
				"sender":	true
			}
		}, {
			"streams":	[{
					"socket":	6,
					"start":	4.000084,
					"end":	5.000082,
					"seconds":	0.99999797344207764,
					"bytes":	15728640,
					"bits_per_second":	125829375.00051677,
					"retransmits":	0,
					"snd_cwnd":	3680816,
					"snd_wnd":	3143552,
					"rtt":	185544,
					"rttvar":	4569,
					"pmtu":	1500,
					"omitted":	false,
					"sender":	true
				}],
			"sum":	{
				"start":	4.000084,
				"end":	5.000082,
				"seconds":	0.99999797344207764,
				"bytes":	15728640,
				"bits_per_second":	125829375.00051677,
				"retransmits":	0,
				"omitted":	false,
				"sender":	true
			}
		}, {
			"streams":	[{
					"socket":	6,
					"start":	5.000082,
					"end":	6.000074,
					"seconds":	0.9999920129776,
					"bytes":	15728640,
					"bits_per_second":	125830125.008027,
					"retransmits":	0,
					"snd_cwnd":	3680816,
					"snd_wnd":	3143552,
					"rtt":	185373,
					"rttvar":	1333,
					"pmtu":	1500,
					"omitted":	false,
					"sender":	true
				}],
			"sum":	{
				"start":	5.000082,
				"end":	6.000074,
				"seconds":	0.9999920129776,
				"bytes":	15728640,
				"bits_per_second":	125830125.008027,
				"retransmits":	0,
				"omitted":	false,
				"sender":	true
			}
		}, {
			"streams":	[{
					"socket":	6,
					"start":	6.000074,
					"end":	7.000091,
					"seconds":	1.0000170469284058,
					"bytes":	15728640,
					"bits_per_second":	125826975.03656504,
					"retransmits":	0,
					"snd_cwnd":	3680816,
					"snd_wnd":	3143552,
					"rtt":	200475,
					"rttvar":	10665,
					"pmtu":	1500,
					"omitted":	false,
					"sender":	true
				}],
			"sum":	{
				"start":	6.000074,
				"end":	7.000091,
				"seconds":	1.0000170469284058,
				"bytes":	15728640,
				"bits_per_second":	125826975.03656504,
				"retransmits":	0,
				"omitted":	false,
				"sender":	true
			}
		}, {
			"streams":	[{
					"socket":	6,
					"start":	7.000091,
					"end":	8.000084,
					"seconds":	0.99999302625656128,
					"bytes":	15728640,
					"bits_per_second":	125829997.5061195,
					"retransmits":	0,
					"snd_cwnd":	3680816,
					"snd_wnd":	3143552,
					"rtt":	200071,
					"rttvar":	11859,
					"pmtu":	1500,
					"omitted":	false,
					"sender":	true
				}],
			"sum":	{
				"start":	7.000091,
				"end":	8.000084,
				"seconds":	0.99999302625656128,
				"bytes":	15728640,
				"bits_per_second":	125829997.5061195,
				"retransmits":	0,
				"omitted":	false,
				"sender":	true
			}
		}, {
			"streams":	[{
					"socket":	6,
					"start":	8.000084,
					"end":	9.000083,
					"seconds":	0.99999898672103882,
					"bytes":	15728640,
					"bits_per_second":	125829247.50012919,
					"retransmits":	0,
					"snd_cwnd":	3680816,
					"snd_wnd":	3143552,
					"rtt":	190300,
					"rttvar":	2696,
					"pmtu":	1500,
					"omitted":	false,
					"sender":	true
				}],
			"sum":	{
				"start":	8.000084,
				"end":	9.000083,
				"seconds":	0.99999898672103882,
				"bytes":	15728640,
				"bits_per_second":	125829247.50012919,
				"retransmits":	0,
				"omitted":	false,
				"sender":	true
			}
		}, {
			"streams":	[{
					"socket":	6,
					"start":	9.000083,
					"end":	10.000104,
					"seconds":	1.0000209808349609,
					"bytes":	15728640,
					"bits_per_second":	125826480.05538824,
					"retransmits":	0,
					"snd_cwnd":	3680816,
					"snd_wnd":	3143552,
					"rtt":	194000,
					"rttvar":	2185,
					"pmtu":	1500,
					"omitted":	false,
					"sender":	true
				}],
			"sum":	{
				"start":	9.000083,
				"end":	10.000104,
				"seconds":	1.0000209808349609,
				"bytes":	15728640,
				"bits_per_second":	125826480.05538824,
				"retransmits":	0,
				"omitted":	false,
				"sender":	true
			}
		}],
	"end":	{
		"streams":	[{
				"sender":	{
					"socket":	6,
					"start":	0,
					"end":	10.000104,
					"seconds":	10.000104,
					"bytes":	151912448,
					"bits_per_second":	121528694.50157718,
					"retransmits":	0,
					"max_snd_cwnd":	3680816,
					"max_snd_wnd":	3143552,
					"max_rtt":	200880,
					"min_rtt":	184860,
					"mean_rtt":	193387,
					"sender":	true
				},
				"receiver":	{
					"socket":	6,
					"start":	0,
					"end":	10.187178,
					"seconds":	10.000104,
					"bytes":	151884656,
					"bits_per_second":	119275156.27978623,
					"sender":	true
				}
			}],
		"sum_sent":	{
			"start":	0,
			"end":	10.000104,
			"seconds":	10.000104,
			"bytes":	151912448,
			"bits_per_second":	121528694.50157718,
			"retransmits":	0,
			"sender":	true
		},
		"sum_received":	{
			"start":	0,
			"end":	10.187178,
			"seconds":	10.187178,
			"bytes":	151884656,
			"bits_per_second":	119275156.27978623,
			"sender":	true
		},
		"cpu_utilization_percent":	{
			"host_total":	0.895426501463692,
			"host_user":	0.15098024064423413,
			"host_system":	0.74444626081945775,
			"remote_total":	1.2088803640256223,
			"remote_user":	0.060222661880920111,
			"remote_system":	1.1486577021447022
		},
		"sender_tcp_congestion":	"bbr",
		"receiver_tcp_congestion":	"bbr"
	}
}
