{
	"start":	{
		"connected":	[{
				"socket":	6,
				"local_host":	"192.168.101.210",
				"local_port":	58446,
				"remote_host":	"192.168.100.168",
				"remote_port":	5202
			}],
		"version":	"iperf 3.11",
		"system_info":	"Linux f1 6.0.10-300.fc37.x86_64 #1 SMP PREEMPT_DYNAMIC Sat Nov 26 16:55:13 UTC 2022 x86_64",
		"timestamp":	{
			"time":	"Fri, 09 Dec 2022 23:27:08 GMT",
			"timesecs":	1670628428
		},
		"connecting_to":	{
			"host":	"192.168.100.168",
			"port":	5202
		},
		"cookie":	"2so5q72rexyog26j4cteesl7ik4fbz5xgqgo",
		"tcp_mss_default":	1448,
		"target_bitrate":	0,
		"sock_bufsize":	0,
		"sndbuf_actual":	16384,
		"rcvbuf_actual":	131072,
		"test_start":	{
			"protocol":	"TCP",
			"num_streams":	1,
			"blksize":	131072,
			"omit":	0,
			"duration":	10,
			"bytes":	0,
			"blocks":	0,
			"reverse":	0,
			"tos":	0,
			"target_bitrate":	0
		}
	},
	"intervals":	[{
			"streams":	[{
					"socket":	6,
					"start":	0,
					"end":	1.00015,
					"seconds":	1.0001499652862549,
					"bytes":	1424832,
					"bits_per_second":	11396946.853602668,
					"retransmits":	0,
					"snd_cwnd":	209960,
					"snd_wnd":	326144,
					"rtt":	200094,
					"rttvar":	4,
					"pmtu":	1500,
					"omitted":	false,
					"sender":	true
				}],
			"sum":	{
				"start":	0,
				"end":	1.00015,
				"seconds":	1.0001499652862549,
				"bytes":	1424832,
				"bits_per_second":	11396946.853602668,
				"retransmits":	0,
				"omitted":	false,
				"sender":	true
			}
		}, {
			"streams":	[{
					"socket":	6,
					"start":	1.00015,
					"end":	2.000081,
					"seconds":	0.99993097782135,
					"bytes":	6963776,
					"bits_per_second":	55714053.50535436,
					"retransmits":	0,
					"snd_cwnd":	5761592,
					"snd_wnd":	3141248,
					"rtt":	200080,
					"rttvar":	9,
					"pmtu":	1500,
					"omitted":	false,
					"sender":	true
				}],
			"sum":	{
				"start":	1.00015,
				"end":	2.000081,
				"seconds":	0.99993097782135,
				"bytes":	6963776,
				"bits_per_second":	55714053.50535436,
				"retransmits":	0,
				"omitted":	false,
				"sender":	true
			}
		}, {
			"streams":	[{
					"socket":	6,
					"start":	2.000081,
					"end":	3.000083,
					"seconds":	1.0000020265579224,
					"bytes":	14417920,
					"bits_per_second":	115343126.25047371,
					"retransmits":	0,
					"snd_cwnd":	9035520,
					"snd_wnd":	3143552,
					"rtt":	205931,
					"rttvar":	2388,
					"pmtu":	1500,
					"omitted":	false,
					"sender":	true
				}],
			"sum":	{
				"start":	2.000081,
				"end":	3.000083,
				"seconds":	1.0000020265579224,
				"bytes":	14417920,
				"bits_per_second":	115343126.25047371,
				"retransmits":	0,
				"omitted":	false,
				"sender":	true
			}
		}, {
			"streams":	[{
					"socket":	6,
					"start":	3.000083,
					"end":	4.000164,
					"seconds":	1.000080943107605,
					"bytes":	14417920,
					"bits_per_second":	115334024.50564392,
					"retransmits":	0,
					"snd_cwnd":	9035520,
					"snd_wnd":	3143552,
					"rtt":	208744,
					"rttvar":	2142,
					"pmtu":	1500,
					"omitted":	false,
					"sender":	true
				}],
			"sum":	{
				"start":	3.000083,
				"end":	4.000164,
				"seconds":	1.000080943107605,
				"bytes":	14417920,
				"bits_per_second":	115334024.50564392,
				"retransmits":	0,
				"omitted":	false,
				"sender":	true
			}
		}, {
			"streams":	[{
					"socket":	6,
					"start":	4.000164,
					"end":	5.000076,
					"seconds":	0.99991202354431152,
					"bytes":	15728640,
					"bits_per_second":	125840190.97398505,
					"retransmits":	0,
					"snd_cwnd":	9058688,
					"snd_wnd":	3143552,
					"rtt":	209047,
					"rttvar":	2035,
					"pmtu":	1500,
					"omitted":	false,
					"sender":	true
				}],
			"sum":	{
				"start":	4.000164,
				"end":	5.000076,
				"seconds":	0.99991202354431152,
				"bytes":	15728640,
				"bits_per_second":	125840190.97398505,
				"retransmits":	0,
				"omitted":	false,
				"sender":	true
			}
		}, {
			"streams":	[{
					"socket":	6,
					"start":	5.000076,
					"end":	6.000117,
					"seconds":	1.0000410079956055,
					"bytes":	14417920,
					"bits_per_second":	115338630.19395986,
					"retransmits":	0,
					"snd_cwnd":	9058688,
					"snd_wnd":	3143552,
					"rtt":	206799,
					"rttvar":	2537,
					"pmtu":	1500,
					"omitted":	false,
					"sender":	true
				}],
			"sum":	{
				"start":	5.000076,
				"end":	6.000117,
				"seconds":	1.0000410079956055,
				"bytes":	14417920,
				"bits_per_second":	115338630.19395986,
				"retransmits":	0,
				"omitted":	false,
				"sender":	true
			}
		}, {
			"streams":	[{
					"socket":	6,
					"start":	6.000117,
					"end":	7.00007,
					"seconds":	0.99995297193527222,
					"bytes":	15728640,
					"bits_per_second":	125835037.77830166,
					"retransmits":	0,
					"snd_cwnd":	9058688,
					"snd_wnd":	3143552,
					"rtt":	205651,
					"rttvar":	2453,
					"pmtu":	1500,
					"omitted":	false,
					"sender":	true
				}],
			"sum":	{
				"start":	6.000117,
				"end":	7.00007,
				"seconds":	0.99995297193527222,
				"bytes":	15728640,
				"bits_per_second":	125835037.77830166,
				"retransmits":	0,
				"omitted":	false,
				"sender":	true
			}
		}, {
			"streams":	[{
					"socket":	6,
					"start":	7.00007,
					"end":	8.000067,
					"seconds":	0.99999701976776123,
					"bytes":	14417920,
					"bits_per_second":	115343703.75102445,
					"retransmits":	0,
					"snd_cwnd":	9058688,
					"snd_wnd":	3143552,
					"rtt":	203566,
					"rttvar":	3555,
					"pmtu":	1500,
					"omitted":	false,
					"sender":	true
				}],
			"sum":	{
				"start":	7.00007,
				"end":	8.000067,
				"seconds":	0.99999701976776123,
				"bytes":	14417920,
				"bits_per_second":	115343703.75102445,
				"retransmits":	0,
				"omitted":	false,
				"sender":	true
			}
		}, {
			"streams":	[{
					"socket":	6,
					"start":	8.000067,
					"end":	9.000071,
					"seconds":	1.0000040531158447,
					"bytes":	14417920,
					"bits_per_second":	115342892.50189482,
					"retransmits":	0,
					"snd_cwnd":	9058688,
					"snd_wnd":	3143552,
					"rtt":	202987,
					"rttvar":	1522,
					"pmtu":	1500,
					"omitted":	false,
					"sender":	true
				}],
			"sum":	{
				"start":	8.000067,
				"end":	9.000071,
				"seconds":	1.0000040531158447,
				"bytes":	14417920,
				"bits_per_second":	115342892.50189482,
				"retransmits":	0,
				"omitted":	false,
				"sender":	true
			}
		}, {
			"streams":	[{
					"socket":	6,
					"start":	9.000071,
					"end":	10.000124,
					"seconds":	1.00005304813385,
					"bytes":	14417920,
					"bits_per_second":	115337241.57457106,
					"retransmits":	0,
					"snd_cwnd":	9058688,
					"snd_wnd":	3143552,
					"rtt":	200941,
					"rttvar":	746,
					"pmtu":	1500,
					"omitted":	false,
					"sender":	true
				}],
			"sum":	{
				"start":	9.000071,
				"end":	10.000124,
				"seconds":	1.00005304813385,
				"bytes":	14417920,
				"bits_per_second":	115337241.57457106,
				"retransmits":	0,
				"omitted":	false,
				"sender":	true
			}
		}],
	"end":	{
		"streams":	[{
				"sender":	{
					"socket":	6,
					"start":	0,
					"end":	10.000124,
					"seconds":	10.000124,
					"bytes":	126353408,
					"bits_per_second":	101081472.98973493,
					"retransmits":	0,
					"max_snd_cwnd":	9058688,
					"max_snd_wnd":	3143552,
					"max_rtt":	209047,
					"min_rtt":	200080,
					"mean_rtt":	204384,
					"sender":	true
				},
				"receiver":	{
					"socket":	6,
					"start":	0,
					"end":	10.209434,
					"seconds":	10.000124,
					"bytes":	126233832,
					"bits_per_second":	98915439.974439323,
					"sender":	true
				}
			}],
		"sum_sent":	{
			"start":	0,
			"end":	10.000124,
			"seconds":	10.000124,
			"bytes":	126353408,
			"bits_per_second":	101081472.98973493,
			"retransmits":	0,
			"sender":	true
		},
		"sum_received":	{
			"start":	0,
			"end":	10.209434,
			"seconds":	10.209434,
			"bytes":	126233832,
			"bits_per_second":	98915439.974439323,
			"sender":	true
		},
		"cpu_utilization_percent":	{
			"host_total":	1.9906975917411338,
			"host_user":	0.25486772921268935,
			"host_system":	1.7358298625284447,
			"remote_total":	1.0567565510649106,
			"remote_user":	0.10130813157656826,
			"remote_system":	0.95544841948834258
		},
		"sender_tcp_congestion":	"bbr",
		"receiver_tcp_congestion":	"bbr"
	}
}
