{
	"start":	{
		"connected":	[{
				"socket":	6,
				"local_host":	"192.168.101.210",
				"local_port":	36520,
				"remote_host":	"192.168.100.168",
				"remote_port":	5202
			}],
		"version":	"iperf 3.11",
		"system_info":	"Linux f1 6.0.10-300.fc37.x86_64 #1 SMP PREEMPT_DYNAMIC Sat Nov 26 16:55:13 UTC 2022 x86_64",
		"timestamp":	{
			"time":	"Fri, 09 Dec 2022 23:21:09 GMT",
			"timesecs":	1670628069
		},
		"connecting_to":	{
			"host":	"192.168.100.168",
			"port":	5202
		},
		"cookie":	"cirkld5agc7omykyhxwotqnocj4nvsz4qzud",
		"tcp_mss_default":	1448,
		"target_bitrate":	0,
		"sock_bufsize":	0,
		"sndbuf_actual":	16384,
		"rcvbuf_actual":	131072,
		"test_start":	{
			"protocol":	"TCP",
			"num_streams":	1,
			"blksize":	131072,
			"omit":	0,
			"duration":	10,
			"bytes":	0,
			"blocks":	0,
			"reverse":	0,
			"tos":	0,
			"target_bitrate":	0
		}
	},
	"intervals":	[{
			"streams":	[{
					"socket":	6,
					"start":	0,
					"end":	1.000063,
					"seconds":	1.0000629425048828,
					"bytes":	13500416,
					"bits_per_second":	107996530.42785622,
					"retransmits":	0,
					"snd_cwnd":	324352,
					"snd_wnd":	3143552,
					"rtt":	52250,
					"rttvar":	390,
					"pmtu":	1500,
					"omitted":	false,
					"sender":	true
				}],
			"sum":	{
				"start":	0,
				"end":	1.000063,
				"seconds":	1.0000629425048828,
				"bytes":	13500416,
				"bits_per_second":	107996530.42785622,
				"retransmits":	0,
				"omitted":	false,
				"sender":	true
			}
		}, {
			"streams":	[{
					"socket":	6,
					"start":	1.000063,
					"end":	2.000866,
					"seconds":	1.0008029937744141,
					"bytes":	1310720,
					"bits_per_second":	10477346.755782729,
					"retransmits":	0,
					"snd_cwnd":	78192,
					"snd_wnd":	3143552,
					"rtt":	93892,
					"rttvar":	881,
					"pmtu":	1500,
					"omitted":	false,
					"sender":	true
				}],
			"sum":	{
				"start":	1.000063,
				"end":	2.000866,
				"seconds":	1.0008029937744141,
				"bytes":	1310720,
				"bits_per_second":	10477346.755782729,
				"retransmits":	0,
				"omitted":	false,
				"sender":	true
			}
		}, {
			"streams":	[{
					"socket":	6,
					"start":	2.000866,
					"end":	3.000917,
					"seconds":	1.0000510215759277,
					"bytes":	1310720,
					"bits_per_second":	10485225.02729515,
					"retransmits":	0,
					"snd_cwnd":	43440,
					"snd_wnd":	3143552,
					"rtt":	103781,
					"rttvar":	2351,
					"pmtu":	1500,
					"omitted":	false,
					"sender":	true
				}],
			"sum":	{
				"start":	2.000866,
				"end":	3.000917,
				"seconds":	1.0000510215759277,
				"bytes":	1310720,
				"bits_per_second":	10485225.02729515,
				"retransmits":	0,
				"omitted":	false,
				"sender":	true
			}
		}, {
			"streams":	[{
					"socket":	6,
					"start":	3.000917,
					"end":	4.001029,
					"seconds":	1.0001120567321777,
					"bytes":	0,
					"bits_per_second":	0,
					"retransmits":	0,
					"snd_cwnd":	31856,
					"snd_wnd":	3143552,
					"rtt":	103421,
					"rttvar":	2375,
					"pmtu":	1500,
					"omitted":	false,
					"sender":	true
				}],
			"sum":	{
				"start":	3.000917,
				"end":	4.001029,
				"seconds":	1.0001120567321777,
				"bytes":	0,
				"bits_per_second":	0,
				"retransmits":	0,
				"omitted":	false,
				"sender":	true
			}
		}, {
			"streams":	[{
					"socket":	6,
					"start":	4.001029,
					"end":	5.001032,
					"seconds":	1.0000029802322388,
					"bytes":	0,
					"bits_per_second":	0,
					"retransmits":	0,
					"snd_cwnd":	26064,
					"snd_wnd":	3143552,
					"rtt":	102612,
					"rttvar":	2689,
					"pmtu":	1500,
					"omitted":	false,
					"sender":	true
				}],
			"sum":	{
				"start":	4.001029,
				"end":	5.001032,
				"seconds":	1.0000029802322388,
				"bytes":	0,
				"bits_per_second":	0,
				"retransmits":	0,
				"omitted":	false,
				"sender":	true
			}
		}, {
			"streams":	[{
					"socket":	6,
					"start":	5.001032,
					"end":	6.000231,
					"seconds":	0.99919897317886353,
					"bytes":	1310720,
					"bits_per_second":	10494166.108518384,
					"retransmits":	0,
					"snd_cwnd":	23168,
					"snd_wnd":	3143552,
					"rtt":	101193,
					"rttvar":	4051,
					"pmtu":	1500,
					"omitted":	false,
					"sender":	true
				}],
			"sum":	{
				"start":	5.001032,
				"end":	6.000231,
				"seconds":	0.99919897317886353,
				"bytes":	1310720,
				"bits_per_second":	10494166.108518384,
				"retransmits":	0,
				"omitted":	false,
				"sender":	true
			}
		}, {
			"streams":	[{
					"socket":	6,
					"start":	6.000231,
					"end":	7.001025,
					"seconds":	1.0007940530776978,
					"bytes":	0,
					"bits_per_second":	0,
					"retransmits":	0,
					"snd_cwnd":	23168,
					"snd_wnd":	3143552,
					"rtt":	102338,
					"rttvar":	2631,
					"pmtu":	1500,
					"omitted":	false,
					"sender":	true
				}],
			"sum":	{
				"start":	6.000231,
				"end":	7.001025,
				"seconds":	1.0007940530776978,
				"bytes":	0,
				"bits_per_second":	0,
				"retransmits":	0,
				"omitted":	false,
				"sender":	true
			}
		}, {
			"streams":	[{
					"socket":	6,
					"start":	7.001025,
					"end":	8.001023,
					"seconds":	0.99999797344207764,
					"bytes":	0,
					"bits_per_second":	0,
					"retransmits":	0,
					"snd_cwnd":	23168,
					"snd_wnd":	3143552,
					"rtt":	103682,
					"rttvar":	1388,
					"pmtu":	1500,
					"omitted":	false,
					"sender":	true
				}],
			"sum":	{
				"start":	7.001025,
				"end":	8.001023,
				"seconds":	0.99999797344207764,
				"bytes":	0,
				"bits_per_second":	0,
				"retransmits":	0,
				"omitted":	false,
				"sender":	true
			}
		}, {
			"streams":	[{
					"socket":	6,
					"start":	8.001023,
					"end":	9.001031,
					"seconds":	1.0000079870224,
					"bytes":	0,
					"bits_per_second":	0,
					"retransmits":	0,
					"snd_cwnd":	26064,
					"snd_wnd":	3143552,
					"rtt":	101843,
					"rttvar":	2384,
					"pmtu":	1500,
					"omitted":	false,
					"sender":	true
				}],
			"sum":	{
				"start":	8.001023,
				"end":	9.001031,
				"seconds":	1.0000079870224,
				"bytes":	0,
				"bits_per_second":	0,
				"retransmits":	0,
				"omitted":	false,
				"sender":	true
			}
		}, {
			"streams":	[{
					"socket":	6,
					"start":	9.001031,
					"end":	10.001032,
					"seconds":	1.0000009536743164,
					"bytes":	0,
					"bits_per_second":	0,
					"retransmits":	0,
					"snd_cwnd":	23168,
					"snd_wnd":	3143552,
					"rtt":	104087,
					"rttvar":	5112,
					"pmtu":	1500,
					"omitted":	false,
					"sender":	true
				}],
			"sum":	{
				"start":	9.001031,
				"end":	10.001032,
				"seconds":	1.0000009536743164,
				"bytes":	0,
				"bits_per_second":	0,
				"retransmits":	0,
				"omitted":	false,
				"sender":	true
			}
		}],
	"end":	{
		"streams":	[{
				"sender":	{
					"socket":	6,
					"start":	0,
					"end":	10.001032,
					"seconds":	10.001032,
					"bytes":	17432576,
					"bits_per_second":	13944621.715039007,
					"retransmits":	0,
					"max_snd_cwnd":	324352,
					"max_snd_wnd":	3143552,
					"max_rtt":	104087,
					"min_rtt":	52250,
					"mean_rtt":	96909,
					"sender":	true
				},
				"receiver":	{
					"socket":	6,
					"start":	0,
					"end":	10.105037,
					"seconds":	10.001032,
					"bytes":	14313480,
					"bits_per_second":	11331758.607118411,
					"sender":	true
				}
			}],
		"sum_sent":	{
			"start":	0,
			"end":	10.001032,
			"seconds":	10.001032,
			"bytes":	17432576,
			"bits_per_second":	13944621.715039007,
			"retransmits":	0,
			"sender":	true
		},
		"sum_received":	{
			"start":	0,
			"end":	10.105037,
			"seconds":	10.105037,
			"bytes":	14313480,
			"bits_per_second":	11331758.607118411,
			"sender":	true
		},
		"cpu_utilization_percent":	{
			"host_total":	0.13084968547778608,
			"host_user":	0,
			"host_system":	0.13085964359692442,
			"remote_total":	0.513179104821758,
			"remote_user":	0.068421241698085777,
			"remote_system":	0.44475786312367216
		},
		"sender_tcp_congestion":	"bbr",
		"receiver_tcp_congestion":	"bbr"
	}
}
