{
	"start":	{
		"connected":	[{
				"socket":	6,
				"local_host":	"192.168.101.210",
				"local_port":	34170,
				"remote_host":	"192.168.100.168",
				"remote_port":	5202
			}],
		"version":	"iperf 3.11",
		"system_info":	"Linux f1 6.0.10-300.fc37.x86_64 #1 SMP PREEMPT_DYNAMIC Sat Nov 26 16:55:13 UTC 2022 x86_64",
		"timestamp":	{
			"time":	"Fri, 09 Dec 2022 23:20:37 GMT",
			"timesecs":	1670628037
		},
		"connecting_to":	{
			"host":	"192.168.100.168",
			"port":	5202
		},
		"cookie":	"ir5ahw7uvxhl6olud2r6tfhea6jlehpzbdxi",
		"tcp_mss_default":	1448,
		"target_bitrate":	0,
		"sock_bufsize":	0,
		"sndbuf_actual":	16384,
		"rcvbuf_actual":	131072,
		"test_start":	{
			"protocol":	"TCP",
			"num_streams":	1,
			"blksize":	131072,
			"omit":	0,
			"duration":	10,
			"bytes":	0,
			"blocks":	0,
			"reverse":	0,
			"tos":	0,
			"target_bitrate":	0
		}
	},
	"intervals":	[{
			"streams":	[{
					"socket":	6,
					"start":	0,
					"end":	1.000086,
					"seconds":	1.0000859498977661,
					"bytes":	16121856,
					"bits_per_second":	128963763.57770497,
					"retransmits":	369,
					"snd_cwnd":	370688,
					"snd_wnd":	3145728,
					"rtt":	29993,
					"rttvar":	165,
					"pmtu":	1500,
					"omitted":	false,
					"sender":	true
				}],
			"sum":	{
				"start":	0,
				"end":	1.000086,
				"seconds":	1.0000859498977661,
				"bytes":	16121856,
				"bits_per_second":	128963763.57770497,
				"retransmits":	369,
				"omitted":	false,
				"sender":	true
			}
		}, {
			"streams":	[{
					"socket":	6,
					"start":	1.000086,
					"end":	2.000169,
					"seconds":	1.0000829696655273,
					"bytes":	9175040,
					"bits_per_second":	73394230.505243346,
					"retransmits":	0,
					"snd_cwnd":	257744,
					"snd_wnd":	3145728,
					"rtt":	28152,
					"rttvar":	477,
					"pmtu":	1500,
					"omitted":	false,
					"sender":	true
				}],
			"sum":	{
				"start":	1.000086,
				"end":	2.000169,
				"seconds":	1.0000829696655273,
				"bytes":	9175040,
				"bits_per_second":	73394230.505243346,
				"retransmits":	0,
				"omitted":	false,
				"sender":	true
			}
		}, {
			"streams":	[{
					"socket":	6,
					"start":	2.000169,
					"end":	3.000086,
					"seconds":	0.999916970729828,
					"bytes":	9175040,
					"bits_per_second":	73406414.8810535,
					"retransmits":	0,
					"snd_cwnd":	214304,
					"snd_wnd":	3145728,
					"rtt":	26714,
					"rttvar":	191,
					"pmtu":	1500,
					"omitted":	false,
					"sender":	true
				}],
			"sum":	{
				"start":	2.000169,
				"end":	3.000086,
				"seconds":	0.999916970729828,
				"bytes":	9175040,
				"bits_per_second":	73406414.8810535,
				"retransmits":	0,
				"omitted":	false,
				"sender":	true
			}
		}, {
			"streams":	[{
					"socket":	6,
					"start":	3.000086,
					"end":	4.000205,
					"seconds":	1.0001189708709717,
					"bytes":	6553600,
					"bits_per_second":	52422563.241992533,
					"retransmits":	0,
					"snd_cwnd":	191136,
					"snd_wnd":	3145728,
					"rtt":	26612,
					"rttvar":	343,
					"pmtu":	1500,
					"omitted":	false,
					"sender":	true
				}],
			"sum":	{
				"start":	3.000086,
				"end":	4.000205,
				"seconds":	1.0001189708709717,
				"bytes":	6553600,
				"bits_per_second":	52422563.241992533,
				"retransmits":	0,
				"omitted":	false,
				"sender":	true
			}
		}, {
			"streams":	[{
					"socket":	6,
					"start":	4.000205,
					"end":	5.000079,
					"seconds":	0.99987399578094482,
					"bytes":	7864320,
					"bits_per_second":	62922488.499024324,
					"retransmits":	0,
					"snd_cwnd":	185344,
					"snd_wnd":	3145728,
					"rtt":	26914,
					"rttvar":	232,
					"pmtu":	1500,
					"omitted":	false,
					"sender":	true
				}],
			"sum":	{
				"start":	4.000205,
				"end":	5.000079,
				"seconds":	0.99987399578094482,
				"bytes":	7864320,
				"bits_per_second":	62922488.499024324,
				"retransmits":	0,
				"omitted":	false,
				"sender":	true
			}
		}, {
			"streams":	[{
					"socket":	6,
					"start":	5.000079,
					"end":	6.000239,
					"seconds":	1.0001599788665771,
					"bytes":	5242880,
					"bits_per_second":	41936331.073286489,
					"retransmits":	0,
					"snd_cwnd":	176656,
					"snd_wnd":	3145728,
					"rtt":	27300,
					"rttvar":	233,
					"pmtu":	1500,
					"omitted":	false,
					"sender":	true
				}],
			"sum":	{
				"start":	5.000079,
				"end":	6.000239,
				"seconds":	1.0001599788665771,
				"bytes":	5242880,
				"bits_per_second":	41936331.073286489,
				"retransmits":	0,
				"omitted":	false,
				"sender":	true
			}
		}, {
			"streams":	[{
					"socket":	6,
					"start":	6.000239,
					"end":	7.000109,
					"seconds":	0.999870002269745,
					"bytes":	6553600,
					"bits_per_second":	52435616.511130974,
					"retransmits":	0,
					"snd_cwnd":	162176,
					"snd_wnd":	3145728,
					"rtt":	27875,
					"rttvar":	210,
					"pmtu":	1500,
					"omitted":	false,
					"sender":	true
				}],
			"sum":	{
				"start":	6.000239,
				"end":	7.000109,
				"seconds":	0.999870002269745,
				"bytes":	6553600,
				"bits_per_second":	52435616.511130974,
				"retransmits":	0,
				"omitted":	false,
				"sender":	true
			}
		}, {
			"streams":	[{
					"socket":	6,
					"start":	7.000109,
					"end":	8.000094,
					"seconds":	0.9999849796295166,
					"bytes":	5242880,
					"bits_per_second":	41943670.009462975,
					"retransmits":	0,
					"snd_cwnd":	136112,
					"snd_wnd":	3145728,
					"rtt":	28668,
					"rttvar":	215,
					"pmtu":	1500,
					"omitted":	false,
					"sender":	true
				}],
			"sum":	{
				"start":	7.000109,
				"end":	8.000094,
				"seconds":	0.9999849796295166,
				"bytes":	5242880,
				"bits_per_second":	41943670.009462975,
				"retransmits":	0,
				"omitted":	false,
				"sender":	true
			}
		}, {
			"streams":	[{
					"socket":	6,
					"start":	8.000094,
					"end":	9.000235,
					"seconds":	1.0001410245895386,
					"bytes":	3932160,
					"bits_per_second":	31452844.37553212,
					"retransmits":	0,
					"snd_cwnd":	121632,
					"snd_wnd":	3145728,
					"rtt":	28790,
					"rttvar":	350,
					"pmtu":	1500,
					"omitted":	false,
					"sender":	true
				}],
			"sum":	{
				"start":	8.000094,
				"end":	9.000235,
				"seconds":	1.0001410245895386,
				"bytes":	3932160,
				"bits_per_second":	31452844.37553212,
				"retransmits":	0,
				"omitted":	false,
				"sender":	true
			}
		}, {
			"streams":	[{
					"socket":	6,
					"start":	9.000235,
					"end":	10.000245,
					"seconds":	1.0000100135803223,
					"bytes":	3932160,
					"bits_per_second":	31456965.003154248,
					"retransmits":	0,
					"snd_cwnd":	104256,
					"snd_wnd":	3145728,
					"rtt":	28114,
					"rttvar":	235,
					"pmtu":	1500,
					"omitted":	false,
					"sender":	true
				}],
			"sum":	{
				"start":	9.000235,
				"end":	10.000245,
				"seconds":	1.0000100135803223,
				"bytes":	3932160,
				"bits_per_second":	31456965.003154248,
				"retransmits":	0,
				"omitted":	false,
				"sender":	true
			}
		}],
	"end":	{
		"streams":	[{
				"sender":	{
					"socket":	6,
					"start":	0,
					"end":	10.000245,
					"seconds":	10.000245,
					"bytes":	73793536,
					"bits_per_second":	59033382.4821292,
					"retransmits":	369,
					"max_snd_cwnd":	370688,
					"max_snd_wnd":	3145728,
					"max_rtt":	29993,
					"min_rtt":	26612,
					"mean_rtt":	27913,
					"sender":	true
				},
				"receiver":	{
					"socket":	6,
					"start":	0,
					"end":	10.028395,
					"seconds":	10.000245,
					"bytes":	70685568,
					"bits_per_second":	56388339.709395178,
					"sender":	true
				}
			}],
		"sum_sent":	{
			"start":	0,
			"end":	10.000245,
			"seconds":	10.000245,
			"bytes":	73793536,
			"bits_per_second":	59033382.4821292,
			"retransmits":	369,
			"sender":	true
		},
		"sum_received":	{
			"start":	0,
			"end":	10.028395,
			"seconds":	10.028395,
			"bytes":	70685568,
			"bits_per_second":	56388339.709395178,
			"sender":	true
		},
		"cpu_utilization_percent":	{
			"host_total":	0.35983513689081448,
			"host_user":	0.0055668735372641437,
			"host_system":	0.35427822198241843,
			"remote_total":	2.2373337348592646,
			"remote_user":	0.27216677419451341,
			"remote_system":	1.9651669606647513
		},
		"sender_tcp_congestion":	"bbr",
		"receiver_tcp_congestion":	"bbr"
	}
}
