{
	"start":	{
		"connected":	[{
				"socket":	6,
				"local_host":	"192.168.101.210",
				"local_port":	45226,
				"remote_host":	"192.168.100.168",
				"remote_port":	5201
			}],
		"version":	"iperf 3.11",
		"system_info":	"Linux f1 6.0.10-300.fc37.x86_64 #1 SMP PREEMPT_DYNAMIC Sat Nov 26 16:55:13 UTC 2022 x86_64",
		"timestamp":	{
			"time":	"Fri, 09 Dec 2022 23:23:55 GMT",
			"timesecs":	1670628235
		},
		"connecting_to":	{
			"host":	"192.168.100.168",
			"port":	5201
		},
		"cookie":	"kdzc6e6pfhipdtntlchglrju5nlllp4l7pm5",
		"tcp_mss_default":	1448,
		"target_bitrate":	0,
		"sock_bufsize":	0,
		"sndbuf_actual":	16384,
		"rcvbuf_actual":	131072,
		"test_start":	{
			"protocol":	"TCP",
			"num_streams":	1,
			"blksize":	131072,
			"omit":	0,
			"duration":	10,
			"bytes":	0,
			"blocks":	0,
			"reverse":	0,
			"tos":	0,
			"target_bitrate":	0
		}
	},
	"intervals":	[{
			"streams":	[{
					"socket":	6,
					"start":	0,
					"end":	1.00008,
					"seconds":	1.0000799894332886,
					"bytes":	13107200,
					"bits_per_second":	104849213.17085771,
					"retransmits":	0,
					"snd_cwnd":	3318816,
					"snd_wnd":	3143552,
					"rtt":	193163,
					"rttvar":	2500,
					"pmtu":	1500,
					"omitted":	false,
					"sender":	true
				}],
			"sum":	{
				"start":	0,
				"end":	1.00008,
				"seconds":	1.0000799894332886,
				"bytes":	13107200,
				"bits_per_second":	104849213.17085771,
				"retransmits":	0,
				"omitted":	false,
				"sender":	true
			}
		}, {
			"streams":	[{
					"socket":	6,
					"start":	1.00008,
					"end":	2.000097,
					"seconds":	1.0000170469284058,
					"bytes":	13107200,
					"bits_per_second":	104855812.53047086,
					"retransmits":	0,
					"snd_cwnd":	3318816,
					"snd_wnd":	3143552,
					"rtt":	196572,
					"rttvar":	46,
					"pmtu":	1500,
					"omitted":	false,
					"sender":	true
				}],
			"sum":	{
				"start":	1.00008,
				"end":	2.000097,
				"seconds":	1.0000170469284058,
				"bytes":	13107200,
				"bits_per_second":	104855812.53047086,
				"retransmits":	0,
				"omitted":	false,
				"sender":	true
			}
		}, {
			"streams":	[{
					"socket":	6,
					"start":	2.000097,
					"end":	3.000075,
					"seconds":	0.999978005886078,
					"bytes":	14417920,
					"bits_per_second":	115345896.93079755,
					"retransmits":	0,
					"snd_cwnd":	3318816,
					"snd_wnd":	3143552,
					"rtt":	193254,
					"rttvar":	3351,
					"pmtu":	1500,
					"omitted":	false,
					"sender":	true
				}],
			"sum":	{
				"start":	2.000097,
				"end":	3.000075,
				"seconds":	0.999978005886078,
				"bytes":	14417920,
				"bits_per_second":	115345896.93079755,
				"retransmits":	0,
				"omitted":	false,
				"sender":	true
			}
		}, {
			"streams":	[{
					"socket":	6,
					"start":	3.000075,
					"end":	4.000073,
					"seconds":	0.99999797344207764,
					"bytes":	14417920,
					"bits_per_second":	115343593.75047371,
					"retransmits":	0,
					"snd_cwnd":	3318816,
					"snd_wnd":	3143552,
					"rtt":	205519,
					"rttvar":	3647,
					"pmtu":	1500,
					"omitted":	false,
					"sender":	true
				}],
			"sum":	{
				"start":	3.000075,
				"end":	4.000073,
				"seconds":	0.99999797344207764,
				"bytes":	14417920,
				"bits_per_second":	115343593.75047371,
				"retransmits":	0,
				"omitted":	false,
				"sender":	true
			}
		}, {
			"streams":	[{
					"socket":	6,
					"start":	4.000073,
					"end":	5.000117,
					"seconds":	1.0000439882278442,
					"bytes":	13107200,
					"bits_per_second":	104852987.70288678,
					"retransmits":	0,
					"snd_cwnd":	3318816,
					"snd_wnd":	3143552,
					"rtt":	194665,
					"rttvar":	526,
					"pmtu":	1500,
					"omitted":	false,
					"sender":	true
				}],
			"sum":	{
				"start":	4.000073,
				"end":	5.000117,
				"seconds":	1.0000439882278442,
				"bytes":	13107200,
				"bits_per_second":	104852987.70288678,
				"retransmits":	0,
				"omitted":	false,
				"sender":	true
			}
		}, {
			"streams":	[{
					"socket":	6,
					"start":	5.000117,
					"end":	6.000085,
					"seconds":	0.99996799230575562,
					"bytes":	14417920,
					"bits_per_second":	115347051.99317218,
					"retransmits":	0,
					"snd_cwnd":	3318816,
					"snd_wnd":	3143552,
					"rtt":	202152,
					"rttvar":	5605,
					"pmtu":	1500,
					"omitted":	false,
					"sender":	true
				}],
			"sum":	{
				"start":	5.000117,
				"end":	6.000085,
				"seconds":	0.99996799230575562,
				"bytes":	14417920,
				"bits_per_second":	115347051.99317218,
				"retransmits":	0,
				"omitted":	false,
				"sender":	true
			}
		}, {
			"streams":	[{
					"socket":	6,
					"start":	6.000085,
					"end":	7.00007,
					"seconds":	0.9999849796295166,
					"bytes":	14417920,
					"bits_per_second":	115345092.52602318,
					"retransmits":	0,
					"snd_cwnd":	3318816,
					"snd_wnd":	3143552,
					"rtt":	210227,
					"rttvar":	139,
					"pmtu":	1500,
					"omitted":	false,
					"sender":	true
				}],
			"sum":	{
				"start":	6.000085,
				"end":	7.00007,
				"seconds":	0.9999849796295166,
				"bytes":	14417920,
				"bits_per_second":	115345092.52602318,
				"retransmits":	0,
				"omitted":	false,
				"sender":	true
			}
		}, {
			"streams":	[{
					"socket":	6,
					"start":	7.00007,
					"end":	8.000132,
					"seconds":	1.0000619888305664,
					"bytes":	13107200,
					"bits_per_second":	104851100.40290242,
					"retransmits":	0,
					"snd_cwnd":	3318816,
					"snd_wnd":	3143552,
					"rtt":	194564,
					"rttvar":	556,
					"pmtu":	1500,
					"omitted":	false,
					"sender":	true
				}],
			"sum":	{
				"start":	7.00007,
				"end":	8.000132,
				"seconds":	1.0000619888305664,
				"bytes":	13107200,
				"bits_per_second":	104851100.40290242,
				"retransmits":	0,
				"omitted":	false,
				"sender":	true
			}
		}, {
			"streams":	[{
					"socket":	6,
					"start":	8.000132,
					"end":	9.000085,
					"seconds":	0.99995297193527222,
					"bytes":	14417920,
					"bits_per_second":	115348784.63010986,
					"retransmits":	0,
					"snd_cwnd":	3318816,
					"snd_wnd":	3143552,
					"rtt":	209524,
					"rttvar":	216,
					"pmtu":	1500,
					"omitted":	false,
					"sender":	true
				}],
			"sum":	{
				"start":	8.000132,
				"end":	9.000085,
				"seconds":	0.99995297193527222,
				"bytes":	14417920,
				"bits_per_second":	115348784.63010986,
				"retransmits":	0,
				"omitted":	false,
				"sender":	true
			}
		}, {
			"streams":	[{
					"socket":	6,
					"start":	9.000085,
					"end":	10.000094,
					"seconds":	1.0000089406967163,
					"bytes":	14417920,
					"bits_per_second":	115342328.75922,
					"retransmits":	0,
					"snd_cwnd":	3318816,
					"snd_wnd":	3143552,
					"rtt":	206313,
					"rttvar":	1030,
					"pmtu":	1500,
					"omitted":	false,
					"sender":	true
				}],
			"sum":	{
				"start":	9.000085,
				"end":	10.000094,
				"seconds":	1.0000089406967163,
				"bytes":	14417920,
				"bits_per_second":	115342328.75922,
				"retransmits":	0,
				"omitted":	false,
				"sender":	true
			}
		}],
	"end":	{
		"streams":	[{
				"sender":	{
					"socket":	6,
					"start":	0,
					"end":	10.000094,
					"seconds":	10.000094,
					"bytes":	138936320,
					"bits_per_second":	111148011.20869464,
					"retransmits":	0,
					"max_snd_cwnd":	3318816,
					"max_snd_wnd":	3143552,
					"max_rtt":	210227,
					"min_rtt":	193163,
					"mean_rtt":	200595,
					"sender":	true
				},
				"receiver":	{
					"socket":	6,
					"start":	0,
					"end":	10.18343,
					"seconds":	10.000094,
					"bytes":	138936320,
					"bits_per_second":	109146973.07292338,
					"sender":	true
				}
			}],
		"sum_sent":	{
			"start":	0,
			"end":	10.000094,
			"seconds":	10.000094,
			"bytes":	138936320,
			"bits_per_second":	111148011.20869464,
			"retransmits":	0,
			"sender":	true
		},
		"sum_received":	{
			"start":	0,
			"end":	10.18343,
			"seconds":	10.18343,
			"bytes":	138936320,
			"bits_per_second":	109146973.07292338,
			"sender":	true
		},
		"cpu_utilization_percent":	{
			"host_total":	0.922169231392001,
			"host_user":	0.0593610767817812,
			"host_system":	0.86280815461022,
			"remote_total":	1.7997053060138293,
			"remote_user":	0.109992247220857,
			"remote_system":	1.689722878652558
		},
		"sender_tcp_congestion":	"cubic",
		"receiver_tcp_congestion":	"cubic"
	}
}
