{
	"start":	{
		"connected":	[{
				"socket":	6,
				"local_host":	"192.168.101.210",
				"local_port":	40992,
				"remote_host":	"192.168.100.168",
				"remote_port":	5202
			}],
		"version":	"iperf 3.11",
		"system_info":	"Linux f1 6.0.10-300.fc37.x86_64 #1 SMP PREEMPT_DYNAMIC Sat Nov 26 16:55:13 UTC 2022 x86_64",
		"timestamp":	{
			"time":	"Fri, 09 Dec 2022 23:25:59 GMT",
			"timesecs":	1670628359
		},
		"connecting_to":	{
			"host":	"192.168.100.168",
			"port":	5202
		},
		"cookie":	"l7r2ywzgwnsgyc2q6vyduxiwzjlaac5kjuwq",
		"tcp_mss_default":	1448,
		"target_bitrate":	0,
		"sock_bufsize":	0,
		"sndbuf_actual":	16384,
		"rcvbuf_actual":	131072,
		"test_start":	{
			"protocol":	"TCP",
			"num_streams":	1,
			"blksize":	131072,
			"omit":	0,
			"duration":	10,
			"bytes":	0,
			"blocks":	0,
			"reverse":	0,
			"tos":	0,
			"target_bitrate":	0
		}
	},
	"intervals":	[{
			"streams":	[{
					"socket":	6,
					"start":	0,
					"end":	1.000106,
					"seconds":	1.0001059770584106,
					"bytes":	4194304,
					"bits_per_second":	33550876.376814485,
					"retransmits":	0,
					"snd_cwnd":	638568,
					"snd_wnd":	1045760,
					"rtt":	150078,
					"rttvar":	8,
					"pmtu":	1500,
					"omitted":	false,
					"sender":	true
				}],
			"sum":	{
				"start":	0,
				"end":	1.000106,
				"seconds":	1.0001059770584106,
				"bytes":	4194304,
				"bits_per_second":	33550876.376814485,
				"retransmits":	0,
				"omitted":	false,
				"sender":	true
			}
		}, {
			"streams":	[{
					"socket":	6,
					"start":	1.000106,
					"end":	2.000075,
					"seconds":	0.9999690055847168,
					"bytes":	11796480,
					"bits_per_second":	94374765.0906615,
					"retransmits":	0,
					"snd_cwnd":	6980808,
					"snd_wnd":	3143552,
					"rtt":	204504,
					"rttvar":	3480,
					"pmtu":	1500,
					"omitted":	false,
					"sender":	true
				}],
			"sum":	{
				"start":	1.000106,
				"end":	2.000075,
				"seconds":	0.9999690055847168,
				"bytes":	11796480,
				"bits_per_second":	94374765.0906615,
				"retransmits":	0,
				"omitted":	false,
				"sender":	true
			}
		}, {
			"streams":	[{
					"socket":	6,
					"start":	2.000075,
					"end":	3.000073,
					"seconds":	0.99999797344207764,
					"bytes":	14417920,
					"bits_per_second":	115343593.75047371,
					"retransmits":	0,
					"snd_cwnd":	6980808,
					"snd_wnd":	3143552,
					"rtt":	207600,
					"rttvar":	3369,
					"pmtu":	1500,
					"omitted":	false,
					"sender":	true
				}],
			"sum":	{
				"start":	2.000075,
				"end":	3.000073,
				"seconds":	0.99999797344207764,
				"bytes":	14417920,
				"bits_per_second":	115343593.75047371,
				"retransmits":	0,
				"omitted":	false,
				"sender":	true
			}
		}, {
			"streams":	[{
					"socket":	6,
					"start":	3.000073,
					"end":	4.000076,
					"seconds":	1.0000029802322388,
					"bytes":	15728640,
					"bits_per_second":	125828745.00111759,
					"retransmits":	0,
					"snd_cwnd":	6980808,
					"snd_wnd":	3143552,
					"rtt":	207195,
					"rttvar":	2559,
					"pmtu":	1500,
					"omitted":	false,
					"sender":	true
				}],
			"sum":	{
				"start":	3.000073,
				"end":	4.000076,
				"seconds":	1.0000029802322388,
				"bytes":	15728640,
				"bits_per_second":	125828745.00111759,
				"retransmits":	0,
				"omitted":	false,
				"sender":	true
			}
		}, {
			"streams":	[{
					"socket":	6,
					"start":	4.000076,
					"end":	5.000068,
					"seconds":	0.9999920129776,
					"bytes":	14417920,
					"bits_per_second":	115344281.2573581,
					"retransmits":	0,
					"snd_cwnd":	6980808,
					"snd_wnd":	3143552,
					"rtt":	199913,
					"rttvar":	975,
					"pmtu":	1500,
					"omitted":	false,
					"sender":	true
				}],
			"sum":	{
				"start":	4.000076,
				"end":	5.000068,
				"seconds":	0.9999920129776,
				"bytes":	14417920,
				"bits_per_second":	115344281.2573581,
				"retransmits":	0,
				"omitted":	false,
				"sender":	true
			}
		}, {
			"streams":	[{
					"socket":	6,
					"start":	5.000068,
					"end":	6.000074,
					"seconds":	1.0000059604644775,
					"bytes":	14417920,
					"bits_per_second":	115342672.50409779,
					"retransmits":	0,
					"snd_cwnd":	6980808,
					"snd_wnd":	3143552,
					"rtt":	195693,
					"rttvar":	1700,
					"pmtu":	1500,
					"omitted":	false,
					"sender":	true
				}],
			"sum":	{
				"start":	5.000068,
				"end":	6.000074,
				"seconds":	1.0000059604644775,
				"bytes":	14417920,
				"bits_per_second":	115342672.50409779,
				"retransmits":	0,
				"omitted":	false,
				"sender":	true
			}
		}, {
			"streams":	[{
					"socket":	6,
					"start":	6.000074,
					"end":	7.000186,
					"seconds":	1.0001120567321777,
					"bytes":	14417920,
					"bits_per_second":	115330436.448171,
					"retransmits":	0,
					"snd_cwnd":	6980808,
					"snd_wnd":	3143552,
					"rtt":	208196,
					"rttvar":	2179,
					"pmtu":	1500,
					"omitted":	false,
					"sender":	true
				}],
			"sum":	{
				"start":	6.000074,
				"end":	7.000186,
				"seconds":	1.0001120567321777,
				"bytes":	14417920,
				"bits_per_second":	115330436.448171,
				"retransmits":	0,
				"omitted":	false,
				"sender":	true
			}
		}, {
			"streams":	[{
					"socket":	6,
					"start":	7.000186,
					"end":	8.000106,
					"seconds":	0.99992001056671143,
					"bytes":	15728640,
					"bits_per_second":	125839185.80515805,
					"retransmits":	0,
					"snd_cwnd":	6980808,
					"snd_wnd":	3143552,
					"rtt":	208811,
					"rttvar":	971,
					"pmtu":	1500,
					"omitted":	false,
					"sender":	true
				}],
			"sum":	{
				"start":	7.000186,
				"end":	8.000106,
				"seconds":	0.99992001056671143,
				"bytes":	15728640,
				"bits_per_second":	125839185.80515805,
				"retransmits":	0,
				"omitted":	false,
				"sender":	true
			}
		}, {
			"streams":	[{
					"socket":	6,
					"start":	8.000106,
					"end":	9.000124,
					"seconds":	1.0000180006027222,
					"bytes":	14417920,
					"bits_per_second":	115341283.78737308,
					"retransmits":	0,
					"snd_cwnd":	6980808,
					"snd_wnd":	3143552,
					"rtt":	197940,
					"rttvar":	4018,
					"pmtu":	1500,
					"omitted":	false,
					"sender":	true
				}],
			"sum":	{
				"start":	8.000106,
				"end":	9.000124,
				"seconds":	1.0000180006027222,
				"bytes":	14417920,
				"bits_per_second":	115341283.78737308,
				"retransmits":	0,
				"omitted":	false,
				"sender":	true
			}
		}, {
			"streams":	[{
					"socket":	6,
					"start":	9.000124,
					"end":	10.00009,
					"seconds":	0.999966025352478,
					"bytes":	15728640,
					"bits_per_second":	125833395.14524655,
					"retransmits":	0,
					"snd_cwnd":	6980808,
					"snd_wnd":	3143552,
					"rtt":	204668,
					"rttvar":	3528,
					"pmtu":	1500,
					"omitted":	false,
					"sender":	true
				}],
			"sum":	{
				"start":	9.000124,
				"end":	10.00009,
				"seconds":	0.999966025352478,
				"bytes":	15728640,
				"bits_per_second":	125833395.14524655,
				"retransmits":	0,
				"omitted":	false,
				"sender":	true
			}
		}],
	"end":	{
		"streams":	[{
				"sender":	{
					"socket":	6,
					"start":	0,
					"end":	10.00009,
					"seconds":	10.00009,
					"bytes":	135266304,
					"bits_per_second":	108212069.29137638,
					"retransmits":	0,
					"max_snd_cwnd":	6980808,
					"max_snd_wnd":	3143552,
					"max_rtt":	208811,
					"min_rtt":	150078,
					"mean_rtt":	198459,
					"sender":	true
				},
				"receiver":	{
					"socket":	6,
					"start":	0,
					"end":	10.209973,
					"seconds":	10.00009,
					"bytes":	134976144,
					"bits_per_second":	105760235.80081946,
					"sender":	true
				}
			}],
		"sum_sent":	{
			"start":	0,
			"end":	10.00009,
			"seconds":	10.00009,
			"bytes":	135266304,
			"bits_per_second":	108212069.29137638,
			"retransmits":	0,
			"sender":	true
		},
		"sum_received":	{
			"start":	0,
			"end":	10.209973,
			"seconds":	10.209973,
			"bytes":	134976144,
			"bits_per_second":	105760235.80081946,
			"sender":	true
		},
		"cpu_utilization_percent":	{
			"host_total":	1.5628880796001992,
			"host_user":	0.186311223602805,
			"host_system":	1.3765768559973941,
			"remote_total":	1.0329594019971626,
			"remote_user":	0.047443752365943725,
			"remote_system":	0.98550585529753476
		},
		"sender_tcp_congestion":	"bbr",
		"receiver_tcp_congestion":	"bbr"
	}
}
