{
	"start":	{
		"connected":	[{
				"socket":	6,
				"local_host":	"192.168.101.210",
				"local_port":	60954,
				"remote_host":	"192.168.100.168",
				"remote_port":	5201
			}],
		"version":	"iperf 3.11",
		"system_info":	"Linux f1 6.0.10-300.fc37.x86_64 #1 SMP PREEMPT_DYNAMIC Sat Nov 26 16:55:13 UTC 2022 x86_64",
		"timestamp":	{
			"time":	"Fri, 09 Dec 2022 23:22:58 GMT",
			"timesecs":	1670628178
		},
		"connecting_to":	{
			"host":	"192.168.100.168",
			"port":	5201
		},
		"cookie":	"7envq46um6nbvr5n6exju2qmclzzbhmo62mu",
		"tcp_mss_default":	1448,
		"target_bitrate":	0,
		"sock_bufsize":	0,
		"sndbuf_actual":	16384,
		"rcvbuf_actual":	131072,
		"test_start":	{
			"protocol":	"TCP",
			"num_streams":	1,
			"blksize":	131072,
			"omit":	0,
			"duration":	10,
			"bytes":	0,
			"blocks":	0,
			"reverse":	0,
			"tos":	0,
			"target_bitrate":	0
		}
	},
	"intervals":	[{
			"streams":	[{
					"socket":	6,
					"start":	0,
					"end":	1.000079,
					"seconds":	1.0000790357589722,
					"bytes":	15990784,
					"bits_per_second":	127916162.04904765,
					"retransmits":	0,
					"snd_cwnd":	4357032,
					"snd_wnd":	3143552,
					"rtt":	183907,
					"rttvar":	430,
					"pmtu":	1500,
					"omitted":	false,
					"sender":	true
				}],
			"sum":	{
				"start":	0,
				"end":	1.000079,
				"seconds":	1.0000790357589722,
				"bytes":	15990784,
				"bits_per_second":	127916162.04904765,
				"retransmits":	0,
				"omitted":	false,
				"sender":	true
			}
		}, {
			"streams":	[{
					"socket":	6,
					"start":	1.000079,
					"end":	2.000105,
					"seconds":	1.0000259876251221,
					"bytes":	17039360,
					"bits_per_second":	136311337.59205878,
					"retransmits":	0,
					"snd_cwnd":	4357032,
					"snd_wnd":	3143552,
					"rtt":	185662,
					"rttvar":	638,
					"pmtu":	1500,
					"omitted":	false,
					"sender":	true
				}],
			"sum":	{
				"start":	1.000079,
				"end":	2.000105,
				"seconds":	1.0000259876251221,
				"bytes":	17039360,
				"bits_per_second":	136311337.59205878,
				"retransmits":	0,
				"omitted":	false,
				"sender":	true
			}
		}, {
			"streams":	[{
					"socket":	6,
					"start":	2.000105,
					"end":	3.000081,
					"seconds":	0.99997597932815552,
					"bytes":	18350080,
					"bits_per_second":	146804166.33470494,
					"retransmits":	0,
					"snd_cwnd":	4357032,
					"snd_wnd":	3143552,
					"rtt":	160959,
					"rttvar":	1554,
					"pmtu":	1500,
					"omitted":	false,
					"sender":	true
				}],
			"sum":	{
				"start":	2.000105,
				"end":	3.000081,
				"seconds":	0.99997597932815552,
				"bytes":	18350080,
				"bits_per_second":	146804166.33470494,
				"retransmits":	0,
				"omitted":	false,
				"sender":	true
			}
		}, {
			"streams":	[{
					"socket":	6,
					"start":	3.000081,
					"end":	4.000073,
					"seconds":	0.9999920129776,
					"bytes":	19660800,
					"bits_per_second":	157287656.26003379,
					"retransmits":	0,
					"snd_cwnd":	4357032,
					"snd_wnd":	3143552,
					"rtt":	156047,
					"rttvar":	1726,
					"pmtu":	1500,
					"omitted":	false,
					"sender":	true
				}],
			"sum":	{
				"start":	3.000081,
				"end":	4.000073,
				"seconds":	0.9999920129776,
				"bytes":	19660800,
				"bits_per_second":	157287656.26003379,
				"retransmits":	0,
				"omitted":	false,
				"sender":	true
			}
		}, {
			"streams":	[{
					"socket":	6,
					"start":	4.000073,
					"end":	5.000079,
					"seconds":	1.0000059604644775,
					"bytes":	20971520,
					"bits_per_second":	167771160.00596043,
					"retransmits":	0,
					"snd_cwnd":	4357032,
					"snd_wnd":	3143552,
					"rtt":	144234,
					"rttvar":	3279,
					"pmtu":	1500,
					"omitted":	false,
					"sender":	true
				}],
			"sum":	{
				"start":	4.000073,
				"end":	5.000079,
				"seconds":	1.0000059604644775,
				"bytes":	20971520,
				"bits_per_second":	167771160.00596043,
				"retransmits":	0,
				"omitted":	false,
				"sender":	true
			}
		}, {
			"streams":	[{
					"socket":	6,
					"start":	5.000079,
					"end":	6.000078,
					"seconds":	0.99999898672103882,
					"bytes":	20971520,
					"bits_per_second":	167772330.00017226,
					"retransmits":	0,
					"snd_cwnd":	4357032,
					"snd_wnd":	3143552,
					"rtt":	139024,
					"rttvar":	1541,
					"pmtu":	1500,
					"omitted":	false,
					"sender":	true
				}],
			"sum":	{
				"start":	5.000079,
				"end":	6.000078,
				"seconds":	0.99999898672103882,
				"bytes":	20971520,
				"bits_per_second":	167772330.00017226,
				"retransmits":	0,
				"omitted":	false,
				"sender":	true
			}
		}, {
			"streams":	[{
					"socket":	6,
					"start":	6.000078,
					"end":	7.000071,
					"seconds":	0.99999302625656128,
					"bytes":	22282240,
					"bits_per_second":	178259163.13366929,
					"retransmits":	0,
					"snd_cwnd":	4357032,
					"snd_wnd":	3143552,
					"rtt":	135590,
					"rttvar":	1145,
					"pmtu":	1500,
					"omitted":	false,
					"sender":	true
				}],
			"sum":	{
				"start":	6.000078,
				"end":	7.000071,
				"seconds":	0.99999302625656128,
				"bytes":	22282240,
				"bits_per_second":	178259163.13366929,
				"retransmits":	0,
				"omitted":	false,
				"sender":	true
			}
		}, {
			"streams":	[{
					"socket":	6,
					"start":	7.000071,
					"end":	8.000083,
					"seconds":	1.0000120401382446,
					"bytes":	22282240,
					"bits_per_second":	178255773.77584085,
					"retransmits":	0,
					"snd_cwnd":	4357032,
					"snd_wnd":	3143552,
					"rtt":	134629,
					"rttvar":	777,
					"pmtu":	1500,
					"omitted":	false,
					"sender":	true
				}],
			"sum":	{
				"start":	7.000071,
				"end":	8.000083,
				"seconds":	1.0000120401382446,
				"bytes":	22282240,
				"bits_per_second":	178255773.77584085,
				"retransmits":	0,
				"omitted":	false,
				"sender":	true
			}
		}, {
			"streams":	[{
					"socket":	6,
					"start":	8.000083,
					"end":	9.000077,
					"seconds":	0.99999397993087769,
					"bytes":	23592960,
					"bits_per_second":	188744816.25684035,
					"retransmits":	0,
					"snd_cwnd":	4357032,
					"snd_wnd":	3143552,
					"rtt":	132275,
					"rttvar":	1483,
					"pmtu":	1500,
					"omitted":	false,
					"sender":	true
				}],
			"sum":	{
				"start":	8.000083,
				"end":	9.000077,
				"seconds":	0.99999397993087769,
				"bytes":	23592960,
				"bits_per_second":	188744816.25684035,
				"retransmits":	0,
				"omitted":	false,
				"sender":	true
			}
		}, {
			"streams":	[{
					"socket":	6,
					"start":	9.000077,
					"end":	10.000097,
					"seconds":	1.0000200271606445,
					"bytes":	23592960,
					"bits_per_second":	188739900.07570115,
					"retransmits":	0,
					"snd_cwnd":	4357032,
					"snd_wnd":	3143552,
					"rtt":	130399,
					"rttvar":	1675,
					"pmtu":	1500,
					"omitted":	false,
					"sender":	true
				}],
			"sum":	{
				"start":	9.000077,
				"end":	10.000097,
				"seconds":	1.0000200271606445,
				"bytes":	23592960,
				"bits_per_second":	188739900.07570115,
				"retransmits":	0,
				"omitted":	false,
				"sender":	true
			}
		}],
	"end":	{
		"streams":	[{
				"sender":	{
					"socket":	6,
					"start":	0,
					"end":	10.000097,
					"seconds":	10.000097,
					"bytes":	204734464,
					"bits_per_second":	163785982.47597,
					"retransmits":	0,
					"max_snd_cwnd":	4357032,
					"max_snd_wnd":	3143552,
					"max_rtt":	185662,
					"min_rtt":	130399,
					"mean_rtt":	150272,
					"sender":	true
				},
				"receiver":	{
					"socket":	6,
					"start":	0,
					"end":	10.131454,
					"seconds":	10.000097,
					"bytes":	204709288,
					"bits_per_second":	161642574.10634249,
					"sender":	true
				}
			}],
		"sum_sent":	{
			"start":	0,
			"end":	10.000097,
			"seconds":	10.000097,
			"bytes":	204734464,
			"bits_per_second":	163785982.47597,
			"retransmits":	0,
			"sender":	true
		},
		"sum_received":	{
			"start":	0,
			"end":	10.131454,
			"seconds":	10.131454,
			"bytes":	204709288,
			"bits_per_second":	161642574.10634249,
			"sender":	true
		},
		"cpu_utilization_percent":	{
			"host_total":	0.777537348122992,
			"host_user":	0.11745697704442484,
			"host_system":	0.660080371078567,
			"remote_total":	1.6143153052298984,
			"remote_user":	0.15710442247419379,
			"remote_system":	1.4572108827557047
		},
		"sender_tcp_congestion":	"cubic",
		"receiver_tcp_congestion":	"cubic"
	}
}
