{
	"start":	{
		"connected":	[{
				"socket":	6,
				"local_host":	"192.168.101.210",
				"local_port":	42912,
				"remote_host":	"192.168.100.168",
				"remote_port":	5201
			}],
		"version":	"iperf 3.11",
		"system_info":	"Linux f1 6.0.10-300.fc37.x86_64 #1 SMP PREEMPT_DYNAMIC Sat Nov 26 16:55:13 UTC 2022 x86_64",
		"timestamp":	{
			"time":	"Fri, 09 Dec 2022 23:23:32 GMT",
			"timesecs":	1670628212
		},
		"connecting_to":	{
			"host":	"192.168.100.168",
			"port":	5201
		},
		"cookie":	"6gqbazrpmtgbl3mxim6dxxxm3zq4vyxbv4ik",
		"tcp_mss_default":	1448,
		"target_bitrate":	0,
		"sock_bufsize":	0,
		"sndbuf_actual":	16384,
		"rcvbuf_actual":	131072,
		"test_start":	{
			"protocol":	"TCP",
			"num_streams":	1,
			"blksize":	131072,
			"omit":	0,
			"duration":	10,
			"bytes":	0,
			"blocks":	0,
			"reverse":	0,
			"tos":	0,
			"target_bitrate":	0
		}
	},
	"intervals":	[{
			"streams":	[{
					"socket":	6,
					"start":	0,
					"end":	1.000075,
					"seconds":	1.0000749826431274,
					"bytes":	12058624,
					"bits_per_second":	96461759.0423463,
					"retransmits":	0,
					"snd_cwnd":	3091480,
					"snd_wnd":	3143552,
					"rtt":	202554,
					"rttvar":	1097,
					"pmtu":	1500,
					"omitted":	false,
					"sender":	true
				}],
			"sum":	{
				"start":	0,
				"end":	1.000075,
				"seconds":	1.0000749826431274,
				"bytes":	12058624,
				"bits_per_second":	96461759.0423463,
				"retransmits":	0,
				"omitted":	false,
				"sender":	true
			}
		}, {
			"streams":	[{
					"socket":	6,
					"start":	1.000075,
					"end":	2.000117,
					"seconds":	1.0000419616699219,
					"bytes":	13107200,
					"bits_per_second":	104853200.1846236,
					"retransmits":	0,
					"snd_cwnd":	3299992,
					"snd_wnd":	3143552,
					"rtt":	209162,
					"rttvar":	149,
					"pmtu":	1500,
					"omitted":	false,
					"sender":	true
				}],
			"sum":	{
				"start":	1.000075,
				"end":	2.000117,
				"seconds":	1.0000419616699219,
				"bytes":	13107200,
				"bits_per_second":	104853200.1846236,
				"retransmits":	0,
				"omitted":	false,
				"sender":	true
			}
		}, {
			"streams":	[{
					"socket":	6,
					"start":	2.000117,
					"end":	3.000077,
					"seconds":	0.99996000528335571,
					"bytes":	14417920,
					"bits_per_second":	115347973.309508,
					"retransmits":	0,
					"snd_cwnd":	3299992,
					"snd_wnd":	3143552,
					"rtt":	205698,
					"rttvar":	5186,
					"pmtu":	1500,
					"omitted":	false,
					"sender":	true
				}],
			"sum":	{
				"start":	2.000117,
				"end":	3.000077,
				"seconds":	0.99996000528335571,
				"bytes":	14417920,
				"bits_per_second":	115347973.309508,
				"retransmits":	0,
				"omitted":	false,
				"sender":	true
			}
		}, {
			"streams":	[{
					"socket":	6,
					"start":	3.000077,
					"end":	4.000076,
					"seconds":	0.99999898672103882,
					"bytes":	14417920,
					"bits_per_second":	115343476.87511843,
					"retransmits":	0,
					"snd_cwnd":	3299992,
					"snd_wnd":	3143552,
					"rtt":	196479,
					"rttvar":	192,
					"pmtu":	1500,
					"omitted":	false,
					"sender":	true
				}],
			"sum":	{
				"start":	3.000077,
				"end":	4.000076,
				"seconds":	0.99999898672103882,
				"bytes":	14417920,
				"bits_per_second":	115343476.87511843,
				"retransmits":	0,
				"omitted":	false,
				"sender":	true
			}
		}, {
			"streams":	[{
					"socket":	6,
					"start":	4.000076,
					"end":	5.000143,
					"seconds":	1.0000669956207275,
					"bytes":	13107200,
					"bits_per_second":	104850575.4706127,
					"retransmits":	0,
					"snd_cwnd":	3299992,
					"snd_wnd":	3143552,
					"rtt":	205406,
					"rttvar":	1074,
					"pmtu":	1500,
					"omitted":	false,
					"sender":	true
				}],
			"sum":	{
				"start":	4.000076,
				"end":	5.000143,
				"seconds":	1.0000669956207275,
				"bytes":	13107200,
				"bits_per_second":	104850575.4706127,
				"retransmits":	0,
				"omitted":	false,
				"sender":	true
			}
		}, {
			"streams":	[{
					"socket":	6,
					"start":	5.000143,
					"end":	6.000082,
					"seconds":	0.99993902444839478,
					"bytes":	14417920,
					"bits_per_second":	115350393.55387482,
					"retransmits":	0,
					"snd_cwnd":	3299992,
					"snd_wnd":	3143552,
					"rtt":	210120,
					"rttvar":	322,
					"pmtu":	1500,
					"omitted":	false,
					"sender":	true
				}],
			"sum":	{
				"start":	5.000143,
				"end":	6.000082,
				"seconds":	0.99993902444839478,
				"bytes":	14417920,
				"bits_per_second":	115350393.55387482,
				"retransmits":	0,
				"omitted":	false,
				"sender":	true
			}
		}, {
			"streams":	[{
					"socket":	6,
					"start":	6.000082,
					"end":	7.000088,
					"seconds":	1.0000059604644775,
					"bytes":	14417920,
					"bits_per_second":	115342672.50409779,
					"retransmits":	0,
					"snd_cwnd":	3299992,
					"snd_wnd":	3143552,
					"rtt":	194590,
					"rttvar":	577,
					"pmtu":	1500,
					"omitted":	false,
					"sender":	true
				}],
			"sum":	{
				"start":	6.000082,
				"end":	7.000088,
				"seconds":	1.0000059604644775,
				"bytes":	14417920,
				"bits_per_second":	115342672.50409779,
				"retransmits":	0,
				"omitted":	false,
				"sender":	true
			}
		}, {
			"streams":	[{
					"socket":	6,
					"start":	7.000088,
					"end":	8.000158,
					"seconds":	1.0000699758529663,
					"bytes":	13107200,
					"bits_per_second":	104850263.01341189,
					"retransmits":	0,
					"snd_cwnd":	3299992,
					"snd_wnd":	3143552,
					"rtt":	207129,
					"rttvar":	648,
					"pmtu":	1500,
					"omitted":	false,
					"sender":	true
				}],
			"sum":	{
				"start":	7.000088,
				"end":	8.000158,
				"seconds":	1.0000699758529663,
				"bytes":	13107200,
				"bits_per_second":	104850263.01341189,
				"retransmits":	0,
				"omitted":	false,
				"sender":	true
			}
		}, {
			"streams":	[{
					"socket":	6,
					"start":	8.000158,
					"end":	9.000103,
					"seconds":	0.99994498491287231,
					"bytes":	14417920,
					"bits_per_second":	115349705.97412431,
					"retransmits":	0,
					"snd_cwnd":	3299992,
					"snd_wnd":	3143552,
					"rtt":	210228,
					"rttvar":	98,
					"pmtu":	1500,
					"omitted":	false,
					"sender":	true
				}],
			"sum":	{
				"start":	8.000158,
				"end":	9.000103,
				"seconds":	0.99994498491287231,
				"bytes":	14417920,
				"bits_per_second":	115349705.97412431,
				"retransmits":	0,
				"omitted":	false,
				"sender":	true
			}
		}, {
			"streams":	[{
					"socket":	6,
					"start":	9.000103,
					"end":	10.000101,
					"seconds":	0.99999797344207764,
					"bytes":	14417920,
					"bits_per_second":	115343593.75047371,
					"retransmits":	0,
					"snd_cwnd":	3299992,
					"snd_wnd":	3143552,
					"rtt":	194585,
					"rttvar":	571,
					"pmtu":	1500,
					"omitted":	false,
					"sender":	true
				}],
			"sum":	{
				"start":	9.000103,
				"end":	10.000101,
				"seconds":	0.99999797344207764,
				"bytes":	14417920,
				"bits_per_second":	115343593.75047371,
				"retransmits":	0,
				"omitted":	false,
				"sender":	true
			}
		}],
	"end":	{
		"streams":	[{
				"sender":	{
					"socket":	6,
					"start":	0,
					"end":	10.000101,
					"seconds":	10.000101,
					"bytes":	137887744,
					"bits_per_second":	110309081.0782811,
					"retransmits":	0,
					"max_snd_cwnd":	3299992,
					"max_snd_wnd":	3143552,
					"max_rtt":	210228,
					"min_rtt":	194585,
					"mean_rtt":	203595,
					"sender":	true
				},
				"receiver":	{
					"socket":	6,
					"start":	0,
					"end":	10.188047,
					"seconds":	10.000101,
					"bytes":	137887744,
					"bits_per_second":	108274132.6183517,
					"sender":	true
				}
			}],
		"sum_sent":	{
			"start":	0,
			"end":	10.000101,
			"seconds":	10.000101,
			"bytes":	137887744,
			"bits_per_second":	110309081.0782811,
			"retransmits":	0,
			"sender":	true
		},
		"sum_received":	{
			"start":	0,
			"end":	10.188047,
			"seconds":	10.188047,
			"bytes":	137887744,
			"bits_per_second":	108274132.6183517,
			"sender":	true
		},
		"cpu_utilization_percent":	{
			"host_total":	0.96168659328297823,
			"host_user":	0.0899102751368967,
			"host_system":	0.871766610709768,
			"remote_total":	1.7533956415647336,
			"remote_user":	0.16430998639583985,
			"remote_system":	1.5890856551688939
		},
		"sender_tcp_congestion":	"cubic",
		"receiver_tcp_congestion":	"cubic"
	}
}
