{
	"start":	{
		"connected":	[{
				"socket":	6,
				"local_host":	"192.168.101.210",
				"local_port":	45060,
				"remote_host":	"192.168.100.168",
				"remote_port":	5201
			}],
		"version":	"iperf 3.11",
		"system_info":	"Linux f1 6.0.10-300.fc37.x86_64 #1 SMP PREEMPT_DYNAMIC Sat Nov 26 16:55:13 UTC 2022 x86_64",
		"timestamp":	{
			"time":	"Fri, 09 Dec 2022 23:24:07 GMT",
			"timesecs":	1670628247
		},
		"connecting_to":	{
			"host":	"192.168.100.168",
			"port":	5201
		},
		"cookie":	"kldgguz6qdnuxpjs4fklygwrfknfbuytunq3",
		"tcp_mss_default":	1448,
		"target_bitrate":	0,
		"sock_bufsize":	0,
		"sndbuf_actual":	16384,
		"rcvbuf_actual":	131072,
		"test_start":	{
			"protocol":	"TCP",
			"num_streams":	1,
			"blksize":	131072,
			"omit":	0,
			"duration":	10,
			"bytes":	0,
			"blocks":	0,
			"reverse":	0,
			"tos":	0,
			"target_bitrate":	0
		}
	},
	"intervals":	[{
			"streams":	[{
					"socket":	6,
					"start":	0,
					"end":	1.000228,
					"seconds":	1.0002280473709106,
					"bytes":	5111808,
					"bits_per_second":	40885140.2512564,
					"retransmits":	246,
					"snd_cwnd":	545896,
					"snd_wnd":	2528000,
					"rtt":	100809,
					"rttvar":	639,
					"pmtu":	1500,
					"omitted":	false,
					"sender":	true
				}],
			"sum":	{
				"start":	0,
				"end":	1.000228,
				"seconds":	1.0002280473709106,
				"bytes":	5111808,
				"bits_per_second":	40885140.2512564,
				"retransmits":	246,
				"omitted":	false,
				"sender":	true
			}
		}, {
			"streams":	[{
					"socket":	6,
					"start":	1.000228,
					"end":	2.00031,
					"seconds":	1.0000820159912109,
					"bytes":	3932160,
					"bits_per_second":	31454700.2115839,
					"retransmits":	109,
					"snd_cwnd":	419920,
					"snd_wnd":	3145728,
					"rtt":	100070,
					"rttvar":	18,
					"pmtu":	1500,
					"omitted":	false,
					"sender":	true
				}],
			"sum":	{
				"start":	1.000228,
				"end":	2.00031,
				"seconds":	1.0000820159912109,
				"bytes":	3932160,
				"bits_per_second":	31454700.2115839,
				"retransmits":	109,
				"omitted":	false,
				"sender":	true
			}
		}, {
			"streams":	[{
					"socket":	6,
					"start":	2.00031,
					"end":	3.000216,
					"seconds":	0.99990600347518921,
					"bytes":	3932160,
					"bits_per_second":	31460237.1529621,
					"retransmits":	42,
					"snd_cwnd":	320008,
					"snd_wnd":	3145728,
					"rtt":	100067,
					"rttvar":	9,
					"pmtu":	1500,
					"omitted":	false,
					"sender":	true
				}],
			"sum":	{
				"start":	2.00031,
				"end":	3.000216,
				"seconds":	0.99990600347518921,
				"bytes":	3932160,
				"bits_per_second":	31460237.1529621,
				"retransmits":	42,
				"omitted":	false,
				"sender":	true
			}
		}, {
			"streams":	[{
					"socket":	6,
					"start":	3.000216,
					"end":	4.00021,
					"seconds":	0.99999397993087769,
					"bytes":	2621440,
					"bits_per_second":	20971646.250760037,
					"retransmits":	30,
					"snd_cwnd":	247608,
					"snd_wnd":	3145728,
					"rtt":	105529,
					"rttvar":	10581,
					"pmtu":	1500,
					"omitted":	false,
					"sender":	true
				}],
			"sum":	{
				"start":	3.000216,
				"end":	4.00021,
				"seconds":	0.99999397993087769,
				"bytes":	2621440,
				"bits_per_second":	20971646.250760037,
				"retransmits":	30,
				"omitted":	false,
				"sender":	true
			}
		}, {
			"streams":	[{
					"socket":	6,
					"start":	4.00021,
					"end":	5.000606,
					"seconds":	1.0003960132598877,
					"bytes":	1310720,
					"bits_per_second":	10481609.143794097,
					"retransmits":	20,
					"snd_cwnd":	192584,
					"snd_wnd":	3145728,
					"rtt":	100147,
					"rttvar":	111,
					"pmtu":	1500,
					"omitted":	false,
					"sender":	true
				}],
			"sum":	{
				"start":	4.00021,
				"end":	5.000606,
				"seconds":	1.0003960132598877,
				"bytes":	1310720,
				"bits_per_second":	10481609.143794097,
				"retransmits":	20,
				"omitted":	false,
				"sender":	true
			}
		}, {
			"streams":	[{
					"socket":	6,
					"start":	5.000606,
					"end":	6.000212,
					"seconds":	0.99960601329803467,
					"bytes":	2621440,
					"bits_per_second":	20979785.756598182,
					"retransmits":	30,
					"snd_cwnd":	149144,
					"snd_wnd":	3145728,
					"rtt":	100314,
					"rttvar":	461,
					"pmtu":	1500,
					"omitted":	false,
					"sender":	true
				}],
			"sum":	{
				"start":	5.000606,
				"end":	6.000212,
				"seconds":	0.99960601329803467,
				"bytes":	2621440,
				"bits_per_second":	20979785.756598182,
				"retransmits":	30,
				"omitted":	false,
				"sender":	true
			}
		}, {
			"streams":	[{
					"socket":	6,
					"start":	6.000212,
					"end":	7.0003,
					"seconds":	1.0000879764556885,
					"bytes":	1310720,
					"bits_per_second":	10484837.581151141,
					"retransmits":	6,
					"snd_cwnd":	117288,
					"snd_wnd":	3145728,
					"rtt":	100106,
					"rttvar":	59,
					"pmtu":	1500,
					"omitted":	false,
					"sender":	true
				}],
			"sum":	{
				"start":	6.000212,
				"end":	7.0003,
				"seconds":	1.0000879764556885,
				"bytes":	1310720,
				"bits_per_second":	10484837.581151141,
				"retransmits":	6,
				"omitted":	false,
				"sender":	true
			}
		}, {
			"streams":	[{
					"socket":	6,
					"start":	7.0003,
					"end":	8.000189,
					"seconds":	0.99988901615142822,
					"bytes":	1310720,
					"bits_per_second":	10486923.879171791,
					"retransmits":	0,
					"snd_cwnd":	128872,
					"snd_wnd":	3145728,
					"rtt":	100200,
					"rttvar":	208,
					"pmtu":	1500,
					"omitted":	false,
					"sender":	true
				}],
			"sum":	{
				"start":	7.0003,
				"end":	8.000189,
				"seconds":	0.99988901615142822,
				"bytes":	1310720,
				"bits_per_second":	10486923.879171791,
				"retransmits":	0,
				"omitted":	false,
				"sender":	true
			}
		}, {
			"streams":	[{
					"socket":	6,
					"start":	8.000189,
					"end":	9.000188,
					"seconds":	0.99999898672103882,
					"bytes":	1310720,
					"bits_per_second":	10485770.625010766,
					"retransmits":	0,
					"snd_cwnd":	131768,
					"snd_wnd":	3145728,
					"rtt":	100065,
					"rttvar":	16,
					"pmtu":	1500,
					"omitted":	false,
					"sender":	true
				}],
			"sum":	{
				"start":	8.000189,
				"end":	9.000188,
				"seconds":	0.99999898672103882,
				"bytes":	1310720,
				"bits_per_second":	10485770.625010766,
				"retransmits":	0,
				"omitted":	false,
				"sender":	true
			}
		}, {
			"streams":	[{
					"socket":	6,
					"start":	9.000188,
					"end":	10.000189,
					"seconds":	1.0000009536743164,
					"bytes":	1310720,
					"bits_per_second":	10485750.000009537,
					"retransmits":	0,
					"snd_cwnd":	133216,
					"snd_wnd":	3145728,
					"rtt":	100070,
					"rttvar":	22,
					"pmtu":	1500,
					"omitted":	false,
					"sender":	true
				}],
			"sum":	{
				"start":	9.000188,
				"end":	10.000189,
				"seconds":	1.0000009536743164,
				"bytes":	1310720,
				"bits_per_second":	10485750.000009537,
				"retransmits":	0,
				"omitted":	false,
				"sender":	true
			}
		}],
	"end":	{
		"streams":	[{
				"sender":	{
					"socket":	6,
					"start":	0,
					"end":	10.000189,
					"seconds":	10.000189,
					"bytes":	24772608,
					"bits_per_second":	19817711.845246125,
					"retransmits":	483,
					"max_snd_cwnd":	545896,
					"max_snd_wnd":	3145728,
					"max_rtt":	105529,
					"min_rtt":	100065,
					"mean_rtt":	100737,
					"sender":	true
				},
				"receiver":	{
					"socket":	6,
					"start":	0,
					"end":	10.100313,
					"seconds":	10.000189,
					"bytes":	21072744,
					"bits_per_second":	16690765.127773764,
					"sender":	true
				}
			}],
		"sum_sent":	{
			"start":	0,
			"end":	10.000189,
			"seconds":	10.000189,
			"bytes":	24772608,
			"bits_per_second":	19817711.845246125,
			"retransmits":	483,
			"sender":	true
		},
		"sum_received":	{
			"start":	0,
			"end":	10.100313,
			"seconds":	10.100313,
			"bytes":	21072744,
			"bits_per_second":	16690765.127773764,
			"sender":	true
		},
		"cpu_utilization_percent":	{
			"host_total":	0.99557947522852519,
			"host_user":	0.13467314266815875,
			"host_system":	0.86090633256036642,
			"remote_total":	0.52831009875134627,
			"remote_user":	0.0693740533713889,
			"remote_system":	0.458945946058332
		},
		"sender_tcp_congestion":	"cubic",
		"receiver_tcp_congestion":	"cubic"
	}
}
