{
	"start":	{
		"connected":	[{
				"socket":	6,
				"local_host":	"192.168.101.210",
				"local_port":	60876,
				"remote_host":	"192.168.100.168",
				"remote_port":	5202
			}],
		"version":	"iperf 3.11",
		"system_info":	"Linux f1 6.0.10-300.fc37.x86_64 #1 SMP PREEMPT_DYNAMIC Sat Nov 26 16:55:13 UTC 2022 x86_64",
		"timestamp":	{
			"time":	"Fri, 09 Dec 2022 23:23:32 GMT",
			"timesecs":	1670628212
		},
		"connecting_to":	{
			"host":	"192.168.100.168",
			"port":	5202
		},
		"cookie":	"u7hxddmjpjhkto2hwcygib4llpdlhouc5hcy",
		"tcp_mss_default":	1448,
		"target_bitrate":	0,
		"sock_bufsize":	0,
		"sndbuf_actual":	16384,
		"rcvbuf_actual":	131072,
		"test_start":	{
			"protocol":	"TCP",
			"num_streams":	1,
			"blksize":	131072,
			"omit":	0,
			"duration":	10,
			"bytes":	0,
			"blocks":	0,
			"reverse":	0,
			"tos":	0,
			"target_bitrate":	0
		}
	},
	"intervals":	[{
			"streams":	[{
					"socket":	6,
					"start":	0,
					"end":	1.00008,
					"seconds":	1.0000799894332886,
					"bytes":	10354688,
					"bits_per_second":	82830878.4049776,
					"retransmits":	0,
					"snd_cwnd":	3580904,
					"snd_wnd":	3143552,
					"rtt":	194959,
					"rttvar":	5106,
					"pmtu":	1500,
					"omitted":	false,
					"sender":	true
				}],
			"sum":	{
				"start":	0,
				"end":	1.00008,
				"seconds":	1.0000799894332886,
				"bytes":	10354688,
				"bits_per_second":	82830878.4049776,
				"retransmits":	0,
				"omitted":	false,
				"sender":	true
			}
		}, {
			"streams":	[{
					"socket":	6,
					"start":	1.00008,
					"end":	2.000085,
					"seconds":	1.0000050067901611,
					"bytes":	15728640,
					"bits_per_second":	125828490.00315426,
					"retransmits":	0,
					"snd_cwnd":	3667784,
					"snd_wnd":	3143552,
					"rtt":	183762,
					"rttvar":	1077,
					"pmtu":	1500,
					"omitted":	false,
					"sender":	true
				}],
			"sum":	{
				"start":	1.00008,
				"end":	2.000085,
				"seconds":	1.0000050067901611,
				"bytes":	15728640,
				"bits_per_second":	125828490.00315426,
				"retransmits":	0,
				"omitted":	false,
				"sender":	true
			}
		}, {
			"streams":	[{
					"socket":	6,
					"start":	2.000085,
					"end":	3.00008,
					"seconds":	0.999994993209839,
					"bytes":	15728640,
					"bits_per_second":	125829750.00315429,
					"retransmits":	0,
					"snd_cwnd":	3688056,
					"snd_wnd":	3143552,
					"rtt":	198100,
					"rttvar":	13087,
					"pmtu":	1500,
					"omitted":	false,
					"sender":	true
				}],
			"sum":	{
				"start":	2.000085,
				"end":	3.00008,
				"seconds":	0.999994993209839,
				"bytes":	15728640,
				"bits_per_second":	125829750.00315429,
				"retransmits":	0,
				"omitted":	false,
				"sender":	true
			}
		}, {
			"streams":	[{
					"socket":	6,
					"start":	3.00008,
					"end":	4.000076,
					"seconds":	0.9999960064888,
					"bytes":	15728640,
					"bits_per_second":	125829622.50200675,
					"retransmits":	0,
					"snd_cwnd":	3688056,
					"snd_wnd":	3143552,
					"rtt":	202938,
					"rttvar":	6580,
					"pmtu":	1500,
					"omitted":	false,
					"sender":	true
				}],
			"sum":	{
				"start":	3.00008,
				"end":	4.000076,
				"seconds":	0.9999960064888,
				"bytes":	15728640,
				"bits_per_second":	125829622.50200675,
				"retransmits":	0,
				"omitted":	false,
				"sender":	true
			}
		}, {
			"streams":	[{
					"socket":	6,
					"start":	4.000076,
					"end":	5.000077,
					"seconds":	1.0000009536743164,
					"bytes":	15728640,
					"bits_per_second":	125829000.00011444,
					"retransmits":	0,
					"snd_cwnd":	3688056,
					"snd_wnd":	3143552,
					"rtt":	187746,
					"rttvar":	2583,
					"pmtu":	1500,
					"omitted":	false,
					"sender":	true
				}],
			"sum":	{
				"start":	4.000076,
				"end":	5.000077,
				"seconds":	1.0000009536743164,
				"bytes":	15728640,
				"bits_per_second":	125829000.00011444,
				"retransmits":	0,
				"omitted":	false,
				"sender":	true
			}
		}, {
			"streams":	[{
					"socket":	6,
					"start":	5.000077,
					"end":	6.0001,
					"seconds":	1.0000230073928833,
					"bytes":	15728640,
					"bits_per_second":	125826225.06660487,
					"retransmits":	0,
					"snd_cwnd":	3688056,
					"snd_wnd":	3143552,
					"rtt":	204027,
					"rttvar":	9885,
					"pmtu":	1500,
					"omitted":	false,
					"sender":	true
				}],
			"sum":	{
				"start":	5.000077,
				"end":	6.0001,
				"seconds":	1.0000230073928833,
				"bytes":	15728640,
				"bits_per_second":	125826225.06660487,
				"retransmits":	0,
				"omitted":	false,
				"sender":	true
			}
		}, {
			"streams":	[{
					"socket":	6,
					"start":	6.0001,
					"end":	7.000081,
					"seconds":	0.99998098611831665,
					"bytes":	15728640,
					"bits_per_second":	125831512.54549158,
					"retransmits":	0,
					"snd_cwnd":	3688056,
					"snd_wnd":	3143552,
					"rtt":	185173,
					"rttvar":	3268,
					"pmtu":	1500,
					"omitted":	false,
					"sender":	true
				}],
			"sum":	{
				"start":	6.0001,
				"end":	7.000081,
				"seconds":	0.99998098611831665,
				"bytes":	15728640,
				"bits_per_second":	125831512.54549158,
				"retransmits":	0,
				"omitted":	false,
				"sender":	true
			}
		}, {
			"streams":	[{
					"socket":	6,
					"start":	7.000081,
					"end":	8.000075,
					"seconds":	0.99999397993087769,
					"bytes":	17039360,
					"bits_per_second":	136315700.62994024,
					"retransmits":	0,
					"snd_cwnd":	3688056,
					"snd_wnd":	3143552,
					"rtt":	185469,
					"rttvar":	3285,
					"pmtu":	1500,
					"omitted":	false,
					"sender":	true
				}],
			"sum":	{
				"start":	7.000081,
				"end":	8.000075,
				"seconds":	0.99999397993087769,
				"bytes":	17039360,
				"bits_per_second":	136315700.62994024,
				"retransmits":	0,
				"omitted":	false,
				"sender":	true
			}
		}, {
			"streams":	[{
					"socket":	6,
					"start":	8.000075,
					"end":	9.000113,
					"seconds":	1.0000380277633667,
					"bytes":	14417920,
					"bits_per_second":	115338973.91679293,
					"retransmits":	0,
					"snd_cwnd":	3688056,
					"snd_wnd":	3143552,
					"rtt":	200141,
					"rttvar":	6546,
					"pmtu":	1500,
					"omitted":	false,
					"sender":	true
				}],
			"sum":	{
				"start":	8.000075,
				"end":	9.000113,
				"seconds":	1.0000380277633667,
				"bytes":	14417920,
				"bits_per_second":	115338973.91679293,
				"retransmits":	0,
				"omitted":	false,
				"sender":	true
			}
		}, {
			"streams":	[{
					"socket":	6,
					"start":	9.000113,
					"end":	10.000116,
					"seconds":	1.0000029802322388,
					"bytes":	15728640,
					"bits_per_second":	125828745.00111759,
					"retransmits":	0,
					"snd_cwnd":	3688056,
					"snd_wnd":	3143552,
					"rtt":	188217,
					"rttvar":	2286,
					"pmtu":	1500,
					"omitted":	false,
					"sender":	true
				}],
			"sum":	{
				"start":	9.000113,
				"end":	10.000116,
				"seconds":	1.0000029802322388,
				"bytes":	15728640,
				"bits_per_second":	125828745.00111759,
				"retransmits":	0,
				"omitted":	false,
				"sender":	true
			}
		}],
	"end":	{
		"streams":	[{
				"sender":	{
					"socket":	6,
					"start":	0,
					"end":	10.000116,
					"seconds":	10.000116,
					"bytes":	151912448,
					"bits_per_second":	121528548.66883543,
					"retransmits":	0,
					"max_snd_cwnd":	3688056,
					"max_snd_wnd":	3143552,
					"max_rtt":	204027,
					"min_rtt":	183762,
					"mean_rtt":	193053,
					"sender":	true
				},
				"receiver":	{
					"socket":	6,
					"start":	0,
					"end":	10.184745,
					"seconds":	10.000116,
					"bytes":	151884376,
					"bits_per_second":	119303429.59003884,
					"sender":	true
				}
			}],
		"sum_sent":	{
			"start":	0,
			"end":	10.000116,
			"seconds":	10.000116,
			"bytes":	151912448,
			"bits_per_second":	121528548.66883543,
			"retransmits":	0,
			"sender":	true
		},
		"sum_received":	{
			"start":	0,
			"end":	10.184745,
			"seconds":	10.184745,
			"bytes":	151884376,
			"bits_per_second":	119303429.59003884,
			"sender":	true
		},
		"cpu_utilization_percent":	{
			"host_total":	0.8907294475799955,
			"host_user":	0.13841079017825073,
			"host_system":	0.75231865740174464,
			"remote_total":	1.1527207182015036,
			"remote_user":	0.054728754904134348,
			"remote_system":	1.0979919632973691
		},
		"sender_tcp_congestion":	"bbr",
		"receiver_tcp_congestion":	"bbr"
	}
}
