{
	"start":	{
		"connected":	[{
				"socket":	6,
				"local_host":	"192.168.101.210",
				"local_port":	47226,
				"remote_host":	"192.168.100.168",
				"remote_port":	5202
			}],
		"version":	"iperf 3.11",
		"system_info":	"Linux f1 6.0.10-300.fc37.x86_64 #1 SMP PREEMPT_DYNAMIC Sat Nov 26 16:55:13 UTC 2022 x86_64",
		"timestamp":	{
			"time":	"Fri, 09 Dec 2022 23:23:55 GMT",
			"timesecs":	1670628235
		},
		"connecting_to":	{
			"host":	"192.168.100.168",
			"port":	5202
		},
		"cookie":	"5onpaksukfo6je5gy5t3uholzcu57s5jywqr",
		"tcp_mss_default":	1448,
		"target_bitrate":	0,
		"sock_bufsize":	0,
		"sndbuf_actual":	16384,
		"rcvbuf_actual":	131072,
		"test_start":	{
			"protocol":	"TCP",
			"num_streams":	1,
			"blksize":	131072,
			"omit":	0,
			"duration":	10,
			"bytes":	0,
			"blocks":	0,
			"reverse":	0,
			"tos":	0,
			"target_bitrate":	0
		}
	},
	"intervals":	[{
			"streams":	[{
					"socket":	6,
					"start":	0,
					"end":	1.000142,
					"seconds":	1.000141978263855,
					"bytes":	9043968,
					"bits_per_second":	72341473.083246931,
					"retransmits":	0,
					"snd_cwnd":	3343432,
					"snd_wnd":	3141248,
					"rtt":	195951,
					"rttvar":	5012,
					"pmtu":	1500,
					"omitted":	false,
					"sender":	true
				}],
			"sum":	{
				"start":	0,
				"end":	1.000142,
				"seconds":	1.000141978263855,
				"bytes":	9043968,
				"bits_per_second":	72341473.083246931,
				"retransmits":	0,
				"omitted":	false,
				"sender":	true
			}
		}, {
			"streams":	[{
					"socket":	6,
					"start":	1.000142,
					"end":	2.000119,
					"seconds":	0.9999769926071167,
					"bytes":	15728640,
					"bits_per_second":	125832015.06660794,
					"retransmits":	0,
					"snd_cwnd":	3712672,
					"snd_wnd":	3143552,
					"rtt":	189540,
					"rttvar":	2578,
					"pmtu":	1500,
					"omitted":	false,
					"sender":	true
				}],
			"sum":	{
				"start":	1.000142,
				"end":	2.000119,
				"seconds":	0.9999769926071167,
				"bytes":	15728640,
				"bits_per_second":	125832015.06660794,
				"retransmits":	0,
				"omitted":	false,
				"sender":	true
			}
		}, {
			"streams":	[{
					"socket":	6,
					"start":	2.000119,
					"end":	3.000082,
					"seconds":	0.99996298551559448,
					"bytes":	17039360,
					"bits_per_second":	136319925.81176811,
					"retransmits":	0,
					"snd_cwnd":	3712672,
					"snd_wnd":	3143552,
					"rtt":	190538,
					"rttvar":	9143,
					"pmtu":	1500,
					"omitted":	false,
					"sender":	true
				}],
			"sum":	{
				"start":	2.000119,
				"end":	3.000082,
				"seconds":	0.99996298551559448,
				"bytes":	17039360,
				"bits_per_second":	136319925.81176811,
				"retransmits":	0,
				"omitted":	false,
				"sender":	true
			}
		}, {
			"streams":	[{
					"socket":	6,
					"start":	3.000082,
					"end":	4.000134,
					"seconds":	1.0000519752502441,
					"bytes":	14417920,
					"bits_per_second":	115337365.31157543,
					"retransmits":	0,
					"snd_cwnd":	3712672,
					"snd_wnd":	3143552,
					"rtt":	200155,
					"rttvar":	6524,
					"pmtu":	1500,
					"omitted":	false,
					"sender":	true
				}],
			"sum":	{
				"start":	3.000082,
				"end":	4.000134,
				"seconds":	1.0000519752502441,
				"bytes":	14417920,
				"bits_per_second":	115337365.31157543,
				"retransmits":	0,
				"omitted":	false,
				"sender":	true
			}
		}, {
			"streams":	[{
					"socket":	6,
					"start":	4.000134,
					"end":	5.000067,
					"seconds":	0.99993300437927246,
					"bytes":	17039360,
					"bits_per_second":	136324013.11187851,
					"retransmits":	0,
					"snd_cwnd":	3712672,
					"snd_wnd":	3143552,
					"rtt":	183468,
					"rttvar":	2214,
					"pmtu":	1500,
					"omitted":	false,
					"sender":	true
				}],
			"sum":	{
				"start":	4.000134,
				"end":	5.000067,
				"seconds":	0.99993300437927246,
				"bytes":	17039360,
				"bits_per_second":	136324013.11187851,
				"retransmits":	0,
				"omitted":	false,
				"sender":	true
			}
		}, {
			"streams":	[{
					"socket":	6,
					"start":	5.000067,
					"end":	6.000075,
					"seconds":	1.0000079870224,
					"bytes":	15728640,
					"bits_per_second":	125828115.0080269,
					"retransmits":	0,
					"snd_cwnd":	3712672,
					"snd_wnd":	3143552,
					"rtt":	200516,
					"rttvar":	10601,
					"pmtu":	1500,
					"omitted":	false,
					"sender":	true
				}],
			"sum":	{
				"start":	5.000067,
				"end":	6.000075,
				"seconds":	1.0000079870224,
				"bytes":	15728640,
				"bits_per_second":	125828115.0080269,
				"retransmits":	0,
				"omitted":	false,
				"sender":	true
			}
		}, {
			"streams":	[{
					"socket":	6,
					"start":	6.000075,
					"end":	7.000159,
					"seconds":	1.0000840425491333,
					"bytes":	14417920,
					"bits_per_second":	115333667.064619,
					"retransmits":	0,
					"snd_cwnd":	3712672,
					"snd_wnd":	3143552,
					"rtt":	201452,
					"rttvar":	7351,
					"pmtu":	1500,
					"omitted":	false,
					"sender":	true
				}],
			"sum":	{
				"start":	6.000075,
				"end":	7.000159,
				"seconds":	1.0000840425491333,
				"bytes":	14417920,
				"bits_per_second":	115333667.064619,
				"retransmits":	0,
				"omitted":	false,
				"sender":	true
			}
		}, {
			"streams":	[{
					"socket":	6,
					"start":	7.000159,
					"end":	8.000079,
					"seconds":	0.99992001056671143,
					"bytes":	17039360,
					"bits_per_second":	136325784.62225455,
					"retransmits":	0,
					"snd_cwnd":	3712672,
					"snd_wnd":	3143552,
					"rtt":	186640,
					"rttvar":	2314,
					"pmtu":	1500,
					"omitted":	false,
					"sender":	true
				}],
			"sum":	{
				"start":	7.000159,
				"end":	8.000079,
				"seconds":	0.99992001056671143,
				"bytes":	17039360,
				"bits_per_second":	136325784.62225455,
				"retransmits":	0,
				"omitted":	false,
				"sender":	true
			}
		}, {
			"streams":	[{
					"socket":	6,
					"start":	8.000079,
					"end":	9.000102,
					"seconds":	1.0000230073928833,
					"bytes":	15728640,
					"bits_per_second":	125826225.06660487,
					"retransmits":	0,
					"snd_cwnd":	3712672,
					"snd_wnd":	3143552,
					"rtt":	197168,
					"rttvar":	7518,
					"pmtu":	1500,
					"omitted":	false,
					"sender":	true
				}],
			"sum":	{
				"start":	8.000079,
				"end":	9.000102,
				"seconds":	1.0000230073928833,
				"bytes":	15728640,
				"bits_per_second":	125826225.06660487,
				"retransmits":	0,
				"omitted":	false,
				"sender":	true
			}
		}, {
			"streams":	[{
					"socket":	6,
					"start":	9.000102,
					"end":	10.000071,
					"seconds":	0.9999690055847168,
					"bytes":	15728640,
					"bits_per_second":	125833020.12088196,
					"retransmits":	0,
					"snd_cwnd":	3712672,
					"snd_wnd":	3143552,
					"rtt":	185378,
					"rttvar":	4461,
					"pmtu":	1500,
					"omitted":	false,
					"sender":	true
				}],
			"sum":	{
				"start":	9.000102,
				"end":	10.000071,
				"seconds":	0.9999690055847168,
				"bytes":	15728640,
				"bits_per_second":	125833020.12088196,
				"retransmits":	0,
				"omitted":	false,
				"sender":	true
			}
		}],
	"end":	{
		"streams":	[{
				"sender":	{
					"socket":	6,
					"start":	0,
					"end":	10.000071,
					"seconds":	10.000071,
					"bytes":	151912448,
					"bits_per_second":	121529095.54342164,
					"retransmits":	0,
					"max_snd_cwnd":	3712672,
					"max_snd_wnd":	3143552,
					"max_rtt":	201452,
					"min_rtt":	183468,
					"mean_rtt":	193080,
					"sender":	true
				},
				"receiver":	{
					"socket":	6,
					"start":	0,
					"end":	10.187315,
					"seconds":	10.000071,
					"bytes":	151297656,
					"bits_per_second":	118812586.82979764,
					"sender":	true
				}
			}],
		"sum_sent":	{
			"start":	0,
			"end":	10.000071,
			"seconds":	10.000071,
			"bytes":	151912448,
			"bits_per_second":	121529095.54342164,
			"retransmits":	0,
			"sender":	true
		},
		"sum_received":	{
			"start":	0,
			"end":	10.187315,
			"seconds":	10.187315,
			"bytes":	151297656,
			"bits_per_second":	118812586.82979764,
			"sender":	true
		},
		"cpu_utilization_percent":	{
			"host_total":	0.905988016976597,
			"host_user":	0.11083131739479907,
			"host_system":	0.79516640715098363,
			"remote_total":	1.1190275918305164,
			"remote_user":	0.052270826292313971,
			"remote_system":	1.0667665816558161
		},
		"sender_tcp_congestion":	"bbr",
		"receiver_tcp_congestion":	"bbr"
	}
}
