{
	"start":	{
		"connected":	[{
				"socket":	6,
				"local_host":	"192.168.101.210",
				"local_port":	58084,
				"remote_host":	"192.168.100.168",
				"remote_port":	5202
			}],
		"version":	"iperf 3.11",
		"system_info":	"Linux f1 6.0.10-300.fc37.x86_64 #1 SMP PREEMPT_DYNAMIC Sat Nov 26 16:55:13 UTC 2022 x86_64",
		"timestamp":	{
			"time":	"Fri, 09 Dec 2022 23:19:45 GMT",
			"timesecs":	1670627985
		},
		"connecting_to":	{
			"host":	"192.168.100.168",
			"port":	5202
		},
		"cookie":	"pp4tdueubxxph5wjev7iyra6zvmjemzqfwsz",
		"tcp_mss_default":	1448,
		"target_bitrate":	0,
		"sock_bufsize":	0,
		"sndbuf_actual":	16384,
		"rcvbuf_actual":	131072,
		"test_start":	{
			"protocol":	"TCP",
			"num_streams":	1,
			"blksize":	131072,
			"omit":	0,
			"duration":	10,
			"bytes":	0,
			"blocks":	0,
			"reverse":	0,
			"tos":	0,
			"target_bitrate":	0
		}
	},
	"intervals":	[{
			"streams":	[{
					"socket":	6,
					"start":	0,
					"end":	1.000283,
					"seconds":	1.0002830028533936,
					"bytes":	9568256,
					"bits_per_second":	76524391.378885567,
					"retransmits":	261,
					"snd_cwnd":	89776,
					"snd_wnd":	2068736,
					"rtt":	20124,
					"rttvar":	154,
					"pmtu":	1500,
					"omitted":	false,
					"sender":	true
				}],
			"sum":	{
				"start":	0,
				"end":	1.000283,
				"seconds":	1.0002830028533936,
				"bytes":	9568256,
				"bits_per_second":	76524391.378885567,
				"retransmits":	261,
				"omitted":	false,
				"sender":	true
			}
		}, {
			"streams":	[{
					"socket":	6,
					"start":	1.000283,
					"end":	2.000156,
					"seconds":	0.99987298250198364,
					"bytes":	3932160,
					"bits_per_second":	31461276.13257876,
					"retransmits":	0,
					"snd_cwnd":	43440,
					"snd_wnd":	2068736,
					"rtt":	19863,
					"rttvar":	100,
					"pmtu":	1500,
					"omitted":	false,
					"sender":	true
				}],
			"sum":	{
				"start":	1.000283,
				"end":	2.000156,
				"seconds":	0.99987298250198364,
				"bytes":	3932160,
				"bits_per_second":	31461276.13257876,
				"retransmits":	0,
				"omitted":	false,
				"sender":	true
			}
		}, {
			"streams":	[{
					"socket":	6,
					"start":	2.000156,
					"end":	3.000415,
					"seconds":	1.0002590417861938,
					"bytes":	1310720,
					"bits_per_second":	10483044.453440031,
					"retransmits":	0,
					"snd_cwnd":	40544,
					"snd_wnd":	2068736,
					"rtt":	20605,
					"rttvar":	222,
					"pmtu":	1500,
					"omitted":	false,
					"sender":	true
				}],
			"sum":	{
				"start":	2.000156,
				"end":	3.000415,
				"seconds":	1.0002590417861938,
				"bytes":	1310720,
				"bits_per_second":	10483044.453440031,
				"retransmits":	0,
				"omitted":	false,
				"sender":	true
			}
		}, {
			"streams":	[{
					"socket":	6,
					"start":	3.000415,
					"end":	4.000081,
					"seconds":	0.99966597557067871,
					"bytes":	2621440,
					"bits_per_second":	20978527.340622954,
					"retransmits":	0,
					"snd_cwnd":	37648,
					"snd_wnd":	2068736,
					"rtt":	21569,
					"rttvar":	261,
					"pmtu":	1500,
					"omitted":	false,
					"sender":	true
				}],
			"sum":	{
				"start":	3.000415,
				"end":	4.000081,
				"seconds":	0.99966597557067871,
				"bytes":	2621440,
				"bits_per_second":	20978527.340622954,
				"retransmits":	0,
				"omitted":	false,
				"sender":	true
			}
		}, {
			"streams":	[{
					"socket":	6,
					"start":	4.000081,
					"end":	5.000239,
					"seconds":	1.0001579523086548,
					"bytes":	1310720,
					"bits_per_second":	10484104.011567196,
					"retransmits":	0,
					"snd_cwnd":	34752,
					"snd_wnd":	2068736,
					"rtt":	22745,
					"rttvar":	631,
					"pmtu":	1500,
					"omitted":	false,
					"sender":	true
				}],
			"sum":	{
				"start":	4.000081,
				"end":	5.000239,
				"seconds":	1.0001579523086548,
				"bytes":	1310720,
				"bits_per_second":	10484104.011567196,
				"retransmits":	0,
				"omitted":	false,
				"sender":	true
			}
		}, {
			"streams":	[{
					"socket":	6,
					"start":	5.000239,
					"end":	6.00035,
					"seconds":	1.0001109838485718,
					"bytes":	1310720,
					"bits_per_second":	10484596.379143121,
					"retransmits":	0,
					"snd_cwnd":	31856,
					"snd_wnd":	2068736,
					"rtt":	23904,
					"rttvar":	161,
					"pmtu":	1500,
					"omitted":	false,
					"sender":	true
				}],
			"sum":	{
				"start":	5.000239,
				"end":	6.00035,
				"seconds":	1.0001109838485718,
				"bytes":	1310720,
				"bits_per_second":	10484596.379143121,
				"retransmits":	0,
				"omitted":	false,
				"sender":	true
			}
		}, {
			"streams":	[{
					"socket":	6,
					"start":	6.00035,
					"end":	7.000357,
					"seconds":	1.0000070333480835,
					"bytes":	1310720,
					"bits_per_second":	10485686.250518706,
					"retransmits":	0,
					"snd_cwnd":	28960,
					"snd_wnd":	2068736,
					"rtt":	24700,
					"rttvar":	161,
					"pmtu":	1500,
					"omitted":	false,
					"sender":	true
				}],
			"sum":	{
				"start":	6.00035,
				"end":	7.000357,
				"seconds":	1.0000070333480835,
				"bytes":	1310720,
				"bits_per_second":	10485686.250518706,
				"retransmits":	0,
				"omitted":	false,
				"sender":	true
			}
		}, {
			"streams":	[{
					"socket":	6,
					"start":	7.000357,
					"end":	8.000181,
					"seconds":	0.99982398748397827,
					"bytes":	1310720,
					"bits_per_second":	10487605.949910289,
					"retransmits":	0,
					"snd_cwnd":	31856,
					"snd_wnd":	2068736,
					"rtt":	25923,
					"rttvar":	139,
					"pmtu":	1500,
					"omitted":	false,
					"sender":	true
				}],
			"sum":	{
				"start":	7.000357,
				"end":	8.000181,
				"seconds":	0.99982398748397827,
				"bytes":	1310720,
				"bits_per_second":	10487605.949910289,
				"retransmits":	0,
				"omitted":	false,
				"sender":	true
			}
		}, {
			"streams":	[{
					"socket":	6,
					"start":	8.000181,
					"end":	9.000074,
					"seconds":	0.99989300966262817,
					"bytes":	1310720,
					"bits_per_second":	10486881.995042628,
					"retransmits":	0,
					"snd_cwnd":	34752,
					"snd_wnd":	2068736,
					"rtt":	27128,
					"rttvar":	115,
					"pmtu":	1500,
					"omitted":	false,
					"sender":	true
				}],
			"sum":	{
				"start":	8.000181,
				"end":	9.000074,
				"seconds":	0.99989300966262817,
				"bytes":	1310720,
				"bits_per_second":	10486881.995042628,
				"retransmits":	0,
				"omitted":	false,
				"sender":	true
			}
		}, {
			"streams":	[{
					"socket":	6,
					"start":	9.000074,
					"end":	10.001027,
					"seconds":	1.0009529590606689,
					"bytes":	0,
					"bits_per_second":	0,
					"retransmits":	0,
					"snd_cwnd":	28960,
					"snd_wnd":	2068736,
					"rtt":	28182,
					"rttvar":	329,
					"pmtu":	1500,
					"omitted":	false,
					"sender":	true
				}],
			"sum":	{
				"start":	9.000074,
				"end":	10.001027,
				"seconds":	1.0009529590606689,
				"bytes":	0,
				"bits_per_second":	0,
				"retransmits":	0,
				"omitted":	false,
				"sender":	true
			}
		}],
	"end":	{
		"streams":	[{
				"sender":	{
					"socket":	6,
					"start":	0,
					"end":	10.001027,
					"seconds":	10.001027,
					"bytes":	23986176,
					"bits_per_second":	19186970.298150379,
					"retransmits":	261,
					"max_snd_cwnd":	89776,
					"max_snd_wnd":	2068736,
					"max_rtt":	28182,
					"min_rtt":	19863,
					"mean_rtt":	23474,
					"sender":	true
				},
				"receiver":	{
					"socket":	6,
					"start":	0,
					"end":	10.028792,
					"seconds":	10.001027,
					"bytes":	21051024,
					"bits_per_second":	16792470.319456223,
					"sender":	true
				}
			}],
		"sum_sent":	{
			"start":	0,
			"end":	10.001027,
			"seconds":	10.001027,
			"bytes":	23986176,
			"bits_per_second":	19186970.298150379,
			"retransmits":	261,
			"sender":	true
		},
		"sum_received":	{
			"start":	0,
			"end":	10.028792,
			"seconds":	10.028792,
			"bytes":	21051024,
			"bits_per_second":	16792470.319456223,
			"sender":	true
		},
		"cpu_utilization_percent":	{
			"host_total":	0.087923973501079347,
			"host_user":	0.018129580101164455,
			"host_system":	0.069784415645318759,
			"remote_total":	1.1122160392557161,
			"remote_user":	0.16911283665145813,
			"remote_system":	0.943093231328512
		},
		"sender_tcp_congestion":	"bbr",
		"receiver_tcp_congestion":	"bbr"
	}
}
