{
	"start":	{
		"connected":	[{
				"socket":	6,
				"local_host":	"192.168.101.210",
				"local_port":	60254,
				"remote_host":	"192.168.100.168",
				"remote_port":	5202
			}],
		"version":	"iperf 3.11",
		"system_info":	"Linux f1 6.0.10-300.fc37.x86_64 #1 SMP PREEMPT_DYNAMIC Sat Nov 26 16:55:13 UTC 2022 x86_64",
		"timestamp":	{
			"time":	"Fri, 09 Dec 2022 23:25:21 GMT",
			"timesecs":	1670628321
		},
		"connecting_to":	{
			"host":	"192.168.100.168",
			"port":	5202
		},
		"cookie":	"oczwdiua5z4r65ktq2x3brddvgxtjsj5uih3",
		"tcp_mss_default":	1448,
		"target_bitrate":	0,
		"sock_bufsize":	0,
		"sndbuf_actual":	16384,
		"rcvbuf_actual":	131072,
		"test_start":	{
			"protocol":	"TCP",
			"num_streams":	1,
			"blksize":	131072,
			"omit":	0,
			"duration":	10,
			"bytes":	0,
			"blocks":	0,
			"reverse":	0,
			"tos":	0,
			"target_bitrate":	0
		}
	},
	"intervals":	[{
			"streams":	[{
					"socket":	6,
					"start":	0,
					"end":	1.000128,
					"seconds":	1.0001280307769775,
					"bytes":	3874848,
					"bits_per_second":	30994815.709662415,
					"retransmits":	0,
					"snd_cwnd":	638568,
					"snd_wnd":	973184,
					"rtt":	150085,
					"rttvar":	6,
					"pmtu":	1500,
					"omitted":	false,
					"sender":	true
				}],
			"sum":	{
				"start":	0,
				"end":	1.000128,
				"seconds":	1.0001280307769775,
				"bytes":	3874848,
				"bits_per_second":	30994815.709662415,
				"retransmits":	0,
				"omitted":	false,
				"sender":	true
			}
		}, {
			"streams":	[{
					"socket":	6,
					"start":	1.000128,
					"end":	2.000077,
					"seconds":	0.99994897842407227,
					"bytes":	9101280,
					"bits_per_second":	72813955.082737848,
					"retransmits":	688,
					"snd_cwnd":	3127680,
					"snd_wnd":	2658048,
					"rtt":	169463,
					"rttvar":	3056,
					"pmtu":	1500,
					"omitted":	false,
					"sender":	true
				}],
			"sum":	{
				"start":	1.000128,
				"end":	2.000077,
				"seconds":	0.99994897842407227,
				"bytes":	9101280,
				"bits_per_second":	72813955.082737848,
				"retransmits":	688,
				"omitted":	false,
				"sender":	true
			}
		}, {
			"streams":	[{
					"socket":	6,
					"start":	2.000077,
					"end":	3.00014,
					"seconds":	1.0000629425048828,
					"bytes":	11796480,
					"bits_per_second":	94365900.37385495,
					"retransmits":	224,
					"snd_cwnd":	6571024,
					"snd_wnd":	3145728,
					"rtt":	150109,
					"rttvar":	31,
					"pmtu":	1500,
					"omitted":	false,
					"sender":	true
				}],
			"sum":	{
				"start":	2.000077,
				"end":	3.00014,
				"seconds":	1.0000629425048828,
				"bytes":	11796480,
				"bits_per_second":	94365900.37385495,
				"retransmits":	224,
				"omitted":	false,
				"sender":	true
			}
		}, {
			"streams":	[{
					"socket":	6,
					"start":	3.00014,
					"end":	4.000069,
					"seconds":	0.99992901086807251,
					"bytes":	17039360,
					"bits_per_second":	136324557.56200173,
					"retransmits":	0,
					"snd_cwnd":	6637632,
					"snd_wnd":	3145728,
					"rtt":	157036,
					"rttvar":	517,
					"pmtu":	1500,
					"omitted":	false,
					"sender":	true
				}],
			"sum":	{
				"start":	3.00014,
				"end":	4.000069,
				"seconds":	0.99992901086807251,
				"bytes":	17039360,
				"bits_per_second":	136324557.56200173,
				"retransmits":	0,
				"omitted":	false,
				"sender":	true
			}
		}, {
			"streams":	[{
					"socket":	6,
					"start":	4.000069,
					"end":	5.000116,
					"seconds":	1.000046968460083,
					"bytes":	15728640,
					"bits_per_second":	125823210.27757056,
					"retransmits":	0,
					"snd_cwnd":	5826752,
					"snd_wnd":	3145728,
					"rtt":	159068,
					"rttvar":	159,
					"pmtu":	1500,
					"omitted":	false,
					"sender":	true
				}],
			"sum":	{
				"start":	4.000069,
				"end":	5.000116,
				"seconds":	1.000046968460083,
				"bytes":	15728640,
				"bits_per_second":	125823210.27757056,
				"retransmits":	0,
				"omitted":	false,
				"sender":	true
			}
		}, {
			"streams":	[{
					"socket":	6,
					"start":	5.000116,
					"end":	6.000074,
					"seconds":	0.99995797872543335,
					"bytes":	17039360,
					"bits_per_second":	136320608.36571324,
					"retransmits":	0,
					"snd_cwnd":	5815168,
					"snd_wnd":	3145728,
					"rtt":	161729,
					"rttvar":	232,
					"pmtu":	1500,
					"omitted":	false,
					"sender":	true
				}],
			"sum":	{
				"start":	5.000116,
				"end":	6.000074,
				"seconds":	0.99995797872543335,
				"bytes":	17039360,
				"bits_per_second":	136320608.36571324,
				"retransmits":	0,
				"omitted":	false,
				"sender":	true
			}
		}, {
			"streams":	[{
					"socket":	6,
					"start":	6.000074,
					"end":	7.000076,
					"seconds":	1.0000020265579224,
					"bytes":	15728640,
					"bits_per_second":	125828865.00051677,
					"retransmits":	0,
					"snd_cwnd":	5794896,
					"snd_wnd":	3145728,
					"rtt":	162836,
					"rttvar":	218,
					"pmtu":	1500,
					"omitted":	false,
					"sender":	true
				}],
			"sum":	{
				"start":	6.000074,
				"end":	7.000076,
				"seconds":	1.0000020265579224,
				"bytes":	15728640,
				"bits_per_second":	125828865.00051677,
				"retransmits":	0,
				"omitted":	false,
				"sender":	true
			}
		}, {
			"streams":	[{
					"socket":	6,
					"start":	7.000076,
					"end":	8.00007,
					"seconds":	0.99999397993087769,
					"bytes":	17039360,
					"bits_per_second":	136315700.62994024,
					"retransmits":	0,
					"snd_cwnd":	5786208,
					"snd_wnd":	3145728,
					"rtt":	163547,
					"rttvar":	161,
					"pmtu":	1500,
					"omitted":	false,
					"sender":	true
				}],
			"sum":	{
				"start":	7.000076,
				"end":	8.00007,
				"seconds":	0.99999397993087769,
				"bytes":	17039360,
				"bits_per_second":	136315700.62994024,
				"retransmits":	0,
				"omitted":	false,
				"sender":	true
			}
		}, {
			"streams":	[{
					"socket":	6,
					"start":	8.00007,
					"end":	9.000069,
					"seconds":	0.99999898672103882,
					"bytes":	15728640,
					"bits_per_second":	125829247.50012919,
					"retransmits":	0,
					"snd_cwnd":	5800688,
					"snd_wnd":	3145728,
					"rtt":	164173,
					"rttvar":	173,
					"pmtu":	1500,
					"omitted":	false,
					"sender":	true
				}],
			"sum":	{
				"start":	8.00007,
				"end":	9.000069,
				"seconds":	0.99999898672103882,
				"bytes":	15728640,
				"bits_per_second":	125829247.50012919,
				"retransmits":	0,
				"omitted":	false,
				"sender":	true
			}
		}, {
			"streams":	[{
					"socket":	6,
					"start":	9.000069,
					"end":	10.000073,
					"seconds":	1.0000040531158447,
					"bytes":	15728640,
					"bits_per_second":	125828610.00206707,
					"retransmits":	0,
					"snd_cwnd":	5800688,
					"snd_wnd":	3145728,
					"rtt":	165171,
					"rttvar":	367,
					"pmtu":	1500,
					"omitted":	false,
					"sender":	true
				}],
			"sum":	{
				"start":	9.000069,
				"end":	10.000073,
				"seconds":	1.0000040531158447,
				"bytes":	15728640,
				"bits_per_second":	125828610.00206707,
				"retransmits":	0,
				"omitted":	false,
				"sender":	true
			}
		}],
	"end":	{
		"streams":	[{
				"sender":	{
					"socket":	6,
					"start":	0,
					"end":	10.000073,
					"seconds":	10.000073,
					"bytes":	138805248,
					"bits_per_second":	111043387.78326918,
					"retransmits":	912,
					"max_snd_cwnd":	6637632,
					"max_snd_wnd":	3145728,
					"max_rtt":	169463,
					"min_rtt":	150085,
					"mean_rtt":	160321,
					"sender":	true
				},
				"receiver":	{
					"socket":	6,
					"start":	0,
					"end":	10.164966,
					"seconds":	10.000073,
					"bytes":	138076344,
					"bits_per_second":	108668415.81172037,
					"sender":	true
				}
			}],
		"sum_sent":	{
			"start":	0,
			"end":	10.000073,
			"seconds":	10.000073,
			"bytes":	138805248,
			"bits_per_second":	111043387.78326918,
			"retransmits":	912,
			"sender":	true
		},
		"sum_received":	{
			"start":	0,
			"end":	10.164966,
			"seconds":	10.164966,
			"bytes":	138076344,
			"bits_per_second":	108668415.81172037,
			"sender":	true
		},
		"cpu_utilization_percent":	{
			"host_total":	1.5753134888275022,
			"host_user":	0.28544733618802681,
			"host_system":	1.2898567197940243,
			"remote_total":	1.8507857369124188,
			"remote_user":	0.0926907873896456,
			"remote_system":	1.7580851118251095
		},
		"sender_tcp_congestion":	"bbr",
		"receiver_tcp_congestion":	"bbr"
	}
}
