{
	"start":	{
		"connected":	[{
				"socket":	6,
				"local_host":	"192.168.101.210",
				"local_port":	39054,
				"remote_host":	"192.168.100.168",
				"remote_port":	5201
			}],
		"version":	"iperf 3.11",
		"system_info":	"Linux f1 6.0.10-300.fc37.x86_64 #1 SMP PREEMPT_DYNAMIC Sat Nov 26 16:55:13 UTC 2022 x86_64",
		"timestamp":	{
			"time":	"Fri, 09 Dec 2022 23:22:46 GMT",
			"timesecs":	1670628166
		},
		"connecting_to":	{
			"host":	"192.168.100.168",
			"port":	5201
		},
		"cookie":	"ctv2o6mq2antltojhytuvysbz4u3p2rmayss",
		"tcp_mss_default":	1448,
		"target_bitrate":	0,
		"sock_bufsize":	0,
		"sndbuf_actual":	16384,
		"rcvbuf_actual":	131072,
		"test_start":	{
			"protocol":	"TCP",
			"num_streams":	1,
			"blksize":	131072,
			"omit":	0,
			"duration":	10,
			"bytes":	0,
			"blocks":	0,
			"reverse":	0,
			"tos":	0,
			"target_bitrate":	0
		}
	},
	"intervals":	[{
			"streams":	[{
					"socket":	6,
					"start":	0,
					"end":	1.000119,
					"seconds":	1.0001189708709717,
					"bytes":	14548992,
					"bits_per_second":	116378090.39722343,
					"retransmits":	0,
					"snd_cwnd":	2977088,
					"snd_wnd":	3143552,
					"rtt":	172780,
					"rttvar":	333,
					"pmtu":	1500,
					"omitted":	false,
					"sender":	true
				}],
			"sum":	{
				"start":	0,
				"end":	1.000119,
				"seconds":	1.0001189708709717,
				"bytes":	14548992,
				"bits_per_second":	116378090.39722343,
				"retransmits":	0,
				"omitted":	false,
				"sender":	true
			}
		}, {
			"streams":	[{
					"socket":	6,
					"start":	1.000119,
					"end":	2.000079,
					"seconds":	0.99996000528335571,
					"bytes":	18350080,
					"bits_per_second":	146806511.48482838,
					"retransmits":	0,
					"snd_cwnd":	3320264,
					"snd_wnd":	3143552,
					"rtt":	178740,
					"rttvar":	3555,
					"pmtu":	1500,
					"omitted":	false,
					"sender":	true
				}],
			"sum":	{
				"start":	1.000119,
				"end":	2.000079,
				"seconds":	0.99996000528335571,
				"bytes":	18350080,
				"bits_per_second":	146806511.48482838,
				"retransmits":	0,
				"omitted":	false,
				"sender":	true
			}
		}, {
			"streams":	[{
					"socket":	6,
					"start":	2.000079,
					"end":	3.000079,
					"seconds":	1,
					"bytes":	18350080,
					"bits_per_second":	146800640,
					"retransmits":	0,
					"snd_cwnd":	3320264,
					"snd_wnd":	3143552,
					"rtt":	156307,
					"rttvar":	1321,
					"pmtu":	1500,
					"omitted":	false,
					"sender":	true
				}],
			"sum":	{
				"start":	2.000079,
				"end":	3.000079,
				"seconds":	1,
				"bytes":	18350080,
				"bits_per_second":	146800640,
				"retransmits":	0,
				"omitted":	false,
				"sender":	true
			}
		}, {
			"streams":	[{
					"socket":	6,
					"start":	3.000079,
					"end":	4.000084,
					"seconds":	1.0000050067901611,
					"bytes":	19660800,
					"bits_per_second":	157285612.50394282,
					"retransmits":	0,
					"snd_cwnd":	3320264,
					"snd_wnd":	3143552,
					"rtt":	156774,
					"rttvar":	1239,
					"pmtu":	1500,
					"omitted":	false,
					"sender":	true
				}],
			"sum":	{
				"start":	3.000079,
				"end":	4.000084,
				"seconds":	1.0000050067901611,
				"bytes":	19660800,
				"bits_per_second":	157285612.50394282,
				"retransmits":	0,
				"omitted":	false,
				"sender":	true
			}
		}, {
			"streams":	[{
					"socket":	6,
					"start":	4.000084,
					"end":	5.000085,
					"seconds":	1.0000009536743164,
					"bytes":	19660800,
					"bits_per_second":	157286250.00014305,
					"retransmits":	0,
					"snd_cwnd":	3320264,
					"snd_wnd":	3143552,
					"rtt":	148064,
					"rttvar":	2028,
					"pmtu":	1500,
					"omitted":	false,
					"sender":	true
				}],
			"sum":	{
				"start":	4.000084,
				"end":	5.000085,
				"seconds":	1.0000009536743164,
				"bytes":	19660800,
				"bits_per_second":	157286250.00014305,
				"retransmits":	0,
				"omitted":	false,
				"sender":	true
			}
		}, {
			"streams":	[{
					"socket":	6,
					"start":	5.000085,
					"end":	6.000074,
					"seconds":	0.99998897314071655,
					"bytes":	22282240,
					"bits_per_second":	178259885.6466749,
					"retransmits":	0,
					"snd_cwnd":	3320264,
					"snd_wnd":	3143552,
					"rtt":	135362,
					"rttvar":	1359,
					"pmtu":	1500,
					"omitted":	false,
					"sender":	true
				}],
			"sum":	{
				"start":	5.000085,
				"end":	6.000074,
				"seconds":	0.99998897314071655,
				"bytes":	22282240,
				"bits_per_second":	178259885.6466749,
				"retransmits":	0,
				"omitted":	false,
				"sender":	true
			}
		}, {
			"streams":	[{
					"socket":	6,
					"start":	6.000074,
					"end":	7.000082,
					"seconds":	1.0000079870224,
					"bytes":	22282240,
					"bits_per_second":	178256496.26137143,
					"retransmits":	0,
					"snd_cwnd":	3320264,
					"snd_wnd":	3143552,
					"rtt":	137795,
					"rttvar":	793,
					"pmtu":	1500,
					"omitted":	false,
					"sender":	true
				}],
			"sum":	{
				"start":	6.000074,
				"end":	7.000082,
				"seconds":	1.0000079870224,
				"bytes":	22282240,
				"bits_per_second":	178256496.26137143,
				"retransmits":	0,
				"omitted":	false,
				"sender":	true
			}
		}, {
			"streams":	[{
					"socket":	6,
					"start":	7.000082,
					"end":	8.000077,
					"seconds":	0.999994993209839,
					"bytes":	22282240,
					"bits_per_second":	178258812.50446859,
					"retransmits":	0,
					"snd_cwnd":	3320264,
					"snd_wnd":	3143552,
					"rtt":	131892,
					"rttvar":	3450,
					"pmtu":	1500,
					"omitted":	false,
					"sender":	true
				}],
			"sum":	{
				"start":	7.000082,
				"end":	8.000077,
				"seconds":	0.999994993209839,
				"bytes":	22282240,
				"bits_per_second":	178258812.50446859,
				"retransmits":	0,
				"omitted":	false,
				"sender":	true
			}
		}, {
			"streams":	[{
					"socket":	6,
					"start":	8.000077,
					"end":	9.000071,
					"seconds":	0.99999397993087769,
					"bytes":	23592960,
					"bits_per_second":	188744816.25684035,
					"retransmits":	0,
					"snd_cwnd":	3320264,
					"snd_wnd":	3143552,
					"rtt":	130083,
					"rttvar":	1261,
					"pmtu":	1500,
					"omitted":	false,
					"sender":	true
				}],
			"sum":	{
				"start":	8.000077,
				"end":	9.000071,
				"seconds":	0.99999397993087769,
				"bytes":	23592960,
				"bits_per_second":	188744816.25684035,
				"retransmits":	0,
				"omitted":	false,
				"sender":	true
			}
		}, {
			"streams":	[{
					"socket":	6,
					"start":	9.000071,
					"end":	10.000076,
					"seconds":	1.0000050067901611,
					"bytes":	23592960,
					"bits_per_second":	188742735.00473139,
					"retransmits":	0,
					"snd_cwnd":	3320264,
					"snd_wnd":	3143552,
					"rtt":	130494,
					"rttvar":	597,
					"pmtu":	1500,
					"omitted":	false,
					"sender":	true
				}],
			"sum":	{
				"start":	9.000071,
				"end":	10.000076,
				"seconds":	1.0000050067901611,
				"bytes":	23592960,
				"bits_per_second":	188742735.00473139,
				"retransmits":	0,
				"omitted":	false,
				"sender":	true
			}
		}],
	"end":	{
		"streams":	[{
				"sender":	{
					"socket":	6,
					"start":	0,
					"end":	10.000076,
					"seconds":	10.000076,
					"bytes":	204603392,
					"bits_per_second":	163681469.62083089,
					"retransmits":	0,
					"max_snd_cwnd":	3320264,
					"max_snd_wnd":	3143552,
					"max_rtt":	178740,
					"min_rtt":	130083,
					"mean_rtt":	147829,
					"sender":	true
				},
				"receiver":	{
					"socket":	6,
					"start":	0,
					"end":	10.133246,
					"seconds":	10.000076,
					"bytes":	203798912,
					"bits_per_second":	160895264.55787218,
					"sender":	true
				}
			}],
		"sum_sent":	{
			"start":	0,
			"end":	10.000076,
			"seconds":	10.000076,
			"bytes":	204603392,
			"bits_per_second":	163681469.62083089,
			"retransmits":	0,
			"sender":	true
		},
		"sum_received":	{
			"start":	0,
			"end":	10.133246,
			"seconds":	10.133246,
			"bytes":	203798912,
			"bits_per_second":	160895264.55787218,
			"sender":	true
		},
		"cpu_utilization_percent":	{
			"host_total":	0.78109055262835436,
			"host_user":	0.045386594780051463,
			"host_system":	0.735703957848303,
			"remote_total":	2.1903811991778754,
			"remote_user":	0.19747842229237406,
			"remote_system":	1.9929027768855017
		},
		"sender_tcp_congestion":	"cubic",
		"receiver_tcp_congestion":	"cubic"
	}
}
