{
	"start":	{
		"connected":	[{
				"socket":	6,
				"local_host":	"192.168.101.210",
				"local_port":	50562,
				"remote_host":	"192.168.100.168",
				"remote_port":	5202
			}],
		"version":	"iperf 3.11",
		"system_info":	"Linux f1 6.0.10-300.fc37.x86_64 #1 SMP PREEMPT_DYNAMIC Sat Nov 26 16:55:13 UTC 2022 x86_64",
		"timestamp":	{
			"time":	"Fri, 09 Dec 2022 23:21:41 GMT",
			"timesecs":	1670628101
		},
		"connecting_to":	{
			"host":	"192.168.100.168",
			"port":	5202
		},
		"cookie":	"5byvy4ptfxtdxyl72smogaiauuk5ze7hvc5k",
		"tcp_mss_default":	1448,
		"target_bitrate":	0,
		"sock_bufsize":	0,
		"sndbuf_actual":	16384,
		"rcvbuf_actual":	131072,
		"test_start":	{
			"protocol":	"TCP",
			"num_streams":	1,
			"blksize":	131072,
			"omit":	0,
			"duration":	10,
			"bytes":	0,
			"blocks":	0,
			"reverse":	0,
			"tos":	0,
			"target_bitrate":	0
		}
	},
	"intervals":	[{
			"streams":	[{
					"socket":	6,
					"start":	0,
					"end":	1.000135,
					"seconds":	1.0001349449157715,
					"bytes":	13107200,
					"bits_per_second":	104843451.90921292,
					"retransmits":	0,
					"snd_cwnd":	1288720,
					"snd_wnd":	3143552,
					"rtt":	110778,
					"rttvar":	369,
					"pmtu":	1500,
					"omitted":	false,
					"sender":	true
				}],
			"sum":	{
				"start":	0,
				"end":	1.000135,
				"seconds":	1.0001349449157715,
				"bytes":	13107200,
				"bits_per_second":	104843451.90921292,
				"retransmits":	0,
				"omitted":	false,
				"sender":	true
			}
		}, {
			"streams":	[{
					"socket":	6,
					"start":	1.000135,
					"end":	2.000118,
					"seconds":	0.999983012676239,
					"bytes":	9175040,
					"bits_per_second":	73401566.896181434,
					"retransmits":	0,
					"snd_cwnd":	724000,
					"snd_wnd":	3143552,
					"rtt":	125978,
					"rttvar":	1076,
					"pmtu":	1500,
					"omitted":	false,
					"sender":	true
				}],
			"sum":	{
				"start":	1.000135,
				"end":	2.000118,
				"seconds":	0.999983012676239,
				"bytes":	9175040,
				"bits_per_second":	73401566.896181434,
				"retransmits":	0,
				"omitted":	false,
				"sender":	true
			}
		}, {
			"streams":	[{
					"socket":	6,
					"start":	2.000118,
					"end":	3.000148,
					"seconds":	1.0000300407409668,
					"bytes":	5242880,
					"bits_per_second":	41941780.0378502,
					"retransmits":	0,
					"snd_cwnd":	608160,
					"snd_wnd":	3143552,
					"rtt":	122200,
					"rttvar":	519,
					"pmtu":	1500,
					"omitted":	false,
					"sender":	true
				}],
			"sum":	{
				"start":	2.000118,
				"end":	3.000148,
				"seconds":	1.0000300407409668,
				"bytes":	5242880,
				"bits_per_second":	41941780.0378502,
				"retransmits":	0,
				"omitted":	false,
				"sender":	true
			}
		}, {
			"streams":	[{
					"socket":	6,
					"start":	3.000148,
					"end":	4.000074,
					"seconds":	0.999925971031189,
					"bytes":	5242880,
					"bits_per_second":	41946145.229876965,
					"retransmits":	0,
					"snd_cwnd":	402544,
					"snd_wnd":	3143552,
					"rtt":	121492,
					"rttvar":	3232,
					"pmtu":	1500,
					"omitted":	false,
					"sender":	true
				}],
			"sum":	{
				"start":	3.000148,
				"end":	4.000074,
				"seconds":	0.999925971031189,
				"bytes":	5242880,
				"bits_per_second":	41946145.229876965,
				"retransmits":	0,
				"omitted":	false,
				"sender":	true
			}
		}, {
			"streams":	[{
					"socket":	6,
					"start":	4.000074,
					"end":	5.000264,
					"seconds":	1.0001900196075439,
					"bytes":	2621440,
					"bits_per_second":	20967535.757084277,
					"retransmits":	0,
					"snd_cwnd":	364896,
					"snd_wnd":	3143552,
					"rtt":	115687,
					"rttvar":	978,
					"pmtu":	1500,
					"omitted":	false,
					"sender":	true
				}],
			"sum":	{
				"start":	4.000074,
				"end":	5.000264,
				"seconds":	1.0001900196075439,
				"bytes":	2621440,
				"bits_per_second":	20967535.757084277,
				"retransmits":	0,
				"omitted":	false,
				"sender":	true
			}
		}, {
			"streams":	[{
					"socket":	6,
					"start":	5.000264,
					"end":	6.00035,
					"seconds":	1.0000859498977661,
					"bytes":	2621440,
					"bits_per_second":	20969717.654911377,
					"retransmits":	0,
					"snd_cwnd":	286704,
					"snd_wnd":	3143552,
					"rtt":	110557,
					"rttvar":	3898,
					"pmtu":	1500,
					"omitted":	false,
					"sender":	true
				}],
			"sum":	{
				"start":	5.000264,
				"end":	6.00035,
				"seconds":	1.0000859498977661,
				"bytes":	2621440,
				"bits_per_second":	20969717.654911377,
				"retransmits":	0,
				"omitted":	false,
				"sender":	true
			}
		}, {
			"streams":	[{
					"socket":	6,
					"start":	6.00035,
					"end":	7.000178,
					"seconds":	0.99982798099517822,
					"bytes":	2621440,
					"bits_per_second":	20975128.120665327,
					"retransmits":	0,
					"snd_cwnd":	191136,
					"snd_wnd":	3143552,
					"rtt":	110401,
					"rttvar":	428,
					"pmtu":	1500,
					"omitted":	false,
					"sender":	true
				}],
			"sum":	{
				"start":	6.00035,
				"end":	7.000178,
				"seconds":	0.99982798099517822,
				"bytes":	2621440,
				"bits_per_second":	20975128.120665327,
				"retransmits":	0,
				"omitted":	false,
				"sender":	true
			}
		}, {
			"streams":	[{
					"socket":	6,
					"start":	7.000178,
					"end":	8.000422,
					"seconds":	1.0002440214157104,
					"bytes":	1310720,
					"bits_per_second":	10483201.87423747,
					"retransmits":	0,
					"snd_cwnd":	133216,
					"snd_wnd":	3143552,
					"rtt":	105729,
					"rttvar":	2377,
					"pmtu":	1500,
					"omitted":	false,
					"sender":	true
				}],
			"sum":	{
				"start":	7.000178,
				"end":	8.000422,
				"seconds":	1.0002440214157104,
				"bytes":	1310720,
				"bits_per_second":	10483201.87423747,
				"retransmits":	0,
				"omitted":	false,
				"sender":	true
			}
		}, {
			"streams":	[{
					"socket":	6,
					"start":	8.000422,
					"end":	9.000376,
					"seconds":	0.9999539852142334,
					"bytes":	1310720,
					"bits_per_second":	10486242.522203157,
					"retransmits":	0,
					"snd_cwnd":	101360,
					"snd_wnd":	3143552,
					"rtt":	103887,
					"rttvar":	3115,
					"pmtu":	1500,
					"omitted":	false,
					"sender":	true
				}],
			"sum":	{
				"start":	8.000422,
				"end":	9.000376,
				"seconds":	0.9999539852142334,
				"bytes":	1310720,
				"bits_per_second":	10486242.522203157,
				"retransmits":	0,
				"omitted":	false,
				"sender":	true
			}
		}, {
			"streams":	[{
					"socket":	6,
					"start":	9.000376,
					"end":	10.001033,
					"seconds":	1.0006569623947144,
					"bytes":	0,
					"bits_per_second":	0,
					"retransmits":	0,
					"snd_cwnd":	81088,
					"snd_wnd":	3143552,
					"rtt":	106702,
					"rttvar":	1541,
					"pmtu":	1500,
					"omitted":	false,
					"sender":	true
				}],
			"sum":	{
				"start":	9.000376,
				"end":	10.001033,
				"seconds":	1.0006569623947144,
				"bytes":	0,
				"bits_per_second":	0,
				"retransmits":	0,
				"omitted":	false,
				"sender":	true
			}
		}],
	"end":	{
		"streams":	[{
				"sender":	{
					"socket":	6,
					"start":	0,
					"end":	10.001033,
					"seconds":	10.001033,
					"bytes":	43253760,
					"bits_per_second":	34599433.878480352,
					"retransmits":	0,
					"max_snd_cwnd":	1288720,
					"max_snd_wnd":	3143552,
					"max_rtt":	125978,
					"min_rtt":	103887,
					"mean_rtt":	113341,
					"sender":	true
				},
				"receiver":	{
					"socket":	6,
					"start":	0,
					"end":	10.106739,
					"seconds":	10.001033,
					"bytes":	40581648,
					"bits_per_second":	32122446.617054228,
					"sender":	true
				}
			}],
		"sum_sent":	{
			"start":	0,
			"end":	10.001033,
			"seconds":	10.001033,
			"bytes":	43253760,
			"bits_per_second":	34599433.878480352,
			"retransmits":	0,
			"sender":	true
		},
		"sum_received":	{
			"start":	0,
			"end":	10.106739,
			"seconds":	10.106739,
			"bytes":	40581648,
			"bits_per_second":	32122446.617054228,
			"sender":	true
		},
		"cpu_utilization_percent":	{
			"host_total":	0.3788023147259536,
			"host_user":	0.040447023753370961,
			"host_system":	0.338325594185686,
			"remote_total":	1.2976179286120664,
			"remote_user":	0.18310535038464393,
			"remote_system":	1.1145224726049423
		},
		"sender_tcp_congestion":	"bbr",
		"receiver_tcp_congestion":	"bbr"
	}
}
