{
	"start":	{
		"connected":	[{
				"socket":	6,
				"local_host":	"192.168.101.210",
				"local_port":	53058,
				"remote_host":	"192.168.100.168",
				"remote_port":	5201
			}],
		"version":	"iperf 3.11",
		"system_info":	"Linux f1 6.0.10-300.fc37.x86_64 #1 SMP PREEMPT_DYNAMIC Sat Nov 26 16:55:13 UTC 2022 x86_64",
		"timestamp":	{
			"time":	"Fri, 09 Dec 2022 23:20:58 GMT",
			"timesecs":	1670628058
		},
		"connecting_to":	{
			"host":	"192.168.100.168",
			"port":	5201
		},
		"cookie":	"lzllokhkrpbtiwys6ceeepcd3mb5nqjxqrxf",
		"tcp_mss_default":	1448,
		"target_bitrate":	0,
		"sock_bufsize":	0,
		"sndbuf_actual":	16384,
		"rcvbuf_actual":	131072,
		"test_start":	{
			"protocol":	"TCP",
			"num_streams":	1,
			"blksize":	131072,
			"omit":	0,
			"duration":	10,
			"bytes":	0,
			"blocks":	0,
			"reverse":	0,
			"tos":	0,
			"target_bitrate":	0
		}
	},
	"intervals":	[{
			"streams":	[{
					"socket":	6,
					"start":	0,
					"end":	1.000083,
					"seconds":	1.0000829696655273,
					"bytes":	25952256,
					"bits_per_second":	207600823.42911687,
					"retransmits":	0,
					"snd_cwnd":	2796088,
					"snd_wnd":	3143552,
					"rtt":	105592,
					"rttvar":	148,
					"pmtu":	1500,
					"omitted":	false,
					"sender":	true
				}],
			"sum":	{
				"start":	0,
				"end":	1.000083,
				"seconds":	1.0000829696655273,
				"bytes":	25952256,
				"bits_per_second":	207600823.42911687,
				"retransmits":	0,
				"omitted":	false,
				"sender":	true
			}
		}, {
			"streams":	[{
					"socket":	6,
					"start":	1.000083,
					"end":	2.000069,
					"seconds":	0.99998599290847778,
					"bytes":	28835840,
					"bits_per_second":	230689951.29526106,
					"retransmits":	0,
					"snd_cwnd":	3299992,
					"snd_wnd":	3143552,
					"rtt":	105031,
					"rttvar":	1669,
					"pmtu":	1500,
					"omitted":	false,
					"sender":	true
				}],
			"sum":	{
				"start":	1.000083,
				"end":	2.000069,
				"seconds":	0.99998599290847778,
				"bytes":	28835840,
				"bits_per_second":	230689951.29526106,
				"retransmits":	0,
				"omitted":	false,
				"sender":	true
			}
		}, {
			"streams":	[{
					"socket":	6,
					"start":	2.000069,
					"end":	3.000074,
					"seconds":	1.0000050067901611,
					"bytes":	28835840,
					"bits_per_second":	230685565.00578281,
					"retransmits":	0,
					"snd_cwnd":	3299992,
					"snd_wnd":	3143552,
					"rtt":	103433,
					"rttvar":	3638,
					"pmtu":	1500,
					"omitted":	false,
					"sender":	true
				}],
			"sum":	{
				"start":	2.000069,
				"end":	3.000074,
				"seconds":	1.0000050067901611,
				"bytes":	28835840,
				"bits_per_second":	230685565.00578281,
				"retransmits":	0,
				"omitted":	false,
				"sender":	true
			}
		}, {
			"streams":	[{
					"socket":	6,
					"start":	3.000074,
					"end":	4.000076,
					"seconds":	1.0000020265579224,
					"bytes":	28835840,
					"bits_per_second":	230686252.50094742,
					"retransmits":	0,
					"snd_cwnd":	3299992,
					"snd_wnd":	3143552,
					"rtt":	105191,
					"rttvar":	306,
					"pmtu":	1500,
					"omitted":	false,
					"sender":	true
				}],
			"sum":	{
				"start":	3.000074,
				"end":	4.000076,
				"seconds":	1.0000020265579224,
				"bytes":	28835840,
				"bits_per_second":	230686252.50094742,
				"retransmits":	0,
				"omitted":	false,
				"sender":	true
			}
		}, {
			"streams":	[{
					"socket":	6,
					"start":	4.000076,
					"end":	5.000076,
					"seconds":	1,
					"bytes":	30146560,
					"bits_per_second":	241172480,
					"retransmits":	0,
					"snd_cwnd":	3299992,
					"snd_wnd":	3143552,
					"rtt":	103020,
					"rttvar":	3440,
					"pmtu":	1500,
					"omitted":	false,
					"sender":	true
				}],
			"sum":	{
				"start":	4.000076,
				"end":	5.000076,
				"seconds":	1,
				"bytes":	30146560,
				"bits_per_second":	241172480,
				"retransmits":	0,
				"omitted":	false,
				"sender":	true
			}
		}, {
			"streams":	[{
					"socket":	6,
					"start":	5.000076,
					"end":	6.000071,
					"seconds":	0.999994993209839,
					"bytes":	30146560,
					"bits_per_second":	241173687.50604573,
					"retransmits":	0,
					"snd_cwnd":	3299992,
					"snd_wnd":	3143552,
					"rtt":	102289,
					"rttvar":	962,
					"pmtu":	1500,
					"omitted":	false,
					"sender":	true
				}],
			"sum":	{
				"start":	5.000076,
				"end":	6.000071,
				"seconds":	0.999994993209839,
				"bytes":	30146560,
				"bits_per_second":	241173687.50604573,
				"retransmits":	0,
				"omitted":	false,
				"sender":	true
			}
		}, {
			"streams":	[{
					"socket":	6,
					"start":	6.000071,
					"end":	7.000082,
					"seconds":	1.0000109672546387,
					"bytes":	28835840,
					"bits_per_second":	230684190.02774686,
					"retransmits":	0,
					"snd_cwnd":	3299992,
					"snd_wnd":	3143552,
					"rtt":	104890,
					"rttvar":	1467,
					"pmtu":	1500,
					"omitted":	false,
					"sender":	true
				}],
			"sum":	{
				"start":	6.000071,
				"end":	7.000082,
				"seconds":	1.0000109672546387,
				"bytes":	28835840,
				"bits_per_second":	230684190.02774686,
				"retransmits":	0,
				"omitted":	false,
				"sender":	true
			}
		}, {
			"streams":	[{
					"socket":	6,
					"start":	7.000082,
					"end":	8.000077,
					"seconds":	0.999994993209839,
					"bytes":	30146560,
					"bits_per_second":	241173687.50604573,
					"retransmits":	0,
					"snd_cwnd":	3299992,
					"snd_wnd":	3143552,
					"rtt":	100170,
					"rttvar":	1619,
					"pmtu":	1500,
					"omitted":	false,
					"sender":	true
				}],
			"sum":	{
				"start":	7.000082,
				"end":	8.000077,
				"seconds":	0.999994993209839,
				"bytes":	30146560,
				"bits_per_second":	241173687.50604573,
				"retransmits":	0,
				"omitted":	false,
				"sender":	true
			}
		}, {
			"streams":	[{
					"socket":	6,
					"start":	8.000077,
					"end":	9.000067,
					"seconds":	0.99998998641967773,
					"bytes":	28835840,
					"bits_per_second":	230689030.02313161,
					"retransmits":	0,
					"snd_cwnd":	3299992,
					"snd_wnd":	3143552,
					"rtt":	105485,
					"rttvar":	487,
					"pmtu":	1500,
					"omitted":	false,
					"sender":	true
				}],
			"sum":	{
				"start":	8.000077,
				"end":	9.000067,
				"seconds":	0.99998998641967773,
				"bytes":	28835840,
				"bits_per_second":	230689030.02313161,
				"retransmits":	0,
				"omitted":	false,
				"sender":	true
			}
		}, {
			"streams":	[{
					"socket":	6,
					"start":	9.000067,
					"end":	10.000079,
					"seconds":	1.0000120401382446,
					"bytes":	30146560,
					"bits_per_second":	241169576.28496113,
					"retransmits":	0,
					"snd_cwnd":	3299992,
					"snd_wnd":	3143552,
					"rtt":	104024,
					"rttvar":	2049,
					"pmtu":	1500,
					"omitted":	false,
					"sender":	true
				}],
			"sum":	{
				"start":	9.000067,
				"end":	10.000079,
				"seconds":	1.0000120401382446,
				"bytes":	30146560,
				"bits_per_second":	241169576.28496113,
				"retransmits":	0,
				"omitted":	false,
				"sender":	true
			}
		}],
	"end":	{
		"streams":	[{
				"sender":	{
					"socket":	6,
					"start":	0,
					"end":	10.000079,
					"seconds":	10.000079,
					"bytes":	290717696,
					"bits_per_second":	232572319.47867614,
					"retransmits":	0,
					"max_snd_cwnd":	3299992,
					"max_snd_wnd":	3143552,
					"max_rtt":	105592,
					"min_rtt":	100170,
					"mean_rtt":	103912,
					"sender":	true
				},
				"receiver":	{
					"socket":	6,
					"start":	0,
					"end":	10.104856,
					"seconds":	10.000079,
					"bytes":	290617432,
					"bits_per_second":	230081404.029904,
					"sender":	true
				}
			}],
		"sum_sent":	{
			"start":	0,
			"end":	10.000079,
			"seconds":	10.000079,
			"bytes":	290717696,
			"bits_per_second":	232572319.47867614,
			"retransmits":	0,
			"sender":	true
		},
		"sum_received":	{
			"start":	0,
			"end":	10.104856,
			"seconds":	10.104856,
			"bytes":	290617432,
			"bits_per_second":	230081404.029904,
			"sender":	true
		},
		"cpu_utilization_percent":	{
			"host_total":	1.52994529073472,
			"host_user":	0.012239721671318557,
			"host_system":	1.5177155281534511,
			"remote_total":	2.2024830012623617,
			"remote_user":	0.1524314815393927,
			"remote_system":	2.050051519722969
		},
		"sender_tcp_congestion":	"cubic",
		"receiver_tcp_congestion":	"cubic"
	}
}
