{
	"start":	{
		"connected":	[{
				"socket":	6,
				"local_host":	"192.168.101.210",
				"local_port":	40536,
				"remote_host":	"192.168.100.168",
				"remote_port":	5201
			}],
		"version":	"iperf 3.11",
		"system_info":	"Linux f1 6.0.10-300.fc37.x86_64 #1 SMP PREEMPT_DYNAMIC Sat Nov 26 16:55:13 UTC 2022 x86_64",
		"timestamp":	{
			"time":	"Fri, 09 Dec 2022 23:22:13 GMT",
			"timesecs":	1670628133
		},
		"connecting_to":	{
			"host":	"192.168.100.168",
			"port":	5201
		},
		"cookie":	"yrclkdyc52t3m7vovehsitb7ae2vlzmqkv6u",
		"tcp_mss_default":	1448,
		"target_bitrate":	0,
		"sock_bufsize":	0,
		"sndbuf_actual":	16384,
		"rcvbuf_actual":	131072,
		"test_start":	{
			"protocol":	"TCP",
			"num_streams":	1,
			"blksize":	131072,
			"omit":	0,
			"duration":	10,
			"bytes":	0,
			"blocks":	0,
			"reverse":	0,
			"tos":	0,
			"target_bitrate":	0
		}
	},
	"intervals":	[{
			"streams":	[{
					"socket":	6,
					"start":	0,
					"end":	1.00031,
					"seconds":	1.000309944152832,
					"bytes":	7602176,
					"bits_per_second":	60798563.840637013,
					"retransmits":	495,
					"snd_cwnd":	198376,
					"snd_wnd":	3143552,
					"rtt":	52369,
					"rttvar":	1360,
					"pmtu":	1500,
					"omitted":	false,
					"sender":	true
				}],
			"sum":	{
				"start":	0,
				"end":	1.00031,
				"seconds":	1.000309944152832,
				"bytes":	7602176,
				"bits_per_second":	60798563.840637013,
				"retransmits":	495,
				"omitted":	false,
				"sender":	true
			}
		}, {
			"streams":	[{
					"socket":	6,
					"start":	1.00031,
					"end":	2.000597,
					"seconds":	1.0002870559692383,
					"bytes":	2621440,
					"bits_per_second":	20965501.727581024,
					"retransmits":	91,
					"snd_cwnd":	111496,
					"snd_wnd":	3143552,
					"rtt":	52099,
					"rttvar":	415,
					"pmtu":	1500,
					"omitted":	false,
					"sender":	true
				}],
			"sum":	{
				"start":	1.00031,
				"end":	2.000597,
				"seconds":	1.0002870559692383,
				"bytes":	2621440,
				"bits_per_second":	20965501.727581024,
				"retransmits":	91,
				"omitted":	false,
				"sender":	true
			}
		}, {
			"streams":	[{
					"socket":	6,
					"start":	2.000597,
					"end":	3.000431,
					"seconds":	0.99983400106430054,
					"bytes":	2621440,
					"bits_per_second":	20975001.82797974,
					"retransmits":	2,
					"snd_cwnd":	85432,
					"snd_wnd":	3145728,
					"rtt":	51639,
					"rttvar":	2513,
					"pmtu":	1500,
					"omitted":	false,
					"sender":	true
				}],
			"sum":	{
				"start":	2.000597,
				"end":	3.000431,
				"seconds":	0.99983400106430054,
				"bytes":	2621440,
				"bits_per_second":	20975001.82797974,
				"retransmits":	2,
				"omitted":	false,
				"sender":	true
			}
		}, {
			"streams":	[{
					"socket":	6,
					"start":	3.000431,
					"end":	4.000734,
					"seconds":	1.0003030300140381,
					"bytes":	1310720,
					"bits_per_second":	10482583.462586178,
					"retransmits":	16,
					"snd_cwnd":	52128,
					"snd_wnd":	3145728,
					"rtt":	50122,
					"rttvar":	91,
					"pmtu":	1500,
					"omitted":	false,
					"sender":	true
				}],
			"sum":	{
				"start":	3.000431,
				"end":	4.000734,
				"seconds":	1.0003030300140381,
				"bytes":	1310720,
				"bits_per_second":	10482583.462586178,
				"retransmits":	16,
				"omitted":	false,
				"sender":	true
			}
		}, {
			"streams":	[{
					"socket":	6,
					"start":	4.000734,
					"end":	5.000147,
					"seconds":	0.999413013458252,
					"bytes":	1310720,
					"bits_per_second":	10491918.615024135,
					"retransmits":	22,
					"snd_cwnd":	21720,
					"snd_wnd":	3145728,
					"rtt":	52837,
					"rttvar":	3923,
					"pmtu":	1500,
					"omitted":	false,
					"sender":	true
				}],
			"sum":	{
				"start":	4.000734,
				"end":	5.000147,
				"seconds":	0.999413013458252,
				"bytes":	1310720,
				"bits_per_second":	10491918.615024135,
				"retransmits":	22,
				"omitted":	false,
				"sender":	true
			}
		}, {
			"streams":	[{
					"socket":	6,
					"start":	5.000147,
					"end":	6.001042,
					"seconds":	1.0008950233459473,
					"bytes":	0,
					"bits_per_second":	0,
					"retransmits":	0,
					"snd_cwnd":	36200,
					"snd_wnd":	3145728,
					"rtt":	50399,
					"rttvar":	619,
					"pmtu":	1500,
					"omitted":	false,
					"sender":	true
				}],
			"sum":	{
				"start":	5.000147,
				"end":	6.001042,
				"seconds":	1.0008950233459473,
				"bytes":	0,
				"bits_per_second":	0,
				"retransmits":	0,
				"omitted":	false,
				"sender":	true
			}
		}, {
			"streams":	[{
					"socket":	6,
					"start":	6.001042,
					"end":	7.001033,
					"seconds":	0.999990999698639,
					"bytes":	0,
					"bits_per_second":	0,
					"retransmits":	42,
					"snd_cwnd":	14480,
					"snd_wnd":	3133312,
					"rtt":	50804,
					"rttvar":	866,
					"pmtu":	1500,
					"omitted":	false,
					"sender":	true
				}],
			"sum":	{
				"start":	6.001042,
				"end":	7.001033,
				"seconds":	0.999990999698639,
				"bytes":	0,
				"bits_per_second":	0,
				"retransmits":	42,
				"omitted":	false,
				"sender":	true
			}
		}, {
			"streams":	[{
					"socket":	6,
					"start":	7.001033,
					"end":	8.001034,
					"seconds":	1.0000009536743164,
					"bytes":	0,
					"bits_per_second":	0,
					"retransmits":	6,
					"snd_cwnd":	18824,
					"snd_wnd":	3145728,
					"rtt":	50292,
					"rttvar":	407,
					"pmtu":	1500,
					"omitted":	false,
					"sender":	true
				}],
			"sum":	{
				"start":	7.001033,
				"end":	8.001034,
				"seconds":	1.0000009536743164,
				"bytes":	0,
				"bits_per_second":	0,
				"retransmits":	6,
				"omitted":	false,
				"sender":	true
			}
		}, {
			"streams":	[{
					"socket":	6,
					"start":	8.001034,
					"end":	9.000727,
					"seconds":	0.999692976474762,
					"bytes":	1310720,
					"bits_per_second":	10488980.363727424,
					"retransmits":	4,
					"snd_cwnd":	23168,
					"snd_wnd":	3143552,
					"rtt":	53375,
					"rttvar":	4633,
					"pmtu":	1500,
					"omitted":	false,
					"sender":	true
				}],
			"sum":	{
				"start":	8.001034,
				"end":	9.000727,
				"seconds":	0.999692976474762,
				"bytes":	1310720,
				"bits_per_second":	10488980.363727424,
				"retransmits":	4,
				"omitted":	false,
				"sender":	true
			}
		}, {
			"streams":	[{
					"socket":	6,
					"start":	9.000727,
					"end":	10.001035,
					"seconds":	1.0003080368041992,
					"bytes":	0,
					"bits_per_second":	0,
					"retransmits":	0,
					"snd_cwnd":	36200,
					"snd_wnd":	3145728,
					"rtt":	50175,
					"rttvar":	209,
					"pmtu":	1500,
					"omitted":	false,
					"sender":	true
				}],
			"sum":	{
				"start":	9.000727,
				"end":	10.001035,
				"seconds":	1.0003080368041992,
				"bytes":	0,
				"bits_per_second":	0,
				"retransmits":	0,
				"omitted":	false,
				"sender":	true
			}
		}],
	"end":	{
		"streams":	[{
				"sender":	{
					"socket":	6,
					"start":	0,
					"end":	10.001035,
					"seconds":	10.001035,
					"bytes":	16777216,
					"bits_per_second":	13420383.790277706,
					"retransmits":	678,
					"max_snd_cwnd":	198376,
					"max_snd_wnd":	3145728,
					"max_rtt":	53375,
					"min_rtt":	50122,
					"mean_rtt":	51411,
					"sender":	true
				},
				"receiver":	{
					"socket":	6,
					"start":	0,
					"end":	10.053414,
					"seconds":	10.001035,
					"bytes":	13689392,
					"bits_per_second":	10893327.977938639,
					"sender":	true
				}
			}],
		"sum_sent":	{
			"start":	0,
			"end":	10.001035,
			"seconds":	10.001035,
			"bytes":	16777216,
			"bits_per_second":	13420383.790277706,
			"retransmits":	678,
			"sender":	true
		},
		"sum_received":	{
			"start":	0,
			"end":	10.053414,
			"seconds":	10.053414,
			"bytes":	13689392,
			"bits_per_second":	10893327.977938639,
			"sender":	true
		},
		"cpu_utilization_percent":	{
			"host_total":	0.537903805230538,
			"host_user":	0.068956999650068962,
			"host_system":	0.46892720160046891,
			"remote_total":	0.49808905882106025,
			"remote_user":	0.071915804199226468,
			"remote_system":	0.426183201482719
		},
		"sender_tcp_congestion":	"cubic",
		"receiver_tcp_congestion":	"cubic"
	}
}
