{
	"start":	{
		"connected":	[{
				"socket":	6,
				"local_host":	"192.168.101.210",
				"local_port":	46488,
				"remote_host":	"192.168.100.168",
				"remote_port":	5202
			}],
		"version":	"iperf 3.11",
		"system_info":	"Linux f1 6.0.10-300.fc37.x86_64 #1 SMP PREEMPT_DYNAMIC Sat Nov 26 16:55:13 UTC 2022 x86_64",
		"timestamp":	{
			"time":	"Fri, 09 Dec 2022 23:26:40 GMT",
			"timesecs":	1670628400
		},
		"connecting_to":	{
			"host":	"192.168.100.168",
			"port":	5202
		},
		"cookie":	"mawgi6xalah5yedsx34sgh37nxuuk77azkgk",
		"tcp_mss_default":	1448,
		"target_bitrate":	0,
		"sock_bufsize":	0,
		"sndbuf_actual":	16384,
		"rcvbuf_actual":	131072,
		"test_start":	{
			"protocol":	"TCP",
			"num_streams":	1,
			"blksize":	131072,
			"omit":	0,
			"duration":	10,
			"bytes":	0,
			"blocks":	0,
			"reverse":	0,
			"tos":	0,
			"target_bitrate":	0
		}
	},
	"intervals":	[{
			"streams":	[{
					"socket":	6,
					"start":	0,
					"end":	1.000157,
					"seconds":	1.0001569986343384,
					"bytes":	1384288,
					"bits_per_second":	11072565.622318674,
					"retransmits":	0,
					"snd_cwnd":	209960,
					"snd_wnd":	337280,
					"rtt":	200097,
					"rttvar":	11,
					"pmtu":	1500,
					"omitted":	false,
					"sender":	true
				}],
			"sum":	{
				"start":	0,
				"end":	1.000157,
				"seconds":	1.0001569986343384,
				"bytes":	1384288,
				"bits_per_second":	11072565.622318674,
				"retransmits":	0,
				"omitted":	false,
				"sender":	true
			}
		}, {
			"streams":	[{
					"socket":	6,
					"start":	1.000157,
					"end":	2.000066,
					"seconds":	0.999908983707428,
					"bytes":	8183968,
					"bits_per_second":	65477703.537822142,
					"retransmits":	0,
					"snd_cwnd":	5741320,
					"snd_wnd":	3141248,
					"rtt":	200082,
					"rttvar":	13,
					"pmtu":	1500,
					"omitted":	false,
					"sender":	true
				}],
			"sum":	{
				"start":	1.000157,
				"end":	2.000066,
				"seconds":	0.999908983707428,
				"bytes":	8183968,
				"bits_per_second":	65477703.537822142,
				"retransmits":	0,
				"omitted":	false,
				"sender":	true
			}
		}, {
			"streams":	[{
					"socket":	6,
					"start":	2.000066,
					"end":	3.000129,
					"seconds":	1.0000629425048828,
					"bytes":	13107200,
					"bits_per_second":	104851000.41539438,
					"retransmits":	0,
					"snd_cwnd":	9061584,
					"snd_wnd":	3143552,
					"rtt":	209483,
					"rttvar":	2642,
					"pmtu":	1500,
					"omitted":	false,
					"sender":	true
				}],
			"sum":	{
				"start":	2.000066,
				"end":	3.000129,
				"seconds":	1.0000629425048828,
				"bytes":	13107200,
				"bits_per_second":	104851000.41539438,
				"retransmits":	0,
				"omitted":	false,
				"sender":	true
			}
		}, {
			"streams":	[{
					"socket":	6,
					"start":	3.000129,
					"end":	4.000164,
					"seconds":	1.0000350475311279,
					"bytes":	14417920,
					"bits_per_second":	115339317.64167468,
					"retransmits":	0,
					"snd_cwnd":	9061584,
					"snd_wnd":	3143552,
					"rtt":	205159,
					"rttvar":	1488,
					"pmtu":	1500,
					"omitted":	false,
					"sender":	true
				}],
			"sum":	{
				"start":	3.000129,
				"end":	4.000164,
				"seconds":	1.0000350475311279,
				"bytes":	14417920,
				"bits_per_second":	115339317.64167468,
				"retransmits":	0,
				"omitted":	false,
				"sender":	true
			}
		}, {
			"streams":	[{
					"socket":	6,
					"start":	4.000164,
					"end":	5.000086,
					"seconds":	0.999921977519989,
					"bytes":	15728640,
					"bits_per_second":	125838938.26604547,
					"retransmits":	0,
					"snd_cwnd":	9126744,
					"snd_wnd":	3143552,
					"rtt":	209883,
					"rttvar":	3779,
					"pmtu":	1500,
					"omitted":	false,
					"sender":	true
				}],
			"sum":	{
				"start":	4.000164,
				"end":	5.000086,
				"seconds":	0.999921977519989,
				"bytes":	15728640,
				"bits_per_second":	125838938.26604547,
				"retransmits":	0,
				"omitted":	false,
				"sender":	true
			}
		}, {
			"streams":	[{
					"socket":	6,
					"start":	5.000086,
					"end":	6.000095,
					"seconds":	1.0000089406967163,
					"bytes":	14417920,
					"bits_per_second":	115342328.75922,
					"retransmits":	0,
					"snd_cwnd":	9126744,
					"snd_wnd":	3143552,
					"rtt":	209255,
					"rttvar":	1891,
					"pmtu":	1500,
					"omitted":	false,
					"sender":	true
				}],
			"sum":	{
				"start":	5.000086,
				"end":	6.000095,
				"seconds":	1.0000089406967163,
				"bytes":	14417920,
				"bits_per_second":	115342328.75922,
				"retransmits":	0,
				"omitted":	false,
				"sender":	true
			}
		}, {
			"streams":	[{
					"socket":	6,
					"start":	6.000095,
					"end":	7.000073,
					"seconds":	0.999978005886078,
					"bytes":	15728640,
					"bits_per_second":	125831887.56087005,
					"retransmits":	0,
					"snd_cwnd":	9126744,
					"snd_wnd":	3143552,
					"rtt":	205110,
					"rttvar":	2403,
					"pmtu":	1500,
					"omitted":	false,
					"sender":	true
				}],
			"sum":	{
				"start":	6.000095,
				"end":	7.000073,
				"seconds":	0.999978005886078,
				"bytes":	15728640,
				"bits_per_second":	125831887.56087005,
				"retransmits":	0,
				"omitted":	false,
				"sender":	true
			}
		}, {
			"streams":	[{
					"socket":	6,
					"start":	7.000073,
					"end":	8.000123,
					"seconds":	1.0000499486923218,
					"bytes":	13107200,
					"bits_per_second":	104852362.76159321,
					"retransmits":	0,
					"snd_cwnd":	9126744,
					"snd_wnd":	3143552,
					"rtt":	209655,
					"rttvar":	2434,
					"pmtu":	1500,
					"omitted":	false,
					"sender":	true
				}],
			"sum":	{
				"start":	7.000073,
				"end":	8.000123,
				"seconds":	1.0000499486923218,
				"bytes":	13107200,
				"bits_per_second":	104852362.76159321,
				"retransmits":	0,
				"omitted":	false,
				"sender":	true
			}
		}, {
			"streams":	[{
					"socket":	6,
					"start":	8.000123,
					"end":	9.000156,
					"seconds":	1.0000330209732056,
					"bytes":	14417920,
					"bits_per_second":	115339551.37576447,
					"retransmits":	0,
					"snd_cwnd":	9126744,
					"snd_wnd":	3143552,
					"rtt":	203899,
					"rttvar":	1343,
					"pmtu":	1500,
					"omitted":	false,
					"sender":	true
				}],
			"sum":	{
				"start":	8.000123,
				"end":	9.000156,
				"seconds":	1.0000330209732056,
				"bytes":	14417920,
				"bits_per_second":	115339551.37576447,
				"retransmits":	0,
				"omitted":	false,
				"sender":	true
			}
		}, {
			"streams":	[{
					"socket":	6,
					"start":	9.000156,
					"end":	10.000082,
					"seconds":	0.999925971031189,
					"bytes":	15728640,
					"bits_per_second":	125838435.6896309,
					"retransmits":	0,
					"snd_cwnd":	9126744,
					"snd_wnd":	3143552,
					"rtt":	208463,
					"rttvar":	2980,
					"pmtu":	1500,
					"omitted":	false,
					"sender":	true
				}],
			"sum":	{
				"start":	9.000156,
				"end":	10.000082,
				"seconds":	0.999925971031189,
				"bytes":	15728640,
				"bits_per_second":	125838435.6896309,
				"retransmits":	0,
				"omitted":	false,
				"sender":	true
			}
		}],
	"end":	{
		"streams":	[{
				"sender":	{
					"socket":	6,
					"start":	0,
					"end":	10.000082,
					"seconds":	10.000082,
					"bytes":	126222336,
					"bits_per_second":	100977040.78826553,
					"retransmits":	0,
					"max_snd_cwnd":	9126744,
					"max_snd_wnd":	3143552,
					"max_rtt":	209883,
					"min_rtt":	200082,
					"mean_rtt":	206108,
					"sender":	true
				},
				"receiver":	{
					"socket":	6,
					"start":	0,
					"end":	10.200569,
					"seconds":	10.000082,
					"bytes":	125842400,
					"bits_per_second":	98694415.9683641,
					"sender":	true
				}
			}],
		"sum_sent":	{
			"start":	0,
			"end":	10.000082,
			"seconds":	10.000082,
			"bytes":	126222336,
			"bits_per_second":	100977040.78826553,
			"retransmits":	0,
			"sender":	true
		},
		"sum_received":	{
			"start":	0,
			"end":	10.200569,
			"seconds":	10.200569,
			"bytes":	125842400,
			"bits_per_second":	98694415.9683641,
			"sender":	true
		},
		"cpu_utilization_percent":	{
			"host_total":	1.9847453616352491,
			"host_user":	0.22810855889902046,
			"host_system":	1.7566368027362289,
			"remote_total":	0.98511977791082028,
			"remote_user":	0.06404533386166894,
			"remote_system":	0.92105483733436122
		},
		"sender_tcp_congestion":	"bbr",
		"receiver_tcp_congestion":	"bbr"
	}
}
