{
	"start":	{
		"connected":	[{
				"socket":	6,
				"local_host":	"192.168.101.210",
				"local_port":	37576,
				"remote_host":	"192.168.100.168",
				"remote_port":	5201
			}],
		"version":	"iperf 3.11",
		"system_info":	"Linux f1 6.0.10-300.fc37.x86_64 #1 SMP PREEMPT_DYNAMIC Sat Nov 26 16:55:13 UTC 2022 x86_64",
		"timestamp":	{
			"time":	"Fri, 09 Dec 2022 23:25:21 GMT",
			"timesecs":	1670628321
		},
		"connecting_to":	{
			"host":	"192.168.100.168",
			"port":	5201
		},
		"cookie":	"oy2fvezyyrzodzyjnzcbfs6b75773iiagshc",
		"tcp_mss_default":	1448,
		"target_bitrate":	0,
		"sock_bufsize":	0,
		"sndbuf_actual":	16384,
		"rcvbuf_actual":	131072,
		"test_start":	{
			"protocol":	"TCP",
			"num_streams":	1,
			"blksize":	131072,
			"omit":	0,
			"duration":	10,
			"bytes":	0,
			"blocks":	0,
			"reverse":	0,
			"tos":	0,
			"target_bitrate":	0
		}
	},
	"intervals":	[{
			"streams":	[{
					"socket":	6,
					"start":	0,
					"end":	1.000129,
					"seconds":	1.0001289844512939,
					"bytes":	3818376,
					"bits_per_second":	30543068.419079132,
					"retransmits":	0,
					"snd_cwnd":	926720,
					"snd_wnd":	1716736,
					"rtt":	154860,
					"rttvar":	1424,
					"pmtu":	1500,
					"omitted":	false,
					"sender":	true
				}],
			"sum":	{
				"start":	0,
				"end":	1.000129,
				"seconds":	1.0001289844512939,
				"bytes":	3818376,
				"bits_per_second":	30543068.419079132,
				"retransmits":	0,
				"omitted":	false,
				"sender":	true
			}
		}, {
			"streams":	[{
					"socket":	6,
					"start":	1.000129,
					"end":	2.000104,
					"seconds":	0.999975025653839,
					"bytes":	11779192,
					"bits_per_second":	94235889.479724646,
					"retransmits":	815,
					"snd_cwnd":	2713552,
					"snd_wnd":	3145728,
					"rtt":	181668,
					"rttvar":	1195,
					"pmtu":	1500,
					"omitted":	false,
					"sender":	true
				}],
			"sum":	{
				"start":	1.000129,
				"end":	2.000104,
				"seconds":	0.999975025653839,
				"bytes":	11779192,
				"bits_per_second":	94235889.479724646,
				"retransmits":	815,
				"omitted":	false,
				"sender":	true
			}
		}, {
			"streams":	[{
					"socket":	6,
					"start":	2.000104,
					"end":	3.000117,
					"seconds":	1.000012993812561,
					"bytes":	10485760,
					"bits_per_second":	83884990.014163077,
					"retransmits":	360,
					"snd_cwnd":	1956248,
					"snd_wnd":	3145728,
					"rtt":	162123,
					"rttvar":	108,
					"pmtu":	1500,
					"omitted":	false,
					"sender":	true
				}],
			"sum":	{
				"start":	2.000104,
				"end":	3.000117,
				"seconds":	1.000012993812561,
				"bytes":	10485760,
				"bits_per_second":	83884990.014163077,
				"retransmits":	360,
				"omitted":	false,
				"sender":	true
			}
		}, {
			"streams":	[{
					"socket":	6,
					"start":	3.000117,
					"end":	4.000122,
					"seconds":	1.0000050067901611,
					"bytes":	13107200,
					"bits_per_second":	104857075.00262855,
					"retransmits":	0,
					"snd_cwnd":	2070640,
					"snd_wnd":	3145728,
					"rtt":	156602,
					"rttvar":	549,
					"pmtu":	1500,
					"omitted":	false,
					"sender":	true
				}],
			"sum":	{
				"start":	3.000117,
				"end":	4.000122,
				"seconds":	1.0000050067901611,
				"bytes":	13107200,
				"bits_per_second":	104857075.00262855,
				"retransmits":	0,
				"omitted":	false,
				"sender":	true
			}
		}, {
			"streams":	[{
					"socket":	6,
					"start":	4.000122,
					"end":	5.000102,
					"seconds":	0.99997997283935547,
					"bytes":	13107200,
					"bits_per_second":	104859700.04205789,
					"retransmits":	0,
					"snd_cwnd":	2158968,
					"snd_wnd":	3145728,
					"rtt":	159200,
					"rttvar":	68,
					"pmtu":	1500,
					"omitted":	false,
					"sender":	true
				}],
			"sum":	{
				"start":	4.000122,
				"end":	5.000102,
				"seconds":	0.99997997283935547,
				"bytes":	13107200,
				"bits_per_second":	104859700.04205789,
				"retransmits":	0,
				"omitted":	false,
				"sender":	true
			}
		}, {
			"streams":	[{
					"socket":	6,
					"start":	5.000102,
					"end":	6.000086,
					"seconds":	0.9999840259552002,
					"bytes":	14417920,
					"bits_per_second":	115345202.52943265,
					"retransmits":	0,
					"snd_cwnd":	2222680,
					"snd_wnd":	3145728,
					"rtt":	162022,
					"rttvar":	723,
					"pmtu":	1500,
					"omitted":	false,
					"sender":	true
				}],
			"sum":	{
				"start":	5.000102,
				"end":	6.000086,
				"seconds":	0.9999840259552002,
				"bytes":	14417920,
				"bits_per_second":	115345202.52943265,
				"retransmits":	0,
				"omitted":	false,
				"sender":	true
			}
		}, {
			"streams":	[{
					"socket":	6,
					"start":	6.000086,
					"end":	7.000091,
					"seconds":	1.0000050067901611,
					"bytes":	13107200,
					"bits_per_second":	104857075.00262855,
					"retransmits":	0,
					"snd_cwnd":	2266120,
					"snd_wnd":	3145728,
					"rtt":	163271,
					"rttvar":	631,
					"pmtu":	1500,
					"omitted":	false,
					"sender":	true
				}],
			"sum":	{
				"start":	6.000086,
				"end":	7.000091,
				"seconds":	1.0000050067901611,
				"bytes":	13107200,
				"bits_per_second":	104857075.00262855,
				"retransmits":	0,
				"omitted":	false,
				"sender":	true
			}
		}, {
			"streams":	[{
					"socket":	6,
					"start":	7.000091,
					"end":	8.000075,
					"seconds":	0.9999840259552002,
					"bytes":	14417920,
					"bits_per_second":	115345202.52943265,
					"retransmits":	0,
					"snd_cwnd":	2295080,
					"snd_wnd":	3145728,
					"rtt":	164105,
					"rttvar":	267,
					"pmtu":	1500,
					"omitted":	false,
					"sender":	true
				}],
			"sum":	{
				"start":	7.000091,
				"end":	8.000075,
				"seconds":	0.9999840259552002,
				"bytes":	14417920,
				"bits_per_second":	115345202.52943265,
				"retransmits":	0,
				"omitted":	false,
				"sender":	true
			}
		}, {
			"streams":	[{
					"socket":	6,
					"start":	8.000075,
					"end":	9.000121,
					"seconds":	1.0000460147857666,
					"bytes":	13107200,
					"bits_per_second":	104852775.22201112,
					"retransmits":	0,
					"snd_cwnd":	2311008,
					"snd_wnd":	3145728,
					"rtt":	164809,
					"rttvar":	523,
					"pmtu":	1500,
					"omitted":	false,
					"sender":	true
				}],
			"sum":	{
				"start":	8.000075,
				"end":	9.000121,
				"seconds":	1.0000460147857666,
				"bytes":	13107200,
				"bits_per_second":	104852775.22201112,
				"retransmits":	0,
				"omitted":	false,
				"sender":	true
			}
		}, {
			"streams":	[{
					"socket":	6,
					"start":	9.000121,
					"end":	10.000089,
					"seconds":	0.99996799230575562,
					"bytes":	14417920,
					"bits_per_second":	115347051.99317218,
					"retransmits":	0,
					"snd_cwnd":	2318248,
					"snd_wnd":	3145728,
					"rtt":	165922,
					"rttvar":	1338,
					"pmtu":	1500,
					"omitted":	false,
					"sender":	true
				}],
			"sum":	{
				"start":	9.000121,
				"end":	10.000089,
				"seconds":	0.99996799230575562,
				"bytes":	14417920,
				"bits_per_second":	115347051.99317218,
				"retransmits":	0,
				"omitted":	false,
				"sender":	true
			}
		}],
	"end":	{
		"streams":	[{
				"sender":	{
					"socket":	6,
					"start":	0,
					"end":	10.000089,
					"seconds":	10.000089,
					"bytes":	121765888,
					"bits_per_second":	97411843.434593439,
					"retransmits":	1175,
					"max_snd_cwnd":	2713552,
					"max_snd_wnd":	3145728,
					"max_rtt":	181668,
					"min_rtt":	154860,
					"mean_rtt":	163458,
					"sender":	true
				},
				"receiver":	{
					"socket":	6,
					"start":	0,
					"end":	10.165596,
					"seconds":	10.000089,
					"bytes":	120786968,
					"bits_per_second":	95055493.450654536,
					"sender":	true
				}
			}],
		"sum_sent":	{
			"start":	0,
			"end":	10.000089,
			"seconds":	10.000089,
			"bytes":	121765888,
			"bits_per_second":	97411843.434593439,
			"retransmits":	1175,
			"sender":	true
		},
		"sum_received":	{
			"start":	0,
			"end":	10.165596,
			"seconds":	10.165596,
			"bytes":	120786968,
			"bits_per_second":	95055493.450654536,
			"sender":	true
		},
		"cpu_utilization_percent":	{
			"host_total":	1.8169739430831351,
			"host_user":	0.20082745704012908,
			"host_system":	1.6161464860430057,
			"remote_total":	1.7669279069332779,
			"remote_user":	0.13557474662120619,
			"remote_system":	1.6313629974000579
		},
		"sender_tcp_congestion":	"cubic",
		"receiver_tcp_congestion":	"cubic"
	}
}
