{
	"start":	{
		"connected":	[{
				"socket":	6,
				"local_host":	"192.168.101.210",
				"local_port":	33362,
				"remote_host":	"192.168.100.168",
				"remote_port":	5201
			}],
		"version":	"iperf 3.11",
		"system_info":	"Linux f1 6.0.10-300.fc37.x86_64 #1 SMP PREEMPT_DYNAMIC Sat Nov 26 16:55:13 UTC 2022 x86_64",
		"timestamp":	{
			"time":	"Fri, 09 Dec 2022 23:19:45 GMT",
			"timesecs":	1670627985
		},
		"connecting_to":	{
			"host":	"192.168.100.168",
			"port":	5201
		},
		"cookie":	"ldb35tsypoc646e2borzl2kai2mb23svhasi",
		"tcp_mss_default":	1448,
		"target_bitrate":	0,
		"sock_bufsize":	0,
		"sndbuf_actual":	16384,
		"rcvbuf_actual":	131072,
		"test_start":	{
			"protocol":	"TCP",
			"num_streams":	1,
			"blksize":	131072,
			"omit":	0,
			"duration":	10,
			"bytes":	0,
			"blocks":	0,
			"reverse":	0,
			"tos":	0,
			"target_bitrate":	0
		}
	},
	"intervals":	[{
			"streams":	[{
					"socket":	6,
					"start":	0,
					"end":	1.000087,
					"seconds":	1.0000870227813721,
					"bytes":	26607616,
					"bits_per_second":	212842405.861848,
					"retransmits":	118,
					"snd_cwnd":	540104,
					"snd_wnd":	3145728,
					"rtt":	20398,
					"rttvar":	63,
					"pmtu":	1500,
					"omitted":	false,
					"sender":	true
				}],
			"sum":	{
				"start":	0,
				"end":	1.000087,
				"seconds":	1.0000870227813721,
				"bytes":	26607616,
				"bits_per_second":	212842405.861848,
				"retransmits":	118,
				"omitted":	false,
				"sender":	true
			}
		}, {
			"streams":	[{
					"socket":	6,
					"start":	1.000087,
					"end":	2.000081,
					"seconds":	0.99999397993087769,
					"bytes":	26214400,
					"bits_per_second":	209716462.5076004,
					"retransmits":	0,
					"snd_cwnd":	574856,
					"snd_wnd":	3145728,
					"rtt":	20546,
					"rttvar":	561,
					"pmtu":	1500,
					"omitted":	false,
					"sender":	true
				}],
			"sum":	{
				"start":	1.000087,
				"end":	2.000081,
				"seconds":	0.99999397993087769,
				"bytes":	26214400,
				"bits_per_second":	209716462.5076004,
				"retransmits":	0,
				"omitted":	false,
				"sender":	true
			}
		}, {
			"streams":	[{
					"socket":	6,
					"start":	2.000081,
					"end":	3.00007,
					"seconds":	0.99998897314071655,
					"bytes":	28835840,
					"bits_per_second":	230689263.77804989,
					"retransmits":	0,
					"snd_cwnd":	600920,
					"snd_wnd":	3145728,
					"rtt":	21564,
					"rttvar":	606,
					"pmtu":	1500,
					"omitted":	false,
					"sender":	true
				}],
			"sum":	{
				"start":	2.000081,
				"end":	3.00007,
				"seconds":	0.99998897314071655,
				"bytes":	28835840,
				"bits_per_second":	230689263.77804989,
				"retransmits":	0,
				"omitted":	false,
				"sender":	true
			}
		}, {
			"streams":	[{
					"socket":	6,
					"start":	3.00007,
					"end":	4.000084,
					"seconds":	1.0000139474868774,
					"bytes":	27525120,
					"bits_per_second":	220197888.79283562,
					"retransmits":	0,
					"snd_cwnd":	635672,
					"snd_wnd":	3145728,
					"rtt":	22149,
					"rttvar":	325,
					"pmtu":	1500,
					"omitted":	false,
					"sender":	true
				}],
			"sum":	{
				"start":	3.00007,
				"end":	4.000084,
				"seconds":	1.0000139474868774,
				"bytes":	27525120,
				"bits_per_second":	220197888.79283562,
				"retransmits":	0,
				"omitted":	false,
				"sender":	true
			}
		}, {
			"streams":	[{
					"socket":	6,
					"start":	4.000084,
					"end":	5.000093,
					"seconds":	1.0000089406967163,
					"bytes":	28835840,
					"bits_per_second":	230684657.51844,
					"retransmits":	0,
					"snd_cwnd":	670424,
					"snd_wnd":	3145728,
					"rtt":	22885,
					"rttvar":	35,
					"pmtu":	1500,
					"omitted":	false,
					"sender":	true
				}],
			"sum":	{
				"start":	4.000084,
				"end":	5.000093,
				"seconds":	1.0000089406967163,
				"bytes":	28835840,
				"bits_per_second":	230684657.51844,
				"retransmits":	0,
				"omitted":	false,
				"sender":	true
			}
		}, {
			"streams":	[{
					"socket":	6,
					"start":	5.000093,
					"end":	6.000074,
					"seconds":	0.99998098611831665,
					"bytes":	27525120,
					"bits_per_second":	220205146.95461026,
					"retransmits":	0,
					"snd_cwnd":	700832,
					"snd_wnd":	3145728,
					"rtt":	24007,
					"rttvar":	27,
					"pmtu":	1500,
					"omitted":	false,
					"sender":	true
				}],
			"sum":	{
				"start":	5.000093,
				"end":	6.000074,
				"seconds":	0.99998098611831665,
				"bytes":	27525120,
				"bits_per_second":	220205146.95461026,
				"retransmits":	0,
				"omitted":	false,
				"sender":	true
			}
		}, {
			"streams":	[{
					"socket":	6,
					"start":	6.000074,
					"end":	7.00007,
					"seconds":	0.9999960064888,
					"bytes":	28835840,
					"bits_per_second":	230687641.253679,
					"retransmits":	0,
					"snd_cwnd":	732688,
					"snd_wnd":	3145728,
					"rtt":	24894,
					"rttvar":	11,
					"pmtu":	1500,
					"omitted":	false,
					"sender":	true
				}],
			"sum":	{
				"start":	6.000074,
				"end":	7.00007,
				"seconds":	0.9999960064888,
				"bytes":	28835840,
				"bits_per_second":	230687641.253679,
				"retransmits":	0,
				"omitted":	false,
				"sender":	true
			}
		}, {
			"streams":	[{
					"socket":	6,
					"start":	7.00007,
					"end":	8.000077,
					"seconds":	1.0000070333480835,
					"bytes":	28835840,
					"bits_per_second":	230685097.51141152,
					"retransmits":	0,
					"snd_cwnd":	763096,
					"snd_wnd":	3145728,
					"rtt":	26148,
					"rttvar":	30,
					"pmtu":	1500,
					"omitted":	false,
					"sender":	true
				}],
			"sum":	{
				"start":	7.00007,
				"end":	8.000077,
				"seconds":	1.0000070333480835,
				"bytes":	28835840,
				"bits_per_second":	230685097.51141152,
				"retransmits":	0,
				"omitted":	false,
				"sender":	true
			}
		}, {
			"streams":	[{
					"socket":	6,
					"start":	8.000077,
					"end":	9.000076,
					"seconds":	0.99999898672103882,
					"bytes":	28835840,
					"bits_per_second":	230686953.75023687,
					"retransmits":	0,
					"snd_cwnd":	790608,
					"snd_wnd":	3145728,
					"rtt":	27174,
					"rttvar":	14,
					"pmtu":	1500,
					"omitted":	false,
					"sender":	true
				}],
			"sum":	{
				"start":	8.000077,
				"end":	9.000076,
				"seconds":	0.99999898672103882,
				"bytes":	28835840,
				"bits_per_second":	230686953.75023687,
				"retransmits":	0,
				"omitted":	false,
				"sender":	true
			}
		}, {
			"streams":	[{
					"socket":	6,
					"start":	9.000076,
					"end":	10.000085,
					"seconds":	1.0000089406967163,
					"bytes":	28835840,
					"bits_per_second":	230684657.51844,
					"retransmits":	0,
					"snd_cwnd":	819568,
					"snd_wnd":	3145728,
					"rtt":	28177,
					"rttvar":	34,
					"pmtu":	1500,
					"omitted":	false,
					"sender":	true
				}],
			"sum":	{
				"start":	9.000076,
				"end":	10.000085,
				"seconds":	1.0000089406967163,
				"bytes":	28835840,
				"bits_per_second":	230684657.51844,
				"retransmits":	0,
				"omitted":	false,
				"sender":	true
			}
		}],
	"end":	{
		"streams":	[{
				"sender":	{
					"socket":	6,
					"start":	0,
					"end":	10.000085,
					"seconds":	10.000085,
					"bytes":	280887296,
					"bits_per_second":	224707926.78262234,
					"retransmits":	118,
					"max_snd_cwnd":	819568,
					"max_snd_wnd":	3145728,
					"max_rtt":	28177,
					"min_rtt":	20398,
					"mean_rtt":	23794,
					"sender":	true
				},
				"receiver":	{
					"socket":	6,
					"start":	0,
					"end":	10.027362,
					"seconds":	10.000085,
					"bytes":	278404064,
					"bits_per_second":	222115498.77225935,
					"sender":	true
				}
			}],
		"sum_sent":	{
			"start":	0,
			"end":	10.000085,
			"seconds":	10.000085,
			"bytes":	280887296,
			"bits_per_second":	224707926.78262234,
			"retransmits":	118,
			"sender":	true
		},
		"sum_received":	{
			"start":	0,
			"end":	10.027362,
			"seconds":	10.027362,
			"bytes":	278404064,
			"bits_per_second":	222115498.77225935,
			"sender":	true
		},
		"cpu_utilization_percent":	{
			"host_total":	0.636836466107453,
			"host_user":	0.0050693052866367825,
			"host_system":	0.6317671608208163,
			"remote_total":	2.3495388422809085,
			"remote_user":	0.28152939773252655,
			"remote_system":	2.0680194172511
		},
		"sender_tcp_congestion":	"cubic",
		"receiver_tcp_congestion":	"cubic"
	}
}
