{
	"start":	{
		"connected":	[{
				"socket":	6,
				"local_host":	"192.168.101.210",
				"local_port":	36128,
				"remote_host":	"192.168.100.168",
				"remote_port":	5201
			}],
		"version":	"iperf 3.11",
		"system_info":	"Linux f1 6.0.10-300.fc37.x86_64 #1 SMP PREEMPT_DYNAMIC Sat Nov 26 16:55:13 UTC 2022 x86_64",
		"timestamp":	{
			"time":	"Fri, 09 Dec 2022 23:20:27 GMT",
			"timesecs":	1670628027
		},
		"connecting_to":	{
			"host":	"192.168.100.168",
			"port":	5201
		},
		"cookie":	"p26trpwsiaiwccz7jb5jx36jvp4de7n73qx3",
		"tcp_mss_default":	1448,
		"target_bitrate":	0,
		"sock_bufsize":	0,
		"sndbuf_actual":	16384,
		"rcvbuf_actual":	131072,
		"test_start":	{
			"protocol":	"TCP",
			"num_streams":	1,
			"blksize":	131072,
			"omit":	0,
			"duration":	10,
			"bytes":	0,
			"blocks":	0,
			"reverse":	0,
			"tos":	0,
			"target_bitrate":	0
		}
	},
	"intervals":	[{
			"streams":	[{
					"socket":	6,
					"start":	0,
					"end":	1.000311,
					"seconds":	1.000311017036438,
					"bytes":	7396384,
					"bits_per_second":	59152674.510476373,
					"retransmits":	531,
					"snd_cwnd":	37648,
					"snd_wnd":	2849792,
					"rtt":	11201,
					"rttvar":	221,
					"pmtu":	1500,
					"omitted":	false,
					"sender":	true
				}],
			"sum":	{
				"start":	0,
				"end":	1.000311,
				"seconds":	1.000311017036438,
				"bytes":	7396384,
				"bits_per_second":	59152674.510476373,
				"retransmits":	531,
				"omitted":	false,
				"sender":	true
			}
		}, {
			"streams":	[{
					"socket":	6,
					"start":	1.000311,
					"end":	2.000228,
					"seconds":	0.999916970729828,
					"bytes":	3323160,
					"bits_per_second":	26587487.539686132,
					"retransmits":	11,
					"snd_cwnd":	50680,
					"snd_wnd":	2849792,
					"rtt":	11230,
					"rttvar":	525,
					"pmtu":	1500,
					"omitted":	false,
					"sender":	true
				}],
			"sum":	{
				"start":	1.000311,
				"end":	2.000228,
				"seconds":	0.999916970729828,
				"bytes":	3323160,
				"bits_per_second":	26587487.539686132,
				"retransmits":	11,
				"omitted":	false,
				"sender":	true
			}
		}, {
			"streams":	[{
					"socket":	6,
					"start":	2.000228,
					"end":	3.000089,
					"seconds":	0.99986100196838379,
					"bytes":	4430880,
					"bits_per_second":	35451967.7537347,
					"retransmits":	13,
					"snd_cwnd":	57920,
					"snd_wnd":	2849792,
					"rtt":	12047,
					"rttvar":	246,
					"pmtu":	1500,
					"omitted":	false,
					"sender":	true
				}],
			"sum":	{
				"start":	2.000228,
				"end":	3.000089,
				"seconds":	0.99986100196838379,
				"bytes":	4430880,
				"bits_per_second":	35451967.7537347,
				"retransmits":	13,
				"omitted":	false,
				"sender":	true
			}
		}, {
			"streams":	[{
					"socket":	6,
					"start":	3.000089,
					"end":	4.000179,
					"seconds":	1.0000900030136108,
					"bytes":	4430880,
					"bits_per_second":	35443849.946690828,
					"retransmits":	17,
					"snd_cwnd":	70952,
					"snd_wnd":	2849792,
					"rtt":	11993,
					"rttvar":	668,
					"pmtu":	1500,
					"omitted":	false,
					"sender":	true
				}],
			"sum":	{
				"start":	3.000089,
				"end":	4.000179,
				"seconds":	1.0000900030136108,
				"bytes":	4430880,
				"bits_per_second":	35443849.946690828,
				"retransmits":	17,
				"omitted":	false,
				"sender":	true
			}
		}, {
			"streams":	[{
					"socket":	6,
					"start":	4.000179,
					"end":	5.000193,
					"seconds":	1.0000139474868774,
					"bytes":	5538600,
					"bits_per_second":	44308182.01221282,
					"retransmits":	19,
					"snd_cwnd":	55024,
					"snd_wnd":	2849792,
					"rtt":	11702,
					"rttvar":	102,
					"pmtu":	1500,
					"omitted":	false,
					"sender":	true
				}],
			"sum":	{
				"start":	4.000179,
				"end":	5.000193,
				"seconds":	1.0000139474868774,
				"bytes":	5538600,
				"bits_per_second":	44308182.01221282,
				"retransmits":	19,
				"omitted":	false,
				"sender":	true
			}
		}, {
			"streams":	[{
					"socket":	6,
					"start":	5.000193,
					"end":	6.000136,
					"seconds":	0.99994301795959473,
					"bytes":	5538600,
					"bits_per_second":	44311324.9497087,
					"retransmits":	9,
					"snd_cwnd":	68056,
					"snd_wnd":	2849792,
					"rtt":	11693,
					"rttvar":	278,
					"pmtu":	1500,
					"omitted":	false,
					"sender":	true
				}],
			"sum":	{
				"start":	5.000193,
				"end":	6.000136,
				"seconds":	0.99994301795959473,
				"bytes":	5538600,
				"bits_per_second":	44311324.9497087,
				"retransmits":	9,
				"omitted":	false,
				"sender":	true
			}
		}, {
			"streams":	[{
					"socket":	6,
					"start":	6.000136,
					"end":	7.000176,
					"seconds":	1.0000400543212891,
					"bytes":	5538600,
					"bits_per_second":	44307025.312172785,
					"retransmits":	20,
					"snd_cwnd":	76744,
					"snd_wnd":	2849792,
					"rtt":	10999,
					"rttvar":	280,
					"pmtu":	1500,
					"omitted":	false,
					"sender":	true
				}],
			"sum":	{
				"start":	6.000136,
				"end":	7.000176,
				"seconds":	1.0000400543212891,
				"bytes":	5538600,
				"bits_per_second":	44307025.312172785,
				"retransmits":	20,
				"omitted":	false,
				"sender":	true
			}
		}, {
			"streams":	[{
					"socket":	6,
					"start":	7.000176,
					"end":	8.000108,
					"seconds":	0.99993199110031128,
					"bytes":	6646320,
					"bits_per_second":	53174176.3172232,
					"retransmits":	11,
					"snd_cwnd":	79640,
					"snd_wnd":	2849792,
					"rtt":	11998,
					"rttvar":	156,
					"pmtu":	1500,
					"omitted":	false,
					"sender":	true
				}],
			"sum":	{
				"start":	7.000176,
				"end":	8.000108,
				"seconds":	0.99993199110031128,
				"bytes":	6646320,
				"bits_per_second":	53174176.3172232,
				"retransmits":	11,
				"omitted":	false,
				"sender":	true
			}
		}, {
			"streams":	[{
					"socket":	6,
					"start":	8.000108,
					"end":	9.000077,
					"seconds":	0.9999690055847168,
					"bytes":	6646320,
					"bits_per_second":	53172208.041497566,
					"retransmits":	16,
					"snd_cwnd":	82536,
					"snd_wnd":	2849792,
					"rtt":	12141,
					"rttvar":	204,
					"pmtu":	1500,
					"omitted":	false,
					"sender":	true
				}],
			"sum":	{
				"start":	8.000108,
				"end":	9.000077,
				"seconds":	0.9999690055847168,
				"bytes":	6646320,
				"bits_per_second":	53172208.041497566,
				"retransmits":	16,
				"omitted":	false,
				"sender":	true
			}
		}, {
			"streams":	[{
					"socket":	6,
					"start":	9.000077,
					"end":	10.000182,
					"seconds":	1.0001050233840942,
					"bytes":	4430880,
					"bits_per_second":	35443317.622839719,
					"retransmits":	34,
					"snd_cwnd":	49232,
					"snd_wnd":	2849792,
					"rtt":	11857,
					"rttvar":	413,
					"pmtu":	1500,
					"omitted":	false,
					"sender":	true
				}],
			"sum":	{
				"start":	9.000077,
				"end":	10.000182,
				"seconds":	1.0001050233840942,
				"bytes":	4430880,
				"bits_per_second":	35443317.622839719,
				"retransmits":	34,
				"omitted":	false,
				"sender":	true
			}
		}],
	"end":	{
		"streams":	[{
				"sender":	{
					"socket":	6,
					"start":	0,
					"end":	10.000182,
					"seconds":	10.000182,
					"bytes":	53920624,
					"bits_per_second":	43135714.130002834,
					"retransmits":	681,
					"max_snd_cwnd":	82536,
					"max_snd_wnd":	2849792,
					"max_rtt":	12141,
					"min_rtt":	10999,
					"mean_rtt":	11686,
					"sender":	true
				},
				"receiver":	{
					"socket":	6,
					"start":	0,
					"end":	10.012635,
					"seconds":	10.000182,
					"bytes":	51275128,
					"bits_per_second":	40968338.903795056,
					"sender":	true
				}
			}],
		"sum_sent":	{
			"start":	0,
			"end":	10.000182,
			"seconds":	10.000182,
			"bytes":	53920624,
			"bits_per_second":	43135714.130002834,
			"retransmits":	681,
			"sender":	true
		},
		"sum_received":	{
			"start":	0,
			"end":	10.012635,
			"seconds":	10.012635,
			"bytes":	51275128,
			"bits_per_second":	40968338.903795056,
			"sender":	true
		},
		"cpu_utilization_percent":	{
			"host_total":	0.17194166909997574,
			"host_user":	0.031251257320343118,
			"host_system":	0.14069041177963262,
			"remote_total":	1.8469441697085693,
			"remote_user":	0.15253708634689708,
			"remote_system":	1.6944070833616727
		},
		"sender_tcp_congestion":	"cubic",
		"receiver_tcp_congestion":	"cubic"
	}
}
