{
	"start":	{
		"connected":	[{
				"socket":	6,
				"local_host":	"192.168.101.210",
				"local_port":	60656,
				"remote_host":	"192.168.100.168",
				"remote_port":	5201
			}],
		"version":	"iperf 3.11",
		"system_info":	"Linux f1 6.0.10-300.fc37.x86_64 #1 SMP PREEMPT_DYNAMIC Sat Nov 26 16:55:13 UTC 2022 x86_64",
		"timestamp":	{
			"time":	"Fri, 09 Dec 2022 23:27:08 GMT",
			"timesecs":	1670628428
		},
		"connecting_to":	{
			"host":	"192.168.100.168",
			"port":	5201
		},
		"cookie":	"2ym64qmqvgvjikja2oymo5mczp36yw5ops3v",
		"tcp_mss_default":	1448,
		"target_bitrate":	0,
		"sock_bufsize":	0,
		"sndbuf_actual":	16384,
		"rcvbuf_actual":	131072,
		"test_start":	{
			"protocol":	"TCP",
			"num_streams":	1,
			"blksize":	131072,
			"omit":	0,
			"duration":	10,
			"bytes":	0,
			"blocks":	0,
			"reverse":	0,
			"tos":	0,
			"target_bitrate":	0
		}
	},
	"intervals":	[{
			"streams":	[{
					"socket":	6,
					"start":	0,
					"end":	1.000236,
					"seconds":	1.0002360343933105,
					"bytes":	1536328,
					"bits_per_second":	12287723.6745973,
					"retransmits":	0,
					"snd_cwnd":	228784,
					"snd_wnd":	322816,
					"rtt":	200079,
					"rttvar":	19,
					"pmtu":	1500,
					"omitted":	false,
					"sender":	true
				}],
			"sum":	{
				"start":	0,
				"end":	1.000236,
				"seconds":	1.0002360343933105,
				"bytes":	1536328,
				"bits_per_second":	12287723.6745973,
				"retransmits":	0,
				"omitted":	false,
				"sender":	true
			}
		}, {
			"streams":	[{
					"socket":	6,
					"start":	1.000236,
					"end":	2.000128,
					"seconds":	0.999891996383667,
					"bytes":	9080504,
					"bits_per_second":	72651878.665629268,
					"retransmits":	0,
					"snd_cwnd":	6649216,
					"snd_wnd":	3143552,
					"rtt":	246143,
					"rttvar":	525,
					"pmtu":	1500,
					"omitted":	false,
					"sender":	true
				}],
			"sum":	{
				"start":	1.000236,
				"end":	2.000128,
				"seconds":	0.999891996383667,
				"bytes":	9080504,
				"bits_per_second":	72651878.665629268,
				"retransmits":	0,
				"omitted":	false,
				"sender":	true
			}
		}, {
			"streams":	[{
					"socket":	6,
					"start":	2.000128,
					"end":	3.000123,
					"seconds":	0.999994993209839,
					"bytes":	14417920,
					"bits_per_second":	115343937.50289144,
					"retransmits":	0,
					"snd_cwnd":	6649216,
					"snd_wnd":	3143552,
					"rtt":	208511,
					"rttvar":	1486,
					"pmtu":	1500,
					"omitted":	false,
					"sender":	true
				}],
			"sum":	{
				"start":	2.000128,
				"end":	3.000123,
				"seconds":	0.999994993209839,
				"bytes":	14417920,
				"bits_per_second":	115343937.50289144,
				"retransmits":	0,
				"omitted":	false,
				"sender":	true
			}
		}, {
			"streams":	[{
					"socket":	6,
					"start":	3.000123,
					"end":	4.000079,
					"seconds":	0.99995601177215576,
					"bytes":	15728640,
					"bits_per_second":	125834655.24348556,
					"retransmits":	0,
					"snd_cwnd":	6649216,
					"snd_wnd":	3143552,
					"rtt":	206186,
					"rttvar":	2503,
					"pmtu":	1500,
					"omitted":	false,
					"sender":	true
				}],
			"sum":	{
				"start":	3.000123,
				"end":	4.000079,
				"seconds":	0.99995601177215576,
				"bytes":	15728640,
				"bits_per_second":	125834655.24348556,
				"retransmits":	0,
				"omitted":	false,
				"sender":	true
			}
		}, {
			"streams":	[{
					"socket":	6,
					"start":	4.000079,
					"end":	5.00008,
					"seconds":	1.0000009536743164,
					"bytes":	14417920,
					"bits_per_second":	115343250.0001049,
					"retransmits":	0,
					"snd_cwnd":	6649216,
					"snd_wnd":	3143552,
					"rtt":	206356,
					"rttvar":	2522,
					"pmtu":	1500,
					"omitted":	false,
					"sender":	true
				}],
			"sum":	{
				"start":	4.000079,
				"end":	5.00008,
				"seconds":	1.0000009536743164,
				"bytes":	14417920,
				"bits_per_second":	115343250.0001049,
				"retransmits":	0,
				"omitted":	false,
				"sender":	true
			}
		}, {
			"streams":	[{
					"socket":	6,
					"start":	5.00008,
					"end":	6.000083,
					"seconds":	1.0000029802322388,
					"bytes":	14417920,
					"bits_per_second":	115343016.25102445,
					"retransmits":	0,
					"snd_cwnd":	6649216,
					"snd_wnd":	3143552,
					"rtt":	208199,
					"rttvar":	2846,
					"pmtu":	1500,
					"omitted":	false,
					"sender":	true
				}],
			"sum":	{
				"start":	5.00008,
				"end":	6.000083,
				"seconds":	1.0000029802322388,
				"bytes":	14417920,
				"bits_per_second":	115343016.25102445,
				"retransmits":	0,
				"omitted":	false,
				"sender":	true
			}
		}, {
			"streams":	[{
					"socket":	6,
					"start":	6.000083,
					"end":	7.000154,
					"seconds":	1.0000710487365723,
					"bytes":	14417920,
					"bits_per_second":	115335165.58220303,
					"retransmits":	0,
					"snd_cwnd":	6649216,
					"snd_wnd":	3143552,
					"rtt":	207518,
					"rttvar":	1129,
					"pmtu":	1500,
					"omitted":	false,
					"sender":	true
				}],
			"sum":	{
				"start":	6.000083,
				"end":	7.000154,
				"seconds":	1.0000710487365723,
				"bytes":	14417920,
				"bits_per_second":	115335165.58220303,
				"retransmits":	0,
				"omitted":	false,
				"sender":	true
			}
		}, {
			"streams":	[{
					"socket":	6,
					"start":	7.000154,
					"end":	8.000142,
					"seconds":	0.9999880194664,
					"bytes":	14417920,
					"bits_per_second":	115344741.8915558,
					"retransmits":	0,
					"snd_cwnd":	6649216,
					"snd_wnd":	3143552,
					"rtt":	207616,
					"rttvar":	1436,
					"pmtu":	1500,
					"omitted":	false,
					"sender":	true
				}],
			"sum":	{
				"start":	7.000154,
				"end":	8.000142,
				"seconds":	0.9999880194664,
				"bytes":	14417920,
				"bits_per_second":	115344741.8915558,
				"retransmits":	0,
				"omitted":	false,
				"sender":	true
			}
		}, {
			"streams":	[{
					"socket":	6,
					"start":	8.000142,
					"end":	9.000096,
					"seconds":	0.9999539852142334,
					"bytes":	15728640,
					"bits_per_second":	125834910.26643787,
					"retransmits":	0,
					"snd_cwnd":	6649216,
					"snd_wnd":	3143552,
					"rtt":	205547,
					"rttvar":	2636,
					"pmtu":	1500,
					"omitted":	false,
					"sender":	true
				}],
			"sum":	{
				"start":	8.000142,
				"end":	9.000096,
				"seconds":	0.9999539852142334,
				"bytes":	15728640,
				"bits_per_second":	125834910.26643787,
				"retransmits":	0,
				"omitted":	false,
				"sender":	true
			}
		}, {
			"streams":	[{
					"socket":	6,
					"start":	9.000096,
					"end":	10.000088,
					"seconds":	0.9999920129776,
					"bytes":	15728640,
					"bits_per_second":	125830125.008027,
					"retransmits":	0,
					"snd_cwnd":	6649216,
					"snd_wnd":	3143552,
					"rtt":	207679,
					"rttvar":	951,
					"pmtu":	1500,
					"omitted":	false,
					"sender":	true
				}],
			"sum":	{
				"start":	9.000096,
				"end":	10.000088,
				"seconds":	0.9999920129776,
				"bytes":	15728640,
				"bits_per_second":	125830125.008027,
				"retransmits":	0,
				"omitted":	false,
				"sender":	true
			}
		}],
	"end":	{
		"streams":	[{
				"sender":	{
					"socket":	6,
					"start":	0,
					"end":	10.000088,
					"seconds":	10.000088,
					"bytes":	129892352,
					"bits_per_second":	103912967.16588894,
					"retransmits":	0,
					"max_snd_cwnd":	6649216,
					"max_snd_wnd":	3143552,
					"max_rtt":	246143,
					"min_rtt":	200079,
					"mean_rtt":	210383,
					"sender":	true
				},
				"receiver":	{
					"socket":	6,
					"start":	0,
					"end":	10.210107,
					"seconds":	10.000088,
					"bytes":	129099736,
					"bits_per_second":	101154462.72992045,
					"sender":	true
				}
			}],
		"sum_sent":	{
			"start":	0,
			"end":	10.000088,
			"seconds":	10.000088,
			"bytes":	129892352,
			"bits_per_second":	103912967.16588894,
			"retransmits":	0,
			"sender":	true
		},
		"sum_received":	{
			"start":	0,
			"end":	10.210107,
			"seconds":	10.210107,
			"bytes":	129099736,
			"bits_per_second":	101154462.72992045,
			"sender":	true
		},
		"cpu_utilization_percent":	{
			"host_total":	2.49299093086678,
			"host_user":	0.254736369845176,
			"host_system":	2.2382638191124586,
			"remote_total":	0.876199214485313,
			"remote_user":	0.10996931378188368,
			"remote_system":	0.76622990070342956
		},
		"sender_tcp_congestion":	"cubic",
		"receiver_tcp_congestion":	"cubic"
	}
}
