{
	"start":	{
		"connected":	[{
				"socket":	6,
				"local_host":	"192.168.101.210",
				"local_port":	55264,
				"remote_host":	"192.168.100.168",
				"remote_port":	5201
			}],
		"version":	"iperf 3.11",
		"system_info":	"Linux f1 6.0.10-300.fc37.x86_64 #1 SMP PREEMPT_DYNAMIC Sat Nov 26 16:55:13 UTC 2022 x86_64",
		"timestamp":	{
			"time":	"Fri, 09 Dec 2022 23:22:24 GMT",
			"timesecs":	1670628144
		},
		"connecting_to":	{
			"host":	"192.168.100.168",
			"port":	5201
		},
		"cookie":	"mti36ergwkmckdsf6cxm7fpxobj3ap5uhb5q",
		"tcp_mss_default":	1448,
		"target_bitrate":	0,
		"sock_bufsize":	0,
		"sndbuf_actual":	16384,
		"rcvbuf_actual":	131072,
		"test_start":	{
			"protocol":	"TCP",
			"num_streams":	1,
			"blksize":	131072,
			"omit":	0,
			"duration":	10,
			"bytes":	0,
			"blocks":	0,
			"reverse":	0,
			"tos":	0,
			"target_bitrate":	0
		}
	},
	"intervals":	[{
			"streams":	[{
					"socket":	6,
					"start":	0,
					"end":	1.00008,
					"seconds":	1.0000799894332886,
					"bytes":	16646144,
					"bits_per_second":	133158500.7269893,
					"retransmits":	1444,
					"snd_cwnd":	1301752,
					"snd_wnd":	3145728,
					"rtt":	80625,
					"rttvar":	1519,
					"pmtu":	1500,
					"omitted":	false,
					"sender":	true
				}],
			"sum":	{
				"start":	0,
				"end":	1.00008,
				"seconds":	1.0000799894332886,
				"bytes":	16646144,
				"bits_per_second":	133158500.7269893,
				"retransmits":	1444,
				"omitted":	false,
				"sender":	true
			}
		}, {
			"streams":	[{
					"socket":	6,
					"start":	1.00008,
					"end":	2.000077,
					"seconds":	0.99999701976776123,
					"bytes":	13107200,
					"bits_per_second":	104857912.50093132,
					"retransmits":	148,
					"snd_cwnd":	679112,
					"snd_wnd":	3145728,
					"rtt":	65049,
					"rttvar":	1096,
					"pmtu":	1500,
					"omitted":	false,
					"sender":	true
				}],
			"sum":	{
				"start":	1.00008,
				"end":	2.000077,
				"seconds":	0.99999701976776123,
				"bytes":	13107200,
				"bits_per_second":	104857912.50093132,
				"retransmits":	148,
				"omitted":	false,
				"sender":	true
			}
		}, {
			"streams":	[{
					"socket":	6,
					"start":	2.000077,
					"end":	3.000112,
					"seconds":	1.0000350475311279,
					"bytes":	10485760,
					"bits_per_second":	83883140.103036135,
					"retransmits":	0,
					"snd_cwnd":	735584,
					"snd_wnd":	3145728,
					"rtt":	72805,
					"rttvar":	225,
					"pmtu":	1500,
					"omitted":	false,
					"sender":	true
				}],
			"sum":	{
				"start":	2.000077,
				"end":	3.000112,
				"seconds":	1.0000350475311279,
				"bytes":	10485760,
				"bits_per_second":	83883140.103036135,
				"retransmits":	0,
				"omitted":	false,
				"sender":	true
			}
		}, {
			"streams":	[{
					"socket":	6,
					"start":	3.000112,
					"end":	4.000108,
					"seconds":	0.9999960064888,
					"bytes":	9175040,
					"bits_per_second":	73400613.1261706,
					"retransmits":	10,
					"snd_cwnd":	553136,
					"snd_wnd":	3145728,
					"rtt":	58843,
					"rttvar":	133,
					"pmtu":	1500,
					"omitted":	false,
					"sender":	true
				}],
			"sum":	{
				"start":	3.000112,
				"end":	4.000108,
				"seconds":	0.9999960064888,
				"bytes":	9175040,
				"bits_per_second":	73400613.1261706,
				"retransmits":	10,
				"omitted":	false,
				"sender":	true
			}
		}, {
			"streams":	[{
					"socket":	6,
					"start":	4.000108,
					"end":	5.000169,
					"seconds":	1.00006103515625,
					"bytes":	7864320,
					"bits_per_second":	62910720.2343607,
					"retransmits":	0,
					"snd_cwnd":	595128,
					"snd_wnd":	3145728,
					"rtt":	76319,
					"rttvar":	34,
					"pmtu":	1500,
					"omitted":	false,
					"sender":	true
				}],
			"sum":	{
				"start":	4.000108,
				"end":	5.000169,
				"seconds":	1.00006103515625,
				"bytes":	7864320,
				"bits_per_second":	62910720.2343607,
				"retransmits":	0,
				"omitted":	false,
				"sender":	true
			}
		}, {
			"streams":	[{
					"socket":	6,
					"start":	5.000169,
					"end":	6.000096,
					"seconds":	0.99992698431015,
					"bytes":	7864320,
					"bits_per_second":	62919154.085440315,
					"retransmits":	12,
					"snd_cwnd":	454672,
					"snd_wnd":	3145728,
					"rtt":	63778,
					"rttvar":	316,
					"pmtu":	1500,
					"omitted":	false,
					"sender":	true
				}],
			"sum":	{
				"start":	5.000169,
				"end":	6.000096,
				"seconds":	0.99992698431015,
				"bytes":	7864320,
				"bits_per_second":	62919154.085440315,
				"retransmits":	12,
				"omitted":	false,
				"sender":	true
			}
		}, {
			"streams":	[{
					"socket":	6,
					"start":	6.000096,
					"end":	7.00016,
					"seconds":	1.0000640153884888,
					"bytes":	6553600,
					"bits_per_second":	52425443.9648379,
					"retransmits":	0,
					"snd_cwnd":	483632,
					"snd_wnd":	3145728,
					"rtt":	62643,
					"rttvar":	228,
					"pmtu":	1500,
					"omitted":	false,
					"sender":	true
				}],
			"sum":	{
				"start":	6.000096,
				"end":	7.00016,
				"seconds":	1.0000640153884888,
				"bytes":	6553600,
				"bits_per_second":	52425443.9648379,
				"retransmits":	0,
				"omitted":	false,
				"sender":	true
			}
		}, {
			"streams":	[{
					"socket":	6,
					"start":	7.00016,
					"end":	8.000149,
					"seconds":	0.99998897314071655,
					"bytes":	6553600,
					"bits_per_second":	52429378.13137497,
					"retransmits":	5,
					"snd_cwnd":	362000,
					"snd_wnd":	3145728,
					"rtt":	58786,
					"rttvar":	1000,
					"pmtu":	1500,
					"omitted":	false,
					"sender":	true
				}],
			"sum":	{
				"start":	7.00016,
				"end":	8.000149,
				"seconds":	0.99998897314071655,
				"bytes":	6553600,
				"bits_per_second":	52429378.13137497,
				"retransmits":	5,
				"omitted":	false,
				"sender":	true
			}
		}, {
			"streams":	[{
					"socket":	6,
					"start":	8.000149,
					"end":	9.000183,
					"seconds":	1.000033974647522,
					"bytes":	5242880,
					"bits_per_second":	41941615.048412226,
					"retransmits":	0,
					"snd_cwnd":	390960,
					"snd_wnd":	3145728,
					"rtt":	57497,
					"rttvar":	807,
					"pmtu":	1500,
					"omitted":	false,
					"sender":	true
				}],
			"sum":	{
				"start":	8.000149,
				"end":	9.000183,
				"seconds":	1.000033974647522,
				"bytes":	5242880,
				"bits_per_second":	41941615.048412226,
				"retransmits":	0,
				"omitted":	false,
				"sender":	true
			}
		}, {
			"streams":	[{
					"socket":	6,
					"start":	9.000183,
					"end":	10.000288,
					"seconds":	1.0001050233840942,
					"bytes":	5242880,
					"bits_per_second":	41938635.462579422,
					"retransmits":	4,
					"snd_cwnd":	293944,
					"snd_wnd":	3145728,
					"rtt":	64589,
					"rttvar":	2426,
					"pmtu":	1500,
					"omitted":	false,
					"sender":	true
				}],
			"sum":	{
				"start":	9.000183,
				"end":	10.000288,
				"seconds":	1.0001050233840942,
				"bytes":	5242880,
				"bits_per_second":	41938635.462579422,
				"retransmits":	4,
				"omitted":	false,
				"sender":	true
			}
		}],
	"end":	{
		"streams":	[{
				"sender":	{
					"socket":	6,
					"start":	0,
					"end":	10.000288,
					"seconds":	10.000288,
					"bytes":	88735744,
					"bits_per_second":	70986550.787337333,
					"retransmits":	1623,
					"max_snd_cwnd":	1301752,
					"max_snd_wnd":	3145728,
					"max_rtt":	80625,
					"min_rtt":	57497,
					"mean_rtt":	66093,
					"sender":	true
				},
				"receiver":	{
					"socket":	6,
					"start":	0,
					"end":	10.057593,
					"seconds":	10.000288,
					"bytes":	86321072,
					"bits_per_second":	68661415.9073647,
					"sender":	true
				}
			}],
		"sum_sent":	{
			"start":	0,
			"end":	10.000288,
			"seconds":	10.000288,
			"bytes":	88735744,
			"bits_per_second":	70986550.787337333,
			"retransmits":	1623,
			"sender":	true
		},
		"sum_received":	{
			"start":	0,
			"end":	10.057593,
			"seconds":	10.057593,
			"bytes":	86321072,
			"bits_per_second":	68661415.9073647,
			"sender":	true
		},
		"cpu_utilization_percent":	{
			"host_total":	0.66448572909877379,
			"host_user":	0.071186147265925551,
			"host_system":	0.59331918694088071,
			"remote_total":	1.910802630367505,
			"remote_user":	0.054247501840895336,
			"remote_system":	1.8565451858026654
		},
		"sender_tcp_congestion":	"cubic",
		"receiver_tcp_congestion":	"cubic"
	}
}
