{
	"start":	{
		"connected":	[{
				"socket":	6,
				"local_host":	"192.168.101.210",
				"local_port":	51018,
				"remote_host":	"192.168.100.168",
				"remote_port":	5201
			}],
		"version":	"iperf 3.11",
		"system_info":	"Linux f1 6.0.10-300.fc37.x86_64 #1 SMP PREEMPT_DYNAMIC Sat Nov 26 16:55:13 UTC 2022 x86_64",
		"timestamp":	{
			"time":	"Fri, 09 Dec 2022 23:21:09 GMT",
			"timesecs":	1670628069
		},
		"connecting_to":	{
			"host":	"192.168.100.168",
			"port":	5201
		},
		"cookie":	"adajfu3o4gfcfywsfbvuznmeiz7jrh7zeote",
		"tcp_mss_default":	1448,
		"target_bitrate":	0,
		"sock_bufsize":	0,
		"sndbuf_actual":	16384,
		"rcvbuf_actual":	131072,
		"test_start":	{
			"protocol":	"TCP",
			"num_streams":	1,
			"blksize":	131072,
			"omit":	0,
			"duration":	10,
			"bytes":	0,
			"blocks":	0,
			"reverse":	0,
			"tos":	0,
			"target_bitrate":	0
		}
	},
	"intervals":	[{
			"streams":	[{
					"socket":	6,
					"start":	0,
					"end":	1.000082,
					"seconds":	1.0000820159912109,
					"bytes":	22544384,
					"bits_per_second":	180340281.21308106,
					"retransmits":	0,
					"snd_cwnd":	1503024,
					"snd_wnd":	3110528,
					"rtt":	53323,
					"rttvar":	668,
					"pmtu":	1500,
					"omitted":	false,
					"sender":	true
				}],
			"sum":	{
				"start":	0,
				"end":	1.000082,
				"seconds":	1.0000820159912109,
				"bytes":	22544384,
				"bits_per_second":	180340281.21308106,
				"retransmits":	0,
				"omitted":	false,
				"sender":	true
			}
		}, {
			"streams":	[{
					"socket":	6,
					"start":	1.000082,
					"end":	2.000077,
					"seconds":	0.999994993209839,
					"bytes":	27525120,
					"bits_per_second":	220202062.50552,
					"retransmits":	0,
					"snd_cwnd":	2911928,
					"snd_wnd":	3141248,
					"rtt":	95527,
					"rttvar":	669,
					"pmtu":	1500,
					"omitted":	false,
					"sender":	true
				}],
			"sum":	{
				"start":	1.000082,
				"end":	2.000077,
				"seconds":	0.999994993209839,
				"bytes":	27525120,
				"bits_per_second":	220202062.50552,
				"retransmits":	0,
				"omitted":	false,
				"sender":	true
			}
		}, {
			"streams":	[{
					"socket":	6,
					"start":	2.000077,
					"end":	3.000075,
					"seconds":	0.99999797344207764,
					"bytes":	30146560,
					"bits_per_second":	241172968.75099048,
					"retransmits":	0,
					"snd_cwnd":	3295648,
					"snd_wnd":	3141248,
					"rtt":	100446,
					"rttvar":	1743,
					"pmtu":	1500,
					"omitted":	false,
					"sender":	true
				}],
			"sum":	{
				"start":	2.000077,
				"end":	3.000075,
				"seconds":	0.99999797344207764,
				"bytes":	30146560,
				"bits_per_second":	241172968.75099048,
				"retransmits":	0,
				"omitted":	false,
				"sender":	true
			}
		}, {
			"streams":	[{
					"socket":	6,
					"start":	3.000075,
					"end":	4.000089,
					"seconds":	1.0000139474868774,
					"bytes":	28835840,
					"bits_per_second":	230683502.54487541,
					"retransmits":	0,
					"snd_cwnd":	3295648,
					"snd_wnd":	3141248,
					"rtt":	104586,
					"rttvar":	1001,
					"pmtu":	1500,
					"omitted":	false,
					"sender":	true
				}],
			"sum":	{
				"start":	3.000075,
				"end":	4.000089,
				"seconds":	1.0000139474868774,
				"bytes":	28835840,
				"bits_per_second":	230683502.54487541,
				"retransmits":	0,
				"omitted":	false,
				"sender":	true
			}
		}, {
			"streams":	[{
					"socket":	6,
					"start":	4.000089,
					"end":	5.000093,
					"seconds":	1.0000040531158447,
					"bytes":	30146560,
					"bits_per_second":	241171502.50396189,
					"retransmits":	0,
					"snd_cwnd":	3295648,
					"snd_wnd":	3141248,
					"rtt":	99860,
					"rttvar":	1471,
					"pmtu":	1500,
					"omitted":	false,
					"sender":	true
				}],
			"sum":	{
				"start":	4.000089,
				"end":	5.000093,
				"seconds":	1.0000040531158447,
				"bytes":	30146560,
				"bits_per_second":	241171502.50396189,
				"retransmits":	0,
				"omitted":	false,
				"sender":	true
			}
		}, {
			"streams":	[{
					"socket":	6,
					"start":	5.000093,
					"end":	6.000089,
					"seconds":	0.9999960064888,
					"bytes":	28835840,
					"bits_per_second":	230687641.253679,
					"retransmits":	0,
					"snd_cwnd":	3295648,
					"snd_wnd":	3141248,
					"rtt":	104666,
					"rttvar":	532,
					"pmtu":	1500,
					"omitted":	false,
					"sender":	true
				}],
			"sum":	{
				"start":	5.000093,
				"end":	6.000089,
				"seconds":	0.9999960064888,
				"bytes":	28835840,
				"bits_per_second":	230687641.253679,
				"retransmits":	0,
				"omitted":	false,
				"sender":	true
			}
		}, {
			"streams":	[{
					"socket":	6,
					"start":	6.000089,
					"end":	7.000077,
					"seconds":	0.9999880194664,
					"bytes":	30146560,
					"bits_per_second":	241175369.40961668,
					"retransmits":	0,
					"snd_cwnd":	3295648,
					"snd_wnd":	3141248,
					"rtt":	103350,
					"rttvar":	2386,
					"pmtu":	1500,
					"omitted":	false,
					"sender":	true
				}],
			"sum":	{
				"start":	6.000089,
				"end":	7.000077,
				"seconds":	0.9999880194664,
				"bytes":	30146560,
				"bits_per_second":	241175369.40961668,
				"retransmits":	0,
				"omitted":	false,
				"sender":	true
			}
		}, {
			"streams":	[{
					"socket":	6,
					"start":	7.000077,
					"end":	8.000071,
					"seconds":	0.99999397993087769,
					"bytes":	30146560,
					"bits_per_second":	241173931.88374045,
					"retransmits":	0,
					"snd_cwnd":	3295648,
					"snd_wnd":	3141248,
					"rtt":	99458,
					"rttvar":	1750,
					"pmtu":	1500,
					"omitted":	false,
					"sender":	true
				}],
			"sum":	{
				"start":	7.000077,
				"end":	8.000071,
				"seconds":	0.99999397993087769,
				"bytes":	30146560,
				"bits_per_second":	241173931.88374045,
				"retransmits":	0,
				"omitted":	false,
				"sender":	true
			}
		}, {
			"streams":	[{
					"socket":	6,
					"start":	8.000071,
					"end":	9.000077,
					"seconds":	1.0000059604644775,
					"bytes":	28835840,
					"bits_per_second":	230685345.00819558,
					"retransmits":	0,
					"snd_cwnd":	3295648,
					"snd_wnd":	3141248,
					"rtt":	104524,
					"rttvar":	612,
					"pmtu":	1500,
					"omitted":	false,
					"sender":	true
				}],
			"sum":	{
				"start":	8.000071,
				"end":	9.000077,
				"seconds":	1.0000059604644775,
				"bytes":	28835840,
				"bits_per_second":	230685345.00819558,
				"retransmits":	0,
				"omitted":	false,
				"sender":	true
			}
		}, {
			"streams":	[{
					"socket":	6,
					"start":	9.000077,
					"end":	10.00008,
					"seconds":	1.0000029802322388,
					"bytes":	30146560,
					"bits_per_second":	241171761.252142,
					"retransmits":	0,
					"snd_cwnd":	3295648,
					"snd_wnd":	3141248,
					"rtt":	102724,
					"rttvar":	2934,
					"pmtu":	1500,
					"omitted":	false,
					"sender":	true
				}],
			"sum":	{
				"start":	9.000077,
				"end":	10.00008,
				"seconds":	1.0000029802322388,
				"bytes":	30146560,
				"bits_per_second":	241171761.252142,
				"retransmits":	0,
				"omitted":	false,
				"sender":	true
			}
		}],
	"end":	{
		"streams":	[{
				"sender":	{
					"socket":	6,
					"start":	0,
					"end":	10.00008,
					"seconds":	10.00008,
					"bytes":	287309824,
					"bits_per_second":	229846020.43183655,
					"retransmits":	0,
					"max_snd_cwnd":	3295648,
					"max_snd_wnd":	3141248,
					"max_rtt":	104666,
					"min_rtt":	53323,
					"mean_rtt":	96846,
					"sender":	true
				},
				"receiver":	{
					"socket":	6,
					"start":	0,
					"end":	10.104349,
					"seconds":	10.00008,
					"bytes":	287019944,
					"bits_per_second":	227244679.69188318,
					"sender":	true
				}
			}],
		"sum_sent":	{
			"start":	0,
			"end":	10.00008,
			"seconds":	10.00008,
			"bytes":	287309824,
			"bits_per_second":	229846020.43183655,
			"retransmits":	0,
			"sender":	true
		},
		"sum_received":	{
			"start":	0,
			"end":	10.104349,
			"seconds":	10.104349,
			"bytes":	287019944,
			"bits_per_second":	227244679.69188318,
			"sender":	true
		},
		"cpu_utilization_percent":	{
			"host_total":	0.49019412567756365,
			"host_user":	0.031370989940966772,
			"host_system":	0.45881317669217114,
			"remote_total":	2.2868640580042618,
			"remote_user":	0.20979060427472851,
			"remote_system":	2.07706355701266
		},
		"sender_tcp_congestion":	"cubic",
		"receiver_tcp_congestion":	"cubic"
	}
}
