{
	"start":	{
		"connected":	[{
				"socket":	6,
				"local_host":	"192.168.101.210",
				"local_port":	32888,
				"remote_host":	"192.168.100.168",
				"remote_port":	5201
			}],
		"version":	"iperf 3.11",
		"system_info":	"Linux f1 6.0.10-300.fc37.x86_64 #1 SMP PREEMPT_DYNAMIC Sat Nov 26 16:55:13 UTC 2022 x86_64",
		"timestamp":	{
			"time":	"Fri, 09 Dec 2022 23:23:44 GMT",
			"timesecs":	1670628224
		},
		"connecting_to":	{
			"host":	"192.168.100.168",
			"port":	5201
		},
		"cookie":	"2oywt3utxb4ga3qbcspuzw7zxjzheextvxps",
		"tcp_mss_default":	1448,
		"target_bitrate":	0,
		"sock_bufsize":	0,
		"sndbuf_actual":	16384,
		"rcvbuf_actual":	131072,
		"test_start":	{
			"protocol":	"TCP",
			"num_streams":	1,
			"blksize":	131072,
			"omit":	0,
			"duration":	10,
			"bytes":	0,
			"blocks":	0,
			"reverse":	0,
			"tos":	0,
			"target_bitrate":	0
		}
	},
	"intervals":	[{
			"streams":	[{
					"socket":	6,
					"start":	0,
					"end":	1.000073,
					"seconds":	1.0000729560852051,
					"bytes":	12320768,
					"bits_per_second":	98558953.524588943,
					"retransmits":	0,
					"snd_cwnd":	3305784,
					"snd_wnd":	3143552,
					"rtt":	203336,
					"rttvar":	945,
					"pmtu":	1500,
					"omitted":	false,
					"sender":	true
				}],
			"sum":	{
				"start":	0,
				"end":	1.000073,
				"seconds":	1.0000729560852051,
				"bytes":	12320768,
				"bits_per_second":	98558953.524588943,
				"retransmits":	0,
				"omitted":	false,
				"sender":	true
			}
		}, {
			"streams":	[{
					"socket":	6,
					"start":	1.000073,
					"end":	2.000074,
					"seconds":	1.0000009536743164,
					"bytes":	14417920,
					"bits_per_second":	115343250.0001049,
					"retransmits":	0,
					"snd_cwnd":	3305784,
					"snd_wnd":	3143552,
					"rtt":	193548,
					"rttvar":	3630,
					"pmtu":	1500,
					"omitted":	false,
					"sender":	true
				}],
			"sum":	{
				"start":	1.000073,
				"end":	2.000074,
				"seconds":	1.0000009536743164,
				"bytes":	14417920,
				"bits_per_second":	115343250.0001049,
				"retransmits":	0,
				"omitted":	false,
				"sender":	true
			}
		}, {
			"streams":	[{
					"socket":	6,
					"start":	2.000074,
					"end":	3.000101,
					"seconds":	1.0000269412994385,
					"bytes":	13107200,
					"bits_per_second":	104854775.07610711,
					"retransmits":	0,
					"snd_cwnd":	3305784,
					"snd_wnd":	3143552,
					"rtt":	210228,
					"rttvar":	68,
					"pmtu":	1500,
					"omitted":	false,
					"sender":	true
				}],
			"sum":	{
				"start":	2.000074,
				"end":	3.000101,
				"seconds":	1.0000269412994385,
				"bytes":	13107200,
				"bits_per_second":	104854775.07610711,
				"retransmits":	0,
				"omitted":	false,
				"sender":	true
			}
		}, {
			"streams":	[{
					"socket":	6,
					"start":	3.000101,
					"end":	4.000076,
					"seconds":	0.999975025653839,
					"bytes":	14417920,
					"bits_per_second":	115346240.69694352,
					"retransmits":	0,
					"snd_cwnd":	3305784,
					"snd_wnd":	3143552,
					"rtt":	207214,
					"rttvar":	3780,
					"pmtu":	1500,
					"omitted":	false,
					"sender":	true
				}],
			"sum":	{
				"start":	3.000101,
				"end":	4.000076,
				"seconds":	0.999975025653839,
				"bytes":	14417920,
				"bits_per_second":	115346240.69694352,
				"retransmits":	0,
				"omitted":	false,
				"sender":	true
			}
		}, {
			"streams":	[{
					"socket":	6,
					"start":	4.000076,
					"end":	5.000077,
					"seconds":	1.0000009536743164,
					"bytes":	14417920,
					"bits_per_second":	115343250.0001049,
					"retransmits":	0,
					"snd_cwnd":	3305784,
					"snd_wnd":	3143552,
					"rtt":	199982,
					"rttvar":	3892,
					"pmtu":	1500,
					"omitted":	false,
					"sender":	true
				}],
			"sum":	{
				"start":	4.000076,
				"end":	5.000077,
				"seconds":	1.0000009536743164,
				"bytes":	14417920,
				"bits_per_second":	115343250.0001049,
				"retransmits":	0,
				"omitted":	false,
				"sender":	true
			}
		}, {
			"streams":	[{
					"socket":	6,
					"start":	5.000077,
					"end":	6.00011,
					"seconds":	1.0000330209732056,
					"bytes":	13107200,
					"bits_per_second":	104854137.61433135,
					"retransmits":	0,
					"snd_cwnd":	3305784,
					"snd_wnd":	3143552,
					"rtt":	210225,
					"rttvar":	67,
					"pmtu":	1500,
					"omitted":	false,
					"sender":	true
				}],
			"sum":	{
				"start":	5.000077,
				"end":	6.00011,
				"seconds":	1.0000330209732056,
				"bytes":	13107200,
				"bits_per_second":	104854137.61433135,
				"retransmits":	0,
				"omitted":	false,
				"sender":	true
			}
		}, {
			"streams":	[{
					"socket":	6,
					"start":	6.00011,
					"end":	7.000082,
					"seconds":	0.99997198581695557,
					"bytes":	14417920,
					"bits_per_second":	115346591.34052336,
					"retransmits":	0,
					"snd_cwnd":	3305784,
					"snd_wnd":	3143552,
					"rtt":	209519,
					"rttvar":	95,
					"pmtu":	1500,
					"omitted":	false,
					"sender":	true
				}],
			"sum":	{
				"start":	6.00011,
				"end":	7.000082,
				"seconds":	0.99997198581695557,
				"bytes":	14417920,
				"bits_per_second":	115346591.34052336,
				"retransmits":	0,
				"omitted":	false,
				"sender":	true
			}
		}, {
			"streams":	[{
					"socket":	6,
					"start":	7.000082,
					"end":	8.000075,
					"seconds":	0.99999302625656128,
					"bytes":	14417920,
					"bits_per_second":	115344164.38060954,
					"retransmits":	0,
					"snd_cwnd":	3305784,
					"snd_wnd":	3143552,
					"rtt":	209241,
					"rttvar":	1376,
					"pmtu":	1500,
					"omitted":	false,
					"sender":	true
				}],
			"sum":	{
				"start":	7.000082,
				"end":	8.000075,
				"seconds":	0.99999302625656128,
				"bytes":	14417920,
				"bits_per_second":	115344164.38060954,
				"retransmits":	0,
				"omitted":	false,
				"sender":	true
			}
		}, {
			"streams":	[{
					"socket":	6,
					"start":	8.000075,
					"end":	9.000066,
					"seconds":	0.999990999698639,
					"bytes":	14417920,
					"bits_per_second":	115344398.13434352,
					"retransmits":	0,
					"snd_cwnd":	3305784,
					"snd_wnd":	3143552,
					"rtt":	202053,
					"rttvar":	1988,
					"pmtu":	1500,
					"omitted":	false,
					"sender":	true
				}],
			"sum":	{
				"start":	8.000075,
				"end":	9.000066,
				"seconds":	0.999990999698639,
				"bytes":	14417920,
				"bits_per_second":	115344398.13434352,
				"retransmits":	0,
				"omitted":	false,
				"sender":	true
			}
		}, {
			"streams":	[{
					"socket":	6,
					"start":	9.000066,
					"end":	10.000111,
					"seconds":	1.0000449419021606,
					"bytes":	13107200,
					"bits_per_second":	104852887.71177919,
					"retransmits":	0,
					"snd_cwnd":	3305784,
					"snd_wnd":	3143552,
					"rtt":	207254,
					"rttvar":	636,
					"pmtu":	1500,
					"omitted":	false,
					"sender":	true
				}],
			"sum":	{
				"start":	9.000066,
				"end":	10.000111,
				"seconds":	1.0000449419021606,
				"bytes":	13107200,
				"bits_per_second":	104852887.71177919,
				"retransmits":	0,
				"omitted":	false,
				"sender":	true
			}
		}],
	"end":	{
		"streams":	[{
				"sender":	{
					"socket":	6,
					"start":	0,
					"end":	10.000111,
					"seconds":	10.000111,
					"bytes":	138149888,
					"bits_per_second":	110518683.64261156,
					"retransmits":	0,
					"max_snd_cwnd":	3305784,
					"max_snd_wnd":	3143552,
					"max_rtt":	210228,
					"min_rtt":	193548,
					"mean_rtt":	205260,
					"sender":	true
				},
				"receiver":	{
					"socket":	6,
					"start":	0,
					"end":	10.181195,
					"seconds":	10.000111,
					"bytes":	138149888,
					"bits_per_second":	108552984.59561966,
					"sender":	true
				}
			}],
		"sum_sent":	{
			"start":	0,
			"end":	10.000111,
			"seconds":	10.000111,
			"bytes":	138149888,
			"bits_per_second":	110518683.64261156,
			"retransmits":	0,
			"sender":	true
		},
		"sum_received":	{
			"start":	0,
			"end":	10.181195,
			"seconds":	10.181195,
			"bytes":	138149888,
			"bits_per_second":	108552984.59561966,
			"sender":	true
		},
		"cpu_utilization_percent":	{
			"host_total":	1.0074549530855856,
			"host_user":	0.096134384278344143,
			"host_system":	0.91133027640941044,
			"remote_total":	1.7757710747768611,
			"remote_user":	0.16911544216105528,
			"remote_system":	1.6066458106015091
		},
		"sender_tcp_congestion":	"cubic",
		"receiver_tcp_congestion":	"cubic"
	}
}
