{
	"start":	{
		"connected":	[{
				"socket":	6,
				"local_host":	"192.168.101.210",
				"local_port":	34224,
				"remote_host":	"192.168.100.168",
				"remote_port":	5201
			}],
		"version":	"iperf 3.11",
		"system_info":	"Linux f1 6.0.10-300.fc37.x86_64 #1 SMP PREEMPT_DYNAMIC Sat Nov 26 16:55:13 UTC 2022 x86_64",
		"timestamp":	{
			"time":	"Fri, 09 Dec 2022 23:24:19 GMT",
			"timesecs":	1670628259
		},
		"connecting_to":	{
			"host":	"192.168.100.168",
			"port":	5201
		},
		"cookie":	"lxy25gblerjblfxoxbaqfnnbba6kyzyghtzg",
		"tcp_mss_default":	1448,
		"target_bitrate":	0,
		"sock_bufsize":	0,
		"sndbuf_actual":	16384,
		"rcvbuf_actual":	131072,
		"test_start":	{
			"protocol":	"TCP",
			"num_streams":	1,
			"blksize":	131072,
			"omit":	0,
			"duration":	10,
			"bytes":	0,
			"blocks":	0,
			"reverse":	0,
			"tos":	0,
			"target_bitrate":	0
		}
	},
	"intervals":	[{
			"streams":	[{
					"socket":	6,
					"start":	0,
					"end":	1.000179,
					"seconds":	1.0001790523529053,
					"bytes":	7602176,
					"bits_per_second":	60806520.449441545,
					"retransmits":	578,
					"snd_cwnd":	2080776,
					"snd_wnd":	3141248,
					"rtt":	129517,
					"rttvar":	2924,
					"pmtu":	1500,
					"omitted":	false,
					"sender":	true
				}],
			"sum":	{
				"start":	0,
				"end":	1.000179,
				"seconds":	1.0001790523529053,
				"bytes":	7602176,
				"bits_per_second":	60806520.449441545,
				"retransmits":	578,
				"omitted":	false,
				"sender":	true
			}
		}, {
			"streams":	[{
					"socket":	6,
					"start":	1.000179,
					"end":	2.000272,
					"seconds":	1.0000929832458496,
					"bytes":	11796480,
					"bits_per_second":	94363065.8158521,
					"retransmits":	1130,
					"snd_cwnd":	890520,
					"snd_wnd":	3145728,
					"rtt":	126468,
					"rttvar":	3628,
					"pmtu":	1500,
					"omitted":	false,
					"sender":	true
				}],
			"sum":	{
				"start":	1.000179,
				"end":	2.000272,
				"seconds":	1.0000929832458496,
				"bytes":	11796480,
				"bits_per_second":	94363065.8158521,
				"retransmits":	1130,
				"omitted":	false,
				"sender":	true
			}
		}, {
			"streams":	[{
					"socket":	6,
					"start":	2.000272,
					"end":	3.000219,
					"seconds":	0.99994701147079468,
					"bytes":	9175040,
					"bits_per_second":	73404209.581103176,
					"retransmits":	0,
					"snd_cwnd":	954232,
					"snd_wnd":	3145728,
					"rtt":	112248,
					"rttvar":	6217,
					"pmtu":	1500,
					"omitted":	false,
					"sender":	true
				}],
			"sum":	{
				"start":	2.000272,
				"end":	3.000219,
				"seconds":	0.99994701147079468,
				"bytes":	9175040,
				"bits_per_second":	73404209.581103176,
				"retransmits":	0,
				"omitted":	false,
				"sender":	true
			}
		}, {
			"streams":	[{
					"socket":	6,
					"start":	3.000219,
					"end":	4.000242,
					"seconds":	1.0000230073928833,
					"bytes":	6553600,
					"bits_per_second":	52427593.777752027,
					"retransmits":	32,
					"snd_cwnd":	713864,
					"snd_wnd":	3145728,
					"rtt":	111878,
					"rttvar":	913,
					"pmtu":	1500,
					"omitted":	false,
					"sender":	true
				}],
			"sum":	{
				"start":	3.000219,
				"end":	4.000242,
				"seconds":	1.0000230073928833,
				"bytes":	6553600,
				"bits_per_second":	52427593.777752027,
				"retransmits":	32,
				"omitted":	false,
				"sender":	true
			}
		}, {
			"streams":	[{
					"socket":	6,
					"start":	4.000242,
					"end":	5.000171,
					"seconds":	0.99992901086807251,
					"bytes":	6553600,
					"bits_per_second":	52432522.139231436,
					"retransmits":	0,
					"snd_cwnd":	758752,
					"snd_wnd":	3145728,
					"rtt":	120399,
					"rttvar":	2099,
					"pmtu":	1500,
					"omitted":	false,
					"sender":	true
				}],
			"sum":	{
				"start":	4.000242,
				"end":	5.000171,
				"seconds":	0.99992901086807251,
				"bytes":	6553600,
				"bits_per_second":	52432522.139231436,
				"retransmits":	0,
				"omitted":	false,
				"sender":	true
			}
		}, {
			"streams":	[{
					"socket":	6,
					"start":	5.000171,
					"end":	6.000142,
					"seconds":	0.99997097253799438,
					"bytes":	6553600,
					"bits_per_second":	52430321.91917745,
					"retransmits":	0,
					"snd_cwnd":	787712,
					"snd_wnd":	3145728,
					"rtt":	120453,
					"rttvar":	1851,
					"pmtu":	1500,
					"omitted":	false,
					"sender":	true
				}],
			"sum":	{
				"start":	5.000171,
				"end":	6.000142,
				"seconds":	0.99997097253799438,
				"bytes":	6553600,
				"bits_per_second":	52430321.91917745,
				"retransmits":	0,
				"omitted":	false,
				"sender":	true
			}
		}, {
			"streams":	[{
					"socket":	6,
					"start":	6.000142,
					"end":	7.000135,
					"seconds":	0.99999302625656128,
					"bytes":	6553600,
					"bits_per_second":	52429165.6275498,
					"retransmits":	0,
					"snd_cwnd":	803640,
					"snd_wnd":	3145728,
					"rtt":	119447,
					"rttvar":	1259,
					"pmtu":	1500,
					"omitted":	false,
					"sender":	true
				}],
			"sum":	{
				"start":	6.000142,
				"end":	7.000135,
				"seconds":	0.99999302625656128,
				"bytes":	6553600,
				"bits_per_second":	52429165.6275498,
				"retransmits":	0,
				"omitted":	false,
				"sender":	true
			}
		}, {
			"streams":	[{
					"socket":	6,
					"start":	7.000135,
					"end":	8.000137,
					"seconds":	1.0000020265579224,
					"bytes":	6553600,
					"bits_per_second":	52428693.750215322,
					"retransmits":	0,
					"snd_cwnd":	810880,
					"snd_wnd":	3145728,
					"rtt":	119791,
					"rttvar":	2572,
					"pmtu":	1500,
					"omitted":	false,
					"sender":	true
				}],
			"sum":	{
				"start":	7.000135,
				"end":	8.000137,
				"seconds":	1.0000020265579224,
				"bytes":	6553600,
				"bits_per_second":	52428693.750215322,
				"retransmits":	0,
				"omitted":	false,
				"sender":	true
			}
		}, {
			"streams":	[{
					"socket":	6,
					"start":	8.000137,
					"end":	9.000166,
					"seconds":	1.0000289678573608,
					"bytes":	6553600,
					"bits_per_second":	52427281.293993659,
					"retransmits":	0,
					"snd_cwnd":	812328,
					"snd_wnd":	3145728,
					"rtt":	125363,
					"rttvar":	2430,
					"pmtu":	1500,
					"omitted":	false,
					"sender":	true
				}],
			"sum":	{
				"start":	8.000137,
				"end":	9.000166,
				"seconds":	1.0000289678573608,
				"bytes":	6553600,
				"bits_per_second":	52427281.293993659,
				"retransmits":	0,
				"omitted":	false,
				"sender":	true
			}
		}, {
			"streams":	[{
					"socket":	6,
					"start":	9.000166,
					"end":	10.000178,
					"seconds":	1.0000120401382446,
					"bytes":	6553600,
					"bits_per_second":	52428168.757600248,
					"retransmits":	0,
					"snd_cwnd":	812328,
					"snd_wnd":	3145728,
					"rtt":	122804,
					"rttvar":	2168,
					"pmtu":	1500,
					"omitted":	false,
					"sender":	true
				}],
			"sum":	{
				"start":	9.000166,
				"end":	10.000178,
				"seconds":	1.0000120401382446,
				"bytes":	6553600,
				"bits_per_second":	52428168.757600248,
				"retransmits":	0,
				"omitted":	false,
				"sender":	true
			}
		}],
	"end":	{
		"streams":	[{
				"sender":	{
					"socket":	6,
					"start":	0,
					"end":	10.000178,
					"seconds":	10.000178,
					"bytes":	74448896,
					"bits_per_second":	59558056.666591331,
					"retransmits":	1740,
					"max_snd_cwnd":	2080776,
					"max_snd_wnd":	3145728,
					"max_rtt":	129517,
					"min_rtt":	111878,
					"mean_rtt":	120836,
					"sender":	true
				},
				"receiver":	{
					"socket":	6,
					"start":	0,
					"end":	10.128261,
					"seconds":	10.000178,
					"bytes":	72236272,
					"bits_per_second":	57057196.294605754,
					"sender":	true
				}
			}],
		"sum_sent":	{
			"start":	0,
			"end":	10.000178,
			"seconds":	10.000178,
			"bytes":	74448896,
			"bits_per_second":	59558056.666591331,
			"retransmits":	1740,
			"sender":	true
		},
		"sum_received":	{
			"start":	0,
			"end":	10.128261,
			"seconds":	10.128261,
			"bytes":	72236272,
			"bits_per_second":	57057196.294605754,
			"sender":	true
		},
		"cpu_utilization_percent":	{
			"host_total":	1.0880506615447241,
			"host_user":	0.11800491132710628,
			"host_system":	0.970055364435585,
			"remote_total":	1.5906751374715427,
			"remote_user":	0.085463688891635872,
			"remote_system":	1.5052015752332233
		},
		"sender_tcp_congestion":	"cubic",
		"receiver_tcp_congestion":	"cubic"
	}
}
