{
	"start":	{
		"connected":	[{
				"socket":	6,
				"local_host":	"192.168.101.210",
				"local_port":	52548,
				"remote_host":	"192.168.100.168",
				"remote_port":	5202
			}],
		"version":	"iperf 3.11",
		"system_info":	"Linux f1 6.0.10-300.fc37.x86_64 #1 SMP PREEMPT_DYNAMIC Sat Nov 26 16:55:13 UTC 2022 x86_64",
		"timestamp":	{
			"time":	"Fri, 09 Dec 2022 23:19:55 GMT",
			"timesecs":	1670627995
		},
		"connecting_to":	{
			"host":	"192.168.100.168",
			"port":	5202
		},
		"cookie":	"6ttp26efnz3l7rysue3dzrqnbswqsqlanbmy",
		"tcp_mss_default":	1448,
		"target_bitrate":	0,
		"sock_bufsize":	0,
		"sndbuf_actual":	16384,
		"rcvbuf_actual":	131072,
		"test_start":	{
			"protocol":	"TCP",
			"num_streams":	1,
			"blksize":	131072,
			"omit":	0,
			"duration":	10,
			"bytes":	0,
			"blocks":	0,
			"reverse":	0,
			"tos":	0,
			"target_bitrate":	0
		}
	},
	"intervals":	[{
			"streams":	[{
					"socket":	6,
					"start":	0,
					"end":	1.000074,
					"seconds":	1.000074028968811,
					"bytes":	9568256,
					"bits_per_second":	76540381.794463351,
					"retransmits":	0,
					"snd_cwnd":	231680,
					"snd_wnd":	3143552,
					"rtt":	89940,
					"rttvar":	903,
					"pmtu":	1500,
					"omitted":	false,
					"sender":	true
				}],
			"sum":	{
				"start":	0,
				"end":	1.000074,
				"seconds":	1.000074028968811,
				"bytes":	9568256,
				"bits_per_second":	76540381.794463351,
				"retransmits":	0,
				"omitted":	false,
				"sender":	true
			}
		}, {
			"streams":	[{
					"socket":	6,
					"start":	1.000074,
					"end":	2.000184,
					"seconds":	1.0001100301742554,
					"bytes":	1310720,
					"bits_per_second":	10484606.376933347,
					"retransmits":	0,
					"snd_cwnd":	115840,
					"snd_wnd":	3143552,
					"rtt":	106604,
					"rttvar":	1086,
					"pmtu":	1500,
					"omitted":	false,
					"sender":	true
				}],
			"sum":	{
				"start":	1.000074,
				"end":	2.000184,
				"seconds":	1.0001100301742554,
				"bytes":	1310720,
				"bits_per_second":	10484606.376933347,
				"retransmits":	0,
				"omitted":	false,
				"sender":	true
			}
		}, {
			"streams":	[{
					"socket":	6,
					"start":	2.000184,
					"end":	3.00103,
					"seconds":	1.0008460283279419,
					"bytes":	0,
					"bits_per_second":	0,
					"retransmits":	0,
					"snd_cwnd":	37648,
					"snd_wnd":	3143552,
					"rtt":	103328,
					"rttvar":	2259,
					"pmtu":	1500,
					"omitted":	false,
					"sender":	true
				}],
			"sum":	{
				"start":	2.000184,
				"end":	3.00103,
				"seconds":	1.0008460283279419,
				"bytes":	0,
				"bits_per_second":	0,
				"retransmits":	0,
				"omitted":	false,
				"sender":	true
			}
		}, {
			"streams":	[{
					"socket":	6,
					"start":	3.00103,
					"end":	4.000621,
					"seconds":	0.99959099292755127,
					"bytes":	0,
					"bits_per_second":	0,
					"retransmits":	0,
					"snd_cwnd":	26064,
					"snd_wnd":	3143552,
					"rtt":	101314,
					"rttvar":	2835,
					"pmtu":	1500,
					"omitted":	false,
					"sender":	true
				}],
			"sum":	{
				"start":	3.00103,
				"end":	4.000621,
				"seconds":	0.99959099292755127,
				"bytes":	0,
				"bits_per_second":	0,
				"retransmits":	0,
				"omitted":	false,
				"sender":	true
			}
		}, {
			"streams":	[{
					"socket":	6,
					"start":	4.000621,
					"end":	5.001044,
					"seconds":	1.0004229545593262,
					"bytes":	0,
					"bits_per_second":	0,
					"retransmits":	0,
					"snd_cwnd":	20272,
					"snd_wnd":	3143552,
					"rtt":	103680,
					"rttvar":	2138,
					"pmtu":	1500,
					"omitted":	false,
					"sender":	true
				}],
			"sum":	{
				"start":	4.000621,
				"end":	5.001044,
				"seconds":	1.0004229545593262,
				"bytes":	0,
				"bits_per_second":	0,
				"retransmits":	0,
				"omitted":	false,
				"sender":	true
			}
		}, {
			"streams":	[{
					"socket":	6,
					"start":	5.001044,
					"end":	6.000599,
					"seconds":	0.999554991722107,
					"bytes":	1310720,
					"bits_per_second":	10490428.327444356,
					"retransmits":	0,
					"snd_cwnd":	20272,
					"snd_wnd":	3143552,
					"rtt":	101967,
					"rttvar":	3324,
					"pmtu":	1500,
					"omitted":	false,
					"sender":	true
				}],
			"sum":	{
				"start":	5.001044,
				"end":	6.000599,
				"seconds":	0.999554991722107,
				"bytes":	1310720,
				"bits_per_second":	10490428.327444356,
				"retransmits":	0,
				"omitted":	false,
				"sender":	true
			}
		}, {
			"streams":	[{
					"socket":	6,
					"start":	6.000599,
					"end":	7.001035,
					"seconds":	1.0004359483718872,
					"bytes":	0,
					"bits_per_second":	0,
					"retransmits":	0,
					"snd_cwnd":	20272,
					"snd_wnd":	3143552,
					"rtt":	103100,
					"rttvar":	3040,
					"pmtu":	1500,
					"omitted":	false,
					"sender":	true
				}],
			"sum":	{
				"start":	6.000599,
				"end":	7.001035,
				"seconds":	1.0004359483718872,
				"bytes":	0,
				"bits_per_second":	0,
				"retransmits":	0,
				"omitted":	false,
				"sender":	true
			}
		}, {
			"streams":	[{
					"socket":	6,
					"start":	7.001035,
					"end":	8.001028,
					"seconds":	0.99999302625656128,
					"bytes":	0,
					"bits_per_second":	0,
					"retransmits":	0,
					"snd_cwnd":	20272,
					"snd_wnd":	3143552,
					"rtt":	103229,
					"rttvar":	2710,
					"pmtu":	1500,
					"omitted":	false,
					"sender":	true
				}],
			"sum":	{
				"start":	7.001035,
				"end":	8.001028,
				"seconds":	0.99999302625656128,
				"bytes":	0,
				"bits_per_second":	0,
				"retransmits":	0,
				"omitted":	false,
				"sender":	true
			}
		}, {
			"streams":	[{
					"socket":	6,
					"start":	8.001028,
					"end":	9.000902,
					"seconds":	0.99987399578094482,
					"bytes":	0,
					"bits_per_second":	0,
					"retransmits":	0,
					"snd_cwnd":	20272,
					"snd_wnd":	3143552,
					"rtt":	102591,
					"rttvar":	4843,
					"pmtu":	1500,
					"omitted":	false,
					"sender":	true
				}],
			"sum":	{
				"start":	8.001028,
				"end":	9.000902,
				"seconds":	0.99987399578094482,
				"bytes":	0,
				"bits_per_second":	0,
				"retransmits":	0,
				"omitted":	false,
				"sender":	true
			}
		}, {
			"streams":	[{
					"socket":	6,
					"start":	9.000902,
					"end":	10.001035,
					"seconds":	1.0001330375671387,
					"bytes":	0,
					"bits_per_second":	0,
					"retransmits":	0,
					"snd_cwnd":	23168,
					"snd_wnd":	3143552,
					"rtt":	105695,
					"rttvar":	7517,
					"pmtu":	1500,
					"omitted":	false,
					"sender":	true
				}],
			"sum":	{
				"start":	9.000902,
				"end":	10.001035,
				"seconds":	1.0001330375671387,
				"bytes":	0,
				"bits_per_second":	0,
				"retransmits":	0,
				"omitted":	false,
				"sender":	true
			}
		}],
	"end":	{
		"streams":	[{
				"sender":	{
					"socket":	6,
					"start":	0,
					"end":	10.001035,
					"seconds":	10.001035,
					"bytes":	12189696,
					"bits_per_second":	9750747.5976236463,
					"retransmits":	0,
					"max_snd_cwnd":	231680,
					"max_snd_wnd":	3143552,
					"max_rtt":	106604,
					"min_rtt":	89940,
					"mean_rtt":	102144,
					"sender":	true
				},
				"receiver":	{
					"socket":	6,
					"start":	0,
					"end":	10.088772,
					"seconds":	10.001035,
					"bytes":	9036968,
					"bits_per_second":	7165960.73337766,
					"sender":	true
				}
			}],
		"sum_sent":	{
			"start":	0,
			"end":	10.001035,
			"seconds":	10.001035,
			"bytes":	12189696,
			"bits_per_second":	9750747.5976236463,
			"retransmits":	0,
			"sender":	true
		},
		"sum_received":	{
			"start":	0,
			"end":	10.088772,
			"seconds":	10.088772,
			"bytes":	9036968,
			"bits_per_second":	7165960.73337766,
			"sender":	true
		},
		"cpu_utilization_percent":	{
			"host_total":	0.0764813204477525,
			"host_user":	0.018060168298816959,
			"host_system":	0.058411174155400265,
			"remote_total":	0.37039147925146587,
			"remote_user":	0.049490597728071316,
			"remote_system":	0.32090088152339458
		},
		"sender_tcp_congestion":	"bbr",
		"receiver_tcp_congestion":	"bbr"
	}
}
