{
	"start":	{
		"connected":	[{
				"socket":	6,
				"local_host":	"192.168.101.210",
				"local_port":	44116,
				"remote_host":	"192.168.100.168",
				"remote_port":	5201
			}],
		"version":	"iperf 3.11",
		"system_info":	"Linux f1 6.0.10-300.fc37.x86_64 #1 SMP PREEMPT_DYNAMIC Sat Nov 26 16:55:13 UTC 2022 x86_64",
		"timestamp":	{
			"time":	"Fri, 09 Dec 2022 23:25:34 GMT",
			"timesecs":	1670628334
		},
		"connecting_to":	{
			"host":	"192.168.100.168",
			"port":	5201
		},
		"cookie":	"pnyxovwxrabf3nuj64y2wu4cdrd7gdw5g2ra",
		"tcp_mss_default":	1448,
		"target_bitrate":	0,
		"sock_bufsize":	0,
		"sndbuf_actual":	16384,
		"rcvbuf_actual":	131072,
		"test_start":	{
			"protocol":	"TCP",
			"num_streams":	1,
			"blksize":	131072,
			"omit":	0,
			"duration":	10,
			"bytes":	0,
			"blocks":	0,
			"reverse":	0,
			"tos":	0,
			"target_bitrate":	0
		}
	},
	"intervals":	[{
			"streams":	[{
					"socket":	6,
					"start":	0,
					"end":	1.000129,
					"seconds":	1.0001289844512939,
					"bytes":	4063232,
					"bits_per_second":	32501663.790729813,
					"retransmits":	0,
					"snd_cwnd":	926720,
					"snd_wnd":	1710848,
					"rtt":	155308,
					"rttvar":	1476,
					"pmtu":	1500,
					"omitted":	false,
					"sender":	true
				}],
			"sum":	{
				"start":	0,
				"end":	1.000129,
				"seconds":	1.0001289844512939,
				"bytes":	4063232,
				"bits_per_second":	32501663.790729813,
				"retransmits":	0,
				"omitted":	false,
				"sender":	true
			}
		}, {
			"streams":	[{
					"socket":	6,
					"start":	1.000129,
					"end":	2.000085,
					"seconds":	0.99995601177215576,
					"bytes":	13107200,
					"bits_per_second":	104862212.70290463,
					"retransmits":	0,
					"snd_cwnd":	6098976,
					"snd_wnd":	3143552,
					"rtt":	203814,
					"rttvar":	2895,
					"pmtu":	1500,
					"omitted":	false,
					"sender":	true
				}],
			"sum":	{
				"start":	1.000129,
				"end":	2.000085,
				"seconds":	0.99995601177215576,
				"bytes":	13107200,
				"bits_per_second":	104862212.70290463,
				"retransmits":	0,
				"omitted":	false,
				"sender":	true
			}
		}, {
			"streams":	[{
					"socket":	6,
					"start":	2.000085,
					"end":	3.000176,
					"seconds":	1.0000909566879272,
					"bytes":	14417920,
					"bits_per_second":	115332869.70416257,
					"retransmits":	0,
					"snd_cwnd":	6098976,
					"snd_wnd":	3143552,
					"rtt":	208494,
					"rttvar":	1304,
					"pmtu":	1500,
					"omitted":	false,
					"sender":	true
				}],
			"sum":	{
				"start":	2.000085,
				"end":	3.000176,
				"seconds":	1.0000909566879272,
				"bytes":	14417920,
				"bits_per_second":	115332869.70416257,
				"retransmits":	0,
				"omitted":	false,
				"sender":	true
			}
		}, {
			"streams":	[{
					"socket":	6,
					"start":	3.000176,
					"end":	4.000129,
					"seconds":	0.99995297193527222,
					"bytes":	15728640,
					"bits_per_second":	125835037.77830166,
					"retransmits":	0,
					"snd_cwnd":	6098976,
					"snd_wnd":	3143552,
					"rtt":	199233,
					"rttvar":	2562,
					"pmtu":	1500,
					"omitted":	false,
					"sender":	true
				}],
			"sum":	{
				"start":	3.000176,
				"end":	4.000129,
				"seconds":	0.99995297193527222,
				"bytes":	15728640,
				"bits_per_second":	125835037.77830166,
				"retransmits":	0,
				"omitted":	false,
				"sender":	true
			}
		}, {
			"streams":	[{
					"socket":	6,
					"start":	4.000129,
					"end":	5.000132,
					"seconds":	1.0000029802322388,
					"bytes":	14417920,
					"bits_per_second":	115343016.25102445,
					"retransmits":	0,
					"snd_cwnd":	6098976,
					"snd_wnd":	3143552,
					"rtt":	202595,
					"rttvar":	1822,
					"pmtu":	1500,
					"omitted":	false,
					"sender":	true
				}],
			"sum":	{
				"start":	4.000129,
				"end":	5.000132,
				"seconds":	1.0000029802322388,
				"bytes":	14417920,
				"bits_per_second":	115343016.25102445,
				"retransmits":	0,
				"omitted":	false,
				"sender":	true
			}
		}, {
			"streams":	[{
					"socket":	6,
					"start":	5.000132,
					"end":	6.00009,
					"seconds":	0.99995797872543335,
					"bytes":	15728640,
					"bits_per_second":	125834407.72219683,
					"retransmits":	0,
					"snd_cwnd":	6098976,
					"snd_wnd":	3143552,
					"rtt":	206254,
					"rttvar":	3649,
					"pmtu":	1500,
					"omitted":	false,
					"sender":	true
				}],
			"sum":	{
				"start":	5.000132,
				"end":	6.00009,
				"seconds":	0.99995797872543335,
				"bytes":	15728640,
				"bits_per_second":	125834407.72219683,
				"retransmits":	0,
				"omitted":	false,
				"sender":	true
			}
		}, {
			"streams":	[{
					"socket":	6,
					"start":	6.00009,
					"end":	7.000086,
					"seconds":	0.9999960064888,
					"bytes":	15728640,
					"bits_per_second":	125829622.50200675,
					"retransmits":	0,
					"snd_cwnd":	6098976,
					"snd_wnd":	3143552,
					"rtt":	208954,
					"rttvar":	269,
					"pmtu":	1500,
					"omitted":	false,
					"sender":	true
				}],
			"sum":	{
				"start":	6.00009,
				"end":	7.000086,
				"seconds":	0.9999960064888,
				"bytes":	15728640,
				"bits_per_second":	125829622.50200675,
				"retransmits":	0,
				"omitted":	false,
				"sender":	true
			}
		}, {
			"streams":	[{
					"socket":	6,
					"start":	7.000086,
					"end":	8.000083,
					"seconds":	0.99999701976776123,
					"bytes":	14417920,
					"bits_per_second":	115343703.75102445,
					"retransmits":	0,
					"snd_cwnd":	6098976,
					"snd_wnd":	3143552,
					"rtt":	201859,
					"rttvar":	1212,
					"pmtu":	1500,
					"omitted":	false,
					"sender":	true
				}],
			"sum":	{
				"start":	7.000086,
				"end":	8.000083,
				"seconds":	0.99999701976776123,
				"bytes":	14417920,
				"bits_per_second":	115343703.75102445,
				"retransmits":	0,
				"omitted":	false,
				"sender":	true
			}
		}, {
			"streams":	[{
					"socket":	6,
					"start":	8.000083,
					"end":	9.000081,
					"seconds":	0.99999797344207764,
					"bytes":	14417920,
					"bits_per_second":	115343593.75047371,
					"retransmits":	0,
					"snd_cwnd":	6098976,
					"snd_wnd":	3143552,
					"rtt":	209618,
					"rttvar":	1037,
					"pmtu":	1500,
					"omitted":	false,
					"sender":	true
				}],
			"sum":	{
				"start":	8.000083,
				"end":	9.000081,
				"seconds":	0.99999797344207764,
				"bytes":	14417920,
				"bits_per_second":	115343593.75047371,
				"retransmits":	0,
				"omitted":	false,
				"sender":	true
			}
		}, {
			"streams":	[{
					"socket":	6,
					"start":	9.000081,
					"end":	10.000133,
					"seconds":	1.0000519752502441,
					"bytes":	15728640,
					"bits_per_second":	125822580.33990046,
					"retransmits":	0,
					"snd_cwnd":	6098976,
					"snd_wnd":	3143552,
					"rtt":	208689,
					"rttvar":	1662,
					"pmtu":	1500,
					"omitted":	false,
					"sender":	true
				}],
			"sum":	{
				"start":	9.000081,
				"end":	10.000133,
				"seconds":	1.0000519752502441,
				"bytes":	15728640,
				"bits_per_second":	125822580.33990046,
				"retransmits":	0,
				"omitted":	false,
				"sender":	true
			}
		}],
	"end":	{
		"streams":	[{
				"sender":	{
					"socket":	6,
					"start":	0,
					"end":	10.000133,
					"seconds":	10.000133,
					"bytes":	137756672,
					"bits_per_second":	110203871.88850388,
					"retransmits":	0,
					"max_snd_cwnd":	6098976,
					"max_snd_wnd":	3143552,
					"max_rtt":	209618,
					"min_rtt":	155308,
					"mean_rtt":	200481,
					"sender":	true
				},
				"receiver":	{
					"socket":	6,
					"start":	0,
					"end":	10.207335,
					"seconds":	10.000133,
					"bytes":	136806224,
					"bits_per_second":	107221894.059517,
					"sender":	true
				}
			}],
		"sum_sent":	{
			"start":	0,
			"end":	10.000133,
			"seconds":	10.000133,
			"bytes":	137756672,
			"bits_per_second":	110203871.88850388,
			"retransmits":	0,
			"sender":	true
		},
		"sum_received":	{
			"start":	0,
			"end":	10.207335,
			"seconds":	10.207335,
			"bytes":	136806224,
			"bits_per_second":	107221894.059517,
			"sender":	true
		},
		"cpu_utilization_percent":	{
			"host_total":	1.8654156233392678,
			"host_user":	0.2146772088246397,
			"host_system":	1.6507478471438657,
			"remote_total":	1.0720020377473094,
			"remote_user":	0.066432521663311234,
			"remote_system":	1.0055695160839984
		},
		"sender_tcp_congestion":	"cubic",
		"receiver_tcp_congestion":	"cubic"
	}
}
