{
	"start":	{
		"connected":	[{
				"socket":	6,
				"local_host":	"192.168.101.210",
				"local_port":	38650,
				"remote_host":	"192.168.100.168",
				"remote_port":	5202
			}],
		"version":	"iperf 3.11",
		"system_info":	"Linux f1 6.0.10-300.fc37.x86_64 #1 SMP PREEMPT_DYNAMIC Sat Nov 26 16:55:13 UTC 2022 x86_64",
		"timestamp":	{
			"time":	"Fri, 09 Dec 2022 23:25:34 GMT",
			"timesecs":	1670628334
		},
		"connecting_to":	{
			"host":	"192.168.100.168",
			"port":	5202
		},
		"cookie":	"u3xlavqupwzfuy6mrfesbwyndqw57wk5jmfw",
		"tcp_mss_default":	1448,
		"target_bitrate":	0,
		"sock_bufsize":	0,
		"sndbuf_actual":	16384,
		"rcvbuf_actual":	131072,
		"test_start":	{
			"protocol":	"TCP",
			"num_streams":	1,
			"blksize":	131072,
			"omit":	0,
			"duration":	10,
			"bytes":	0,
			"blocks":	0,
			"reverse":	0,
			"tos":	0,
			"target_bitrate":	0
		}
	},
	"intervals":	[{
			"streams":	[{
					"socket":	6,
					"start":	0,
					"end":	1.000118,
					"seconds":	1.0001180171966553,
					"bytes":	4063232,
					"bits_per_second":	32502020.202690046,
					"retransmits":	0,
					"snd_cwnd":	638568,
					"snd_wnd":	1045888,
					"rtt":	150076,
					"rttvar":	7,
					"pmtu":	1500,
					"omitted":	false,
					"sender":	true
				}],
			"sum":	{
				"start":	0,
				"end":	1.000118,
				"seconds":	1.0001180171966553,
				"bytes":	4063232,
				"bits_per_second":	32502020.202690046,
				"retransmits":	0,
				"omitted":	false,
				"sender":	true
			}
		}, {
			"streams":	[{
					"socket":	6,
					"start":	1.000118,
					"end":	2.000083,
					"seconds":	0.999965012073517,
					"bytes":	11796480,
					"bits_per_second":	94375141.9905298,
					"retransmits":	0,
					"snd_cwnd":	7018456,
					"snd_wnd":	3143552,
					"rtt":	203775,
					"rttvar":	4781,
					"pmtu":	1500,
					"omitted":	false,
					"sender":	true
				}],
			"sum":	{
				"start":	1.000118,
				"end":	2.000083,
				"seconds":	0.999965012073517,
				"bytes":	11796480,
				"bits_per_second":	94375141.9905298,
				"retransmits":	0,
				"omitted":	false,
				"sender":	true
			}
		}, {
			"streams":	[{
					"socket":	6,
					"start":	2.000083,
					"end":	3.000101,
					"seconds":	1.0000180006027222,
					"bytes":	14417920,
					"bits_per_second":	115341283.78737308,
					"retransmits":	0,
					"snd_cwnd":	7018456,
					"snd_wnd":	3143552,
					"rtt":	207864,
					"rttvar":	1410,
					"pmtu":	1500,
					"omitted":	false,
					"sender":	true
				}],
			"sum":	{
				"start":	2.000083,
				"end":	3.000101,
				"seconds":	1.0000180006027222,
				"bytes":	14417920,
				"bits_per_second":	115341283.78737308,
				"retransmits":	0,
				"omitted":	false,
				"sender":	true
			}
		}, {
			"streams":	[{
					"socket":	6,
					"start":	3.000101,
					"end":	4.000084,
					"seconds":	0.999983012676239,
					"bytes":	15728640,
					"bits_per_second":	125831257.536311,
					"retransmits":	0,
					"snd_cwnd":	7018456,
					"snd_wnd":	3143552,
					"rtt":	198339,
					"rttvar":	997,
					"pmtu":	1500,
					"omitted":	false,
					"sender":	true
				}],
			"sum":	{
				"start":	3.000101,
				"end":	4.000084,
				"seconds":	0.999983012676239,
				"bytes":	15728640,
				"bits_per_second":	125831257.536311,
				"retransmits":	0,
				"omitted":	false,
				"sender":	true
			}
		}, {
			"streams":	[{
					"socket":	6,
					"start":	4.000084,
					"end":	5.000085,
					"seconds":	1.0000009536743164,
					"bytes":	14417920,
					"bits_per_second":	115343250.0001049,
					"retransmits":	0,
					"snd_cwnd":	7018456,
					"snd_wnd":	3143552,
					"rtt":	204081,
					"rttvar":	3334,
					"pmtu":	1500,
					"omitted":	false,
					"sender":	true
				}],
			"sum":	{
				"start":	4.000084,
				"end":	5.000085,
				"seconds":	1.0000009536743164,
				"bytes":	14417920,
				"bits_per_second":	115343250.0001049,
				"retransmits":	0,
				"omitted":	false,
				"sender":	true
			}
		}, {
			"streams":	[{
					"socket":	6,
					"start":	5.000085,
					"end":	6.000078,
					"seconds":	0.99999302625656128,
					"bytes":	14417920,
					"bits_per_second":	115344164.38060954,
					"retransmits":	0,
					"snd_cwnd":	7018456,
					"snd_wnd":	3143552,
					"rtt":	205399,
					"rttvar":	2573,
					"pmtu":	1500,
					"omitted":	false,
					"sender":	true
				}],
			"sum":	{
				"start":	5.000085,
				"end":	6.000078,
				"seconds":	0.99999302625656128,
				"bytes":	14417920,
				"bits_per_second":	115344164.38060954,
				"retransmits":	0,
				"omitted":	false,
				"sender":	true
			}
		}, {
			"streams":	[{
					"socket":	6,
					"start":	6.000078,
					"end":	7.000069,
					"seconds":	0.999990999698639,
					"bytes":	15728640,
					"bits_per_second":	125830252.51019293,
					"retransmits":	0,
					"snd_cwnd":	7018456,
					"snd_wnd":	3143552,
					"rtt":	203006,
					"rttvar":	94,
					"pmtu":	1500,
					"omitted":	false,
					"sender":	true
				}],
			"sum":	{
				"start":	6.000078,
				"end":	7.000069,
				"seconds":	0.999990999698639,
				"bytes":	15728640,
				"bits_per_second":	125830252.51019293,
				"retransmits":	0,
				"omitted":	false,
				"sender":	true
			}
		}, {
			"streams":	[{
					"socket":	6,
					"start":	7.000069,
					"end":	8.000119,
					"seconds":	1.0000499486923218,
					"bytes":	14417920,
					"bits_per_second":	115337599.03775252,
					"retransmits":	0,
					"snd_cwnd":	7018456,
					"snd_wnd":	3143552,
					"rtt":	203071,
					"rttvar":	2389,
					"pmtu":	1500,
					"omitted":	false,
					"sender":	true
				}],
			"sum":	{
				"start":	7.000069,
				"end":	8.000119,
				"seconds":	1.0000499486923218,
				"bytes":	14417920,
				"bits_per_second":	115337599.03775252,
				"retransmits":	0,
				"omitted":	false,
				"sender":	true
			}
		}, {
			"streams":	[{
					"socket":	6,
					"start":	8.000119,
					"end":	9.000151,
					"seconds":	1.0000319480895996,
					"bytes":	14417920,
					"bits_per_second":	115339675.11772496,
					"retransmits":	0,
					"snd_cwnd":	7018456,
					"snd_wnd":	3143552,
					"rtt":	208498,
					"rttvar":	1513,
					"pmtu":	1500,
					"omitted":	false,
					"sender":	true
				}],
			"sum":	{
				"start":	8.000119,
				"end":	9.000151,
				"seconds":	1.0000319480895996,
				"bytes":	14417920,
				"bits_per_second":	115339675.11772496,
				"retransmits":	0,
				"omitted":	false,
				"sender":	true
			}
		}, {
			"streams":	[{
					"socket":	6,
					"start":	9.000151,
					"end":	10.000097,
					"seconds":	0.9999459981918335,
					"bytes":	15728640,
					"bits_per_second":	125835915.36696211,
					"retransmits":	0,
					"snd_cwnd":	7018456,
					"snd_wnd":	3143552,
					"rtt":	203933,
					"rttvar":	4648,
					"pmtu":	1500,
					"omitted":	false,
					"sender":	true
				}],
			"sum":	{
				"start":	9.000151,
				"end":	10.000097,
				"seconds":	0.9999459981918335,
				"bytes":	15728640,
				"bits_per_second":	125835915.36696211,
				"retransmits":	0,
				"omitted":	false,
				"sender":	true
			}
		}],
	"end":	{
		"streams":	[{
				"sender":	{
					"socket":	6,
					"start":	0,
					"end":	10.000097,
					"seconds":	10.000097,
					"bytes":	135135232,
					"bits_per_second":	108107136.96077147,
					"retransmits":	0,
					"max_snd_cwnd":	7018456,
					"max_snd_wnd":	3143552,
					"max_rtt":	208498,
					"min_rtt":	150076,
					"mean_rtt":	198804,
					"sender":	true
				},
				"receiver":	{
					"socket":	6,
					"start":	0,
					"end":	10.20953,
					"seconds":	10.000097,
					"bytes":	134845352,
					"bits_per_second":	105662338.61891781,
					"sender":	true
				}
			}],
		"sum_sent":	{
			"start":	0,
			"end":	10.000097,
			"seconds":	10.000097,
			"bytes":	135135232,
			"bits_per_second":	108107136.96077147,
			"retransmits":	0,
			"sender":	true
		},
		"sum_received":	{
			"start":	0,
			"end":	10.20953,
			"seconds":	10.20953,
			"bytes":	134845352,
			"bits_per_second":	105662338.61891781,
			"sender":	true
		},
		"cpu_utilization_percent":	{
			"host_total":	1.5759134745992935,
			"host_user":	0.23805615925624074,
			"host_system":	1.3378667481662592,
			"remote_total":	1.1086684078477542,
			"remote_user":	0.056349230058734254,
			"remote_system":	1.05231917778902
		},
		"sender_tcp_congestion":	"bbr",
		"receiver_tcp_congestion":	"bbr"
	}
}
