{
	"start":	{
		"connected":	[{
				"socket":	6,
				"local_host":	"192.168.101.210",
				"local_port":	60208,
				"remote_host":	"192.168.100.168",
				"remote_port":	5201
			}],
		"version":	"iperf 3.11",
		"system_info":	"Linux f1 6.0.10-300.fc37.x86_64 #1 SMP PREEMPT_DYNAMIC Sat Nov 26 16:55:13 UTC 2022 x86_64",
		"timestamp":	{
			"time":	"Fri, 09 Dec 2022 23:26:26 GMT",
			"timesecs":	1670628386
		},
		"connecting_to":	{
			"host":	"192.168.100.168",
			"port":	5201
		},
		"cookie":	"mehqkiv53bjfrnha62amsop5dzf7xtdfbvqn",
		"tcp_mss_default":	1448,
		"target_bitrate":	0,
		"sock_bufsize":	0,
		"sndbuf_actual":	16384,
		"rcvbuf_actual":	131072,
		"test_start":	{
			"protocol":	"TCP",
			"num_streams":	1,
			"blksize":	131072,
			"omit":	0,
			"duration":	10,
			"bytes":	0,
			"blocks":	0,
			"reverse":	0,
			"tos":	0,
			"target_bitrate":	0
		}
	},
	"intervals":	[{
			"streams":	[{
					"socket":	6,
					"start":	0,
					"end":	1.000237,
					"seconds":	1.000236988067627,
					"bytes":	1238040,
					"bits_per_second":	9901973.35046998,
					"retransmits":	0,
					"snd_cwnd":	231680,
					"snd_wnd":	406272,
					"rtt":	200082,
					"rttvar":	20,
					"pmtu":	1500,
					"omitted":	false,
					"sender":	true
				}],
			"sum":	{
				"start":	0,
				"end":	1.000237,
				"seconds":	1.000236988067627,
				"bytes":	1238040,
				"bits_per_second":	9901973.35046998,
				"retransmits":	0,
				"omitted":	false,
				"sender":	true
			}
		}, {
			"streams":	[{
					"socket":	6,
					"start":	1.000237,
					"end":	2.000175,
					"seconds":	0.99993801116943359,
					"bytes":	8068072,
					"bits_per_second":	64548577.290820986,
					"retransmits":	265,
					"snd_cwnd":	2729480,
					"snd_wnd":	3141888,
					"rtt":	232890,
					"rttvar":	647,
					"pmtu":	1500,
					"omitted":	false,
					"sender":	true
				}],
			"sum":	{
				"start":	1.000237,
				"end":	2.000175,
				"seconds":	0.99993801116943359,
				"bytes":	8068072,
				"bits_per_second":	64548577.290820986,
				"retransmits":	265,
				"omitted":	false,
				"sender":	true
			}
		}, {
			"streams":	[{
					"socket":	6,
					"start":	2.000175,
					"end":	3.000096,
					"seconds":	0.99992102384567261,
					"bytes":	7864320,
					"bits_per_second":	62919529.142443761,
					"retransmits":	1287,
					"snd_cwnd":	2729480,
					"snd_wnd":	3145728,
					"rtt":	200075,
					"rttvar":	18,
					"pmtu":	1500,
					"omitted":	false,
					"sender":	true
				}],
			"sum":	{
				"start":	2.000175,
				"end":	3.000096,
				"seconds":	0.99992102384567261,
				"bytes":	7864320,
				"bits_per_second":	62919529.142443761,
				"retransmits":	1287,
				"omitted":	false,
				"sender":	true
			}
		}, {
			"streams":	[{
					"socket":	6,
					"start":	3.000096,
					"end":	4.000085,
					"seconds":	0.99998897314071655,
					"bytes":	6553600,
					"bits_per_second":	52429378.13137497,
					"retransmits":	785,
					"snd_cwnd":	1369808,
					"snd_wnd":	2684800,
					"rtt":	200585,
					"rttvar":	991,
					"pmtu":	1500,
					"omitted":	false,
					"sender":	true
				}],
			"sum":	{
				"start":	3.000096,
				"end":	4.000085,
				"seconds":	0.99998897314071655,
				"bytes":	6553600,
				"bits_per_second":	52429378.13137497,
				"retransmits":	785,
				"omitted":	false,
				"sender":	true
			}
		}, {
			"streams":	[{
					"socket":	6,
					"start":	4.000085,
					"end":	5.000077,
					"seconds":	0.9999920129776,
					"bytes":	7864320,
					"bits_per_second":	62915062.5040135,
					"retransmits":	0,
					"snd_cwnd":	1461032,
					"snd_wnd":	3145728,
					"rtt":	201217,
					"rttvar":	600,
					"pmtu":	1500,
					"omitted":	false,
					"sender":	true
				}],
			"sum":	{
				"start":	4.000085,
				"end":	5.000077,
				"seconds":	0.9999920129776,
				"bytes":	7864320,
				"bits_per_second":	62915062.5040135,
				"retransmits":	0,
				"omitted":	false,
				"sender":	true
			}
		}, {
			"streams":	[{
					"socket":	6,
					"start":	5.000077,
					"end":	6.000083,
					"seconds":	1.0000059604644775,
					"bytes":	7864320,
					"bits_per_second":	62914185.002235159,
					"retransmits":	0,
					"snd_cwnd":	1536328,
					"snd_wnd":	3145728,
					"rtt":	200871,
					"rttvar":	87,
					"pmtu":	1500,
					"omitted":	false,
					"sender":	true
				}],
			"sum":	{
				"start":	5.000077,
				"end":	6.000083,
				"seconds":	1.0000059604644775,
				"bytes":	7864320,
				"bits_per_second":	62914185.002235159,
				"retransmits":	0,
				"omitted":	false,
				"sender":	true
			}
		}, {
			"streams":	[{
					"socket":	6,
					"start":	6.000083,
					"end":	7.000091,
					"seconds":	1.0000079870224,
					"bytes":	7864320,
					"bits_per_second":	62914057.504013449,
					"retransmits":	0,
					"snd_cwnd":	1589904,
					"snd_wnd":	3145728,
					"rtt":	200361,
					"rttvar":	190,
					"pmtu":	1500,
					"omitted":	false,
					"sender":	true
				}],
			"sum":	{
				"start":	6.000083,
				"end":	7.000091,
				"seconds":	1.0000079870224,
				"bytes":	7864320,
				"bits_per_second":	62914057.504013449,
				"retransmits":	0,
				"omitted":	false,
				"sender":	true
			}
		}, {
			"streams":	[{
					"socket":	6,
					"start":	7.000091,
					"end":	8.000077,
					"seconds":	0.99998599290847778,
					"bytes":	7864320,
					"bits_per_second":	62915441.262343921,
					"retransmits":	0,
					"snd_cwnd":	1626104,
					"snd_wnd":	3145728,
					"rtt":	200249,
					"rttvar":	139,
					"pmtu":	1500,
					"omitted":	false,
					"sender":	true
				}],
			"sum":	{
				"start":	7.000091,
				"end":	8.000077,
				"seconds":	0.99998599290847778,
				"bytes":	7864320,
				"bits_per_second":	62915441.262343921,
				"retransmits":	0,
				"omitted":	false,
				"sender":	true
			}
		}, {
			"streams":	[{
					"socket":	6,
					"start":	8.000077,
					"end":	9.00008,
					"seconds":	1.0000029802322388,
					"bytes":	7864320,
					"bits_per_second":	62914372.5005588,
					"retransmits":	0,
					"snd_cwnd":	1647824,
					"snd_wnd":	3145728,
					"rtt":	200318,
					"rttvar":	59,
					"pmtu":	1500,
					"omitted":	false,
					"sender":	true
				}],
			"sum":	{
				"start":	8.000077,
				"end":	9.00008,
				"seconds":	1.0000029802322388,
				"bytes":	7864320,
				"bits_per_second":	62914372.5005588,
				"retransmits":	0,
				"omitted":	false,
				"sender":	true
			}
		}, {
			"streams":	[{
					"socket":	6,
					"start":	9.00008,
					"end":	10.000083,
					"seconds":	1.0000029802322388,
					"bytes":	7864320,
					"bits_per_second":	62914372.5005588,
					"retransmits":	0,
					"snd_cwnd":	1659408,
					"snd_wnd":	3145728,
					"rtt":	200598,
					"rttvar":	80,
					"pmtu":	1500,
					"omitted":	false,
					"sender":	true
				}],
			"sum":	{
				"start":	9.00008,
				"end":	10.000083,
				"seconds":	1.0000029802322388,
				"bytes":	7864320,
				"bits_per_second":	62914372.5005588,
				"retransmits":	0,
				"omitted":	false,
				"sender":	true
			}
		}],
	"end":	{
		"streams":	[{
				"sender":	{
					"socket":	6,
					"start":	0,
					"end":	10.000083,
					"seconds":	10.000083,
					"bytes":	70909952,
					"bits_per_second":	56727490.761826679,
					"retransmits":	2337,
					"max_snd_cwnd":	2729480,
					"max_snd_wnd":	3145728,
					"max_rtt":	232890,
					"min_rtt":	200075,
					"mean_rtt":	203724,
					"sender":	true
				},
				"receiver":	{
					"socket":	6,
					"start":	0,
					"end":	10.200164,
					"seconds":	10.000083,
					"bytes":	69489240,
					"bits_per_second":	54500488.42351947,
					"sender":	true
				}
			}],
		"sum_sent":	{
			"start":	0,
			"end":	10.000083,
			"seconds":	10.000083,
			"bytes":	70909952,
			"bits_per_second":	56727490.761826679,
			"retransmits":	2337,
			"sender":	true
		},
		"sum_received":	{
			"start":	0,
			"end":	10.200164,
			"seconds":	10.200164,
			"bytes":	69489240,
			"bits_per_second":	54500488.42351947,
			"sender":	true
		},
		"cpu_utilization_percent":	{
			"host_total":	2.046183128474004,
			"host_user":	0.22514513524400415,
			"host_system":	1.8210472512231428,
			"remote_total":	1.165428357371102,
			"remote_user":	0.12491914372642571,
			"remote_system":	1.0405190173759371
		},
		"sender_tcp_congestion":	"cubic",
		"receiver_tcp_congestion":	"cubic"
	}
}
