{
	"start":	{
		"connected":	[{
				"socket":	6,
				"local_host":	"192.168.101.210",
				"local_port":	56174,
				"remote_host":	"192.168.100.168",
				"remote_port":	5202
			}],
		"version":	"iperf 3.11",
		"system_info":	"Linux f1 6.0.10-300.fc37.x86_64 #1 SMP PREEMPT_DYNAMIC Sat Nov 26 16:55:13 UTC 2022 x86_64",
		"timestamp":	{
			"time":	"Fri, 09 Dec 2022 23:23:21 GMT",
			"timesecs":	1670628201
		},
		"connecting_to":	{
			"host":	"192.168.100.168",
			"port":	5202
		},
		"cookie":	"jw6jl74vxumpjvaci6oko4pzct5rgnbnzuzz",
		"tcp_mss_default":	1448,
		"target_bitrate":	0,
		"sock_bufsize":	0,
		"sndbuf_actual":	16384,
		"rcvbuf_actual":	131072,
		"test_start":	{
			"protocol":	"TCP",
			"num_streams":	1,
			"blksize":	131072,
			"omit":	0,
			"duration":	10,
			"bytes":	0,
			"blocks":	0,
			"reverse":	0,
			"tos":	0,
			"target_bitrate":	0
		}
	},
	"intervals":	[{
			"streams":	[{
					"socket":	6,
					"start":	0,
					"end":	1.00007,
					"seconds":	1.0000699758529663,
					"bytes":	11665408,
					"bits_per_second":	93316734.0819366,
					"retransmits":	386,
					"snd_cwnd":	4355584,
					"snd_wnd":	3145728,
					"rtt":	79595,
					"rttvar":	2758,
					"pmtu":	1500,
					"omitted":	false,
					"sender":	true
				}],
			"sum":	{
				"start":	0,
				"end":	1.00007,
				"seconds":	1.0000699758529663,
				"bytes":	11665408,
				"bits_per_second":	93316734.0819366,
				"retransmits":	386,
				"omitted":	false,
				"sender":	true
			}
		}, {
			"streams":	[{
					"socket":	6,
					"start":	1.00007,
					"end":	2.00007,
					"seconds":	1,
					"bytes":	17039360,
					"bits_per_second":	136314880,
					"retransmits":	2478,
					"snd_cwnd":	5757248,
					"snd_wnd":	2437248,
					"rtt":	95697,
					"rttvar":	992,
					"pmtu":	1500,
					"omitted":	false,
					"sender":	true
				}],
			"sum":	{
				"start":	1.00007,
				"end":	2.00007,
				"seconds":	1,
				"bytes":	17039360,
				"bits_per_second":	136314880,
				"retransmits":	2478,
				"omitted":	false,
				"sender":	true
			}
		}, {
			"streams":	[{
					"socket":	6,
					"start":	2.00007,
					"end":	3.00007,
					"seconds":	1,
					"bytes":	20971520,
					"bits_per_second":	167772160,
					"retransmits":	1144,
					"snd_cwnd":	4523552,
					"snd_wnd":	3145728,
					"rtt":	79818,
					"rttvar":	648,
					"pmtu":	1500,
					"omitted":	false,
					"sender":	true
				}],
			"sum":	{
				"start":	2.00007,
				"end":	3.00007,
				"seconds":	1,
				"bytes":	20971520,
				"bits_per_second":	167772160,
				"retransmits":	1144,
				"omitted":	false,
				"sender":	true
			}
		}, {
			"streams":	[{
					"socket":	6,
					"start":	3.00007,
					"end":	4.000071,
					"seconds":	1.0000009536743164,
					"bytes":	23592960,
					"bits_per_second":	188743500.00017166,
					"retransmits":	154,
					"snd_cwnd":	4149968,
					"snd_wnd":	3145728,
					"rtt":	75093,
					"rttvar":	7,
					"pmtu":	1500,
					"omitted":	false,
					"sender":	true
				}],
			"sum":	{
				"start":	3.00007,
				"end":	4.000071,
				"seconds":	1.0000009536743164,
				"bytes":	23592960,
				"bits_per_second":	188743500.00017166,
				"retransmits":	154,
				"omitted":	false,
				"sender":	true
			}
		}, {
			"streams":	[{
					"socket":	6,
					"start":	4.000071,
					"end":	5.000068,
					"seconds":	0.99999701976776123,
					"bytes":	26214400,
					"bits_per_second":	209715825.00186265,
					"retransmits":	0,
					"snd_cwnd":	4115216,
					"snd_wnd":	3145728,
					"rtt":	87759,
					"rttvar":	151,
					"pmtu":	1500,
					"omitted":	false,
					"sender":	true
				}],
			"sum":	{
				"start":	4.000071,
				"end":	5.000068,
				"seconds":	0.99999701976776123,
				"bytes":	26214400,
				"bits_per_second":	209715825.00186265,
				"retransmits":	0,
				"omitted":	false,
				"sender":	true
			}
		}, {
			"streams":	[{
					"socket":	6,
					"start":	5.000068,
					"end":	6.000071,
					"seconds":	1.0000029802322388,
					"bytes":	26214400,
					"bits_per_second":	209714575.00186265,
					"retransmits":	0,
					"snd_cwnd":	4089152,
					"snd_wnd":	3145728,
					"rtt":	97482,
					"rttvar":	1624,
					"pmtu":	1500,
					"omitted":	false,
					"sender":	true
				}],
			"sum":	{
				"start":	5.000068,
				"end":	6.000071,
				"seconds":	1.0000029802322388,
				"bytes":	26214400,
				"bits_per_second":	209714575.00186265,
				"retransmits":	0,
				"omitted":	false,
				"sender":	true
			}
		}, {
			"streams":	[{
					"socket":	6,
					"start":	6.000071,
					"end":	7.000069,
					"seconds":	0.99999797344207764,
					"bytes":	23592960,
					"bits_per_second":	188744062.50077516,
					"retransmits":	22,
					"snd_cwnd":	4109424,
					"snd_wnd":	3145728,
					"rtt":	76932,
					"rttvar":	149,
					"pmtu":	1500,
					"omitted":	false,
					"sender":	true
				}],
			"sum":	{
				"start":	6.000071,
				"end":	7.000069,
				"seconds":	0.99999797344207764,
				"bytes":	23592960,
				"bits_per_second":	188744062.50077516,
				"retransmits":	22,
				"omitted":	false,
				"sender":	true
			}
		}, {
			"streams":	[{
					"socket":	6,
					"start":	7.000069,
					"end":	8.000069,
					"seconds":	1,
					"bytes":	26214400,
					"bits_per_second":	209715200,
					"retransmits":	0,
					"snd_cwnd":	4077568,
					"snd_wnd":	3145728,
					"rtt":	87366,
					"rttvar":	155,
					"pmtu":	1500,
					"omitted":	false,
					"sender":	true
				}],
			"sum":	{
				"start":	7.000069,
				"end":	8.000069,
				"seconds":	1,
				"bytes":	26214400,
				"bits_per_second":	209715200,
				"retransmits":	0,
				"omitted":	false,
				"sender":	true
			}
		}, {
			"streams":	[{
					"socket":	6,
					"start":	8.000069,
					"end":	9.000064,
					"seconds":	0.999994993209839,
					"bytes":	26214400,
					"bits_per_second":	209716250.00525716,
					"retransmits":	0,
					"snd_cwnd":	4074672,
					"snd_wnd":	3145728,
					"rtt":	91872,
					"rttvar":	73,
					"pmtu":	1500,
					"omitted":	false,
					"sender":	true
				}],
			"sum":	{
				"start":	8.000069,
				"end":	9.000064,
				"seconds":	0.999994993209839,
				"bytes":	26214400,
				"bits_per_second":	209716250.00525716,
				"retransmits":	0,
				"omitted":	false,
				"sender":	true
			}
		}, {
			"streams":	[{
					"socket":	6,
					"start":	9.000064,
					"end":	10.000074,
					"seconds":	1.0000100135803223,
					"bytes":	23592960,
					"bits_per_second":	188741790.01892549,
					"retransmits":	22,
					"snd_cwnd":	4063088,
					"snd_wnd":	3145728,
					"rtt":	88050,
					"rttvar":	226,
					"pmtu":	1500,
					"omitted":	false,
					"sender":	true
				}],
			"sum":	{
				"start":	9.000064,
				"end":	10.000074,
				"seconds":	1.0000100135803223,
				"bytes":	23592960,
				"bits_per_second":	188741790.01892549,
				"retransmits":	22,
				"omitted":	false,
				"sender":	true
			}
		}],
	"end":	{
		"streams":	[{
				"sender":	{
					"socket":	6,
					"start":	0,
					"end":	10.000074,
					"seconds":	10.000074,
					"bytes":	225312768,
					"bits_per_second":	180248880.55828387,
					"retransmits":	4206,
					"max_snd_cwnd":	5757248,
					"max_snd_wnd":	3145728,
					"max_rtt":	97482,
					"min_rtt":	75093,
					"mean_rtt":	85966,
					"sender":	true
				},
				"receiver":	{
					"socket":	6,
					"start":	0,
					"end":	10.089159,
					"seconds":	10.000074,
					"bytes":	224737496,
					"bits_per_second":	178201172.96198821,
					"sender":	true
				}
			}],
		"sum_sent":	{
			"start":	0,
			"end":	10.000074,
			"seconds":	10.000074,
			"bytes":	225312768,
			"bits_per_second":	180248880.55828387,
			"retransmits":	4206,
			"sender":	true
		},
		"sum_received":	{
			"start":	0,
			"end":	10.089159,
			"seconds":	10.089159,
			"bytes":	224737496,
			"bits_per_second":	178201172.96198821,
			"sender":	true
		},
		"cpu_utilization_percent":	{
			"host_total":	1.2615166507267328,
			"host_user":	0.12098623341111089,
			"host_system":	1.1405304173156221,
			"remote_total":	2.0787440472054737,
			"remote_user":	0.30147180605260948,
			"remote_system":	1.77726232953378
		},
		"sender_tcp_congestion":	"bbr",
		"receiver_tcp_congestion":	"bbr"
	}
}
