{
	"start":	{
		"connected":	[{
				"socket":	6,
				"local_host":	"192.168.101.210",
				"local_port":	42922,
				"remote_host":	"192.168.100.168",
				"remote_port":	5202
			}],
		"version":	"iperf 3.11",
		"system_info":	"Linux f1 6.0.10-300.fc37.x86_64 #1 SMP PREEMPT_DYNAMIC Sat Nov 26 16:55:13 UTC 2022 x86_64",
		"timestamp":	{
			"time":	"Fri, 09 Dec 2022 23:26:26 GMT",
			"timesecs":	1670628386
		},
		"connecting_to":	{
			"host":	"192.168.100.168",
			"port":	5202
		},
		"cookie":	"v3ihh4rjhodwtqz4usw5ywahsoxrb2sypgzi",
		"tcp_mss_default":	1448,
		"target_bitrate":	0,
		"sock_bufsize":	0,
		"sndbuf_actual":	16384,
		"rcvbuf_actual":	131072,
		"test_start":	{
			"protocol":	"TCP",
			"num_streams":	1,
			"blksize":	131072,
			"omit":	0,
			"duration":	10,
			"bytes":	0,
			"blocks":	0,
			"reverse":	0,
			"tos":	0,
			"target_bitrate":	0
		}
	},
	"intervals":	[{
			"streams":	[{
					"socket":	6,
					"start":	0,
					"end":	1.000171,
					"seconds":	1.0001709461212158,
					"bytes":	1361120,
					"bits_per_second":	10887098.892673004,
					"retransmits":	0,
					"snd_cwnd":	209960,
					"snd_wnd":	326144,
					"rtt":	200089,
					"rttvar":	6,
					"pmtu":	1500,
					"omitted":	false,
					"sender":	true
				}],
			"sum":	{
				"start":	0,
				"end":	1.000171,
				"seconds":	1.0001709461212158,
				"bytes":	1361120,
				"bits_per_second":	10887098.892673004,
				"retransmits":	0,
				"omitted":	false,
				"sender":	true
			}
		}, {
			"streams":	[{
					"socket":	6,
					"start":	1.000171,
					"end":	2.000248,
					"seconds":	1.00007700920105,
					"bytes":	5454624,
					"bits_per_second":	43633631.8088755,
					"retransmits":	13,
					"snd_cwnd":	3123336,
					"snd_wnd":	3141248,
					"rtt":	201182,
					"rttvar":	19,
					"pmtu":	1500,
					"omitted":	false,
					"sender":	true
				}],
			"sum":	{
				"start":	1.000171,
				"end":	2.000248,
				"seconds":	1.00007700920105,
				"bytes":	5454624,
				"bits_per_second":	43633631.8088755,
				"retransmits":	13,
				"omitted":	false,
				"sender":	true
			}
		}, {
			"streams":	[{
					"socket":	6,
					"start":	2.000248,
					"end":	3.000192,
					"seconds":	0.999943971633911,
					"bytes":	9175040,
					"bits_per_second":	73404432.73042956,
					"retransmits":	526,
					"snd_cwnd":	6714376,
					"snd_wnd":	3145728,
					"rtt":	200087,
					"rttvar":	11,
					"pmtu":	1500,
					"omitted":	false,
					"sender":	true
				}],
			"sum":	{
				"start":	2.000248,
				"end":	3.000192,
				"seconds":	0.999943971633911,
				"bytes":	9175040,
				"bits_per_second":	73404432.73042956,
				"retransmits":	526,
				"omitted":	false,
				"sender":	true
			}
		}, {
			"streams":	[{
					"socket":	6,
					"start":	3.000192,
					"end":	4.000073,
					"seconds":	0.99988102912902832,
					"bytes":	10485760,
					"bits_per_second":	83896061.18747057,
					"retransmits":	81,
					"snd_cwnd":	7018456,
					"snd_wnd":	2947968,
					"rtt":	208622,
					"rttvar":	2784,
					"pmtu":	1500,
					"omitted":	false,
					"sender":	true
				}],
			"sum":	{
				"start":	3.000192,
				"end":	4.000073,
				"seconds":	0.99988102912902832,
				"bytes":	10485760,
				"bits_per_second":	83896061.18747057,
				"retransmits":	81,
				"omitted":	false,
				"sender":	true
			}
		}, {
			"streams":	[{
					"socket":	6,
					"start":	4.000073,
					"end":	5.000116,
					"seconds":	1.0000430345535278,
					"bytes":	10485760,
					"bits_per_second":	83882470.155348048,
					"retransmits":	0,
					"snd_cwnd":	6976464,
					"snd_wnd":	3145728,
					"rtt":	206583,
					"rttvar":	644,
					"pmtu":	1500,
					"omitted":	false,
					"sender":	true
				}],
			"sum":	{
				"start":	4.000073,
				"end":	5.000116,
				"seconds":	1.0000430345535278,
				"bytes":	10485760,
				"bits_per_second":	83882470.155348048,
				"retransmits":	0,
				"omitted":	false,
				"sender":	true
			}
		}, {
			"streams":	[{
					"socket":	6,
					"start":	5.000116,
					"end":	6.000111,
					"seconds":	0.999994993209839,
					"bytes":	13107200,
					"bits_per_second":	104858125.00262858,
					"retransmits":	0,
					"snd_cwnd":	6776640,
					"snd_wnd":	3145728,
					"rtt":	201526,
					"rttvar":	177,
					"pmtu":	1500,
					"omitted":	false,
					"sender":	true
				}],
			"sum":	{
				"start":	5.000116,
				"end":	6.000111,
				"seconds":	0.999994993209839,
				"bytes":	13107200,
				"bits_per_second":	104858125.00262858,
				"retransmits":	0,
				"omitted":	false,
				"sender":	true
			}
		}, {
			"streams":	[{
					"socket":	6,
					"start":	6.000111,
					"end":	7.000106,
					"seconds":	0.999994993209839,
					"bytes":	13107200,
					"bits_per_second":	104858125.00262858,
					"retransmits":	0,
					"snd_cwnd":	6794016,
					"snd_wnd":	3145728,
					"rtt":	200105,
					"rttvar":	41,
					"pmtu":	1500,
					"omitted":	false,
					"sender":	true
				}],
			"sum":	{
				"start":	6.000111,
				"end":	7.000106,
				"seconds":	0.999994993209839,
				"bytes":	13107200,
				"bits_per_second":	104858125.00262858,
				"retransmits":	0,
				"omitted":	false,
				"sender":	true
			}
		}, {
			"streams":	[{
					"socket":	6,
					"start":	7.000106,
					"end":	8.0001,
					"seconds":	0.99999397993087769,
					"bytes":	13107200,
					"bits_per_second":	104858231.2538002,
					"retransmits":	0,
					"snd_cwnd":	6799808,
					"snd_wnd":	3145728,
					"rtt":	200104,
					"rttvar":	38,
					"pmtu":	1500,
					"omitted":	false,
					"sender":	true
				}],
			"sum":	{
				"start":	7.000106,
				"end":	8.0001,
				"seconds":	0.99999397993087769,
				"bytes":	13107200,
				"bits_per_second":	104858231.2538002,
				"retransmits":	0,
				"omitted":	false,
				"sender":	true
			}
		}, {
			"streams":	[{
					"socket":	6,
					"start":	8.0001,
					"end":	9.000097,
					"seconds":	0.99999701976776123,
					"bytes":	13107200,
					"bits_per_second":	104857912.50093132,
					"retransmits":	0,
					"snd_cwnd":	6802704,
					"snd_wnd":	3145728,
					"rtt":	200129,
					"rttvar":	68,
					"pmtu":	1500,
					"omitted":	false,
					"sender":	true
				}],
			"sum":	{
				"start":	8.0001,
				"end":	9.000097,
				"seconds":	0.99999701976776123,
				"bytes":	13107200,
				"bits_per_second":	104857912.50093132,
				"retransmits":	0,
				"omitted":	false,
				"sender":	true
			}
		}, {
			"streams":	[{
					"socket":	6,
					"start":	9.000097,
					"end":	10.000103,
					"seconds":	1.0000059604644775,
					"bytes":	13107200,
					"bits_per_second":	104856975.00372528,
					"retransmits":	0,
					"snd_cwnd":	6802704,
					"snd_wnd":	3145728,
					"rtt":	200223,
					"rttvar":	145,
					"pmtu":	1500,
					"omitted":	false,
					"sender":	true
				}],
			"sum":	{
				"start":	9.000097,
				"end":	10.000103,
				"seconds":	1.0000059604644775,
				"bytes":	13107200,
				"bits_per_second":	104856975.00372528,
				"retransmits":	0,
				"omitted":	false,
				"sender":	true
			}
		}],
	"end":	{
		"streams":	[{
				"sender":	{
					"socket":	6,
					"start":	0,
					"end":	10.000103,
					"seconds":	10.000103,
					"bytes":	102498304,
					"bits_per_second":	81997798.6226742,
					"retransmits":	620,
					"max_snd_cwnd":	7018456,
					"max_snd_wnd":	3145728,
					"max_rtt":	208622,
					"min_rtt":	200087,
					"mean_rtt":	201865,
					"sender":	true
				},
				"receiver":	{
					"socket":	6,
					"start":	0,
					"end":	10.200424,
					"seconds":	10.000103,
					"bytes":	102497744,
					"bits_per_second":	80387045.871818662,
					"sender":	true
				}
			}],
		"sum_sent":	{
			"start":	0,
			"end":	10.000103,
			"seconds":	10.000103,
			"bytes":	102498304,
			"bits_per_second":	81997798.6226742,
			"retransmits":	620,
			"sender":	true
		},
		"sum_received":	{
			"start":	0,
			"end":	10.200424,
			"seconds":	10.200424,
			"bytes":	102497744,
			"bits_per_second":	80387045.871818662,
			"sender":	true
		},
		"cpu_utilization_percent":	{
			"host_total":	2.0148580656999653,
			"host_user":	0.25444835607512578,
			"host_system":	1.7603634193548507,
			"remote_total":	1.2296041826443318,
			"remote_user":	0.10709345099626615,
			"remote_system":	1.1225107316480658
		},
		"sender_tcp_congestion":	"bbr",
		"receiver_tcp_congestion":	"bbr"
	}
}
