{
	"start":	{
		"connected":	[{
				"socket":	6,
				"local_host":	"192.168.101.210",
				"local_port":	60004,
				"remote_host":	"192.168.100.168",
				"remote_port":	5202
			}],
		"version":	"iperf 3.11",
		"system_info":	"Linux f1 6.0.10-300.fc37.x86_64 #1 SMP PREEMPT_DYNAMIC Sat Nov 26 16:55:13 UTC 2022 x86_64",
		"timestamp":	{
			"time":	"Fri, 09 Dec 2022 23:21:30 GMT",
			"timesecs":	1670628090
		},
		"connecting_to":	{
			"host":	"192.168.100.168",
			"port":	5202
		},
		"cookie":	"zunybey2xk4wl4so4kmx7ns4u3bzyezdb6te",
		"tcp_mss_default":	1448,
		"target_bitrate":	0,
		"sock_bufsize":	0,
		"sndbuf_actual":	16384,
		"rcvbuf_actual":	131072,
		"test_start":	{
			"protocol":	"TCP",
			"num_streams":	1,
			"blksize":	131072,
			"omit":	0,
			"duration":	10,
			"bytes":	0,
			"blocks":	0,
			"reverse":	0,
			"tos":	0,
			"target_bitrate":	0
		}
	},
	"intervals":	[{
			"streams":	[{
					"socket":	6,
					"start":	0,
					"end":	1.000071,
					"seconds":	1.0000710487365723,
					"bytes":	17432576,
					"bits_per_second":	139450700.2039364,
					"retransmits":	594,
					"snd_cwnd":	1033872,
					"snd_wnd":	3141248,
					"rtt":	52365,
					"rttvar":	359,
					"pmtu":	1500,
					"omitted":	false,
					"sender":	true
				}],
			"sum":	{
				"start":	0,
				"end":	1.000071,
				"seconds":	1.0000710487365723,
				"bytes":	17432576,
				"bits_per_second":	139450700.2039364,
				"retransmits":	594,
				"omitted":	false,
				"sender":	true
			}
		}, {
			"streams":	[{
					"socket":	6,
					"start":	1.000071,
					"end":	2.000075,
					"seconds":	1.0000040531158447,
					"bytes":	18350080,
					"bits_per_second":	146800045.0024116,
					"retransmits":	0,
					"snd_cwnd":	1167088,
					"snd_wnd":	3143552,
					"rtt":	52924,
					"rttvar":	628,
					"pmtu":	1500,
					"omitted":	false,
					"sender":	true
				}],
			"sum":	{
				"start":	1.000071,
				"end":	2.000075,
				"seconds":	1.0000040531158447,
				"bytes":	18350080,
				"bits_per_second":	146800045.0024116,
				"retransmits":	0,
				"omitted":	false,
				"sender":	true
			}
		}, {
			"streams":	[{
					"socket":	6,
					"start":	2.000075,
					"end":	3.000075,
					"seconds":	1,
					"bytes":	20971520,
					"bits_per_second":	167772160,
					"retransmits":	0,
					"snd_cwnd":	1141024,
					"snd_wnd":	3143552,
					"rtt":	56129,
					"rttvar":	350,
					"pmtu":	1500,
					"omitted":	false,
					"sender":	true
				}],
			"sum":	{
				"start":	2.000075,
				"end":	3.000075,
				"seconds":	1,
				"bytes":	20971520,
				"bits_per_second":	167772160,
				"retransmits":	0,
				"omitted":	false,
				"sender":	true
			}
		}, {
			"streams":	[{
					"socket":	6,
					"start":	3.000075,
					"end":	4.000074,
					"seconds":	0.99999898672103882,
					"bytes":	19660800,
					"bits_per_second":	157286559.3751615,
					"retransmits":	0,
					"snd_cwnd":	1114960,
					"snd_wnd":	3143552,
					"rtt":	54816,
					"rttvar":	250,
					"pmtu":	1500,
					"omitted":	false,
					"sender":	true
				}],
			"sum":	{
				"start":	3.000075,
				"end":	4.000074,
				"seconds":	0.99999898672103882,
				"bytes":	19660800,
				"bits_per_second":	157286559.3751615,
				"retransmits":	0,
				"omitted":	false,
				"sender":	true
			}
		}, {
			"streams":	[{
					"socket":	6,
					"start":	4.000074,
					"end":	5.000081,
					"seconds":	1.0000070333480835,
					"bytes":	18350080,
					"bits_per_second":	146799607.50726187,
					"retransmits":	0,
					"snd_cwnd":	1080208,
					"snd_wnd":	3143552,
					"rtt":	53724,
					"rttvar":	144,
					"pmtu":	1500,
					"omitted":	false,
					"sender":	true
				}],
			"sum":	{
				"start":	4.000074,
				"end":	5.000081,
				"seconds":	1.0000070333480835,
				"bytes":	18350080,
				"bits_per_second":	146799607.50726187,
				"retransmits":	0,
				"omitted":	false,
				"sender":	true
			}
		}, {
			"streams":	[{
					"socket":	6,
					"start":	5.000081,
					"end":	6.000072,
					"seconds":	0.999990999698639,
					"bytes":	19660800,
					"bits_per_second":	157287815.63774118,
					"retransmits":	0,
					"snd_cwnd":	1109168,
					"snd_wnd":	3143552,
					"rtt":	53567,
					"rttvar":	234,
					"pmtu":	1500,
					"omitted":	false,
					"sender":	true
				}],
			"sum":	{
				"start":	5.000081,
				"end":	6.000072,
				"seconds":	0.999990999698639,
				"bytes":	19660800,
				"bits_per_second":	157287815.63774118,
				"retransmits":	0,
				"omitted":	false,
				"sender":	true
			}
		}, {
			"streams":	[{
					"socket":	6,
					"start":	6.000072,
					"end":	7.000076,
					"seconds":	1.0000040531158447,
					"bytes":	19660800,
					"bits_per_second":	157285762.50258386,
					"retransmits":	0,
					"snd_cwnd":	1112064,
					"snd_wnd":	3143552,
					"rtt":	53085,
					"rttvar":	314,
					"pmtu":	1500,
					"omitted":	false,
					"sender":	true
				}],
			"sum":	{
				"start":	6.000072,
				"end":	7.000076,
				"seconds":	1.0000040531158447,
				"bytes":	19660800,
				"bits_per_second":	157285762.50258386,
				"retransmits":	0,
				"omitted":	false,
				"sender":	true
			}
		}, {
			"streams":	[{
					"socket":	6,
					"start":	7.000076,
					"end":	8.000077,
					"seconds":	1.0000009536743164,
					"bytes":	18350080,
					"bits_per_second":	146800500.00013351,
					"retransmits":	0,
					"snd_cwnd":	1097584,
					"snd_wnd":	3143552,
					"rtt":	52586,
					"rttvar":	178,
					"pmtu":	1500,
					"omitted":	false,
					"sender":	true
				}],
			"sum":	{
				"start":	7.000076,
				"end":	8.000077,
				"seconds":	1.0000009536743164,
				"bytes":	18350080,
				"bits_per_second":	146800500.00013351,
				"retransmits":	0,
				"omitted":	false,
				"sender":	true
			}
		}, {
			"streams":	[{
					"socket":	6,
					"start":	8.000077,
					"end":	9.000075,
					"seconds":	0.99999797344207764,
					"bytes":	19660800,
					"bits_per_second":	157286718.750646,
					"retransmits":	0,
					"snd_cwnd":	1097584,
					"snd_wnd":	3143552,
					"rtt":	52203,
					"rttvar":	416,
					"pmtu":	1500,
					"omitted":	false,
					"sender":	true
				}],
			"sum":	{
				"start":	8.000077,
				"end":	9.000075,
				"seconds":	0.99999797344207764,
				"bytes":	19660800,
				"bits_per_second":	157286718.750646,
				"retransmits":	0,
				"omitted":	false,
				"sender":	true
			}
		}, {
			"streams":	[{
					"socket":	6,
					"start":	9.000075,
					"end":	10.000087,
					"seconds":	1.0000120401382446,
					"bytes":	18350080,
					"bits_per_second":	146798872.52128068,
					"retransmits":	0,
					"snd_cwnd":	1074416,
					"snd_wnd":	3143552,
					"rtt":	51617,
					"rttvar":	166,
					"pmtu":	1500,
					"omitted":	false,
					"sender":	true
				}],
			"sum":	{
				"start":	9.000075,
				"end":	10.000087,
				"seconds":	1.0000120401382446,
				"bytes":	18350080,
				"bits_per_second":	146798872.52128068,
				"retransmits":	0,
				"omitted":	false,
				"sender":	true
			}
		}],
	"end":	{
		"streams":	[{
				"sender":	{
					"socket":	6,
					"start":	0,
					"end":	10.000087,
					"seconds":	10.000087,
					"bytes":	190447616,
					"bits_per_second":	152356767.29612452,
					"retransmits":	594,
					"max_snd_cwnd":	1167088,
					"max_snd_wnd":	3143552,
					"max_rtt":	56129,
					"min_rtt":	51617,
					"mean_rtt":	53301,
					"sender":	true
				},
				"receiver":	{
					"socket":	6,
					"start":	0,
					"end":	10.053047,
					"seconds":	10.000087,
					"bytes":	188529600,
					"bits_per_second":	150027827.3840757,
					"sender":	true
				}
			}],
		"sum_sent":	{
			"start":	0,
			"end":	10.000087,
			"seconds":	10.000087,
			"bytes":	190447616,
			"bits_per_second":	152356767.29612452,
			"retransmits":	594,
			"sender":	true
		},
		"sum_received":	{
			"start":	0,
			"end":	10.053047,
			"seconds":	10.053047,
			"bytes":	188529600,
			"bits_per_second":	150027827.3840757,
			"sender":	true
		},
		"cpu_utilization_percent":	{
			"host_total":	0.765439996578641,
			"host_user":	0.078208150299037271,
			"host_system":	0.68723184627960365,
			"remote_total":	2.7094498657823469,
			"remote_user":	0.24959529791584145,
			"remote_system":	2.4597053597735381
		},
		"sender_tcp_congestion":	"bbr",
		"receiver_tcp_congestion":	"bbr"
	}
}
