{
	"start":	{
		"connected":	[{
				"socket":	6,
				"local_host":	"192.168.101.210",
				"local_port":	51202,
				"remote_host":	"192.168.100.168",
				"remote_port":	5202
			}],
		"version":	"iperf 3.11",
		"system_info":	"Linux f1 6.0.10-300.fc37.x86_64 #1 SMP PREEMPT_DYNAMIC Sat Nov 26 16:55:13 UTC 2022 x86_64",
		"timestamp":	{
			"time":	"Fri, 09 Dec 2022 23:22:24 GMT",
			"timesecs":	1670628144
		},
		"connecting_to":	{
			"host":	"192.168.100.168",
			"port":	5202
		},
		"cookie":	"7tziuh6ogetpy3hs2dt4x5k3odzzfkerupby",
		"tcp_mss_default":	1448,
		"target_bitrate":	0,
		"sock_bufsize":	0,
		"sndbuf_actual":	16384,
		"rcvbuf_actual":	131072,
		"test_start":	{
			"protocol":	"TCP",
			"num_streams":	1,
			"blksize":	131072,
			"omit":	0,
			"duration":	10,
			"bytes":	0,
			"blocks":	0,
			"reverse":	0,
			"tos":	0,
			"target_bitrate":	0
		}
	},
	"intervals":	[{
			"streams":	[{
					"socket":	6,
					"start":	0,
					"end":	1.000075,
					"seconds":	1.0000749826431274,
					"bytes":	11796480,
					"bits_per_second":	94364764.280556142,
					"retransmits":	525,
					"snd_cwnd":	2313904,
					"snd_wnd":	3145728,
					"rtt":	79279,
					"rttvar":	512,
					"pmtu":	1500,
					"omitted":	false,
					"sender":	true
				}],
			"sum":	{
				"start":	0,
				"end":	1.000075,
				"seconds":	1.0000749826431274,
				"bytes":	11796480,
				"bits_per_second":	94364764.280556142,
				"retransmits":	525,
				"omitted":	false,
				"sender":	true
			}
		}, {
			"streams":	[{
					"socket":	6,
					"start":	1.000075,
					"end":	2.000068,
					"seconds":	0.99999302625656128,
					"bytes":	17039360,
					"bits_per_second":	136315830.63162947,
					"retransmits":	113,
					"snd_cwnd":	1995344,
					"snd_wnd":	3145728,
					"rtt":	63419,
					"rttvar":	672,
					"pmtu":	1500,
					"omitted":	false,
					"sender":	true
				}],
			"sum":	{
				"start":	1.000075,
				"end":	2.000068,
				"seconds":	0.99999302625656128,
				"bytes":	17039360,
				"bits_per_second":	136315830.63162947,
				"retransmits":	113,
				"omitted":	false,
				"sender":	true
			}
		}, {
			"streams":	[{
					"socket":	6,
					"start":	2.000068,
					"end":	3.000092,
					"seconds":	1.0000239610672,
					"bytes":	18350080,
					"bits_per_second":	146797122.584281,
					"retransmits":	0,
					"snd_cwnd":	2145936,
					"snd_wnd":	3145728,
					"rtt":	73060,
					"rttvar":	198,
					"pmtu":	1500,
					"omitted":	false,
					"sender":	true
				}],
			"sum":	{
				"start":	2.000068,
				"end":	3.000092,
				"seconds":	1.0000239610672,
				"bytes":	18350080,
				"bits_per_second":	146797122.584281,
				"retransmits":	0,
				"omitted":	false,
				"sender":	true
			}
		}, {
			"streams":	[{
					"socket":	6,
					"start":	3.000092,
					"end":	4.000071,
					"seconds":	0.999979019165039,
					"bytes":	20971520,
					"bits_per_second":	167775680.07385409,
					"retransmits":	124,
					"snd_cwnd":	2319696,
					"snd_wnd":	3145728,
					"rtt":	59166,
					"rttvar":	280,
					"pmtu":	1500,
					"omitted":	false,
					"sender":	true
				}],
			"sum":	{
				"start":	3.000092,
				"end":	4.000071,
				"seconds":	0.999979019165039,
				"bytes":	20971520,
				"bits_per_second":	167775680.07385409,
				"retransmits":	124,
				"omitted":	false,
				"sender":	true
			}
		}, {
			"streams":	[{
					"socket":	6,
					"start":	4.000071,
					"end":	5.000064,
					"seconds":	0.99999302625656128,
					"bytes":	22282240,
					"bits_per_second":	178259163.13366929,
					"retransmits":	0,
					"snd_cwnd":	2426848,
					"snd_wnd":	3145728,
					"rtt":	76743,
					"rttvar":	163,
					"pmtu":	1500,
					"omitted":	false,
					"sender":	true
				}],
			"sum":	{
				"start":	4.000071,
				"end":	5.000064,
				"seconds":	0.99999302625656128,
				"bytes":	22282240,
				"bits_per_second":	178259163.13366929,
				"retransmits":	0,
				"omitted":	false,
				"sender":	true
			}
		}, {
			"streams":	[{
					"socket":	6,
					"start":	5.000064,
					"end":	6.000068,
					"seconds":	1.0000040531158447,
					"bytes":	22282240,
					"bits_per_second":	178257197.50292838,
					"retransmits":	114,
					"snd_cwnd":	2499248,
					"snd_wnd":	3145728,
					"rtt":	64203,
					"rttvar":	336,
					"pmtu":	1500,
					"omitted":	false,
					"sender":	true
				}],
			"sum":	{
				"start":	5.000064,
				"end":	6.000068,
				"seconds":	1.0000040531158447,
				"bytes":	22282240,
				"bits_per_second":	178257197.50292838,
				"retransmits":	114,
				"omitted":	false,
				"sender":	true
			}
		}, {
			"streams":	[{
					"socket":	6,
					"start":	6.000068,
					"end":	7.000079,
					"seconds":	1.0000109672546387,
					"bytes":	22282240,
					"bits_per_second":	178255965.02144074,
					"retransmits":	60,
					"snd_cwnd":	2565856,
					"snd_wnd":	3145728,
					"rtt":	63165,
					"rttvar":	208,
					"pmtu":	1500,
					"omitted":	false,
					"sender":	true
				}],
			"sum":	{
				"start":	6.000068,
				"end":	7.000079,
				"seconds":	1.0000109672546387,
				"bytes":	22282240,
				"bits_per_second":	178255965.02144074,
				"retransmits":	60,
				"omitted":	false,
				"sender":	true
			}
		}, {
			"streams":	[{
					"socket":	6,
					"start":	7.000079,
					"end":	8.000076,
					"seconds":	0.99999701976776123,
					"bytes":	23592960,
					"bits_per_second":	188744242.50167638,
					"retransmits":	120,
					"snd_cwnd":	2658528,
					"snd_wnd":	3145728,
					"rtt":	57699,
					"rttvar":	437,
					"pmtu":	1500,
					"omitted":	false,
					"sender":	true
				}],
			"sum":	{
				"start":	7.000079,
				"end":	8.000076,
				"seconds":	0.99999701976776123,
				"bytes":	23592960,
				"bits_per_second":	188744242.50167638,
				"retransmits":	120,
				"omitted":	false,
				"sender":	true
			}
		}, {
			"streams":	[{
					"socket":	6,
					"start":	8.000076,
					"end":	9.000067,
					"seconds":	0.999990999698639,
					"bytes":	24903680,
					"bits_per_second":	199231233.14113882,
					"retransmits":	63,
					"snd_cwnd":	2655632,
					"snd_wnd":	3145728,
					"rtt":	58001,
					"rttvar":	465,
					"pmtu":	1500,
					"omitted":	false,
					"sender":	true
				}],
			"sum":	{
				"start":	8.000076,
				"end":	9.000067,
				"seconds":	0.999990999698639,
				"bytes":	24903680,
				"bits_per_second":	199231233.14113882,
				"retransmits":	63,
				"omitted":	false,
				"sender":	true
			}
		}, {
			"streams":	[{
					"socket":	6,
					"start":	9.000067,
					"end":	10.000075,
					"seconds":	1.0000079870224,
					"bytes":	23592960,
					"bits_per_second":	188742172.51204035,
					"retransmits":	81,
					"snd_cwnd":	2800432,
					"snd_wnd":	3145728,
					"rtt":	66141,
					"rttvar":	587,
					"pmtu":	1500,
					"omitted":	false,
					"sender":	true
				}],
			"sum":	{
				"start":	9.000067,
				"end":	10.000075,
				"seconds":	1.0000079870224,
				"bytes":	23592960,
				"bits_per_second":	188742172.51204035,
				"retransmits":	81,
				"omitted":	false,
				"sender":	true
			}
		}],
	"end":	{
		"streams":	[{
				"sender":	{
					"socket":	6,
					"start":	0,
					"end":	10.000075,
					"seconds":	10.000075,
					"bytes":	207093760,
					"bits_per_second":	165673765.44675913,
					"retransmits":	1200,
					"max_snd_cwnd":	2800432,
					"max_snd_wnd":	3145728,
					"max_rtt":	79279,
					"min_rtt":	57699,
					"mean_rtt":	66087,
					"sender":	true
				},
				"receiver":	{
					"socket":	6,
					"start":	0,
					"end":	10.057311,
					"seconds":	10.000075,
					"bytes":	205690000,
					"bits_per_second":	163614310.02779967,
					"sender":	true
				}
			}],
		"sum_sent":	{
			"start":	0,
			"end":	10.000075,
			"seconds":	10.000075,
			"bytes":	207093760,
			"bits_per_second":	165673765.44675913,
			"retransmits":	1200,
			"sender":	true
		},
		"sum_received":	{
			"start":	0,
			"end":	10.057311,
			"seconds":	10.057311,
			"bytes":	205690000,
			"bits_per_second":	163614310.02779967,
			"sender":	true
		},
		"cpu_utilization_percent":	{
			"host_total":	1.289295182751365,
			"host_user":	0.08034384341773064,
			"host_system":	1.2089513393336342,
			"remote_total":	2.3611849793429127,
			"remote_user":	0.18038597348419655,
			"remote_system":	2.1807890628549962
		},
		"sender_tcp_congestion":	"bbr",
		"receiver_tcp_congestion":	"bbr"
	}
}
