{
	"start":	{
		"connected":	[{
				"socket":	6,
				"local_host":	"192.168.101.210",
				"local_port":	42990,
				"remote_host":	"192.168.100.168",
				"remote_port":	5202
			}],
		"version":	"iperf 3.11",
		"system_info":	"Linux f1 6.0.10-300.fc37.x86_64 #1 SMP PREEMPT_DYNAMIC Sat Nov 26 16:55:13 UTC 2022 x86_64",
		"timestamp":	{
			"time":	"Fri, 09 Dec 2022 23:20:06 GMT",
			"timesecs":	1670628006
		},
		"connecting_to":	{
			"host":	"192.168.100.168",
			"port":	5202
		},
		"cookie":	"3ta5syjigsejmo2fbkrtwnc6v7kozsmss7bu",
		"tcp_mss_default":	1448,
		"target_bitrate":	0,
		"sock_bufsize":	0,
		"sndbuf_actual":	16384,
		"rcvbuf_actual":	131072,
		"test_start":	{
			"protocol":	"TCP",
			"num_streams":	1,
			"blksize":	131072,
			"omit":	0,
			"duration":	10,
			"bytes":	0,
			"blocks":	0,
			"reverse":	0,
			"tos":	0,
			"target_bitrate":	0
		}
	},
	"intervals":	[{
			"streams":	[{
					"socket":	6,
					"start":	0,
					"end":	1.000349,
					"seconds":	1.0003490447998047,
					"bytes":	9568256,
					"bits_per_second":	76519339.322525,
					"retransmits":	0,
					"snd_cwnd":	136112,
					"snd_wnd":	3143552,
					"rtt":	69783,
					"rttvar":	440,
					"pmtu":	1500,
					"omitted":	false,
					"sender":	true
				}],
			"sum":	{
				"start":	0,
				"end":	1.000349,
				"seconds":	1.0003490447998047,
				"bytes":	9568256,
				"bits_per_second":	76519339.322525,
				"retransmits":	0,
				"omitted":	false,
				"sender":	true
			}
		}, {
			"streams":	[{
					"socket":	6,
					"start":	1.000349,
					"end":	2.000742,
					"seconds":	1.0003930330276489,
					"bytes":	1310720,
					"bits_per_second":	10481640.369150985,
					"retransmits":	0,
					"snd_cwnd":	52128,
					"snd_wnd":	3143552,
					"rtt":	103135,
					"rttvar":	2011,
					"pmtu":	1500,
					"omitted":	false,
					"sender":	true
				}],
			"sum":	{
				"start":	1.000349,
				"end":	2.000742,
				"seconds":	1.0003930330276489,
				"bytes":	1310720,
				"bits_per_second":	10481640.369150985,
				"retransmits":	0,
				"omitted":	false,
				"sender":	true
			}
		}, {
			"streams":	[{
					"socket":	6,
					"start":	2.000742,
					"end":	3.001027,
					"seconds":	1.0002850294113159,
					"bytes":	0,
					"bits_per_second":	0,
					"retransmits":	0,
					"snd_cwnd":	26064,
					"snd_wnd":	3143552,
					"rtt":	101430,
					"rttvar":	2806,
					"pmtu":	1500,
					"omitted":	false,
					"sender":	true
				}],
			"sum":	{
				"start":	2.000742,
				"end":	3.001027,
				"seconds":	1.0002850294113159,
				"bytes":	0,
				"bits_per_second":	0,
				"retransmits":	0,
				"omitted":	false,
				"sender":	true
			}
		}, {
			"streams":	[{
					"socket":	6,
					"start":	3.001027,
					"end":	4.001037,
					"seconds":	1.0000100135803223,
					"bytes":	0,
					"bits_per_second":	0,
					"retransmits":	0,
					"snd_cwnd":	20272,
					"snd_wnd":	3143552,
					"rtt":	102450,
					"rttvar":	2803,
					"pmtu":	1500,
					"omitted":	false,
					"sender":	true
				}],
			"sum":	{
				"start":	3.001027,
				"end":	4.001037,
				"seconds":	1.0000100135803223,
				"bytes":	0,
				"bits_per_second":	0,
				"retransmits":	0,
				"omitted":	false,
				"sender":	true
			}
		}, {
			"streams":	[{
					"socket":	6,
					"start":	4.001037,
					"end":	5.000347,
					"seconds":	0.99931001663208,
					"bytes":	1310720,
					"bits_per_second":	10492999.995476462,
					"retransmits":	0,
					"snd_cwnd":	20272,
					"snd_wnd":	3143552,
					"rtt":	102336,
					"rttvar":	3475,
					"pmtu":	1500,
					"omitted":	false,
					"sender":	true
				}],
			"sum":	{
				"start":	4.001037,
				"end":	5.000347,
				"seconds":	0.99931001663208,
				"bytes":	1310720,
				"bits_per_second":	10492999.995476462,
				"retransmits":	0,
				"omitted":	false,
				"sender":	true
			}
		}, {
			"streams":	[{
					"socket":	6,
					"start":	5.000347,
					"end":	6.001032,
					"seconds":	1.0006849765777588,
					"bytes":	0,
					"bits_per_second":	0,
					"retransmits":	0,
					"snd_cwnd":	20272,
					"snd_wnd":	3143552,
					"rtt":	101714,
					"rttvar":	3345,
					"pmtu":	1500,
					"omitted":	false,
					"sender":	true
				}],
			"sum":	{
				"start":	5.000347,
				"end":	6.001032,
				"seconds":	1.0006849765777588,
				"bytes":	0,
				"bits_per_second":	0,
				"retransmits":	0,
				"omitted":	false,
				"sender":	true
			}
		}, {
			"streams":	[{
					"socket":	6,
					"start":	6.001032,
					"end":	7.001035,
					"seconds":	1.0000029802322388,
					"bytes":	0,
					"bits_per_second":	0,
					"retransmits":	0,
					"snd_cwnd":	20272,
					"snd_wnd":	3143552,
					"rtt":	101943,
					"rttvar":	3300,
					"pmtu":	1500,
					"omitted":	false,
					"sender":	true
				}],
			"sum":	{
				"start":	6.001032,
				"end":	7.001035,
				"seconds":	1.0000029802322388,
				"bytes":	0,
				"bits_per_second":	0,
				"retransmits":	0,
				"omitted":	false,
				"sender":	true
			}
		}, {
			"streams":	[{
					"socket":	6,
					"start":	7.001035,
					"end":	8.001038,
					"seconds":	1.0000029802322388,
					"bytes":	0,
					"bits_per_second":	0,
					"retransmits":	0,
					"snd_cwnd":	20272,
					"snd_wnd":	3143552,
					"rtt":	101865,
					"rttvar":	2035,
					"pmtu":	1500,
					"omitted":	false,
					"sender":	true
				}],
			"sum":	{
				"start":	7.001035,
				"end":	8.001038,
				"seconds":	1.0000029802322388,
				"bytes":	0,
				"bits_per_second":	0,
				"retransmits":	0,
				"omitted":	false,
				"sender":	true
			}
		}, {
			"streams":	[{
					"socket":	6,
					"start":	8.001038,
					"end":	9.001033,
					"seconds":	0.999994993209839,
					"bytes":	0,
					"bits_per_second":	0,
					"retransmits":	0,
					"snd_cwnd":	20272,
					"snd_wnd":	3143552,
					"rtt":	100653,
					"rttvar":	2725,
					"pmtu":	1500,
					"omitted":	false,
					"sender":	true
				}],
			"sum":	{
				"start":	8.001038,
				"end":	9.001033,
				"seconds":	0.999994993209839,
				"bytes":	0,
				"bits_per_second":	0,
				"retransmits":	0,
				"omitted":	false,
				"sender":	true
			}
		}, {
			"streams":	[{
					"socket":	6,
					"start":	9.001033,
					"end":	10.001041,
					"seconds":	1.0000079870224,
					"bytes":	0,
					"bits_per_second":	0,
					"retransmits":	0,
					"snd_cwnd":	20272,
					"snd_wnd":	3143552,
					"rtt":	102065,
					"rttvar":	2851,
					"pmtu":	1500,
					"omitted":	false,
					"sender":	true
				}],
			"sum":	{
				"start":	9.001033,
				"end":	10.001041,
				"seconds":	1.0000079870224,
				"bytes":	0,
				"bits_per_second":	0,
				"retransmits":	0,
				"omitted":	false,
				"sender":	true
			}
		}],
	"end":	{
		"streams":	[{
				"sender":	{
					"socket":	6,
					"start":	0,
					"end":	10.001041,
					"seconds":	10.001041,
					"bytes":	12189696,
					"bits_per_second":	9750741.7477840558,
					"retransmits":	0,
					"max_snd_cwnd":	136112,
					"max_snd_wnd":	3143552,
					"max_rtt":	103135,
					"min_rtt":	69783,
					"mean_rtt":	98737,
					"sender":	true
				},
				"receiver":	{
					"socket":	6,
					"start":	0,
					"end":	10.102228,
					"seconds":	10.001041,
					"bytes":	9190456,
					"bits_per_second":	7277963.6333687976,
					"sender":	true
				}
			}],
		"sum_sent":	{
			"start":	0,
			"end":	10.001041,
			"seconds":	10.001041,
			"bytes":	12189696,
			"bits_per_second":	9750741.7477840558,
			"retransmits":	0,
			"sender":	true
		},
		"sum_received":	{
			"start":	0,
			"end":	10.102228,
			"seconds":	10.102228,
			"bytes":	9190456,
			"bits_per_second":	7277963.6333687976,
			"sender":	true
		},
		"cpu_utilization_percent":	{
			"host_total":	0.078516478582333044,
			"host_user":	0.020823979006395866,
			"host_system":	0.057692499575937181,
			"remote_total":	0.37702529340027557,
			"remote_user":	0.0691232835489951,
			"remote_system":	0.30791190864600326
		},
		"sender_tcp_congestion":	"bbr",
		"receiver_tcp_congestion":	"bbr"
	}
}
