{
	"start":	{
		"connected":	[{
				"socket":	6,
				"local_host":	"192.168.101.210",
				"local_port":	47810,
				"remote_host":	"192.168.100.168",
				"remote_port":	5202
			}],
		"version":	"iperf 3.11",
		"system_info":	"Linux f1 6.0.10-300.fc37.x86_64 #1 SMP PREEMPT_DYNAMIC Sat Nov 26 16:55:13 UTC 2022 x86_64",
		"timestamp":	{
			"time":	"Fri, 09 Dec 2022 23:09:05 GMT",
			"timesecs":	1670627345
		},
		"connecting_to":	{
			"host":	"192.168.100.168",
			"port":	5202
		},
		"cookie":	"wzadypvqbnsl2epu2skmoaayubcjv67vtus3",
		"tcp_mss_default":	1448,
		"target_bitrate":	0,
		"sock_bufsize":	0,
		"sndbuf_actual":	16384,
		"rcvbuf_actual":	131072,
		"test_start":	{
			"protocol":	"TCP",
			"num_streams":	1,
			"blksize":	131072,
			"omit":	0,
			"duration":	10,
			"bytes":	0,
			"blocks":	0,
			"reverse":	0,
			"tos":	0,
			"target_bitrate":	0
		}
	},
	"intervals":	[{
			"streams":	[{
					"socket":	6,
					"start":	0,
					"end":	1.00037,
					"seconds":	1.0003700256347656,
					"bytes":	4194304,
					"bits_per_second":	33542020.592538923,
					"retransmits":	0,
					"snd_cwnd":	938304,
					"snd_wnd":	2321280,
					"rtt":	241443,
					"rttvar":	7609,
					"pmtu":	1500,
					"omitted":	false,
					"sender":	true
				}],
			"sum":	{
				"start":	0,
				"end":	1.00037,
				"seconds":	1.0003700256347656,
				"bytes":	4194304,
				"bits_per_second":	33542020.592538923,
				"retransmits":	0,
				"omitted":	false,
				"sender":	true
			}
		}, {
			"streams":	[{
					"socket":	6,
					"start":	1.00037,
					"end":	2.000221,
					"seconds":	0.99985098838806152,
					"bytes":	3932160,
					"bits_per_second":	31461968.19859603,
					"retransmits":	0,
					"snd_cwnd":	935408,
					"snd_wnd":	3143168,
					"rtt":	307042,
					"rttvar":	2140,
					"pmtu":	1500,
					"omitted":	false,
					"sender":	true
				}],
			"sum":	{
				"start":	1.00037,
				"end":	2.000221,
				"seconds":	0.99985098838806152,
				"bytes":	3932160,
				"bits_per_second":	31461968.19859603,
				"retransmits":	0,
				"omitted":	false,
				"sender":	true
			}
		}, {
			"streams":	[{
					"socket":	6,
					"start":	2.000221,
					"end":	3.000131,
					"seconds":	0.999909996986389,
					"bytes":	2621440,
					"bits_per_second":	20973407.669895981,
					"retransmits":	0,
					"snd_cwnd":	935408,
					"snd_wnd":	3143936,
					"rtt":	318910,
					"rttvar":	461,
					"pmtu":	1500,
					"omitted":	false,
					"sender":	true
				}],
			"sum":	{
				"start":	2.000221,
				"end":	3.000131,
				"seconds":	0.999909996986389,
				"bytes":	2621440,
				"bits_per_second":	20973407.669895981,
				"retransmits":	0,
				"omitted":	false,
				"sender":	true
			}
		}, {
			"streams":	[{
					"socket":	6,
					"start":	3.000131,
					"end":	4.0002,
					"seconds":	1.00006902217865,
					"bytes":	2621440,
					"bits_per_second":	20970072.599902708,
					"retransmits":	0,
					"snd_cwnd":	935408,
					"snd_wnd":	3143936,
					"rtt":	349146,
					"rttvar":	166,
					"pmtu":	1500,
					"omitted":	false,
					"sender":	true
				}],
			"sum":	{
				"start":	3.000131,
				"end":	4.0002,
				"seconds":	1.00006902217865,
				"bytes":	2621440,
				"bits_per_second":	20970072.599902708,
				"retransmits":	0,
				"omitted":	false,
				"sender":	true
			}
		}, {
			"streams":	[{
					"socket":	6,
					"start":	4.0002,
					"end":	5.000215,
					"seconds":	1.0000150203704834,
					"bytes":	2621440,
					"bits_per_second":	20971205.004731346,
					"retransmits":	0,
					"snd_cwnd":	663184,
					"snd_wnd":	3143936,
					"rtt":	376455,
					"rttvar":	353,
					"pmtu":	1500,
					"omitted":	false,
					"sender":	true
				}],
			"sum":	{
				"start":	4.0002,
				"end":	5.000215,
				"seconds":	1.0000150203704834,
				"bytes":	2621440,
				"bits_per_second":	20971205.004731346,
				"retransmits":	0,
				"omitted":	false,
				"sender":	true
			}
		}, {
			"streams":	[{
					"socket":	6,
					"start":	5.000215,
					"end":	6.000539,
					"seconds":	1.000324010848999,
					"bytes":	1310720,
					"bits_per_second":	10482363.600470295,
					"retransmits":	0,
					"snd_cwnd":	596576,
					"snd_wnd":	3143936,
					"rtt":	363707,
					"rttvar":	233,
					"pmtu":	1500,
					"omitted":	false,
					"sender":	true
				}],
			"sum":	{
				"start":	5.000215,
				"end":	6.000539,
				"seconds":	1.000324010848999,
				"bytes":	1310720,
				"bits_per_second":	10482363.600470295,
				"retransmits":	0,
				"omitted":	false,
				"sender":	true
			}
		}, {
			"streams":	[{
					"socket":	6,
					"start":	6.000539,
					"end":	7.000808,
					"seconds":	1.0002690553665161,
					"bytes":	1310720,
					"bits_per_second":	10482939.508868275,
					"retransmits":	0,
					"snd_cwnd":	529968,
					"snd_wnd":	3143936,
					"rtt":	387976,
					"rttvar":	321,
					"pmtu":	1500,
					"omitted":	false,
					"sender":	true
				}],
			"sum":	{
				"start":	6.000539,
				"end":	7.000808,
				"seconds":	1.0002690553665161,
				"bytes":	1310720,
				"bits_per_second":	10482939.508868275,
				"retransmits":	0,
				"omitted":	false,
				"sender":	true
			}
		}, {
			"streams":	[{
					"socket":	6,
					"start":	7.000808,
					"end":	8.000083,
					"seconds":	0.999275028705597,
					"bytes":	2621440,
					"bits_per_second":	20986734.780278955,
					"retransmits":	0,
					"snd_cwnd":	529968,
					"snd_wnd":	3143936,
					"rtt":	413655,
					"rttvar":	459,
					"pmtu":	1500,
					"omitted":	false,
					"sender":	true
				}],
			"sum":	{
				"start":	7.000808,
				"end":	8.000083,
				"seconds":	0.999275028705597,
				"bytes":	2621440,
				"bits_per_second":	20986734.780278955,
				"retransmits":	0,
				"omitted":	false,
				"sender":	true
			}
		}, {
			"streams":	[{
					"socket":	6,
					"start":	8.000083,
					"end":	9.001036,
					"seconds":	1.0009529590606689,
					"bytes":	0,
					"bits_per_second":	0,
					"retransmits":	0,
					"snd_cwnd":	529968,
					"snd_wnd":	3143936,
					"rtt":	446762,
					"rttvar":	318,
					"pmtu":	1500,
					"omitted":	false,
					"sender":	true
				}],
			"sum":	{
				"start":	8.000083,
				"end":	9.001036,
				"seconds":	1.0009529590606689,
				"bytes":	0,
				"bits_per_second":	0,
				"retransmits":	0,
				"omitted":	false,
				"sender":	true
			}
		}, {
			"streams":	[{
					"socket":	6,
					"start":	9.001036,
					"end":	10.000923,
					"seconds":	0.999886989593506,
					"bytes":	1310720,
					"bits_per_second":	10486945.133932468,
					"retransmits":	0,
					"snd_cwnd":	405440,
					"snd_wnd":	3143936,
					"rtt":	460143,
					"rttvar":	748,
					"pmtu":	1500,
					"omitted":	false,
					"sender":	true
				}],
			"sum":	{
				"start":	9.001036,
				"end":	10.000923,
				"seconds":	0.999886989593506,
				"bytes":	1310720,
				"bits_per_second":	10486945.133932468,
				"retransmits":	0,
				"omitted":	false,
				"sender":	true
			}
		}],
	"end":	{
		"streams":	[{
				"sender":	{
					"socket":	6,
					"start":	0,
					"end":	10.000923,
					"seconds":	10.000923,
					"bytes":	22544384,
					"bits_per_second":	18033842.676320974,
					"retransmits":	0,
					"max_snd_cwnd":	938304,
					"max_snd_wnd":	3143936,
					"max_rtt":	460143,
					"min_rtt":	241443,
					"mean_rtt":	366523,
					"sender":	true
				},
				"receiver":	{
					"socket":	6,
					"start":	0,
					"end":	10.492388,
					"seconds":	10.000923,
					"bytes":	19886832,
					"bits_per_second":	15162864.354615936,
					"sender":	true
				}
			}],
		"sum_sent":	{
			"start":	0,
			"end":	10.000923,
			"seconds":	10.000923,
			"bytes":	22544384,
			"bits_per_second":	18033842.676320974,
			"retransmits":	0,
			"sender":	true
		},
		"sum_received":	{
			"start":	0,
			"end":	10.492388,
			"seconds":	10.492388,
			"bytes":	19886832,
			"bits_per_second":	15162864.354615936,
			"sender":	true
		},
		"cpu_utilization_percent":	{
			"host_total":	1.0004019412000691,
			"host_user":	0.165448649920751,
			"host_system":	0.8349629047976167,
			"remote_total":	1.2561272874634688,
			"remote_user":	0.16461426204547136,
			"remote_system":	1.0915034947173232
		},
		"sender_tcp_congestion":	"bbr",
		"receiver_tcp_congestion":	"bbr"
	}
}
