{
	"start":	{
		"connected":	[{
				"socket":	6,
				"local_host":	"192.168.101.210",
				"local_port":	60812,
				"remote_host":	"192.168.100.168",
				"remote_port":	5201
			}],
		"version":	"iperf 3.11",
		"system_info":	"Linux f1 6.0.10-300.fc37.x86_64 #1 SMP PREEMPT_DYNAMIC Sat Nov 26 16:55:13 UTC 2022 x86_64",
		"timestamp":	{
			"time":	"Fri, 09 Dec 2022 23:04:42 GMT",
			"timesecs":	1670627082
		},
		"connecting_to":	{
			"host":	"192.168.100.168",
			"port":	5201
		},
		"cookie":	"wqchwgaatugor4ek6k2ildea6gf7xkgfvxil",
		"tcp_mss_default":	1448,
		"target_bitrate":	0,
		"sock_bufsize":	0,
		"sndbuf_actual":	16384,
		"rcvbuf_actual":	131072,
		"test_start":	{
			"protocol":	"TCP",
			"num_streams":	1,
			"blksize":	131072,
			"omit":	0,
			"duration":	10,
			"bytes":	0,
			"blocks":	0,
			"reverse":	0,
			"tos":	0,
			"target_bitrate":	0
		}
	},
	"intervals":	[{
			"streams":	[{
					"socket":	6,
					"start":	0,
					"end":	1.00009,
					"seconds":	1.0000900030136108,
					"bytes":	3728600,
					"bits_per_second":	29826115.559715319,
					"retransmits":	107,
					"snd_cwnd":	55024,
					"snd_wnd":	1832192,
					"rtt":	24124,
					"rttvar":	181,
					"pmtu":	1500,
					"omitted":	false,
					"sender":	true
				}],
			"sum":	{
				"start":	0,
				"end":	1.00009,
				"seconds":	1.0000900030136108,
				"bytes":	3728600,
				"bits_per_second":	29826115.559715319,
				"retransmits":	107,
				"omitted":	false,
				"sender":	true
			}
		}, {
			"streams":	[{
					"socket":	6,
					"start":	1.00009,
					"end":	2.000188,
					"seconds":	1.0000979900360107,
					"bytes":	1824480,
					"bits_per_second":	14594409.893249005,
					"retransmits":	6,
					"snd_cwnd":	47784,
					"snd_wnd":	1832192,
					"rtt":	23537,
					"rttvar":	176,
					"pmtu":	1500,
					"omitted":	false,
					"sender":	true
				}],
			"sum":	{
				"start":	1.00009,
				"end":	2.000188,
				"seconds":	1.0000979900360107,
				"bytes":	1824480,
				"bits_per_second":	14594409.893249005,
				"retransmits":	6,
				"omitted":	false,
				"sender":	true
			}
		}, {
			"streams":	[{
					"socket":	6,
					"start":	2.000188,
					"end":	3.000071,
					"seconds":	0.999882996082306,
					"bytes":	1824480,
					"bits_per_second":	14597547.970301252,
					"retransmits":	5,
					"snd_cwnd":	33304,
					"snd_wnd":	1832192,
					"rtt":	23891,
					"rttvar":	421,
					"pmtu":	1500,
					"omitted":	false,
					"sender":	true
				}],
			"sum":	{
				"start":	2.000188,
				"end":	3.000071,
				"seconds":	0.999882996082306,
				"bytes":	1824480,
				"bits_per_second":	14597547.970301252,
				"retransmits":	5,
				"omitted":	false,
				"sender":	true
			}
		}, {
			"streams":	[{
					"socket":	6,
					"start":	3.000071,
					"end":	4.000285,
					"seconds":	1.0002139806747437,
					"bytes":	912240,
					"bits_per_second":	7296358.7202378716,
					"retransmits":	6,
					"snd_cwnd":	28960,
					"snd_wnd":	1832192,
					"rtt":	23866,
					"rttvar":	798,
					"pmtu":	1500,
					"omitted":	false,
					"sender":	true
				}],
			"sum":	{
				"start":	3.000071,
				"end":	4.000285,
				"seconds":	1.0002139806747437,
				"bytes":	912240,
				"bits_per_second":	7296358.7202378716,
				"retransmits":	6,
				"omitted":	false,
				"sender":	true
			}
		}, {
			"streams":	[{
					"socket":	6,
					"start":	4.000285,
					"end":	5.00016,
					"seconds":	0.999875009059906,
					"bytes":	1368360,
					"bits_per_second":	10948248.431863882,
					"retransmits":	4,
					"snd_cwnd":	33304,
					"snd_wnd":	1832192,
					"rtt":	23305,
					"rttvar":	305,
					"pmtu":	1500,
					"omitted":	false,
					"sender":	true
				}],
			"sum":	{
				"start":	4.000285,
				"end":	5.00016,
				"seconds":	0.999875009059906,
				"bytes":	1368360,
				"bits_per_second":	10948248.431863882,
				"retransmits":	4,
				"omitted":	false,
				"sender":	true
			}
		}, {
			"streams":	[{
					"socket":	6,
					"start":	5.00016,
					"end":	6.000419,
					"seconds":	1.0002590417861938,
					"bytes":	912240,
					"bits_per_second":	7296030.0233506272,
					"retransmits":	7,
					"snd_cwnd":	28960,
					"snd_wnd":	1832192,
					"rtt":	23151,
					"rttvar":	520,
					"pmtu":	1500,
					"omitted":	false,
					"sender":	true
				}],
			"sum":	{
				"start":	5.00016,
				"end":	6.000419,
				"seconds":	1.0002590417861938,
				"bytes":	912240,
				"bits_per_second":	7296030.0233506272,
				"retransmits":	7,
				"omitted":	false,
				"sender":	true
			}
		}, {
			"streams":	[{
					"socket":	6,
					"start":	6.000419,
					"end":	7.000298,
					"seconds":	0.999879002571106,
					"bytes":	1368360,
					"bits_per_second":	10948204.704620264,
					"retransmits":	4,
					"snd_cwnd":	31856,
					"snd_wnd":	1832192,
					"rtt":	23256,
					"rttvar":	495,
					"pmtu":	1500,
					"omitted":	false,
					"sender":	true
				}],
			"sum":	{
				"start":	6.000419,
				"end":	7.000298,
				"seconds":	0.999879002571106,
				"bytes":	1368360,
				"bits_per_second":	10948204.704620264,
				"retransmits":	4,
				"omitted":	false,
				"sender":	true
			}
		}, {
			"streams":	[{
					"socket":	6,
					"start":	7.000298,
					"end":	8.000099,
					"seconds":	0.999800980091095,
					"bytes":	1368360,
					"bits_per_second":	10949059.080740845,
					"retransmits":	8,
					"snd_cwnd":	26064,
					"snd_wnd":	1832192,
					"rtt":	23197,
					"rttvar":	904,
					"pmtu":	1500,
					"omitted":	false,
					"sender":	true
				}],
			"sum":	{
				"start":	7.000298,
				"end":	8.000099,
				"seconds":	0.999800980091095,
				"bytes":	1368360,
				"bits_per_second":	10949059.080740845,
				"retransmits":	8,
				"omitted":	false,
				"sender":	true
			}
		}, {
			"streams":	[{
					"socket":	6,
					"start":	8.000099,
					"end":	9.000284,
					"seconds":	1.0001850128173828,
					"bytes":	912240,
					"bits_per_second":	7296570.04101948,
					"retransmits":	6,
					"snd_cwnd":	21720,
					"snd_wnd":	1832192,
					"rtt":	22748,
					"rttvar":	1450,
					"pmtu":	1500,
					"omitted":	false,
					"sender":	true
				}],
			"sum":	{
				"start":	8.000099,
				"end":	9.000284,
				"seconds":	1.0001850128173828,
				"bytes":	912240,
				"bits_per_second":	7296570.04101948,
				"retransmits":	6,
				"omitted":	false,
				"sender":	true
			}
		}, {
			"streams":	[{
					"socket":	6,
					"start":	9.000284,
					"end":	10.000405,
					"seconds":	1.000120997428894,
					"bytes":	912240,
					"bits_per_second":	7297037.0772751048,
					"retransmits":	3,
					"snd_cwnd":	30408,
					"snd_wnd":	1832192,
					"rtt":	24470,
					"rttvar":	421,
					"pmtu":	1500,
					"omitted":	false,
					"sender":	true
				}],
			"sum":	{
				"start":	9.000284,
				"end":	10.000405,
				"seconds":	1.000120997428894,
				"bytes":	912240,
				"bits_per_second":	7297037.0772751048,
				"retransmits":	3,
				"omitted":	false,
				"sender":	true
			}
		}],
	"end":	{
		"streams":	[{
				"sender":	{
					"socket":	6,
					"start":	0,
					"end":	10.000405,
					"seconds":	10.000405,
					"bytes":	15131600,
					"bits_per_second":	12104789.75601488,
					"retransmits":	156,
					"max_snd_cwnd":	55024,
					"max_snd_wnd":	1832192,
					"max_rtt":	24470,
					"min_rtt":	22748,
					"mean_rtt":	23554,
					"sender":	true
				},
				"receiver":	{
					"socket":	6,
					"start":	0,
					"end":	10.022508,
					"seconds":	10.000405,
					"bytes":	14257008,
					"bits_per_second":	11379992.313301221,
					"sender":	true
				}
			}],
		"sum_sent":	{
			"start":	0,
			"end":	10.000405,
			"seconds":	10.000405,
			"bytes":	15131600,
			"bits_per_second":	12104789.75601488,
			"retransmits":	156,
			"sender":	true
		},
		"sum_received":	{
			"start":	0,
			"end":	10.022508,
			"seconds":	10.022508,
			"bytes":	14257008,
			"bits_per_second":	11379992.313301221,
			"sender":	true
		},
		"cpu_utilization_percent":	{
			"host_total":	0.14087514275732865,
			"host_user":	0.0067021752492352751,
			"host_system":	0.13418292616373861,
			"remote_total":	1.06261677450047,
			"remote_user":	0.096243240972681332,
			"remote_system":	0.96637353352778865
		},
		"sender_tcp_congestion":	"cubic",
		"receiver_tcp_congestion":	"cubic"
	}
}
