{
	"start":	{
		"connected":	[{
				"socket":	6,
				"local_host":	"192.168.101.210",
				"local_port":	35426,
				"remote_host":	"192.168.100.168",
				"remote_port":	5201
			}],
		"version":	"iperf 3.11",
		"system_info":	"Linux f1 6.0.10-300.fc37.x86_64 #1 SMP PREEMPT_DYNAMIC Sat Nov 26 16:55:13 UTC 2022 x86_64",
		"timestamp":	{
			"time":	"Fri, 09 Dec 2022 23:04:10 GMT",
			"timesecs":	1670627050
		},
		"connecting_to":	{
			"host":	"192.168.100.168",
			"port":	5201
		},
		"cookie":	"nqtkedwjmducc6acfux5gj4o5agnpgep7ge4",
		"tcp_mss_default":	1448,
		"target_bitrate":	0,
		"sock_bufsize":	0,
		"sndbuf_actual":	16384,
		"rcvbuf_actual":	131072,
		"test_start":	{
			"protocol":	"TCP",
			"num_streams":	1,
			"blksize":	131072,
			"omit":	0,
			"duration":	10,
			"bytes":	0,
			"blocks":	0,
			"reverse":	0,
			"tos":	0,
			"target_bitrate":	0
		}
	},
	"intervals":	[{
			"streams":	[{
					"socket":	6,
					"start":	0,
					"end":	1.00018,
					"seconds":	1.0001800060272217,
					"bytes":	8388608,
					"bits_per_second":	67096786.17408146,
					"retransmits":	0,
					"snd_cwnd":	786264,
					"snd_wnd":	2764672,
					"rtt":	136659,
					"rttvar":	352,
					"pmtu":	1500,
					"omitted":	false,
					"sender":	true
				}],
			"sum":	{
				"start":	0,
				"end":	1.00018,
				"seconds":	1.0001800060272217,
				"bytes":	8388608,
				"bits_per_second":	67096786.17408146,
				"retransmits":	0,
				"omitted":	false,
				"sender":	true
			}
		}, {
			"streams":	[{
					"socket":	6,
					"start":	1.00018,
					"end":	2.000248,
					"seconds":	1.0000679492950439,
					"bytes":	5242880,
					"bits_per_second":	41940190.193642333,
					"retransmits":	0,
					"snd_cwnd":	1072968,
					"snd_wnd":	2764672,
					"rtt":	173419,
					"rttvar":	748,
					"pmtu":	1500,
					"omitted":	false,
					"sender":	true
				}],
			"sum":	{
				"start":	1.00018,
				"end":	2.000248,
				"seconds":	1.0000679492950439,
				"bytes":	5242880,
				"bits_per_second":	41940190.193642333,
				"retransmits":	0,
				"omitted":	false,
				"sender":	true
			}
		}, {
			"streams":	[{
					"socket":	6,
					"start":	2.000248,
					"end":	3.000122,
					"seconds":	0.99987399578094482,
					"bytes":	6553600,
					"bits_per_second":	52435407.082520276,
					"retransmits":	0,
					"snd_cwnd":	1366912,
					"snd_wnd":	2897536,
					"rtt":	220503,
					"rttvar":	330,
					"pmtu":	1500,
					"omitted":	false,
					"sender":	true
				}],
			"sum":	{
				"start":	2.000248,
				"end":	3.000122,
				"seconds":	0.99987399578094482,
				"bytes":	6553600,
				"bits_per_second":	52435407.082520276,
				"retransmits":	0,
				"omitted":	false,
				"sender":	true
			}
		}, {
			"streams":	[{
					"socket":	6,
					"start":	3.000122,
					"end":	4.00023,
					"seconds":	1.000108003616333,
					"bytes":	5242880,
					"bits_per_second":	41938510.48920355,
					"retransmits":	0,
					"snd_cwnd":	1662304,
					"snd_wnd":	3141248,
					"rtt":	266778,
					"rttvar":	324,
					"pmtu":	1500,
					"omitted":	false,
					"sender":	true
				}],
			"sum":	{
				"start":	3.000122,
				"end":	4.00023,
				"seconds":	1.000108003616333,
				"bytes":	5242880,
				"bits_per_second":	41938510.48920355,
				"retransmits":	0,
				"omitted":	false,
				"sender":	true
			}
		}, {
			"streams":	[{
					"socket":	6,
					"start":	4.00023,
					"end":	5.000115,
					"seconds":	0.99988502264022827,
					"bytes":	6553600,
					"bits_per_second":	52434828.8181776,
					"retransmits":	0,
					"snd_cwnd":	1957696,
					"snd_wnd":	3141248,
					"rtt":	313721,
					"rttvar":	518,
					"pmtu":	1500,
					"omitted":	false,
					"sender":	true
				}],
			"sum":	{
				"start":	4.00023,
				"end":	5.000115,
				"seconds":	0.99988502264022827,
				"bytes":	6553600,
				"bits_per_second":	52434828.8181776,
				"retransmits":	0,
				"omitted":	false,
				"sender":	true
			}
		}, {
			"streams":	[{
					"socket":	6,
					"start":	5.000115,
					"end":	6.000222,
					"seconds":	1.0001070499420166,
					"bytes":	5242880,
					"bits_per_second":	41938550.4806028,
					"retransmits":	0,
					"snd_cwnd":	2254536,
					"snd_wnd":	3141248,
					"rtt":	360775,
					"rttvar":	283,
					"pmtu":	1500,
					"omitted":	false,
					"sender":	true
				}],
			"sum":	{
				"start":	5.000115,
				"end":	6.000222,
				"seconds":	1.0001070499420166,
				"bytes":	5242880,
				"bits_per_second":	41938550.4806028,
				"retransmits":	0,
				"omitted":	false,
				"sender":	true
			}
		}, {
			"streams":	[{
					"socket":	6,
					"start":	6.000222,
					"end":	7.000116,
					"seconds":	0.99989402294158936,
					"bytes":	6553600,
					"bits_per_second":	52434356.838897437,
					"retransmits":	0,
					"snd_cwnd":	2551376,
					"snd_wnd":	3141248,
					"rtt":	407719,
					"rttvar":	747,
					"pmtu":	1500,
					"omitted":	false,
					"sender":	true
				}],
			"sum":	{
				"start":	6.000222,
				"end":	7.000116,
				"seconds":	0.99989402294158936,
				"bytes":	6553600,
				"bits_per_second":	52434356.838897437,
				"retransmits":	0,
				"omitted":	false,
				"sender":	true
			}
		}, {
			"streams":	[{
					"socket":	6,
					"start":	7.000116,
					"end":	8.000234,
					"seconds":	1.0001180171966553,
					"bytes":	5242880,
					"bits_per_second":	41938090.5841162,
					"retransmits":	0,
					"snd_cwnd":	2849664,
					"snd_wnd":	3141248,
					"rtt":	419878,
					"rttvar":	4672,
					"pmtu":	1500,
					"omitted":	false,
					"sender":	true
				}],
			"sum":	{
				"start":	7.000116,
				"end":	8.000234,
				"seconds":	1.0001180171966553,
				"bytes":	5242880,
				"bits_per_second":	41938090.5841162,
				"retransmits":	0,
				"omitted":	false,
				"sender":	true
			}
		}, {
			"streams":	[{
					"socket":	6,
					"start":	8.000234,
					"end":	9.000146,
					"seconds":	0.99991202354431152,
					"bytes":	6553600,
					"bits_per_second":	52433412.9058271,
					"retransmits":	0,
					"snd_cwnd":	3147952,
					"snd_wnd":	3141248,
					"rtt":	502097,
					"rttvar":	268,
					"pmtu":	1500,
					"omitted":	false,
					"sender":	true
				}],
			"sum":	{
				"start":	8.000234,
				"end":	9.000146,
				"seconds":	0.99991202354431152,
				"bytes":	6553600,
				"bits_per_second":	52433412.9058271,
				"retransmits":	0,
				"omitted":	false,
				"sender":	true
			}
		}, {
			"streams":	[{
					"socket":	6,
					"start":	9.000146,
					"end":	10.00009,
					"seconds":	0.999943971633911,
					"bytes":	6553600,
					"bits_per_second":	52431737.664592549,
					"retransmits":	0,
					"snd_cwnd":	3299992,
					"snd_wnd":	3143552,
					"rtt":	438812,
					"rttvar":	8100,
					"pmtu":	1500,
					"omitted":	false,
					"sender":	true
				}],
			"sum":	{
				"start":	9.000146,
				"end":	10.00009,
				"seconds":	0.999943971633911,
				"bytes":	6553600,
				"bits_per_second":	52431737.664592549,
				"retransmits":	0,
				"omitted":	false,
				"sender":	true
			}
		}],
	"end":	{
		"streams":	[{
				"sender":	{
					"socket":	6,
					"start":	0,
					"end":	10.00009,
					"seconds":	10.00009,
					"bytes":	62128128,
					"bits_per_second":	49702055.081504263,
					"retransmits":	0,
					"max_snd_cwnd":	3299992,
					"max_snd_wnd":	3143552,
					"max_rtt":	502097,
					"min_rtt":	136659,
					"mean_rtt":	324036,
					"sender":	true
				},
				"receiver":	{
					"socket":	6,
					"start":	0,
					"end":	10.52669,
					"seconds":	10.00009,
					"bytes":	61603672,
					"bits_per_second":	46817126.3711575,
					"sender":	true
				}
			}],
		"sum_sent":	{
			"start":	0,
			"end":	10.00009,
			"seconds":	10.00009,
			"bytes":	62128128,
			"bits_per_second":	49702055.081504263,
			"retransmits":	0,
			"sender":	true
		},
		"sum_received":	{
			"start":	0,
			"end":	10.52669,
			"seconds":	10.52669,
			"bytes":	61603672,
			"bits_per_second":	46817126.3711575,
			"sender":	true
		},
		"cpu_utilization_percent":	{
			"host_total":	0.31765568052138915,
			"host_user":	0.023659775029567235,
			"host_system":	0.29400588430878932,
			"remote_total":	1.3807172103174183,
			"remote_user":	0.13365058366327995,
			"remote_system":	1.2470571270035833
		},
		"sender_tcp_congestion":	"cubic",
		"receiver_tcp_congestion":	"cubic"
	}
}
