{
	"start":	{
		"connected":	[{
				"socket":	6,
				"local_host":	"192.168.101.210",
				"local_port":	35144,
				"remote_host":	"192.168.100.168",
				"remote_port":	5202
			}],
		"version":	"iperf 3.11",
		"system_info":	"Linux f1 6.0.10-300.fc37.x86_64 #1 SMP PREEMPT_DYNAMIC Sat Nov 26 16:55:13 UTC 2022 x86_64",
		"timestamp":	{
			"time":	"Fri, 09 Dec 2022 23:34:10 GMT",
			"timesecs":	1670628850
		},
		"connecting_to":	{
			"host":	"192.168.100.168",
			"port":	5202
		},
		"cookie":	"v7hdocwcfowecs52qj7kdyqz5zrrsf6amolq",
		"tcp_mss_default":	1448,
		"target_bitrate":	0,
		"sock_bufsize":	0,
		"sndbuf_actual":	16384,
		"rcvbuf_actual":	131072,
		"test_start":	{
			"protocol":	"TCP",
			"num_streams":	1,
			"blksize":	131072,
			"omit":	0,
			"duration":	10,
			"bytes":	0,
			"blocks":	0,
			"reverse":	0,
			"tos":	0,
			"target_bitrate":	0
		}
	},
	"intervals":	[{
			"streams":	[{
					"socket":	6,
					"start":	0,
					"end":	1.00017,
					"seconds":	1.0001699924468994,
					"bytes":	1395872,
					"bits_per_second":	11165078.021067375,
					"retransmits":	0,
					"snd_cwnd":	209960,
					"snd_wnd":	337280,
					"rtt":	200090,
					"rttvar":	9,
					"pmtu":	1500,
					"omitted":	false,
					"sender":	true
				}],
			"sum":	{
				"start":	0,
				"end":	1.00017,
				"seconds":	1.0001699924468994,
				"bytes":	1395872,
				"bits_per_second":	11165078.021067375,
				"retransmits":	0,
				"omitted":	false,
				"sender":	true
			}
		}, {
			"streams":	[{
					"socket":	6,
					"start":	1.00017,
					"end":	2.000235,
					"seconds":	1.0000649690628052,
					"bytes":	5550944,
					"bits_per_second":	44404667.070396259,
					"retransmits":	14,
					"snd_cwnd":	3123336,
					"snd_wnd":	3143552,
					"rtt":	201178,
					"rttvar":	8,
					"pmtu":	1500,
					"omitted":	false,
					"sender":	true
				}],
			"sum":	{
				"start":	1.00017,
				"end":	2.000235,
				"seconds":	1.0000649690628052,
				"bytes":	5550944,
				"bits_per_second":	44404667.070396259,
				"retransmits":	14,
				"omitted":	false,
				"sender":	true
			}
		}, {
			"streams":	[{
					"socket":	6,
					"start":	2.000235,
					"end":	3.000103,
					"seconds":	0.99986797571182251,
					"bytes":	10485760,
					"bits_per_second":	83897156.462362066,
					"retransmits":	27,
					"snd_cwnd":	8255048,
					"snd_wnd":	3145728,
					"rtt":	200101,
					"rttvar":	6,
					"pmtu":	1500,
					"omitted":	false,
					"sender":	true
				}],
			"sum":	{
				"start":	2.000235,
				"end":	3.000103,
				"seconds":	0.99986797571182251,
				"bytes":	10485760,
				"bits_per_second":	83897156.462362066,
				"retransmits":	27,
				"omitted":	false,
				"sender":	true
			}
		}, {
			"streams":	[{
					"socket":	6,
					"start":	3.000103,
					"end":	4.000069,
					"seconds":	0.999966025352478,
					"bytes":	13107200,
					"bits_per_second":	104861162.62103879,
					"retransmits":	0,
					"snd_cwnd":	7862640,
					"snd_wnd":	3145728,
					"rtt":	200090,
					"rttvar":	12,
					"pmtu":	1500,
					"omitted":	false,
					"sender":	true
				}],
			"sum":	{
				"start":	3.000103,
				"end":	4.000069,
				"seconds":	0.999966025352478,
				"bytes":	13107200,
				"bits_per_second":	104861162.62103879,
				"retransmits":	0,
				"omitted":	false,
				"sender":	true
			}
		}, {
			"streams":	[{
					"socket":	6,
					"start":	4.000069,
					"end":	5.000142,
					"seconds":	1.0000729560852051,
					"bytes":	11796480,
					"bits_per_second":	94364955.502266,
					"retransmits":	0,
					"snd_cwnd":	7877120,
					"snd_wnd":	3145728,
					"rtt":	200079,
					"rttvar":	14,
					"pmtu":	1500,
					"omitted":	false,
					"sender":	true
				}],
			"sum":	{
				"start":	4.000069,
				"end":	5.000142,
				"seconds":	1.0000729560852051,
				"bytes":	11796480,
				"bits_per_second":	94364955.502266,
				"retransmits":	0,
				"omitted":	false,
				"sender":	true
			}
		}, {
			"streams":	[{
					"socket":	6,
					"start":	5.000142,
					"end":	6.000131,
					"seconds":	0.99998897314071655,
					"bytes":	13107200,
					"bits_per_second":	104858756.26274994,
					"retransmits":	0,
					"snd_cwnd":	6588400,
					"snd_wnd":	3145728,
					"rtt":	200094,
					"rttvar":	13,
					"pmtu":	1500,
					"omitted":	false,
					"sender":	true
				}],
			"sum":	{
				"start":	5.000142,
				"end":	6.000131,
				"seconds":	0.99998897314071655,
				"bytes":	13107200,
				"bits_per_second":	104858756.26274994,
				"retransmits":	0,
				"omitted":	false,
				"sender":	true
			}
		}, {
			"streams":	[{
					"socket":	6,
					"start":	6.000131,
					"end":	7.000134,
					"seconds":	1.0000029802322388,
					"bytes":	13107200,
					"bits_per_second":	104857287.50093132,
					"retransmits":	0,
					"snd_cwnd":	6588400,
					"snd_wnd":	3145728,
					"rtt":	200151,
					"rttvar":	125,
					"pmtu":	1500,
					"omitted":	false,
					"sender":	true
				}],
			"sum":	{
				"start":	6.000131,
				"end":	7.000134,
				"seconds":	1.0000029802322388,
				"bytes":	13107200,
				"bits_per_second":	104857287.50093132,
				"retransmits":	0,
				"omitted":	false,
				"sender":	true
			}
		}, {
			"streams":	[{
					"socket":	6,
					"start":	7.000134,
					"end":	8.00013,
					"seconds":	0.9999960064888,
					"bytes":	13107200,
					"bits_per_second":	104858018.75167228,
					"retransmits":	0,
					"snd_cwnd":	6588400,
					"snd_wnd":	3145728,
					"rtt":	200141,
					"rttvar":	97,
					"pmtu":	1500,
					"omitted":	false,
					"sender":	true
				}],
			"sum":	{
				"start":	7.000134,
				"end":	8.00013,
				"seconds":	0.9999960064888,
				"bytes":	13107200,
				"bits_per_second":	104858018.75167228,
				"retransmits":	0,
				"omitted":	false,
				"sender":	true
			}
		}, {
			"streams":	[{
					"socket":	6,
					"start":	8.00013,
					"end":	9.000122,
					"seconds":	0.9999920129776,
					"bytes":	13107200,
					"bits_per_second":	104858437.50668919,
					"retransmits":	0,
					"snd_cwnd":	6588400,
					"snd_wnd":	3145728,
					"rtt":	200137,
					"rttvar":	63,
					"pmtu":	1500,
					"omitted":	false,
					"sender":	true
				}],
			"sum":	{
				"start":	8.00013,
				"end":	9.000122,
				"seconds":	0.9999920129776,
				"bytes":	13107200,
				"bits_per_second":	104858437.50668919,
				"retransmits":	0,
				"omitted":	false,
				"sender":	true
			}
		}, {
			"streams":	[{
					"socket":	6,
					"start":	9.000122,
					"end":	10.000125,
					"seconds":	1.0000029802322388,
					"bytes":	13107200,
					"bits_per_second":	104857287.50093132,
					"retransmits":	0,
					"snd_cwnd":	6588400,
					"snd_wnd":	3145728,
					"rtt":	200107,
					"rttvar":	56,
					"pmtu":	1500,
					"omitted":	false,
					"sender":	true
				}],
			"sum":	{
				"start":	9.000122,
				"end":	10.000125,
				"seconds":	1.0000029802322388,
				"bytes":	13107200,
				"bits_per_second":	104857287.50093132,
				"retransmits":	0,
				"omitted":	false,
				"sender":	true
			}
		}],
	"end":	{
		"streams":	[{
				"sender":	{
					"socket":	6,
					"start":	0,
					"end":	10.000125,
					"seconds":	10.000125,
					"bytes":	107872256,
					"bits_per_second":	86296726.090923861,
					"retransmits":	41,
					"max_snd_cwnd":	8255048,
					"max_snd_wnd":	3145728,
					"max_rtt":	201178,
					"min_rtt":	200079,
					"mean_rtt":	200216,
					"sender":	true
				},
				"receiver":	{
					"socket":	6,
					"start":	0,
					"end":	10.200229,
					"seconds":	10.000125,
					"bytes":	107872256,
					"bits_per_second":	84603791.542327136,
					"sender":	true
				}
			}],
		"sum_sent":	{
			"start":	0,
			"end":	10.000125,
			"seconds":	10.000125,
			"bytes":	107872256,
			"bits_per_second":	86296726.090923861,
			"retransmits":	41,
			"sender":	true
		},
		"sum_received":	{
			"start":	0,
			"end":	10.200229,
			"seconds":	10.200229,
			"bytes":	107872256,
			"bits_per_second":	84603791.542327136,
			"sender":	true
		},
		"cpu_utilization_percent":	{
			"host_total":	1.9762508458463977,
			"host_user":	0.29038141758903158,
			"host_system":	1.6858601701219418,
			"remote_total":	1.4674817698327975,
			"remote_user":	0.11887928772032641,
			"remote_system":	1.3486024821124711
		},
		"sender_tcp_congestion":	"bbr",
		"receiver_tcp_congestion":	"bbr"
	}
}
