{
	"start":	{
		"connected":	[{
				"socket":	6,
				"local_host":	"192.168.101.210",
				"local_port":	40026,
				"remote_host":	"192.168.100.168",
				"remote_port":	5202
			}],
		"version":	"iperf 3.11",
		"system_info":	"Linux f1 6.0.10-300.fc37.x86_64 #1 SMP PREEMPT_DYNAMIC Sat Nov 26 16:55:13 UTC 2022 x86_64",
		"timestamp":	{
			"time":	"Fri, 09 Dec 2022 23:27:40 GMT",
			"timesecs":	1670628460
		},
		"connecting_to":	{
			"host":	"192.168.100.168",
			"port":	5202
		},
		"cookie":	"mrcenmozgaayybz7tvhwnay7ugb7nneeadbn",
		"tcp_mss_default":	1448,
		"target_bitrate":	0,
		"sock_bufsize":	0,
		"sndbuf_actual":	16384,
		"rcvbuf_actual":	131072,
		"test_start":	{
			"protocol":	"TCP",
			"num_streams":	1,
			"blksize":	131072,
			"omit":	0,
			"duration":	10,
			"bytes":	0,
			"blocks":	0,
			"reverse":	0,
			"tos":	0,
			"target_bitrate":	0
		}
	},
	"intervals":	[{
			"streams":	[{
					"socket":	6,
					"start":	0,
					"end":	1.000122,
					"seconds":	1.0001219511032104,
					"bytes":	17432576,
					"bits_per_second":	139443602.69881523,
					"retransmits":	0,
					"snd_cwnd":	335936,
					"snd_wnd":	3143552,
					"rtt":	56698,
					"rttvar":	616,
					"pmtu":	1500,
					"omitted":	false,
					"sender":	true
				}],
			"sum":	{
				"start":	0,
				"end":	1.000122,
				"seconds":	1.0001219511032104,
				"bytes":	17432576,
				"bits_per_second":	139443602.69881523,
				"retransmits":	0,
				"omitted":	false,
				"sender":	true
			}
		}, {
			"streams":	[{
					"socket":	6,
					"start":	1.000122,
					"end":	2.000318,
					"seconds":	1.0001959800720215,
					"bytes":	2621440,
					"bits_per_second":	20967410.80532027,
					"retransmits":	0,
					"snd_cwnd":	60816,
					"snd_wnd":	3143552,
					"rtt":	51566,
					"rttvar":	1330,
					"pmtu":	1500,
					"omitted":	false,
					"sender":	true
				}],
			"sum":	{
				"start":	1.000122,
				"end":	2.000318,
				"seconds":	1.0001959800720215,
				"bytes":	2621440,
				"bits_per_second":	20967410.80532027,
				"retransmits":	0,
				"omitted":	false,
				"sender":	true
			}
		}, {
			"streams":	[{
					"socket":	6,
					"start":	2.000318,
					"end":	3.001031,
					"seconds":	1.0007129907608032,
					"bytes":	0,
					"bits_per_second":	0,
					"retransmits":	0,
					"snd_cwnd":	28960,
					"snd_wnd":	3143552,
					"rtt":	51579,
					"rttvar":	993,
					"pmtu":	1500,
					"omitted":	false,
					"sender":	true
				}],
			"sum":	{
				"start":	2.000318,
				"end":	3.001031,
				"seconds":	1.0007129907608032,
				"bytes":	0,
				"bits_per_second":	0,
				"retransmits":	0,
				"omitted":	false,
				"sender":	true
			}
		}, {
			"streams":	[{
					"socket":	6,
					"start":	3.001031,
					"end":	4.000245,
					"seconds":	0.999213993549347,
					"bytes":	1310720,
					"bits_per_second":	10494008.3582628,
					"retransmits":	0,
					"snd_cwnd":	26064,
					"snd_wnd":	3143552,
					"rtt":	51384,
					"rttvar":	2537,
					"pmtu":	1500,
					"omitted":	false,
					"sender":	true
				}],
			"sum":	{
				"start":	3.001031,
				"end":	4.000245,
				"seconds":	0.999213993549347,
				"bytes":	1310720,
				"bits_per_second":	10494008.3582628,
				"retransmits":	0,
				"omitted":	false,
				"sender":	true
			}
		}, {
			"streams":	[{
					"socket":	6,
					"start":	4.000245,
					"end":	5.001026,
					"seconds":	1.0007810592651367,
					"bytes":	0,
					"bits_per_second":	0,
					"retransmits":	0,
					"snd_cwnd":	23168,
					"snd_wnd":	3143552,
					"rtt":	50973,
					"rttvar":	1053,
					"pmtu":	1500,
					"omitted":	false,
					"sender":	true
				}],
			"sum":	{
				"start":	4.000245,
				"end":	5.001026,
				"seconds":	1.0007810592651367,
				"bytes":	0,
				"bits_per_second":	0,
				"retransmits":	0,
				"omitted":	false,
				"sender":	true
			}
		}, {
			"streams":	[{
					"socket":	6,
					"start":	5.001026,
					"end":	6.001027,
					"seconds":	1.0000009536743164,
					"bytes":	0,
					"bits_per_second":	0,
					"retransmits":	0,
					"snd_cwnd":	23168,
					"snd_wnd":	3143552,
					"rtt":	51904,
					"rttvar":	751,
					"pmtu":	1500,
					"omitted":	false,
					"sender":	true
				}],
			"sum":	{
				"start":	5.001026,
				"end":	6.001027,
				"seconds":	1.0000009536743164,
				"bytes":	0,
				"bits_per_second":	0,
				"retransmits":	0,
				"omitted":	false,
				"sender":	true
			}
		}, {
			"streams":	[{
					"socket":	6,
					"start":	6.001027,
					"end":	7.000155,
					"seconds":	0.999127984046936,
					"bytes":	1310720,
					"bits_per_second":	10494911.730454955,
					"retransmits":	0,
					"snd_cwnd":	23168,
					"snd_wnd":	3143552,
					"rtt":	51871,
					"rttvar":	828,
					"pmtu":	1500,
					"omitted":	false,
					"sender":	true
				}],
			"sum":	{
				"start":	6.001027,
				"end":	7.000155,
				"seconds":	0.999127984046936,
				"bytes":	1310720,
				"bits_per_second":	10494911.730454955,
				"retransmits":	0,
				"omitted":	false,
				"sender":	true
			}
		}, {
			"streams":	[{
					"socket":	6,
					"start":	7.000155,
					"end":	8.00103,
					"seconds":	1.0008749961853027,
					"bytes":	0,
					"bits_per_second":	0,
					"retransmits":	0,
					"snd_cwnd":	26064,
					"snd_wnd":	3143552,
					"rtt":	51053,
					"rttvar":	1669,
					"pmtu":	1500,
					"omitted":	false,
					"sender":	true
				}],
			"sum":	{
				"start":	7.000155,
				"end":	8.00103,
				"seconds":	1.0008749961853027,
				"bytes":	0,
				"bits_per_second":	0,
				"retransmits":	0,
				"omitted":	false,
				"sender":	true
			}
		}, {
			"streams":	[{
					"socket":	6,
					"start":	8.00103,
					"end":	9.001027,
					"seconds":	0.99999701976776123,
					"bytes":	0,
					"bits_per_second":	0,
					"retransmits":	0,
					"snd_cwnd":	23168,
					"snd_wnd":	3143552,
					"rtt":	51559,
					"rttvar":	1471,
					"pmtu":	1500,
					"omitted":	false,
					"sender":	true
				}],
			"sum":	{
				"start":	8.00103,
				"end":	9.001027,
				"seconds":	0.99999701976776123,
				"bytes":	0,
				"bits_per_second":	0,
				"retransmits":	0,
				"omitted":	false,
				"sender":	true
			}
		}, {
			"streams":	[{
					"socket":	6,
					"start":	9.001027,
					"end":	10.000108,
					"seconds":	0.999081015586853,
					"bytes":	1310720,
					"bits_per_second":	10495405.113709161,
					"retransmits":	0,
					"snd_cwnd":	23168,
					"snd_wnd":	3143552,
					"rtt":	51658,
					"rttvar":	1678,
					"pmtu":	1500,
					"omitted":	false,
					"sender":	true
				}],
			"sum":	{
				"start":	9.001027,
				"end":	10.000108,
				"seconds":	0.999081015586853,
				"bytes":	1310720,
				"bits_per_second":	10495405.113709161,
				"retransmits":	0,
				"omitted":	false,
				"sender":	true
			}
		}],
	"end":	{
		"streams":	[{
				"sender":	{
					"socket":	6,
					"start":	0,
					"end":	10.000108,
					"seconds":	10.000108,
					"bytes":	23986176,
					"bits_per_second":	19188733.56167753,
					"retransmits":	0,
					"max_snd_cwnd":	335936,
					"max_snd_wnd":	3143552,
					"max_rtt":	56698,
					"min_rtt":	50973,
					"mean_rtt":	52024,
					"sender":	true
				},
				"receiver":	{
					"socket":	6,
					"start":	0,
					"end":	10.050474,
					"seconds":	10.000108,
					"bytes":	19996880,
					"bits_per_second":	15917163.707900742,
					"sender":	true
				}
			}],
		"sum_sent":	{
			"start":	0,
			"end":	10.000108,
			"seconds":	10.000108,
			"bytes":	23986176,
			"bits_per_second":	19188733.56167753,
			"retransmits":	0,
			"sender":	true
		},
		"sum_received":	{
			"start":	0,
			"end":	10.050474,
			"seconds":	10.050474,
			"bytes":	19996880,
			"bits_per_second":	15917163.707900742,
			"sender":	true
		},
		"cpu_utilization_percent":	{
			"host_total":	0.0918641181408882,
			"host_user":	0,
			"host_system":	0.0918641181408882,
			"remote_total":	0.69144914982220751,
			"remote_user":	0.13173492306740192,
			"remote_system":	0.55971422675480564
		},
		"sender_tcp_congestion":	"bbr",
		"receiver_tcp_congestion":	"bbr"
	}
}
