{
	"start":	{
		"connected":	[{
				"socket":	6,
				"local_host":	"192.168.101.210",
				"local_port":	38864,
				"remote_host":	"192.168.100.168",
				"remote_port":	5201
			}],
		"version":	"iperf 3.11",
		"system_info":	"Linux f1 6.0.10-300.fc37.x86_64 #1 SMP PREEMPT_DYNAMIC Sat Nov 26 16:55:13 UTC 2022 x86_64",
		"timestamp":	{
			"time":	"Fri, 09 Dec 2022 23:29:15 GMT",
			"timesecs":	1670628555
		},
		"connecting_to":	{
			"host":	"192.168.100.168",
			"port":	5201
		},
		"cookie":	"3xrybhasrjllfkjgj7jymjguluclcthybuzu",
		"tcp_mss_default":	1448,
		"target_bitrate":	0,
		"sock_bufsize":	0,
		"sndbuf_actual":	16384,
		"rcvbuf_actual":	131072,
		"test_start":	{
			"protocol":	"TCP",
			"num_streams":	1,
			"blksize":	131072,
			"omit":	0,
			"duration":	10,
			"bytes":	0,
			"blocks":	0,
			"reverse":	0,
			"tos":	0,
			"target_bitrate":	0
		}
	},
	"intervals":	[{
			"streams":	[{
					"socket":	6,
					"start":	0,
					"end":	1.00009,
					"seconds":	1.0000900030136108,
					"bytes":	29884416,
					"bits_per_second":	239053812.43646556,
					"retransmits":	1641,
					"snd_cwnd":	1033872,
					"snd_wnd":	3145728,
					"rtt":	39210,
					"rttvar":	31,
					"pmtu":	1500,
					"omitted":	false,
					"sender":	true
				}],
			"sum":	{
				"start":	0,
				"end":	1.00009,
				"seconds":	1.0000900030136108,
				"bytes":	29884416,
				"bits_per_second":	239053812.43646556,
				"retransmits":	1641,
				"omitted":	false,
				"sender":	true
			}
		}, {
			"streams":	[{
					"socket":	6,
					"start":	1.00009,
					"end":	2.000107,
					"seconds":	1.0000170469284058,
					"bytes":	20971520,
					"bits_per_second":	167769300.04875338,
					"retransmits":	71,
					"snd_cwnd":	545896,
					"snd_wnd":	3145728,
					"rtt":	30398,
					"rttvar":	213,
					"pmtu":	1500,
					"omitted":	false,
					"sender":	true
				}],
			"sum":	{
				"start":	1.00009,
				"end":	2.000107,
				"seconds":	1.0000170469284058,
				"bytes":	20971520,
				"bits_per_second":	167769300.04875338,
				"retransmits":	71,
				"omitted":	false,
				"sender":	true
			}
		}, {
			"streams":	[{
					"socket":	6,
					"start":	2.000107,
					"end":	3.00011,
					"seconds":	1.0000029802322388,
					"bytes":	15728640,
					"bits_per_second":	125828745.00111759,
					"retransmits":	12,
					"snd_cwnd":	419920,
					"snd_wnd":	3145728,
					"rtt":	31167,
					"rttvar":	325,
					"pmtu":	1500,
					"omitted":	false,
					"sender":	true
				}],
			"sum":	{
				"start":	2.000107,
				"end":	3.00011,
				"seconds":	1.0000029802322388,
				"bytes":	15728640,
				"bits_per_second":	125828745.00111759,
				"retransmits":	12,
				"omitted":	false,
				"sender":	true
			}
		}, {
			"streams":	[{
					"socket":	6,
					"start":	3.00011,
					"end":	4.000088,
					"seconds":	0.999978005886078,
					"bytes":	13107200,
					"bits_per_second":	104859906.30072504,
					"retransmits":	0,
					"snd_cwnd":	456120,
					"snd_wnd":	3145728,
					"rtt":	35475,
					"rttvar":	414,
					"pmtu":	1500,
					"omitted":	false,
					"sender":	true
				}],
			"sum":	{
				"start":	3.00011,
				"end":	4.000088,
				"seconds":	0.999978005886078,
				"bytes":	13107200,
				"bits_per_second":	104859906.30072504,
				"retransmits":	0,
				"omitted":	false,
				"sender":	true
			}
		}, {
			"streams":	[{
					"socket":	6,
					"start":	4.000088,
					"end":	5.00008,
					"seconds":	0.9999920129776,
					"bytes":	13107200,
					"bits_per_second":	104858437.50668919,
					"retransmits":	25,
					"snd_cwnd":	334488,
					"snd_wnd":	3145728,
					"rtt":	25150,
					"rttvar":	133,
					"pmtu":	1500,
					"omitted":	false,
					"sender":	true
				}],
			"sum":	{
				"start":	4.000088,
				"end":	5.00008,
				"seconds":	0.9999920129776,
				"bytes":	13107200,
				"bits_per_second":	104858437.50668919,
				"retransmits":	25,
				"omitted":	false,
				"sender":	true
			}
		}, {
			"streams":	[{
					"socket":	6,
					"start":	5.00008,
					"end":	6.000129,
					"seconds":	1.0000489950180054,
					"bytes":	10485760,
					"bits_per_second":	83881970.201359659,
					"retransmits":	0,
					"snd_cwnd":	369240,
					"snd_wnd":	3145728,
					"rtt":	29416,
					"rttvar":	1169,
					"pmtu":	1500,
					"omitted":	false,
					"sender":	true
				}],
			"sum":	{
				"start":	5.00008,
				"end":	6.000129,
				"seconds":	1.0000489950180054,
				"bytes":	10485760,
				"bits_per_second":	83881970.201359659,
				"retransmits":	0,
				"omitted":	false,
				"sender":	true
			}
		}, {
			"streams":	[{
					"socket":	6,
					"start":	6.000129,
					"end":	7.000093,
					"seconds":	0.99996399879455566,
					"bytes":	11796480,
					"bits_per_second":	94375237.6223185,
					"retransmits":	0,
					"snd_cwnd":	389512,
					"snd_wnd":	3145728,
					"rtt":	32725,
					"rttvar":	224,
					"pmtu":	1500,
					"omitted":	false,
					"sender":	true
				}],
			"sum":	{
				"start":	6.000129,
				"end":	7.000093,
				"seconds":	0.99996399879455566,
				"bytes":	11796480,
				"bits_per_second":	94375237.6223185,
				"retransmits":	0,
				"omitted":	false,
				"sender":	true
			}
		}, {
			"streams":	[{
					"socket":	6,
					"start":	7.000093,
					"end":	8.000078,
					"seconds":	0.9999849796295166,
					"bytes":	11796480,
					"bits_per_second":	94373257.5212917,
					"retransmits":	0,
					"snd_cwnd":	402544,
					"snd_wnd":	3145728,
					"rtt":	35551,
					"rttvar":	998,
					"pmtu":	1500,
					"omitted":	false,
					"sender":	true
				}],
			"sum":	{
				"start":	7.000093,
				"end":	8.000078,
				"seconds":	0.9999849796295166,
				"bytes":	11796480,
				"bits_per_second":	94373257.5212917,
				"retransmits":	0,
				"omitted":	false,
				"sender":	true
			}
		}, {
			"streams":	[{
					"socket":	6,
					"start":	8.000078,
					"end":	9.00013,
					"seconds":	1.0000519752502441,
					"bytes":	11796480,
					"bits_per_second":	94366935.254925355,
					"retransmits":	0,
					"snd_cwnd":	425712,
					"snd_wnd":	3145728,
					"rtt":	35856,
					"rttvar":	1244,
					"pmtu":	1500,
					"omitted":	false,
					"sender":	true
				}],
			"sum":	{
				"start":	8.000078,
				"end":	9.00013,
				"seconds":	1.0000519752502441,
				"bytes":	11796480,
				"bits_per_second":	94366935.254925355,
				"retransmits":	0,
				"omitted":	false,
				"sender":	true
			}
		}, {
			"streams":	[{
					"socket":	6,
					"start":	9.00013,
					"end":	10.000098,
					"seconds":	0.99996799230575562,
					"bytes":	13107200,
					"bits_per_second":	104860956.35742927,
					"retransmits":	0,
					"snd_cwnd":	448880,
					"snd_wnd":	3145728,
					"rtt":	36938,
					"rttvar":	1216,
					"pmtu":	1500,
					"omitted":	false,
					"sender":	true
				}],
			"sum":	{
				"start":	9.00013,
				"end":	10.000098,
				"seconds":	0.99996799230575562,
				"bytes":	13107200,
				"bits_per_second":	104860956.35742927,
				"retransmits":	0,
				"omitted":	false,
				"sender":	true
			}
		}],
	"end":	{
		"streams":	[{
				"sender":	{
					"socket":	6,
					"start":	0,
					"end":	10.000098,
					"seconds":	10.000098,
					"bytes":	151781376,
					"bits_per_second":	121423910.84567373,
					"retransmits":	1749,
					"max_snd_cwnd":	1033872,
					"max_snd_wnd":	3145728,
					"max_rtt":	39210,
					"min_rtt":	25150,
					"mean_rtt":	33188,
					"sender":	true
				},
				"receiver":	{
					"socket":	6,
					"start":	0,
					"end":	10.035342,
					"seconds":	10.000098,
					"bytes":	148921008,
					"bits_per_second":	118717235.94472416,
					"sender":	true
				}
			}],
		"sum_sent":	{
			"start":	0,
			"end":	10.000098,
			"seconds":	10.000098,
			"bytes":	151781376,
			"bits_per_second":	121423910.84567373,
			"retransmits":	1749,
			"sender":	true
		},
		"sum_received":	{
			"start":	0,
			"end":	10.035342,
			"seconds":	10.035342,
			"bytes":	148921008,
			"bits_per_second":	118717235.94472416,
			"sender":	true
		},
		"cpu_utilization_percent":	{
			"host_total":	0.729724533740355,
			"host_user":	0.060942373422314212,
			"host_system":	0.66878216031804072,
			"remote_total":	2.097225051109298,
			"remote_user":	0.13283036496164163,
			"remote_system":	1.9643946861476562
		},
		"sender_tcp_congestion":	"cubic",
		"receiver_tcp_congestion":	"cubic"
	}
}
