{
	"start":	{
		"connected":	[{
				"socket":	6,
				"local_host":	"192.168.101.210",
				"local_port":	49602,
				"remote_host":	"192.168.100.168",
				"remote_port":	5202
			}],
		"version":	"iperf 3.11",
		"system_info":	"Linux f1 6.0.10-300.fc37.x86_64 #1 SMP PREEMPT_DYNAMIC Sat Nov 26 16:55:13 UTC 2022 x86_64",
		"timestamp":	{
			"time":	"Fri, 09 Dec 2022 23:28:11 GMT",
			"timesecs":	1670628491
		},
		"connecting_to":	{
			"host":	"192.168.100.168",
			"port":	5202
		},
		"cookie":	"x4uqluh3swg6n5fabjqs3yprt3dfg4dttpul",
		"tcp_mss_default":	1448,
		"target_bitrate":	0,
		"sock_bufsize":	0,
		"sndbuf_actual":	16384,
		"rcvbuf_actual":	131072,
		"test_start":	{
			"protocol":	"TCP",
			"num_streams":	1,
			"blksize":	131072,
			"omit":	0,
			"duration":	10,
			"bytes":	0,
			"blocks":	0,
			"reverse":	0,
			"tos":	0,
			"target_bitrate":	0
		}
	},
	"intervals":	[{
			"streams":	[{
					"socket":	6,
					"start":	0,
					"end":	1.000066,
					"seconds":	1.0000660419464111,
					"bytes":	47448064,
					"bits_per_second":	379559445.15546322,
					"retransmits":	2614,
					"snd_cwnd":	692144,
					"snd_wnd":	2927488,
					"rtt":	10808,
					"rttvar":	482,
					"pmtu":	1500,
					"omitted":	false,
					"sender":	true
				}],
			"sum":	{
				"start":	0,
				"end":	1.000066,
				"seconds":	1.0000660419464111,
				"bytes":	47448064,
				"bits_per_second":	379559445.15546322,
				"retransmits":	2614,
				"omitted":	false,
				"sender":	true
			}
		}, {
			"streams":	[{
					"socket":	6,
					"start":	1.000066,
					"end":	2.00008,
					"seconds":	1.0000139474868774,
					"bytes":	51118080,
					"bits_per_second":	408938936.32955188,
					"retransmits":	3016,
					"snd_cwnd":	1355328,
					"snd_wnd":	3145728,
					"rtt":	10389,
					"rttvar":	341,
					"pmtu":	1500,
					"omitted":	false,
					"sender":	true
				}],
			"sum":	{
				"start":	1.000066,
				"end":	2.00008,
				"seconds":	1.0000139474868774,
				"bytes":	51118080,
				"bits_per_second":	408938936.32955188,
				"retransmits":	3016,
				"omitted":	false,
				"sender":	true
			}
		}, {
			"streams":	[{
					"socket":	6,
					"start":	2.00008,
					"end":	3.00008,
					"seconds":	1,
					"bytes":	49807360,
					"bits_per_second":	398458880,
					"retransmits":	3350,
					"snd_cwnd":	1297408,
					"snd_wnd":	3145728,
					"rtt":	10686,
					"rttvar":	259,
					"pmtu":	1500,
					"omitted":	false,
					"sender":	true
				}],
			"sum":	{
				"start":	2.00008,
				"end":	3.00008,
				"seconds":	1,
				"bytes":	49807360,
				"bits_per_second":	398458880,
				"retransmits":	3350,
				"omitted":	false,
				"sender":	true
			}
		}, {
			"streams":	[{
					"socket":	6,
					"start":	3.00008,
					"end":	4.00008,
					"seconds":	1,
					"bytes":	48496640,
					"bits_per_second":	387973120,
					"retransmits":	2225,
					"snd_cwnd":	598024,
					"snd_wnd":	3145728,
					"rtt":	11125,
					"rttvar":	520,
					"pmtu":	1500,
					"omitted":	false,
					"sender":	true
				}],
			"sum":	{
				"start":	3.00008,
				"end":	4.00008,
				"seconds":	1,
				"bytes":	48496640,
				"bits_per_second":	387973120,
				"retransmits":	2225,
				"omitted":	false,
				"sender":	true
			}
		}, {
			"streams":	[{
					"socket":	6,
					"start":	4.00008,
					"end":	5.000067,
					"seconds":	0.999987006187439,
					"bytes":	49807360,
					"bits_per_second":	398464057.56727636,
					"retransmits":	2780,
					"snd_cwnd":	651600,
					"snd_wnd":	3145728,
					"rtt":	11274,
					"rttvar":	558,
					"pmtu":	1500,
					"omitted":	false,
					"sender":	true
				}],
			"sum":	{
				"start":	4.00008,
				"end":	5.000067,
				"seconds":	0.999987006187439,
				"bytes":	49807360,
				"bits_per_second":	398464057.56727636,
				"retransmits":	2780,
				"omitted":	false,
				"sender":	true
			}
		}, {
			"streams":	[{
					"socket":	6,
					"start":	5.000067,
					"end":	6.000077,
					"seconds":	1.0000100135803223,
					"bytes":	49807360,
					"bits_per_second":	398454890.03995377,
					"retransmits":	3297,
					"snd_cwnd":	1294512,
					"snd_wnd":	3145728,
					"rtt":	10892,
					"rttvar":	274,
					"pmtu":	1500,
					"omitted":	false,
					"sender":	true
				}],
			"sum":	{
				"start":	5.000067,
				"end":	6.000077,
				"seconds":	1.0000100135803223,
				"bytes":	49807360,
				"bits_per_second":	398454890.03995377,
				"retransmits":	3297,
				"omitted":	false,
				"sender":	true
			}
		}, {
			"streams":	[{
					"socket":	6,
					"start":	6.000077,
					"end":	7.000086,
					"seconds":	1.0000089406967163,
					"bytes":	48496640,
					"bits_per_second":	387969651.28101277,
					"retransmits":	3248,
					"snd_cwnd":	664632,
					"snd_wnd":	3137152,
					"rtt":	10845,
					"rttvar":	503,
					"pmtu":	1500,
					"omitted":	false,
					"sender":	true
				}],
			"sum":	{
				"start":	6.000077,
				"end":	7.000086,
				"seconds":	1.0000089406967163,
				"bytes":	48496640,
				"bits_per_second":	387969651.28101277,
				"retransmits":	3248,
				"omitted":	false,
				"sender":	true
			}
		}, {
			"streams":	[{
					"socket":	6,
					"start":	7.000086,
					"end":	8.000071,
					"seconds":	0.9999849796295166,
					"bytes":	51118080,
					"bits_per_second":	408950782.592264,
					"retransmits":	3029,
					"snd_cwnd":	586440,
					"snd_wnd":	3145728,
					"rtt":	11149,
					"rttvar":	537,
					"pmtu":	1500,
					"omitted":	false,
					"sender":	true
				}],
			"sum":	{
				"start":	7.000086,
				"end":	8.000071,
				"seconds":	0.9999849796295166,
				"bytes":	51118080,
				"bits_per_second":	408950782.592264,
				"retransmits":	3029,
				"omitted":	false,
				"sender":	true
			}
		}, {
			"streams":	[{
					"socket":	6,
					"start":	8.000071,
					"end":	9.000069,
					"seconds":	0.99999797344207764,
					"bytes":	51118080,
					"bits_per_second":	408945468.75167954,
					"retransmits":	3006,
					"snd_cwnd":	598024,
					"snd_wnd":	3145728,
					"rtt":	10674,
					"rttvar":	438,
					"pmtu":	1500,
					"omitted":	false,
					"sender":	true
				}],
			"sum":	{
				"start":	8.000071,
				"end":	9.000069,
				"seconds":	0.99999797344207764,
				"bytes":	51118080,
				"bits_per_second":	408945468.75167954,
				"retransmits":	3006,
				"omitted":	false,
				"sender":	true
			}
		}, {
			"streams":	[{
					"socket":	6,
					"start":	9.000069,
					"end":	10.000081,
					"seconds":	1.0000120401382446,
					"bytes":	49807360,
					"bits_per_second":	398454082.55776185,
					"retransmits":	2782,
					"snd_cwnd":	598024,
					"snd_wnd":	3145728,
					"rtt":	11212,
					"rttvar":	574,
					"pmtu":	1500,
					"omitted":	false,
					"sender":	true
				}],
			"sum":	{
				"start":	9.000069,
				"end":	10.000081,
				"seconds":	1.0000120401382446,
				"bytes":	49807360,
				"bits_per_second":	398454082.55776185,
				"retransmits":	2782,
				"omitted":	false,
				"sender":	true
			}
		}],
	"end":	{
		"streams":	[{
				"sender":	{
					"socket":	6,
					"start":	0,
					"end":	10.000081,
					"seconds":	10.000081,
					"bytes":	497025024,
					"bits_per_second":	397616798.50393212,
					"retransmits":	29347,
					"max_snd_cwnd":	1355328,
					"max_snd_wnd":	3145728,
					"max_rtt":	11274,
					"min_rtt":	10389,
					"mean_rtt":	10905,
					"sender":	true
				},
				"receiver":	{
					"socket":	6,
					"start":	0,
					"end":	10.010189,
					"seconds":	10.000081,
					"bytes":	493869360,
					"bits_per_second":	394693334.96100819,
					"sender":	true
				}
			}],
		"sum_sent":	{
			"start":	0,
			"end":	10.000081,
			"seconds":	10.000081,
			"bytes":	497025024,
			"bits_per_second":	397616798.50393212,
			"retransmits":	29347,
			"sender":	true
		},
		"sum_received":	{
			"start":	0,
			"end":	10.010189,
			"seconds":	10.010189,
			"bytes":	493869360,
			"bits_per_second":	394693334.96100819,
			"sender":	true
		},
		"cpu_utilization_percent":	{
			"host_total":	0.90366935290310935,
			"host_user":	0.031430938281229615,
			"host_system":	0.872288210151476,
			"remote_total":	1.9759343493702075,
			"remote_user":	0.163403312281142,
			"remote_system":	1.812541026898461
		},
		"sender_tcp_congestion":	"bbr",
		"receiver_tcp_congestion":	"bbr"
	}
}
