{
	"start":	{
		"connected":	[{
				"socket":	6,
				"local_host":	"192.168.101.210",
				"local_port":	39816,
				"remote_host":	"192.168.100.168",
				"remote_port":	5201
			}],
		"version":	"iperf 3.11",
		"system_info":	"Linux f1 6.0.10-300.fc37.x86_64 #1 SMP PREEMPT_DYNAMIC Sat Nov 26 16:55:13 UTC 2022 x86_64",
		"timestamp":	{
			"time":	"Fri, 09 Dec 2022 23:33:56 GMT",
			"timesecs":	1670628836
		},
		"connecting_to":	{
			"host":	"192.168.100.168",
			"port":	5201
		},
		"cookie":	"manse6omivexl7ayslmh4sjjka57t3moej2i",
		"tcp_mss_default":	1448,
		"target_bitrate":	0,
		"sock_bufsize":	0,
		"sndbuf_actual":	16384,
		"rcvbuf_actual":	131072,
		"test_start":	{
			"protocol":	"TCP",
			"num_streams":	1,
			"blksize":	131072,
			"omit":	0,
			"duration":	10,
			"bytes":	0,
			"blocks":	0,
			"reverse":	0,
			"tos":	0,
			"target_bitrate":	0
		}
	},
	"intervals":	[{
			"streams":	[{
					"socket":	6,
					"start":	0,
					"end":	1.000233,
					"seconds":	1.0002330541610718,
					"bytes":	1571080,
					"bits_per_second":	12565711.508646082,
					"retransmits":	0,
					"snd_cwnd":	231680,
					"snd_wnd":	417920,
					"rtt":	200107,
					"rttvar":	38,
					"pmtu":	1500,
					"omitted":	false,
					"sender":	true
				}],
			"sum":	{
				"start":	0,
				"end":	1.000233,
				"seconds":	1.0002330541610718,
				"bytes":	1571080,
				"bits_per_second":	12565711.508646082,
				"retransmits":	0,
				"omitted":	false,
				"sender":	true
			}
		}, {
			"streams":	[{
					"socket":	6,
					"start":	1.000233,
					"end":	2.000224,
					"seconds":	0.999990999698639,
					"bytes":	4982520,
					"bits_per_second":	39860518.756681219,
					"retransmits":	567,
					"snd_cwnd":	771784,
					"snd_wnd":	2522752,
					"rtt":	200368,
					"rttvar":	493,
					"pmtu":	1500,
					"omitted":	false,
					"sender":	true
				}],
			"sum":	{
				"start":	1.000233,
				"end":	2.000224,
				"seconds":	0.999990999698639,
				"bytes":	4982520,
				"bits_per_second":	39860518.756681219,
				"retransmits":	567,
				"omitted":	false,
				"sender":	true
			}
		}, {
			"streams":	[{
					"socket":	6,
					"start":	2.000224,
					"end":	3.000226,
					"seconds":	1.0000020265579224,
					"bytes":	3932160,
					"bits_per_second":	31457216.250129193,
					"retransmits":	175,
					"snd_cwnd":	822464,
					"snd_wnd":	3143552,
					"rtt":	200103,
					"rttvar":	66,
					"pmtu":	1500,
					"omitted":	false,
					"sender":	true
				}],
			"sum":	{
				"start":	2.000224,
				"end":	3.000226,
				"seconds":	1.0000020265579224,
				"bytes":	3932160,
				"bits_per_second":	31457216.250129193,
				"retransmits":	175,
				"omitted":	false,
				"sender":	true
			}
		}, {
			"streams":	[{
					"socket":	6,
					"start":	3.000226,
					"end":	4.000229,
					"seconds":	1.0000029802322388,
					"bytes":	3932160,
					"bits_per_second":	31457186.2502794,
					"retransmits":	0,
					"snd_cwnd":	881832,
					"snd_wnd":	3143552,
					"rtt":	200282,
					"rttvar":	11,
					"pmtu":	1500,
					"omitted":	false,
					"sender":	true
				}],
			"sum":	{
				"start":	3.000226,
				"end":	4.000229,
				"seconds":	1.0000029802322388,
				"bytes":	3932160,
				"bits_per_second":	31457186.2502794,
				"retransmits":	0,
				"omitted":	false,
				"sender":	true
			}
		}, {
			"streams":	[{
					"socket":	6,
					"start":	4.000229,
					"end":	5.000216,
					"seconds":	0.999987006187439,
					"bytes":	5242880,
					"bits_per_second":	41943585.007081717,
					"retransmits":	0,
					"snd_cwnd":	923824,
					"snd_wnd":	3143552,
					"rtt":	200208,
					"rttvar":	12,
					"pmtu":	1500,
					"omitted":	false,
					"sender":	true
				}],
			"sum":	{
				"start":	4.000229,
				"end":	5.000216,
				"seconds":	0.999987006187439,
				"bytes":	5242880,
				"bits_per_second":	41943585.007081717,
				"retransmits":	0,
				"omitted":	false,
				"sender":	true
			}
		}, {
			"streams":	[{
					"socket":	6,
					"start":	5.000216,
					"end":	6.000234,
					"seconds":	1.0000180006027222,
					"bytes":	3932160,
					"bits_per_second":	31456713.760192659,
					"retransmits":	0,
					"snd_cwnd":	949888,
					"snd_wnd":	3143552,
					"rtt":	205201,
					"rttvar":	10126,
					"pmtu":	1500,
					"omitted":	false,
					"sender":	true
				}],
			"sum":	{
				"start":	5.000216,
				"end":	6.000234,
				"seconds":	1.0000180006027222,
				"bytes":	3932160,
				"bits_per_second":	31456713.760192659,
				"retransmits":	0,
				"omitted":	false,
				"sender":	true
			}
		}, {
			"streams":	[{
					"socket":	6,
					"start":	6.000234,
					"end":	7.000226,
					"seconds":	0.9999920129776,
					"bytes":	5242880,
					"bits_per_second":	41943375.002675675,
					"retransmits":	0,
					"snd_cwnd":	962920,
					"snd_wnd":	3143552,
					"rtt":	200130,
					"rttvar":	12,
					"pmtu":	1500,
					"omitted":	false,
					"sender":	true
				}],
			"sum":	{
				"start":	6.000234,
				"end":	7.000226,
				"seconds":	0.9999920129776,
				"bytes":	5242880,
				"bits_per_second":	41943375.002675675,
				"retransmits":	0,
				"omitted":	false,
				"sender":	true
			}
		}, {
			"streams":	[{
					"socket":	6,
					"start":	7.000226,
					"end":	8.000417,
					"seconds":	1.0001909732818604,
					"bytes":	3932160,
					"bits_per_second":	31451273.647052933,
					"retransmits":	0,
					"snd_cwnd":	970160,
					"snd_wnd":	3143552,
					"rtt":	200161,
					"rttvar":	10,
					"pmtu":	1500,
					"omitted":	false,
					"sender":	true
				}],
			"sum":	{
				"start":	7.000226,
				"end":	8.000417,
				"seconds":	1.0001909732818604,
				"bytes":	3932160,
				"bits_per_second":	31451273.647052933,
				"retransmits":	0,
				"omitted":	false,
				"sender":	true
			}
		}, {
			"streams":	[{
					"socket":	6,
					"start":	8.000417,
					"end":	9.000222,
					"seconds":	0.999804973602295,
					"bytes":	5242880,
					"bits_per_second":	41951221.595627122,
					"retransmits":	0,
					"snd_cwnd":	970160,
					"snd_wnd":	3143552,
					"rtt":	200161,
					"rttvar":	27,
					"pmtu":	1500,
					"omitted":	false,
					"sender":	true
				}],
			"sum":	{
				"start":	8.000417,
				"end":	9.000222,
				"seconds":	0.999804973602295,
				"bytes":	5242880,
				"bits_per_second":	41951221.595627122,
				"retransmits":	0,
				"omitted":	false,
				"sender":	true
			}
		}, {
			"streams":	[{
					"socket":	6,
					"start":	9.000222,
					"end":	10.000254,
					"seconds":	1.0000319480895996,
					"bytes":	5242880,
					"bits_per_second":	41941700.042809069,
					"retransmits":	0,
					"snd_cwnd":	970160,
					"snd_wnd":	3143552,
					"rtt":	200145,
					"rttvar":	6,
					"pmtu":	1500,
					"omitted":	false,
					"sender":	true
				}],
			"sum":	{
				"start":	9.000222,
				"end":	10.000254,
				"seconds":	1.0000319480895996,
				"bytes":	5242880,
				"bits_per_second":	41941700.042809069,
				"retransmits":	0,
				"omitted":	false,
				"sender":	true
			}
		}],
	"end":	{
		"streams":	[{
				"sender":	{
					"socket":	6,
					"start":	0,
					"end":	10.000254,
					"seconds":	10.000254,
					"bytes":	43253760,
					"bits_per_second":	34602129.1059207,
					"retransmits":	742,
					"max_snd_cwnd":	970160,
					"max_snd_wnd":	3143552,
					"max_rtt":	205201,
					"min_rtt":	200103,
					"mean_rtt":	200686,
					"sender":	true
				},
				"receiver":	{
					"socket":	6,
					"start":	0,
					"end":	10.200408,
					"seconds":	10.000254,
					"bytes":	40866904,
					"bits_per_second":	32051191.677823085,
					"sender":	true
				}
			}],
		"sum_sent":	{
			"start":	0,
			"end":	10.000254,
			"seconds":	10.000254,
			"bytes":	43253760,
			"bits_per_second":	34602129.1059207,
			"retransmits":	742,
			"sender":	true
		},
		"sum_received":	{
			"start":	0,
			"end":	10.200408,
			"seconds":	10.200408,
			"bytes":	40866904,
			"bits_per_second":	32051191.677823085,
			"sender":	true
		},
		"cpu_utilization_percent":	{
			"host_total":	1.949956324155774,
			"host_user":	0.19484009363804736,
			"host_system":	1.7551162305177264,
			"remote_total":	0.780173987004649,
			"remote_user":	0.034086841743822829,
			"remote_system":	0.74607734174004847
		},
		"sender_tcp_congestion":	"cubic",
		"receiver_tcp_congestion":	"cubic"
	}
}
