{
	"start":	{
		"connected":	[{
				"socket":	6,
				"local_host":	"192.168.101.210",
				"local_port":	40114,
				"remote_host":	"192.168.100.168",
				"remote_port":	5202
			}],
		"version":	"iperf 3.11",
		"system_info":	"Linux f1 6.0.10-300.fc37.x86_64 #1 SMP PREEMPT_DYNAMIC Sat Nov 26 16:55:13 UTC 2022 x86_64",
		"timestamp":	{
			"time":	"Fri, 09 Dec 2022 23:32:03 GMT",
			"timesecs":	1670628723
		},
		"connecting_to":	{
			"host":	"192.168.100.168",
			"port":	5202
		},
		"cookie":	"2toqfu3kfoplraqq5jy6oqdywai5t4bqbl4u",
		"tcp_mss_default":	1448,
		"target_bitrate":	0,
		"sock_bufsize":	0,
		"sndbuf_actual":	16384,
		"rcvbuf_actual":	131072,
		"test_start":	{
			"protocol":	"TCP",
			"num_streams":	1,
			"blksize":	131072,
			"omit":	0,
			"duration":	10,
			"bytes":	0,
			"blocks":	0,
			"reverse":	0,
			"tos":	0,
			"target_bitrate":	0
		}
	},
	"intervals":	[{
			"streams":	[{
					"socket":	6,
					"start":	0,
					"end":	1.000135,
					"seconds":	1.0001349449157715,
					"bytes":	6946816,
					"bits_per_second":	55567029.511882849,
					"retransmits":	15,
					"snd_cwnd":	3120440,
					"snd_wnd":	3141248,
					"rtt":	101308,
					"rttvar":	267,
					"pmtu":	1500,
					"omitted":	false,
					"sender":	true
				}],
			"sum":	{
				"start":	0,
				"end":	1.000135,
				"seconds":	1.0001349449157715,
				"bytes":	6946816,
				"bits_per_second":	55567029.511882849,
				"retransmits":	15,
				"omitted":	false,
				"sender":	true
			}
		}, {
			"streams":	[{
					"socket":	6,
					"start":	1.000135,
					"end":	2.000075,
					"seconds":	0.99993997812271118,
					"bytes":	22282240,
					"bits_per_second":	178268620.01723513,
					"retransmits":	675,
					"snd_cwnd":	7396384,
					"snd_wnd":	3145728,
					"rtt":	101570,
					"rttvar":	847,
					"pmtu":	1500,
					"omitted":	false,
					"sender":	true
				}],
			"sum":	{
				"start":	1.000135,
				"end":	2.000075,
				"seconds":	0.99993997812271118,
				"bytes":	22282240,
				"bits_per_second":	178268620.01723513,
				"retransmits":	675,
				"omitted":	false,
				"sender":	true
			}
		}, {
			"streams":	[{
					"socket":	6,
					"start":	2.000075,
					"end":	3.000068,
					"seconds":	0.99999302625656128,
					"bytes":	30146560,
					"bits_per_second":	241174161.886729,
					"retransmits":	0,
					"snd_cwnd":	6660800,
					"snd_wnd":	3145728,
					"rtt":	102790,
					"rttvar":	1244,
					"pmtu":	1500,
					"omitted":	false,
					"sender":	true
				}],
			"sum":	{
				"start":	2.000075,
				"end":	3.000068,
				"seconds":	0.99999302625656128,
				"bytes":	30146560,
				"bits_per_second":	241174161.886729,
				"retransmits":	0,
				"omitted":	false,
				"sender":	true
			}
		}, {
			"streams":	[{
					"socket":	6,
					"start":	3.000068,
					"end":	4.000077,
					"seconds":	1.0000089406967163,
					"bytes":	28835840,
					"bits_per_second":	230684657.51844,
					"retransmits":	0,
					"snd_cwnd":	6686864,
					"snd_wnd":	3145728,
					"rtt":	100155,
					"rttvar":	133,
					"pmtu":	1500,
					"omitted":	false,
					"sender":	true
				}],
			"sum":	{
				"start":	3.000068,
				"end":	4.000077,
				"seconds":	1.0000089406967163,
				"bytes":	28835840,
				"bits_per_second":	230684657.51844,
				"retransmits":	0,
				"omitted":	false,
				"sender":	true
			}
		}, {
			"streams":	[{
					"socket":	6,
					"start":	4.000077,
					"end":	5.000069,
					"seconds":	0.9999920129776,
					"bytes":	30146560,
					"bits_per_second":	241174406.26538512,
					"retransmits":	0,
					"snd_cwnd":	6686864,
					"snd_wnd":	3145728,
					"rtt":	100369,
					"rttvar":	353,
					"pmtu":	1500,
					"omitted":	false,
					"sender":	true
				}],
			"sum":	{
				"start":	4.000077,
				"end":	5.000069,
				"seconds":	0.9999920129776,
				"bytes":	30146560,
				"bits_per_second":	241174406.26538512,
				"retransmits":	0,
				"omitted":	false,
				"sender":	true
			}
		}, {
			"streams":	[{
					"socket":	6,
					"start":	5.000069,
					"end":	6.000068,
					"seconds":	0.99999898672103882,
					"bytes":	30146560,
					"bits_per_second":	241172724.37524763,
					"retransmits":	0,
					"snd_cwnd":	6715824,
					"snd_wnd":	3145728,
					"rtt":	100431,
					"rttvar":	434,
					"pmtu":	1500,
					"omitted":	false,
					"sender":	true
				}],
			"sum":	{
				"start":	5.000069,
				"end":	6.000068,
				"seconds":	0.99999898672103882,
				"bytes":	30146560,
				"bits_per_second":	241172724.37524763,
				"retransmits":	0,
				"omitted":	false,
				"sender":	true
			}
		}, {
			"streams":	[{
					"socket":	6,
					"start":	6.000068,
					"end":	7.000075,
					"seconds":	1.0000070333480835,
					"bytes":	28835840,
					"bits_per_second":	230685097.51141152,
					"retransmits":	0,
					"snd_cwnd":	6695552,
					"snd_wnd":	3145728,
					"rtt":	100099,
					"rttvar":	26,
					"pmtu":	1500,
					"omitted":	false,
					"sender":	true
				}],
			"sum":	{
				"start":	6.000068,
				"end":	7.000075,
				"seconds":	1.0000070333480835,
				"bytes":	28835840,
				"bits_per_second":	230685097.51141152,
				"retransmits":	0,
				"omitted":	false,
				"sender":	true
			}
		}, {
			"streams":	[{
					"socket":	6,
					"start":	7.000075,
					"end":	8.00007,
					"seconds":	0.999994993209839,
					"bytes":	30146560,
					"bits_per_second":	241173687.50604573,
					"retransmits":	0,
					"snd_cwnd":	6744784,
					"snd_wnd":	3145728,
					"rtt":	100410,
					"rttvar":	357,
					"pmtu":	1500,
					"omitted":	false,
					"sender":	true
				}],
			"sum":	{
				"start":	7.000075,
				"end":	8.00007,
				"seconds":	0.999994993209839,
				"bytes":	30146560,
				"bits_per_second":	241173687.50604573,
				"retransmits":	0,
				"omitted":	false,
				"sender":	true
			}
		}, {
			"streams":	[{
					"socket":	6,
					"start":	8.00007,
					"end":	9.000073,
					"seconds":	1.0000029802322388,
					"bytes":	30146560,
					"bits_per_second":	241171761.252142,
					"retransmits":	0,
					"snd_cwnd":	6695552,
					"snd_wnd":	3145728,
					"rtt":	101226,
					"rttvar":	587,
					"pmtu":	1500,
					"omitted":	false,
					"sender":	true
				}],
			"sum":	{
				"start":	8.00007,
				"end":	9.000073,
				"seconds":	1.0000029802322388,
				"bytes":	30146560,
				"bits_per_second":	241171761.252142,
				"retransmits":	0,
				"omitted":	false,
				"sender":	true
			}
		}, {
			"streams":	[{
					"socket":	6,
					"start":	9.000073,
					"end":	10.00007,
					"seconds":	0.99999701976776123,
					"bytes":	30146560,
					"bits_per_second":	241173198.752142,
					"retransmits":	0,
					"snd_cwnd":	6695552,
					"snd_wnd":	3145728,
					"rtt":	101413,
					"rttvar":	628,
					"pmtu":	1500,
					"omitted":	false,
					"sender":	true
				}],
			"sum":	{
				"start":	9.000073,
				"end":	10.00007,
				"seconds":	0.99999701976776123,
				"bytes":	30146560,
				"bits_per_second":	241173198.752142,
				"retransmits":	0,
				"omitted":	false,
				"sender":	true
			}
		}],
	"end":	{
		"streams":	[{
				"sender":	{
					"socket":	6,
					"start":	0,
					"end":	10.00007,
					"seconds":	10.00007,
					"bytes":	267780096,
					"bits_per_second":	214222577.24195933,
					"retransmits":	690,
					"max_snd_cwnd":	7396384,
					"max_snd_wnd":	3145728,
					"max_rtt":	102790,
					"min_rtt":	100099,
					"mean_rtt":	100977,
					"sender":	true
				},
				"receiver":	{
					"socket":	6,
					"start":	0,
					"end":	10.100162,
					"seconds":	10.00007,
					"bytes":	266637064,
					"bits_per_second":	211194286.98272365,
					"sender":	true
				}
			}],
		"sum_sent":	{
			"start":	0,
			"end":	10.00007,
			"seconds":	10.00007,
			"bytes":	267780096,
			"bits_per_second":	214222577.24195933,
			"retransmits":	690,
			"sender":	true
		},
		"sum_received":	{
			"start":	0,
			"end":	10.100162,
			"seconds":	10.100162,
			"bytes":	266637064,
			"bits_per_second":	211194286.98272365,
			"sender":	true
		},
		"cpu_utilization_percent":	{
			"host_total":	2.0681315382921071,
			"host_user":	0.17499700278455016,
			"host_system":	1.8931345355075573,
			"remote_total":	1.8051764642517121,
			"remote_user":	0.14345294577044995,
			"remote_system":	1.6617235184812622
		},
		"sender_tcp_congestion":	"bbr",
		"receiver_tcp_congestion":	"bbr"
	}
}
