{
	"start":	{
		"connected":	[{
				"socket":	6,
				"local_host":	"192.168.101.210",
				"local_port":	38792,
				"remote_host":	"192.168.100.168",
				"remote_port":	5201
			}],
		"version":	"iperf 3.11",
		"system_info":	"Linux f1 6.0.10-300.fc37.x86_64 #1 SMP PREEMPT_DYNAMIC Sat Nov 26 16:55:13 UTC 2022 x86_64",
		"timestamp":	{
			"time":	"Fri, 09 Dec 2022 23:28:53 GMT",
			"timesecs":	1670628533
		},
		"connecting_to":	{
			"host":	"192.168.100.168",
			"port":	5201
		},
		"cookie":	"oopnn2xip7hewz52lqdv3bymptatxtwgxgmx",
		"tcp_mss_default":	1448,
		"target_bitrate":	0,
		"sock_bufsize":	0,
		"sndbuf_actual":	16384,
		"rcvbuf_actual":	131072,
		"test_start":	{
			"protocol":	"TCP",
			"num_streams":	1,
			"blksize":	131072,
			"omit":	0,
			"duration":	10,
			"bytes":	0,
			"blocks":	0,
			"reverse":	0,
			"tos":	0,
			"target_bitrate":	0
		}
	},
	"intervals":	[{
			"streams":	[{
					"socket":	6,
					"start":	0,
					"end":	1.000065,
					"seconds":	1.0000649690628052,
					"bytes":	47448064,
					"bits_per_second":	379559852.3521142,
					"retransmits":	0,
					"snd_cwnd":	3302888,
					"snd_wnd":	3143552,
					"rtt":	56413,
					"rttvar":	390,
					"pmtu":	1500,
					"omitted":	false,
					"sender":	true
				}],
			"sum":	{
				"start":	0,
				"end":	1.000065,
				"seconds":	1.0000649690628052,
				"bytes":	47448064,
				"bits_per_second":	379559852.3521142,
				"retransmits":	0,
				"omitted":	false,
				"sender":	true
			}
		}, {
			"streams":	[{
					"socket":	6,
					"start":	1.000065,
					"end":	2.000083,
					"seconds":	1.0000180006027222,
					"bytes":	56360960,
					"bits_per_second":	450879563.89609474,
					"retransmits":	0,
					"snd_cwnd":	3302888,
					"snd_wnd":	3143552,
					"rtt":	52292,
					"rttvar":	975,
					"pmtu":	1500,
					"omitted":	false,
					"sender":	true
				}],
			"sum":	{
				"start":	1.000065,
				"end":	2.000083,
				"seconds":	1.0000180006027222,
				"bytes":	56360960,
				"bits_per_second":	450879563.89609474,
				"retransmits":	0,
				"omitted":	false,
				"sender":	true
			}
		}, {
			"streams":	[{
					"socket":	6,
					"start":	2.000083,
					"end":	3.000075,
					"seconds":	0.9999920129776,
					"bytes":	58982400,
					"bits_per_second":	471862968.78010136,
					"retransmits":	0,
					"snd_cwnd":	3302888,
					"snd_wnd":	3143552,
					"rtt":	52070,
					"rttvar":	1287,
					"pmtu":	1500,
					"omitted":	false,
					"sender":	true
				}],
			"sum":	{
				"start":	2.000083,
				"end":	3.000075,
				"seconds":	0.9999920129776,
				"bytes":	58982400,
				"bits_per_second":	471862968.78010136,
				"retransmits":	0,
				"omitted":	false,
				"sender":	true
			}
		}, {
			"streams":	[{
					"socket":	6,
					"start":	3.000075,
					"end":	4.000075,
					"seconds":	1,
					"bytes":	58982400,
					"bits_per_second":	471859200,
					"retransmits":	0,
					"snd_cwnd":	3302888,
					"snd_wnd":	3143552,
					"rtt":	52057,
					"rttvar":	1269,
					"pmtu":	1500,
					"omitted":	false,
					"sender":	true
				}],
			"sum":	{
				"start":	3.000075,
				"end":	4.000075,
				"seconds":	1,
				"bytes":	58982400,
				"bits_per_second":	471859200,
				"retransmits":	0,
				"omitted":	false,
				"sender":	true
			}
		}, {
			"streams":	[{
					"socket":	6,
					"start":	4.000075,
					"end":	5.000075,
					"seconds":	1,
					"bytes":	58982400,
					"bits_per_second":	471859200,
					"retransmits":	0,
					"snd_cwnd":	3302888,
					"snd_wnd":	3143552,
					"rtt":	52164,
					"rttvar":	1258,
					"pmtu":	1500,
					"omitted":	false,
					"sender":	true
				}],
			"sum":	{
				"start":	4.000075,
				"end":	5.000075,
				"seconds":	1,
				"bytes":	58982400,
				"bits_per_second":	471859200,
				"retransmits":	0,
				"omitted":	false,
				"sender":	true
			}
		}, {
			"streams":	[{
					"socket":	6,
					"start":	5.000075,
					"end":	6.000087,
					"seconds":	1.0000120401382446,
					"bytes":	58982400,
					"bits_per_second":	471853518.81840223,
					"retransmits":	0,
					"snd_cwnd":	3302888,
					"snd_wnd":	3143552,
					"rtt":	51801,
					"rttvar":	580,
					"pmtu":	1500,
					"omitted":	false,
					"sender":	true
				}],
			"sum":	{
				"start":	5.000075,
				"end":	6.000087,
				"seconds":	1.0000120401382446,
				"bytes":	58982400,
				"bits_per_second":	471853518.81840223,
				"retransmits":	0,
				"omitted":	false,
				"sender":	true
			}
		}, {
			"streams":	[{
					"socket":	6,
					"start":	6.000087,
					"end":	7.000083,
					"seconds":	0.9999960064888,
					"bytes":	58982400,
					"bits_per_second":	471861084.38252532,
					"retransmits":	0,
					"snd_cwnd":	3302888,
					"snd_wnd":	3143552,
					"rtt":	52500,
					"rttvar":	983,
					"pmtu":	1500,
					"omitted":	false,
					"sender":	true
				}],
			"sum":	{
				"start":	6.000087,
				"end":	7.000083,
				"seconds":	0.9999960064888,
				"bytes":	58982400,
				"bits_per_second":	471861084.38252532,
				"retransmits":	0,
				"omitted":	false,
				"sender":	true
			}
		}, {
			"streams":	[{
					"socket":	6,
					"start":	7.000083,
					"end":	8.000081,
					"seconds":	0.99999797344207764,
					"bytes":	58982400,
					"bits_per_second":	471860156.251938,
					"retransmits":	0,
					"snd_cwnd":	3302888,
					"snd_wnd":	3143552,
					"rtt":	51816,
					"rttvar":	362,
					"pmtu":	1500,
					"omitted":	false,
					"sender":	true
				}],
			"sum":	{
				"start":	7.000083,
				"end":	8.000081,
				"seconds":	0.99999797344207764,
				"bytes":	58982400,
				"bits_per_second":	471860156.251938,
				"retransmits":	0,
				"omitted":	false,
				"sender":	true
			}
		}, {
			"streams":	[{
					"socket":	6,
					"start":	8.000081,
					"end":	9.000068,
					"seconds":	0.999987006187439,
					"bytes":	60293120,
					"bits_per_second":	482351227.58143979,
					"retransmits":	0,
					"snd_cwnd":	3302888,
					"snd_wnd":	3143552,
					"rtt":	52776,
					"rttvar":	676,
					"pmtu":	1500,
					"omitted":	false,
					"sender":	true
				}],
			"sum":	{
				"start":	8.000081,
				"end":	9.000068,
				"seconds":	0.999987006187439,
				"bytes":	60293120,
				"bits_per_second":	482351227.58143979,
				"retransmits":	0,
				"omitted":	false,
				"sender":	true
			}
		}, {
			"streams":	[{
					"socket":	6,
					"start":	9.000068,
					"end":	10.000076,
					"seconds":	1.0000079870224,
					"bytes":	58982400,
					"bits_per_second":	471855431.28010082,
					"retransmits":	0,
					"snd_cwnd":	3302888,
					"snd_wnd":	3143552,
					"rtt":	51929,
					"rttvar":	760,
					"pmtu":	1500,
					"omitted":	false,
					"sender":	true
				}],
			"sum":	{
				"start":	9.000068,
				"end":	10.000076,
				"seconds":	1.0000079870224,
				"bytes":	58982400,
				"bits_per_second":	471855431.28010082,
				"retransmits":	0,
				"omitted":	false,
				"sender":	true
			}
		}],
	"end":	{
		"streams":	[{
				"sender":	{
					"socket":	6,
					"start":	0,
					"end":	10.000076,
					"seconds":	10.000076,
					"bytes":	576978944,
					"bits_per_second":	461579647.19468135,
					"retransmits":	0,
					"max_snd_cwnd":	3302888,
					"max_snd_wnd":	3143552,
					"max_rtt":	56413,
					"min_rtt":	51801,
					"mean_rtt":	52581,
					"sender":	true
				},
				"receiver":	{
					"socket":	6,
					"start":	0,
					"end":	10.052477,
					"seconds":	10.000076,
					"bytes":	576188944,
					"bits_per_second":	458544849.393836,
					"sender":	true
				}
			}],
		"sum_sent":	{
			"start":	0,
			"end":	10.000076,
			"seconds":	10.000076,
			"bytes":	576978944,
			"bits_per_second":	461579647.19468135,
			"retransmits":	0,
			"sender":	true
		},
		"sum_received":	{
			"start":	0,
			"end":	10.052477,
			"seconds":	10.052477,
			"bytes":	576188944,
			"bits_per_second":	458544849.393836,
			"sender":	true
		},
		"cpu_utilization_percent":	{
			"host_total":	1.166972539924527,
			"host_user":	0.019778520407329966,
			"host_system":	1.1472039784902117,
			"remote_total":	2.6848464356055759,
			"remote_user":	0.10937585333309857,
			"remote_system":	2.5754606344913644
		},
		"sender_tcp_congestion":	"cubic",
		"receiver_tcp_congestion":	"cubic"
	}
}
