{
	"start":	{
		"connected":	[{
				"socket":	6,
				"local_host":	"192.168.101.210",
				"local_port":	45752,
				"remote_host":	"192.168.100.168",
				"remote_port":	5201
			}],
		"version":	"iperf 3.11",
		"system_info":	"Linux f1 6.0.10-300.fc37.x86_64 #1 SMP PREEMPT_DYNAMIC Sat Nov 26 16:55:13 UTC 2022 x86_64",
		"timestamp":	{
			"time":	"Fri, 09 Dec 2022 23:34:38 GMT",
			"timesecs":	1670628878
		},
		"connecting_to":	{
			"host":	"192.168.100.168",
			"port":	5201
		},
		"cookie":	"ormy36yyajp4he6olhib26wodjg6ixrkatju",
		"tcp_mss_default":	1448,
		"target_bitrate":	0,
		"sock_bufsize":	0,
		"sndbuf_actual":	16384,
		"rcvbuf_actual":	131072,
		"test_start":	{
			"protocol":	"TCP",
			"num_streams":	1,
			"blksize":	131072,
			"omit":	0,
			"duration":	10,
			"bytes":	0,
			"blocks":	0,
			"reverse":	0,
			"tos":	0,
			"target_bitrate":	0
		}
	},
	"intervals":	[{
			"streams":	[{
					"socket":	6,
					"start":	0,
					"end":	1.00023,
					"seconds":	1.0002299547195435,
					"bytes":	1183016,
					"bits_per_second":	9461952.1794402432,
					"retransmits":	0,
					"snd_cwnd":	231680,
					"snd_wnd":	434816,
					"rtt":	200126,
					"rttvar":	17,
					"pmtu":	1500,
					"omitted":	false,
					"sender":	true
				}],
			"sum":	{
				"start":	0,
				"end":	1.00023,
				"seconds":	1.0002299547195435,
				"bytes":	1183016,
				"bits_per_second":	9461952.1794402432,
				"retransmits":	0,
				"omitted":	false,
				"sender":	true
			}
		}, {
			"streams":	[{
					"socket":	6,
					"start":	1.00023,
					"end":	2.000183,
					"seconds":	0.99995297193527222,
					"bytes":	9171672,
					"bits_per_second":	73376826.770158872,
					"retransmits":	0,
					"snd_cwnd":	6374096,
					"snd_wnd":	3142784,
					"rtt":	221423,
					"rttvar":	905,
					"pmtu":	1500,
					"omitted":	false,
					"sender":	true
				}],
			"sum":	{
				"start":	1.00023,
				"end":	2.000183,
				"seconds":	0.99995297193527222,
				"bytes":	9171672,
				"bits_per_second":	73376826.770158872,
				"retransmits":	0,
				"omitted":	false,
				"sender":	true
			}
		}, {
			"streams":	[{
					"socket":	6,
					"start":	2.000183,
					"end":	3.00019,
					"seconds":	1.0000070333480835,
					"bytes":	14417920,
					"bits_per_second":	115342548.75570576,
					"retransmits":	0,
					"snd_cwnd":	6374096,
					"snd_wnd":	3143552,
					"rtt":	200199,
					"rttvar":	76,
					"pmtu":	1500,
					"omitted":	false,
					"sender":	true
				}],
			"sum":	{
				"start":	2.000183,
				"end":	3.00019,
				"seconds":	1.0000070333480835,
				"bytes":	14417920,
				"bits_per_second":	115342548.75570576,
				"retransmits":	0,
				"omitted":	false,
				"sender":	true
			}
		}, {
			"streams":	[{
					"socket":	6,
					"start":	3.00019,
					"end":	4.000178,
					"seconds":	0.9999880194664,
					"bytes":	15728640,
					"bits_per_second":	125830627.51806088,
					"retransmits":	0,
					"snd_cwnd":	6374096,
					"snd_wnd":	3143552,
					"rtt":	201582,
					"rttvar":	1354,
					"pmtu":	1500,
					"omitted":	false,
					"sender":	true
				}],
			"sum":	{
				"start":	3.00019,
				"end":	4.000178,
				"seconds":	0.9999880194664,
				"bytes":	15728640,
				"bits_per_second":	125830627.51806088,
				"retransmits":	0,
				"omitted":	false,
				"sender":	true
			}
		}, {
			"streams":	[{
					"socket":	6,
					"start":	4.000178,
					"end":	5.000172,
					"seconds":	0.99999397993087769,
					"bytes":	15728640,
					"bits_per_second":	125829877.50456023,
					"retransmits":	0,
					"snd_cwnd":	6374096,
					"snd_wnd":	3143552,
					"rtt":	200165,
					"rttvar":	146,
					"pmtu":	1500,
					"omitted":	false,
					"sender":	true
				}],
			"sum":	{
				"start":	4.000178,
				"end":	5.000172,
				"seconds":	0.99999397993087769,
				"bytes":	15728640,
				"bits_per_second":	125829877.50456023,
				"retransmits":	0,
				"omitted":	false,
				"sender":	true
			}
		}, {
			"streams":	[{
					"socket":	6,
					"start":	5.000172,
					"end":	6.000185,
					"seconds":	1.000012993812561,
					"bytes":	14417920,
					"bits_per_second":	115341861.26947422,
					"retransmits":	0,
					"snd_cwnd":	6374096,
					"snd_wnd":	3143552,
					"rtt":	203953,
					"rttvar":	1204,
					"pmtu":	1500,
					"omitted":	false,
					"sender":	true
				}],
			"sum":	{
				"start":	5.000172,
				"end":	6.000185,
				"seconds":	1.000012993812561,
				"bytes":	14417920,
				"bits_per_second":	115341861.26947422,
				"retransmits":	0,
				"omitted":	false,
				"sender":	true
			}
		}, {
			"streams":	[{
					"socket":	6,
					"start":	6.000185,
					"end":	7.000165,
					"seconds":	0.99997997283935547,
					"bytes":	15728640,
					"bits_per_second":	125831640.05046946,
					"retransmits":	0,
					"snd_cwnd":	6374096,
					"snd_wnd":	3143552,
					"rtt":	201221,
					"rttvar":	752,
					"pmtu":	1500,
					"omitted":	false,
					"sender":	true
				}],
			"sum":	{
				"start":	6.000185,
				"end":	7.000165,
				"seconds":	0.99997997283935547,
				"bytes":	15728640,
				"bits_per_second":	125831640.05046946,
				"retransmits":	0,
				"omitted":	false,
				"sender":	true
			}
		}, {
			"streams":	[{
					"socket":	6,
					"start":	7.000165,
					"end":	8.000152,
					"seconds":	0.999987006187439,
					"bytes":	15728640,
					"bits_per_second":	125830755.02124517,
					"retransmits":	0,
					"snd_cwnd":	6374096,
					"snd_wnd":	3143552,
					"rtt":	200297,
					"rttvar":	175,
					"pmtu":	1500,
					"omitted":	false,
					"sender":	true
				}],
			"sum":	{
				"start":	7.000165,
				"end":	8.000152,
				"seconds":	0.999987006187439,
				"bytes":	15728640,
				"bits_per_second":	125830755.02124517,
				"retransmits":	0,
				"omitted":	false,
				"sender":	true
			}
		}, {
			"streams":	[{
					"socket":	6,
					"start":	8.000152,
					"end":	9.000164,
					"seconds":	1.0000120401382446,
					"bytes":	14417920,
					"bits_per_second":	115341971.26672053,
					"retransmits":	0,
					"snd_cwnd":	6374096,
					"snd_wnd":	3143552,
					"rtt":	200963,
					"rttvar":	585,
					"pmtu":	1500,
					"omitted":	false,
					"sender":	true
				}],
			"sum":	{
				"start":	8.000152,
				"end":	9.000164,
				"seconds":	1.0000120401382446,
				"bytes":	14417920,
				"bits_per_second":	115341971.26672053,
				"retransmits":	0,
				"omitted":	false,
				"sender":	true
			}
		}, {
			"streams":	[{
					"socket":	6,
					"start":	9.000164,
					"end":	10.00017,
					"seconds":	1.0000059604644775,
					"bytes":	15728640,
					"bits_per_second":	125828370.00447032,
					"retransmits":	0,
					"snd_cwnd":	6374096,
					"snd_wnd":	3143552,
					"rtt":	201964,
					"rttvar":	1457,
					"pmtu":	1500,
					"omitted":	false,
					"sender":	true
				}],
			"sum":	{
				"start":	9.000164,
				"end":	10.00017,
				"seconds":	1.0000059604644775,
				"bytes":	15728640,
				"bits_per_second":	125828370.00447032,
				"retransmits":	0,
				"omitted":	false,
				"sender":	true
			}
		}],
	"end":	{
		"streams":	[{
				"sender":	{
					"socket":	6,
					"start":	0,
					"end":	10.00017,
					"seconds":	10.00017,
					"bytes":	132251648,
					"bits_per_second":	105799519.80816326,
					"retransmits":	0,
					"max_snd_cwnd":	6374096,
					"max_snd_wnd":	3143552,
					"max_rtt":	221423,
					"min_rtt":	200126,
					"mean_rtt":	203189,
					"sender":	true
				},
				"receiver":	{
					"socket":	6,
					"start":	0,
					"end":	10.20028,
					"seconds":	10.00017,
					"bytes":	131984072,
					"bits_per_second":	103514077.65277033,
					"sender":	true
				}
			}],
		"sum_sent":	{
			"start":	0,
			"end":	10.00017,
			"seconds":	10.00017,
			"bytes":	132251648,
			"bits_per_second":	105799519.80816326,
			"retransmits":	0,
			"sender":	true
		},
		"sum_received":	{
			"start":	0,
			"end":	10.20028,
			"seconds":	10.20028,
			"bytes":	131984072,
			"bits_per_second":	103514077.65277033,
			"sender":	true
		},
		"cpu_utilization_percent":	{
			"host_total":	2.47750792138901,
			"host_user":	0.248483122516002,
			"host_system":	2.2290247988730072,
			"remote_total":	0.62157007569778844,
			"remote_user":	0.066782362632934841,
			"remote_system":	0.554777909429705
		},
		"sender_tcp_congestion":	"cubic",
		"receiver_tcp_congestion":	"cubic"
	}
}
