{
	"start":	{
		"connected":	[{
				"socket":	6,
				"local_host":	"192.168.101.210",
				"local_port":	50008,
				"remote_host":	"192.168.100.168",
				"remote_port":	5202
			}],
		"version":	"iperf 3.11",
		"system_info":	"Linux f1 6.0.10-300.fc37.x86_64 #1 SMP PREEMPT_DYNAMIC Sat Nov 26 16:55:13 UTC 2022 x86_64",
		"timestamp":	{
			"time":	"Fri, 09 Dec 2022 23:05:58 GMT",
			"timesecs":	1670627158
		},
		"connecting_to":	{
			"host":	"192.168.100.168",
			"port":	5202
		},
		"cookie":	"tugnzng7c5zpm7eaiey4qyga44kl6g2iqnsu",
		"tcp_mss_default":	1448,
		"target_bitrate":	0,
		"sock_bufsize":	0,
		"sndbuf_actual":	16384,
		"rcvbuf_actual":	131072,
		"test_start":	{
			"protocol":	"TCP",
			"num_streams":	1,
			"blksize":	131072,
			"omit":	0,
			"duration":	10,
			"bytes":	0,
			"blocks":	0,
			"reverse":	0,
			"tos":	0,
			"target_bitrate":	0
		}
	},
	"intervals":	[{
			"streams":	[{
					"socket":	6,
					"start":	0,
					"end":	1.000267,
					"seconds":	1.0002670288085938,
					"bytes":	4582920,
					"bits_per_second":	36653572.44022058,
					"retransmits":	0,
					"snd_cwnd":	344624,
					"snd_wnd":	1144192,
					"rtt":	102041,
					"rttvar":	1169,
					"pmtu":	1500,
					"omitted":	false,
					"sender":	true
				}],
			"sum":	{
				"start":	0,
				"end":	1.000267,
				"seconds":	1.0002670288085938,
				"bytes":	4582920,
				"bits_per_second":	36653572.44022058,
				"retransmits":	0,
				"omitted":	false,
				"sender":	true
			}
		}, {
			"streams":	[{
					"socket":	6,
					"start":	1.000267,
					"end":	2.000246,
					"seconds":	0.999979019165039,
					"bytes":	1042560,
					"bits_per_second":	8340654.9939058935,
					"retransmits":	0,
					"snd_cwnd":	104256,
					"snd_wnd":	1144192,
					"rtt":	130155,
					"rttvar":	1795,
					"pmtu":	1500,
					"omitted":	false,
					"sender":	true
				}],
			"sum":	{
				"start":	1.000267,
				"end":	2.000246,
				"seconds":	0.999979019165039,
				"bytes":	1042560,
				"bits_per_second":	8340654.9939058935,
				"retransmits":	0,
				"omitted":	false,
				"sender":	true
			}
		}, {
			"streams":	[{
					"socket":	6,
					"start":	2.000246,
					"end":	3.001032,
					"seconds":	1.0007859468460083,
					"bytes":	0,
					"bits_per_second":	0,
					"retransmits":	0,
					"snd_cwnd":	75296,
					"snd_wnd":	1144192,
					"rtt":	176562,
					"rttvar":	2778,
					"pmtu":	1500,
					"omitted":	false,
					"sender":	true
				}],
			"sum":	{
				"start":	2.000246,
				"end":	3.001032,
				"seconds":	1.0007859468460083,
				"bytes":	0,
				"bits_per_second":	0,
				"retransmits":	0,
				"omitted":	false,
				"sender":	true
			}
		}, {
			"streams":	[{
					"socket":	6,
					"start":	3.001032,
					"end":	4.001026,
					"seconds":	0.99999397993087769,
					"bytes":	0,
					"bits_per_second":	0,
					"retransmits":	0,
					"snd_cwnd":	40544,
					"snd_wnd":	1144192,
					"rtt":	220477,
					"rttvar":	9085,
					"pmtu":	1500,
					"omitted":	false,
					"sender":	true
				}],
			"sum":	{
				"start":	3.001032,
				"end":	4.001026,
				"seconds":	0.99999397993087769,
				"bytes":	0,
				"bits_per_second":	0,
				"retransmits":	0,
				"omitted":	false,
				"sender":	true
			}
		}, {
			"streams":	[{
					"socket":	6,
					"start":	4.001026,
					"end":	5.001036,
					"seconds":	1.0000100135803223,
					"bytes":	0,
					"bits_per_second":	0,
					"retransmits":	0,
					"snd_cwnd":	37648,
					"snd_wnd":	1144192,
					"rtt":	269277,
					"rttvar":	9018,
					"pmtu":	1500,
					"omitted":	false,
					"sender":	true
				}],
			"sum":	{
				"start":	4.001026,
				"end":	5.001036,
				"seconds":	1.0000100135803223,
				"bytes":	0,
				"bits_per_second":	0,
				"retransmits":	0,
				"omitted":	false,
				"sender":	true
			}
		}, {
			"streams":	[{
					"socket":	6,
					"start":	5.001036,
					"end":	6.001033,
					"seconds":	0.99999701976776123,
					"bytes":	0,
					"bits_per_second":	0,
					"retransmits":	0,
					"snd_cwnd":	28960,
					"snd_wnd":	1144192,
					"rtt":	313558,
					"rttvar":	13294,
					"pmtu":	1500,
					"omitted":	false,
					"sender":	true
				}],
			"sum":	{
				"start":	5.001036,
				"end":	6.001033,
				"seconds":	0.99999701976776123,
				"bytes":	0,
				"bits_per_second":	0,
				"retransmits":	0,
				"omitted":	false,
				"sender":	true
			}
		}, {
			"streams":	[{
					"socket":	6,
					"start":	6.001033,
					"end":	7.001045,
					"seconds":	1.0000120401382446,
					"bytes":	0,
					"bits_per_second":	0,
					"retransmits":	0,
					"snd_cwnd":	14480,
					"snd_wnd":	1144192,
					"rtt":	348772,
					"rttvar":	15929,
					"pmtu":	1500,
					"omitted":	false,
					"sender":	true
				}],
			"sum":	{
				"start":	6.001033,
				"end":	7.001045,
				"seconds":	1.0000120401382446,
				"bytes":	0,
				"bits_per_second":	0,
				"retransmits":	0,
				"omitted":	false,
				"sender":	true
			}
		}, {
			"streams":	[{
					"socket":	6,
					"start":	7.001045,
					"end":	8.001034,
					"seconds":	0.99998897314071655,
					"bytes":	0,
					"bits_per_second":	0,
					"retransmits":	0,
					"snd_cwnd":	20272,
					"snd_wnd":	1143680,
					"rtt":	387970,
					"rttvar":	22349,
					"pmtu":	1500,
					"omitted":	false,
					"sender":	true
				}],
			"sum":	{
				"start":	7.001045,
				"end":	8.001034,
				"seconds":	0.99998897314071655,
				"bytes":	0,
				"bits_per_second":	0,
				"retransmits":	0,
				"omitted":	false,
				"sender":	true
			}
		}, {
			"streams":	[{
					"socket":	6,
					"start":	8.001034,
					"end":	9.00063,
					"seconds":	0.9995959997177124,
					"bytes":	1042560,
					"bits_per_second":	8343850.91812629,
					"retransmits":	0,
					"snd_cwnd":	17376,
					"snd_wnd":	1144192,
					"rtt":	440340,
					"rttvar":	33706,
					"pmtu":	1500,
					"omitted":	false,
					"sender":	true
				}],
			"sum":	{
				"start":	8.001034,
				"end":	9.00063,
				"seconds":	0.9995959997177124,
				"bytes":	1042560,
				"bits_per_second":	8343850.91812629,
				"retransmits":	0,
				"omitted":	false,
				"sender":	true
			}
		}, {
			"streams":	[{
					"socket":	6,
					"start":	9.00063,
					"end":	10.001039,
					"seconds":	1.0004090070724487,
					"bytes":	0,
					"bits_per_second":	0,
					"retransmits":	0,
					"snd_cwnd":	17376,
					"snd_wnd":	1144192,
					"rtt":	472877,
					"rttvar":	22889,
					"pmtu":	1500,
					"omitted":	false,
					"sender":	true
				}],
			"sum":	{
				"start":	9.00063,
				"end":	10.001039,
				"seconds":	1.0004090070724487,
				"bytes":	0,
				"bits_per_second":	0,
				"retransmits":	0,
				"omitted":	false,
				"sender":	true
			}
		}],
	"end":	{
		"streams":	[{
				"sender":	{
					"socket":	6,
					"start":	0,
					"end":	10.001039,
					"seconds":	10.001039,
					"bytes":	6668040,
					"bits_per_second":	5333877.81009553,
					"retransmits":	0,
					"max_snd_cwnd":	344624,
					"max_snd_wnd":	1144192,
					"max_rtt":	472877,
					"min_rtt":	102041,
					"mean_rtt":	286202,
					"sender":	true
				},
				"receiver":	{
					"socket":	6,
					"start":	0,
					"end":	10.477013,
					"seconds":	10.001039,
					"bytes":	3677920,
					"bits_per_second":	2808372.95897218,
					"sender":	true
				}
			}],
		"sum_sent":	{
			"start":	0,
			"end":	10.001039,
			"seconds":	10.001039,
			"bytes":	6668040,
			"bits_per_second":	5333877.81009553,
			"retransmits":	0,
			"sender":	true
		},
		"sum_received":	{
			"start":	0,
			"end":	10.477013,
			"seconds":	10.477013,
			"bytes":	3677920,
			"bits_per_second":	2808372.95897218,
			"sender":	true
		},
		"cpu_utilization_percent":	{
			"host_total":	0.269507359631666,
			"host_user":	0.045000384077189218,
			"host_system":	0.2245069755544768,
			"remote_total":	0.2715370318899718,
			"remote_user":	0.059940685446554287,
			"remote_system":	0.21159634644341754
		},
		"sender_tcp_congestion":	"bbr",
		"receiver_tcp_congestion":	"bbr"
	}
}
