{
	"start":	{
		"connected":	[{
				"socket":	6,
				"local_host":	"192.168.101.210",
				"local_port":	52300,
				"remote_host":	"192.168.100.168",
				"remote_port":	5202
			}],
		"version":	"iperf 3.11",
		"system_info":	"Linux f1 6.0.10-300.fc37.x86_64 #1 SMP PREEMPT_DYNAMIC Sat Nov 26 16:55:13 UTC 2022 x86_64",
		"timestamp":	{
			"time":	"Fri, 09 Dec 2022 23:09:56 GMT",
			"timesecs":	1670627396
		},
		"connecting_to":	{
			"host":	"192.168.100.168",
			"port":	5202
		},
		"cookie":	"sehqknogw22v5ha4cbkyqk5vpc6tjqap6ein",
		"tcp_mss_default":	1448,
		"target_bitrate":	0,
		"sock_bufsize":	0,
		"sndbuf_actual":	16384,
		"rcvbuf_actual":	131072,
		"test_start":	{
			"protocol":	"TCP",
			"num_streams":	1,
			"blksize":	131072,
			"omit":	0,
			"duration":	10,
			"bytes":	0,
			"blocks":	0,
			"reverse":	0,
			"tos":	0,
			"target_bitrate":	0
		}
	},
	"intervals":	[{
			"streams":	[{
					"socket":	6,
					"start":	0,
					"end":	1.000131,
					"seconds":	1.0001310110092163,
					"bytes":	3874848,
					"bits_per_second":	30994723.350013535,
					"retransmits":	0,
					"snd_cwnd":	600920,
					"snd_wnd":	793472,
					"rtt":	153795,
					"rttvar":	4397,
					"pmtu":	1500,
					"omitted":	false,
					"sender":	true
				}],
			"sum":	{
				"start":	0,
				"end":	1.000131,
				"seconds":	1.0001310110092163,
				"bytes":	3874848,
				"bits_per_second":	30994723.350013535,
				"retransmits":	0,
				"omitted":	false,
				"sender":	true
			}
		}, {
			"streams":	[{
					"socket":	6,
					"start":	1.000131,
					"end":	2.000105,
					"seconds":	0.999974012374878,
					"bytes":	2547680,
					"bits_per_second":	20381969.678987268,
					"retransmits":	0,
					"snd_cwnd":	1036768,
					"snd_wnd":	3141248,
					"rtt":	504882,
					"rttvar":	3085,
					"pmtu":	1500,
					"omitted":	false,
					"sender":	true
				}],
			"sum":	{
				"start":	1.000131,
				"end":	2.000105,
				"seconds":	0.999974012374878,
				"bytes":	2547680,
				"bits_per_second":	20381969.678987268,
				"retransmits":	0,
				"omitted":	false,
				"sender":	true
			}
		}, {
			"streams":	[{
					"socket":	6,
					"start":	2.000105,
					"end":	3.000313,
					"seconds":	1.0002080202102661,
					"bytes":	1310720,
					"bits_per_second":	10483579.203649715,
					"retransmits":	0,
					"snd_cwnd":	946992,
					"snd_wnd":	3141248,
					"rtt":	539522,
					"rttvar":	485,
					"pmtu":	1500,
					"omitted":	false,
					"sender":	true
				}],
			"sum":	{
				"start":	2.000105,
				"end":	3.000313,
				"seconds":	1.0002080202102661,
				"bytes":	1310720,
				"bits_per_second":	10483579.203649715,
				"retransmits":	0,
				"omitted":	false,
				"sender":	true
			}
		}, {
			"streams":	[{
					"socket":	6,
					"start":	3.000313,
					"end":	4.000412,
					"seconds":	1.0000989437103271,
					"bytes":	1310720,
					"bits_per_second":	10484722.602643944,
					"retransmits":	0,
					"snd_cwnd":	946992,
					"snd_wnd":	3143808,
					"rtt":	559207,
					"rttvar":	4329,
					"pmtu":	1500,
					"omitted":	false,
					"sender":	true
				}],
			"sum":	{
				"start":	3.000313,
				"end":	4.000412,
				"seconds":	1.0000989437103271,
				"bytes":	1310720,
				"bits_per_second":	10484722.602643944,
				"retransmits":	0,
				"omitted":	false,
				"sender":	true
			}
		}, {
			"streams":	[{
					"socket":	6,
					"start":	4.000412,
					"end":	5.000602,
					"seconds":	1.0001900196075439,
					"bytes":	1310720,
					"bits_per_second":	10483767.878542138,
					"retransmits":	0,
					"snd_cwnd":	949888,
					"snd_wnd":	3143936,
					"rtt":	595688,
					"rttvar":	674,
					"pmtu":	1500,
					"omitted":	false,
					"sender":	true
				}],
			"sum":	{
				"start":	4.000412,
				"end":	5.000602,
				"seconds":	1.0001900196075439,
				"bytes":	1310720,
				"bits_per_second":	10483767.878542138,
				"retransmits":	0,
				"omitted":	false,
				"sender":	true
			}
		}, {
			"streams":	[{
					"socket":	6,
					"start":	5.000602,
					"end":	6.000756,
					"seconds":	1.0001540184020996,
					"bytes":	1310720,
					"bits_per_second":	10484145.248701414,
					"retransmits":	0,
					"snd_cwnd":	946992,
					"snd_wnd":	3143936,
					"rtt":	615532,
					"rttvar":	3493,
					"pmtu":	1500,
					"omitted":	false,
					"sender":	true
				}],
			"sum":	{
				"start":	5.000602,
				"end":	6.000756,
				"seconds":	1.0001540184020996,
				"bytes":	1310720,
				"bits_per_second":	10484145.248701414,
				"retransmits":	0,
				"omitted":	false,
				"sender":	true
			}
		}, {
			"streams":	[{
					"socket":	6,
					"start":	6.000756,
					"end":	7.000132,
					"seconds":	0.99937599897384644,
					"bytes":	2621440,
					"bits_per_second":	20984614.4209321,
					"retransmits":	0,
					"snd_cwnd":	946992,
					"snd_wnd":	3143936,
					"rtt":	530853,
					"rttvar":	7881,
					"pmtu":	1500,
					"omitted":	false,
					"sender":	true
				}],
			"sum":	{
				"start":	6.000756,
				"end":	7.000132,
				"seconds":	0.99937599897384644,
				"bytes":	2621440,
				"bits_per_second":	20984614.4209321,
				"retransmits":	0,
				"omitted":	false,
				"sender":	true
			}
		}, {
			"streams":	[{
					"socket":	6,
					"start":	7.000132,
					"end":	8.000264,
					"seconds":	1.0001319646835327,
					"bytes":	1310720,
					"bits_per_second":	10484376.432582036,
					"retransmits":	0,
					"snd_cwnd":	787712,
					"snd_wnd":	3143936,
					"rtt":	676870,
					"rttvar":	8911,
					"pmtu":	1500,
					"omitted":	false,
					"sender":	true
				}],
			"sum":	{
				"start":	7.000132,
				"end":	8.000264,
				"seconds":	1.0001319646835327,
				"bytes":	1310720,
				"bits_per_second":	10484376.432582036,
				"retransmits":	0,
				"omitted":	false,
				"sender":	true
			}
		}, {
			"streams":	[{
					"socket":	6,
					"start":	8.000264,
					"end":	9.000399,
					"seconds":	1.0001349449157715,
					"bytes":	1310720,
					"bits_per_second":	10484345.190921292,
					"retransmits":	0,
					"snd_cwnd":	787712,
					"snd_wnd":	3143936,
					"rtt":	509849,
					"rttvar":	27817,
					"pmtu":	1500,
					"omitted":	false,
					"sender":	true
				}],
			"sum":	{
				"start":	8.000264,
				"end":	9.000399,
				"seconds":	1.0001349449157715,
				"bytes":	1310720,
				"bits_per_second":	10484345.190921292,
				"retransmits":	0,
				"omitted":	false,
				"sender":	true
			}
		}, {
			"streams":	[{
					"socket":	6,
					"start":	9.000399,
					"end":	10.000307,
					"seconds":	0.9999079704284668,
					"bytes":	1310720,
					"bits_per_second":	10486725.08881671,
					"retransmits":	0,
					"snd_cwnd":	683456,
					"snd_wnd":	3143936,
					"rtt":	525601,
					"rttvar":	7743,
					"pmtu":	1500,
					"omitted":	false,
					"sender":	true
				}],
			"sum":	{
				"start":	9.000399,
				"end":	10.000307,
				"seconds":	0.9999079704284668,
				"bytes":	1310720,
				"bits_per_second":	10486725.08881671,
				"retransmits":	0,
				"omitted":	false,
				"sender":	true
			}
		}],
	"end":	{
		"streams":	[{
				"sender":	{
					"socket":	6,
					"start":	0,
					"end":	10.000307,
					"seconds":	10.000307,
					"bytes":	18219008,
					"bits_per_second":	14574758.954900086,
					"retransmits":	0,
					"max_snd_cwnd":	1036768,
					"max_snd_wnd":	3143936,
					"max_rtt":	676870,
					"min_rtt":	153795,
					"mean_rtt":	521179,
					"sender":	true
				},
				"receiver":	{
					"socket":	6,
					"start":	0,
					"end":	10.529506,
					"seconds":	10.000307,
					"bytes":	15253232,
					"bits_per_second":	11588944.058724122,
					"sender":	true
				}
			}],
		"sum_sent":	{
			"start":	0,
			"end":	10.000307,
			"seconds":	10.000307,
			"bytes":	18219008,
			"bits_per_second":	14574758.954900086,
			"retransmits":	0,
			"sender":	true
		},
		"sum_received":	{
			"start":	0,
			"end":	10.529506,
			"seconds":	10.529506,
			"bytes":	15253232,
			"bits_per_second":	11588944.058724122,
			"sender":	true
		},
		"cpu_utilization_percent":	{
			"host_total":	1.4466987048486182,
			"host_user":	0.15482050376986464,
			"host_system":	1.2918876338761562,
			"remote_total":	0.871008530494938,
			"remote_user":	0.0777623439173569,
			"remote_system":	0.79323668946669734
		},
		"sender_tcp_congestion":	"bbr",
		"receiver_tcp_congestion":	"bbr"
	}
}
