{
	"start":	{
		"connected":	[{
				"socket":	6,
				"local_host":	"192.168.101.210",
				"local_port":	44064,
				"remote_host":	"192.168.100.168",
				"remote_port":	5202
			}],
		"version":	"iperf 3.11",
		"system_info":	"Linux f1 6.0.10-300.fc37.x86_64 #1 SMP PREEMPT_DYNAMIC Sat Nov 26 16:55:13 UTC 2022 x86_64",
		"timestamp":	{
			"time":	"Fri, 09 Dec 2022 23:34:24 GMT",
			"timesecs":	1670628864
		},
		"connecting_to":	{
			"host":	"192.168.100.168",
			"port":	5202
		},
		"cookie":	"uk6xrpijgfav3ggkxqlw4jusfnd6zu7mftsc",
		"tcp_mss_default":	1448,
		"target_bitrate":	0,
		"sock_bufsize":	0,
		"sndbuf_actual":	16384,
		"rcvbuf_actual":	131072,
		"test_start":	{
			"protocol":	"TCP",
			"num_streams":	1,
			"blksize":	131072,
			"omit":	0,
			"duration":	10,
			"bytes":	0,
			"blocks":	0,
			"reverse":	0,
			"tos":	0,
			"target_bitrate":	0
		}
	},
	"intervals":	[{
			"streams":	[{
					"socket":	6,
					"start":	0,
					"end":	1.00018,
					"seconds":	1.0001800060272217,
					"bytes":	1384288,
					"bits_per_second":	11072310.917299613,
					"retransmits":	0,
					"snd_cwnd":	209960,
					"snd_wnd":	337280,
					"rtt":	200100,
					"rttvar":	11,
					"pmtu":	1500,
					"omitted":	false,
					"sender":	true
				}],
			"sum":	{
				"start":	0,
				"end":	1.00018,
				"seconds":	1.0001800060272217,
				"bytes":	1384288,
				"bits_per_second":	11072310.917299613,
				"retransmits":	0,
				"omitted":	false,
				"sender":	true
			}
		}, {
			"streams":	[{
					"socket":	6,
					"start":	1.00018,
					"end":	2.000079,
					"seconds":	0.99989902973175049,
					"bytes":	8183968,
					"bits_per_second":	65478355.367105953,
					"retransmits":	0,
					"snd_cwnd":	5847024,
					"snd_wnd":	3143552,
					"rtt":	200113,
					"rttvar":	17,
					"pmtu":	1500,
					"omitted":	false,
					"sender":	true
				}],
			"sum":	{
				"start":	1.00018,
				"end":	2.000079,
				"seconds":	0.99989902973175049,
				"bytes":	8183968,
				"bits_per_second":	65478355.367105953,
				"retransmits":	0,
				"omitted":	false,
				"sender":	true
			}
		}, {
			"streams":	[{
					"socket":	6,
					"start":	2.000079,
					"end":	3.000107,
					"seconds":	1.0000280141830444,
					"bytes":	14417920,
					"bits_per_second":	115340128.8405183,
					"retransmits":	0,
					"snd_cwnd":	9207832,
					"snd_wnd":	3143552,
					"rtt":	200098,
					"rttvar":	17,
					"pmtu":	1500,
					"omitted":	false,
					"sender":	true
				}],
			"sum":	{
				"start":	2.000079,
				"end":	3.000107,
				"seconds":	1.0000280141830444,
				"bytes":	14417920,
				"bits_per_second":	115340128.8405183,
				"retransmits":	0,
				"omitted":	false,
				"sender":	true
			}
		}, {
			"streams":	[{
					"socket":	6,
					"start":	3.000107,
					"end":	4.000074,
					"seconds":	0.99996697902679443,
					"bytes":	15728640,
					"bits_per_second":	125833275.13720667,
					"retransmits":	0,
					"snd_cwnd":	9207832,
					"snd_wnd":	3143552,
					"rtt":	200093,
					"rttvar":	18,
					"pmtu":	1500,
					"omitted":	false,
					"sender":	true
				}],
			"sum":	{
				"start":	3.000107,
				"end":	4.000074,
				"seconds":	0.99996697902679443,
				"bytes":	15728640,
				"bits_per_second":	125833275.13720667,
				"retransmits":	0,
				"omitted":	false,
				"sender":	true
			}
		}, {
			"streams":	[{
					"socket":	6,
					"start":	4.000074,
					"end":	5.000069,
					"seconds":	0.999994993209839,
					"bytes":	15728640,
					"bits_per_second":	125829750.00315429,
					"retransmits":	0,
					"snd_cwnd":	9207832,
					"snd_wnd":	3143552,
					"rtt":	200116,
					"rttvar":	18,
					"pmtu":	1500,
					"omitted":	false,
					"sender":	true
				}],
			"sum":	{
				"start":	4.000074,
				"end":	5.000069,
				"seconds":	0.999994993209839,
				"bytes":	15728640,
				"bits_per_second":	125829750.00315429,
				"retransmits":	0,
				"omitted":	false,
				"sender":	true
			}
		}, {
			"streams":	[{
					"socket":	6,
					"start":	5.000069,
					"end":	6.000079,
					"seconds":	1.0000100135803223,
					"bytes":	14417920,
					"bits_per_second":	115342205.01156557,
					"retransmits":	0,
					"snd_cwnd":	9207832,
					"snd_wnd":	3143552,
					"rtt":	200091,
					"rttvar":	10,
					"pmtu":	1500,
					"omitted":	false,
					"sender":	true
				}],
			"sum":	{
				"start":	5.000069,
				"end":	6.000079,
				"seconds":	1.0000100135803223,
				"bytes":	14417920,
				"bits_per_second":	115342205.01156557,
				"retransmits":	0,
				"omitted":	false,
				"sender":	true
			}
		}, {
			"streams":	[{
					"socket":	6,
					"start":	6.000079,
					"end":	7.000074,
					"seconds":	0.999994993209839,
					"bytes":	15728640,
					"bits_per_second":	125829750.00315429,
					"retransmits":	0,
					"snd_cwnd":	9207832,
					"snd_wnd":	3143552,
					"rtt":	200088,
					"rttvar":	9,
					"pmtu":	1500,
					"omitted":	false,
					"sender":	true
				}],
			"sum":	{
				"start":	6.000079,
				"end":	7.000074,
				"seconds":	0.999994993209839,
				"bytes":	15728640,
				"bits_per_second":	125829750.00315429,
				"retransmits":	0,
				"omitted":	false,
				"sender":	true
			}
		}, {
			"streams":	[{
					"socket":	6,
					"start":	7.000074,
					"end":	8.000083,
					"seconds":	1.0000089406967163,
					"bytes":	14417920,
					"bits_per_second":	115342328.75922,
					"retransmits":	0,
					"snd_cwnd":	9207832,
					"snd_wnd":	3143552,
					"rtt":	200093,
					"rttvar":	9,
					"pmtu":	1500,
					"omitted":	false,
					"sender":	true
				}],
			"sum":	{
				"start":	7.000074,
				"end":	8.000083,
				"seconds":	1.0000089406967163,
				"bytes":	14417920,
				"bits_per_second":	115342328.75922,
				"retransmits":	0,
				"omitted":	false,
				"sender":	true
			}
		}, {
			"streams":	[{
					"socket":	6,
					"start":	8.000083,
					"end":	9.000079,
					"seconds":	0.9999960064888,
					"bytes":	15728640,
					"bits_per_second":	125829622.50200675,
					"retransmits":	0,
					"snd_cwnd":	9207832,
					"snd_wnd":	3143552,
					"rtt":	200086,
					"rttvar":	11,
					"pmtu":	1500,
					"omitted":	false,
					"sender":	true
				}],
			"sum":	{
				"start":	8.000083,
				"end":	9.000079,
				"seconds":	0.9999960064888,
				"bytes":	15728640,
				"bits_per_second":	125829622.50200675,
				"retransmits":	0,
				"omitted":	false,
				"sender":	true
			}
		}, {
			"streams":	[{
					"socket":	6,
					"start":	9.000079,
					"end":	10.000079,
					"seconds":	1,
					"bytes":	15728640,
					"bits_per_second":	125829120,
					"retransmits":	0,
					"snd_cwnd":	9207832,
					"snd_wnd":	3143552,
					"rtt":	200087,
					"rttvar":	12,
					"pmtu":	1500,
					"omitted":	false,
					"sender":	true
				}],
			"sum":	{
				"start":	9.000079,
				"end":	10.000079,
				"seconds":	1,
				"bytes":	15728640,
				"bits_per_second":	125829120,
				"retransmits":	0,
				"omitted":	false,
				"sender":	true
			}
		}],
	"end":	{
		"streams":	[{
				"sender":	{
					"socket":	6,
					"start":	0,
					"end":	10.000079,
					"seconds":	10.000079,
					"bytes":	131465216,
					"bits_per_second":	105171341.94639863,
					"retransmits":	0,
					"max_snd_cwnd":	9207832,
					"max_snd_wnd":	3143552,
					"max_rtt":	200116,
					"min_rtt":	200086,
					"mean_rtt":	200096,
					"sender":	true
				},
				"receiver":	{
					"socket":	6,
					"start":	0,
					"end":	10.200192,
					"seconds":	10.000079,
					"bytes":	130458296,
					"bits_per_second":	102318306.16521728,
					"sender":	true
				}
			}],
		"sum_sent":	{
			"start":	0,
			"end":	10.000079,
			"seconds":	10.000079,
			"bytes":	131465216,
			"bits_per_second":	105171341.94639863,
			"retransmits":	0,
			"sender":	true
		},
		"sum_received":	{
			"start":	0,
			"end":	10.200192,
			"seconds":	10.200192,
			"bytes":	130458296,
			"bits_per_second":	102318306.16521728,
			"sender":	true
		},
		"cpu_utilization_percent":	{
			"host_total":	1.9989403199019233,
			"host_user":	0.250579255063222,
			"host_system":	1.748379581003267,
			"remote_total":	1.1303201984038167,
			"remote_user":	0.089478576268109067,
			"remote_system":	1.0408416221357077
		},
		"sender_tcp_congestion":	"bbr",
		"receiver_tcp_congestion":	"bbr"
	}
}
