{
	"start":	{
		"connected":	[{
				"socket":	6,
				"local_host":	"192.168.101.210",
				"local_port":	52970,
				"remote_host":	"192.168.100.168",
				"remote_port":	5202
			}],
		"version":	"iperf 3.11",
		"system_info":	"Linux f1 6.0.10-300.fc37.x86_64 #1 SMP PREEMPT_DYNAMIC Sat Nov 26 16:55:13 UTC 2022 x86_64",
		"timestamp":	{
			"time":	"Fri, 09 Dec 2022 23:06:20 GMT",
			"timesecs":	1670627180
		},
		"connecting_to":	{
			"host":	"192.168.100.168",
			"port":	5202
		},
		"cookie":	"7gu65yj5hmh37k3omqyzw6uteqiplxifuhlw",
		"tcp_mss_default":	1448,
		"target_bitrate":	0,
		"sock_bufsize":	0,
		"sndbuf_actual":	16384,
		"rcvbuf_actual":	131072,
		"test_start":	{
			"protocol":	"TCP",
			"num_streams":	1,
			"blksize":	131072,
			"omit":	0,
			"duration":	10,
			"bytes":	0,
			"blocks":	0,
			"reverse":	0,
			"tos":	0,
			"target_bitrate":	0
		}
	},
	"intervals":	[{
			"streams":	[{
					"socket":	6,
					"start":	0,
					"end":	1.000106,
					"seconds":	1.0001059770584106,
					"bytes":	5024560,
					"bits_per_second":	40192220.546695471,
					"retransmits":	0,
					"snd_cwnd":	266432,
					"snd_wnd":	1405440,
					"rtt":	120687,
					"rttvar":	296,
					"pmtu":	1500,
					"omitted":	false,
					"sender":	true
				}],
			"sum":	{
				"start":	0,
				"end":	1.000106,
				"seconds":	1.0001059770584106,
				"bytes":	5024560,
				"bits_per_second":	40192220.546695471,
				"retransmits":	0,
				"omitted":	false,
				"sender":	true
			}
		}, {
			"streams":	[{
					"socket":	6,
					"start":	1.000106,
					"end":	2.000566,
					"seconds":	1.0004600286483765,
					"bytes":	1042560,
					"bits_per_second":	8336644.9045125823,
					"retransmits":	0,
					"snd_cwnd":	136112,
					"snd_wnd":	1405440,
					"rtt":	131474,
					"rttvar":	1199,
					"pmtu":	1500,
					"omitted":	false,
					"sender":	true
				}],
			"sum":	{
				"start":	1.000106,
				"end":	2.000566,
				"seconds":	1.0004600286483765,
				"bytes":	1042560,
				"bits_per_second":	8336644.9045125823,
				"retransmits":	0,
				"omitted":	false,
				"sender":	true
			}
		}, {
			"streams":	[{
					"socket":	6,
					"start":	2.000566,
					"end":	3.00072,
					"seconds":	1.0001540184020996,
					"bytes":	1042560,
					"bits_per_second":	8339195.6104172878,
					"retransmits":	0,
					"snd_cwnd":	92672,
					"snd_wnd":	1405440,
					"rtt":	170967,
					"rttvar":	1243,
					"pmtu":	1500,
					"omitted":	false,
					"sender":	true
				}],
			"sum":	{
				"start":	2.000566,
				"end":	3.00072,
				"seconds":	1.0001540184020996,
				"bytes":	1042560,
				"bits_per_second":	8339195.6104172878,
				"retransmits":	0,
				"omitted":	false,
				"sender":	true
			}
		}, {
			"streams":	[{
					"socket":	6,
					"start":	3.00072,
					"end":	4.001034,
					"seconds":	1.0003139972686768,
					"bytes":	0,
					"bits_per_second":	0,
					"retransmits":	0,
					"snd_cwnd":	72400,
					"snd_wnd":	1405440,
					"rtt":	206057,
					"rttvar":	1810,
					"pmtu":	1500,
					"omitted":	false,
					"sender":	true
				}],
			"sum":	{
				"start":	3.00072,
				"end":	4.001034,
				"seconds":	1.0003139972686768,
				"bytes":	0,
				"bits_per_second":	0,
				"retransmits":	0,
				"omitted":	false,
				"sender":	true
			}
		}, {
			"streams":	[{
					"socket":	6,
					"start":	4.001034,
					"end":	5.000848,
					"seconds":	0.999813973903656,
					"bytes":	1042560,
					"bits_per_second":	8342031.8356179576,
					"retransmits":	0,
					"snd_cwnd":	60816,
					"snd_wnd":	1405440,
					"rtt":	248625,
					"rttvar":	2485,
					"pmtu":	1500,
					"omitted":	false,
					"sender":	true
				}],
			"sum":	{
				"start":	4.001034,
				"end":	5.000848,
				"seconds":	0.999813973903656,
				"bytes":	1042560,
				"bits_per_second":	8342031.8356179576,
				"retransmits":	0,
				"omitted":	false,
				"sender":	true
			}
		}, {
			"streams":	[{
					"socket":	6,
					"start":	5.000848,
					"end":	6.001045,
					"seconds":	1.0001970529556274,
					"bytes":	0,
					"bits_per_second":	0,
					"retransmits":	0,
					"snd_cwnd":	52128,
					"snd_wnd":	1405440,
					"rtt":	285138,
					"rttvar":	4338,
					"pmtu":	1500,
					"omitted":	false,
					"sender":	true
				}],
			"sum":	{
				"start":	5.000848,
				"end":	6.001045,
				"seconds":	1.0001970529556274,
				"bytes":	0,
				"bits_per_second":	0,
				"retransmits":	0,
				"omitted":	false,
				"sender":	true
			}
		}, {
			"streams":	[{
					"socket":	6,
					"start":	6.001045,
					"end":	7.001036,
					"seconds":	0.999990999698639,
					"bytes":	0,
					"bits_per_second":	0,
					"retransmits":	0,
					"snd_cwnd":	43440,
					"snd_wnd":	1405440,
					"rtt":	329404,
					"rttvar":	7515,
					"pmtu":	1500,
					"omitted":	false,
					"sender":	true
				}],
			"sum":	{
				"start":	6.001045,
				"end":	7.001036,
				"seconds":	0.999990999698639,
				"bytes":	0,
				"bits_per_second":	0,
				"retransmits":	0,
				"omitted":	false,
				"sender":	true
			}
		}, {
			"streams":	[{
					"socket":	6,
					"start":	7.001036,
					"end":	8.001037,
					"seconds":	1.0000009536743164,
					"bytes":	0,
					"bits_per_second":	0,
					"retransmits":	0,
					"snd_cwnd":	37648,
					"snd_wnd":	1405440,
					"rtt":	378931,
					"rttvar":	8342,
					"pmtu":	1500,
					"omitted":	false,
					"sender":	true
				}],
			"sum":	{
				"start":	7.001036,
				"end":	8.001037,
				"seconds":	1.0000009536743164,
				"bytes":	0,
				"bits_per_second":	0,
				"retransmits":	0,
				"omitted":	false,
				"sender":	true
			}
		}, {
			"streams":	[{
					"socket":	6,
					"start":	8.001037,
					"end":	9.001039,
					"seconds":	1.0000020265579224,
					"bytes":	0,
					"bits_per_second":	0,
					"retransmits":	0,
					"snd_cwnd":	37648,
					"snd_wnd":	1405440,
					"rtt":	414458,
					"rttvar":	11122,
					"pmtu":	1500,
					"omitted":	false,
					"sender":	true
				}],
			"sum":	{
				"start":	8.001037,
				"end":	9.001039,
				"seconds":	1.0000020265579224,
				"bytes":	0,
				"bits_per_second":	0,
				"retransmits":	0,
				"omitted":	false,
				"sender":	true
			}
		}, {
			"streams":	[{
					"socket":	6,
					"start":	9.001039,
					"end":	10.001036,
					"seconds":	0.99999701976776123,
					"bytes":	0,
					"bits_per_second":	0,
					"retransmits":	0,
					"snd_cwnd":	31856,
					"snd_wnd":	1404800,
					"rtt":	445284,
					"rttvar":	14651,
					"pmtu":	1500,
					"omitted":	false,
					"sender":	true
				}],
			"sum":	{
				"start":	9.001039,
				"end":	10.001036,
				"seconds":	0.99999701976776123,
				"bytes":	0,
				"bits_per_second":	0,
				"retransmits":	0,
				"omitted":	false,
				"sender":	true
			}
		}],
	"end":	{
		"streams":	[{
				"sender":	{
					"socket":	6,
					"start":	0,
					"end":	10.001036,
					"seconds":	10.001036,
					"bytes":	8152240,
					"bits_per_second":	6521116.4123396818,
					"retransmits":	0,
					"max_snd_cwnd":	266432,
					"max_snd_wnd":	1405440,
					"max_rtt":	445284,
					"min_rtt":	120687,
					"mean_rtt":	273102,
					"sender":	true
				},
				"receiver":	{
					"socket":	6,
					"start":	0,
					"end":	10.503137,
					"seconds":	10.001036,
					"bytes":	5965760,
					"bits_per_second":	4543983.3832501657,
					"sender":	true
				}
			}],
		"sum_sent":	{
			"start":	0,
			"end":	10.001036,
			"seconds":	10.001036,
			"bytes":	8152240,
			"bits_per_second":	6521116.4123396818,
			"retransmits":	0,
			"sender":	true
		},
		"sum_received":	{
			"start":	0,
			"end":	10.503137,
			"seconds":	10.503137,
			"bytes":	5965760,
			"bits_per_second":	4543983.3832501657,
			"sender":	true
		},
		"cpu_utilization_percent":	{
			"host_total":	0.27276069458503449,
			"host_user":	0.0404463871556687,
			"host_system":	0.23232420620253169,
			"remote_total":	0.40383107778863375,
			"remote_user":	0.052298576218153134,
			"remote_system":	0.35154202252009253
		},
		"sender_tcp_congestion":	"bbr",
		"receiver_tcp_congestion":	"bbr"
	}
}
