{
	"start":	{
		"connected":	[{
				"socket":	6,
				"local_host":	"192.168.101.210",
				"local_port":	52506,
				"remote_host":	"192.168.100.168",
				"remote_port":	5202
			}],
		"version":	"iperf 3.11",
		"system_info":	"Linux f1 6.0.10-300.fc37.x86_64 #1 SMP PREEMPT_DYNAMIC Sat Nov 26 16:55:13 UTC 2022 x86_64",
		"timestamp":	{
			"time":	"Fri, 09 Dec 2022 23:09:17 GMT",
			"timesecs":	1670627357
		},
		"connecting_to":	{
			"host":	"192.168.100.168",
			"port":	5202
		},
		"cookie":	"w3ja5m3letrz7bx4h24qqbaw4e5qw4ny2ptb",
		"tcp_mss_default":	1448,
		"target_bitrate":	0,
		"sock_bufsize":	0,
		"sndbuf_actual":	16384,
		"rcvbuf_actual":	131072,
		"test_start":	{
			"protocol":	"TCP",
			"num_streams":	1,
			"blksize":	131072,
			"omit":	0,
			"duration":	10,
			"bytes":	0,
			"blocks":	0,
			"reverse":	0,
			"tos":	0,
			"target_bitrate":	0
		}
	},
	"intervals":	[{
			"streams":	[{
					"socket":	6,
					"start":	0,
					"end":	1.000384,
					"seconds":	1.0003839731216431,
					"bytes":	4325376,
					"bits_per_second":	34589726.4747487,
					"retransmits":	0,
					"snd_cwnd":	913688,
					"snd_wnd":	2136576,
					"rtt":	239542,
					"rttvar":	7660,
					"pmtu":	1500,
					"omitted":	false,
					"sender":	true
				}],
			"sum":	{
				"start":	0,
				"end":	1.000384,
				"seconds":	1.0003839731216431,
				"bytes":	4325376,
				"bits_per_second":	34589726.4747487,
				"retransmits":	0,
				"omitted":	false,
				"sender":	true
			}
		}, {
			"streams":	[{
					"socket":	6,
					"start":	1.000384,
					"end":	2.000174,
					"seconds":	0.9997900128364563,
					"bytes":	3932160,
					"bits_per_second":	31463887.01238779,
					"retransmits":	0,
					"snd_cwnd":	929616,
					"snd_wnd":	3142144,
					"rtt":	306473,
					"rttvar":	2059,
					"pmtu":	1500,
					"omitted":	false,
					"sender":	true
				}],
			"sum":	{
				"start":	1.000384,
				"end":	2.000174,
				"seconds":	0.9997900128364563,
				"bytes":	3932160,
				"bits_per_second":	31463887.01238779,
				"retransmits":	0,
				"omitted":	false,
				"sender":	true
			}
		}, {
			"streams":	[{
					"socket":	6,
					"start":	2.000174,
					"end":	3.000079,
					"seconds":	0.999904990196228,
					"bytes":	2621440,
					"bits_per_second":	20973512.689325023,
					"retransmits":	0,
					"snd_cwnd":	929616,
					"snd_wnd":	3143936,
					"rtt":	324707,
					"rttvar":	288,
					"pmtu":	1500,
					"omitted":	false,
					"sender":	true
				}],
			"sum":	{
				"start":	2.000174,
				"end":	3.000079,
				"seconds":	0.999904990196228,
				"bytes":	2621440,
				"bits_per_second":	20973512.689325023,
				"retransmits":	0,
				"omitted":	false,
				"sender":	true
			}
		}, {
			"streams":	[{
					"socket":	6,
					"start":	3.000079,
					"end":	4.000093,
					"seconds":	1.0000139474868774,
					"bytes":	2621440,
					"bits_per_second":	20971227.504079584,
					"retransmits":	0,
					"snd_cwnd":	929616,
					"snd_wnd":	3143936,
					"rtt":	349064,
					"rttvar":	138,
					"pmtu":	1500,
					"omitted":	false,
					"sender":	true
				}],
			"sum":	{
				"start":	3.000079,
				"end":	4.000093,
				"seconds":	1.0000139474868774,
				"bytes":	2621440,
				"bits_per_second":	20971227.504079584,
				"retransmits":	0,
				"omitted":	false,
				"sender":	true
			}
		}, {
			"streams":	[{
					"socket":	6,
					"start":	4.000093,
					"end":	5.000109,
					"seconds":	1.0000159740448,
					"bytes":	2621440,
					"bits_per_second":	20971185.005351219,
					"retransmits":	0,
					"snd_cwnd":	657392,
					"snd_wnd":	3143936,
					"rtt":	378160,
					"rttvar":	329,
					"pmtu":	1500,
					"omitted":	false,
					"sender":	true
				}],
			"sum":	{
				"start":	4.000093,
				"end":	5.000109,
				"seconds":	1.0000159740448,
				"bytes":	2621440,
				"bits_per_second":	20971185.005351219,
				"retransmits":	0,
				"omitted":	false,
				"sender":	true
			}
		}, {
			"streams":	[{
					"socket":	6,
					"start":	5.000109,
					"end":	6.000417,
					"seconds":	1.0003080368041992,
					"bytes":	1310720,
					"bits_per_second":	10482530.994652487,
					"retransmits":	0,
					"snd_cwnd":	596576,
					"snd_wnd":	3143936,
					"rtt":	365645,
					"rttvar":	453,
					"pmtu":	1500,
					"omitted":	false,
					"sender":	true
				}],
			"sum":	{
				"start":	5.000109,
				"end":	6.000417,
				"seconds":	1.0003080368041992,
				"bytes":	1310720,
				"bits_per_second":	10482530.994652487,
				"retransmits":	0,
				"omitted":	false,
				"sender":	true
			}
		}, {
			"streams":	[{
					"socket":	6,
					"start":	6.000417,
					"end":	7.000673,
					"seconds":	1.0002559423446655,
					"bytes":	1310720,
					"bits_per_second":	10483076.93670951,
					"retransmits":	0,
					"snd_cwnd":	521280,
					"snd_wnd":	3143936,
					"rtt":	390656,
					"rttvar":	503,
					"pmtu":	1500,
					"omitted":	false,
					"sender":	true
				}],
			"sum":	{
				"start":	6.000417,
				"end":	7.000673,
				"seconds":	1.0002559423446655,
				"bytes":	1310720,
				"bits_per_second":	10483076.93670951,
				"retransmits":	0,
				"omitted":	false,
				"sender":	true
			}
		}, {
			"streams":	[{
					"socket":	6,
					"start":	7.000673,
					"end":	8.000845,
					"seconds":	1.0001720190048218,
					"bytes":	1310720,
					"bits_per_second":	10483956.560225915,
					"retransmits":	0,
					"snd_cwnd":	521280,
					"snd_wnd":	3143936,
					"rtt":	414706,
					"rttvar":	348,
					"pmtu":	1500,
					"omitted":	false,
					"sender":	true
				}],
			"sum":	{
				"start":	7.000673,
				"end":	8.000845,
				"seconds":	1.0001720190048218,
				"bytes":	1310720,
				"bits_per_second":	10483956.560225915,
				"retransmits":	0,
				"omitted":	false,
				"sender":	true
			}
		}, {
			"streams":	[{
					"socket":	6,
					"start":	8.000845,
					"end":	9.000721,
					"seconds":	0.99987602233886719,
					"bytes":	1310720,
					"bits_per_second":	10487060.161190944,
					"retransmits":	0,
					"snd_cwnd":	524176,
					"snd_wnd":	3143936,
					"rtt":	450213,
					"rttvar":	786,
					"pmtu":	1500,
					"omitted":	false,
					"sender":	true
				}],
			"sum":	{
				"start":	8.000845,
				"end":	9.000721,
				"seconds":	0.99987602233886719,
				"bytes":	1310720,
				"bits_per_second":	10487060.161190944,
				"retransmits":	0,
				"omitted":	false,
				"sender":	true
			}
		}, {
			"streams":	[{
					"socket":	6,
					"start":	9.000721,
					"end":	10.000715,
					"seconds":	0.99999397993087769,
					"bytes":	1310720,
					"bits_per_second":	10485823.125380019,
					"retransmits":	0,
					"snd_cwnd":	402544,
					"snd_wnd":	3143936,
					"rtt":	465376,
					"rttvar":	1646,
					"pmtu":	1500,
					"omitted":	false,
					"sender":	true
				}],
			"sum":	{
				"start":	9.000721,
				"end":	10.000715,
				"seconds":	0.99999397993087769,
				"bytes":	1310720,
				"bits_per_second":	10485823.125380019,
				"retransmits":	0,
				"omitted":	false,
				"sender":	true
			}
		}],
	"end":	{
		"streams":	[{
				"sender":	{
					"socket":	6,
					"start":	0,
					"end":	10.000715,
					"seconds":	10.000715,
					"bytes":	22675456,
					"bits_per_second":	18139067.856648251,
					"retransmits":	0,
					"max_snd_cwnd":	929616,
					"max_snd_wnd":	3143936,
					"max_rtt":	465376,
					"min_rtt":	239542,
					"mean_rtt":	368454,
					"sender":	true
				},
				"receiver":	{
					"socket":	6,
					"start":	0,
					"end":	10.446961,
					"seconds":	10.000715,
					"bytes":	19705832,
					"bits_per_second":	15090192.832154728,
					"sender":	true
				}
			}],
		"sum_sent":	{
			"start":	0,
			"end":	10.000715,
			"seconds":	10.000715,
			"bytes":	22675456,
			"bits_per_second":	18139067.856648251,
			"retransmits":	0,
			"sender":	true
		},
		"sum_received":	{
			"start":	0,
			"end":	10.446961,
			"seconds":	10.446961,
			"bytes":	19705832,
			"bits_per_second":	15090192.832154728,
			"sender":	true
		},
		"cpu_utilization_percent":	{
			"host_total":	1.0005439473503572,
			"host_user":	0.17552829131889638,
			"host_system":	0.825015656031461,
			"remote_total":	1.2588816413867714,
			"remote_user":	0.13938011314475746,
			"remote_system":	1.1195111003945546
		},
		"sender_tcp_congestion":	"bbr",
		"receiver_tcp_congestion":	"bbr"
	}
}
