{
	"start":	{
		"connected":	[{
				"socket":	6,
				"local_host":	"192.168.101.210",
				"local_port":	42580,
				"remote_host":	"192.168.100.168",
				"remote_port":	5202
			}],
		"version":	"iperf 3.11",
		"system_info":	"Linux f1 6.0.10-300.fc37.x86_64 #1 SMP PREEMPT_DYNAMIC Sat Nov 26 16:55:13 UTC 2022 x86_64",
		"timestamp":	{
			"time":	"Fri, 09 Dec 2022 23:29:04 GMT",
			"timesecs":	1670628544
		},
		"connecting_to":	{
			"host":	"192.168.100.168",
			"port":	5202
		},
		"cookie":	"4gw6dr3sug2wqa3di3nyv7kg2mn425vwmkm5",
		"tcp_mss_default":	1448,
		"target_bitrate":	0,
		"sock_bufsize":	0,
		"sndbuf_actual":	16384,
		"rcvbuf_actual":	131072,
		"test_start":	{
			"protocol":	"TCP",
			"num_streams":	1,
			"blksize":	131072,
			"omit":	0,
			"duration":	10,
			"bytes":	0,
			"blocks":	0,
			"reverse":	0,
			"tos":	0,
			"target_bitrate":	0
		}
	},
	"intervals":	[{
			"streams":	[{
					"socket":	6,
					"start":	0,
					"end":	1.000083,
					"seconds":	1.0000829696655273,
					"bytes":	41811968,
					"bits_per_second":	334467993.30246609,
					"retransmits":	3151,
					"snd_cwnd":	3634480,
					"snd_wnd":	3139200,
					"rtt":	25392,
					"rttvar":	211,
					"pmtu":	1500,
					"omitted":	false,
					"sender":	true
				}],
			"sum":	{
				"start":	0,
				"end":	1.000083,
				"seconds":	1.0000829696655273,
				"bytes":	41811968,
				"bits_per_second":	334467993.30246609,
				"retransmits":	3151,
				"omitted":	false,
				"sender":	true
			}
		}, {
			"streams":	[{
					"socket":	6,
					"start":	1.000083,
					"end":	2.000485,
					"seconds":	1.0004019737243652,
					"bytes":	55050240,
					"bits_per_second":	440224961.13281488,
					"retransmits":	3690,
					"snd_cwnd":	3851680,
					"snd_wnd":	3145728,
					"rtt":	25111,
					"rttvar":	13,
					"pmtu":	1500,
					"omitted":	false,
					"sender":	true
				}],
			"sum":	{
				"start":	1.000083,
				"end":	2.000485,
				"seconds":	1.0004019737243652,
				"bytes":	55050240,
				"bits_per_second":	440224961.13281488,
				"retransmits":	3690,
				"omitted":	false,
				"sender":	true
			}
		}, {
			"streams":	[{
					"socket":	6,
					"start":	2.000485,
					"end":	3.000068,
					"seconds":	0.99958300590515137,
					"bytes":	53739520,
					"bits_per_second":	430095507.2867595,
					"retransmits":	3804,
					"snd_cwnd":	2867040,
					"snd_wnd":	2650624,
					"rtt":	25291,
					"rttvar":	390,
					"pmtu":	1500,
					"omitted":	false,
					"sender":	true
				}],
			"sum":	{
				"start":	2.000485,
				"end":	3.000068,
				"seconds":	0.99958300590515137,
				"bytes":	53739520,
				"bits_per_second":	430095507.2867595,
				"retransmits":	3804,
				"omitted":	false,
				"sender":	true
			}
		}, {
			"streams":	[{
					"socket":	6,
					"start":	3.000068,
					"end":	4.000071,
					"seconds":	1.0000029802322388,
					"bytes":	53739520,
					"bits_per_second":	429914878.75381839,
					"retransmits":	3780,
					"snd_cwnd":	3628688,
					"snd_wnd":	3139200,
					"rtt":	25725,
					"rttvar":	356,
					"pmtu":	1500,
					"omitted":	false,
					"sender":	true
				}],
			"sum":	{
				"start":	3.000068,
				"end":	4.000071,
				"seconds":	1.0000029802322388,
				"bytes":	53739520,
				"bits_per_second":	429914878.75381839,
				"retransmits":	3780,
				"omitted":	false,
				"sender":	true
			}
		}, {
			"streams":	[{
					"socket":	6,
					"start":	4.000071,
					"end":	5.000071,
					"seconds":	1,
					"bytes":	53739520,
					"bits_per_second":	429916160,
					"retransmits":	3211,
					"snd_cwnd":	3877744,
					"snd_wnd":	3145728,
					"rtt":	25574,
					"rttvar":	537,
					"pmtu":	1500,
					"omitted":	false,
					"sender":	true
				}],
			"sum":	{
				"start":	4.000071,
				"end":	5.000071,
				"seconds":	1,
				"bytes":	53739520,
				"bits_per_second":	429916160,
				"retransmits":	3211,
				"omitted":	false,
				"sender":	true
			}
		}, {
			"streams":	[{
					"socket":	6,
					"start":	5.000071,
					"end":	6.000092,
					"seconds":	1.0000209808349609,
					"bytes":	47185920,
					"bits_per_second":	377479440.16616476,
					"retransmits":	4744,
					"snd_cwnd":	1646376,
					"snd_wnd":	3145728,
					"rtt":	26832,
					"rttvar":	654,
					"pmtu":	1500,
					"omitted":	false,
					"sender":	true
				}],
			"sum":	{
				"start":	5.000071,
				"end":	6.000092,
				"seconds":	1.0000209808349609,
				"bytes":	47185920,
				"bits_per_second":	377479440.16616476,
				"retransmits":	4744,
				"omitted":	false,
				"sender":	true
			}
		}, {
			"streams":	[{
					"socket":	6,
					"start":	6.000092,
					"end":	7.000088,
					"seconds":	0.9999960064888,
					"bytes":	53739520,
					"bits_per_second":	429917876.88185638,
					"retransmits":	3090,
					"snd_cwnd":	1565288,
					"snd_wnd":	3145728,
					"rtt":	25819,
					"rttvar":	544,
					"pmtu":	1500,
					"omitted":	false,
					"sender":	true
				}],
			"sum":	{
				"start":	6.000092,
				"end":	7.000088,
				"seconds":	0.9999960064888,
				"bytes":	53739520,
				"bits_per_second":	429917876.88185638,
				"retransmits":	3090,
				"omitted":	false,
				"sender":	true
			}
		}, {
			"streams":	[{
					"socket":	6,
					"start":	7.000088,
					"end":	8.000084,
					"seconds":	0.9999960064888,
					"bytes":	52428800,
					"bits_per_second":	419432075.00668913,
					"retransmits":	3081,
					"snd_cwnd":	1500128,
					"snd_wnd":	3135104,
					"rtt":	25890,
					"rttvar":	461,
					"pmtu":	1500,
					"omitted":	false,
					"sender":	true
				}],
			"sum":	{
				"start":	7.000088,
				"end":	8.000084,
				"seconds":	0.9999960064888,
				"bytes":	52428800,
				"bits_per_second":	419432075.00668913,
				"retransmits":	3081,
				"omitted":	false,
				"sender":	true
			}
		}, {
			"streams":	[{
					"socket":	6,
					"start":	8.000084,
					"end":	9.000074,
					"seconds":	0.99998998641967773,
					"bytes":	55050240,
					"bits_per_second":	440406330.04416031,
					"retransmits":	4005,
					"snd_cwnd":	3625792,
					"snd_wnd":	3145728,
					"rtt":	25080,
					"rttvar":	10,
					"pmtu":	1500,
					"omitted":	false,
					"sender":	true
				}],
			"sum":	{
				"start":	8.000084,
				"end":	9.000074,
				"seconds":	0.99998998641967773,
				"bytes":	55050240,
				"bits_per_second":	440406330.04416031,
				"retransmits":	4005,
				"omitted":	false,
				"sender":	true
			}
		}, {
			"streams":	[{
					"socket":	6,
					"start":	9.000074,
					"end":	10.000085,
					"seconds":	1.0000109672546387,
					"bytes":	52428800,
					"bits_per_second":	419425800.05044883,
					"retransmits":	3270,
					"snd_cwnd":	3787968,
					"snd_wnd":	3145728,
					"rtt":	25478,
					"rttvar":	488,
					"pmtu":	1500,
					"omitted":	false,
					"sender":	true
				}],
			"sum":	{
				"start":	9.000074,
				"end":	10.000085,
				"seconds":	1.0000109672546387,
				"bytes":	52428800,
				"bits_per_second":	419425800.05044883,
				"retransmits":	3270,
				"omitted":	false,
				"sender":	true
			}
		}],
	"end":	{
		"streams":	[{
				"sender":	{
					"socket":	6,
					"start":	0,
					"end":	10.000085,
					"seconds":	10.000085,
					"bytes":	518914048,
					"bits_per_second":	415127709.81446654,
					"retransmits":	35826,
					"max_snd_cwnd":	3877744,
					"max_snd_wnd":	3145728,
					"max_rtt":	26832,
					"min_rtt":	25080,
					"mean_rtt":	25619,
					"sender":	true
				},
				"receiver":	{
					"socket":	6,
					"start":	0,
					"end":	10.025223,
					"seconds":	10.000085,
					"bytes":	517424992,
					"bits_per_second":	412898539.61353278,
					"sender":	true
				}
			}],
		"sum_sent":	{
			"start":	0,
			"end":	10.000085,
			"seconds":	10.000085,
			"bytes":	518914048,
			"bits_per_second":	415127709.81446654,
			"retransmits":	35826,
			"sender":	true
		},
		"sum_received":	{
			"start":	0,
			"end":	10.025223,
			"seconds":	10.025223,
			"bytes":	517424992,
			"bits_per_second":	412898539.61353278,
			"sender":	true
		},
		"cpu_utilization_percent":	{
			"host_total":	1.6831099568347545,
			"host_user":	0.045568924508042723,
			"host_system":	1.6375311324951871,
			"remote_total":	1.3880277284356113,
			"remote_user":	0.0511309862953795,
			"remote_system":	1.3368967421402318
		},
		"sender_tcp_congestion":	"bbr",
		"receiver_tcp_congestion":	"bbr"
	}
}
