{
	"start":	{
		"connected":	[{
				"socket":	6,
				"local_host":	"192.168.101.210",
				"local_port":	59794,
				"remote_host":	"192.168.100.168",
				"remote_port":	5201
			}],
		"version":	"iperf 3.11",
		"system_info":	"Linux f1 6.0.10-300.fc37.x86_64 #1 SMP PREEMPT_DYNAMIC Sat Nov 26 16:55:13 UTC 2022 x86_64",
		"timestamp":	{
			"time":	"Fri, 09 Dec 2022 23:08:28 GMT",
			"timesecs":	1670627308
		},
		"connecting_to":	{
			"host":	"192.168.100.168",
			"port":	5201
		},
		"cookie":	"2eghhbcso4dgy3ylclyvnnrlxqpgmfg6spox",
		"tcp_mss_default":	1448,
		"target_bitrate":	0,
		"sock_bufsize":	0,
		"sndbuf_actual":	16384,
		"rcvbuf_actual":	131072,
		"test_start":	{
			"protocol":	"TCP",
			"num_streams":	1,
			"blksize":	131072,
			"omit":	0,
			"duration":	10,
			"bytes":	0,
			"blocks":	0,
			"reverse":	0,
			"tos":	0,
			"target_bitrate":	0
		}
	},
	"intervals":	[{
			"streams":	[{
					"socket":	6,
					"start":	0,
					"end":	1.000332,
					"seconds":	1.0003319978713989,
					"bytes":	2900344,
					"bits_per_second":	23195051.292343952,
					"retransmits":	110,
					"snd_cwnd":	202720,
					"snd_wnd":	2103424,
					"rtt":	115392,
					"rttvar":	228,
					"pmtu":	1500,
					"omitted":	false,
					"sender":	true
				}],
			"sum":	{
				"start":	0,
				"end":	1.000332,
				"seconds":	1.0003319978713989,
				"bytes":	2900344,
				"bits_per_second":	23195051.292343952,
				"retransmits":	110,
				"omitted":	false,
				"sender":	true
			}
		}, {
			"streams":	[{
					"socket":	6,
					"start":	1.000332,
					"end":	2.00041,
					"seconds":	1.0000779628753662,
					"bytes":	1824480,
					"bits_per_second":	14594702.155054878,
					"retransmits":	30,
					"snd_cwnd":	110048,
					"snd_wnd":	3145728,
					"rtt":	100120,
					"rttvar":	102,
					"pmtu":	1500,
					"omitted":	false,
					"sender":	true
				}],
			"sum":	{
				"start":	1.000332,
				"end":	2.00041,
				"seconds":	1.0000779628753662,
				"bytes":	1824480,
				"bits_per_second":	14594702.155054878,
				"retransmits":	30,
				"omitted":	false,
				"sender":	true
			}
		}, {
			"streams":	[{
					"socket":	6,
					"start":	2.00041,
					"end":	3.000616,
					"seconds":	1.0002059936523438,
					"bytes":	847080,
					"bits_per_second":	6775244.34267233,
					"retransmits":	4,
					"snd_cwnd":	88328,
					"snd_wnd":	3145728,
					"rtt":	100097,
					"rttvar":	38,
					"pmtu":	1500,
					"omitted":	false,
					"sender":	true
				}],
			"sum":	{
				"start":	2.00041,
				"end":	3.000616,
				"seconds":	1.0002059936523438,
				"bytes":	847080,
				"bits_per_second":	6775244.34267233,
				"retransmits":	4,
				"omitted":	false,
				"sender":	true
			}
		}, {
			"streams":	[{
					"socket":	6,
					"start":	3.000616,
					"end":	4.000494,
					"seconds":	0.99987798929214478,
					"bytes":	847080,
					"bits_per_second":	6777466.9235368064,
					"retransmits":	20,
					"snd_cwnd":	49232,
					"snd_wnd":	3135744,
					"rtt":	111740,
					"rttvar":	1483,
					"pmtu":	1500,
					"omitted":	false,
					"sender":	true
				}],
			"sum":	{
				"start":	3.000616,
				"end":	4.000494,
				"seconds":	0.99987798929214478,
				"bytes":	847080,
				"bits_per_second":	6777466.9235368064,
				"retransmits":	20,
				"omitted":	false,
				"sender":	true
			}
		}, {
			"streams":	[{
					"socket":	6,
					"start":	4.000494,
					"end":	5.001048,
					"seconds":	1.0005539655685425,
					"bytes":	0,
					"bits_per_second":	0,
					"retransmits":	6,
					"snd_cwnd":	40544,
					"snd_wnd":	3145728,
					"rtt":	101258,
					"rttvar":	2117,
					"pmtu":	1500,
					"omitted":	false,
					"sender":	true
				}],
			"sum":	{
				"start":	4.000494,
				"end":	5.001048,
				"seconds":	1.0005539655685425,
				"bytes":	0,
				"bits_per_second":	0,
				"retransmits":	6,
				"omitted":	false,
				"sender":	true
			}
		}, {
			"streams":	[{
					"socket":	6,
					"start":	5.001048,
					"end":	6.000807,
					"seconds":	0.999759018421173,
					"bytes":	847080,
					"bits_per_second":	6778273.43903506,
					"retransmits":	6,
					"snd_cwnd":	34752,
					"snd_wnd":	3145728,
					"rtt":	107869,
					"rttvar":	2649,
					"pmtu":	1500,
					"omitted":	false,
					"sender":	true
				}],
			"sum":	{
				"start":	5.001048,
				"end":	6.000807,
				"seconds":	0.999759018421173,
				"bytes":	847080,
				"bits_per_second":	6778273.43903506,
				"retransmits":	6,
				"omitted":	false,
				"sender":	true
			}
		}, {
			"streams":	[{
					"socket":	6,
					"start":	6.000807,
					"end":	7.001034,
					"seconds":	1.0002269744873047,
					"bytes":	0,
					"bits_per_second":	0,
					"retransmits":	4,
					"snd_cwnd":	28960,
					"snd_wnd":	3145728,
					"rtt":	110182,
					"rttvar":	3334,
					"pmtu":	1500,
					"omitted":	false,
					"sender":	true
				}],
			"sum":	{
				"start":	6.000807,
				"end":	7.001034,
				"seconds":	1.0002269744873047,
				"bytes":	0,
				"bits_per_second":	0,
				"retransmits":	4,
				"omitted":	false,
				"sender":	true
			}
		}, {
			"streams":	[{
					"socket":	6,
					"start":	7.001034,
					"end":	8.001037,
					"seconds":	1.0000029802322388,
					"bytes":	0,
					"bits_per_second":	0,
					"retransmits":	2,
					"snd_cwnd":	27512,
					"snd_wnd":	3145728,
					"rtt":	111303,
					"rttvar":	4804,
					"pmtu":	1500,
					"omitted":	false,
					"sender":	true
				}],
			"sum":	{
				"start":	7.001034,
				"end":	8.001037,
				"seconds":	1.0000029802322388,
				"bytes":	0,
				"bits_per_second":	0,
				"retransmits":	2,
				"omitted":	false,
				"sender":	true
			}
		}, {
			"streams":	[{
					"socket":	6,
					"start":	8.001037,
					"end":	9.000577,
					"seconds":	0.99953997135162354,
					"bytes":	847080,
					"bits_per_second":	6779758.88331541,
					"retransmits":	10,
					"snd_cwnd":	15928,
					"snd_wnd":	3143936,
					"rtt":	107232,
					"rttvar":	10614,
					"pmtu":	1500,
					"omitted":	false,
					"sender":	true
				}],
			"sum":	{
				"start":	8.001037,
				"end":	9.000577,
				"seconds":	0.99953997135162354,
				"bytes":	847080,
				"bits_per_second":	6779758.88331541,
				"retransmits":	10,
				"omitted":	false,
				"sender":	true
			}
		}, {
			"streams":	[{
					"socket":	6,
					"start":	9.000577,
					"end":	10.001037,
					"seconds":	1.0004600286483765,
					"bytes":	0,
					"bits_per_second":	0,
					"retransmits":	2,
					"snd_cwnd":	15928,
					"snd_wnd":	3145728,
					"rtt":	107426,
					"rttvar":	9966,
					"pmtu":	1500,
					"omitted":	false,
					"sender":	true
				}],
			"sum":	{
				"start":	9.000577,
				"end":	10.001037,
				"seconds":	1.0004600286483765,
				"bytes":	0,
				"bits_per_second":	0,
				"retransmits":	2,
				"omitted":	false,
				"sender":	true
			}
		}],
	"end":	{
		"streams":	[{
				"sender":	{
					"socket":	6,
					"start":	0,
					"end":	10.001037,
					"seconds":	10.001037,
					"bytes":	8113144,
					"bits_per_second":	6489842.20336351,
					"retransmits":	194,
					"max_snd_cwnd":	202720,
					"max_snd_wnd":	3145728,
					"max_rtt":	115392,
					"min_rtt":	100097,
					"mean_rtt":	107261,
					"sender":	true
				},
				"receiver":	{
					"socket":	6,
					"start":	0,
					"end":	10.107302,
					"seconds":	10.001037,
					"bytes":	5965760,
					"bits_per_second":	4721940.63262382,
					"sender":	true
				}
			}],
		"sum_sent":	{
			"start":	0,
			"end":	10.001037,
			"seconds":	10.001037,
			"bytes":	8113144,
			"bits_per_second":	6489842.20336351,
			"retransmits":	194,
			"sender":	true
		},
		"sum_received":	{
			"start":	0,
			"end":	10.107302,
			"seconds":	10.107302,
			"bytes":	5965760,
			"bits_per_second":	4721940.63262382,
			"sender":	true
		},
		"cpu_utilization_percent":	{
			"host_total":	0.989907509617652,
			"host_user":	0.13359305327658666,
			"host_system":	0.85630484325527156,
			"remote_total":	0.31072535760723075,
			"remote_user":	0.019055500183134635,
			"remote_system":	0.29165996360260954
		},
		"sender_tcp_congestion":	"cubic",
		"receiver_tcp_congestion":	"cubic"
	}
}
