{
	"start":	{
		"connected":	[{
				"socket":	6,
				"local_host":	"192.168.101.210",
				"local_port":	59134,
				"remote_host":	"192.168.100.168",
				"remote_port":	5201
			}],
		"version":	"iperf 3.11",
		"system_info":	"Linux f1 6.0.10-300.fc37.x86_64 #1 SMP PREEMPT_DYNAMIC Sat Nov 26 16:55:13 UTC 2022 x86_64",
		"timestamp":	{
			"time":	"Fri, 09 Dec 2022 23:29:47 GMT",
			"timesecs":	1670628587
		},
		"connecting_to":	{
			"host":	"192.168.100.168",
			"port":	5201
		},
		"cookie":	"ol3v62bjqhoimavm4rswy44egibsmkwnaawi",
		"tcp_mss_default":	1448,
		"target_bitrate":	0,
		"sock_bufsize":	0,
		"sndbuf_actual":	16384,
		"rcvbuf_actual":	131072,
		"test_start":	{
			"protocol":	"TCP",
			"num_streams":	1,
			"blksize":	131072,
			"omit":	0,
			"duration":	10,
			"bytes":	0,
			"blocks":	0,
			"reverse":	0,
			"tos":	0,
			"target_bitrate":	0
		}
	},
	"intervals":	[{
			"streams":	[{
					"socket":	6,
					"start":	0,
					"end":	1.000081,
					"seconds":	1.000080943107605,
					"bytes":	32768000,
					"bits_per_second":	262122782.96737257,
					"retransmits":	0,
					"snd_cwnd":	3297096,
					"snd_wnd":	3143552,
					"rtt":	92576,
					"rttvar":	704,
					"pmtu":	1500,
					"omitted":	false,
					"sender":	true
				}],
			"sum":	{
				"start":	0,
				"end":	1.000081,
				"seconds":	1.000080943107605,
				"bytes":	32768000,
				"bits_per_second":	262122782.96737257,
				"retransmits":	0,
				"omitted":	false,
				"sender":	true
			}
		}, {
			"streams":	[{
					"socket":	6,
					"start":	1.000081,
					"end":	2.000086,
					"seconds":	1.0000050067901611,
					"bytes":	36700160,
					"bits_per_second":	293599810.00736,
					"retransmits":	0,
					"snd_cwnd":	3297096,
					"snd_wnd":	3143552,
					"rtt":	79672,
					"rttvar":	1310,
					"pmtu":	1500,
					"omitted":	false,
					"sender":	true
				}],
			"sum":	{
				"start":	1.000081,
				"end":	2.000086,
				"seconds":	1.0000050067901611,
				"bytes":	36700160,
				"bits_per_second":	293599810.00736,
				"retransmits":	0,
				"omitted":	false,
				"sender":	true
			}
		}, {
			"streams":	[{
					"socket":	6,
					"start":	2.000086,
					"end":	3.000081,
					"seconds":	0.999994993209839,
					"bytes":	40632320,
					"bits_per_second":	325060187.50814861,
					"retransmits":	0,
					"snd_cwnd":	3297096,
					"snd_wnd":	3143552,
					"rtt":	71697,
					"rttvar":	695,
					"pmtu":	1500,
					"omitted":	false,
					"sender":	true
				}],
			"sum":	{
				"start":	2.000086,
				"end":	3.000081,
				"seconds":	0.999994993209839,
				"bytes":	40632320,
				"bits_per_second":	325060187.50814861,
				"retransmits":	0,
				"omitted":	false,
				"sender":	true
			}
		}, {
			"streams":	[{
					"socket":	6,
					"start":	3.000081,
					"end":	4.000097,
					"seconds":	1.0000159740448,
					"bytes":	43253760,
					"bits_per_second":	346024552.5882951,
					"retransmits":	0,
					"snd_cwnd":	3297096,
					"snd_wnd":	3143552,
					"rtt":	68357,
					"rttvar":	1512,
					"pmtu":	1500,
					"omitted":	false,
					"sender":	true
				}],
			"sum":	{
				"start":	3.000081,
				"end":	4.000097,
				"seconds":	1.0000159740448,
				"bytes":	43253760,
				"bits_per_second":	346024552.5882951,
				"retransmits":	0,
				"omitted":	false,
				"sender":	true
			}
		}, {
			"streams":	[{
					"socket":	6,
					"start":	4.000097,
					"end":	5.000081,
					"seconds":	0.9999840259552002,
					"bytes":	44564480,
					"bits_per_second":	356521535.09097362,
					"retransmits":	0,
					"snd_cwnd":	3297096,
					"snd_wnd":	3143552,
					"rtt":	68426,
					"rttvar":	477,
					"pmtu":	1500,
					"omitted":	false,
					"sender":	true
				}],
			"sum":	{
				"start":	4.000097,
				"end":	5.000081,
				"seconds":	0.9999840259552002,
				"bytes":	44564480,
				"bits_per_second":	356521535.09097362,
				"retransmits":	0,
				"omitted":	false,
				"sender":	true
			}
		}, {
			"streams":	[{
					"socket":	6,
					"start":	5.000081,
					"end":	6.00009,
					"seconds":	1.0000089406967163,
					"bytes":	47185920,
					"bits_per_second":	377483985.03017455,
					"retransmits":	0,
					"snd_cwnd":	3297096,
					"snd_wnd":	3143552,
					"rtt":	63511,
					"rttvar":	1267,
					"pmtu":	1500,
					"omitted":	false,
					"sender":	true
				}],
			"sum":	{
				"start":	5.000081,
				"end":	6.00009,
				"seconds":	1.0000089406967163,
				"bytes":	47185920,
				"bits_per_second":	377483985.03017455,
				"retransmits":	0,
				"omitted":	false,
				"sender":	true
			}
		}, {
			"streams":	[{
					"socket":	6,
					"start":	6.00009,
					"end":	7.000077,
					"seconds":	0.999987006187439,
					"bytes":	47185920,
					"bits_per_second":	377492265.06373549,
					"retransmits":	0,
					"snd_cwnd":	3297096,
					"snd_wnd":	3143552,
					"rtt":	64620,
					"rttvar":	852,
					"pmtu":	1500,
					"omitted":	false,
					"sender":	true
				}],
			"sum":	{
				"start":	6.00009,
				"end":	7.000077,
				"seconds":	0.999987006187439,
				"bytes":	47185920,
				"bits_per_second":	377492265.06373549,
				"retransmits":	0,
				"omitted":	false,
				"sender":	true
			}
		}, {
			"streams":	[{
					"socket":	6,
					"start":	7.000077,
					"end":	8.000077,
					"seconds":	1,
					"bytes":	48496640,
					"bits_per_second":	387973120,
					"retransmits":	0,
					"snd_cwnd":	3297096,
					"snd_wnd":	3143552,
					"rtt":	61797,
					"rttvar":	632,
					"pmtu":	1500,
					"omitted":	false,
					"sender":	true
				}],
			"sum":	{
				"start":	7.000077,
				"end":	8.000077,
				"seconds":	1,
				"bytes":	48496640,
				"bits_per_second":	387973120,
				"retransmits":	0,
				"omitted":	false,
				"sender":	true
			}
		}, {
			"streams":	[{
					"socket":	6,
					"start":	8.000077,
					"end":	9.000079,
					"seconds":	1.0000020265579224,
					"bytes":	48496640,
					"bits_per_second":	387972333.75159335,
					"retransmits":	0,
					"snd_cwnd":	3297096,
					"snd_wnd":	3143552,
					"rtt":	63821,
					"rttvar":	562,
					"pmtu":	1500,
					"omitted":	false,
					"sender":	true
				}],
			"sum":	{
				"start":	8.000077,
				"end":	9.000079,
				"seconds":	1.0000020265579224,
				"bytes":	48496640,
				"bits_per_second":	387972333.75159335,
				"retransmits":	0,
				"omitted":	false,
				"sender":	true
			}
		}, {
			"streams":	[{
					"socket":	6,
					"start":	9.000079,
					"end":	10.000078,
					"seconds":	0.99999898672103882,
					"bytes":	48496640,
					"bits_per_second":	387973513.12539834,
					"retransmits":	0,
					"snd_cwnd":	3297096,
					"snd_wnd":	3143552,
					"rtt":	62219,
					"rttvar":	773,
					"pmtu":	1500,
					"omitted":	false,
					"sender":	true
				}],
			"sum":	{
				"start":	9.000079,
				"end":	10.000078,
				"seconds":	0.99999898672103882,
				"bytes":	48496640,
				"bits_per_second":	387973513.12539834,
				"retransmits":	0,
				"omitted":	false,
				"sender":	true
			}
		}],
	"end":	{
		"streams":	[{
				"sender":	{
					"socket":	6,
					"start":	0,
					"end":	10.000078,
					"seconds":	10.000078,
					"bytes":	437780480,
					"bits_per_second":	350221652.27111226,
					"retransmits":	0,
					"max_snd_cwnd":	3297096,
					"max_snd_wnd":	3143552,
					"max_rtt":	92576,
					"min_rtt":	61797,
					"mean_rtt":	69669,
					"sender":	true
				},
				"receiver":	{
					"socket":	6,
					"start":	0,
					"end":	10.063247,
					"seconds":	10.000078,
					"bytes":	437164520,
					"bits_per_second":	347533570.42711955,
					"sender":	true
				}
			}],
		"sum_sent":	{
			"start":	0,
			"end":	10.000078,
			"seconds":	10.000078,
			"bytes":	437780480,
			"bits_per_second":	350221652.27111226,
			"retransmits":	0,
			"sender":	true
		},
		"sum_received":	{
			"start":	0,
			"end":	10.063247,
			"seconds":	10.063247,
			"bytes":	437164520,
			"bits_per_second":	347533570.42711955,
			"sender":	true
		},
		"cpu_utilization_percent":	{
			"host_total":	0.85990188474154783,
			"host_user":	0.012176548067418478,
			"host_system":	0.84772533667412941,
			"remote_total":	3.0879158443685251,
			"remote_user":	0.16676504432957112,
			"remote_system":	2.9211508000389537
		},
		"sender_tcp_congestion":	"cubic",
		"receiver_tcp_congestion":	"cubic"
	}
}
