{
	"start":	{
		"connected":	[{
				"socket":	6,
				"local_host":	"192.168.101.210",
				"local_port":	50338,
				"remote_host":	"192.168.100.168",
				"remote_port":	5202
			}],
		"version":	"iperf 3.11",
		"system_info":	"Linux f1 6.0.10-300.fc37.x86_64 #1 SMP PREEMPT_DYNAMIC Sat Nov 26 16:55:13 UTC 2022 x86_64",
		"timestamp":	{
			"time":	"Fri, 09 Dec 2022 23:29:47 GMT",
			"timesecs":	1670628587
		},
		"connecting_to":	{
			"host":	"192.168.100.168",
			"port":	5202
		},
		"cookie":	"nm7ge72rzcvscipo4jyuqztrt5zzuz5zyujm",
		"tcp_mss_default":	1448,
		"target_bitrate":	0,
		"sock_bufsize":	0,
		"sndbuf_actual":	16384,
		"rcvbuf_actual":	131072,
		"test_start":	{
			"protocol":	"TCP",
			"num_streams":	1,
			"blksize":	131072,
			"omit":	0,
			"duration":	10,
			"bytes":	0,
			"blocks":	0,
			"reverse":	0,
			"tos":	0,
			"target_bitrate":	0
		}
	},
	"intervals":	[{
			"streams":	[{
					"socket":	6,
					"start":	0,
					"end":	1.000081,
					"seconds":	1.000080943107605,
					"bytes":	25165824,
					"bits_per_second":	201310297.31894213,
					"retransmits":	0,
					"snd_cwnd":	2667216,
					"snd_wnd":	3141376,
					"rtt":	92509,
					"rttvar":	1102,
					"pmtu":	1500,
					"omitted":	false,
					"sender":	true
				}],
			"sum":	{
				"start":	0,
				"end":	1.000081,
				"seconds":	1.000080943107605,
				"bytes":	25165824,
				"bits_per_second":	201310297.31894213,
				"retransmits":	0,
				"omitted":	false,
				"sender":	true
			}
		}, {
			"streams":	[{
					"socket":	6,
					"start":	1.000081,
					"end":	2.000075,
					"seconds":	0.99999397993087769,
					"bytes":	23592960,
					"bits_per_second":	188744816.25684035,
					"retransmits":	0,
					"snd_cwnd":	1781040,
					"snd_wnd":	3143552,
					"rtt":	78810,
					"rttvar":	600,
					"pmtu":	1500,
					"omitted":	false,
					"sender":	true
				}],
			"sum":	{
				"start":	1.000081,
				"end":	2.000075,
				"seconds":	0.99999397993087769,
				"bytes":	23592960,
				"bits_per_second":	188744816.25684035,
				"retransmits":	0,
				"omitted":	false,
				"sender":	true
			}
		}, {
			"streams":	[{
					"socket":	6,
					"start":	2.000075,
					"end":	3.000072,
					"seconds":	0.99999701976776123,
					"bytes":	19660800,
					"bits_per_second":	157286868.751397,
					"retransmits":	0,
					"snd_cwnd":	1216320,
					"snd_wnd":	3143552,
					"rtt":	70407,
					"rttvar":	1406,
					"pmtu":	1500,
					"omitted":	false,
					"sender":	true
				}],
			"sum":	{
				"start":	2.000075,
				"end":	3.000072,
				"seconds":	0.99999701976776123,
				"bytes":	19660800,
				"bits_per_second":	157286868.751397,
				"retransmits":	0,
				"omitted":	false,
				"sender":	true
			}
		}, {
			"streams":	[{
					"socket":	6,
					"start":	3.000072,
					"end":	4.000074,
					"seconds":	1.0000020265579224,
					"bytes":	15728640,
					"bits_per_second":	125828865.00051677,
					"retransmits":	0,
					"snd_cwnd":	1083104,
					"snd_wnd":	3143552,
					"rtt":	67732,
					"rttvar":	1255,
					"pmtu":	1500,
					"omitted":	false,
					"sender":	true
				}],
			"sum":	{
				"start":	3.000072,
				"end":	4.000074,
				"seconds":	1.0000020265579224,
				"bytes":	15728640,
				"bits_per_second":	125828865.00051677,
				"retransmits":	0,
				"omitted":	false,
				"sender":	true
			}
		}, {
			"streams":	[{
					"socket":	6,
					"start":	4.000074,
					"end":	5.000088,
					"seconds":	1.0000139474868774,
					"bytes":	14417920,
					"bits_per_second":	115341751.27243771,
					"retransmits":	0,
					"snd_cwnd":	970160,
					"snd_wnd":	3143552,
					"rtt":	67928,
					"rttvar":	918,
					"pmtu":	1500,
					"omitted":	false,
					"sender":	true
				}],
			"sum":	{
				"start":	4.000074,
				"end":	5.000088,
				"seconds":	1.0000139474868774,
				"bytes":	14417920,
				"bits_per_second":	115341751.27243771,
				"retransmits":	0,
				"omitted":	false,
				"sender":	true
			}
		}, {
			"streams":	[{
					"socket":	6,
					"start":	5.000088,
					"end":	6.000105,
					"seconds":	1.0000170469284058,
					"bytes":	13107200,
					"bits_per_second":	104855812.53047086,
					"retransmits":	0,
					"snd_cwnd":	848528,
					"snd_wnd":	3143552,
					"rtt":	62505,
					"rttvar":	1311,
					"pmtu":	1500,
					"omitted":	false,
					"sender":	true
				}],
			"sum":	{
				"start":	5.000088,
				"end":	6.000105,
				"seconds":	1.0000170469284058,
				"bytes":	13107200,
				"bits_per_second":	104855812.53047086,
				"retransmits":	0,
				"omitted":	false,
				"sender":	true
			}
		}, {
			"streams":	[{
					"socket":	6,
					"start":	6.000105,
					"end":	7.000067,
					"seconds":	0.9999619722366333,
					"bytes":	13107200,
					"bits_per_second":	104861587.65164147,
					"retransmits":	0,
					"snd_cwnd":	787712,
					"snd_wnd":	3143552,
					"rtt":	64224,
					"rttvar":	1021,
					"pmtu":	1500,
					"omitted":	false,
					"sender":	true
				}],
			"sum":	{
				"start":	6.000105,
				"end":	7.000067,
				"seconds":	0.9999619722366333,
				"bytes":	13107200,
				"bits_per_second":	104861587.65164147,
				"retransmits":	0,
				"omitted":	false,
				"sender":	true
			}
		}, {
			"streams":	[{
					"socket":	6,
					"start":	7.000067,
					"end":	8.000066,
					"seconds":	0.99999898672103882,
					"bytes":	11796480,
					"bits_per_second":	94371935.6250969,
					"retransmits":	0,
					"snd_cwnd":	770336,
					"snd_wnd":	3143552,
					"rtt":	60110,
					"rttvar":	988,
					"pmtu":	1500,
					"omitted":	false,
					"sender":	true
				}],
			"sum":	{
				"start":	7.000067,
				"end":	8.000066,
				"seconds":	0.99999898672103882,
				"bytes":	11796480,
				"bits_per_second":	94371935.6250969,
				"retransmits":	0,
				"omitted":	false,
				"sender":	true
			}
		}, {
			"streams":	[{
					"socket":	6,
					"start":	8.000066,
					"end":	9.000109,
					"seconds":	1.0000430345535278,
					"bytes":	10485760,
					"bits_per_second":	83882470.155348048,
					"retransmits":	0,
					"snd_cwnd":	741376,
					"snd_wnd":	3143552,
					"rtt":	61451,
					"rttvar":	1091,
					"pmtu":	1500,
					"omitted":	false,
					"sender":	true
				}],
			"sum":	{
				"start":	8.000066,
				"end":	9.000109,
				"seconds":	1.0000430345535278,
				"bytes":	10485760,
				"bits_per_second":	83882470.155348048,
				"retransmits":	0,
				"omitted":	false,
				"sender":	true
			}
		}, {
			"streams":	[{
					"socket":	6,
					"start":	9.000109,
					"end":	10.00008,
					"seconds":	0.99997097253799438,
					"bytes":	11796480,
					"bits_per_second":	94374579.4545194,
					"retransmits":	0,
					"snd_cwnd":	735584,
					"snd_wnd":	3143552,
					"rtt":	59650,
					"rttvar":	1133,
					"pmtu":	1500,
					"omitted":	false,
					"sender":	true
				}],
			"sum":	{
				"start":	9.000109,
				"end":	10.00008,
				"seconds":	0.99997097253799438,
				"bytes":	11796480,
				"bits_per_second":	94374579.4545194,
				"retransmits":	0,
				"omitted":	false,
				"sender":	true
			}
		}],
	"end":	{
		"streams":	[{
				"sender":	{
					"socket":	6,
					"start":	0,
					"end":	10.00008,
					"seconds":	10.00008,
					"bytes":	158859264,
					"bits_per_second":	127086394.50884393,
					"retransmits":	0,
					"max_snd_cwnd":	2667216,
					"max_snd_wnd":	3143552,
					"max_rtt":	92509,
					"min_rtt":	59650,
					"mean_rtt":	68532,
					"sender":	true
				},
				"receiver":	{
					"socket":	6,
					"start":	0,
					"end":	10.064214,
					"seconds":	10.00008,
					"bytes":	155939048,
					"bits_per_second":	123955272.01627469,
					"sender":	true
				}
			}],
		"sum_sent":	{
			"start":	0,
			"end":	10.00008,
			"seconds":	10.00008,
			"bytes":	158859264,
			"bits_per_second":	127086394.50884393,
			"retransmits":	0,
			"sender":	true
		},
		"sum_received":	{
			"start":	0,
			"end":	10.064214,
			"seconds":	10.064214,
			"bytes":	155939048,
			"bits_per_second":	123955272.01627469,
			"sender":	true
		},
		"cpu_utilization_percent":	{
			"host_total":	0.734191959686266,
			"host_user":	0.029135230136143594,
			"host_system":	0.70505672955012255,
			"remote_total":	2.3831040376970831,
			"remote_user":	0.1889663259781402,
			"remote_system":	2.1941377117189425
		},
		"sender_tcp_congestion":	"bbr",
		"receiver_tcp_congestion":	"bbr"
	}
}
