{
	"start":	{
		"connected":	[{
				"socket":	6,
				"local_host":	"192.168.101.210",
				"local_port":	45268,
				"remote_host":	"192.168.100.168",
				"remote_port":	5202
			}],
		"version":	"iperf 3.11",
		"system_info":	"Linux f1 6.0.10-300.fc37.x86_64 #1 SMP PREEMPT_DYNAMIC Sat Nov 26 16:55:13 UTC 2022 x86_64",
		"timestamp":	{
			"time":	"Fri, 09 Dec 2022 23:06:32 GMT",
			"timesecs":	1670627192
		},
		"connecting_to":	{
			"host":	"192.168.100.168",
			"port":	5202
		},
		"cookie":	"2eivtvuxnqfoammqxzndk7pbh3u46axuenwu",
		"tcp_mss_default":	1448,
		"target_bitrate":	0,
		"sock_bufsize":	0,
		"sndbuf_actual":	16384,
		"rcvbuf_actual":	131072,
		"test_start":	{
			"protocol":	"TCP",
			"num_streams":	1,
			"blksize":	131072,
			"omit":	0,
			"duration":	10,
			"bytes":	0,
			"blocks":	0,
			"reverse":	0,
			"tos":	0,
			"target_bitrate":	0
		}
	},
	"intervals":	[{
			"streams":	[{
					"socket":	6,
					"start":	0,
					"end":	1.000146,
					"seconds":	1.0001460313797,
					"bytes":	6684672,
					"bits_per_second":	53469567.7652473,
					"retransmits":	313,
					"snd_cwnd":	544448,
					"snd_wnd":	3143808,
					"rtt":	63314,
					"rttvar":	419,
					"pmtu":	1500,
					"omitted":	false,
					"sender":	true
				}],
			"sum":	{
				"start":	0,
				"end":	1.000146,
				"seconds":	1.0001460313797,
				"bytes":	6684672,
				"bits_per_second":	53469567.7652473,
				"retransmits":	313,
				"omitted":	false,
				"sender":	true
			}
		}, {
			"streams":	[{
					"socket":	6,
					"start":	1.000146,
					"end":	2.000312,
					"seconds":	1.0001660585403442,
					"bytes":	3932160,
					"bits_per_second":	31452057.117304277,
					"retransmits":	38,
					"snd_cwnd":	279464,
					"snd_wnd":	3145728,
					"rtt":	65826,
					"rttvar":	515,
					"pmtu":	1500,
					"omitted":	false,
					"sender":	true
				}],
			"sum":	{
				"start":	1.000146,
				"end":	2.000312,
				"seconds":	1.0001660585403442,
				"bytes":	3932160,
				"bits_per_second":	31452057.117304277,
				"retransmits":	38,
				"omitted":	false,
				"sender":	true
			}
		}, {
			"streams":	[{
					"socket":	6,
					"start":	2.000312,
					"end":	3.00023,
					"seconds":	0.999917984008789,
					"bytes":	5242880,
					"bits_per_second":	41946480.282158151,
					"retransmits":	20,
					"snd_cwnd":	547344,
					"snd_wnd":	3145728,
					"rtt":	51318,
					"rttvar":	109,
					"pmtu":	1500,
					"omitted":	false,
					"sender":	true
				}],
			"sum":	{
				"start":	2.000312,
				"end":	3.00023,
				"seconds":	0.999917984008789,
				"bytes":	5242880,
				"bits_per_second":	41946480.282158151,
				"retransmits":	20,
				"omitted":	false,
				"sender":	true
			}
		}, {
			"streams":	[{
					"socket":	6,
					"start":	3.00023,
					"end":	4.00024,
					"seconds":	1.0000100135803223,
					"bytes":	5242880,
					"bits_per_second":	41942620.004205659,
					"retransmits":	20,
					"snd_cwnd":	561824,
					"snd_wnd":	3145728,
					"rtt":	57082,
					"rttvar":	1381,
					"pmtu":	1500,
					"omitted":	false,
					"sender":	true
				}],
			"sum":	{
				"start":	3.00023,
				"end":	4.00024,
				"seconds":	1.0000100135803223,
				"bytes":	5242880,
				"bits_per_second":	41942620.004205659,
				"retransmits":	20,
				"omitted":	false,
				"sender":	true
			}
		}, {
			"streams":	[{
					"socket":	6,
					"start":	4.00024,
					"end":	5.000238,
					"seconds":	0.99999797344207764,
					"bytes":	5242880,
					"bits_per_second":	41943125.000172257,
					"retransmits":	20,
					"snd_cwnd":	573408,
					"snd_wnd":	3145728,
					"rtt":	55204,
					"rttvar":	321,
					"pmtu":	1500,
					"omitted":	false,
					"sender":	true
				}],
			"sum":	{
				"start":	4.00024,
				"end":	5.000238,
				"seconds":	0.99999797344207764,
				"bytes":	5242880,
				"bits_per_second":	41943125.000172257,
				"retransmits":	20,
				"omitted":	false,
				"sender":	true
			}
		}, {
			"streams":	[{
					"socket":	6,
					"start":	5.000238,
					"end":	6.000111,
					"seconds":	0.99987298250198364,
					"bytes":	5242880,
					"bits_per_second":	41948368.176771685,
					"retransmits":	18,
					"snd_cwnd":	573408,
					"snd_wnd":	3145728,
					"rtt":	58070,
					"rttvar":	716,
					"pmtu":	1500,
					"omitted":	false,
					"sender":	true
				}],
			"sum":	{
				"start":	5.000238,
				"end":	6.000111,
				"seconds":	0.99987298250198364,
				"bytes":	5242880,
				"bits_per_second":	41948368.176771685,
				"retransmits":	18,
				"omitted":	false,
				"sender":	true
			}
		}, {
			"streams":	[{
					"socket":	6,
					"start":	6.000111,
					"end":	7.000071,
					"seconds":	0.99996000528335571,
					"bytes":	6553600,
					"bits_per_second":	52430896.958867274,
					"retransmits":	32,
					"snd_cwnd":	587888,
					"snd_wnd":	3145728,
					"rtt":	51730,
					"rttvar":	126,
					"pmtu":	1500,
					"omitted":	false,
					"sender":	true
				}],
			"sum":	{
				"start":	6.000111,
				"end":	7.000071,
				"seconds":	0.99996000528335571,
				"bytes":	6553600,
				"bits_per_second":	52430896.958867274,
				"retransmits":	32,
				"omitted":	false,
				"sender":	true
			}
		}, {
			"streams":	[{
					"socket":	6,
					"start":	7.000071,
					"end":	8.000109,
					"seconds":	1.0000380277633667,
					"bytes":	5242880,
					"bits_per_second":	41941445.060651973,
					"retransmits":	13,
					"snd_cwnd":	593680,
					"snd_wnd":	3145728,
					"rtt":	51063,
					"rttvar":	104,
					"pmtu":	1500,
					"omitted":	false,
					"sender":	true
				}],
			"sum":	{
				"start":	7.000071,
				"end":	8.000109,
				"seconds":	1.0000380277633667,
				"bytes":	5242880,
				"bits_per_second":	41941445.060651973,
				"retransmits":	13,
				"omitted":	false,
				"sender":	true
			}
		}, {
			"streams":	[{
					"socket":	6,
					"start":	8.000109,
					"end":	9.000147,
					"seconds":	1.0000380277633667,
					"bytes":	5242880,
					"bits_per_second":	41941445.060651973,
					"retransmits":	16,
					"snd_cwnd":	587888,
					"snd_wnd":	3145728,
					"rtt":	53543,
					"rttvar":	319,
					"pmtu":	1500,
					"omitted":	false,
					"sender":	true
				}],
			"sum":	{
				"start":	8.000109,
				"end":	9.000147,
				"seconds":	1.0000380277633667,
				"bytes":	5242880,
				"bits_per_second":	41941445.060651973,
				"retransmits":	16,
				"omitted":	false,
				"sender":	true
			}
		}, {
			"streams":	[{
					"socket":	6,
					"start":	9.000147,
					"end":	10.000208,
					"seconds":	1.00006103515625,
					"bytes":	5242880,
					"bits_per_second":	41940480.156240463,
					"retransmits":	10,
					"snd_cwnd":	603816,
					"snd_wnd":	3145728,
					"rtt":	56295,
					"rttvar":	144,
					"pmtu":	1500,
					"omitted":	false,
					"sender":	true
				}],
			"sum":	{
				"start":	9.000147,
				"end":	10.000208,
				"seconds":	1.00006103515625,
				"bytes":	5242880,
				"bits_per_second":	41940480.156240463,
				"retransmits":	10,
				"omitted":	false,
				"sender":	true
			}
		}],
	"end":	{
		"streams":	[{
				"sender":	{
					"socket":	6,
					"start":	0,
					"end":	10.000208,
					"seconds":	10.000208,
					"bytes":	53870592,
					"bits_per_second":	43095577.211993985,
					"retransmits":	500,
					"max_snd_cwnd":	603816,
					"max_snd_wnd":	3145728,
					"max_rtt":	65826,
					"min_rtt":	51063,
					"mean_rtt":	56344,
					"sender":	true
				},
				"receiver":	{
					"socket":	6,
					"start":	0,
					"end":	10.056717,
					"seconds":	10.000208,
					"bytes":	51205624,
					"bits_per_second":	40733471.171556279,
					"sender":	true
				}
			}],
		"sum_sent":	{
			"start":	0,
			"end":	10.000208,
			"seconds":	10.000208,
			"bytes":	53870592,
			"bits_per_second":	43095577.211993985,
			"retransmits":	500,
			"sender":	true
		},
		"sum_received":	{
			"start":	0,
			"end":	10.056717,
			"seconds":	10.056717,
			"bytes":	51205624,
			"bits_per_second":	40733471.171556279,
			"sender":	true
		},
		"cpu_utilization_percent":	{
			"host_total":	0.665546770060237,
			"host_user":	0.10329815987532075,
			"host_system":	0.56224861018491623,
			"remote_total":	2.265447662322114,
			"remote_user":	0.17448013927387146,
			"remote_system":	2.0909575794602064
		},
		"sender_tcp_congestion":	"bbr",
		"receiver_tcp_congestion":	"bbr"
	}
}
