{
	"start":	{
		"connected":	[{
				"socket":	6,
				"local_host":	"192.168.101.210",
				"local_port":	60742,
				"remote_host":	"192.168.100.168",
				"remote_port":	5202
			}],
		"version":	"iperf 3.11",
		"system_info":	"Linux f1 6.0.10-300.fc37.x86_64 #1 SMP PREEMPT_DYNAMIC Sat Nov 26 16:55:13 UTC 2022 x86_64",
		"timestamp":	{
			"time":	"Fri, 09 Dec 2022 23:28:01 GMT",
			"timesecs":	1670628481
		},
		"connecting_to":	{
			"host":	"192.168.100.168",
			"port":	5202
		},
		"cookie":	"h47aelgjw3v76clnvbiezlku6xary4s4fecy",
		"tcp_mss_default":	1448,
		"target_bitrate":	0,
		"sock_bufsize":	0,
		"sndbuf_actual":	16384,
		"rcvbuf_actual":	131072,
		"test_start":	{
			"protocol":	"TCP",
			"num_streams":	1,
			"blksize":	131072,
			"omit":	0,
			"duration":	10,
			"bytes":	0,
			"blocks":	0,
			"reverse":	0,
			"tos":	0,
			"target_bitrate":	0
		}
	},
	"intervals":	[{
			"streams":	[{
					"socket":	6,
					"start":	0,
					"end":	1.000081,
					"seconds":	1.000080943107605,
					"bytes":	17432576,
					"bits_per_second":	139449320.5386422,
					"retransmits":	0,
					"snd_cwnd":	173760,
					"snd_wnd":	3143552,
					"rtt":	52078,
					"rttvar":	1438,
					"pmtu":	1500,
					"omitted":	false,
					"sender":	true
				}],
			"sum":	{
				"start":	0,
				"end":	1.000081,
				"seconds":	1.000080943107605,
				"bytes":	17432576,
				"bits_per_second":	139449320.5386422,
				"retransmits":	0,
				"omitted":	false,
				"sender":	true
			}
		}, {
			"streams":	[{
					"socket":	6,
					"start":	1.000081,
					"end":	2.000522,
					"seconds":	1.0004409551620483,
					"bytes":	1310720,
					"bits_per_second":	10481138.287967779,
					"retransmits":	0,
					"snd_cwnd":	57920,
					"snd_wnd":	3143552,
					"rtt":	51215,
					"rttvar":	1027,
					"pmtu":	1500,
					"omitted":	false,
					"sender":	true
				}],
			"sum":	{
				"start":	1.000081,
				"end":	2.000522,
				"seconds":	1.0004409551620483,
				"bytes":	1310720,
				"bits_per_second":	10481138.287967779,
				"retransmits":	0,
				"omitted":	false,
				"sender":	true
			}
		}, {
			"streams":	[{
					"socket":	6,
					"start":	2.000522,
					"end":	3.001045,
					"seconds":	1.0005229711532593,
					"bytes":	0,
					"bits_per_second":	0,
					"retransmits":	0,
					"snd_cwnd":	23168,
					"snd_wnd":	3143552,
					"rtt":	50956,
					"rttvar":	1550,
					"pmtu":	1500,
					"omitted":	false,
					"sender":	true
				}],
			"sum":	{
				"start":	2.000522,
				"end":	3.001045,
				"seconds":	1.0005229711532593,
				"bytes":	0,
				"bits_per_second":	0,
				"retransmits":	0,
				"omitted":	false,
				"sender":	true
			}
		}, {
			"streams":	[{
					"socket":	6,
					"start":	3.001045,
					"end":	4.000509,
					"seconds":	0.999463975429535,
					"bytes":	1310720,
					"bits_per_second":	10491383.6394089,
					"retransmits":	0,
					"snd_cwnd":	26064,
					"snd_wnd":	3143552,
					"rtt":	50618,
					"rttvar":	983,
					"pmtu":	1500,
					"omitted":	false,
					"sender":	true
				}],
			"sum":	{
				"start":	3.001045,
				"end":	4.000509,
				"seconds":	0.999463975429535,
				"bytes":	1310720,
				"bits_per_second":	10491383.6394089,
				"retransmits":	0,
				"omitted":	false,
				"sender":	true
			}
		}, {
			"streams":	[{
					"socket":	6,
					"start":	4.000509,
					"end":	5.001041,
					"seconds":	1.0005320310592651,
					"bytes":	0,
					"bits_per_second":	0,
					"retransmits":	0,
					"snd_cwnd":	26064,
					"snd_wnd":	3143552,
					"rtt":	51269,
					"rttvar":	1144,
					"pmtu":	1500,
					"omitted":	false,
					"sender":	true
				}],
			"sum":	{
				"start":	4.000509,
				"end":	5.001041,
				"seconds":	1.0005320310592651,
				"bytes":	0,
				"bits_per_second":	0,
				"retransmits":	0,
				"omitted":	false,
				"sender":	true
			}
		}, {
			"streams":	[{
					"socket":	6,
					"start":	5.001041,
					"end":	6.001048,
					"seconds":	1.0000070333480835,
					"bytes":	0,
					"bits_per_second":	0,
					"retransmits":	0,
					"snd_cwnd":	23168,
					"snd_wnd":	3143552,
					"rtt":	51904,
					"rttvar":	1180,
					"pmtu":	1500,
					"omitted":	false,
					"sender":	true
				}],
			"sum":	{
				"start":	5.001041,
				"end":	6.001048,
				"seconds":	1.0000070333480835,
				"bytes":	0,
				"bits_per_second":	0,
				"retransmits":	0,
				"omitted":	false,
				"sender":	true
			}
		}, {
			"streams":	[{
					"socket":	6,
					"start":	6.001048,
					"end":	7.00059,
					"seconds":	0.999541997909546,
					"bytes":	1310720,
					"bits_per_second":	10490564.7005629,
					"retransmits":	0,
					"snd_cwnd":	23168,
					"snd_wnd":	3143552,
					"rtt":	51600,
					"rttvar":	2158,
					"pmtu":	1500,
					"omitted":	false,
					"sender":	true
				}],
			"sum":	{
				"start":	6.001048,
				"end":	7.00059,
				"seconds":	0.999541997909546,
				"bytes":	1310720,
				"bits_per_second":	10490564.7005629,
				"retransmits":	0,
				"omitted":	false,
				"sender":	true
			}
		}, {
			"streams":	[{
					"socket":	6,
					"start":	7.00059,
					"end":	8.001048,
					"seconds":	1.0004580020904541,
					"bytes":	0,
					"bits_per_second":	0,
					"retransmits":	0,
					"snd_cwnd":	23168,
					"snd_wnd":	3143552,
					"rtt":	50487,
					"rttvar":	1193,
					"pmtu":	1500,
					"omitted":	false,
					"sender":	true
				}],
			"sum":	{
				"start":	7.00059,
				"end":	8.001048,
				"seconds":	1.0004580020904541,
				"bytes":	0,
				"bits_per_second":	0,
				"retransmits":	0,
				"omitted":	false,
				"sender":	true
			}
		}, {
			"streams":	[{
					"socket":	6,
					"start":	8.001048,
					"end":	9.001044,
					"seconds":	0.9999960064888,
					"bytes":	0,
					"bits_per_second":	0,
					"retransmits":	0,
					"snd_cwnd":	23168,
					"snd_wnd":	3143552,
					"rtt":	51150,
					"rttvar":	1643,
					"pmtu":	1500,
					"omitted":	false,
					"sender":	true
				}],
			"sum":	{
				"start":	8.001048,
				"end":	9.001044,
				"seconds":	0.9999960064888,
				"bytes":	0,
				"bits_per_second":	0,
				"retransmits":	0,
				"omitted":	false,
				"sender":	true
			}
		}, {
			"streams":	[{
					"socket":	6,
					"start":	9.001044,
					"end":	10.000545,
					"seconds":	0.99950098991394043,
					"bytes":	1310720,
					"bits_per_second":	10490995.112373875,
					"retransmits":	0,
					"snd_cwnd":	26064,
					"snd_wnd":	3143552,
					"rtt":	51072,
					"rttvar":	1464,
					"pmtu":	1500,
					"omitted":	false,
					"sender":	true
				}],
			"sum":	{
				"start":	9.001044,
				"end":	10.000545,
				"seconds":	0.99950098991394043,
				"bytes":	1310720,
				"bits_per_second":	10490995.112373875,
				"retransmits":	0,
				"omitted":	false,
				"sender":	true
			}
		}],
	"end":	{
		"streams":	[{
				"sender":	{
					"socket":	6,
					"start":	0,
					"end":	10.000545,
					"seconds":	10.000545,
					"bytes":	22675456,
					"bits_per_second":	18139376.203996882,
					"retransmits":	0,
					"max_snd_cwnd":	173760,
					"max_snd_wnd":	3143552,
					"max_rtt":	52078,
					"min_rtt":	50487,
					"mean_rtt":	51234,
					"sender":	true
				},
				"receiver":	{
					"socket":	6,
					"start":	0,
					"end":	10.047035,
					"seconds":	10.000545,
					"bytes":	18868888,
					"bits_per_second":	15024442.932666205,
					"sender":	true
				}
			}],
		"sum_sent":	{
			"start":	0,
			"end":	10.000545,
			"seconds":	10.000545,
			"bytes":	22675456,
			"bits_per_second":	18139376.203996882,
			"retransmits":	0,
			"sender":	true
		},
		"sum_received":	{
			"start":	0,
			"end":	10.047035,
			"seconds":	10.047035,
			"bytes":	18868888,
			"bits_per_second":	15024442.932666205,
			"sender":	true
		},
		"cpu_utilization_percent":	{
			"host_total":	0.087920004869477056,
			"host_user":	0.010088199401094235,
			"host_system":	0.0778218270317843,
			"remote_total":	0.66273211051288117,
			"remote_user":	0.0975908739743005,
			"remote_system":	0.56513128336428431
		},
		"sender_tcp_congestion":	"bbr",
		"receiver_tcp_congestion":	"bbr"
	}
}
