{
	"start":	{
		"connected":	[{
				"socket":	6,
				"local_host":	"192.168.101.210",
				"local_port":	46108,
				"remote_host":	"192.168.100.168",
				"remote_port":	5201
			}],
		"version":	"iperf 3.11",
		"system_info":	"Linux f1 6.0.10-300.fc37.x86_64 #1 SMP PREEMPT_DYNAMIC Sat Nov 26 16:55:13 UTC 2022 x86_64",
		"timestamp":	{
			"time":	"Fri, 09 Dec 2022 23:10:36 GMT",
			"timesecs":	1670627436
		},
		"connecting_to":	{
			"host":	"192.168.100.168",
			"port":	5201
		},
		"cookie":	"ma6b6ty3mfttrblersu4wrgcqp3edawphqtm",
		"tcp_mss_default":	1448,
		"target_bitrate":	0,
		"sock_bufsize":	0,
		"sndbuf_actual":	16384,
		"rcvbuf_actual":	131072,
		"test_start":	{
			"protocol":	"TCP",
			"num_streams":	1,
			"blksize":	131072,
			"omit":	0,
			"duration":	10,
			"bytes":	0,
			"blocks":	0,
			"reverse":	0,
			"tos":	0,
			"target_bitrate":	0
		}
	},
	"intervals":	[{
			"streams":	[{
					"socket":	6,
					"start":	0,
					"end":	1.000221,
					"seconds":	1.0002210140228271,
					"bytes":	1097584,
					"bits_per_second":	8778731.7771746069,
					"retransmits":	0,
					"snd_cwnd":	231680,
					"snd_wnd":	435584,
					"rtt":	207323,
					"rttvar":	3002,
					"pmtu":	1500,
					"omitted":	false,
					"sender":	true
				}],
			"sum":	{
				"start":	0,
				"end":	1.000221,
				"seconds":	1.0002210140228271,
				"bytes":	1097584,
				"bits_per_second":	8778731.7771746069,
				"retransmits":	0,
				"omitted":	false,
				"sender":	true
			}
		}, {
			"streams":	[{
					"socket":	6,
					"start":	1.000221,
					"end":	2.00057,
					"seconds":	1.0003490447998047,
					"bytes":	2280600,
					"bits_per_second":	18238433.969466377,
					"retransmits":	148,
					"snd_cwnd":	208512,
					"snd_wnd":	922496,
					"rtt":	211035,
					"rttvar":	1036,
					"pmtu":	1500,
					"omitted":	false,
					"sender":	true
				}],
			"sum":	{
				"start":	1.000221,
				"end":	2.00057,
				"seconds":	1.0003490447998047,
				"bytes":	2280600,
				"bits_per_second":	18238433.969466377,
				"retransmits":	148,
				"omitted":	false,
				"sender":	true
			}
		}, {
			"streams":	[{
					"socket":	6,
					"start":	2.00057,
					"end":	3.000532,
					"seconds":	0.9999619722366333,
					"bytes":	912240,
					"bits_per_second":	7298197.5341288317,
					"retransmits":	67,
					"snd_cwnd":	104256,
					"snd_wnd":	2002688,
					"rtt":	209894,
					"rttvar":	597,
					"pmtu":	1500,
					"omitted":	false,
					"sender":	true
				}],
			"sum":	{
				"start":	2.00057,
				"end":	3.000532,
				"seconds":	0.9999619722366333,
				"bytes":	912240,
				"bits_per_second":	7298197.5341288317,
				"retransmits":	67,
				"omitted":	false,
				"sender":	true
			}
		}, {
			"streams":	[{
					"socket":	6,
					"start":	3.000532,
					"end":	4.001025,
					"seconds":	1.000493049621582,
					"bytes":	0,
					"bits_per_second":	0,
					"retransmits":	26,
					"snd_cwnd":	53576,
					"snd_wnd":	2512384,
					"rtt":	202090,
					"rttvar":	3101,
					"pmtu":	1500,
					"omitted":	false,
					"sender":	true
				}],
			"sum":	{
				"start":	3.000532,
				"end":	4.001025,
				"seconds":	1.000493049621582,
				"bytes":	0,
				"bits_per_second":	0,
				"retransmits":	26,
				"omitted":	false,
				"sender":	true
			}
		}, {
			"streams":	[{
					"socket":	6,
					"start":	4.001025,
					"end":	5.000074,
					"seconds":	0.99904900789260864,
					"bytes":	847080,
					"bits_per_second":	6783090.665686788,
					"retransmits":	3,
					"snd_cwnd":	55024,
					"snd_wnd":	3056768,
					"rtt":	212014,
					"rttvar":	5147,
					"pmtu":	1500,
					"omitted":	false,
					"sender":	true
				}],
			"sum":	{
				"start":	4.001025,
				"end":	5.000074,
				"seconds":	0.99904900789260864,
				"bytes":	847080,
				"bits_per_second":	6783090.665686788,
				"retransmits":	3,
				"omitted":	false,
				"sender":	true
			}
		}, {
			"streams":	[{
					"socket":	6,
					"start":	5.000074,
					"end":	6.001022,
					"seconds":	1.0009479522705078,
					"bytes":	0,
					"bits_per_second":	0,
					"retransmits":	7,
					"snd_cwnd":	53576,
					"snd_wnd":	3143808,
					"rtt":	206667,
					"rttvar":	2426,
					"pmtu":	1500,
					"omitted":	false,
					"sender":	true
				}],
			"sum":	{
				"start":	5.000074,
				"end":	6.001022,
				"seconds":	1.0009479522705078,
				"bytes":	0,
				"bits_per_second":	0,
				"retransmits":	7,
				"omitted":	false,
				"sender":	true
			}
		}, {
			"streams":	[{
					"socket":	6,
					"start":	6.001022,
					"end":	7.001024,
					"seconds":	1.0000020265579224,
					"bytes":	0,
					"bits_per_second":	0,
					"retransmits":	8,
					"snd_cwnd":	41992,
					"snd_wnd":	3145728,
					"rtt":	205601,
					"rttvar":	8542,
					"pmtu":	1500,
					"omitted":	false,
					"sender":	true
				}],
			"sum":	{
				"start":	6.001022,
				"end":	7.001024,
				"seconds":	1.0000020265579224,
				"bytes":	0,
				"bits_per_second":	0,
				"retransmits":	8,
				"omitted":	false,
				"sender":	true
			}
		}, {
			"streams":	[{
					"socket":	6,
					"start":	7.001024,
					"end":	8.001025,
					"seconds":	1.0000009536743164,
					"bytes":	0,
					"bits_per_second":	0,
					"retransmits":	0,
					"snd_cwnd":	47784,
					"snd_wnd":	3143552,
					"rtt":	211183,
					"rttvar":	2084,
					"pmtu":	1500,
					"omitted":	false,
					"sender":	true
				}],
			"sum":	{
				"start":	7.001024,
				"end":	8.001025,
				"seconds":	1.0000009536743164,
				"bytes":	0,
				"bits_per_second":	0,
				"retransmits":	0,
				"omitted":	false,
				"sender":	true
			}
		}, {
			"streams":	[{
					"socket":	6,
					"start":	8.001025,
					"end":	9.001023,
					"seconds":	0.99999797344207764,
					"bytes":	0,
					"bits_per_second":	0,
					"retransmits":	6,
					"snd_cwnd":	41992,
					"snd_wnd":	3145728,
					"rtt":	200603,
					"rttvar":	1031,
					"pmtu":	1500,
					"omitted":	false,
					"sender":	true
				}],
			"sum":	{
				"start":	8.001025,
				"end":	9.001023,
				"seconds":	0.99999797344207764,
				"bytes":	0,
				"bits_per_second":	0,
				"retransmits":	6,
				"omitted":	false,
				"sender":	true
			}
		}, {
			"streams":	[{
					"socket":	6,
					"start":	9.001023,
					"end":	10.001027,
					"seconds":	1.0000040531158447,
					"bytes":	847080,
					"bits_per_second":	6776612.5336043667,
					"retransmits":	20,
					"snd_cwnd":	23168,
					"snd_wnd":	3137280,
					"rtt":	205687,
					"rttvar":	7728,
					"pmtu":	1500,
					"omitted":	false,
					"sender":	true
				}],
			"sum":	{
				"start":	9.001023,
				"end":	10.001027,
				"seconds":	1.0000040531158447,
				"bytes":	847080,
				"bits_per_second":	6776612.5336043667,
				"retransmits":	20,
				"omitted":	false,
				"sender":	true
			}
		}],
	"end":	{
		"streams":	[{
				"sender":	{
					"socket":	6,
					"start":	0,
					"end":	10.001027,
					"seconds":	10.001027,
					"bytes":	5984584,
					"bits_per_second":	4787175.55707029,
					"retransmits":	285,
					"max_snd_cwnd":	231680,
					"max_snd_wnd":	3145728,
					"max_rtt":	212014,
					"min_rtt":	200603,
					"mean_rtt":	207209,
					"sender":	true
				},
				"receiver":	{
					"socket":	6,
					"start":	0,
					"end":	10.201183,
					"seconds":	10.001027,
					"bytes":	3688056,
					"bits_per_second":	2892257.4960178635,
					"sender":	true
				}
			}],
		"sum_sent":	{
			"start":	0,
			"end":	10.001027,
			"seconds":	10.001027,
			"bytes":	5984584,
			"bits_per_second":	4787175.55707029,
			"retransmits":	285,
			"sender":	true
		},
		"sum_received":	{
			"start":	0,
			"end":	10.201183,
			"seconds":	10.201183,
			"bytes":	3688056,
			"bits_per_second":	2892257.4960178635,
			"sender":	true
		},
		"cpu_utilization_percent":	{
			"host_total":	1.8791785146920144,
			"host_user":	0.24315818482743656,
			"host_system":	1.6360203298645779,
			"remote_total":	0.14406152532884131,
			"remote_user":	0.0153805479886331,
			"remote_system":	0.12869078011139282
		},
		"sender_tcp_congestion":	"cubic",
		"receiver_tcp_congestion":	"cubic"
	}
}
