{
	"start":	{
		"connected":	[{
				"socket":	6,
				"local_host":	"192.168.101.210",
				"local_port":	34122,
				"remote_host":	"192.168.100.168",
				"remote_port":	5202
			}],
		"version":	"iperf 3.11",
		"system_info":	"Linux f1 6.0.10-300.fc37.x86_64 #1 SMP PREEMPT_DYNAMIC Sat Nov 26 16:55:13 UTC 2022 x86_64",
		"timestamp":	{
			"time":	"Fri, 09 Dec 2022 23:06:54 GMT",
			"timesecs":	1670627214
		},
		"connecting_to":	{
			"host":	"192.168.100.168",
			"port":	5202
		},
		"cookie":	"6jzj6t5ntx6guu5hal2o7n22j2jok6k5e3tn",
		"tcp_mss_default":	1448,
		"target_bitrate":	0,
		"sock_bufsize":	0,
		"sndbuf_actual":	16384,
		"rcvbuf_actual":	131072,
		"test_start":	{
			"protocol":	"TCP",
			"num_streams":	1,
			"blksize":	131072,
			"omit":	0,
			"duration":	10,
			"bytes":	0,
			"blocks":	0,
			"reverse":	0,
			"tos":	0,
			"target_bitrate":	0
		}
	},
	"intervals":	[{
			"streams":	[{
					"socket":	6,
					"start":	0,
					"end":	1.000146,
					"seconds":	1.0001460313797,
					"bytes":	6029312,
					"bits_per_second":	48227453.278458342,
					"retransmits":	0,
					"snd_cwnd":	445984,
					"snd_wnd":	1886976,
					"rtt":	135147,
					"rttvar":	1388,
					"pmtu":	1500,
					"omitted":	false,
					"sender":	true
				}],
			"sum":	{
				"start":	0,
				"end":	1.000146,
				"seconds":	1.0001460313797,
				"bytes":	6029312,
				"bits_per_second":	48227453.278458342,
				"retransmits":	0,
				"omitted":	false,
				"sender":	true
			}
		}, {
			"streams":	[{
					"socket":	6,
					"start":	1.000146,
					"end":	2.00055,
					"seconds":	1.0004040002822876,
					"bytes":	1310720,
					"bits_per_second":	10481525.46075505,
					"retransmits":	0,
					"snd_cwnd":	437296,
					"snd_wnd":	1887104,
					"rtt":	183460,
					"rttvar":	317,
					"pmtu":	1500,
					"omitted":	false,
					"sender":	true
				}],
			"sum":	{
				"start":	1.000146,
				"end":	2.00055,
				"seconds":	1.0004040002822876,
				"bytes":	1310720,
				"bits_per_second":	10481525.46075505,
				"retransmits":	0,
				"omitted":	false,
				"sender":	true
			}
		}, {
			"streams":	[{
					"socket":	6,
					"start":	2.00055,
					"end":	3.000667,
					"seconds":	1.0001169443130493,
					"bytes":	2621440,
					"bits_per_second":	20969067.786772393,
					"retransmits":	0,
					"snd_cwnd":	286704,
					"snd_wnd":	1887104,
					"rtt":	195142,
					"rttvar":	596,
					"pmtu":	1500,
					"omitted":	false,
					"sender":	true
				}],
			"sum":	{
				"start":	2.00055,
				"end":	3.000667,
				"seconds":	1.0001169443130493,
				"bytes":	2621440,
				"bits_per_second":	20969067.786772393,
				"retransmits":	0,
				"omitted":	false,
				"sender":	true
			}
		}, {
			"streams":	[{
					"socket":	6,
					"start":	3.000667,
					"end":	4.000554,
					"seconds":	0.999886989593506,
					"bytes":	1310720,
					"bits_per_second":	10486945.133932468,
					"retransmits":	0,
					"snd_cwnd":	249056,
					"snd_wnd":	1887104,
					"rtt":	220949,
					"rttvar":	338,
					"pmtu":	1500,
					"omitted":	false,
					"sender":	true
				}],
			"sum":	{
				"start":	3.000667,
				"end":	4.000554,
				"seconds":	0.999886989593506,
				"bytes":	1310720,
				"bits_per_second":	10486945.133932468,
				"retransmits":	0,
				"omitted":	false,
				"sender":	true
			}
		}, {
			"streams":	[{
					"socket":	6,
					"start":	4.000554,
					"end":	5.00039,
					"seconds":	0.999836027622223,
					"bytes":	1310720,
					"bits_per_second":	10487479.656976243,
					"retransmits":	0,
					"snd_cwnd":	188240,
					"snd_wnd":	1887104,
					"rtt":	249909,
					"rttvar":	748,
					"pmtu":	1500,
					"omitted":	false,
					"sender":	true
				}],
			"sum":	{
				"start":	4.000554,
				"end":	5.00039,
				"seconds":	0.999836027622223,
				"bytes":	1310720,
				"bits_per_second":	10487479.656976243,
				"retransmits":	0,
				"omitted":	false,
				"sender":	true
			}
		}, {
			"streams":	[{
					"socket":	6,
					"start":	5.00039,
					"end":	6.001029,
					"seconds":	1.0006389617919922,
					"bytes":	0,
					"bits_per_second":	0,
					"retransmits":	0,
					"snd_cwnd":	156384,
					"snd_wnd":	1887104,
					"rtt":	281165,
					"rttvar":	1733,
					"pmtu":	1500,
					"omitted":	false,
					"sender":	true
				}],
			"sum":	{
				"start":	5.00039,
				"end":	6.001029,
				"seconds":	1.0006389617919922,
				"bytes":	0,
				"bits_per_second":	0,
				"retransmits":	0,
				"omitted":	false,
				"sender":	true
			}
		}, {
			"streams":	[{
					"socket":	6,
					"start":	6.001029,
					"end":	7.000328,
					"seconds":	0.99929898977279663,
					"bytes":	1310720,
					"bits_per_second":	10493115.781478046,
					"retransmits":	0,
					"snd_cwnd":	139008,
					"snd_wnd":	1887104,
					"rtt":	323247,
					"rttvar":	7250,
					"pmtu":	1500,
					"omitted":	false,
					"sender":	true
				}],
			"sum":	{
				"start":	6.001029,
				"end":	7.000328,
				"seconds":	0.99929898977279663,
				"bytes":	1310720,
				"bits_per_second":	10493115.781478046,
				"retransmits":	0,
				"omitted":	false,
				"sender":	true
			}
		}, {
			"streams":	[{
					"socket":	6,
					"start":	7.000328,
					"end":	8.001046,
					"seconds":	1.0007179975509644,
					"bytes":	0,
					"bits_per_second":	0,
					"retransmits":	0,
					"snd_cwnd":	141904,
					"snd_wnd":	1887104,
					"rtt":	366685,
					"rttvar":	1630,
					"pmtu":	1500,
					"omitted":	false,
					"sender":	true
				}],
			"sum":	{
				"start":	7.000328,
				"end":	8.001046,
				"seconds":	1.0007179975509644,
				"bytes":	0,
				"bits_per_second":	0,
				"retransmits":	0,
				"omitted":	false,
				"sender":	true
			}
		}, {
			"streams":	[{
					"socket":	6,
					"start":	8.001046,
					"end":	9.001047,
					"seconds":	1.0000009536743164,
					"bytes":	0,
					"bits_per_second":	0,
					"retransmits":	0,
					"snd_cwnd":	104256,
					"snd_wnd":	1887104,
					"rtt":	411063,
					"rttvar":	3997,
					"pmtu":	1500,
					"omitted":	false,
					"sender":	true
				}],
			"sum":	{
				"start":	8.001046,
				"end":	9.001047,
				"seconds":	1.0000009536743164,
				"bytes":	0,
				"bits_per_second":	0,
				"retransmits":	0,
				"omitted":	false,
				"sender":	true
			}
		}, {
			"streams":	[{
					"socket":	6,
					"start":	9.001047,
					"end":	10.001048,
					"seconds":	1.0000009536743164,
					"bytes":	0,
					"bits_per_second":	0,
					"retransmits":	0,
					"snd_cwnd":	98464,
					"snd_wnd":	1886720,
					"rtt":	448923,
					"rttvar":	9311,
					"pmtu":	1500,
					"omitted":	false,
					"sender":	true
				}],
			"sum":	{
				"start":	9.001047,
				"end":	10.001048,
				"seconds":	1.0000009536743164,
				"bytes":	0,
				"bits_per_second":	0,
				"retransmits":	0,
				"omitted":	false,
				"sender":	true
			}
		}],
	"end":	{
		"streams":	[{
				"sender":	{
					"socket":	6,
					"start":	0,
					"end":	10.001048,
					"seconds":	10.001048,
					"bytes":	13893632,
					"bits_per_second":	11113740.87995578,
					"retransmits":	0,
					"max_snd_cwnd":	445984,
					"max_snd_wnd":	1887104,
					"max_rtt":	448923,
					"min_rtt":	135147,
					"mean_rtt":	281569,
					"sender":	true
				},
				"receiver":	{
					"socket":	6,
					"start":	0,
					"end":	10.481323,
					"seconds":	10.001048,
					"bytes":	11035208,
					"bits_per_second":	8422759.6077327263,
					"sender":	true
				}
			}],
		"sum_sent":	{
			"start":	0,
			"end":	10.001048,
			"seconds":	10.001048,
			"bytes":	13893632,
			"bits_per_second":	11113740.87995578,
			"retransmits":	0,
			"sender":	true
		},
		"sum_received":	{
			"start":	0,
			"end":	10.481323,
			"seconds":	10.481323,
			"bytes":	11035208,
			"bits_per_second":	8422759.6077327263,
			"sender":	true
		},
		"cpu_utilization_percent":	{
			"host_total":	0.520355038807559,
			"host_user":	0.097635181991449937,
			"host_system":	0.422719856816109,
			"remote_total":	0.72169234914327718,
			"remote_user":	0.098107722145344842,
			"remote_system":	0.62358462699793238
		},
		"sender_tcp_congestion":	"bbr",
		"receiver_tcp_congestion":	"bbr"
	}
}
