{
	"start":	{
		"connected":	[{
				"socket":	6,
				"local_host":	"192.168.101.210",
				"local_port":	39182,
				"remote_host":	"192.168.100.168",
				"remote_port":	5202
			}],
		"version":	"iperf 3.11",
		"system_info":	"Linux f1 6.0.10-300.fc37.x86_64 #1 SMP PREEMPT_DYNAMIC Sat Nov 26 16:55:13 UTC 2022 x86_64",
		"timestamp":	{
			"time":	"Fri, 09 Dec 2022 23:29:36 GMT",
			"timesecs":	1670628576
		},
		"connecting_to":	{
			"host":	"192.168.100.168",
			"port":	5202
		},
		"cookie":	"k6rbxbh7f75q7oyd6uzvrapmoxekmd7tplht",
		"tcp_mss_default":	1448,
		"target_bitrate":	0,
		"sock_bufsize":	0,
		"sndbuf_actual":	16384,
		"rcvbuf_actual":	131072,
		"test_start":	{
			"protocol":	"TCP",
			"num_streams":	1,
			"blksize":	131072,
			"omit":	0,
			"duration":	10,
			"bytes":	0,
			"blocks":	0,
			"reverse":	0,
			"tos":	0,
			"target_bitrate":	0
		}
	},
	"intervals":	[{
			"streams":	[{
					"socket":	6,
					"start":	0,
					"end":	1.00008,
					"seconds":	1.0000799894332886,
					"bytes":	24772608,
					"bits_per_second":	198165012.89292106,
					"retransmits":	0,
					"snd_cwnd":	2545584,
					"snd_wnd":	3143552,
					"rtt":	89034,
					"rttvar":	816,
					"pmtu":	1500,
					"omitted":	false,
					"sender":	true
				}],
			"sum":	{
				"start":	0,
				"end":	1.00008,
				"seconds":	1.0000799894332886,
				"bytes":	24772608,
				"bits_per_second":	198165012.89292106,
				"retransmits":	0,
				"omitted":	false,
				"sender":	true
			}
		}, {
			"streams":	[{
					"socket":	6,
					"start":	1.00008,
					"end":	2.000081,
					"seconds":	1.0000009536743164,
					"bytes":	22282240,
					"bits_per_second":	178257750.00016212,
					"retransmits":	0,
					"snd_cwnd":	1699952,
					"snd_wnd":	3143552,
					"rtt":	79083,
					"rttvar":	1336,
					"pmtu":	1500,
					"omitted":	false,
					"sender":	true
				}],
			"sum":	{
				"start":	1.00008,
				"end":	2.000081,
				"seconds":	1.0000009536743164,
				"bytes":	22282240,
				"bits_per_second":	178257750.00016212,
				"retransmits":	0,
				"omitted":	false,
				"sender":	true
			}
		}, {
			"streams":	[{
					"socket":	6,
					"start":	2.000081,
					"end":	3.000076,
					"seconds":	0.999994993209839,
					"bytes":	18350080,
					"bits_per_second":	146801375.00368,
					"retransmits":	0,
					"snd_cwnd":	1230800,
					"snd_wnd":	3143552,
					"rtt":	67741,
					"rttvar":	893,
					"pmtu":	1500,
					"omitted":	false,
					"sender":	true
				}],
			"sum":	{
				"start":	2.000081,
				"end":	3.000076,
				"seconds":	0.999994993209839,
				"bytes":	18350080,
				"bits_per_second":	146801375.00368,
				"retransmits":	0,
				"omitted":	false,
				"sender":	true
			}
		}, {
			"streams":	[{
					"socket":	6,
					"start":	3.000076,
					"end":	4.000086,
					"seconds":	1.0000100135803223,
					"bytes":	15728640,
					"bits_per_second":	125827860.012617,
					"retransmits":	0,
					"snd_cwnd":	1022288,
					"snd_wnd":	3143552,
					"rtt":	68209,
					"rttvar":	641,
					"pmtu":	1500,
					"omitted":	false,
					"sender":	true
				}],
			"sum":	{
				"start":	3.000076,
				"end":	4.000086,
				"seconds":	1.0000100135803223,
				"bytes":	15728640,
				"bits_per_second":	125827860.012617,
				"retransmits":	0,
				"omitted":	false,
				"sender":	true
			}
		}, {
			"streams":	[{
					"socket":	6,
					"start":	4.000086,
					"end":	5.000086,
					"seconds":	1,
					"bytes":	14417920,
					"bits_per_second":	115343360,
					"retransmits":	0,
					"snd_cwnd":	958576,
					"snd_wnd":	3143552,
					"rtt":	66576,
					"rttvar":	1093,
					"pmtu":	1500,
					"omitted":	false,
					"sender":	true
				}],
			"sum":	{
				"start":	4.000086,
				"end":	5.000086,
				"seconds":	1,
				"bytes":	14417920,
				"bits_per_second":	115343360,
				"retransmits":	0,
				"omitted":	false,
				"sender":	true
			}
		}, {
			"streams":	[{
					"socket":	6,
					"start":	5.000086,
					"end":	6.000078,
					"seconds":	0.9999920129776,
					"bytes":	13107200,
					"bits_per_second":	104858437.50668919,
					"retransmits":	0,
					"snd_cwnd":	865904,
					"snd_wnd":	3143552,
					"rtt":	61339,
					"rttvar":	1216,
					"pmtu":	1500,
					"omitted":	false,
					"sender":	true
				}],
			"sum":	{
				"start":	5.000086,
				"end":	6.000078,
				"seconds":	0.9999920129776,
				"bytes":	13107200,
				"bits_per_second":	104858437.50668919,
				"retransmits":	0,
				"omitted":	false,
				"sender":	true
			}
		}, {
			"streams":	[{
					"socket":	6,
					"start":	6.000078,
					"end":	7.000135,
					"seconds":	1.0000569820404053,
					"bytes":	11796480,
					"bits_per_second":	94366462.806403458,
					"retransmits":	0,
					"snd_cwnd":	819568,
					"snd_wnd":	3143552,
					"rtt":	61993,
					"rttvar":	900,
					"pmtu":	1500,
					"omitted":	false,
					"sender":	true
				}],
			"sum":	{
				"start":	6.000078,
				"end":	7.000135,
				"seconds":	1.0000569820404053,
				"bytes":	11796480,
				"bits_per_second":	94366462.806403458,
				"retransmits":	0,
				"omitted":	false,
				"sender":	true
			}
		}, {
			"streams":	[{
					"socket":	6,
					"start":	7.000135,
					"end":	8.000073,
					"seconds":	0.99993801116943359,
					"bytes":	13107200,
					"bits_per_second":	104864100.40295237,
					"retransmits":	0,
					"snd_cwnd":	787712,
					"snd_wnd":	3143552,
					"rtt":	62621,
					"rttvar":	655,
					"pmtu":	1500,
					"omitted":	false,
					"sender":	true
				}],
			"sum":	{
				"start":	7.000135,
				"end":	8.000073,
				"seconds":	0.99993801116943359,
				"bytes":	13107200,
				"bits_per_second":	104864100.40295237,
				"retransmits":	0,
				"omitted":	false,
				"sender":	true
			}
		}, {
			"streams":	[{
					"socket":	6,
					"start":	8.000073,
					"end":	9.000136,
					"seconds":	1.0000629425048828,
					"bytes":	10485760,
					"bits_per_second":	83880800.3323155,
					"retransmits":	0,
					"snd_cwnd":	764544,
					"snd_wnd":	3143552,
					"rtt":	62924,
					"rttvar":	1400,
					"pmtu":	1500,
					"omitted":	false,
					"sender":	true
				}],
			"sum":	{
				"start":	8.000073,
				"end":	9.000136,
				"seconds":	1.0000629425048828,
				"bytes":	10485760,
				"bits_per_second":	83880800.3323155,
				"retransmits":	0,
				"omitted":	false,
				"sender":	true
			}
		}, {
			"streams":	[{
					"socket":	6,
					"start":	9.000136,
					"end":	10.000113,
					"seconds":	0.9999769926071167,
					"bytes":	11796480,
					"bits_per_second":	94374011.299955949,
					"retransmits":	0,
					"snd_cwnd":	744272,
					"snd_wnd":	3143552,
					"rtt":	62070,
					"rttvar":	1752,
					"pmtu":	1500,
					"omitted":	false,
					"sender":	true
				}],
			"sum":	{
				"start":	9.000136,
				"end":	10.000113,
				"seconds":	0.9999769926071167,
				"bytes":	11796480,
				"bits_per_second":	94374011.299955949,
				"retransmits":	0,
				"omitted":	false,
				"sender":	true
			}
		}],
	"end":	{
		"streams":	[{
				"sender":	{
					"socket":	6,
					"start":	0,
					"end":	10.000113,
					"seconds":	10.000113,
					"bytes":	155844608,
					"bits_per_second":	124674277.58066332,
					"retransmits":	0,
					"max_snd_cwnd":	2545584,
					"max_snd_wnd":	3143552,
					"max_rtt":	89034,
					"min_rtt":	61339,
					"mean_rtt":	68159,
					"sender":	true
				},
				"receiver":	{
					"socket":	6,
					"start":	0,
					"end":	10.064918,
					"seconds":	10.000113,
					"bytes":	153460488,
					"bits_per_second":	121976543.07764852,
					"sender":	true
				}
			}],
		"sum_sent":	{
			"start":	0,
			"end":	10.000113,
			"seconds":	10.000113,
			"bytes":	155844608,
			"bits_per_second":	124674277.58066332,
			"retransmits":	0,
			"sender":	true
		},
		"sum_received":	{
			"start":	0,
			"end":	10.064918,
			"seconds":	10.064918,
			"bytes":	153460488,
			"bits_per_second":	121976543.07764852,
			"sender":	true
		},
		"cpu_utilization_percent":	{
			"host_total":	0.73769139104959658,
			"host_user":	0.060378707848133137,
			"host_system":	0.67732258297320447,
			"remote_total":	2.2365282222529115,
			"remote_user":	0.29471640637341739,
			"remote_system":	1.9418118158794944
		},
		"sender_tcp_congestion":	"bbr",
		"receiver_tcp_congestion":	"bbr"
	}
}
