{
	"start":	{
		"connected":	[{
				"socket":	6,
				"local_host":	"192.168.101.210",
				"local_port":	44796,
				"remote_host":	"192.168.100.168",
				"remote_port":	5201
			}],
		"version":	"iperf 3.11",
		"system_info":	"Linux f1 6.0.10-300.fc37.x86_64 #1 SMP PREEMPT_DYNAMIC Sat Nov 26 16:55:13 UTC 2022 x86_64",
		"timestamp":	{
			"time":	"Fri, 09 Dec 2022 23:11:18 GMT",
			"timesecs":	1670627478
		},
		"connecting_to":	{
			"host":	"192.168.100.168",
			"port":	5201
		},
		"cookie":	"vkl5np36umdyyqojyaohctyijz2o7noociw2",
		"tcp_mss_default":	1448,
		"target_bitrate":	0,
		"sock_bufsize":	0,
		"sndbuf_actual":	16384,
		"rcvbuf_actual":	131072,
		"test_start":	{
			"protocol":	"TCP",
			"num_streams":	1,
			"blksize":	131072,
			"omit":	0,
			"duration":	10,
			"bytes":	0,
			"blocks":	0,
			"reverse":	0,
			"tos":	0,
			"target_bitrate":	0
		}
	},
	"intervals":	[{
			"streams":	[{
					"socket":	6,
					"start":	0,
					"end":	1.000233,
					"seconds":	1.0002330541610718,
					"bytes":	971608,
					"bits_per_second":	7771052.9237802038,
					"retransmits":	0,
					"snd_cwnd":	191136,
					"snd_wnd":	329728,
					"rtt":	204659,
					"rttvar":	2968,
					"pmtu":	1500,
					"omitted":	false,
					"sender":	true
				}],
			"sum":	{
				"start":	0,
				"end":	1.000233,
				"seconds":	1.0002330541610718,
				"bytes":	971608,
				"bits_per_second":	7771052.9237802038,
				"retransmits":	0,
				"omitted":	false,
				"sender":	true
			}
		}, {
			"streams":	[{
					"socket":	6,
					"start":	1.000233,
					"end":	2.000269,
					"seconds":	1.0000360012054443,
					"bytes":	4926632,
					"bits_per_second":	39411637.13355466,
					"retransmits":	0,
					"snd_cwnd":	1421936,
					"snd_wnd":	3141504,
					"rtt":	366252,
					"rttvar":	1655,
					"pmtu":	1500,
					"omitted":	false,
					"sender":	true
				}],
			"sum":	{
				"start":	1.000233,
				"end":	2.000269,
				"seconds":	1.0000360012054443,
				"bytes":	4926632,
				"bits_per_second":	39411637.13355466,
				"retransmits":	0,
				"omitted":	false,
				"sender":	true
			}
		}, {
			"streams":	[{
					"socket":	6,
					"start":	2.000269,
					"end":	3.000167,
					"seconds":	0.99989801645278931,
					"bytes":	2621440,
					"bits_per_second":	20973658.968139559,
					"retransmits":	0,
					"snd_cwnd":	1566736,
					"snd_wnd":	3143808,
					"rtt":	567525,
					"rttvar":	231,
					"pmtu":	1500,
					"omitted":	false,
					"sender":	true
				}],
			"sum":	{
				"start":	2.000269,
				"end":	3.000167,
				"seconds":	0.99989801645278931,
				"bytes":	2621440,
				"bits_per_second":	20973658.968139559,
				"retransmits":	0,
				"omitted":	false,
				"sender":	true
			}
		}, {
			"streams":	[{
					"socket":	6,
					"start":	3.000167,
					"end":	4.000136,
					"seconds":	0.9999690055847168,
					"bytes":	2621440,
					"bits_per_second":	20972170.020147,
					"retransmits":	0,
					"snd_cwnd":	1678232,
					"snd_wnd":	3143936,
					"rtt":	599588,
					"rttvar":	247,
					"pmtu":	1500,
					"omitted":	false,
					"sender":	true
				}],
			"sum":	{
				"start":	3.000167,
				"end":	4.000136,
				"seconds":	0.9999690055847168,
				"bytes":	2621440,
				"bits_per_second":	20972170.020147,
				"retransmits":	0,
				"omitted":	false,
				"sender":	true
			}
		}, {
			"streams":	[{
					"socket":	6,
					"start":	4.000136,
					"end":	5.000086,
					"seconds":	0.99994999170303345,
					"bytes":	3932160,
					"bits_per_second":	31458853.203673236,
					"retransmits":	0,
					"snd_cwnd":	1865024,
					"snd_wnd":	3143936,
					"rtt":	528624,
					"rttvar":	2020,
					"pmtu":	1500,
					"omitted":	false,
					"sender":	true
				}],
			"sum":	{
				"start":	4.000136,
				"end":	5.000086,
				"seconds":	0.99994999170303345,
				"bytes":	3932160,
				"bits_per_second":	31458853.203673236,
				"retransmits":	0,
				"omitted":	false,
				"sender":	true
			}
		}, {
			"streams":	[{
					"socket":	6,
					"start":	5.000086,
					"end":	6.000162,
					"seconds":	1.0000760555267334,
					"bytes":	2621440,
					"bits_per_second":	20969925.121299341,
					"retransmits":	0,
					"snd_cwnd":	2021408,
					"snd_wnd":	3143936,
					"rtt":	607014,
					"rttvar":	308,
					"pmtu":	1500,
					"omitted":	false,
					"sender":	true
				}],
			"sum":	{
				"start":	5.000086,
				"end":	6.000162,
				"seconds":	1.0000760555267334,
				"bytes":	2621440,
				"bits_per_second":	20969925.121299341,
				"retransmits":	0,
				"omitted":	false,
				"sender":	true
			}
		}, {
			"streams":	[{
					"socket":	6,
					"start":	6.000162,
					"end":	7.000354,
					"seconds":	1.0001920461654663,
					"bytes":	2621440,
					"bits_per_second":	20967493.273317419,
					"retransmits":	0,
					"snd_cwnd":	2186480,
					"snd_wnd":	3143936,
					"rtt":	633382,
					"rttvar":	201,
					"pmtu":	1500,
					"omitted":	false,
					"sender":	true
				}],
			"sum":	{
				"start":	6.000162,
				"end":	7.000354,
				"seconds":	1.0001920461654663,
				"bytes":	2621440,
				"bits_per_second":	20967493.273317419,
				"retransmits":	0,
				"omitted":	false,
				"sender":	true
			}
		}, {
			"streams":	[{
					"socket":	6,
					"start":	7.000354,
					"end":	8.000185,
					"seconds":	0.99983102083206177,
					"bytes":	3932160,
					"bits_per_second":	31462596.5233817,
					"retransmits":	0,
					"snd_cwnd":	2354448,
					"snd_wnd":	3143936,
					"rtt":	660063,
					"rttvar":	178,
					"pmtu":	1500,
					"omitted":	false,
					"sender":	true
				}],
			"sum":	{
				"start":	7.000354,
				"end":	8.000185,
				"seconds":	0.99983102083206177,
				"bytes":	3932160,
				"bits_per_second":	31462596.5233817,
				"retransmits":	0,
				"omitted":	false,
				"sender":	true
			}
		}, {
			"streams":	[{
					"socket":	6,
					"start":	8.000185,
					"end":	9.000079,
					"seconds":	0.99989402294158936,
					"bytes":	3932160,
					"bits_per_second":	31460614.103338465,
					"retransmits":	0,
					"snd_cwnd":	2528208,
					"snd_wnd":	3143936,
					"rtt":	687752,
					"rttvar":	157,
					"pmtu":	1500,
					"omitted":	false,
					"sender":	true
				}],
			"sum":	{
				"start":	8.000185,
				"end":	9.000079,
				"seconds":	0.99989402294158936,
				"bytes":	3932160,
				"bits_per_second":	31460614.103338465,
				"retransmits":	0,
				"omitted":	false,
				"sender":	true
			}
		}, {
			"streams":	[{
					"socket":	6,
					"start":	9.000079,
					"end":	10.000082,
					"seconds":	1.0000029802322388,
					"bytes":	3932160,
					"bits_per_second":	31457186.2502794,
					"retransmits":	0,
					"snd_cwnd":	2720792,
					"snd_wnd":	3143936,
					"rtt":	677887,
					"rttvar":	1354,
					"pmtu":	1500,
					"omitted":	false,
					"sender":	true
				}],
			"sum":	{
				"start":	9.000079,
				"end":	10.000082,
				"seconds":	1.0000029802322388,
				"bytes":	3932160,
				"bits_per_second":	31457186.2502794,
				"retransmits":	0,
				"omitted":	false,
				"sender":	true
			}
		}],
	"end":	{
		"streams":	[{
				"sender":	{
					"socket":	6,
					"start":	0,
					"end":	10.000082,
					"seconds":	10.000082,
					"bytes":	32112640,
					"bits_per_second":	25689901.342808988,
					"retransmits":	0,
					"max_snd_cwnd":	2720792,
					"max_snd_wnd":	3143936,
					"max_rtt":	687752,
					"min_rtt":	204659,
					"mean_rtt":	553274,
					"sender":	true
				},
				"receiver":	{
					"socket":	6,
					"start":	0,
					"end":	10.700189,
					"seconds":	10.000082,
					"bytes":	31566464,
					"bits_per_second":	23600677.707655445,
					"sender":	true
				}
			}],
		"sum_sent":	{
			"start":	0,
			"end":	10.000082,
			"seconds":	10.000082,
			"bytes":	32112640,
			"bits_per_second":	25689901.342808988,
			"retransmits":	0,
			"sender":	true
		},
		"sum_received":	{
			"start":	0,
			"end":	10.700189,
			"seconds":	10.700189,
			"bytes":	31566464,
			"bits_per_second":	23600677.707655445,
			"sender":	true
		},
		"cpu_utilization_percent":	{
			"host_total":	1.9236669461982805,
			"host_user":	0.30069244714713889,
			"host_system":	1.6229652409937154,
			"remote_total":	1.9144219814188537,
			"remote_user":	0.20777179793164632,
			"remote_system":	1.7066408378683728
		},
		"sender_tcp_congestion":	"cubic",
		"receiver_tcp_congestion":	"cubic"
	}
}
