{
	"start":	{
		"connected":	[{
				"socket":	6,
				"local_host":	"192.168.101.210",
				"local_port":	47092,
				"remote_host":	"192.168.100.168",
				"remote_port":	5202
			}],
		"version":	"iperf 3.11",
		"system_info":	"Linux f1 6.0.10-300.fc37.x86_64 #1 SMP PREEMPT_DYNAMIC Sat Nov 26 16:55:13 UTC 2022 x86_64",
		"timestamp":	{
			"time":	"Fri, 09 Dec 2022 23:06:43 GMT",
			"timesecs":	1670627203
		},
		"connecting_to":	{
			"host":	"192.168.100.168",
			"port":	5202
		},
		"cookie":	"irmlowbesru6cuaigod5gdj7nqauwdmh75z7",
		"tcp_mss_default":	1448,
		"target_bitrate":	0,
		"sock_bufsize":	0,
		"sndbuf_actual":	16384,
		"rcvbuf_actual":	131072,
		"test_start":	{
			"protocol":	"TCP",
			"num_streams":	1,
			"blksize":	131072,
			"omit":	0,
			"duration":	10,
			"bytes":	0,
			"blocks":	0,
			"reverse":	0,
			"tos":	0,
			"target_bitrate":	0
		}
	},
	"intervals":	[{
			"streams":	[{
					"socket":	6,
					"start":	0,
					"end":	1.000434,
					"seconds":	1.0004340410232544,
					"bytes":	5111808,
					"bits_per_second":	40876721.825831428,
					"retransmits":	0,
					"snd_cwnd":	448880,
					"snd_wnd":	1852544,
					"rtt":	134702,
					"rttvar":	1106,
					"pmtu":	1500,
					"omitted":	false,
					"sender":	true
				}],
			"sum":	{
				"start":	0,
				"end":	1.000434,
				"seconds":	1.0004340410232544,
				"bytes":	5111808,
				"bits_per_second":	40876721.825831428,
				"retransmits":	0,
				"omitted":	false,
				"sender":	true
			}
		}, {
			"streams":	[{
					"socket":	6,
					"start":	1.000434,
					"end":	2.000402,
					"seconds":	0.99996799230575562,
					"bytes":	2621440,
					"bits_per_second":	20972191.271485854,
					"retransmits":	0,
					"snd_cwnd":	434400,
					"snd_wnd":	1852800,
					"rtt":	182856,
					"rttvar":	397,
					"pmtu":	1500,
					"omitted":	false,
					"sender":	true
				}],
			"sum":	{
				"start":	1.000434,
				"end":	2.000402,
				"seconds":	0.99996799230575562,
				"bytes":	2621440,
				"bits_per_second":	20972191.271485854,
				"retransmits":	0,
				"omitted":	false,
				"sender":	true
			}
		}, {
			"streams":	[{
					"socket":	6,
					"start":	2.000402,
					"end":	3.000183,
					"seconds":	0.99978101253509521,
					"bytes":	2621440,
					"bits_per_second":	20976113.505920216,
					"retransmits":	0,
					"snd_cwnd":	286704,
					"snd_wnd":	1852800,
					"rtt":	194367,
					"rttvar":	409,
					"pmtu":	1500,
					"omitted":	false,
					"sender":	true
				}],
			"sum":	{
				"start":	2.000402,
				"end":	3.000183,
				"seconds":	0.99978101253509521,
				"bytes":	2621440,
				"bits_per_second":	20976113.505920216,
				"retransmits":	0,
				"omitted":	false,
				"sender":	true
			}
		}, {
			"streams":	[{
					"socket":	6,
					"start":	3.000183,
					"end":	4.00029,
					"seconds":	1.0001070499420166,
					"bytes":	1310720,
					"bits_per_second":	10484637.6201507,
					"retransmits":	0,
					"snd_cwnd":	251952,
					"snd_wnd":	1852800,
					"rtt":	167210,
					"rttvar":	2331,
					"pmtu":	1500,
					"omitted":	false,
					"sender":	true
				}],
			"sum":	{
				"start":	3.000183,
				"end":	4.00029,
				"seconds":	1.0001070499420166,
				"bytes":	1310720,
				"bits_per_second":	10484637.6201507,
				"retransmits":	0,
				"omitted":	false,
				"sender":	true
			}
		}, {
			"streams":	[{
					"socket":	6,
					"start":	4.00029,
					"end":	5.000344,
					"seconds":	1.0000540018081665,
					"bytes":	1310720,
					"bits_per_second":	10485193.780576874,
					"retransmits":	0,
					"snd_cwnd":	211408,
					"snd_wnd":	1852800,
					"rtt":	171846,
					"rttvar":	627,
					"pmtu":	1500,
					"omitted":	false,
					"sender":	true
				}],
			"sum":	{
				"start":	4.00029,
				"end":	5.000344,
				"seconds":	1.0000540018081665,
				"bytes":	1310720,
				"bits_per_second":	10485193.780576874,
				"retransmits":	0,
				"omitted":	false,
				"sender":	true
			}
		}, {
			"streams":	[{
					"socket":	6,
					"start":	5.000344,
					"end":	6.000262,
					"seconds":	0.999917984008789,
					"bytes":	1310720,
					"bits_per_second":	10486620.070539538,
					"retransmits":	0,
					"snd_cwnd":	214304,
					"snd_wnd":	1852800,
					"rtt":	183775,
					"rttvar":	500,
					"pmtu":	1500,
					"omitted":	false,
					"sender":	true
				}],
			"sum":	{
				"start":	5.000344,
				"end":	6.000262,
				"seconds":	0.999917984008789,
				"bytes":	1310720,
				"bits_per_second":	10486620.070539538,
				"retransmits":	0,
				"omitted":	false,
				"sender":	true
			}
		}, {
			"streams":	[{
					"socket":	6,
					"start":	6.000262,
					"end":	7.00106,
					"seconds":	1.0007979869842529,
					"bytes":	0,
					"bits_per_second":	0,
					"retransmits":	0,
					"snd_cwnd":	139008,
					"snd_wnd":	1852800,
					"rtt":	184134,
					"rttvar":	723,
					"pmtu":	1500,
					"omitted":	false,
					"sender":	true
				}],
			"sum":	{
				"start":	6.000262,
				"end":	7.00106,
				"seconds":	1.0007979869842529,
				"bytes":	0,
				"bits_per_second":	0,
				"retransmits":	0,
				"omitted":	false,
				"sender":	true
			}
		}, {
			"streams":	[{
					"socket":	6,
					"start":	7.00106,
					"end":	8.000871,
					"seconds":	0.99981099367141724,
					"bytes":	1310720,
					"bits_per_second":	10487742.24965773,
					"retransmits":	0,
					"snd_cwnd":	139008,
					"snd_wnd":	1852800,
					"rtt":	188428,
					"rttvar":	293,
					"pmtu":	1500,
					"omitted":	false,
					"sender":	true
				}],
			"sum":	{
				"start":	7.00106,
				"end":	8.000871,
				"seconds":	0.99981099367141724,
				"bytes":	1310720,
				"bits_per_second":	10487742.24965773,
				"retransmits":	0,
				"omitted":	false,
				"sender":	true
			}
		}, {
			"streams":	[{
					"socket":	6,
					"start":	8.000871,
					"end":	9.00103,
					"seconds":	1.0001590251922607,
					"bytes":	0,
					"bits_per_second":	0,
					"retransmits":	0,
					"snd_cwnd":	115840,
					"snd_wnd":	1852416,
					"rtt":	189280,
					"rttvar":	567,
					"pmtu":	1500,
					"omitted":	false,
					"sender":	true
				}],
			"sum":	{
				"start":	8.000871,
				"end":	9.00103,
				"seconds":	1.0001590251922607,
				"bytes":	0,
				"bits_per_second":	0,
				"retransmits":	0,
				"omitted":	false,
				"sender":	true
			}
		}, {
			"streams":	[{
					"socket":	6,
					"start":	9.00103,
					"end":	10.001032,
					"seconds":	1.0000020265579224,
					"bytes":	1310720,
					"bits_per_second":	10485738.750043064,
					"retransmits":	0,
					"snd_cwnd":	104256,
					"snd_wnd":	1852416,
					"rtt":	189578,
					"rttvar":	134,
					"pmtu":	1500,
					"omitted":	false,
					"sender":	true
				}],
			"sum":	{
				"start":	9.00103,
				"end":	10.001032,
				"seconds":	1.0000020265579224,
				"bytes":	1310720,
				"bits_per_second":	10485738.750043064,
				"retransmits":	0,
				"omitted":	false,
				"sender":	true
			}
		}],
	"end":	{
		"streams":	[{
				"sender":	{
					"socket":	6,
					"start":	0,
					"end":	10.001032,
					"seconds":	10.001032,
					"bytes":	16908288,
					"bits_per_second":	13525234.595789714,
					"retransmits":	0,
					"max_snd_cwnd":	448880,
					"max_snd_wnd":	1852800,
					"max_rtt":	194367,
					"min_rtt":	134702,
					"mean_rtt":	178617,
					"sender":	true
				},
				"receiver":	{
					"socket":	6,
					"start":	0,
					"end":	10.190793,
					"seconds":	10.001032,
					"bytes":	13547488,
					"bits_per_second":	10635080.508455034,
					"sender":	true
				}
			}],
		"sum_sent":	{
			"start":	0,
			"end":	10.001032,
			"seconds":	10.001032,
			"bytes":	16908288,
			"bits_per_second":	13525234.595789714,
			"retransmits":	0,
			"sender":	true
		},
		"sum_received":	{
			"start":	0,
			"end":	10.190793,
			"seconds":	10.190793,
			"bytes":	13547488,
			"bits_per_second":	10635080.508455034,
			"sender":	true
		},
		"cpu_utilization_percent":	{
			"host_total":	0.523612964743263,
			"host_user":	0.080433695033381061,
			"host_system":	0.44318907152502129,
			"remote_total":	0.97472182030762033,
			"remote_user":	0.13986137503367005,
			"remote_system":	0.83486044527395042
		},
		"sender_tcp_congestion":	"bbr",
		"receiver_tcp_congestion":	"bbr"
	}
}
