{
	"start":	{
		"connected":	[{
				"socket":	6,
				"local_host":	"192.168.101.210",
				"local_port":	34414,
				"remote_host":	"192.168.100.168",
				"remote_port":	5202
			}],
		"version":	"iperf 3.11",
		"system_info":	"Linux f1 6.0.10-300.fc37.x86_64 #1 SMP PREEMPT_DYNAMIC Sat Nov 26 16:55:13 UTC 2022 x86_64",
		"timestamp":	{
			"time":	"Fri, 09 Dec 2022 23:10:23 GMT",
			"timesecs":	1670627423
		},
		"connecting_to":	{
			"host":	"192.168.100.168",
			"port":	5202
		},
		"cookie":	"rddya4274vkl2t5urryoar6df6d5tszj7xza",
		"tcp_mss_default":	1448,
		"target_bitrate":	0,
		"sock_bufsize":	0,
		"sndbuf_actual":	16384,
		"rcvbuf_actual":	131072,
		"test_start":	{
			"protocol":	"TCP",
			"num_streams":	1,
			"blksize":	131072,
			"omit":	0,
			"duration":	10,
			"bytes":	0,
			"blocks":	0,
			"reverse":	0,
			"tos":	0,
			"target_bitrate":	0
		}
	},
	"intervals":	[{
			"streams":	[{
					"socket":	6,
					"start":	0,
					"end":	1.000089,
					"seconds":	1.0000890493392944,
					"bytes":	4325376,
					"bits_per_second":	34599926.899369977,
					"retransmits":	0,
					"snd_cwnd":	600920,
					"snd_wnd":	793472,
					"rtt":	153652,
					"rttvar":	4382,
					"pmtu":	1500,
					"omitted":	false,
					"sender":	true
				}],
			"sum":	{
				"start":	0,
				"end":	1.000089,
				"seconds":	1.0000890493392944,
				"bytes":	4325376,
				"bits_per_second":	34599926.899369977,
				"retransmits":	0,
				"omitted":	false,
				"sender":	true
			}
		}, {
			"streams":	[{
					"socket":	6,
					"start":	1.000089,
					"end":	2.000349,
					"seconds":	1.00025999546051,
					"bytes":	1310720,
					"bits_per_second":	10483034.458628384,
					"retransmits":	0,
					"snd_cwnd":	1038216,
					"snd_wnd":	3141248,
					"rtt":	502658,
					"rttvar":	2203,
					"pmtu":	1500,
					"omitted":	false,
					"sender":	true
				}],
			"sum":	{
				"start":	1.000089,
				"end":	2.000349,
				"seconds":	1.00025999546051,
				"bytes":	1310720,
				"bits_per_second":	10483034.458628384,
				"retransmits":	0,
				"omitted":	false,
				"sender":	true
			}
		}, {
			"streams":	[{
					"socket":	6,
					"start":	2.000349,
					"end":	3.00019,
					"seconds":	0.99984097480773926,
					"bytes":	2621440,
					"bits_per_second":	20974855.530433368,
					"retransmits":	0,
					"snd_cwnd":	949888,
					"snd_wnd":	3143552,
					"rtt":	536085,
					"rttvar":	310,
					"pmtu":	1500,
					"omitted":	false,
					"sender":	true
				}],
			"sum":	{
				"start":	2.000349,
				"end":	3.00019,
				"seconds":	0.99984097480773926,
				"bytes":	2621440,
				"bits_per_second":	20974855.530433368,
				"retransmits":	0,
				"omitted":	false,
				"sender":	true
			}
		}, {
			"streams":	[{
					"socket":	6,
					"start":	3.00019,
					"end":	4.000087,
					"seconds":	0.999897003173828,
					"bytes":	1310720,
					"bits_per_second":	10486840.111248031,
					"retransmits":	0,
					"snd_cwnd":	949888,
					"snd_wnd":	3143808,
					"rtt":	557941,
					"rttvar":	710,
					"pmtu":	1500,
					"omitted":	false,
					"sender":	true
				}],
			"sum":	{
				"start":	3.00019,
				"end":	4.000087,
				"seconds":	0.999897003173828,
				"bytes":	1310720,
				"bits_per_second":	10486840.111248031,
				"retransmits":	0,
				"omitted":	false,
				"sender":	true
			}
		}, {
			"streams":	[{
					"socket":	6,
					"start":	4.000087,
					"end":	5.000305,
					"seconds":	1.0002180337905884,
					"bytes":	1310720,
					"bits_per_second":	10483474.248371093,
					"retransmits":	0,
					"snd_cwnd":	949888,
					"snd_wnd":	3143936,
					"rtt":	593718,
					"rttvar":	951,
					"pmtu":	1500,
					"omitted":	false,
					"sender":	true
				}],
			"sum":	{
				"start":	4.000087,
				"end":	5.000305,
				"seconds":	1.0002180337905884,
				"bytes":	1310720,
				"bits_per_second":	10483474.248371093,
				"retransmits":	0,
				"omitted":	false,
				"sender":	true
			}
		}, {
			"streams":	[{
					"socket":	6,
					"start":	5.000305,
					"end":	6.000478,
					"seconds":	1.0001729726791382,
					"bytes":	1310720,
					"bits_per_second":	10483946.56367494,
					"retransmits":	0,
					"snd_cwnd":	949888,
					"snd_wnd":	3143936,
					"rtt":	550483,
					"rttvar":	6045,
					"pmtu":	1500,
					"omitted":	false,
					"sender":	true
				}],
			"sum":	{
				"start":	5.000305,
				"end":	6.000478,
				"seconds":	1.0001729726791382,
				"bytes":	1310720,
				"bits_per_second":	10483946.56367494,
				"retransmits":	0,
				"omitted":	false,
				"sender":	true
			}
		}, {
			"streams":	[{
					"socket":	6,
					"start":	6.000478,
					"end":	7.000555,
					"seconds":	1.00007700920105,
					"bytes":	1310720,
					"bits_per_second":	10484952.562180141,
					"retransmits":	0,
					"snd_cwnd":	949888,
					"snd_wnd":	3143936,
					"rtt":	547829,
					"rttvar":	6133,
					"pmtu":	1500,
					"omitted":	false,
					"sender":	true
				}],
			"sum":	{
				"start":	6.000478,
				"end":	7.000555,
				"seconds":	1.00007700920105,
				"bytes":	1310720,
				"bits_per_second":	10484952.562180141,
				"retransmits":	0,
				"omitted":	false,
				"sender":	true
			}
		}, {
			"streams":	[{
					"socket":	6,
					"start":	7.000555,
					"end":	8.000958,
					"seconds":	1.0004030466079712,
					"bytes":	2621440,
					"bits_per_second":	20963070.905378927,
					"retransmits":	0,
					"snd_cwnd":	793504,
					"snd_wnd":	3143936,
					"rtt":	544314,
					"rttvar":	7653,
					"pmtu":	1500,
					"omitted":	false,
					"sender":	true
				}],
			"sum":	{
				"start":	7.000555,
				"end":	8.000958,
				"seconds":	1.0004030466079712,
				"bytes":	2621440,
				"bits_per_second":	20963070.905378927,
				"retransmits":	0,
				"omitted":	false,
				"sender":	true
			}
		}, {
			"streams":	[{
					"socket":	6,
					"start":	8.000958,
					"end":	9.001025,
					"seconds":	1.0000669956207275,
					"bytes":	0,
					"bits_per_second":	0,
					"retransmits":	0,
					"snd_cwnd":	793504,
					"snd_wnd":	3143936,
					"rtt":	615257,
					"rttvar":	55592,
					"pmtu":	1500,
					"omitted":	false,
					"sender":	true
				}],
			"sum":	{
				"start":	8.000958,
				"end":	9.001025,
				"seconds":	1.0000669956207275,
				"bytes":	0,
				"bits_per_second":	0,
				"retransmits":	0,
				"omitted":	false,
				"sender":	true
			}
		}, {
			"streams":	[{
					"socket":	6,
					"start":	9.001025,
					"end":	10.000936,
					"seconds":	0.99991101026535034,
					"bytes":	1310720,
					"bits_per_second":	10486693.208045937,
					"retransmits":	0,
					"snd_cwnd":	695040,
					"snd_wnd":	3143936,
					"rtt":	486679,
					"rttvar":	9904,
					"pmtu":	1500,
					"omitted":	false,
					"sender":	true
				}],
			"sum":	{
				"start":	9.001025,
				"end":	10.000936,
				"seconds":	0.99991101026535034,
				"bytes":	1310720,
				"bits_per_second":	10486693.208045937,
				"retransmits":	0,
				"omitted":	false,
				"sender":	true
			}
		}],
	"end":	{
		"streams":	[{
				"sender":	{
					"socket":	6,
					"start":	0,
					"end":	10.000936,
					"seconds":	10.000936,
					"bytes":	17432576,
					"bits_per_second":	13944755.570878567,
					"retransmits":	0,
					"max_snd_cwnd":	1038216,
					"max_snd_wnd":	3143936,
					"max_rtt":	615257,
					"min_rtt":	153652,
					"mean_rtt":	508861,
					"sender":	true
				},
				"receiver":	{
					"socket":	6,
					"start":	0,
					"end":	10.478791,
					"seconds":	10.000936,
					"bytes":	15345904,
					"bits_per_second":	11715782.097381273,
					"sender":	true
				}
			}],
		"sum_sent":	{
			"start":	0,
			"end":	10.000936,
			"seconds":	10.000936,
			"bytes":	17432576,
			"bits_per_second":	13944755.570878567,
			"retransmits":	0,
			"sender":	true
		},
		"sum_received":	{
			"start":	0,
			"end":	10.478791,
			"seconds":	10.478791,
			"bytes":	15345904,
			"bits_per_second":	11715782.097381273,
			"sender":	true
		},
		"cpu_utilization_percent":	{
			"host_total":	1.4447698012692847,
			"host_user":	0.2507254503498621,
			"host_system":	1.1940443509194225,
			"remote_total":	0.88210330592629826,
			"remote_user":	0.050816800139099665,
			"remote_system":	0.83129604884825747
		},
		"sender_tcp_congestion":	"bbr",
		"receiver_tcp_congestion":	"bbr"
	}
}
