{
	"start":	{
		"connected":	[{
				"socket":	6,
				"local_host":	"192.168.101.210",
				"local_port":	46620,
				"remote_host":	"192.168.100.168",
				"remote_port":	5201
			}],
		"version":	"iperf 3.11",
		"system_info":	"Linux f1 6.0.10-300.fc37.x86_64 #1 SMP PREEMPT_DYNAMIC Sat Nov 26 16:55:13 UTC 2022 x86_64",
		"timestamp":	{
			"time":	"Fri, 09 Dec 2022 23:34:10 GMT",
			"timesecs":	1670628850
		},
		"connecting_to":	{
			"host":	"192.168.100.168",
			"port":	5201
		},
		"cookie":	"7snidcpvr5fbtvqbh46mflzsnspocbnznhhl",
		"tcp_mss_default":	1448,
		"target_bitrate":	0,
		"sock_bufsize":	0,
		"sndbuf_actual":	16384,
		"rcvbuf_actual":	131072,
		"test_start":	{
			"protocol":	"TCP",
			"num_streams":	1,
			"blksize":	131072,
			"omit":	0,
			"duration":	10,
			"bytes":	0,
			"blocks":	0,
			"reverse":	0,
			"tos":	0,
			"target_bitrate":	0
		}
	},
	"intervals":	[{
			"streams":	[{
					"socket":	6,
					"start":	0,
					"end":	1.000254,
					"seconds":	1.0002540349960327,
					"bytes":	1226456,
					"bits_per_second":	9809156.13106116,
					"retransmits":	0,
					"snd_cwnd":	185344,
					"snd_wnd":	245504,
					"rtt":	205174,
					"rttvar":	10124,
					"pmtu":	1500,
					"omitted":	false,
					"sender":	true
				}],
			"sum":	{
				"start":	0,
				"end":	1.000254,
				"seconds":	1.0002540349960327,
				"bytes":	1226456,
				"bits_per_second":	9809156.13106116,
				"retransmits":	0,
				"omitted":	false,
				"sender":	true
			}
		}, {
			"streams":	[{
					"socket":	6,
					"start":	1.000254,
					"end":	2.000235,
					"seconds":	0.99998098611831665,
					"bytes":	6375720,
					"bits_per_second":	51006729.835926153,
					"retransmits":	327,
					"snd_cwnd":	2253088,
					"snd_wnd":	3143680,
					"rtt":	214592,
					"rttvar":	1683,
					"pmtu":	1500,
					"omitted":	false,
					"sender":	true
				}],
			"sum":	{
				"start":	1.000254,
				"end":	2.000235,
				"seconds":	0.99998098611831665,
				"bytes":	6375720,
				"bits_per_second":	51006729.835926153,
				"retransmits":	327,
				"omitted":	false,
				"sender":	true
			}
		}, {
			"streams":	[{
					"socket":	6,
					"start":	2.000235,
					"end":	3.00016,
					"seconds":	0.99992501735687256,
					"bytes":	10485760,
					"bits_per_second":	83892370.4716762,
					"retransmits":	237,
					"snd_cwnd":	2431192,
					"snd_wnd":	3145728,
					"rtt":	218475,
					"rttvar":	11785,
					"pmtu":	1500,
					"omitted":	false,
					"sender":	true
				}],
			"sum":	{
				"start":	2.000235,
				"end":	3.00016,
				"seconds":	0.99992501735687256,
				"bytes":	10485760,
				"bits_per_second":	83892370.4716762,
				"retransmits":	237,
				"omitted":	false,
				"sender":	true
			}
		}, {
			"streams":	[{
					"socket":	6,
					"start":	3.00016,
					"end":	4.000144,
					"seconds":	0.9999840259552002,
					"bytes":	13107200,
					"bits_per_second":	104859275.02675696,
					"retransmits":	0,
					"snd_cwnd":	2571648,
					"snd_wnd":	3145728,
					"rtt":	200232,
					"rttvar":	78,
					"pmtu":	1500,
					"omitted":	false,
					"sender":	true
				}],
			"sum":	{
				"start":	3.00016,
				"end":	4.000144,
				"seconds":	0.9999840259552002,
				"bytes":	13107200,
				"bits_per_second":	104859275.02675696,
				"retransmits":	0,
				"omitted":	false,
				"sender":	true
			}
		}, {
			"streams":	[{
					"socket":	6,
					"start":	4.000144,
					"end":	5.000106,
					"seconds":	0.9999619722366333,
					"bytes":	13107200,
					"bits_per_second":	104861587.65164147,
					"retransmits":	0,
					"snd_cwnd":	2677352,
					"snd_wnd":	3145728,
					"rtt":	200064,
					"rttvar":	8,
					"pmtu":	1500,
					"omitted":	false,
					"sender":	true
				}],
			"sum":	{
				"start":	4.000144,
				"end":	5.000106,
				"seconds":	0.9999619722366333,
				"bytes":	13107200,
				"bits_per_second":	104861587.65164147,
				"retransmits":	0,
				"omitted":	false,
				"sender":	true
			}
		}, {
			"streams":	[{
					"socket":	6,
					"start":	5.000106,
					"end":	6.000107,
					"seconds":	1.0000009536743164,
					"bytes":	13107200,
					"bits_per_second":	104857500.00009537,
					"retransmits":	0,
					"snd_cwnd":	2759888,
					"snd_wnd":	3145728,
					"rtt":	200757,
					"rttvar":	797,
					"pmtu":	1500,
					"omitted":	false,
					"sender":	true
				}],
			"sum":	{
				"start":	5.000106,
				"end":	6.000107,
				"seconds":	1.0000009536743164,
				"bytes":	13107200,
				"bits_per_second":	104857500.00009537,
				"retransmits":	0,
				"omitted":	false,
				"sender":	true
			}
		}, {
			"streams":	[{
					"socket":	6,
					"start":	6.000107,
					"end":	7.000106,
					"seconds":	0.99999898672103882,
					"bytes":	13107200,
					"bits_per_second":	104857706.25010766,
					"retransmits":	0,
					"snd_cwnd":	2819256,
					"snd_wnd":	3139200,
					"rtt":	204502,
					"rttvar":	222,
					"pmtu":	1500,
					"omitted":	false,
					"sender":	true
				}],
			"sum":	{
				"start":	6.000107,
				"end":	7.000106,
				"seconds":	0.99999898672103882,
				"bytes":	13107200,
				"bits_per_second":	104857706.25010766,
				"retransmits":	0,
				"omitted":	false,
				"sender":	true
			}
		}, {
			"streams":	[{
					"socket":	6,
					"start":	7.000106,
					"end":	8.000101,
					"seconds":	0.999994993209839,
					"bytes":	13107200,
					"bits_per_second":	104858125.00262858,
					"retransmits":	0,
					"snd_cwnd":	2858352,
					"snd_wnd":	3139200,
					"rtt":	205390,
					"rttvar":	192,
					"pmtu":	1500,
					"omitted":	false,
					"sender":	true
				}],
			"sum":	{
				"start":	7.000106,
				"end":	8.000101,
				"seconds":	0.999994993209839,
				"bytes":	13107200,
				"bits_per_second":	104858125.00262858,
				"retransmits":	0,
				"omitted":	false,
				"sender":	true
			}
		}, {
			"streams":	[{
					"socket":	6,
					"start":	8.000101,
					"end":	9.000103,
					"seconds":	1.0000020265579224,
					"bytes":	13107200,
					"bits_per_second":	104857387.50043064,
					"retransmits":	0,
					"snd_cwnd":	2882968,
					"snd_wnd":	3145728,
					"rtt":	205811,
					"rttvar":	313,
					"pmtu":	1500,
					"omitted":	false,
					"sender":	true
				}],
			"sum":	{
				"start":	8.000101,
				"end":	9.000103,
				"seconds":	1.0000020265579224,
				"bytes":	13107200,
				"bits_per_second":	104857387.50043064,
				"retransmits":	0,
				"omitted":	false,
				"sender":	true
			}
		}, {
			"streams":	[{
					"socket":	6,
					"start":	9.000103,
					"end":	10.000185,
					"seconds":	1.0000820159912109,
					"bytes":	13107200,
					"bits_per_second":	104849000.70527968,
					"retransmits":	0,
					"snd_cwnd":	2897448,
					"snd_wnd":	3145728,
					"rtt":	206254,
					"rttvar":	383,
					"pmtu":	1500,
					"omitted":	false,
					"sender":	true
				}],
			"sum":	{
				"start":	9.000103,
				"end":	10.000185,
				"seconds":	1.0000820159912109,
				"bytes":	13107200,
				"bits_per_second":	104849000.70527968,
				"retransmits":	0,
				"omitted":	false,
				"sender":	true
			}
		}],
	"end":	{
		"streams":	[{
				"sender":	{
					"socket":	6,
					"start":	0,
					"end":	10.000185,
					"seconds":	10.000185,
					"bytes":	109838336,
					"bits_per_second":	87869043.222700372,
					"retransmits":	564,
					"max_snd_cwnd":	2897448,
					"max_snd_wnd":	3145728,
					"max_rtt":	218475,
					"min_rtt":	200064,
					"mean_rtt":	206125,
					"sender":	true
				},
				"receiver":	{
					"socket":	6,
					"start":	0,
					"end":	10.200354,
					"seconds":	10.000185,
					"bytes":	109838056,
					"bits_per_second":	86144505.1808986,
					"sender":	true
				}
			}],
		"sum_sent":	{
			"start":	0,
			"end":	10.000185,
			"seconds":	10.000185,
			"bytes":	109838336,
			"bits_per_second":	87869043.222700372,
			"retransmits":	564,
			"sender":	true
		},
		"sum_received":	{
			"start":	0,
			"end":	10.200354,
			"seconds":	10.200354,
			"bytes":	109838056,
			"bits_per_second":	86144505.1808986,
			"sender":	true
		},
		"cpu_utilization_percent":	{
			"host_total":	2.0316523419396493,
			"host_user":	0.21071874338639768,
			"host_system":	1.8209335985532518,
			"remote_total":	1.0694509828757259,
			"remote_user":	0.00070585647153722,
			"remote_system":	1.0687451264041887
		},
		"sender_tcp_congestion":	"cubic",
		"receiver_tcp_congestion":	"cubic"
	}
}
