{
	"start":	{
		"connected":	[{
				"socket":	6,
				"local_host":	"192.168.101.210",
				"local_port":	51032,
				"remote_host":	"192.168.100.168",
				"remote_port":	5202
			}],
		"version":	"iperf 3.11",
		"system_info":	"Linux f1 6.0.10-300.fc37.x86_64 #1 SMP PREEMPT_DYNAMIC Sat Nov 26 16:55:13 UTC 2022 x86_64",
		"timestamp":	{
			"time":	"Fri, 09 Dec 2022 23:28:22 GMT",
			"timesecs":	1670628502
		},
		"connecting_to":	{
			"host":	"192.168.100.168",
			"port":	5202
		},
		"cookie":	"d72umucu3mgi4zpmhtw4fcqjt4iiwyf7zhis",
		"tcp_mss_default":	1448,
		"target_bitrate":	0,
		"sock_bufsize":	0,
		"sndbuf_actual":	16384,
		"rcvbuf_actual":	131072,
		"test_start":	{
			"protocol":	"TCP",
			"num_streams":	1,
			"blksize":	131072,
			"omit":	0,
			"duration":	10,
			"bytes":	0,
			"blocks":	0,
			"reverse":	0,
			"tos":	0,
			"target_bitrate":	0
		}
	},
	"intervals":	[{
			"streams":	[{
					"socket":	6,
					"start":	0,
					"end":	1.000084,
					"seconds":	1.0000840425491333,
					"bytes":	33423360,
					"bits_per_second":	267364410.01343495,
					"retransmits":	826,
					"snd_cwnd":	941200,
					"snd_wnd":	3145728,
					"rtt":	24131,
					"rttvar":	309,
					"pmtu":	1500,
					"omitted":	false,
					"sender":	true
				}],
			"sum":	{
				"start":	0,
				"end":	1.000084,
				"seconds":	1.0000840425491333,
				"bytes":	33423360,
				"bits_per_second":	267364410.01343495,
				"retransmits":	826,
				"omitted":	false,
				"sender":	true
			}
		}, {
			"streams":	[{
					"socket":	6,
					"start":	1.000084,
					"end":	2.000581,
					"seconds":	1.0004969835281372,
					"bytes":	36700160,
					"bits_per_second":	293455437.4813295,
					"retransmits":	0,
					"snd_cwnd":	915136,
					"snd_wnd":	3145728,
					"rtt":	23748,
					"rttvar":	181,
					"pmtu":	1500,
					"omitted":	false,
					"sender":	true
				}],
			"sum":	{
				"start":	1.000084,
				"end":	2.000581,
				"seconds":	1.0004969835281372,
				"bytes":	36700160,
				"bits_per_second":	293455437.4813295,
				"retransmits":	0,
				"omitted":	false,
				"sender":	true
			}
		}, {
			"streams":	[{
					"socket":	6,
					"start":	2.000581,
					"end":	3.000072,
					"seconds":	0.999490976333618,
					"bytes":	34078720,
					"bits_per_second":	272768605.675735,
					"retransmits":	0,
					"snd_cwnd":	877488,
					"snd_wnd":	3145728,
					"rtt":	24738,
					"rttvar":	239,
					"pmtu":	1500,
					"omitted":	false,
					"sender":	true
				}],
			"sum":	{
				"start":	2.000581,
				"end":	3.000072,
				"seconds":	0.999490976333618,
				"bytes":	34078720,
				"bits_per_second":	272768605.675735,
				"retransmits":	0,
				"omitted":	false,
				"sender":	true
			}
		}, {
			"streams":	[{
					"socket":	6,
					"start":	3.000072,
					"end":	4.000049,
					"seconds":	0.9999769926071167,
					"bytes":	32768000,
					"bits_per_second":	262150031.38876653,
					"retransmits":	87,
					"snd_cwnd":	825360,
					"snd_wnd":	3145728,
					"rtt":	24750,
					"rttvar":	137,
					"pmtu":	1500,
					"omitted":	false,
					"sender":	true
				}],
			"sum":	{
				"start":	3.000072,
				"end":	4.000049,
				"seconds":	0.9999769926071167,
				"bytes":	32768000,
				"bits_per_second":	262150031.38876653,
				"retransmits":	87,
				"omitted":	false,
				"sender":	true
			}
		}, {
			"streams":	[{
					"socket":	6,
					"start":	4.000049,
					"end":	5.000085,
					"seconds":	1.0000360012054443,
					"bytes":	32768000,
					"bits_per_second":	262134562.83974916,
					"retransmits":	0,
					"snd_cwnd":	842736,
					"snd_wnd":	3145728,
					"rtt":	24951,
					"rttvar":	123,
					"pmtu":	1500,
					"omitted":	false,
					"sender":	true
				}],
			"sum":	{
				"start":	4.000049,
				"end":	5.000085,
				"seconds":	1.0000360012054443,
				"bytes":	32768000,
				"bits_per_second":	262134562.83974916,
				"retransmits":	0,
				"omitted":	false,
				"sender":	true
			}
		}, {
			"streams":	[{
					"socket":	6,
					"start":	5.000085,
					"end":	6.000076,
					"seconds":	0.999990999698639,
					"bytes":	31457280,
					"bits_per_second":	251660505.02038586,
					"retransmits":	54,
					"snd_cwnd":	831152,
					"snd_wnd":	3145728,
					"rtt":	24118,
					"rttvar":	260,
					"pmtu":	1500,
					"omitted":	false,
					"sender":	true
				}],
			"sum":	{
				"start":	5.000085,
				"end":	6.000076,
				"seconds":	0.999990999698639,
				"bytes":	31457280,
				"bits_per_second":	251660505.02038586,
				"retransmits":	54,
				"omitted":	false,
				"sender":	true
			}
		}, {
			"streams":	[{
					"socket":	6,
					"start":	6.000076,
					"end":	7.000078,
					"seconds":	1.0000020265579224,
					"bytes":	31457280,
					"bits_per_second":	251657730.00103354,
					"retransmits":	27,
					"snd_cwnd":	949888,
					"snd_wnd":	3145728,
					"rtt":	21033,
					"rttvar":	256,
					"pmtu":	1500,
					"omitted":	false,
					"sender":	true
				}],
			"sum":	{
				"start":	6.000076,
				"end":	7.000078,
				"seconds":	1.0000020265579224,
				"bytes":	31457280,
				"bits_per_second":	251657730.00103354,
				"retransmits":	27,
				"omitted":	false,
				"sender":	true
			}
		}, {
			"streams":	[{
					"socket":	6,
					"start":	7.000078,
					"end":	8.000071,
					"seconds":	0.99999302625656128,
					"bytes":	36700160,
					"bits_per_second":	293603327.51427883,
					"retransmits":	96,
					"snd_cwnd":	929616,
					"snd_wnd":	3145728,
					"rtt":	25346,
					"rttvar":	408,
					"pmtu":	1500,
					"omitted":	false,
					"sender":	true
				}],
			"sum":	{
				"start":	7.000078,
				"end":	8.000071,
				"seconds":	0.99999302625656128,
				"bytes":	36700160,
				"bits_per_second":	293603327.51427883,
				"retransmits":	96,
				"omitted":	false,
				"sender":	true
			}
		}, {
			"streams":	[{
					"socket":	6,
					"start":	8.000071,
					"end":	9.000075,
					"seconds":	1.0000040531158447,
					"bytes":	34078720,
					"bits_per_second":	272628655.00447869,
					"retransmits":	87,
					"snd_cwnd":	836944,
					"snd_wnd":	3145728,
					"rtt":	24672,
					"rttvar":	243,
					"pmtu":	1500,
					"omitted":	false,
					"sender":	true
				}],
			"sum":	{
				"start":	8.000071,
				"end":	9.000075,
				"seconds":	1.0000040531158447,
				"bytes":	34078720,
				"bits_per_second":	272628655.00447869,
				"retransmits":	87,
				"omitted":	false,
				"sender":	true
			}
		}, {
			"streams":	[{
					"socket":	6,
					"start":	9.000075,
					"end":	10.000076,
					"seconds":	1.0000009536743164,
					"bytes":	32768000,
					"bits_per_second":	262143750.00023842,
					"retransmits":	0,
					"snd_cwnd":	825360,
					"snd_wnd":	3145728,
					"rtt":	24351,
					"rttvar":	239,
					"pmtu":	1500,
					"omitted":	false,
					"sender":	true
				}],
			"sum":	{
				"start":	9.000075,
				"end":	10.000076,
				"seconds":	1.0000009536743164,
				"bytes":	32768000,
				"bits_per_second":	262143750.00023842,
				"retransmits":	0,
				"omitted":	false,
				"sender":	true
			}
		}],
	"end":	{
		"streams":	[{
				"sender":	{
					"socket":	6,
					"start":	0,
					"end":	10.000076,
					"seconds":	10.000076,
					"bytes":	336199680,
					"bits_per_second":	268957699.9214806,
					"retransmits":	1177,
					"max_snd_cwnd":	949888,
					"max_snd_wnd":	3145728,
					"max_rtt":	25346,
					"min_rtt":	21033,
					"mean_rtt":	24183,
					"sender":	true
				},
				"receiver":	{
					"socket":	6,
					"start":	0,
					"end":	10.025057,
					"seconds":	10.000076,
					"bytes":	332980632,
					"bits_per_second":	265718694.26777324,
					"sender":	true
				}
			}],
		"sum_sent":	{
			"start":	0,
			"end":	10.000076,
			"seconds":	10.000076,
			"bytes":	336199680,
			"bits_per_second":	268957699.9214806,
			"retransmits":	1177,
			"sender":	true
		},
		"sum_received":	{
			"start":	0,
			"end":	10.025057,
			"seconds":	10.025057,
			"bytes":	332980632,
			"bits_per_second":	265718694.26777324,
			"sender":	true
		},
		"cpu_utilization_percent":	{
			"host_total":	0.77735429648714138,
			"host_user":	0.028054667262882294,
			"host_system":	0.749299629224259,
			"remote_total":	2.56919953061665,
			"remote_user":	0.20690133972158595,
			"remote_system":	2.3622981908950642
		},
		"sender_tcp_congestion":	"bbr",
		"receiver_tcp_congestion":	"bbr"
	}
}
