{
	"start":	{
		"connected":	[{
				"socket":	6,
				"local_host":	"192.168.101.210",
				"local_port":	59246,
				"remote_host":	"192.168.100.168",
				"remote_port":	5201
			}],
		"version":	"iperf 3.11",
		"system_info":	"Linux f1 6.0.10-300.fc37.x86_64 #1 SMP PREEMPT_DYNAMIC Sat Nov 26 16:55:13 UTC 2022 x86_64",
		"timestamp":	{
			"time":	"Fri, 09 Dec 2022 23:34:51 GMT",
			"timesecs":	1670628891
		},
		"connecting_to":	{
			"host":	"192.168.100.168",
			"port":	5201
		},
		"cookie":	"e6cgpfyqcx64253ypihrne63t7elmitgpflt",
		"tcp_mss_default":	1448,
		"target_bitrate":	0,
		"sock_bufsize":	0,
		"sndbuf_actual":	16384,
		"rcvbuf_actual":	131072,
		"test_start":	{
			"protocol":	"TCP",
			"num_streams":	1,
			"blksize":	131072,
			"omit":	0,
			"duration":	10,
			"bytes":	0,
			"blocks":	0,
			"reverse":	0,
			"tos":	0,
			"target_bitrate":	0
		}
	},
	"intervals":	[{
			"streams":	[{
					"socket":	6,
					"start":	0,
					"end":	1.000226,
					"seconds":	1.0002260208129883,
					"bytes":	1416144,
					"bits_per_second":	11326591.954478063,
					"retransmits":	0,
					"snd_cwnd":	208512,
					"snd_wnd":	362496,
					"rtt":	200067,
					"rttvar":	15,
					"pmtu":	1500,
					"omitted":	false,
					"sender":	true
				}],
			"sum":	{
				"start":	0,
				"end":	1.000226,
				"seconds":	1.0002260208129883,
				"bytes":	1416144,
				"bits_per_second":	11326591.954478063,
				"retransmits":	0,
				"omitted":	false,
				"sender":	true
			}
		}, {
			"streams":	[{
					"socket":	6,
					"start":	1.000226,
					"end":	2.000192,
					"seconds":	0.999966025352478,
					"bytes":	8545328,
					"bits_per_second":	68364946.674966142,
					"retransmits":	0,
					"snd_cwnd":	6045400,
					"snd_wnd":	3143552,
					"rtt":	221441,
					"rttvar":	1533,
					"pmtu":	1500,
					"omitted":	false,
					"sender":	true
				}],
			"sum":	{
				"start":	1.000226,
				"end":	2.000192,
				"seconds":	0.999966025352478,
				"bytes":	8545328,
				"bits_per_second":	68364946.674966142,
				"retransmits":	0,
				"omitted":	false,
				"sender":	true
			}
		}, {
			"streams":	[{
					"socket":	6,
					"start":	2.000192,
					"end":	3.000202,
					"seconds":	1.0000100135803223,
					"bytes":	14417920,
					"bits_per_second":	115342205.01156557,
					"retransmits":	0,
					"snd_cwnd":	6339344,
					"snd_wnd":	3143552,
					"rtt":	200915,
					"rttvar":	597,
					"pmtu":	1500,
					"omitted":	false,
					"sender":	true
				}],
			"sum":	{
				"start":	2.000192,
				"end":	3.000202,
				"seconds":	1.0000100135803223,
				"bytes":	14417920,
				"bits_per_second":	115342205.01156557,
				"retransmits":	0,
				"omitted":	false,
				"sender":	true
			}
		}, {
			"streams":	[{
					"socket":	6,
					"start":	3.000202,
					"end":	4.000197,
					"seconds":	0.999994993209839,
					"bytes":	15728640,
					"bits_per_second":	125829750.00315429,
					"retransmits":	0,
					"snd_cwnd":	6339344,
					"snd_wnd":	3143552,
					"rtt":	200302,
					"rttvar":	320,
					"pmtu":	1500,
					"omitted":	false,
					"sender":	true
				}],
			"sum":	{
				"start":	3.000202,
				"end":	4.000197,
				"seconds":	0.999994993209839,
				"bytes":	15728640,
				"bits_per_second":	125829750.00315429,
				"retransmits":	0,
				"omitted":	false,
				"sender":	true
			}
		}, {
			"streams":	[{
					"socket":	6,
					"start":	4.000197,
					"end":	5.000182,
					"seconds":	0.9999849796295166,
					"bytes":	15728640,
					"bits_per_second":	125831010.02838893,
					"retransmits":	0,
					"snd_cwnd":	6339344,
					"snd_wnd":	3143552,
					"rtt":	200672,
					"rttvar":	441,
					"pmtu":	1500,
					"omitted":	false,
					"sender":	true
				}],
			"sum":	{
				"start":	4.000197,
				"end":	5.000182,
				"seconds":	0.9999849796295166,
				"bytes":	15728640,
				"bits_per_second":	125831010.02838893,
				"retransmits":	0,
				"omitted":	false,
				"sender":	true
			}
		}, {
			"streams":	[{
					"socket":	6,
					"start":	5.000182,
					"end":	6.000191,
					"seconds":	1.0000089406967163,
					"bytes":	14417920,
					"bits_per_second":	115342328.75922,
					"retransmits":	0,
					"snd_cwnd":	6339344,
					"snd_wnd":	3143552,
					"rtt":	200405,
					"rttvar":	161,
					"pmtu":	1500,
					"omitted":	false,
					"sender":	true
				}],
			"sum":	{
				"start":	5.000182,
				"end":	6.000191,
				"seconds":	1.0000089406967163,
				"bytes":	14417920,
				"bits_per_second":	115342328.75922,
				"retransmits":	0,
				"omitted":	false,
				"sender":	true
			}
		}, {
			"streams":	[{
					"socket":	6,
					"start":	6.000191,
					"end":	7.000178,
					"seconds":	0.999987006187439,
					"bytes":	15728640,
					"bits_per_second":	125830755.02124517,
					"retransmits":	0,
					"snd_cwnd":	6339344,
					"snd_wnd":	3143552,
					"rtt":	200311,
					"rttvar":	330,
					"pmtu":	1500,
					"omitted":	false,
					"sender":	true
				}],
			"sum":	{
				"start":	6.000191,
				"end":	7.000178,
				"seconds":	0.999987006187439,
				"bytes":	15728640,
				"bits_per_second":	125830755.02124517,
				"retransmits":	0,
				"omitted":	false,
				"sender":	true
			}
		}, {
			"streams":	[{
					"socket":	6,
					"start":	7.000178,
					"end":	8.000171,
					"seconds":	0.99999302625656128,
					"bytes":	15728640,
					"bits_per_second":	125829997.5061195,
					"retransmits":	0,
					"snd_cwnd":	6339344,
					"snd_wnd":	3143552,
					"rtt":	201565,
					"rttvar":	928,
					"pmtu":	1500,
					"omitted":	false,
					"sender":	true
				}],
			"sum":	{
				"start":	7.000178,
				"end":	8.000171,
				"seconds":	0.99999302625656128,
				"bytes":	15728640,
				"bits_per_second":	125829997.5061195,
				"retransmits":	0,
				"omitted":	false,
				"sender":	true
			}
		}, {
			"streams":	[{
					"socket":	6,
					"start":	8.000171,
					"end":	9.000181,
					"seconds":	1.0000100135803223,
					"bytes":	14417920,
					"bits_per_second":	115342205.01156557,
					"retransmits":	0,
					"snd_cwnd":	6339344,
					"snd_wnd":	3143552,
					"rtt":	200398,
					"rttvar":	160,
					"pmtu":	1500,
					"omitted":	false,
					"sender":	true
				}],
			"sum":	{
				"start":	8.000171,
				"end":	9.000181,
				"seconds":	1.0000100135803223,
				"bytes":	14417920,
				"bits_per_second":	115342205.01156557,
				"retransmits":	0,
				"omitted":	false,
				"sender":	true
			}
		}, {
			"streams":	[{
					"socket":	6,
					"start":	9.000181,
					"end":	10.000179,
					"seconds":	0.99999797344207764,
					"bytes":	15728640,
					"bits_per_second":	125829375.00051677,
					"retransmits":	0,
					"snd_cwnd":	6339344,
					"snd_wnd":	3143552,
					"rtt":	200161,
					"rttvar":	150,
					"pmtu":	1500,
					"omitted":	false,
					"sender":	true
				}],
			"sum":	{
				"start":	9.000181,
				"end":	10.000179,
				"seconds":	0.99999797344207764,
				"bytes":	15728640,
				"bits_per_second":	125829375.00051677,
				"retransmits":	0,
				"omitted":	false,
				"sender":	true
			}
		}],
	"end":	{
		"streams":	[{
				"sender":	{
					"socket":	6,
					"start":	0,
					"end":	10.000179,
					"seconds":	10.000179,
					"bytes":	131858432,
					"bits_per_second":	105484857.42105217,
					"retransmits":	0,
					"max_snd_cwnd":	6339344,
					"max_snd_wnd":	3143552,
					"max_rtt":	221441,
					"min_rtt":	200067,
					"mean_rtt":	202623,
					"sender":	true
				},
				"receiver":	{
					"socket":	6,
					"start":	0,
					"end":	10.200318,
					"seconds":	10.000179,
					"bytes":	131588544,
					"bits_per_second":	103203483.65609778,
					"sender":	true
				}
			}],
		"sum_sent":	{
			"start":	0,
			"end":	10.000179,
			"seconds":	10.000179,
			"bytes":	131858432,
			"bits_per_second":	105484857.42105217,
			"retransmits":	0,
			"sender":	true
		},
		"sum_received":	{
			"start":	0,
			"end":	10.200318,
			"seconds":	10.200318,
			"bytes":	131588544,
			"bits_per_second":	103203483.65609778,
			"sender":	true
		},
		"cpu_utilization_percent":	{
			"host_total":	2.5633222992922242,
			"host_user":	0.26966065787276178,
			"host_system":	2.2936616414194622,
			"remote_total":	0.67204675298804,
			"remote_user":	0.026744227540829064,
			"remote_system":	0.645302525447211
		},
		"sender_tcp_congestion":	"cubic",
		"receiver_tcp_congestion":	"cubic"
	}
}
