{
	"start":	{
		"connected":	[{
				"socket":	6,
				"local_host":	"192.168.101.210",
				"local_port":	40524,
				"remote_host":	"192.168.100.168",
				"remote_port":	5201
			}],
		"version":	"iperf 3.11",
		"system_info":	"Linux f1 6.0.10-300.fc37.x86_64 #1 SMP PREEMPT_DYNAMIC Sat Nov 26 16:55:13 UTC 2022 x86_64",
		"timestamp":	{
			"time":	"Fri, 09 Dec 2022 23:08:04 GMT",
			"timesecs":	1670627284
		},
		"connecting_to":	{
			"host":	"192.168.100.168",
			"port":	5201
		},
		"cookie":	"g6q7gexopgow5qtu6uzbpan4esqic2rboznk",
		"tcp_mss_default":	1448,
		"target_bitrate":	0,
		"sock_bufsize":	0,
		"sndbuf_actual":	16384,
		"rcvbuf_actual":	131072,
		"test_start":	{
			"protocol":	"TCP",
			"num_streams":	1,
			"blksize":	131072,
			"omit":	0,
			"duration":	10,
			"bytes":	0,
			"blocks":	0,
			"reverse":	0,
			"tos":	0,
			"target_bitrate":	0
		}
	},
	"intervals":	[{
			"streams":	[{
					"socket":	6,
					"start":	0,
					"end":	1.000374,
					"seconds":	1.0003739595413208,
					"bytes":	5111808,
					"bits_per_second":	40879176.841778673,
					"retransmits":	0,
					"snd_cwnd":	1090344,
					"snd_wnd":	3143552,
					"rtt":	275279,
					"rttvar":	739,
					"pmtu":	1500,
					"omitted":	false,
					"sender":	true
				}],
			"sum":	{
				"start":	0,
				"end":	1.000374,
				"seconds":	1.0003739595413208,
				"bytes":	5111808,
				"bits_per_second":	40879176.841778673,
				"retransmits":	0,
				"omitted":	false,
				"sender":	true
			}
		}, {
			"streams":	[{
					"socket":	6,
					"start":	1.000374,
					"end":	2.000091,
					"seconds":	0.99971699714660645,
					"bytes":	5242880,
					"bits_per_second":	41954913.360194817,
					"retransmits":	0,
					"snd_cwnd":	1298856,
					"snd_wnd":	3143552,
					"rtt":	275487,
					"rttvar":	2404,
					"pmtu":	1500,
					"omitted":	false,
					"sender":	true
				}],
			"sum":	{
				"start":	1.000374,
				"end":	2.000091,
				"seconds":	0.99971699714660645,
				"bytes":	5242880,
				"bits_per_second":	41954913.360194817,
				"retransmits":	0,
				"omitted":	false,
				"sender":	true
			}
		}, {
			"streams":	[{
					"socket":	6,
					"start":	2.000091,
					"end":	3.000097,
					"seconds":	1.0000059604644775,
					"bytes":	3932160,
					"bits_per_second":	31457092.50111758,
					"retransmits":	0,
					"snd_cwnd":	1505920,
					"snd_wnd":	3143552,
					"rtt":	342024,
					"rttvar":	331,
					"pmtu":	1500,
					"omitted":	false,
					"sender":	true
				}],
			"sum":	{
				"start":	2.000091,
				"end":	3.000097,
				"seconds":	1.0000059604644775,
				"bytes":	3932160,
				"bits_per_second":	31457092.50111758,
				"retransmits":	0,
				"omitted":	false,
				"sender":	true
			}
		}, {
			"streams":	[{
					"socket":	6,
					"start":	3.000097,
					"end":	4.000174,
					"seconds":	1.00007700920105,
					"bytes":	3932160,
					"bits_per_second":	31454857.686540425,
					"retransmits":	0,
					"snd_cwnd":	1723120,
					"snd_wnd":	3143552,
					"rtt":	366373,
					"rttvar":	1639,
					"pmtu":	1500,
					"omitted":	false,
					"sender":	true
				}],
			"sum":	{
				"start":	3.000097,
				"end":	4.000174,
				"seconds":	1.00007700920105,
				"bytes":	3932160,
				"bits_per_second":	31454857.686540425,
				"retransmits":	0,
				"omitted":	false,
				"sender":	true
			}
		}, {
			"streams":	[{
					"socket":	6,
					"start":	4.000174,
					"end":	5.000069,
					"seconds":	0.99989497661590576,
					"bytes":	5242880,
					"bits_per_second":	41947445.4626766,
					"retransmits":	0,
					"snd_cwnd":	1959144,
					"snd_wnd":	3143552,
					"rtt":	370148,
					"rttvar":	73,
					"pmtu":	1500,
					"omitted":	false,
					"sender":	true
				}],
			"sum":	{
				"start":	4.000174,
				"end":	5.000069,
				"seconds":	0.99989497661590576,
				"bytes":	5242880,
				"bits_per_second":	41947445.4626766,
				"retransmits":	0,
				"omitted":	false,
				"sender":	true
			}
		}, {
			"streams":	[{
					"socket":	6,
					"start":	5.000069,
					"end":	6.000068,
					"seconds":	0.99999898672103882,
					"bytes":	5242880,
					"bits_per_second":	41943082.500043064,
					"retransmits":	0,
					"snd_cwnd":	2218336,
					"snd_wnd":	3143680,
					"rtt":	404829,
					"rttvar":	259,
					"pmtu":	1500,
					"omitted":	false,
					"sender":	true
				}],
			"sum":	{
				"start":	5.000069,
				"end":	6.000068,
				"seconds":	0.99999898672103882,
				"bytes":	5242880,
				"bits_per_second":	41943082.500043064,
				"retransmits":	0,
				"omitted":	false,
				"sender":	true
			}
		}, {
			"streams":	[{
					"socket":	6,
					"start":	6.000068,
					"end":	7.000069,
					"seconds":	1.0000009536743164,
					"bytes":	5242880,
					"bits_per_second":	41943000.000038147,
					"retransmits":	0,
					"snd_cwnd":	2486216,
					"snd_wnd":	3143680,
					"rtt":	441085,
					"rttvar":	236,
					"pmtu":	1500,
					"omitted":	false,
					"sender":	true
				}],
			"sum":	{
				"start":	6.000068,
				"end":	7.000069,
				"seconds":	1.0000009536743164,
				"bytes":	5242880,
				"bits_per_second":	41943000.000038147,
				"retransmits":	0,
				"omitted":	false,
				"sender":	true
			}
		}, {
			"streams":	[{
					"socket":	6,
					"start":	7.000069,
					"end":	8.000087,
					"seconds":	1.0000180006027222,
					"bytes":	5242880,
					"bits_per_second":	41942285.0135902,
					"retransmits":	0,
					"snd_cwnd":	2754096,
					"snd_wnd":	3143680,
					"rtt":	486947,
					"rttvar":	701,
					"pmtu":	1500,
					"omitted":	false,
					"sender":	true
				}],
			"sum":	{
				"start":	7.000069,
				"end":	8.000087,
				"seconds":	1.0000180006027222,
				"bytes":	5242880,
				"bits_per_second":	41942285.0135902,
				"retransmits":	0,
				"omitted":	false,
				"sender":	true
			}
		}, {
			"streams":	[{
					"socket":	6,
					"start":	8.000087,
					"end":	9.000111,
					"seconds":	1.0000239610672,
					"bytes":	5242880,
					"bits_per_second":	41942035.0240803,
					"retransmits":	0,
					"snd_cwnd":	3027768,
					"snd_wnd":	3143680,
					"rtt":	528005,
					"rttvar":	400,
					"pmtu":	1500,
					"omitted":	false,
					"sender":	true
				}],
			"sum":	{
				"start":	8.000087,
				"end":	9.000111,
				"seconds":	1.0000239610672,
				"bytes":	5242880,
				"bits_per_second":	41942035.0240803,
				"retransmits":	0,
				"omitted":	false,
				"sender":	true
			}
		}, {
			"streams":	[{
					"socket":	6,
					"start":	9.000111,
					"end":	10.000181,
					"seconds":	1.0000699758529663,
					"bytes":	5242880,
					"bits_per_second":	41940105.205364756,
					"retransmits":	0,
					"snd_cwnd":	3302888,
					"snd_wnd":	3143680,
					"rtt":	564814,
					"rttvar":	408,
					"pmtu":	1500,
					"omitted":	false,
					"sender":	true
				}],
			"sum":	{
				"start":	9.000111,
				"end":	10.000181,
				"seconds":	1.0000699758529663,
				"bytes":	5242880,
				"bits_per_second":	41940105.205364756,
				"retransmits":	0,
				"omitted":	false,
				"sender":	true
			}
		}],
	"end":	{
		"streams":	[{
				"sender":	{
					"socket":	6,
					"start":	0,
					"end":	10.000181,
					"seconds":	10.000181,
					"bytes":	49676288,
					"bits_per_second":	39740311.100369088,
					"retransmits":	0,
					"max_snd_cwnd":	3302888,
					"max_snd_wnd":	3143680,
					"max_rtt":	564814,
					"min_rtt":	275279,
					"mean_rtt":	405499,
					"sender":	true
				},
				"receiver":	{
					"socket":	6,
					"start":	0,
					"end":	10.505136,
					"seconds":	10.000181,
					"bytes":	49675728,
					"bits_per_second":	37829669.601612,
					"sender":	true
				}
			}],
		"sum_sent":	{
			"start":	0,
			"end":	10.000181,
			"seconds":	10.000181,
			"bytes":	49676288,
			"bits_per_second":	39740311.100369088,
			"retransmits":	0,
			"sender":	true
		},
		"sum_received":	{
			"start":	0,
			"end":	10.505136,
			"seconds":	10.505136,
			"bytes":	49675728,
			"bits_per_second":	37829669.601612,
			"sender":	true
		},
		"cpu_utilization_percent":	{
			"host_total":	0.828514963593569,
			"host_user":	0.11138505972409822,
			"host_system":	0.71713961147446681,
			"remote_total":	1.8155384388682576,
			"remote_user":	0.098675430369948136,
			"remote_system":	1.7168725276407337
		},
		"sender_tcp_congestion":	"cubic",
		"receiver_tcp_congestion":	"cubic"
	}
}
