{
	"start":	{
		"connected":	[{
				"socket":	6,
				"local_host":	"192.168.101.210",
				"local_port":	53346,
				"remote_host":	"192.168.100.168",
				"remote_port":	5202
			}],
		"version":	"iperf 3.11",
		"system_info":	"Linux f1 6.0.10-300.fc37.x86_64 #1 SMP PREEMPT_DYNAMIC Sat Nov 26 16:55:13 UTC 2022 x86_64",
		"timestamp":	{
			"time":	"Fri, 09 Dec 2022 23:34:51 GMT",
			"timesecs":	1670628891
		},
		"connecting_to":	{
			"host":	"192.168.100.168",
			"port":	5202
		},
		"cookie":	"fprz25gyktnm2lraxoaz7akpppes3bsazzvb",
		"tcp_mss_default":	1448,
		"target_bitrate":	0,
		"sock_bufsize":	0,
		"sndbuf_actual":	16384,
		"rcvbuf_actual":	131072,
		"test_start":	{
			"protocol":	"TCP",
			"num_streams":	1,
			"blksize":	131072,
			"omit":	0,
			"duration":	10,
			"bytes":	0,
			"blocks":	0,
			"reverse":	0,
			"tos":	0,
			"target_bitrate":	0
		}
	},
	"intervals":	[{
			"streams":	[{
					"socket":	6,
					"start":	0,
					"end":	1.000073,
					"seconds":	1.0000729560852051,
					"bytes":	1807104,
					"bits_per_second":	14455777.363074994,
					"retransmits":	0,
					"snd_cwnd":	209960,
					"snd_wnd":	342144,
					"rtt":	200094,
					"rttvar":	5,
					"pmtu":	1500,
					"omitted":	false,
					"sender":	true
				}],
			"sum":	{
				"start":	0,
				"end":	1.000073,
				"seconds":	1.0000729560852051,
				"bytes":	1807104,
				"bits_per_second":	14455777.363074994,
				"retransmits":	0,
				"omitted":	false,
				"sender":	true
			}
		}, {
			"streams":	[{
					"socket":	6,
					"start":	1.000073,
					"end":	2.000081,
					"seconds":	1.0000079870224,
					"bytes":	7236864,
					"bits_per_second":	57894449.595734246,
					"retransmits":	0,
					"snd_cwnd":	6275632,
					"snd_wnd":	3143552,
					"rtt":	200082,
					"rttvar":	7,
					"pmtu":	1500,
					"omitted":	false,
					"sender":	true
				}],
			"sum":	{
				"start":	1.000073,
				"end":	2.000081,
				"seconds":	1.0000079870224,
				"bytes":	7236864,
				"bits_per_second":	57894449.595734246,
				"retransmits":	0,
				"omitted":	false,
				"sender":	true
			}
		}, {
			"streams":	[{
					"socket":	6,
					"start":	2.000081,
					"end":	3.000073,
					"seconds":	0.9999920129776,
					"bytes":	15728640,
					"bits_per_second":	125830125.008027,
					"retransmits":	0,
					"snd_cwnd":	9210728,
					"snd_wnd":	3143552,
					"rtt":	200099,
					"rttvar":	15,
					"pmtu":	1500,
					"omitted":	false,
					"sender":	true
				}],
			"sum":	{
				"start":	2.000081,
				"end":	3.000073,
				"seconds":	0.9999920129776,
				"bytes":	15728640,
				"bits_per_second":	125830125.008027,
				"retransmits":	0,
				"omitted":	false,
				"sender":	true
			}
		}, {
			"streams":	[{
					"socket":	6,
					"start":	3.000073,
					"end":	4.000073,
					"seconds":	1,
					"bytes":	15728640,
					"bits_per_second":	125829120,
					"retransmits":	0,
					"snd_cwnd":	9210728,
					"snd_wnd":	3143552,
					"rtt":	200085,
					"rttvar":	10,
					"pmtu":	1500,
					"omitted":	false,
					"sender":	true
				}],
			"sum":	{
				"start":	3.000073,
				"end":	4.000073,
				"seconds":	1,
				"bytes":	15728640,
				"bits_per_second":	125829120,
				"retransmits":	0,
				"omitted":	false,
				"sender":	true
			}
		}, {
			"streams":	[{
					"socket":	6,
					"start":	4.000073,
					"end":	5.000074,
					"seconds":	1.0000009536743164,
					"bytes":	14417920,
					"bits_per_second":	115343250.0001049,
					"retransmits":	0,
					"snd_cwnd":	9210728,
					"snd_wnd":	3143552,
					"rtt":	200095,
					"rttvar":	22,
					"pmtu":	1500,
					"omitted":	false,
					"sender":	true
				}],
			"sum":	{
				"start":	4.000073,
				"end":	5.000074,
				"seconds":	1.0000009536743164,
				"bytes":	14417920,
				"bits_per_second":	115343250.0001049,
				"retransmits":	0,
				"omitted":	false,
				"sender":	true
			}
		}, {
			"streams":	[{
					"socket":	6,
					"start":	5.000074,
					"end":	6.000068,
					"seconds":	0.99999397993087769,
					"bytes":	15728640,
					"bits_per_second":	125829877.50456023,
					"retransmits":	0,
					"snd_cwnd":	9210728,
					"snd_wnd":	3143552,
					"rtt":	200082,
					"rttvar":	9,
					"pmtu":	1500,
					"omitted":	false,
					"sender":	true
				}],
			"sum":	{
				"start":	5.000074,
				"end":	6.000068,
				"seconds":	0.99999397993087769,
				"bytes":	15728640,
				"bits_per_second":	125829877.50456023,
				"retransmits":	0,
				"omitted":	false,
				"sender":	true
			}
		}, {
			"streams":	[{
					"socket":	6,
					"start":	6.000068,
					"end":	7.000075,
					"seconds":	1.0000070333480835,
					"bytes":	14417920,
					"bits_per_second":	115342548.75570576,
					"retransmits":	0,
					"snd_cwnd":	9210728,
					"snd_wnd":	3143552,
					"rtt":	200096,
					"rttvar":	12,
					"pmtu":	1500,
					"omitted":	false,
					"sender":	true
				}],
			"sum":	{
				"start":	6.000068,
				"end":	7.000075,
				"seconds":	1.0000070333480835,
				"bytes":	14417920,
				"bits_per_second":	115342548.75570576,
				"retransmits":	0,
				"omitted":	false,
				"sender":	true
			}
		}, {
			"streams":	[{
					"socket":	6,
					"start":	7.000075,
					"end":	8.00007,
					"seconds":	0.999994993209839,
					"bytes":	15728640,
					"bits_per_second":	125829750.00315429,
					"retransmits":	0,
					"snd_cwnd":	9210728,
					"snd_wnd":	3143552,
					"rtt":	200092,
					"rttvar":	9,
					"pmtu":	1500,
					"omitted":	false,
					"sender":	true
				}],
			"sum":	{
				"start":	7.000075,
				"end":	8.00007,
				"seconds":	0.999994993209839,
				"bytes":	15728640,
				"bits_per_second":	125829750.00315429,
				"retransmits":	0,
				"omitted":	false,
				"sender":	true
			}
		}, {
			"streams":	[{
					"socket":	6,
					"start":	8.00007,
					"end":	9.000082,
					"seconds":	1.0000120401382446,
					"bytes":	14417920,
					"bits_per_second":	115341971.26672053,
					"retransmits":	0,
					"snd_cwnd":	9210728,
					"snd_wnd":	3143552,
					"rtt":	200086,
					"rttvar":	10,
					"pmtu":	1500,
					"omitted":	false,
					"sender":	true
				}],
			"sum":	{
				"start":	8.00007,
				"end":	9.000082,
				"seconds":	1.0000120401382446,
				"bytes":	14417920,
				"bits_per_second":	115341971.26672053,
				"retransmits":	0,
				"omitted":	false,
				"sender":	true
			}
		}, {
			"streams":	[{
					"socket":	6,
					"start":	9.000082,
					"end":	10.000078,
					"seconds":	0.9999960064888,
					"bytes":	15728640,
					"bits_per_second":	125829622.50200675,
					"retransmits":	0,
					"snd_cwnd":	9210728,
					"snd_wnd":	3143552,
					"rtt":	200091,
					"rttvar":	13,
					"pmtu":	1500,
					"omitted":	false,
					"sender":	true
				}],
			"sum":	{
				"start":	9.000082,
				"end":	10.000078,
				"seconds":	0.9999960064888,
				"bytes":	15728640,
				"bits_per_second":	125829622.50200675,
				"retransmits":	0,
				"omitted":	false,
				"sender":	true
			}
		}],
	"end":	{
		"streams":	[{
				"sender":	{
					"socket":	6,
					"start":	0,
					"end":	10.000078,
					"seconds":	10.000078,
					"bytes":	130940928,
					"bits_per_second":	104751925.33498238,
					"retransmits":	0,
					"max_snd_cwnd":	9210728,
					"max_snd_wnd":	3143552,
					"max_rtt":	200099,
					"min_rtt":	200082,
					"mean_rtt":	200090,
					"sender":	true
				},
				"receiver":	{
					"socket":	6,
					"start":	0,
					"end":	10.200191,
					"seconds":	10.000078,
					"bytes":	130129768,
					"bits_per_second":	102060652.00151645,
					"sender":	true
				}
			}],
		"sum_sent":	{
			"start":	0,
			"end":	10.000078,
			"seconds":	10.000078,
			"bytes":	130940928,
			"bits_per_second":	104751925.33498238,
			"retransmits":	0,
			"sender":	true
		},
		"sum_received":	{
			"start":	0,
			"end":	10.200191,
			"seconds":	10.200191,
			"bytes":	130129768,
			"bits_per_second":	102060652.00151645,
			"sender":	true
		},
		"cpu_utilization_percent":	{
			"host_total":	2.4957359685035638,
			"host_user":	0.25541604209004565,
			"host_system":	2.2403199264135183,
			"remote_total":	0.991842033102642,
			"remote_user":	0.10697815820120619,
			"remote_system":	0.884854071184592
		},
		"sender_tcp_congestion":	"bbr",
		"receiver_tcp_congestion":	"bbr"
	}
}
