{
	"start":	{
		"connected":	[{
				"socket":	6,
				"local_host":	"192.168.101.210",
				"local_port":	54272,
				"remote_host":	"192.168.100.168",
				"remote_port":	5202
			}],
		"version":	"iperf 3.11",
		"system_info":	"Linux f1 6.0.10-300.fc37.x86_64 #1 SMP PREEMPT_DYNAMIC Sat Nov 26 16:55:13 UTC 2022 x86_64",
		"timestamp":	{
			"time":	"Fri, 09 Dec 2022 23:29:15 GMT",
			"timesecs":	1670628555
		},
		"connecting_to":	{
			"host":	"192.168.100.168",
			"port":	5202
		},
		"cookie":	"uny6qxuwabthvgsz5re6o2k5uuz47ivlmky5",
		"tcp_mss_default":	1448,
		"target_bitrate":	0,
		"sock_bufsize":	0,
		"sndbuf_actual":	16384,
		"rcvbuf_actual":	131072,
		"test_start":	{
			"protocol":	"TCP",
			"num_streams":	1,
			"blksize":	131072,
			"omit":	0,
			"duration":	10,
			"bytes":	0,
			"blocks":	0,
			"reverse":	0,
			"tos":	0,
			"target_bitrate":	0
		}
	},
	"intervals":	[{
			"streams":	[{
					"socket":	6,
					"start":	0,
					"end":	1.000073,
					"seconds":	1.0000729560852051,
					"bytes":	28311552,
					"bits_per_second":	226475893.20543841,
					"retransmits":	943,
					"snd_cwnd":	1946112,
					"snd_wnd":	3145728,
					"rtt":	39243,
					"rttvar":	151,
					"pmtu":	1500,
					"omitted":	false,
					"sender":	true
				}],
			"sum":	{
				"start":	0,
				"end":	1.000073,
				"seconds":	1.0000729560852051,
				"bytes":	28311552,
				"bits_per_second":	226475893.20543841,
				"retransmits":	943,
				"omitted":	false,
				"sender":	true
			}
		}, {
			"streams":	[{
					"socket":	6,
					"start":	1.000073,
					"end":	2.000068,
					"seconds":	0.999994993209839,
					"bytes":	38010880,
					"bits_per_second":	304088562.5076229,
					"retransmits":	255,
					"snd_cwnd":	2432640,
					"snd_wnd":	3145728,
					"rtt":	30361,
					"rttvar":	96,
					"pmtu":	1500,
					"omitted":	false,
					"sender":	true
				}],
			"sum":	{
				"start":	1.000073,
				"end":	2.000068,
				"seconds":	0.999994993209839,
				"bytes":	38010880,
				"bits_per_second":	304088562.5076229,
				"retransmits":	255,
				"omitted":	false,
				"sender":	true
			}
		}, {
			"streams":	[{
					"socket":	6,
					"start":	2.000068,
					"end":	3.000069,
					"seconds":	1.0000009536743164,
					"bytes":	44564480,
					"bits_per_second":	356515500.00032425,
					"retransmits":	121,
					"snd_cwnd":	2626672,
					"snd_wnd":	3145728,
					"rtt":	31296,
					"rttvar":	336,
					"pmtu":	1500,
					"omitted":	false,
					"sender":	true
				}],
			"sum":	{
				"start":	2.000068,
				"end":	3.000069,
				"seconds":	1.0000009536743164,
				"bytes":	44564480,
				"bits_per_second":	356515500.00032425,
				"retransmits":	121,
				"omitted":	false,
				"sender":	true
			}
		}, {
			"streams":	[{
					"socket":	6,
					"start":	3.000069,
					"end":	4.000066,
					"seconds":	0.99999701976776123,
					"bytes":	47185920,
					"bits_per_second":	377488485.00335276,
					"retransmits":	204,
					"snd_cwnd":	2719344,
					"snd_wnd":	3145728,
					"rtt":	35593,
					"rttvar":	209,
					"pmtu":	1500,
					"omitted":	false,
					"sender":	true
				}],
			"sum":	{
				"start":	3.000069,
				"end":	4.000066,
				"seconds":	0.99999701976776123,
				"bytes":	47185920,
				"bits_per_second":	377488485.00335276,
				"retransmits":	204,
				"omitted":	false,
				"sender":	true
			}
		}, {
			"streams":	[{
					"socket":	6,
					"start":	4.000066,
					"end":	5.000073,
					"seconds":	1.0000070333480835,
					"bytes":	45875200,
					"bits_per_second":	366999018.76815468,
					"retransmits":	363,
					"snd_cwnd":	2745408,
					"snd_wnd":	3145728,
					"rtt":	25116,
					"rttvar":	47,
					"pmtu":	1500,
					"omitted":	false,
					"sender":	true
				}],
			"sum":	{
				"start":	4.000066,
				"end":	5.000073,
				"seconds":	1.0000070333480835,
				"bytes":	45875200,
				"bits_per_second":	366999018.76815468,
				"retransmits":	363,
				"omitted":	false,
				"sender":	true
			}
		}, {
			"streams":	[{
					"socket":	6,
					"start":	5.000073,
					"end":	6.000071,
					"seconds":	0.99999797344207764,
					"bytes":	49807360,
					"bits_per_second":	398459687.50163645,
					"retransmits":	126,
					"snd_cwnd":	2832288,
					"snd_wnd":	3145728,
					"rtt":	31396,
					"rttvar":	669,
					"pmtu":	1500,
					"omitted":	false,
					"sender":	true
				}],
			"sum":	{
				"start":	5.000073,
				"end":	6.000071,
				"seconds":	0.99999797344207764,
				"bytes":	49807360,
				"bits_per_second":	398459687.50163645,
				"retransmits":	126,
				"omitted":	false,
				"sender":	true
			}
		}, {
			"streams":	[{
					"socket":	6,
					"start":	6.000071,
					"end":	7.000081,
					"seconds":	1.0000100135803223,
					"bytes":	48496640,
					"bits_per_second":	387969235.03890234,
					"retransmits":	210,
					"snd_cwnd":	2774368,
					"snd_wnd":	3145728,
					"rtt":	32792,
					"rttvar":	264,
					"pmtu":	1500,
					"omitted":	false,
					"sender":	true
				}],
			"sum":	{
				"start":	6.000071,
				"end":	7.000081,
				"seconds":	1.0000100135803223,
				"bytes":	48496640,
				"bits_per_second":	387969235.03890234,
				"retransmits":	210,
				"omitted":	false,
				"sender":	true
			}
		}, {
			"streams":	[{
					"socket":	6,
					"start":	7.000081,
					"end":	8.000077,
					"seconds":	0.9999960064888,
					"bytes":	45875200,
					"bits_per_second":	367003065.630853,
					"retransmits":	290,
					"snd_cwnd":	1627552,
					"snd_wnd":	3145728,
					"rtt":	37828,
					"rttvar":	1050,
					"pmtu":	1500,
					"omitted":	false,
					"sender":	true
				}],
			"sum":	{
				"start":	7.000081,
				"end":	8.000077,
				"seconds":	0.9999960064888,
				"bytes":	45875200,
				"bits_per_second":	367003065.630853,
				"retransmits":	290,
				"omitted":	false,
				"sender":	true
			}
		}, {
			"streams":	[{
					"socket":	6,
					"start":	8.000077,
					"end":	9.000064,
					"seconds":	0.999987006187439,
					"bytes":	48496640,
					"bits_per_second":	387978161.315506,
					"retransmits":	205,
					"snd_cwnd":	2730928,
					"snd_wnd":	3145728,
					"rtt":	36337,
					"rttvar":	344,
					"pmtu":	1500,
					"omitted":	false,
					"sender":	true
				}],
			"sum":	{
				"start":	8.000077,
				"end":	9.000064,
				"seconds":	0.999987006187439,
				"bytes":	48496640,
				"bits_per_second":	387978161.315506,
				"retransmits":	205,
				"omitted":	false,
				"sender":	true
			}
		}, {
			"streams":	[{
					"socket":	6,
					"start":	9.000064,
					"end":	10.000081,
					"seconds":	1.0000170469284058,
					"bytes":	47185920,
					"bits_per_second":	377480925.10969514,
					"retransmits":	186,
					"snd_cwnd":	2646944,
					"snd_wnd":	3145728,
					"rtt":	37621,
					"rttvar":	804,
					"pmtu":	1500,
					"omitted":	false,
					"sender":	true
				}],
			"sum":	{
				"start":	9.000064,
				"end":	10.000081,
				"seconds":	1.0000170469284058,
				"bytes":	47185920,
				"bits_per_second":	377480925.10969514,
				"retransmits":	186,
				"omitted":	false,
				"sender":	true
			}
		}],
	"end":	{
		"streams":	[{
				"sender":	{
					"socket":	6,
					"start":	0,
					"end":	10.000081,
					"seconds":	10.000081,
					"bytes":	443809792,
					"bits_per_second":	355044957.73584235,
					"retransmits":	2903,
					"max_snd_cwnd":	2832288,
					"max_snd_wnd":	3145728,
					"max_rtt":	39243,
					"min_rtt":	25116,
					"mean_rtt":	33758,
					"sender":	true
				},
				"receiver":	{
					"socket":	6,
					"start":	0,
					"end":	10.034731,
					"seconds":	10.000081,
					"bytes":	441487768,
					"bits_per_second":	351967795.05100834,
					"sender":	true
				}
			}],
		"sum_sent":	{
			"start":	0,
			"end":	10.000081,
			"seconds":	10.000081,
			"bytes":	443809792,
			"bits_per_second":	355044957.73584235,
			"retransmits":	2903,
			"sender":	true
		},
		"sum_received":	{
			"start":	0,
			"end":	10.034731,
			"seconds":	10.034731,
			"bytes":	441487768,
			"bits_per_second":	351967795.05100834,
			"sender":	true
		},
		"cpu_utilization_percent":	{
			"host_total":	2.2252995374688269,
			"host_user":	0.072773841650020876,
			"host_system":	2.1525256958188055,
			"remote_total":	3.10231102035976,
			"remote_user":	0.25013092011804983,
			"remote_system":	2.85218010024171
		},
		"sender_tcp_congestion":	"bbr",
		"receiver_tcp_congestion":	"bbr"
	}
}
