{
	"start":	{
		"connected":	[{
				"socket":	6,
				"local_host":	"192.168.101.210",
				"local_port":	60418,
				"remote_host":	"192.168.100.168",
				"remote_port":	5201
			}],
		"version":	"iperf 3.11",
		"system_info":	"Linux f1 6.0.10-300.fc37.x86_64 #1 SMP PREEMPT_DYNAMIC Sat Nov 26 16:55:13 UTC 2022 x86_64",
		"timestamp":	{
			"time":	"Fri, 09 Dec 2022 23:33:17 GMT",
			"timesecs":	1670628797
		},
		"connecting_to":	{
			"host":	"192.168.100.168",
			"port":	5201
		},
		"cookie":	"gk2eik7fcoz3pexaxhtciedz633wibxz7wmz",
		"tcp_mss_default":	1448,
		"target_bitrate":	0,
		"sock_bufsize":	0,
		"sndbuf_actual":	16384,
		"rcvbuf_actual":	131072,
		"test_start":	{
			"protocol":	"TCP",
			"num_streams":	1,
			"blksize":	131072,
			"omit":	0,
			"duration":	10,
			"bytes":	0,
			"blocks":	0,
			"reverse":	0,
			"tos":	0,
			"target_bitrate":	0
		}
	},
	"intervals":	[{
			"streams":	[{
					"socket":	6,
					"start":	0,
					"end":	1.000131,
					"seconds":	1.0001310110092163,
					"bytes":	3670016,
					"bits_per_second":	29356282.003867835,
					"retransmits":	0,
					"snd_cwnd":	926720,
					"snd_wnd":	1790592,
					"rtt":	150084,
					"rttvar":	10,
					"pmtu":	1500,
					"omitted":	false,
					"sender":	true
				}],
			"sum":	{
				"start":	0,
				"end":	1.000131,
				"seconds":	1.0001310110092163,
				"bytes":	3670016,
				"bits_per_second":	29356282.003867835,
				"retransmits":	0,
				"omitted":	false,
				"sender":	true
			}
		}, {
			"streams":	[{
					"socket":	6,
					"start":	1.000131,
					"end":	2.000071,
					"seconds":	0.99993997812271118,
					"bytes":	18350080,
					"bits_per_second":	146809451.77889952,
					"retransmits":	0,
					"snd_cwnd":	6287216,
					"snd_wnd":	3143552,
					"rtt":	150109,
					"rttvar":	19,
					"pmtu":	1500,
					"omitted":	false,
					"sender":	true
				}],
			"sum":	{
				"start":	1.000131,
				"end":	2.000071,
				"seconds":	0.99993997812271118,
				"bytes":	18350080,
				"bits_per_second":	146809451.77889952,
				"retransmits":	0,
				"omitted":	false,
				"sender":	true
			}
		}, {
			"streams":	[{
					"socket":	6,
					"start":	2.000071,
					"end":	3.000139,
					"seconds":	1.0000679492950439,
					"bytes":	18350080,
					"bits_per_second":	146790665.67774817,
					"retransmits":	0,
					"snd_cwnd":	6287216,
					"snd_wnd":	3112576,
					"rtt":	150240,
					"rttvar":	31,
					"pmtu":	1500,
					"omitted":	false,
					"sender":	true
				}],
			"sum":	{
				"start":	2.000071,
				"end":	3.000139,
				"seconds":	1.0000679492950439,
				"bytes":	18350080,
				"bits_per_second":	146790665.67774817,
				"retransmits":	0,
				"omitted":	false,
				"sender":	true
			}
		}, {
			"streams":	[{
					"socket":	6,
					"start":	3.000139,
					"end":	4.000075,
					"seconds":	0.99993598461151123,
					"bytes":	22282240,
					"bits_per_second":	178269331.98054236,
					"retransmits":	0,
					"snd_cwnd":	6287216,
					"snd_wnd":	3141248,
					"rtt":	150285,
					"rttvar":	207,
					"pmtu":	1500,
					"omitted":	false,
					"sender":	true
				}],
			"sum":	{
				"start":	3.000139,
				"end":	4.000075,
				"seconds":	0.99993598461151123,
				"bytes":	22282240,
				"bits_per_second":	178269331.98054236,
				"retransmits":	0,
				"omitted":	false,
				"sender":	true
			}
		}, {
			"streams":	[{
					"socket":	6,
					"start":	4.000075,
					"end":	5.000076,
					"seconds":	1.0000009536743164,
					"bytes":	19660800,
					"bits_per_second":	157286250.00014305,
					"retransmits":	0,
					"snd_cwnd":	6287216,
					"snd_wnd":	3112576,
					"rtt":	150768,
					"rttvar":	664,
					"pmtu":	1500,
					"omitted":	false,
					"sender":	true
				}],
			"sum":	{
				"start":	4.000075,
				"end":	5.000076,
				"seconds":	1.0000009536743164,
				"bytes":	19660800,
				"bits_per_second":	157286250.00014305,
				"retransmits":	0,
				"omitted":	false,
				"sender":	true
			}
		}, {
			"streams":	[{
					"socket":	6,
					"start":	5.000076,
					"end":	6.000107,
					"seconds":	1.0000309944152832,
					"bytes":	19660800,
					"bits_per_second":	157281525.1510931,
					"retransmits":	0,
					"snd_cwnd":	6287216,
					"snd_wnd":	3143552,
					"rtt":	155915,
					"rttvar":	1442,
					"pmtu":	1500,
					"omitted":	false,
					"sender":	true
				}],
			"sum":	{
				"start":	5.000076,
				"end":	6.000107,
				"seconds":	1.0000309944152832,
				"bytes":	19660800,
				"bits_per_second":	157281525.1510931,
				"retransmits":	0,
				"omitted":	false,
				"sender":	true
			}
		}, {
			"streams":	[{
					"socket":	6,
					"start":	6.000107,
					"end":	7.000084,
					"seconds":	0.9999769926071167,
					"bytes":	20971520,
					"bits_per_second":	167776020.08881059,
					"retransmits":	0,
					"snd_cwnd":	6287216,
					"snd_wnd":	3143552,
					"rtt":	150127,
					"rttvar":	40,
					"pmtu":	1500,
					"omitted":	false,
					"sender":	true
				}],
			"sum":	{
				"start":	6.000107,
				"end":	7.000084,
				"seconds":	0.9999769926071167,
				"bytes":	20971520,
				"bits_per_second":	167776020.08881059,
				"retransmits":	0,
				"omitted":	false,
				"sender":	true
			}
		}, {
			"streams":	[{
					"socket":	6,
					"start":	7.000084,
					"end":	8.000078,
					"seconds":	0.99999397993087769,
					"bytes":	19660800,
					"bits_per_second":	157287346.88070029,
					"retransmits":	0,
					"snd_cwnd":	6287216,
					"snd_wnd":	3143552,
					"rtt":	150172,
					"rttvar":	61,
					"pmtu":	1500,
					"omitted":	false,
					"sender":	true
				}],
			"sum":	{
				"start":	7.000084,
				"end":	8.000078,
				"seconds":	0.99999397993087769,
				"bytes":	19660800,
				"bits_per_second":	157287346.88070029,
				"retransmits":	0,
				"omitted":	false,
				"sender":	true
			}
		}, {
			"streams":	[{
					"socket":	6,
					"start":	8.000078,
					"end":	9.000104,
					"seconds":	1.0000259876251221,
					"bytes":	20971520,
					"bits_per_second":	167767800.1133031,
					"retransmits":	0,
					"snd_cwnd":	6287216,
					"snd_wnd":	3143552,
					"rtt":	150156,
					"rttvar":	50,
					"pmtu":	1500,
					"omitted":	false,
					"sender":	true
				}],
			"sum":	{
				"start":	8.000078,
				"end":	9.000104,
				"seconds":	1.0000259876251221,
				"bytes":	20971520,
				"bits_per_second":	167767800.1133031,
				"retransmits":	0,
				"omitted":	false,
				"sender":	true
			}
		}, {
			"streams":	[{
					"socket":	6,
					"start":	9.000104,
					"end":	10.000077,
					"seconds":	0.99997299909591675,
					"bytes":	20971520,
					"bits_per_second":	167776690.1223174,
					"retransmits":	0,
					"snd_cwnd":	6287216,
					"snd_wnd":	3112576,
					"rtt":	150847,
					"rttvar":	654,
					"pmtu":	1500,
					"omitted":	false,
					"sender":	true
				}],
			"sum":	{
				"start":	9.000104,
				"end":	10.000077,
				"seconds":	0.99997299909591675,
				"bytes":	20971520,
				"bits_per_second":	167776690.1223174,
				"retransmits":	0,
				"omitted":	false,
				"sender":	true
			}
		}],
	"end":	{
		"streams":	[{
				"sender":	{
					"socket":	6,
					"start":	0,
					"end":	10.000077,
					"seconds":	10.000077,
					"bytes":	184549376,
					"bits_per_second":	147638363.98459733,
					"retransmits":	0,
					"max_snd_cwnd":	6287216,
					"max_snd_wnd":	3143552,
					"max_rtt":	155915,
					"min_rtt":	150084,
					"mean_rtt":	150870,
					"sender":	true
				},
				"receiver":	{
					"socket":	6,
					"start":	0,
					"end":	10.15204,
					"seconds":	10.000077,
					"bytes":	184215776,
					"bits_per_second":	145165524.17051154,
					"sender":	true
				}
			}],
		"sum_sent":	{
			"start":	0,
			"end":	10.000077,
			"seconds":	10.000077,
			"bytes":	184549376,
			"bits_per_second":	147638363.98459733,
			"retransmits":	0,
			"sender":	true
		},
		"sum_received":	{
			"start":	0,
			"end":	10.15204,
			"seconds":	10.15204,
			"bytes":	184215776,
			"bits_per_second":	145165524.17051154,
			"sender":	true
		},
		"cpu_utilization_percent":	{
			"host_total":	1.655266884324029,
			"host_user":	0.24442119378510632,
			"host_system":	1.4108362577975757,
			"remote_total":	0.56340322854862668,
			"remote_user":	0.071404269520237,
			"remote_system":	0.49199895902838969
		},
		"sender_tcp_congestion":	"cubic",
		"receiver_tcp_congestion":	"cubic"
	}
}
