{
	"start":	{
		"connected":	[{
				"socket":	6,
				"local_host":	"192.168.101.210",
				"local_port":	43622,
				"remote_host":	"192.168.100.168",
				"remote_port":	5201
			}],
		"version":	"iperf 3.11",
		"system_info":	"Linux f1 6.0.10-300.fc37.x86_64 #1 SMP PREEMPT_DYNAMIC Sat Nov 26 16:55:13 UTC 2022 x86_64",
		"timestamp":	{
			"time":	"Fri, 09 Dec 2022 23:29:25 GMT",
			"timesecs":	1670628565
		},
		"connecting_to":	{
			"host":	"192.168.100.168",
			"port":	5201
		},
		"cookie":	"5ia5pg2yuswk3yolyzioi2tffpz7cmahkfvm",
		"tcp_mss_default":	1448,
		"target_bitrate":	0,
		"sock_bufsize":	0,
		"sndbuf_actual":	16384,
		"rcvbuf_actual":	131072,
		"test_start":	{
			"protocol":	"TCP",
			"num_streams":	1,
			"blksize":	131072,
			"omit":	0,
			"duration":	10,
			"bytes":	0,
			"blocks":	0,
			"reverse":	0,
			"tos":	0,
			"target_bitrate":	0
		}
	},
	"intervals":	[{
			"streams":	[{
					"socket":	6,
					"start":	0,
					"end":	1.000077,
					"seconds":	1.00007700920105,
					"bytes":	32505856,
					"bits_per_second":	260026823.5420675,
					"retransmits":	0,
					"snd_cwnd":	3286960,
					"snd_wnd":	3143296,
					"rtt":	97160,
					"rttvar":	590,
					"pmtu":	1500,
					"omitted":	false,
					"sender":	true
				}],
			"sum":	{
				"start":	0,
				"end":	1.000077,
				"seconds":	1.00007700920105,
				"bytes":	32505856,
				"bits_per_second":	260026823.5420675,
				"retransmits":	0,
				"omitted":	false,
				"sender":	true
			}
		}, {
			"streams":	[{
					"socket":	6,
					"start":	1.000077,
					"end":	2.000082,
					"seconds":	1.0000050067901611,
					"bytes":	36700160,
					"bits_per_second":	293599810.00736,
					"retransmits":	0,
					"snd_cwnd":	3286960,
					"snd_wnd":	3143552,
					"rtt":	76743,
					"rttvar":	723,
					"pmtu":	1500,
					"omitted":	false,
					"sender":	true
				}],
			"sum":	{
				"start":	1.000077,
				"end":	2.000082,
				"seconds":	1.0000050067901611,
				"bytes":	36700160,
				"bits_per_second":	293599810.00736,
				"retransmits":	0,
				"omitted":	false,
				"sender":	true
			}
		}, {
			"streams":	[{
					"socket":	6,
					"start":	2.000082,
					"end":	3.000074,
					"seconds":	0.9999920129776,
					"bytes":	41943040,
					"bits_per_second":	335547000.0214054,
					"retransmits":	0,
					"snd_cwnd":	3286960,
					"snd_wnd":	3143552,
					"rtt":	71357,
					"rttvar":	970,
					"pmtu":	1500,
					"omitted":	false,
					"sender":	true
				}],
			"sum":	{
				"start":	2.000082,
				"end":	3.000074,
				"seconds":	0.9999920129776,
				"bytes":	41943040,
				"bits_per_second":	335547000.0214054,
				"retransmits":	0,
				"omitted":	false,
				"sender":	true
			}
		}, {
			"streams":	[{
					"socket":	6,
					"start":	3.000074,
					"end":	4.00008,
					"seconds":	1.0000059604644775,
					"bytes":	44564480,
					"bits_per_second":	356513715.012666,
					"retransmits":	0,
					"snd_cwnd":	3286960,
					"snd_wnd":	3143552,
					"rtt":	66864,
					"rttvar":	1110,
					"pmtu":	1500,
					"omitted":	false,
					"sender":	true
				}],
			"sum":	{
				"start":	3.000074,
				"end":	4.00008,
				"seconds":	1.0000059604644775,
				"bytes":	44564480,
				"bits_per_second":	356513715.012666,
				"retransmits":	0,
				"omitted":	false,
				"sender":	true
			}
		}, {
			"streams":	[{
					"socket":	6,
					"start":	4.00008,
					"end":	5.000081,
					"seconds":	1.0000009536743164,
					"bytes":	45875200,
					"bits_per_second":	367001250.00033379,
					"retransmits":	0,
					"snd_cwnd":	3286960,
					"snd_wnd":	3143552,
					"rtt":	66298,
					"rttvar":	963,
					"pmtu":	1500,
					"omitted":	false,
					"sender":	true
				}],
			"sum":	{
				"start":	4.00008,
				"end":	5.000081,
				"seconds":	1.0000009536743164,
				"bytes":	45875200,
				"bits_per_second":	367001250.00033379,
				"retransmits":	0,
				"omitted":	false,
				"sender":	true
			}
		}, {
			"streams":	[{
					"socket":	6,
					"start":	5.000081,
					"end":	6.000081,
					"seconds":	1,
					"bytes":	47185920,
					"bits_per_second":	377487360,
					"retransmits":	0,
					"snd_cwnd":	3286960,
					"snd_wnd":	3143552,
					"rtt":	64544,
					"rttvar":	577,
					"pmtu":	1500,
					"omitted":	false,
					"sender":	true
				}],
			"sum":	{
				"start":	5.000081,
				"end":	6.000081,
				"seconds":	1,
				"bytes":	47185920,
				"bits_per_second":	377487360,
				"retransmits":	0,
				"omitted":	false,
				"sender":	true
			}
		}, {
			"streams":	[{
					"socket":	6,
					"start":	6.000081,
					"end":	7.000071,
					"seconds":	0.99998998641967773,
					"bytes":	48496640,
					"bits_per_second":	387977005.03890318,
					"retransmits":	0,
					"snd_cwnd":	3286960,
					"snd_wnd":	3143552,
					"rtt":	65287,
					"rttvar":	117,
					"pmtu":	1500,
					"omitted":	false,
					"sender":	true
				}],
			"sum":	{
				"start":	6.000081,
				"end":	7.000071,
				"seconds":	0.99998998641967773,
				"bytes":	48496640,
				"bits_per_second":	387977005.03890318,
				"retransmits":	0,
				"omitted":	false,
				"sender":	true
			}
		}, {
			"streams":	[{
					"socket":	6,
					"start":	7.000071,
					"end":	8.00008,
					"seconds":	1.0000089406967163,
					"bytes":	47185920,
					"bits_per_second":	377483985.03017455,
					"retransmits":	0,
					"snd_cwnd":	3286960,
					"snd_wnd":	3143552,
					"rtt":	64126,
					"rttvar":	738,
					"pmtu":	1500,
					"omitted":	false,
					"sender":	true
				}],
			"sum":	{
				"start":	7.000071,
				"end":	8.00008,
				"seconds":	1.0000089406967163,
				"bytes":	47185920,
				"bits_per_second":	377483985.03017455,
				"retransmits":	0,
				"omitted":	false,
				"sender":	true
			}
		}, {
			"streams":	[{
					"socket":	6,
					"start":	8.00008,
					"end":	9.00008,
					"seconds":	1,
					"bytes":	48496640,
					"bits_per_second":	387973120,
					"retransmits":	0,
					"snd_cwnd":	3286960,
					"snd_wnd":	3143552,
					"rtt":	62870,
					"rttvar":	866,
					"pmtu":	1500,
					"omitted":	false,
					"sender":	true
				}],
			"sum":	{
				"start":	8.00008,
				"end":	9.00008,
				"seconds":	1,
				"bytes":	48496640,
				"bits_per_second":	387973120,
				"retransmits":	0,
				"omitted":	false,
				"sender":	true
			}
		}, {
			"streams":	[{
					"socket":	6,
					"start":	9.00008,
					"end":	10.000087,
					"seconds":	1.0000070333480835,
					"bytes":	48496640,
					"bits_per_second":	387970391.2691921,
					"retransmits":	0,
					"snd_cwnd":	3286960,
					"snd_wnd":	3143552,
					"rtt":	63391,
					"rttvar":	665,
					"pmtu":	1500,
					"omitted":	false,
					"sender":	true
				}],
			"sum":	{
				"start":	9.00008,
				"end":	10.000087,
				"seconds":	1.0000070333480835,
				"bytes":	48496640,
				"bits_per_second":	387970391.2691921,
				"retransmits":	0,
				"omitted":	false,
				"sender":	true
			}
		}],
	"end":	{
		"streams":	[{
				"sender":	{
					"socket":	6,
					"start":	0,
					"end":	10.000087,
					"seconds":	10.000087,
					"bytes":	441450496,
					"bits_per_second":	353157324.33127832,
					"retransmits":	0,
					"max_snd_cwnd":	3286960,
					"max_snd_wnd":	3143552,
					"max_rtt":	97160,
					"min_rtt":	62870,
					"mean_rtt":	69864,
					"sender":	true
				},
				"receiver":	{
					"socket":	6,
					"start":	0,
					"end":	10.061003,
					"seconds":	10.000087,
					"bytes":	441449656,
					"bits_per_second":	351018407.21049386,
					"sender":	true
				}
			}],
		"sum_sent":	{
			"start":	0,
			"end":	10.000087,
			"seconds":	10.000087,
			"bytes":	441450496,
			"bits_per_second":	353157324.33127832,
			"retransmits":	0,
			"sender":	true
		},
		"sum_received":	{
			"start":	0,
			"end":	10.061003,
			"seconds":	10.061003,
			"bytes":	441449656,
			"bits_per_second":	351018407.21049386,
			"sender":	true
		},
		"cpu_utilization_percent":	{
			"host_total":	0.91879120467893682,
			"host_user":	0.1270455944492371,
			"host_system":	0.791735710315849,
			"remote_total":	3.1276264743043845,
			"remote_user":	0.25389085953148272,
			"remote_system":	2.8737256754188643
		},
		"sender_tcp_congestion":	"cubic",
		"receiver_tcp_congestion":	"cubic"
	}
}
