{
	"start":	{
		"connected":	[{
				"socket":	6,
				"local_host":	"192.168.101.210",
				"local_port":	48954,
				"remote_host":	"192.168.100.168",
				"remote_port":	5201
			}],
		"version":	"iperf 3.11",
		"system_info":	"Linux f1 6.0.10-300.fc37.x86_64 #1 SMP PREEMPT_DYNAMIC Sat Nov 26 16:55:13 UTC 2022 x86_64",
		"timestamp":	{
			"time":	"Fri, 09 Dec 2022 23:05:14 GMT",
			"timesecs":	1670627114
		},
		"connecting_to":	{
			"host":	"192.168.100.168",
			"port":	5201
		},
		"cookie":	"dsxrdy2i7ukq66g7i2asynnt6ezzvkoxsmz4",
		"tcp_mss_default":	1448,
		"target_bitrate":	0,
		"sock_bufsize":	0,
		"sndbuf_actual":	16384,
		"rcvbuf_actual":	131072,
		"test_start":	{
			"protocol":	"TCP",
			"num_streams":	1,
			"blksize":	131072,
			"omit":	0,
			"duration":	10,
			"bytes":	0,
			"blocks":	0,
			"reverse":	0,
			"tos":	0,
			"target_bitrate":	0
		}
	},
	"intervals":	[{
			"streams":	[{
					"socket":	6,
					"start":	0,
					"end":	1.000219,
					"seconds":	1.0002189874649048,
					"bytes":	7048864,
					"bits_per_second":	56378565.800800316,
					"retransmits":	0,
					"snd_cwnd":	628432,
					"snd_wnd":	2120960,
					"rtt":	123253,
					"rttvar":	705,
					"pmtu":	1500,
					"omitted":	false,
					"sender":	true
				}],
			"sum":	{
				"start":	0,
				"end":	1.000219,
				"seconds":	1.0002189874649048,
				"bytes":	7048864,
				"bits_per_second":	56378565.800800316,
				"retransmits":	0,
				"omitted":	false,
				"sender":	true
			}
		}, {
			"streams":	[{
					"socket":	6,
					"start":	1.000219,
					"end":	2.000116,
					"seconds":	0.999897003173828,
					"bytes":	6451552,
					"bits_per_second":	51617732.462617837,
					"retransmits":	0,
					"snd_cwnd":	905000,
					"snd_wnd":	2120960,
					"rtt":	149969,
					"rttvar":	338,
					"pmtu":	1500,
					"omitted":	false,
					"sender":	true
				}],
			"sum":	{
				"start":	1.000219,
				"end":	2.000116,
				"seconds":	0.999897003173828,
				"bytes":	6451552,
				"bits_per_second":	51617732.462617837,
				"retransmits":	0,
				"omitted":	false,
				"sender":	true
			}
		}, {
			"streams":	[{
					"socket":	6,
					"start":	2.000116,
					"end":	3.000204,
					"seconds":	1.0000879764556885,
					"bytes":	5242880,
					"bits_per_second":	41939350.324604563,
					"retransmits":	0,
					"snd_cwnd":	1191704,
					"snd_wnd":	2536448,
					"rtt":	196356,
					"rttvar":	375,
					"pmtu":	1500,
					"omitted":	false,
					"sender":	true
				}],
			"sum":	{
				"start":	2.000116,
				"end":	3.000204,
				"seconds":	1.0000879764556885,
				"bytes":	5242880,
				"bits_per_second":	41939350.324604563,
				"retransmits":	0,
				"omitted":	false,
				"sender":	true
			}
		}, {
			"streams":	[{
					"socket":	6,
					"start":	3.000204,
					"end":	4.000078,
					"seconds":	0.99987399578094482,
					"bytes":	6553600,
					"bits_per_second":	52435407.082520276,
					"retransmits":	0,
					"snd_cwnd":	1484200,
					"snd_wnd":	3074816,
					"rtt":	240313,
					"rttvar":	470,
					"pmtu":	1500,
					"omitted":	false,
					"sender":	true
				}],
			"sum":	{
				"start":	3.000204,
				"end":	4.000078,
				"seconds":	0.99987399578094482,
				"bytes":	6553600,
				"bits_per_second":	52435407.082520276,
				"retransmits":	0,
				"omitted":	false,
				"sender":	true
			}
		}, {
			"streams":	[{
					"socket":	6,
					"start":	4.000078,
					"end":	5.000187,
					"seconds":	1.0001089572906494,
					"bytes":	5242880,
					"bits_per_second":	41938470.497880571,
					"retransmits":	0,
					"snd_cwnd":	1779592,
					"snd_wnd":	3143552,
					"rtt":	286922,
					"rttvar":	712,
					"pmtu":	1500,
					"omitted":	false,
					"sender":	true
				}],
			"sum":	{
				"start":	4.000078,
				"end":	5.000187,
				"seconds":	1.0001089572906494,
				"bytes":	5242880,
				"bits_per_second":	41938470.497880571,
				"retransmits":	0,
				"omitted":	false,
				"sender":	true
			}
		}, {
			"streams":	[{
					"socket":	6,
					"start":	5.000187,
					"end":	6.000081,
					"seconds":	0.99989402294158936,
					"bytes":	6553600,
					"bits_per_second":	52434356.838897437,
					"retransmits":	0,
					"snd_cwnd":	2074984,
					"snd_wnd":	3143552,
					"rtt":	332775,
					"rttvar":	150,
					"pmtu":	1500,
					"omitted":	false,
					"sender":	true
				}],
			"sum":	{
				"start":	5.000187,
				"end":	6.000081,
				"seconds":	0.99989402294158936,
				"bytes":	6553600,
				"bits_per_second":	52434356.838897437,
				"retransmits":	0,
				"omitted":	false,
				"sender":	true
			}
		}, {
			"streams":	[{
					"socket":	6,
					"start":	6.000081,
					"end":	7.000169,
					"seconds":	1.0000879764556885,
					"bytes":	5242880,
					"bits_per_second":	41939350.324604563,
					"retransmits":	0,
					"snd_cwnd":	2371824,
					"snd_wnd":	3143552,
					"rtt":	379181,
					"rttvar":	433,
					"pmtu":	1500,
					"omitted":	false,
					"sender":	true
				}],
			"sum":	{
				"start":	6.000081,
				"end":	7.000169,
				"seconds":	1.0000879764556885,
				"bytes":	5242880,
				"bits_per_second":	41939350.324604563,
				"retransmits":	0,
				"omitted":	false,
				"sender":	true
			}
		}, {
			"streams":	[{
					"socket":	6,
					"start":	7.000169,
					"end":	8.000079,
					"seconds":	0.999909996986389,
					"bytes":	6553600,
					"bits_per_second":	52433519.174739949,
					"retransmits":	0,
					"snd_cwnd":	2668664,
					"snd_wnd":	3143552,
					"rtt":	426033,
					"rttvar":	306,
					"pmtu":	1500,
					"omitted":	false,
					"sender":	true
				}],
			"sum":	{
				"start":	7.000169,
				"end":	8.000079,
				"seconds":	0.999909996986389,
				"bytes":	6553600,
				"bits_per_second":	52433519.174739949,
				"retransmits":	0,
				"omitted":	false,
				"sender":	true
			}
		}, {
			"streams":	[{
					"socket":	6,
					"start":	8.000079,
					"end":	9.000182,
					"seconds":	1.0001029968261719,
					"bytes":	5242880,
					"bits_per_second":	41938720.444900468,
					"retransmits":	0,
					"snd_cwnd":	2966952,
					"snd_wnd":	3143552,
					"rtt":	473543,
					"rttvar":	686,
					"pmtu":	1500,
					"omitted":	false,
					"sender":	true
				}],
			"sum":	{
				"start":	8.000079,
				"end":	9.000182,
				"seconds":	1.0001029968261719,
				"bytes":	5242880,
				"bits_per_second":	41938720.444900468,
				"retransmits":	0,
				"omitted":	false,
				"sender":	true
			}
		}, {
			"streams":	[{
					"socket":	6,
					"start":	9.000182,
					"end":	10.000091,
					"seconds":	0.999908983707428,
					"bytes":	6553600,
					"bits_per_second":	52433572.3093579,
					"retransmits":	0,
					"snd_cwnd":	3263792,
					"snd_wnd":	3143552,
					"rtt":	488881,
					"rttvar":	9621,
					"pmtu":	1500,
					"omitted":	false,
					"sender":	true
				}],
			"sum":	{
				"start":	9.000182,
				"end":	10.000091,
				"seconds":	0.999908983707428,
				"bytes":	6553600,
				"bits_per_second":	52433572.3093579,
				"retransmits":	0,
				"omitted":	false,
				"sender":	true
			}
		}],
	"end":	{
		"streams":	[{
				"sender":	{
					"socket":	6,
					"start":	0,
					"end":	10.000091,
					"seconds":	10.000091,
					"bytes":	60686336,
					"bits_per_second":	48548627.007494234,
					"retransmits":	0,
					"max_snd_cwnd":	3263792,
					"max_snd_wnd":	3143552,
					"max_rtt":	488881,
					"min_rtt":	123253,
					"mean_rtt":	309722,
					"sender":	true
				},
				"receiver":	{
					"socket":	6,
					"start":	0,
					"end":	10.527204,
					"seconds":	10.000091,
					"bytes":	60487400,
					"bits_per_second":	45966545.342903972,
					"sender":	true
				}
			}],
		"sum_sent":	{
			"start":	0,
			"end":	10.000091,
			"seconds":	10.000091,
			"bytes":	60686336,
			"bits_per_second":	48548627.007494234,
			"retransmits":	0,
			"sender":	true
		},
		"sum_received":	{
			"start":	0,
			"end":	10.527204,
			"seconds":	10.527204,
			"bytes":	60487400,
			"bits_per_second":	45966545.342903972,
			"sender":	true
		},
		"cpu_utilization_percent":	{
			"host_total":	0.37607058917260883,
			"host_user":	0.036270565271083133,
			"host_system":	0.33980998287057324,
			"remote_total":	1.7798622789171574,
			"remote_user":	0.20209515922486274,
			"remote_system":	1.5777671196922947
		},
		"sender_tcp_congestion":	"cubic",
		"receiver_tcp_congestion":	"cubic"
	}
}
