{
	"start":	{
		"connected":	[{
				"socket":	6,
				"local_host":	"192.168.101.210",
				"local_port":	57182,
				"remote_host":	"192.168.100.168",
				"remote_port":	5201
			}],
		"version":	"iperf 3.11",
		"system_info":	"Linux f1 6.0.10-300.fc37.x86_64 #1 SMP PREEMPT_DYNAMIC Sat Nov 26 16:55:13 UTC 2022 x86_64",
		"timestamp":	{
			"time":	"Fri, 09 Dec 2022 23:08:40 GMT",
			"timesecs":	1670627320
		},
		"connecting_to":	{
			"host":	"192.168.100.168",
			"port":	5201
		},
		"cookie":	"hcaj3kmgu3qsfv3rz4vks2p6ths5qxuflopt",
		"tcp_mss_default":	1448,
		"target_bitrate":	0,
		"sock_bufsize":	0,
		"sndbuf_actual":	16384,
		"rcvbuf_actual":	131072,
		"test_start":	{
			"protocol":	"TCP",
			"num_streams":	1,
			"blksize":	131072,
			"omit":	0,
			"duration":	10,
			"bytes":	0,
			"blocks":	0,
			"reverse":	0,
			"tos":	0,
			"target_bitrate":	0
		}
	},
	"intervals":	[{
			"streams":	[{
					"socket":	6,
					"start":	0,
					"end":	1.000241,
					"seconds":	1.0002410411834717,
					"bytes":	5111808,
					"bits_per_second":	40884609.125430629,
					"retransmits":	0,
					"snd_cwnd":	839840,
					"snd_wnd":	2440832,
					"rtt":	236143,
					"rttvar":	10028,
					"pmtu":	1500,
					"omitted":	false,
					"sender":	true
				}],
			"sum":	{
				"start":	0,
				"end":	1.000241,
				"seconds":	1.0002410411834717,
				"bytes":	5111808,
				"bits_per_second":	40884609.125430629,
				"retransmits":	0,
				"omitted":	false,
				"sender":	true
			}
		}, {
			"streams":	[{
					"socket":	6,
					"start":	1.000241,
					"end":	2.000248,
					"seconds":	1.0000070333480835,
					"bytes":	2621440,
					"bits_per_second":	20971372.501037411,
					"retransmits":	38,
					"snd_cwnd":	628432,
					"snd_wnd":	3143936,
					"rtt":	177140,
					"rttvar":	1981,
					"pmtu":	1500,
					"omitted":	false,
					"sender":	true
				}],
			"sum":	{
				"start":	1.000241,
				"end":	2.000248,
				"seconds":	1.0000070333480835,
				"bytes":	2621440,
				"bits_per_second":	20971372.501037411,
				"retransmits":	38,
				"omitted":	false,
				"sender":	true
			}
		}, {
			"streams":	[{
					"socket":	6,
					"start":	2.000248,
					"end":	3.000342,
					"seconds":	1.0000940561294556,
					"bytes":	2621440,
					"bits_per_second":	20969547.685508266,
					"retransmits":	5,
					"snd_cwnd":	661736,
					"snd_wnd":	3142528,
					"rtt":	264392,
					"rttvar":	294,
					"pmtu":	1500,
					"omitted":	false,
					"sender":	true
				}],
			"sum":	{
				"start":	2.000248,
				"end":	3.000342,
				"seconds":	1.0000940561294556,
				"bytes":	2621440,
				"bits_per_second":	20969547.685508266,
				"retransmits":	5,
				"omitted":	false,
				"sender":	true
			}
		}, {
			"streams":	[{
					"socket":	6,
					"start":	3.000342,
					"end":	4.000303,
					"seconds":	0.999961018562317,
					"bytes":	2621440,
					"bits_per_second":	20972337.531868566,
					"retransmits":	4,
					"snd_cwnd":	511144,
					"snd_wnd":	3143936,
					"rtt":	208741,
					"rttvar":	217,
					"pmtu":	1500,
					"omitted":	false,
					"sender":	true
				}],
			"sum":	{
				"start":	3.000342,
				"end":	4.000303,
				"seconds":	0.999961018562317,
				"bytes":	2621440,
				"bits_per_second":	20972337.531868566,
				"retransmits":	4,
				"omitted":	false,
				"sender":	true
			}
		}, {
			"streams":	[{
					"socket":	6,
					"start":	4.000303,
					"end":	5.000206,
					"seconds":	0.99990302324295044,
					"bytes":	2621440,
					"bits_per_second":	20973553.947245609,
					"retransmits":	0,
					"snd_cwnd":	548792,
					"snd_wnd":	3143936,
					"rtt":	230357,
					"rttvar":	241,
					"pmtu":	1500,
					"omitted":	false,
					"sender":	true
				}],
			"sum":	{
				"start":	4.000303,
				"end":	5.000206,
				"seconds":	0.99990302324295044,
				"bytes":	2621440,
				"bits_per_second":	20973553.947245609,
				"retransmits":	0,
				"omitted":	false,
				"sender":	true
			}
		}, {
			"streams":	[{
					"socket":	6,
					"start":	5.000206,
					"end":	6.000149,
					"seconds":	0.99994301795959473,
					"bytes":	2621440,
					"bits_per_second":	20972715.06809742,
					"retransmits":	0,
					"snd_cwnd":	573408,
					"snd_wnd":	3143936,
					"rtt":	221541,
					"rttvar":	341,
					"pmtu":	1500,
					"omitted":	false,
					"sender":	true
				}],
			"sum":	{
				"start":	5.000206,
				"end":	6.000149,
				"seconds":	0.99994301795959473,
				"bytes":	2621440,
				"bits_per_second":	20972715.06809742,
				"retransmits":	0,
				"omitted":	false,
				"sender":	true
			}
		}, {
			"streams":	[{
					"socket":	6,
					"start":	6.000149,
					"end":	7.000131,
					"seconds":	0.99998199939727783,
					"bytes":	2621440,
					"bits_per_second":	20971897.50679535,
					"retransmits":	0,
					"snd_cwnd":	586440,
					"snd_wnd":	3143936,
					"rtt":	223572,
					"rttvar":	131,
					"pmtu":	1500,
					"omitted":	false,
					"sender":	true
				}],
			"sum":	{
				"start":	6.000149,
				"end":	7.000131,
				"seconds":	0.99998199939727783,
				"bytes":	2621440,
				"bits_per_second":	20971897.50679535,
				"retransmits":	0,
				"omitted":	false,
				"sender":	true
			}
		}, {
			"streams":	[{
					"socket":	6,
					"start":	7.000131,
					"end":	8.00015,
					"seconds":	1.0000189542770386,
					"bytes":	2621440,
					"bits_per_second":	20971122.507534184,
					"retransmits":	0,
					"snd_cwnd":	592232,
					"snd_wnd":	3143936,
					"rtt":	221966,
					"rttvar":	233,
					"pmtu":	1500,
					"omitted":	false,
					"sender":	true
				}],
			"sum":	{
				"start":	7.000131,
				"end":	8.00015,
				"seconds":	1.0000189542770386,
				"bytes":	2621440,
				"bits_per_second":	20971122.507534184,
				"retransmits":	0,
				"omitted":	false,
				"sender":	true
			}
		}, {
			"streams":	[{
					"socket":	6,
					"start":	8.00015,
					"end":	9.000176,
					"seconds":	1.0000259876251221,
					"bytes":	2621440,
					"bits_per_second":	20970975.014162887,
					"retransmits":	0,
					"snd_cwnd":	592232,
					"snd_wnd":	3143936,
					"rtt":	217080,
					"rttvar":	230,
					"pmtu":	1500,
					"omitted":	false,
					"sender":	true
				}],
			"sum":	{
				"start":	8.00015,
				"end":	9.000176,
				"seconds":	1.0000259876251221,
				"bytes":	2621440,
				"bits_per_second":	20970975.014162887,
				"retransmits":	0,
				"omitted":	false,
				"sender":	true
			}
		}, {
			"streams":	[{
					"socket":	6,
					"start":	9.000176,
					"end":	10.000248,
					"seconds":	1.0000720024108887,
					"bytes":	2621440,
					"bits_per_second":	20970010.108715814,
					"retransmits":	0,
					"snd_cwnd":	592232,
					"snd_wnd":	3143936,
					"rtt":	203538,
					"rttvar":	272,
					"pmtu":	1500,
					"omitted":	false,
					"sender":	true
				}],
			"sum":	{
				"start":	9.000176,
				"end":	10.000248,
				"seconds":	1.0000720024108887,
				"bytes":	2621440,
				"bits_per_second":	20970010.108715814,
				"retransmits":	0,
				"omitted":	false,
				"sender":	true
			}
		}],
	"end":	{
		"streams":	[{
				"sender":	{
					"socket":	6,
					"start":	0,
					"end":	10.000248,
					"seconds":	10.000248,
					"bytes":	28704768,
					"bits_per_second":	22963244.9115262,
					"retransmits":	47,
					"max_snd_cwnd":	839840,
					"max_snd_wnd":	3143936,
					"max_rtt":	264392,
					"min_rtt":	177140,
					"mean_rtt":	220447,
					"sender":	true
				},
				"receiver":	{
					"socket":	6,
					"start":	0,
					"end":	10.211244,
					"seconds":	10.000248,
					"bytes":	26107440,
					"bits_per_second":	20453876.1388916,
					"sender":	true
				}
			}],
		"sum_sent":	{
			"start":	0,
			"end":	10.000248,
			"seconds":	10.000248,
			"bytes":	28704768,
			"bits_per_second":	22963244.9115262,
			"retransmits":	47,
			"sender":	true
		},
		"sum_received":	{
			"start":	0,
			"end":	10.211244,
			"seconds":	10.211244,
			"bytes":	26107440,
			"bits_per_second":	20453876.1388916,
			"sender":	true
		},
		"cpu_utilization_percent":	{
			"host_total":	1.0087076240021613,
			"host_user":	0.16738404977103669,
			"host_system":	0.84131395998357883,
			"remote_total":	1.6441363052427036,
			"remote_user":	0.2315287695208563,
			"remote_system":	1.4126173288345079
		},
		"sender_tcp_congestion":	"cubic",
		"receiver_tcp_congestion":	"cubic"
	}
}
