{
	"start":	{
		"connected":	[{
				"socket":	6,
				"local_host":	"192.168.101.210",
				"local_port":	46874,
				"remote_host":	"192.168.100.168",
				"remote_port":	5201
			}],
		"version":	"iperf 3.11",
		"system_info":	"Linux f1 6.0.10-300.fc37.x86_64 #1 SMP PREEMPT_DYNAMIC Sat Nov 26 16:55:13 UTC 2022 x86_64",
		"timestamp":	{
			"time":	"Fri, 09 Dec 2022 23:27:30 GMT",
			"timesecs":	1670628450
		},
		"connecting_to":	{
			"host":	"192.168.100.168",
			"port":	5201
		},
		"cookie":	"7rcfdliqj7rtf37mjpjwhzfgg64aimzkbzxm",
		"tcp_mss_default":	1448,
		"target_bitrate":	0,
		"sock_bufsize":	0,
		"sndbuf_actual":	16384,
		"rcvbuf_actual":	131072,
		"test_start":	{
			"protocol":	"TCP",
			"num_streams":	1,
			"blksize":	131072,
			"omit":	0,
			"duration":	10,
			"bytes":	0,
			"blocks":	0,
			"reverse":	0,
			"tos":	0,
			"target_bitrate":	0
		}
	},
	"intervals":	[{
			"streams":	[{
					"socket":	6,
					"start":	0,
					"end":	1.000076,
					"seconds":	1.0000760555267334,
					"bytes":	31981568,
					"bits_per_second":	255833086.47985193,
					"retransmits":	396,
					"snd_cwnd":	474944,
					"snd_wnd":	3145728,
					"rtt":	14738,
					"rttvar":	244,
					"pmtu":	1500,
					"omitted":	false,
					"sender":	true
				}],
			"sum":	{
				"start":	0,
				"end":	1.000076,
				"seconds":	1.0000760555267334,
				"bytes":	31981568,
				"bits_per_second":	255833086.47985193,
				"retransmits":	396,
				"omitted":	false,
				"sender":	true
			}
		}, {
			"streams":	[{
					"socket":	6,
					"start":	1.000076,
					"end":	2.000085,
					"seconds":	1.0000089406967163,
					"bytes":	31457280,
					"bits_per_second":	251655990.02011639,
					"retransmits":	0,
					"snd_cwnd":	522728,
					"snd_wnd":	3145728,
					"rtt":	15744,
					"rttvar":	163,
					"pmtu":	1500,
					"omitted":	false,
					"sender":	true
				}],
			"sum":	{
				"start":	1.000076,
				"end":	2.000085,
				"seconds":	1.0000089406967163,
				"bytes":	31457280,
				"bits_per_second":	251655990.02011639,
				"retransmits":	0,
				"omitted":	false,
				"sender":	true
			}
		}, {
			"streams":	[{
					"socket":	6,
					"start":	2.000085,
					"end":	3.000076,
					"seconds":	0.999990999698639,
					"bytes":	34078720,
					"bits_per_second":	272632213.77208471,
					"retransmits":	0,
					"snd_cwnd":	571960,
					"snd_wnd":	3145728,
					"rtt":	15721,
					"rttvar":	135,
					"pmtu":	1500,
					"omitted":	false,
					"sender":	true
				}],
			"sum":	{
				"start":	2.000085,
				"end":	3.000076,
				"seconds":	0.999990999698639,
				"bytes":	34078720,
				"bits_per_second":	272632213.77208471,
				"retransmits":	0,
				"omitted":	false,
				"sender":	true
			}
		}, {
			"streams":	[{
					"socket":	6,
					"start":	3.000076,
					"end":	4.000068,
					"seconds":	0.9999920129776,
					"bytes":	38010880,
					"bits_per_second":	304089468.76939863,
					"retransmits":	0,
					"snd_cwnd":	619744,
					"snd_wnd":	3145728,
					"rtt":	15475,
					"rttvar":	107,
					"pmtu":	1500,
					"omitted":	false,
					"sender":	true
				}],
			"sum":	{
				"start":	3.000076,
				"end":	4.000068,
				"seconds":	0.9999920129776,
				"bytes":	38010880,
				"bits_per_second":	304089468.76939863,
				"retransmits":	0,
				"omitted":	false,
				"sender":	true
			}
		}, {
			"streams":	[{
					"socket":	6,
					"start":	4.000068,
					"end":	5.000073,
					"seconds":	1.0000050067901611,
					"bytes":	39321600,
					"bits_per_second":	314571225.00788563,
					"retransmits":	0,
					"snd_cwnd":	667528,
					"snd_wnd":	3145728,
					"rtt":	15957,
					"rttvar":	87,
					"pmtu":	1500,
					"omitted":	false,
					"sender":	true
				}],
			"sum":	{
				"start":	4.000068,
				"end":	5.000073,
				"seconds":	1.0000050067901611,
				"bytes":	39321600,
				"bits_per_second":	314571225.00788563,
				"retransmits":	0,
				"omitted":	false,
				"sender":	true
			}
		}, {
			"streams":	[{
					"socket":	6,
					"start":	5.000073,
					"end":	6.000078,
					"seconds":	1.0000050067901611,
					"bytes":	40632320,
					"bits_per_second":	325056932.50814849,
					"retransmits":	0,
					"snd_cwnd":	712416,
					"snd_wnd":	3145728,
					"rtt":	16046,
					"rttvar":	291,
					"pmtu":	1500,
					"omitted":	false,
					"sender":	true
				}],
			"sum":	{
				"start":	5.000073,
				"end":	6.000078,
				"seconds":	1.0000050067901611,
				"bytes":	40632320,
				"bits_per_second":	325056932.50814849,
				"retransmits":	0,
				"omitted":	false,
				"sender":	true
			}
		}, {
			"streams":	[{
					"socket":	6,
					"start":	6.000078,
					"end":	7.000079,
					"seconds":	1.0000009536743164,
					"bytes":	43253760,
					"bits_per_second":	346029750.00031471,
					"retransmits":	0,
					"snd_cwnd":	758752,
					"snd_wnd":	3145728,
					"rtt":	16639,
					"rttvar":	105,
					"pmtu":	1500,
					"omitted":	false,
					"sender":	true
				}],
			"sum":	{
				"start":	6.000078,
				"end":	7.000079,
				"seconds":	1.0000009536743164,
				"bytes":	43253760,
				"bits_per_second":	346029750.00031471,
				"retransmits":	0,
				"omitted":	false,
				"sender":	true
			}
		}, {
			"streams":	[{
					"socket":	6,
					"start":	7.000079,
					"end":	8.000079,
					"seconds":	1,
					"bytes":	45875200,
					"bits_per_second":	367001600,
					"retransmits":	0,
					"snd_cwnd":	803640,
					"snd_wnd":	3145728,
					"rtt":	16842,
					"rttvar":	60,
					"pmtu":	1500,
					"omitted":	false,
					"sender":	true
				}],
			"sum":	{
				"start":	7.000079,
				"end":	8.000079,
				"seconds":	1,
				"bytes":	45875200,
				"bits_per_second":	367001600,
				"retransmits":	0,
				"omitted":	false,
				"sender":	true
			}
		}, {
			"streams":	[{
					"socket":	6,
					"start":	8.000079,
					"end":	9.000082,
					"seconds":	1.0000029802322388,
					"bytes":	47185920,
					"bits_per_second":	377486235.00335276,
					"retransmits":	0,
					"snd_cwnd":	847080,
					"snd_wnd":	3145728,
					"rtt":	17090,
					"rttvar":	156,
					"pmtu":	1500,
					"omitted":	false,
					"sender":	true
				}],
			"sum":	{
				"start":	8.000079,
				"end":	9.000082,
				"seconds":	1.0000029802322388,
				"bytes":	47185920,
				"bits_per_second":	377486235.00335276,
				"retransmits":	0,
				"omitted":	false,
				"sender":	true
			}
		}, {
			"streams":	[{
					"socket":	6,
					"start":	9.000082,
					"end":	10.000082,
					"seconds":	1,
					"bytes":	49807360,
					"bits_per_second":	398458880,
					"retransmits":	0,
					"snd_cwnd":	891968,
					"snd_wnd":	3145728,
					"rtt":	16646,
					"rttvar":	29,
					"pmtu":	1500,
					"omitted":	false,
					"sender":	true
				}],
			"sum":	{
				"start":	9.000082,
				"end":	10.000082,
				"seconds":	1,
				"bytes":	49807360,
				"bits_per_second":	398458880,
				"retransmits":	0,
				"omitted":	false,
				"sender":	true
			}
		}],
	"end":	{
		"streams":	[{
				"sender":	{
					"socket":	6,
					"start":	0,
					"end":	10.000082,
					"seconds":	10.000082,
					"bytes":	401604608,
					"bits_per_second":	321281051.89537442,
					"retransmits":	396,
					"max_snd_cwnd":	891968,
					"max_snd_wnd":	3145728,
					"max_rtt":	17090,
					"min_rtt":	14738,
					"mean_rtt":	16089,
					"sender":	true
				},
				"receiver":	{
					"socket":	6,
					"start":	0,
					"end":	10.016434,
					"seconds":	10.000082,
					"bytes":	399566912,
					"bits_per_second":	319129072.88162631,
					"sender":	true
				}
			}],
		"sum_sent":	{
			"start":	0,
			"end":	10.000082,
			"seconds":	10.000082,
			"bytes":	401604608,
			"bits_per_second":	321281051.89537442,
			"retransmits":	396,
			"sender":	true
		},
		"sum_received":	{
			"start":	0,
			"end":	10.016434,
			"seconds":	10.016434,
			"bytes":	399566912,
			"bits_per_second":	319129072.88162631,
			"sender":	true
		},
		"cpu_utilization_percent":	{
			"host_total":	0.78382412610001517,
			"host_user":	0.029218646685689392,
			"host_system":	0.754615458460325,
			"remote_total":	3.0151591586362958,
			"remote_user":	0.28586965865062214,
			"remote_system":	2.7292795164116477
		},
		"sender_tcp_congestion":	"cubic",
		"receiver_tcp_congestion":	"cubic"
	}
}
