{
	"start":	{
		"connected":	[{
				"socket":	6,
				"local_host":	"192.168.101.210",
				"local_port":	59706,
				"remote_host":	"192.168.100.168",
				"remote_port":	5201
			}],
		"version":	"iperf 3.11",
		"system_info":	"Linux f1 6.0.10-300.fc37.x86_64 #1 SMP PREEMPT_DYNAMIC Sat Nov 26 16:55:13 UTC 2022 x86_64",
		"timestamp":	{
			"time":	"Fri, 09 Dec 2022 23:32:27 GMT",
			"timesecs":	1670628747
		},
		"connecting_to":	{
			"host":	"192.168.100.168",
			"port":	5201
		},
		"cookie":	"zqkiftklwbwbtbnoghe2uj3sduwma2mmagno",
		"tcp_mss_default":	1448,
		"target_bitrate":	0,
		"sock_bufsize":	0,
		"sndbuf_actual":	16384,
		"rcvbuf_actual":	131072,
		"test_start":	{
			"protocol":	"TCP",
			"num_streams":	1,
			"blksize":	131072,
			"omit":	0,
			"duration":	10,
			"bytes":	0,
			"blocks":	0,
			"reverse":	0,
			"tos":	0,
			"target_bitrate":	0
		}
	},
	"intervals":	[{
			"streams":	[{
					"socket":	6,
					"start":	0,
					"end":	1.000088,
					"seconds":	1.0000879764556885,
					"bytes":	9043968,
					"bits_per_second":	72345379.309942871,
					"retransmits":	0,
					"snd_cwnd":	5189632,
					"snd_wnd":	3141248,
					"rtt":	119901,
					"rttvar":	2291,
					"pmtu":	1500,
					"omitted":	false,
					"sender":	true
				}],
			"sum":	{
				"start":	0,
				"end":	1.000088,
				"seconds":	1.0000879764556885,
				"bytes":	9043968,
				"bits_per_second":	72345379.309942871,
				"retransmits":	0,
				"omitted":	false,
				"sender":	true
			}
		}, {
			"streams":	[{
					"socket":	6,
					"start":	1.000088,
					"end":	2.000073,
					"seconds":	0.9999849796295166,
					"bytes":	30146560,
					"bits_per_second":	241176102.5544121,
					"retransmits":	0,
					"snd_cwnd":	6310384,
					"snd_wnd":	3143552,
					"rtt":	103141,
					"rttvar":	968,
					"pmtu":	1500,
					"omitted":	false,
					"sender":	true
				}],
			"sum":	{
				"start":	1.000088,
				"end":	2.000073,
				"seconds":	0.9999849796295166,
				"bytes":	30146560,
				"bits_per_second":	241176102.5544121,
				"retransmits":	0,
				"omitted":	false,
				"sender":	true
			}
		}, {
			"streams":	[{
					"socket":	6,
					"start":	2.000073,
					"end":	3.000077,
					"seconds":	1.0000040531158447,
					"bytes":	30146560,
					"bits_per_second":	241171502.50396189,
					"retransmits":	0,
					"snd_cwnd":	6310384,
					"snd_wnd":	3143552,
					"rtt":	104549,
					"rttvar":	854,
					"pmtu":	1500,
					"omitted":	false,
					"sender":	true
				}],
			"sum":	{
				"start":	2.000073,
				"end":	3.000077,
				"seconds":	1.0000040531158447,
				"bytes":	30146560,
				"bits_per_second":	241171502.50396189,
				"retransmits":	0,
				"omitted":	false,
				"sender":	true
			}
		}, {
			"streams":	[{
					"socket":	6,
					"start":	3.000077,
					"end":	4.000068,
					"seconds":	0.999990999698639,
					"bytes":	30146560,
					"bits_per_second":	241174650.64453647,
					"retransmits":	0,
					"snd_cwnd":	6310384,
					"snd_wnd":	3079808,
					"rtt":	100737,
					"rttvar":	341,
					"pmtu":	1500,
					"omitted":	false,
					"sender":	true
				}],
			"sum":	{
				"start":	3.000077,
				"end":	4.000068,
				"seconds":	0.999990999698639,
				"bytes":	30146560,
				"bits_per_second":	241174650.64453647,
				"retransmits":	0,
				"omitted":	false,
				"sender":	true
			}
		}, {
			"streams":	[{
					"socket":	6,
					"start":	4.000068,
					"end":	5.000089,
					"seconds":	1.0000209808349609,
					"bytes":	28835840,
					"bits_per_second":	230681880.10154513,
					"retransmits":	0,
					"snd_cwnd":	6310384,
					"snd_wnd":	3112576,
					"rtt":	101330,
					"rttvar":	1777,
					"pmtu":	1500,
					"omitted":	false,
					"sender":	true
				}],
			"sum":	{
				"start":	4.000068,
				"end":	5.000089,
				"seconds":	1.0000209808349609,
				"bytes":	28835840,
				"bits_per_second":	230681880.10154513,
				"retransmits":	0,
				"omitted":	false,
				"sender":	true
			}
		}, {
			"streams":	[{
					"socket":	6,
					"start":	5.000089,
					"end":	6.000073,
					"seconds":	0.9999840259552002,
					"bytes":	30146560,
					"bits_per_second":	241176332.561541,
					"retransmits":	0,
					"snd_cwnd":	6310384,
					"snd_wnd":	3143552,
					"rtt":	103197,
					"rttvar":	1312,
					"pmtu":	1500,
					"omitted":	false,
					"sender":	true
				}],
			"sum":	{
				"start":	5.000089,
				"end":	6.000073,
				"seconds":	0.9999840259552002,
				"bytes":	30146560,
				"bits_per_second":	241176332.561541,
				"retransmits":	0,
				"omitted":	false,
				"sender":	true
			}
		}, {
			"streams":	[{
					"socket":	6,
					"start":	6.000073,
					"end":	7.000074,
					"seconds":	1.0000009536743164,
					"bytes":	30146560,
					"bits_per_second":	241172250.00021935,
					"retransmits":	0,
					"snd_cwnd":	6310384,
					"snd_wnd":	3143552,
					"rtt":	104552,
					"rttvar":	877,
					"pmtu":	1500,
					"omitted":	false,
					"sender":	true
				}],
			"sum":	{
				"start":	6.000073,
				"end":	7.000074,
				"seconds":	1.0000009536743164,
				"bytes":	30146560,
				"bits_per_second":	241172250.00021935,
				"retransmits":	0,
				"omitted":	false,
				"sender":	true
			}
		}, {
			"streams":	[{
					"socket":	6,
					"start":	7.000074,
					"end":	8.000078,
					"seconds":	1.0000040531158447,
					"bytes":	30146560,
					"bits_per_second":	241171502.50396189,
					"retransmits":	0,
					"snd_cwnd":	6310384,
					"snd_wnd":	3143552,
					"rtt":	100220,
					"rttvar":	194,
					"pmtu":	1500,
					"omitted":	false,
					"sender":	true
				}],
			"sum":	{
				"start":	7.000074,
				"end":	8.000078,
				"seconds":	1.0000040531158447,
				"bytes":	30146560,
				"bits_per_second":	241171502.50396189,
				"retransmits":	0,
				"omitted":	false,
				"sender":	true
			}
		}, {
			"streams":	[{
					"socket":	6,
					"start":	8.000078,
					"end":	9.000069,
					"seconds":	0.999990999698639,
					"bytes":	30146560,
					"bits_per_second":	241174650.64453647,
					"retransmits":	0,
					"snd_cwnd":	6310384,
					"snd_wnd":	3112576,
					"rtt":	102912,
					"rttvar":	1464,
					"pmtu":	1500,
					"omitted":	false,
					"sender":	true
				}],
			"sum":	{
				"start":	8.000078,
				"end":	9.000069,
				"seconds":	0.999990999698639,
				"bytes":	30146560,
				"bits_per_second":	241174650.64453647,
				"retransmits":	0,
				"omitted":	false,
				"sender":	true
			}
		}, {
			"streams":	[{
					"socket":	6,
					"start":	9.000069,
					"end":	10.000096,
					"seconds":	1.0000269412994385,
					"bytes":	28835840,
					"bits_per_second":	230680505.16743568,
					"retransmits":	0,
					"snd_cwnd":	6310384,
					"snd_wnd":	3143552,
					"rtt":	103267,
					"rttvar":	1263,
					"pmtu":	1500,
					"omitted":	false,
					"sender":	true
				}],
			"sum":	{
				"start":	9.000069,
				"end":	10.000096,
				"seconds":	1.0000269412994385,
				"bytes":	28835840,
				"bits_per_second":	230680505.16743568,
				"retransmits":	0,
				"omitted":	false,
				"sender":	true
			}
		}],
	"end":	{
		"streams":	[{
				"sender":	{
					"socket":	6,
					"start":	0,
					"end":	10.000096,
					"seconds":	10.000096,
					"bytes":	277741568,
					"bits_per_second":	222191121.36523491,
					"retransmits":	0,
					"max_snd_cwnd":	6310384,
					"max_snd_wnd":	3143552,
					"max_rtt":	119901,
					"min_rtt":	100220,
					"mean_rtt":	104380,
					"sender":	true
				},
				"receiver":	{
					"socket":	6,
					"start":	0,
					"end":	10.104928,
					"seconds":	10.000096,
					"bytes":	277470512,
					"bits_per_second":	219671441.10279658,
					"sender":	true
				}
			}],
		"sum_sent":	{
			"start":	0,
			"end":	10.000096,
			"seconds":	10.000096,
			"bytes":	277741568,
			"bits_per_second":	222191121.36523491,
			"retransmits":	0,
			"sender":	true
		},
		"sum_received":	{
			"start":	0,
			"end":	10.104928,
			"seconds":	10.104928,
			"bytes":	277470512,
			"bits_per_second":	219671441.10279658,
			"sender":	true
		},
		"cpu_utilization_percent":	{
			"host_total":	1.277826233091595,
			"host_user":	0.14838478441615577,
			"host_system":	1.1294510628250063,
			"remote_total":	1.145786233840699,
			"remote_user":	0.041702379400805886,
			"remote_system":	1.1040838544398932
		},
		"sender_tcp_congestion":	"cubic",
		"receiver_tcp_congestion":	"cubic"
	}
}
