{
	"start":	{
		"connected":	[{
				"socket":	6,
				"local_host":	"192.168.101.210",
				"local_port":	59312,
				"remote_host":	"192.168.100.168",
				"remote_port":	5202
			}],
		"version":	"iperf 3.11",
		"system_info":	"Linux f1 6.0.10-300.fc37.x86_64 #1 SMP PREEMPT_DYNAMIC Sat Nov 26 16:55:13 UTC 2022 x86_64",
		"timestamp":	{
			"time":	"Fri, 09 Dec 2022 23:32:15 GMT",
			"timesecs":	1670628735
		},
		"connecting_to":	{
			"host":	"192.168.100.168",
			"port":	5202
		},
		"cookie":	"fwyunw5b5cxstxtuhm25jjvgab2lygi3ccid",
		"tcp_mss_default":	1448,
		"target_bitrate":	0,
		"sock_bufsize":	0,
		"sndbuf_actual":	16384,
		"rcvbuf_actual":	131072,
		"test_start":	{
			"protocol":	"TCP",
			"num_streams":	1,
			"blksize":	131072,
			"omit":	0,
			"duration":	10,
			"bytes":	0,
			"blocks":	0,
			"reverse":	0,
			"tos":	0,
			"target_bitrate":	0
		}
	},
	"intervals":	[{
			"streams":	[{
					"socket":	6,
					"start":	0,
					"end":	1.000073,
					"seconds":	1.0000729560852051,
					"bytes":	9437184,
					"bits_per_second":	75491964.4018128,
					"retransmits":	0,
					"snd_cwnd":	5725392,
					"snd_wnd":	3143552,
					"rtt":	100098,
					"rttvar":	17,
					"pmtu":	1500,
					"omitted":	false,
					"sender":	true
				}],
			"sum":	{
				"start":	0,
				"end":	1.000073,
				"seconds":	1.0000729560852051,
				"bytes":	9437184,
				"bits_per_second":	75491964.4018128,
				"retransmits":	0,
				"omitted":	false,
				"sender":	true
			}
		}, {
			"streams":	[{
					"socket":	6,
					"start":	1.000073,
					"end":	2.000072,
					"seconds":	0.99999898672103882,
					"bytes":	28835840,
					"bits_per_second":	230686953.75023687,
					"retransmits":	0,
					"snd_cwnd":	9316432,
					"snd_wnd":	3143552,
					"rtt":	101029,
					"rttvar":	810,
					"pmtu":	1500,
					"omitted":	false,
					"sender":	true
				}],
			"sum":	{
				"start":	1.000073,
				"end":	2.000072,
				"seconds":	0.99999898672103882,
				"bytes":	28835840,
				"bits_per_second":	230686953.75023687,
				"retransmits":	0,
				"omitted":	false,
				"sender":	true
			}
		}, {
			"streams":	[{
					"socket":	6,
					"start":	2.000072,
					"end":	3.000078,
					"seconds":	1.0000059604644775,
					"bytes":	30146560,
					"bits_per_second":	241171042.50856811,
					"retransmits":	0,
					"snd_cwnd":	9316432,
					"snd_wnd":	3143552,
					"rtt":	103830,
					"rttvar":	1132,
					"pmtu":	1500,
					"omitted":	false,
					"sender":	true
				}],
			"sum":	{
				"start":	2.000072,
				"end":	3.000078,
				"seconds":	1.0000059604644775,
				"bytes":	30146560,
				"bits_per_second":	241171042.50856811,
				"retransmits":	0,
				"omitted":	false,
				"sender":	true
			}
		}, {
			"streams":	[{
					"socket":	6,
					"start":	3.000078,
					"end":	4.000073,
					"seconds":	0.999994993209839,
					"bytes":	30146560,
					"bits_per_second":	241173687.50604573,
					"retransmits":	0,
					"snd_cwnd":	9316432,
					"snd_wnd":	3143552,
					"rtt":	101810,
					"rttvar":	1417,
					"pmtu":	1500,
					"omitted":	false,
					"sender":	true
				}],
			"sum":	{
				"start":	3.000078,
				"end":	4.000073,
				"seconds":	0.999994993209839,
				"bytes":	30146560,
				"bits_per_second":	241173687.50604573,
				"retransmits":	0,
				"omitted":	false,
				"sender":	true
			}
		}, {
			"streams":	[{
					"socket":	6,
					"start":	4.000073,
					"end":	5.000078,
					"seconds":	1.0000050067901611,
					"bytes":	30146560,
					"bits_per_second":	241171272.50604567,
					"retransmits":	0,
					"snd_cwnd":	9316432,
					"snd_wnd":	3143552,
					"rtt":	100479,
					"rttvar":	423,
					"pmtu":	1500,
					"omitted":	false,
					"sender":	true
				}],
			"sum":	{
				"start":	4.000073,
				"end":	5.000078,
				"seconds":	1.0000050067901611,
				"bytes":	30146560,
				"bits_per_second":	241171272.50604567,
				"retransmits":	0,
				"omitted":	false,
				"sender":	true
			}
		}, {
			"streams":	[{
					"socket":	6,
					"start":	5.000078,
					"end":	6.000071,
					"seconds":	0.99999302625656128,
					"bytes":	30146560,
					"bits_per_second":	241174161.886729,
					"retransmits":	0,
					"snd_cwnd":	9316432,
					"snd_wnd":	3143552,
					"rtt":	101552,
					"rttvar":	1526,
					"pmtu":	1500,
					"omitted":	false,
					"sender":	true
				}],
			"sum":	{
				"start":	5.000078,
				"end":	6.000071,
				"seconds":	0.99999302625656128,
				"bytes":	30146560,
				"bits_per_second":	241174161.886729,
				"retransmits":	0,
				"omitted":	false,
				"sender":	true
			}
		}, {
			"streams":	[{
					"socket":	6,
					"start":	6.000071,
					"end":	7.000078,
					"seconds":	1.0000070333480835,
					"bytes":	28835840,
					"bits_per_second":	230685097.51141152,
					"retransmits":	0,
					"snd_cwnd":	9316432,
					"snd_wnd":	3143552,
					"rtt":	101646,
					"rttvar":	694,
					"pmtu":	1500,
					"omitted":	false,
					"sender":	true
				}],
			"sum":	{
				"start":	6.000071,
				"end":	7.000078,
				"seconds":	1.0000070333480835,
				"bytes":	28835840,
				"bits_per_second":	230685097.51141152,
				"retransmits":	0,
				"omitted":	false,
				"sender":	true
			}
		}, {
			"streams":	[{
					"socket":	6,
					"start":	7.000078,
					"end":	8.000082,
					"seconds":	1.0000040531158447,
					"bytes":	30146560,
					"bits_per_second":	241171502.50396189,
					"retransmits":	0,
					"snd_cwnd":	9316432,
					"snd_wnd":	3143552,
					"rtt":	102170,
					"rttvar":	1527,
					"pmtu":	1500,
					"omitted":	false,
					"sender":	true
				}],
			"sum":	{
				"start":	7.000078,
				"end":	8.000082,
				"seconds":	1.0000040531158447,
				"bytes":	30146560,
				"bits_per_second":	241171502.50396189,
				"retransmits":	0,
				"omitted":	false,
				"sender":	true
			}
		}, {
			"streams":	[{
					"socket":	6,
					"start":	8.000082,
					"end":	9.000074,
					"seconds":	0.9999920129776,
					"bytes":	30146560,
					"bits_per_second":	241174406.26538512,
					"retransmits":	0,
					"snd_cwnd":	9316432,
					"snd_wnd":	3143552,
					"rtt":	100644,
					"rttvar":	449,
					"pmtu":	1500,
					"omitted":	false,
					"sender":	true
				}],
			"sum":	{
				"start":	8.000082,
				"end":	9.000074,
				"seconds":	0.9999920129776,
				"bytes":	30146560,
				"bits_per_second":	241174406.26538512,
				"retransmits":	0,
				"omitted":	false,
				"sender":	true
			}
		}, {
			"streams":	[{
					"socket":	6,
					"start":	9.000074,
					"end":	10.000075,
					"seconds":	1.0000009536743164,
					"bytes":	30146560,
					"bits_per_second":	241172250.00021935,
					"retransmits":	0,
					"snd_cwnd":	9316432,
					"snd_wnd":	3143552,
					"rtt":	101302,
					"rttvar":	674,
					"pmtu":	1500,
					"omitted":	false,
					"sender":	true
				}],
			"sum":	{
				"start":	9.000074,
				"end":	10.000075,
				"seconds":	1.0000009536743164,
				"bytes":	30146560,
				"bits_per_second":	241172250.00021935,
				"retransmits":	0,
				"omitted":	false,
				"sender":	true
			}
		}],
	"end":	{
		"streams":	[{
				"sender":	{
					"socket":	6,
					"start":	0,
					"end":	10.000075,
					"seconds":	10.000075,
					"bytes":	278134784,
					"bits_per_second":	222506158.403812,
					"retransmits":	0,
					"max_snd_cwnd":	9316432,
					"max_snd_wnd":	3143552,
					"max_rtt":	103830,
					"min_rtt":	100098,
					"mean_rtt":	101456,
					"sender":	true
				},
				"receiver":	{
					"socket":	6,
					"start":	0,
					"end":	10.103659,
					"seconds":	10.000075,
					"bytes":	277866624,
					"bits_per_second":	220012669.8654418,
					"sender":	true
				}
			}],
		"sum_sent":	{
			"start":	0,
			"end":	10.000075,
			"seconds":	10.000075,
			"bytes":	278134784,
			"bits_per_second":	222506158.403812,
			"retransmits":	0,
			"sender":	true
		},
		"sum_received":	{
			"start":	0,
			"end":	10.103659,
			"seconds":	10.103659,
			"bytes":	277866624,
			"bits_per_second":	220012669.8654418,
			"sender":	true
		},
		"cpu_utilization_percent":	{
			"host_total":	1.255687063405337,
			"host_user":	0.18084385724084,
			"host_system":	1.0748335919243459,
			"remote_total":	1.1303119430551529,
			"remote_user":	0.11405755393262508,
			"remote_system":	1.016254389122528
		},
		"sender_tcp_congestion":	"bbr",
		"receiver_tcp_congestion":	"bbr"
	}
}
