{
	"start":	{
		"connected":	[{
				"socket":	6,
				"local_host":	"192.168.101.210",
				"local_port":	33992,
				"remote_host":	"192.168.100.168",
				"remote_port":	5201
			}],
		"version":	"iperf 3.11",
		"system_info":	"Linux f1 6.0.10-300.fc37.x86_64 #1 SMP PREEMPT_DYNAMIC Sat Nov 26 16:55:13 UTC 2022 x86_64",
		"timestamp":	{
			"time":	"Fri, 09 Dec 2022 23:31:05 GMT",
			"timesecs":	1670628665
		},
		"connecting_to":	{
			"host":	"192.168.100.168",
			"port":	5201
		},
		"cookie":	"jyorcm6dkpx7spcpaxxkvcpnkxkkvtn7jbhe",
		"tcp_mss_default":	1448,
		"target_bitrate":	0,
		"sock_bufsize":	0,
		"sndbuf_actual":	16384,
		"rcvbuf_actual":	131072,
		"test_start":	{
			"protocol":	"TCP",
			"num_streams":	1,
			"blksize":	131072,
			"omit":	0,
			"duration":	10,
			"bytes":	0,
			"blocks":	0,
			"reverse":	0,
			"tos":	0,
			"target_bitrate":	0
		}
	},
	"intervals":	[{
			"streams":	[{
					"socket":	6,
					"start":	0,
					"end":	1.000149,
					"seconds":	1.0001490116119385,
					"bytes":	13238272,
					"bits_per_second":	105890397.10123914,
					"retransmits":	730,
					"snd_cwnd":	2622328,
					"snd_wnd":	3145728,
					"rtt":	81259,
					"rttvar":	1072,
					"pmtu":	1500,
					"omitted":	false,
					"sender":	true
				}],
			"sum":	{
				"start":	0,
				"end":	1.000149,
				"seconds":	1.0001490116119385,
				"bytes":	13238272,
				"bits_per_second":	105890397.10123914,
				"retransmits":	730,
				"omitted":	false,
				"sender":	true
			}
		}, {
			"streams":	[{
					"socket":	6,
					"start":	1.000149,
					"end":	2.000073,
					"seconds":	0.99992400407791138,
					"bytes":	18350080,
					"bits_per_second":	146811797.09789395,
					"retransmits":	410,
					"snd_cwnd":	673320,
					"snd_wnd":	3145728,
					"rtt":	75293,
					"rttvar":	356,
					"pmtu":	1500,
					"omitted":	false,
					"sender":	true
				}],
			"sum":	{
				"start":	1.000149,
				"end":	2.000073,
				"seconds":	0.99992400407791138,
				"bytes":	18350080,
				"bits_per_second":	146811797.09789395,
				"retransmits":	410,
				"omitted":	false,
				"sender":	true
			}
		}, {
			"streams":	[{
					"socket":	6,
					"start":	2.000073,
					"end":	3.000157,
					"seconds":	1.0000840425491333,
					"bytes":	9175040,
					"bits_per_second":	73394151.7683939,
					"retransmits":	0,
					"snd_cwnd":	729792,
					"snd_wnd":	3145728,
					"rtt":	75075,
					"rttvar":	9,
					"pmtu":	1500,
					"omitted":	false,
					"sender":	true
				}],
			"sum":	{
				"start":	2.000073,
				"end":	3.000157,
				"seconds":	1.0000840425491333,
				"bytes":	9175040,
				"bits_per_second":	73394151.7683939,
				"retransmits":	0,
				"omitted":	false,
				"sender":	true
			}
		}, {
			"streams":	[{
					"socket":	6,
					"start":	3.000157,
					"end":	4.000108,
					"seconds":	0.99995100498199463,
					"bytes":	10485760,
					"bits_per_second":	83890190.2013794,
					"retransmits":	0,
					"snd_cwnd":	770336,
					"snd_wnd":	3145728,
					"rtt":	75080,
					"rttvar":	12,
					"pmtu":	1500,
					"omitted":	false,
					"sender":	true
				}],
			"sum":	{
				"start":	3.000157,
				"end":	4.000108,
				"seconds":	0.99995100498199463,
				"bytes":	10485760,
				"bits_per_second":	83890190.2013794,
				"retransmits":	0,
				"omitted":	false,
				"sender":	true
			}
		}, {
			"streams":	[{
					"socket":	6,
					"start":	4.000108,
					"end":	5.000114,
					"seconds":	1.0000059604644775,
					"bytes":	10485760,
					"bits_per_second":	83885580.0029802,
					"retransmits":	0,
					"snd_cwnd":	794952,
					"snd_wnd":	3145728,
					"rtt":	75070,
					"rttvar":	6,
					"pmtu":	1500,
					"omitted":	false,
					"sender":	true
				}],
			"sum":	{
				"start":	4.000108,
				"end":	5.000114,
				"seconds":	1.0000059604644775,
				"bytes":	10485760,
				"bits_per_second":	83885580.0029802,
				"retransmits":	0,
				"omitted":	false,
				"sender":	true
			}
		}, {
			"streams":	[{
					"socket":	6,
					"start":	5.000114,
					"end":	6.000086,
					"seconds":	0.99997198581695557,
					"bytes":	10485760,
					"bits_per_second":	83888430.0658352,
					"retransmits":	0,
					"snd_cwnd":	807984,
					"snd_wnd":	3145728,
					"rtt":	75314,
					"rttvar":	245,
					"pmtu":	1500,
					"omitted":	false,
					"sender":	true
				}],
			"sum":	{
				"start":	5.000114,
				"end":	6.000086,
				"seconds":	0.99997198581695557,
				"bytes":	10485760,
				"bits_per_second":	83888430.0658352,
				"retransmits":	0,
				"omitted":	false,
				"sender":	true
			}
		}, {
			"streams":	[{
					"socket":	6,
					"start":	6.000086,
					"end":	7.000109,
					"seconds":	1.0000230073928833,
					"bytes":	10485760,
					"bits_per_second":	83884150.04440324,
					"retransmits":	0,
					"snd_cwnd":	813776,
					"snd_wnd":	3145728,
					"rtt":	75085,
					"rttvar":	12,
					"pmtu":	1500,
					"omitted":	false,
					"sender":	true
				}],
			"sum":	{
				"start":	6.000086,
				"end":	7.000109,
				"seconds":	1.0000230073928833,
				"bytes":	10485760,
				"bits_per_second":	83884150.04440324,
				"retransmits":	0,
				"omitted":	false,
				"sender":	true
			}
		}, {
			"streams":	[{
					"socket":	6,
					"start":	7.000109,
					"end":	8.000074,
					"seconds":	0.999965012073517,
					"bytes":	11796480,
					"bits_per_second":	94375141.9905298,
					"retransmits":	0,
					"snd_cwnd":	813776,
					"snd_wnd":	3145728,
					"rtt":	75086,
					"rttvar":	17,
					"pmtu":	1500,
					"omitted":	false,
					"sender":	true
				}],
			"sum":	{
				"start":	7.000109,
				"end":	8.000074,
				"seconds":	0.999965012073517,
				"bytes":	11796480,
				"bits_per_second":	94375141.9905298,
				"retransmits":	0,
				"omitted":	false,
				"sender":	true
			}
		}, {
			"streams":	[{
					"socket":	6,
					"start":	8.000074,
					"end":	9.00007,
					"seconds":	0.9999960064888,
					"bytes":	10485760,
					"bits_per_second":	83886415.001337826,
					"retransmits":	0,
					"snd_cwnd":	813776,
					"snd_wnd":	3145728,
					"rtt":	75087,
					"rttvar":	9,
					"pmtu":	1500,
					"omitted":	false,
					"sender":	true
				}],
			"sum":	{
				"start":	8.000074,
				"end":	9.00007,
				"seconds":	0.9999960064888,
				"bytes":	10485760,
				"bits_per_second":	83886415.001337826,
				"retransmits":	0,
				"omitted":	false,
				"sender":	true
			}
		}, {
			"streams":	[{
					"socket":	6,
					"start":	9.00007,
					"end":	10.000108,
					"seconds":	1.0000380277633667,
					"bytes":	10485760,
					"bits_per_second":	83882890.121303946,
					"retransmits":	0,
					"snd_cwnd":	816672,
					"snd_wnd":	3145728,
					"rtt":	75089,
					"rttvar":	14,
					"pmtu":	1500,
					"omitted":	false,
					"sender":	true
				}],
			"sum":	{
				"start":	9.00007,
				"end":	10.000108,
				"seconds":	1.0000380277633667,
				"bytes":	10485760,
				"bits_per_second":	83882890.121303946,
				"retransmits":	0,
				"omitted":	false,
				"sender":	true
			}
		}],
	"end":	{
		"streams":	[{
				"sender":	{
					"socket":	6,
					"start":	0,
					"end":	10.000108,
					"seconds":	10.000108,
					"bytes":	115474432,
					"bits_per_second":	92378547.911682546,
					"retransmits":	1140,
					"max_snd_cwnd":	2622328,
					"max_snd_wnd":	3145728,
					"max_rtt":	81259,
					"min_rtt":	75070,
					"mean_rtt":	75743,
					"sender":	true
				},
				"receiver":	{
					"socket":	6,
					"start":	0,
					"end":	10.075232,
					"seconds":	10.000108,
					"bytes":	112797472,
					"bits_per_second":	89564168.4479325,
					"sender":	true
				}
			}],
		"sum_sent":	{
			"start":	0,
			"end":	10.000108,
			"seconds":	10.000108,
			"bytes":	115474432,
			"bits_per_second":	92378547.911682546,
			"retransmits":	1140,
			"sender":	true
		},
		"sum_received":	{
			"start":	0,
			"end":	10.075232,
			"seconds":	10.075232,
			"bytes":	112797472,
			"bits_per_second":	89564168.4479325,
			"sender":	true
		},
		"cpu_utilization_percent":	{
			"host_total":	1.1432634646980167,
			"host_user":	0.12924362773292175,
			"host_system":	1.0140101296173607,
			"remote_total":	0.95725654874503874,
			"remote_user":	0.057864563374153161,
			"remote_system":	0.89939198537088549
		},
		"sender_tcp_congestion":	"cubic",
		"receiver_tcp_congestion":	"cubic"
	}
}
