{
	"start":	{
		"connected":	[{
				"socket":	6,
				"local_host":	"192.168.101.210",
				"local_port":	56626,
				"remote_host":	"192.168.100.168",
				"remote_port":	5201
			}],
		"version":	"iperf 3.11",
		"system_info":	"Linux f1 6.0.10-300.fc37.x86_64 #1 SMP PREEMPT_DYNAMIC Sat Nov 26 16:55:13 UTC 2022 x86_64",
		"timestamp":	{
			"time":	"Fri, 09 Dec 2022 23:09:17 GMT",
			"timesecs":	1670627357
		},
		"connecting_to":	{
			"host":	"192.168.100.168",
			"port":	5201
		},
		"cookie":	"v4auj4mmvip55t6usslo2efy3u3aotwkfs4r",
		"tcp_mss_default":	1448,
		"target_bitrate":	0,
		"sock_bufsize":	0,
		"sndbuf_actual":	16384,
		"rcvbuf_actual":	131072,
		"test_start":	{
			"protocol":	"TCP",
			"num_streams":	1,
			"blksize":	131072,
			"omit":	0,
			"duration":	10,
			"bytes":	0,
			"blocks":	0,
			"reverse":	0,
			"tos":	0,
			"target_bitrate":	0
		}
	},
	"intervals":	[{
			"streams":	[{
					"socket":	6,
					"start":	0,
					"end":	1.000382,
					"seconds":	1.0003819465637207,
					"bytes":	4587520,
					"bits_per_second":	36686147.851891823,
					"retransmits":	0,
					"snd_cwnd":	754408,
					"snd_wnd":	2293504,
					"rtt":	233959,
					"rttvar":	12324,
					"pmtu":	1500,
					"omitted":	false,
					"sender":	true
				}],
			"sum":	{
				"start":	0,
				"end":	1.000382,
				"seconds":	1.0003819465637207,
				"bytes":	4587520,
				"bits_per_second":	36686147.851891823,
				"retransmits":	0,
				"omitted":	false,
				"sender":	true
			}
		}, {
			"streams":	[{
					"socket":	6,
					"start":	1.000382,
					"end":	2.000387,
					"seconds":	1.0000050067901611,
					"bytes":	2621440,
					"bits_per_second":	20971415.000525709,
					"retransmits":	0,
					"snd_cwnd":	900656,
					"snd_wnd":	3143936,
					"rtt":	308035,
					"rttvar":	185,
					"pmtu":	1500,
					"omitted":	false,
					"sender":	true
				}],
			"sum":	{
				"start":	1.000382,
				"end":	2.000387,
				"seconds":	1.0000050067901611,
				"bytes":	2621440,
				"bits_per_second":	20971415.000525709,
				"retransmits":	0,
				"omitted":	false,
				"sender":	true
			}
		}, {
			"streams":	[{
					"socket":	6,
					"start":	2.000387,
					"end":	3.000131,
					"seconds":	0.9997439980506897,
					"bytes":	3932160,
					"bits_per_second":	31465335.187143613,
					"retransmits":	0,
					"snd_cwnd":	1064280,
					"snd_wnd":	3143936,
					"rtt":	324768,
					"rttvar":	389,
					"pmtu":	1500,
					"omitted":	false,
					"sender":	true
				}],
			"sum":	{
				"start":	2.000387,
				"end":	3.000131,
				"seconds":	0.9997439980506897,
				"bytes":	3932160,
				"bits_per_second":	31465335.187143613,
				"retransmits":	0,
				"omitted":	false,
				"sender":	true
			}
		}, {
			"streams":	[{
					"socket":	6,
					"start":	3.000131,
					"end":	4.000304,
					"seconds":	1.0001729726791382,
					"bytes":	2621440,
					"bits_per_second":	20967893.12734988,
					"retransmits":	0,
					"snd_cwnd":	1227904,
					"snd_wnd":	3143936,
					"rtt":	349099,
					"rttvar":	174,
					"pmtu":	1500,
					"omitted":	false,
					"sender":	true
				}],
			"sum":	{
				"start":	3.000131,
				"end":	4.000304,
				"seconds":	1.0001729726791382,
				"bytes":	2621440,
				"bits_per_second":	20967893.12734988,
				"retransmits":	0,
				"omitted":	false,
				"sender":	true
			}
		}, {
			"streams":	[{
					"socket":	6,
					"start":	4.000304,
					"end":	5.000136,
					"seconds":	0.99983197450637817,
					"bytes":	3932160,
					"bits_per_second":	31462566.513269,
					"retransmits":	0,
					"snd_cwnd":	1400216,
					"snd_wnd":	3143936,
					"rtt":	378262,
					"rttvar":	159,
					"pmtu":	1500,
					"omitted":	false,
					"sender":	true
				}],
			"sum":	{
				"start":	4.000304,
				"end":	5.000136,
				"seconds":	0.99983197450637817,
				"bytes":	3932160,
				"bits_per_second":	31462566.513269,
				"retransmits":	0,
				"omitted":	false,
				"sender":	true
			}
		}, {
			"streams":	[{
					"socket":	6,
					"start":	5.000136,
					"end":	6.000227,
					"seconds":	1.0000909566879272,
					"bytes":	3932160,
					"bits_per_second":	31454419.010226153,
					"retransmits":	0,
					"snd_cwnd":	1607280,
					"snd_wnd":	3143936,
					"rtt":	365571,
					"rttvar":	159,
					"pmtu":	1500,
					"omitted":	false,
					"sender":	true
				}],
			"sum":	{
				"start":	5.000136,
				"end":	6.000227,
				"seconds":	1.0000909566879272,
				"bytes":	3932160,
				"bits_per_second":	31454419.010226153,
				"retransmits":	0,
				"omitted":	false,
				"sender":	true
			}
		}, {
			"streams":	[{
					"socket":	6,
					"start":	6.000227,
					"end":	7.000293,
					"seconds":	1.0000660419464111,
					"bytes":	3932160,
					"bits_per_second":	31455202.637193084,
					"retransmits":	0,
					"snd_cwnd":	1833168,
					"snd_wnd":	3143936,
					"rtt":	390545,
					"rttvar":	253,
					"pmtu":	1500,
					"omitted":	false,
					"sender":	true
				}],
			"sum":	{
				"start":	6.000227,
				"end":	7.000293,
				"seconds":	1.0000660419464111,
				"bytes":	3932160,
				"bits_per_second":	31455202.637193084,
				"retransmits":	0,
				"omitted":	false,
				"sender":	true
			}
		}, {
			"streams":	[{
					"socket":	6,
					"start":	7.000293,
					"end":	8.000161,
					"seconds":	0.99986797571182251,
					"bytes":	5242880,
					"bits_per_second":	41948578.231181033,
					"retransmits":	0,
					"snd_cwnd":	2060504,
					"snd_wnd":	3143936,
					"rtt":	414821,
					"rttvar":	225,
					"pmtu":	1500,
					"omitted":	false,
					"sender":	true
				}],
			"sum":	{
				"start":	7.000293,
				"end":	8.000161,
				"seconds":	0.99986797571182251,
				"bytes":	5242880,
				"bits_per_second":	41948578.231181033,
				"retransmits":	0,
				"omitted":	false,
				"sender":	true
			}
		}, {
			"streams":	[{
					"socket":	6,
					"start":	8.000161,
					"end":	9.000079,
					"seconds":	0.999917984008789,
					"bytes":	5242880,
					"bits_per_second":	41946480.282158151,
					"retransmits":	0,
					"snd_cwnd":	2302320,
					"snd_wnd":	3143936,
					"rtt":	453660,
					"rttvar":	456,
					"pmtu":	1500,
					"omitted":	false,
					"sender":	true
				}],
			"sum":	{
				"start":	8.000161,
				"end":	9.000079,
				"seconds":	0.999917984008789,
				"bytes":	5242880,
				"bits_per_second":	41946480.282158151,
				"retransmits":	0,
				"omitted":	false,
				"sender":	true
			}
		}, {
			"streams":	[{
					"socket":	6,
					"start":	9.000079,
					"end":	10.000284,
					"seconds":	1.0002050399780273,
					"bytes":	3932160,
					"bits_per_second":	31450831.322236747,
					"retransmits":	0,
					"snd_cwnd":	2555720,
					"snd_wnd":	3143936,
					"rtt":	472781,
					"rttvar":	712,
					"pmtu":	1500,
					"omitted":	false,
					"sender":	true
				}],
			"sum":	{
				"start":	9.000079,
				"end":	10.000284,
				"seconds":	1.0002050399780273,
				"bytes":	3932160,
				"bits_per_second":	31450831.322236747,
				"retransmits":	0,
				"omitted":	false,
				"sender":	true
			}
		}],
	"end":	{
		"streams":	[{
				"sender":	{
					"socket":	6,
					"start":	0,
					"end":	10.000284,
					"seconds":	10.000284,
					"bytes":	39976960,
					"bits_per_second":	31980659.749263119,
					"retransmits":	0,
					"max_snd_cwnd":	2555720,
					"max_snd_wnd":	3143936,
					"max_rtt":	472781,
					"min_rtt":	233959,
					"mean_rtt":	369150,
					"sender":	true
				},
				"receiver":	{
					"socket":	6,
					"start":	0,
					"end":	10.449753,
					"seconds":	10.000284,
					"bytes":	39973504,
					"bits_per_second":	30602448.880849145,
					"sender":	true
				}
			}],
		"sum_sent":	{
			"start":	0,
			"end":	10.000284,
			"seconds":	10.000284,
			"bytes":	39976960,
			"bits_per_second":	31980659.749263119,
			"retransmits":	0,
			"sender":	true
		},
		"sum_received":	{
			"start":	0,
			"end":	10.449753,
			"seconds":	10.449753,
			"bytes":	39973504,
			"bits_per_second":	30602448.880849145,
			"sender":	true
		},
		"cpu_utilization_percent":	{
			"host_total":	1.1336719656598095,
			"host_user":	0.11804416422587917,
			"host_system":	1.0156278014339304,
			"remote_total":	2.1313750145936083,
			"remote_user":	0.19377441438958523,
			"remote_system":	1.937581461045113
		},
		"sender_tcp_congestion":	"cubic",
		"receiver_tcp_congestion":	"cubic"
	}
}
