{
	"start":	{
		"connected":	[{
				"socket":	6,
				"local_host":	"192.168.101.210",
				"local_port":	52610,
				"remote_host":	"192.168.100.168",
				"remote_port":	5201
			}],
		"version":	"iperf 3.11",
		"system_info":	"Linux f1 6.0.10-300.fc37.x86_64 #1 SMP PREEMPT_DYNAMIC Sat Nov 26 16:55:13 UTC 2022 x86_64",
		"timestamp":	{
			"time":	"Fri, 09 Dec 2022 23:05:47 GMT",
			"timesecs":	1670627147
		},
		"connecting_to":	{
			"host":	"192.168.100.168",
			"port":	5201
		},
		"cookie":	"qv4vz7lvd6pd5nij4b4dd4ss3emx6bevapf5",
		"tcp_mss_default":	1448,
		"target_bitrate":	0,
		"sock_bufsize":	0,
		"sndbuf_actual":	16384,
		"rcvbuf_actual":	131072,
		"test_start":	{
			"protocol":	"TCP",
			"num_streams":	1,
			"blksize":	131072,
			"omit":	0,
			"duration":	10,
			"bytes":	0,
			"blocks":	0,
			"reverse":	0,
			"tos":	0,
			"target_bitrate":	0
		}
	},
	"intervals":	[{
			"streams":	[{
					"socket":	6,
					"start":	0,
					"end":	1.000083,
					"seconds":	1.0000829696655273,
					"bytes":	6203232,
					"bits_per_second":	49621738.9009205,
					"retransmits":	0,
					"snd_cwnd":	502456,
					"snd_wnd":	2112128,
					"rtt":	121737,
					"rttvar":	461,
					"pmtu":	1500,
					"omitted":	false,
					"sender":	true
				}],
			"sum":	{
				"start":	0,
				"end":	1.000083,
				"seconds":	1.0000829696655273,
				"bytes":	6203232,
				"bits_per_second":	49621738.9009205,
				"retransmits":	0,
				"omitted":	false,
				"sender":	true
			}
		}, {
			"streams":	[{
					"socket":	6,
					"start":	1.000083,
					"end":	2.000226,
					"seconds":	1.0001430511474609,
					"bytes":	4806816,
					"bits_per_second":	38449027.822451241,
					"retransmits":	0,
					"snd_cwnd":	732688,
					"snd_wnd":	2112128,
					"rtt":	138973,
					"rttvar":	323,
					"pmtu":	1500,
					"omitted":	false,
					"sender":	true
				}],
			"sum":	{
				"start":	1.000083,
				"end":	2.000226,
				"seconds":	1.0001430511474609,
				"bytes":	4806816,
				"bits_per_second":	38449027.822451241,
				"retransmits":	0,
				"omitted":	false,
				"sender":	true
			}
		}, {
			"streams":	[{
					"socket":	6,
					"start":	2.000226,
					"end":	3.000237,
					"seconds":	1.0000109672546387,
					"bytes":	5242880,
					"bits_per_second":	41942580.005044885,
					"retransmits":	0,
					"snd_cwnd":	994776,
					"snd_wnd":	2112128,
					"rtt":	176136,
					"rttvar":	485,
					"pmtu":	1500,
					"omitted":	false,
					"sender":	true
				}],
			"sum":	{
				"start":	2.000226,
				"end":	3.000237,
				"seconds":	1.0000109672546387,
				"bytes":	5242880,
				"bits_per_second":	41942580.005044885,
				"retransmits":	0,
				"omitted":	false,
				"sender":	true
			}
		}, {
			"streams":	[{
					"socket":	6,
					"start":	3.000237,
					"end":	4.000264,
					"seconds":	1.0000269412994385,
					"bytes":	5242880,
					"bits_per_second":	41941910.030442849,
					"retransmits":	33,
					"snd_cwnd":	787712,
					"snd_wnd":	3143552,
					"rtt":	143847,
					"rttvar":	293,
					"pmtu":	1500,
					"omitted":	false,
					"sender":	true
				}],
			"sum":	{
				"start":	3.000237,
				"end":	4.000264,
				"seconds":	1.0000269412994385,
				"bytes":	5242880,
				"bits_per_second":	41941910.030442849,
				"retransmits":	33,
				"omitted":	false,
				"sender":	true
			}
		}, {
			"streams":	[{
					"socket":	6,
					"start":	4.000264,
					"end":	5.000078,
					"seconds":	0.999813973903656,
					"bytes":	6553600,
					"bits_per_second":	52438554.939673349,
					"retransmits":	0,
					"snd_cwnd":	884728,
					"snd_wnd":	3143552,
					"rtt":	158331,
					"rttvar":	319,
					"pmtu":	1500,
					"omitted":	false,
					"sender":	true
				}],
			"sum":	{
				"start":	4.000264,
				"end":	5.000078,
				"seconds":	0.999813973903656,
				"bytes":	6553600,
				"bits_per_second":	52438554.939673349,
				"retransmits":	0,
				"omitted":	false,
				"sender":	true
			}
		}, {
			"streams":	[{
					"socket":	6,
					"start":	5.000078,
					"end":	6.000121,
					"seconds":	1.0000430345535278,
					"bytes":	5242880,
					"bits_per_second":	41941235.077674024,
					"retransmits":	0,
					"snd_cwnd":	958576,
					"snd_wnd":	3143552,
					"rtt":	166972,
					"rttvar":	841,
					"pmtu":	1500,
					"omitted":	false,
					"sender":	true
				}],
			"sum":	{
				"start":	5.000078,
				"end":	6.000121,
				"seconds":	1.0000430345535278,
				"bytes":	5242880,
				"bits_per_second":	41941235.077674024,
				"retransmits":	0,
				"omitted":	false,
				"sender":	true
			}
		}, {
			"streams":	[{
					"socket":	6,
					"start":	6.000121,
					"end":	7.000199,
					"seconds":	1.0000779628753662,
					"bytes":	5242880,
					"bits_per_second":	41939770.254918732,
					"retransmits":	0,
					"snd_cwnd":	1012152,
					"snd_wnd":	3143552,
					"rtt":	175216,
					"rttvar":	438,
					"pmtu":	1500,
					"omitted":	false,
					"sender":	true
				}],
			"sum":	{
				"start":	6.000121,
				"end":	7.000199,
				"seconds":	1.0000779628753662,
				"bytes":	5242880,
				"bits_per_second":	41939770.254918732,
				"retransmits":	0,
				"omitted":	false,
				"sender":	true
			}
		}, {
			"streams":	[{
					"socket":	6,
					"start":	7.000199,
					"end":	8.00008,
					"seconds":	0.99988102912902832,
					"bytes":	6553600,
					"bits_per_second":	52435038.2421691,
					"retransmits":	0,
					"snd_cwnd":	1049800,
					"snd_wnd":	3143552,
					"rtt":	181103,
					"rttvar":	301,
					"pmtu":	1500,
					"omitted":	false,
					"sender":	true
				}],
			"sum":	{
				"start":	7.000199,
				"end":	8.00008,
				"seconds":	0.99988102912902832,
				"bytes":	6553600,
				"bits_per_second":	52435038.2421691,
				"retransmits":	0,
				"omitted":	false,
				"sender":	true
			}
		}, {
			"streams":	[{
					"socket":	6,
					"start":	8.00008,
					"end":	9.000144,
					"seconds":	1.0000640153884888,
					"bytes":	5242880,
					"bits_per_second":	41940355.171870314,
					"retransmits":	0,
					"snd_cwnd":	1071520,
					"snd_wnd":	3143552,
					"rtt":	183463,
					"rttvar":	252,
					"pmtu":	1500,
					"omitted":	false,
					"sender":	true
				}],
			"sum":	{
				"start":	8.00008,
				"end":	9.000144,
				"seconds":	1.0000640153884888,
				"bytes":	5242880,
				"bits_per_second":	41940355.171870314,
				"retransmits":	0,
				"omitted":	false,
				"sender":	true
			}
		}, {
			"streams":	[{
					"socket":	6,
					"start":	9.000144,
					"end":	10.000251,
					"seconds":	1.0001070499420166,
					"bytes":	5242880,
					"bits_per_second":	41938550.4806028,
					"retransmits":	0,
					"snd_cwnd":	1083104,
					"snd_wnd":	3143552,
					"rtt":	185323,
					"rttvar":	94,
					"pmtu":	1500,
					"omitted":	false,
					"sender":	true
				}],
			"sum":	{
				"start":	9.000144,
				"end":	10.000251,
				"seconds":	1.0001070499420166,
				"bytes":	5242880,
				"bits_per_second":	41938550.4806028,
				"retransmits":	0,
				"omitted":	false,
				"sender":	true
			}
		}],
	"end":	{
		"streams":	[{
				"sender":	{
					"socket":	6,
					"start":	0,
					"end":	10.000251,
					"seconds":	10.000251,
					"bytes":	55574528,
					"bits_per_second":	44458506.491487063,
					"retransmits":	33,
					"max_snd_cwnd":	1083104,
					"max_snd_wnd":	3143552,
					"max_rtt":	185323,
					"min_rtt":	121737,
					"mean_rtt":	163110,
					"sender":	true
				},
				"receiver":	{
					"socket":	6,
					"start":	0,
					"end":	10.185378,
					"seconds":	10.000251,
					"bytes":	54095832,
					"bits_per_second":	42489012.778907172,
					"sender":	true
				}
			}],
		"sum_sent":	{
			"start":	0,
			"end":	10.000251,
			"seconds":	10.000251,
			"bytes":	55574528,
			"bits_per_second":	44458506.491487063,
			"retransmits":	33,
			"sender":	true
		},
		"sum_received":	{
			"start":	0,
			"end":	10.185378,
			"seconds":	10.185378,
			"bytes":	54095832,
			"bits_per_second":	42489012.778907172,
			"sender":	true
		},
		"cpu_utilization_percent":	{
			"host_total":	0.50256310549667382,
			"host_user":	0.047230992718052062,
			"host_system":	0.45533211277862184,
			"remote_total":	2.1568837478863108,
			"remote_user":	0.18797514753732036,
			"remote_system":	1.96890860034899
		},
		"sender_tcp_congestion":	"cubic",
		"receiver_tcp_congestion":	"cubic"
	}
}
