{
	"start":	{
		"connected":	[{
				"socket":	6,
				"local_host":	"192.168.101.210",
				"local_port":	58040,
				"remote_host":	"192.168.100.168",
				"remote_port":	5201
			}],
		"version":	"iperf 3.11",
		"system_info":	"Linux f1 6.0.10-300.fc37.x86_64 #1 SMP PREEMPT_DYNAMIC Sat Nov 26 16:55:13 UTC 2022 x86_64",
		"timestamp":	{
			"time":	"Fri, 09 Dec 2022 23:04:53 GMT",
			"timesecs":	1670627093
		},
		"connecting_to":	{
			"host":	"192.168.100.168",
			"port":	5201
		},
		"cookie":	"ytzbz7nsjkaeilpodzdk7h3o7pwjqlgp2orq",
		"tcp_mss_default":	1448,
		"target_bitrate":	0,
		"sock_bufsize":	0,
		"sndbuf_actual":	16384,
		"rcvbuf_actual":	131072,
		"test_start":	{
			"protocol":	"TCP",
			"num_streams":	1,
			"blksize":	131072,
			"omit":	0,
			"duration":	10,
			"bytes":	0,
			"blocks":	0,
			"reverse":	0,
			"tos":	0,
			"target_bitrate":	0
		}
	},
	"intervals":	[{
			"streams":	[{
					"socket":	6,
					"start":	0,
					"end":	1.00009,
					"seconds":	1.0000900030136108,
					"bytes":	7623720,
					"bits_per_second":	60984271.231806278,
					"retransmits":	0,
					"snd_cwnd":	603816,
					"snd_wnd":	3143552,
					"rtt":	117058,
					"rttvar":	549,
					"pmtu":	1500,
					"omitted":	false,
					"sender":	true
				}],
			"sum":	{
				"start":	0,
				"end":	1.00009,
				"seconds":	1.0000900030136108,
				"bytes":	7623720,
				"bits_per_second":	60984271.231806278,
				"retransmits":	0,
				"omitted":	false,
				"sender":	true
			}
		}, {
			"streams":	[{
					"socket":	6,
					"start":	1.00009,
					"end":	2.000212,
					"seconds":	1.0001219511032104,
					"bytes":	5221336,
					"bits_per_second":	41765594.639657453,
					"retransmits":	0,
					"snd_cwnd":	874592,
					"snd_wnd":	3143552,
					"rtt":	150292,
					"rttvar":	278,
					"pmtu":	1500,
					"omitted":	false,
					"sender":	true
				}],
			"sum":	{
				"start":	1.00009,
				"end":	2.000212,
				"seconds":	1.0001219511032104,
				"bytes":	5221336,
				"bits_per_second":	41765594.639657453,
				"retransmits":	0,
				"omitted":	false,
				"sender":	true
			}
		}, {
			"streams":	[{
					"socket":	6,
					"start":	2.000212,
					"end":	3.00008,
					"seconds":	0.99986797571182251,
					"bytes":	6553600,
					"bits_per_second":	52435722.7889763,
					"retransmits":	32,
					"snd_cwnd":	726896,
					"snd_wnd":	3145728,
					"rtt":	126182,
					"rttvar":	342,
					"pmtu":	1500,
					"omitted":	false,
					"sender":	true
				}],
			"sum":	{
				"start":	2.000212,
				"end":	3.00008,
				"seconds":	0.99986797571182251,
				"bytes":	6553600,
				"bits_per_second":	52435722.7889763,
				"retransmits":	32,
				"omitted":	false,
				"sender":	true
			}
		}, {
			"streams":	[{
					"socket":	6,
					"start":	3.00008,
					"end":	4.00012,
					"seconds":	1.0000400543212891,
					"bytes":	5242880,
					"bits_per_second":	41941360.067288563,
					"retransmits":	0,
					"snd_cwnd":	821016,
					"snd_wnd":	3145728,
					"rtt":	140161,
					"rttvar":	173,
					"pmtu":	1500,
					"omitted":	false,
					"sender":	true
				}],
			"sum":	{
				"start":	3.00008,
				"end":	4.00012,
				"seconds":	1.0000400543212891,
				"bytes":	5242880,
				"bits_per_second":	41941360.067288563,
				"retransmits":	0,
				"omitted":	false,
				"sender":	true
			}
		}, {
			"streams":	[{
					"socket":	6,
					"start":	4.00012,
					"end":	5.000216,
					"seconds":	1.0000959634780884,
					"bytes":	5242880,
					"bits_per_second":	41939015.38621594,
					"retransmits":	0,
					"snd_cwnd":	894864,
					"snd_wnd":	3145728,
					"rtt":	151561,
					"rttvar":	135,
					"pmtu":	1500,
					"omitted":	false,
					"sender":	true
				}],
			"sum":	{
				"start":	4.00012,
				"end":	5.000216,
				"seconds":	1.0000959634780884,
				"bytes":	5242880,
				"bits_per_second":	41939015.38621594,
				"retransmits":	0,
				"omitted":	false,
				"sender":	true
			}
		}, {
			"streams":	[{
					"socket":	6,
					"start":	5.000216,
					"end":	6.000094,
					"seconds":	0.99987798929214478,
					"bytes":	6553600,
					"bits_per_second":	52435197.655582488,
					"retransmits":	0,
					"snd_cwnd":	946992,
					"snd_wnd":	3145728,
					"rtt":	159956,
					"rttvar":	297,
					"pmtu":	1500,
					"omitted":	false,
					"sender":	true
				}],
			"sum":	{
				"start":	5.000216,
				"end":	6.000094,
				"seconds":	0.99987798929214478,
				"bytes":	6553600,
				"bits_per_second":	52435197.655582488,
				"retransmits":	0,
				"omitted":	false,
				"sender":	true
			}
		}, {
			"streams":	[{
					"socket":	6,
					"start":	6.000094,
					"end":	7.000191,
					"seconds":	1.0000970363616943,
					"bytes":	5242880,
					"bits_per_second":	41938970.394899674,
					"retransmits":	0,
					"snd_cwnd":	984640,
					"snd_wnd":	3145728,
					"rtt":	167149,
					"rttvar":	350,
					"pmtu":	1500,
					"omitted":	false,
					"sender":	true
				}],
			"sum":	{
				"start":	6.000094,
				"end":	7.000191,
				"seconds":	1.0000970363616943,
				"bytes":	5242880,
				"bits_per_second":	41938970.394899674,
				"retransmits":	0,
				"omitted":	false,
				"sender":	true
			}
		}, {
			"streams":	[{
					"socket":	6,
					"start":	7.000191,
					"end":	8.00007,
					"seconds":	0.999879002571106,
					"bytes":	6553600,
					"bits_per_second":	52435144.517670326,
					"retransmits":	0,
					"snd_cwnd":	1006360,
					"snd_wnd":	3145728,
					"rtt":	170949,
					"rttvar":	184,
					"pmtu":	1500,
					"omitted":	false,
					"sender":	true
				}],
			"sum":	{
				"start":	7.000191,
				"end":	8.00007,
				"seconds":	0.999879002571106,
				"bytes":	6553600,
				"bits_per_second":	52435144.517670326,
				"retransmits":	0,
				"omitted":	false,
				"sender":	true
			}
		}, {
			"streams":	[{
					"socket":	6,
					"start":	8.00007,
					"end":	9.00019,
					"seconds":	1.0001200437545776,
					"bytes":	5242880,
					"bits_per_second":	41938005.604347758,
					"retransmits":	0,
					"snd_cwnd":	1017944,
					"snd_wnd":	3145728,
					"rtt":	171543,
					"rttvar":	74,
					"pmtu":	1500,
					"omitted":	false,
					"sender":	true
				}],
			"sum":	{
				"start":	8.00007,
				"end":	9.00019,
				"seconds":	1.0001200437545776,
				"bytes":	5242880,
				"bits_per_second":	41938005.604347758,
				"retransmits":	0,
				"omitted":	false,
				"sender":	true
			}
		}, {
			"streams":	[{
					"socket":	6,
					"start":	9.00019,
					"end":	10.000088,
					"seconds":	0.99989801645278931,
					"bytes":	6553600,
					"bits_per_second":	52434147.4203489,
					"retransmits":	4,
					"snd_cwnd":	735584,
					"snd_wnd":	3145728,
					"rtt":	123735,
					"rttvar":	278,
					"pmtu":	1500,
					"omitted":	false,
					"sender":	true
				}],
			"sum":	{
				"start":	9.00019,
				"end":	10.000088,
				"seconds":	0.99989801645278931,
				"bytes":	6553600,
				"bits_per_second":	52434147.4203489,
				"retransmits":	4,
				"omitted":	false,
				"sender":	true
			}
		}],
	"end":	{
		"streams":	[{
				"sender":	{
					"socket":	6,
					"start":	0,
					"end":	10.000088,
					"seconds":	10.000088,
					"bytes":	60030976,
					"bits_per_second":	48024358.185647964,
					"retransmits":	36,
					"max_snd_cwnd":	1017944,
					"max_snd_wnd":	3145728,
					"max_rtt":	171543,
					"min_rtt":	117058,
					"mean_rtt":	147858,
					"sender":	true
				},
				"receiver":	{
					"socket":	6,
					"start":	0,
					"end":	10.124841,
					"seconds":	10.000088,
					"bytes":	57168488,
					"bits_per_second":	45170872.708025739,
					"sender":	true
				}
			}],
		"sum_sent":	{
			"start":	0,
			"end":	10.000088,
			"seconds":	10.000088,
			"bytes":	60030976,
			"bits_per_second":	48024358.185647964,
			"retransmits":	36,
			"sender":	true
		},
		"sum_received":	{
			"start":	0,
			"end":	10.124841,
			"seconds":	10.124841,
			"bytes":	57168488,
			"bits_per_second":	45170872.708025739,
			"sender":	true
		},
		"cpu_utilization_percent":	{
			"host_total":	0.18659627853107091,
			"host_user":	0.027376483411534071,
			"host_system":	0.15922975382576149,
			"remote_total":	2.222823821226724,
			"remote_user":	0.0907369764487817,
			"remote_system":	2.1320868447779424
		},
		"sender_tcp_congestion":	"cubic",
		"receiver_tcp_congestion":	"cubic"
	}
}
