{
	"start":	{
		"connected":	[{
				"socket":	6,
				"local_host":	"192.168.101.210",
				"local_port":	47416,
				"remote_host":	"192.168.100.168",
				"remote_port":	5201
			}],
		"version":	"iperf 3.11",
		"system_info":	"Linux f1 6.0.10-300.fc37.x86_64 #1 SMP PREEMPT_DYNAMIC Sat Nov 26 16:55:13 UTC 2022 x86_64",
		"timestamp":	{
			"time":	"Fri, 09 Dec 2022 23:06:32 GMT",
			"timesecs":	1670627192
		},
		"connecting_to":	{
			"host":	"192.168.100.168",
			"port":	5201
		},
		"cookie":	"zjiul5jozcfhrw4sxm462qsqex2zldedl3pl",
		"tcp_mss_default":	1448,
		"target_bitrate":	0,
		"sock_bufsize":	0,
		"sndbuf_actual":	16384,
		"rcvbuf_actual":	131072,
		"test_start":	{
			"protocol":	"TCP",
			"num_streams":	1,
			"blksize":	131072,
			"omit":	0,
			"duration":	10,
			"bytes":	0,
			"blocks":	0,
			"reverse":	0,
			"tos":	0,
			"target_bitrate":	0
		}
	},
	"intervals":	[{
			"streams":	[{
					"socket":	6,
					"start":	0,
					"end":	1.000403,
					"seconds":	1.0004030466079712,
					"bytes":	3302888,
					"bits_per_second":	26412458.548173979,
					"retransmits":	225,
					"snd_cwnd":	91224,
					"snd_wnd":	1247360,
					"rtt":	63223,
					"rttvar":	1018,
					"pmtu":	1500,
					"omitted":	false,
					"sender":	true
				}],
			"sum":	{
				"start":	0,
				"end":	1.000403,
				"seconds":	1.0004030466079712,
				"bytes":	3302888,
				"bits_per_second":	26412458.548173979,
				"retransmits":	225,
				"omitted":	false,
				"sender":	true
			}
		}, {
			"streams":	[{
					"socket":	6,
					"start":	1.000403,
					"end":	2.000272,
					"seconds":	0.99986898899078369,
					"bytes":	1629000,
					"bits_per_second":	13033707.559181159,
					"retransmits":	6,
					"snd_cwnd":	57920,
					"snd_wnd":	1248896,
					"rtt":	64979,
					"rttvar":	1062,
					"pmtu":	1500,
					"omitted":	false,
					"sender":	true
				}],
			"sum":	{
				"start":	1.000403,
				"end":	2.000272,
				"seconds":	0.99986898899078369,
				"bytes":	1629000,
				"bits_per_second":	13033707.559181159,
				"retransmits":	6,
				"omitted":	false,
				"sender":	true
			}
		}, {
			"streams":	[{
					"socket":	6,
					"start":	2.000272,
					"end":	3.000535,
					"seconds":	1.000262975692749,
					"bytes":	781920,
					"bits_per_second":	6253715.4248538939,
					"retransmits":	4,
					"snd_cwnd":	44888,
					"snd_wnd":	1248896,
					"rtt":	51338,
					"rttvar":	407,
					"pmtu":	1500,
					"omitted":	false,
					"sender":	true
				}],
			"sum":	{
				"start":	2.000272,
				"end":	3.000535,
				"seconds":	1.000262975692749,
				"bytes":	781920,
				"bits_per_second":	6253715.4248538939,
				"retransmits":	4,
				"omitted":	false,
				"sender":	true
			}
		}, {
			"streams":	[{
					"socket":	6,
					"start":	3.000535,
					"end":	4.000665,
					"seconds":	1.0001300573349,
					"bytes":	781920,
					"bits_per_second":	6254546.5503446544,
					"retransmits":	2,
					"snd_cwnd":	41992,
					"snd_wnd":	1248896,
					"rtt":	54667,
					"rttvar":	2307,
					"pmtu":	1500,
					"omitted":	false,
					"sender":	true
				}],
			"sum":	{
				"start":	3.000535,
				"end":	4.000665,
				"seconds":	1.0001300573349,
				"bytes":	781920,
				"bits_per_second":	6254546.5503446544,
				"retransmits":	2,
				"omitted":	false,
				"sender":	true
			}
		}, {
			"streams":	[{
					"socket":	6,
					"start":	4.000665,
					"end":	5.000644,
					"seconds":	0.999979019165039,
					"bytes":	781920,
					"bits_per_second":	6255491.24542942,
					"retransmits":	6,
					"snd_cwnd":	37648,
					"snd_wnd":	1248896,
					"rtt":	55107,
					"rttvar":	589,
					"pmtu":	1500,
					"omitted":	false,
					"sender":	true
				}],
			"sum":	{
				"start":	4.000665,
				"end":	5.000644,
				"seconds":	0.999979019165039,
				"bytes":	781920,
				"bits_per_second":	6255491.24542942,
				"retransmits":	6,
				"omitted":	false,
				"sender":	true
			}
		}, {
			"streams":	[{
					"socket":	6,
					"start":	5.000644,
					"end":	6.000331,
					"seconds":	0.99968701601028442,
					"bytes":	781920,
					"bits_per_second":	6257318.4404904256,
					"retransmits":	6,
					"snd_cwnd":	36200,
					"snd_wnd":	1248896,
					"rtt":	57961,
					"rttvar":	1044,
					"pmtu":	1500,
					"omitted":	false,
					"sender":	true
				}],
			"sum":	{
				"start":	5.000644,
				"end":	6.000331,
				"seconds":	0.99968701601028442,
				"bytes":	781920,
				"bits_per_second":	6257318.4404904256,
				"retransmits":	6,
				"omitted":	false,
				"sender":	true
			}
		}, {
			"streams":	[{
					"socket":	6,
					"start":	6.000331,
					"end":	7.001031,
					"seconds":	1.0006999969482422,
					"bytes":	0,
					"bits_per_second":	0,
					"retransmits":	4,
					"snd_cwnd":	26064,
					"snd_wnd":	1248896,
					"rtt":	54516,
					"rttvar":	3588,
					"pmtu":	1500,
					"omitted":	false,
					"sender":	true
				}],
			"sum":	{
				"start":	6.000331,
				"end":	7.001031,
				"seconds":	1.0006999969482422,
				"bytes":	0,
				"bits_per_second":	0,
				"retransmits":	4,
				"omitted":	false,
				"sender":	true
			}
		}, {
			"streams":	[{
					"socket":	6,
					"start":	7.001031,
					"end":	8.00084,
					"seconds":	0.99980902671813965,
					"bytes":	781920,
					"bits_per_second":	6256554.8348099431,
					"retransmits":	2,
					"snd_cwnd":	24616,
					"snd_wnd":	1248896,
					"rtt":	51540,
					"rttvar":	855,
					"pmtu":	1500,
					"omitted":	false,
					"sender":	true
				}],
			"sum":	{
				"start":	7.001031,
				"end":	8.00084,
				"seconds":	0.99980902671813965,
				"bytes":	781920,
				"bits_per_second":	6256554.8348099431,
				"retransmits":	2,
				"omitted":	false,
				"sender":	true
			}
		}, {
			"streams":	[{
					"socket":	6,
					"start":	8.00084,
					"end":	9.000163,
					"seconds":	0.999323010444641,
					"bytes":	781920,
					"bits_per_second":	6259597.6822516331,
					"retransmits":	2,
					"snd_cwnd":	27512,
					"snd_wnd":	1248896,
					"rtt":	54425,
					"rttvar":	1814,
					"pmtu":	1500,
					"omitted":	false,
					"sender":	true
				}],
			"sum":	{
				"start":	8.00084,
				"end":	9.000163,
				"seconds":	0.999323010444641,
				"bytes":	781920,
				"bits_per_second":	6259597.6822516331,
				"retransmits":	2,
				"omitted":	false,
				"sender":	true
			}
		}, {
			"streams":	[{
					"socket":	6,
					"start":	9.000163,
					"end":	10.001035,
					"seconds":	1.000872015953064,
					"bytes":	0,
					"bits_per_second":	0,
					"retransmits":	2,
					"snd_cwnd":	28960,
					"snd_wnd":	1248896,
					"rtt":	56134,
					"rttvar":	610,
					"pmtu":	1500,
					"omitted":	false,
					"sender":	true
				}],
			"sum":	{
				"start":	9.000163,
				"end":	10.001035,
				"seconds":	1.000872015953064,
				"bytes":	0,
				"bits_per_second":	0,
				"retransmits":	2,
				"omitted":	false,
				"sender":	true
			}
		}],
	"end":	{
		"streams":	[{
				"sender":	{
					"socket":	6,
					"start":	0,
					"end":	10.001035,
					"seconds":	10.001035,
					"bytes":	9623408,
					"bits_per_second":	7697929.6642797468,
					"retransmits":	259,
					"max_snd_cwnd":	91224,
					"max_snd_wnd":	1248896,
					"max_rtt":	64979,
					"min_rtt":	51338,
					"mean_rtt":	56389,
					"sender":	true
				},
				"receiver":	{
					"socket":	6,
					"start":	0,
					"end":	10.059802,
					"seconds":	10.001035,
					"bytes":	7851056,
					"bits_per_second":	6243507.37718297,
					"sender":	true
				}
			}],
		"sum_sent":	{
			"start":	0,
			"end":	10.001035,
			"seconds":	10.001035,
			"bytes":	9623408,
			"bits_per_second":	7697929.6642797468,
			"retransmits":	259,
			"sender":	true
		},
		"sum_received":	{
			"start":	0,
			"end":	10.059802,
			"seconds":	10.059802,
			"bytes":	7851056,
			"bits_per_second":	6243507.37718297,
			"sender":	true
		},
		"cpu_utilization_percent":	{
			"host_total":	0.51442442843145975,
			"host_user":	0.085559339896313341,
			"host_system":	0.42886508853514649,
			"remote_total":	0.503041109905213,
			"remote_user":	0.073927808207984752,
			"remote_system":	0.429103361155584
		},
		"sender_tcp_congestion":	"cubic",
		"receiver_tcp_congestion":	"cubic"
	}
}
