{
	"start":	{
		"connected":	[{
				"socket":	6,
				"local_host":	"192.168.101.210",
				"local_port":	34826,
				"remote_host":	"192.168.100.168",
				"remote_port":	5201
			}],
		"version":	"iperf 3.11",
		"system_info":	"Linux f1 6.0.10-300.fc37.x86_64 #1 SMP PREEMPT_DYNAMIC Sat Nov 26 16:55:13 UTC 2022 x86_64",
		"timestamp":	{
			"time":	"Fri, 09 Dec 2022 23:28:32 GMT",
			"timesecs":	1670628512
		},
		"connecting_to":	{
			"host":	"192.168.100.168",
			"port":	5201
		},
		"cookie":	"dbxuj3kjrjknajqvq4w62zew3kkjumnapqxl",
		"tcp_mss_default":	1448,
		"target_bitrate":	0,
		"sock_bufsize":	0,
		"sndbuf_actual":	16384,
		"rcvbuf_actual":	131072,
		"test_start":	{
			"protocol":	"TCP",
			"num_streams":	1,
			"blksize":	131072,
			"omit":	0,
			"duration":	10,
			"bytes":	0,
			"blocks":	0,
			"reverse":	0,
			"tos":	0,
			"target_bitrate":	0
		}
	},
	"intervals":	[{
			"streams":	[{
					"socket":	6,
					"start":	0,
					"end":	1.00007,
					"seconds":	1.0000699758529663,
					"bytes":	48234496,
					"bits_per_second":	385848967.88935578,
					"retransmits":	0,
					"snd_cwnd":	3298544,
					"snd_wnd":	3143552,
					"rtt":	54362,
					"rttvar":	818,
					"pmtu":	1500,
					"omitted":	false,
					"sender":	true
				}],
			"sum":	{
				"start":	0,
				"end":	1.00007,
				"seconds":	1.0000699758529663,
				"bytes":	48234496,
				"bits_per_second":	385848967.88935578,
				"retransmits":	0,
				"omitted":	false,
				"sender":	true
			}
		}, {
			"streams":	[{
					"socket":	6,
					"start":	1.00007,
					"end":	2.00007,
					"seconds":	1,
					"bytes":	57671680,
					"bits_per_second":	461373440,
					"retransmits":	0,
					"snd_cwnd":	3298544,
					"snd_wnd":	3143552,
					"rtt":	51609,
					"rttvar":	841,
					"pmtu":	1500,
					"omitted":	false,
					"sender":	true
				}],
			"sum":	{
				"start":	1.00007,
				"end":	2.00007,
				"seconds":	1,
				"bytes":	57671680,
				"bits_per_second":	461373440,
				"retransmits":	0,
				"omitted":	false,
				"sender":	true
			}
		}, {
			"streams":	[{
					"socket":	6,
					"start":	2.00007,
					"end":	3.000088,
					"seconds":	1.0000180006027222,
					"bytes":	58982400,
					"bits_per_second":	471850706.40288985,
					"retransmits":	0,
					"snd_cwnd":	3298544,
					"snd_wnd":	3143552,
					"rtt":	52010,
					"rttvar":	776,
					"pmtu":	1500,
					"omitted":	false,
					"sender":	true
				}],
			"sum":	{
				"start":	2.00007,
				"end":	3.000088,
				"seconds":	1.0000180006027222,
				"bytes":	58982400,
				"bits_per_second":	471850706.40288985,
				"retransmits":	0,
				"omitted":	false,
				"sender":	true
			}
		}, {
			"streams":	[{
					"socket":	6,
					"start":	3.000088,
					"end":	4.000088,
					"seconds":	1,
					"bytes":	58982400,
					"bits_per_second":	471859200,
					"retransmits":	0,
					"snd_cwnd":	3298544,
					"snd_wnd":	3143552,
					"rtt":	50957,
					"rttvar":	936,
					"pmtu":	1500,
					"omitted":	false,
					"sender":	true
				}],
			"sum":	{
				"start":	3.000088,
				"end":	4.000088,
				"seconds":	1,
				"bytes":	58982400,
				"bits_per_second":	471859200,
				"retransmits":	0,
				"omitted":	false,
				"sender":	true
			}
		}, {
			"streams":	[{
					"socket":	6,
					"start":	4.000088,
					"end":	5.000066,
					"seconds":	0.999978005886078,
					"bytes":	58982400,
					"bits_per_second":	471869578.35326266,
					"retransmits":	0,
					"snd_cwnd":	3298544,
					"snd_wnd":	3143552,
					"rtt":	51018,
					"rttvar":	715,
					"pmtu":	1500,
					"omitted":	false,
					"sender":	true
				}],
			"sum":	{
				"start":	4.000088,
				"end":	5.000066,
				"seconds":	0.999978005886078,
				"bytes":	58982400,
				"bits_per_second":	471869578.35326266,
				"retransmits":	0,
				"omitted":	false,
				"sender":	true
			}
		}, {
			"streams":	[{
					"socket":	6,
					"start":	5.000066,
					"end":	6.000074,
					"seconds":	1.0000079870224,
					"bytes":	58982400,
					"bits_per_second":	471855431.28010082,
					"retransmits":	0,
					"snd_cwnd":	3298544,
					"snd_wnd":	3143552,
					"rtt":	51254,
					"rttvar":	851,
					"pmtu":	1500,
					"omitted":	false,
					"sender":	true
				}],
			"sum":	{
				"start":	5.000066,
				"end":	6.000074,
				"seconds":	1.0000079870224,
				"bytes":	58982400,
				"bits_per_second":	471855431.28010082,
				"retransmits":	0,
				"omitted":	false,
				"sender":	true
			}
		}, {
			"streams":	[{
					"socket":	6,
					"start":	6.000074,
					"end":	7.000081,
					"seconds":	1.0000070333480835,
					"bytes":	58982400,
					"bits_per_second":	471855881.27334177,
					"retransmits":	0,
					"snd_cwnd":	3298544,
					"snd_wnd":	3143552,
					"rtt":	51756,
					"rttvar":	1257,
					"pmtu":	1500,
					"omitted":	false,
					"sender":	true
				}],
			"sum":	{
				"start":	6.000074,
				"end":	7.000081,
				"seconds":	1.0000070333480835,
				"bytes":	58982400,
				"bits_per_second":	471855881.27334177,
				"retransmits":	0,
				"omitted":	false,
				"sender":	true
			}
		}, {
			"streams":	[{
					"socket":	6,
					"start":	7.000081,
					"end":	8.000072,
					"seconds":	0.999990999698639,
					"bytes":	58982400,
					"bits_per_second":	471863446.91322351,
					"retransmits":	0,
					"snd_cwnd":	3298544,
					"snd_wnd":	3143552,
					"rtt":	51904,
					"rttvar":	1326,
					"pmtu":	1500,
					"omitted":	false,
					"sender":	true
				}],
			"sum":	{
				"start":	7.000081,
				"end":	8.000072,
				"seconds":	0.999990999698639,
				"bytes":	58982400,
				"bits_per_second":	471863446.91322351,
				"retransmits":	0,
				"omitted":	false,
				"sender":	true
			}
		}, {
			"streams":	[{
					"socket":	6,
					"start":	8.000072,
					"end":	9.000068,
					"seconds":	0.9999960064888,
					"bytes":	58982400,
					"bits_per_second":	471861084.38252532,
					"retransmits":	0,
					"snd_cwnd":	3298544,
					"snd_wnd":	3143552,
					"rtt":	52185,
					"rttvar":	1225,
					"pmtu":	1500,
					"omitted":	false,
					"sender":	true
				}],
			"sum":	{
				"start":	8.000072,
				"end":	9.000068,
				"seconds":	0.9999960064888,
				"bytes":	58982400,
				"bits_per_second":	471861084.38252532,
				"retransmits":	0,
				"omitted":	false,
				"sender":	true
			}
		}, {
			"streams":	[{
					"socket":	6,
					"start":	9.000068,
					"end":	10.000082,
					"seconds":	1.0000139474868774,
					"bytes":	58982400,
					"bits_per_second":	471852618.84179062,
					"retransmits":	0,
					"snd_cwnd":	3298544,
					"snd_wnd":	3143552,
					"rtt":	52406,
					"rttvar":	1092,
					"pmtu":	1500,
					"omitted":	false,
					"sender":	true
				}],
			"sum":	{
				"start":	9.000068,
				"end":	10.000082,
				"seconds":	1.0000139474868774,
				"bytes":	58982400,
				"bits_per_second":	471852618.84179062,
				"retransmits":	0,
				"omitted":	false,
				"sender":	true
			}
		}],
	"end":	{
		"streams":	[{
				"sender":	{
					"socket":	6,
					"start":	0,
					"end":	10.000082,
					"seconds":	10.000082,
					"bytes":	577765376,
					"bits_per_second":	462208510.69021231,
					"retransmits":	0,
					"max_snd_cwnd":	3298544,
					"max_snd_wnd":	3143552,
					"max_rtt":	54362,
					"min_rtt":	50957,
					"mean_rtt":	51946,
					"sender":	true
				},
				"receiver":	{
					"socket":	6,
					"start":	0,
					"end":	10.051005,
					"seconds":	10.000082,
					"bytes":	577764816,
					"bits_per_second":	459866304.7128123,
					"sender":	true
				}
			}],
		"sum_sent":	{
			"start":	0,
			"end":	10.000082,
			"seconds":	10.000082,
			"bytes":	577765376,
			"bits_per_second":	462208510.69021231,
			"retransmits":	0,
			"sender":	true
		},
		"sum_received":	{
			"start":	0,
			"end":	10.051005,
			"seconds":	10.051005,
			"bytes":	577764816,
			"bits_per_second":	459866304.7128123,
			"sender":	true
		},
		"cpu_utilization_percent":	{
			"host_total":	2.0046638153953711,
			"host_user":	0.0377347779907351,
			"host_system":	1.9669389964381518,
			"remote_total":	2.56070451734117,
			"remote_user":	0.10944159614399451,
			"remote_system":	2.4512629211971757
		},
		"sender_tcp_congestion":	"cubic",
		"receiver_tcp_congestion":	"cubic"
	}
}
