{
	"start":	{
		"connected":	[{
				"socket":	6,
				"local_host":	"192.168.101.210",
				"local_port":	57604,
				"remote_host":	"192.168.100.168",
				"remote_port":	5201
			}],
		"version":	"iperf 3.11",
		"system_info":	"Linux f1 6.0.10-300.fc37.x86_64 #1 SMP PREEMPT_DYNAMIC Sat Nov 26 16:55:13 UTC 2022 x86_64",
		"timestamp":	{
			"time":	"Fri, 09 Dec 2022 23:28:01 GMT",
			"timesecs":	1670628481
		},
		"connecting_to":	{
			"host":	"192.168.100.168",
			"port":	5201
		},
		"cookie":	"tdtxi75cxfhvshzdczcqrbqmul3dkjettdoq",
		"tcp_mss_default":	1448,
		"target_bitrate":	0,
		"sock_bufsize":	0,
		"sndbuf_actual":	16384,
		"rcvbuf_actual":	131072,
		"test_start":	{
			"protocol":	"TCP",
			"num_streams":	1,
			"blksize":	131072,
			"omit":	0,
			"duration":	10,
			"bytes":	0,
			"blocks":	0,
			"reverse":	0,
			"tos":	0,
			"target_bitrate":	0
		}
	},
	"intervals":	[{
			"streams":	[{
					"socket":	6,
					"start":	0,
					"end":	1.000079,
					"seconds":	1.0000790357589722,
					"bytes":	49020928,
					"bits_per_second":	392136431.19953948,
					"retransmits":	0,
					"snd_cwnd":	3260896,
					"snd_wnd":	3143552,
					"rtt":	52663,
					"rttvar":	1065,
					"pmtu":	1500,
					"omitted":	false,
					"sender":	true
				}],
			"sum":	{
				"start":	0,
				"end":	1.000079,
				"seconds":	1.0000790357589722,
				"bytes":	49020928,
				"bits_per_second":	392136431.19953948,
				"retransmits":	0,
				"omitted":	false,
				"sender":	true
			}
		}, {
			"streams":	[{
					"socket":	6,
					"start":	1.000079,
					"end":	2.000078,
					"seconds":	0.99999898672103882,
					"bytes":	57671680,
					"bits_per_second":	461373907.50047374,
					"retransmits":	0,
					"snd_cwnd":	3297096,
					"snd_wnd":	3143552,
					"rtt":	52152,
					"rttvar":	523,
					"pmtu":	1500,
					"omitted":	false,
					"sender":	true
				}],
			"sum":	{
				"start":	1.000079,
				"end":	2.000078,
				"seconds":	0.99999898672103882,
				"bytes":	57671680,
				"bits_per_second":	461373907.50047374,
				"retransmits":	0,
				"omitted":	false,
				"sender":	true
			}
		}, {
			"streams":	[{
					"socket":	6,
					"start":	2.000078,
					"end":	3.000077,
					"seconds":	0.99999898672103882,
					"bytes":	58982400,
					"bits_per_second":	471859678.12548447,
					"retransmits":	0,
					"snd_cwnd":	3297096,
					"snd_wnd":	3143552,
					"rtt":	52158,
					"rttvar":	493,
					"pmtu":	1500,
					"omitted":	false,
					"sender":	true
				}],
			"sum":	{
				"start":	2.000078,
				"end":	3.000077,
				"seconds":	0.99999898672103882,
				"bytes":	58982400,
				"bits_per_second":	471859678.12548447,
				"retransmits":	0,
				"omitted":	false,
				"sender":	true
			}
		}, {
			"streams":	[{
					"socket":	6,
					"start":	3.000077,
					"end":	4.000075,
					"seconds":	0.99999797344207764,
					"bytes":	60293120,
					"bits_per_second":	482345937.501981,
					"retransmits":	0,
					"snd_cwnd":	3297096,
					"snd_wnd":	3143552,
					"rtt":	50988,
					"rttvar":	490,
					"pmtu":	1500,
					"omitted":	false,
					"sender":	true
				}],
			"sum":	{
				"start":	3.000077,
				"end":	4.000075,
				"seconds":	0.99999797344207764,
				"bytes":	60293120,
				"bits_per_second":	482345937.501981,
				"retransmits":	0,
				"omitted":	false,
				"sender":	true
			}
		}, {
			"streams":	[{
					"socket":	6,
					"start":	4.000075,
					"end":	5.000076,
					"seconds":	1.0000009536743164,
					"bytes":	58982400,
					"bits_per_second":	471858750.00042915,
					"retransmits":	0,
					"snd_cwnd":	3297096,
					"snd_wnd":	3143552,
					"rtt":	50907,
					"rttvar":	1179,
					"pmtu":	1500,
					"omitted":	false,
					"sender":	true
				}],
			"sum":	{
				"start":	4.000075,
				"end":	5.000076,
				"seconds":	1.0000009536743164,
				"bytes":	58982400,
				"bits_per_second":	471858750.00042915,
				"retransmits":	0,
				"omitted":	false,
				"sender":	true
			}
		}, {
			"streams":	[{
					"socket":	6,
					"start":	5.000076,
					"end":	6.000101,
					"seconds":	1.0000250339508057,
					"bytes":	58982400,
					"bits_per_second":	471847387.79570615,
					"retransmits":	0,
					"snd_cwnd":	3297096,
					"snd_wnd":	3143552,
					"rtt":	52091,
					"rttvar":	1108,
					"pmtu":	1500,
					"omitted":	false,
					"sender":	true
				}],
			"sum":	{
				"start":	5.000076,
				"end":	6.000101,
				"seconds":	1.0000250339508057,
				"bytes":	58982400,
				"bits_per_second":	471847387.79570615,
				"retransmits":	0,
				"omitted":	false,
				"sender":	true
			}
		}, {
			"streams":	[{
					"socket":	6,
					"start":	6.000101,
					"end":	7.000089,
					"seconds":	0.9999880194664,
					"bytes":	58982400,
					"bits_per_second":	471864853.19272828,
					"retransmits":	0,
					"snd_cwnd":	3297096,
					"snd_wnd":	3143552,
					"rtt":	52485,
					"rttvar":	763,
					"pmtu":	1500,
					"omitted":	false,
					"sender":	true
				}],
			"sum":	{
				"start":	6.000101,
				"end":	7.000089,
				"seconds":	0.9999880194664,
				"bytes":	58982400,
				"bits_per_second":	471864853.19272828,
				"retransmits":	0,
				"omitted":	false,
				"sender":	true
			}
		}, {
			"streams":	[{
					"socket":	6,
					"start":	7.000089,
					"end":	8.0001,
					"seconds":	1.0000109672546387,
					"bytes":	60293120,
					"bits_per_second":	482339670.05801612,
					"retransmits":	0,
					"snd_cwnd":	3297096,
					"snd_wnd":	3143552,
					"rtt":	50808,
					"rttvar":	958,
					"pmtu":	1500,
					"omitted":	false,
					"sender":	true
				}],
			"sum":	{
				"start":	7.000089,
				"end":	8.0001,
				"seconds":	1.0000109672546387,
				"bytes":	60293120,
				"bits_per_second":	482339670.05801612,
				"retransmits":	0,
				"omitted":	false,
				"sender":	true
			}
		}, {
			"streams":	[{
					"socket":	6,
					"start":	8.0001,
					"end":	9.000078,
					"seconds":	0.999978005886078,
					"bytes":	58982400,
					"bits_per_second":	471869578.35326266,
					"retransmits":	0,
					"snd_cwnd":	3297096,
					"snd_wnd":	3143552,
					"rtt":	51477,
					"rttvar":	1284,
					"pmtu":	1500,
					"omitted":	false,
					"sender":	true
				}],
			"sum":	{
				"start":	8.0001,
				"end":	9.000078,
				"seconds":	0.999978005886078,
				"bytes":	58982400,
				"bits_per_second":	471869578.35326266,
				"retransmits":	0,
				"omitted":	false,
				"sender":	true
			}
		}, {
			"streams":	[{
					"socket":	6,
					"start":	9.000078,
					"end":	10.000086,
					"seconds":	1.0000079870224,
					"bytes":	58982400,
					"bits_per_second":	471855431.28010082,
					"retransmits":	0,
					"snd_cwnd":	3297096,
					"snd_wnd":	3143552,
					"rtt":	52301,
					"rttvar":	1020,
					"pmtu":	1500,
					"omitted":	false,
					"sender":	true
				}],
			"sum":	{
				"start":	9.000078,
				"end":	10.000086,
				"seconds":	1.0000079870224,
				"bytes":	58982400,
				"bits_per_second":	471855431.28010082,
				"retransmits":	0,
				"omitted":	false,
				"sender":	true
			}
		}],
	"end":	{
		"streams":	[{
				"sender":	{
					"socket":	6,
					"start":	0,
					"end":	10.000086,
					"seconds":	10.000086,
					"bytes":	581173248,
					"bits_per_second":	464934599.96244037,
					"retransmits":	0,
					"max_snd_cwnd":	3297096,
					"max_snd_wnd":	3143552,
					"max_rtt":	52663,
					"min_rtt":	50808,
					"mean_rtt":	51803,
					"sender":	true
				},
				"receiver":	{
					"socket":	6,
					"start":	0,
					"end":	10.0497,
					"seconds":	10.000086,
					"bytes":	581165728,
					"bits_per_second":	462633294.92422658,
					"sender":	true
				}
			}],
		"sum_sent":	{
			"start":	0,
			"end":	10.000086,
			"seconds":	10.000086,
			"bytes":	581173248,
			"bits_per_second":	464934599.96244037,
			"retransmits":	0,
			"sender":	true
		},
		"sum_received":	{
			"start":	0,
			"end":	10.0497,
			"seconds":	10.0497,
			"bytes":	581165728,
			"bits_per_second":	462633294.92422658,
			"sender":	true
		},
		"cpu_utilization_percent":	{
			"host_total":	1.9327470718107995,
			"host_user":	0.080869163891279669,
			"host_system":	1.8518679289999875,
			"remote_total":	2.3144141216357,
			"remote_user":	0.20179678745086677,
			"remote_system":	2.1126173341848338
		},
		"sender_tcp_congestion":	"cubic",
		"receiver_tcp_congestion":	"cubic"
	}
}
