{
	"start":	{
		"connected":	[{
				"socket":	6,
				"local_host":	"192.168.101.210",
				"local_port":	47834,
				"remote_host":	"192.168.100.168",
				"remote_port":	5202
			}],
		"version":	"iperf 3.11",
		"system_info":	"Linux f1 6.0.10-300.fc37.x86_64 #1 SMP PREEMPT_DYNAMIC Sat Nov 26 16:55:13 UTC 2022 x86_64",
		"timestamp":	{
			"time":	"Fri, 09 Dec 2022 23:28:32 GMT",
			"timesecs":	1670628512
		},
		"connecting_to":	{
			"host":	"192.168.100.168",
			"port":	5202
		},
		"cookie":	"z5fkgeoipbjegpytmwc5e2j6cuqydhrg73xx",
		"tcp_mss_default":	1448,
		"target_bitrate":	0,
		"sock_bufsize":	0,
		"sndbuf_actual":	16384,
		"rcvbuf_actual":	131072,
		"test_start":	{
			"protocol":	"TCP",
			"num_streams":	1,
			"blksize":	131072,
			"omit":	0,
			"duration":	10,
			"bytes":	0,
			"blocks":	0,
			"reverse":	0,
			"tos":	0,
			"target_bitrate":	0
		}
	},
	"intervals":	[{
			"streams":	[{
					"socket":	6,
					"start":	0,
					"end":	1.000196,
					"seconds":	1.0001959800720215,
					"bytes":	16121856,
					"bits_per_second":	128949576.45271966,
					"retransmits":	0,
					"snd_cwnd":	434400,
					"snd_wnd":	3141248,
					"rtt":	53190,
					"rttvar":	927,
					"pmtu":	1500,
					"omitted":	false,
					"sender":	true
				}],
			"sum":	{
				"start":	0,
				"end":	1.000196,
				"seconds":	1.0001959800720215,
				"bytes":	16121856,
				"bits_per_second":	128949576.45271966,
				"retransmits":	0,
				"omitted":	false,
				"sender":	true
			}
		}, {
			"streams":	[{
					"socket":	6,
					"start":	1.000196,
					"end":	2.000338,
					"seconds":	1.000141978263855,
					"bytes":	2621440,
					"bits_per_second":	20968542.92268027,
					"retransmits":	0,
					"snd_cwnd":	55024,
					"snd_wnd":	3143552,
					"rtt":	51302,
					"rttvar":	1839,
					"pmtu":	1500,
					"omitted":	false,
					"sender":	true
				}],
			"sum":	{
				"start":	1.000196,
				"end":	2.000338,
				"seconds":	1.000141978263855,
				"bytes":	2621440,
				"bits_per_second":	20968542.92268027,
				"retransmits":	0,
				"omitted":	false,
				"sender":	true
			}
		}, {
			"streams":	[{
					"socket":	6,
					"start":	2.000338,
					"end":	3.000963,
					"seconds":	1.0006250143051147,
					"bytes":	0,
					"bits_per_second":	0,
					"retransmits":	0,
					"snd_cwnd":	40544,
					"snd_wnd":	3143552,
					"rtt":	51270,
					"rttvar":	1530,
					"pmtu":	1500,
					"omitted":	false,
					"sender":	true
				}],
			"sum":	{
				"start":	2.000338,
				"end":	3.000963,
				"seconds":	1.0006250143051147,
				"bytes":	0,
				"bits_per_second":	0,
				"retransmits":	0,
				"omitted":	false,
				"sender":	true
			}
		}, {
			"streams":	[{
					"socket":	6,
					"start":	3.000963,
					"end":	4.000965,
					"seconds":	1.0000020265579224,
					"bytes":	1310720,
					"bits_per_second":	10485738.750043064,
					"retransmits":	0,
					"snd_cwnd":	37648,
					"snd_wnd":	3143552,
					"rtt":	50751,
					"rttvar":	1097,
					"pmtu":	1500,
					"omitted":	false,
					"sender":	true
				}],
			"sum":	{
				"start":	3.000963,
				"end":	4.000965,
				"seconds":	1.0000020265579224,
				"bytes":	1310720,
				"bits_per_second":	10485738.750043064,
				"retransmits":	0,
				"omitted":	false,
				"sender":	true
			}
		}, {
			"streams":	[{
					"socket":	6,
					"start":	4.000965,
					"end":	5.000065,
					"seconds":	0.99910002946853638,
					"bytes":	1310720,
					"bits_per_second":	10495205.375559662,
					"retransmits":	0,
					"snd_cwnd":	34752,
					"snd_wnd":	3143552,
					"rtt":	50761,
					"rttvar":	1190,
					"pmtu":	1500,
					"omitted":	false,
					"sender":	true
				}],
			"sum":	{
				"start":	4.000965,
				"end":	5.000065,
				"seconds":	0.99910002946853638,
				"bytes":	1310720,
				"bits_per_second":	10495205.375559662,
				"retransmits":	0,
				"omitted":	false,
				"sender":	true
			}
		}, {
			"streams":	[{
					"socket":	6,
					"start":	5.000065,
					"end":	6.000966,
					"seconds":	1.0009009838104248,
					"bytes":	0,
					"bits_per_second":	0,
					"retransmits":	0,
					"snd_cwnd":	37648,
					"snd_wnd":	3143552,
					"rtt":	51007,
					"rttvar":	1403,
					"pmtu":	1500,
					"omitted":	false,
					"sender":	true
				}],
			"sum":	{
				"start":	5.000065,
				"end":	6.000966,
				"seconds":	1.0009009838104248,
				"bytes":	0,
				"bits_per_second":	0,
				"retransmits":	0,
				"omitted":	false,
				"sender":	true
			}
		}, {
			"streams":	[{
					"socket":	6,
					"start":	6.000966,
					"end":	7.000066,
					"seconds":	0.99910002946853638,
					"bytes":	1310720,
					"bits_per_second":	10495205.375559662,
					"retransmits":	0,
					"snd_cwnd":	37648,
					"snd_wnd":	3143552,
					"rtt":	51451,
					"rttvar":	2674,
					"pmtu":	1500,
					"omitted":	false,
					"sender":	true
				}],
			"sum":	{
				"start":	6.000966,
				"end":	7.000066,
				"seconds":	0.99910002946853638,
				"bytes":	1310720,
				"bits_per_second":	10495205.375559662,
				"retransmits":	0,
				"omitted":	false,
				"sender":	true
			}
		}, {
			"streams":	[{
					"socket":	6,
					"start":	7.000066,
					"end":	8.000965,
					"seconds":	1.0008989572525024,
					"bytes":	0,
					"bits_per_second":	0,
					"retransmits":	0,
					"snd_cwnd":	37648,
					"snd_wnd":	3143552,
					"rtt":	51681,
					"rttvar":	928,
					"pmtu":	1500,
					"omitted":	false,
					"sender":	true
				}],
			"sum":	{
				"start":	7.000066,
				"end":	8.000965,
				"seconds":	1.0008989572525024,
				"bytes":	0,
				"bits_per_second":	0,
				"retransmits":	0,
				"omitted":	false,
				"sender":	true
			}
		}, {
			"streams":	[{
					"socket":	6,
					"start":	8.000965,
					"end":	9.000162,
					"seconds":	0.999197006225586,
					"bytes":	1310720,
					"bits_per_second":	10494186.766641151,
					"retransmits":	0,
					"snd_cwnd":	40544,
					"snd_wnd":	3143552,
					"rtt":	51757,
					"rttvar":	1260,
					"pmtu":	1500,
					"omitted":	false,
					"sender":	true
				}],
			"sum":	{
				"start":	8.000965,
				"end":	9.000162,
				"seconds":	0.999197006225586,
				"bytes":	1310720,
				"bits_per_second":	10494186.766641151,
				"retransmits":	0,
				"omitted":	false,
				"sender":	true
			}
		}, {
			"streams":	[{
					"socket":	6,
					"start":	9.000162,
					"end":	10.000974,
					"seconds":	1.00081205368042,
					"bytes":	0,
					"bits_per_second":	0,
					"retransmits":	0,
					"snd_cwnd":	37648,
					"snd_wnd":	3143552,
					"rtt":	51397,
					"rttvar":	1453,
					"pmtu":	1500,
					"omitted":	false,
					"sender":	true
				}],
			"sum":	{
				"start":	9.000162,
				"end":	10.000974,
				"seconds":	1.00081205368042,
				"bytes":	0,
				"bits_per_second":	0,
				"retransmits":	0,
				"omitted":	false,
				"sender":	true
			}
		}],
	"end":	{
		"streams":	[{
				"sender":	{
					"socket":	6,
					"start":	0,
					"end":	10.000974,
					"seconds":	10.000974,
					"bytes":	23986176,
					"bits_per_second":	19187071.979189228,
					"retransmits":	0,
					"max_snd_cwnd":	434400,
					"max_snd_wnd":	3143552,
					"max_rtt":	53190,
					"min_rtt":	50751,
					"mean_rtt":	51456,
					"sender":	true
				},
				"receiver":	{
					"socket":	6,
					"start":	0,
					"end":	10.052422,
					"seconds":	10.000974,
					"bytes":	20755632,
					"bits_per_second":	16517915.383974131,
					"sender":	true
				}
			}],
		"sum_sent":	{
			"start":	0,
			"end":	10.000974,
			"seconds":	10.000974,
			"bytes":	23986176,
			"bits_per_second":	19187071.979189228,
			"retransmits":	0,
			"sender":	true
		},
		"sum_received":	{
			"start":	0,
			"end":	10.052422,
			"seconds":	10.052422,
			"bytes":	20755632,
			"bits_per_second":	16517915.383974131,
			"sender":	true
		},
		"cpu_utilization_percent":	{
			"host_total":	0.13881336085568777,
			"host_user":	0.0046304313341387964,
			"host_system":	0.13417297160470137,
			"remote_total":	0.73474713298405825,
			"remote_user":	0.1429802402163535,
			"remote_system":	0.59176689276770467
		},
		"sender_tcp_congestion":	"bbr",
		"receiver_tcp_congestion":	"bbr"
	}
}
