{
	"start":	{
		"connected":	[{
				"socket":	6,
				"local_host":	"192.168.101.210",
				"local_port":	44208,
				"remote_host":	"192.168.100.168",
				"remote_port":	5202
			}],
		"version":	"iperf 3.11",
		"system_info":	"Linux f1 6.0.10-300.fc37.x86_64 #1 SMP PREEMPT_DYNAMIC Sat Nov 26 16:55:13 UTC 2022 x86_64",
		"timestamp":	{
			"time":	"Fri, 09 Dec 2022 23:30:53 GMT",
			"timesecs":	1670628653
		},
		"connecting_to":	{
			"host":	"192.168.100.168",
			"port":	5202
		},
		"cookie":	"3hqbvy4lycv5vk5jdm6bpwmceno3hbmqaz7l",
		"tcp_mss_default":	1448,
		"target_bitrate":	0,
		"sock_bufsize":	0,
		"sndbuf_actual":	16384,
		"rcvbuf_actual":	131072,
		"test_start":	{
			"protocol":	"TCP",
			"num_streams":	1,
			"blksize":	131072,
			"omit":	0,
			"duration":	10,
			"bytes":	0,
			"blocks":	0,
			"reverse":	0,
			"tos":	0,
			"target_bitrate":	0
		}
	},
	"intervals":	[{
			"streams":	[{
					"socket":	6,
					"start":	0,
					"end":	1.000081,
					"seconds":	1.000080943107605,
					"bytes":	14286848,
					"bits_per_second":	114285533.37377444,
					"retransmits":	580,
					"snd_cwnd":	1912808,
					"snd_wnd":	3100288,
					"rtt":	75501,
					"rttvar":	618,
					"pmtu":	1500,
					"omitted":	false,
					"sender":	true
				}],
			"sum":	{
				"start":	0,
				"end":	1.000081,
				"seconds":	1.000080943107605,
				"bytes":	14286848,
				"bits_per_second":	114285533.37377444,
				"retransmits":	580,
				"omitted":	false,
				"sender":	true
			}
		}, {
			"streams":	[{
					"socket":	6,
					"start":	1.000081,
					"end":	2.000078,
					"seconds":	0.99999701976776123,
					"bytes":	30146560,
					"bits_per_second":	241173198.752142,
					"retransmits":	608,
					"snd_cwnd":	6909856,
					"snd_wnd":	3145728,
					"rtt":	75082,
					"rttvar":	13,
					"pmtu":	1500,
					"omitted":	false,
					"sender":	true
				}],
			"sum":	{
				"start":	1.000081,
				"end":	2.000078,
				"seconds":	0.99999701976776123,
				"bytes":	30146560,
				"bits_per_second":	241173198.752142,
				"retransmits":	608,
				"omitted":	false,
				"sender":	true
			}
		}, {
			"streams":	[{
					"socket":	6,
					"start":	2.000078,
					"end":	3.000085,
					"seconds":	1.0000070333480835,
					"bytes":	36700160,
					"bits_per_second":	293599215.01452374,
					"retransmits":	34,
					"snd_cwnd":	6744784,
					"snd_wnd":	3145728,
					"rtt":	75076,
					"rttvar":	9,
					"pmtu":	1500,
					"omitted":	false,
					"sender":	true
				}],
			"sum":	{
				"start":	2.000078,
				"end":	3.000085,
				"seconds":	1.0000070333480835,
				"bytes":	36700160,
				"bits_per_second":	293599215.01452374,
				"retransmits":	34,
				"omitted":	false,
				"sender":	true
			}
		}, {
			"streams":	[{
					"socket":	6,
					"start":	3.000085,
					"end":	4.000076,
					"seconds":	0.999990999698639,
					"bytes":	39321600,
					"bits_per_second":	314575631.27548236,
					"retransmits":	0,
					"snd_cwnd":	6744784,
					"snd_wnd":	3145728,
					"rtt":	75089,
					"rttvar":	16,
					"pmtu":	1500,
					"omitted":	false,
					"sender":	true
				}],
			"sum":	{
				"start":	3.000085,
				"end":	4.000076,
				"seconds":	0.999990999698639,
				"bytes":	39321600,
				"bits_per_second":	314575631.27548236,
				"retransmits":	0,
				"omitted":	false,
				"sender":	true
			}
		}, {
			"streams":	[{
					"socket":	6,
					"start":	4.000076,
					"end":	5.000039,
					"seconds":	0.99996298551559448,
					"bytes":	40632320,
					"bits_per_second":	325070592.32037014,
					"retransmits":	0,
					"snd_cwnd":	6744784,
					"snd_wnd":	3145728,
					"rtt":	75092,
					"rttvar":	6,
					"pmtu":	1500,
					"omitted":	false,
					"sender":	true
				}],
			"sum":	{
				"start":	4.000076,
				"end":	5.000039,
				"seconds":	0.99996298551559448,
				"bytes":	40632320,
				"bits_per_second":	325070592.32037014,
				"retransmits":	0,
				"omitted":	false,
				"sender":	true
			}
		}, {
			"streams":	[{
					"socket":	6,
					"start":	5.000039,
					"end":	6.000075,
					"seconds":	1.0000360012054443,
					"bytes":	39321600,
					"bits_per_second":	314561475.407699,
					"retransmits":	0,
					"snd_cwnd":	6744784,
					"snd_wnd":	3145728,
					"rtt":	75105,
					"rttvar":	9,
					"pmtu":	1500,
					"omitted":	false,
					"sender":	true
				}],
			"sum":	{
				"start":	5.000039,
				"end":	6.000075,
				"seconds":	1.0000360012054443,
				"bytes":	39321600,
				"bits_per_second":	314561475.407699,
				"retransmits":	0,
				"omitted":	false,
				"sender":	true
			}
		}, {
			"streams":	[{
					"socket":	6,
					"start":	6.000075,
					"end":	7.000072,
					"seconds":	0.99999701976776123,
					"bytes":	40632320,
					"bits_per_second":	325059528.75288713,
					"retransmits":	0,
					"snd_cwnd":	6744784,
					"snd_wnd":	3145728,
					"rtt":	75250,
					"rttvar":	159,
					"pmtu":	1500,
					"omitted":	false,
					"sender":	true
				}],
			"sum":	{
				"start":	6.000075,
				"end":	7.000072,
				"seconds":	0.99999701976776123,
				"bytes":	40632320,
				"bits_per_second":	325059528.75288713,
				"retransmits":	0,
				"omitted":	false,
				"sender":	true
			}
		}, {
			"streams":	[{
					"socket":	6,
					"start":	7.000072,
					"end":	8.00008,
					"seconds":	1.0000079870224,
					"bytes":	39321600,
					"bits_per_second":	314570287.52006721,
					"retransmits":	0,
					"snd_cwnd":	6744784,
					"snd_wnd":	3145728,
					"rtt":	75107,
					"rttvar":	24,
					"pmtu":	1500,
					"omitted":	false,
					"sender":	true
				}],
			"sum":	{
				"start":	7.000072,
				"end":	8.00008,
				"seconds":	1.0000079870224,
				"bytes":	39321600,
				"bits_per_second":	314570287.52006721,
				"retransmits":	0,
				"omitted":	false,
				"sender":	true
			}
		}, {
			"streams":	[{
					"socket":	6,
					"start":	8.00008,
					"end":	9.000041,
					"seconds":	0.999961018562317,
					"bytes":	40632320,
					"bits_per_second":	325071231.74396282,
					"retransmits":	0,
					"snd_cwnd":	6744784,
					"snd_wnd":	3145728,
					"rtt":	75105,
					"rttvar":	13,
					"pmtu":	1500,
					"omitted":	false,
					"sender":	true
				}],
			"sum":	{
				"start":	8.00008,
				"end":	9.000041,
				"seconds":	0.999961018562317,
				"bytes":	40632320,
				"bits_per_second":	325071231.74396282,
				"retransmits":	0,
				"omitted":	false,
				"sender":	true
			}
		}, {
			"streams":	[{
					"socket":	6,
					"start":	9.000041,
					"end":	10.000086,
					"seconds":	1.0000449419021606,
					"bytes":	39321600,
					"bits_per_second":	314558663.13533759,
					"retransmits":	0,
					"snd_cwnd":	6744784,
					"snd_wnd":	3145728,
					"rtt":	75128,
					"rttvar":	94,
					"pmtu":	1500,
					"omitted":	false,
					"sender":	true
				}],
			"sum":	{
				"start":	9.000041,
				"end":	10.000086,
				"seconds":	1.0000449419021606,
				"bytes":	39321600,
				"bits_per_second":	314558663.13533759,
				"retransmits":	0,
				"omitted":	false,
				"sender":	true
			}
		}],
	"end":	{
		"streams":	[{
				"sender":	{
					"socket":	6,
					"start":	0,
					"end":	10.000086,
					"seconds":	10.000086,
					"bytes":	360316928,
					"bits_per_second":	288251063.44085443,
					"retransmits":	1222,
					"max_snd_cwnd":	6909856,
					"max_snd_wnd":	3145728,
					"max_rtt":	75501,
					"min_rtt":	75076,
					"mean_rtt":	75153,
					"sender":	true
				},
				"receiver":	{
					"socket":	6,
					"start":	0,
					"end":	10.075209,
					"seconds":	10.000086,
					"bytes":	360097440,
					"bits_per_second":	285927519.71696073,
					"sender":	true
				}
			}],
		"sum_sent":	{
			"start":	0,
			"end":	10.000086,
			"seconds":	10.000086,
			"bytes":	360316928,
			"bits_per_second":	288251063.44085443,
			"retransmits":	1222,
			"sender":	true
		},
		"sum_received":	{
			"start":	0,
			"end":	10.075209,
			"seconds":	10.075209,
			"bytes":	360097440,
			"bits_per_second":	285927519.71696073,
			"sender":	true
		},
		"cpu_utilization_percent":	{
			"host_total":	1.0961020912347654,
			"host_user":	0.10559997297386241,
			"host_system":	0.990502118260903,
			"remote_total":	2.4133765813550476,
			"remote_user":	0.1513019070551313,
			"remote_system":	2.2620647489583354
		},
		"sender_tcp_congestion":	"bbr",
		"receiver_tcp_congestion":	"bbr"
	}
}
