{
	"start":	{
		"connected":	[{
				"socket":	6,
				"local_host":	"192.168.101.210",
				"local_port":	38686,
				"remote_host":	"192.168.100.168",
				"remote_port":	5201
			}],
		"version":	"iperf 3.11",
		"system_info":	"Linux f1 6.0.10-300.fc37.x86_64 #1 SMP PREEMPT_DYNAMIC Sat Nov 26 16:55:13 UTC 2022 x86_64",
		"timestamp":	{
			"time":	"Fri, 09 Dec 2022 23:05:58 GMT",
			"timesecs":	1670627158
		},
		"connecting_to":	{
			"host":	"192.168.100.168",
			"port":	5201
		},
		"cookie":	"5kab3ej5qgcrjijc5srefjpjmknw54rzr7y7",
		"tcp_mss_default":	1448,
		"target_bitrate":	0,
		"sock_bufsize":	0,
		"sndbuf_actual":	16384,
		"rcvbuf_actual":	131072,
		"test_start":	{
			"protocol":	"TCP",
			"num_streams":	1,
			"blksize":	131072,
			"omit":	0,
			"duration":	10,
			"bytes":	0,
			"blocks":	0,
			"reverse":	0,
			"tos":	0,
			"target_bitrate":	0
		}
	},
	"intervals":	[{
			"streams":	[{
					"socket":	6,
					"start":	0,
					"end":	1.000086,
					"seconds":	1.0000859498977661,
					"bytes":	6526136,
					"bits_per_second":	52204601.019879423,
					"retransmits":	0,
					"snd_cwnd":	524176,
					"snd_wnd":	2832768,
					"rtt":	103019,
					"rttvar":	574,
					"pmtu":	1500,
					"omitted":	false,
					"sender":	true
				}],
			"sum":	{
				"start":	0,
				"end":	1.000086,
				"seconds":	1.0000859498977661,
				"bytes":	6526136,
				"bits_per_second":	52204601.019879423,
				"retransmits":	0,
				"omitted":	false,
				"sender":	true
			}
		}, {
			"streams":	[{
					"socket":	6,
					"start":	1.000086,
					"end":	2.000078,
					"seconds":	0.9999920129776,
					"bytes":	6187848,
					"bits_per_second":	49503179.3830026,
					"retransmits":	0,
					"snd_cwnd":	780472,
					"snd_wnd":	2832768,
					"rtt":	132688,
					"rttvar":	737,
					"pmtu":	1500,
					"omitted":	false,
					"sender":	true
				}],
			"sum":	{
				"start":	1.000086,
				"end":	2.000078,
				"seconds":	0.9999920129776,
				"bytes":	6187848,
				"bits_per_second":	49503179.3830026,
				"retransmits":	0,
				"omitted":	false,
				"sender":	true
			}
		}, {
			"streams":	[{
					"socket":	6,
					"start":	2.000078,
					"end":	3.000108,
					"seconds":	1.0000300407409668,
					"bytes":	5242880,
					"bits_per_second":	41941780.0378502,
					"retransmits":	0,
					"snd_cwnd":	1059936,
					"snd_wnd":	2832768,
					"rtt":	179297,
					"rttvar":	514,
					"pmtu":	1500,
					"omitted":	false,
					"sender":	true
				}],
			"sum":	{
				"start":	2.000078,
				"end":	3.000108,
				"seconds":	1.0000300407409668,
				"bytes":	5242880,
				"bits_per_second":	41941780.0378502,
				"retransmits":	0,
				"omitted":	false,
				"sender":	true
			}
		}, {
			"streams":	[{
					"socket":	6,
					"start":	3.000108,
					"end":	4.000178,
					"seconds":	1.0000699758529663,
					"bytes":	5242880,
					"bits_per_second":	41940105.205364756,
					"retransmits":	0,
					"snd_cwnd":	1349536,
					"snd_wnd":	2887040,
					"rtt":	218829,
					"rttvar":	327,
					"pmtu":	1500,
					"omitted":	false,
					"sender":	true
				}],
			"sum":	{
				"start":	3.000108,
				"end":	4.000178,
				"seconds":	1.0000699758529663,
				"bytes":	5242880,
				"bits_per_second":	41940105.205364756,
				"retransmits":	0,
				"omitted":	false,
				"sender":	true
			}
		}, {
			"streams":	[{
					"socket":	6,
					"start":	4.000178,
					"end":	5.000075,
					"seconds":	0.999897003173828,
					"bytes":	6553600,
					"bits_per_second":	52434200.556240149,
					"retransmits":	0,
					"snd_cwnd":	1642032,
					"snd_wnd":	3141248,
					"rtt":	266294,
					"rttvar":	418,
					"pmtu":	1500,
					"omitted":	false,
					"sender":	true
				}],
			"sum":	{
				"start":	4.000178,
				"end":	5.000075,
				"seconds":	0.999897003173828,
				"bytes":	6553600,
				"bits_per_second":	52434200.556240149,
				"retransmits":	0,
				"omitted":	false,
				"sender":	true
			}
		}, {
			"streams":	[{
					"socket":	6,
					"start":	5.000075,
					"end":	6.000153,
					"seconds":	1.0000779628753662,
					"bytes":	5242880,
					"bits_per_second":	41939770.254918732,
					"retransmits":	0,
					"snd_cwnd":	1934528,
					"snd_wnd":	3141248,
					"rtt":	311452,
					"rttvar":	513,
					"pmtu":	1500,
					"omitted":	false,
					"sender":	true
				}],
			"sum":	{
				"start":	5.000075,
				"end":	6.000153,
				"seconds":	1.0000779628753662,
				"bytes":	5242880,
				"bits_per_second":	41939770.254918732,
				"retransmits":	0,
				"omitted":	false,
				"sender":	true
			}
		}, {
			"streams":	[{
					"socket":	6,
					"start":	6.000153,
					"end":	7.000086,
					"seconds":	0.99993300437927246,
					"bytes":	6553600,
					"bits_per_second":	52432312.735337883,
					"retransmits":	0,
					"snd_cwnd":	2229920,
					"snd_wnd":	3141248,
					"rtt":	357222,
					"rttvar":	291,
					"pmtu":	1500,
					"omitted":	false,
					"sender":	true
				}],
			"sum":	{
				"start":	6.000153,
				"end":	7.000086,
				"seconds":	0.99993300437927246,
				"bytes":	6553600,
				"bits_per_second":	52432312.735337883,
				"retransmits":	0,
				"omitted":	false,
				"sender":	true
			}
		}, {
			"streams":	[{
					"socket":	6,
					"start":	7.000086,
					"end":	8.000162,
					"seconds":	1.0000760555267334,
					"bytes":	5242880,
					"bits_per_second":	41939850.242598683,
					"retransmits":	0,
					"snd_cwnd":	2526760,
					"snd_wnd":	3141248,
					"rtt":	403948,
					"rttvar":	212,
					"pmtu":	1500,
					"omitted":	false,
					"sender":	true
				}],
			"sum":	{
				"start":	7.000086,
				"end":	8.000162,
				"seconds":	1.0000760555267334,
				"bytes":	5242880,
				"bits_per_second":	41939850.242598683,
				"retransmits":	0,
				"omitted":	false,
				"sender":	true
			}
		}, {
			"streams":	[{
					"socket":	6,
					"start":	8.000162,
					"end":	9.000082,
					"seconds":	0.99992001056671143,
					"bytes":	6553600,
					"bits_per_second":	52432994.085482523,
					"retransmits":	0,
					"snd_cwnd":	2825048,
					"snd_wnd":	3141248,
					"rtt":	450614,
					"rttvar":	3195,
					"pmtu":	1500,
					"omitted":	false,
					"sender":	true
				}],
			"sum":	{
				"start":	8.000162,
				"end":	9.000082,
				"seconds":	0.99992001056671143,
				"bytes":	6553600,
				"bits_per_second":	52432994.085482523,
				"retransmits":	0,
				"omitted":	false,
				"sender":	true
			}
		}, {
			"streams":	[{
					"socket":	6,
					"start":	9.000082,
					"end":	10.000175,
					"seconds":	1.0000929832458496,
					"bytes":	5242880,
					"bits_per_second":	41939140.362600945,
					"retransmits":	0,
					"snd_cwnd":	3121888,
					"snd_wnd":	3141248,
					"rtt":	499283,
					"rttvar":	498,
					"pmtu":	1500,
					"omitted":	false,
					"sender":	true
				}],
			"sum":	{
				"start":	9.000082,
				"end":	10.000175,
				"seconds":	1.0000929832458496,
				"bytes":	5242880,
				"bits_per_second":	41939140.362600945,
				"retransmits":	0,
				"omitted":	false,
				"sender":	true
			}
		}],
	"end":	{
		"streams":	[{
				"sender":	{
					"socket":	6,
					"start":	0,
					"end":	10.000175,
					"seconds":	10.000175,
					"bytes":	58589184,
					"bits_per_second":	46870526.9657781,
					"retransmits":	0,
					"max_snd_cwnd":	3121888,
					"max_snd_wnd":	3141248,
					"max_rtt":	499283,
					"min_rtt":	103019,
					"mean_rtt":	292264,
					"sender":	true
				},
				"receiver":	{
					"socket":	6,
					"start":	0,
					"end":	10.474497,
					"seconds":	10.000175,
					"bytes":	58581664,
					"bits_per_second":	44742321.46899274,
					"sender":	true
				}
			}],
		"sum_sent":	{
			"start":	0,
			"end":	10.000175,
			"seconds":	10.000175,
			"bytes":	58589184,
			"bits_per_second":	46870526.9657781,
			"retransmits":	0,
			"sender":	true
		},
		"sum_received":	{
			"start":	0,
			"end":	10.474497,
			"seconds":	10.474497,
			"bytes":	58581664,
			"bits_per_second":	44742321.46899274,
			"sender":	true
		},
		"cpu_utilization_percent":	{
			"host_total":	0.54994864433417068,
			"host_user":	0.042302218812261011,
			"host_system":	0.50764642552190964,
			"remote_total":	2.2550156727990416,
			"remote_user":	0.18874378646767195,
			"remote_system":	2.06627188633137
		},
		"sender_tcp_congestion":	"cubic",
		"receiver_tcp_congestion":	"cubic"
	}
}
