{
	"start":	{
		"connected":	[{
				"socket":	6,
				"local_host":	"192.168.101.210",
				"local_port":	47456,
				"remote_host":	"192.168.100.168",
				"remote_port":	5201
			}],
		"version":	"iperf 3.11",
		"system_info":	"Linux f1 6.0.10-300.fc37.x86_64 #1 SMP PREEMPT_DYNAMIC Sat Nov 26 16:55:13 UTC 2022 x86_64",
		"timestamp":	{
			"time":	"Fri, 09 Dec 2022 23:31:40 GMT",
			"timesecs":	1670628700
		},
		"connecting_to":	{
			"host":	"192.168.100.168",
			"port":	5201
		},
		"cookie":	"ywpq5fmfslyoiuxc6fptgw73scgo6g4rborn",
		"tcp_mss_default":	1448,
		"target_bitrate":	0,
		"sock_bufsize":	0,
		"sndbuf_actual":	16384,
		"rcvbuf_actual":	131072,
		"test_start":	{
			"protocol":	"TCP",
			"num_streams":	1,
			"blksize":	131072,
			"omit":	0,
			"duration":	10,
			"bytes":	0,
			"blocks":	0,
			"reverse":	0,
			"tos":	0,
			"target_bitrate":	0
		}
	},
	"intervals":	[{
			"streams":	[{
					"socket":	6,
					"start":	0,
					"end":	1.000079,
					"seconds":	1.0000790357589722,
					"bytes":	17432576,
					"bits_per_second":	139449586.49609292,
					"retransmits":	0,
					"snd_cwnd":	6049744,
					"snd_wnd":	3143552,
					"rtt":	102107,
					"rttvar":	2328,
					"pmtu":	1500,
					"omitted":	false,
					"sender":	true
				}],
			"sum":	{
				"start":	0,
				"end":	1.000079,
				"seconds":	1.0000790357589722,
				"bytes":	17432576,
				"bits_per_second":	139449586.49609292,
				"retransmits":	0,
				"omitted":	false,
				"sender":	true
			}
		}, {
			"streams":	[{
					"socket":	6,
					"start":	1.000079,
					"end":	2.000071,
					"seconds":	0.9999920129776,
					"bytes":	30146560,
					"bits_per_second":	241174406.26538512,
					"retransmits":	0,
					"snd_cwnd":	6049744,
					"snd_wnd":	3143552,
					"rtt":	103314,
					"rttvar":	681,
					"pmtu":	1500,
					"omitted":	false,
					"sender":	true
				}],
			"sum":	{
				"start":	1.000079,
				"end":	2.000071,
				"seconds":	0.9999920129776,
				"bytes":	30146560,
				"bits_per_second":	241174406.26538512,
				"retransmits":	0,
				"omitted":	false,
				"sender":	true
			}
		}, {
			"streams":	[{
					"socket":	6,
					"start":	2.000071,
					"end":	3.000072,
					"seconds":	1.0000009536743164,
					"bytes":	30146560,
					"bits_per_second":	241172250.00021935,
					"retransmits":	0,
					"snd_cwnd":	6049744,
					"snd_wnd":	3143552,
					"rtt":	103642,
					"rttvar":	617,
					"pmtu":	1500,
					"omitted":	false,
					"sender":	true
				}],
			"sum":	{
				"start":	2.000071,
				"end":	3.000072,
				"seconds":	1.0000009536743164,
				"bytes":	30146560,
				"bits_per_second":	241172250.00021935,
				"retransmits":	0,
				"omitted":	false,
				"sender":	true
			}
		}, {
			"streams":	[{
					"socket":	6,
					"start":	3.000072,
					"end":	4.00008,
					"seconds":	1.0000079870224,
					"bytes":	30146560,
					"bits_per_second":	241170553.76538488,
					"retransmits":	0,
					"snd_cwnd":	6049744,
					"snd_wnd":	3143552,
					"rtt":	101429,
					"rttvar":	1128,
					"pmtu":	1500,
					"omitted":	false,
					"sender":	true
				}],
			"sum":	{
				"start":	3.000072,
				"end":	4.00008,
				"seconds":	1.0000079870224,
				"bytes":	30146560,
				"bits_per_second":	241170553.76538488,
				"retransmits":	0,
				"omitted":	false,
				"sender":	true
			}
		}, {
			"streams":	[{
					"socket":	6,
					"start":	4.00008,
					"end":	5.000053,
					"seconds":	0.99997299909591675,
					"bytes":	30146560,
					"bits_per_second":	241178992.05083126,
					"retransmits":	0,
					"snd_cwnd":	6049744,
					"snd_wnd":	3143552,
					"rtt":	103602,
					"rttvar":	781,
					"pmtu":	1500,
					"omitted":	false,
					"sender":	true
				}],
			"sum":	{
				"start":	4.00008,
				"end":	5.000053,
				"seconds":	0.99997299909591675,
				"bytes":	30146560,
				"bits_per_second":	241178992.05083126,
				"retransmits":	0,
				"omitted":	false,
				"sender":	true
			}
		}, {
			"streams":	[{
					"socket":	6,
					"start":	5.000053,
					"end":	6.000073,
					"seconds":	1.0000200271606445,
					"bytes":	28835840,
					"bits_per_second":	230682100.09252363,
					"retransmits":	0,
					"snd_cwnd":	6049744,
					"snd_wnd":	3143552,
					"rtt":	101685,
					"rttvar":	979,
					"pmtu":	1500,
					"omitted":	false,
					"sender":	true
				}],
			"sum":	{
				"start":	5.000053,
				"end":	6.000073,
				"seconds":	1.0000200271606445,
				"bytes":	28835840,
				"bits_per_second":	230682100.09252363,
				"retransmits":	0,
				"omitted":	false,
				"sender":	true
			}
		}, {
			"streams":	[{
					"socket":	6,
					"start":	6.000073,
					"end":	7.000074,
					"seconds":	1.0000009536743164,
					"bytes":	30146560,
					"bits_per_second":	241172250.00021935,
					"retransmits":	0,
					"snd_cwnd":	6049744,
					"snd_wnd":	3143552,
					"rtt":	103650,
					"rttvar":	605,
					"pmtu":	1500,
					"omitted":	false,
					"sender":	true
				}],
			"sum":	{
				"start":	6.000073,
				"end":	7.000074,
				"seconds":	1.0000009536743164,
				"bytes":	30146560,
				"bits_per_second":	241172250.00021935,
				"retransmits":	0,
				"omitted":	false,
				"sender":	true
			}
		}, {
			"streams":	[{
					"socket":	6,
					"start":	7.000074,
					"end":	8.000078,
					"seconds":	1.0000040531158447,
					"bytes":	30146560,
					"bits_per_second":	241171502.50396189,
					"retransmits":	0,
					"snd_cwnd":	6049744,
					"snd_wnd":	3143552,
					"rtt":	101440,
					"rttvar":	1127,
					"pmtu":	1500,
					"omitted":	false,
					"sender":	true
				}],
			"sum":	{
				"start":	7.000074,
				"end":	8.000078,
				"seconds":	1.0000040531158447,
				"bytes":	30146560,
				"bits_per_second":	241171502.50396189,
				"retransmits":	0,
				"omitted":	false,
				"sender":	true
			}
		}, {
			"streams":	[{
					"socket":	6,
					"start":	8.000078,
					"end":	9.000075,
					"seconds":	0.99999701976776123,
					"bytes":	30146560,
					"bits_per_second":	241173198.752142,
					"retransmits":	0,
					"snd_cwnd":	6049744,
					"snd_wnd":	3143552,
					"rtt":	102135,
					"rttvar":	910,
					"pmtu":	1500,
					"omitted":	false,
					"sender":	true
				}],
			"sum":	{
				"start":	8.000078,
				"end":	9.000075,
				"seconds":	0.99999701976776123,
				"bytes":	30146560,
				"bits_per_second":	241173198.752142,
				"retransmits":	0,
				"omitted":	false,
				"sender":	true
			}
		}, {
			"streams":	[{
					"socket":	6,
					"start":	9.000075,
					"end":	10.000083,
					"seconds":	1.0000079870224,
					"bytes":	28835840,
					"bits_per_second":	230684877.514716,
					"retransmits":	0,
					"snd_cwnd":	6049744,
					"snd_wnd":	3143552,
					"rtt":	103002,
					"rttvar":	1347,
					"pmtu":	1500,
					"omitted":	false,
					"sender":	true
				}],
			"sum":	{
				"start":	9.000075,
				"end":	10.000083,
				"seconds":	1.0000079870224,
				"bytes":	28835840,
				"bits_per_second":	230684877.514716,
				"retransmits":	0,
				"omitted":	false,
				"sender":	true
			}
		}],
	"end":	{
		"streams":	[{
				"sender":	{
					"socket":	6,
					"start":	0,
					"end":	10.000083,
					"seconds":	10.000083,
					"bytes":	286130176,
					"bits_per_second":	228902240.91140044,
					"retransmits":	0,
					"max_snd_cwnd":	6049744,
					"max_snd_wnd":	3143552,
					"max_rtt":	103650,
					"min_rtt":	101429,
					"mean_rtt":	102600,
					"sender":	true
				},
				"receiver":	{
					"socket":	6,
					"start":	0,
					"end":	10.102499,
					"seconds":	10.000083,
					"bytes":	286057496,
					"bits_per_second":	226524146.946216,
					"sender":	true
				}
			}],
		"sum_sent":	{
			"start":	0,
			"end":	10.000083,
			"seconds":	10.000083,
			"bytes":	286130176,
			"bits_per_second":	228902240.91140044,
			"retransmits":	0,
			"sender":	true
		},
		"sum_received":	{
			"start":	0,
			"end":	10.102499,
			"seconds":	10.102499,
			"bytes":	286057496,
			"bits_per_second":	226524146.946216,
			"sender":	true
		},
		"cpu_utilization_percent":	{
			"host_total":	1.0828801472458387,
			"host_user":	0.11528821081938503,
			"host_system":	0.9675919364264538,
			"remote_total":	1.208026161411522,
			"remote_user":	0.040712642488062133,
			"remote_system":	1.1673234174506877
		},
		"sender_tcp_congestion":	"cubic",
		"receiver_tcp_congestion":	"cubic"
	}
}
