{
	"start":	{
		"connected":	[{
				"socket":	6,
				"local_host":	"192.168.101.210",
				"local_port":	42518,
				"remote_host":	"192.168.100.168",
				"remote_port":	5202
			}],
		"version":	"iperf 3.11",
		"system_info":	"Linux f1 6.0.10-300.fc37.x86_64 #1 SMP PREEMPT_DYNAMIC Sat Nov 26 16:55:13 UTC 2022 x86_64",
		"timestamp":	{
			"time":	"Fri, 09 Dec 2022 23:04:31 GMT",
			"timesecs":	1670627071
		},
		"connecting_to":	{
			"host":	"192.168.100.168",
			"port":	5202
		},
		"cookie":	"zee6wunkceiqgqy4uccp2gd73cprfrdmqfyt",
		"tcp_mss_default":	1448,
		"target_bitrate":	0,
		"sock_bufsize":	0,
		"sndbuf_actual":	16384,
		"rcvbuf_actual":	131072,
		"test_start":	{
			"protocol":	"TCP",
			"num_streams":	1,
			"blksize":	131072,
			"omit":	0,
			"duration":	10,
			"bytes":	0,
			"blocks":	0,
			"reverse":	0,
			"tos":	0,
			"target_bitrate":	0
		}
	},
	"intervals":	[{
			"streams":	[{
					"socket":	6,
					"start":	0,
					"end":	1.000088,
					"seconds":	1.0000879764556885,
					"bytes":	951336,
					"bits_per_second":	7610018.4975448623,
					"retransmits":	0,
					"snd_cwnd":	46336,
					"snd_wnd":	326144,
					"rtt":	106174,
					"rttvar":	1929,
					"pmtu":	1500,
					"omitted":	false,
					"sender":	true
				}],
			"sum":	{
				"start":	0,
				"end":	1.000088,
				"seconds":	1.0000879764556885,
				"bytes":	951336,
				"bits_per_second":	7610018.4975448623,
				"retransmits":	0,
				"omitted":	false,
				"sender":	true
			}
		}, {
			"streams":	[{
					"socket":	6,
					"start":	1.000088,
					"end":	2.000444,
					"seconds":	1.0003559589385986,
					"bytes":	195480,
					"bits_per_second":	1563283.5352520631,
					"retransmits":	0,
					"snd_cwnd":	23168,
					"snd_wnd":	326144,
					"rtt":	141997,
					"rttvar":	6659,
					"pmtu":	1500,
					"omitted":	false,
					"sender":	true
				}],
			"sum":	{
				"start":	1.000088,
				"end":	2.000444,
				"seconds":	1.0003559589385986,
				"bytes":	195480,
				"bits_per_second":	1563283.5352520631,
				"retransmits":	0,
				"omitted":	false,
				"sender":	true
			}
		}, {
			"streams":	[{
					"socket":	6,
					"start":	2.000444,
					"end":	3.000071,
					"seconds":	0.99962699413299561,
					"bytes":	195480,
					"bits_per_second":	1564423.5391585859,
					"retransmits":	0,
					"snd_cwnd":	26064,
					"snd_wnd":	326144,
					"rtt":	189369,
					"rttvar":	7968,
					"pmtu":	1500,
					"omitted":	false,
					"sender":	true
				}],
			"sum":	{
				"start":	2.000444,
				"end":	3.000071,
				"seconds":	0.99962699413299561,
				"bytes":	195480,
				"bits_per_second":	1564423.5391585859,
				"retransmits":	0,
				"omitted":	false,
				"sender":	true
			}
		}, {
			"streams":	[{
					"socket":	6,
					"start":	3.000071,
					"end":	4.001033,
					"seconds":	1.0009620189666748,
					"bytes":	0,
					"bits_per_second":	0,
					"retransmits":	0,
					"snd_cwnd":	17376,
					"snd_wnd":	326144,
					"rtt":	233580,
					"rttvar":	8867,
					"pmtu":	1500,
					"omitted":	false,
					"sender":	true
				}],
			"sum":	{
				"start":	3.000071,
				"end":	4.001033,
				"seconds":	1.0009620189666748,
				"bytes":	0,
				"bits_per_second":	0,
				"retransmits":	0,
				"omitted":	false,
				"sender":	true
			}
		}, {
			"streams":	[{
					"socket":	6,
					"start":	4.001033,
					"end":	5.000922,
					"seconds":	0.99988901615142822,
					"bytes":	0,
					"bits_per_second":	0,
					"retransmits":	0,
					"snd_cwnd":	14480,
					"snd_wnd":	326144,
					"rtt":	273906,
					"rttvar":	19960,
					"pmtu":	1500,
					"omitted":	false,
					"sender":	true
				}],
			"sum":	{
				"start":	4.001033,
				"end":	5.000922,
				"seconds":	0.99988901615142822,
				"bytes":	0,
				"bits_per_second":	0,
				"retransmits":	0,
				"omitted":	false,
				"sender":	true
			}
		}, {
			"streams":	[{
					"socket":	6,
					"start":	5.000922,
					"end":	6.00064,
					"seconds":	0.99971801042556763,
					"bytes":	195480,
					"bits_per_second":	1564281.1109647735,
					"retransmits":	0,
					"snd_cwnd":	14480,
					"snd_wnd":	326144,
					"rtt":	319699,
					"rttvar":	21820,
					"pmtu":	1500,
					"omitted":	false,
					"sender":	true
				}],
			"sum":	{
				"start":	5.000922,
				"end":	6.00064,
				"seconds":	0.99971801042556763,
				"bytes":	195480,
				"bits_per_second":	1564281.1109647735,
				"retransmits":	0,
				"omitted":	false,
				"sender":	true
			}
		}, {
			"streams":	[{
					"socket":	6,
					"start":	6.00064,
					"end":	7.001028,
					"seconds":	1.0003880262374878,
					"bytes":	0,
					"bits_per_second":	0,
					"retransmits":	0,
					"snd_cwnd":	14480,
					"snd_wnd":	326144,
					"rtt":	361617,
					"rttvar":	27079,
					"pmtu":	1500,
					"omitted":	false,
					"sender":	true
				}],
			"sum":	{
				"start":	6.00064,
				"end":	7.001028,
				"seconds":	1.0003880262374878,
				"bytes":	0,
				"bits_per_second":	0,
				"retransmits":	0,
				"omitted":	false,
				"sender":	true
			}
		}, {
			"streams":	[{
					"socket":	6,
					"start":	7.001028,
					"end":	8.001026,
					"seconds":	0.99999797344207764,
					"bytes":	0,
					"bits_per_second":	0,
					"retransmits":	0,
					"snd_cwnd":	11584,
					"snd_wnd":	326144,
					"rtt":	401852,
					"rttvar":	20392,
					"pmtu":	1500,
					"omitted":	false,
					"sender":	true
				}],
			"sum":	{
				"start":	7.001028,
				"end":	8.001026,
				"seconds":	0.99999797344207764,
				"bytes":	0,
				"bits_per_second":	0,
				"retransmits":	0,
				"omitted":	false,
				"sender":	true
			}
		}, {
			"streams":	[{
					"socket":	6,
					"start":	8.001026,
					"end":	9.001032,
					"seconds":	1.0000059604644775,
					"bytes":	0,
					"bits_per_second":	0,
					"retransmits":	0,
					"snd_cwnd":	11584,
					"snd_wnd":	326144,
					"rtt":	443279,
					"rttvar":	16451,
					"pmtu":	1500,
					"omitted":	false,
					"sender":	true
				}],
			"sum":	{
				"start":	8.001026,
				"end":	9.001032,
				"seconds":	1.0000059604644775,
				"bytes":	0,
				"bits_per_second":	0,
				"retransmits":	0,
				"omitted":	false,
				"sender":	true
			}
		}, {
			"streams":	[{
					"socket":	6,
					"start":	9.001032,
					"end":	10.001044,
					"seconds":	1.0000120401382446,
					"bytes":	0,
					"bits_per_second":	0,
					"retransmits":	0,
					"snd_cwnd":	11584,
					"snd_wnd":	326144,
					"rtt":	471949,
					"rttvar":	25553,
					"pmtu":	1500,
					"omitted":	false,
					"sender":	true
				}],
			"sum":	{
				"start":	9.001032,
				"end":	10.001044,
				"seconds":	1.0000120401382446,
				"bytes":	0,
				"bits_per_second":	0,
				"retransmits":	0,
				"omitted":	false,
				"sender":	true
			}
		}],
	"end":	{
		"streams":	[{
				"sender":	{
					"socket":	6,
					"start":	0,
					"end":	10.001044,
					"seconds":	10.001044,
					"bytes":	1537776,
					"bits_per_second":	1230092.3783556996,
					"retransmits":	0,
					"max_snd_cwnd":	46336,
					"max_snd_wnd":	326144,
					"max_rtt":	471949,
					"min_rtt":	106174,
					"mean_rtt":	294342,
					"sender":	true
				},
				"receiver":	{
					"socket":	6,
					"start":	0,
					"end":	10.509872,
					"seconds":	10.001044,
					"bytes":	1200392,
					"bits_per_second":	913725.30512265046,
					"sender":	true
				}
			}],
		"sum_sent":	{
			"start":	0,
			"end":	10.001044,
			"seconds":	10.001044,
			"bytes":	1537776,
			"bits_per_second":	1230092.3783556996,
			"retransmits":	0,
			"sender":	true
		},
		"sum_received":	{
			"start":	0,
			"end":	10.509872,
			"seconds":	10.509872,
			"bytes":	1200392,
			"bits_per_second":	913725.30512265046,
			"sender":	true
		},
		"cpu_utilization_percent":	{
			"host_total":	0.066652551226177456,
			"host_user":	0.000608653536646231,
			"host_system":	0.066043897689531228,
			"remote_total":	0.10983939888999791,
			"remote_user":	0.017507319296396061,
			"remote_system":	0.092332079593601832
		},
		"sender_tcp_congestion":	"bbr",
		"receiver_tcp_congestion":	"bbr"
	}
}
