{
	"start":	{
		"connected":	[{
				"socket":	6,
				"local_host":	"192.168.101.210",
				"local_port":	54046,
				"remote_host":	"192.168.100.168",
				"remote_port":	5202
			}],
		"version":	"iperf 3.11",
		"system_info":	"Linux f1 6.0.10-300.fc37.x86_64 #1 SMP PREEMPT_DYNAMIC Sat Nov 26 16:55:13 UTC 2022 x86_64",
		"timestamp":	{
			"time":	"Fri, 09 Dec 2022 23:05:03 GMT",
			"timesecs":	1670627103
		},
		"connecting_to":	{
			"host":	"192.168.100.168",
			"port":	5202
		},
		"cookie":	"tar4i6gtsm3qolmz4tutahz6ax4ytrikn2gu",
		"tcp_mss_default":	1448,
		"target_bitrate":	0,
		"sock_bufsize":	0,
		"sndbuf_actual":	16384,
		"rcvbuf_actual":	131072,
		"test_start":	{
			"protocol":	"TCP",
			"num_streams":	1,
			"blksize":	131072,
			"omit":	0,
			"duration":	10,
			"bytes":	0,
			"blocks":	0,
			"reverse":	0,
			"tos":	0,
			"target_bitrate":	0
		}
	},
	"intervals":	[{
			"streams":	[{
					"socket":	6,
					"start":	0,
					"end":	1.000324,
					"seconds":	1.000324010848999,
					"bytes":	2363136,
					"bits_per_second":	18898964.530457284,
					"retransmits":	0,
					"snd_cwnd":	66608,
					"snd_wnd":	740864,
					"rtt":	93635,
					"rttvar":	1704,
					"pmtu":	1500,
					"omitted":	false,
					"sender":	true
				}],
			"sum":	{
				"start":	0,
				"end":	1.000324,
				"seconds":	1.000324010848999,
				"bytes":	2363136,
				"bits_per_second":	18898964.530457284,
				"retransmits":	0,
				"omitted":	false,
				"sender":	true
			}
		}, {
			"streams":	[{
					"socket":	6,
					"start":	1.000324,
					"end":	2.000572,
					"seconds":	1.0002479553222656,
					"bytes":	521280,
					"bits_per_second":	4169206.2231273525,
					"retransmits":	0,
					"snd_cwnd":	46336,
					"snd_wnd":	740864,
					"rtt":	133184,
					"rttvar":	5492,
					"pmtu":	1500,
					"omitted":	false,
					"sender":	true
				}],
			"sum":	{
				"start":	1.000324,
				"end":	2.000572,
				"seconds":	1.0002479553222656,
				"bytes":	521280,
				"bits_per_second":	4169206.2231273525,
				"retransmits":	0,
				"omitted":	false,
				"sender":	true
			}
		}, {
			"streams":	[{
					"socket":	6,
					"start":	2.000572,
					"end":	3.001034,
					"seconds":	1.0004620552062988,
					"bytes":	0,
					"bits_per_second":	0,
					"retransmits":	0,
					"snd_cwnd":	26064,
					"snd_wnd":	740864,
					"rtt":	172443,
					"rttvar":	7909,
					"pmtu":	1500,
					"omitted":	false,
					"sender":	true
				}],
			"sum":	{
				"start":	2.000572,
				"end":	3.001034,
				"seconds":	1.0004620552062988,
				"bytes":	0,
				"bits_per_second":	0,
				"retransmits":	0,
				"omitted":	false,
				"sender":	true
			}
		}, {
			"streams":	[{
					"socket":	6,
					"start":	3.001034,
					"end":	4.001038,
					"seconds":	1.0000040531158447,
					"bytes":	0,
					"bits_per_second":	0,
					"retransmits":	0,
					"snd_cwnd":	23168,
					"snd_wnd":	740864,
					"rtt":	213792,
					"rttvar":	9952,
					"pmtu":	1500,
					"omitted":	false,
					"sender":	true
				}],
			"sum":	{
				"start":	3.001034,
				"end":	4.001038,
				"seconds":	1.0000040531158447,
				"bytes":	0,
				"bits_per_second":	0,
				"retransmits":	0,
				"omitted":	false,
				"sender":	true
			}
		}, {
			"streams":	[{
					"socket":	6,
					"start":	4.001038,
					"end":	5.001015,
					"seconds":	0.9999769926071167,
					"bytes":	521280,
					"bits_per_second":	4170335.9485576237,
					"retransmits":	0,
					"snd_cwnd":	20272,
					"snd_wnd":	740864,
					"rtt":	255352,
					"rttvar":	13805,
					"pmtu":	1500,
					"omitted":	false,
					"sender":	true
				}],
			"sum":	{
				"start":	4.001038,
				"end":	5.001015,
				"seconds":	0.9999769926071167,
				"bytes":	521280,
				"bits_per_second":	4170335.9485576237,
				"retransmits":	0,
				"omitted":	false,
				"sender":	true
			}
		}, {
			"streams":	[{
					"socket":	6,
					"start":	5.001015,
					"end":	6.001034,
					"seconds":	1.0000189542770386,
					"bytes":	0,
					"bits_per_second":	0,
					"retransmits":	0,
					"snd_cwnd":	14480,
					"snd_wnd":	740864,
					"rtt":	302911,
					"rttvar":	20956,
					"pmtu":	1500,
					"omitted":	false,
					"sender":	true
				}],
			"sum":	{
				"start":	5.001015,
				"end":	6.001034,
				"seconds":	1.0000189542770386,
				"bytes":	0,
				"bits_per_second":	0,
				"retransmits":	0,
				"omitted":	false,
				"sender":	true
			}
		}, {
			"streams":	[{
					"socket":	6,
					"start":	6.001034,
					"end":	7.001035,
					"seconds":	1.0000009536743164,
					"bytes":	0,
					"bits_per_second":	0,
					"retransmits":	0,
					"snd_cwnd":	14480,
					"snd_wnd":	740864,
					"rtt":	349130,
					"rttvar":	27634,
					"pmtu":	1500,
					"omitted":	false,
					"sender":	true
				}],
			"sum":	{
				"start":	6.001034,
				"end":	7.001035,
				"seconds":	1.0000009536743164,
				"bytes":	0,
				"bits_per_second":	0,
				"retransmits":	0,
				"omitted":	false,
				"sender":	true
			}
		}, {
			"streams":	[{
					"socket":	6,
					"start":	7.001035,
					"end":	8.001031,
					"seconds":	0.9999960064888,
					"bytes":	0,
					"bits_per_second":	0,
					"retransmits":	0,
					"snd_cwnd":	17376,
					"snd_wnd":	740864,
					"rtt":	392559,
					"rttvar":	27091,
					"pmtu":	1500,
					"omitted":	false,
					"sender":	true
				}],
			"sum":	{
				"start":	7.001035,
				"end":	8.001031,
				"seconds":	0.9999960064888,
				"bytes":	0,
				"bits_per_second":	0,
				"retransmits":	0,
				"omitted":	false,
				"sender":	true
			}
		}, {
			"streams":	[{
					"socket":	6,
					"start":	8.001031,
					"end":	9.001036,
					"seconds":	1.0000050067901611,
					"bytes":	0,
					"bits_per_second":	0,
					"retransmits":	0,
					"snd_cwnd":	14480,
					"snd_wnd":	740864,
					"rtt":	432872,
					"rttvar":	15927,
					"pmtu":	1500,
					"omitted":	false,
					"sender":	true
				}],
			"sum":	{
				"start":	8.001031,
				"end":	9.001036,
				"seconds":	1.0000050067901611,
				"bytes":	0,
				"bits_per_second":	0,
				"retransmits":	0,
				"omitted":	false,
				"sender":	true
			}
		}, {
			"streams":	[{
					"socket":	6,
					"start":	9.001036,
					"end":	10.001039,
					"seconds":	1.0000029802322388,
					"bytes":	0,
					"bits_per_second":	0,
					"retransmits":	0,
					"snd_cwnd":	14480,
					"snd_wnd":	740864,
					"rtt":	463821,
					"rttvar":	29138,
					"pmtu":	1500,
					"omitted":	false,
					"sender":	true
				}],
			"sum":	{
				"start":	9.001036,
				"end":	10.001039,
				"seconds":	1.0000029802322388,
				"bytes":	0,
				"bits_per_second":	0,
				"retransmits":	0,
				"omitted":	false,
				"sender":	true
			}
		}],
	"end":	{
		"streams":	[{
				"sender":	{
					"socket":	6,
					"start":	0,
					"end":	10.001039,
					"seconds":	10.001039,
					"bytes":	3405696,
					"bits_per_second":	2724273.7479575872,
					"retransmits":	0,
					"max_snd_cwnd":	66608,
					"max_snd_wnd":	740864,
					"max_rtt":	463821,
					"min_rtt":	93635,
					"mean_rtt":	280969,
					"sender":	true
				},
				"receiver":	{
					"socket":	6,
					"start":	0,
					"end":	10.526919,
					"seconds":	10.001039,
					"bytes":	2271912,
					"bits_per_second":	1726554.1798127259,
					"sender":	true
				}
			}],
		"sum_sent":	{
			"start":	0,
			"end":	10.001039,
			"seconds":	10.001039,
			"bytes":	3405696,
			"bits_per_second":	2724273.7479575872,
			"retransmits":	0,
			"sender":	true
		},
		"sum_received":	{
			"start":	0,
			"end":	10.526919,
			"seconds":	10.526919,
			"bytes":	2271912,
			"bits_per_second":	1726554.1798127259,
			"sender":	true
		},
		"cpu_utilization_percent":	{
			"host_total":	0.11578306275129317,
			"host_user":	0.026199814061980936,
			"host_system":	0.089573290569182243,
			"remote_total":	0.16136709955961515,
			"remote_user":	0.012881249602804387,
			"remote_system":	0.14848584995681077
		},
		"sender_tcp_congestion":	"bbr",
		"receiver_tcp_congestion":	"bbr"
	}
}
