{
	"start":	{
		"connected":	[{
				"socket":	6,
				"local_host":	"192.168.101.210",
				"local_port":	45470,
				"remote_host":	"192.168.100.168",
				"remote_port":	5201
			}],
		"version":	"iperf 3.11",
		"system_info":	"Linux f1 6.0.10-300.fc37.x86_64 #1 SMP PREEMPT_DYNAMIC Sat Nov 26 16:55:13 UTC 2022 x86_64",
		"timestamp":	{
			"time":	"Fri, 09 Dec 2022 23:30:53 GMT",
			"timesecs":	1670628653
		},
		"connecting_to":	{
			"host":	"192.168.100.168",
			"port":	5201
		},
		"cookie":	"mmjsotkekkujrfjroiszwzl4qfljdzfjqfyj",
		"tcp_mss_default":	1448,
		"target_bitrate":	0,
		"sock_bufsize":	0,
		"sndbuf_actual":	16384,
		"rcvbuf_actual":	131072,
		"test_start":	{
			"protocol":	"TCP",
			"num_streams":	1,
			"blksize":	131072,
			"omit":	0,
			"duration":	10,
			"bytes":	0,
			"blocks":	0,
			"reverse":	0,
			"tos":	0,
			"target_bitrate":	0
		}
	},
	"intervals":	[{
			"streams":	[{
					"socket":	6,
					"start":	0,
					"end":	1.000076,
					"seconds":	1.0000760555267334,
					"bytes":	9961472,
					"bits_per_second":	79685715.4609375,
					"retransmits":	620,
					"snd_cwnd":	739928,
					"snd_wnd":	3143552,
					"rtt":	75122,
					"rttvar":	46,
					"pmtu":	1500,
					"omitted":	false,
					"sender":	true
				}],
			"sum":	{
				"start":	0,
				"end":	1.000076,
				"seconds":	1.0000760555267334,
				"bytes":	9961472,
				"bits_per_second":	79685715.4609375,
				"retransmits":	620,
				"omitted":	false,
				"sender":	true
			}
		}, {
			"streams":	[{
					"socket":	6,
					"start":	1.000076,
					"end":	2.000075,
					"seconds":	0.99999898672103882,
					"bytes":	7864320,
					"bits_per_second":	62914623.7500646,
					"retransmits":	45,
					"snd_cwnd":	563272,
					"snd_wnd":	3145728,
					"rtt":	75072,
					"rttvar":	12,
					"pmtu":	1500,
					"omitted":	false,
					"sender":	true
				}],
			"sum":	{
				"start":	1.000076,
				"end":	2.000075,
				"seconds":	0.99999898672103882,
				"bytes":	7864320,
				"bits_per_second":	62914623.7500646,
				"retransmits":	45,
				"omitted":	false,
				"sender":	true
			}
		}, {
			"streams":	[{
					"socket":	6,
					"start":	2.000075,
					"end":	3.000089,
					"seconds":	1.0000139474868774,
					"bytes":	7864320,
					"bits_per_second":	62913682.512238748,
					"retransmits":	0,
					"snd_cwnd":	603816,
					"snd_wnd":	3145728,
					"rtt":	75091,
					"rttvar":	20,
					"pmtu":	1500,
					"omitted":	false,
					"sender":	true
				}],
			"sum":	{
				"start":	2.000075,
				"end":	3.000089,
				"seconds":	1.0000139474868774,
				"bytes":	7864320,
				"bits_per_second":	62913682.512238748,
				"retransmits":	0,
				"omitted":	false,
				"sender":	true
			}
		}, {
			"streams":	[{
					"socket":	6,
					"start":	3.000089,
					"end":	4.000115,
					"seconds":	1.0000259876251221,
					"bytes":	7864320,
					"bits_per_second":	62912925.042488664,
					"retransmits":	0,
					"snd_cwnd":	629880,
					"snd_wnd":	3145728,
					"rtt":	75066,
					"rttvar":	6,
					"pmtu":	1500,
					"omitted":	false,
					"sender":	true
				}],
			"sum":	{
				"start":	3.000089,
				"end":	4.000115,
				"seconds":	1.0000259876251221,
				"bytes":	7864320,
				"bits_per_second":	62912925.042488664,
				"retransmits":	0,
				"omitted":	false,
				"sender":	true
			}
		}, {
			"streams":	[{
					"socket":	6,
					"start":	4.000115,
					"end":	5.000148,
					"seconds":	1.0000330209732056,
					"bytes":	7864320,
					"bits_per_second":	62912482.5685988,
					"retransmits":	0,
					"snd_cwnd":	644360,
					"snd_wnd":	3145728,
					"rtt":	75116,
					"rttvar":	24,
					"pmtu":	1500,
					"omitted":	false,
					"sender":	true
				}],
			"sum":	{
				"start":	4.000115,
				"end":	5.000148,
				"seconds":	1.0000330209732056,
				"bytes":	7864320,
				"bits_per_second":	62912482.5685988,
				"retransmits":	0,
				"omitted":	false,
				"sender":	true
			}
		}, {
			"streams":	[{
					"socket":	6,
					"start":	5.000148,
					"end":	6.000088,
					"seconds":	0.99993997812271118,
					"bytes":	9175040,
					"bits_per_second":	73404725.88944976,
					"retransmits":	0,
					"snd_cwnd":	650152,
					"snd_wnd":	3145728,
					"rtt":	75215,
					"rttvar":	90,
					"pmtu":	1500,
					"omitted":	false,
					"sender":	true
				}],
			"sum":	{
				"start":	5.000148,
				"end":	6.000088,
				"seconds":	0.99993997812271118,
				"bytes":	9175040,
				"bits_per_second":	73404725.88944976,
				"retransmits":	0,
				"omitted":	false,
				"sender":	true
			}
		}, {
			"streams":	[{
					"socket":	6,
					"start":	6.000088,
					"end":	7.000077,
					"seconds":	0.99998897314071655,
					"bytes":	9175040,
					"bits_per_second":	73401129.383924961,
					"retransmits":	0,
					"snd_cwnd":	650152,
					"snd_wnd":	3145728,
					"rtt":	75330,
					"rttvar":	240,
					"pmtu":	1500,
					"omitted":	false,
					"sender":	true
				}],
			"sum":	{
				"start":	6.000088,
				"end":	7.000077,
				"seconds":	0.99998897314071655,
				"bytes":	9175040,
				"bits_per_second":	73401129.383924961,
				"retransmits":	0,
				"omitted":	false,
				"sender":	true
			}
		}, {
			"streams":	[{
					"socket":	6,
					"start":	7.000077,
					"end":	8.000124,
					"seconds":	1.000046968460083,
					"bytes":	7864320,
					"bits_per_second":	62911605.13878528,
					"retransmits":	0,
					"snd_cwnd":	650152,
					"snd_wnd":	3145728,
					"rtt":	75217,
					"rttvar":	175,
					"pmtu":	1500,
					"omitted":	false,
					"sender":	true
				}],
			"sum":	{
				"start":	7.000077,
				"end":	8.000124,
				"seconds":	1.000046968460083,
				"bytes":	7864320,
				"bits_per_second":	62911605.13878528,
				"retransmits":	0,
				"omitted":	false,
				"sender":	true
			}
		}, {
			"streams":	[{
					"socket":	6,
					"start":	8.000124,
					"end":	9.000167,
					"seconds":	1.0000430345535278,
					"bytes":	7864320,
					"bits_per_second":	62911852.616511039,
					"retransmits":	0,
					"snd_cwnd":	653048,
					"snd_wnd":	3145728,
					"rtt":	75088,
					"rttvar":	10,
					"pmtu":	1500,
					"omitted":	false,
					"sender":	true
				}],
			"sum":	{
				"start":	8.000124,
				"end":	9.000167,
				"seconds":	1.0000430345535278,
				"bytes":	7864320,
				"bits_per_second":	62911852.616511039,
				"retransmits":	0,
				"omitted":	false,
				"sender":	true
			}
		}, {
			"streams":	[{
					"socket":	6,
					"start":	9.000167,
					"end":	10.000115,
					"seconds":	0.999948024749756,
					"bytes":	9175040,
					"bits_per_second":	73404135.1982959,
					"retransmits":	0,
					"snd_cwnd":	661736,
					"snd_wnd":	3145728,
					"rtt":	75076,
					"rttvar":	8,
					"pmtu":	1500,
					"omitted":	false,
					"sender":	true
				}],
			"sum":	{
				"start":	9.000167,
				"end":	10.000115,
				"seconds":	0.999948024749756,
				"bytes":	9175040,
				"bits_per_second":	73404135.1982959,
				"retransmits":	0,
				"omitted":	false,
				"sender":	true
			}
		}],
	"end":	{
		"streams":	[{
				"sender":	{
					"socket":	6,
					"start":	0,
					"end":	10.000115,
					"seconds":	10.000115,
					"bytes":	84672512,
					"bits_per_second":	67737230.621847853,
					"retransmits":	665,
					"max_snd_cwnd":	739928,
					"max_snd_wnd":	3145728,
					"max_rtt":	75330,
					"min_rtt":	75066,
					"mean_rtt":	75139,
					"sender":	true
				},
				"receiver":	{
					"socket":	6,
					"start":	0,
					"end":	10.075229,
					"seconds":	10.000115,
					"bytes":	82418712,
					"bits_per_second":	65442651.080188848,
					"sender":	true
				}
			}],
		"sum_sent":	{
			"start":	0,
			"end":	10.000115,
			"seconds":	10.000115,
			"bytes":	84672512,
			"bits_per_second":	67737230.621847853,
			"retransmits":	665,
			"sender":	true
		},
		"sum_received":	{
			"start":	0,
			"end":	10.075229,
			"seconds":	10.075229,
			"bytes":	82418712,
			"bits_per_second":	65442651.080188848,
			"sender":	true
		},
		"cpu_utilization_percent":	{
			"host_total":	0.9634410205438888,
			"host_user":	0.11784795652711197,
			"host_system":	0.84560277142670481,
			"remote_total":	0.9003949779881284,
			"remote_user":	0.067918943906574977,
			"remote_system":	0.83247603408155346
		},
		"sender_tcp_congestion":	"cubic",
		"receiver_tcp_congestion":	"cubic"
	}
}
