{
	"start":	{
		"connected":	[{
				"socket":	6,
				"local_host":	"192.168.101.210",
				"local_port":	40504,
				"remote_host":	"192.168.100.168",
				"remote_port":	5201
			}],
		"version":	"iperf 3.11",
		"system_info":	"Linux f1 6.0.10-300.fc37.x86_64 #1 SMP PREEMPT_DYNAMIC Sat Nov 26 16:55:13 UTC 2022 x86_64",
		"timestamp":	{
			"time":	"Fri, 09 Dec 2022 23:31:51 GMT",
			"timesecs":	1670628711
		},
		"connecting_to":	{
			"host":	"192.168.100.168",
			"port":	5201
		},
		"cookie":	"msak47pt47q6dj4egcttkxafqh3vkrmzsux3",
		"tcp_mss_default":	1448,
		"target_bitrate":	0,
		"sock_bufsize":	0,
		"sndbuf_actual":	16384,
		"rcvbuf_actual":	131072,
		"test_start":	{
			"protocol":	"TCP",
			"num_streams":	1,
			"blksize":	131072,
			"omit":	0,
			"duration":	10,
			"bytes":	0,
			"blocks":	0,
			"reverse":	0,
			"tos":	0,
			"target_bitrate":	0
		}
	},
	"intervals":	[{
			"streams":	[{
					"socket":	6,
					"start":	0,
					"end":	1.000128,
					"seconds":	1.0001280307769775,
					"bytes":	6291456,
					"bits_per_second":	50325204.8249247,
					"retransmits":	590,
					"snd_cwnd":	679112,
					"snd_wnd":	3029504,
					"rtt":	100143,
					"rttvar":	275,
					"pmtu":	1500,
					"omitted":	false,
					"sender":	true
				}],
			"sum":	{
				"start":	0,
				"end":	1.000128,
				"seconds":	1.0001280307769775,
				"bytes":	6291456,
				"bits_per_second":	50325204.8249247,
				"retransmits":	590,
				"omitted":	false,
				"sender":	true
			}
		}, {
			"streams":	[{
					"socket":	6,
					"start":	1.000128,
					"end":	2.000126,
					"seconds":	0.99999797344207764,
					"bytes":	7864320,
					"bits_per_second":	62914687.500258386,
					"retransmits":	242,
					"snd_cwnd":	561824,
					"snd_wnd":	3145728,
					"rtt":	100278,
					"rttvar":	295,
					"pmtu":	1500,
					"omitted":	false,
					"sender":	true
				}],
			"sum":	{
				"start":	1.000128,
				"end":	2.000126,
				"seconds":	0.99999797344207764,
				"bytes":	7864320,
				"bits_per_second":	62914687.500258386,
				"retransmits":	242,
				"omitted":	false,
				"sender":	true
			}
		}, {
			"streams":	[{
					"socket":	6,
					"start":	2.000126,
					"end":	3.000326,
					"seconds":	1.0002000331878662,
					"bytes":	3932160,
					"bits_per_second":	31450988.7584571,
					"retransmits":	44,
					"snd_cwnd":	434400,
					"snd_wnd":	3145728,
					"rtt":	100084,
					"rttvar":	29,
					"pmtu":	1500,
					"omitted":	false,
					"sender":	true
				}],
			"sum":	{
				"start":	2.000126,
				"end":	3.000326,
				"seconds":	1.0002000331878662,
				"bytes":	3932160,
				"bits_per_second":	31450988.7584571,
				"retransmits":	44,
				"omitted":	false,
				"sender":	true
			}
		}, {
			"streams":	[{
					"socket":	6,
					"start":	3.000326,
					"end":	4.000321,
					"seconds":	0.999994993209839,
					"bytes":	3932160,
					"bits_per_second":	31457437.500788573,
					"retransmits":	21,
					"snd_cwnd":	334488,
					"snd_wnd":	3145728,
					"rtt":	100093,
					"rttvar":	23,
					"pmtu":	1500,
					"omitted":	false,
					"sender":	true
				}],
			"sum":	{
				"start":	3.000326,
				"end":	4.000321,
				"seconds":	0.999994993209839,
				"bytes":	3932160,
				"bits_per_second":	31457437.500788573,
				"retransmits":	21,
				"omitted":	false,
				"sender":	true
			}
		}, {
			"streams":	[{
					"socket":	6,
					"start":	4.000321,
					"end":	5.000118,
					"seconds":	0.999796986579895,
					"bytes":	3932160,
					"bits_per_second":	31463667.546757713,
					"retransmits":	0,
					"snd_cwnd":	357656,
					"snd_wnd":	3145728,
					"rtt":	100078,
					"rttvar":	26,
					"pmtu":	1500,
					"omitted":	false,
					"sender":	true
				}],
			"sum":	{
				"start":	4.000321,
				"end":	5.000118,
				"seconds":	0.999796986579895,
				"bytes":	3932160,
				"bits_per_second":	31463667.546757713,
				"retransmits":	0,
				"omitted":	false,
				"sender":	true
			}
		}, {
			"streams":	[{
					"socket":	6,
					"start":	5.000118,
					"end":	6.000414,
					"seconds":	1.0002959966659546,
					"bytes":	2621440,
					"bits_per_second":	20965314.3368556,
					"retransmits":	0,
					"snd_cwnd":	369240,
					"snd_wnd":	3145728,
					"rtt":	100082,
					"rttvar":	26,
					"pmtu":	1500,
					"omitted":	false,
					"sender":	true
				}],
			"sum":	{
				"start":	5.000118,
				"end":	6.000414,
				"seconds":	1.0002959966659546,
				"bytes":	2621440,
				"bits_per_second":	20965314.3368556,
				"retransmits":	0,
				"omitted":	false,
				"sender":	true
			}
		}, {
			"streams":	[{
					"socket":	6,
					"start":	6.000414,
					"end":	7.000323,
					"seconds":	0.999908983707428,
					"bytes":	3932160,
					"bits_per_second":	31460143.385614742,
					"retransmits":	0,
					"snd_cwnd":	373584,
					"snd_wnd":	3145728,
					"rtt":	100071,
					"rttvar":	12,
					"pmtu":	1500,
					"omitted":	false,
					"sender":	true
				}],
			"sum":	{
				"start":	6.000414,
				"end":	7.000323,
				"seconds":	0.999908983707428,
				"bytes":	3932160,
				"bits_per_second":	31460143.385614742,
				"retransmits":	0,
				"omitted":	false,
				"sender":	true
			}
		}, {
			"streams":	[{
					"socket":	6,
					"start":	7.000323,
					"end":	8.00032,
					"seconds":	0.99999701976776123,
					"bytes":	3932160,
					"bits_per_second":	31457373.7502794,
					"retransmits":	0,
					"snd_cwnd":	373584,
					"snd_wnd":	3145728,
					"rtt":	100076,
					"rttvar":	12,
					"pmtu":	1500,
					"omitted":	false,
					"sender":	true
				}],
			"sum":	{
				"start":	7.000323,
				"end":	8.00032,
				"seconds":	0.99999701976776123,
				"bytes":	3932160,
				"bits_per_second":	31457373.7502794,
				"retransmits":	0,
				"omitted":	false,
				"sender":	true
			}
		}, {
			"streams":	[{
					"socket":	6,
					"start":	8.00032,
					"end":	9.00022,
					"seconds":	0.999899983406067,
					"bytes":	3932160,
					"bits_per_second":	31460426.564708684,
					"retransmits":	0,
					"snd_cwnd":	373584,
					"snd_wnd":	3145728,
					"rtt":	100101,
					"rttvar":	12,
					"pmtu":	1500,
					"omitted":	false,
					"sender":	true
				}],
			"sum":	{
				"start":	8.00032,
				"end":	9.00022,
				"seconds":	0.999899983406067,
				"bytes":	3932160,
				"bits_per_second":	31460426.564708684,
				"retransmits":	0,
				"omitted":	false,
				"sender":	true
			}
		}, {
			"streams":	[{
					"socket":	6,
					"start":	9.00022,
					"end":	10.000213,
					"seconds":	0.99999302625656128,
					"bytes":	3932160,
					"bits_per_second":	31457499.376529876,
					"retransmits":	0,
					"snd_cwnd":	377928,
					"snd_wnd":	3145728,
					"rtt":	100081,
					"rttvar":	24,
					"pmtu":	1500,
					"omitted":	false,
					"sender":	true
				}],
			"sum":	{
				"start":	9.00022,
				"end":	10.000213,
				"seconds":	0.99999302625656128,
				"bytes":	3932160,
				"bits_per_second":	31457499.376529876,
				"retransmits":	0,
				"omitted":	false,
				"sender":	true
			}
		}],
	"end":	{
		"streams":	[{
				"sender":	{
					"socket":	6,
					"start":	0,
					"end":	10.000213,
					"seconds":	10.000213,
					"bytes":	44302336,
					"bits_per_second":	35441113.904273838,
					"retransmits":	897,
					"max_snd_cwnd":	679112,
					"max_snd_wnd":	3145728,
					"max_rtt":	100278,
					"min_rtt":	100071,
					"mean_rtt":	100108,
					"sender":	true
				},
				"receiver":	{
					"socket":	6,
					"start":	0,
					"end":	10.100305,
					"seconds":	10.000213,
					"bytes":	41214424,
					"bits_per_second":	32644102.529577076,
					"sender":	true
				}
			}],
		"sum_sent":	{
			"start":	0,
			"end":	10.000213,
			"seconds":	10.000213,
			"bytes":	44302336,
			"bits_per_second":	35441113.904273838,
			"retransmits":	897,
			"sender":	true
		},
		"sum_received":	{
			"start":	0,
			"end":	10.100305,
			"seconds":	10.100305,
			"bytes":	41214424,
			"bits_per_second":	32644102.529577076,
			"sender":	true
		},
		"cpu_utilization_percent":	{
			"host_total":	1.0987647068946504,
			"host_user":	0.13914340615713178,
			"host_system":	0.95962130073751861,
			"remote_total":	0.618623964389247,
			"remote_user":	0.025781361382609658,
			"remote_system":	0.59283270233022323
		},
		"sender_tcp_congestion":	"cubic",
		"receiver_tcp_congestion":	"cubic"
	}
}
