{
	"start":	{
		"connected":	[{
				"socket":	6,
				"local_host":	"192.168.101.210",
				"local_port":	58204,
				"remote_host":	"192.168.100.168",
				"remote_port":	5201
			}],
		"version":	"iperf 3.11",
		"system_info":	"Linux f1 6.0.10-300.fc37.x86_64 #1 SMP PREEMPT_DYNAMIC Sat Nov 26 16:55:13 UTC 2022 x86_64",
		"timestamp":	{
			"time":	"Fri, 09 Dec 2022 23:32:15 GMT",
			"timesecs":	1670628735
		},
		"connecting_to":	{
			"host":	"192.168.100.168",
			"port":	5201
		},
		"cookie":	"kvldkbasz5pyfebzmkzbay2nm5wwpa2vaqqo",
		"tcp_mss_default":	1448,
		"target_bitrate":	0,
		"sock_bufsize":	0,
		"sndbuf_actual":	16384,
		"rcvbuf_actual":	131072,
		"test_start":	{
			"protocol":	"TCP",
			"num_streams":	1,
			"blksize":	131072,
			"omit":	0,
			"duration":	10,
			"bytes":	0,
			"blocks":	0,
			"reverse":	0,
			"tos":	0,
			"target_bitrate":	0
		}
	},
	"intervals":	[{
			"streams":	[{
					"socket":	6,
					"start":	0,
					"end":	1.000083,
					"seconds":	1.0000829696655273,
					"bytes":	10616832,
					"bits_per_second":	84927609.58463873,
					"retransmits":	0,
					"snd_cwnd":	6614464,
					"snd_wnd":	3143552,
					"rtt":	121345,
					"rttvar":	527,
					"pmtu":	1500,
					"omitted":	false,
					"sender":	true
				}],
			"sum":	{
				"start":	0,
				"end":	1.000083,
				"seconds":	1.0000829696655273,
				"bytes":	10616832,
				"bits_per_second":	84927609.58463873,
				"retransmits":	0,
				"omitted":	false,
				"sender":	true
			}
		}, {
			"streams":	[{
					"socket":	6,
					"start":	1.000083,
					"end":	2.000077,
					"seconds":	0.99999397993087769,
					"bytes":	30146560,
					"bits_per_second":	241173931.88374045,
					"retransmits":	0,
					"snd_cwnd":	6614464,
					"snd_wnd":	3143552,
					"rtt":	103216,
					"rttvar":	1148,
					"pmtu":	1500,
					"omitted":	false,
					"sender":	true
				}],
			"sum":	{
				"start":	1.000083,
				"end":	2.000077,
				"seconds":	0.99999397993087769,
				"bytes":	30146560,
				"bits_per_second":	241173931.88374045,
				"retransmits":	0,
				"omitted":	false,
				"sender":	true
			}
		}, {
			"streams":	[{
					"socket":	6,
					"start":	2.000077,
					"end":	3.000076,
					"seconds":	0.99999898672103882,
					"bytes":	30146560,
					"bits_per_second":	241172724.37524763,
					"retransmits":	0,
					"snd_cwnd":	6614464,
					"snd_wnd":	3143552,
					"rtt":	100541,
					"rttvar":	242,
					"pmtu":	1500,
					"omitted":	false,
					"sender":	true
				}],
			"sum":	{
				"start":	2.000077,
				"end":	3.000076,
				"seconds":	0.99999898672103882,
				"bytes":	30146560,
				"bits_per_second":	241172724.37524763,
				"retransmits":	0,
				"omitted":	false,
				"sender":	true
			}
		}, {
			"streams":	[{
					"socket":	6,
					"start":	3.000076,
					"end":	4.000746,
					"seconds":	1.0006699562072754,
					"bytes":	30146560,
					"bits_per_second":	241011013.1757012,
					"retransmits":	0,
					"snd_cwnd":	6614464,
					"snd_wnd":	3143552,
					"rtt":	101283,
					"rttvar":	1252,
					"pmtu":	1500,
					"omitted":	false,
					"sender":	true
				}],
			"sum":	{
				"start":	3.000076,
				"end":	4.000746,
				"seconds":	1.0006699562072754,
				"bytes":	30146560,
				"bits_per_second":	241011013.1757012,
				"retransmits":	0,
				"omitted":	false,
				"sender":	true
			}
		}, {
			"streams":	[{
					"socket":	6,
					"start":	4.000746,
					"end":	5.000098,
					"seconds":	0.999351978302002,
					"bytes":	28835840,
					"bits_per_second":	230836306.93558,
					"retransmits":	0,
					"snd_cwnd":	6614464,
					"snd_wnd":	3143552,
					"rtt":	101329,
					"rttvar":	1585,
					"pmtu":	1500,
					"omitted":	false,
					"sender":	true
				}],
			"sum":	{
				"start":	4.000746,
				"end":	5.000098,
				"seconds":	0.999351978302002,
				"bytes":	28835840,
				"bits_per_second":	230836306.93558,
				"retransmits":	0,
				"omitted":	false,
				"sender":	true
			}
		}, {
			"streams":	[{
					"socket":	6,
					"start":	5.000098,
					"end":	6.00007,
					"seconds":	0.99997198581695557,
					"bytes":	30146560,
					"bits_per_second":	241179236.43927613,
					"retransmits":	0,
					"snd_cwnd":	6614464,
					"snd_wnd":	3143552,
					"rtt":	103701,
					"rttvar":	1241,
					"pmtu":	1500,
					"omitted":	false,
					"sender":	true
				}],
			"sum":	{
				"start":	5.000098,
				"end":	6.00007,
				"seconds":	0.99997198581695557,
				"bytes":	30146560,
				"bits_per_second":	241179236.43927613,
				"retransmits":	0,
				"omitted":	false,
				"sender":	true
			}
		}, {
			"streams":	[{
					"socket":	6,
					"start":	6.00007,
					"end":	7.00007,
					"seconds":	1,
					"bytes":	30146560,
					"bits_per_second":	241172480,
					"retransmits":	0,
					"snd_cwnd":	6614464,
					"snd_wnd":	3143552,
					"rtt":	100371,
					"rttvar":	245,
					"pmtu":	1500,
					"omitted":	false,
					"sender":	true
				}],
			"sum":	{
				"start":	6.00007,
				"end":	7.00007,
				"seconds":	1,
				"bytes":	30146560,
				"bits_per_second":	241172480,
				"retransmits":	0,
				"omitted":	false,
				"sender":	true
			}
		}, {
			"streams":	[{
					"socket":	6,
					"start":	7.00007,
					"end":	8.00008,
					"seconds":	1.0000100135803223,
					"bytes":	30146560,
					"bits_per_second":	241170065.02418256,
					"retransmits":	0,
					"snd_cwnd":	6614464,
					"snd_wnd":	3143552,
					"rtt":	102023,
					"rttvar":	1273,
					"pmtu":	1500,
					"omitted":	false,
					"sender":	true
				}],
			"sum":	{
				"start":	7.00007,
				"end":	8.00008,
				"seconds":	1.0000100135803223,
				"bytes":	30146560,
				"bits_per_second":	241170065.02418256,
				"retransmits":	0,
				"omitted":	false,
				"sender":	true
			}
		}, {
			"streams":	[{
					"socket":	6,
					"start":	8.00008,
					"end":	9.00009,
					"seconds":	1.0000100135803223,
					"bytes":	28835840,
					"bits_per_second":	230684410.02313113,
					"retransmits":	0,
					"snd_cwnd":	6614464,
					"snd_wnd":	3143552,
					"rtt":	102817,
					"rttvar":	1421,
					"pmtu":	1500,
					"omitted":	false,
					"sender":	true
				}],
			"sum":	{
				"start":	8.00008,
				"end":	9.00009,
				"seconds":	1.0000100135803223,
				"bytes":	28835840,
				"bits_per_second":	230684410.02313113,
				"retransmits":	0,
				"omitted":	false,
				"sender":	true
			}
		}, {
			"streams":	[{
					"socket":	6,
					"start":	9.00009,
					"end":	10.000082,
					"seconds":	0.9999920129776,
					"bytes":	30146560,
					"bits_per_second":	241174406.26538512,
					"retransmits":	0,
					"snd_cwnd":	6614464,
					"snd_wnd":	3143552,
					"rtt":	102685,
					"rttvar":	1230,
					"pmtu":	1500,
					"omitted":	false,
					"sender":	true
				}],
			"sum":	{
				"start":	9.00009,
				"end":	10.000082,
				"seconds":	0.9999920129776,
				"bytes":	30146560,
				"bits_per_second":	241174406.26538512,
				"retransmits":	0,
				"omitted":	false,
				"sender":	true
			}
		}],
	"end":	{
		"streams":	[{
				"sender":	{
					"socket":	6,
					"start":	0,
					"end":	10.000082,
					"seconds":	10.000082,
					"bytes":	279314432,
					"bits_per_second":	223449713.31235081,
					"retransmits":	0,
					"max_snd_cwnd":	6614464,
					"max_snd_wnd":	3143552,
					"max_rtt":	121345,
					"min_rtt":	100371,
					"mean_rtt":	103931,
					"sender":	true
				},
				"receiver":	{
					"socket":	6,
					"start":	0,
					"end":	10.105257,
					"seconds":	10.000082,
					"bytes":	279111432,
					"bits_per_second":	220963351.64954242,
					"sender":	true
				}
			}],
		"sum_sent":	{
			"start":	0,
			"end":	10.000082,
			"seconds":	10.000082,
			"bytes":	279314432,
			"bits_per_second":	223449713.31235081,
			"retransmits":	0,
			"sender":	true
		},
		"sum_received":	{
			"start":	0,
			"end":	10.105257,
			"seconds":	10.105257,
			"bytes":	279111432,
			"bits_per_second":	220963351.64954242,
			"sender":	true
		},
		"cpu_utilization_percent":	{
			"host_total":	2.1438686063527324,
			"host_user":	0.1921746305837142,
			"host_system":	1.951703589788258,
			"remote_total":	1.2004428184063545,
			"remote_user":	0.061601514694657862,
			"remote_system":	1.1388413037116967
		},
		"sender_tcp_congestion":	"cubic",
		"receiver_tcp_congestion":	"cubic"
	}
}
