{
	"start":	{
		"connected":	[{
				"socket":	6,
				"local_host":	"192.168.101.210",
				"local_port":	50000,
				"remote_host":	"192.168.100.168",
				"remote_port":	5202
			}],
		"version":	"iperf 3.11",
		"system_info":	"Linux f1 6.0.10-300.fc37.x86_64 #1 SMP PREEMPT_DYNAMIC Sat Nov 26 16:55:13 UTC 2022 x86_64",
		"timestamp":	{
			"time":	"Fri, 09 Dec 2022 23:31:28 GMT",
			"timesecs":	1670628688
		},
		"connecting_to":	{
			"host":	"192.168.100.168",
			"port":	5202
		},
		"cookie":	"cx52dg5aiof26ol6jiwtibjmq6jvng57yf4g",
		"tcp_mss_default":	1448,
		"target_bitrate":	0,
		"sock_bufsize":	0,
		"sndbuf_actual":	16384,
		"rcvbuf_actual":	131072,
		"test_start":	{
			"protocol":	"TCP",
			"num_streams":	1,
			"blksize":	131072,
			"omit":	0,
			"duration":	10,
			"bytes":	0,
			"blocks":	0,
			"reverse":	0,
			"tos":	0,
			"target_bitrate":	0
		}
	},
	"intervals":	[{
			"streams":	[{
					"socket":	6,
					"start":	0,
					"end":	1.000075,
					"seconds":	1.0000749826431274,
					"bytes":	15728640,
					"bits_per_second":	125819685.70740819,
					"retransmits":	0,
					"snd_cwnd":	6948952,
					"snd_wnd":	3143552,
					"rtt":	101564,
					"rttvar":	941,
					"pmtu":	1500,
					"omitted":	false,
					"sender":	true
				}],
			"sum":	{
				"start":	0,
				"end":	1.000075,
				"seconds":	1.0000749826431274,
				"bytes":	15728640,
				"bits_per_second":	125819685.70740819,
				"retransmits":	0,
				"omitted":	false,
				"sender":	true
			}
		}, {
			"streams":	[{
					"socket":	6,
					"start":	1.000075,
					"end":	2.000071,
					"seconds":	0.9999960064888,
					"bytes":	30146560,
					"bits_per_second":	241173443.12884626,
					"retransmits":	0,
					"snd_cwnd":	7014112,
					"snd_wnd":	3143552,
					"rtt":	98119,
					"rttvar":	1094,
					"pmtu":	1500,
					"omitted":	false,
					"sender":	true
				}],
			"sum":	{
				"start":	1.000075,
				"end":	2.000071,
				"seconds":	0.9999960064888,
				"bytes":	30146560,
				"bits_per_second":	241173443.12884626,
				"retransmits":	0,
				"omitted":	false,
				"sender":	true
			}
		}, {
			"streams":	[{
					"socket":	6,
					"start":	2.000071,
					"end":	3.00067,
					"seconds":	1.0005990266799927,
					"bytes":	30146560,
					"bits_per_second":	241028097.73882657,
					"retransmits":	0,
					"snd_cwnd":	7014112,
					"snd_wnd":	3143552,
					"rtt":	103350,
					"rttvar":	1977,
					"pmtu":	1500,
					"omitted":	false,
					"sender":	true
				}],
			"sum":	{
				"start":	2.000071,
				"end":	3.00067,
				"seconds":	1.0005990266799927,
				"bytes":	30146560,
				"bits_per_second":	241028097.73882657,
				"retransmits":	0,
				"omitted":	false,
				"sender":	true
			}
		}, {
			"streams":	[{
					"socket":	6,
					"start":	3.00067,
					"end":	4.000087,
					"seconds":	0.999417006969452,
					"bytes":	28835840,
					"bits_per_second":	230821287.20174074,
					"retransmits":	0,
					"snd_cwnd":	7014112,
					"snd_wnd":	3143552,
					"rtt":	102284,
					"rttvar":	1617,
					"pmtu":	1500,
					"omitted":	false,
					"sender":	true
				}],
			"sum":	{
				"start":	3.00067,
				"end":	4.000087,
				"seconds":	0.999417006969452,
				"bytes":	28835840,
				"bits_per_second":	230821287.20174074,
				"retransmits":	0,
				"omitted":	false,
				"sender":	true
			}
		}, {
			"streams":	[{
					"socket":	6,
					"start":	4.000087,
					"end":	5.000079,
					"seconds":	0.9999920129776,
					"bytes":	30146560,
					"bits_per_second":	241174406.26538512,
					"retransmits":	0,
					"snd_cwnd":	7014112,
					"snd_wnd":	3143552,
					"rtt":	102515,
					"rttvar":	1505,
					"pmtu":	1500,
					"omitted":	false,
					"sender":	true
				}],
			"sum":	{
				"start":	4.000087,
				"end":	5.000079,
				"seconds":	0.9999920129776,
				"bytes":	30146560,
				"bits_per_second":	241174406.26538512,
				"retransmits":	0,
				"omitted":	false,
				"sender":	true
			}
		}, {
			"streams":	[{
					"socket":	6,
					"start":	5.000079,
					"end":	6.000076,
					"seconds":	0.99999701976776123,
					"bytes":	30146560,
					"bits_per_second":	241173198.752142,
					"retransmits":	0,
					"snd_cwnd":	7014112,
					"snd_wnd":	3143552,
					"rtt":	98966,
					"rttvar":	2233,
					"pmtu":	1500,
					"omitted":	false,
					"sender":	true
				}],
			"sum":	{
				"start":	5.000079,
				"end":	6.000076,
				"seconds":	0.99999701976776123,
				"bytes":	30146560,
				"bits_per_second":	241173198.752142,
				"retransmits":	0,
				"omitted":	false,
				"sender":	true
			}
		}, {
			"streams":	[{
					"socket":	6,
					"start":	6.000076,
					"end":	7.000067,
					"seconds":	0.999990999698639,
					"bytes":	30146560,
					"bits_per_second":	241174650.64453647,
					"retransmits":	0,
					"snd_cwnd":	7014112,
					"snd_wnd":	3143552,
					"rtt":	101609,
					"rttvar":	1255,
					"pmtu":	1500,
					"omitted":	false,
					"sender":	true
				}],
			"sum":	{
				"start":	6.000076,
				"end":	7.000067,
				"seconds":	0.999990999698639,
				"bytes":	30146560,
				"bits_per_second":	241174650.64453647,
				"retransmits":	0,
				"omitted":	false,
				"sender":	true
			}
		}, {
			"streams":	[{
					"socket":	6,
					"start":	7.000067,
					"end":	8.000113,
					"seconds":	1.0000460147857666,
					"bytes":	28835840,
					"bits_per_second":	230676105.48842448,
					"retransmits":	0,
					"snd_cwnd":	7014112,
					"snd_wnd":	3143552,
					"rtt":	101867,
					"rttvar":	764,
					"pmtu":	1500,
					"omitted":	false,
					"sender":	true
				}],
			"sum":	{
				"start":	7.000067,
				"end":	8.000113,
				"seconds":	1.0000460147857666,
				"bytes":	28835840,
				"bits_per_second":	230676105.48842448,
				"retransmits":	0,
				"omitted":	false,
				"sender":	true
			}
		}, {
			"streams":	[{
					"socket":	6,
					"start":	8.000113,
					"end":	9.000074,
					"seconds":	0.999961018562317,
					"bytes":	30146560,
					"bits_per_second":	241181881.61648852,
					"retransmits":	0,
					"snd_cwnd":	7014112,
					"snd_wnd":	3143552,
					"rtt":	102555,
					"rttvar":	1574,
					"pmtu":	1500,
					"omitted":	false,
					"sender":	true
				}],
			"sum":	{
				"start":	8.000113,
				"end":	9.000074,
				"seconds":	0.999961018562317,
				"bytes":	30146560,
				"bits_per_second":	241181881.61648852,
				"retransmits":	0,
				"omitted":	false,
				"sender":	true
			}
		}, {
			"streams":	[{
					"socket":	6,
					"start":	9.000074,
					"end":	10.000084,
					"seconds":	1.0000100135803223,
					"bytes":	30146560,
					"bits_per_second":	241170065.02418256,
					"retransmits":	0,
					"snd_cwnd":	7014112,
					"snd_wnd":	3143552,
					"rtt":	98948,
					"rttvar":	2214,
					"pmtu":	1500,
					"omitted":	false,
					"sender":	true
				}],
			"sum":	{
				"start":	9.000074,
				"end":	10.000084,
				"seconds":	1.0000100135803223,
				"bytes":	30146560,
				"bits_per_second":	241170065.02418256,
				"retransmits":	0,
				"omitted":	false,
				"sender":	true
			}
		}],
	"end":	{
		"streams":	[{
				"sender":	{
					"socket":	6,
					"start":	0,
					"end":	10.000084,
					"seconds":	10.000084,
					"bytes":	284426240,
					"bits_per_second":	227539080.67172238,
					"retransmits":	0,
					"max_snd_cwnd":	7014112,
					"max_snd_wnd":	3143552,
					"max_rtt":	103350,
					"min_rtt":	98119,
					"mean_rtt":	101177,
					"sender":	true
				},
				"receiver":	{
					"socket":	6,
					"start":	0,
					"end":	10.097048,
					"seconds":	10.000084,
					"bytes":	284425680,
					"bits_per_second":	225353533.032625,
					"sender":	true
				}
			}],
		"sum_sent":	{
			"start":	0,
			"end":	10.000084,
			"seconds":	10.000084,
			"bytes":	284426240,
			"bits_per_second":	227539080.67172238,
			"retransmits":	0,
			"sender":	true
		},
		"sum_received":	{
			"start":	0,
			"end":	10.097048,
			"seconds":	10.097048,
			"bytes":	284425680,
			"bits_per_second":	225353533.032625,
			"sender":	true
		},
		"cpu_utilization_percent":	{
			"host_total":	2.2037200729282929,
			"host_user":	0.1141082000064844,
			"host_system":	2.0896215801272535,
			"remote_total":	1.2735283695283361,
			"remote_user":	0.085648642882991954,
			"remote_system":	1.187869822778221
		},
		"sender_tcp_congestion":	"bbr",
		"receiver_tcp_congestion":	"bbr"
	}
}
