{
	"start":	{
		"connected":	[{
				"socket":	6,
				"local_host":	"192.168.101.210",
				"local_port":	56204,
				"remote_host":	"192.168.100.168",
				"remote_port":	5201
			}],
		"version":	"iperf 3.11",
		"system_info":	"Linux f1 6.0.10-300.fc37.x86_64 #1 SMP PREEMPT_DYNAMIC Sat Nov 26 16:55:13 UTC 2022 x86_64",
		"timestamp":	{
			"time":	"Fri, 09 Dec 2022 23:33:30 GMT",
			"timesecs":	1670628810
		},
		"connecting_to":	{
			"host":	"192.168.100.168",
			"port":	5201
		},
		"cookie":	"b5pwjq22ys4rpq2eta5xl45rspbzae6lg4vw",
		"tcp_mss_default":	1448,
		"target_bitrate":	0,
		"sock_bufsize":	0,
		"sndbuf_actual":	16384,
		"rcvbuf_actual":	131072,
		"test_start":	{
			"protocol":	"TCP",
			"num_streams":	1,
			"blksize":	131072,
			"omit":	0,
			"duration":	10,
			"bytes":	0,
			"blocks":	0,
			"reverse":	0,
			"tos":	0,
			"target_bitrate":	0
		}
	},
	"intervals":	[{
			"streams":	[{
					"socket":	6,
					"start":	0,
					"end":	1.000139,
					"seconds":	1.0001389980316162,
					"bytes":	4194304,
					"bits_per_second":	33549768.64819672,
					"retransmits":	0,
					"snd_cwnd":	926720,
					"snd_wnd":	1604608,
					"rtt":	150128,
					"rttvar":	14,
					"pmtu":	1500,
					"omitted":	false,
					"sender":	true
				}],
			"sum":	{
				"start":	0,
				"end":	1.000139,
				"seconds":	1.0001389980316162,
				"bytes":	4194304,
				"bits_per_second":	33549768.64819672,
				"retransmits":	0,
				"omitted":	false,
				"sender":	true
			}
		}, {
			"streams":	[{
					"socket":	6,
					"start":	1.000139,
					"end":	2.000071,
					"seconds":	0.99993199110031128,
					"bytes":	18350080,
					"bits_per_second":	146810624.42903,
					"retransmits":	0,
					"snd_cwnd":	6497176,
					"snd_wnd":	3143552,
					"rtt":	153711,
					"rttvar":	828,
					"pmtu":	1500,
					"omitted":	false,
					"sender":	true
				}],
			"sum":	{
				"start":	1.000139,
				"end":	2.000071,
				"seconds":	0.99993199110031128,
				"bytes":	18350080,
				"bits_per_second":	146810624.42903,
				"retransmits":	0,
				"omitted":	false,
				"sender":	true
			}
		}, {
			"streams":	[{
					"socket":	6,
					"start":	2.000071,
					"end":	3.000131,
					"seconds":	1.000059962272644,
					"bytes":	18350080,
					"bits_per_second":	146791838.02778625,
					"retransmits":	0,
					"snd_cwnd":	6497176,
					"snd_wnd":	3143552,
					"rtt":	152439,
					"rttvar":	1434,
					"pmtu":	1500,
					"omitted":	false,
					"sender":	true
				}],
			"sum":	{
				"start":	2.000071,
				"end":	3.000131,
				"seconds":	1.000059962272644,
				"bytes":	18350080,
				"bits_per_second":	146791838.02778625,
				"retransmits":	0,
				"omitted":	false,
				"sender":	true
			}
		}, {
			"streams":	[{
					"socket":	6,
					"start":	3.000131,
					"end":	4.000084,
					"seconds":	0.99995297193527222,
					"bytes":	20971520,
					"bits_per_second":	167780050.37106889,
					"retransmits":	0,
					"snd_cwnd":	6497176,
					"snd_wnd":	3143552,
					"rtt":	150108,
					"rttvar":	29,
					"pmtu":	1500,
					"omitted":	false,
					"sender":	true
				}],
			"sum":	{
				"start":	3.000131,
				"end":	4.000084,
				"seconds":	0.99995297193527222,
				"bytes":	20971520,
				"bits_per_second":	167780050.37106889,
				"retransmits":	0,
				"omitted":	false,
				"sender":	true
			}
		}, {
			"streams":	[{
					"socket":	6,
					"start":	4.000084,
					"end":	5.000078,
					"seconds":	0.99999397993087769,
					"bytes":	19660800,
					"bits_per_second":	157287346.88070029,
					"retransmits":	0,
					"snd_cwnd":	6497176,
					"snd_wnd":	3143552,
					"rtt":	150110,
					"rttvar":	16,
					"pmtu":	1500,
					"omitted":	false,
					"sender":	true
				}],
			"sum":	{
				"start":	4.000084,
				"end":	5.000078,
				"seconds":	0.99999397993087769,
				"bytes":	19660800,
				"bits_per_second":	157287346.88070029,
				"retransmits":	0,
				"omitted":	false,
				"sender":	true
			}
		}, {
			"streams":	[{
					"socket":	6,
					"start":	5.000078,
					"end":	6.000094,
					"seconds":	1.0000159740448,
					"bytes":	20971520,
					"bits_per_second":	167769480.04280975,
					"retransmits":	0,
					"snd_cwnd":	6497176,
					"snd_wnd":	3143552,
					"rtt":	150212,
					"rttvar":	74,
					"pmtu":	1500,
					"omitted":	false,
					"sender":	true
				}],
			"sum":	{
				"start":	5.000078,
				"end":	6.000094,
				"seconds":	1.0000159740448,
				"bytes":	20971520,
				"bits_per_second":	167769480.04280975,
				"retransmits":	0,
				"omitted":	false,
				"sender":	true
			}
		}, {
			"streams":	[{
					"socket":	6,
					"start":	6.000094,
					"end":	7.000085,
					"seconds":	0.999990999698639,
					"bytes":	20971520,
					"bits_per_second":	167773670.01359057,
					"retransmits":	0,
					"snd_cwnd":	6497176,
					"snd_wnd":	3143552,
					"rtt":	155581,
					"rttvar":	1853,
					"pmtu":	1500,
					"omitted":	false,
					"sender":	true
				}],
			"sum":	{
				"start":	6.000094,
				"end":	7.000085,
				"seconds":	0.999990999698639,
				"bytes":	20971520,
				"bits_per_second":	167773670.01359057,
				"retransmits":	0,
				"omitted":	false,
				"sender":	true
			}
		}, {
			"streams":	[{
					"socket":	6,
					"start":	7.000085,
					"end":	8.000254,
					"seconds":	1.000169038772583,
					"bytes":	19660800,
					"bits_per_second":	157259816.99355879,
					"retransmits":	0,
					"snd_cwnd":	6497176,
					"snd_wnd":	3143552,
					"rtt":	150617,
					"rttvar":	671,
					"pmtu":	1500,
					"omitted":	false,
					"sender":	true
				}],
			"sum":	{
				"start":	7.000085,
				"end":	8.000254,
				"seconds":	1.000169038772583,
				"bytes":	19660800,
				"bits_per_second":	157259816.99355879,
				"retransmits":	0,
				"omitted":	false,
				"sender":	true
			}
		}, {
			"streams":	[{
					"socket":	6,
					"start":	8.000254,
					"end":	9.000092,
					"seconds":	0.99983799457550049,
					"bytes":	19660800,
					"bits_per_second":	157311885.37876961,
					"retransmits":	0,
					"snd_cwnd":	6497176,
					"snd_wnd":	3112576,
					"rtt":	150116,
					"rttvar":	54,
					"pmtu":	1500,
					"omitted":	false,
					"sender":	true
				}],
			"sum":	{
				"start":	8.000254,
				"end":	9.000092,
				"seconds":	0.99983799457550049,
				"bytes":	19660800,
				"bits_per_second":	157311885.37876961,
				"retransmits":	0,
				"omitted":	false,
				"sender":	true
			}
		}, {
			"streams":	[{
					"socket":	6,
					"start":	9.000092,
					"end":	10.000095,
					"seconds":	1.0000029802322388,
					"bytes":	20971520,
					"bits_per_second":	167771660.00149012,
					"retransmits":	0,
					"snd_cwnd":	6497176,
					"snd_wnd":	3143552,
					"rtt":	150200,
					"rttvar":	193,
					"pmtu":	1500,
					"omitted":	false,
					"sender":	true
				}],
			"sum":	{
				"start":	9.000092,
				"end":	10.000095,
				"seconds":	1.0000029802322388,
				"bytes":	20971520,
				"bits_per_second":	167771660.00149012,
				"retransmits":	0,
				"omitted":	false,
				"sender":	true
			}
		}],
	"end":	{
		"streams":	[{
				"sender":	{
					"socket":	6,
					"start":	0,
					"end":	10.000095,
					"seconds":	10.000095,
					"bytes":	183762944,
					"bits_per_second":	147008958.61489317,
					"retransmits":	0,
					"max_snd_cwnd":	6497176,
					"max_snd_wnd":	3143552,
					"max_rtt":	155581,
					"min_rtt":	150108,
					"mean_rtt":	151322,
					"sender":	true
				},
				"receiver":	{
					"socket":	6,
					"start":	0,
					"end":	10.150612,
					"seconds":	10.000095,
					"bytes":	183429344,
					"bits_per_second":	144566135.716743,
					"sender":	true
				}
			}],
		"sum_sent":	{
			"start":	0,
			"end":	10.000095,
			"seconds":	10.000095,
			"bytes":	183762944,
			"bits_per_second":	147008958.61489317,
			"retransmits":	0,
			"sender":	true
		},
		"sum_received":	{
			"start":	0,
			"end":	10.150612,
			"seconds":	10.150612,
			"bytes":	183429344,
			"bits_per_second":	144566135.716743,
			"sender":	true
		},
		"cpu_utilization_percent":	{
			"host_total":	1.64339449665036,
			"host_user":	0.2436401837550132,
			"host_system":	1.3997637457105452,
			"remote_total":	0.57347179436153228,
			"remote_user":	0.067197799545446926,
			"remote_system":	0.50627399481608526
		},
		"sender_tcp_congestion":	"cubic",
		"receiver_tcp_congestion":	"cubic"
	}
}
