{
	"start":	{
		"connected":	[{
				"socket":	6,
				"local_host":	"192.168.101.210",
				"local_port":	55350,
				"remote_host":	"192.168.100.168",
				"remote_port":	5202
			}],
		"version":	"iperf 3.11",
		"system_info":	"Linux f1 6.0.10-300.fc37.x86_64 #1 SMP PREEMPT_DYNAMIC Sat Nov 26 16:55:13 UTC 2022 x86_64",
		"timestamp":	{
			"time":	"Fri, 09 Dec 2022 23:10:36 GMT",
			"timesecs":	1670627436
		},
		"connecting_to":	{
			"host":	"192.168.100.168",
			"port":	5202
		},
		"cookie":	"ogizbzfquurdqmf5hdbb7lkwf3ucwqe3rbq5",
		"tcp_mss_default":	1448,
		"target_bitrate":	0,
		"sock_bufsize":	0,
		"sndbuf_actual":	16384,
		"rcvbuf_actual":	131072,
		"test_start":	{
			"protocol":	"TCP",
			"num_streams":	1,
			"blksize":	131072,
			"omit":	0,
			"duration":	10,
			"bytes":	0,
			"blocks":	0,
			"reverse":	0,
			"tos":	0,
			"target_bitrate":	0
		}
	},
	"intervals":	[{
			"streams":	[{
					"socket":	6,
					"start":	0,
					"end":	1.000076,
					"seconds":	1.0000760555267334,
					"bytes":	1789728,
					"bits_per_second":	14316735.133168343,
					"retransmits":	0,
					"snd_cwnd":	209960,
					"snd_wnd":	337792,
					"rtt":	200117,
					"rttvar":	34,
					"pmtu":	1500,
					"omitted":	false,
					"sender":	true
				}],
			"sum":	{
				"start":	0,
				"end":	1.000076,
				"seconds":	1.0000760555267334,
				"bytes":	1789728,
				"bits_per_second":	14316735.133168343,
				"retransmits":	0,
				"omitted":	false,
				"sender":	true
			}
		}, {
			"streams":	[{
					"socket":	6,
					"start":	1.000076,
					"end":	2.000066,
					"seconds":	0.99998998641967773,
					"bytes":	4632800,
					"bits_per_second":	37062771.131035686,
					"retransmits":	403,
					"snd_cwnd":	1831720,
					"snd_wnd":	2553984,
					"rtt":	209463,
					"rttvar":	313,
					"pmtu":	1500,
					"omitted":	false,
					"sender":	true
				}],
			"sum":	{
				"start":	1.000076,
				"end":	2.000066,
				"seconds":	0.99998998641967773,
				"bytes":	4632800,
				"bits_per_second":	37062771.131035686,
				"retransmits":	403,
				"omitted":	false,
				"sender":	true
			}
		}, {
			"streams":	[{
					"socket":	6,
					"start":	2.000066,
					"end":	3.000099,
					"seconds":	1.0000330209732056,
					"bytes":	5242880,
					"bits_per_second":	41941655.045732535,
					"retransmits":	1919,
					"snd_cwnd":	2429744,
					"snd_wnd":	2899968,
					"rtt":	212624,
					"rttvar":	1770,
					"pmtu":	1500,
					"omitted":	false,
					"sender":	true
				}],
			"sum":	{
				"start":	2.000066,
				"end":	3.000099,
				"seconds":	1.0000330209732056,
				"bytes":	5242880,
				"bits_per_second":	41941655.045732535,
				"retransmits":	1919,
				"omitted":	false,
				"sender":	true
			}
		}, {
			"streams":	[{
					"socket":	6,
					"start":	3.000099,
					"end":	4.000167,
					"seconds":	1.0000679492950439,
					"bytes":	5242880,
					"bits_per_second":	41940190.193642333,
					"retransmits":	782,
					"snd_cwnd":	2426848,
					"snd_wnd":	3145728,
					"rtt":	200089,
					"rttvar":	8,
					"pmtu":	1500,
					"omitted":	false,
					"sender":	true
				}],
			"sum":	{
				"start":	3.000099,
				"end":	4.000167,
				"seconds":	1.0000679492950439,
				"bytes":	5242880,
				"bits_per_second":	41940190.193642333,
				"retransmits":	782,
				"omitted":	false,
				"sender":	true
			}
		}, {
			"streams":	[{
					"socket":	6,
					"start":	4.000167,
					"end":	5.00021,
					"seconds":	1.0000430345535278,
					"bytes":	5242880,
					"bits_per_second":	41941235.077674024,
					"retransmits":	44,
					"snd_cwnd":	1387184,
					"snd_wnd":	3145728,
					"rtt":	216318,
					"rttvar":	290,
					"pmtu":	1500,
					"omitted":	false,
					"sender":	true
				}],
			"sum":	{
				"start":	4.000167,
				"end":	5.00021,
				"seconds":	1.0000430345535278,
				"bytes":	5242880,
				"bits_per_second":	41941235.077674024,
				"retransmits":	44,
				"omitted":	false,
				"sender":	true
			}
		}, {
			"streams":	[{
					"socket":	6,
					"start":	5.00021,
					"end":	6.000075,
					"seconds":	0.99986499547958374,
					"bytes":	6553600,
					"bits_per_second":	52435879.0807079,
					"retransmits":	124,
					"snd_cwnd":	2426848,
					"snd_wnd":	3145728,
					"rtt":	208629,
					"rttvar":	1247,
					"pmtu":	1500,
					"omitted":	false,
					"sender":	true
				}],
			"sum":	{
				"start":	5.00021,
				"end":	6.000075,
				"seconds":	0.99986499547958374,
				"bytes":	6553600,
				"bits_per_second":	52435879.0807079,
				"retransmits":	124,
				"omitted":	false,
				"sender":	true
			}
		}, {
			"streams":	[{
					"socket":	6,
					"start":	6.000075,
					"end":	7.000141,
					"seconds":	1.0000660419464111,
					"bytes":	5242880,
					"bits_per_second":	41940270.182924114,
					"retransmits":	159,
					"snd_cwnd":	2406576,
					"snd_wnd":	3145728,
					"rtt":	200077,
					"rttvar":	7,
					"pmtu":	1500,
					"omitted":	false,
					"sender":	true
				}],
			"sum":	{
				"start":	6.000075,
				"end":	7.000141,
				"seconds":	1.0000660419464111,
				"bytes":	5242880,
				"bits_per_second":	41940270.182924114,
				"retransmits":	159,
				"omitted":	false,
				"sender":	true
			}
		}, {
			"streams":	[{
					"socket":	6,
					"start":	7.000141,
					"end":	8.000245,
					"seconds":	1.0001039505004883,
					"bytes":	5242880,
					"bits_per_second":	41938680.453177072,
					"retransmits":	0,
					"snd_cwnd":	2377616,
					"snd_wnd":	3145728,
					"rtt":	212824,
					"rttvar":	2078,
					"pmtu":	1500,
					"omitted":	false,
					"sender":	true
				}],
			"sum":	{
				"start":	7.000141,
				"end":	8.000245,
				"seconds":	1.0001039505004883,
				"bytes":	5242880,
				"bits_per_second":	41938680.453177072,
				"retransmits":	0,
				"omitted":	false,
				"sender":	true
			}
		}, {
			"streams":	[{
					"socket":	6,
					"start":	8.000245,
					"end":	9.000093,
					"seconds":	0.99984800815582275,
					"bytes":	6553600,
					"bits_per_second":	52436769.961369127,
					"retransmits":	184,
					"snd_cwnd":	2392096,
					"snd_wnd":	3145728,
					"rtt":	200077,
					"rttvar":	3,
					"pmtu":	1500,
					"omitted":	false,
					"sender":	true
				}],
			"sum":	{
				"start":	8.000245,
				"end":	9.000093,
				"seconds":	0.99984800815582275,
				"bytes":	6553600,
				"bits_per_second":	52436769.961369127,
				"retransmits":	184,
				"omitted":	false,
				"sender":	true
			}
		}, {
			"streams":	[{
					"socket":	6,
					"start":	9.000093,
					"end":	10.000106,
					"seconds":	1.000012993812561,
					"bytes":	5242880,
					"bits_per_second":	41942495.007081538,
					"retransmits":	136,
					"snd_cwnd":	2400784,
					"snd_wnd":	3145728,
					"rtt":	200103,
					"rttvar":	55,
					"pmtu":	1500,
					"omitted":	false,
					"sender":	true
				}],
			"sum":	{
				"start":	9.000093,
				"end":	10.000106,
				"seconds":	1.000012993812561,
				"bytes":	5242880,
				"bits_per_second":	41942495.007081538,
				"retransmits":	136,
				"omitted":	false,
				"sender":	true
			}
		}],
	"end":	{
		"streams":	[{
				"sender":	{
					"socket":	6,
					"start":	0,
					"end":	10.000106,
					"seconds":	10.000106,
					"bytes":	50987008,
					"bits_per_second":	40789174.03475523,
					"retransmits":	3751,
					"max_snd_cwnd":	2429744,
					"max_snd_wnd":	3145728,
					"max_rtt":	216318,
					"min_rtt":	200077,
					"mean_rtt":	206032,
					"sender":	true
				},
				"receiver":	{
					"socket":	6,
					"start":	0,
					"end":	10.20022,
					"seconds":	10.000106,
					"bytes":	49304160,
					"bits_per_second":	38669095.372452751,
					"sender":	true
				}
			}],
		"sum_sent":	{
			"start":	0,
			"end":	10.000106,
			"seconds":	10.000106,
			"bytes":	50987008,
			"bits_per_second":	40789174.03475523,
			"retransmits":	3751,
			"sender":	true
		},
		"sum_received":	{
			"start":	0,
			"end":	10.20022,
			"seconds":	10.20022,
			"bytes":	49304160,
			"bits_per_second":	38669095.372452751,
			"sender":	true
		},
		"cpu_utilization_percent":	{
			"host_total":	1.9177201777236605,
			"host_user":	0.24257348423050157,
			"host_system":	1.6751374353165922,
			"remote_total":	1.4765054876687622,
			"remote_user":	0.13297735453690127,
			"remote_system":	1.3435183294342394
		},
		"sender_tcp_congestion":	"bbr",
		"receiver_tcp_congestion":	"bbr"
	}
}
