{
	"start":	{
		"connected":	[{
				"socket":	6,
				"local_host":	"192.168.101.210",
				"local_port":	33190,
				"remote_host":	"192.168.100.168",
				"remote_port":	5202
			}],
		"version":	"iperf 3.11",
		"system_info":	"Linux f1 6.0.10-300.fc37.x86_64 #1 SMP PREEMPT_DYNAMIC Sat Nov 26 16:55:13 UTC 2022 x86_64",
		"timestamp":	{
			"time":	"Fri, 09 Dec 2022 23:33:30 GMT",
			"timesecs":	1670628810
		},
		"connecting_to":	{
			"host":	"192.168.100.168",
			"port":	5202
		},
		"cookie":	"iq5bfshwpz5rksfqkpu5jogeza7leb3snfl4",
		"tcp_mss_default":	1448,
		"target_bitrate":	0,
		"sock_bufsize":	0,
		"sndbuf_actual":	16384,
		"rcvbuf_actual":	131072,
		"test_start":	{
			"protocol":	"TCP",
			"num_streams":	1,
			"blksize":	131072,
			"omit":	0,
			"duration":	10,
			"bytes":	0,
			"blocks":	0,
			"reverse":	0,
			"tos":	0,
			"target_bitrate":	0
		}
	},
	"intervals":	[{
			"streams":	[{
					"socket":	6,
					"start":	0,
					"end":	1.00007,
					"seconds":	1.0000699758529663,
					"bytes":	4325376,
					"bits_per_second":	34600586.794425927,
					"retransmits":	0,
					"snd_cwnd":	638568,
					"snd_wnd":	973312,
					"rtt":	150072,
					"rttvar":	5,
					"pmtu":	1500,
					"omitted":	false,
					"sender":	true
				}],
			"sum":	{
				"start":	0,
				"end":	1.00007,
				"seconds":	1.0000699758529663,
				"bytes":	4325376,
				"bits_per_second":	34600586.794425927,
				"retransmits":	0,
				"omitted":	false,
				"sender":	true
			}
		}, {
			"streams":	[{
					"socket":	6,
					"start":	1.00007,
					"end":	2.000111,
					"seconds":	1.0000410079956055,
					"bytes":	14417920,
					"bits_per_second":	115338630.19395986,
					"retransmits":	0,
					"snd_cwnd":	9280232,
					"snd_wnd":	3143552,
					"rtt":	151639,
					"rttvar":	904,
					"pmtu":	1500,
					"omitted":	false,
					"sender":	true
				}],
			"sum":	{
				"start":	1.00007,
				"end":	2.000111,
				"seconds":	1.0000410079956055,
				"bytes":	14417920,
				"bits_per_second":	115338630.19395986,
				"retransmits":	0,
				"omitted":	false,
				"sender":	true
			}
		}, {
			"streams":	[{
					"socket":	6,
					"start":	2.000111,
					"end":	3.000071,
					"seconds":	0.99996000528335571,
					"bytes":	20971520,
					"bits_per_second":	167778870.26837528,
					"retransmits":	0,
					"snd_cwnd":	9280232,
					"snd_wnd":	3143552,
					"rtt":	150089,
					"rttvar":	12,
					"pmtu":	1500,
					"omitted":	false,
					"sender":	true
				}],
			"sum":	{
				"start":	2.000111,
				"end":	3.000071,
				"seconds":	0.99996000528335571,
				"bytes":	20971520,
				"bits_per_second":	167778870.26837528,
				"retransmits":	0,
				"omitted":	false,
				"sender":	true
			}
		}, {
			"streams":	[{
					"socket":	6,
					"start":	3.000071,
					"end":	4.000084,
					"seconds":	1.000012993812561,
					"bytes":	19660800,
					"bits_per_second":	157284356.27655575,
					"retransmits":	0,
					"snd_cwnd":	9280232,
					"snd_wnd":	3143552,
					"rtt":	150085,
					"rttvar":	5,
					"pmtu":	1500,
					"omitted":	false,
					"sender":	true
				}],
			"sum":	{
				"start":	3.000071,
				"end":	4.000084,
				"seconds":	1.000012993812561,
				"bytes":	19660800,
				"bits_per_second":	157284356.27655575,
				"retransmits":	0,
				"omitted":	false,
				"sender":	true
			}
		}, {
			"streams":	[{
					"socket":	6,
					"start":	4.000084,
					"end":	5.000027,
					"seconds":	0.99994301795959473,
					"bytes":	20971520,
					"bits_per_second":	167781720.54477936,
					"retransmits":	0,
					"snd_cwnd":	9280232,
					"snd_wnd":	3143552,
					"rtt":	150091,
					"rttvar":	9,
					"pmtu":	1500,
					"omitted":	false,
					"sender":	true
				}],
			"sum":	{
				"start":	4.000084,
				"end":	5.000027,
				"seconds":	0.99994301795959473,
				"bytes":	20971520,
				"bits_per_second":	167781720.54477936,
				"retransmits":	0,
				"omitted":	false,
				"sender":	true
			}
		}, {
			"streams":	[{
					"socket":	6,
					"start":	5.000027,
					"end":	6.000079,
					"seconds":	1.0000519752502441,
					"bytes":	19660800,
					"bits_per_second":	157278225.42487559,
					"retransmits":	0,
					"snd_cwnd":	9280232,
					"snd_wnd":	3143552,
					"rtt":	150092,
					"rttvar":	9,
					"pmtu":	1500,
					"omitted":	false,
					"sender":	true
				}],
			"sum":	{
				"start":	5.000027,
				"end":	6.000079,
				"seconds":	1.0000519752502441,
				"bytes":	19660800,
				"bits_per_second":	157278225.42487559,
				"retransmits":	0,
				"omitted":	false,
				"sender":	true
			}
		}, {
			"streams":	[{
					"socket":	6,
					"start":	6.000079,
					"end":	7.000101,
					"seconds":	1.0000220537185669,
					"bytes":	19660800,
					"bits_per_second":	157282931.32649714,
					"retransmits":	0,
					"snd_cwnd":	9280232,
					"snd_wnd":	3143552,
					"rtt":	153524,
					"rttvar":	4001,
					"pmtu":	1500,
					"omitted":	false,
					"sender":	true
				}],
			"sum":	{
				"start":	6.000079,
				"end":	7.000101,
				"seconds":	1.0000220537185669,
				"bytes":	19660800,
				"bits_per_second":	157282931.32649714,
				"retransmits":	0,
				"omitted":	false,
				"sender":	true
			}
		}, {
			"streams":	[{
					"socket":	6,
					"start":	7.000101,
					"end":	8.000096,
					"seconds":	0.999994993209839,
					"bytes":	20971520,
					"bits_per_second":	167773000.00420573,
					"retransmits":	0,
					"snd_cwnd":	9280232,
					"snd_wnd":	3143552,
					"rtt":	150104,
					"rttvar":	9,
					"pmtu":	1500,
					"omitted":	false,
					"sender":	true
				}],
			"sum":	{
				"start":	7.000101,
				"end":	8.000096,
				"seconds":	0.999994993209839,
				"bytes":	20971520,
				"bits_per_second":	167773000.00420573,
				"retransmits":	0,
				"omitted":	false,
				"sender":	true
			}
		}, {
			"streams":	[{
					"socket":	6,
					"start":	8.000096,
					"end":	9.000092,
					"seconds":	0.9999960064888,
					"bytes":	19660800,
					"bits_per_second":	157287028.12750843,
					"retransmits":	0,
					"snd_cwnd":	9280232,
					"snd_wnd":	3143552,
					"rtt":	150094,
					"rttvar":	10,
					"pmtu":	1500,
					"omitted":	false,
					"sender":	true
				}],
			"sum":	{
				"start":	8.000096,
				"end":	9.000092,
				"seconds":	0.9999960064888,
				"bytes":	19660800,
				"bits_per_second":	157287028.12750843,
				"retransmits":	0,
				"omitted":	false,
				"sender":	true
			}
		}, {
			"streams":	[{
					"socket":	6,
					"start":	9.000092,
					"end":	10.000075,
					"seconds":	0.999983012676239,
					"bytes":	20971520,
					"bits_per_second":	167775010.04841471,
					"retransmits":	0,
					"snd_cwnd":	9280232,
					"snd_wnd":	3143552,
					"rtt":	150083,
					"rttvar":	5,
					"pmtu":	1500,
					"omitted":	false,
					"sender":	true
				}],
			"sum":	{
				"start":	9.000092,
				"end":	10.000075,
				"seconds":	0.999983012676239,
				"bytes":	20971520,
				"bits_per_second":	167775010.04841471,
				"retransmits":	0,
				"omitted":	false,
				"sender":	true
			}
		}],
	"end":	{
		"streams":	[{
				"sender":	{
					"socket":	6,
					"start":	0,
					"end":	10.000075,
					"seconds":	10.000075,
					"bytes":	181272576,
					"bits_per_second":	145016973.17270118,
					"retransmits":	0,
					"max_snd_cwnd":	9280232,
					"max_snd_wnd":	3143552,
					"max_rtt":	153524,
					"min_rtt":	150072,
					"mean_rtt":	150587,
					"sender":	true
				},
				"receiver":	{
					"socket":	6,
					"start":	0,
					"end":	10.152287,
					"seconds":	10.000075,
					"bytes":	180989656,
					"bits_per_second":	142619810.49196109,
					"sender":	true
				}
			}],
		"sum_sent":	{
			"start":	0,
			"end":	10.000075,
			"seconds":	10.000075,
			"bytes":	181272576,
			"bits_per_second":	145016973.17270118,
			"retransmits":	0,
			"sender":	true
		},
		"sum_received":	{
			"start":	0,
			"end":	10.152287,
			"seconds":	10.152287,
			"bytes":	180989656,
			"bits_per_second":	142619810.49196109,
			"sender":	true
		},
		"cpu_utilization_percent":	{
			"host_total":	1.6182834534825215,
			"host_user":	0.27611077709261539,
			"host_system":	1.3421538112097278,
			"remote_total":	1.3232564079302991,
			"remote_user":	0.069412821898637178,
			"remote_system":	1.2538435860316621
		},
		"sender_tcp_congestion":	"bbr",
		"receiver_tcp_congestion":	"bbr"
	}
}
