{
	"start":	{
		"connected":	[{
				"socket":	6,
				"local_host":	"192.168.101.210",
				"local_port":	57394,
				"remote_host":	"192.168.100.168",
				"remote_port":	5202
			}],
		"version":	"iperf 3.11",
		"system_info":	"Linux f1 6.0.10-300.fc37.x86_64 #1 SMP PREEMPT_DYNAMIC Sat Nov 26 16:55:13 UTC 2022 x86_64",
		"timestamp":	{
			"time":	"Fri, 09 Dec 2022 23:30:09 GMT",
			"timesecs":	1670628609
		},
		"connecting_to":	{
			"host":	"192.168.100.168",
			"port":	5202
		},
		"cookie":	"ezuznaujepnl7o5lebpxim5dcwjvoilevmtx",
		"tcp_mss_default":	1448,
		"target_bitrate":	0,
		"sock_bufsize":	0,
		"sndbuf_actual":	16384,
		"rcvbuf_actual":	131072,
		"test_start":	{
			"protocol":	"TCP",
			"num_streams":	1,
			"blksize":	131072,
			"omit":	0,
			"duration":	10,
			"bytes":	0,
			"blocks":	0,
			"reverse":	0,
			"tos":	0,
			"target_bitrate":	0
		}
	},
	"intervals":	[{
			"streams":	[{
					"socket":	6,
					"start":	0,
					"end":	1.000075,
					"seconds":	1.0000749826431274,
					"bytes":	23855104,
					"bits_per_second":	190826523.32290244,
					"retransmits":	1140,
					"snd_cwnd":	7315296,
					"snd_wnd":	3145728,
					"rtt":	52366,
					"rttvar":	2102,
					"pmtu":	1500,
					"omitted":	false,
					"sender":	true
				}],
			"sum":	{
				"start":	0,
				"end":	1.000075,
				"seconds":	1.0000749826431274,
				"bytes":	23855104,
				"bits_per_second":	190826523.32290244,
				"retransmits":	1140,
				"omitted":	false,
				"sender":	true
			}
		}, {
			"streams":	[{
					"socket":	6,
					"start":	1.000075,
					"end":	2.00007,
					"seconds":	0.999994993209839,
					"bytes":	39321600,
					"bits_per_second":	314574375.00788575,
					"retransmits":	519,
					"snd_cwnd":	6130832,
					"snd_wnd":	3145728,
					"rtt":	61535,
					"rttvar":	1346,
					"pmtu":	1500,
					"omitted":	false,
					"sender":	true
				}],
			"sum":	{
				"start":	1.000075,
				"end":	2.00007,
				"seconds":	0.999994993209839,
				"bytes":	39321600,
				"bits_per_second":	314574375.00788575,
				"retransmits":	519,
				"omitted":	false,
				"sender":	true
			}
		}, {
			"streams":	[{
					"socket":	6,
					"start":	2.00007,
					"end":	3.00008,
					"seconds":	1.0000100135803223,
					"bytes":	47185920,
					"bits_per_second":	377483580.037851,
					"retransmits":	0,
					"snd_cwnd":	5800688,
					"snd_wnd":	3145728,
					"rtt":	62469,
					"rttvar":	957,
					"pmtu":	1500,
					"omitted":	false,
					"sender":	true
				}],
			"sum":	{
				"start":	2.00007,
				"end":	3.00008,
				"seconds":	1.0000100135803223,
				"bytes":	47185920,
				"bits_per_second":	377483580.037851,
				"retransmits":	0,
				"omitted":	false,
				"sender":	true
			}
		}, {
			"streams":	[{
					"socket":	6,
					"start":	3.00008,
					"end":	4.000067,
					"seconds":	0.999987006187439,
					"bytes":	45875200,
					"bits_per_second":	367006368.811965,
					"retransmits":	45,
					"snd_cwnd":	5621136,
					"snd_wnd":	3145728,
					"rtt":	58481,
					"rttvar":	1181,
					"pmtu":	1500,
					"omitted":	false,
					"sender":	true
				}],
			"sum":	{
				"start":	3.00008,
				"end":	4.000067,
				"seconds":	0.999987006187439,
				"bytes":	45875200,
				"bits_per_second":	367006368.811965,
				"retransmits":	45,
				"omitted":	false,
				"sender":	true
			}
		}, {
			"streams":	[{
					"socket":	6,
					"start":	4.000067,
					"end":	5.000075,
					"seconds":	1.0000079870224,
					"bytes":	48496640,
					"bits_per_second":	387970021.27474958,
					"retransmits":	0,
					"snd_cwnd":	5615344,
					"snd_wnd":	3145728,
					"rtt":	59544,
					"rttvar":	1095,
					"pmtu":	1500,
					"omitted":	false,
					"sender":	true
				}],
			"sum":	{
				"start":	4.000067,
				"end":	5.000075,
				"seconds":	1.0000079870224,
				"bytes":	48496640,
				"bits_per_second":	387970021.27474958,
				"retransmits":	0,
				"omitted":	false,
				"sender":	true
			}
		}, {
			"streams":	[{
					"socket":	6,
					"start":	5.000075,
					"end":	6.000078,
					"seconds":	1.0000029802322388,
					"bytes":	49807360,
					"bits_per_second":	398457692.503539,
					"retransmits":	0,
					"snd_cwnd":	5618240,
					"snd_wnd":	3145728,
					"rtt":	59216,
					"rttvar":	1491,
					"pmtu":	1500,
					"omitted":	false,
					"sender":	true
				}],
			"sum":	{
				"start":	5.000075,
				"end":	6.000078,
				"seconds":	1.0000029802322388,
				"bytes":	49807360,
				"bits_per_second":	398457692.503539,
				"retransmits":	0,
				"omitted":	false,
				"sender":	true
			}
		}, {
			"streams":	[{
					"socket":	6,
					"start":	6.000078,
					"end":	7.000066,
					"seconds":	0.9999880194664,
					"bytes":	48496640,
					"bits_per_second":	387977768.18068767,
					"retransmits":	0,
					"snd_cwnd":	5618240,
					"snd_wnd":	3145728,
					"rtt":	59481,
					"rttvar":	1154,
					"pmtu":	1500,
					"omitted":	false,
					"sender":	true
				}],
			"sum":	{
				"start":	6.000078,
				"end":	7.000066,
				"seconds":	0.9999880194664,
				"bytes":	48496640,
				"bits_per_second":	387977768.18068767,
				"retransmits":	0,
				"omitted":	false,
				"sender":	true
			}
		}, {
			"streams":	[{
					"socket":	6,
					"start":	7.000066,
					"end":	8.000074,
					"seconds":	1.0000079870224,
					"bytes":	48496640,
					"bits_per_second":	387970021.27474958,
					"retransmits":	0,
					"snd_cwnd":	5618240,
					"snd_wnd":	3145728,
					"rtt":	59546,
					"rttvar":	828,
					"pmtu":	1500,
					"omitted":	false,
					"sender":	true
				}],
			"sum":	{
				"start":	7.000066,
				"end":	8.000074,
				"seconds":	1.0000079870224,
				"bytes":	48496640,
				"bits_per_second":	387970021.27474958,
				"retransmits":	0,
				"omitted":	false,
				"sender":	true
			}
		}, {
			"streams":	[{
					"socket":	6,
					"start":	8.000074,
					"end":	9.00007,
					"seconds":	0.9999960064888,
					"bytes":	48496640,
					"bits_per_second":	387974669.3811875,
					"retransmits":	0,
					"snd_cwnd":	5621136,
					"snd_wnd":	3145728,
					"rtt":	59428,
					"rttvar":	614,
					"pmtu":	1500,
					"omitted":	false,
					"sender":	true
				}],
			"sum":	{
				"start":	8.000074,
				"end":	9.00007,
				"seconds":	0.9999960064888,
				"bytes":	48496640,
				"bits_per_second":	387974669.3811875,
				"retransmits":	0,
				"omitted":	false,
				"sender":	true
			}
		}, {
			"streams":	[{
					"socket":	6,
					"start":	9.00007,
					"end":	10.000073,
					"seconds":	1.0000029802322388,
					"bytes":	48496640,
					"bits_per_second":	387971963.75344586,
					"retransmits":	0,
					"snd_cwnd":	5615344,
					"snd_wnd":	3145728,
					"rtt":	59535,
					"rttvar":	618,
					"pmtu":	1500,
					"omitted":	false,
					"sender":	true
				}],
			"sum":	{
				"start":	9.00007,
				"end":	10.000073,
				"seconds":	1.0000029802322388,
				"bytes":	48496640,
				"bits_per_second":	387971963.75344586,
				"retransmits":	0,
				"omitted":	false,
				"sender":	true
			}
		}],
	"end":	{
		"streams":	[{
				"sender":	{
					"socket":	6,
					"start":	0,
					"end":	10.000073,
					"seconds":	10.000073,
					"bytes":	448528384,
					"bits_per_second":	358820087.813359,
					"retransmits":	1704,
					"max_snd_cwnd":	7315296,
					"max_snd_wnd":	3145728,
					"max_rtt":	62469,
					"min_rtt":	52366,
					"mean_rtt":	59160,
					"sender":	true
				},
				"receiver":	{
					"socket":	6,
					"start":	0,
					"end":	10.061637,
					"seconds":	10.000073,
					"bytes":	448193336,
					"bits_per_second":	356358183.862129,
					"sender":	true
				}
			}],
		"sum_sent":	{
			"start":	0,
			"end":	10.000073,
			"seconds":	10.000073,
			"bytes":	448528384,
			"bits_per_second":	358820087.813359,
			"retransmits":	1704,
			"sender":	true
		},
		"sum_received":	{
			"start":	0,
			"end":	10.061637,
			"seconds":	10.061637,
			"bytes":	448193336,
			"bits_per_second":	356358183.862129,
			"sender":	true
		},
		"cpu_utilization_percent":	{
			"host_total":	0.960968025894536,
			"host_user":	0.0875567815334788,
			"host_system":	0.873411244361057,
			"remote_total":	2.19483881868282,
			"remote_user":	0.11592532039973565,
			"remote_system":	2.0789035595553411
		},
		"sender_tcp_congestion":	"bbr",
		"receiver_tcp_congestion":	"bbr"
	}
}
