{
	"start":	{
		"connected":	[{
				"socket":	6,
				"local_host":	"192.168.101.210",
				"local_port":	58154,
				"remote_host":	"192.168.100.168",
				"remote_port":	5202
			}],
		"version":	"iperf 3.11",
		"system_info":	"Linux f1 6.0.10-300.fc37.x86_64 #1 SMP PREEMPT_DYNAMIC Sat Nov 26 16:55:13 UTC 2022 x86_64",
		"timestamp":	{
			"time":	"Fri, 09 Dec 2022 23:32:39 GMT",
			"timesecs":	1670628759
		},
		"connecting_to":	{
			"host":	"192.168.100.168",
			"port":	5202
		},
		"cookie":	"2u4n6frzcolljllfkuxun6e7qoz4mcmfbypj",
		"tcp_mss_default":	1448,
		"target_bitrate":	0,
		"sock_bufsize":	0,
		"sndbuf_actual":	16384,
		"rcvbuf_actual":	131072,
		"test_start":	{
			"protocol":	"TCP",
			"num_streams":	1,
			"blksize":	131072,
			"omit":	0,
			"duration":	10,
			"bytes":	0,
			"blocks":	0,
			"reverse":	0,
			"tos":	0,
			"target_bitrate":	0
		}
	},
	"intervals":	[{
			"streams":	[{
					"socket":	6,
					"start":	0,
					"end":	1.000073,
					"seconds":	1.0000729560852051,
					"bytes":	9306112,
					"bits_per_second":	74443464.896232069,
					"retransmits":	0,
					"snd_cwnd":	5858608,
					"snd_wnd":	3143552,
					"rtt":	100097,
					"rttvar":	30,
					"pmtu":	1500,
					"omitted":	false,
					"sender":	true
				}],
			"sum":	{
				"start":	0,
				"end":	1.000073,
				"seconds":	1.0000729560852051,
				"bytes":	9306112,
				"bits_per_second":	74443464.896232069,
				"retransmits":	0,
				"omitted":	false,
				"sender":	true
			}
		}, {
			"streams":	[{
					"socket":	6,
					"start":	1.000073,
					"end":	2.000087,
					"seconds":	1.0000139474868774,
					"bytes":	28835840,
					"bits_per_second":	230683502.54487541,
					"retransmits":	0,
					"snd_cwnd":	9314984,
					"snd_wnd":	3143552,
					"rtt":	101558,
					"rttvar":	895,
					"pmtu":	1500,
					"omitted":	false,
					"sender":	true
				}],
			"sum":	{
				"start":	1.000073,
				"end":	2.000087,
				"seconds":	1.0000139474868774,
				"bytes":	28835840,
				"bits_per_second":	230683502.54487541,
				"retransmits":	0,
				"omitted":	false,
				"sender":	true
			}
		}, {
			"streams":	[{
					"socket":	6,
					"start":	2.000087,
					"end":	3.000082,
					"seconds":	0.999994993209839,
					"bytes":	30146560,
					"bits_per_second":	241173687.50604573,
					"retransmits":	0,
					"snd_cwnd":	9314984,
					"snd_wnd":	3143552,
					"rtt":	103458,
					"rttvar":	1659,
					"pmtu":	1500,
					"omitted":	false,
					"sender":	true
				}],
			"sum":	{
				"start":	2.000087,
				"end":	3.000082,
				"seconds":	0.999994993209839,
				"bytes":	30146560,
				"bits_per_second":	241173687.50604573,
				"retransmits":	0,
				"omitted":	false,
				"sender":	true
			}
		}, {
			"streams":	[{
					"socket":	6,
					"start":	3.000082,
					"end":	4.000074,
					"seconds":	0.9999920129776,
					"bytes":	30146560,
					"bits_per_second":	241174406.26538512,
					"retransmits":	0,
					"snd_cwnd":	9314984,
					"snd_wnd":	3143552,
					"rtt":	101033,
					"rttvar":	1252,
					"pmtu":	1500,
					"omitted":	false,
					"sender":	true
				}],
			"sum":	{
				"start":	3.000082,
				"end":	4.000074,
				"seconds":	0.9999920129776,
				"bytes":	30146560,
				"bits_per_second":	241174406.26538512,
				"retransmits":	0,
				"omitted":	false,
				"sender":	true
			}
		}, {
			"streams":	[{
					"socket":	6,
					"start":	4.000074,
					"end":	5.000128,
					"seconds":	1.0000540018081665,
					"bytes":	30146560,
					"bits_per_second":	241159456.95326808,
					"retransmits":	0,
					"snd_cwnd":	9314984,
					"snd_wnd":	3143552,
					"rtt":	101348,
					"rttvar":	1140,
					"pmtu":	1500,
					"omitted":	false,
					"sender":	true
				}],
			"sum":	{
				"start":	4.000074,
				"end":	5.000128,
				"seconds":	1.0000540018081665,
				"bytes":	30146560,
				"bits_per_second":	241159456.95326808,
				"retransmits":	0,
				"omitted":	false,
				"sender":	true
			}
		}, {
			"streams":	[{
					"socket":	6,
					"start":	5.000128,
					"end":	6.000068,
					"seconds":	0.99993997812271118,
					"bytes":	30146560,
					"bits_per_second":	241186956.49390635,
					"retransmits":	0,
					"snd_cwnd":	9314984,
					"snd_wnd":	3143552,
					"rtt":	101336,
					"rttvar":	1235,
					"pmtu":	1500,
					"omitted":	false,
					"sender":	true
				}],
			"sum":	{
				"start":	5.000128,
				"end":	6.000068,
				"seconds":	0.99993997812271118,
				"bytes":	30146560,
				"bits_per_second":	241186956.49390635,
				"retransmits":	0,
				"omitted":	false,
				"sender":	true
			}
		}, {
			"streams":	[{
					"socket":	6,
					"start":	6.000068,
					"end":	7.000086,
					"seconds":	1.0000180006027222,
					"bytes":	28835840,
					"bits_per_second":	230682567.57474616,
					"retransmits":	0,
					"snd_cwnd":	9314984,
					"snd_wnd":	3143552,
					"rtt":	101458,
					"rttvar":	711,
					"pmtu":	1500,
					"omitted":	false,
					"sender":	true
				}],
			"sum":	{
				"start":	6.000068,
				"end":	7.000086,
				"seconds":	1.0000180006027222,
				"bytes":	28835840,
				"bits_per_second":	230682567.57474616,
				"retransmits":	0,
				"omitted":	false,
				"sender":	true
			}
		}, {
			"streams":	[{
					"socket":	6,
					"start":	7.000086,
					"end":	8.000079,
					"seconds":	0.99999302625656128,
					"bytes":	30146560,
					"bits_per_second":	241174161.886729,
					"retransmits":	0,
					"snd_cwnd":	9314984,
					"snd_wnd":	3143552,
					"rtt":	101390,
					"rttvar":	1540,
					"pmtu":	1500,
					"omitted":	false,
					"sender":	true
				}],
			"sum":	{
				"start":	7.000086,
				"end":	8.000079,
				"seconds":	0.99999302625656128,
				"bytes":	30146560,
				"bits_per_second":	241174161.886729,
				"retransmits":	0,
				"omitted":	false,
				"sender":	true
			}
		}, {
			"streams":	[{
					"socket":	6,
					"start":	8.000079,
					"end":	9.000082,
					"seconds":	1.0000029802322388,
					"bytes":	30146560,
					"bits_per_second":	241171761.252142,
					"retransmits":	0,
					"snd_cwnd":	9314984,
					"snd_wnd":	3143552,
					"rtt":	101808,
					"rttvar":	1435,
					"pmtu":	1500,
					"omitted":	false,
					"sender":	true
				}],
			"sum":	{
				"start":	8.000079,
				"end":	9.000082,
				"seconds":	1.0000029802322388,
				"bytes":	30146560,
				"bits_per_second":	241171761.252142,
				"retransmits":	0,
				"omitted":	false,
				"sender":	true
			}
		}, {
			"streams":	[{
					"socket":	6,
					"start":	9.000082,
					"end":	10.000088,
					"seconds":	1.0000059604644775,
					"bytes":	30146560,
					"bits_per_second":	241171042.50856811,
					"retransmits":	0,
					"snd_cwnd":	9314984,
					"snd_wnd":	3143552,
					"rtt":	100489,
					"rttvar":	405,
					"pmtu":	1500,
					"omitted":	false,
					"sender":	true
				}],
			"sum":	{
				"start":	9.000082,
				"end":	10.000088,
				"seconds":	1.0000059604644775,
				"bytes":	30146560,
				"bits_per_second":	241171042.50856811,
				"retransmits":	0,
				"omitted":	false,
				"sender":	true
			}
		}],
	"end":	{
		"streams":	[{
				"sender":	{
					"socket":	6,
					"start":	0,
					"end":	10.000088,
					"seconds":	10.000088,
					"bytes":	278003712,
					"bits_per_second":	222401012.47109026,
					"retransmits":	0,
					"max_snd_cwnd":	9314984,
					"max_snd_wnd":	3143552,
					"max_rtt":	103458,
					"min_rtt":	100097,
					"mean_rtt":	101397,
					"sender":	true
				},
				"receiver":	{
					"socket":	6,
					"start":	0,
					"end":	10.101813,
					"seconds":	10.000088,
					"bytes":	277995632,
					"bits_per_second":	220155041.08024967,
					"sender":	true
				}
			}],
		"sum_sent":	{
			"start":	0,
			"end":	10.000088,
			"seconds":	10.000088,
			"bytes":	278003712,
			"bits_per_second":	222401012.47109026,
			"retransmits":	0,
			"sender":	true
		},
		"sum_received":	{
			"start":	0,
			"end":	10.101813,
			"seconds":	10.101813,
			"bytes":	277995632,
			"bits_per_second":	220155041.08024967,
			"sender":	true
		},
		"cpu_utilization_percent":	{
			"host_total":	1.2607811178183685,
			"host_user":	0.17686470109952043,
			"host_system":	1.08392603102093,
			"remote_total":	1.2574959249925408,
			"remote_user":	0.143290982557404,
			"remote_system":	1.1142148416394586
		},
		"sender_tcp_congestion":	"bbr",
		"receiver_tcp_congestion":	"bbr"
	}
}
