{
	"start":	{
		"connected":	[{
				"socket":	6,
				"local_host":	"192.168.101.210",
				"local_port":	47964,
				"remote_host":	"192.168.100.168",
				"remote_port":	5202
			}],
		"version":	"iperf 3.11",
		"system_info":	"Linux f1 6.0.10-300.fc37.x86_64 #1 SMP PREEMPT_DYNAMIC Sat Nov 26 16:55:13 UTC 2022 x86_64",
		"timestamp":	{
			"time":	"Fri, 09 Dec 2022 23:27:51 GMT",
			"timesecs":	1670628471
		},
		"connecting_to":	{
			"host":	"192.168.100.168",
			"port":	5202
		},
		"cookie":	"hl5tzj4kiwnk2bptwfmz5yvxzcjdgzz5spmw",
		"tcp_mss_default":	1448,
		"target_bitrate":	0,
		"sock_bufsize":	0,
		"sndbuf_actual":	16384,
		"rcvbuf_actual":	131072,
		"test_start":	{
			"protocol":	"TCP",
			"num_streams":	1,
			"blksize":	131072,
			"omit":	0,
			"duration":	10,
			"bytes":	0,
			"blocks":	0,
			"reverse":	0,
			"tos":	0,
			"target_bitrate":	0
		}
	},
	"intervals":	[{
			"streams":	[{
					"socket":	6,
					"start":	0,
					"end":	1.000227,
					"seconds":	1.0002269744873047,
					"bytes":	16121856,
					"bits_per_second":	128945580.64294337,
					"retransmits":	0,
					"snd_cwnd":	225888,
					"snd_wnd":	3143552,
					"rtt":	56879,
					"rttvar":	548,
					"pmtu":	1500,
					"omitted":	false,
					"sender":	true
				}],
			"sum":	{
				"start":	0,
				"end":	1.000227,
				"seconds":	1.0002269744873047,
				"bytes":	16121856,
				"bits_per_second":	128945580.64294337,
				"retransmits":	0,
				"omitted":	false,
				"sender":	true
			}
		}, {
			"streams":	[{
					"socket":	6,
					"start":	1.000227,
					"end":	2.000089,
					"seconds":	0.999862015247345,
					"bytes":	3932160,
					"bits_per_second":	31461621.224022724,
					"retransmits":	0,
					"snd_cwnd":	69504,
					"snd_wnd":	3143552,
					"rtt":	51452,
					"rttvar":	802,
					"pmtu":	1500,
					"omitted":	false,
					"sender":	true
				}],
			"sum":	{
				"start":	1.000227,
				"end":	2.000089,
				"seconds":	0.999862015247345,
				"bytes":	3932160,
				"bits_per_second":	31461621.224022724,
				"retransmits":	0,
				"omitted":	false,
				"sender":	true
			}
		}, {
			"streams":	[{
					"socket":	6,
					"start":	2.000089,
					"end":	3.001035,
					"seconds":	1.000946044921875,
					"bytes":	0,
					"bits_per_second":	0,
					"retransmits":	0,
					"snd_cwnd":	31856,
					"snd_wnd":	3143552,
					"rtt":	51120,
					"rttvar":	1566,
					"pmtu":	1500,
					"omitted":	false,
					"sender":	true
				}],
			"sum":	{
				"start":	2.000089,
				"end":	3.001035,
				"seconds":	1.000946044921875,
				"bytes":	0,
				"bits_per_second":	0,
				"retransmits":	0,
				"omitted":	false,
				"sender":	true
			}
		}, {
			"streams":	[{
					"socket":	6,
					"start":	3.001035,
					"end":	4.000283,
					"seconds":	0.99924802780151367,
					"bytes":	1310720,
					"bits_per_second":	10493650.933762809,
					"retransmits":	0,
					"snd_cwnd":	23168,
					"snd_wnd":	3143552,
					"rtt":	50415,
					"rttvar":	1427,
					"pmtu":	1500,
					"omitted":	false,
					"sender":	true
				}],
			"sum":	{
				"start":	3.001035,
				"end":	4.000283,
				"seconds":	0.99924802780151367,
				"bytes":	1310720,
				"bits_per_second":	10493650.933762809,
				"retransmits":	0,
				"omitted":	false,
				"sender":	true
			}
		}, {
			"streams":	[{
					"socket":	6,
					"start":	4.000283,
					"end":	5.001033,
					"seconds":	1.000749945640564,
					"bytes":	0,
					"bits_per_second":	0,
					"retransmits":	0,
					"snd_cwnd":	23168,
					"snd_wnd":	3143552,
					"rtt":	51627,
					"rttvar":	1286,
					"pmtu":	1500,
					"omitted":	false,
					"sender":	true
				}],
			"sum":	{
				"start":	4.000283,
				"end":	5.001033,
				"seconds":	1.000749945640564,
				"bytes":	0,
				"bits_per_second":	0,
				"retransmits":	0,
				"omitted":	false,
				"sender":	true
			}
		}, {
			"streams":	[{
					"socket":	6,
					"start":	5.001033,
					"end":	6.001035,
					"seconds":	1.0000020265579224,
					"bytes":	0,
					"bits_per_second":	0,
					"retransmits":	0,
					"snd_cwnd":	23168,
					"snd_wnd":	3143552,
					"rtt":	50815,
					"rttvar":	1210,
					"pmtu":	1500,
					"omitted":	false,
					"sender":	true
				}],
			"sum":	{
				"start":	5.001033,
				"end":	6.001035,
				"seconds":	1.0000020265579224,
				"bytes":	0,
				"bits_per_second":	0,
				"retransmits":	0,
				"omitted":	false,
				"sender":	true
			}
		}, {
			"streams":	[{
					"socket":	6,
					"start":	6.001035,
					"end":	7.000345,
					"seconds":	0.99931001663208,
					"bytes":	1310720,
					"bits_per_second":	10492999.995476462,
					"retransmits":	0,
					"snd_cwnd":	23168,
					"snd_wnd":	3143552,
					"rtt":	51284,
					"rttvar":	1222,
					"pmtu":	1500,
					"omitted":	false,
					"sender":	true
				}],
			"sum":	{
				"start":	6.001035,
				"end":	7.000345,
				"seconds":	0.99931001663208,
				"bytes":	1310720,
				"bits_per_second":	10492999.995476462,
				"retransmits":	0,
				"omitted":	false,
				"sender":	true
			}
		}, {
			"streams":	[{
					"socket":	6,
					"start":	7.000345,
					"end":	8.001036,
					"seconds":	1.0006910562515259,
					"bytes":	0,
					"bits_per_second":	0,
					"retransmits":	0,
					"snd_cwnd":	23168,
					"snd_wnd":	3143552,
					"rtt":	51773,
					"rttvar":	1051,
					"pmtu":	1500,
					"omitted":	false,
					"sender":	true
				}],
			"sum":	{
				"start":	7.000345,
				"end":	8.001036,
				"seconds":	1.0006910562515259,
				"bytes":	0,
				"bits_per_second":	0,
				"retransmits":	0,
				"omitted":	false,
				"sender":	true
			}
		}, {
			"streams":	[{
					"socket":	6,
					"start":	8.001036,
					"end":	9.001031,
					"seconds":	0.999994993209839,
					"bytes":	0,
					"bits_per_second":	0,
					"retransmits":	0,
					"snd_cwnd":	23168,
					"snd_wnd":	3143552,
					"rtt":	50803,
					"rttvar":	1050,
					"pmtu":	1500,
					"omitted":	false,
					"sender":	true
				}],
			"sum":	{
				"start":	8.001036,
				"end":	9.001031,
				"seconds":	0.999994993209839,
				"bytes":	0,
				"bits_per_second":	0,
				"retransmits":	0,
				"omitted":	false,
				"sender":	true
			}
		}, {
			"streams":	[{
					"socket":	6,
					"start":	9.001031,
					"end":	10.000297,
					"seconds":	0.999266028404236,
					"bytes":	1310720,
					"bits_per_second":	10493461.90297802,
					"retransmits":	0,
					"snd_cwnd":	23168,
					"snd_wnd":	3143552,
					"rtt":	51310,
					"rttvar":	931,
					"pmtu":	1500,
					"omitted":	false,
					"sender":	true
				}],
			"sum":	{
				"start":	9.001031,
				"end":	10.000297,
				"seconds":	0.999266028404236,
				"bytes":	1310720,
				"bits_per_second":	10493461.90297802,
				"retransmits":	0,
				"omitted":	false,
				"sender":	true
			}
		}],
	"end":	{
		"streams":	[{
				"sender":	{
					"socket":	6,
					"start":	0,
					"end":	10.000297,
					"seconds":	10.000297,
					"bytes":	23986176,
					"bits_per_second":	19188370.905384112,
					"retransmits":	0,
					"max_snd_cwnd":	225888,
					"max_snd_wnd":	3143552,
					"max_rtt":	56879,
					"min_rtt":	50415,
					"mean_rtt":	51747,
					"sender":	true
				},
				"receiver":	{
					"socket":	6,
					"start":	0,
					"end":	10.047543,
					"seconds":	10.000297,
					"bytes":	20070728,
					"bits_per_second":	15980605.805817403,
					"sender":	true
				}
			}],
		"sum_sent":	{
			"start":	0,
			"end":	10.000297,
			"seconds":	10.000297,
			"bytes":	23986176,
			"bits_per_second":	19188370.905384112,
			"retransmits":	0,
			"sender":	true
		},
		"sum_received":	{
			"start":	0,
			"end":	10.047543,
			"seconds":	10.047543,
			"bytes":	20070728,
			"bits_per_second":	15980605.805817403,
			"sender":	true
		},
		"cpu_utilization_percent":	{
			"host_total":	0.092872015437490352,
			"host_user":	0,
			"host_system":	0.0928620367101413,
			"remote_total":	0.46039074990604673,
			"remote_user":	0.056282366092755734,
			"remote_system":	0.404108383813291
		},
		"sender_tcp_congestion":	"bbr",
		"receiver_tcp_congestion":	"bbr"
	}
}
