{
	"start":	{
		"connected":	[{
				"socket":	6,
				"local_host":	"192.168.101.210",
				"local_port":	43918,
				"remote_host":	"192.168.100.168",
				"remote_port":	5201
			}],
		"version":	"iperf 3.11",
		"system_info":	"Linux f1 6.0.10-300.fc37.x86_64 #1 SMP PREEMPT_DYNAMIC Sat Nov 26 16:55:13 UTC 2022 x86_64",
		"timestamp":	{
			"time":	"Fri, 09 Dec 2022 23:07:29 GMT",
			"timesecs":	1670627249
		},
		"connecting_to":	{
			"host":	"192.168.100.168",
			"port":	5201
		},
		"cookie":	"iic2gqx64utpuhgbb4lmep7c6elwkxrkliob",
		"tcp_mss_default":	1448,
		"target_bitrate":	0,
		"sock_bufsize":	0,
		"sndbuf_actual":	16384,
		"rcvbuf_actual":	131072,
		"test_start":	{
			"protocol":	"TCP",
			"num_streams":	1,
			"blksize":	131072,
			"omit":	0,
			"duration":	10,
			"bytes":	0,
			"blocks":	0,
			"reverse":	0,
			"tos":	0,
			"target_bitrate":	0
		}
	},
	"intervals":	[{
			"streams":	[{
					"socket":	6,
					"start":	0,
					"end":	1.000306,
					"seconds":	1.0003060102462769,
					"bytes":	3282616,
					"bits_per_second":	26252894.3453359,
					"retransmits":	216,
					"snd_cwnd":	137560,
					"snd_wnd":	1706880,
					"rtt":	79905,
					"rttvar":	2253,
					"pmtu":	1500,
					"omitted":	false,
					"sender":	true
				}],
			"sum":	{
				"start":	0,
				"end":	1.000306,
				"seconds":	1.0003060102462769,
				"bytes":	3282616,
				"bits_per_second":	26252894.3453359,
				"retransmits":	216,
				"omitted":	false,
				"sender":	true
			}
		}, {
			"streams":	[{
					"socket":	6,
					"start":	1.000306,
					"end":	2.00025,
					"seconds":	0.999943971633911,
					"bytes":	1563840,
					"bits_per_second":	12511420.994475771,
					"retransmits":	18,
					"snd_cwnd":	75296,
					"snd_wnd":	3143936,
					"rtt":	76024,
					"rttvar":	1159,
					"pmtu":	1500,
					"omitted":	false,
					"sender":	true
				}],
			"sum":	{
				"start":	1.000306,
				"end":	2.00025,
				"seconds":	0.999943971633911,
				"bytes":	1563840,
				"bits_per_second":	12511420.994475771,
				"retransmits":	18,
				"omitted":	false,
				"sender":	true
			}
		}, {
			"streams":	[{
					"socket":	6,
					"start":	2.00025,
					"end":	3.000474,
					"seconds":	1.0002239942550659,
					"bytes":	847080,
					"bits_per_second":	6775122.4115024554,
					"retransmits":	2,
					"snd_cwnd":	63712,
					"snd_wnd":	3145728,
					"rtt":	75120,
					"rttvar":	39,
					"pmtu":	1500,
					"omitted":	false,
					"sender":	true
				}],
			"sum":	{
				"start":	2.00025,
				"end":	3.000474,
				"seconds":	1.0002239942550659,
				"bytes":	847080,
				"bits_per_second":	6775122.4115024554,
				"retransmits":	2,
				"omitted":	false,
				"sender":	true
			}
		}, {
			"streams":	[{
					"socket":	6,
					"start":	3.000474,
					"end":	4.000208,
					"seconds":	0.99973398447036743,
					"bytes":	781920,
					"bits_per_second":	6257024.46567716,
					"retransmits":	12,
					"snd_cwnd":	36200,
					"snd_wnd":	3145728,
					"rtt":	76987,
					"rttvar":	746,
					"pmtu":	1500,
					"omitted":	false,
					"sender":	true
				}],
			"sum":	{
				"start":	3.000474,
				"end":	4.000208,
				"seconds":	0.99973398447036743,
				"bytes":	781920,
				"bits_per_second":	6257024.46567716,
				"retransmits":	12,
				"omitted":	false,
				"sender":	true
			}
		}, {
			"streams":	[{
					"socket":	6,
					"start":	4.000208,
					"end":	5.001027,
					"seconds":	1.0008189678192139,
					"bytes":	0,
					"bits_per_second":	0,
					"retransmits":	6,
					"snd_cwnd":	30408,
					"snd_wnd":	3145728,
					"rtt":	83570,
					"rttvar":	7373,
					"pmtu":	1500,
					"omitted":	false,
					"sender":	true
				}],
			"sum":	{
				"start":	4.000208,
				"end":	5.001027,
				"seconds":	1.0008189678192139,
				"bytes":	0,
				"bits_per_second":	0,
				"retransmits":	6,
				"omitted":	false,
				"sender":	true
			}
		}, {
			"streams":	[{
					"socket":	6,
					"start":	5.001027,
					"end":	6.001029,
					"seconds":	1.0000020265579224,
					"bytes":	0,
					"bits_per_second":	0,
					"retransmits":	6,
					"snd_cwnd":	20272,
					"snd_wnd":	3145728,
					"rtt":	75822,
					"rttvar":	1388,
					"pmtu":	1500,
					"omitted":	false,
					"sender":	true
				}],
			"sum":	{
				"start":	5.001027,
				"end":	6.001029,
				"seconds":	1.0000020265579224,
				"bytes":	0,
				"bits_per_second":	0,
				"retransmits":	6,
				"omitted":	false,
				"sender":	true
			}
		}, {
			"streams":	[{
					"socket":	6,
					"start":	6.001029,
					"end":	7.000665,
					"seconds":	0.99963599443435669,
					"bytes":	781920,
					"bits_per_second":	6257637.8149924371,
					"retransmits":	5,
					"snd_cwnd":	11584,
					"snd_wnd":	3145728,
					"rtt":	87425,
					"rttvar":	10680,
					"pmtu":	1500,
					"omitted":	false,
					"sender":	true
				}],
			"sum":	{
				"start":	6.001029,
				"end":	7.000665,
				"seconds":	0.99963599443435669,
				"bytes":	781920,
				"bits_per_second":	6257637.8149924371,
				"retransmits":	5,
				"omitted":	false,
				"sender":	true
			}
		}, {
			"streams":	[{
					"socket":	6,
					"start":	7.000665,
					"end":	8.001031,
					"seconds":	1.0003659725189209,
					"bytes":	0,
					"bits_per_second":	0,
					"retransmits":	0,
					"snd_cwnd":	20272,
					"snd_wnd":	3143552,
					"rtt":	84505,
					"rttvar":	2497,
					"pmtu":	1500,
					"omitted":	false,
					"sender":	true
				}],
			"sum":	{
				"start":	7.000665,
				"end":	8.001031,
				"seconds":	1.0003659725189209,
				"bytes":	0,
				"bits_per_second":	0,
				"retransmits":	0,
				"omitted":	false,
				"sender":	true
			}
		}, {
			"streams":	[{
					"socket":	6,
					"start":	8.001031,
					"end":	9.001037,
					"seconds":	1.0000059604644775,
					"bytes":	0,
					"bits_per_second":	0,
					"retransmits":	4,
					"snd_cwnd":	20272,
					"snd_wnd":	3143552,
					"rtt":	81999,
					"rttvar":	10851,
					"pmtu":	1500,
					"omitted":	false,
					"sender":	true
				}],
			"sum":	{
				"start":	8.001031,
				"end":	9.001037,
				"seconds":	1.0000059604644775,
				"bytes":	0,
				"bits_per_second":	0,
				"retransmits":	4,
				"omitted":	false,
				"sender":	true
			}
		}, {
			"streams":	[{
					"socket":	6,
					"start":	9.001037,
					"end":	10.001036,
					"seconds":	0.99999898672103882,
					"bytes":	0,
					"bits_per_second":	0,
					"retransmits":	4,
					"snd_cwnd":	20272,
					"snd_wnd":	3145728,
					"rtt":	80926,
					"rttvar":	2762,
					"pmtu":	1500,
					"omitted":	false,
					"sender":	true
				}],
			"sum":	{
				"start":	9.001037,
				"end":	10.001036,
				"seconds":	0.99999898672103882,
				"bytes":	0,
				"bits_per_second":	0,
				"retransmits":	4,
				"omitted":	false,
				"sender":	true
			}
		}],
	"end":	{
		"streams":	[{
				"sender":	{
					"socket":	6,
					"start":	0,
					"end":	10.001036,
					"seconds":	10.001036,
					"bytes":	7257376,
					"bits_per_second":	5805299.3709851662,
					"retransmits":	273,
					"max_snd_cwnd":	137560,
					"max_snd_wnd":	3145728,
					"max_rtt":	87425,
					"min_rtt":	75120,
					"mean_rtt":	80228,
					"sender":	true
				},
				"receiver":	{
					"socket":	6,
					"start":	0,
					"end":	10.076115,
					"seconds":	10.001036,
					"bytes":	5757248,
					"bits_per_second":	4571006.186412124,
					"sender":	true
				}
			}],
		"sum_sent":	{
			"start":	0,
			"end":	10.001036,
			"seconds":	10.001036,
			"bytes":	7257376,
			"bits_per_second":	5805299.3709851662,
			"retransmits":	273,
			"sender":	true
		},
		"sum_received":	{
			"start":	0,
			"end":	10.076115,
			"seconds":	10.076115,
			"bytes":	5757248,
			"bits_per_second":	4571006.186412124,
			"sender":	true
		},
		"cpu_utilization_percent":	{
			"host_total":	0.74585714459044639,
			"host_user":	0.064897657093631322,
			"host_system":	0.68094978099710024,
			"remote_total":	0.27536384778153267,
			"remote_user":	0.0085251043481704234,
			"remote_system":	0.26683874343336222
		},
		"sender_tcp_congestion":	"cubic",
		"receiver_tcp_congestion":	"cubic"
	}
}
