{
	"start":	{
		"connected":	[{
				"socket":	6,
				"local_host":	"192.168.101.210",
				"local_port":	47350,
				"remote_host":	"192.168.100.168",
				"remote_port":	5202
			}],
		"version":	"iperf 3.11",
		"system_info":	"Linux f1 6.0.10-300.fc37.x86_64 #1 SMP PREEMPT_DYNAMIC Sat Nov 26 16:55:13 UTC 2022 x86_64",
		"timestamp":	{
			"time":	"Fri, 09 Dec 2022 23:05:14 GMT",
			"timesecs":	1670627114
		},
		"connecting_to":	{
			"host":	"192.168.100.168",
			"port":	5202
		},
		"cookie":	"w2dktnzkqhfolbyccev3rsrkwqrtwhei7wvs",
		"tcp_mss_default":	1448,
		"target_bitrate":	0,
		"sock_bufsize":	0,
		"sndbuf_actual":	16384,
		"rcvbuf_actual":	131072,
		"test_start":	{
			"protocol":	"TCP",
			"num_streams":	1,
			"blksize":	131072,
			"omit":	0,
			"duration":	10,
			"bytes":	0,
			"blocks":	0,
			"reverse":	0,
			"tos":	0,
			"target_bitrate":	0
		}
	},
	"intervals":	[{
			"streams":	[{
					"socket":	6,
					"start":	0,
					"end":	1.000305,
					"seconds":	1.0003050565719604,
					"bytes":	2342864,
					"bits_per_second":	18737196.09519105,
					"retransmits":	0,
					"snd_cwnd":	156384,
					"snd_wnd":	1036288,
					"rtt":	122695,
					"rttvar":	1083,
					"pmtu":	1500,
					"omitted":	false,
					"sender":	true
				}],
			"sum":	{
				"start":	0,
				"end":	1.000305,
				"seconds":	1.0003050565719604,
				"bytes":	2342864,
				"bits_per_second":	18737196.09519105,
				"retransmits":	0,
				"omitted":	false,
				"sender":	true
			}
		}, {
			"streams":	[{
					"socket":	6,
					"start":	1.000305,
					"end":	2.000879,
					"seconds":	1.000573992729187,
					"bytes":	521280,
					"bits_per_second":	4167847.6857320308,
					"retransmits":	0,
					"snd_cwnd":	40544,
					"snd_wnd":	1036288,
					"rtt":	149691,
					"rttvar":	2100,
					"pmtu":	1500,
					"omitted":	false,
					"sender":	true
				}],
			"sum":	{
				"start":	1.000305,
				"end":	2.000879,
				"seconds":	1.000573992729187,
				"bytes":	521280,
				"bits_per_second":	4167847.6857320308,
				"retransmits":	0,
				"omitted":	false,
				"sender":	true
			}
		}, {
			"streams":	[{
					"socket":	6,
					"start":	2.000879,
					"end":	3.000137,
					"seconds":	0.999257981777191,
					"bytes":	521280,
					"bits_per_second":	4173336.6918752883,
					"retransmits":	0,
					"snd_cwnd":	28960,
					"snd_wnd":	1036288,
					"rtt":	189203,
					"rttvar":	4027,
					"pmtu":	1500,
					"omitted":	false,
					"sender":	true
				}],
			"sum":	{
				"start":	2.000879,
				"end":	3.000137,
				"seconds":	0.999257981777191,
				"bytes":	521280,
				"bits_per_second":	4173336.6918752883,
				"retransmits":	0,
				"omitted":	false,
				"sender":	true
			}
		}, {
			"streams":	[{
					"socket":	6,
					"start":	3.000137,
					"end":	4.001031,
					"seconds":	1.0008939504623413,
					"bytes":	0,
					"bits_per_second":	0,
					"retransmits":	0,
					"snd_cwnd":	28960,
					"snd_wnd":	1036288,
					"rtt":	232798,
					"rttvar":	9853,
					"pmtu":	1500,
					"omitted":	false,
					"sender":	true
				}],
			"sum":	{
				"start":	3.000137,
				"end":	4.001031,
				"seconds":	1.0008939504623413,
				"bytes":	0,
				"bits_per_second":	0,
				"retransmits":	0,
				"omitted":	false,
				"sender":	true
			}
		}, {
			"streams":	[{
					"socket":	6,
					"start":	4.001031,
					"end":	5.001025,
					"seconds":	0.99999397993087769,
					"bytes":	0,
					"bits_per_second":	0,
					"retransmits":	0,
					"snd_cwnd":	28960,
					"snd_wnd":	1036288,
					"rtt":	273107,
					"rttvar":	10069,
					"pmtu":	1500,
					"omitted":	false,
					"sender":	true
				}],
			"sum":	{
				"start":	4.001031,
				"end":	5.001025,
				"seconds":	0.99999397993087769,
				"bytes":	0,
				"bits_per_second":	0,
				"retransmits":	0,
				"omitted":	false,
				"sender":	true
			}
		}, {
			"streams":	[{
					"socket":	6,
					"start":	5.001025,
					"end":	6.001024,
					"seconds":	0.99999898672103882,
					"bytes":	0,
					"bits_per_second":	0,
					"retransmits":	0,
					"snd_cwnd":	14480,
					"snd_wnd":	1036288,
					"rtt":	315331,
					"rttvar":	13498,
					"pmtu":	1500,
					"omitted":	false,
					"sender":	true
				}],
			"sum":	{
				"start":	5.001025,
				"end":	6.001024,
				"seconds":	0.99999898672103882,
				"bytes":	0,
				"bits_per_second":	0,
				"retransmits":	0,
				"omitted":	false,
				"sender":	true
			}
		}, {
			"streams":	[{
					"socket":	6,
					"start":	6.001024,
					"end":	7.001023,
					"seconds":	0.99999898672103882,
					"bytes":	0,
					"bits_per_second":	0,
					"retransmits":	0,
					"snd_cwnd":	13032,
					"snd_wnd":	1036288,
					"rtt":	363843,
					"rttvar":	14300,
					"pmtu":	1500,
					"omitted":	false,
					"sender":	true
				}],
			"sum":	{
				"start":	6.001024,
				"end":	7.001023,
				"seconds":	0.99999898672103882,
				"bytes":	0,
				"bits_per_second":	0,
				"retransmits":	0,
				"omitted":	false,
				"sender":	true
			}
		}, {
			"streams":	[{
					"socket":	6,
					"start":	7.001023,
					"end":	8.001027,
					"seconds":	1.0000040531158447,
					"bytes":	0,
					"bits_per_second":	0,
					"retransmits":	0,
					"snd_cwnd":	11584,
					"snd_wnd":	1036288,
					"rtt":	403171,
					"rttvar":	17083,
					"pmtu":	1500,
					"omitted":	false,
					"sender":	true
				}],
			"sum":	{
				"start":	7.001023,
				"end":	8.001027,
				"seconds":	1.0000040531158447,
				"bytes":	0,
				"bits_per_second":	0,
				"retransmits":	0,
				"omitted":	false,
				"sender":	true
			}
		}, {
			"streams":	[{
					"socket":	6,
					"start":	8.001027,
					"end":	9.001022,
					"seconds":	0.999994993209839,
					"bytes":	0,
					"bits_per_second":	0,
					"retransmits":	0,
					"snd_cwnd":	13032,
					"snd_wnd":	1036288,
					"rtt":	445002,
					"rttvar":	23492,
					"pmtu":	1500,
					"omitted":	false,
					"sender":	true
				}],
			"sum":	{
				"start":	8.001027,
				"end":	9.001022,
				"seconds":	0.999994993209839,
				"bytes":	0,
				"bits_per_second":	0,
				"retransmits":	0,
				"omitted":	false,
				"sender":	true
			}
		}, {
			"streams":	[{
					"socket":	6,
					"start":	9.001022,
					"end":	10.00103,
					"seconds":	1.0000079870224,
					"bytes":	0,
					"bits_per_second":	0,
					"retransmits":	0,
					"snd_cwnd":	11584,
					"snd_wnd":	1036288,
					"rtt":	455029,
					"rttvar":	36252,
					"pmtu":	1500,
					"omitted":	false,
					"sender":	true
				}],
			"sum":	{
				"start":	9.001022,
				"end":	10.00103,
				"seconds":	1.0000079870224,
				"bytes":	0,
				"bits_per_second":	0,
				"retransmits":	0,
				"omitted":	false,
				"sender":	true
			}
		}],
	"end":	{
		"streams":	[{
				"sender":	{
					"socket":	6,
					"start":	0,
					"end":	10.00103,
					"seconds":	10.00103,
					"bytes":	3385424,
					"bits_per_second":	2708060.2697922112,
					"retransmits":	0,
					"max_snd_cwnd":	156384,
					"max_snd_wnd":	1036288,
					"max_rtt":	455029,
					"min_rtt":	122695,
					"mean_rtt":	294987,
					"sender":	true
				},
				"receiver":	{
					"socket":	6,
					"start":	0,
					"end":	10.527928,
					"seconds":	10.00103,
					"bytes":	2387752,
					"bits_per_second":	1814413.6244092856,
					"sender":	true
				}
			}],
		"sum_sent":	{
			"start":	0,
			"end":	10.00103,
			"seconds":	10.00103,
			"bytes":	3385424,
			"bits_per_second":	2708060.2697922112,
			"retransmits":	0,
			"sender":	true
		},
		"sum_received":	{
			"start":	0,
			"end":	10.527928,
			"seconds":	10.527928,
			"bytes":	2387752,
			"bits_per_second":	1814413.6244092856,
			"sender":	true
		},
		"cpu_utilization_percent":	{
			"host_total":	0.1169484073696218,
			"host_user":	0.018960300377363751,
			"host_system":	0.097978148851303543,
			"remote_total":	0.1809375297719602,
			"remote_user":	0.03533453781047257,
			"remote_system":	0.14559349342981814
		},
		"sender_tcp_congestion":	"bbr",
		"receiver_tcp_congestion":	"bbr"
	}
}
