{
	"start":	{
		"connected":	[{
				"socket":	6,
				"local_host":	"192.168.101.210",
				"local_port":	60246,
				"remote_host":	"192.168.100.168",
				"remote_port":	5201
			}],
		"version":	"iperf 3.11",
		"system_info":	"Linux f1 6.0.10-300.fc37.x86_64 #1 SMP PREEMPT_DYNAMIC Sat Nov 26 16:55:13 UTC 2022 x86_64",
		"timestamp":	{
			"time":	"Fri, 09 Dec 2022 23:07:52 GMT",
			"timesecs":	1670627272
		},
		"connecting_to":	{
			"host":	"192.168.100.168",
			"port":	5201
		},
		"cookie":	"r5ckqz4v6kd7j2nfxoxj2hffccyqhlpfrtoi",
		"tcp_mss_default":	1448,
		"target_bitrate":	0,
		"sock_bufsize":	0,
		"sndbuf_actual":	16384,
		"rcvbuf_actual":	131072,
		"test_start":	{
			"protocol":	"TCP",
			"num_streams":	1,
			"blksize":	131072,
			"omit":	0,
			"duration":	10,
			"bytes":	0,
			"blocks":	0,
			"reverse":	0,
			"tos":	0,
			"target_bitrate":	0
		}
	},
	"intervals":	[{
			"streams":	[{
					"socket":	6,
					"start":	0,
					"end":	1.000123,
					"seconds":	1.0001230239868164,
					"bytes":	5898240,
					"bits_per_second":	47180115.7140664,
					"retransmits":	0,
					"snd_cwnd":	1006360,
					"snd_wnd":	3141248,
					"rtt":	259750,
					"rttvar":	691,
					"pmtu":	1500,
					"omitted":	false,
					"sender":	true
				}],
			"sum":	{
				"start":	0,
				"end":	1.000123,
				"seconds":	1.0001230239868164,
				"bytes":	5898240,
				"bits_per_second":	47180115.7140664,
				"retransmits":	0,
				"omitted":	false,
				"sender":	true
			}
		}, {
			"streams":	[{
					"socket":	6,
					"start":	1.000123,
					"end":	2.000136,
					"seconds":	1.000012993812561,
					"bytes":	3932160,
					"bits_per_second":	31456871.25531115,
					"retransmits":	0,
					"snd_cwnd":	1201840,
					"snd_wnd":	3143808,
					"rtt":	291484,
					"rttvar":	249,
					"pmtu":	1500,
					"omitted":	false,
					"sender":	true
				}],
			"sum":	{
				"start":	1.000123,
				"end":	2.000136,
				"seconds":	1.000012993812561,
				"bytes":	3932160,
				"bits_per_second":	31456871.25531115,
				"retransmits":	0,
				"omitted":	false,
				"sender":	true
			}
		}, {
			"streams":	[{
					"socket":	6,
					"start":	2.000136,
					"end":	3.000139,
					"seconds":	1.0000029802322388,
					"bytes":	3932160,
					"bits_per_second":	31457186.2502794,
					"retransmits":	0,
					"snd_cwnd":	1406008,
					"snd_wnd":	3143808,
					"rtt":	324103,
					"rttvar":	373,
					"pmtu":	1500,
					"omitted":	false,
					"sender":	true
				}],
			"sum":	{
				"start":	2.000136,
				"end":	3.000139,
				"seconds":	1.0000029802322388,
				"bytes":	3932160,
				"bits_per_second":	31457186.2502794,
				"retransmits":	0,
				"omitted":	false,
				"sender":	true
			}
		}, {
			"streams":	[{
					"socket":	6,
					"start":	3.000139,
					"end":	4.000207,
					"seconds":	1.0000679492950439,
					"bytes":	3932160,
					"bits_per_second":	31455142.64523175,
					"retransmits":	0,
					"snd_cwnd":	1617416,
					"snd_wnd":	3143808,
					"rtt":	357737,
					"rttvar":	79,
					"pmtu":	1500,
					"omitted":	false,
					"sender":	true
				}],
			"sum":	{
				"start":	3.000139,
				"end":	4.000207,
				"seconds":	1.0000679492950439,
				"bytes":	3932160,
				"bits_per_second":	31455142.64523175,
				"retransmits":	0,
				"omitted":	false,
				"sender":	true
			}
		}, {
			"streams":	[{
					"socket":	6,
					"start":	4.000207,
					"end":	5.00008,
					"seconds":	0.99987298250198364,
					"bytes":	5242880,
					"bits_per_second":	41948368.176771685,
					"retransmits":	0,
					"snd_cwnd":	1850544,
					"snd_wnd":	3143808,
					"rtt":	354126,
					"rttvar":	60,
					"pmtu":	1500,
					"omitted":	false,
					"sender":	true
				}],
			"sum":	{
				"start":	4.000207,
				"end":	5.00008,
				"seconds":	0.99987298250198364,
				"bytes":	5242880,
				"bits_per_second":	41948368.176771685,
				"retransmits":	0,
				"omitted":	false,
				"sender":	true
			}
		}, {
			"streams":	[{
					"socket":	6,
					"start":	5.00008,
					"end":	6.000296,
					"seconds":	1.000216007232666,
					"bytes":	3932160,
					"bits_per_second":	31450486.467452165,
					"retransmits":	0,
					"snd_cwnd":	2103944,
					"snd_wnd":	3143808,
					"rtt":	388830,
					"rttvar":	587,
					"pmtu":	1500,
					"omitted":	false,
					"sender":	true
				}],
			"sum":	{
				"start":	5.00008,
				"end":	6.000296,
				"seconds":	1.000216007232666,
				"bytes":	3932160,
				"bits_per_second":	31450486.467452165,
				"retransmits":	0,
				"omitted":	false,
				"sender":	true
			}
		}, {
			"streams":	[{
					"socket":	6,
					"start":	6.000296,
					"end":	7.000068,
					"seconds":	0.999772012233734,
					"bytes":	6553600,
					"bits_per_second":	52440755.850787714,
					"retransmits":	0,
					"snd_cwnd":	2370376,
					"snd_wnd":	3143808,
					"rtt":	423560,
					"rttvar":	354,
					"pmtu":	1500,
					"omitted":	false,
					"sender":	true
				}],
			"sum":	{
				"start":	6.000296,
				"end":	7.000068,
				"seconds":	0.999772012233734,
				"bytes":	6553600,
				"bits_per_second":	52440755.850787714,
				"retransmits":	0,
				"omitted":	false,
				"sender":	true
			}
		}, {
			"streams":	[{
					"socket":	6,
					"start":	7.000068,
					"end":	8.000074,
					"seconds":	1.0000059604644775,
					"bytes":	5242880,
					"bits_per_second":	41942790.0014901,
					"retransmits":	0,
					"snd_cwnd":	2636808,
					"snd_wnd":	3143808,
					"rtt":	468616,
					"rttvar":	650,
					"pmtu":	1500,
					"omitted":	false,
					"sender":	true
				}],
			"sum":	{
				"start":	7.000068,
				"end":	8.000074,
				"seconds":	1.0000059604644775,
				"bytes":	5242880,
				"bits_per_second":	41942790.0014901,
				"retransmits":	0,
				"omitted":	false,
				"sender":	true
			}
		}, {
			"streams":	[{
					"socket":	6,
					"start":	8.000074,
					"end":	9.000079,
					"seconds":	1.0000050067901611,
					"bytes":	5242880,
					"bits_per_second":	41942830.001051418,
					"retransmits":	0,
					"snd_cwnd":	2909032,
					"snd_wnd":	3143808,
					"rtt":	498139,
					"rttvar":	1220,
					"pmtu":	1500,
					"omitted":	false,
					"sender":	true
				}],
			"sum":	{
				"start":	8.000074,
				"end":	9.000079,
				"seconds":	1.0000050067901611,
				"bytes":	5242880,
				"bits_per_second":	41942830.001051418,
				"retransmits":	0,
				"omitted":	false,
				"sender":	true
			}
		}, {
			"streams":	[{
					"socket":	6,
					"start":	9.000079,
					"end":	10.000131,
					"seconds":	1.0000519752502441,
					"bytes":	5242880,
					"bits_per_second":	41940860.11330016,
					"retransmits":	0,
					"snd_cwnd":	3184152,
					"snd_wnd":	3143808,
					"rtt":	547943,
					"rttvar":	736,
					"pmtu":	1500,
					"omitted":	false,
					"sender":	true
				}],
			"sum":	{
				"start":	9.000079,
				"end":	10.000131,
				"seconds":	1.0000519752502441,
				"bytes":	5242880,
				"bits_per_second":	41940860.11330016,
				"retransmits":	0,
				"omitted":	false,
				"sender":	true
			}
		}],
	"end":	{
		"streams":	[{
				"sender":	{
					"socket":	6,
					"start":	0,
					"end":	10.000131,
					"seconds":	10.000131,
					"bytes":	49152000,
					"bits_per_second":	39321084.8937879,
					"retransmits":	0,
					"max_snd_cwnd":	3184152,
					"max_snd_wnd":	3143808,
					"max_rtt":	547943,
					"min_rtt":	259750,
					"mean_rtt":	391428,
					"sender":	true
				},
				"receiver":	{
					"socket":	6,
					"start":	0,
					"end":	10.537489,
					"seconds":	10.000131,
					"bytes":	49147096,
					"bits_per_second":	37312187.751749963,
					"sender":	true
				}
			}],
		"sum_sent":	{
			"start":	0,
			"end":	10.000131,
			"seconds":	10.000131,
			"bytes":	49152000,
			"bits_per_second":	39321084.8937879,
			"retransmits":	0,
			"sender":	true
		},
		"sum_received":	{
			"start":	0,
			"end":	10.537489,
			"seconds":	10.537489,
			"bytes":	49147096,
			"bits_per_second":	37312187.751749963,
			"sender":	true
		},
		"cpu_utilization_percent":	{
			"host_total":	0.828575813546319,
			"host_user":	0.081872279438224532,
			"host_system":	0.746693826700051,
			"remote_total":	2.0582775800711746,
			"remote_user":	0.17110320284697511,
			"remote_system":	1.8871743772241993
		},
		"sender_tcp_congestion":	"cubic",
		"receiver_tcp_congestion":	"cubic"
	}
}
