{
	"start":	{
		"connected":	[{
				"socket":	6,
				"local_host":	"192.168.101.210",
				"local_port":	36262,
				"remote_host":	"192.168.100.168",
				"remote_port":	5201
			}],
		"version":	"iperf 3.11",
		"system_info":	"Linux f1 6.0.10-300.fc37.x86_64 #1 SMP PREEMPT_DYNAMIC Sat Nov 26 16:55:13 UTC 2022 x86_64",
		"timestamp":	{
			"time":	"Fri, 09 Dec 2022 23:29:36 GMT",
			"timesecs":	1670628576
		},
		"connecting_to":	{
			"host":	"192.168.100.168",
			"port":	5201
		},
		"cookie":	"syrzvu2tc7r6fprc22xsbvjiudjqd3qd7tm2",
		"tcp_mss_default":	1448,
		"target_bitrate":	0,
		"sock_bufsize":	0,
		"sndbuf_actual":	16384,
		"rcvbuf_actual":	131072,
		"test_start":	{
			"protocol":	"TCP",
			"num_streams":	1,
			"blksize":	131072,
			"omit":	0,
			"duration":	10,
			"bytes":	0,
			"blocks":	0,
			"reverse":	0,
			"tos":	0,
			"target_bitrate":	0
		}
	},
	"intervals":	[{
			"streams":	[{
					"socket":	6,
					"start":	0,
					"end":	1.00008,
					"seconds":	1.0000799894332886,
					"bytes":	33947648,
					"bits_per_second":	271559462.11252147,
					"retransmits":	0,
					"snd_cwnd":	3289856,
					"snd_wnd":	3143552,
					"rtt":	91446,
					"rttvar":	752,
					"pmtu":	1500,
					"omitted":	false,
					"sender":	true
				}],
			"sum":	{
				"start":	0,
				"end":	1.00008,
				"seconds":	1.0000799894332886,
				"bytes":	33947648,
				"bits_per_second":	271559462.11252147,
				"retransmits":	0,
				"omitted":	false,
				"sender":	true
			}
		}, {
			"streams":	[{
					"socket":	6,
					"start":	1.00008,
					"end":	2.000073,
					"seconds":	0.99999302625656128,
					"bytes":	36700160,
					"bits_per_second":	293603327.51427883,
					"retransmits":	0,
					"snd_cwnd":	3289856,
					"snd_wnd":	3143552,
					"rtt":	78959,
					"rttvar":	1155,
					"pmtu":	1500,
					"omitted":	false,
					"sender":	true
				}],
			"sum":	{
				"start":	1.00008,
				"end":	2.000073,
				"seconds":	0.99999302625656128,
				"bytes":	36700160,
				"bits_per_second":	293603327.51427883,
				"retransmits":	0,
				"omitted":	false,
				"sender":	true
			}
		}, {
			"streams":	[{
					"socket":	6,
					"start":	2.000073,
					"end":	3.000085,
					"seconds":	1.0000120401382446,
					"bytes":	41943040,
					"bits_per_second":	335540280.04864156,
					"retransmits":	0,
					"snd_cwnd":	3289856,
					"snd_wnd":	3143552,
					"rtt":	70188,
					"rttvar":	489,
					"pmtu":	1500,
					"omitted":	false,
					"sender":	true
				}],
			"sum":	{
				"start":	2.000073,
				"end":	3.000085,
				"seconds":	1.0000120401382446,
				"bytes":	41943040,
				"bits_per_second":	335540280.04864156,
				"retransmits":	0,
				"omitted":	false,
				"sender":	true
			}
		}, {
			"streams":	[{
					"socket":	6,
					"start":	3.000085,
					"end":	4.000074,
					"seconds":	0.99998897314071655,
					"bytes":	43253760,
					"bits_per_second":	346033895.6670748,
					"retransmits":	0,
					"snd_cwnd":	3289856,
					"snd_wnd":	3143552,
					"rtt":	68640,
					"rttvar":	742,
					"pmtu":	1500,
					"omitted":	false,
					"sender":	true
				}],
			"sum":	{
				"start":	3.000085,
				"end":	4.000074,
				"seconds":	0.99998897314071655,
				"bytes":	43253760,
				"bits_per_second":	346033895.6670748,
				"retransmits":	0,
				"omitted":	false,
				"sender":	true
			}
		}, {
			"streams":	[{
					"socket":	6,
					"start":	4.000074,
					"end":	5.000091,
					"seconds":	1.0000170469284058,
					"bytes":	45875200,
					"bits_per_second":	366995343.856648,
					"retransmits":	0,
					"snd_cwnd":	3289856,
					"snd_wnd":	3143552,
					"rtt":	66856,
					"rttvar":	579,
					"pmtu":	1500,
					"omitted":	false,
					"sender":	true
				}],
			"sum":	{
				"start":	4.000074,
				"end":	5.000091,
				"seconds":	1.0000170469284058,
				"bytes":	45875200,
				"bits_per_second":	366995343.856648,
				"retransmits":	0,
				"omitted":	false,
				"sender":	true
			}
		}, {
			"streams":	[{
					"socket":	6,
					"start":	5.000091,
					"end":	6.000076,
					"seconds":	0.9999849796295166,
					"bytes":	47185920,
					"bits_per_second":	377493030.08516675,
					"retransmits":	0,
					"snd_cwnd":	3289856,
					"snd_wnd":	3143552,
					"rtt":	65385,
					"rttvar":	466,
					"pmtu":	1500,
					"omitted":	false,
					"sender":	true
				}],
			"sum":	{
				"start":	5.000091,
				"end":	6.000076,
				"seconds":	0.9999849796295166,
				"bytes":	47185920,
				"bits_per_second":	377493030.08516675,
				"retransmits":	0,
				"omitted":	false,
				"sender":	true
			}
		}, {
			"streams":	[{
					"socket":	6,
					"start":	6.000076,
					"end":	7.000079,
					"seconds":	1.0000029802322388,
					"bytes":	47185920,
					"bits_per_second":	377486235.00335276,
					"retransmits":	0,
					"snd_cwnd":	3289856,
					"snd_wnd":	3143552,
					"rtt":	62986,
					"rttvar":	1019,
					"pmtu":	1500,
					"omitted":	false,
					"sender":	true
				}],
			"sum":	{
				"start":	6.000076,
				"end":	7.000079,
				"seconds":	1.0000029802322388,
				"bytes":	47185920,
				"bits_per_second":	377486235.00335276,
				"retransmits":	0,
				"omitted":	false,
				"sender":	true
			}
		}, {
			"streams":	[{
					"socket":	6,
					"start":	7.000079,
					"end":	8.000072,
					"seconds":	0.99999302625656128,
					"bytes":	47185920,
					"bits_per_second":	377489992.51835853,
					"retransmits":	0,
					"snd_cwnd":	3289856,
					"snd_wnd":	3143552,
					"rtt":	63186,
					"rttvar":	575,
					"pmtu":	1500,
					"omitted":	false,
					"sender":	true
				}],
			"sum":	{
				"start":	7.000079,
				"end":	8.000072,
				"seconds":	0.99999302625656128,
				"bytes":	47185920,
				"bits_per_second":	377489992.51835853,
				"retransmits":	0,
				"omitted":	false,
				"sender":	true
			}
		}, {
			"streams":	[{
					"socket":	6,
					"start":	8.000072,
					"end":	9.000078,
					"seconds":	1.0000059604644775,
					"bytes":	48496640,
					"bits_per_second":	387970807.51378351,
					"retransmits":	0,
					"snd_cwnd":	3289856,
					"snd_wnd":	3143552,
					"rtt":	63484,
					"rttvar":	940,
					"pmtu":	1500,
					"omitted":	false,
					"sender":	true
				}],
			"sum":	{
				"start":	8.000072,
				"end":	9.000078,
				"seconds":	1.0000059604644775,
				"bytes":	48496640,
				"bits_per_second":	387970807.51378351,
				"retransmits":	0,
				"omitted":	false,
				"sender":	true
			}
		}, {
			"streams":	[{
					"socket":	6,
					"start":	9.000078,
					"end":	10.000081,
					"seconds":	1.0000029802322388,
					"bytes":	48496640,
					"bits_per_second":	387971963.75344586,
					"retransmits":	0,
					"snd_cwnd":	3289856,
					"snd_wnd":	3143552,
					"rtt":	62797,
					"rttvar":	592,
					"pmtu":	1500,
					"omitted":	false,
					"sender":	true
				}],
			"sum":	{
				"start":	9.000078,
				"end":	10.000081,
				"seconds":	1.0000029802322388,
				"bytes":	48496640,
				"bits_per_second":	387971963.75344586,
				"retransmits":	0,
				"omitted":	false,
				"sender":	true
			}
		}],
	"end":	{
		"streams":	[{
				"sender":	{
					"socket":	6,
					"start":	0,
					"end":	10.000081,
					"seconds":	10.000081,
					"bytes":	440270848,
					"bits_per_second":	352213825.4680137,
					"retransmits":	0,
					"max_snd_cwnd":	3289856,
					"max_snd_wnd":	3143552,
					"max_rtt":	91446,
					"min_rtt":	62797,
					"mean_rtt":	69392,
					"sender":	true
				},
				"receiver":	{
					"socket":	6,
					"start":	0,
					"end":	10.064721,
					"seconds":	10.000081,
					"bytes":	439796728,
					"bits_per_second":	349574898.69813579,
					"sender":	true
				}
			}],
		"sum_sent":	{
			"start":	0,
			"end":	10.000081,
			"seconds":	10.000081,
			"bytes":	440270848,
			"bits_per_second":	352213825.4680137,
			"retransmits":	0,
			"sender":	true
		},
		"sum_received":	{
			"start":	0,
			"end":	10.064721,
			"seconds":	10.064721,
			"bytes":	439796728,
			"bits_per_second":	349574898.69813579,
			"sender":	true
		},
		"cpu_utilization_percent":	{
			"host_total":	2.7181719283764254,
			"host_user":	0.0309662775455582,
			"host_system":	2.6872155505359654,
			"remote_total":	3.052242528886266,
			"remote_user":	0.26684270051529446,
			"remote_system":	2.7853998283709722
		},
		"sender_tcp_congestion":	"cubic",
		"receiver_tcp_congestion":	"cubic"
	}
}
