{
	"start":	{
		"connected":	[{
				"socket":	6,
				"local_host":	"192.168.101.210",
				"local_port":	60930,
				"remote_host":	"192.168.100.168",
				"remote_port":	5202
			}],
		"version":	"iperf 3.11",
		"system_info":	"Linux f1 6.0.10-300.fc37.x86_64 #1 SMP PREEMPT_DYNAMIC Sat Nov 26 16:55:13 UTC 2022 x86_64",
		"timestamp":	{
			"time":	"Fri, 09 Dec 2022 23:30:31 GMT",
			"timesecs":	1670628631
		},
		"connecting_to":	{
			"host":	"192.168.100.168",
			"port":	5202
		},
		"cookie":	"twfx6ax3saxmgu6pj3su3xgll2rmttyuku6j",
		"tcp_mss_default":	1448,
		"target_bitrate":	0,
		"sock_bufsize":	0,
		"sndbuf_actual":	16384,
		"rcvbuf_actual":	131072,
		"test_start":	{
			"protocol":	"TCP",
			"num_streams":	1,
			"blksize":	131072,
			"omit":	0,
			"duration":	10,
			"bytes":	0,
			"blocks":	0,
			"reverse":	0,
			"tos":	0,
			"target_bitrate":	0
		}
	},
	"intervals":	[{
			"streams":	[{
					"socket":	6,
					"start":	0,
					"end":	1.000088,
					"seconds":	1.0000879764556885,
					"bytes":	22544384,
					"bits_per_second":	180339206.39579964,
					"retransmits":	0,
					"snd_cwnd":	4750888,
					"snd_wnd":	3141248,
					"rtt":	102781,
					"rttvar":	1246,
					"pmtu":	1500,
					"omitted":	false,
					"sender":	true
				}],
			"sum":	{
				"start":	0,
				"end":	1.000088,
				"seconds":	1.0000879764556885,
				"bytes":	22544384,
				"bits_per_second":	180339206.39579964,
				"retransmits":	0,
				"omitted":	false,
				"sender":	true
			}
		}, {
			"streams":	[{
					"socket":	6,
					"start":	1.000088,
					"end":	2.000083,
					"seconds":	0.999994993209839,
					"bytes":	30146560,
					"bits_per_second":	241173687.50604573,
					"retransmits":	0,
					"snd_cwnd":	4750888,
					"snd_wnd":	3143552,
					"rtt":	99191,
					"rttvar":	1948,
					"pmtu":	1500,
					"omitted":	false,
					"sender":	true
				}],
			"sum":	{
				"start":	1.000088,
				"end":	2.000083,
				"seconds":	0.999994993209839,
				"bytes":	30146560,
				"bits_per_second":	241173687.50604573,
				"retransmits":	0,
				"omitted":	false,
				"sender":	true
			}
		}, {
			"streams":	[{
					"socket":	6,
					"start":	2.000083,
					"end":	3.000075,
					"seconds":	0.9999920129776,
					"bytes":	30146560,
					"bits_per_second":	241174406.26538512,
					"retransmits":	0,
					"snd_cwnd":	4750888,
					"snd_wnd":	3143552,
					"rtt":	98588,
					"rttvar":	1502,
					"pmtu":	1500,
					"omitted":	false,
					"sender":	true
				}],
			"sum":	{
				"start":	2.000083,
				"end":	3.000075,
				"seconds":	0.9999920129776,
				"bytes":	30146560,
				"bits_per_second":	241174406.26538512,
				"retransmits":	0,
				"omitted":	false,
				"sender":	true
			}
		}, {
			"streams":	[{
					"socket":	6,
					"start":	3.000075,
					"end":	4.000077,
					"seconds":	1.0000020265579224,
					"bytes":	28835840,
					"bits_per_second":	230686252.50094742,
					"retransmits":	0,
					"snd_cwnd":	4750888,
					"snd_wnd":	3143552,
					"rtt":	101276,
					"rttvar":	1401,
					"pmtu":	1500,
					"omitted":	false,
					"sender":	true
				}],
			"sum":	{
				"start":	3.000075,
				"end":	4.000077,
				"seconds":	1.0000020265579224,
				"bytes":	28835840,
				"bits_per_second":	230686252.50094742,
				"retransmits":	0,
				"omitted":	false,
				"sender":	true
			}
		}, {
			"streams":	[{
					"socket":	6,
					"start":	4.000077,
					"end":	5.000089,
					"seconds":	1.0000120401382446,
					"bytes":	30146560,
					"bits_per_second":	241169576.28496113,
					"retransmits":	0,
					"snd_cwnd":	4750888,
					"snd_wnd":	3143552,
					"rtt":	103568,
					"rttvar":	1504,
					"pmtu":	1500,
					"omitted":	false,
					"sender":	true
				}],
			"sum":	{
				"start":	4.000077,
				"end":	5.000089,
				"seconds":	1.0000120401382446,
				"bytes":	30146560,
				"bits_per_second":	241169576.28496113,
				"retransmits":	0,
				"omitted":	false,
				"sender":	true
			}
		}, {
			"streams":	[{
					"socket":	6,
					"start":	5.000089,
					"end":	6.000087,
					"seconds":	0.99999797344207764,
					"bytes":	30146560,
					"bits_per_second":	241172968.75099048,
					"retransmits":	0,
					"snd_cwnd":	4750888,
					"snd_wnd":	3143552,
					"rtt":	99189,
					"rttvar":	1933,
					"pmtu":	1500,
					"omitted":	false,
					"sender":	true
				}],
			"sum":	{
				"start":	5.000089,
				"end":	6.000087,
				"seconds":	0.99999797344207764,
				"bytes":	30146560,
				"bits_per_second":	241172968.75099048,
				"retransmits":	0,
				"omitted":	false,
				"sender":	true
			}
		}, {
			"streams":	[{
					"socket":	6,
					"start":	6.000087,
					"end":	7.000094,
					"seconds":	1.0000070333480835,
					"bytes":	30146560,
					"bits_per_second":	241170783.76193023,
					"retransmits":	0,
					"snd_cwnd":	4750888,
					"snd_wnd":	3143552,
					"rtt":	97914,
					"rttvar":	914,
					"pmtu":	1500,
					"omitted":	false,
					"sender":	true
				}],
			"sum":	{
				"start":	6.000087,
				"end":	7.000094,
				"seconds":	1.0000070333480835,
				"bytes":	30146560,
				"bits_per_second":	241170783.76193023,
				"retransmits":	0,
				"omitted":	false,
				"sender":	true
			}
		}, {
			"streams":	[{
					"socket":	6,
					"start":	7.000094,
					"end":	8.000089,
					"seconds":	0.999994993209839,
					"bytes":	28835840,
					"bits_per_second":	230687875.00578287,
					"retransmits":	0,
					"snd_cwnd":	4750888,
					"snd_wnd":	3143552,
					"rtt":	102396,
					"rttvar":	1437,
					"pmtu":	1500,
					"omitted":	false,
					"sender":	true
				}],
			"sum":	{
				"start":	7.000094,
				"end":	8.000089,
				"seconds":	0.999994993209839,
				"bytes":	28835840,
				"bits_per_second":	230687875.00578287,
				"retransmits":	0,
				"omitted":	false,
				"sender":	true
			}
		}, {
			"streams":	[{
					"socket":	6,
					"start":	8.000089,
					"end":	9.00008,
					"seconds":	0.999990999698639,
					"bytes":	30146560,
					"bits_per_second":	241174650.64453647,
					"retransmits":	0,
					"snd_cwnd":	4750888,
					"snd_wnd":	3143552,
					"rtt":	103527,
					"rttvar":	1525,
					"pmtu":	1500,
					"omitted":	false,
					"sender":	true
				}],
			"sum":	{
				"start":	8.000089,
				"end":	9.00008,
				"seconds":	0.999990999698639,
				"bytes":	30146560,
				"bits_per_second":	241174650.64453647,
				"retransmits":	0,
				"omitted":	false,
				"sender":	true
			}
		}, {
			"streams":	[{
					"socket":	6,
					"start":	9.00008,
					"end":	10.000092,
					"seconds":	1.0000120401382446,
					"bytes":	30146560,
					"bits_per_second":	241169576.28496113,
					"retransmits":	0,
					"snd_cwnd":	4750888,
					"snd_wnd":	3143552,
					"rtt":	99159,
					"rttvar":	1950,
					"pmtu":	1500,
					"omitted":	false,
					"sender":	true
				}],
			"sum":	{
				"start":	9.00008,
				"end":	10.000092,
				"seconds":	1.0000120401382446,
				"bytes":	30146560,
				"bits_per_second":	241169576.28496113,
				"retransmits":	0,
				"omitted":	false,
				"sender":	true
			}
		}],
	"end":	{
		"streams":	[{
				"sender":	{
					"socket":	6,
					"start":	0,
					"end":	10.000092,
					"seconds":	10.000092,
					"bytes":	291241984,
					"bits_per_second":	232991443.67871815,
					"retransmits":	0,
					"max_snd_cwnd":	4750888,
					"max_snd_wnd":	3143552,
					"max_rtt":	103568,
					"min_rtt":	97914,
					"mean_rtt":	100758,
					"sender":	true
				},
				"receiver":	{
					"socket":	6,
					"start":	0,
					"end":	10.105011,
					"seconds":	10.000092,
					"bytes":	290973264,
					"bits_per_second":	230359582.19144937,
					"sender":	true
				}
			}],
		"sum_sent":	{
			"start":	0,
			"end":	10.000092,
			"seconds":	10.000092,
			"bytes":	291241984,
			"bits_per_second":	232991443.67871815,
			"retransmits":	0,
			"sender":	true
		},
		"sum_received":	{
			"start":	0,
			"end":	10.105011,
			"seconds":	10.105011,
			"bytes":	290973264,
			"bits_per_second":	230359582.19144937,
			"sender":	true
		},
		"cpu_utilization_percent":	{
			"host_total":	0.805624550178909,
			"host_user":	0.10524171579286438,
			"host_system":	0.70038283438604454,
			"remote_total":	1.2917536159986969,
			"remote_user":	0.12824315194532462,
			"remote_system":	1.1635104640533722
		},
		"sender_tcp_congestion":	"bbr",
		"receiver_tcp_congestion":	"bbr"
	}
}
