{
	"start":	{
		"connected":	[{
				"socket":	6,
				"local_host":	"192.168.101.210",
				"local_port":	40656,
				"remote_host":	"192.168.100.168",
				"remote_port":	5201
			}],
		"version":	"iperf 3.11",
		"system_info":	"Linux f1 6.0.10-300.fc37.x86_64 #1 SMP PREEMPT_DYNAMIC Sat Nov 26 16:55:13 UTC 2022 x86_64",
		"timestamp":	{
			"time":	"Fri, 09 Dec 2022 23:32:03 GMT",
			"timesecs":	1670628723
		},
		"connecting_to":	{
			"host":	"192.168.100.168",
			"port":	5201
		},
		"cookie":	"vdvr7ysw3zsdrr5eolw2ca2d2bjzwnwqkvx6",
		"tcp_mss_default":	1448,
		"target_bitrate":	0,
		"sock_bufsize":	0,
		"sndbuf_actual":	16384,
		"rcvbuf_actual":	131072,
		"test_start":	{
			"protocol":	"TCP",
			"num_streams":	1,
			"blksize":	131072,
			"omit":	0,
			"duration":	10,
			"bytes":	0,
			"blocks":	0,
			"reverse":	0,
			"tos":	0,
			"target_bitrate":	0
		}
	},
	"intervals":	[{
			"streams":	[{
					"socket":	6,
					"start":	0,
					"end":	1.000107,
					"seconds":	1.0001070499420166,
					"bytes":	9175040,
					"bits_per_second":	73392463.3410549,
					"retransmits":	367,
					"snd_cwnd":	2612192,
					"snd_wnd":	3141248,
					"rtt":	116316,
					"rttvar":	1291,
					"pmtu":	1500,
					"omitted":	false,
					"sender":	true
				}],
			"sum":	{
				"start":	0,
				"end":	1.000107,
				"seconds":	1.0001070499420166,
				"bytes":	9175040,
				"bits_per_second":	73392463.3410549,
				"retransmits":	367,
				"omitted":	false,
				"sender":	true
			}
		}, {
			"streams":	[{
					"socket":	6,
					"start":	1.000107,
					"end":	2.000078,
					"seconds":	0.99997097253799438,
					"bytes":	22282240,
					"bits_per_second":	178263094.52520335,
					"retransmits":	478,
					"snd_cwnd":	2635360,
					"snd_wnd":	3145728,
					"rtt":	101805,
					"rttvar":	615,
					"pmtu":	1500,
					"omitted":	false,
					"sender":	true
				}],
			"sum":	{
				"start":	1.000107,
				"end":	2.000078,
				"seconds":	0.99997097253799438,
				"bytes":	22282240,
				"bits_per_second":	178263094.52520335,
				"retransmits":	478,
				"omitted":	false,
				"sender":	true
			}
		}, {
			"streams":	[{
					"socket":	6,
					"start":	2.000078,
					"end":	3.000077,
					"seconds":	0.99999898672103882,
					"bytes":	26214400,
					"bits_per_second":	209715412.50021532,
					"retransmits":	0,
					"snd_cwnd":	2764232,
					"snd_wnd":	3145728,
					"rtt":	102238,
					"rttvar":	1104,
					"pmtu":	1500,
					"omitted":	false,
					"sender":	true
				}],
			"sum":	{
				"start":	2.000078,
				"end":	3.000077,
				"seconds":	0.99999898672103882,
				"bytes":	26214400,
				"bits_per_second":	209715412.50021532,
				"retransmits":	0,
				"omitted":	false,
				"sender":	true
			}
		}, {
			"streams":	[{
					"socket":	6,
					"start":	3.000077,
					"end":	4.000073,
					"seconds":	0.9999960064888,
					"bytes":	27525120,
					"bits_per_second":	220201839.37851182,
					"retransmits":	0,
					"snd_cwnd":	2865592,
					"snd_wnd":	3145728,
					"rtt":	100705,
					"rttvar":	762,
					"pmtu":	1500,
					"omitted":	false,
					"sender":	true
				}],
			"sum":	{
				"start":	3.000077,
				"end":	4.000073,
				"seconds":	0.9999960064888,
				"bytes":	27525120,
				"bits_per_second":	220201839.37851182,
				"retransmits":	0,
				"omitted":	false,
				"sender":	true
			}
		}, {
			"streams":	[{
					"socket":	6,
					"start":	4.000073,
					"end":	5.000069,
					"seconds":	0.9999960064888,
					"bytes":	28835840,
					"bits_per_second":	230687641.253679,
					"retransmits":	0,
					"snd_cwnd":	2942336,
					"snd_wnd":	3145728,
					"rtt":	100576,
					"rttvar":	473,
					"pmtu":	1500,
					"omitted":	false,
					"sender":	true
				}],
			"sum":	{
				"start":	4.000073,
				"end":	5.000069,
				"seconds":	0.9999960064888,
				"bytes":	28835840,
				"bits_per_second":	230687641.253679,
				"retransmits":	0,
				"omitted":	false,
				"sender":	true
			}
		}, {
			"streams":	[{
					"socket":	6,
					"start":	5.000069,
					"end":	6.00007,
					"seconds":	1.0000009536743164,
					"bytes":	28835840,
					"bits_per_second":	230686500.00020981,
					"retransmits":	0,
					"snd_cwnd":	2997360,
					"snd_wnd":	3145728,
					"rtt":	100415,
					"rttvar":	361,
					"pmtu":	1500,
					"omitted":	false,
					"sender":	true
				}],
			"sum":	{
				"start":	5.000069,
				"end":	6.00007,
				"seconds":	1.0000009536743164,
				"bytes":	28835840,
				"bits_per_second":	230686500.00020981,
				"retransmits":	0,
				"omitted":	false,
				"sender":	true
			}
		}, {
			"streams":	[{
					"socket":	6,
					"start":	6.00007,
					"end":	7.000078,
					"seconds":	1.0000079870224,
					"bytes":	30146560,
					"bits_per_second":	241170553.76538488,
					"retransmits":	0,
					"snd_cwnd":	3036456,
					"snd_wnd":	3145728,
					"rtt":	100108,
					"rttvar":	94,
					"pmtu":	1500,
					"omitted":	false,
					"sender":	true
				}],
			"sum":	{
				"start":	6.00007,
				"end":	7.000078,
				"seconds":	1.0000079870224,
				"bytes":	30146560,
				"bits_per_second":	241170553.76538488,
				"retransmits":	0,
				"omitted":	false,
				"sender":	true
			}
		}, {
			"streams":	[{
					"socket":	6,
					"start":	7.000078,
					"end":	8.00007,
					"seconds":	0.9999920129776,
					"bytes":	30146560,
					"bits_per_second":	241174406.26538512,
					"retransmits":	0,
					"snd_cwnd":	3059624,
					"snd_wnd":	3145728,
					"rtt":	100456,
					"rttvar":	410,
					"pmtu":	1500,
					"omitted":	false,
					"sender":	true
				}],
			"sum":	{
				"start":	7.000078,
				"end":	8.00007,
				"seconds":	0.9999920129776,
				"bytes":	30146560,
				"bits_per_second":	241174406.26538512,
				"retransmits":	0,
				"omitted":	false,
				"sender":	true
			}
		}, {
			"streams":	[{
					"socket":	6,
					"start":	8.00007,
					"end":	9.000074,
					"seconds":	1.0000040531158447,
					"bytes":	28835840,
					"bits_per_second":	230685785.00378963,
					"retransmits":	0,
					"snd_cwnd":	3072656,
					"snd_wnd":	3145728,
					"rtt":	102031,
					"rttvar":	903,
					"pmtu":	1500,
					"omitted":	false,
					"sender":	true
				}],
			"sum":	{
				"start":	8.00007,
				"end":	9.000074,
				"seconds":	1.0000040531158447,
				"bytes":	28835840,
				"bits_per_second":	230685785.00378963,
				"retransmits":	0,
				"omitted":	false,
				"sender":	true
			}
		}, {
			"streams":	[{
					"socket":	6,
					"start":	9.000074,
					"end":	10.000079,
					"seconds":	1.0000050067901611,
					"bytes":	30146560,
					"bits_per_second":	241171272.50604567,
					"retransmits":	0,
					"snd_cwnd":	3077000,
					"snd_wnd":	3145728,
					"rtt":	101786,
					"rttvar":	1008,
					"pmtu":	1500,
					"omitted":	false,
					"sender":	true
				}],
			"sum":	{
				"start":	9.000074,
				"end":	10.000079,
				"seconds":	1.0000050067901611,
				"bytes":	30146560,
				"bits_per_second":	241171272.50604567,
				"retransmits":	0,
				"omitted":	false,
				"sender":	true
			}
		}],
	"end":	{
		"streams":	[{
				"sender":	{
					"socket":	6,
					"start":	0,
					"end":	10.000079,
					"seconds":	10.000079,
					"bytes":	262144000,
					"bits_per_second":	209713543.26300824,
					"retransmits":	845,
					"max_snd_cwnd":	3077000,
					"max_snd_wnd":	3145728,
					"max_rtt":	116316,
					"min_rtt":	100108,
					"mean_rtt":	102643,
					"sender":	true
				},
				"receiver":	{
					"socket":	6,
					"start":	0,
					"end":	10.100175,
					"seconds":	10.000079,
					"bytes":	261914936,
					"bits_per_second":	207453780.55330724,
					"sender":	true
				}
			}],
		"sum_sent":	{
			"start":	0,
			"end":	10.000079,
			"seconds":	10.000079,
			"bytes":	262144000,
			"bits_per_second":	209713543.26300824,
			"retransmits":	845,
			"sender":	true
		},
		"sum_received":	{
			"start":	0,
			"end":	10.100175,
			"seconds":	10.100175,
			"bytes":	261914936,
			"bits_per_second":	207453780.55330724,
			"sender":	true
		},
		"cpu_utilization_percent":	{
			"host_total":	1.6135532899950178,
			"host_user":	0.1404582154836122,
			"host_system":	1.4730950745114055,
			"remote_total":	1.44826863790195,
			"remote_user":	0.1730956165413787,
			"remote_system":	1.2751631205645673
		},
		"sender_tcp_congestion":	"cubic",
		"receiver_tcp_congestion":	"cubic"
	}
}
