{
	"start":	{
		"connected":	[{
				"socket":	6,
				"local_host":	"192.168.101.210",
				"local_port":	46418,
				"remote_host":	"192.168.100.168",
				"remote_port":	5202
			}],
		"version":	"iperf 3.11",
		"system_info":	"Linux f1 6.0.10-300.fc37.x86_64 #1 SMP PREEMPT_DYNAMIC Sat Nov 26 16:55:13 UTC 2022 x86_64",
		"timestamp":	{
			"time":	"Fri, 09 Dec 2022 23:07:29 GMT",
			"timesecs":	1670627249
		},
		"connecting_to":	{
			"host":	"192.168.100.168",
			"port":	5202
		},
		"cookie":	"nep2g3ra6tl562qsndscgjmlkb4cfc4heeip",
		"tcp_mss_default":	1448,
		"target_bitrate":	0,
		"sock_bufsize":	0,
		"sndbuf_actual":	16384,
		"rcvbuf_actual":	131072,
		"test_start":	{
			"protocol":	"TCP",
			"num_streams":	1,
			"blksize":	131072,
			"omit":	0,
			"duration":	10,
			"bytes":	0,
			"blocks":	0,
			"reverse":	0,
			"tos":	0,
			"target_bitrate":	0
		}
	},
	"intervals":	[{
			"streams":	[{
					"socket":	6,
					"start":	0,
					"end":	1.000084,
					"seconds":	1.0000840425491333,
					"bytes":	5636096,
					"bits_per_second":	45084978.943441972,
					"retransmits":	541,
					"snd_cwnd":	787712,
					"snd_wnd":	2658560,
					"rtt":	80065,
					"rttvar":	1456,
					"pmtu":	1500,
					"omitted":	false,
					"sender":	true
				}],
			"sum":	{
				"start":	0,
				"end":	1.000084,
				"seconds":	1.0000840425491333,
				"bytes":	5636096,
				"bits_per_second":	45084978.943441972,
				"retransmits":	541,
				"omitted":	false,
				"sender":	true
			}
		}, {
			"streams":	[{
					"socket":	6,
					"start":	1.000084,
					"end":	2.000298,
					"seconds":	1.0002139806747437,
					"bytes":	3932160,
					"bits_per_second":	31450550.190049276,
					"retransmits":	49,
					"snd_cwnd":	796400,
					"snd_wnd":	3145728,
					"rtt":	75118,
					"rttvar":	80,
					"pmtu":	1500,
					"omitted":	false,
					"sender":	true
				}],
			"sum":	{
				"start":	1.000084,
				"end":	2.000298,
				"seconds":	1.0002139806747437,
				"bytes":	3932160,
				"bits_per_second":	31450550.190049276,
				"retransmits":	49,
				"omitted":	false,
				"sender":	true
			}
		}, {
			"streams":	[{
					"socket":	6,
					"start":	2.000298,
					"end":	3.000244,
					"seconds":	0.9999459981918335,
					"bytes":	5242880,
					"bits_per_second":	41945305.1223207,
					"retransmits":	20,
					"snd_cwnd":	807984,
					"snd_wnd":	3145728,
					"rtt":	75104,
					"rttvar":	43,
					"pmtu":	1500,
					"omitted":	false,
					"sender":	true
				}],
			"sum":	{
				"start":	2.000298,
				"end":	3.000244,
				"seconds":	0.9999459981918335,
				"bytes":	5242880,
				"bits_per_second":	41945305.1223207,
				"retransmits":	20,
				"omitted":	false,
				"sender":	true
			}
		}, {
			"streams":	[{
					"socket":	6,
					"start":	3.000244,
					"end":	4.000075,
					"seconds":	0.99983102083206177,
					"bytes":	6553600,
					"bits_per_second":	52437660.87230283,
					"retransmits":	92,
					"snd_cwnd":	897760,
					"snd_wnd":	3145728,
					"rtt":	77415,
					"rttvar":	108,
					"pmtu":	1500,
					"omitted":	false,
					"sender":	true
				}],
			"sum":	{
				"start":	3.000244,
				"end":	4.000075,
				"seconds":	0.99983102083206177,
				"bytes":	6553600,
				"bits_per_second":	52437660.87230283,
				"retransmits":	92,
				"omitted":	false,
				"sender":	true
			}
		}, {
			"streams":	[{
					"socket":	6,
					"start":	4.000075,
					"end":	5.000083,
					"seconds":	1.0000079870224,
					"bytes":	5242880,
					"bits_per_second":	41942705.00267563,
					"retransmits":	64,
					"snd_cwnd":	461912,
					"snd_wnd":	3145728,
					"rtt":	90985,
					"rttvar":	1320,
					"pmtu":	1500,
					"omitted":	false,
					"sender":	true
				}],
			"sum":	{
				"start":	4.000075,
				"end":	5.000083,
				"seconds":	1.0000079870224,
				"bytes":	5242880,
				"bits_per_second":	41942705.00267563,
				"retransmits":	64,
				"omitted":	false,
				"sender":	true
			}
		}, {
			"streams":	[{
					"socket":	6,
					"start":	5.000083,
					"end":	6.000129,
					"seconds":	1.0000460147857666,
					"bytes":	5242880,
					"bits_per_second":	41941110.088804454,
					"retransmits":	42,
					"snd_cwnd":	903552,
					"snd_wnd":	3145728,
					"rtt":	75069,
					"rttvar":	2,
					"pmtu":	1500,
					"omitted":	false,
					"sender":	true
				}],
			"sum":	{
				"start":	5.000083,
				"end":	6.000129,
				"seconds":	1.0000460147857666,
				"bytes":	5242880,
				"bits_per_second":	41941110.088804454,
				"retransmits":	42,
				"omitted":	false,
				"sender":	true
			}
		}, {
			"streams":	[{
					"socket":	6,
					"start":	6.000129,
					"end":	7.000063,
					"seconds":	0.99993401765823364,
					"bytes":	6553600,
					"bits_per_second":	52432259.603272729,
					"retransmits":	119,
					"snd_cwnd":	938304,
					"snd_wnd":	3141248,
					"rtt":	75080,
					"rttvar":	29,
					"pmtu":	1500,
					"omitted":	false,
					"sender":	true
				}],
			"sum":	{
				"start":	6.000129,
				"end":	7.000063,
				"seconds":	0.99993401765823364,
				"bytes":	6553600,
				"bits_per_second":	52432259.603272729,
				"retransmits":	119,
				"omitted":	false,
				"sender":	true
			}
		}, {
			"streams":	[{
					"socket":	6,
					"start":	7.000063,
					"end":	8.000118,
					"seconds":	1.0000549554824829,
					"bytes":	5242880,
					"bits_per_second":	41940735.126665428,
					"retransmits":	55,
					"snd_cwnd":	918032,
					"snd_wnd":	3141248,
					"rtt":	86823,
					"rttvar":	594,
					"pmtu":	1500,
					"omitted":	false,
					"sender":	true
				}],
			"sum":	{
				"start":	7.000063,
				"end":	8.000118,
				"seconds":	1.0000549554824829,
				"bytes":	5242880,
				"bits_per_second":	41940735.126665428,
				"retransmits":	55,
				"omitted":	false,
				"sender":	true
			}
		}, {
			"streams":	[{
					"socket":	6,
					"start":	8.000118,
					"end":	9.00024,
					"seconds":	1.0001219511032104,
					"bytes":	5242880,
					"bits_per_second":	41937925.62370383,
					"retransmits":	96,
					"snd_cwnd":	918032,
					"snd_wnd":	3145728,
					"rtt":	76680,
					"rttvar":	95,
					"pmtu":	1500,
					"omitted":	false,
					"sender":	true
				}],
			"sum":	{
				"start":	8.000118,
				"end":	9.00024,
				"seconds":	1.0001219511032104,
				"bytes":	5242880,
				"bits_per_second":	41937925.62370383,
				"retransmits":	96,
				"omitted":	false,
				"sender":	true
			}
		}, {
			"streams":	[{
					"socket":	6,
					"start":	9.00024,
					"end":	10.000071,
					"seconds":	0.99983102083206177,
					"bytes":	6553600,
					"bits_per_second":	52437660.87230283,
					"retransmits":	72,
					"snd_cwnd":	923824,
					"snd_wnd":	3141248,
					"rtt":	75287,
					"rttvar":	371,
					"pmtu":	1500,
					"omitted":	false,
					"sender":	true
				}],
			"sum":	{
				"start":	9.00024,
				"end":	10.000071,
				"seconds":	0.99983102083206177,
				"bytes":	6553600,
				"bits_per_second":	52437660.87230283,
				"retransmits":	72,
				"omitted":	false,
				"sender":	true
			}
		}],
	"end":	{
		"streams":	[{
				"sender":	{
					"socket":	6,
					"start":	0,
					"end":	10.000071,
					"seconds":	10.000071,
					"bytes":	55443456,
					"bits_per_second":	44354449.883405827,
					"retransmits":	1150,
					"max_snd_cwnd":	938304,
					"max_snd_wnd":	3145728,
					"max_rtt":	90985,
					"min_rtt":	75069,
					"mean_rtt":	78762,
					"sender":	true
				},
				"receiver":	{
					"socket":	6,
					"start":	0,
					"end":	10.075168,
					"seconds":	10.000071,
					"bytes":	52295968,
					"bits_per_second":	41524641.971230656,
					"sender":	true
				}
			}],
		"sum_sent":	{
			"start":	0,
			"end":	10.000071,
			"seconds":	10.000071,
			"bytes":	55443456,
			"bits_per_second":	44354449.883405827,
			"retransmits":	1150,
			"sender":	true
		},
		"sum_received":	{
			"start":	0,
			"end":	10.075168,
			"seconds":	10.075168,
			"bytes":	52295968,
			"bits_per_second":	41524641.971230656,
			"sender":	true
		},
		"cpu_utilization_percent":	{
			"host_total":	0.915445212301434,
			"host_user":	0.1431787726135868,
			"host_system":	0.772266439687847,
			"remote_total":	1.8505172561133629,
			"remote_user":	0.14978387985607805,
			"remote_system":	1.7007333762572847
		},
		"sender_tcp_congestion":	"bbr",
		"receiver_tcp_congestion":	"bbr"
	}
}
