{
	"start":	{
		"connected":	[{
				"socket":	6,
				"local_host":	"192.168.101.210",
				"local_port":	38512,
				"remote_host":	"192.168.100.168",
				"remote_port":	5202
			}],
		"version":	"iperf 3.11",
		"system_info":	"Linux f1 6.0.10-300.fc37.x86_64 #1 SMP PREEMPT_DYNAMIC Sat Nov 26 16:55:13 UTC 2022 x86_64",
		"timestamp":	{
			"time":	"Fri, 09 Dec 2022 23:06:09 GMT",
			"timesecs":	1670627169
		},
		"connecting_to":	{
			"host":	"192.168.100.168",
			"port":	5202
		},
		"cookie":	"ar64ru4dfzay5knod3aj267nmllcydicetor",
		"tcp_mss_default":	1448,
		"target_bitrate":	0,
		"sock_bufsize":	0,
		"sndbuf_actual":	16384,
		"rcvbuf_actual":	131072,
		"test_start":	{
			"protocol":	"TCP",
			"num_streams":	1,
			"blksize":	131072,
			"omit":	0,
			"duration":	10,
			"bytes":	0,
			"blocks":	0,
			"reverse":	0,
			"tos":	0,
			"target_bitrate":	0
		}
	},
	"intervals":	[{
			"streams":	[{
					"socket":	6,
					"start":	0,
					"end":	1.000553,
					"seconds":	1.0005530118942261,
					"bytes":	3866160,
					"bits_per_second":	30912185.193911247,
					"retransmits":	0,
					"snd_cwnd":	246160,
					"snd_wnd":	1306880,
					"rtt":	118959,
					"rttvar":	584,
					"pmtu":	1500,
					"omitted":	false,
					"sender":	true
				}],
			"sum":	{
				"start":	0,
				"end":	1.000553,
				"seconds":	1.0005530118942261,
				"bytes":	3866160,
				"bits_per_second":	30912185.193911247,
				"retransmits":	0,
				"omitted":	false,
				"sender":	true
			}
		}, {
			"streams":	[{
					"socket":	6,
					"start":	1.000553,
					"end":	2.000432,
					"seconds":	0.999879002571106,
					"bytes":	1954800,
					"bits_per_second":	15640292.435171807,
					"retransmits":	0,
					"snd_cwnd":	127424,
					"snd_wnd":	1306880,
					"rtt":	135470,
					"rttvar":	434,
					"pmtu":	1500,
					"omitted":	false,
					"sender":	true
				}],
			"sum":	{
				"start":	1.000553,
				"end":	2.000432,
				"seconds":	0.999879002571106,
				"bytes":	1954800,
				"bits_per_second":	15640292.435171807,
				"retransmits":	0,
				"omitted":	false,
				"sender":	true
			}
		}, {
			"streams":	[{
					"socket":	6,
					"start":	2.000432,
					"end":	3.000287,
					"seconds":	0.99985498189926147,
					"bytes":	977400,
					"bits_per_second":	7820334.0899968725,
					"retransmits":	0,
					"snd_cwnd":	83984,
					"snd_wnd":	1306880,
					"rtt":	170464,
					"rttvar":	759,
					"pmtu":	1500,
					"omitted":	false,
					"sender":	true
				}],
			"sum":	{
				"start":	2.000432,
				"end":	3.000287,
				"seconds":	0.99985498189926147,
				"bytes":	977400,
				"bits_per_second":	7820334.0899968725,
				"retransmits":	0,
				"omitted":	false,
				"sender":	true
			}
		}, {
			"streams":	[{
					"socket":	6,
					"start":	3.000287,
					"end":	4.001032,
					"seconds":	1.0007450580596924,
					"bytes":	0,
					"bits_per_second":	0,
					"retransmits":	0,
					"snd_cwnd":	69504,
					"snd_wnd":	1306880,
					"rtt":	208043,
					"rttvar":	2617,
					"pmtu":	1500,
					"omitted":	false,
					"sender":	true
				}],
			"sum":	{
				"start":	3.000287,
				"end":	4.001032,
				"seconds":	1.0007450580596924,
				"bytes":	0,
				"bits_per_second":	0,
				"retransmits":	0,
				"omitted":	false,
				"sender":	true
			}
		}, {
			"streams":	[{
					"socket":	6,
					"start":	4.001032,
					"end":	5.001032,
					"seconds":	1,
					"bytes":	0,
					"bits_per_second":	0,
					"retransmits":	0,
					"snd_cwnd":	52128,
					"snd_wnd":	1306880,
					"rtt":	248465,
					"rttvar":	3551,
					"pmtu":	1500,
					"omitted":	false,
					"sender":	true
				}],
			"sum":	{
				"start":	4.001032,
				"end":	5.001032,
				"seconds":	1,
				"bytes":	0,
				"bits_per_second":	0,
				"retransmits":	0,
				"omitted":	false,
				"sender":	true
			}
		}, {
			"streams":	[{
					"socket":	6,
					"start":	5.001032,
					"end":	6.000082,
					"seconds":	0.99905002117156982,
					"bytes":	977400,
					"bits_per_second":	7826635.1376786428,
					"retransmits":	0,
					"snd_cwnd":	43440,
					"snd_wnd":	1306880,
					"rtt":	296801,
					"rttvar":	4864,
					"pmtu":	1500,
					"omitted":	false,
					"sender":	true
				}],
			"sum":	{
				"start":	5.001032,
				"end":	6.000082,
				"seconds":	0.99905002117156982,
				"bytes":	977400,
				"bits_per_second":	7826635.1376786428,
				"retransmits":	0,
				"omitted":	false,
				"sender":	true
			}
		}, {
			"streams":	[{
					"socket":	6,
					"start":	6.000082,
					"end":	7.001032,
					"seconds":	1.00094997882843,
					"bytes":	0,
					"bits_per_second":	0,
					"retransmits":	0,
					"snd_cwnd":	37648,
					"snd_wnd":	1306880,
					"rtt":	337636,
					"rttvar":	10045,
					"pmtu":	1500,
					"omitted":	false,
					"sender":	true
				}],
			"sum":	{
				"start":	6.000082,
				"end":	7.001032,
				"seconds":	1.00094997882843,
				"bytes":	0,
				"bits_per_second":	0,
				"retransmits":	0,
				"omitted":	false,
				"sender":	true
			}
		}, {
			"streams":	[{
					"socket":	6,
					"start":	7.001032,
					"end":	8.00103,
					"seconds":	0.99999797344207764,
					"bytes":	0,
					"bits_per_second":	0,
					"retransmits":	0,
					"snd_cwnd":	31856,
					"snd_wnd":	1306880,
					"rtt":	378493,
					"rttvar":	8215,
					"pmtu":	1500,
					"omitted":	false,
					"sender":	true
				}],
			"sum":	{
				"start":	7.001032,
				"end":	8.00103,
				"seconds":	0.99999797344207764,
				"bytes":	0,
				"bits_per_second":	0,
				"retransmits":	0,
				"omitted":	false,
				"sender":	true
			}
		}, {
			"streams":	[{
					"socket":	6,
					"start":	8.00103,
					"end":	9.001037,
					"seconds":	1.0000070333480835,
					"bytes":	0,
					"bits_per_second":	0,
					"retransmits":	0,
					"snd_cwnd":	26064,
					"snd_wnd":	1306368,
					"rtt":	421206,
					"rttvar":	16646,
					"pmtu":	1500,
					"omitted":	false,
					"sender":	true
				}],
			"sum":	{
				"start":	8.00103,
				"end":	9.001037,
				"seconds":	1.0000070333480835,
				"bytes":	0,
				"bits_per_second":	0,
				"retransmits":	0,
				"omitted":	false,
				"sender":	true
			}
		}, {
			"streams":	[{
					"socket":	6,
					"start":	9.001037,
					"end":	10.001039,
					"seconds":	1.0000020265579224,
					"bytes":	0,
					"bits_per_second":	0,
					"retransmits":	0,
					"snd_cwnd":	26064,
					"snd_wnd":	1306368,
					"rtt":	466630,
					"rttvar":	22360,
					"pmtu":	1500,
					"omitted":	false,
					"sender":	true
				}],
			"sum":	{
				"start":	9.001037,
				"end":	10.001039,
				"seconds":	1.0000020265579224,
				"bytes":	0,
				"bits_per_second":	0,
				"retransmits":	0,
				"omitted":	false,
				"sender":	true
			}
		}],
	"end":	{
		"streams":	[{
				"sender":	{
					"socket":	6,
					"start":	0,
					"end":	10.001039,
					"seconds":	10.001039,
					"bytes":	7775760,
					"bits_per_second":	6219961.7459745929,
					"retransmits":	0,
					"max_snd_cwnd":	246160,
					"max_snd_wnd":	1306880,
					"max_rtt":	466630,
					"min_rtt":	118959,
					"mean_rtt":	278216,
					"sender":	true
				},
				"receiver":	{
					"socket":	6,
					"start":	0,
					"end":	10.46692,
					"seconds":	10.001039,
					"bytes":	5344568,
					"bits_per_second":	4084921.25668296,
					"sender":	true
				}
			}],
		"sum_sent":	{
			"start":	0,
			"end":	10.001039,
			"seconds":	10.001039,
			"bytes":	7775760,
			"bits_per_second":	6219961.7459745929,
			"retransmits":	0,
			"sender":	true
		},
		"sum_received":	{
			"start":	0,
			"end":	10.46692,
			"seconds":	10.46692,
			"bytes":	5344568,
			"bits_per_second":	4084921.25668296,
			"sender":	true
		},
		"cpu_utilization_percent":	{
			"host_total":	0.27244749374636834,
			"host_user":	0.076043369071671,
			"host_system":	0.196414023577206,
			"remote_total":	0.34885086248250086,
			"remote_user":	0.0067163870385385915,
			"remote_system":	0.34213447544396225
		},
		"sender_tcp_congestion":	"bbr",
		"receiver_tcp_congestion":	"bbr"
	}
}
