{
	"start":	{
		"connected":	[{
				"socket":	6,
				"local_host":	"192.168.101.210",
				"local_port":	55576,
				"remote_host":	"192.168.100.168",
				"remote_port":	5201
			}],
		"version":	"iperf 3.11",
		"system_info":	"Linux f1 6.0.10-300.fc37.x86_64 #1 SMP PREEMPT_DYNAMIC Sat Nov 26 16:55:13 UTC 2022 x86_64",
		"timestamp":	{
			"time":	"Fri, 09 Dec 2022 23:07:06 GMT",
			"timesecs":	1670627226
		},
		"connecting_to":	{
			"host":	"192.168.100.168",
			"port":	5201
		},
		"cookie":	"5vx233tyhpiueru6muo6efu2tp5jyvap6x72",
		"tcp_mss_default":	1448,
		"target_bitrate":	0,
		"sock_bufsize":	0,
		"sndbuf_actual":	16384,
		"rcvbuf_actual":	131072,
		"test_start":	{
			"protocol":	"TCP",
			"num_streams":	1,
			"blksize":	131072,
			"omit":	0,
			"duration":	10,
			"bytes":	0,
			"blocks":	0,
			"reverse":	0,
			"tos":	0,
			"target_bitrate":	0
		}
	},
	"intervals":	[{
			"streams":	[{
					"socket":	6,
					"start":	0,
					"end":	1.000138,
					"seconds":	1.0001380443573,
					"bytes":	4724824,
					"bits_per_second":	37793374.837860316,
					"retransmits":	0,
					"snd_cwnd":	493768,
					"snd_wnd":	2986496,
					"rtt":	138580,
					"rttvar":	437,
					"pmtu":	1500,
					"omitted":	false,
					"sender":	true
				}],
			"sum":	{
				"start":	0,
				"end":	1.000138,
				"seconds":	1.0001380443573,
				"bytes":	4724824,
				"bits_per_second":	37793374.837860316,
				"retransmits":	0,
				"omitted":	false,
				"sender":	true
			}
		}, {
			"streams":	[{
					"socket":	6,
					"start":	1.000138,
					"end":	2.000068,
					"seconds":	0.99993002414703369,
					"bytes":	4581288,
					"bits_per_second":	36652868.815759048,
					"retransmits":	0,
					"snd_cwnd":	657392,
					"snd_wnd":	2986752,
					"rtt":	183467,
					"rttvar":	206,
					"pmtu":	1500,
					"omitted":	false,
					"sender":	true
				}],
			"sum":	{
				"start":	1.000138,
				"end":	2.000068,
				"seconds":	0.99993002414703369,
				"bytes":	4581288,
				"bits_per_second":	36652868.815759048,
				"retransmits":	0,
				"omitted":	false,
				"sender":	true
			}
		}, {
			"streams":	[{
					"socket":	6,
					"start":	2.000068,
					"end":	3.000081,
					"seconds":	1.000012993812561,
					"bytes":	3932160,
					"bits_per_second":	31456871.25531115,
					"retransmits":	0,
					"snd_cwnd":	851424,
					"snd_wnd":	2986752,
					"rtt":	186230,
					"rttvar":	71,
					"pmtu":	1500,
					"omitted":	false,
					"sender":	true
				}],
			"sum":	{
				"start":	2.000068,
				"end":	3.000081,
				"seconds":	1.000012993812561,
				"bytes":	3932160,
				"bits_per_second":	31456871.25531115,
				"retransmits":	0,
				"omitted":	false,
				"sender":	true
			}
		}, {
			"streams":	[{
					"socket":	6,
					"start":	3.000081,
					"end":	4.000211,
					"seconds":	1.0001300573349,
					"bytes":	3932160,
					"bits_per_second":	31453189.282027878,
					"retransmits":	0,
					"snd_cwnd":	1078760,
					"snd_wnd":	2986752,
					"rtt":	217851,
					"rttvar":	277,
					"pmtu":	1500,
					"omitted":	false,
					"sender":	true
				}],
			"sum":	{
				"start":	3.000081,
				"end":	4.000211,
				"seconds":	1.0001300573349,
				"bytes":	3932160,
				"bits_per_second":	31453189.282027878,
				"retransmits":	0,
				"omitted":	false,
				"sender":	true
			}
		}, {
			"streams":	[{
					"socket":	6,
					"start":	4.000211,
					"end":	5.000146,
					"seconds":	0.99993497133255,
					"bytes":	5242880,
					"bits_per_second":	41945767.677377224,
					"retransmits":	0,
					"snd_cwnd":	1330712,
					"snd_wnd":	2986752,
					"rtt":	245040,
					"rttvar":	568,
					"pmtu":	1500,
					"omitted":	false,
					"sender":	true
				}],
			"sum":	{
				"start":	4.000211,
				"end":	5.000146,
				"seconds":	0.99993497133255,
				"bytes":	5242880,
				"bits_per_second":	41945767.677377224,
				"retransmits":	0,
				"omitted":	false,
				"sender":	true
			}
		}, {
			"streams":	[{
					"socket":	6,
					"start":	5.000146,
					"end":	6.00014,
					"seconds":	0.99999397993087769,
					"bytes":	5242880,
					"bits_per_second":	41943292.501520075,
					"retransmits":	0,
					"snd_cwnd":	1592800,
					"snd_wnd":	3141248,
					"rtt":	283083,
					"rttvar":	458,
					"pmtu":	1500,
					"omitted":	false,
					"sender":	true
				}],
			"sum":	{
				"start":	5.000146,
				"end":	6.00014,
				"seconds":	0.99999397993087769,
				"bytes":	5242880,
				"bits_per_second":	41943292.501520075,
				"retransmits":	0,
				"omitted":	false,
				"sender":	true
			}
		}, {
			"streams":	[{
					"socket":	6,
					"start":	6.00014,
					"end":	7.000176,
					"seconds":	1.0000360012054443,
					"bytes":	5242880,
					"bits_per_second":	41941530.054359861,
					"retransmits":	0,
					"snd_cwnd":	1869368,
					"snd_wnd":	3141248,
					"rtt":	321680,
					"rttvar":	306,
					"pmtu":	1500,
					"omitted":	false,
					"sender":	true
				}],
			"sum":	{
				"start":	6.00014,
				"end":	7.000176,
				"seconds":	1.0000360012054443,
				"bytes":	5242880,
				"bits_per_second":	41941530.054359861,
				"retransmits":	0,
				"omitted":	false,
				"sender":	true
			}
		}, {
			"streams":	[{
					"socket":	6,
					"start":	7.000176,
					"end":	8.000216,
					"seconds":	1.0000400543212891,
					"bytes":	5242880,
					"bits_per_second":	41941360.067288563,
					"retransmits":	0,
					"snd_cwnd":	2147384,
					"snd_wnd":	3141248,
					"rtt":	359056,
					"rttvar":	1302,
					"pmtu":	1500,
					"omitted":	false,
					"sender":	true
				}],
			"sum":	{
				"start":	7.000176,
				"end":	8.000216,
				"seconds":	1.0000400543212891,
				"bytes":	5242880,
				"bits_per_second":	41941360.067288563,
				"retransmits":	0,
				"omitted":	false,
				"sender":	true
			}
		}, {
			"streams":	[{
					"socket":	6,
					"start":	8.000216,
					"end":	9.000072,
					"seconds":	0.99985599517822266,
					"bytes":	6553600,
					"bits_per_second":	52436351.087393,
					"retransmits":	0,
					"snd_cwnd":	2432640,
					"snd_wnd":	3141248,
					"rtt":	408468,
					"rttvar":	644,
					"pmtu":	1500,
					"omitted":	false,
					"sender":	true
				}],
			"sum":	{
				"start":	8.000216,
				"end":	9.000072,
				"seconds":	0.99985599517822266,
				"bytes":	6553600,
				"bits_per_second":	52436351.087393,
				"retransmits":	0,
				"omitted":	false,
				"sender":	true
			}
		}, {
			"streams":	[{
					"socket":	6,
					"start":	9.000072,
					"end":	10.000148,
					"seconds":	1.0000760555267334,
					"bytes":	5242880,
					"bits_per_second":	41939850.242598683,
					"retransmits":	0,
					"snd_cwnd":	2719344,
					"snd_wnd":	3143552,
					"rtt":	450419,
					"rttvar":	206,
					"pmtu":	1500,
					"omitted":	false,
					"sender":	true
				}],
			"sum":	{
				"start":	9.000072,
				"end":	10.000148,
				"seconds":	1.0000760555267334,
				"bytes":	5242880,
				"bits_per_second":	41939850.242598683,
				"retransmits":	0,
				"omitted":	false,
				"sender":	true
			}
		}],
	"end":	{
		"streams":	[{
				"sender":	{
					"socket":	6,
					"start":	0,
					"end":	10.000148,
					"seconds":	10.000148,
					"bytes":	49938432,
					"bits_per_second":	39950154.3377158,
					"retransmits":	0,
					"max_snd_cwnd":	2719344,
					"max_snd_wnd":	3143552,
					"max_rtt":	450419,
					"min_rtt":	138580,
					"mean_rtt":	279387,
					"sender":	true
				},
				"receiver":	{
					"socket":	6,
					"start":	0,
					"end":	10.468932,
					"seconds":	10.000148,
					"bytes":	49764392,
					"bits_per_second":	38028247.389514036,
					"sender":	true
				}
			}],
		"sum_sent":	{
			"start":	0,
			"end":	10.000148,
			"seconds":	10.000148,
			"bytes":	49938432,
			"bits_per_second":	39950154.3377158,
			"retransmits":	0,
			"sender":	true
		},
		"sum_received":	{
			"start":	0,
			"end":	10.468932,
			"seconds":	10.468932,
			"bytes":	49764392,
			"bits_per_second":	38028247.389514036,
			"sender":	true
		},
		"cpu_utilization_percent":	{
			"host_total":	0.54951108932728832,
			"host_user":	0.044425928195074134,
			"host_system":	0.505085161132214,
			"remote_total":	2.1492714211931423,
			"remote_user":	0.13451214702382083,
			"remote_system":	2.0147592741693217
		},
		"sender_tcp_congestion":	"cubic",
		"receiver_tcp_congestion":	"cubic"
	}
}
