{
	"start":	{
		"connected":	[{
				"socket":	6,
				"local_host":	"192.168.101.210",
				"local_port":	60382,
				"remote_host":	"192.168.100.168",
				"remote_port":	5202
			}],
		"version":	"iperf 3.11",
		"system_info":	"Linux f1 6.0.10-300.fc37.x86_64 #1 SMP PREEMPT_DYNAMIC Sat Nov 26 16:55:13 UTC 2022 x86_64",
		"timestamp":	{
			"time":	"Fri, 09 Dec 2022 23:07:40 GMT",
			"timesecs":	1670627260
		},
		"connecting_to":	{
			"host":	"192.168.100.168",
			"port":	5202
		},
		"cookie":	"ewvvq6pn3r57z6w7657zm2ssrnaupvnk2gee",
		"tcp_mss_default":	1448,
		"target_bitrate":	0,
		"sock_bufsize":	0,
		"sndbuf_actual":	16384,
		"rcvbuf_actual":	131072,
		"test_start":	{
			"protocol":	"TCP",
			"num_streams":	1,
			"blksize":	131072,
			"omit":	0,
			"duration":	10,
			"bytes":	0,
			"blocks":	0,
			"reverse":	0,
			"tos":	0,
			"target_bitrate":	0
		}
	},
	"intervals":	[{
			"streams":	[{
					"socket":	6,
					"start":	0,
					"end":	1.000523,
					"seconds":	1.0005229711532593,
					"bytes":	4325376,
					"bits_per_second":	34584921.08393535,
					"retransmits":	70,
					"snd_cwnd":	521280,
					"snd_wnd":	1500288,
					"rtt":	238012,
					"rttvar":	593,
					"pmtu":	1500,
					"omitted":	false,
					"sender":	true
				}],
			"sum":	{
				"start":	0,
				"end":	1.000523,
				"seconds":	1.0005229711532593,
				"bytes":	4325376,
				"bits_per_second":	34584921.08393535,
				"retransmits":	70,
				"omitted":	false,
				"sender":	true
			}
		}, {
			"streams":	[{
					"socket":	6,
					"start":	1.000523,
					"end":	2.000347,
					"seconds":	0.99982398748397827,
					"bytes":	2621440,
					"bits_per_second":	20975211.899820577,
					"retransmits":	0,
					"snd_cwnd":	637120,
					"snd_wnd":	3143936,
					"rtt":	222318,
					"rttvar":	1237,
					"pmtu":	1500,
					"omitted":	false,
					"sender":	true
				}],
			"sum":	{
				"start":	1.000523,
				"end":	2.000347,
				"seconds":	0.99982398748397827,
				"bytes":	2621440,
				"bits_per_second":	20975211.899820577,
				"retransmits":	0,
				"omitted":	false,
				"sender":	true
			}
		}, {
			"streams":	[{
					"socket":	6,
					"start":	2.000347,
					"end":	3.000351,
					"seconds":	1.0000040531158447,
					"bytes":	2621440,
					"bits_per_second":	20971435.000344515,
					"retransmits":	2,
					"snd_cwnd":	668976,
					"snd_wnd":	3143936,
					"rtt":	189707,
					"rttvar":	164,
					"pmtu":	1500,
					"omitted":	false,
					"sender":	true
				}],
			"sum":	{
				"start":	2.000347,
				"end":	3.000351,
				"seconds":	1.0000040531158447,
				"bytes":	2621440,
				"bits_per_second":	20971435.000344515,
				"retransmits":	2,
				"omitted":	false,
				"sender":	true
			}
		}, {
			"streams":	[{
					"socket":	6,
					"start":	3.000351,
					"end":	4.000431,
					"seconds":	1.0000799894332886,
					"bytes":	2621440,
					"bits_per_second":	20969842.634171542,
					"retransmits":	0,
					"snd_cwnd":	561824,
					"snd_wnd":	3143936,
					"rtt":	196037,
					"rttvar":	103,
					"pmtu":	1500,
					"omitted":	false,
					"sender":	true
				}],
			"sum":	{
				"start":	3.000351,
				"end":	4.000431,
				"seconds":	1.0000799894332886,
				"bytes":	2621440,
				"bits_per_second":	20969842.634171542,
				"retransmits":	0,
				"omitted":	false,
				"sender":	true
			}
		}, {
			"streams":	[{
					"socket":	6,
					"start":	4.000431,
					"end":	5.00048,
					"seconds":	1.0000489950180054,
					"bytes":	2621440,
					"bits_per_second":	20970492.550339915,
					"retransmits":	0,
					"snd_cwnd":	469152,
					"snd_wnd":	3143936,
					"rtt":	191526,
					"rttvar":	392,
					"pmtu":	1500,
					"omitted":	false,
					"sender":	true
				}],
			"sum":	{
				"start":	4.000431,
				"end":	5.00048,
				"seconds":	1.0000489950180054,
				"bytes":	2621440,
				"bits_per_second":	20970492.550339915,
				"retransmits":	0,
				"omitted":	false,
				"sender":	true
			}
		}, {
			"streams":	[{
					"socket":	6,
					"start":	5.00048,
					"end":	6.000415,
					"seconds":	0.99993497133255,
					"bytes":	2621440,
					"bits_per_second":	20972883.838688612,
					"retransmits":	0,
					"snd_cwnd":	440192,
					"snd_wnd":	3143936,
					"rtt":	190812,
					"rttvar":	153,
					"pmtu":	1500,
					"omitted":	false,
					"sender":	true
				}],
			"sum":	{
				"start":	5.00048,
				"end":	6.000415,
				"seconds":	0.99993497133255,
				"bytes":	2621440,
				"bits_per_second":	20972883.838688612,
				"retransmits":	0,
				"omitted":	false,
				"sender":	true
			}
		}, {
			"streams":	[{
					"socket":	6,
					"start":	6.000415,
					"end":	7.000264,
					"seconds":	0.999849021434784,
					"bytes":	2621440,
					"bits_per_second":	20974686.728108067,
					"retransmits":	0,
					"snd_cwnd":	388064,
					"snd_wnd":	3143936,
					"rtt":	179149,
					"rttvar":	1773,
					"pmtu":	1500,
					"omitted":	false,
					"sender":	true
				}],
			"sum":	{
				"start":	6.000415,
				"end":	7.000264,
				"seconds":	0.999849021434784,
				"bytes":	2621440,
				"bits_per_second":	20974686.728108067,
				"retransmits":	0,
				"omitted":	false,
				"sender":	true
			}
		}, {
			"streams":	[{
					"socket":	6,
					"start":	7.000264,
					"end":	8.000642,
					"seconds":	1.0003780126571655,
					"bytes":	1310720,
					"bits_per_second":	10481797.747781489,
					"retransmits":	0,
					"snd_cwnd":	364896,
					"snd_wnd":	3143936,
					"rtt":	180319,
					"rttvar":	123,
					"pmtu":	1500,
					"omitted":	false,
					"sender":	true
				}],
			"sum":	{
				"start":	7.000264,
				"end":	8.000642,
				"seconds":	1.0003780126571655,
				"bytes":	1310720,
				"bits_per_second":	10481797.747781489,
				"retransmits":	0,
				"omitted":	false,
				"sender":	true
			}
		}, {
			"streams":	[{
					"socket":	6,
					"start":	8.000642,
					"end":	9.000352,
					"seconds":	0.99971002340316772,
					"bytes":	2621440,
					"bits_per_second":	20977603.013931677,
					"retransmits":	0,
					"snd_cwnd":	341728,
					"snd_wnd":	3143936,
					"rtt":	175400,
					"rttvar":	50,
					"pmtu":	1500,
					"omitted":	false,
					"sender":	true
				}],
			"sum":	{
				"start":	8.000642,
				"end":	9.000352,
				"seconds":	0.99971002340316772,
				"bytes":	2621440,
				"bits_per_second":	20977603.013931677,
				"retransmits":	0,
				"omitted":	false,
				"sender":	true
			}
		}, {
			"streams":	[{
					"socket":	6,
					"start":	9.000352,
					"end":	10.000665,
					"seconds":	1.0003130435943604,
					"bytes":	1310720,
					"bits_per_second":	10482478.527244026,
					"retransmits":	0,
					"snd_cwnd":	327248,
					"snd_wnd":	3143936,
					"rtt":	170756,
					"rttvar":	677,
					"pmtu":	1500,
					"omitted":	false,
					"sender":	true
				}],
			"sum":	{
				"start":	9.000352,
				"end":	10.000665,
				"seconds":	1.0003130435943604,
				"bytes":	1310720,
				"bits_per_second":	10482478.527244026,
				"retransmits":	0,
				"omitted":	false,
				"sender":	true
			}
		}],
	"end":	{
		"streams":	[{
				"sender":	{
					"socket":	6,
					"start":	0,
					"end":	10.000665,
					"seconds":	10.000665,
					"bytes":	25296896,
					"bits_per_second":	20236171.09462221,
					"retransmits":	72,
					"max_snd_cwnd":	668976,
					"max_snd_wnd":	3143936,
					"max_rtt":	238012,
					"min_rtt":	170756,
					"mean_rtt":	193403,
					"sender":	true
				},
				"receiver":	{
					"socket":	6,
					"start":	0,
					"end":	10.173061,
					"seconds":	10.000665,
					"bytes":	22882744,
					"bits_per_second":	17994775.810348526,
					"sender":	true
				}
			}],
		"sum_sent":	{
			"start":	0,
			"end":	10.000665,
			"seconds":	10.000665,
			"bytes":	25296896,
			"bits_per_second":	20236171.09462221,
			"retransmits":	72,
			"sender":	true
		},
		"sum_received":	{
			"start":	0,
			"end":	10.173061,
			"seconds":	10.173061,
			"bytes":	22882744,
			"bits_per_second":	17994775.810348526,
			"sender":	true
		},
		"cpu_utilization_percent":	{
			"host_total":	0.771565211752843,
			"host_user":	0.08446001695218637,
			"host_system":	0.68711490173284273,
			"remote_total":	1.62006095699294,
			"remote_user":	0.21017246114596236,
			"remote_system":	1.4098786659764786
		},
		"sender_tcp_congestion":	"bbr",
		"receiver_tcp_congestion":	"bbr"
	}
}
