{
	"start":	{
		"connected":	[{
				"socket":	6,
				"local_host":	"192.168.101.210",
				"local_port":	59146,
				"remote_host":	"192.168.100.168",
				"remote_port":	5201
			}],
		"version":	"iperf 3.11",
		"system_info":	"Linux f1 6.0.10-300.fc37.x86_64 #1 SMP PREEMPT_DYNAMIC Sat Nov 26 16:55:13 UTC 2022 x86_64",
		"timestamp":	{
			"time":	"Fri, 09 Dec 2022 23:11:04 GMT",
			"timesecs":	1670627464
		},
		"connecting_to":	{
			"host":	"192.168.100.168",
			"port":	5201
		},
		"cookie":	"lzl2x3den46igbnzwddo2vbws22hr2azpqa2",
		"tcp_mss_default":	1448,
		"target_bitrate":	0,
		"sock_bufsize":	0,
		"sndbuf_actual":	16384,
		"rcvbuf_actual":	131072,
		"test_start":	{
			"protocol":	"TCP",
			"num_streams":	1,
			"blksize":	131072,
			"omit":	0,
			"duration":	10,
			"bytes":	0,
			"blocks":	0,
			"reverse":	0,
			"tos":	0,
			"target_bitrate":	0
		}
	},
	"intervals":	[{
			"streams":	[{
					"socket":	6,
					"start":	0,
					"end":	1.000242,
					"seconds":	1.0002419948577881,
					"bytes":	1078760,
					"bits_per_second":	8627992.0702859536,
					"retransmits":	0,
					"snd_cwnd":	231680,
					"snd_wnd":	434816,
					"rtt":	207298,
					"rttvar":	2975,
					"pmtu":	1500,
					"omitted":	false,
					"sender":	true
				}],
			"sum":	{
				"start":	0,
				"end":	1.000242,
				"seconds":	1.0002419948577881,
				"bytes":	1078760,
				"bits_per_second":	8627992.0702859536,
				"retransmits":	0,
				"omitted":	false,
				"sender":	true
			}
		}, {
			"streams":	[{
					"socket":	6,
					"start":	1.000242,
					"end":	2.000161,
					"seconds":	0.99991899728775024,
					"bytes":	5474840,
					"bits_per_second":	43802268.102519,
					"retransmits":	0,
					"snd_cwnd":	1600040,
					"snd_wnd":	3141888,
					"rtt":	400744,
					"rttvar":	1435,
					"pmtu":	1500,
					"omitted":	false,
					"sender":	true
				}],
			"sum":	{
				"start":	1.000242,
				"end":	2.000161,
				"seconds":	0.99991899728775024,
				"bytes":	5474840,
				"bits_per_second":	43802268.102519,
				"retransmits":	0,
				"omitted":	false,
				"sender":	true
			}
		}, {
			"streams":	[{
					"socket":	6,
					"start":	2.000161,
					"end":	3.000139,
					"seconds":	0.999978005886078,
					"bytes":	2621440,
					"bits_per_second":	20971981.260145009,
					"retransmits":	0,
					"snd_cwnd":	1753528,
					"snd_wnd":	3143936,
					"rtt":	562505,
					"rttvar":	257,
					"pmtu":	1500,
					"omitted":	false,
					"sender":	true
				}],
			"sum":	{
				"start":	2.000161,
				"end":	3.000139,
				"seconds":	0.999978005886078,
				"bytes":	2621440,
				"bits_per_second":	20971981.260145009,
				"retransmits":	0,
				"omitted":	false,
				"sender":	true
			}
		}, {
			"streams":	[{
					"socket":	6,
					"start":	3.000139,
					"end":	4.000262,
					"seconds":	1.0001230239868164,
					"bytes":	2621440,
					"bits_per_second":	20968940.317362841,
					"retransmits":	0,
					"snd_cwnd":	1880952,
					"snd_wnd":	3143936,
					"rtt":	599099,
					"rttvar":	876,
					"pmtu":	1500,
					"omitted":	false,
					"sender":	true
				}],
			"sum":	{
				"start":	3.000139,
				"end":	4.000262,
				"seconds":	1.0001230239868164,
				"bytes":	2621440,
				"bits_per_second":	20968940.317362841,
				"retransmits":	0,
				"omitted":	false,
				"sender":	true
			}
		}, {
			"streams":	[{
					"socket":	6,
					"start":	4.000262,
					"end":	5.000244,
					"seconds":	0.99998199939727783,
					"bytes":	3932160,
					"bits_per_second":	31457846.260193024,
					"retransmits":	0,
					"snd_cwnd":	2077880,
					"snd_wnd":	3143936,
					"rtt":	549781,
					"rttvar":	2223,
					"pmtu":	1500,
					"omitted":	false,
					"sender":	true
				}],
			"sum":	{
				"start":	4.000262,
				"end":	5.000244,
				"seconds":	0.99998199939727783,
				"bytes":	3932160,
				"bits_per_second":	31457846.260193024,
				"retransmits":	0,
				"omitted":	false,
				"sender":	true
			}
		}, {
			"streams":	[{
					"socket":	6,
					"start":	5.000244,
					"end":	6.00007,
					"seconds":	0.99982601404190063,
					"bytes":	3932160,
					"bits_per_second":	31462754.0774126,
					"retransmits":	0,
					"snd_cwnd":	2253088,
					"snd_wnd":	3144064,
					"rtt":	616141,
					"rttvar":	429,
					"pmtu":	1500,
					"omitted":	false,
					"sender":	true
				}],
			"sum":	{
				"start":	5.000244,
				"end":	6.00007,
				"seconds":	0.99982601404190063,
				"bytes":	3932160,
				"bits_per_second":	31462754.0774126,
				"retransmits":	0,
				"omitted":	false,
				"sender":	true
			}
		}, {
			"streams":	[{
					"socket":	6,
					"start":	6.00007,
					"end":	7.000326,
					"seconds":	1.0002559423446655,
					"bytes":	2621440,
					"bits_per_second":	20966153.87341902,
					"retransmits":	0,
					"snd_cwnd":	2428296,
					"snd_wnd":	3144064,
					"rtt":	609625,
					"rttvar":	3839,
					"pmtu":	1500,
					"omitted":	false,
					"sender":	true
				}],
			"sum":	{
				"start":	6.00007,
				"end":	7.000326,
				"seconds":	1.0002559423446655,
				"bytes":	2621440,
				"bits_per_second":	20966153.87341902,
				"retransmits":	0,
				"omitted":	false,
				"sender":	true
			}
		}, {
			"streams":	[{
					"socket":	6,
					"start":	7.000326,
					"end":	8.000254,
					"seconds":	0.99992799758911133,
					"bytes":	3932160,
					"bits_per_second":	31459545.1630972,
					"retransmits":	0,
					"snd_cwnd":	2612192,
					"snd_wnd":	3144064,
					"rtt":	667804,
					"rttvar":	2732,
					"pmtu":	1500,
					"omitted":	false,
					"sender":	true
				}],
			"sum":	{
				"start":	7.000326,
				"end":	8.000254,
				"seconds":	0.99992799758911133,
				"bytes":	3932160,
				"bits_per_second":	31459545.1630972,
				"retransmits":	0,
				"omitted":	false,
				"sender":	true
			}
		}, {
			"streams":	[{
					"socket":	6,
					"start":	8.000254,
					"end":	9.000232,
					"seconds":	0.999978005886078,
					"bytes":	3932160,
					"bits_per_second":	31457971.890217513,
					"retransmits":	0,
					"snd_cwnd":	2800432,
					"snd_wnd":	3144064,
					"rtt":	700310,
					"rttvar":	756,
					"pmtu":	1500,
					"omitted":	false,
					"sender":	true
				}],
			"sum":	{
				"start":	8.000254,
				"end":	9.000232,
				"seconds":	0.999978005886078,
				"bytes":	3932160,
				"bits_per_second":	31457971.890217513,
				"retransmits":	0,
				"omitted":	false,
				"sender":	true
			}
		}, {
			"streams":	[{
					"socket":	6,
					"start":	9.000232,
					"end":	10.00023,
					"seconds":	0.99999797344207764,
					"bytes":	3932160,
					"bits_per_second":	31457343.750129193,
					"retransmits":	0,
					"snd_cwnd":	3004600,
					"snd_wnd":	3144064,
					"rtt":	705680,
					"rttvar":	375,
					"pmtu":	1500,
					"omitted":	false,
					"sender":	true
				}],
			"sum":	{
				"start":	9.000232,
				"end":	10.00023,
				"seconds":	0.99999797344207764,
				"bytes":	3932160,
				"bits_per_second":	31457343.750129193,
				"retransmits":	0,
				"omitted":	false,
				"sender":	true
			}
		}],
	"end":	{
		"streams":	[{
				"sender":	{
					"socket":	6,
					"start":	0,
					"end":	10.00023,
					"seconds":	10.00023,
					"bytes":	34078720,
					"bits_per_second":	27262348.965973783,
					"retransmits":	0,
					"max_snd_cwnd":	3004600,
					"max_snd_wnd":	3144064,
					"max_rtt":	705680,
					"min_rtt":	207298,
					"mean_rtt":	561898,
					"sender":	true
				},
				"receiver":	{
					"socket":	6,
					"start":	0,
					"end":	10.62959,
					"seconds":	10.00023,
					"bytes":	34078160,
					"bits_per_second":	25647770.0456932,
					"sender":	true
				}
			}],
		"sum_sent":	{
			"start":	0,
			"end":	10.00023,
			"seconds":	10.00023,
			"bytes":	34078720,
			"bits_per_second":	27262348.965973783,
			"retransmits":	0,
			"sender":	true
		},
		"sum_received":	{
			"start":	0,
			"end":	10.62959,
			"seconds":	10.62959,
			"bytes":	34078160,
			"bits_per_second":	25647770.0456932,
			"sender":	true
		},
		"cpu_utilization_percent":	{
			"host_total":	1.9182085758343788,
			"host_user":	0.32299732032950018,
			"host_system":	1.5952112555048785,
			"remote_total":	1.86884719379401,
			"remote_user":	0.14276170855331258,
			"remote_system":	1.7260760775498534
		},
		"sender_tcp_congestion":	"cubic",
		"receiver_tcp_congestion":	"cubic"
	}
}
