{
	"start":	{
		"connected":	[{
				"socket":	6,
				"local_host":	"192.168.101.210",
				"local_port":	42370,
				"remote_host":	"192.168.100.168",
				"remote_port":	5201
			}],
		"version":	"iperf 3.11",
		"system_info":	"Linux f1 6.0.10-300.fc37.x86_64 #1 SMP PREEMPT_DYNAMIC Sat Nov 26 16:55:13 UTC 2022 x86_64",
		"timestamp":	{
			"time":	"Fri, 09 Dec 2022 23:33:05 GMT",
			"timesecs":	1670628785
		},
		"connecting_to":	{
			"host":	"192.168.100.168",
			"port":	5201
		},
		"cookie":	"iqsbw4sakj4zpnakskcxjg3eff6424xudz6i",
		"tcp_mss_default":	1448,
		"target_bitrate":	0,
		"sock_bufsize":	0,
		"sndbuf_actual":	16384,
		"rcvbuf_actual":	131072,
		"test_start":	{
			"protocol":	"TCP",
			"num_streams":	1,
			"blksize":	131072,
			"omit":	0,
			"duration":	10,
			"bytes":	0,
			"blocks":	0,
			"reverse":	0,
			"tos":	0,
			"target_bitrate":	0
		}
	},
	"intervals":	[{
			"streams":	[{
					"socket":	6,
					"start":	0,
					"end":	1.000133,
					"seconds":	1.0001330375671387,
					"bytes":	4194304,
					"bits_per_second":	33549968.5938007,
					"retransmits":	0,
					"snd_cwnd":	926720,
					"snd_wnd":	1737216,
					"rtt":	155208,
					"rttvar":	10240,
					"pmtu":	1500,
					"omitted":	false,
					"sender":	true
				}],
			"sum":	{
				"start":	0,
				"end":	1.000133,
				"seconds":	1.0001330375671387,
				"bytes":	4194304,
				"bits_per_second":	33549968.5938007,
				"retransmits":	0,
				"omitted":	false,
				"sender":	true
			}
		}, {
			"streams":	[{
					"socket":	6,
					"start":	1.000133,
					"end":	2.000085,
					"seconds":	0.99995201826095581,
					"bytes":	13107200,
					"bits_per_second":	104862631.4914197,
					"retransmits":	566,
					"snd_cwnd":	2788848,
					"snd_wnd":	1657600,
					"rtt":	150594,
					"rttvar":	479,
					"pmtu":	1500,
					"omitted":	false,
					"sender":	true
				}],
			"sum":	{
				"start":	1.000133,
				"end":	2.000085,
				"seconds":	0.99995201826095581,
				"bytes":	13107200,
				"bits_per_second":	104862631.4914197,
				"retransmits":	566,
				"omitted":	false,
				"sender":	true
			}
		}, {
			"streams":	[{
					"socket":	6,
					"start":	2.000085,
					"end":	3.000125,
					"seconds":	1.0000400543212891,
					"bytes":	10485760,
					"bits_per_second":	83882720.134577125,
					"retransmits":	232,
					"snd_cwnd":	2030096,
					"snd_wnd":	3145728,
					"rtt":	150211,
					"rttvar":	40,
					"pmtu":	1500,
					"omitted":	false,
					"sender":	true
				}],
			"sum":	{
				"start":	2.000085,
				"end":	3.000125,
				"seconds":	1.0000400543212891,
				"bytes":	10485760,
				"bits_per_second":	83882720.134577125,
				"retransmits":	232,
				"omitted":	false,
				"sender":	true
			}
		}, {
			"streams":	[{
					"socket":	6,
					"start":	3.000125,
					"end":	4.000078,
					"seconds":	0.99995297193527222,
					"bytes":	14417920,
					"bits_per_second":	115348784.63010986,
					"retransmits":	0,
					"snd_cwnd":	2145936,
					"snd_wnd":	3145728,
					"rtt":	150164,
					"rttvar":	86,
					"pmtu":	1500,
					"omitted":	false,
					"sender":	true
				}],
			"sum":	{
				"start":	3.000125,
				"end":	4.000078,
				"seconds":	0.99995297193527222,
				"bytes":	14417920,
				"bits_per_second":	115348784.63010986,
				"retransmits":	0,
				"omitted":	false,
				"sender":	true
			}
		}, {
			"streams":	[{
					"socket":	6,
					"start":	4.000078,
					"end":	5.000157,
					"seconds":	1.0000790357589722,
					"bytes":	13107200,
					"bits_per_second":	104849313.15495709,
					"retransmits":	0,
					"snd_cwnd":	2228472,
					"snd_wnd":	3145728,
					"rtt":	152918,
					"rttvar":	94,
					"pmtu":	1500,
					"omitted":	false,
					"sender":	true
				}],
			"sum":	{
				"start":	4.000078,
				"end":	5.000157,
				"seconds":	1.0000790357589722,
				"bytes":	13107200,
				"bits_per_second":	104849313.15495709,
				"retransmits":	0,
				"omitted":	false,
				"sender":	true
			}
		}, {
			"streams":	[{
					"socket":	6,
					"start":	5.000157,
					"end":	6.000111,
					"seconds":	0.9999539852142334,
					"bytes":	15728640,
					"bits_per_second":	125834910.26643787,
					"retransmits":	0,
					"snd_cwnd":	2289288,
					"snd_wnd":	3145728,
					"rtt":	151177,
					"rttvar":	52,
					"pmtu":	1500,
					"omitted":	false,
					"sender":	true
				}],
			"sum":	{
				"start":	5.000157,
				"end":	6.000111,
				"seconds":	0.9999539852142334,
				"bytes":	15728640,
				"bits_per_second":	125834910.26643787,
				"retransmits":	0,
				"omitted":	false,
				"sender":	true
			}
		}, {
			"streams":	[{
					"socket":	6,
					"start":	6.000111,
					"end":	7.000086,
					"seconds":	0.999975025653839,
					"bytes":	15728640,
					"bits_per_second":	125832262.57848385,
					"retransmits":	0,
					"snd_cwnd":	2334176,
					"snd_wnd":	3145728,
					"rtt":	150818,
					"rttvar":	97,
					"pmtu":	1500,
					"omitted":	false,
					"sender":	true
				}],
			"sum":	{
				"start":	6.000111,
				"end":	7.000086,
				"seconds":	0.999975025653839,
				"bytes":	15728640,
				"bits_per_second":	125832262.57848385,
				"retransmits":	0,
				"omitted":	false,
				"sender":	true
			}
		}, {
			"streams":	[{
					"socket":	6,
					"start":	7.000086,
					"end":	8.000155,
					"seconds":	1.00006902217865,
					"bytes":	14417920,
					"bits_per_second":	115335399.2994649,
					"retransmits":	0,
					"snd_cwnd":	2360240,
					"snd_wnd":	3145728,
					"rtt":	150244,
					"rttvar":	281,
					"pmtu":	1500,
					"omitted":	false,
					"sender":	true
				}],
			"sum":	{
				"start":	7.000086,
				"end":	8.000155,
				"seconds":	1.00006902217865,
				"bytes":	14417920,
				"bits_per_second":	115335399.2994649,
				"retransmits":	0,
				"omitted":	false,
				"sender":	true
			}
		}, {
			"streams":	[{
					"socket":	6,
					"start":	8.000155,
					"end":	9.000108,
					"seconds":	0.99995297193527222,
					"bytes":	15728640,
					"bits_per_second":	125835037.77830166,
					"retransmits":	0,
					"snd_cwnd":	2374720,
					"snd_wnd":	3145728,
					"rtt":	150085,
					"rttvar":	8,
					"pmtu":	1500,
					"omitted":	false,
					"sender":	true
				}],
			"sum":	{
				"start":	8.000155,
				"end":	9.000108,
				"seconds":	0.99995297193527222,
				"bytes":	15728640,
				"bits_per_second":	125835037.77830166,
				"retransmits":	0,
				"omitted":	false,
				"sender":	true
			}
		}, {
			"streams":	[{
					"socket":	6,
					"start":	9.000108,
					"end":	10.000085,
					"seconds":	0.9999769926071167,
					"bytes":	17039360,
					"bits_per_second":	136318016.3221586,
					"retransmits":	0,
					"snd_cwnd":	2383408,
					"snd_wnd":	3145728,
					"rtt":	150213,
					"rttvar":	48,
					"pmtu":	1500,
					"omitted":	false,
					"sender":	true
				}],
			"sum":	{
				"start":	9.000108,
				"end":	10.000085,
				"seconds":	0.9999769926071167,
				"bytes":	17039360,
				"bits_per_second":	136318016.3221586,
				"retransmits":	0,
				"omitted":	false,
				"sender":	true
			}
		}],
	"end":	{
		"streams":	[{
				"sender":	{
					"socket":	6,
					"start":	0,
					"end":	10.000085,
					"seconds":	10.000085,
					"bytes":	133955584,
					"bits_per_second":	107163556.30977136,
					"retransmits":	798,
					"max_snd_cwnd":	2788848,
					"max_snd_wnd":	3145728,
					"max_rtt":	155208,
					"min_rtt":	150085,
					"mean_rtt":	151163,
					"sender":	true
				},
				"receiver":	{
					"socket":	6,
					"start":	0,
					"end":	10.150197,
					"seconds":	10.000085,
					"bytes":	133253328,
					"bits_per_second":	105025215.17562664,
					"sender":	true
				}
			}],
		"sum_sent":	{
			"start":	0,
			"end":	10.000085,
			"seconds":	10.000085,
			"bytes":	133955584,
			"bits_per_second":	107163556.30977136,
			"retransmits":	798,
			"sender":	true
		},
		"sum_received":	{
			"start":	0,
			"end":	10.150197,
			"seconds":	10.150197,
			"bytes":	133253328,
			"bits_per_second":	105025215.17562664,
			"sender":	true
		},
		"cpu_utilization_percent":	{
			"host_total":	1.8262294642804926,
			"host_user":	0.3422187585307081,
			"host_system":	1.48402013846088,
			"remote_total":	1.1507936977079887,
			"remote_user":	0.07246154070476557,
			"remote_system":	1.078342009014196
		},
		"sender_tcp_congestion":	"cubic",
		"receiver_tcp_congestion":	"cubic"
	}
}
