{
	"start":	{
		"connected":	[{
				"socket":	6,
				"local_host":	"192.168.101.210",
				"local_port":	33222,
				"remote_host":	"192.168.100.168",
				"remote_port":	5202
			}],
		"version":	"iperf 3.11",
		"system_info":	"Linux f1 6.0.10-300.fc37.x86_64 #1 SMP PREEMPT_DYNAMIC Sat Nov 26 16:55:13 UTC 2022 x86_64",
		"timestamp":	{
			"time":	"Fri, 09 Dec 2022 23:31:05 GMT",
			"timesecs":	1670628665
		},
		"connecting_to":	{
			"host":	"192.168.100.168",
			"port":	5202
		},
		"cookie":	"tvvnf3outmfhdmdjdkkmrd2lexflecmpkmsl",
		"tcp_mss_default":	1448,
		"target_bitrate":	0,
		"sock_bufsize":	0,
		"sndbuf_actual":	16384,
		"rcvbuf_actual":	131072,
		"test_start":	{
			"protocol":	"TCP",
			"num_streams":	1,
			"blksize":	131072,
			"omit":	0,
			"duration":	10,
			"bytes":	0,
			"blocks":	0,
			"reverse":	0,
			"tos":	0,
			"target_bitrate":	0
		}
	},
	"intervals":	[{
			"streams":	[{
					"socket":	6,
					"start":	0,
					"end":	1.000076,
					"seconds":	1.0000760555267334,
					"bytes":	14286848,
					"bits_per_second":	114286091.9110814,
					"retransmits":	225,
					"snd_cwnd":	7533944,
					"snd_wnd":	3145728,
					"rtt":	86592,
					"rttvar":	2891,
					"pmtu":	1500,
					"omitted":	false,
					"sender":	true
				}],
			"sum":	{
				"start":	0,
				"end":	1.000076,
				"seconds":	1.0000760555267334,
				"bytes":	14286848,
				"bits_per_second":	114286091.9110814,
				"retransmits":	225,
				"omitted":	false,
				"sender":	true
			}
		}, {
			"streams":	[{
					"socket":	6,
					"start":	1.000076,
					"end":	2.000079,
					"seconds":	1.0000029802322388,
					"bytes":	24903680,
					"bits_per_second":	199228846.25176951,
					"retransmits":	1510,
					"snd_cwnd":	8796600,
					"snd_wnd":	1745536,
					"rtt":	77046,
					"rttvar":	750,
					"pmtu":	1500,
					"omitted":	false,
					"sender":	true
				}],
			"sum":	{
				"start":	1.000076,
				"end":	2.000079,
				"seconds":	1.0000029802322388,
				"bytes":	24903680,
				"bits_per_second":	199228846.25176951,
				"retransmits":	1510,
				"omitted":	false,
				"sender":	true
			}
		}, {
			"streams":	[{
					"socket":	6,
					"start":	2.000079,
					"end":	3.00008,
					"seconds":	1.0000009536743164,
					"bytes":	34078720,
					"bits_per_second":	272629500.000248,
					"retransmits":	0,
					"snd_cwnd":	6718720,
					"snd_wnd":	3145728,
					"rtt":	75076,
					"rttvar":	4,
					"pmtu":	1500,
					"omitted":	false,
					"sender":	true
				}],
			"sum":	{
				"start":	2.000079,
				"end":	3.00008,
				"seconds":	1.0000009536743164,
				"bytes":	34078720,
				"bits_per_second":	272629500.000248,
				"retransmits":	0,
				"omitted":	false,
				"sender":	true
			}
		}, {
			"streams":	[{
					"socket":	6,
					"start":	3.00008,
					"end":	4.000067,
					"seconds":	0.999987006187439,
					"bytes":	40632320,
					"bits_per_second":	325062783.8048833,
					"retransmits":	0,
					"snd_cwnd":	6736096,
					"snd_wnd":	3145728,
					"rtt":	75077,
					"rttvar":	7,
					"pmtu":	1500,
					"omitted":	false,
					"sender":	true
				}],
			"sum":	{
				"start":	3.00008,
				"end":	4.000067,
				"seconds":	0.999987006187439,
				"bytes":	40632320,
				"bits_per_second":	325062783.8048833,
				"retransmits":	0,
				"omitted":	false,
				"sender":	true
			}
		}, {
			"streams":	[{
					"socket":	6,
					"start":	4.000067,
					"end":	5.000073,
					"seconds":	1.0000059604644775,
					"bytes":	39321600,
					"bits_per_second":	314570925.01117581,
					"retransmits":	0,
					"snd_cwnd":	6736096,
					"snd_wnd":	3145728,
					"rtt":	75082,
					"rttvar":	11,
					"pmtu":	1500,
					"omitted":	false,
					"sender":	true
				}],
			"sum":	{
				"start":	4.000067,
				"end":	5.000073,
				"seconds":	1.0000059604644775,
				"bytes":	39321600,
				"bits_per_second":	314570925.01117581,
				"retransmits":	0,
				"omitted":	false,
				"sender":	true
			}
		}, {
			"streams":	[{
					"socket":	6,
					"start":	5.000073,
					"end":	6.000064,
					"seconds":	0.999990999698639,
					"bytes":	40632320,
					"bits_per_second":	325061485.65133172,
					"retransmits":	0,
					"snd_cwnd":	6738992,
					"snd_wnd":	3145728,
					"rtt":	75082,
					"rttvar":	13,
					"pmtu":	1500,
					"omitted":	false,
					"sender":	true
				}],
			"sum":	{
				"start":	5.000073,
				"end":	6.000064,
				"seconds":	0.999990999698639,
				"bytes":	40632320,
				"bits_per_second":	325061485.65133172,
				"retransmits":	0,
				"omitted":	false,
				"sender":	true
			}
		}, {
			"streams":	[{
					"socket":	6,
					"start":	6.000064,
					"end":	7.000078,
					"seconds":	1.0000139474868774,
					"bytes":	39321600,
					"bits_per_second":	314568412.56119376,
					"retransmits":	0,
					"snd_cwnd":	6738992,
					"snd_wnd":	3145728,
					"rtt":	75080,
					"rttvar":	6,
					"pmtu":	1500,
					"omitted":	false,
					"sender":	true
				}],
			"sum":	{
				"start":	6.000064,
				"end":	7.000078,
				"seconds":	1.0000139474868774,
				"bytes":	39321600,
				"bits_per_second":	314568412.56119376,
				"retransmits":	0,
				"omitted":	false,
				"sender":	true
			}
		}, {
			"streams":	[{
					"socket":	6,
					"start":	7.000078,
					"end":	8.000064,
					"seconds":	0.99998599290847778,
					"bytes":	40632320,
					"bits_per_second":	325063113.18877691,
					"retransmits":	0,
					"snd_cwnd":	6738992,
					"snd_wnd":	3145728,
					"rtt":	75109,
					"rttvar":	34,
					"pmtu":	1500,
					"omitted":	false,
					"sender":	true
				}],
			"sum":	{
				"start":	7.000078,
				"end":	8.000064,
				"seconds":	0.99998599290847778,
				"bytes":	40632320,
				"bits_per_second":	325063113.18877691,
				"retransmits":	0,
				"omitted":	false,
				"sender":	true
			}
		}, {
			"streams":	[{
					"socket":	6,
					"start":	8.000064,
					"end":	9.000087,
					"seconds":	1.0000230073928833,
					"bytes":	39321600,
					"bits_per_second":	314565562.66651219,
					"retransmits":	0,
					"snd_cwnd":	6738992,
					"snd_wnd":	3145728,
					"rtt":	75087,
					"rttvar":	10,
					"pmtu":	1500,
					"omitted":	false,
					"sender":	true
				}],
			"sum":	{
				"start":	8.000064,
				"end":	9.000087,
				"seconds":	1.0000230073928833,
				"bytes":	39321600,
				"bits_per_second":	314565562.66651219,
				"retransmits":	0,
				"omitted":	false,
				"sender":	true
			}
		}, {
			"streams":	[{
					"socket":	6,
					"start":	9.000087,
					"end":	10.000071,
					"seconds":	0.9999840259552002,
					"bytes":	40632320,
					"bits_per_second":	325063752.58294654,
					"retransmits":	0,
					"snd_cwnd":	6738992,
					"snd_wnd":	3145728,
					"rtt":	75080,
					"rttvar":	8,
					"pmtu":	1500,
					"omitted":	false,
					"sender":	true
				}],
			"sum":	{
				"start":	9.000087,
				"end":	10.000071,
				"seconds":	0.9999840259552002,
				"bytes":	40632320,
				"bits_per_second":	325063752.58294654,
				"retransmits":	0,
				"omitted":	false,
				"sender":	true
			}
		}],
	"end":	{
		"streams":	[{
				"sender":	{
					"socket":	6,
					"start":	0,
					"end":	10.000071,
					"seconds":	10.000071,
					"bytes":	353763328,
					"bits_per_second":	283008653.03856343,
					"retransmits":	1735,
					"max_snd_cwnd":	8796600,
					"max_snd_wnd":	3145728,
					"max_rtt":	86592,
					"min_rtt":	75076,
					"mean_rtt":	76431,
					"sender":	true
				},
				"receiver":	{
					"socket":	6,
					"start":	0,
					"end":	10.075212,
					"seconds":	10.000071,
					"bytes":	352566720,
					"bits_per_second":	279947832.36322969,
					"sender":	true
				}
			}],
		"sum_sent":	{
			"start":	0,
			"end":	10.000071,
			"seconds":	10.000071,
			"bytes":	353763328,
			"bits_per_second":	283008653.03856343,
			"retransmits":	1735,
			"sender":	true
		},
		"sum_received":	{
			"start":	0,
			"end":	10.075212,
			"seconds":	10.075212,
			"bytes":	352566720,
			"bits_per_second":	279947832.36322969,
			"sender":	true
		},
		"cpu_utilization_percent":	{
			"host_total":	2.2652475116330879,
			"host_user":	0.0957148203138689,
			"host_system":	2.1695423987046465,
			"remote_total":	2.2653477885864639,
			"remote_user":	0.238743929418981,
			"remote_system":	2.0266038591674831
		},
		"sender_tcp_congestion":	"bbr",
		"receiver_tcp_congestion":	"bbr"
	}
}
