{
	"start":	{
		"connected":	[{
				"socket":	6,
				"local_host":	"192.168.101.210",
				"local_port":	42708,
				"remote_host":	"192.168.100.168",
				"remote_port":	5201
			}],
		"version":	"iperf 3.11",
		"system_info":	"Linux f1 6.0.10-300.fc37.x86_64 #1 SMP PREEMPT_DYNAMIC Sat Nov 26 16:55:13 UTC 2022 x86_64",
		"timestamp":	{
			"time":	"Fri, 09 Dec 2022 23:06:54 GMT",
			"timesecs":	1670627214
		},
		"connecting_to":	{
			"host":	"192.168.100.168",
			"port":	5201
		},
		"cookie":	"ktzar6g4ithx7j6ooa7moa5jonv6frbshzs2",
		"tcp_mss_default":	1448,
		"target_bitrate":	0,
		"sock_bufsize":	0,
		"sndbuf_actual":	16384,
		"rcvbuf_actual":	131072,
		"test_start":	{
			"protocol":	"TCP",
			"num_streams":	1,
			"blksize":	131072,
			"omit":	0,
			"duration":	10,
			"bytes":	0,
			"blocks":	0,
			"reverse":	0,
			"tos":	0,
			"target_bitrate":	0
		}
	},
	"intervals":	[{
			"streams":	[{
					"socket":	6,
					"start":	0,
					"end":	1.000073,
					"seconds":	1.0000729560852051,
					"bytes":	5306920,
					"bits_per_second":	42452262.849094436,
					"retransmits":	0,
					"snd_cwnd":	522728,
					"snd_wnd":	2934400,
					"rtt":	135595,
					"rttvar":	603,
					"pmtu":	1500,
					"omitted":	false,
					"sender":	true
				}],
			"sum":	{
				"start":	0,
				"end":	1.000073,
				"seconds":	1.0000729560852051,
				"bytes":	5306920,
				"bits_per_second":	42452262.849094436,
				"retransmits":	0,
				"omitted":	false,
				"sender":	true
			}
		}, {
			"streams":	[{
					"socket":	6,
					"start":	1.000073,
					"end":	2.000261,
					"seconds":	1.0001879930496216,
					"bytes":	3583800,
					"bits_per_second":	28665011.177131373,
					"retransmits":	0,
					"snd_cwnd":	697936,
					"snd_wnd":	2934528,
					"rtt":	183773,
					"rttvar":	320,
					"pmtu":	1500,
					"omitted":	false,
					"sender":	true
				}],
			"sum":	{
				"start":	1.000073,
				"end":	2.000261,
				"seconds":	1.0001879930496216,
				"bytes":	3583800,
				"bits_per_second":	28665011.177131373,
				"retransmits":	0,
				"omitted":	false,
				"sender":	true
			}
		}, {
			"streams":	[{
					"socket":	6,
					"start":	2.000261,
					"end":	3.000332,
					"seconds":	1.0000710487365723,
					"bytes":	3823264,
					"bits_per_second":	30583939.049771111,
					"retransmits":	0,
					"snd_cwnd":	897760,
					"snd_wnd":	2934528,
					"rtt":	195446,
					"rttvar":	122,
					"pmtu":	1500,
					"omitted":	false,
					"sender":	true
				}],
			"sum":	{
				"start":	2.000261,
				"end":	3.000332,
				"seconds":	1.0000710487365723,
				"bytes":	3823264,
				"bits_per_second":	30583939.049771111,
				"retransmits":	0,
				"omitted":	false,
				"sender":	true
			}
		}, {
			"streams":	[{
					"socket":	6,
					"start":	3.000332,
					"end":	4.000131,
					"seconds":	0.99979901313781738,
					"bytes":	5242880,
					"bits_per_second":	41951471.694659851,
					"retransmits":	0,
					"snd_cwnd":	1132336,
					"snd_wnd":	2934528,
					"rtt":	221501,
					"rttvar":	393,
					"pmtu":	1500,
					"omitted":	false,
					"sender":	true
				}],
			"sum":	{
				"start":	3.000332,
				"end":	4.000131,
				"seconds":	0.99979901313781738,
				"bytes":	5242880,
				"bits_per_second":	41951471.694659851,
				"retransmits":	0,
				"omitted":	false,
				"sender":	true
			}
		}, {
			"streams":	[{
					"socket":	6,
					"start":	4.000131,
					"end":	5.000115,
					"seconds":	0.9999840259552002,
					"bytes":	5242880,
					"bits_per_second":	41943710.010702781,
					"retransmits":	0,
					"snd_cwnd":	1382840,
					"snd_wnd":	2934528,
					"rtt":	250331,
					"rttvar":	515,
					"pmtu":	1500,
					"omitted":	false,
					"sender":	true
				}],
			"sum":	{
				"start":	4.000131,
				"end":	5.000115,
				"seconds":	0.9999840259552002,
				"bytes":	5242880,
				"bits_per_second":	41943710.010702781,
				"retransmits":	0,
				"omitted":	false,
				"sender":	true
			}
		}, {
			"streams":	[{
					"socket":	6,
					"start":	5.000115,
					"end":	6.00012,
					"seconds":	1.0000050067901611,
					"bytes":	5242880,
					"bits_per_second":	41942830.001051418,
					"retransmits":	0,
					"snd_cwnd":	1652168,
					"snd_wnd":	3141248,
					"rtt":	288728,
					"rttvar":	86,
					"pmtu":	1500,
					"omitted":	false,
					"sender":	true
				}],
			"sum":	{
				"start":	5.000115,
				"end":	6.00012,
				"seconds":	1.0000050067901611,
				"bytes":	5242880,
				"bits_per_second":	41942830.001051418,
				"retransmits":	0,
				"omitted":	false,
				"sender":	true
			}
		}, {
			"streams":	[{
					"socket":	6,
					"start":	6.00012,
					"end":	7.000179,
					"seconds":	1.0000590085983276,
					"bytes":	5242880,
					"bits_per_second":	41940565.146037661,
					"retransmits":	0,
					"snd_cwnd":	1928736,
					"snd_wnd":	3141248,
					"rtt":	329768,
					"rttvar":	422,
					"pmtu":	1500,
					"omitted":	false,
					"sender":	true
				}],
			"sum":	{
				"start":	6.00012,
				"end":	7.000179,
				"seconds":	1.0000590085983276,
				"bytes":	5242880,
				"bits_per_second":	41940565.146037661,
				"retransmits":	0,
				"omitted":	false,
				"sender":	true
			}
		}, {
			"streams":	[{
					"socket":	6,
					"start":	7.000179,
					"end":	8.000209,
					"seconds":	1.0000300407409668,
					"bytes":	5242880,
					"bits_per_second":	41941780.0378502,
					"retransmits":	0,
					"snd_cwnd":	2206752,
					"snd_wnd":	3141248,
					"rtt":	373993,
					"rttvar":	458,
					"pmtu":	1500,
					"omitted":	false,
					"sender":	true
				}],
			"sum":	{
				"start":	7.000179,
				"end":	8.000209,
				"seconds":	1.0000300407409668,
				"bytes":	5242880,
				"bits_per_second":	41941780.0378502,
				"retransmits":	0,
				"omitted":	false,
				"sender":	true
			}
		}, {
			"streams":	[{
					"socket":	6,
					"start":	8.000209,
					"end":	9.000068,
					"seconds":	0.99985897541046143,
					"bytes":	6553600,
					"bits_per_second":	52436194.792847626,
					"retransmits":	0,
					"snd_cwnd":	2490560,
					"snd_wnd":	3143552,
					"rtt":	413697,
					"rttvar":	559,
					"pmtu":	1500,
					"omitted":	false,
					"sender":	true
				}],
			"sum":	{
				"start":	8.000209,
				"end":	9.000068,
				"seconds":	0.99985897541046143,
				"bytes":	6553600,
				"bits_per_second":	52436194.792847626,
				"retransmits":	0,
				"omitted":	false,
				"sender":	true
			}
		}, {
			"streams":	[{
					"socket":	6,
					"start":	9.000068,
					"end":	10.00015,
					"seconds":	1.0000820159912109,
					"bytes":	5242880,
					"bits_per_second":	41939600.282111876,
					"retransmits":	0,
					"snd_cwnd":	2778712,
					"snd_wnd":	3143552,
					"rtt":	456808,
					"rttvar":	402,
					"pmtu":	1500,
					"omitted":	false,
					"sender":	true
				}],
			"sum":	{
				"start":	9.000068,
				"end":	10.00015,
				"seconds":	1.0000820159912109,
				"bytes":	5242880,
				"bits_per_second":	41939600.282111876,
				"retransmits":	0,
				"omitted":	false,
				"sender":	true
			}
		}],
	"end":	{
		"streams":	[{
				"sender":	{
					"socket":	6,
					"start":	0,
					"end":	10.00015,
					"seconds":	10.00015,
					"bytes":	50724864,
					"bits_per_second":	40579282.510762341,
					"retransmits":	0,
					"max_snd_cwnd":	2778712,
					"max_snd_wnd":	3143552,
					"max_rtt":	456808,
					"min_rtt":	135595,
					"mean_rtt":	284964,
					"sender":	true
				},
				"receiver":	{
					"socket":	6,
					"start":	0,
					"end":	10.480048,
					"seconds":	10.00015,
					"bytes":	50573712,
					"bits_per_second":	38605710.20285403,
					"sender":	true
				}
			}],
		"sum_sent":	{
			"start":	0,
			"end":	10.00015,
			"seconds":	10.00015,
			"bytes":	50724864,
			"bits_per_second":	40579282.510762341,
			"retransmits":	0,
			"sender":	true
		},
		"sum_received":	{
			"start":	0,
			"end":	10.480048,
			"seconds":	10.480048,
			"bytes":	50573712,
			"bits_per_second":	38605710.20285403,
			"sender":	true
		},
		"cpu_utilization_percent":	{
			"host_total":	0.55881617157497432,
			"host_user":	0.054287688281623121,
			"host_system":	0.50455789157519382,
			"remote_total":	2.2373536029373877,
			"remote_user":	0.093606334314879872,
			"remote_system":	2.1437377266924047
		},
		"sender_tcp_congestion":	"cubic",
		"receiver_tcp_congestion":	"cubic"
	}
}
