{
	"start":	{
		"connected":	[{
				"socket":	6,
				"local_host":	"192.168.101.210",
				"local_port":	52014,
				"remote_host":	"192.168.100.168",
				"remote_port":	5202
			}],
		"version":	"iperf 3.11",
		"system_info":	"Linux f1 6.0.10-300.fc37.x86_64 #1 SMP PREEMPT_DYNAMIC Sat Nov 26 16:55:13 UTC 2022 x86_64",
		"timestamp":	{
			"time":	"Fri, 09 Dec 2022 23:08:53 GMT",
			"timesecs":	1670627333
		},
		"connecting_to":	{
			"host":	"192.168.100.168",
			"port":	5202
		},
		"cookie":	"5o7m4zkehrhfjeqwy5wyy5esekzrlko46tfa",
		"tcp_mss_default":	1448,
		"target_bitrate":	0,
		"sock_bufsize":	0,
		"sndbuf_actual":	16384,
		"rcvbuf_actual":	131072,
		"test_start":	{
			"protocol":	"TCP",
			"num_streams":	1,
			"blksize":	131072,
			"omit":	0,
			"duration":	10,
			"bytes":	0,
			"blocks":	0,
			"reverse":	0,
			"tos":	0,
			"target_bitrate":	0
		}
	},
	"intervals":	[{
			"streams":	[{
					"socket":	6,
					"start":	0,
					"end":	1.000354,
					"seconds":	1.0003540515899658,
					"bytes":	4325376,
					"bits_per_second":	34590761.086039357,
					"retransmits":	0,
					"snd_cwnd":	799296,
					"snd_wnd":	2012544,
					"rtt":	237341,
					"rttvar":	5941,
					"pmtu":	1500,
					"omitted":	false,
					"sender":	true
				}],
			"sum":	{
				"start":	0,
				"end":	1.000354,
				"seconds":	1.0003540515899658,
				"bytes":	4325376,
				"bits_per_second":	34590761.086039357,
				"retransmits":	0,
				"omitted":	false,
				"sender":	true
			}
		}, {
			"streams":	[{
					"socket":	6,
					"start":	1.000354,
					"end":	2.000465,
					"seconds":	1.0001109838485718,
					"bytes":	2621440,
					"bits_per_second":	20969192.758286241,
					"retransmits":	0,
					"snd_cwnd":	880384,
					"snd_wnd":	3102720,
					"rtt":	306494,
					"rttvar":	1856,
					"pmtu":	1500,
					"omitted":	false,
					"sender":	true
				}],
			"sum":	{
				"start":	1.000354,
				"end":	2.000465,
				"seconds":	1.0001109838485718,
				"bytes":	2621440,
				"bits_per_second":	20969192.758286241,
				"retransmits":	0,
				"omitted":	false,
				"sender":	true
			}
		}, {
			"streams":	[{
					"socket":	6,
					"start":	2.000465,
					"end":	3.000314,
					"seconds":	0.999849021434784,
					"bytes":	2621440,
					"bits_per_second":	20974686.728108067,
					"retransmits":	0,
					"snd_cwnd":	880384,
					"snd_wnd":	3103104,
					"rtt":	334353,
					"rttvar":	377,
					"pmtu":	1500,
					"omitted":	false,
					"sender":	true
				}],
			"sum":	{
				"start":	2.000465,
				"end":	3.000314,
				"seconds":	0.999849021434784,
				"bytes":	2621440,
				"bits_per_second":	20974686.728108067,
				"retransmits":	0,
				"omitted":	false,
				"sender":	true
			}
		}, {
			"streams":	[{
					"socket":	6,
					"start":	3.000314,
					"end":	4.000286,
					"seconds":	0.99997198581695557,
					"bytes":	2621440,
					"bits_per_second":	20972107.5164588,
					"retransmits":	0,
					"snd_cwnd":	880384,
					"snd_wnd":	3103104,
					"rtt":	362913,
					"rttvar":	532,
					"pmtu":	1500,
					"omitted":	false,
					"sender":	true
				}],
			"sum":	{
				"start":	3.000314,
				"end":	4.000286,
				"seconds":	0.99997198581695557,
				"bytes":	2621440,
				"bits_per_second":	20972107.5164588,
				"retransmits":	0,
				"omitted":	false,
				"sender":	true
			}
		}, {
			"streams":	[{
					"socket":	6,
					"start":	4.000286,
					"end":	5.000216,
					"seconds":	0.99993002414703369,
					"bytes":	2621440,
					"bits_per_second":	20972987.60269675,
					"retransmits":	0,
					"snd_cwnd":	590784,
					"snd_wnd":	3103104,
					"rtt":	390194,
					"rttvar":	232,
					"pmtu":	1500,
					"omitted":	false,
					"sender":	true
				}],
			"sum":	{
				"start":	4.000286,
				"end":	5.000216,
				"seconds":	0.99993002414703369,
				"bytes":	2621440,
				"bits_per_second":	20972987.60269675,
				"retransmits":	0,
				"omitted":	false,
				"sender":	true
			}
		}, {
			"streams":	[{
					"socket":	6,
					"start":	5.000216,
					"end":	6.000525,
					"seconds":	1.0003089904785156,
					"bytes":	1310720,
					"bits_per_second":	10482521.000819907,
					"retransmits":	0,
					"snd_cwnd":	590784,
					"snd_wnd":	3103104,
					"rtt":	374424,
					"rttvar":	448,
					"pmtu":	1500,
					"omitted":	false,
					"sender":	true
				}],
			"sum":	{
				"start":	5.000216,
				"end":	6.000525,
				"seconds":	1.0003089904785156,
				"bytes":	1310720,
				"bits_per_second":	10482521.000819907,
				"retransmits":	0,
				"omitted":	false,
				"sender":	true
			}
		}, {
			"streams":	[{
					"socket":	6,
					"start":	6.000525,
					"end":	7.000601,
					"seconds":	1.0000760555267334,
					"bytes":	1310720,
					"bits_per_second":	10484962.560649671,
					"retransmits":	0,
					"snd_cwnd":	544448,
					"snd_wnd":	3103104,
					"rtt":	406431,
					"rttvar":	319,
					"pmtu":	1500,
					"omitted":	false,
					"sender":	true
				}],
			"sum":	{
				"start":	6.000525,
				"end":	7.000601,
				"seconds":	1.0000760555267334,
				"bytes":	1310720,
				"bits_per_second":	10484962.560649671,
				"retransmits":	0,
				"omitted":	false,
				"sender":	true
			}
		}, {
			"streams":	[{
					"socket":	6,
					"start":	7.000601,
					"end":	8.000664,
					"seconds":	1.0000629425048828,
					"bytes":	1310720,
					"bits_per_second":	10485100.041539438,
					"retransmits":	0,
					"snd_cwnd":	474944,
					"snd_wnd":	3103104,
					"rtt":	430603,
					"rttvar":	921,
					"pmtu":	1500,
					"omitted":	false,
					"sender":	true
				}],
			"sum":	{
				"start":	7.000601,
				"end":	8.000664,
				"seconds":	1.0000629425048828,
				"bytes":	1310720,
				"bits_per_second":	10485100.041539438,
				"retransmits":	0,
				"omitted":	false,
				"sender":	true
			}
		}, {
			"streams":	[{
					"socket":	6,
					"start":	8.000664,
					"end":	9.000403,
					"seconds":	0.99973899126052856,
					"bytes":	1310720,
					"bits_per_second":	10488497.589534793,
					"retransmits":	0,
					"snd_cwnd":	474944,
					"snd_wnd":	3103104,
					"rtt":	467198,
					"rttvar":	468,
					"pmtu":	1500,
					"omitted":	false,
					"sender":	true
				}],
			"sum":	{
				"start":	8.000664,
				"end":	9.000403,
				"seconds":	0.99973899126052856,
				"bytes":	1310720,
				"bits_per_second":	10488497.589534793,
				"retransmits":	0,
				"omitted":	false,
				"sender":	true
			}
		}, {
			"streams":	[{
					"socket":	6,
					"start":	9.000403,
					"end":	10.000244,
					"seconds":	0.99984097480773926,
					"bytes":	1310720,
					"bits_per_second":	10487427.765216684,
					"retransmits":	0,
					"snd_cwnd":	428608,
					"snd_wnd":	3103104,
					"rtt":	512372,
					"rttvar":	509,
					"pmtu":	1500,
					"omitted":	false,
					"sender":	true
				}],
			"sum":	{
				"start":	9.000403,
				"end":	10.000244,
				"seconds":	0.99984097480773926,
				"bytes":	1310720,
				"bits_per_second":	10487427.765216684,
				"retransmits":	0,
				"omitted":	false,
				"sender":	true
			}
		}],
	"end":	{
		"streams":	[{
				"sender":	{
					"socket":	6,
					"start":	0,
					"end":	10.000244,
					"seconds":	10.000244,
					"bytes":	21364736,
					"bits_per_second":	17091371.7705288,
					"retransmits":	0,
					"max_snd_cwnd":	880384,
					"max_snd_wnd":	3103104,
					"max_rtt":	512372,
					"min_rtt":	237341,
					"mean_rtt":	382232,
					"sender":	true
				},
				"receiver":	{
					"socket":	6,
					"start":	0,
					"end":	10.461435,
					"seconds":	10.000244,
					"bytes":	18034840,
					"bits_per_second":	13791484.62902078,
					"sender":	true
				}
			}],
		"sum_sent":	{
			"start":	0,
			"end":	10.000244,
			"seconds":	10.000244,
			"bytes":	21364736,
			"bits_per_second":	17091371.7705288,
			"retransmits":	0,
			"sender":	true
		},
		"sum_received":	{
			"start":	0,
			"end":	10.461435,
			"seconds":	10.461435,
			"bytes":	18034840,
			"bits_per_second":	13791484.62902078,
			"sender":	true
		},
		"cpu_utilization_percent":	{
			"host_total":	0.98999420551695927,
			"host_user":	0.1641818265898799,
			"host_system":	0.8258219931348787,
			"remote_total":	1.2141533780320617,
			"remote_user":	0.1488991101230174,
			"remote_system":	1.0652638268170578
		},
		"sender_tcp_congestion":	"bbr",
		"receiver_tcp_congestion":	"bbr"
	}
}
