{
	"start":	{
		"connected":	[{
				"socket":	6,
				"local_host":	"192.168.101.210",
				"local_port":	46700,
				"remote_host":	"192.168.100.168",
				"remote_port":	5201
			}],
		"version":	"iperf 3.11",
		"system_info":	"Linux f1 6.0.10-300.fc37.x86_64 #1 SMP PREEMPT_DYNAMIC Sat Nov 26 16:55:13 UTC 2022 x86_64",
		"timestamp":	{
			"time":	"Fri, 09 Dec 2022 23:03:59 GMT",
			"timesecs":	1670627039
		},
		"connecting_to":	{
			"host":	"192.168.100.168",
			"port":	5201
		},
		"cookie":	"ghxhemfc6h6gfixjy3rjsrl4zkv5frkxje3s",
		"tcp_mss_default":	1448,
		"target_bitrate":	0,
		"sock_bufsize":	0,
		"sndbuf_actual":	16384,
		"rcvbuf_actual":	131072,
		"test_start":	{
			"protocol":	"TCP",
			"num_streams":	1,
			"blksize":	131072,
			"omit":	0,
			"duration":	10,
			"bytes":	0,
			"blocks":	0,
			"reverse":	0,
			"tos":	0,
			"target_bitrate":	0
		}
	},
	"intervals":	[{
			"streams":	[{
					"socket":	6,
					"start":	0,
					"end":	1.000141,
					"seconds":	1.0001410245895386,
					"bytes":	8650752,
					"bits_per_second":	69196257.626170665,
					"retransmits":	0,
					"snd_cwnd":	970160,
					"snd_wnd":	3141248,
					"rtt":	164709,
					"rttvar":	568,
					"pmtu":	1500,
					"omitted":	false,
					"sender":	true
				}],
			"sum":	{
				"start":	0,
				"end":	1.000141,
				"seconds":	1.0001410245895386,
				"bytes":	8650752,
				"bits_per_second":	69196257.626170665,
				"retransmits":	0,
				"omitted":	false,
				"sender":	true
			}
		}, {
			"streams":	[{
					"socket":	6,
					"start":	1.000141,
					"end":	2.0002,
					"seconds":	1.0000590085983276,
					"bytes":	5242880,
					"bits_per_second":	41940565.146037661,
					"retransmits":	36,
					"snd_cwnd":	747168,
					"snd_wnd":	3145728,
					"rtt":	129425,
					"rttvar":	670,
					"pmtu":	1500,
					"omitted":	false,
					"sender":	true
				}],
			"sum":	{
				"start":	1.000141,
				"end":	2.0002,
				"seconds":	1.0000590085983276,
				"bytes":	5242880,
				"bits_per_second":	41940565.146037661,
				"retransmits":	36,
				"omitted":	false,
				"sender":	true
			}
		}, {
			"streams":	[{
					"socket":	6,
					"start":	2.0002,
					"end":	3.000072,
					"seconds":	0.99987202882766724,
					"bytes":	6553600,
					"bits_per_second":	52435510.233716473,
					"retransmits":	0,
					"snd_cwnd":	831152,
					"snd_wnd":	3145728,
					"rtt":	140714,
					"rttvar":	350,
					"pmtu":	1500,
					"omitted":	false,
					"sender":	true
				}],
			"sum":	{
				"start":	2.0002,
				"end":	3.000072,
				"seconds":	0.99987202882766724,
				"bytes":	6553600,
				"bits_per_second":	52435510.233716473,
				"retransmits":	0,
				"omitted":	false,
				"sender":	true
			}
		}, {
			"streams":	[{
					"socket":	6,
					"start":	3.000072,
					"end":	4.000147,
					"seconds":	1.0000749826431274,
					"bytes":	5242880,
					"bits_per_second":	41939895.235802732,
					"retransmits":	0,
					"snd_cwnd":	894864,
					"snd_wnd":	3145728,
					"rtt":	151051,
					"rttvar":	143,
					"pmtu":	1500,
					"omitted":	false,
					"sender":	true
				}],
			"sum":	{
				"start":	3.000072,
				"end":	4.000147,
				"seconds":	1.0000749826431274,
				"bytes":	5242880,
				"bits_per_second":	41939895.235802732,
				"retransmits":	0,
				"omitted":	false,
				"sender":	true
			}
		}, {
			"streams":	[{
					"socket":	6,
					"start":	4.000147,
					"end":	5.000249,
					"seconds":	1.0001020431518555,
					"bytes":	5242880,
					"bits_per_second":	41938760.436700128,
					"retransmits":	0,
					"snd_cwnd":	938304,
					"snd_wnd":	3145728,
					"rtt":	159535,
					"rttvar":	218,
					"pmtu":	1500,
					"omitted":	false,
					"sender":	true
				}],
			"sum":	{
				"start":	4.000147,
				"end":	5.000249,
				"seconds":	1.0001020431518555,
				"bytes":	5242880,
				"bits_per_second":	41938760.436700128,
				"retransmits":	0,
				"omitted":	false,
				"sender":	true
			}
		}, {
			"streams":	[{
					"socket":	6,
					"start":	5.000249,
					"end":	6.000125,
					"seconds":	0.99987602233886719,
					"bytes":	6553600,
					"bits_per_second":	52435300.805954717,
					"retransmits":	0,
					"snd_cwnd":	967264,
					"snd_wnd":	3145728,
					"rtt":	163035,
					"rttvar":	127,
					"pmtu":	1500,
					"omitted":	false,
					"sender":	true
				}],
			"sum":	{
				"start":	5.000249,
				"end":	6.000125,
				"seconds":	0.99987602233886719,
				"bytes":	6553600,
				"bits_per_second":	52435300.805954717,
				"retransmits":	0,
				"omitted":	false,
				"sender":	true
			}
		}, {
			"streams":	[{
					"socket":	6,
					"start":	6.000125,
					"end":	7.000237,
					"seconds":	1.0001120567321777,
					"bytes":	5242880,
					"bits_per_second":	41938340.526607633,
					"retransmits":	0,
					"snd_cwnd":	983192,
					"snd_wnd":	3145728,
					"rtt":	165933,
					"rttvar":	47,
					"pmtu":	1500,
					"omitted":	false,
					"sender":	true
				}],
			"sum":	{
				"start":	6.000125,
				"end":	7.000237,
				"seconds":	1.0001120567321777,
				"bytes":	5242880,
				"bits_per_second":	41938340.526607633,
				"retransmits":	0,
				"omitted":	false,
				"sender":	true
			}
		}, {
			"streams":	[{
					"socket":	6,
					"start":	7.000237,
					"end":	8.000122,
					"seconds":	0.99988502264022827,
					"bytes":	6553600,
					"bits_per_second":	52434828.8181776,
					"retransmits":	0,
					"snd_cwnd":	990432,
					"snd_wnd":	3145728,
					"rtt":	167449,
					"rttvar":	186,
					"pmtu":	1500,
					"omitted":	false,
					"sender":	true
				}],
			"sum":	{
				"start":	7.000237,
				"end":	8.000122,
				"seconds":	0.99988502264022827,
				"bytes":	6553600,
				"bits_per_second":	52434828.8181776,
				"retransmits":	0,
				"omitted":	false,
				"sender":	true
			}
		}, {
			"streams":	[{
					"socket":	6,
					"start":	8.000122,
					"end":	9.00024,
					"seconds":	1.0001180171966553,
					"bytes":	5242880,
					"bits_per_second":	41938090.5841162,
					"retransmits":	0,
					"snd_cwnd":	991880,
					"snd_wnd":	3145728,
					"rtt":	167536,
					"rttvar":	243,
					"pmtu":	1500,
					"omitted":	false,
					"sender":	true
				}],
			"sum":	{
				"start":	8.000122,
				"end":	9.00024,
				"seconds":	1.0001180171966553,
				"bytes":	5242880,
				"bits_per_second":	41938090.5841162,
				"retransmits":	0,
				"omitted":	false,
				"sender":	true
			}
		}, {
			"streams":	[{
					"socket":	6,
					"start":	9.00024,
					"end":	10.000137,
					"seconds":	0.999897003173828,
					"bytes":	6553600,
					"bits_per_second":	52434200.556240149,
					"retransmits":	0,
					"snd_cwnd":	991880,
					"snd_wnd":	3145728,
					"rtt":	167403,
					"rttvar":	60,
					"pmtu":	1500,
					"omitted":	false,
					"sender":	true
				}],
			"sum":	{
				"start":	9.00024,
				"end":	10.000137,
				"seconds":	0.999897003173828,
				"bytes":	6553600,
				"bits_per_second":	52434200.556240149,
				"retransmits":	0,
				"omitted":	false,
				"sender":	true
			}
		}],
	"end":	{
		"streams":	[{
				"sender":	{
					"socket":	6,
					"start":	0,
					"end":	10.000137,
					"seconds":	10.000137,
					"bytes":	61079552,
					"bits_per_second":	48862972.177281171,
					"retransmits":	36,
					"max_snd_cwnd":	991880,
					"max_snd_wnd":	3145728,
					"max_rtt":	167536,
					"min_rtt":	129425,
					"mean_rtt":	157679,
					"sender":	true
				},
				"receiver":	{
					"socket":	6,
					"start":	0,
					"end":	10.166755,
					"seconds":	10.000137,
					"bytes":	58851064,
					"bits_per_second":	46308631.6135286,
					"sender":	true
				}
			}],
		"sum_sent":	{
			"start":	0,
			"end":	10.000137,
			"seconds":	10.000137,
			"bytes":	61079552,
			"bits_per_second":	48862972.177281171,
			"retransmits":	36,
			"sender":	true
		},
		"sum_received":	{
			"start":	0,
			"end":	10.166755,
			"seconds":	10.166755,
			"bytes":	58851064,
			"bits_per_second":	46308631.6135286,
			"sender":	true
		},
		"cpu_utilization_percent":	{
			"host_total":	0.13161045938426782,
			"host_user":	0.00090807125665087361,
			"host_system":	0.13070238812761695,
			"remote_total":	1.9791330092384263,
			"remote_user":	0.0675632144903374,
			"remote_system":	1.9115599587873244
		},
		"sender_tcp_congestion":	"cubic",
		"receiver_tcp_congestion":	"cubic"
	}
}
