{
	"start":	{
		"connected":	[{
				"socket":	6,
				"local_host":	"192.168.101.210",
				"local_port":	35592,
				"remote_host":	"192.168.100.168",
				"remote_port":	5202
			}],
		"version":	"iperf 3.11",
		"system_info":	"Linux f1 6.0.10-300.fc37.x86_64 #1 SMP PREEMPT_DYNAMIC Sat Nov 26 16:55:13 UTC 2022 x86_64",
		"timestamp":	{
			"time":	"Fri, 09 Dec 2022 23:03:59 GMT",
			"timesecs":	1670627039
		},
		"connecting_to":	{
			"host":	"192.168.100.168",
			"port":	5202
		},
		"cookie":	"oc7km3umi66ir4n5ar2wmnawwosizdewubck",
		"tcp_mss_default":	1448,
		"target_bitrate":	0,
		"sock_bufsize":	0,
		"sndbuf_actual":	16384,
		"rcvbuf_actual":	131072,
		"test_start":	{
			"protocol":	"TCP",
			"num_streams":	1,
			"blksize":	131072,
			"omit":	0,
			"duration":	10,
			"bytes":	0,
			"blocks":	0,
			"reverse":	0,
			"tos":	0,
			"target_bitrate":	0
		}
	},
	"intervals":	[{
			"streams":	[{
					"socket":	6,
					"start":	0,
					"end":	1.000306,
					"seconds":	1.0003060102462769,
					"bytes":	1142472,
					"bits_per_second":	9136979.99050288,
					"retransmits":	0,
					"snd_cwnd":	63712,
					"snd_wnd":	378368,
					"rtt":	160354,
					"rttvar":	1134,
					"pmtu":	1500,
					"omitted":	false,
					"sender":	true
				}],
			"sum":	{
				"start":	0,
				"end":	1.000306,
				"seconds":	1.0003060102462769,
				"bytes":	1142472,
				"bits_per_second":	9136979.99050288,
				"retransmits":	0,
				"omitted":	false,
				"sender":	true
			}
		}, {
			"streams":	[{
					"socket":	6,
					"start":	1.000306,
					"end":	2.000689,
					"seconds":	1.0003830194473267,
					"bytes":	260640,
					"bits_per_second":	2084321.6642681011,
					"retransmits":	0,
					"snd_cwnd":	40544,
					"snd_wnd":	378368,
					"rtt":	127463,
					"rttvar":	1826,
					"pmtu":	1500,
					"omitted":	false,
					"sender":	true
				}],
			"sum":	{
				"start":	1.000306,
				"end":	2.000689,
				"seconds":	1.0003830194473267,
				"bytes":	260640,
				"bits_per_second":	2084321.6642681011,
				"retransmits":	0,
				"omitted":	false,
				"sender":	true
			}
		}, {
			"streams":	[{
					"socket":	6,
					"start":	2.000689,
					"end":	3.000974,
					"seconds":	1.0002850294113159,
					"bytes":	260640,
					"bits_per_second":	2084525.8488244368,
					"retransmits":	0,
					"snd_cwnd":	20272,
					"snd_wnd":	378368,
					"rtt":	142297,
					"rttvar":	2553,
					"pmtu":	1500,
					"omitted":	false,
					"sender":	true
				}],
			"sum":	{
				"start":	2.000689,
				"end":	3.000974,
				"seconds":	1.0002850294113159,
				"bytes":	260640,
				"bits_per_second":	2084525.8488244368,
				"retransmits":	0,
				"omitted":	false,
				"sender":	true
			}
		}, {
			"streams":	[{
					"socket":	6,
					"start":	3.000974,
					"end":	4.001024,
					"seconds":	1.0000499486923218,
					"bytes":	260640,
					"bits_per_second":	2085015.8561845133,
					"retransmits":	0,
					"snd_cwnd":	23168,
					"snd_wnd":	378368,
					"rtt":	151342,
					"rttvar":	3156,
					"pmtu":	1500,
					"omitted":	false,
					"sender":	true
				}],
			"sum":	{
				"start":	3.000974,
				"end":	4.001024,
				"seconds":	1.0000499486923218,
				"bytes":	260640,
				"bits_per_second":	2085015.8561845133,
				"retransmits":	0,
				"omitted":	false,
				"sender":	true
			}
		}, {
			"streams":	[{
					"socket":	6,
					"start":	4.001024,
					"end":	5.000285,
					"seconds":	0.99926102161407471,
					"bytes":	260640,
					"bits_per_second":	2086661.9981153389,
					"retransmits":	0,
					"snd_cwnd":	20272,
					"snd_wnd":	378368,
					"rtt":	158776,
					"rttvar":	835,
					"pmtu":	1500,
					"omitted":	false,
					"sender":	true
				}],
			"sum":	{
				"start":	4.001024,
				"end":	5.000285,
				"seconds":	0.99926102161407471,
				"bytes":	260640,
				"bits_per_second":	2086661.9981153389,
				"retransmits":	0,
				"omitted":	false,
				"sender":	true
			}
		}, {
			"streams":	[{
					"socket":	6,
					"start":	5.000285,
					"end":	6.001028,
					"seconds":	1.00074303150177,
					"bytes":	0,
					"bits_per_second":	0,
					"retransmits":	0,
					"snd_cwnd":	14480,
					"snd_wnd":	378368,
					"rtt":	165373,
					"rttvar":	3519,
					"pmtu":	1500,
					"omitted":	false,
					"sender":	true
				}],
			"sum":	{
				"start":	5.000285,
				"end":	6.001028,
				"seconds":	1.00074303150177,
				"bytes":	0,
				"bits_per_second":	0,
				"retransmits":	0,
				"omitted":	false,
				"sender":	true
			}
		}, {
			"streams":	[{
					"socket":	6,
					"start":	6.001028,
					"end":	7.001029,
					"seconds":	1.0000009536743164,
					"bytes":	0,
					"bits_per_second":	0,
					"retransmits":	0,
					"snd_cwnd":	11584,
					"snd_wnd":	378368,
					"rtt":	169604,
					"rttvar":	2781,
					"pmtu":	1500,
					"omitted":	false,
					"sender":	true
				}],
			"sum":	{
				"start":	6.001028,
				"end":	7.001029,
				"seconds":	1.0000009536743164,
				"bytes":	0,
				"bits_per_second":	0,
				"retransmits":	0,
				"omitted":	false,
				"sender":	true
			}
		}, {
			"streams":	[{
					"socket":	6,
					"start":	7.001029,
					"end":	8.00066,
					"seconds":	0.99963098764419556,
					"bytes":	260640,
					"bits_per_second":	2085889.7190791857,
					"retransmits":	0,
					"snd_cwnd":	11584,
					"snd_wnd":	378368,
					"rtt":	174829,
					"rttvar":	2956,
					"pmtu":	1500,
					"omitted":	false,
					"sender":	true
				}],
			"sum":	{
				"start":	7.001029,
				"end":	8.00066,
				"seconds":	0.99963098764419556,
				"bytes":	260640,
				"bits_per_second":	2085889.7190791857,
				"retransmits":	0,
				"omitted":	false,
				"sender":	true
			}
		}, {
			"streams":	[{
					"socket":	6,
					"start":	8.00066,
					"end":	9.001029,
					"seconds":	1.00036895275116,
					"bytes":	0,
					"bits_per_second":	0,
					"retransmits":	0,
					"snd_cwnd":	11584,
					"snd_wnd":	378368,
					"rtt":	175763,
					"rttvar":	2375,
					"pmtu":	1500,
					"omitted":	false,
					"sender":	true
				}],
			"sum":	{
				"start":	8.00066,
				"end":	9.001029,
				"seconds":	1.00036895275116,
				"bytes":	0,
				"bits_per_second":	0,
				"retransmits":	0,
				"omitted":	false,
				"sender":	true
			}
		}, {
			"streams":	[{
					"socket":	6,
					"start":	9.001029,
					"end":	10.001034,
					"seconds":	1.0000050067901611,
					"bytes":	0,
					"bits_per_second":	0,
					"retransmits":	0,
					"snd_cwnd":	11584,
					"snd_wnd":	378368,
					"rtt":	178961,
					"rttvar":	3614,
					"pmtu":	1500,
					"omitted":	false,
					"sender":	true
				}],
			"sum":	{
				"start":	9.001029,
				"end":	10.001034,
				"seconds":	1.0000050067901611,
				"bytes":	0,
				"bits_per_second":	0,
				"retransmits":	0,
				"omitted":	false,
				"sender":	true
			}
		}],
	"end":	{
		"streams":	[{
				"sender":	{
					"socket":	6,
					"start":	0,
					"end":	10.001034,
					"seconds":	10.001034,
					"bytes":	2445672,
					"bits_per_second":	1956335.3149284362,
					"retransmits":	0,
					"max_snd_cwnd":	63712,
					"max_snd_wnd":	378368,
					"max_rtt":	178961,
					"min_rtt":	127463,
					"mean_rtt":	160476,
					"sender":	true
				},
				"receiver":	{
					"socket":	6,
					"start":	0,
					"end":	10.167833,
					"seconds":	10.001034,
					"bytes":	1915704,
					"bits_per_second":	1507266.2975483567,
					"sender":	true
				}
			}],
		"sum_sent":	{
			"start":	0,
			"end":	10.001034,
			"seconds":	10.001034,
			"bytes":	2445672,
			"bits_per_second":	1956335.3149284362,
			"retransmits":	0,
			"sender":	true
		},
		"sum_received":	{
			"start":	0,
			"end":	10.167833,
			"seconds":	10.167833,
			"bytes":	1915704,
			"bits_per_second":	1507266.2975483567,
			"sender":	true
		},
		"cpu_utilization_percent":	{
			"host_total":	0.066576076112029,
			"host_user":	0.027975321057714567,
			"host_system":	0.038590778120984284,
			"remote_total":	0.12010408889905602,
			"remote_user":	0,
			"remote_system":	0.12010408889905602
		},
		"sender_tcp_congestion":	"bbr",
		"receiver_tcp_congestion":	"bbr"
	}
}
