{
	"start":	{
		"connected":	[{
				"socket":	6,
				"local_host":	"192.168.101.210",
				"local_port":	45880,
				"remote_host":	"192.168.100.168",
				"remote_port":	5202
			}],
		"version":	"iperf 3.11",
		"system_info":	"Linux f1 6.0.10-300.fc37.x86_64 #1 SMP PREEMPT_DYNAMIC Sat Nov 26 16:55:13 UTC 2022 x86_64",
		"timestamp":	{
			"time":	"Fri, 09 Dec 2022 23:35:14 GMT",
			"timesecs":	1670628914
		},
		"connecting_to":	{
			"host":	"192.168.100.168",
			"port":	5202
		},
		"cookie":	"7cudubrkjcabevshmpfm2ilzzgqkqm5tzx6o",
		"tcp_mss_default":	1448,
		"target_bitrate":	0,
		"sock_bufsize":	0,
		"sndbuf_actual":	16384,
		"rcvbuf_actual":	131072,
		"test_start":	{
			"protocol":	"TCP",
			"num_streams":	1,
			"blksize":	131072,
			"omit":	0,
			"duration":	10,
			"bytes":	0,
			"blocks":	0,
			"reverse":	0,
			"tos":	0,
			"target_bitrate":	0
		}
	},
	"intervals":	[{
			"streams":	[{
					"socket":	6,
					"start":	0,
					"end":	1.000071,
					"seconds":	1.0000710487365723,
					"bytes":	71172096,
					"bits_per_second":	569336317.373966,
					"retransmits":	2309,
					"snd_cwnd":	1019392,
					"snd_wnd":	3145728,
					"rtt":	12708,
					"rttvar":	94,
					"pmtu":	1500,
					"omitted":	false,
					"sender":	true
				}],
			"sum":	{
				"start":	0,
				"end":	1.000071,
				"seconds":	1.0000710487365723,
				"bytes":	71172096,
				"bits_per_second":	569336317.373966,
				"retransmits":	2309,
				"omitted":	false,
				"sender":	true
			}
		}, {
			"streams":	[{
					"socket":	6,
					"start":	1.000071,
					"end":	2.000072,
					"seconds":	1.0000009536743164,
					"bytes":	68157440,
					"bits_per_second":	545259000.000496,
					"retransmits":	0,
					"snd_cwnd":	993328,
					"snd_wnd":	3145728,
					"rtt":	13529,
					"rttvar":	411,
					"pmtu":	1500,
					"omitted":	false,
					"sender":	true
				}],
			"sum":	{
				"start":	1.000071,
				"end":	2.000072,
				"seconds":	1.0000009536743164,
				"bytes":	68157440,
				"bits_per_second":	545259000.000496,
				"retransmits":	0,
				"omitted":	false,
				"sender":	true
			}
		}, {
			"streams":	[{
					"socket":	6,
					"start":	2.000072,
					"end":	3.000089,
					"seconds":	1.0000170469284058,
					"bytes":	65536000,
					"bits_per_second":	524279062.6523543,
					"retransmits":	0,
					"snd_cwnd":	883280,
					"snd_wnd":	3145728,
					"rtt":	13244,
					"rttvar":	336,
					"pmtu":	1500,
					"omitted":	false,
					"sender":	true
				}],
			"sum":	{
				"start":	2.000072,
				"end":	3.000089,
				"seconds":	1.0000170469284058,
				"bytes":	65536000,
				"bits_per_second":	524279062.6523543,
				"retransmits":	0,
				"omitted":	false,
				"sender":	true
			}
		}, {
			"streams":	[{
					"socket":	6,
					"start":	3.000089,
					"end":	4.000076,
					"seconds":	0.999987006187439,
					"bytes":	60293120,
					"bits_per_second":	482351227.58143979,
					"retransmits":	0,
					"snd_cwnd":	920928,
					"snd_wnd":	3145728,
					"rtt":	13621,
					"rttvar":	286,
					"pmtu":	1500,
					"omitted":	false,
					"sender":	true
				}],
			"sum":	{
				"start":	3.000089,
				"end":	4.000076,
				"seconds":	0.999987006187439,
				"bytes":	60293120,
				"bits_per_second":	482351227.58143979,
				"retransmits":	0,
				"omitted":	false,
				"sender":	true
			}
		}, {
			"streams":	[{
					"socket":	6,
					"start":	4.000076,
					"end":	5.000075,
					"seconds":	0.99999898672103882,
					"bytes":	58982400,
					"bits_per_second":	471859678.12548447,
					"retransmits":	0,
					"snd_cwnd":	816672,
					"snd_wnd":	3145728,
					"rtt":	13716,
					"rttvar":	257,
					"pmtu":	1500,
					"omitted":	false,
					"sender":	true
				}],
			"sum":	{
				"start":	4.000076,
				"end":	5.000075,
				"seconds":	0.99999898672103882,
				"bytes":	58982400,
				"bits_per_second":	471859678.12548447,
				"retransmits":	0,
				"omitted":	false,
				"sender":	true
			}
		}, {
			"streams":	[{
					"socket":	6,
					"start":	5.000075,
					"end":	6.000071,
					"seconds":	0.9999960064888,
					"bytes":	61603840,
					"bits_per_second":	492832688.13285977,
					"retransmits":	0,
					"snd_cwnd":	929616,
					"snd_wnd":	3145728,
					"rtt":	13091,
					"rttvar":	336,
					"pmtu":	1500,
					"omitted":	false,
					"sender":	true
				}],
			"sum":	{
				"start":	5.000075,
				"end":	6.000071,
				"seconds":	0.9999960064888,
				"bytes":	61603840,
				"bits_per_second":	492832688.13285977,
				"retransmits":	0,
				"omitted":	false,
				"sender":	true
			}
		}, {
			"streams":	[{
					"socket":	6,
					"start":	6.000071,
					"end":	7.000069,
					"seconds":	0.99999797344207764,
					"bytes":	60293120,
					"bits_per_second":	482345937.501981,
					"retransmits":	0,
					"snd_cwnd":	935408,
					"snd_wnd":	3145728,
					"rtt":	13798,
					"rttvar":	307,
					"pmtu":	1500,
					"omitted":	false,
					"sender":	true
				}],
			"sum":	{
				"start":	6.000071,
				"end":	7.000069,
				"seconds":	0.99999797344207764,
				"bytes":	60293120,
				"bits_per_second":	482345937.501981,
				"retransmits":	0,
				"omitted":	false,
				"sender":	true
			}
		}, {
			"streams":	[{
					"socket":	6,
					"start":	7.000069,
					"end":	8.000072,
					"seconds":	1.0000029802322388,
					"bytes":	57671680,
					"bits_per_second":	461372065.00409782,
					"retransmits":	0,
					"snd_cwnd":	880384,
					"snd_wnd":	3145728,
					"rtt":	14215,
					"rttvar":	279,
					"pmtu":	1500,
					"omitted":	false,
					"sender":	true
				}],
			"sum":	{
				"start":	7.000069,
				"end":	8.000072,
				"seconds":	1.0000029802322388,
				"bytes":	57671680,
				"bits_per_second":	461372065.00409782,
				"retransmits":	0,
				"omitted":	false,
				"sender":	true
			}
		}, {
			"streams":	[{
					"socket":	6,
					"start":	8.000072,
					"end":	9.000085,
					"seconds":	1.000012993812561,
					"bytes":	55050240,
					"bits_per_second":	440396197.57435614,
					"retransmits":	0,
					"snd_cwnd":	842736,
					"snd_wnd":	3145728,
					"rtt":	14086,
					"rttvar":	242,
					"pmtu":	1500,
					"omitted":	false,
					"sender":	true
				}],
			"sum":	{
				"start":	8.000072,
				"end":	9.000085,
				"seconds":	1.000012993812561,
				"bytes":	55050240,
				"bits_per_second":	440396197.57435614,
				"retransmits":	0,
				"omitted":	false,
				"sender":	true
			}
		}, {
			"streams":	[{
					"socket":	6,
					"start":	9.000085,
					"end":	10.000087,
					"seconds":	1.0000020265579224,
					"bytes":	60293120,
					"bits_per_second":	482343982.501981,
					"retransmits":	0,
					"snd_cwnd":	889072,
					"snd_wnd":	3145728,
					"rtt":	13847,
					"rttvar":	242,
					"pmtu":	1500,
					"omitted":	false,
					"sender":	true
				}],
			"sum":	{
				"start":	9.000085,
				"end":	10.000087,
				"seconds":	1.0000020265579224,
				"bytes":	60293120,
				"bits_per_second":	482343982.501981,
				"retransmits":	0,
				"omitted":	false,
				"sender":	true
			}
		}],
	"end":	{
		"streams":	[{
				"sender":	{
					"socket":	6,
					"start":	0,
					"end":	10.000087,
					"seconds":	10.000087,
					"bytes":	619053056,
					"bits_per_second":	495238136.2282148,
					"retransmits":	2309,
					"max_snd_cwnd":	1019392,
					"max_snd_wnd":	3145728,
					"max_rtt":	14215,
					"min_rtt":	12708,
					"mean_rtt":	13585,
					"sender":	true
				},
				"receiver":	{
					"socket":	6,
					"start":	0,
					"end":	10.012861,
					"seconds":	10.000087,
					"bytes":	616772704,
					"bits_per_second":	492784393.191916,
					"sender":	true
				}
			}],
		"sum_sent":	{
			"start":	0,
			"end":	10.000087,
			"seconds":	10.000087,
			"bytes":	619053056,
			"bits_per_second":	495238136.2282148,
			"retransmits":	2309,
			"sender":	true
		},
		"sum_received":	{
			"start":	0,
			"end":	10.012861,
			"seconds":	10.012861,
			"bytes":	616772704,
			"bits_per_second":	492784393.191916,
			"sender":	true
		},
		"cpu_utilization_percent":	{
			"host_total":	0.92897299258549948,
			"host_user":	0.02413888831787573,
			"host_system":	0.904844083138363,
			"remote_total":	3.3627680821565655,
			"remote_user":	0.20706326110704193,
			"remote_system":	3.1557048210495244
		},
		"sender_tcp_congestion":	"bbr",
		"receiver_tcp_congestion":	"bbr"
	}
}
