{
	"start":	{
		"connected":	[{
				"socket":	6,
				"local_host":	"192.168.101.210",
				"local_port":	37882,
				"remote_host":	"192.168.100.168",
				"remote_port":	5202
			}],
		"version":	"iperf 3.11",
		"system_info":	"Linux f1 6.0.10-300.fc37.x86_64 #1 SMP PREEMPT_DYNAMIC Sat Nov 26 16:55:13 UTC 2022 x86_64",
		"timestamp":	{
			"time":	"Fri, 09 Dec 2022 23:35:24 GMT",
			"timesecs":	1670628924
		},
		"connecting_to":	{
			"host":	"192.168.100.168",
			"port":	5202
		},
		"cookie":	"vi7ann5lxm5655kgqacuyaiqfuffpzwutnja",
		"tcp_mss_default":	1448,
		"target_bitrate":	0,
		"sock_bufsize":	0,
		"sndbuf_actual":	16384,
		"rcvbuf_actual":	131072,
		"test_start":	{
			"protocol":	"TCP",
			"num_streams":	1,
			"blksize":	131072,
			"omit":	0,
			"duration":	10,
			"bytes":	0,
			"blocks":	0,
			"reverse":	0,
			"tos":	0,
			"target_bitrate":	0
		}
	},
	"intervals":	[{
			"streams":	[{
					"socket":	6,
					"start":	0,
					"end":	1.000143,
					"seconds":	1.0001430511474609,
					"bytes":	16121856,
					"bits_per_second":	128956400.63891616,
					"retransmits":	0,
					"snd_cwnd":	124528,
					"snd_wnd":	3143552,
					"rtt":	34078,
					"rttvar":	857,
					"pmtu":	1500,
					"omitted":	false,
					"sender":	true
				}],
			"sum":	{
				"start":	0,
				"end":	1.000143,
				"seconds":	1.0001430511474609,
				"bytes":	16121856,
				"bits_per_second":	128956400.63891616,
				"retransmits":	0,
				"omitted":	false,
				"sender":	true
			}
		}, {
			"streams":	[{
					"socket":	6,
					"start":	1.000143,
					"end":	2.000379,
					"seconds":	1.0002360343933105,
					"bytes":	1310720,
					"bits_per_second":	10483285.584047269,
					"retransmits":	0,
					"snd_cwnd":	31856,
					"snd_wnd":	3143552,
					"rtt":	34194,
					"rttvar":	421,
					"pmtu":	1500,
					"omitted":	false,
					"sender":	true
				}],
			"sum":	{
				"start":	1.000143,
				"end":	2.000379,
				"seconds":	1.0002360343933105,
				"bytes":	1310720,
				"bits_per_second":	10483285.584047269,
				"retransmits":	0,
				"omitted":	false,
				"sender":	true
			}
		}, {
			"streams":	[{
					"socket":	6,
					"start":	2.000379,
					"end":	3.001033,
					"seconds":	1.0006539821624756,
					"bytes":	0,
					"bits_per_second":	0,
					"retransmits":	0,
					"snd_cwnd":	28960,
					"snd_wnd":	3143552,
					"rtt":	33886,
					"rttvar":	417,
					"pmtu":	1500,
					"omitted":	false,
					"sender":	true
				}],
			"sum":	{
				"start":	2.000379,
				"end":	3.001033,
				"seconds":	1.0006539821624756,
				"bytes":	0,
				"bits_per_second":	0,
				"retransmits":	0,
				"omitted":	false,
				"sender":	true
			}
		}, {
			"streams":	[{
					"socket":	6,
					"start":	3.001033,
					"end":	4.000938,
					"seconds":	0.999904990196228,
					"bytes":	1310720,
					"bits_per_second":	10486756.344662512,
					"retransmits":	0,
					"snd_cwnd":	26064,
					"snd_wnd":	3143552,
					"rtt":	33865,
					"rttvar":	481,
					"pmtu":	1500,
					"omitted":	false,
					"sender":	true
				}],
			"sum":	{
				"start":	3.001033,
				"end":	4.000938,
				"seconds":	0.999904990196228,
				"bytes":	1310720,
				"bits_per_second":	10486756.344662512,
				"retransmits":	0,
				"omitted":	false,
				"sender":	true
			}
		}, {
			"streams":	[{
					"socket":	6,
					"start":	4.000938,
					"end":	5.000188,
					"seconds":	0.99924999475479126,
					"bytes":	1310720,
					"bits_per_second":	10493630.277749594,
					"retransmits":	0,
					"snd_cwnd":	28960,
					"snd_wnd":	3143552,
					"rtt":	33389,
					"rttvar":	654,
					"pmtu":	1500,
					"omitted":	false,
					"sender":	true
				}],
			"sum":	{
				"start":	4.000938,
				"end":	5.000188,
				"seconds":	0.99924999475479126,
				"bytes":	1310720,
				"bits_per_second":	10493630.277749594,
				"retransmits":	0,
				"omitted":	false,
				"sender":	true
			}
		}, {
			"streams":	[{
					"socket":	6,
					"start":	5.000188,
					"end":	6.001031,
					"seconds":	1.0008430480957031,
					"bytes":	0,
					"bits_per_second":	0,
					"retransmits":	0,
					"snd_cwnd":	26064,
					"snd_wnd":	3143552,
					"rtt":	33756,
					"rttvar":	1073,
					"pmtu":	1500,
					"omitted":	false,
					"sender":	true
				}],
			"sum":	{
				"start":	5.000188,
				"end":	6.001031,
				"seconds":	1.0008430480957031,
				"bytes":	0,
				"bits_per_second":	0,
				"retransmits":	0,
				"omitted":	false,
				"sender":	true
			}
		}, {
			"streams":	[{
					"socket":	6,
					"start":	6.001031,
					"end":	7.000421,
					"seconds":	0.99939000606536865,
					"bytes":	1310720,
					"bits_per_second":	10492160.154055154,
					"retransmits":	0,
					"snd_cwnd":	28960,
					"snd_wnd":	3143552,
					"rtt":	33903,
					"rttvar":	1448,
					"pmtu":	1500,
					"omitted":	false,
					"sender":	true
				}],
			"sum":	{
				"start":	6.001031,
				"end":	7.000421,
				"seconds":	0.99939000606536865,
				"bytes":	1310720,
				"bits_per_second":	10492160.154055154,
				"retransmits":	0,
				"omitted":	false,
				"sender":	true
			}
		}, {
			"streams":	[{
					"socket":	6,
					"start":	7.000421,
					"end":	8.001027,
					"seconds":	1.0006059408187866,
					"bytes":	0,
					"bits_per_second":	0,
					"retransmits":	0,
					"snd_cwnd":	26064,
					"snd_wnd":	3143552,
					"rtt":	34308,
					"rttvar":	550,
					"pmtu":	1500,
					"omitted":	false,
					"sender":	true
				}],
			"sum":	{
				"start":	7.000421,
				"end":	8.001027,
				"seconds":	1.0006059408187866,
				"bytes":	0,
				"bits_per_second":	0,
				"retransmits":	0,
				"omitted":	false,
				"sender":	true
			}
		}, {
			"streams":	[{
					"socket":	6,
					"start":	8.001027,
					"end":	9.00026,
					"seconds":	0.99923300743103027,
					"bytes":	1310720,
					"bits_per_second":	10493808.673272589,
					"retransmits":	0,
					"snd_cwnd":	26064,
					"snd_wnd":	3143552,
					"rtt":	33918,
					"rttvar":	490,
					"pmtu":	1500,
					"omitted":	false,
					"sender":	true
				}],
			"sum":	{
				"start":	8.001027,
				"end":	9.00026,
				"seconds":	0.99923300743103027,
				"bytes":	1310720,
				"bits_per_second":	10493808.673272589,
				"retransmits":	0,
				"omitted":	false,
				"sender":	true
			}
		}, {
			"streams":	[{
					"socket":	6,
					"start":	9.00026,
					"end":	10.001029,
					"seconds":	1.0007690191268921,
					"bytes":	0,
					"bits_per_second":	0,
					"retransmits":	0,
					"snd_cwnd":	26064,
					"snd_wnd":	3143552,
					"rtt":	34164,
					"rttvar":	511,
					"pmtu":	1500,
					"omitted":	false,
					"sender":	true
				}],
			"sum":	{
				"start":	9.00026,
				"end":	10.001029,
				"seconds":	1.0007690191268921,
				"bytes":	0,
				"bits_per_second":	0,
				"retransmits":	0,
				"omitted":	false,
				"sender":	true
			}
		}],
	"end":	{
		"streams":	[{
				"sender":	{
					"socket":	6,
					"start":	0,
					"end":	10.001029,
					"seconds":	10.001029,
					"bytes":	22675456,
					"bits_per_second":	18138498.348519936,
					"retransmits":	0,
					"max_snd_cwnd":	124528,
					"max_snd_wnd":	3143552,
					"max_rtt":	34308,
					"min_rtt":	33389,
					"mean_rtt":	33946,
					"sender":	true
				},
				"receiver":	{
					"socket":	6,
					"start":	0,
					"end":	10.035751,
					"seconds":	10.001029,
					"bytes":	19949096,
					"bits_per_second":	15902424.043801008,
					"sender":	true
				}
			}],
		"sum_sent":	{
			"start":	0,
			"end":	10.001029,
			"seconds":	10.001029,
			"bytes":	22675456,
			"bits_per_second":	18138498.348519936,
			"retransmits":	0,
			"sender":	true
		},
		"sum_received":	{
			"start":	0,
			"end":	10.035751,
			"seconds":	10.035751,
			"bytes":	19949096,
			"bits_per_second":	15902424.043801008,
			"sender":	true
		},
		"cpu_utilization_percent":	{
			"host_total":	0.083395836973212054,
			"host_user":	0,
			"host_system":	0.083395836973212054,
			"remote_total":	0.81137826790050749,
			"remote_user":	0.070308555512919146,
			"remote_system":	0.74107967675203168
		},
		"sender_tcp_congestion":	"bbr",
		"receiver_tcp_congestion":	"bbr"
	}
}
