{
	"start":	{
		"connected":	[{
				"socket":	6,
				"local_host":	"192.168.101.210",
				"local_port":	52328,
				"remote_host":	"192.168.100.168",
				"remote_port":	5202
			}],
		"version":	"iperf 3.11",
		"system_info":	"Linux f1 6.0.10-300.fc37.x86_64 #1 SMP PREEMPT_DYNAMIC Sat Nov 26 16:55:13 UTC 2022 x86_64",
		"timestamp":	{
			"time":	"Fri, 09 Dec 2022 23:35:03 GMT",
			"timesecs":	1670628903
		},
		"connecting_to":	{
			"host":	"192.168.100.168",
			"port":	5202
		},
		"cookie":	"jv22rozejfnlftnk4d73jh4cm57ydjv3d6lr",
		"tcp_mss_default":	1448,
		"target_bitrate":	0,
		"sock_bufsize":	0,
		"sndbuf_actual":	16384,
		"rcvbuf_actual":	131072,
		"test_start":	{
			"protocol":	"TCP",
			"num_streams":	1,
			"blksize":	131072,
			"omit":	0,
			"duration":	10,
			"bytes":	0,
			"blocks":	0,
			"reverse":	0,
			"tos":	0,
			"target_bitrate":	0
		}
	},
	"intervals":	[{
			"streams":	[{
					"socket":	6,
					"start":	0,
					"end":	1.000069,
					"seconds":	1.00006902217865,
					"bytes":	69861376,
					"bits_per_second":	558852434.787407,
					"retransmits":	3751,
					"snd_cwnd":	1141024,
					"snd_wnd":	3112576,
					"rtt":	5411,
					"rttvar":	194,
					"pmtu":	1500,
					"omitted":	false,
					"sender":	true
				}],
			"sum":	{
				"start":	0,
				"end":	1.000069,
				"seconds":	1.00006902217865,
				"bytes":	69861376,
				"bits_per_second":	558852434.787407,
				"retransmits":	3751,
				"omitted":	false,
				"sender":	true
			}
		}, {
			"streams":	[{
					"socket":	6,
					"start":	1.000069,
					"end":	2.000075,
					"seconds":	1.0000059604644775,
					"bytes":	76021760,
					"bits_per_second":	608170455.02160656,
					"retransmits":	4473,
					"snd_cwnd":	861560,
					"snd_wnd":	3112576,
					"rtt":	5623,
					"rttvar":	216,
					"pmtu":	1500,
					"omitted":	false,
					"sender":	true
				}],
			"sum":	{
				"start":	1.000069,
				"end":	2.000075,
				"seconds":	1.0000059604644775,
				"bytes":	76021760,
				"bits_per_second":	608170455.02160656,
				"retransmits":	4473,
				"omitted":	false,
				"sender":	true
			}
		}, {
			"streams":	[{
					"socket":	6,
					"start":	2.000075,
					"end":	3.00007,
					"seconds":	0.999994993209839,
					"bytes":	82575360,
					"bits_per_second":	660606187.51656,
					"retransmits":	3365,
					"snd_cwnd":	1132336,
					"snd_wnd":	3112576,
					"rtt":	5425,
					"rttvar":	120,
					"pmtu":	1500,
					"omitted":	false,
					"sender":	true
				}],
			"sum":	{
				"start":	2.000075,
				"end":	3.00007,
				"seconds":	0.999994993209839,
				"bytes":	82575360,
				"bits_per_second":	660606187.51656,
				"retransmits":	3365,
				"omitted":	false,
				"sender":	true
			}
		}, {
			"streams":	[{
					"socket":	6,
					"start":	3.00007,
					"end":	4.000079,
					"seconds":	1.0000089406967163,
					"bytes":	78643200,
					"bits_per_second":	629139975.050291,
					"retransmits":	3973,
					"snd_cwnd":	1100480,
					"snd_wnd":	3112576,
					"rtt":	5211,
					"rttvar":	97,
					"pmtu":	1500,
					"omitted":	false,
					"sender":	true
				}],
			"sum":	{
				"start":	3.00007,
				"end":	4.000079,
				"seconds":	1.0000089406967163,
				"bytes":	78643200,
				"bits_per_second":	629139975.050291,
				"retransmits":	3973,
				"omitted":	false,
				"sender":	true
			}
		}, {
			"streams":	[{
					"socket":	6,
					"start":	4.000079,
					"end":	5.000072,
					"seconds":	0.99999302625656128,
					"bytes":	79953920,
					"bits_per_second":	639635820.65610743,
					"retransmits":	4801,
					"snd_cwnd":	1210528,
					"snd_wnd":	3112576,
					"rtt":	5545,
					"rttvar":	163,
					"pmtu":	1500,
					"omitted":	false,
					"sender":	true
				}],
			"sum":	{
				"start":	4.000079,
				"end":	5.000072,
				"seconds":	0.99999302625656128,
				"bytes":	79953920,
				"bits_per_second":	639635820.65610743,
				"retransmits":	4801,
				"omitted":	false,
				"sender":	true
			}
		}, {
			"streams":	[{
					"socket":	6,
					"start":	5.000072,
					"end":	6.000221,
					"seconds":	1.0001490116119385,
					"bytes":	79953920,
					"bits_per_second":	639536061.700553,
					"retransmits":	4742,
					"snd_cwnd":	1126544,
					"snd_wnd":	3112576,
					"rtt":	5443,
					"rttvar":	232,
					"pmtu":	1500,
					"omitted":	false,
					"sender":	true
				}],
			"sum":	{
				"start":	5.000072,
				"end":	6.000221,
				"seconds":	1.0001490116119385,
				"bytes":	79953920,
				"bits_per_second":	639536061.700553,
				"retransmits":	4742,
				"omitted":	false,
				"sender":	true
			}
		}, {
			"streams":	[{
					"socket":	6,
					"start":	6.000221,
					"end":	7.000075,
					"seconds":	0.999854028224945,
					"bytes":	77332480,
					"bits_per_second":	618750160.05917931,
					"retransmits":	3751,
					"snd_cwnd":	1329264,
					"snd_wnd":	3112576,
					"rtt":	5267,
					"rttvar":	209,
					"pmtu":	1500,
					"omitted":	false,
					"sender":	true
				}],
			"sum":	{
				"start":	6.000221,
				"end":	7.000075,
				"seconds":	0.999854028224945,
				"bytes":	77332480,
				"bits_per_second":	618750160.05917931,
				"retransmits":	3751,
				"omitted":	false,
				"sender":	true
			}
		}, {
			"streams":	[{
					"socket":	6,
					"start":	7.000075,
					"end":	8.000083,
					"seconds":	1.0000079870224,
					"bytes":	78643200,
					"bits_per_second":	629140575.04013443,
					"retransmits":	2964,
					"snd_cwnd":	847080,
					"snd_wnd":	3047040,
					"rtt":	5545,
					"rttvar":	276,
					"pmtu":	1500,
					"omitted":	false,
					"sender":	true
				}],
			"sum":	{
				"start":	7.000075,
				"end":	8.000083,
				"seconds":	1.0000079870224,
				"bytes":	78643200,
				"bits_per_second":	629140575.04013443,
				"retransmits":	2964,
				"omitted":	false,
				"sender":	true
			}
		}, {
			"streams":	[{
					"socket":	6,
					"start":	8.000083,
					"end":	9.000076,
					"seconds":	0.99999302625656128,
					"bytes":	73400320,
					"bits_per_second":	587206655.02855766,
					"retransmits":	3725,
					"snd_cwnd":	456120,
					"snd_wnd":	3112576,
					"rtt":	5578,
					"rttvar":	213,
					"pmtu":	1500,
					"omitted":	false,
					"sender":	true
				}],
			"sum":	{
				"start":	8.000083,
				"end":	9.000076,
				"seconds":	0.99999302625656128,
				"bytes":	73400320,
				"bits_per_second":	587206655.02855766,
				"retransmits":	3725,
				"omitted":	false,
				"sender":	true
			}
		}, {
			"streams":	[{
					"socket":	6,
					"start":	9.000076,
					"end":	10.00009,
					"seconds":	1.0000139474868774,
					"bytes":	81264640,
					"bits_per_second":	650108052.626467,
					"retransmits":	4517,
					"snd_cwnd":	1135232,
					"snd_wnd":	3112576,
					"rtt":	5353,
					"rttvar":	137,
					"pmtu":	1500,
					"omitted":	false,
					"sender":	true
				}],
			"sum":	{
				"start":	9.000076,
				"end":	10.00009,
				"seconds":	1.0000139474868774,
				"bytes":	81264640,
				"bits_per_second":	650108052.626467,
				"retransmits":	4517,
				"omitted":	false,
				"sender":	true
			}
		}],
	"end":	{
		"streams":	[{
				"sender":	{
					"socket":	6,
					"start":	0,
					"end":	10.00009,
					"seconds":	10.00009,
					"bytes":	777650176,
					"bits_per_second":	622114541.769124,
					"retransmits":	40062,
					"max_snd_cwnd":	1329264,
					"max_snd_wnd":	3112576,
					"max_rtt":	5623,
					"min_rtt":	5211,
					"mean_rtt":	5440,
					"sender":	true
				},
				"receiver":	{
					"socket":	6,
					"start":	0,
					"end":	10.005235,
					"seconds":	10.00009,
					"bytes":	774443976,
					"bits_per_second":	619231013.36450362,
					"sender":	true
				}
			}],
		"sum_sent":	{
			"start":	0,
			"end":	10.00009,
			"seconds":	10.00009,
			"bytes":	777650176,
			"bits_per_second":	622114541.769124,
			"retransmits":	40062,
			"sender":	true
		},
		"sum_received":	{
			"start":	0,
			"end":	10.005235,
			"seconds":	10.005235,
			"bytes":	774443976,
			"bits_per_second":	619231013.36450362,
			"sender":	true
		},
		"cpu_utilization_percent":	{
			"host_total":	1.1070881999954305,
			"host_user":	0.063335158825282456,
			"host_system":	1.0437630183533277,
			"remote_total":	1.9130264263367436,
			"remote_user":	0.13551890678150244,
			"remote_system":	1.7775275090687426
		},
		"sender_tcp_congestion":	"bbr",
		"receiver_tcp_congestion":	"bbr"
	}
}
