{
	"start":	{
		"connected":	[{
				"socket":	6,
				"local_host":	"192.168.101.210",
				"local_port":	33368,
				"remote_host":	"192.168.100.168",
				"remote_port":	5201
			}],
		"version":	"iperf 3.11",
		"system_info":	"Linux f1 6.0.10-300.fc37.x86_64 #1 SMP PREEMPT_DYNAMIC Sat Nov 26 16:55:13 UTC 2022 x86_64",
		"timestamp":	{
			"time":	"Fri, 09 Dec 2022 23:35:34 GMT",
			"timesecs":	1670628934
		},
		"connecting_to":	{
			"host":	"192.168.100.168",
			"port":	5201
		},
		"cookie":	"ne3rwvyyumzecxq5ldloda3r3snuhskeikgn",
		"tcp_mss_default":	1448,
		"target_bitrate":	0,
		"sock_bufsize":	0,
		"sndbuf_actual":	16384,
		"rcvbuf_actual":	131072,
		"test_start":	{
			"protocol":	"TCP",
			"num_streams":	1,
			"blksize":	131072,
			"omit":	0,
			"duration":	10,
			"bytes":	0,
			"blocks":	0,
			"reverse":	0,
			"tos":	0,
			"target_bitrate":	0
		}
	},
	"intervals":	[{
			"streams":	[{
					"socket":	6,
					"start":	0,
					"end":	1.00008,
					"seconds":	1.0000799894332886,
					"bytes":	65798144,
					"bits_per_second":	526343050.1177057,
					"retransmits":	0,
					"snd_cwnd":	3299992,
					"snd_wnd":	3143552,
					"rtt":	36776,
					"rttvar":	709,
					"pmtu":	1500,
					"omitted":	false,
					"sender":	true
				}],
			"sum":	{
				"start":	0,
				"end":	1.00008,
				"seconds":	1.0000799894332886,
				"bytes":	65798144,
				"bits_per_second":	526343050.1177057,
				"retransmits":	0,
				"omitted":	false,
				"sender":	true
			}
		}, {
			"streams":	[{
					"socket":	6,
					"start":	1.00008,
					"end":	2.000075,
					"seconds":	0.999994993209839,
					"bytes":	87818240,
					"bits_per_second":	702549437.5176115,
					"retransmits":	0,
					"snd_cwnd":	3299992,
					"snd_wnd":	3143552,
					"rtt":	34006,
					"rttvar":	502,
					"pmtu":	1500,
					"omitted":	false,
					"sender":	true
				}],
			"sum":	{
				"start":	1.00008,
				"end":	2.000075,
				"seconds":	0.999994993209839,
				"bytes":	87818240,
				"bits_per_second":	702549437.5176115,
				"retransmits":	0,
				"omitted":	false,
				"sender":	true
			}
		}, {
			"streams":	[{
					"socket":	6,
					"start":	2.000075,
					"end":	3.000078,
					"seconds":	1.0000029802322388,
					"bytes":	89128960,
					"bits_per_second":	713029555.006333,
					"retransmits":	0,
					"snd_cwnd":	3299992,
					"snd_wnd":	3143552,
					"rtt":	35077,
					"rttvar":	400,
					"pmtu":	1500,
					"omitted":	false,
					"sender":	true
				}],
			"sum":	{
				"start":	2.000075,
				"end":	3.000078,
				"seconds":	1.0000029802322388,
				"bytes":	89128960,
				"bits_per_second":	713029555.006333,
				"retransmits":	0,
				"omitted":	false,
				"sender":	true
			}
		}, {
			"streams":	[{
					"socket":	6,
					"start":	3.000078,
					"end":	4.000076,
					"seconds":	0.99999797344207764,
					"bytes":	87818240,
					"bits_per_second":	702547343.75288534,
					"retransmits":	0,
					"snd_cwnd":	3299992,
					"snd_wnd":	3143552,
					"rtt":	34931,
					"rttvar":	611,
					"pmtu":	1500,
					"omitted":	false,
					"sender":	true
				}],
			"sum":	{
				"start":	3.000078,
				"end":	4.000076,
				"seconds":	0.99999797344207764,
				"bytes":	87818240,
				"bits_per_second":	702547343.75288534,
				"retransmits":	0,
				"omitted":	false,
				"sender":	true
			}
		}, {
			"streams":	[{
					"socket":	6,
					"start":	4.000076,
					"end":	5.000081,
					"seconds":	1.0000050067901611,
					"bytes":	89128960,
					"bits_per_second":	713028110.017874,
					"retransmits":	0,
					"snd_cwnd":	3299992,
					"snd_wnd":	3143552,
					"rtt":	34781,
					"rttvar":	776,
					"pmtu":	1500,
					"omitted":	false,
					"sender":	true
				}],
			"sum":	{
				"start":	4.000076,
				"end":	5.000081,
				"seconds":	1.0000050067901611,
				"bytes":	89128960,
				"bits_per_second":	713028110.017874,
				"retransmits":	0,
				"omitted":	false,
				"sender":	true
			}
		}, {
			"streams":	[{
					"socket":	6,
					"start":	5.000081,
					"end":	6.000077,
					"seconds":	0.9999960064888,
					"bytes":	89128960,
					"bits_per_second":	713034527.51137161,
					"retransmits":	0,
					"snd_cwnd":	3299992,
					"snd_wnd":	3143552,
					"rtt":	34345,
					"rttvar":	833,
					"pmtu":	1500,
					"omitted":	false,
					"sender":	true
				}],
			"sum":	{
				"start":	5.000081,
				"end":	6.000077,
				"seconds":	0.9999960064888,
				"bytes":	89128960,
				"bits_per_second":	713034527.51137161,
				"retransmits":	0,
				"omitted":	false,
				"sender":	true
			}
		}, {
			"streams":	[{
					"socket":	6,
					"start":	6.000077,
					"end":	7.000086,
					"seconds":	1.0000089406967163,
					"bytes":	89128960,
					"bits_per_second":	713025305.05699646,
					"retransmits":	0,
					"snd_cwnd":	3299992,
					"snd_wnd":	3143552,
					"rtt":	33989,
					"rttvar":	531,
					"pmtu":	1500,
					"omitted":	false,
					"sender":	true
				}],
			"sum":	{
				"start":	6.000077,
				"end":	7.000086,
				"seconds":	1.0000089406967163,
				"bytes":	89128960,
				"bits_per_second":	713025305.05699646,
				"retransmits":	0,
				"omitted":	false,
				"sender":	true
			}
		}, {
			"streams":	[{
					"socket":	6,
					"start":	7.000086,
					"end":	8.000065,
					"seconds":	0.999979019165039,
					"bytes":	89128960,
					"bits_per_second":	713046640.31388,
					"retransmits":	0,
					"snd_cwnd":	3299992,
					"snd_wnd":	3143552,
					"rtt":	34596,
					"rttvar":	510,
					"pmtu":	1500,
					"omitted":	false,
					"sender":	true
				}],
			"sum":	{
				"start":	7.000086,
				"end":	8.000065,
				"seconds":	0.999979019165039,
				"bytes":	89128960,
				"bits_per_second":	713046640.31388,
				"retransmits":	0,
				"omitted":	false,
				"sender":	true
			}
		}, {
			"streams":	[{
					"socket":	6,
					"start":	8.000065,
					"end":	9.000076,
					"seconds":	1.0000109672546387,
					"bytes":	87818240,
					"bits_per_second":	702538215.08450174,
					"retransmits":	0,
					"snd_cwnd":	3299992,
					"snd_wnd":	3143552,
					"rtt":	35042,
					"rttvar":	503,
					"pmtu":	1500,
					"omitted":	false,
					"sender":	true
				}],
			"sum":	{
				"start":	8.000065,
				"end":	9.000076,
				"seconds":	1.0000109672546387,
				"bytes":	87818240,
				"bits_per_second":	702538215.08450174,
				"retransmits":	0,
				"omitted":	false,
				"sender":	true
			}
		}, {
			"streams":	[{
					"socket":	6,
					"start":	9.000076,
					"end":	10.00008,
					"seconds":	1.0000040531158447,
					"bytes":	89128960,
					"bits_per_second":	713028790.0117135,
					"retransmits":	0,
					"snd_cwnd":	3299992,
					"snd_wnd":	3143552,
					"rtt":	34843,
					"rttvar":	754,
					"pmtu":	1500,
					"omitted":	false,
					"sender":	true
				}],
			"sum":	{
				"start":	9.000076,
				"end":	10.00008,
				"seconds":	1.0000040531158447,
				"bytes":	89128960,
				"bits_per_second":	713028790.0117135,
				"retransmits":	0,
				"omitted":	false,
				"sender":	true
			}
		}],
	"end":	{
		"streams":	[{
				"sender":	{
					"socket":	6,
					"start":	0,
					"end":	10.00008,
					"seconds":	10.00008,
					"bytes":	864026624,
					"bits_per_second":	691215769.473844,
					"retransmits":	0,
					"max_snd_cwnd":	3299992,
					"max_snd_wnd":	3143552,
					"max_rtt":	36776,
					"min_rtt":	33989,
					"mean_rtt":	34838,
					"sender":	true
				},
				"receiver":	{
					"socket":	6,
					"start":	0,
					"end":	10.033449,
					"seconds":	10.00008,
					"bytes":	864018544,
					"bits_per_second":	688910498.47365558,
					"sender":	true
				}
			}],
		"sum_sent":	{
			"start":	0,
			"end":	10.00008,
			"seconds":	10.00008,
			"bytes":	864026624,
			"bits_per_second":	691215769.473844,
			"retransmits":	0,
			"sender":	true
		},
		"sum_received":	{
			"start":	0,
			"end":	10.033449,
			"seconds":	10.033449,
			"bytes":	864018544,
			"bits_per_second":	688910498.47365558,
			"sender":	true
		},
		"cpu_utilization_percent":	{
			"host_total":	1.0461349567381872,
			"host_user":	0.077207262532035,
			"host_system":	0.96892769420615221,
			"remote_total":	3.2263732645076515,
			"remote_user":	0.19010383652146456,
			"remote_system":	3.0362694279861868
		},
		"sender_tcp_congestion":	"cubic",
		"receiver_tcp_congestion":	"cubic"
	}
}
