{
	"start":	{
		"connected":	[{
				"socket":	6,
				"local_host":	"192.168.101.210",
				"local_port":	54844,
				"remote_host":	"192.168.100.168",
				"remote_port":	5201
			}],
		"version":	"iperf 3.11",
		"system_info":	"Linux f1 6.0.10-300.fc37.x86_64 #1 SMP PREEMPT_DYNAMIC Sat Nov 26 16:55:13 UTC 2022 x86_64",
		"timestamp":	{
			"time":	"Fri, 09 Dec 2022 23:36:06 GMT",
			"timesecs":	1670628966
		},
		"connecting_to":	{
			"host":	"192.168.100.168",
			"port":	5201
		},
		"cookie":	"ikqyqpulmybd3ywj6ccoqeeik3orc5iti3uu",
		"tcp_mss_default":	1448,
		"target_bitrate":	0,
		"sock_bufsize":	0,
		"sndbuf_actual":	16384,
		"rcvbuf_actual":	131072,
		"test_start":	{
			"protocol":	"TCP",
			"num_streams":	1,
			"blksize":	131072,
			"omit":	0,
			"duration":	10,
			"bytes":	0,
			"blocks":	0,
			"reverse":	0,
			"tos":	0,
			"target_bitrate":	0
		}
	},
	"intervals":	[{
			"streams":	[{
					"socket":	6,
					"start":	0,
					"end":	1.000082,
					"seconds":	1.0000820159912109,
					"bytes":	35127296,
					"bits_per_second":	280995321.89014953,
					"retransmits":	1721,
					"snd_cwnd":	305528,
					"snd_wnd":	3145728,
					"rtt":	15877,
					"rttvar":	162,
					"pmtu":	1500,
					"omitted":	false,
					"sender":	true
				}],
			"sum":	{
				"start":	0,
				"end":	1.000082,
				"seconds":	1.0000820159912109,
				"bytes":	35127296,
				"bits_per_second":	280995321.89014953,
				"retransmits":	1721,
				"omitted":	false,
				"sender":	true
			}
		}, {
			"streams":	[{
					"socket":	6,
					"start":	1.000082,
					"end":	2.000089,
					"seconds":	1.0000070333480835,
					"bytes":	17039360,
					"bits_per_second":	136313921.25674316,
					"retransmits":	0,
					"snd_cwnd":	346072,
					"snd_wnd":	3145728,
					"rtt":	18000,
					"rttvar":	337,
					"pmtu":	1500,
					"omitted":	false,
					"sender":	true
				}],
			"sum":	{
				"start":	1.000082,
				"end":	2.000089,
				"seconds":	1.0000070333480835,
				"bytes":	17039360,
				"bits_per_second":	136313921.25674316,
				"retransmits":	0,
				"omitted":	false,
				"sender":	true
			}
		}, {
			"streams":	[{
					"socket":	6,
					"start":	2.000089,
					"end":	3.000066,
					"seconds":	0.9999769926071167,
					"bytes":	15728640,
					"bits_per_second":	125832015.06660794,
					"retransmits":	14,
					"snd_cwnd":	278016,
					"snd_wnd":	3145728,
					"rtt":	18305,
					"rttvar":	82,
					"pmtu":	1500,
					"omitted":	false,
					"sender":	true
				}],
			"sum":	{
				"start":	2.000089,
				"end":	3.000066,
				"seconds":	0.9999769926071167,
				"bytes":	15728640,
				"bits_per_second":	125832015.06660794,
				"retransmits":	14,
				"omitted":	false,
				"sender":	true
			}
		}, {
			"streams":	[{
					"socket":	6,
					"start":	3.000066,
					"end":	4.00015,
					"seconds":	1.0000840425491333,
					"bytes":	9175040,
					"bits_per_second":	73394151.7683939,
					"retransmits":	31,
					"snd_cwnd":	167968,
					"snd_wnd":	3145728,
					"rtt":	16508,
					"rttvar":	301,
					"pmtu":	1500,
					"omitted":	false,
					"sender":	true
				}],
			"sum":	{
				"start":	3.000066,
				"end":	4.00015,
				"seconds":	1.0000840425491333,
				"bytes":	9175040,
				"bits_per_second":	73394151.7683939,
				"retransmits":	31,
				"omitted":	false,
				"sender":	true
			}
		}, {
			"streams":	[{
					"socket":	6,
					"start":	4.00015,
					"end":	5.0001,
					"seconds":	0.99994999170303345,
					"bytes":	10485760,
					"bits_per_second":	83890275.2097953,
					"retransmits":	0,
					"snd_cwnd":	209960,
					"snd_wnd":	3145728,
					"rtt":	17780,
					"rttvar":	335,
					"pmtu":	1500,
					"omitted":	false,
					"sender":	true
				}],
			"sum":	{
				"start":	4.00015,
				"end":	5.0001,
				"seconds":	0.99994999170303345,
				"bytes":	10485760,
				"bits_per_second":	83890275.2097953,
				"retransmits":	0,
				"omitted":	false,
				"sender":	true
			}
		}, {
			"streams":	[{
					"socket":	6,
					"start":	5.0001,
					"end":	6.000084,
					"seconds":	0.9999840259552002,
					"bytes":	11796480,
					"bits_per_second":	94373347.52408126,
					"retransmits":	10,
					"snd_cwnd":	176656,
					"snd_wnd":	3145728,
					"rtt":	18077,
					"rttvar":	440,
					"pmtu":	1500,
					"omitted":	false,
					"sender":	true
				}],
			"sum":	{
				"start":	5.0001,
				"end":	6.000084,
				"seconds":	0.9999840259552002,
				"bytes":	11796480,
				"bits_per_second":	94373347.52408126,
				"retransmits":	10,
				"omitted":	false,
				"sender":	true
			}
		}, {
			"streams":	[{
					"socket":	6,
					"start":	6.000084,
					"end":	7.000073,
					"seconds":	0.99998897314071655,
					"bytes":	10485760,
					"bits_per_second":	83887005.010199964,
					"retransmits":	9,
					"snd_cwnd":	152040,
					"snd_wnd":	3145728,
					"rtt":	18043,
					"rttvar":	344,
					"pmtu":	1500,
					"omitted":	false,
					"sender":	true
				}],
			"sum":	{
				"start":	6.000084,
				"end":	7.000073,
				"seconds":	0.99998897314071655,
				"bytes":	10485760,
				"bits_per_second":	83887005.010199964,
				"retransmits":	9,
				"omitted":	false,
				"sender":	true
			}
		}, {
			"streams":	[{
					"socket":	6,
					"start":	7.000073,
					"end":	8.00007,
					"seconds":	0.99999701976776123,
					"bytes":	9175040,
					"bits_per_second":	73400538.750651926,
					"retransmits":	0,
					"snd_cwnd":	194032,
					"snd_wnd":	3145728,
					"rtt":	19320,
					"rttvar":	1056,
					"pmtu":	1500,
					"omitted":	false,
					"sender":	true
				}],
			"sum":	{
				"start":	7.000073,
				"end":	8.00007,
				"seconds":	0.99999701976776123,
				"bytes":	9175040,
				"bits_per_second":	73400538.750651926,
				"retransmits":	0,
				"omitted":	false,
				"sender":	true
			}
		}, {
			"streams":	[{
					"socket":	6,
					"start":	8.00007,
					"end":	9.000033,
					"seconds":	0.99996298551559448,
					"bytes":	10485760,
					"bits_per_second":	83889185.1149342,
					"retransmits":	0,
					"snd_cwnd":	234576,
					"snd_wnd":	3145728,
					"rtt":	18622,
					"rttvar":	223,
					"pmtu":	1500,
					"omitted":	false,
					"sender":	true
				}],
			"sum":	{
				"start":	8.00007,
				"end":	9.000033,
				"seconds":	0.99996298551559448,
				"bytes":	10485760,
				"bits_per_second":	83889185.1149342,
				"retransmits":	0,
				"omitted":	false,
				"sender":	true
			}
		}, {
			"streams":	[{
					"socket":	6,
					"start":	9.000033,
					"end":	10.000072,
					"seconds":	1.0000389814376831,
					"bytes":	11796480,
					"bits_per_second":	94368161.393397376,
					"retransmits":	10,
					"snd_cwnd":	199824,
					"snd_wnd":	3145728,
					"rtt":	18611,
					"rttvar":	379,
					"pmtu":	1500,
					"omitted":	false,
					"sender":	true
				}],
			"sum":	{
				"start":	9.000033,
				"end":	10.000072,
				"seconds":	1.0000389814376831,
				"bytes":	11796480,
				"bits_per_second":	94368161.393397376,
				"retransmits":	10,
				"omitted":	false,
				"sender":	true
			}
		}],
	"end":	{
		"streams":	[{
				"sender":	{
					"socket":	6,
					"start":	0,
					"end":	10.000072,
					"seconds":	10.000072,
					"bytes":	141295616,
					"bits_per_second":	113035678.94311161,
					"retransmits":	1795,
					"max_snd_cwnd":	346072,
					"max_snd_wnd":	3145728,
					"max_rtt":	19320,
					"min_rtt":	15877,
					"mean_rtt":	17914,
					"sender":	true
				},
				"receiver":	{
					"socket":	6,
					"start":	0,
					"end":	10.019462,
					"seconds":	10.000072,
					"bytes":	137662808,
					"bits_per_second":	109916327.24391788,
					"sender":	true
				}
			}],
		"sum_sent":	{
			"start":	0,
			"end":	10.000072,
			"seconds":	10.000072,
			"bytes":	141295616,
			"bits_per_second":	113035678.94311161,
			"retransmits":	1795,
			"sender":	true
		},
		"sum_received":	{
			"start":	0,
			"end":	10.019462,
			"seconds":	10.019462,
			"bytes":	137662808,
			"bits_per_second":	109916327.24391788,
			"sender":	true
		},
		"cpu_utilization_percent":	{
			"host_total":	0.52436776950245656,
			"host_user":	0.00466078126843959,
			"host_system":	0.51971694716835137,
			"remote_total":	2.0827438563397784,
			"remote_user":	0.1411750615675971,
			"remote_system":	1.9415687947721811
		},
		"sender_tcp_congestion":	"cubic",
		"receiver_tcp_congestion":	"cubic"
	}
}
