{
	"start":	{
		"connected":	[{
				"socket":	6,
				"local_host":	"192.168.101.210",
				"local_port":	39224,
				"remote_host":	"192.168.100.168",
				"remote_port":	5202
			}],
		"version":	"iperf 3.11",
		"system_info":	"Linux f1 6.0.10-300.fc37.x86_64 #1 SMP PREEMPT_DYNAMIC Sat Nov 26 16:55:13 UTC 2022 x86_64",
		"timestamp":	{
			"time":	"Fri, 09 Dec 2022 23:35:45 GMT",
			"timesecs":	1670628945
		},
		"connecting_to":	{
			"host":	"192.168.100.168",
			"port":	5202
		},
		"cookie":	"kfivkra7thjq6x3gvqlbwoafwzfqdc2qjj5a",
		"tcp_mss_default":	1448,
		"target_bitrate":	0,
		"sock_bufsize":	0,
		"sndbuf_actual":	16384,
		"rcvbuf_actual":	131072,
		"test_start":	{
			"protocol":	"TCP",
			"num_streams":	1,
			"blksize":	131072,
			"omit":	0,
			"duration":	10,
			"bytes":	0,
			"blocks":	0,
			"reverse":	0,
			"tos":	0,
			"target_bitrate":	0
		}
	},
	"intervals":	[{
			"streams":	[{
					"socket":	6,
					"start":	0,
					"end":	1.000128,
					"seconds":	1.0001280307769775,
					"bytes":	20054016,
					"bits_per_second":	160411590.37944752,
					"retransmits":	0,
					"snd_cwnd":	344624,
					"snd_wnd":	3143552,
					"rtt":	37299,
					"rttvar":	440,
					"pmtu":	1500,
					"omitted":	false,
					"sender":	true
				}],
			"sum":	{
				"start":	0,
				"end":	1.000128,
				"seconds":	1.0001280307769775,
				"bytes":	20054016,
				"bits_per_second":	160411590.37944752,
				"retransmits":	0,
				"omitted":	false,
				"sender":	true
			}
		}, {
			"streams":	[{
					"socket":	6,
					"start":	1.000128,
					"end":	2.000188,
					"seconds":	1.000059962272644,
					"bytes":	5242880,
					"bits_per_second":	41940525.150796071,
					"retransmits":	0,
					"snd_cwnd":	95568,
					"snd_wnd":	3143552,
					"rtt":	34632,
					"rttvar":	290,
					"pmtu":	1500,
					"omitted":	false,
					"sender":	true
				}],
			"sum":	{
				"start":	1.000128,
				"end":	2.000188,
				"seconds":	1.000059962272644,
				"bytes":	5242880,
				"bits_per_second":	41940525.150796071,
				"retransmits":	0,
				"omitted":	false,
				"sender":	true
			}
		}, {
			"streams":	[{
					"socket":	6,
					"start":	2.000188,
					"end":	3.00058,
					"seconds":	1.000391960144043,
					"bytes":	1310720,
					"bits_per_second":	10481651.610325009,
					"retransmits":	0,
					"snd_cwnd":	34752,
					"snd_wnd":	3143552,
					"rtt":	34015,
					"rttvar":	421,
					"pmtu":	1500,
					"omitted":	false,
					"sender":	true
				}],
			"sum":	{
				"start":	2.000188,
				"end":	3.00058,
				"seconds":	1.000391960144043,
				"bytes":	1310720,
				"bits_per_second":	10481651.610325009,
				"retransmits":	0,
				"omitted":	false,
				"sender":	true
			}
		}, {
			"streams":	[{
					"socket":	6,
					"start":	3.00058,
					"end":	4.000379,
					"seconds":	0.99979901313781738,
					"bytes":	1310720,
					"bits_per_second":	10487867.923664963,
					"retransmits":	0,
					"snd_cwnd":	28960,
					"snd_wnd":	3143552,
					"rtt":	33783,
					"rttvar":	351,
					"pmtu":	1500,
					"omitted":	false,
					"sender":	true
				}],
			"sum":	{
				"start":	3.00058,
				"end":	4.000379,
				"seconds":	0.99979901313781738,
				"bytes":	1310720,
				"bits_per_second":	10487867.923664963,
				"retransmits":	0,
				"omitted":	false,
				"sender":	true
			}
		}, {
			"streams":	[{
					"socket":	6,
					"start":	4.000379,
					"end":	5.001028,
					"seconds":	1.0006489753723145,
					"bytes":	0,
					"bits_per_second":	0,
					"retransmits":	0,
					"snd_cwnd":	28960,
					"snd_wnd":	3143552,
					"rtt":	33845,
					"rttvar":	844,
					"pmtu":	1500,
					"omitted":	false,
					"sender":	true
				}],
			"sum":	{
				"start":	4.000379,
				"end":	5.001028,
				"seconds":	1.0006489753723145,
				"bytes":	0,
				"bits_per_second":	0,
				"retransmits":	0,
				"omitted":	false,
				"sender":	true
			}
		}, {
			"streams":	[{
					"socket":	6,
					"start":	5.001028,
					"end":	6.000796,
					"seconds":	0.99976801872253418,
					"bytes":	1310720,
					"bits_per_second":	10488193.064425394,
					"retransmits":	0,
					"snd_cwnd":	31856,
					"snd_wnd":	3143552,
					"rtt":	34134,
					"rttvar":	885,
					"pmtu":	1500,
					"omitted":	false,
					"sender":	true
				}],
			"sum":	{
				"start":	5.001028,
				"end":	6.000796,
				"seconds":	0.99976801872253418,
				"bytes":	1310720,
				"bits_per_second":	10488193.064425394,
				"retransmits":	0,
				"omitted":	false,
				"sender":	true
			}
		}, {
			"streams":	[{
					"socket":	6,
					"start":	6.000796,
					"end":	7.0002,
					"seconds":	0.999404013156891,
					"bytes":	1310720,
					"bits_per_second":	10492013.101766381,
					"retransmits":	0,
					"snd_cwnd":	28960,
					"snd_wnd":	3143552,
					"rtt":	33873,
					"rttvar":	672,
					"pmtu":	1500,
					"omitted":	false,
					"sender":	true
				}],
			"sum":	{
				"start":	6.000796,
				"end":	7.0002,
				"seconds":	0.999404013156891,
				"bytes":	1310720,
				"bits_per_second":	10492013.101766381,
				"retransmits":	0,
				"omitted":	false,
				"sender":	true
			}
		}, {
			"streams":	[{
					"socket":	6,
					"start":	7.0002,
					"end":	8.001028,
					"seconds":	1.00082802772522,
					"bytes":	0,
					"bits_per_second":	0,
					"retransmits":	0,
					"snd_cwnd":	26064,
					"snd_wnd":	3143552,
					"rtt":	33526,
					"rttvar":	750,
					"pmtu":	1500,
					"omitted":	false,
					"sender":	true
				}],
			"sum":	{
				"start":	7.0002,
				"end":	8.001028,
				"seconds":	1.00082802772522,
				"bytes":	0,
				"bits_per_second":	0,
				"retransmits":	0,
				"omitted":	false,
				"sender":	true
			}
		}, {
			"streams":	[{
					"socket":	6,
					"start":	8.001028,
					"end":	9.000493,
					"seconds":	0.999464988708496,
					"bytes":	1310720,
					"bits_per_second":	10491373.003019994,
					"retransmits":	0,
					"snd_cwnd":	26064,
					"snd_wnd":	3143552,
					"rtt":	33883,
					"rttvar":	748,
					"pmtu":	1500,
					"omitted":	false,
					"sender":	true
				}],
			"sum":	{
				"start":	8.001028,
				"end":	9.000493,
				"seconds":	0.999464988708496,
				"bytes":	1310720,
				"bits_per_second":	10491373.003019994,
				"retransmits":	0,
				"omitted":	false,
				"sender":	true
			}
		}, {
			"streams":	[{
					"socket":	6,
					"start":	9.000493,
					"end":	10.001033,
					"seconds":	1.000540018081665,
					"bytes":	0,
					"bits_per_second":	0,
					"retransmits":	0,
					"snd_cwnd":	5792,
					"snd_wnd":	3143552,
					"rtt":	34117,
					"rttvar":	790,
					"pmtu":	1500,
					"omitted":	false,
					"sender":	true
				}],
			"sum":	{
				"start":	9.000493,
				"end":	10.001033,
				"seconds":	1.000540018081665,
				"bytes":	0,
				"bits_per_second":	0,
				"retransmits":	0,
				"omitted":	false,
				"sender":	true
			}
		}],
	"end":	{
		"streams":	[{
				"sender":	{
					"socket":	6,
					"start":	0,
					"end":	10.001033,
					"seconds":	10.001033,
					"bytes":	31850496,
					"bits_per_second":	25477764.946880989,
					"retransmits":	0,
					"max_snd_cwnd":	344624,
					"max_snd_wnd":	3143552,
					"max_rtt":	37299,
					"min_rtt":	33526,
					"mean_rtt":	34310,
					"sender":	true
				},
				"receiver":	{
					"socket":	6,
					"start":	0,
					"end":	10.031232,
					"seconds":	10.001033,
					"bytes":	28920904,
					"bits_per_second":	23064687.567788284,
					"sender":	true
				}
			}],
		"sum_sent":	{
			"start":	0,
			"end":	10.001033,
			"seconds":	10.001033,
			"bytes":	31850496,
			"bits_per_second":	25477764.946880989,
			"retransmits":	0,
			"sender":	true
		},
		"sum_received":	{
			"start":	0,
			"end":	10.031232,
			"seconds":	10.031232,
			"bytes":	28920904,
			"bits_per_second":	23064687.567788284,
			"sender":	true
		},
		"cpu_utilization_percent":	{
			"host_total":	0.0956497427355188,
			"host_user":	0.023707885326475341,
			"host_system":	0.071941857409043436,
			"remote_total":	0.67423335787332472,
			"remote_user":	0.038968243722489082,
			"remote_system":	0.63526511415083575
		},
		"sender_tcp_congestion":	"bbr",
		"receiver_tcp_congestion":	"bbr"
	}
}
