{
	"start":	{
		"connected":	[{
				"socket":	6,
				"local_host":	"192.168.101.210",
				"local_port":	60318,
				"remote_host":	"192.168.100.168",
				"remote_port":	5202
			}],
		"version":	"iperf 3.11",
		"system_info":	"Linux f1 6.0.10-300.fc37.x86_64 #1 SMP PREEMPT_DYNAMIC Sat Nov 26 16:55:13 UTC 2022 x86_64",
		"timestamp":	{
			"time":	"Fri, 09 Dec 2022 23:36:26 GMT",
			"timesecs":	1670628986
		},
		"connecting_to":	{
			"host":	"192.168.100.168",
			"port":	5202
		},
		"cookie":	"lrebd5p3gd4huckztu4iheo7rqhp3roy6sgg",
		"tcp_mss_default":	1448,
		"target_bitrate":	0,
		"sock_bufsize":	0,
		"sndbuf_actual":	16384,
		"rcvbuf_actual":	131072,
		"test_start":	{
			"protocol":	"TCP",
			"num_streams":	1,
			"blksize":	131072,
			"omit":	0,
			"duration":	10,
			"bytes":	0,
			"blocks":	0,
			"reverse":	0,
			"tos":	0,
			"target_bitrate":	0
		}
	},
	"intervals":	[{
			"streams":	[{
					"socket":	6,
					"start":	0,
					"end":	1.000093,
					"seconds":	1.0000929832458496,
					"bytes":	23855104,
					"bits_per_second":	190823088.64983431,
					"retransmits":	0,
					"snd_cwnd":	596576,
					"snd_wnd":	3141248,
					"rtt":	39744,
					"rttvar":	1080,
					"pmtu":	1500,
					"omitted":	false,
					"sender":	true
				}],
			"sum":	{
				"start":	0,
				"end":	1.000093,
				"seconds":	1.0000929832458496,
				"bytes":	23855104,
				"bits_per_second":	190823088.64983431,
				"retransmits":	0,
				"omitted":	false,
				"sender":	true
			}
		}, {
			"streams":	[{
					"socket":	6,
					"start":	1.000093,
					"end":	2.000159,
					"seconds":	1.0000660419464111,
					"bytes":	9175040,
					"bits_per_second":	73395472.8201172,
					"retransmits":	0,
					"snd_cwnd":	269328,
					"snd_wnd":	3143552,
					"rtt":	35756,
					"rttvar":	1201,
					"pmtu":	1500,
					"omitted":	false,
					"sender":	true
				}],
			"sum":	{
				"start":	1.000093,
				"end":	2.000159,
				"seconds":	1.0000660419464111,
				"bytes":	9175040,
				"bits_per_second":	73395472.8201172,
				"retransmits":	0,
				"omitted":	false,
				"sender":	true
			}
		}, {
			"streams":	[{
					"socket":	6,
					"start":	2.000159,
					"end":	3.000078,
					"seconds":	0.99991899728775024,
					"bytes":	6553600,
					"bits_per_second":	52433047.219036259,
					"retransmits":	0,
					"snd_cwnd":	159280,
					"snd_wnd":	3143552,
					"rtt":	34546,
					"rttvar":	554,
					"pmtu":	1500,
					"omitted":	false,
					"sender":	true
				}],
			"sum":	{
				"start":	2.000159,
				"end":	3.000078,
				"seconds":	0.99991899728775024,
				"bytes":	6553600,
				"bits_per_second":	52433047.219036259,
				"retransmits":	0,
				"omitted":	false,
				"sender":	true
			}
		}, {
			"streams":	[{
					"socket":	6,
					"start":	3.000078,
					"end":	4.000432,
					"seconds":	1.0003540515899658,
					"bytes":	2621440,
					"bits_per_second":	20964097.627902642,
					"retransmits":	0,
					"snd_cwnd":	104256,
					"snd_wnd":	3143552,
					"rtt":	35276,
					"rttvar":	831,
					"pmtu":	1500,
					"omitted":	false,
					"sender":	true
				}],
			"sum":	{
				"start":	3.000078,
				"end":	4.000432,
				"seconds":	1.0003540515899658,
				"bytes":	2621440,
				"bits_per_second":	20964097.627902642,
				"retransmits":	0,
				"omitted":	false,
				"sender":	true
			}
		}, {
			"streams":	[{
					"socket":	6,
					"start":	4.000432,
					"end":	5.000502,
					"seconds":	1.0000699758529663,
					"bytes":	2621440,
					"bits_per_second":	20970052.602682378,
					"retransmits":	0,
					"snd_cwnd":	72400,
					"snd_wnd":	3143552,
					"rtt":	34194,
					"rttvar":	1066,
					"pmtu":	1500,
					"omitted":	false,
					"sender":	true
				}],
			"sum":	{
				"start":	4.000432,
				"end":	5.000502,
				"seconds":	1.0000699758529663,
				"bytes":	2621440,
				"bits_per_second":	20970052.602682378,
				"retransmits":	0,
				"omitted":	false,
				"sender":	true
			}
		}, {
			"streams":	[{
					"socket":	6,
					"start":	5.000502,
					"end":	6.000237,
					"seconds":	0.99973499774932861,
					"bytes":	2621440,
					"bits_per_second":	20977078.973140392,
					"retransmits":	0,
					"snd_cwnd":	63712,
					"snd_wnd":	3143552,
					"rtt":	34752,
					"rttvar":	641,
					"pmtu":	1500,
					"omitted":	false,
					"sender":	true
				}],
			"sum":	{
				"start":	5.000502,
				"end":	6.000237,
				"seconds":	0.99973499774932861,
				"bytes":	2621440,
				"bits_per_second":	20977078.973140392,
				"retransmits":	0,
				"omitted":	false,
				"sender":	true
			}
		}, {
			"streams":	[{
					"socket":	6,
					"start":	6.000237,
					"end":	7.000473,
					"seconds":	1.0002360343933105,
					"bytes":	1310720,
					"bits_per_second":	10483285.584047269,
					"retransmits":	0,
					"snd_cwnd":	66608,
					"snd_wnd":	3143552,
					"rtt":	34430,
					"rttvar":	1079,
					"pmtu":	1500,
					"omitted":	false,
					"sender":	true
				}],
			"sum":	{
				"start":	6.000237,
				"end":	7.000473,
				"seconds":	1.0002360343933105,
				"bytes":	1310720,
				"bits_per_second":	10483285.584047269,
				"retransmits":	0,
				"omitted":	false,
				"sender":	true
			}
		}, {
			"streams":	[{
					"socket":	6,
					"start":	7.000473,
					"end":	8.000707,
					"seconds":	1.0002340078353882,
					"bytes":	1310720,
					"bits_per_second":	10483306.82406239,
					"retransmits":	0,
					"snd_cwnd":	63712,
					"snd_wnd":	3143552,
					"rtt":	34411,
					"rttvar":	1111,
					"pmtu":	1500,
					"omitted":	false,
					"sender":	true
				}],
			"sum":	{
				"start":	7.000473,
				"end":	8.000707,
				"seconds":	1.0002340078353882,
				"bytes":	1310720,
				"bits_per_second":	10483306.82406239,
				"retransmits":	0,
				"omitted":	false,
				"sender":	true
			}
		}, {
			"streams":	[{
					"socket":	6,
					"start":	8.000707,
					"end":	9.000165,
					"seconds":	0.99945801496505737,
					"bytes":	2621440,
					"bits_per_second":	20982892.413678024,
					"retransmits":	0,
					"snd_cwnd":	60816,
					"snd_wnd":	3143552,
					"rtt":	34630,
					"rttvar":	928,
					"pmtu":	1500,
					"omitted":	false,
					"sender":	true
				}],
			"sum":	{
				"start":	8.000707,
				"end":	9.000165,
				"seconds":	0.99945801496505737,
				"bytes":	2621440,
				"bits_per_second":	20982892.413678024,
				"retransmits":	0,
				"omitted":	false,
				"sender":	true
			}
		}, {
			"streams":	[{
					"socket":	6,
					"start":	9.000165,
					"end":	10.000369,
					"seconds":	1.0002039670944214,
					"bytes":	1310720,
					"bits_per_second":	10483621.686145663,
					"retransmits":	0,
					"snd_cwnd":	57920,
					"snd_wnd":	3143552,
					"rtt":	34259,
					"rttvar":	392,
					"pmtu":	1500,
					"omitted":	false,
					"sender":	true
				}],
			"sum":	{
				"start":	9.000165,
				"end":	10.000369,
				"seconds":	1.0002039670944214,
				"bytes":	1310720,
				"bits_per_second":	10483621.686145663,
				"retransmits":	0,
				"omitted":	false,
				"sender":	true
			}
		}],
	"end":	{
		"streams":	[{
				"sender":	{
					"socket":	6,
					"start":	0,
					"end":	10.000369,
					"seconds":	10.000369,
					"bytes":	54001664,
					"bits_per_second":	43199737.129699916,
					"retransmits":	0,
					"max_snd_cwnd":	596576,
					"max_snd_wnd":	3143552,
					"max_rtt":	39744,
					"min_rtt":	34194,
					"mean_rtt":	35199,
					"sender":	true
				},
				"receiver":	{
					"socket":	6,
					"start":	0,
					"end":	10.033084,
					"seconds":	10.000369,
					"bytes":	50562712,
					"bits_per_second":	40316785.5466973,
					"sender":	true
				}
			}],
		"sum_sent":	{
			"start":	0,
			"end":	10.000369,
			"seconds":	10.000369,
			"bytes":	54001664,
			"bits_per_second":	43199737.129699916,
			"retransmits":	0,
			"sender":	true
		},
		"sum_received":	{
			"start":	0,
			"end":	10.033084,
			"seconds":	10.033084,
			"bytes":	50562712,
			"bits_per_second":	40316785.5466973,
			"sender":	true
		},
		"cpu_utilization_percent":	{
			"host_total":	0.304622214874782,
			"host_user":	0.02510633593890825,
			"host_system":	0.27950592005608843,
			"remote_total":	1.4092365543941987,
			"remote_user":	0.093560389957552462,
			"remote_system":	1.3156761644366461
		},
		"sender_tcp_congestion":	"bbr",
		"receiver_tcp_congestion":	"bbr"
	}
}
