{
	"start":	{
		"connected":	[{
				"socket":	6,
				"local_host":	"192.168.101.210",
				"local_port":	53490,
				"remote_host":	"192.168.100.168",
				"remote_port":	5201
			}],
		"version":	"iperf 3.11",
		"system_info":	"Linux f1 6.0.10-300.fc37.x86_64 #1 SMP PREEMPT_DYNAMIC Sat Nov 26 16:55:13 UTC 2022 x86_64",
		"timestamp":	{
			"time":	"Fri, 09 Dec 2022 23:36:26 GMT",
			"timesecs":	1670628986
		},
		"connecting_to":	{
			"host":	"192.168.100.168",
			"port":	5201
		},
		"cookie":	"pbmvbobscimgqdyavmkmbcsqjpozzlotqtgb",
		"tcp_mss_default":	1448,
		"target_bitrate":	0,
		"sock_bufsize":	0,
		"sndbuf_actual":	16384,
		"rcvbuf_actual":	131072,
		"test_start":	{
			"protocol":	"TCP",
			"num_streams":	1,
			"blksize":	131072,
			"omit":	0,
			"duration":	10,
			"bytes":	0,
			"blocks":	0,
			"reverse":	0,
			"tos":	0,
			"target_bitrate":	0
		}
	},
	"intervals":	[{
			"streams":	[{
					"socket":	6,
					"start":	0,
					"end":	1.000066,
					"seconds":	1.0000660419464111,
					"bytes":	69337088,
					"bits_per_second":	554660073.16917133,
					"retransmits":	0,
					"snd_cwnd":	3298544,
					"snd_wnd":	3143552,
					"rtt":	40549,
					"rttvar":	690,
					"pmtu":	1500,
					"omitted":	false,
					"sender":	true
				}],
			"sum":	{
				"start":	0,
				"end":	1.000066,
				"seconds":	1.0000660419464111,
				"bytes":	69337088,
				"bits_per_second":	554660073.16917133,
				"retransmits":	0,
				"omitted":	false,
				"sender":	true
			}
		}, {
			"streams":	[{
					"socket":	6,
					"start":	1.000066,
					"end":	2.000072,
					"seconds":	1.0000059604644775,
					"bytes":	79953920,
					"bits_per_second":	639627547.522724,
					"retransmits":	0,
					"snd_cwnd":	3298544,
					"snd_wnd":	3143552,
					"rtt":	37725,
					"rttvar":	535,
					"pmtu":	1500,
					"omitted":	false,
					"sender":	true
				}],
			"sum":	{
				"start":	1.000066,
				"end":	2.000072,
				"seconds":	1.0000059604644775,
				"bytes":	79953920,
				"bits_per_second":	639627547.522724,
				"retransmits":	0,
				"omitted":	false,
				"sender":	true
			}
		}, {
			"streams":	[{
					"socket":	6,
					"start":	2.000072,
					"end":	3.000066,
					"seconds":	0.99999397993087769,
					"bytes":	82575360,
					"bits_per_second":	660606856.898941,
					"retransmits":	0,
					"snd_cwnd":	3298544,
					"snd_wnd":	3143552,
					"rtt":	35999,
					"rttvar":	339,
					"pmtu":	1500,
					"omitted":	false,
					"sender":	true
				}],
			"sum":	{
				"start":	2.000072,
				"end":	3.000066,
				"seconds":	0.99999397993087769,
				"bytes":	82575360,
				"bits_per_second":	660606856.898941,
				"retransmits":	0,
				"omitted":	false,
				"sender":	true
			}
		}, {
			"streams":	[{
					"socket":	6,
					"start":	3.000066,
					"end":	4.000072,
					"seconds":	1.0000059604644775,
					"bytes":	86507520,
					"bits_per_second":	692056035.0245868,
					"retransmits":	0,
					"snd_cwnd":	3298544,
					"snd_wnd":	3143552,
					"rtt":	35480,
					"rttvar":	836,
					"pmtu":	1500,
					"omitted":	false,
					"sender":	true
				}],
			"sum":	{
				"start":	3.000066,
				"end":	4.000072,
				"seconds":	1.0000059604644775,
				"bytes":	86507520,
				"bits_per_second":	692056035.0245868,
				"retransmits":	0,
				"omitted":	false,
				"sender":	true
			}
		}, {
			"streams":	[{
					"socket":	6,
					"start":	4.000072,
					"end":	5.000075,
					"seconds":	1.0000029802322388,
					"bytes":	87818240,
					"bits_per_second":	702543826.25624,
					"retransmits":	0,
					"snd_cwnd":	3298544,
					"snd_wnd":	3143552,
					"rtt":	34694,
					"rttvar":	565,
					"pmtu":	1500,
					"omitted":	false,
					"sender":	true
				}],
			"sum":	{
				"start":	4.000072,
				"end":	5.000075,
				"seconds":	1.0000029802322388,
				"bytes":	87818240,
				"bits_per_second":	702543826.25624,
				"retransmits":	0,
				"omitted":	false,
				"sender":	true
			}
		}, {
			"streams":	[{
					"socket":	6,
					"start":	5.000075,
					"end":	6.000071,
					"seconds":	0.9999960064888,
					"bytes":	87818240,
					"bits_per_second":	702548725.63620436,
					"retransmits":	0,
					"snd_cwnd":	3298544,
					"snd_wnd":	3143552,
					"rtt":	34986,
					"rttvar":	513,
					"pmtu":	1500,
					"omitted":	false,
					"sender":	true
				}],
			"sum":	{
				"start":	5.000075,
				"end":	6.000071,
				"seconds":	0.9999960064888,
				"bytes":	87818240,
				"bits_per_second":	702548725.63620436,
				"retransmits":	0,
				"omitted":	false,
				"sender":	true
			}
		}, {
			"streams":	[{
					"socket":	6,
					"start":	6.000071,
					"end":	7.000067,
					"seconds":	0.9999960064888,
					"bytes":	87818240,
					"bits_per_second":	702548725.63620436,
					"retransmits":	0,
					"snd_cwnd":	3298544,
					"snd_wnd":	3143552,
					"rtt":	34383,
					"rttvar":	641,
					"pmtu":	1500,
					"omitted":	false,
					"sender":	true
				}],
			"sum":	{
				"start":	6.000071,
				"end":	7.000067,
				"seconds":	0.9999960064888,
				"bytes":	87818240,
				"bits_per_second":	702548725.63620436,
				"retransmits":	0,
				"omitted":	false,
				"sender":	true
			}
		}, {
			"streams":	[{
					"socket":	6,
					"start":	7.000067,
					"end":	8.000054,
					"seconds":	0.999987006187439,
					"bytes":	87818240,
					"bits_per_second":	702555048.868619,
					"retransmits":	0,
					"snd_cwnd":	3298544,
					"snd_wnd":	3143552,
					"rtt":	34246,
					"rttvar":	479,
					"pmtu":	1500,
					"omitted":	false,
					"sender":	true
				}],
			"sum":	{
				"start":	7.000067,
				"end":	8.000054,
				"seconds":	0.999987006187439,
				"bytes":	87818240,
				"bits_per_second":	702555048.868619,
				"retransmits":	0,
				"omitted":	false,
				"sender":	true
			}
		}, {
			"streams":	[{
					"socket":	6,
					"start":	8.000054,
					"end":	9.000071,
					"seconds":	1.0000170469284058,
					"bytes":	87818240,
					"bits_per_second":	702533943.954155,
					"retransmits":	0,
					"snd_cwnd":	3298544,
					"snd_wnd":	3143552,
					"rtt":	34416,
					"rttvar":	584,
					"pmtu":	1500,
					"omitted":	false,
					"sender":	true
				}],
			"sum":	{
				"start":	8.000054,
				"end":	9.000071,
				"seconds":	1.0000170469284058,
				"bytes":	87818240,
				"bits_per_second":	702533943.954155,
				"retransmits":	0,
				"omitted":	false,
				"sender":	true
			}
		}, {
			"streams":	[{
					"socket":	6,
					"start":	9.000071,
					"end":	10.000078,
					"seconds":	1.0000070333480835,
					"bytes":	87818240,
					"bits_per_second":	702540978.78475332,
					"retransmits":	0,
					"snd_cwnd":	3298544,
					"snd_wnd":	3143552,
					"rtt":	34571,
					"rttvar":	504,
					"pmtu":	1500,
					"omitted":	false,
					"sender":	true
				}],
			"sum":	{
				"start":	9.000071,
				"end":	10.000078,
				"seconds":	1.0000070333480835,
				"bytes":	87818240,
				"bits_per_second":	702540978.78475332,
				"retransmits":	0,
				"omitted":	false,
				"sender":	true
			}
		}],
	"end":	{
		"streams":	[{
				"sender":	{
					"socket":	6,
					"start":	0,
					"end":	10.000078,
					"seconds":	10.000078,
					"bytes":	845283328,
					"bits_per_second":	676221387.87317455,
					"retransmits":	0,
					"max_snd_cwnd":	3298544,
					"max_snd_wnd":	3143552,
					"max_rtt":	40549,
					"min_rtt":	34246,
					"mean_rtt":	35704,
					"sender":	true
				},
				"receiver":	{
					"socket":	6,
					"start":	0,
					"end":	10.035006,
					"seconds":	10.000078,
					"bytes":	845079768,
					"bits_per_second":	673705441.13277066,
					"sender":	true
				}
			}],
		"sum_sent":	{
			"start":	0,
			"end":	10.000078,
			"seconds":	10.000078,
			"bytes":	845283328,
			"bits_per_second":	676221387.87317455,
			"retransmits":	0,
			"sender":	true
		},
		"sum_received":	{
			"start":	0,
			"end":	10.035006,
			"seconds":	10.035006,
			"bytes":	845079768,
			"bits_per_second":	673705441.13277066,
			"sender":	true
		},
		"cpu_utilization_percent":	{
			"host_total":	1.379296470961755,
			"host_user":	0.039367781121112347,
			"host_system":	1.3399286898406426,
			"remote_total":	3.2346110708909914,
			"remote_user":	0.27375036808467917,
			"remote_system":	2.9608607028063125
		},
		"sender_tcp_congestion":	"cubic",
		"receiver_tcp_congestion":	"cubic"
	}
}
