{
	"start":	{
		"connected":	[{
				"socket":	6,
				"local_host":	"192.168.101.210",
				"local_port":	54644,
				"remote_host":	"192.168.100.168",
				"remote_port":	5202
			}],
		"version":	"iperf 3.11",
		"system_info":	"Linux f1 6.0.10-300.fc37.x86_64 #1 SMP PREEMPT_DYNAMIC Sat Nov 26 16:55:13 UTC 2022 x86_64",
		"timestamp":	{
			"time":	"Fri, 09 Dec 2022 23:36:37 GMT",
			"timesecs":	1670628997
		},
		"connecting_to":	{
			"host":	"192.168.100.168",
			"port":	5202
		},
		"cookie":	"r25esxr7an3z4xr7ougo7m7i55sovizajmpf",
		"tcp_mss_default":	1448,
		"target_bitrate":	0,
		"sock_bufsize":	0,
		"sndbuf_actual":	16384,
		"rcvbuf_actual":	131072,
		"test_start":	{
			"protocol":	"TCP",
			"num_streams":	1,
			"blksize":	131072,
			"omit":	0,
			"duration":	10,
			"bytes":	0,
			"blocks":	0,
			"reverse":	0,
			"tos":	0,
			"target_bitrate":	0
		}
	},
	"intervals":	[{
			"streams":	[{
					"socket":	6,
					"start":	0,
					"end":	1.00008,
					"seconds":	1.0000799894332886,
					"bytes":	28835840,
					"bits_per_second":	230668268.975887,
					"retransmits":	0,
					"snd_cwnd":	700832,
					"snd_wnd":	3141248,
					"rtt":	41341,
					"rttvar":	882,
					"pmtu":	1500,
					"omitted":	false,
					"sender":	true
				}],
			"sum":	{
				"start":	0,
				"end":	1.00008,
				"seconds":	1.0000799894332886,
				"bytes":	28835840,
				"bits_per_second":	230668268.975887,
				"retransmits":	0,
				"omitted":	false,
				"sender":	true
			}
		}, {
			"streams":	[{
					"socket":	6,
					"start":	1.00008,
					"end":	2.000076,
					"seconds":	0.9999960064888,
					"bytes":	13107200,
					"bits_per_second":	104858018.75167228,
					"retransmits":	0,
					"snd_cwnd":	335936,
					"snd_wnd":	3143552,
					"rtt":	37055,
					"rttvar":	683,
					"pmtu":	1500,
					"omitted":	false,
					"sender":	true
				}],
			"sum":	{
				"start":	1.00008,
				"end":	2.000076,
				"seconds":	0.9999960064888,
				"bytes":	13107200,
				"bits_per_second":	104858018.75167228,
				"retransmits":	0,
				"omitted":	false,
				"sender":	true
			}
		}, {
			"streams":	[{
					"socket":	6,
					"start":	2.000076,
					"end":	3.000121,
					"seconds":	1.0000449419021606,
					"bytes":	6553600,
					"bits_per_second":	52426443.8558896,
					"retransmits":	0,
					"snd_cwnd":	208512,
					"snd_wnd":	3143552,
					"rtt":	35276,
					"rttvar":	1128,
					"pmtu":	1500,
					"omitted":	false,
					"sender":	true
				}],
			"sum":	{
				"start":	2.000076,
				"end":	3.000121,
				"seconds":	1.0000449419021606,
				"bytes":	6553600,
				"bits_per_second":	52426443.8558896,
				"retransmits":	0,
				"omitted":	false,
				"sender":	true
			}
		}, {
			"streams":	[{
					"socket":	6,
					"start":	3.000121,
					"end":	4.000309,
					"seconds":	1.0001879930496216,
					"bytes":	3932160,
					"bits_per_second":	31451367.361534938,
					"retransmits":	0,
					"snd_cwnd":	115840,
					"snd_wnd":	3143552,
					"rtt":	34418,
					"rttvar":	750,
					"pmtu":	1500,
					"omitted":	false,
					"sender":	true
				}],
			"sum":	{
				"start":	3.000121,
				"end":	4.000309,
				"seconds":	1.0001879930496216,
				"bytes":	3932160,
				"bits_per_second":	31451367.361534938,
				"retransmits":	0,
				"omitted":	false,
				"sender":	true
			}
		}, {
			"streams":	[{
					"socket":	6,
					"start":	4.000309,
					"end":	5.000465,
					"seconds":	1.000156044960022,
					"bytes":	2621440,
					"bits_per_second":	20968248.010577459,
					"retransmits":	0,
					"snd_cwnd":	83984,
					"snd_wnd":	3143552,
					"rtt":	34522,
					"rttvar":	411,
					"pmtu":	1500,
					"omitted":	false,
					"sender":	true
				}],
			"sum":	{
				"start":	4.000309,
				"end":	5.000465,
				"seconds":	1.000156044960022,
				"bytes":	2621440,
				"bits_per_second":	20968248.010577459,
				"retransmits":	0,
				"omitted":	false,
				"sender":	true
			}
		}, {
			"streams":	[{
					"socket":	6,
					"start":	5.000465,
					"end":	6.000346,
					"seconds":	0.99988102912902832,
					"bytes":	2621440,
					"bits_per_second":	20974015.296867643,
					"retransmits":	0,
					"snd_cwnd":	66608,
					"snd_wnd":	3143552,
					"rtt":	34143,
					"rttvar":	682,
					"pmtu":	1500,
					"omitted":	false,
					"sender":	true
				}],
			"sum":	{
				"start":	5.000465,
				"end":	6.000346,
				"seconds":	0.99988102912902832,
				"bytes":	2621440,
				"bits_per_second":	20974015.296867643,
				"retransmits":	0,
				"omitted":	false,
				"sender":	true
			}
		}, {
			"streams":	[{
					"socket":	6,
					"start":	6.000346,
					"end":	7.00065,
					"seconds":	1.0003039836883545,
					"bytes":	1310720,
					"bits_per_second":	10482573.468653552,
					"retransmits":	0,
					"snd_cwnd":	60816,
					"snd_wnd":	3143552,
					"rtt":	34079,
					"rttvar":	725,
					"pmtu":	1500,
					"omitted":	false,
					"sender":	true
				}],
			"sum":	{
				"start":	6.000346,
				"end":	7.00065,
				"seconds":	1.0003039836883545,
				"bytes":	1310720,
				"bits_per_second":	10482573.468653552,
				"retransmits":	0,
				"omitted":	false,
				"sender":	true
			}
		}, {
			"streams":	[{
					"socket":	6,
					"start":	7.00065,
					"end":	8.000132,
					"seconds":	0.999481976032257,
					"bytes":	2621440,
					"bits_per_second":	20982389.380599666,
					"retransmits":	0,
					"snd_cwnd":	63712,
					"snd_wnd":	3143552,
					"rtt":	33942,
					"rttvar":	707,
					"pmtu":	1500,
					"omitted":	false,
					"sender":	true
				}],
			"sum":	{
				"start":	7.00065,
				"end":	8.000132,
				"seconds":	0.999481976032257,
				"bytes":	2621440,
				"bits_per_second":	20982389.380599666,
				"retransmits":	0,
				"omitted":	false,
				"sender":	true
			}
		}, {
			"streams":	[{
					"socket":	6,
					"start":	8.000132,
					"end":	9.000402,
					"seconds":	1.0002700090408325,
					"bytes":	1310720,
					"bits_per_second":	10482929.51425674,
					"retransmits":	0,
					"snd_cwnd":	60816,
					"snd_wnd":	3143552,
					"rtt":	33979,
					"rttvar":	995,
					"pmtu":	1500,
					"omitted":	false,
					"sender":	true
				}],
			"sum":	{
				"start":	8.000132,
				"end":	9.000402,
				"seconds":	1.0002700090408325,
				"bytes":	1310720,
				"bits_per_second":	10482929.51425674,
				"retransmits":	0,
				"omitted":	false,
				"sender":	true
			}
		}, {
			"streams":	[{
					"socket":	6,
					"start":	9.000402,
					"end":	10.000641,
					"seconds":	1.0002390146255493,
					"bytes":	1310720,
					"bits_per_second":	10483254.348887263,
					"retransmits":	0,
					"snd_cwnd":	57920,
					"snd_wnd":	3143552,
					"rtt":	34201,
					"rttvar":	462,
					"pmtu":	1500,
					"omitted":	false,
					"sender":	true
				}],
			"sum":	{
				"start":	9.000402,
				"end":	10.000641,
				"seconds":	1.0002390146255493,
				"bytes":	1310720,
				"bits_per_second":	10483254.348887263,
				"retransmits":	0,
				"omitted":	false,
				"sender":	true
			}
		}],
	"end":	{
		"streams":	[{
				"sender":	{
					"socket":	6,
					"start":	0,
					"end":	10.000641,
					"seconds":	10.000641,
					"bytes":	64225280,
					"bits_per_second":	51376930.738739647,
					"retransmits":	0,
					"max_snd_cwnd":	700832,
					"max_snd_wnd":	3143552,
					"max_rtt":	41341,
					"min_rtt":	33942,
					"mean_rtt":	35295,
					"sender":	true
				},
				"receiver":	{
					"socket":	6,
					"start":	0,
					"end":	10.033904,
					"seconds":	10.000641,
					"bytes":	61283704,
					"bits_per_second":	48861303.8354762,
					"sender":	true
				}
			}],
		"sum_sent":	{
			"start":	0,
			"end":	10.000641,
			"seconds":	10.000641,
			"bytes":	64225280,
			"bits_per_second":	51376930.738739647,
			"retransmits":	0,
			"sender":	true
		},
		"sum_received":	{
			"start":	0,
			"end":	10.033904,
			"seconds":	10.033904,
			"bytes":	61283704,
			"bits_per_second":	48861303.8354762,
			"sender":	true
		},
		"cpu_utilization_percent":	{
			"host_total":	0.18114412180851744,
			"host_user":	0.004989181144918484,
			"host_system":	0.17615494066359894,
			"remote_total":	1.5671749262376651,
			"remote_user":	0.13597882780549767,
			"remote_system":	1.4311861322325334
		},
		"sender_tcp_congestion":	"bbr",
		"receiver_tcp_congestion":	"bbr"
	}
}
