{
	"start":	{
		"connected":	[{
				"socket":	6,
				"local_host":	"192.168.101.210",
				"local_port":	55570,
				"remote_host":	"192.168.100.168",
				"remote_port":	5201
			}],
		"version":	"iperf 3.11",
		"system_info":	"Linux f1 6.0.10-300.fc37.x86_64 #1 SMP PREEMPT_DYNAMIC Sat Nov 26 16:55:13 UTC 2022 x86_64",
		"timestamp":	{
			"time":	"Fri, 09 Dec 2022 23:35:55 GMT",
			"timesecs":	1670628955
		},
		"connecting_to":	{
			"host":	"192.168.100.168",
			"port":	5201
		},
		"cookie":	"jgso3r2izflyb4enk6e3pyxqpivpwvttxsds",
		"tcp_mss_default":	1448,
		"target_bitrate":	0,
		"sock_bufsize":	0,
		"sndbuf_actual":	16384,
		"rcvbuf_actual":	131072,
		"test_start":	{
			"protocol":	"TCP",
			"num_streams":	1,
			"blksize":	131072,
			"omit":	0,
			"duration":	10,
			"bytes":	0,
			"blocks":	0,
			"reverse":	0,
			"tos":	0,
			"target_bitrate":	0
		}
	},
	"intervals":	[{
			"streams":	[{
					"socket":	6,
					"start":	0,
					"end":	1.000114,
					"seconds":	1.0001139640808105,
					"bytes":	16252928,
					"bits_per_second":	130008607.68852732,
					"retransmits":	2235,
					"snd_cwnd":	91224,
					"snd_wnd":	3145728,
					"rtt":	10398,
					"rttvar":	176,
					"pmtu":	1500,
					"omitted":	false,
					"sender":	true
				}],
			"sum":	{
				"start":	0,
				"end":	1.000114,
				"seconds":	1.0001139640808105,
				"bytes":	16252928,
				"bits_per_second":	130008607.68852732,
				"retransmits":	2235,
				"omitted":	false,
				"sender":	true
			}
		}, {
			"streams":	[{
					"socket":	6,
					"start":	1.000114,
					"end":	2.000142,
					"seconds":	1.0000280141830444,
					"bytes":	9175040,
					"bits_per_second":	73398263.807602555,
					"retransmits":	18,
					"snd_cwnd":	83984,
					"snd_wnd":	3145728,
					"rtt":	10362,
					"rttvar":	413,
					"pmtu":	1500,
					"omitted":	false,
					"sender":	true
				}],
			"sum":	{
				"start":	1.000114,
				"end":	2.000142,
				"seconds":	1.0000280141830444,
				"bytes":	9175040,
				"bits_per_second":	73398263.807602555,
				"retransmits":	18,
				"omitted":	false,
				"sender":	true
			}
		}, {
			"streams":	[{
					"socket":	6,
					"start":	2.000142,
					"end":	3.000146,
					"seconds":	1.0000040531158447,
					"bytes":	9175040,
					"bits_per_second":	73400022.5012058,
					"retransmits":	9,
					"snd_cwnd":	114392,
					"snd_wnd":	3145728,
					"rtt":	10247,
					"rttvar":	167,
					"pmtu":	1500,
					"omitted":	false,
					"sender":	true
				}],
			"sum":	{
				"start":	2.000142,
				"end":	3.000146,
				"seconds":	1.0000040531158447,
				"bytes":	9175040,
				"bits_per_second":	73400022.5012058,
				"retransmits":	9,
				"omitted":	false,
				"sender":	true
			}
		}, {
			"streams":	[{
					"socket":	6,
					"start":	3.000146,
					"end":	4.00017,
					"seconds":	1.0000239610672,
					"bytes":	9175040,
					"bits_per_second":	73398561.2921405,
					"retransmits":	25,
					"snd_cwnd":	72400,
					"snd_wnd":	3145728,
					"rtt":	10147,
					"rttvar":	141,
					"pmtu":	1500,
					"omitted":	false,
					"sender":	true
				}],
			"sum":	{
				"start":	3.000146,
				"end":	4.00017,
				"seconds":	1.0000239610672,
				"bytes":	9175040,
				"bits_per_second":	73398561.2921405,
				"retransmits":	25,
				"omitted":	false,
				"sender":	true
			}
		}, {
			"streams":	[{
					"socket":	6,
					"start":	4.00017,
					"end":	5.000182,
					"seconds":	1.0000120401382446,
					"bytes":	6553600,
					"bits_per_second":	52428168.757600248,
					"retransmits":	12,
					"snd_cwnd":	68056,
					"snd_wnd":	3145728,
					"rtt":	10178,
					"rttvar":	38,
					"pmtu":	1500,
					"omitted":	false,
					"sender":	true
				}],
			"sum":	{
				"start":	4.00017,
				"end":	5.000182,
				"seconds":	1.0000120401382446,
				"bytes":	6553600,
				"bits_per_second":	52428168.757600248,
				"retransmits":	12,
				"omitted":	false,
				"sender":	true
			}
		}, {
			"streams":	[{
					"socket":	6,
					"start":	5.000182,
					"end":	6.000086,
					"seconds":	0.999903976917267,
					"bytes":	9175040,
					"bits_per_second":	73407368.8018477,
					"retransmits":	8,
					"snd_cwnd":	102808,
					"snd_wnd":	3145728,
					"rtt":	10240,
					"rttvar":	185,
					"pmtu":	1500,
					"omitted":	false,
					"sender":	true
				}],
			"sum":	{
				"start":	5.000182,
				"end":	6.000086,
				"seconds":	0.999903976917267,
				"bytes":	9175040,
				"bits_per_second":	73407368.8018477,
				"retransmits":	8,
				"omitted":	false,
				"sender":	true
			}
		}, {
			"streams":	[{
					"socket":	6,
					"start":	6.000086,
					"end":	7.000172,
					"seconds":	1.0000859498977661,
					"bytes":	5242880,
					"bits_per_second":	41939435.309822753,
					"retransmits":	22,
					"snd_cwnd":	86880,
					"snd_wnd":	3145728,
					"rtt":	10269,
					"rttvar":	96,
					"pmtu":	1500,
					"omitted":	false,
					"sender":	true
				}],
			"sum":	{
				"start":	6.000086,
				"end":	7.000172,
				"seconds":	1.0000859498977661,
				"bytes":	5242880,
				"bits_per_second":	41939435.309822753,
				"retransmits":	22,
				"omitted":	false,
				"sender":	true
			}
		}, {
			"streams":	[{
					"socket":	6,
					"start":	7.000172,
					"end":	8.000084,
					"seconds":	0.99991202354431152,
					"bytes":	9175040,
					"bits_per_second":	73406778.068157941,
					"retransmits":	16,
					"snd_cwnd":	88328,
					"snd_wnd":	3145728,
					"rtt":	10207,
					"rttvar":	168,
					"pmtu":	1500,
					"omitted":	false,
					"sender":	true
				}],
			"sum":	{
				"start":	7.000172,
				"end":	8.000084,
				"seconds":	0.99991202354431152,
				"bytes":	9175040,
				"bits_per_second":	73406778.068157941,
				"retransmits":	16,
				"omitted":	false,
				"sender":	true
			}
		}, {
			"streams":	[{
					"socket":	6,
					"start":	8.000084,
					"end":	9.00009,
					"seconds":	1.0000059604644775,
					"bytes":	9175040,
					"bits_per_second":	73399882.5026077,
					"retransmits":	17,
					"snd_cwnd":	83984,
					"snd_wnd":	3145728,
					"rtt":	10447,
					"rttvar":	310,
					"pmtu":	1500,
					"omitted":	false,
					"sender":	true
				}],
			"sum":	{
				"start":	8.000084,
				"end":	9.00009,
				"seconds":	1.0000059604644775,
				"bytes":	9175040,
				"bits_per_second":	73399882.5026077,
				"retransmits":	17,
				"omitted":	false,
				"sender":	true
			}
		}, {
			"streams":	[{
					"socket":	6,
					"start":	9.00009,
					"end":	10.000113,
					"seconds":	1.0000230073928833,
					"bytes":	10485760,
					"bits_per_second":	83884150.04440324,
					"retransmits":	1,
					"snd_cwnd":	107152,
					"snd_wnd":	3145728,
					"rtt":	10257,
					"rttvar":	176,
					"pmtu":	1500,
					"omitted":	false,
					"sender":	true
				}],
			"sum":	{
				"start":	9.00009,
				"end":	10.000113,
				"seconds":	1.0000230073928833,
				"bytes":	10485760,
				"bits_per_second":	83884150.04440324,
				"retransmits":	1,
				"omitted":	false,
				"sender":	true
			}
		}],
	"end":	{
		"streams":	[{
				"sender":	{
					"socket":	6,
					"start":	0,
					"end":	10.000113,
					"seconds":	10.000113,
					"bytes":	93585408,
					"bits_per_second":	74867480.3974715,
					"retransmits":	2363,
					"max_snd_cwnd":	114392,
					"max_snd_wnd":	3145728,
					"max_rtt":	10447,
					"min_rtt":	10147,
					"mean_rtt":	10275,
					"sender":	true
				},
				"receiver":	{
					"socket":	6,
					"start":	0,
					"end":	10.010844,
					"seconds":	10.000113,
					"bytes":	90272664,
					"bits_per_second":	72139902.689523473,
					"sender":	true
				}
			}],
		"sum_sent":	{
			"start":	0,
			"end":	10.000113,
			"seconds":	10.000113,
			"bytes":	93585408,
			"bits_per_second":	74867480.3974715,
			"retransmits":	2363,
			"sender":	true
		},
		"sum_received":	{
			"start":	0,
			"end":	10.010844,
			"seconds":	10.010844,
			"bytes":	90272664,
			"bits_per_second":	72139902.689523473,
			"sender":	true
		},
		"cpu_utilization_percent":	{
			"host_total":	0.47876323448115077,
			"host_user":	0.017049603890496527,
			"host_system":	0.46171363059065423,
			"remote_total":	1.786230689340583,
			"remote_user":	0.15805839599946339,
			"remote_system":	1.6281822824958943
		},
		"sender_tcp_congestion":	"cubic",
		"receiver_tcp_congestion":	"cubic"
	}
}
