{
	"start":	{
		"connected":	[{
				"socket":	6,
				"local_host":	"192.168.101.210",
				"local_port":	57558,
				"remote_host":	"192.168.100.168",
				"remote_port":	5201
			}],
		"version":	"iperf 3.11",
		"system_info":	"Linux f1 6.0.10-300.fc37.x86_64 #1 SMP PREEMPT_DYNAMIC Sat Nov 26 16:55:13 UTC 2022 x86_64",
		"timestamp":	{
			"time":	"Fri, 09 Dec 2022 23:36:16 GMT",
			"timesecs":	1670628976
		},
		"connecting_to":	{
			"host":	"192.168.100.168",
			"port":	5201
		},
		"cookie":	"hl5njl3jrjvnllyst6d34n7ogonfrgjrzg6c",
		"tcp_mss_default":	1448,
		"target_bitrate":	0,
		"sock_bufsize":	0,
		"sndbuf_actual":	16384,
		"rcvbuf_actual":	131072,
		"test_start":	{
			"protocol":	"TCP",
			"num_streams":	1,
			"blksize":	131072,
			"omit":	0,
			"duration":	10,
			"bytes":	0,
			"blocks":	0,
			"reverse":	0,
			"tos":	0,
			"target_bitrate":	0
		}
	},
	"intervals":	[{
			"streams":	[{
					"socket":	6,
					"start":	0,
					"end":	1.000074,
					"seconds":	1.000074028968811,
					"bytes":	57540608,
					"bits_per_second":	460290789.1475262,
					"retransmits":	0,
					"snd_cwnd":	3295648,
					"snd_wnd":	3143552,
					"rtt":	49000,
					"rttvar":	595,
					"pmtu":	1500,
					"omitted":	false,
					"sender":	true
				}],
			"sum":	{
				"start":	0,
				"end":	1.000074,
				"seconds":	1.000074028968811,
				"bytes":	57540608,
				"bits_per_second":	460290789.1475262,
				"retransmits":	0,
				"omitted":	false,
				"sender":	true
			}
		}, {
			"streams":	[{
					"socket":	6,
					"start":	1.000074,
					"end":	2.000072,
					"seconds":	0.99999797344207764,
					"bytes":	72089600,
					"bits_per_second":	576717968.75236857,
					"retransmits":	0,
					"snd_cwnd":	3295648,
					"snd_wnd":	3143552,
					"rtt":	39710,
					"rttvar":	407,
					"pmtu":	1500,
					"omitted":	false,
					"sender":	true
				}],
			"sum":	{
				"start":	1.000074,
				"end":	2.000072,
				"seconds":	0.99999797344207764,
				"bytes":	72089600,
				"bits_per_second":	576717968.75236857,
				"retransmits":	0,
				"omitted":	false,
				"sender":	true
			}
		}, {
			"streams":	[{
					"socket":	6,
					"start":	2.000072,
					"end":	3.00008,
					"seconds":	1.0000079870224,
					"bytes":	79953920,
					"bits_per_second":	639626251.29080343,
					"retransmits":	0,
					"snd_cwnd":	3295648,
					"snd_wnd":	3143552,
					"rtt":	37292,
					"rttvar":	703,
					"pmtu":	1500,
					"omitted":	false,
					"sender":	true
				}],
			"sum":	{
				"start":	2.000072,
				"end":	3.00008,
				"seconds":	1.0000079870224,
				"bytes":	79953920,
				"bits_per_second":	639626251.29080343,
				"retransmits":	0,
				"omitted":	false,
				"sender":	true
			}
		}, {
			"streams":	[{
					"socket":	6,
					"start":	3.00008,
					"end":	4.000066,
					"seconds":	0.99998599290847778,
					"bytes":	85196800,
					"bits_per_second":	681583947.008726,
					"retransmits":	0,
					"snd_cwnd":	3295648,
					"snd_wnd":	3143552,
					"rtt":	35989,
					"rttvar":	216,
					"pmtu":	1500,
					"omitted":	false,
					"sender":	true
				}],
			"sum":	{
				"start":	3.00008,
				"end":	4.000066,
				"seconds":	0.99998599290847778,
				"bytes":	85196800,
				"bits_per_second":	681583947.008726,
				"retransmits":	0,
				"omitted":	false,
				"sender":	true
			}
		}, {
			"streams":	[{
					"socket":	6,
					"start":	4.000066,
					"end":	5.000071,
					"seconds":	1.0000050067901611,
					"bytes":	85196800,
					"bits_per_second":	681570987.51708555,
					"retransmits":	0,
					"snd_cwnd":	3295648,
					"snd_wnd":	3143552,
					"rtt":	35300,
					"rttvar":	426,
					"pmtu":	1500,
					"omitted":	false,
					"sender":	true
				}],
			"sum":	{
				"start":	4.000066,
				"end":	5.000071,
				"seconds":	1.0000050067901611,
				"bytes":	85196800,
				"bits_per_second":	681570987.51708555,
				"retransmits":	0,
				"omitted":	false,
				"sender":	true
			}
		}, {
			"streams":	[{
					"socket":	6,
					"start":	5.000071,
					"end":	6.000072,
					"seconds":	1.0000009536743164,
					"bytes":	87818240,
					"bits_per_second":	702545250.000639,
					"retransmits":	0,
					"snd_cwnd":	3295648,
					"snd_wnd":	3143552,
					"rtt":	35220,
					"rttvar":	197,
					"pmtu":	1500,
					"omitted":	false,
					"sender":	true
				}],
			"sum":	{
				"start":	5.000071,
				"end":	6.000072,
				"seconds":	1.0000009536743164,
				"bytes":	87818240,
				"bits_per_second":	702545250.000639,
				"retransmits":	0,
				"omitted":	false,
				"sender":	true
			}
		}, {
			"streams":	[{
					"socket":	6,
					"start":	6.000072,
					"end":	7.00007,
					"seconds":	0.99999797344207764,
					"bytes":	86507520,
					"bits_per_second":	692061562.50284231,
					"retransmits":	0,
					"snd_cwnd":	3295648,
					"snd_wnd":	3143552,
					"rtt":	35243,
					"rttvar":	466,
					"pmtu":	1500,
					"omitted":	false,
					"sender":	true
				}],
			"sum":	{
				"start":	6.000072,
				"end":	7.00007,
				"seconds":	0.99999797344207764,
				"bytes":	86507520,
				"bits_per_second":	692061562.50284231,
				"retransmits":	0,
				"omitted":	false,
				"sender":	true
			}
		}, {
			"streams":	[{
					"socket":	6,
					"start":	7.00007,
					"end":	8.000089,
					"seconds":	1.0000189542770386,
					"bytes":	87818240,
					"bits_per_second":	702532604.002395,
					"retransmits":	0,
					"snd_cwnd":	3295648,
					"snd_wnd":	3143552,
					"rtt":	35285,
					"rttvar":	621,
					"pmtu":	1500,
					"omitted":	false,
					"sender":	true
				}],
			"sum":	{
				"start":	7.00007,
				"end":	8.000089,
				"seconds":	1.0000189542770386,
				"bytes":	87818240,
				"bits_per_second":	702532604.002395,
				"retransmits":	0,
				"omitted":	false,
				"sender":	true
			}
		}, {
			"streams":	[{
					"socket":	6,
					"start":	8.000089,
					"end":	9.000026,
					"seconds":	0.99993699789047241,
					"bytes":	89128960,
					"bits_per_second":	713076605.33039057,
					"retransmits":	0,
					"snd_cwnd":	3295648,
					"snd_wnd":	3143552,
					"rtt":	35344,
					"rttvar":	421,
					"pmtu":	1500,
					"omitted":	false,
					"sender":	true
				}],
			"sum":	{
				"start":	8.000089,
				"end":	9.000026,
				"seconds":	0.99993699789047241,
				"bytes":	89128960,
				"bits_per_second":	713076605.33039057,
				"retransmits":	0,
				"omitted":	false,
				"sender":	true
			}
		}, {
			"streams":	[{
					"socket":	6,
					"start":	9.000026,
					"end":	10.000074,
					"seconds":	1.000048041343689,
					"bytes":	87818240,
					"bits_per_second":	702512170.37137747,
					"retransmits":	0,
					"snd_cwnd":	3295648,
					"snd_wnd":	3143552,
					"rtt":	34875,
					"rttvar":	471,
					"pmtu":	1500,
					"omitted":	false,
					"sender":	true
				}],
			"sum":	{
				"start":	9.000026,
				"end":	10.000074,
				"seconds":	1.000048041343689,
				"bytes":	87818240,
				"bits_per_second":	702512170.37137747,
				"retransmits":	0,
				"omitted":	false,
				"sender":	true
			}
		}],
	"end":	{
		"streams":	[{
				"sender":	{
					"socket":	6,
					"start":	0,
					"end":	10.000074,
					"seconds":	10.000074,
					"bytes":	819068928,
					"bits_per_second":	655250293.54782772,
					"retransmits":	0,
					"max_snd_cwnd":	3295648,
					"max_snd_wnd":	3143552,
					"max_rtt":	49000,
					"min_rtt":	34875,
					"mean_rtt":	37325,
					"sender":	true
				},
				"receiver":	{
					"socket":	6,
					"start":	0,
					"end":	10.035557,
					"seconds":	10.000074,
					"bytes":	818280032,
					"bits_per_second":	652304626.04118526,
					"sender":	true
				}
			}],
		"sum_sent":	{
			"start":	0,
			"end":	10.000074,
			"seconds":	10.000074,
			"bytes":	819068928,
			"bits_per_second":	655250293.54782772,
			"retransmits":	0,
			"sender":	true
		},
		"sum_received":	{
			"start":	0,
			"end":	10.035557,
			"seconds":	10.035557,
			"bytes":	818280032,
			"bits_per_second":	652304626.04118526,
			"sender":	true
		},
		"cpu_utilization_percent":	{
			"host_total":	1.70477643743971,
			"host_user":	0.025684483006911007,
			"host_system":	1.6791019135188816,
			"remote_total":	3.100332736522736,
			"remote_user":	0.27223172619626512,
			"remote_system":	2.828101010326471
		},
		"sender_tcp_congestion":	"cubic",
		"receiver_tcp_congestion":	"cubic"
	}
}
